0.00.121.445 I cmn  common_param: common_params_print_info: verbosity = 3 (adjust with the `-lv N` CLI arg)
0.00.121.731 W srv  llama_server: -----------------
0.00.121.732 W srv  llama_server: CORS is set to allow all origins ('*') and no API key is set
0.00.121.732 W srv  llama_server: this can be a security risk (cross-origin attacks)
0.00.121.732 W srv  llama_server: more info: https://github.com/ggml-org/llama.cpp/pull/25655
0.00.121.732 W srv  llama_server: -----------------
0.00.122.937 I srv    load_model: loading model '/opt/models/Qwen3.8-Flash-Next/UD-Q3_K_XL/Qwen3.8-Flash-Next-UD-Q3_K_XL-00001-of-00003.gguf'
0.56.965.299 I cmn          init: llama threadpool init, n_threads = 12
0.56.965.355 I common_speculative_init_result: loading draft model '/opt/models/Qwen3.8-Flash-Next/MTP/mtp-Qwen3.8-Flash-Next-Q4_K_M.gguf'

=== CUDA SYNC PROFILE (instrumentation only) ===
total_syncs = 2
total_wait_ms = 0.013
max_wait_us = 10
sites = 1
wait_hist_us = logarithmic buckets
  hist[1] = 1
  hist[3] = 1
by_callsite (caller PC; symbolize with addr2line):
   0 caller=0x7cd3d6f010c2 calls=2 total_ms=0.013 avg_us=6.500 max_us=10
direct_cudaStreamSynchronize: calls=3 total_ms=1.037 max_us=569
by_direct_callsite (file:line):
   0 /opt/llama.cpp/ggml/src/ggml-cuda/ggml-cuda.cu:900 calls=3 total_ms=1.037 avg_us=345.667 max_us=569
=== END CUDA SYNC PROFILE ===

=== CUDA SYNC PROFILE (instrumentation only) ===
total_syncs = 2
total_wait_ms = 0.013
max_wait_us = 10
sites = 1
wait_hist_us = logarithmic buckets
  hist[1] = 1
  hist[3] = 1
by_callsite (caller PC; symbolize with addr2line):
   0 caller=0x7cd3d6f010c2 calls=2 total_ms=0.013 avg_us=6.500 max_us=10
direct_cudaStreamSynchronize: calls=3 total_ms=1.037 max_us=569
by_direct_callsite (file:line):
   0 /opt/llama.cpp/ggml/src/ggml-cuda/ggml-cuda.cu:900 calls=3 total_ms=1.037 avg_us=345.667 max_us=569
=== END CUDA SYNC PROFILE ===
0.59.879.091 I srv    load_model: MTP recurrent-plane policy: draft depth = 2, total planes = 3, direct rollback horizon = 2, full-shape GPU replay = disabled
0.59.879.095 I srv    load_model: initializing, n_slots = 1, n_ctx_slot = 65536, kv_unified = 'false'
0.59.887.758 W srv          init: --cache-idle-slots requires --cache-ram, disabling
0.59.892.927 W srv          init: chat template supports preserving reasoning, it is enabled by default (may use more tokens, disable via --no-reasoning-preserve)
0.59.892.953 I srv  llama_server: model loaded
0.59.892.955 I srv  llama_server: listening on http://127.0.0.1:8080
0.59.892.956 W srv  llama_server: NOTICE: server default port will be changed to :9931 in a future release
0.59.892.956 W srv  llama_server:         ref: https://github.com/ggml-org/llama.cpp/pull/26508
1.01.101.927 I slot get_availabl: id  0 | task -1 | selected slot by LRU, t_last = -1
1.01.102.052 I slot launch_slot_: id  0 | task -1 | decode overlap: MTP draft enabled after target acceptance
1.01.102.056 I slot launch_slot_: id  0 | task 0 | processing task, is_child = 0

=== CUDA SYNC PROFILE (instrumentation only) ===
total_syncs = 70
total_wait_ms = 0.824
max_wait_us = 707
sites = 5
wait_hist_us = logarithmic buckets
  hist[0] = 54
  hist[1] = 7
  hist[2] = 3
  hist[3] = 4
  hist[4] = 1
  hist[9] = 1
by_callsite (caller PC; symbolize with addr2line):
   0 caller=0x7cd3d6f010c2 calls=18 total_ms=0.781 avg_us=43.389 max_us=707
   1 caller=0x7cd3d6f0577c calls=10 total_ms=0.020 avg_us=2.000 max_us=11
   2 caller=0x7cd3d6f04732 calls=2 total_ms=0.012 avg_us=6.000 max_us=10
   3 caller=0x7cd3d6f0586c calls=30 total_ms=0.010 avg_us=0.333 max_us=1
   4 caller=0x7cd3d6f0599d calls=10 total_ms=0.001 avg_us=0.100 max_us=1
direct_cudaStreamSynchronize: calls=100 total_ms=6.053 max_us=2474
by_direct_callsite (file:line):
   0 /opt/llama.cpp/ggml/src/ggml-cuda/ggml-cuda.cu:900 calls=12 total_ms=5.782 avg_us=481.833 max_us=2474
   1 /opt/llama.cpp/ggml/src/ggml-cuda/ggml-cuda.cu:839 calls=37 total_ms=0.230 avg_us=6.216 max_us=39
   2 /opt/llama.cpp/ggml/src/ggml-cuda/ggml-cuda.cu:2665 calls=51 total_ms=0.041 avg_us=0.804 max_us=3
=== END CUDA SYNC PROFILE ===
backend-sync-trace: count=100 backend=CUDA0 caller=ggml_backend_sched_synchronize+0x52

=== CUDA SYNC PROFILE (instrumentation only) ===
total_syncs = 100
total_wait_ms = 30.550
max_wait_us = 29697
sites = 5
wait_hist_us = logarithmic buckets
  hist[0] = 78
  hist[1] = 11
  hist[2] = 4
  hist[3] = 4
  hist[4] = 1
  hist[9] = 1
  hist[14] = 1
by_callsite (caller PC; symbolize with addr2line):
   0 caller=0x7cd3d6f010c2 calls=39 total_ms=30.498 avg_us=782.000 max_us=29697
   1 caller=0x7cd3d6f0577c calls=12 total_ms=0.024 avg_us=2.000 max_us=11
   2 caller=0x7cd3d6f04732 calls=3 total_ms=0.015 avg_us=5.000 max_us=10
   3 caller=0x7cd3d6f0586c calls=34 total_ms=0.011 avg_us=0.324 max_us=1
   4 caller=0x7cd3d6f0599d calls=12 total_ms=0.002 avg_us=0.167 max_us=1
direct_cudaStreamSynchronize: calls=149 total_ms=6.307 max_us=2474
by_direct_callsite (file:line):
   0 /opt/llama.cpp/ggml/src/ggml-cuda/ggml-cuda.cu:900 calls=12 total_ms=5.782 avg_us=481.833 max_us=2474
   1 /opt/llama.cpp/ggml/src/ggml-cuda/ggml-cuda.cu:839 calls=42 total_ms=0.408 avg_us=9.714 max_us=133
   2 /opt/llama.cpp/ggml/src/ggml-cuda/ggml-cuda.cu:2665 calls=95 total_ms=0.117 avg_us=1.232 max_us=6
=== END CUDA SYNC PROFILE ===

=== CUDA SYNC PROFILE (instrumentation only) ===
total_syncs = 126
total_wait_ms = 30.568
max_wait_us = 29697
sites = 5
wait_hist_us = logarithmic buckets
  hist[0] = 103
  hist[1] = 11
  hist[2] = 5
  hist[3] = 4
  hist[4] = 1
  hist[9] = 1
  hist[14] = 1
by_callsite (caller PC; symbolize with addr2line):
   0 caller=0x7cd3d6f010c2 calls=65 total_ms=30.516 avg_us=469.477 max_us=29697
   1 caller=0x7cd3d6f0577c calls=12 total_ms=0.024 avg_us=2.000 max_us=11
   2 caller=0x7cd3d6f04732 calls=3 total_ms=0.015 avg_us=5.000 max_us=10
   3 caller=0x7cd3d6f0586c calls=34 total_ms=0.011 avg_us=0.324 max_us=1
   4 caller=0x7cd3d6f0599d calls=12 total_ms=0.002 avg_us=0.167 max_us=1
direct_cudaStreamSynchronize: calls=200 total_ms=6.340 max_us=2474
by_direct_callsite (file:line):
   0 /opt/llama.cpp/ggml/src/ggml-cuda/ggml-cuda.cu:900 calls=12 total_ms=5.782 avg_us=481.833 max_us=2474
   1 /opt/llama.cpp/ggml/src/ggml-cuda/ggml-cuda.cu:839 calls=42 total_ms=0.408 avg_us=9.714 max_us=133
   2 /opt/llama.cpp/ggml/src/ggml-cuda/ggml-cuda.cu:2665 calls=95 total_ms=0.117 avg_us=1.232 max_us=6
   3 /opt/llama.cpp/ggml/src/ggml-cuda/ggml-cuda.cu:847 calls=51 total_ms=0.033 avg_us=0.647 max_us=1
=== END CUDA SYNC PROFILE ===
backend-sync-trace: count=200 backend=CUDA0 caller=ggml_backend_sched_synchronize+0x52

=== CUDA SYNC PROFILE (instrumentation only) ===
total_syncs = 200
total_wait_ms = 54.930
max_wait_us = 29697
sites = 5
wait_hist_us = logarithmic buckets
  hist[0] = 169
  hist[1] = 16
  hist[2] = 6
  hist[3] = 5
  hist[4] = 1
  hist[9] = 1
  hist[14] = 2
by_callsite (caller PC; symbolize with addr2line):
   0 caller=0x7cd3d6f010c2 calls=108 total_ms=54.854 avg_us=507.907 max_us=29697
   1 caller=0x7cd3d6f0577c calls=18 total_ms=0.033 avg_us=1.833 max_us=11
   2 caller=0x7cd3d6f04732 calls=5 total_ms=0.023 avg_us=4.600 max_us=10
   3 caller=0x7cd3d6f0586c calls=51 total_ms=0.017 avg_us=0.333 max_us=1
   4 caller=0x7cd3d6f0599d calls=18 total_ms=0.003 avg_us=0.167 max_us=1
direct_cudaStreamSynchronize: calls=292 total_ms=7.121 max_us=2474
by_direct_callsite (file:line):
   0 /opt/llama.cpp/ggml/src/ggml-cuda/ggml-cuda.cu:900 calls=12 total_ms=5.782 avg_us=481.833 max_us=2474
   1 /opt/llama.cpp/ggml/src/ggml-cuda/ggml-cuda.cu:839 calls=62 total_ms=1.112 avg_us=17.935 max_us=355
   2 /opt/llama.cpp/ggml/src/ggml-cuda/ggml-cuda.cu:2665 calls=143 total_ms=0.171 avg_us=1.196 max_us=6
   3 /opt/llama.cpp/ggml/src/ggml-cuda/ggml-cuda.cu:847 calls=75 total_ms=0.056 avg_us=0.747 max_us=2
=== END CUDA SYNC PROFILE ===

=== CUDA SYNC PROFILE (instrumentation only) ===
total_syncs = 276
total_wait_ms = 54.964
max_wait_us = 29697
sites = 5
wait_hist_us = logarithmic buckets
  hist[0] = 244
  hist[1] = 16
  hist[2] = 7
  hist[3] = 5
  hist[4] = 1
  hist[9] = 1
  hist[14] = 2
by_callsite (caller PC; symbolize with addr2line):
   0 caller=0x7cd3d6f010c2 calls=184 total_ms=54.888 avg_us=298.304 max_us=29697
   1 caller=0x7cd3d6f0577c calls=18 total_ms=0.033 avg_us=1.833 max_us=11
   2 caller=0x7cd3d6f04732 calls=5 total_ms=0.023 avg_us=4.600 max_us=10
   3 caller=0x7cd3d6f0586c calls=51 total_ms=0.017 avg_us=0.333 max_us=1
   4 caller=0x7cd3d6f0599d calls=18 total_ms=0.003 avg_us=0.167 max_us=1
direct_cudaStreamSynchronize: calls=300 total_ms=7.127 max_us=2474
by_direct_callsite (file:line):
   0 /opt/llama.cpp/ggml/src/ggml-cuda/ggml-cuda.cu:900 calls=12 total_ms=5.782 avg_us=481.833 max_us=2474
   1 /opt/llama.cpp/ggml/src/ggml-cuda/ggml-cuda.cu:839 calls=62 total_ms=1.112 avg_us=17.935 max_us=355
   2 /opt/llama.cpp/ggml/src/ggml-cuda/ggml-cuda.cu:2665 calls=143 total_ms=0.171 avg_us=1.196 max_us=6
   3 /opt/llama.cpp/ggml/src/ggml-cuda/ggml-cuda.cu:847 calls=83 total_ms=0.062 avg_us=0.747 max_us=2
=== END CUDA SYNC PROFILE ===

=== CUDA SYNC PROFILE (instrumentation only) ===
total_syncs = 299
total_wait_ms = 54.976
max_wait_us = 29697
sites = 5
wait_hist_us = logarithmic buckets
  hist[0] = 264
  hist[1] = 19
  hist[2] = 7
  hist[3] = 5
  hist[4] = 1
  hist[9] = 1
  hist[14] = 2
by_callsite (caller PC; symbolize with addr2line):
   0 caller=0x7cd3d6f010c2 calls=185 total_ms=54.890 avg_us=296.703 max_us=29697
   1 caller=0x7cd3d6f0577c calls=22 total_ms=0.036 avg_us=1.636 max_us=11
   2 caller=0x7cd3d6f04732 calls=6 total_ms=0.025 avg_us=4.167 max_us=10
   3 caller=0x7cd3d6f0586c calls=64 total_ms=0.020 avg_us=0.312 max_us=1
   4 caller=0x7cd3d6f0599d calls=22 total_ms=0.005 avg_us=0.227 max_us=1
direct_cudaStreamSynchronize: calls=400 total_ms=7.273 max_us=2474
by_direct_callsite (file:line):
   0 /opt/llama.cpp/ggml/src/ggml-cuda/ggml-cuda.cu:900 calls=12 total_ms=5.782 avg_us=481.833 max_us=2474
   1 /opt/llama.cpp/ggml/src/ggml-cuda/ggml-cuda.cu:839 calls=78 total_ms=1.188 avg_us=15.231 max_us=355
   2 /opt/llama.cpp/ggml/src/ggml-cuda/ggml-cuda.cu:2665 calls=160 total_ms=0.189 avg_us=1.181 max_us=6
   3 /opt/llama.cpp/ggml/src/ggml-cuda/ggml-cuda.cu:847 calls=150 total_ms=0.114 avg_us=0.760 max_us=2
=== END CUDA SYNC PROFILE ===
backend-sync-trace: count=300 backend=CUDA0 caller=ggml_backend_sched_synchronize+0x52

=== CUDA SYNC PROFILE (instrumentation only) ===
total_syncs = 300
total_wait_ms = 57.455
max_wait_us = 29697
sites = 5
wait_hist_us = logarithmic buckets
  hist[0] = 264
  hist[1] = 19
  hist[2] = 7
  hist[3] = 5
  hist[4] = 1
  hist[9] = 1
  hist[11] = 1
  hist[14] = 2
by_callsite (caller PC; symbolize with addr2line):
   0 caller=0x7cd3d6f010c2 calls=186 total_ms=57.369 avg_us=308.435 max_us=29697
   1 caller=0x7cd3d6f0577c calls=22 total_ms=0.036 avg_us=1.636 max_us=11
   2 caller=0x7cd3d6f04732 calls=6 total_ms=0.025 avg_us=4.167 max_us=10
   3 caller=0x7cd3d6f0586c calls=64 total_ms=0.020 avg_us=0.312 max_us=1
   4 caller=0x7cd3d6f0599d calls=22 total_ms=0.005 avg_us=0.227 max_us=1
direct_cudaStreamSynchronize: calls=431 total_ms=7.302 max_us=2474
by_direct_callsite (file:line):
   0 /opt/llama.cpp/ggml/src/ggml-cuda/ggml-cuda.cu:900 calls=12 total_ms=5.782 avg_us=481.833 max_us=2474
   1 /opt/llama.cpp/ggml/src/ggml-cuda/ggml-cuda.cu:839 calls=78 total_ms=1.188 avg_us=15.231 max_us=355
   2 /opt/llama.cpp/ggml/src/ggml-cuda/ggml-cuda.cu:2665 calls=191 total_ms=0.218 avg_us=1.141 max_us=6
   3 /opt/llama.cpp/ggml/src/ggml-cuda/ggml-cuda.cu:847 calls=150 total_ms=0.114 avg_us=0.760 max_us=2
=== END CUDA SYNC PROFILE ===
backend-sync-trace: count=400 backend=CUDA0 caller=ggml_backend_sched_synchronize+0x52

=== CUDA SYNC PROFILE (instrumentation only) ===
total_syncs = 400
total_wait_ms = 104.565
max_wait_us = 40130
sites = 5
wait_hist_us = logarithmic buckets
  hist[0] = 339
  hist[1] = 40
  hist[2] = 7
  hist[3] = 5
  hist[4] = 2
  hist[9] = 1
  hist[11] = 3
  hist[14] = 2
  hist[15] = 1
by_callsite (caller PC; symbolize with addr2line):
   0 caller=0x7cd3d6f010c2 calls=230 total_ms=104.405 avg_us=453.935 max_us=40130
   1 caller=0x7cd3d6f0577c calls=34 total_ms=0.072 avg_us=2.118 max_us=23
   2 caller=0x7cd3d6f0586c calls=95 total_ms=0.049 avg_us=0.516 max_us=2
   3 caller=0x7cd3d6f04732 calls=7 total_ms=0.026 avg_us=3.714 max_us=10
   4 caller=0x7cd3d6f0599d calls=34 total_ms=0.013 avg_us=0.382 max_us=2
direct_cudaStreamSynchronize: calls=471 total_ms=7.488 max_us=2474
by_direct_callsite (file:line):
   0 /opt/llama.cpp/ggml/src/ggml-cuda/ggml-cuda.cu:900 calls=12 total_ms=5.782 avg_us=481.833 max_us=2474
   1 /opt/llama.cpp/ggml/src/ggml-cuda/ggml-cuda.cu:839 calls=118 total_ms=1.374 avg_us=11.644 max_us=355
   2 /opt/llama.cpp/ggml/src/ggml-cuda/ggml-cuda.cu:2665 calls=191 total_ms=0.218 avg_us=1.141 max_us=6
   3 /opt/llama.cpp/ggml/src/ggml-cuda/ggml-cuda.cu:847 calls=150 total_ms=0.114 avg_us=0.760 max_us=2
=== END CUDA SYNC PROFILE ===

=== CUDA SYNC PROFILE (instrumentation only) ===
total_syncs = 465
total_wait_ms = 110.849
max_wait_us = 40130
sites = 5
wait_hist_us = logarithmic buckets
  hist[0] = 400
  hist[1] = 42
  hist[2] = 7
  hist[3] = 5
  hist[4] = 2
  hist[9] = 1
  hist[11] = 5
  hist[14] = 2
  hist[15] = 1
by_callsite (caller PC; symbolize with addr2line):
   0 caller=0x7cd3d6f010c2 calls=256 total_ms=110.670 avg_us=432.305 max_us=40130
   1 caller=0x7cd3d6f0577c calls=42 total_ms=0.078 avg_us=1.857 max_us=23
   2 caller=0x7cd3d6f0586c calls=117 total_ms=0.058 avg_us=0.496 max_us=2
   3 caller=0x7cd3d6f04732 calls=8 total_ms=0.028 avg_us=3.500 max_us=10
   4 caller=0x7cd3d6f0599d calls=42 total_ms=0.015 avg_us=0.357 max_us=2
direct_cudaStreamSynchronize: calls=500 total_ms=7.598 max_us=2474
by_direct_callsite (file:line):
   0 /opt/llama.cpp/ggml/src/ggml-cuda/ggml-cuda.cu:900 calls=12 total_ms=5.782 avg_us=481.833 max_us=2474
   1 /opt/llama.cpp/ggml/src/ggml-cuda/ggml-cuda.cu:839 calls=147 total_ms=1.484 avg_us=10.095 max_us=355
   2 /opt/llama.cpp/ggml/src/ggml-cuda/ggml-cuda.cu:2665 calls=191 total_ms=0.218 avg_us=1.141 max_us=6
   3 /opt/llama.cpp/ggml/src/ggml-cuda/ggml-cuda.cu:847 calls=150 total_ms=0.114 avg_us=0.760 max_us=2
=== END CUDA SYNC PROFILE ===
backend-sync-trace: count=500 backend=CUDA0 caller=ggml_backend_sched_graph_compute_async_ext+0xddc

=== CUDA SYNC PROFILE (instrumentation only) ===
total_syncs = 500
total_wait_ms = 225.572
max_wait_us = 114687
sites = 5
wait_hist_us = logarithmic buckets
  hist[0] = 431
  hist[1] = 44
  hist[2] = 7
  hist[3] = 5
  hist[4] = 3
  hist[9] = 1
  hist[11] = 5
  hist[14] = 2
  hist[15] = 1
  hist[16] = 1
by_callsite (caller PC; symbolize with addr2line):
   0 caller=0x7cd3d6f010c2 calls=279 total_ms=225.369 avg_us=807.774 max_us=114687
   1 caller=0x7cd3d6f0577c calls=45 total_ms=0.081 avg_us=1.800 max_us=23
   2 caller=0x7cd3d6f0586c calls=122 total_ms=0.060 avg_us=0.492 max_us=2
   3 caller=0x7cd3d6f04732 calls=10 total_ms=0.047 avg_us=4.700 max_us=17
   4 caller=0x7cd3d6f0599d calls=44 total_ms=0.015 avg_us=0.341 max_us=2
direct_cudaStreamSynchronize: calls=506 total_ms=7.626 max_us=2474
by_direct_callsite (file:line):
   0 /opt/llama.cpp/ggml/src/ggml-cuda/ggml-cuda.cu:900 calls=12 total_ms=5.782 avg_us=481.833 max_us=2474
   1 /opt/llama.cpp/ggml/src/ggml-cuda/ggml-cuda.cu:839 calls=153 total_ms=1.512 avg_us=9.882 max_us=355
   2 /opt/llama.cpp/ggml/src/ggml-cuda/ggml-cuda.cu:2665 calls=191 total_ms=0.218 avg_us=1.141 max_us=6
   3 /opt/llama.cpp/ggml/src/ggml-cuda/ggml-cuda.cu:847 calls=150 total_ms=0.114 avg_us=0.760 max_us=2
=== END CUDA SYNC PROFILE ===
backend-sync-trace: count=600 backend=CUDA0 caller=ggml_backend_sched_graph_compute_async_ext+0xecc

=== CUDA SYNC PROFILE (instrumentation only) ===
total_syncs = 600
total_wait_ms = 334.794
max_wait_us = 114687
sites = 5
wait_hist_us = logarithmic buckets
  hist[0] = 522
  hist[1] = 48
  hist[2] = 7
  hist[3] = 6
  hist[4] = 3
  hist[9] = 1
  hist[10] = 1
  hist[11] = 7
  hist[14] = 2
  hist[15] = 1
  hist[16] = 2
by_callsite (caller PC; symbolize with addr2line):
   0 caller=0x7cd3d6f010c2 calls=317 total_ms=334.561 avg_us=1055.397 max_us=114687
   1 caller=0x7cd3d6f0577c calls=58 total_ms=0.092 avg_us=1.586 max_us=23
   2 caller=0x7cd3d6f0586c calls=155 total_ms=0.070 avg_us=0.452 max_us=2
   3 caller=0x7cd3d6f04732 calls=12 total_ms=0.052 avg_us=4.333 max_us=17
   4 caller=0x7cd3d6f0599d calls=58 total_ms=0.019 avg_us=0.328 max_us=2
direct_cudaStreamSynchronize: calls=550 total_ms=7.795 max_us=2474
by_direct_callsite (file:line):
   0 /opt/llama.cpp/ggml/src/ggml-cuda/ggml-cuda.cu:900 calls=12 total_ms=5.782 avg_us=481.833 max_us=2474
   1 /opt/llama.cpp/ggml/src/ggml-cuda/ggml-cuda.cu:839 calls=197 total_ms=1.681 avg_us=8.533 max_us=355
   2 /opt/llama.cpp/ggml/src/ggml-cuda/ggml-cuda.cu:2665 calls=191 total_ms=0.218 avg_us=1.141 max_us=6
   3 /opt/llama.cpp/ggml/src/ggml-cuda/ggml-cuda.cu:847 calls=150 total_ms=0.114 avg_us=0.760 max_us=2
=== END CUDA SYNC PROFILE ===
backend-sync-trace: count=700 backend=CUDA0 caller=ggml_backend_sched_graph_compute_async_ext+0xddc

=== CUDA SYNC PROFILE (instrumentation only) ===
total_syncs = 700
total_wait_ms = 483.001
max_wait_us = 140101
sites = 5
wait_hist_us = logarithmic buckets
  hist[0] = 609
  hist[1] = 54
  hist[2] = 9
  hist[3] = 7
  hist[4] = 3
  hist[9] = 1
  hist[10] = 2
  hist[11] = 9
  hist[14] = 2
  hist[15] = 1
  hist[16] = 2
  hist[17] = 1
by_callsite (caller PC; symbolize with addr2line):
   0 caller=0x7cd3d6f010c2 calls=361 total_ms=482.719 avg_us=1337.172 max_us=140101
   1 caller=0x7cd3d6f0577c calls=71 total_ms=0.119 avg_us=1.676 max_us=23
   2 caller=0x7cd3d6f0586c calls=184 total_ms=0.079 avg_us=0.429 max_us=2
   3 caller=0x7cd3d6f04732 calls=14 total_ms=0.056 avg_us=4.000 max_us=17
   4 caller=0x7cd3d6f0599d calls=70 total_ms=0.028 avg_us=0.400 max_us=2
direct_cudaStreamSynchronize: calls=590 total_ms=7.950 max_us=2474
by_direct_callsite (file:line):
   0 /opt/llama.cpp/ggml/src/ggml-cuda/ggml-cuda.cu:900 calls=12 total_ms=5.782 avg_us=481.833 max_us=2474
   1 /opt/llama.cpp/ggml/src/ggml-cuda/ggml-cuda.cu:839 calls=237 total_ms=1.836 avg_us=7.747 max_us=355
   2 /opt/llama.cpp/ggml/src/ggml-cuda/ggml-cuda.cu:2665 calls=191 total_ms=0.218 avg_us=1.141 max_us=6
   3 /opt/llama.cpp/ggml/src/ggml-cuda/ggml-cuda.cu:847 calls=150 total_ms=0.114 avg_us=0.760 max_us=2
=== END CUDA SYNC PROFILE ===

=== CUDA SYNC PROFILE (instrumentation only) ===
total_syncs = 712
total_wait_ms = 483.018
max_wait_us = 140101
sites = 5
wait_hist_us = logarithmic buckets
  hist[0] = 616
  hist[1] = 59
  hist[2] = 9
  hist[3] = 7
  hist[4] = 3
  hist[9] = 1
  hist[10] = 2
  hist[11] = 9
  hist[14] = 2
  hist[15] = 1
  hist[16] = 2
  hist[17] = 1
by_callsite (caller PC; symbolize with addr2line):
   0 caller=0x7cd3d6f010c2 calls=361 total_ms=482.719 avg_us=1337.172 max_us=140101
   1 caller=0x7cd3d6f0577c calls=72 total_ms=0.120 avg_us=1.667 max_us=23
   2 caller=0x7cd3d6f0586c calls=193 total_ms=0.092 avg_us=0.477 max_us=2
   3 caller=0x7cd3d6f04732 calls=14 total_ms=0.056 avg_us=4.000 max_us=17
   4 caller=0x7cd3d6f0599d calls=72 total_ms=0.031 avg_us=0.431 max_us=2
direct_cudaStreamSynchronize: calls=600 total_ms=8.013 max_us=2474
by_direct_callsite (file:line):
   0 /opt/llama.cpp/ggml/src/ggml-cuda/ggml-cuda.cu:900 calls=12 total_ms=5.782 avg_us=481.833 max_us=2474
   1 /opt/llama.cpp/ggml/src/ggml-cuda/ggml-cuda.cu:839 calls=247 total_ms=1.899 avg_us=7.688 max_us=355
   2 /opt/llama.cpp/ggml/src/ggml-cuda/ggml-cuda.cu:2665 calls=191 total_ms=0.218 avg_us=1.141 max_us=6
   3 /opt/llama.cpp/ggml/src/ggml-cuda/ggml-cuda.cu:847 calls=150 total_ms=0.114 avg_us=0.760 max_us=2
=== END CUDA SYNC PROFILE ===
backend-sync-trace: count=800 backend=CUDA0 caller=ggml_backend_sched_synchronize+0x52

=== CUDA SYNC PROFILE (instrumentation only) ===
total_syncs = 800
total_wait_ms = 622.734
max_wait_us = 140101
sites = 5
wait_hist_us = logarithmic buckets
  hist[0] = 691
  hist[1] = 67
  hist[2] = 10
  hist[3] = 7
  hist[4] = 3
  hist[9] = 2
  hist[10] = 2
  hist[11] = 10
  hist[14] = 2
  hist[15] = 2
  hist[16] = 3
  hist[17] = 1
by_callsite (caller PC; symbolize with addr2line):
   0 caller=0x7cd3d6f010c2 calls=394 total_ms=622.395 avg_us=1579.683 max_us=140101
   1 caller=0x7cd3d6f0577c calls=82 total_ms=0.127 avg_us=1.549 max_us=23
   2 caller=0x7cd3d6f0586c calls=226 total_ms=0.115 avg_us=0.509 max_us=3
   3 caller=0x7cd3d6f04732 calls=16 total_ms=0.060 avg_us=3.750 max_us=17
   4 caller=0x7cd3d6f0599d calls=82 total_ms=0.037 avg_us=0.451 max_us=2
direct_cudaStreamSynchronize: calls=641 total_ms=8.167 max_us=2474
by_direct_callsite (file:line):
   0 /opt/llama.cpp/ggml/src/ggml-cuda/ggml-cuda.cu:900 calls=12 total_ms=5.782 avg_us=481.833 max_us=2474
   1 /opt/llama.cpp/ggml/src/ggml-cuda/ggml-cuda.cu:839 calls=288 total_ms=2.053 avg_us=7.128 max_us=355
   2 /opt/llama.cpp/ggml/src/ggml-cuda/ggml-cuda.cu:2665 calls=191 total_ms=0.218 avg_us=1.141 max_us=6
   3 /opt/llama.cpp/ggml/src/ggml-cuda/ggml-cuda.cu:847 calls=150 total_ms=0.114 avg_us=0.760 max_us=2
=== END CUDA SYNC PROFILE ===
backend-sync-trace: count=900 backend=CUDA0 caller=ggml_backend_sched_synchronize+0x52

=== CUDA SYNC PROFILE (instrumentation only) ===
total_syncs = 900
total_wait_ms = 741.654
max_wait_us = 140101
sites = 5
wait_hist_us = logarithmic buckets
  hist[0] = 784
  hist[1] = 71
  hist[2] = 10
  hist[3] = 7
  hist[4] = 3
  hist[9] = 2
  hist[10] = 3
  hist[11] = 11
  hist[14] = 2
  hist[15] = 2
  hist[16] = 4
  hist[17] = 1
by_callsite (caller PC; symbolize with addr2line):
   0 caller=0x7cd3d6f010c2 calls=436 total_ms=741.289 avg_us=1700.204 max_us=140101
   1 caller=0x7cd3d6f0577c calls=94 total_ms=0.136 avg_us=1.447 max_us=23
   2 caller=0x7cd3d6f0586c calls=257 total_ms=0.124 avg_us=0.482 max_us=3
   3 caller=0x7cd3d6f04732 calls=19 total_ms=0.065 avg_us=3.421 max_us=17
   4 caller=0x7cd3d6f0599d calls=94 total_ms=0.040 avg_us=0.426 max_us=2
direct_cudaStreamSynchronize: calls=681 total_ms=8.333 max_us=2474
by_direct_callsite (file:line):
   0 /opt/llama.cpp/ggml/src/ggml-cuda/ggml-cuda.cu:900 calls=12 total_ms=5.782 avg_us=481.833 max_us=2474
   1 /opt/llama.cpp/ggml/src/ggml-cuda/ggml-cuda.cu:839 calls=328 total_ms=2.219 avg_us=6.765 max_us=355
   2 /opt/llama.cpp/ggml/src/ggml-cuda/ggml-cuda.cu:2665 calls=191 total_ms=0.218 avg_us=1.141 max_us=6
   3 /opt/llama.cpp/ggml/src/ggml-cuda/ggml-cuda.cu:847 calls=150 total_ms=0.114 avg_us=0.760 max_us=2
=== END CUDA SYNC PROFILE ===

=== CUDA SYNC PROFILE (instrumentation only) ===
total_syncs = 959
total_wait_ms = 746.321
max_wait_us = 140101
sites = 5
wait_hist_us = logarithmic buckets
  hist[0] = 839
  hist[1] = 73
  hist[2] = 10
  hist[3] = 7
  hist[4] = 3
  hist[9] = 2
  hist[10] = 3
  hist[11] = 13
  hist[14] = 2
  hist[15] = 2
  hist[16] = 4
  hist[17] = 1
by_callsite (caller PC; symbolize with addr2line):
   0 caller=0x7cd3d6f010c2 calls=466 total_ms=745.941 avg_us=1600.732 max_us=140101
   1 caller=0x7cd3d6f0577c calls=102 total_ms=0.142 avg_us=1.392 max_us=23
   2 caller=0x7cd3d6f0586c calls=269 total_ms=0.128 avg_us=0.476 max_us=3
   3 caller=0x7cd3d6f04732 calls=20 total_ms=0.067 avg_us=3.350 max_us=17
   4 caller=0x7cd3d6f0599d calls=102 total_ms=0.043 avg_us=0.422 max_us=2
direct_cudaStreamSynchronize: calls=700 total_ms=8.416 max_us=2474
by_direct_callsite (file:line):
   0 /opt/llama.cpp/ggml/src/ggml-cuda/ggml-cuda.cu:900 calls=12 total_ms=5.782 avg_us=481.833 max_us=2474
   1 /opt/llama.cpp/ggml/src/ggml-cuda/ggml-cuda.cu:839 calls=347 total_ms=2.302 avg_us=6.634 max_us=355
   2 /opt/llama.cpp/ggml/src/ggml-cuda/ggml-cuda.cu:2665 calls=191 total_ms=0.218 avg_us=1.141 max_us=6
   3 /opt/llama.cpp/ggml/src/ggml-cuda/ggml-cuda.cu:847 calls=150 total_ms=0.114 avg_us=0.760 max_us=2
=== END CUDA SYNC PROFILE ===
backend-sync-trace: count=1000 backend=CUDA0 caller=ggml_backend_sched_synchronize+0x52

=== CUDA SYNC PROFILE (instrumentation only) ===
total_syncs = 1000
total_wait_ms = 849.689
max_wait_us = 140101
sites = 5
wait_hist_us = logarithmic buckets
  hist[0] = 878
  hist[1] = 74
  hist[2] = 10
  hist[3] = 7
  hist[4] = 3
  hist[9] = 2
  hist[10] = 3
  hist[11] = 13
  hist[14] = 2
  hist[15] = 2
  hist[16] = 5
  hist[17] = 1
by_callsite (caller PC; symbolize with addr2line):
   0 caller=0x7cd3d6f010c2 calls=487 total_ms=849.298 avg_us=1743.938 max_us=140101
   1 caller=0x7cd3d6f0577c calls=104 total_ms=0.144 avg_us=1.385 max_us=23
   2 caller=0x7cd3d6f0586c calls=284 total_ms=0.135 avg_us=0.475 max_us=3
   3 caller=0x7cd3d6f04732 calls=21 total_ms=0.069 avg_us=3.286 max_us=17
   4 caller=0x7cd3d6f0599d calls=104 total_ms=0.043 avg_us=0.413 max_us=2
direct_cudaStreamSynchronize: calls=716 total_ms=8.471 max_us=2474
by_direct_callsite (file:line):
   0 /opt/llama.cpp/ggml/src/ggml-cuda/ggml-cuda.cu:900 calls=12 total_ms=5.782 avg_us=481.833 max_us=2474
   1 /opt/llama.cpp/ggml/src/ggml-cuda/ggml-cuda.cu:839 calls=363 total_ms=2.357 avg_us=6.493 max_us=355
   2 /opt/llama.cpp/ggml/src/ggml-cuda/ggml-cuda.cu:2665 calls=191 total_ms=0.218 avg_us=1.141 max_us=6
   3 /opt/llama.cpp/ggml/src/ggml-cuda/ggml-cuda.cu:847 calls=150 total_ms=0.114 avg_us=0.760 max_us=2
=== END CUDA SYNC PROFILE ===
backend-sync-trace: count=1100 backend=CUDA0 caller=ggml_backend_sched_synchronize+0x52

=== CUDA SYNC PROFILE (instrumentation only) ===
total_syncs = 1100
total_wait_ms = 924.542
max_wait_us = 140101
sites = 5
wait_hist_us = logarithmic buckets
  hist[0] = 962
  hist[1] = 85
  hist[2] = 10
  hist[3] = 8
  hist[4] = 3
  hist[9] = 2
  hist[10] = 5
  hist[11] = 14
  hist[14] = 2
  hist[15] = 2
  hist[16] = 6
  hist[17] = 1
by_callsite (caller PC; symbolize with addr2line):
   0 caller=0x7cd3d6f010c2 calls=529 total_ms=924.089 avg_us=1746.860 max_us=140101
   1 caller=0x7cd3d6f0577c calls=116 total_ms=0.166 avg_us=1.431 max_us=23
   2 caller=0x7cd3d6f0586c calls=315 total_ms=0.163 avg_us=0.517 max_us=3
   3 caller=0x7cd3d6f04732 calls=24 total_ms=0.074 avg_us=3.083 max_us=17
   4 caller=0x7cd3d6f0599d calls=116 total_ms=0.050 avg_us=0.431 max_us=2
direct_cudaStreamSynchronize: calls=757 total_ms=8.648 max_us=2474
by_direct_callsite (file:line):
   0 /opt/llama.cpp/ggml/src/ggml-cuda/ggml-cuda.cu:900 calls=12 total_ms=5.782 avg_us=481.833 max_us=2474
   1 /opt/llama.cpp/ggml/src/ggml-cuda/ggml-cuda.cu:839 calls=404 total_ms=2.534 avg_us=6.272 max_us=355
   2 /opt/llama.cpp/ggml/src/ggml-cuda/ggml-cuda.cu:2665 calls=191 total_ms=0.218 avg_us=1.141 max_us=6
   3 /opt/llama.cpp/ggml/src/ggml-cuda/ggml-cuda.cu:847 calls=150 total_ms=0.114 avg_us=0.760 max_us=2
=== END CUDA SYNC PROFILE ===
backend-sync-trace: count=1200 backend=CUDA0 caller=ggml_backend_sched_synchronize+0x52

=== CUDA SYNC PROFILE (instrumentation only) ===
total_syncs = 1200
total_wait_ms = 1006.289
max_wait_us = 140101
sites = 5
wait_hist_us = logarithmic buckets
  hist[0] = 1053
  hist[1] = 89
  hist[2] = 11
  hist[3] = 8
  hist[4] = 3
  hist[9] = 2
  hist[10] = 8
  hist[11] = 14
  hist[14] = 2
  hist[15] = 2
  hist[16] = 7
  hist[17] = 1
by_callsite (caller PC; symbolize with addr2line):
   0 caller=0x7cd3d6f010c2 calls=572 total_ms=1005.809 avg_us=1758.407 max_us=140101
   1 caller=0x7cd3d6f0577c calls=128 total_ms=0.173 avg_us=1.352 max_us=23
   2 caller=0x7cd3d6f0586c calls=346 total_ms=0.172 avg_us=0.497 max_us=3
   3 caller=0x7cd3d6f04732 calls=26 total_ms=0.078 avg_us=3.000 max_us=17
   4 caller=0x7cd3d6f0599d calls=128 total_ms=0.057 avg_us=0.445 max_us=2
direct_cudaStreamSynchronize: calls=798 total_ms=8.806 max_us=2474
by_direct_callsite (file:line):
   0 /opt/llama.cpp/ggml/src/ggml-cuda/ggml-cuda.cu:900 calls=12 total_ms=5.782 avg_us=481.833 max_us=2474
   1 /opt/llama.cpp/ggml/src/ggml-cuda/ggml-cuda.cu:839 calls=445 total_ms=2.692 avg_us=6.049 max_us=355
   2 /opt/llama.cpp/ggml/src/ggml-cuda/ggml-cuda.cu:2665 calls=191 total_ms=0.218 avg_us=1.141 max_us=6
   3 /opt/llama.cpp/ggml/src/ggml-cuda/ggml-cuda.cu:847 calls=150 total_ms=0.114 avg_us=0.760 max_us=2
=== END CUDA SYNC PROFILE ===

=== CUDA SYNC PROFILE (instrumentation only) ===
total_syncs = 1209
total_wait_ms = 1006.292
max_wait_us = 140101
sites = 5
wait_hist_us = logarithmic buckets
  hist[0] = 1062
  hist[1] = 89
  hist[2] = 11
  hist[3] = 8
  hist[4] = 3
  hist[9] = 2
  hist[10] = 8
  hist[11] = 14
  hist[14] = 2
  hist[15] = 2
  hist[16] = 7
  hist[17] = 1
by_callsite (caller PC; symbolize with addr2line):
   0 caller=0x7cd3d6f010c2 calls=577 total_ms=1005.810 avg_us=1743.172 max_us=140101
   1 caller=0x7cd3d6f0577c calls=130 total_ms=0.175 avg_us=1.346 max_us=23
   2 caller=0x7cd3d6f0586c calls=346 total_ms=0.172 avg_us=0.497 max_us=3
   3 caller=0x7cd3d6f04732 calls=26 total_ms=0.078 avg_us=3.000 max_us=17
   4 caller=0x7cd3d6f0599d calls=130 total_ms=0.057 avg_us=0.438 max_us=2
direct_cudaStreamSynchronize: calls=800 total_ms=8.815 max_us=2474
by_direct_callsite (file:line):
   0 /opt/llama.cpp/ggml/src/ggml-cuda/ggml-cuda.cu:900 calls=12 total_ms=5.782 avg_us=481.833 max_us=2474
   1 /opt/llama.cpp/ggml/src/ggml-cuda/ggml-cuda.cu:839 calls=447 total_ms=2.701 avg_us=6.043 max_us=355
   2 /opt/llama.cpp/ggml/src/ggml-cuda/ggml-cuda.cu:2665 calls=191 total_ms=0.218 avg_us=1.141 max_us=6
   3 /opt/llama.cpp/ggml/src/ggml-cuda/ggml-cuda.cu:847 calls=150 total_ms=0.114 avg_us=0.760 max_us=2
=== END CUDA SYNC PROFILE ===
backend-sync-trace: count=1300 backend=CUDA0 caller=ggml_backend_sched_graph_compute_async_ext+0xecc

=== CUDA SYNC PROFILE (instrumentation only) ===
total_syncs = 1300
total_wait_ms = 1059.082
max_wait_us = 140101
sites = 5
wait_hist_us = logarithmic buckets
  hist[0] = 1146
  hist[1] = 93
  hist[2] = 11
  hist[3] = 8
  hist[4] = 3
  hist[9] = 2
  hist[10] = 10
  hist[11] = 14
  hist[14] = 2
  hist[15] = 3
  hist[16] = 7
  hist[17] = 1
by_callsite (caller PC; symbolize with addr2line):
   0 caller=0x7cd3d6f010c2 calls=614 total_ms=1058.571 avg_us=1724.057 max_us=140101
   1 caller=0x7cd3d6f0577c calls=142 total_ms=0.185 avg_us=1.303 max_us=23
   2 caller=0x7cd3d6f0586c calls=374 total_ms=0.183 avg_us=0.489 max_us=3
   3 caller=0x7cd3d6f04732 calls=28 total_ms=0.082 avg_us=2.929 max_us=17
   4 caller=0x7cd3d6f0599d calls=142 total_ms=0.061 avg_us=0.430 max_us=2
direct_cudaStreamSynchronize: calls=836 total_ms=8.968 max_us=2474
by_direct_callsite (file:line):
   0 /opt/llama.cpp/ggml/src/ggml-cuda/ggml-cuda.cu:900 calls=12 total_ms=5.782 avg_us=481.833 max_us=2474
   1 /opt/llama.cpp/ggml/src/ggml-cuda/ggml-cuda.cu:839 calls=483 total_ms=2.854 avg_us=5.909 max_us=355
   2 /opt/llama.cpp/ggml/src/ggml-cuda/ggml-cuda.cu:2665 calls=191 total_ms=0.218 avg_us=1.141 max_us=6
   3 /opt/llama.cpp/ggml/src/ggml-cuda/ggml-cuda.cu:847 calls=150 total_ms=0.114 avg_us=0.760 max_us=2
=== END CUDA SYNC PROFILE ===
backend-sync-trace: count=1400 backend=CUDA0 caller=ggml_backend_sched_graph_compute_async_ext+0xecc

=== CUDA SYNC PROFILE (instrumentation only) ===
total_syncs = 1400
total_wait_ms = 1127.398
max_wait_us = 140101
sites = 5
wait_hist_us = logarithmic buckets
  hist[0] = 1239
  hist[1] = 97
  hist[2] = 11
  hist[3] = 8
  hist[4] = 3
  hist[9] = 2
  hist[10] = 12
  hist[11] = 14
  hist[14] = 2
  hist[15] = 4
  hist[16] = 7
  hist[17] = 1
by_callsite (caller PC; symbolize with addr2line):
   0 caller=0x7cd3d6f010c2 calls=651 total_ms=1126.860 avg_us=1730.968 max_us=140101
   1 caller=0x7cd3d6f0586c calls=415 total_ms=0.197 avg_us=0.475 max_us=3
   2 caller=0x7cd3d6f0577c calls=152 total_ms=0.191 avg_us=1.257 max_us=23
   3 caller=0x7cd3d6f04732 calls=30 total_ms=0.085 avg_us=2.833 max_us=17
   4 caller=0x7cd3d6f0599d calls=152 total_ms=0.065 avg_us=0.428 max_us=2
direct_cudaStreamSynchronize: calls=885 total_ms=9.183 max_us=2474
by_direct_callsite (file:line):
   0 /opt/llama.cpp/ggml/src/ggml-cuda/ggml-cuda.cu:900 calls=12 total_ms=5.782 avg_us=481.833 max_us=2474
   1 /opt/llama.cpp/ggml/src/ggml-cuda/ggml-cuda.cu:839 calls=532 total_ms=3.069 avg_us=5.769 max_us=355
   2 /opt/llama.cpp/ggml/src/ggml-cuda/ggml-cuda.cu:2665 calls=191 total_ms=0.218 avg_us=1.141 max_us=6
   3 /opt/llama.cpp/ggml/src/ggml-cuda/ggml-cuda.cu:847 calls=150 total_ms=0.114 avg_us=0.760 max_us=2
=== END CUDA SYNC PROFILE ===

=== CUDA SYNC PROFILE (instrumentation only) ===
total_syncs = 1453
total_wait_ms = 1208.490
max_wait_us = 140101
sites = 5
wait_hist_us = logarithmic buckets
  hist[0] = 1288
  hist[1] = 99
  hist[2] = 11
  hist[3] = 8
  hist[4] = 3
  hist[9] = 2
  hist[10] = 13
  hist[11] = 14
  hist[14] = 2
  hist[15] = 4
  hist[16] = 8
  hist[17] = 1
by_callsite (caller PC; symbolize with addr2line):
   0 caller=0x7cd3d6f010c2 calls=681 total_ms=1207.937 avg_us=1773.769 max_us=140101
   1 caller=0x7cd3d6f0586c calls=424 total_ms=0.201 avg_us=0.474 max_us=3
   2 caller=0x7cd3d6f0577c calls=158 total_ms=0.195 avg_us=1.234 max_us=23
   3 caller=0x7cd3d6f04732 calls=32 total_ms=0.089 avg_us=2.781 max_us=17
   4 caller=0x7cd3d6f0599d calls=158 total_ms=0.068 avg_us=0.430 max_us=2
direct_cudaStreamSynchronize: calls=900 total_ms=9.242 max_us=2474
by_direct_callsite (file:line):
   0 /opt/llama.cpp/ggml/src/ggml-cuda/ggml-cuda.cu:900 calls=12 total_ms=5.782 avg_us=481.833 max_us=2474
   1 /opt/llama.cpp/ggml/src/ggml-cuda/ggml-cuda.cu:839 calls=547 total_ms=3.128 avg_us=5.718 max_us=355
   2 /opt/llama.cpp/ggml/src/ggml-cuda/ggml-cuda.cu:2665 calls=191 total_ms=0.218 avg_us=1.141 max_us=6
   3 /opt/llama.cpp/ggml/src/ggml-cuda/ggml-cuda.cu:847 calls=150 total_ms=0.114 avg_us=0.760 max_us=2
=== END CUDA SYNC PROFILE ===
backend-sync-trace: count=1500 backend=CUDA0 caller=ggml_backend_sched_synchronize+0x52

=== CUDA SYNC PROFILE (instrumentation only) ===
total_syncs = 1500
total_wait_ms = 1268.377
max_wait_us = 140101
sites = 5
wait_hist_us = logarithmic buckets
  hist[0] = 1330
  hist[1] = 102
  hist[2] = 11
  hist[3] = 8
  hist[4] = 3
  hist[9] = 2
  hist[10] = 14
  hist[11] = 14
  hist[14] = 2
  hist[15] = 5
  hist[16] = 8
  hist[17] = 1
by_callsite (caller PC; symbolize with addr2line):
   0 caller=0x7cd3d6f010c2 calls=693 total_ms=1267.806 avg_us=1829.446 max_us=140101
   1 caller=0x7cd3d6f0586c calls=446 total_ms=0.212 avg_us=0.475 max_us=3
   2 caller=0x7cd3d6f0577c calls=164 total_ms=0.197 avg_us=1.201 max_us=23
   3 caller=0x7cd3d6f04732 calls=33 total_ms=0.091 avg_us=2.758 max_us=17
   4 caller=0x7cd3d6f0599d calls=164 total_ms=0.071 avg_us=0.433 max_us=2
direct_cudaStreamSynchronize: calls=926 total_ms=9.349 max_us=2474
by_direct_callsite (file:line):
   0 /opt/llama.cpp/ggml/src/ggml-cuda/ggml-cuda.cu:900 calls=12 total_ms=5.782 avg_us=481.833 max_us=2474
   1 /opt/llama.cpp/ggml/src/ggml-cuda/ggml-cuda.cu:839 calls=573 total_ms=3.235 avg_us=5.646 max_us=355
   2 /opt/llama.cpp/ggml/src/ggml-cuda/ggml-cuda.cu:2665 calls=191 total_ms=0.218 avg_us=1.141 max_us=6
   3 /opt/llama.cpp/ggml/src/ggml-cuda/ggml-cuda.cu:847 calls=150 total_ms=0.114 avg_us=0.760 max_us=2
=== END CUDA SYNC PROFILE ===
backend-sync-trace: count=1600 backend=CUDA0 caller=ggml_backend_sched_synchronize+0x52

=== CUDA SYNC PROFILE (instrumentation only) ===
total_syncs = 1600
total_wait_ms = 1315.750
max_wait_us = 140101
sites = 5
wait_hist_us = logarithmic buckets
  hist[0] = 1425
  hist[1] = 104
  hist[2] = 11
  hist[3] = 8
  hist[4] = 3
  hist[9] = 3
  hist[10] = 15
  hist[11] = 14
  hist[14] = 2
  hist[15] = 6
  hist[16] = 8
  hist[17] = 1
by_callsite (caller PC; symbolize with addr2line):
   0 caller=0x7cd3d6f010c2 calls=744 total_ms=1315.153 avg_us=1767.679 max_us=140101
   1 caller=0x7cd3d6f0586c calls=473 total_ms=0.221 avg_us=0.467 max_us=3
   2 caller=0x7cd3d6f0577c calls=174 total_ms=0.207 avg_us=1.190 max_us=23
   3 caller=0x7cd3d6f04732 calls=35 total_ms=0.094 avg_us=2.686 max_us=17
   4 caller=0x7cd3d6f0599d calls=174 total_ms=0.075 avg_us=0.431 max_us=2
direct_cudaStreamSynchronize: calls=961 total_ms=9.484 max_us=2474
by_direct_callsite (file:line):
   0 /opt/llama.cpp/ggml/src/ggml-cuda/ggml-cuda.cu:900 calls=12 total_ms=5.782 avg_us=481.833 max_us=2474
   1 /opt/llama.cpp/ggml/src/ggml-cuda/ggml-cuda.cu:839 calls=608 total_ms=3.370 avg_us=5.543 max_us=355
   2 /opt/llama.cpp/ggml/src/ggml-cuda/ggml-cuda.cu:2665 calls=191 total_ms=0.218 avg_us=1.141 max_us=6
   3 /opt/llama.cpp/ggml/src/ggml-cuda/ggml-cuda.cu:847 calls=150 total_ms=0.114 avg_us=0.760 max_us=2
=== END CUDA SYNC PROFILE ===

=== CUDA SYNC PROFILE (instrumentation only) ===
total_syncs = 1697
total_wait_ms = 1383.849
max_wait_us = 140101
sites = 5
wait_hist_us = logarithmic buckets
  hist[0] = 1513
  hist[1] = 110
  hist[2] = 11
  hist[3] = 8
  hist[4] = 3
  hist[9] = 3
  hist[10] = 17
  hist[11] = 14
  hist[14] = 2
  hist[15] = 7
  hist[16] = 8
  hist[17] = 1
by_callsite (caller PC; symbolize with addr2line):
   0 caller=0x7cd3d6f010c2 calls=785 total_ms=1383.223 avg_us=1762.068 max_us=140101
   1 caller=0x7cd3d6f0586c calls=502 total_ms=0.229 avg_us=0.456 max_us=3
   2 caller=0x7cd3d6f0577c calls=186 total_ms=0.218 avg_us=1.172 max_us=23
   3 caller=0x7cd3d6f04732 calls=38 total_ms=0.100 avg_us=2.632 max_us=17
   4 caller=0x7cd3d6f0599d calls=186 total_ms=0.079 avg_us=0.425 max_us=2
direct_cudaStreamSynchronize: calls=1000 total_ms=9.632 max_us=2474
by_direct_callsite (file:line):
   0 /opt/llama.cpp/ggml/src/ggml-cuda/ggml-cuda.cu:900 calls=12 total_ms=5.782 avg_us=481.833 max_us=2474
   1 /opt/llama.cpp/ggml/src/ggml-cuda/ggml-cuda.cu:839 calls=647 total_ms=3.518 avg_us=5.437 max_us=355
   2 /opt/llama.cpp/ggml/src/ggml-cuda/ggml-cuda.cu:2665 calls=191 total_ms=0.218 avg_us=1.141 max_us=6
   3 /opt/llama.cpp/ggml/src/ggml-cuda/ggml-cuda.cu:847 calls=150 total_ms=0.114 avg_us=0.760 max_us=2
=== END CUDA SYNC PROFILE ===
backend-sync-trace: count=1700 backend=CUDA0 caller=ggml_backend_sched_synchronize+0x52

=== CUDA SYNC PROFILE (instrumentation only) ===
total_syncs = 1700
total_wait_ms = 1385.323
max_wait_us = 140101
sites = 5
wait_hist_us = logarithmic buckets
  hist[0] = 1515
  hist[1] = 110
  hist[2] = 11
  hist[3] = 8
  hist[4] = 3
  hist[9] = 3
  hist[10] = 18
  hist[11] = 14
  hist[14] = 2
  hist[15] = 7
  hist[16] = 8
  hist[17] = 1
by_callsite (caller PC; symbolize with addr2line):
   0 caller=0x7cd3d6f010c2 calls=786 total_ms=1384.696 avg_us=1761.700 max_us=140101
   1 caller=0x7cd3d6f0586c calls=504 total_ms=0.230 avg_us=0.456 max_us=3
   2 caller=0x7cd3d6f0577c calls=186 total_ms=0.218 avg_us=1.172 max_us=23
   3 caller=0x7cd3d6f04732 calls=38 total_ms=0.100 avg_us=2.632 max_us=17
   4 caller=0x7cd3d6f0599d calls=186 total_ms=0.079 avg_us=0.425 max_us=2
direct_cudaStreamSynchronize: calls=1002 total_ms=9.637 max_us=2474
by_direct_callsite (file:line):
   0 /opt/llama.cpp/ggml/src/ggml-cuda/ggml-cuda.cu:900 calls=12 total_ms=5.782 avg_us=481.833 max_us=2474
   1 /opt/llama.cpp/ggml/src/ggml-cuda/ggml-cuda.cu:839 calls=649 total_ms=3.523 avg_us=5.428 max_us=355
   2 /opt/llama.cpp/ggml/src/ggml-cuda/ggml-cuda.cu:2665 calls=191 total_ms=0.218 avg_us=1.141 max_us=6
   3 /opt/llama.cpp/ggml/src/ggml-cuda/ggml-cuda.cu:847 calls=150 total_ms=0.114 avg_us=0.760 max_us=2
=== END CUDA SYNC PROFILE ===
backend-sync-trace: count=1800 backend=CUDA0 caller=ggml_backend_sched_graph_compute_async_ext+0xecc

=== CUDA SYNC PROFILE (instrumentation only) ===
total_syncs = 1800
total_wait_ms = 1474.967
max_wait_us = 140101
sites = 5
wait_hist_us = logarithmic buckets
  hist[0] = 1610
  hist[1] = 112
  hist[2] = 11
  hist[3] = 8
  hist[4] = 3
  hist[9] = 4
  hist[10] = 19
  hist[11] = 14
  hist[14] = 2
  hist[15] = 7
  hist[16] = 9
  hist[17] = 1
by_callsite (caller PC; symbolize with addr2line):
   0 caller=0x7cd3d6f010c2 calls=829 total_ms=1474.312 avg_us=1778.422 max_us=140101
   1 caller=0x7cd3d6f0586c calls=535 total_ms=0.245 avg_us=0.458 max_us=3
   2 caller=0x7cd3d6f0577c calls=198 total_ms=0.225 avg_us=1.136 max_us=23
   3 caller=0x7cd3d6f04732 calls=40 total_ms=0.103 avg_us=2.575 max_us=17
   4 caller=0x7cd3d6f0599d calls=198 total_ms=0.082 avg_us=0.414 max_us=2
direct_cudaStreamSynchronize: calls=1042 total_ms=9.794 max_us=2474
by_direct_callsite (file:line):
   0 /opt/llama.cpp/ggml/src/ggml-cuda/ggml-cuda.cu:900 calls=12 total_ms=5.782 avg_us=481.833 max_us=2474
   1 /opt/llama.cpp/ggml/src/ggml-cuda/ggml-cuda.cu:839 calls=689 total_ms=3.680 avg_us=5.341 max_us=355
   2 /opt/llama.cpp/ggml/src/ggml-cuda/ggml-cuda.cu:2665 calls=191 total_ms=0.218 avg_us=1.141 max_us=6
   3 /opt/llama.cpp/ggml/src/ggml-cuda/ggml-cuda.cu:847 calls=150 total_ms=0.114 avg_us=0.760 max_us=2
=== END CUDA SYNC PROFILE ===
backend-sync-trace: count=1900 backend=CUDA0 caller=ggml_backend_sched_graph_compute_async_ext+0xddc

=== CUDA SYNC PROFILE (instrumentation only) ===
total_syncs = 1900
total_wait_ms = 1531.986
max_wait_us = 140101
sites = 5
wait_hist_us = logarithmic buckets
  hist[0] = 1704
  hist[1] = 114
  hist[2] = 11
  hist[3] = 8
  hist[4] = 3
  hist[9] = 5
  hist[10] = 21
  hist[11] = 14
  hist[14] = 2
  hist[15] = 8
  hist[16] = 9
  hist[17] = 1
by_callsite (caller PC; symbolize with addr2line):
   0 caller=0x7cd3d6f010c2 calls=873 total_ms=1531.304 avg_us=1754.071 max_us=140101
   1 caller=0x7cd3d6f0586c calls=562 total_ms=0.256 avg_us=0.456 max_us=3
   2 caller=0x7cd3d6f0577c calls=212 total_ms=0.235 avg_us=1.108 max_us=23
   3 caller=0x7cd3d6f04732 calls=42 total_ms=0.106 avg_us=2.524 max_us=17
   4 caller=0x7cd3d6f0599d calls=211 total_ms=0.085 avg_us=0.403 max_us=2
direct_cudaStreamSynchronize: calls=1080 total_ms=9.943 max_us=2474
by_direct_callsite (file:line):
   0 /opt/llama.cpp/ggml/src/ggml-cuda/ggml-cuda.cu:900 calls=12 total_ms=5.782 avg_us=481.833 max_us=2474
   1 /opt/llama.cpp/ggml/src/ggml-cuda/ggml-cuda.cu:839 calls=727 total_ms=3.829 avg_us=5.267 max_us=355
   2 /opt/llama.cpp/ggml/src/ggml-cuda/ggml-cuda.cu:2665 calls=191 total_ms=0.218 avg_us=1.141 max_us=6
   3 /opt/llama.cpp/ggml/src/ggml-cuda/ggml-cuda.cu:847 calls=150 total_ms=0.114 avg_us=0.760 max_us=2
=== END CUDA SYNC PROFILE ===

=== CUDA SYNC PROFILE (instrumentation only) ===
total_syncs = 1925
total_wait_ms = 1594.233
max_wait_us = 140101
sites = 5
wait_hist_us = logarithmic buckets
  hist[0] = 1728
  hist[1] = 114
  hist[2] = 11
  hist[3] = 8
  hist[4] = 3
  hist[9] = 5
  hist[10] = 21
  hist[11] = 14
  hist[14] = 2
  hist[15] = 9
  hist[16] = 9
  hist[17] = 1
by_callsite (caller PC; symbolize with addr2line):
   0 caller=0x7cd3d6f010c2 calls=875 total_ms=1593.540 avg_us=1821.189 max_us=140101
   1 caller=0x7cd3d6f0586c calls=579 total_ms=0.264 avg_us=0.456 max_us=3
   2 caller=0x7cd3d6f0577c calls=214 total_ms=0.236 avg_us=1.103 max_us=23
   3 caller=0x7cd3d6f04732 calls=43 total_ms=0.107 avg_us=2.488 max_us=17
   4 caller=0x7cd3d6f0599d calls=214 total_ms=0.086 avg_us=0.402 max_us=2
direct_cudaStreamSynchronize: calls=1100 total_ms=10.030 max_us=2474
by_direct_callsite (file:line):
   0 /opt/llama.cpp/ggml/src/ggml-cuda/ggml-cuda.cu:900 calls=12 total_ms=5.782 avg_us=481.833 max_us=2474
   1 /opt/llama.cpp/ggml/src/ggml-cuda/ggml-cuda.cu:839 calls=747 total_ms=3.916 avg_us=5.242 max_us=355
   2 /opt/llama.cpp/ggml/src/ggml-cuda/ggml-cuda.cu:2665 calls=191 total_ms=0.218 avg_us=1.141 max_us=6
   3 /opt/llama.cpp/ggml/src/ggml-cuda/ggml-cuda.cu:847 calls=150 total_ms=0.114 avg_us=0.760 max_us=2
=== END CUDA SYNC PROFILE ===
backend-sync-trace: count=2000 backend=CUDA0 caller=ggml_backend_sched_graph_compute_async_ext+0xecc

=== CUDA SYNC PROFILE (instrumentation only) ===
total_syncs = 2000
total_wait_ms = 1599.990
max_wait_us = 140101
sites = 5
wait_hist_us = logarithmic buckets
  hist[0] = 1799
  hist[1] = 116
  hist[2] = 11
  hist[3] = 8
  hist[4] = 3
  hist[9] = 5
  hist[10] = 21
  hist[11] = 16
  hist[14] = 2
  hist[15] = 9
  hist[16] = 9
  hist[17] = 1
by_callsite (caller PC; symbolize with addr2line):
   0 caller=0x7cd3d6f010c2 calls=910 total_ms=1599.280 avg_us=1757.451 max_us=140101
   1 caller=0x7cd3d6f0586c calls=602 total_ms=0.270 avg_us=0.449 max_us=3
   2 caller=0x7cd3d6f0577c calls=222 total_ms=0.241 avg_us=1.086 max_us=23
   3 caller=0x7cd3d6f04732 calls=44 total_ms=0.109 avg_us=2.477 max_us=17
   4 caller=0x7cd3d6f0599d calls=222 total_ms=0.090 avg_us=0.405 max_us=2
direct_cudaStreamSynchronize: calls=1128 total_ms=10.142 max_us=2474
by_direct_callsite (file:line):
   0 /opt/llama.cpp/ggml/src/ggml-cuda/ggml-cuda.cu:900 calls=12 total_ms=5.782 avg_us=481.833 max_us=2474
   1 /opt/llama.cpp/ggml/src/ggml-cuda/ggml-cuda.cu:839 calls=775 total_ms=4.028 avg_us=5.197 max_us=355
   2 /opt/llama.cpp/ggml/src/ggml-cuda/ggml-cuda.cu:2665 calls=191 total_ms=0.218 avg_us=1.141 max_us=6
   3 /opt/llama.cpp/ggml/src/ggml-cuda/ggml-cuda.cu:847 calls=150 total_ms=0.114 avg_us=0.760 max_us=2
=== END CUDA SYNC PROFILE ===
backend-sync-trace: count=2100 backend=CUDA0 caller=ggml_backend_sched_synchronize+0x52

=== CUDA SYNC PROFILE (instrumentation only) ===
total_syncs = 2100
total_wait_ms = 1752.678
max_wait_us = 140101
sites = 5
wait_hist_us = logarithmic buckets
  hist[0] = 1890
  hist[1] = 121
  hist[2] = 11
  hist[3] = 8
  hist[4] = 3
  hist[9] = 6
  hist[10] = 22
  hist[11] = 16
  hist[14] = 2
  hist[15] = 10
  hist[16] = 10
  hist[17] = 1
by_callsite (caller PC; symbolize with addr2line):
   0 caller=0x7cd3d6f010c2 calls=950 total_ms=1751.939 avg_us=1844.146 max_us=140101
   1 caller=0x7cd3d6f0586c calls=635 total_ms=0.281 avg_us=0.443 max_us=3
   2 caller=0x7cd3d6f0577c calls=234 total_ms=0.250 avg_us=1.068 max_us=23
   3 caller=0x7cd3d6f04732 calls=47 total_ms=0.114 avg_us=2.426 max_us=17
   4 caller=0x7cd3d6f0599d calls=234 total_ms=0.094 avg_us=0.402 max_us=2
direct_cudaStreamSynchronize: calls=1171 total_ms=10.314 max_us=2474
by_direct_callsite (file:line):
   0 /opt/llama.cpp/ggml/src/ggml-cuda/ggml-cuda.cu:900 calls=12 total_ms=5.782 avg_us=481.833 max_us=2474
   1 /opt/llama.cpp/ggml/src/ggml-cuda/ggml-cuda.cu:839 calls=818 total_ms=4.200 avg_us=5.134 max_us=355
   2 /opt/llama.cpp/ggml/src/ggml-cuda/ggml-cuda.cu:2665 calls=191 total_ms=0.218 avg_us=1.141 max_us=6
   3 /opt/llama.cpp/ggml/src/ggml-cuda/ggml-cuda.cu:847 calls=150 total_ms=0.114 avg_us=0.760 max_us=2
=== END CUDA SYNC PROFILE ===

=== CUDA SYNC PROFILE (instrumentation only) ===
total_syncs = 2173
total_wait_ms = 1754.558
max_wait_us = 140101
sites = 5
wait_hist_us = logarithmic buckets
  hist[0] = 1959
  hist[1] = 123
  hist[2] = 11
  hist[3] = 8
  hist[4] = 3
  hist[9] = 8
  hist[10] = 22
  hist[11] = 16
  hist[14] = 2
  hist[15] = 10
  hist[16] = 10
  hist[17] = 1
by_callsite (caller PC; symbolize with addr2line):
   0 caller=0x7cd3d6f010c2 calls=984 total_ms=1753.802 avg_us=1782.319 max_us=140101
   1 caller=0x7cd3d6f0586c calls=657 total_ms=0.288 avg_us=0.438 max_us=3
   2 caller=0x7cd3d6f0577c calls=242 total_ms=0.255 avg_us=1.054 max_us=23
   3 caller=0x7cd3d6f04732 calls=48 total_ms=0.117 avg_us=2.438 max_us=17
   4 caller=0x7cd3d6f0599d calls=242 total_ms=0.096 avg_us=0.397 max_us=2
direct_cudaStreamSynchronize: calls=1200 total_ms=10.422 max_us=2474
by_direct_callsite (file:line):
   0 /opt/llama.cpp/ggml/src/ggml-cuda/ggml-cuda.cu:900 calls=12 total_ms=5.782 avg_us=481.833 max_us=2474
   1 /opt/llama.cpp/ggml/src/ggml-cuda/ggml-cuda.cu:839 calls=847 total_ms=4.308 avg_us=5.086 max_us=355
   2 /opt/llama.cpp/ggml/src/ggml-cuda/ggml-cuda.cu:2665 calls=191 total_ms=0.218 avg_us=1.141 max_us=6
   3 /opt/llama.cpp/ggml/src/ggml-cuda/ggml-cuda.cu:847 calls=150 total_ms=0.114 avg_us=0.760 max_us=2
=== END CUDA SYNC PROFILE ===
backend-sync-trace: count=2200 backend=CUDA0 caller=ggml_backend_sched_synchronize+0x52

=== CUDA SYNC PROFILE (instrumentation only) ===
total_syncs = 2200
total_wait_ms = 1798.012
max_wait_us = 140101
sites = 5
wait_hist_us = logarithmic buckets
  hist[0] = 1983
  hist[1] = 125
  hist[2] = 11
  hist[3] = 8
  hist[4] = 3
  hist[9] = 8
  hist[10] = 22
  hist[11] = 16
  hist[14] = 2
  hist[15] = 11
  hist[16] = 10
  hist[17] = 1
by_callsite (caller PC; symbolize with addr2line):
   0 caller=0x7cd3d6f010c2 calls=1001 total_ms=1797.250 avg_us=1795.455 max_us=140101
   1 caller=0x7cd3d6f0586c calls=662 total_ms=0.290 avg_us=0.438 max_us=3
   2 caller=0x7cd3d6f0577c calls=244 total_ms=0.257 avg_us=1.053 max_us=23
   3 caller=0x7cd3d6f04732 calls=49 total_ms=0.119 avg_us=2.429 max_us=17
   4 caller=0x7cd3d6f0599d calls=244 total_ms=0.096 avg_us=0.393 max_us=2
direct_cudaStreamSynchronize: calls=1206 total_ms=10.450 max_us=2474
by_direct_callsite (file:line):
   0 /opt/llama.cpp/ggml/src/ggml-cuda/ggml-cuda.cu:900 calls=12 total_ms=5.782 avg_us=481.833 max_us=2474
   1 /opt/llama.cpp/ggml/src/ggml-cuda/ggml-cuda.cu:839 calls=853 total_ms=4.336 avg_us=5.083 max_us=355
   2 /opt/llama.cpp/ggml/src/ggml-cuda/ggml-cuda.cu:2665 calls=191 total_ms=0.218 avg_us=1.141 max_us=6
   3 /opt/llama.cpp/ggml/src/ggml-cuda/ggml-cuda.cu:847 calls=150 total_ms=0.114 avg_us=0.760 max_us=2
=== END CUDA SYNC PROFILE ===
backend-sync-trace: count=2300 backend=CUDA0 caller=ggml_backend_sched_graph_compute_async_ext+0xecc

=== CUDA SYNC PROFILE (instrumentation only) ===
total_syncs = 2300
total_wait_ms = 1843.958
max_wait_us = 140101
sites = 5
wait_hist_us = logarithmic buckets
  hist[0] = 2066
  hist[1] = 137
  hist[2] = 12
  hist[3] = 9
  hist[4] = 3
  hist[9] = 9
  hist[10] = 23
  hist[11] = 16
  hist[14] = 2
  hist[15] = 12
  hist[16] = 10
  hist[17] = 1
by_callsite (caller PC; symbolize with addr2line):
   0 caller=0x7cd3d6f010c2 calls=1044 total_ms=1843.129 avg_us=1765.449 max_us=140101
   1 caller=0x7cd3d6f0586c calls=692 total_ms=0.320 avg_us=0.462 max_us=3
   2 caller=0x7cd3d6f0577c calls=256 total_ms=0.282 avg_us=1.102 max_us=23
   3 caller=0x7cd3d6f04732 calls=52 total_ms=0.124 avg_us=2.385 max_us=17
   4 caller=0x7cd3d6f0599d calls=256 total_ms=0.103 avg_us=0.402 max_us=2
direct_cudaStreamSynchronize: calls=1245 total_ms=10.615 max_us=2474
by_direct_callsite (file:line):
   0 /opt/llama.cpp/ggml/src/ggml-cuda/ggml-cuda.cu:900 calls=12 total_ms=5.782 avg_us=481.833 max_us=2474
   1 /opt/llama.cpp/ggml/src/ggml-cuda/ggml-cuda.cu:839 calls=892 total_ms=4.501 avg_us=5.046 max_us=355
   2 /opt/llama.cpp/ggml/src/ggml-cuda/ggml-cuda.cu:2665 calls=191 total_ms=0.218 avg_us=1.141 max_us=6
   3 /opt/llama.cpp/ggml/src/ggml-cuda/ggml-cuda.cu:847 calls=150 total_ms=0.114 avg_us=0.760 max_us=2
=== END CUDA SYNC PROFILE ===
backend-sync-trace: count=2400 backend=CUDA0 caller=ggml_backend_sched_graph_compute_async_ext+0xecc

=== CUDA SYNC PROFILE (instrumentation only) ===
total_syncs = 2400
total_wait_ms = 1922.501
max_wait_us = 140101
sites = 5
wait_hist_us = logarithmic buckets
  hist[0] = 2159
  hist[1] = 140
  hist[2] = 12
  hist[3] = 9
  hist[4] = 3
  hist[9] = 10
  hist[10] = 25
  hist[11] = 16
  hist[14] = 2
  hist[15] = 12
  hist[16] = 11
  hist[17] = 1
by_callsite (caller PC; symbolize with addr2line):
   0 caller=0x7cd3d6f010c2 calls=1088 total_ms=1921.648 avg_us=1766.221 max_us=140101
   1 caller=0x7cd3d6f0586c calls=722 total_ms=0.329 avg_us=0.456 max_us=3
   2 caller=0x7cd3d6f0577c calls=268 total_ms=0.292 avg_us=1.090 max_us=23
   3 caller=0x7cd3d6f04732 calls=54 total_ms=0.127 avg_us=2.352 max_us=17
   4 caller=0x7cd3d6f0599d calls=268 total_ms=0.105 avg_us=0.392 max_us=2
direct_cudaStreamSynchronize: calls=1285 total_ms=10.770 max_us=2474
by_direct_callsite (file:line):
   0 /opt/llama.cpp/ggml/src/ggml-cuda/ggml-cuda.cu:900 calls=12 total_ms=5.782 avg_us=481.833 max_us=2474
   1 /opt/llama.cpp/ggml/src/ggml-cuda/ggml-cuda.cu:839 calls=932 total_ms=4.656 avg_us=4.996 max_us=355
   2 /opt/llama.cpp/ggml/src/ggml-cuda/ggml-cuda.cu:2665 calls=191 total_ms=0.218 avg_us=1.141 max_us=6
   3 /opt/llama.cpp/ggml/src/ggml-cuda/ggml-cuda.cu:847 calls=150 total_ms=0.114 avg_us=0.760 max_us=2
=== END CUDA SYNC PROFILE ===

=== CUDA SYNC PROFILE (instrumentation only) ===
total_syncs = 2426
total_wait_ms = 1923.990
max_wait_us = 140101
sites = 5
wait_hist_us = logarithmic buckets
  hist[0] = 2183
  hist[1] = 141
  hist[2] = 12
  hist[3] = 9
  hist[4] = 3
  hist[9] = 10
  hist[10] = 26
  hist[11] = 16
  hist[14] = 2
  hist[15] = 12
  hist[16] = 11
  hist[17] = 1
by_callsite (caller PC; symbolize with addr2line):
   0 caller=0x7cd3d6f010c2 calls=1095 total_ms=1923.126 avg_us=1756.279 max_us=140101
   1 caller=0x7cd3d6f0586c calls=733 total_ms=0.336 avg_us=0.458 max_us=3
   2 caller=0x7cd3d6f0577c calls=272 total_ms=0.295 avg_us=1.085 max_us=23
   3 caller=0x7cd3d6f04732 calls=54 total_ms=0.127 avg_us=2.352 max_us=17
   4 caller=0x7cd3d6f0599d calls=272 total_ms=0.106 avg_us=0.390 max_us=2
direct_cudaStreamSynchronize: calls=1300 total_ms=10.836 max_us=2474
by_direct_callsite (file:line):
   0 /opt/llama.cpp/ggml/src/ggml-cuda/ggml-cuda.cu:900 calls=12 total_ms=5.782 avg_us=481.833 max_us=2474
   1 /opt/llama.cpp/ggml/src/ggml-cuda/ggml-cuda.cu:839 calls=947 total_ms=4.722 avg_us=4.986 max_us=355
   2 /opt/llama.cpp/ggml/src/ggml-cuda/ggml-cuda.cu:2665 calls=191 total_ms=0.218 avg_us=1.141 max_us=6
   3 /opt/llama.cpp/ggml/src/ggml-cuda/ggml-cuda.cu:847 calls=150 total_ms=0.114 avg_us=0.760 max_us=2
=== END CUDA SYNC PROFILE ===
backend-sync-trace: count=2500 backend=CUDA0 caller=ggml_backend_sched_graph_compute_async_ext+0xddc

=== CUDA SYNC PROFILE (instrumentation only) ===
total_syncs = 2500
total_wait_ms = 1964.823
max_wait_us = 140101
sites = 5
wait_hist_us = logarithmic buckets
  hist[0] = 2250
  hist[1] = 145
  hist[2] = 12
  hist[3] = 9
  hist[4] = 3
  hist[9] = 10
  hist[10] = 28
  hist[11] = 16
  hist[14] = 2
  hist[15] = 13
  hist[16] = 11
  hist[17] = 1
by_callsite (caller PC; symbolize with addr2line):
   0 caller=0x7cd3d6f010c2 calls=1132 total_ms=1963.944 avg_us=1734.933 max_us=140101
   1 caller=0x7cd3d6f0586c calls=751 total_ms=0.340 avg_us=0.453 max_us=3
   2 caller=0x7cd3d6f0577c calls=281 total_ms=0.301 avg_us=1.071 max_us=23
   3 caller=0x7cd3d6f04732 calls=56 total_ms=0.131 avg_us=2.339 max_us=17
   4 caller=0x7cd3d6f0599d calls=280 total_ms=0.107 avg_us=0.382 max_us=2
direct_cudaStreamSynchronize: calls=1325 total_ms=10.941 max_us=2474
by_direct_callsite (file:line):
   0 /opt/llama.cpp/ggml/src/ggml-cuda/ggml-cuda.cu:900 calls=12 total_ms=5.782 avg_us=481.833 max_us=2474
   1 /opt/llama.cpp/ggml/src/ggml-cuda/ggml-cuda.cu:839 calls=972 total_ms=4.827 avg_us=4.966 max_us=355
   2 /opt/llama.cpp/ggml/src/ggml-cuda/ggml-cuda.cu:2665 calls=191 total_ms=0.218 avg_us=1.141 max_us=6
   3 /opt/llama.cpp/ggml/src/ggml-cuda/ggml-cuda.cu:847 calls=150 total_ms=0.114 avg_us=0.760 max_us=2
=== END CUDA SYNC PROFILE ===
backend-sync-trace: count=2600 backend=CUDA0 caller=ggml_backend_sched_graph_compute_async_ext+0xecc

=== CUDA SYNC PROFILE (instrumentation only) ===
total_syncs = 2600
total_wait_ms = 2022.403
max_wait_us = 140101
sites = 5
wait_hist_us = logarithmic buckets
  hist[0] = 2342
  hist[1] = 149
  hist[2] = 12
  hist[3] = 9
  hist[4] = 4
  hist[9] = 10
  hist[10] = 30
  hist[11] = 16
  hist[14] = 2
  hist[15] = 14
  hist[16] = 11
  hist[17] = 1
by_callsite (caller PC; symbolize with addr2line):
   0 caller=0x7cd3d6f010c2 calls=1169 total_ms=2021.479 avg_us=1729.238 max_us=140101
   1 caller=0x7cd3d6f0586c calls=789 total_ms=0.367 avg_us=0.465 max_us=17
   2 caller=0x7cd3d6f0577c calls=292 total_ms=0.310 avg_us=1.062 max_us=23
   3 caller=0x7cd3d6f04732 calls=58 total_ms=0.135 avg_us=2.328 max_us=17
   4 caller=0x7cd3d6f0599d calls=292 total_ms=0.112 avg_us=0.384 max_us=2
direct_cudaStreamSynchronize: calls=1371 total_ms=11.159 max_us=2474
by_direct_callsite (file:line):
   0 /opt/llama.cpp/ggml/src/ggml-cuda/ggml-cuda.cu:900 calls=12 total_ms=5.782 avg_us=481.833 max_us=2474
   1 /opt/llama.cpp/ggml/src/ggml-cuda/ggml-cuda.cu:839 calls=1018 total_ms=5.045 avg_us=4.956 max_us=355
   2 /opt/llama.cpp/ggml/src/ggml-cuda/ggml-cuda.cu:2665 calls=191 total_ms=0.218 avg_us=1.141 max_us=6
   3 /opt/llama.cpp/ggml/src/ggml-cuda/ggml-cuda.cu:847 calls=150 total_ms=0.114 avg_us=0.760 max_us=2
=== END CUDA SYNC PROFILE ===

=== CUDA SYNC PROFILE (instrumentation only) ===
total_syncs = 2679
total_wait_ms = 2091.125
max_wait_us = 140101
sites = 5
wait_hist_us = logarithmic buckets
  hist[0] = 2414
  hist[1] = 153
  hist[2] = 12
  hist[3] = 9
  hist[4] = 4
  hist[9] = 10
  hist[10] = 32
  hist[11] = 16
  hist[14] = 2
  hist[15] = 15
  hist[16] = 11
  hist[17] = 1
by_callsite (caller PC; symbolize with addr2line):
   0 caller=0x7cd3d6f010c2 calls=1206 total_ms=2090.176 avg_us=1733.148 max_us=140101
   1 caller=0x7cd3d6f0586c calls=809 total_ms=0.374 avg_us=0.462 max_us=17
   2 caller=0x7cd3d6f0577c calls=302 total_ms=0.317 avg_us=1.050 max_us=23
   3 caller=0x7cd3d6f04732 calls=60 total_ms=0.139 avg_us=2.317 max_us=17
   4 caller=0x7cd3d6f0599d calls=302 total_ms=0.119 avg_us=0.394 max_us=2
direct_cudaStreamSynchronize: calls=1400 total_ms=11.279 max_us=2474
by_direct_callsite (file:line):
   0 /opt/llama.cpp/ggml/src/ggml-cuda/ggml-cuda.cu:900 calls=12 total_ms=5.782 avg_us=481.833 max_us=2474
   1 /opt/llama.cpp/ggml/src/ggml-cuda/ggml-cuda.cu:839 calls=1047 total_ms=5.165 avg_us=4.933 max_us=355
   2 /opt/llama.cpp/ggml/src/ggml-cuda/ggml-cuda.cu:2665 calls=191 total_ms=0.218 avg_us=1.141 max_us=6
   3 /opt/llama.cpp/ggml/src/ggml-cuda/ggml-cuda.cu:847 calls=150 total_ms=0.114 avg_us=0.760 max_us=2
=== END CUDA SYNC PROFILE ===
backend-sync-trace: count=2700 backend=CUDA0 caller=ggml_backend_sched_graph_compute_async_ext+0xecc

=== CUDA SYNC PROFILE (instrumentation only) ===
total_syncs = 2700
total_wait_ms = 2143.476
max_wait_us = 140101
sites = 5
wait_hist_us = logarithmic buckets
  hist[0] = 2433
  hist[1] = 154
  hist[2] = 12
  hist[3] = 9
  hist[4] = 4
  hist[9] = 10
  hist[10] = 32
  hist[11] = 16
  hist[14] = 2
  hist[15] = 16
  hist[16] = 11
  hist[17] = 1
by_callsite (caller PC; symbolize with addr2line):
   0 caller=0x7cd3d6f010c2 calls=1208 total_ms=2142.519 avg_us=1773.608 max_us=140101
   1 caller=0x7cd3d6f0586c calls=823 total_ms=0.379 avg_us=0.461 max_us=17
   2 caller=0x7cd3d6f0577c calls=304 total_ms=0.319 avg_us=1.049 max_us=23
   3 caller=0x7cd3d6f04732 calls=61 total_ms=0.140 avg_us=2.295 max_us=17
   4 caller=0x7cd3d6f0599d calls=304 total_ms=0.119 avg_us=0.391 max_us=2
direct_cudaStreamSynchronize: calls=1415 total_ms=11.330 max_us=2474
by_direct_callsite (file:line):
   0 /opt/llama.cpp/ggml/src/ggml-cuda/ggml-cuda.cu:900 calls=12 total_ms=5.782 avg_us=481.833 max_us=2474
   1 /opt/llama.cpp/ggml/src/ggml-cuda/ggml-cuda.cu:839 calls=1062 total_ms=5.216 avg_us=4.911 max_us=355
   2 /opt/llama.cpp/ggml/src/ggml-cuda/ggml-cuda.cu:2665 calls=191 total_ms=0.218 avg_us=1.141 max_us=6
   3 /opt/llama.cpp/ggml/src/ggml-cuda/ggml-cuda.cu:847 calls=150 total_ms=0.114 avg_us=0.760 max_us=2
=== END CUDA SYNC PROFILE ===
backend-sync-trace: count=2800 backend=CUDA0 caller=ggml_backend_sched_graph_compute_async_ext+0xddc

=== CUDA SYNC PROFILE (instrumentation only) ===
total_syncs = 2800
total_wait_ms = 2175.263
max_wait_us = 140101
sites = 5
wait_hist_us = logarithmic buckets
  hist[0] = 2511
  hist[1] = 171
  hist[2] = 13
  hist[3] = 10
  hist[4] = 4
  hist[9] = 11
  hist[10] = 33
  hist[11] = 16
  hist[14] = 3
  hist[15] = 16
  hist[16] = 11
  hist[17] = 1
by_callsite (caller PC; symbolize with addr2line):
   0 caller=0x7cd3d6f010c2 calls=1254 total_ms=2174.237 avg_us=1733.841 max_us=140101
   1 caller=0x7cd3d6f0586c calls=851 total_ms=0.404 avg_us=0.475 max_us=17
   2 caller=0x7cd3d6f0577c calls=316 total_ms=0.345 avg_us=1.092 max_us=23
   3 caller=0x7cd3d6f04732 calls=64 total_ms=0.147 avg_us=2.297 max_us=17
   4 caller=0x7cd3d6f0599d calls=315 total_ms=0.130 avg_us=0.413 max_us=2
direct_cudaStreamSynchronize: calls=1452 total_ms=11.493 max_us=2474
by_direct_callsite (file:line):
   0 /opt/llama.cpp/ggml/src/ggml-cuda/ggml-cuda.cu:900 calls=12 total_ms=5.782 avg_us=481.833 max_us=2474
   1 /opt/llama.cpp/ggml/src/ggml-cuda/ggml-cuda.cu:839 calls=1099 total_ms=5.379 avg_us=4.894 max_us=355
   2 /opt/llama.cpp/ggml/src/ggml-cuda/ggml-cuda.cu:2665 calls=191 total_ms=0.218 avg_us=1.141 max_us=6
   3 /opt/llama.cpp/ggml/src/ggml-cuda/ggml-cuda.cu:847 calls=150 total_ms=0.114 avg_us=0.760 max_us=2
=== END CUDA SYNC PROFILE ===
backend-sync-trace: count=2900 backend=CUDA0 caller=ggml_backend_sched_graph_compute_async_ext+0xffd

=== CUDA SYNC PROFILE (instrumentation only) ===
total_syncs = 2900
total_wait_ms = 2222.981
max_wait_us = 140101
sites = 5
wait_hist_us = logarithmic buckets
  hist[0] = 2602
  hist[1] = 176
  hist[2] = 13
  hist[3] = 10
  hist[4] = 4
  hist[9] = 13
  hist[10] = 34
  hist[11] = 16
  hist[14] = 3
  hist[15] = 17
  hist[16] = 11
  hist[17] = 1
by_callsite (caller PC; symbolize with addr2line):
   0 caller=0x7cd3d6f010c2 calls=1298 total_ms=2221.913 avg_us=1711.797 max_us=140101
   1 caller=0x7cd3d6f0586c calls=882 total_ms=0.423 avg_us=0.480 max_us=17
   2 caller=0x7cd3d6f0577c calls=327 total_ms=0.356 avg_us=1.089 max_us=23
   3 caller=0x7cd3d6f04732 calls=66 total_ms=0.151 avg_us=2.288 max_us=17
   4 caller=0x7cd3d6f0599d calls=327 total_ms=0.138 avg_us=0.422 max_us=2
direct_cudaStreamSynchronize: calls=1492 total_ms=11.650 max_us=2474
by_direct_callsite (file:line):
   0 /opt/llama.cpp/ggml/src/ggml-cuda/ggml-cuda.cu:900 calls=12 total_ms=5.782 avg_us=481.833 max_us=2474
   1 /opt/llama.cpp/ggml/src/ggml-cuda/ggml-cuda.cu:839 calls=1139 total_ms=5.536 avg_us=4.860 max_us=355
   2 /opt/llama.cpp/ggml/src/ggml-cuda/ggml-cuda.cu:2665 calls=191 total_ms=0.218 avg_us=1.141 max_us=6
   3 /opt/llama.cpp/ggml/src/ggml-cuda/ggml-cuda.cu:847 calls=150 total_ms=0.114 avg_us=0.760 max_us=2
=== END CUDA SYNC PROFILE ===

=== CUDA SYNC PROFILE (instrumentation only) ===
total_syncs = 2917
total_wait_ms = 2224.608
max_wait_us = 140101
sites = 5
wait_hist_us = logarithmic buckets
  hist[0] = 2617
  hist[1] = 177
  hist[2] = 13
  hist[3] = 10
  hist[4] = 4
  hist[9] = 13
  hist[10] = 35
  hist[11] = 16
  hist[14] = 3
  hist[15] = 17
  hist[16] = 11
  hist[17] = 1
by_callsite (caller PC; symbolize with addr2line):
   0 caller=0x7cd3d6f010c2 calls=1305 total_ms=2223.534 avg_us=1703.857 max_us=140101
   1 caller=0x7cd3d6f0586c calls=886 total_ms=0.424 avg_us=0.479 max_us=17
   2 caller=0x7cd3d6f0577c calls=330 total_ms=0.360 avg_us=1.091 max_us=23
   3 caller=0x7cd3d6f04732 calls=66 total_ms=0.151 avg_us=2.288 max_us=17
   4 caller=0x7cd3d6f0599d calls=330 total_ms=0.139 avg_us=0.421 max_us=2
direct_cudaStreamSynchronize: calls=1500 total_ms=11.682 max_us=2474
by_direct_callsite (file:line):
   0 /opt/llama.cpp/ggml/src/ggml-cuda/ggml-cuda.cu:900 calls=12 total_ms=5.782 avg_us=481.833 max_us=2474
   1 /opt/llama.cpp/ggml/src/ggml-cuda/ggml-cuda.cu:839 calls=1147 total_ms=5.568 avg_us=4.854 max_us=355
   2 /opt/llama.cpp/ggml/src/ggml-cuda/ggml-cuda.cu:2665 calls=191 total_ms=0.218 avg_us=1.141 max_us=6
   3 /opt/llama.cpp/ggml/src/ggml-cuda/ggml-cuda.cu:847 calls=150 total_ms=0.114 avg_us=0.760 max_us=2
=== END CUDA SYNC PROFILE ===
backend-sync-trace: count=3000 backend=CUDA0 caller=ggml_backend_sched_graph_compute_async_ext+0xddc

=== CUDA SYNC PROFILE (instrumentation only) ===
total_syncs = 3000
total_wait_ms = 2269.677
max_wait_us = 140101
sites = 5
wait_hist_us = logarithmic buckets
  hist[0] = 2693
  hist[1] = 181
  hist[2] = 13
  hist[3] = 10
  hist[4] = 4
  hist[9] = 13
  hist[10] = 37
  hist[11] = 16
  hist[14] = 3
  hist[15] = 18
  hist[16] = 11
  hist[17] = 1
by_callsite (caller PC; symbolize with addr2line):
   0 caller=0x7cd3d6f010c2 calls=1342 total_ms=2268.581 avg_us=1690.448 max_us=140101
   1 caller=0x7cd3d6f0586c calls=913 total_ms=0.434 avg_us=0.475 max_us=17
   2 caller=0x7cd3d6f0577c calls=339 total_ms=0.365 avg_us=1.077 max_us=23
   3 caller=0x7cd3d6f04732 calls=68 total_ms=0.155 avg_us=2.279 max_us=17
   4 caller=0x7cd3d6f0599d calls=338 total_ms=0.142 avg_us=0.420 max_us=2
direct_cudaStreamSynchronize: calls=1533 total_ms=11.822 max_us=2474
by_direct_callsite (file:line):
   0 /opt/llama.cpp/ggml/src/ggml-cuda/ggml-cuda.cu:900 calls=12 total_ms=5.782 avg_us=481.833 max_us=2474
   1 /opt/llama.cpp/ggml/src/ggml-cuda/ggml-cuda.cu:839 calls=1180 total_ms=5.708 avg_us=4.837 max_us=355
   2 /opt/llama.cpp/ggml/src/ggml-cuda/ggml-cuda.cu:2665 calls=191 total_ms=0.218 avg_us=1.141 max_us=6
   3 /opt/llama.cpp/ggml/src/ggml-cuda/ggml-cuda.cu:847 calls=150 total_ms=0.114 avg_us=0.760 max_us=2
=== END CUDA SYNC PROFILE ===
backend-sync-trace: count=3100 backend=CUDA0 caller=ggml_backend_sched_graph_compute_async_ext+0xecc

=== CUDA SYNC PROFILE (instrumentation only) ===
total_syncs = 3100
total_wait_ms = 2327.302
max_wait_us = 140101
sites = 5
wait_hist_us = logarithmic buckets
  hist[0] = 2787
  hist[1] = 184
  hist[2] = 13
  hist[3] = 10
  hist[4] = 4
  hist[9] = 15
  hist[10] = 37
  hist[11] = 16
  hist[14] = 3
  hist[15] = 19
  hist[16] = 11
  hist[17] = 1
by_callsite (caller PC; symbolize with addr2line):
   0 caller=0x7cd3d6f010c2 calls=1379 total_ms=2326.179 avg_us=1686.859 max_us=140101
   1 caller=0x7cd3d6f0586c calls=947 total_ms=0.442 avg_us=0.467 max_us=17
   2 caller=0x7cd3d6f0577c calls=352 total_ms=0.374 avg_us=1.062 max_us=23
   3 caller=0x7cd3d6f04732 calls=70 total_ms=0.159 avg_us=2.271 max_us=17
   4 caller=0x7cd3d6f0599d calls=352 total_ms=0.148 avg_us=0.420 max_us=2
direct_cudaStreamSynchronize: calls=1577 total_ms=12.015 max_us=2474
by_direct_callsite (file:line):
   0 /opt/llama.cpp/ggml/src/ggml-cuda/ggml-cuda.cu:839 calls=1224 total_ms=5.901 avg_us=4.821 max_us=355
   1 /opt/llama.cpp/ggml/src/ggml-cuda/ggml-cuda.cu:900 calls=12 total_ms=5.782 avg_us=481.833 max_us=2474
   2 /opt/llama.cpp/ggml/src/ggml-cuda/ggml-cuda.cu:2665 calls=191 total_ms=0.218 avg_us=1.141 max_us=6
   3 /opt/llama.cpp/ggml/src/ggml-cuda/ggml-cuda.cu:847 calls=150 total_ms=0.114 avg_us=0.760 max_us=2
=== END CUDA SYNC PROFILE ===

=== CUDA SYNC PROFILE (instrumentation only) ===
total_syncs = 3161
total_wait_ms = 2369.160
max_wait_us = 140101
sites = 5
wait_hist_us = logarithmic buckets
  hist[0] = 2842
  hist[1] = 187
  hist[2] = 14
  hist[3] = 10
  hist[4] = 4
  hist[9] = 16
  hist[10] = 37
  hist[11] = 16
  hist[14] = 3
  hist[15] = 20
  hist[16] = 11
  hist[17] = 1
by_callsite (caller PC; symbolize with addr2line):
   0 caller=0x7cd3d6f010c2 calls=1409 total_ms=2368.021 avg_us=1680.639 max_us=140101
   1 caller=0x7cd3d6f0586c calls=964 total_ms=0.448 avg_us=0.465 max_us=17
   2 caller=0x7cd3d6f0577c calls=358 total_ms=0.378 avg_us=1.056 max_us=23
   3 caller=0x7cd3d6f04732 calls=72 total_ms=0.163 avg_us=2.264 max_us=17
   4 caller=0x7cd3d6f0599d calls=358 total_ms=0.150 avg_us=0.419 max_us=2
direct_cudaStreamSynchronize: calls=1600 total_ms=12.097 max_us=2474
by_direct_callsite (file:line):
   0 /opt/llama.cpp/ggml/src/ggml-cuda/ggml-cuda.cu:839 calls=1247 total_ms=5.983 avg_us=4.798 max_us=355
   1 /opt/llama.cpp/ggml/src/ggml-cuda/ggml-cuda.cu:900 calls=12 total_ms=5.782 avg_us=481.833 max_us=2474
   2 /opt/llama.cpp/ggml/src/ggml-cuda/ggml-cuda.cu:2665 calls=191 total_ms=0.218 avg_us=1.141 max_us=6
   3 /opt/llama.cpp/ggml/src/ggml-cuda/ggml-cuda.cu:847 calls=150 total_ms=0.114 avg_us=0.760 max_us=2
=== END CUDA SYNC PROFILE ===
backend-sync-trace: count=3200 backend=CUDA0 caller=ggml_backend_sched_synchronize+0x52

=== CUDA SYNC PROFILE (instrumentation only) ===
total_syncs = 3200
total_wait_ms = 2409.649
max_wait_us = 140101
sites = 5
wait_hist_us = logarithmic buckets
  hist[0] = 2875
  hist[1] = 191
  hist[2] = 14
  hist[3] = 10
  hist[4] = 4
  hist[9] = 17
  hist[10] = 37
  hist[11] = 16
  hist[14] = 3
  hist[15] = 21
  hist[16] = 11
  hist[17] = 1
by_callsite (caller PC; symbolize with addr2line):
   0 caller=0x7cd3d6f010c2 calls=1422 total_ms=2408.498 avg_us=1693.740 max_us=140101
   1 caller=0x7cd3d6f0586c calls=982 total_ms=0.454 avg_us=0.462 max_us=17
   2 caller=0x7cd3d6f0577c calls=362 total_ms=0.384 avg_us=1.061 max_us=23
   3 caller=0x7cd3d6f04732 calls=72 total_ms=0.163 avg_us=2.264 max_us=17
   4 caller=0x7cd3d6f0599d calls=362 total_ms=0.150 avg_us=0.414 max_us=2
direct_cudaStreamSynchronize: calls=1621 total_ms=12.178 max_us=2474
by_direct_callsite (file:line):
   0 /opt/llama.cpp/ggml/src/ggml-cuda/ggml-cuda.cu:839 calls=1268 total_ms=6.064 avg_us=4.782 max_us=355
   1 /opt/llama.cpp/ggml/src/ggml-cuda/ggml-cuda.cu:900 calls=12 total_ms=5.782 avg_us=481.833 max_us=2474
   2 /opt/llama.cpp/ggml/src/ggml-cuda/ggml-cuda.cu:2665 calls=191 total_ms=0.218 avg_us=1.141 max_us=6
   3 /opt/llama.cpp/ggml/src/ggml-cuda/ggml-cuda.cu:847 calls=150 total_ms=0.114 avg_us=0.760 max_us=2
=== END CUDA SYNC PROFILE ===
backend-sync-trace: count=3300 backend=CUDA0 caller=ggml_backend_sched_synchronize+0x52

=== CUDA SYNC PROFILE (instrumentation only) ===
total_syncs = 3300
total_wait_ms = 2486.173
max_wait_us = 140101
sites = 5
wait_hist_us = logarithmic buckets
  hist[0] = 2965
  hist[1] = 197
  hist[2] = 15
  hist[3] = 10
  hist[4] = 4
  hist[9] = 17
  hist[10] = 38
  hist[11] = 17
  hist[14] = 3
  hist[15] = 21
  hist[16] = 12
  hist[17] = 1
by_callsite (caller PC; symbolize with addr2line):
   0 caller=0x7cd3d6f010c2 calls=1464 total_ms=2484.987 avg_us=1697.395 max_us=140101
   1 caller=0x7cd3d6f0586c calls=1013 total_ms=0.470 avg_us=0.464 max_us=17
   2 caller=0x7cd3d6f0577c calls=374 total_ms=0.393 avg_us=1.051 max_us=23
   3 caller=0x7cd3d6f04732 calls=75 total_ms=0.169 avg_us=2.253 max_us=17
   4 caller=0x7cd3d6f0599d calls=374 total_ms=0.154 avg_us=0.412 max_us=2
direct_cudaStreamSynchronize: calls=1661 total_ms=12.340 max_us=2474
by_direct_callsite (file:line):
   0 /opt/llama.cpp/ggml/src/ggml-cuda/ggml-cuda.cu:839 calls=1308 total_ms=6.226 avg_us=4.760 max_us=355
   1 /opt/llama.cpp/ggml/src/ggml-cuda/ggml-cuda.cu:900 calls=12 total_ms=5.782 avg_us=481.833 max_us=2474
   2 /opt/llama.cpp/ggml/src/ggml-cuda/ggml-cuda.cu:2665 calls=191 total_ms=0.218 avg_us=1.141 max_us=6
   3 /opt/llama.cpp/ggml/src/ggml-cuda/ggml-cuda.cu:847 calls=150 total_ms=0.114 avg_us=0.760 max_us=2
=== END CUDA SYNC PROFILE ===
backend-sync-trace: count=3400 backend=CUDA0 caller=ggml_backend_sched_synchronize+0x52

=== CUDA SYNC PROFILE (instrumentation only) ===
total_syncs = 3400
total_wait_ms = 2553.038
max_wait_us = 140101
sites = 5
wait_hist_us = logarithmic buckets
  hist[0] = 3057
  hist[1] = 202
  hist[2] = 15
  hist[3] = 10
  hist[4] = 4
  hist[9] = 18
  hist[10] = 38
  hist[11] = 18
  hist[14] = 3
  hist[15] = 22
  hist[16] = 12
  hist[17] = 1
by_callsite (caller PC; symbolize with addr2line):
   0 caller=0x7cd3d6f010c2 calls=1515 total_ms=2551.823 avg_us=1684.372 max_us=140101
   1 caller=0x7cd3d6f0586c calls=1040 total_ms=0.478 avg_us=0.460 max_us=17
   2 caller=0x7cd3d6f0577c calls=384 total_ms=0.403 avg_us=1.049 max_us=23
   3 caller=0x7cd3d6f04732 calls=77 total_ms=0.174 avg_us=2.260 max_us=17
   4 caller=0x7cd3d6f0599d calls=384 total_ms=0.160 avg_us=0.417 max_us=2
direct_cudaStreamSynchronize: calls=1696 total_ms=12.478 max_us=2474
by_direct_callsite (file:line):
   0 /opt/llama.cpp/ggml/src/ggml-cuda/ggml-cuda.cu:839 calls=1343 total_ms=6.364 avg_us=4.739 max_us=355
   1 /opt/llama.cpp/ggml/src/ggml-cuda/ggml-cuda.cu:900 calls=12 total_ms=5.782 avg_us=481.833 max_us=2474
   2 /opt/llama.cpp/ggml/src/ggml-cuda/ggml-cuda.cu:2665 calls=191 total_ms=0.218 avg_us=1.141 max_us=6
   3 /opt/llama.cpp/ggml/src/ggml-cuda/ggml-cuda.cu:847 calls=150 total_ms=0.114 avg_us=0.760 max_us=2
=== END CUDA SYNC PROFILE ===

=== CUDA SYNC PROFILE (instrumentation only) ===
total_syncs = 3410
total_wait_ms = 2553.044
max_wait_us = 140101
sites = 5
wait_hist_us = logarithmic buckets
  hist[0] = 3066
  hist[1] = 203
  hist[2] = 15
  hist[3] = 10
  hist[4] = 4
  hist[9] = 18
  hist[10] = 38
  hist[11] = 18
  hist[14] = 3
  hist[15] = 22
  hist[16] = 12
  hist[17] = 1
by_callsite (caller PC; symbolize with addr2line):
   0 caller=0x7cd3d6f010c2 calls=1518 total_ms=2551.824 avg_us=1681.043 max_us=140101
   1 caller=0x7cd3d6f0586c calls=1042 total_ms=0.478 avg_us=0.459 max_us=17
   2 caller=0x7cd3d6f0577c calls=386 total_ms=0.405 avg_us=1.049 max_us=23
   3 caller=0x7cd3d6f04732 calls=78 total_ms=0.176 avg_us=2.256 max_us=17
   4 caller=0x7cd3d6f0599d calls=386 total_ms=0.161 avg_us=0.417 max_us=2
direct_cudaStreamSynchronize: calls=1700 total_ms=12.492 max_us=2474
by_direct_callsite (file:line):
   0 /opt/llama.cpp/ggml/src/ggml-cuda/ggml-cuda.cu:839 calls=1347 total_ms=6.378 avg_us=4.735 max_us=355
   1 /opt/llama.cpp/ggml/src/ggml-cuda/ggml-cuda.cu:900 calls=12 total_ms=5.782 avg_us=481.833 max_us=2474
   2 /opt/llama.cpp/ggml/src/ggml-cuda/ggml-cuda.cu:2665 calls=191 total_ms=0.218 avg_us=1.141 max_us=6
   3 /opt/llama.cpp/ggml/src/ggml-cuda/ggml-cuda.cu:847 calls=150 total_ms=0.114 avg_us=0.760 max_us=2
=== END CUDA SYNC PROFILE ===
backend-sync-trace: count=3500 backend=CUDA0 caller=ggml_backend_sched_synchronize+0x52

=== CUDA SYNC PROFILE (instrumentation only) ===
total_syncs = 3500
total_wait_ms = 2613.146
max_wait_us = 140101
sites = 5
wait_hist_us = logarithmic buckets
  hist[0] = 3148
  hist[1] = 207
  hist[2] = 15
  hist[3] = 10
  hist[4] = 4
  hist[9] = 18
  hist[10] = 40
  hist[11] = 19
  hist[14] = 3
  hist[15] = 23
  hist[16] = 12
  hist[17] = 1
by_callsite (caller PC; symbolize with addr2line):
   0 caller=0x7cd3d6f010c2 calls=1557 total_ms=2611.906 avg_us=1677.525 max_us=140101
   1 caller=0x7cd3d6f0586c calls=1071 total_ms=0.483 avg_us=0.451 max_us=17
   2 caller=0x7cd3d6f0577c calls=396 total_ms=0.416 avg_us=1.051 max_us=23
   3 caller=0x7cd3d6f04732 calls=80 total_ms=0.180 avg_us=2.250 max_us=17
   4 caller=0x7cd3d6f0599d calls=396 total_ms=0.161 avg_us=0.407 max_us=2
direct_cudaStreamSynchronize: calls=1737 total_ms=12.638 max_us=2474
by_direct_callsite (file:line):
   0 /opt/llama.cpp/ggml/src/ggml-cuda/ggml-cuda.cu:839 calls=1384 total_ms=6.524 avg_us=4.714 max_us=355
   1 /opt/llama.cpp/ggml/src/ggml-cuda/ggml-cuda.cu:900 calls=12 total_ms=5.782 avg_us=481.833 max_us=2474
   2 /opt/llama.cpp/ggml/src/ggml-cuda/ggml-cuda.cu:2665 calls=191 total_ms=0.218 avg_us=1.141 max_us=6
   3 /opt/llama.cpp/ggml/src/ggml-cuda/ggml-cuda.cu:847 calls=150 total_ms=0.114 avg_us=0.760 max_us=2
=== END CUDA SYNC PROFILE ===
1.06.800.259 I slot print_timing: id  0 | task 0 | n_gen =    111, tg =  36.67 t/s, tg_3s =  37.00 t/s
backend-sync-trace: count=3600 backend=CUDA0 caller=ggml_backend_sched_synchronize+0x52

=== CUDA SYNC PROFILE (instrumentation only) ===
total_syncs = 3600
total_wait_ms = 2668.936
max_wait_us = 140101
sites = 5
wait_hist_us = logarithmic buckets
  hist[0] = 3240
  hist[1] = 210
  hist[2] = 16
  hist[3] = 10
  hist[4] = 4
  hist[9] = 18
  hist[10] = 43
  hist[11] = 19
  hist[14] = 3
  hist[15] = 24
  hist[16] = 12
  hist[17] = 1
by_callsite (caller PC; symbolize with addr2line):
   0 caller=0x7cd3d6f010c2 calls=1600 total_ms=2667.663 avg_us=1667.289 max_us=140101
   1 caller=0x7cd3d6f0586c calls=1102 total_ms=0.497 avg_us=0.451 max_us=17
   2 caller=0x7cd3d6f0577c calls=408 total_ms=0.427 avg_us=1.047 max_us=23
   3 caller=0x7cd3d6f04732 calls=82 total_ms=0.184 avg_us=2.244 max_us=17
   4 caller=0x7cd3d6f0599d calls=408 total_ms=0.165 avg_us=0.404 max_us=2
direct_cudaStreamSynchronize: calls=1778 total_ms=12.796 max_us=2474
by_direct_callsite (file:line):
   0 /opt/llama.cpp/ggml/src/ggml-cuda/ggml-cuda.cu:839 calls=1425 total_ms=6.682 avg_us=4.689 max_us=355
   1 /opt/llama.cpp/ggml/src/ggml-cuda/ggml-cuda.cu:900 calls=12 total_ms=5.782 avg_us=481.833 max_us=2474
   2 /opt/llama.cpp/ggml/src/ggml-cuda/ggml-cuda.cu:2665 calls=191 total_ms=0.218 avg_us=1.141 max_us=6
   3 /opt/llama.cpp/ggml/src/ggml-cuda/ggml-cuda.cu:847 calls=150 total_ms=0.114 avg_us=0.760 max_us=2
=== END CUDA SYNC PROFILE ===

=== CUDA SYNC PROFILE (instrumentation only) ===
total_syncs = 3638
total_wait_ms = 2711.488
max_wait_us = 140101
sites = 5
wait_hist_us = logarithmic buckets
  hist[0] = 3276
  hist[1] = 211
  hist[2] = 16
  hist[3] = 10
  hist[4] = 4
  hist[9] = 18
  hist[10] = 43
  hist[11] = 19
  hist[14] = 3
  hist[15] = 25
  hist[16] = 12
  hist[17] = 1
by_callsite (caller PC; symbolize with addr2line):
   0 caller=0x7cd3d6f010c2 calls=1608 total_ms=2710.196 avg_us=1685.445 max_us=140101
   1 caller=0x7cd3d6f0586c calls=1119 total_ms=0.506 avg_us=0.452 max_us=17
   2 caller=0x7cd3d6f0577c calls=414 total_ms=0.433 avg_us=1.046 max_us=23
   3 caller=0x7cd3d6f04732 calls=83 total_ms=0.185 avg_us=2.229 max_us=17
   4 caller=0x7cd3d6f0599d calls=414 total_ms=0.168 avg_us=0.406 max_us=2
direct_cudaStreamSynchronize: calls=1800 total_ms=12.893 max_us=2474
by_direct_callsite (file:line):
   0 /opt/llama.cpp/ggml/src/ggml-cuda/ggml-cuda.cu:839 calls=1447 total_ms=6.779 avg_us=4.685 max_us=355
   1 /opt/llama.cpp/ggml/src/ggml-cuda/ggml-cuda.cu:900 calls=12 total_ms=5.782 avg_us=481.833 max_us=2474
   2 /opt/llama.cpp/ggml/src/ggml-cuda/ggml-cuda.cu:2665 calls=191 total_ms=0.218 avg_us=1.141 max_us=6
   3 /opt/llama.cpp/ggml/src/ggml-cuda/ggml-cuda.cu:847 calls=150 total_ms=0.114 avg_us=0.760 max_us=2
=== END CUDA SYNC PROFILE ===
backend-sync-trace: count=3700 backend=CUDA0 caller=ggml_backend_sched_graph_compute_async_ext+0xecc

=== CUDA SYNC PROFILE (instrumentation only) ===
total_syncs = 3700
total_wait_ms = 2713.644
max_wait_us = 140101
sites = 5
wait_hist_us = logarithmic buckets
  hist[0] = 3333
  hist[1] = 213
  hist[2] = 17
  hist[3] = 10
  hist[4] = 4
  hist[9] = 19
  hist[10] = 44
  hist[11] = 19
  hist[14] = 3
  hist[15] = 25
  hist[16] = 12
  hist[17] = 1
by_callsite (caller PC; symbolize with addr2line):
   0 caller=0x7cd3d6f010c2 calls=1631 total_ms=2712.328 avg_us=1662.985 max_us=140101
   1 caller=0x7cd3d6f0586c calls=1141 total_ms=0.519 avg_us=0.455 max_us=17
   2 caller=0x7cd3d6f0577c calls=422 total_ms=0.442 avg_us=1.047 max_us=23
   3 caller=0x7cd3d6f04732 calls=84 total_ms=0.187 avg_us=2.226 max_us=17
   4 caller=0x7cd3d6f0599d calls=422 total_ms=0.168 avg_us=0.398 max_us=2
direct_cudaStreamSynchronize: calls=1827 total_ms=13.001 max_us=2474
by_direct_callsite (file:line):
   0 /opt/llama.cpp/ggml/src/ggml-cuda/ggml-cuda.cu:839 calls=1474 total_ms=6.887 avg_us=4.672 max_us=355
   1 /opt/llama.cpp/ggml/src/ggml-cuda/ggml-cuda.cu:900 calls=12 total_ms=5.782 avg_us=481.833 max_us=2474
   2 /opt/llama.cpp/ggml/src/ggml-cuda/ggml-cuda.cu:2665 calls=191 total_ms=0.218 avg_us=1.141 max_us=6
   3 /opt/llama.cpp/ggml/src/ggml-cuda/ggml-cuda.cu:847 calls=150 total_ms=0.114 avg_us=0.760 max_us=2
=== END CUDA SYNC PROFILE ===
backend-sync-trace: count=3800 backend=CUDA0 caller=ggml_backend_sched_synchronize+0x52

=== CUDA SYNC PROFILE (instrumentation only) ===
total_syncs = 3800
total_wait_ms = 2787.013
max_wait_us = 140101
sites = 5
wait_hist_us = logarithmic buckets
  hist[0] = 3426
  hist[1] = 216
  hist[2] = 17
  hist[3] = 10
  hist[4] = 4
  hist[9] = 19
  hist[10] = 46
  hist[11] = 19
  hist[14] = 4
  hist[15] = 26
  hist[16] = 12
  hist[17] = 1
by_callsite (caller PC; symbolize with addr2line):
   0 caller=0x7cd3d6f010c2 calls=1670 total_ms=2785.670 avg_us=1668.066 max_us=140101
   1 caller=0x7cd3d6f0586c calls=1175 total_ms=0.531 avg_us=0.452 max_us=17
   2 caller=0x7cd3d6f0577c calls=434 total_ms=0.450 avg_us=1.037 max_us=23
   3 caller=0x7cd3d6f04732 calls=87 total_ms=0.191 avg_us=2.195 max_us=17
   4 caller=0x7cd3d6f0599d calls=434 total_ms=0.171 avg_us=0.394 max_us=2
direct_cudaStreamSynchronize: calls=1871 total_ms=13.207 max_us=2474
by_direct_callsite (file:line):
   0 /opt/llama.cpp/ggml/src/ggml-cuda/ggml-cuda.cu:839 calls=1518 total_ms=7.093 avg_us=4.673 max_us=355
   1 /opt/llama.cpp/ggml/src/ggml-cuda/ggml-cuda.cu:900 calls=12 total_ms=5.782 avg_us=481.833 max_us=2474
   2 /opt/llama.cpp/ggml/src/ggml-cuda/ggml-cuda.cu:2665 calls=191 total_ms=0.218 avg_us=1.141 max_us=6
   3 /opt/llama.cpp/ggml/src/ggml-cuda/ggml-cuda.cu:847 calls=150 total_ms=0.114 avg_us=0.760 max_us=2
=== END CUDA SYNC PROFILE ===

=== CUDA SYNC PROFILE (instrumentation only) ===
total_syncs = 3862
total_wait_ms = 2788.901
max_wait_us = 140101
sites = 5
wait_hist_us = logarithmic buckets
  hist[0] = 3484
  hist[1] = 218
  hist[2] = 17
  hist[3] = 10
  hist[4] = 4
  hist[9] = 21
  hist[10] = 46
  hist[11] = 19
  hist[14] = 4
  hist[15] = 26
  hist[16] = 12
  hist[17] = 1
by_callsite (caller PC; symbolize with addr2line):
   0 caller=0x7cd3d6f010c2 calls=1693 total_ms=2787.536 avg_us=1646.507 max_us=140101
   1 caller=0x7cd3d6f0586c calls=1197 total_ms=0.539 avg_us=0.450 max_us=17
   2 caller=0x7cd3d6f0577c calls=442 total_ms=0.459 avg_us=1.038 max_us=23
   3 caller=0x7cd3d6f04732 calls=88 total_ms=0.193 avg_us=2.193 max_us=17
   4 caller=0x7cd3d6f0599d calls=442 total_ms=0.174 avg_us=0.394 max_us=2
direct_cudaStreamSynchronize: calls=1900 total_ms=13.317 max_us=2474
by_direct_callsite (file:line):
   0 /opt/llama.cpp/ggml/src/ggml-cuda/ggml-cuda.cu:839 calls=1547 total_ms=7.203 avg_us=4.656 max_us=355
   1 /opt/llama.cpp/ggml/src/ggml-cuda/ggml-cuda.cu:900 calls=12 total_ms=5.782 avg_us=481.833 max_us=2474
   2 /opt/llama.cpp/ggml/src/ggml-cuda/ggml-cuda.cu:2665 calls=191 total_ms=0.218 avg_us=1.141 max_us=6
   3 /opt/llama.cpp/ggml/src/ggml-cuda/ggml-cuda.cu:847 calls=150 total_ms=0.114 avg_us=0.760 max_us=2
=== END CUDA SYNC PROFILE ===
backend-sync-trace: count=3900 backend=CUDA0 caller=ggml_backend_sched_graph_compute_async_ext+0xffd

=== CUDA SYNC PROFILE (instrumentation only) ===
total_syncs = 3900
total_wait_ms = 2813.369
max_wait_us = 140101
sites = 5
wait_hist_us = logarithmic buckets
  hist[0] = 3520
  hist[1] = 219
  hist[2] = 17
  hist[3] = 10
  hist[4] = 4
  hist[9] = 21
  hist[10] = 46
  hist[11] = 19
  hist[14] = 5
  hist[15] = 26
  hist[16] = 12
  hist[17] = 1
by_callsite (caller PC; symbolize with addr2line):
   0 caller=0x7cd3d6f010c2 calls=1716 total_ms=2811.996 avg_us=1638.692 max_us=140101
   1 caller=0x7cd3d6f0586c calls=1202 total_ms=0.540 avg_us=0.449 max_us=17
   2 caller=0x7cd3d6f0577c calls=446 total_ms=0.462 avg_us=1.036 max_us=23
   3 caller=0x7cd3d6f04732 calls=90 total_ms=0.196 avg_us=2.178 max_us=17
   4 caller=0x7cd3d6f0599d calls=446 total_ms=0.175 avg_us=0.392 max_us=2
direct_cudaStreamSynchronize: calls=1907 total_ms=13.350 max_us=2474
by_direct_callsite (file:line):
   0 /opt/llama.cpp/ggml/src/ggml-cuda/ggml-cuda.cu:839 calls=1554 total_ms=7.236 avg_us=4.656 max_us=355
   1 /opt/llama.cpp/ggml/src/ggml-cuda/ggml-cuda.cu:900 calls=12 total_ms=5.782 avg_us=481.833 max_us=2474
   2 /opt/llama.cpp/ggml/src/ggml-cuda/ggml-cuda.cu:2665 calls=191 total_ms=0.218 avg_us=1.141 max_us=6
   3 /opt/llama.cpp/ggml/src/ggml-cuda/ggml-cuda.cu:847 calls=150 total_ms=0.114 avg_us=0.760 max_us=2
=== END CUDA SYNC PROFILE ===
backend-sync-trace: count=4000 backend=CUDA0 caller=ggml_backend_sched_synchronize+0x52

=== CUDA SYNC PROFILE (instrumentation only) ===
total_syncs = 4000
total_wait_ms = 2870.107
max_wait_us = 140101
sites = 5
wait_hist_us = logarithmic buckets
  hist[0] = 3612
  hist[1] = 221
  hist[2] = 18
  hist[3] = 10
  hist[4] = 4
  hist[9] = 23
  hist[10] = 48
  hist[11] = 19
  hist[14] = 5
  hist[15] = 27
  hist[16] = 12
  hist[17] = 1
by_callsite (caller PC; symbolize with addr2line):
   0 caller=0x7cd3d6f010c2 calls=1755 total_ms=2868.700 avg_us=1634.587 max_us=140101
   1 caller=0x7cd3d6f0586c calls=1237 total_ms=0.556 avg_us=0.449 max_us=17
   2 caller=0x7cd3d6f0577c calls=458 total_ms=0.473 avg_us=1.033 max_us=23
   3 caller=0x7cd3d6f04732 calls=92 total_ms=0.199 avg_us=2.163 max_us=17
   4 caller=0x7cd3d6f0599d calls=458 total_ms=0.179 avg_us=0.391 max_us=2
direct_cudaStreamSynchronize: calls=1953 total_ms=13.524 max_us=2474
by_direct_callsite (file:line):
   0 /opt/llama.cpp/ggml/src/ggml-cuda/ggml-cuda.cu:839 calls=1600 total_ms=7.410 avg_us=4.631 max_us=355
   1 /opt/llama.cpp/ggml/src/ggml-cuda/ggml-cuda.cu:900 calls=12 total_ms=5.782 avg_us=481.833 max_us=2474
   2 /opt/llama.cpp/ggml/src/ggml-cuda/ggml-cuda.cu:2665 calls=191 total_ms=0.218 avg_us=1.141 max_us=6
   3 /opt/llama.cpp/ggml/src/ggml-cuda/ggml-cuda.cu:847 calls=150 total_ms=0.114 avg_us=0.760 max_us=2
=== END CUDA SYNC PROFILE ===

=== CUDA SYNC PROFILE (instrumentation only) ===
total_syncs = 4097
total_wait_ms = 2906.926
max_wait_us = 140101
sites = 5
wait_hist_us = logarithmic buckets
  hist[0] = 3700
  hist[1] = 226
  hist[2] = 19
  hist[3] = 10
  hist[4] = 4
  hist[9] = 23
  hist[10] = 50
  hist[11] = 19
  hist[14] = 5
  hist[15] = 28
  hist[16] = 12
  hist[17] = 1
by_callsite (caller PC; symbolize with addr2line):
   0 caller=0x7cd3d6f010c2 calls=1786 total_ms=2905.484 avg_us=1626.811 max_us=140101
   1 caller=0x7cd3d6f0586c calls=1273 total_ms=0.566 avg_us=0.445 max_us=17
   2 caller=0x7cd3d6f0577c calls=472 total_ms=0.487 avg_us=1.032 max_us=23
   3 caller=0x7cd3d6f04732 calls=94 total_ms=0.203 avg_us=2.160 max_us=17
   4 caller=0x7cd3d6f0599d calls=472 total_ms=0.186 avg_us=0.394 max_us=2
direct_cudaStreamSynchronize: calls=2000 total_ms=13.730 max_us=2474
by_direct_callsite (file:line):
   0 /opt/llama.cpp/ggml/src/ggml-cuda/ggml-cuda.cu:839 calls=1647 total_ms=7.616 avg_us=4.624 max_us=355
   1 /opt/llama.cpp/ggml/src/ggml-cuda/ggml-cuda.cu:900 calls=12 total_ms=5.782 avg_us=481.833 max_us=2474
   2 /opt/llama.cpp/ggml/src/ggml-cuda/ggml-cuda.cu:2665 calls=191 total_ms=0.218 avg_us=1.141 max_us=6
   3 /opt/llama.cpp/ggml/src/ggml-cuda/ggml-cuda.cu:847 calls=150 total_ms=0.114 avg_us=0.760 max_us=2
=== END CUDA SYNC PROFILE ===
backend-sync-trace: count=4100 backend=CUDA0 caller=ggml_backend_sched_graph_compute_async_ext+0xecc

=== CUDA SYNC PROFILE (instrumentation only) ===
total_syncs = 4100
total_wait_ms = 2906.927
max_wait_us = 140101
sites = 5
wait_hist_us = logarithmic buckets
  hist[0] = 3703
  hist[1] = 226
  hist[2] = 19
  hist[3] = 10
  hist[4] = 4
  hist[9] = 23
  hist[10] = 50
  hist[11] = 19
  hist[14] = 5
  hist[15] = 28
  hist[16] = 12
  hist[17] = 1
by_callsite (caller PC; symbolize with addr2line):
   0 caller=0x7cd3d6f010c2 calls=1786 total_ms=2905.484 avg_us=1626.811 max_us=140101
   1 caller=0x7cd3d6f0586c calls=1276 total_ms=0.567 avg_us=0.444 max_us=17
   2 caller=0x7cd3d6f0577c calls=472 total_ms=0.487 avg_us=1.032 max_us=23
   3 caller=0x7cd3d6f04732 calls=94 total_ms=0.203 avg_us=2.160 max_us=17
   4 caller=0x7cd3d6f0599d calls=472 total_ms=0.186 avg_us=0.394 max_us=2
direct_cudaStreamSynchronize: calls=2002 total_ms=13.736 max_us=2474
by_direct_callsite (file:line):
   0 /opt/llama.cpp/ggml/src/ggml-cuda/ggml-cuda.cu:839 calls=1649 total_ms=7.622 avg_us=4.622 max_us=355
   1 /opt/llama.cpp/ggml/src/ggml-cuda/ggml-cuda.cu:900 calls=12 total_ms=5.782 avg_us=481.833 max_us=2474
   2 /opt/llama.cpp/ggml/src/ggml-cuda/ggml-cuda.cu:2665 calls=191 total_ms=0.218 avg_us=1.141 max_us=6
   3 /opt/llama.cpp/ggml/src/ggml-cuda/ggml-cuda.cu:847 calls=150 total_ms=0.114 avg_us=0.760 max_us=2
=== END CUDA SYNC PROFILE ===
backend-sync-trace: count=4200 backend=CUDA0 caller=ggml_backend_sched_graph_compute_async_ext+0xecc

=== CUDA SYNC PROFILE (instrumentation only) ===
total_syncs = 4200
total_wait_ms = 3001.321
max_wait_us = 140101
sites = 5
wait_hist_us = logarithmic buckets
  hist[0] = 3794
  hist[1] = 231
  hist[2] = 19
  hist[3] = 10
  hist[4] = 4
  hist[9] = 23
  hist[10] = 52
  hist[11] = 19
  hist[14] = 5
  hist[15] = 30
  hist[16] = 12
  hist[17] = 1
by_callsite (caller PC; symbolize with addr2line):
   0 caller=0x7cd3d6f010c2 calls=1825 total_ms=2999.845 avg_us=1643.751 max_us=140101
   1 caller=0x7cd3d6f0586c calls=1310 total_ms=0.579 avg_us=0.442 max_us=17
   2 caller=0x7cd3d6f0577c calls=484 total_ms=0.495 avg_us=1.023 max_us=23
   3 caller=0x7cd3d6f04732 calls=97 total_ms=0.209 avg_us=2.155 max_us=17
   4 caller=0x7cd3d6f0599d calls=484 total_ms=0.193 avg_us=0.399 max_us=2
direct_cudaStreamSynchronize: calls=2046 total_ms=13.910 max_us=2474
by_direct_callsite (file:line):
   0 /opt/llama.cpp/ggml/src/ggml-cuda/ggml-cuda.cu:839 calls=1693 total_ms=7.796 avg_us=4.605 max_us=355
   1 /opt/llama.cpp/ggml/src/ggml-cuda/ggml-cuda.cu:900 calls=12 total_ms=5.782 avg_us=481.833 max_us=2474
   2 /opt/llama.cpp/ggml/src/ggml-cuda/ggml-cuda.cu:2665 calls=191 total_ms=0.218 avg_us=1.141 max_us=6
   3 /opt/llama.cpp/ggml/src/ggml-cuda/ggml-cuda.cu:847 calls=150 total_ms=0.114 avg_us=0.760 max_us=2
=== END CUDA SYNC PROFILE ===
backend-sync-trace: count=4300 backend=CUDA0 caller=ggml_backend_sched_synchronize+0x52

=== CUDA SYNC PROFILE (instrumentation only) ===
total_syncs = 4300
total_wait_ms = 3053.608
max_wait_us = 140101
sites = 5
wait_hist_us = logarithmic buckets
  hist[0] = 3886
  hist[1] = 235
  hist[2] = 19
  hist[3] = 10
  hist[4] = 4
  hist[9] = 23
  hist[10] = 54
  hist[11] = 20
  hist[14] = 5
  hist[15] = 31
  hist[16] = 12
  hist[17] = 1
by_callsite (caller PC; symbolize with addr2line):
   0 caller=0x7cd3d6f010c2 calls=1867 total_ms=3052.104 avg_us=1634.764 max_us=140101
   1 caller=0x7cd3d6f0586c calls=1341 total_ms=0.587 avg_us=0.438 max_us=17
   2 caller=0x7cd3d6f0577c calls=496 total_ms=0.503 avg_us=1.014 max_us=23
   3 caller=0x7cd3d6f04732 calls=100 total_ms=0.215 avg_us=2.150 max_us=17
   4 caller=0x7cd3d6f0599d calls=496 total_ms=0.199 avg_us=0.401 max_us=2
direct_cudaStreamSynchronize: calls=2087 total_ms=14.067 max_us=2474
by_direct_callsite (file:line):
   0 /opt/llama.cpp/ggml/src/ggml-cuda/ggml-cuda.cu:839 calls=1734 total_ms=7.953 avg_us=4.587 max_us=355
   1 /opt/llama.cpp/ggml/src/ggml-cuda/ggml-cuda.cu:900 calls=12 total_ms=5.782 avg_us=481.833 max_us=2474
   2 /opt/llama.cpp/ggml/src/ggml-cuda/ggml-cuda.cu:2665 calls=191 total_ms=0.218 avg_us=1.141 max_us=6
   3 /opt/llama.cpp/ggml/src/ggml-cuda/ggml-cuda.cu:847 calls=150 total_ms=0.114 avg_us=0.760 max_us=2
=== END CUDA SYNC PROFILE ===

=== CUDA SYNC PROFILE (instrumentation only) ===
total_syncs = 4332
total_wait_ms = 3055.388
max_wait_us = 140101
sites = 5
wait_hist_us = logarithmic buckets
  hist[0] = 3916
  hist[1] = 236
  hist[2] = 19
  hist[3] = 10
  hist[4] = 4
  hist[9] = 23
  hist[10] = 55
  hist[11] = 20
  hist[14] = 5
  hist[15] = 31
  hist[16] = 12
  hist[17] = 1
by_callsite (caller PC; symbolize with addr2line):
   0 caller=0x7cd3d6f010c2 calls=1879 total_ms=3053.873 avg_us=1625.265 max_us=140101
   1 caller=0x7cd3d6f0586c calls=1349 total_ms=0.591 avg_us=0.438 max_us=17
   2 caller=0x7cd3d6f0577c calls=502 total_ms=0.509 avg_us=1.014 max_us=23
   3 caller=0x7cd3d6f04732 calls=100 total_ms=0.215 avg_us=2.150 max_us=17
   4 caller=0x7cd3d6f0599d calls=502 total_ms=0.200 avg_us=0.398 max_us=2
direct_cudaStreamSynchronize: calls=2100 total_ms=14.132 max_us=2474
by_direct_callsite (file:line):
   0 /opt/llama.cpp/ggml/src/ggml-cuda/ggml-cuda.cu:839 calls=1747 total_ms=8.018 avg_us=4.590 max_us=355
   1 /opt/llama.cpp/ggml/src/ggml-cuda/ggml-cuda.cu:900 calls=12 total_ms=5.782 avg_us=481.833 max_us=2474
   2 /opt/llama.cpp/ggml/src/ggml-cuda/ggml-cuda.cu:2665 calls=191 total_ms=0.218 avg_us=1.141 max_us=6
   3 /opt/llama.cpp/ggml/src/ggml-cuda/ggml-cuda.cu:847 calls=150 total_ms=0.114 avg_us=0.760 max_us=2
=== END CUDA SYNC PROFILE ===
backend-sync-trace: count=4400 backend=CUDA0 caller=ggml_backend_sched_synchronize+0x52

=== CUDA SYNC PROFILE (instrumentation only) ===
total_syncs = 4400
total_wait_ms = 3090.857
max_wait_us = 140101
sites = 5
wait_hist_us = logarithmic buckets
  hist[0] = 3980
  hist[1] = 237
  hist[2] = 19
  hist[3] = 10
  hist[4] = 4
  hist[9] = 23
  hist[10] = 56
  hist[11] = 21
  hist[14] = 6
  hist[15] = 31
  hist[16] = 12
  hist[17] = 1
by_callsite (caller PC; symbolize with addr2line):
   0 caller=0x7cd3d6f010c2 calls=1910 total_ms=3089.325 avg_us=1617.448 max_us=140101
   1 caller=0x7cd3d6f0586c calls=1372 total_ms=0.598 avg_us=0.436 max_us=17
   2 caller=0x7cd3d6f0577c calls=508 total_ms=0.514 avg_us=1.012 max_us=23
   3 caller=0x7cd3d6f04732 calls=102 total_ms=0.218 avg_us=2.137 max_us=17
   4 caller=0x7cd3d6f0599d calls=508 total_ms=0.202 avg_us=0.398 max_us=2
direct_cudaStreamSynchronize: calls=2128 total_ms=14.241 max_us=2474
by_direct_callsite (file:line):
   0 /opt/llama.cpp/ggml/src/ggml-cuda/ggml-cuda.cu:839 calls=1775 total_ms=8.127 avg_us=4.579 max_us=355
   1 /opt/llama.cpp/ggml/src/ggml-cuda/ggml-cuda.cu:900 calls=12 total_ms=5.782 avg_us=481.833 max_us=2474
   2 /opt/llama.cpp/ggml/src/ggml-cuda/ggml-cuda.cu:2665 calls=191 total_ms=0.218 avg_us=1.141 max_us=6
   3 /opt/llama.cpp/ggml/src/ggml-cuda/ggml-cuda.cu:847 calls=150 total_ms=0.114 avg_us=0.760 max_us=2
=== END CUDA SYNC PROFILE ===
backend-sync-trace: count=4500 backend=CUDA0 caller=0x7cd3d6f04732

=== CUDA SYNC PROFILE (instrumentation only) ===
total_syncs = 4500
total_wait_ms = 3192.091
max_wait_us = 140101
sites = 5
wait_hist_us = logarithmic buckets
  hist[0] = 4072
  hist[1] = 241
  hist[2] = 19
  hist[3] = 10
  hist[4] = 4
  hist[9] = 23
  hist[10] = 58
  hist[11] = 21
  hist[14] = 6
  hist[15] = 33
  hist[16] = 12
  hist[17] = 1
by_callsite (caller PC; symbolize with addr2line):
   0 caller=0x7cd3d6f010c2 calls=1937 total_ms=3190.527 avg_us=1647.149 max_us=140101
   1 caller=0x7cd3d6f0586c calls=1414 total_ms=0.610 avg_us=0.431 max_us=17
   2 caller=0x7cd3d6f0577c calls=522 total_ms=0.522 avg_us=1.000 max_us=23
   3 caller=0x7cd3d6f04732 calls=105 total_ms=0.223 avg_us=2.124 max_us=17
   4 caller=0x7cd3d6f0599d calls=522 total_ms=0.209 avg_us=0.400 max_us=2
direct_cudaStreamSynchronize: calls=2181 total_ms=14.456 max_us=2474
by_direct_callsite (file:line):
   0 /opt/llama.cpp/ggml/src/ggml-cuda/ggml-cuda.cu:839 calls=1828 total_ms=8.342 avg_us=4.563 max_us=355
   1 /opt/llama.cpp/ggml/src/ggml-cuda/ggml-cuda.cu:900 calls=12 total_ms=5.782 avg_us=481.833 max_us=2474
   2 /opt/llama.cpp/ggml/src/ggml-cuda/ggml-cuda.cu:2665 calls=191 total_ms=0.218 avg_us=1.141 max_us=6
   3 /opt/llama.cpp/ggml/src/ggml-cuda/ggml-cuda.cu:847 calls=150 total_ms=0.114 avg_us=0.760 max_us=2
=== END CUDA SYNC PROFILE ===

=== CUDA SYNC PROFILE (instrumentation only) ===
total_syncs = 4564
total_wait_ms = 3194.823
max_wait_us = 140101
sites = 5
wait_hist_us = logarithmic buckets
  hist[0] = 4132
  hist[1] = 243
  hist[2] = 19
  hist[3] = 10
  hist[4] = 4
  hist[9] = 23
  hist[10] = 60
  hist[11] = 21
  hist[14] = 6
  hist[15] = 33
  hist[16] = 12
  hist[17] = 1
by_callsite (caller PC; symbolize with addr2line):
   0 caller=0x7cd3d6f010c2 calls=1972 total_ms=3193.241 avg_us=1619.291 max_us=140101
   1 caller=0x7cd3d6f0586c calls=1426 total_ms=0.615 avg_us=0.431 max_us=17
   2 caller=0x7cd3d6f0577c calls=530 total_ms=0.528 avg_us=0.996 max_us=23
   3 caller=0x7cd3d6f04732 calls=106 total_ms=0.225 avg_us=2.123 max_us=17
   4 caller=0x7cd3d6f0599d calls=530 total_ms=0.214 avg_us=0.404 max_us=2
direct_cudaStreamSynchronize: calls=2200 total_ms=14.528 max_us=2474
by_direct_callsite (file:line):
   0 /opt/llama.cpp/ggml/src/ggml-cuda/ggml-cuda.cu:839 calls=1847 total_ms=8.414 avg_us=4.555 max_us=355
   1 /opt/llama.cpp/ggml/src/ggml-cuda/ggml-cuda.cu:900 calls=12 total_ms=5.782 avg_us=481.833 max_us=2474
   2 /opt/llama.cpp/ggml/src/ggml-cuda/ggml-cuda.cu:2665 calls=191 total_ms=0.218 avg_us=1.141 max_us=6
   3 /opt/llama.cpp/ggml/src/ggml-cuda/ggml-cuda.cu:847 calls=150 total_ms=0.114 avg_us=0.760 max_us=2
=== END CUDA SYNC PROFILE ===
backend-sync-trace: count=4600 backend=CUDA0 caller=ggml_backend_sched_synchronize+0x52

=== CUDA SYNC PROFILE (instrumentation only) ===
total_syncs = 4600
total_wait_ms = 3230.427
max_wait_us = 140101
sites = 5
wait_hist_us = logarithmic buckets
  hist[0] = 4165
  hist[1] = 245
  hist[2] = 19
  hist[3] = 10
  hist[4] = 4
  hist[9] = 23
  hist[10] = 60
  hist[11] = 21
  hist[14] = 6
  hist[15] = 34
  hist[16] = 12
  hist[17] = 1
by_callsite (caller PC; symbolize with addr2line):
   0 caller=0x7cd3d6f010c2 calls=1980 total_ms=3228.835 avg_us=1630.725 max_us=140101
   1 caller=0x7cd3d6f0586c calls=1445 total_ms=0.621 avg_us=0.430 max_us=17
   2 caller=0x7cd3d6f0577c calls=534 total_ms=0.530 avg_us=0.993 max_us=23
   3 caller=0x7cd3d6f04732 calls=107 total_ms=0.227 avg_us=2.121 max_us=17
   4 caller=0x7cd3d6f0599d calls=534 total_ms=0.214 avg_us=0.401 max_us=2
direct_cudaStreamSynchronize: calls=2221 total_ms=14.616 max_us=2474
by_direct_callsite (file:line):
   0 /opt/llama.cpp/ggml/src/ggml-cuda/ggml-cuda.cu:839 calls=1868 total_ms=8.502 avg_us=4.551 max_us=355
   1 /opt/llama.cpp/ggml/src/ggml-cuda/ggml-cuda.cu:900 calls=12 total_ms=5.782 avg_us=481.833 max_us=2474
   2 /opt/llama.cpp/ggml/src/ggml-cuda/ggml-cuda.cu:2665 calls=191 total_ms=0.218 avg_us=1.141 max_us=6
   3 /opt/llama.cpp/ggml/src/ggml-cuda/ggml-cuda.cu:847 calls=150 total_ms=0.114 avg_us=0.760 max_us=2
=== END CUDA SYNC PROFILE ===
backend-sync-trace: count=4700 backend=CUDA0 caller=ggml_backend_sched_synchronize+0x52

=== CUDA SYNC PROFILE (instrumentation only) ===
total_syncs = 4700
total_wait_ms = 3288.514
max_wait_us = 140101
sites = 5
wait_hist_us = logarithmic buckets
  hist[0] = 4256
  hist[1] = 250
  hist[2] = 19
  hist[3] = 10
  hist[4] = 4
  hist[9] = 24
  hist[10] = 62
  hist[11] = 21
  hist[14] = 6
  hist[15] = 35
  hist[16] = 12
  hist[17] = 1
by_callsite (caller PC; symbolize with addr2line):
   0 caller=0x7cd3d6f010c2 calls=2022 total_ms=3286.898 avg_us=1625.568 max_us=140101
   1 caller=0x7cd3d6f0586c calls=1476 total_ms=0.628 avg_us=0.425 max_us=17
   2 caller=0x7cd3d6f0577c calls=546 total_ms=0.539 avg_us=0.987 max_us=23
   3 caller=0x7cd3d6f04732 calls=110 total_ms=0.233 avg_us=2.118 max_us=17
   4 caller=0x7cd3d6f0599d calls=546 total_ms=0.216 avg_us=0.396 max_us=2
direct_cudaStreamSynchronize: calls=2262 total_ms=14.773 max_us=2474
by_direct_callsite (file:line):
   0 /opt/llama.cpp/ggml/src/ggml-cuda/ggml-cuda.cu:839 calls=1909 total_ms=8.659 avg_us=4.536 max_us=355
   1 /opt/llama.cpp/ggml/src/ggml-cuda/ggml-cuda.cu:900 calls=12 total_ms=5.782 avg_us=481.833 max_us=2474
   2 /opt/llama.cpp/ggml/src/ggml-cuda/ggml-cuda.cu:2665 calls=191 total_ms=0.218 avg_us=1.141 max_us=6
   3 /opt/llama.cpp/ggml/src/ggml-cuda/ggml-cuda.cu:847 calls=150 total_ms=0.114 avg_us=0.760 max_us=2
=== END CUDA SYNC PROFILE ===

=== CUDA SYNC PROFILE (instrumentation only) ===
total_syncs = 4784
total_wait_ms = 3326.276
max_wait_us = 140101
sites = 5
wait_hist_us = logarithmic buckets
  hist[0] = 4333
  hist[1] = 253
  hist[2] = 20
  hist[3] = 10
  hist[4] = 4
  hist[9] = 25
  hist[10] = 63
  hist[11] = 21
  hist[14] = 6
  hist[15] = 36
  hist[16] = 12
  hist[17] = 1
by_callsite (caller PC; symbolize with addr2line):
   0 caller=0x7cd3d6f010c2 calls=2052 total_ms=3324.628 avg_us=1620.189 max_us=140101
   1 caller=0x7cd3d6f0586c calls=1504 total_ms=0.639 avg_us=0.425 max_us=17
   2 caller=0x7cd3d6f0577c calls=558 total_ms=0.547 avg_us=0.980 max_us=23
   3 caller=0x7cd3d6f04732 calls=112 total_ms=0.237 avg_us=2.116 max_us=17
   4 caller=0x7cd3d6f0599d calls=558 total_ms=0.225 avg_us=0.403 max_us=2
direct_cudaStreamSynchronize: calls=2300 total_ms=14.922 max_us=2474
by_direct_callsite (file:line):
   0 /opt/llama.cpp/ggml/src/ggml-cuda/ggml-cuda.cu:839 calls=1947 total_ms=8.808 avg_us=4.524 max_us=355
   1 /opt/llama.cpp/ggml/src/ggml-cuda/ggml-cuda.cu:900 calls=12 total_ms=5.782 avg_us=481.833 max_us=2474
   2 /opt/llama.cpp/ggml/src/ggml-cuda/ggml-cuda.cu:2665 calls=191 total_ms=0.218 avg_us=1.141 max_us=6
   3 /opt/llama.cpp/ggml/src/ggml-cuda/ggml-cuda.cu:847 calls=150 total_ms=0.114 avg_us=0.760 max_us=2
=== END CUDA SYNC PROFILE ===
backend-sync-trace: count=4800 backend=CUDA0 caller=ggml_backend_sched_graph_compute_async_ext+0xffd

=== CUDA SYNC PROFILE (instrumentation only) ===
total_syncs = 4800
total_wait_ms = 3328.630
max_wait_us = 140101
sites = 5
wait_hist_us = logarithmic buckets
  hist[0] = 4347
  hist[1] = 254
  hist[2] = 20
  hist[3] = 10
  hist[4] = 4
  hist[9] = 25
  hist[10] = 63
  hist[11] = 22
  hist[14] = 6
  hist[15] = 36
  hist[16] = 12
  hist[17] = 1
by_callsite (caller PC; symbolize with addr2line):
   0 caller=0x7cd3d6f010c2 calls=2059 total_ms=3326.977 avg_us=1615.822 max_us=140101
   1 caller=0x7cd3d6f0586c calls=1507 total_ms=0.640 avg_us=0.425 max_us=17
   2 caller=0x7cd3d6f0577c calls=561 total_ms=0.550 avg_us=0.980 max_us=23
   3 caller=0x7cd3d6f04732 calls=112 total_ms=0.237 avg_us=2.116 max_us=17
   4 caller=0x7cd3d6f0599d calls=561 total_ms=0.226 avg_us=0.403 max_us=2
direct_cudaStreamSynchronize: calls=2305 total_ms=14.936 max_us=2474
by_direct_callsite (file:line):
   0 /opt/llama.cpp/ggml/src/ggml-cuda/ggml-cuda.cu:839 calls=1952 total_ms=8.822 avg_us=4.519 max_us=355
   1 /opt/llama.cpp/ggml/src/ggml-cuda/ggml-cuda.cu:900 calls=12 total_ms=5.782 avg_us=481.833 max_us=2474
   2 /opt/llama.cpp/ggml/src/ggml-cuda/ggml-cuda.cu:2665 calls=191 total_ms=0.218 avg_us=1.141 max_us=6
   3 /opt/llama.cpp/ggml/src/ggml-cuda/ggml-cuda.cu:847 calls=150 total_ms=0.114 avg_us=0.760 max_us=2
=== END CUDA SYNC PROFILE ===
backend-sync-trace: count=4900 backend=CUDA0 caller=ggml_backend_sched_graph_compute_async_ext+0xecc

=== CUDA SYNC PROFILE (instrumentation only) ===
total_syncs = 4900
total_wait_ms = 3369.990
max_wait_us = 140101
sites = 5
wait_hist_us = logarithmic buckets
  hist[0] = 4441
  hist[1] = 257
  hist[2] = 20
  hist[3] = 10
  hist[4] = 4
  hist[9] = 26
  hist[10] = 64
  hist[11] = 22
  hist[14] = 6
  hist[15] = 37
  hist[16] = 12
  hist[17] = 1
by_callsite (caller PC; symbolize with addr2line):
   0 caller=0x7cd3d6f010c2 calls=2096 total_ms=3368.311 avg_us=1607.019 max_us=140101
   1 caller=0x7cd3d6f0586c calls=1546 total_ms=0.651 avg_us=0.421 max_us=17
   2 caller=0x7cd3d6f0577c calls=572 total_ms=0.559 avg_us=0.977 max_us=23
   3 caller=0x7cd3d6f04732 calls=114 total_ms=0.240 avg_us=2.105 max_us=17
   4 caller=0x7cd3d6f0599d calls=572 total_ms=0.229 avg_us=0.400 max_us=2
direct_cudaStreamSynchronize: calls=2352 total_ms=15.133 max_us=2474
by_direct_callsite (file:line):
   0 /opt/llama.cpp/ggml/src/ggml-cuda/ggml-cuda.cu:839 calls=1999 total_ms=9.019 avg_us=4.512 max_us=355
   1 /opt/llama.cpp/ggml/src/ggml-cuda/ggml-cuda.cu:900 calls=12 total_ms=5.782 avg_us=481.833 max_us=2474
   2 /opt/llama.cpp/ggml/src/ggml-cuda/ggml-cuda.cu:2665 calls=191 total_ms=0.218 avg_us=1.141 max_us=6
   3 /opt/llama.cpp/ggml/src/ggml-cuda/ggml-cuda.cu:847 calls=150 total_ms=0.114 avg_us=0.760 max_us=2
=== END CUDA SYNC PROFILE ===
backend-sync-trace: count=5000 backend=CUDA0 caller=ggml_backend_sched_graph_compute_async_ext+0xecc

=== CUDA SYNC PROFILE (instrumentation only) ===
total_syncs = 5000
total_wait_ms = 3434.112
max_wait_us = 140101
sites = 5
wait_hist_us = logarithmic buckets
  hist[0] = 4534
  hist[1] = 260
  hist[2] = 20
  hist[3] = 10
  hist[4] = 4
  hist[9] = 27
  hist[10] = 65
  hist[11] = 22
  hist[14] = 7
  hist[15] = 38
  hist[16] = 12
  hist[17] = 1
by_callsite (caller PC; symbolize with addr2line):
   0 caller=0x7cd3d6f010c2 calls=2135 total_ms=3432.405 avg_us=1607.684 max_us=140101
   1 caller=0x7cd3d6f0586c calls=1580 total_ms=0.665 avg_us=0.421 max_us=17
   2 caller=0x7cd3d6f0577c calls=584 total_ms=0.566 avg_us=0.969 max_us=23
   3 caller=0x7cd3d6f04732 calls=117 total_ms=0.244 avg_us=2.085 max_us=17
   4 caller=0x7cd3d6f0599d calls=584 total_ms=0.232 avg_us=0.397 max_us=2
direct_cudaStreamSynchronize: calls=2396 total_ms=15.311 max_us=2474
by_direct_callsite (file:line):
   0 /opt/llama.cpp/ggml/src/ggml-cuda/ggml-cuda.cu:839 calls=2043 total_ms=9.197 avg_us=4.502 max_us=355
   1 /opt/llama.cpp/ggml/src/ggml-cuda/ggml-cuda.cu:900 calls=12 total_ms=5.782 avg_us=481.833 max_us=2474
   2 /opt/llama.cpp/ggml/src/ggml-cuda/ggml-cuda.cu:2665 calls=191 total_ms=0.218 avg_us=1.141 max_us=6
   3 /opt/llama.cpp/ggml/src/ggml-cuda/ggml-cuda.cu:847 calls=150 total_ms=0.114 avg_us=0.760 max_us=2
=== END CUDA SYNC PROFILE ===

=== CUDA SYNC PROFILE (instrumentation only) ===
total_syncs = 5022
total_wait_ms = 3434.122
max_wait_us = 140101
sites = 5
wait_hist_us = logarithmic buckets
  hist[0] = 4555
  hist[1] = 261
  hist[2] = 20
  hist[3] = 10
  hist[4] = 4
  hist[9] = 27
  hist[10] = 65
  hist[11] = 22
  hist[14] = 7
  hist[15] = 38
  hist[16] = 12
  hist[17] = 1
by_callsite (caller PC; symbolize with addr2line):
   0 caller=0x7cd3d6f010c2 calls=2150 total_ms=3432.411 avg_us=1596.470 max_us=140101
   1 caller=0x7cd3d6f0586c calls=1582 total_ms=0.666 avg_us=0.421 max_us=17
   2 caller=0x7cd3d6f0577c calls=586 total_ms=0.567 avg_us=0.968 max_us=23
   3 caller=0x7cd3d6f04732 calls=118 total_ms=0.246 avg_us=2.085 max_us=17
   4 caller=0x7cd3d6f0599d calls=586 total_ms=0.232 avg_us=0.396 max_us=2
direct_cudaStreamSynchronize: calls=2400 total_ms=15.325 max_us=2474
by_direct_callsite (file:line):
   0 /opt/llama.cpp/ggml/src/ggml-cuda/ggml-cuda.cu:839 calls=2047 total_ms=9.211 avg_us=4.500 max_us=355
   1 /opt/llama.cpp/ggml/src/ggml-cuda/ggml-cuda.cu:900 calls=12 total_ms=5.782 avg_us=481.833 max_us=2474
   2 /opt/llama.cpp/ggml/src/ggml-cuda/ggml-cuda.cu:2665 calls=191 total_ms=0.218 avg_us=1.141 max_us=6
   3 /opt/llama.cpp/ggml/src/ggml-cuda/ggml-cuda.cu:847 calls=150 total_ms=0.114 avg_us=0.760 max_us=2
=== END CUDA SYNC PROFILE ===
backend-sync-trace: count=5100 backend=CUDA0 caller=ggml_backend_sched_synchronize+0x52

=== CUDA SYNC PROFILE (instrumentation only) ===
total_syncs = 5100
total_wait_ms = 3470.732
max_wait_us = 140101
sites = 5
wait_hist_us = logarithmic buckets
  hist[0] = 4626
  hist[1] = 265
  hist[2] = 20
  hist[3] = 10
  hist[4] = 4
  hist[9] = 27
  hist[10] = 67
  hist[11] = 22
  hist[14] = 7
  hist[15] = 39
  hist[16] = 12
  hist[17] = 1
by_callsite (caller PC; symbolize with addr2line):
   0 caller=0x7cd3d6f010c2 calls=2186 total_ms=3469.000 avg_us=1586.917 max_us=140101
   1 caller=0x7cd3d6f0586c calls=1607 total_ms=0.678 avg_us=0.422 max_us=17
   2 caller=0x7cd3d6f0577c calls=594 total_ms=0.574 avg_us=0.966 max_us=23
   3 caller=0x7cd3d6f04732 calls=119 total_ms=0.248 avg_us=2.084 max_us=17
   4 caller=0x7cd3d6f0599d calls=594 total_ms=0.232 avg_us=0.391 max_us=2
direct_cudaStreamSynchronize: calls=2431 total_ms=15.447 max_us=2474
by_direct_callsite (file:line):
   0 /opt/llama.cpp/ggml/src/ggml-cuda/ggml-cuda.cu:839 calls=2078 total_ms=9.333 avg_us=4.491 max_us=355
   1 /opt/llama.cpp/ggml/src/ggml-cuda/ggml-cuda.cu:900 calls=12 total_ms=5.782 avg_us=481.833 max_us=2474
   2 /opt/llama.cpp/ggml/src/ggml-cuda/ggml-cuda.cu:2665 calls=191 total_ms=0.218 avg_us=1.141 max_us=6
   3 /opt/llama.cpp/ggml/src/ggml-cuda/ggml-cuda.cu:847 calls=150 total_ms=0.114 avg_us=0.760 max_us=2
=== END CUDA SYNC PROFILE ===
backend-sync-trace: count=5200 backend=CUDA0 caller=ggml_backend_sched_graph_compute_async_ext+0xddc

=== CUDA SYNC PROFILE (instrumentation only) ===
total_syncs = 5200
total_wait_ms = 3499.674
max_wait_us = 140101
sites = 5
wait_hist_us = logarithmic buckets
  hist[0] = 4718
  hist[1] = 269
  hist[2] = 20
  hist[3] = 10
  hist[4] = 4
  hist[9] = 29
  hist[10] = 68
  hist[11] = 22
  hist[14] = 8
  hist[15] = 39
  hist[16] = 12
  hist[17] = 1
by_callsite (caller PC; symbolize with addr2line):
   0 caller=0x7cd3d6f010c2 calls=2225 total_ms=3497.910 avg_us=1572.094 max_us=140101
   1 caller=0x7cd3d6f0586c calls=1638 total_ms=0.689 avg_us=0.421 max_us=17
   2 caller=0x7cd3d6f0577c calls=608 total_ms=0.583 avg_us=0.959 max_us=23
   3 caller=0x7cd3d6f04732 calls=122 total_ms=0.253 avg_us=2.074 max_us=17
   4 caller=0x7cd3d6f0599d calls=607 total_ms=0.239 avg_us=0.394 max_us=2
direct_cudaStreamSynchronize: calls=2473 total_ms=15.610 max_us=2474
by_direct_callsite (file:line):
   0 /opt/llama.cpp/ggml/src/ggml-cuda/ggml-cuda.cu:839 calls=2120 total_ms=9.496 avg_us=4.479 max_us=355
   1 /opt/llama.cpp/ggml/src/ggml-cuda/ggml-cuda.cu:900 calls=12 total_ms=5.782 avg_us=481.833 max_us=2474
   2 /opt/llama.cpp/ggml/src/ggml-cuda/ggml-cuda.cu:2665 calls=191 total_ms=0.218 avg_us=1.141 max_us=6
   3 /opt/llama.cpp/ggml/src/ggml-cuda/ggml-cuda.cu:847 calls=150 total_ms=0.114 avg_us=0.760 max_us=2
=== END CUDA SYNC PROFILE ===

=== CUDA SYNC PROFILE (instrumentation only) ===
total_syncs = 5244
total_wait_ms = 3534.668
max_wait_us = 140101
sites = 5
wait_hist_us = logarithmic buckets
  hist[0] = 4757
  hist[1] = 271
  hist[2] = 21
  hist[3] = 10
  hist[4] = 4
  hist[9] = 29
  hist[10] = 69
  hist[11] = 22
  hist[14] = 8
  hist[15] = 40
  hist[16] = 12
  hist[17] = 1
by_callsite (caller PC; symbolize with addr2line):
   0 caller=0x7cd3d6f010c2 calls=2234 total_ms=3532.882 avg_us=1581.415 max_us=140101
   1 caller=0x7cd3d6f0586c calls=1659 total_ms=0.699 avg_us=0.421 max_us=17
   2 caller=0x7cd3d6f0577c calls=614 total_ms=0.588 avg_us=0.958 max_us=23
   3 caller=0x7cd3d6f04732 calls=123 total_ms=0.255 avg_us=2.073 max_us=17
   4 caller=0x7cd3d6f0599d calls=614 total_ms=0.244 avg_us=0.397 max_us=2
direct_cudaStreamSynchronize: calls=2500 total_ms=15.724 max_us=2474
by_direct_callsite (file:line):
   0 /opt/llama.cpp/ggml/src/ggml-cuda/ggml-cuda.cu:839 calls=2147 total_ms=9.610 avg_us=4.476 max_us=355
   1 /opt/llama.cpp/ggml/src/ggml-cuda/ggml-cuda.cu:900 calls=12 total_ms=5.782 avg_us=481.833 max_us=2474
   2 /opt/llama.cpp/ggml/src/ggml-cuda/ggml-cuda.cu:2665 calls=191 total_ms=0.218 avg_us=1.141 max_us=6
   3 /opt/llama.cpp/ggml/src/ggml-cuda/ggml-cuda.cu:847 calls=150 total_ms=0.114 avg_us=0.760 max_us=2
=== END CUDA SYNC PROFILE ===
backend-sync-trace: count=5300 backend=CUDA0 caller=ggml_backend_sched_graph_compute_async_ext+0xecc

=== CUDA SYNC PROFILE (instrumentation only) ===
total_syncs = 5300
total_wait_ms = 3536.819
max_wait_us = 140101
sites = 5
wait_hist_us = logarithmic buckets
  hist[0] = 4809
  hist[1] = 273
  hist[2] = 21
  hist[3] = 10
  hist[4] = 4
  hist[9] = 30
  hist[10] = 70
  hist[11] = 22
  hist[14] = 8
  hist[15] = 40
  hist[16] = 12
  hist[17] = 1
by_callsite (caller PC; symbolize with addr2line):
   0 caller=0x7cd3d6f010c2 calls=2257 total_ms=3535.018 avg_us=1566.246 max_us=140101
   1 caller=0x7cd3d6f0586c calls=1675 total_ms=0.704 avg_us=0.420 max_us=17
   2 caller=0x7cd3d6f0577c calls=622 total_ms=0.595 avg_us=0.957 max_us=23
   3 caller=0x7cd3d6f04732 calls=124 total_ms=0.257 avg_us=2.073 max_us=17
   4 caller=0x7cd3d6f0599d calls=622 total_ms=0.245 avg_us=0.394 max_us=2
direct_cudaStreamSynchronize: calls=2521 total_ms=15.813 max_us=2474
by_direct_callsite (file:line):
   0 /opt/llama.cpp/ggml/src/ggml-cuda/ggml-cuda.cu:839 calls=2168 total_ms=9.699 avg_us=4.474 max_us=355
   1 /opt/llama.cpp/ggml/src/ggml-cuda/ggml-cuda.cu:900 calls=12 total_ms=5.782 avg_us=481.833 max_us=2474
   2 /opt/llama.cpp/ggml/src/ggml-cuda/ggml-cuda.cu:2665 calls=191 total_ms=0.218 avg_us=1.141 max_us=6
   3 /opt/llama.cpp/ggml/src/ggml-cuda/ggml-cuda.cu:847 calls=150 total_ms=0.114 avg_us=0.760 max_us=2
=== END CUDA SYNC PROFILE ===
backend-sync-trace: count=5400 backend=CUDA0 caller=ggml_backend_sched_graph_compute_async_ext+0xffd

=== CUDA SYNC PROFILE (instrumentation only) ===
total_syncs = 5400
total_wait_ms = 3615.081
max_wait_us = 140101
sites = 5
wait_hist_us = logarithmic buckets
  hist[0] = 4899
  hist[1] = 278
  hist[2] = 22
  hist[3] = 10
  hist[4] = 4
  hist[9] = 30
  hist[10] = 72
  hist[11] = 22
  hist[14] = 8
  hist[15] = 42
  hist[16] = 12
  hist[17] = 1
by_callsite (caller PC; symbolize with addr2line):
   0 caller=0x7cd3d6f010c2 calls=2296 total_ms=3613.247 avg_us=1573.714 max_us=140101
   1 caller=0x7cd3d6f0586c calls=1711 total_ms=0.721 avg_us=0.421 max_us=17
   2 caller=0x7cd3d6f0577c calls=633 total_ms=0.602 avg_us=0.951 max_us=23
   3 caller=0x7cd3d6f04732 calls=127 total_ms=0.263 avg_us=2.071 max_us=17
   4 caller=0x7cd3d6f0599d calls=633 total_ms=0.248 avg_us=0.392 max_us=2
direct_cudaStreamSynchronize: calls=2566 total_ms=15.981 max_us=2474
by_direct_callsite (file:line):
   0 /opt/llama.cpp/ggml/src/ggml-cuda/ggml-cuda.cu:839 calls=2213 total_ms=9.867 avg_us=4.459 max_us=355
   1 /opt/llama.cpp/ggml/src/ggml-cuda/ggml-cuda.cu:900 calls=12 total_ms=5.782 avg_us=481.833 max_us=2474
   2 /opt/llama.cpp/ggml/src/ggml-cuda/ggml-cuda.cu:2665 calls=191 total_ms=0.218 avg_us=1.141 max_us=6
   3 /opt/llama.cpp/ggml/src/ggml-cuda/ggml-cuda.cu:847 calls=150 total_ms=0.114 avg_us=0.760 max_us=2
=== END CUDA SYNC PROFILE ===

=== CUDA SYNC PROFILE (instrumentation only) ===
total_syncs = 5480
total_wait_ms = 3618.109
max_wait_us = 140101
sites = 5
wait_hist_us = logarithmic buckets
  hist[0] = 4975
  hist[1] = 280
  hist[2] = 22
  hist[3] = 10
  hist[4] = 4
  hist[9] = 30
  hist[10] = 74
  hist[11] = 22
  hist[14] = 8
  hist[15] = 42
  hist[16] = 12
  hist[17] = 1
by_callsite (caller PC; symbolize with addr2line):
   0 caller=0x7cd3d6f010c2 calls=2331 total_ms=3616.255 avg_us=1551.375 max_us=140101
   1 caller=0x7cd3d6f0586c calls=1737 total_ms=0.731 avg_us=0.421 max_us=17
   2 caller=0x7cd3d6f0577c calls=642 total_ms=0.606 avg_us=0.944 max_us=23
   3 caller=0x7cd3d6f04732 calls=128 total_ms=0.265 avg_us=2.070 max_us=17
   4 caller=0x7cd3d6f0599d calls=642 total_ms=0.252 avg_us=0.393 max_us=2
direct_cudaStreamSynchronize: calls=2600 total_ms=16.118 max_us=2474
by_direct_callsite (file:line):
   0 /opt/llama.cpp/ggml/src/ggml-cuda/ggml-cuda.cu:839 calls=2247 total_ms=10.004 avg_us=4.452 max_us=355
   1 /opt/llama.cpp/ggml/src/ggml-cuda/ggml-cuda.cu:900 calls=12 total_ms=5.782 avg_us=481.833 max_us=2474
   2 /opt/llama.cpp/ggml/src/ggml-cuda/ggml-cuda.cu:2665 calls=191 total_ms=0.218 avg_us=1.141 max_us=6
   3 /opt/llama.cpp/ggml/src/ggml-cuda/ggml-cuda.cu:847 calls=150 total_ms=0.114 avg_us=0.760 max_us=2
=== END CUDA SYNC PROFILE ===
backend-sync-trace: count=5500 backend=CUDA0 caller=ggml_backend_sched_synchronize+0x52

=== CUDA SYNC PROFILE (instrumentation only) ===
total_syncs = 5500
total_wait_ms = 3659.777
max_wait_us = 140101
sites = 5
wait_hist_us = logarithmic buckets
  hist[0] = 4993
  hist[1] = 281
  hist[2] = 22
  hist[3] = 10
  hist[4] = 4
  hist[9] = 30
  hist[10] = 74
  hist[11] = 22
  hist[14] = 8
  hist[15] = 43
  hist[16] = 12
  hist[17] = 1
by_callsite (caller PC; symbolize with addr2line):
   0 caller=0x7cd3d6f010c2 calls=2341 total_ms=3657.917 avg_us=1562.545 max_us=140101
   1 caller=0x7cd3d6f0586c calls=1742 total_ms=0.733 avg_us=0.421 max_us=17
   2 caller=0x7cd3d6f0577c calls=644 total_ms=0.608 avg_us=0.944 max_us=23
   3 caller=0x7cd3d6f04732 calls=129 total_ms=0.267 avg_us=2.070 max_us=17
   4 caller=0x7cd3d6f0599d calls=644 total_ms=0.252 avg_us=0.391 max_us=2
direct_cudaStreamSynchronize: calls=2606 total_ms=16.147 max_us=2474
by_direct_callsite (file:line):
   0 /opt/llama.cpp/ggml/src/ggml-cuda/ggml-cuda.cu:839 calls=2253 total_ms=10.033 avg_us=4.453 max_us=355
   1 /opt/llama.cpp/ggml/src/ggml-cuda/ggml-cuda.cu:900 calls=12 total_ms=5.782 avg_us=481.833 max_us=2474
   2 /opt/llama.cpp/ggml/src/ggml-cuda/ggml-cuda.cu:2665 calls=191 total_ms=0.218 avg_us=1.141 max_us=6
   3 /opt/llama.cpp/ggml/src/ggml-cuda/ggml-cuda.cu:847 calls=150 total_ms=0.114 avg_us=0.760 max_us=2
=== END CUDA SYNC PROFILE ===
backend-sync-trace: count=5600 backend=CUDA0 caller=ggml_backend_sched_graph_compute_async_ext+0xecc

=== CUDA SYNC PROFILE (instrumentation only) ===
total_syncs = 5600
total_wait_ms = 3712.401
max_wait_us = 140101
sites = 5
wait_hist_us = logarithmic buckets
  hist[0] = 5085
  hist[1] = 286
  hist[2] = 22
  hist[3] = 10
  hist[4] = 4
  hist[9] = 30
  hist[10] = 76
  hist[11] = 22
  hist[14] = 8
  hist[15] = 44
  hist[16] = 12
  hist[17] = 1
by_callsite (caller PC; symbolize with addr2line):
   0 caller=0x7cd3d6f010c2 calls=2385 total_ms=3710.511 avg_us=1555.770 max_us=140101
   1 caller=0x7cd3d6f0586c calls=1771 total_ms=0.743 avg_us=0.420 max_us=17
   2 caller=0x7cd3d6f0577c calls=656 total_ms=0.617 avg_us=0.941 max_us=23
   3 caller=0x7cd3d6f04732 calls=132 total_ms=0.273 avg_us=2.068 max_us=17
   4 caller=0x7cd3d6f0599d calls=656 total_ms=0.257 avg_us=0.392 max_us=2
direct_cudaStreamSynchronize: calls=2644 total_ms=16.301 max_us=2474
by_direct_callsite (file:line):
   0 /opt/llama.cpp/ggml/src/ggml-cuda/ggml-cuda.cu:839 calls=2291 total_ms=10.187 avg_us=4.447 max_us=355
   1 /opt/llama.cpp/ggml/src/ggml-cuda/ggml-cuda.cu:900 calls=12 total_ms=5.782 avg_us=481.833 max_us=2474
   2 /opt/llama.cpp/ggml/src/ggml-cuda/ggml-cuda.cu:2665 calls=191 total_ms=0.218 avg_us=1.141 max_us=6
   3 /opt/llama.cpp/ggml/src/ggml-cuda/ggml-cuda.cu:847 calls=150 total_ms=0.114 avg_us=0.760 max_us=2
=== END CUDA SYNC PROFILE ===
backend-sync-trace: count=5700 backend=CUDA0 caller=ggml_backend_sched_graph_compute_async_ext+0xecc

=== CUDA SYNC PROFILE (instrumentation only) ===
total_syncs = 5700
total_wait_ms = 3743.737
max_wait_us = 140101
sites = 5
wait_hist_us = logarithmic buckets
  hist[0] = 5179
  hist[1] = 288
  hist[2] = 22
  hist[3] = 10
  hist[4] = 4
  hist[9] = 32
  hist[10] = 77
  hist[11] = 22
  hist[14] = 9
  hist[15] = 44
  hist[16] = 12
  hist[17] = 1
by_callsite (caller PC; symbolize with addr2line):
   0 caller=0x7cd3d6f010c2 calls=2429 total_ms=3741.824 avg_us=1540.479 max_us=140101
   1 caller=0x7cd3d6f0586c calls=1801 total_ms=0.750 avg_us=0.416 max_us=17
   2 caller=0x7cd3d6f0577c calls=668 total_ms=0.624 avg_us=0.934 max_us=23
   3 caller=0x7cd3d6f04732 calls=134 total_ms=0.276 avg_us=2.060 max_us=17
   4 caller=0x7cd3d6f0599d calls=668 total_ms=0.263 avg_us=0.394 max_us=2
direct_cudaStreamSynchronize: calls=2684 total_ms=16.459 max_us=2474
by_direct_callsite (file:line):
   0 /opt/llama.cpp/ggml/src/ggml-cuda/ggml-cuda.cu:839 calls=2331 total_ms=10.345 avg_us=4.438 max_us=355
   1 /opt/llama.cpp/ggml/src/ggml-cuda/ggml-cuda.cu:900 calls=12 total_ms=5.782 avg_us=481.833 max_us=2474
   2 /opt/llama.cpp/ggml/src/ggml-cuda/ggml-cuda.cu:2665 calls=191 total_ms=0.218 avg_us=1.141 max_us=6
   3 /opt/llama.cpp/ggml/src/ggml-cuda/ggml-cuda.cu:847 calls=150 total_ms=0.114 avg_us=0.760 max_us=2
=== END CUDA SYNC PROFILE ===

=== CUDA SYNC PROFILE (instrumentation only) ===
total_syncs = 5727
total_wait_ms = 3746.096
max_wait_us = 140101
sites = 5
wait_hist_us = logarithmic buckets
  hist[0] = 5204
  hist[1] = 289
  hist[2] = 22
  hist[3] = 10
  hist[4] = 4
  hist[9] = 32
  hist[10] = 77
  hist[11] = 23
  hist[14] = 9
  hist[15] = 44
  hist[16] = 12
  hist[17] = 1
by_callsite (caller PC; symbolize with addr2line):
   0 caller=0x7cd3d6f010c2 calls=2436 total_ms=3744.173 avg_us=1537.017 max_us=140101
   1 caller=0x7cd3d6f0586c calls=1813 total_ms=0.754 avg_us=0.416 max_us=17
   2 caller=0x7cd3d6f0577c calls=672 total_ms=0.629 avg_us=0.936 max_us=23
   3 caller=0x7cd3d6f04732 calls=134 total_ms=0.276 avg_us=2.060 max_us=17
   4 caller=0x7cd3d6f0599d calls=672 total_ms=0.264 avg_us=0.393 max_us=2
direct_cudaStreamSynchronize: calls=2700 total_ms=16.527 max_us=2474
by_direct_callsite (file:line):
   0 /opt/llama.cpp/ggml/src/ggml-cuda/ggml-cuda.cu:839 calls=2347 total_ms=10.413 avg_us=4.437 max_us=355
   1 /opt/llama.cpp/ggml/src/ggml-cuda/ggml-cuda.cu:900 calls=12 total_ms=5.782 avg_us=481.833 max_us=2474
   2 /opt/llama.cpp/ggml/src/ggml-cuda/ggml-cuda.cu:2665 calls=191 total_ms=0.218 avg_us=1.141 max_us=6
   3 /opt/llama.cpp/ggml/src/ggml-cuda/ggml-cuda.cu:847 calls=150 total_ms=0.114 avg_us=0.760 max_us=2
=== END CUDA SYNC PROFILE ===
backend-sync-trace: count=5800 backend=CUDA0 caller=ggml_backend_sched_graph_compute_async_ext+0xecc

=== CUDA SYNC PROFILE (instrumentation only) ===
total_syncs = 5800
total_wait_ms = 3794.769
max_wait_us = 140101
sites = 5
wait_hist_us = logarithmic buckets
  hist[0] = 5270
  hist[1] = 293
  hist[2] = 22
  hist[3] = 10
  hist[4] = 4
  hist[9] = 32
  hist[10] = 79
  hist[11] = 23
  hist[14] = 9
  hist[15] = 45
  hist[16] = 12
  hist[17] = 1
by_callsite (caller PC; symbolize with addr2line):
   0 caller=0x7cd3d6f010c2 calls=2461 total_ms=3792.825 avg_us=1541.172 max_us=140101
   1 caller=0x7cd3d6f0586c calls=1839 total_ms=0.760 avg_us=0.413 max_us=17
   2 caller=0x7cd3d6f0577c calls=682 total_ms=0.638 avg_us=0.935 max_us=23
   3 caller=0x7cd3d6f04732 calls=136 total_ms=0.280 avg_us=2.059 max_us=17
   4 caller=0x7cd3d6f0599d calls=682 total_ms=0.266 avg_us=0.390 max_us=2
direct_cudaStreamSynchronize: calls=2733 total_ms=16.663 max_us=2474
by_direct_callsite (file:line):
   0 /opt/llama.cpp/ggml/src/ggml-cuda/ggml-cuda.cu:839 calls=2380 total_ms=10.549 avg_us=4.432 max_us=355
   1 /opt/llama.cpp/ggml/src/ggml-cuda/ggml-cuda.cu:900 calls=12 total_ms=5.782 avg_us=481.833 max_us=2474
   2 /opt/llama.cpp/ggml/src/ggml-cuda/ggml-cuda.cu:2665 calls=191 total_ms=0.218 avg_us=1.141 max_us=6
   3 /opt/llama.cpp/ggml/src/ggml-cuda/ggml-cuda.cu:847 calls=150 total_ms=0.114 avg_us=0.760 max_us=2
=== END CUDA SYNC PROFILE ===
backend-sync-trace: count=5900 backend=CUDA0 caller=ggml_backend_sched_synchronize+0x52

=== CUDA SYNC PROFILE (instrumentation only) ===
total_syncs = 5900
total_wait_ms = 3892.911
max_wait_us = 140101
sites = 5
wait_hist_us = logarithmic buckets
  hist[0] = 5362
  hist[1] = 297
  hist[2] = 22
  hist[3] = 10
  hist[4] = 4
  hist[9] = 32
  hist[10] = 80
  hist[11] = 24
  hist[14] = 10
  hist[15] = 46
  hist[16] = 12
  hist[17] = 1
by_callsite (caller PC; symbolize with addr2line):
   0 caller=0x7cd3d6f010c2 calls=2496 total_ms=3890.937 avg_us=1558.869 max_us=140101
   1 caller=0x7cd3d6f0586c calls=1877 total_ms=0.773 avg_us=0.412 max_us=17
   2 caller=0x7cd3d6f0577c calls=694 total_ms=0.647 avg_us=0.932 max_us=23
   3 caller=0x7cd3d6f04732 calls=139 total_ms=0.286 avg_us=2.058 max_us=17
   4 caller=0x7cd3d6f0599d calls=694 total_ms=0.268 avg_us=0.386 max_us=2
direct_cudaStreamSynchronize: calls=2781 total_ms=16.851 max_us=2474
by_direct_callsite (file:line):
   0 /opt/llama.cpp/ggml/src/ggml-cuda/ggml-cuda.cu:839 calls=2428 total_ms=10.737 avg_us=4.422 max_us=355
   1 /opt/llama.cpp/ggml/src/ggml-cuda/ggml-cuda.cu:900 calls=12 total_ms=5.782 avg_us=481.833 max_us=2474
   2 /opt/llama.cpp/ggml/src/ggml-cuda/ggml-cuda.cu:2665 calls=191 total_ms=0.218 avg_us=1.141 max_us=6
   3 /opt/llama.cpp/ggml/src/ggml-cuda/ggml-cuda.cu:847 calls=150 total_ms=0.114 avg_us=0.760 max_us=2
=== END CUDA SYNC PROFILE ===

=== CUDA SYNC PROFILE (instrumentation only) ===
total_syncs = 5962
total_wait_ms = 3897.283
max_wait_us = 140101
sites = 5
wait_hist_us = logarithmic buckets
  hist[0] = 5420
  hist[1] = 299
  hist[2] = 22
  hist[3] = 10
  hist[4] = 4
  hist[9] = 32
  hist[10] = 81
  hist[11] = 25
  hist[14] = 10
  hist[15] = 46
  hist[16] = 12
  hist[17] = 1
by_callsite (caller PC; symbolize with addr2line):
   0 caller=0x7cd3d6f010c2 calls=2529 total_ms=3895.292 avg_us=1540.250 max_us=140101
   1 caller=0x7cd3d6f0586c calls=1889 total_ms=0.778 avg_us=0.412 max_us=17
   2 caller=0x7cd3d6f0577c calls=702 total_ms=0.654 avg_us=0.932 max_us=23
   3 caller=0x7cd3d6f04732 calls=140 total_ms=0.288 avg_us=2.057 max_us=17
   4 caller=0x7cd3d6f0599d calls=702 total_ms=0.271 avg_us=0.386 max_us=2
direct_cudaStreamSynchronize: calls=2800 total_ms=16.935 max_us=2474
by_direct_callsite (file:line):
   0 /opt/llama.cpp/ggml/src/ggml-cuda/ggml-cuda.cu:839 calls=2447 total_ms=10.821 avg_us=4.422 max_us=355
   1 /opt/llama.cpp/ggml/src/ggml-cuda/ggml-cuda.cu:900 calls=12 total_ms=5.782 avg_us=481.833 max_us=2474
   2 /opt/llama.cpp/ggml/src/ggml-cuda/ggml-cuda.cu:2665 calls=191 total_ms=0.218 avg_us=1.141 max_us=6
   3 /opt/llama.cpp/ggml/src/ggml-cuda/ggml-cuda.cu:847 calls=150 total_ms=0.114 avg_us=0.760 max_us=2
=== END CUDA SYNC PROFILE ===
backend-sync-trace: count=6000 backend=CUDA0 caller=ggml_backend_sched_synchronize+0x52

=== CUDA SYNC PROFILE (instrumentation only) ===
total_syncs = 6000
total_wait_ms = 3962.679
max_wait_us = 140101
sites = 5
wait_hist_us = logarithmic buckets
  hist[0] = 5456
  hist[1] = 300
  hist[2] = 22
  hist[3] = 10
  hist[4] = 4
  hist[9] = 32
  hist[10] = 81
  hist[11] = 25
  hist[14] = 10
  hist[15] = 47
  hist[16] = 12
  hist[17] = 1
by_callsite (caller PC; symbolize with addr2line):
   0 caller=0x7cd3d6f010c2 calls=2547 total_ms=3960.677 avg_us=1555.036 max_us=140101
   1 caller=0x7cd3d6f0586c calls=1904 total_ms=0.785 avg_us=0.412 max_us=17
   2 caller=0x7cd3d6f0577c calls=704 total_ms=0.655 avg_us=0.930 max_us=23
   3 caller=0x7cd3d6f04732 calls=141 total_ms=0.289 avg_us=2.050 max_us=17
   4 caller=0x7cd3d6f0599d calls=704 total_ms=0.273 avg_us=0.388 max_us=2
direct_cudaStreamSynchronize: calls=2816 total_ms=16.987 max_us=2474
by_direct_callsite (file:line):
   0 /opt/llama.cpp/ggml/src/ggml-cuda/ggml-cuda.cu:839 calls=2463 total_ms=10.873 avg_us=4.415 max_us=355
   1 /opt/llama.cpp/ggml/src/ggml-cuda/ggml-cuda.cu:900 calls=12 total_ms=5.782 avg_us=481.833 max_us=2474
   2 /opt/llama.cpp/ggml/src/ggml-cuda/ggml-cuda.cu:2665 calls=191 total_ms=0.218 avg_us=1.141 max_us=6
   3 /opt/llama.cpp/ggml/src/ggml-cuda/ggml-cuda.cu:847 calls=150 total_ms=0.114 avg_us=0.760 max_us=2
=== END CUDA SYNC PROFILE ===
backend-sync-trace: count=6100 backend=CUDA0 caller=ggml_backend_sched_graph_compute_async_ext+0xecc

=== CUDA SYNC PROFILE (instrumentation only) ===
total_syncs = 6100
total_wait_ms = 4009.474
max_wait_us = 140101
sites = 5
wait_hist_us = logarithmic buckets
  hist[0] = 5548
  hist[1] = 304
  hist[2] = 22
  hist[3] = 10
  hist[4] = 4
  hist[9] = 33
  hist[10] = 83
  hist[11] = 25
  hist[14] = 10
  hist[15] = 48
  hist[16] = 12
  hist[17] = 1
by_callsite (caller PC; symbolize with addr2line):
   0 caller=0x7cd3d6f010c2 calls=2584 total_ms=4007.440 avg_us=1550.867 max_us=140101
   1 caller=0x7cd3d6f0586c calls=1936 total_ms=0.797 avg_us=0.412 max_us=17
   2 caller=0x7cd3d6f0577c calls=718 total_ms=0.663 avg_us=0.923 max_us=23
   3 caller=0x7cd3d6f04732 calls=144 total_ms=0.294 avg_us=2.042 max_us=17
   4 caller=0x7cd3d6f0599d calls=718 total_ms=0.280 avg_us=0.390 max_us=2
direct_cudaStreamSynchronize: calls=2859 total_ms=17.155 max_us=2474
by_direct_callsite (file:line):
   0 /opt/llama.cpp/ggml/src/ggml-cuda/ggml-cuda.cu:839 calls=2506 total_ms=11.041 avg_us=4.406 max_us=355
   1 /opt/llama.cpp/ggml/src/ggml-cuda/ggml-cuda.cu:900 calls=12 total_ms=5.782 avg_us=481.833 max_us=2474
   2 /opt/llama.cpp/ggml/src/ggml-cuda/ggml-cuda.cu:2665 calls=191 total_ms=0.218 avg_us=1.141 max_us=6
   3 /opt/llama.cpp/ggml/src/ggml-cuda/ggml-cuda.cu:847 calls=150 total_ms=0.114 avg_us=0.760 max_us=2
=== END CUDA SYNC PROFILE ===

=== CUDA SYNC PROFILE (instrumentation only) ===
total_syncs = 6194
total_wait_ms = 4038.160
max_wait_us = 140101
sites = 5
wait_hist_us = logarithmic buckets
  hist[0] = 5633
  hist[1] = 308
  hist[2] = 22
  hist[3] = 11
  hist[4] = 4
  hist[9] = 34
  hist[10] = 84
  hist[11] = 26
  hist[14] = 11
  hist[15] = 48
  hist[16] = 12
  hist[17] = 1
by_callsite (caller PC; symbolize with addr2line):
   0 caller=0x7cd3d6f010c2 calls=2622 total_ms=4036.095 avg_us=1539.319 max_us=140101
   1 caller=0x7cd3d6f0586c calls=1966 total_ms=0.808 avg_us=0.411 max_us=17
   2 caller=0x7cd3d6f0577c calls=730 total_ms=0.676 avg_us=0.926 max_us=23
   3 caller=0x7cd3d6f04732 calls=146 total_ms=0.297 avg_us=2.034 max_us=17
   4 caller=0x7cd3d6f0599d calls=730 total_ms=0.284 avg_us=0.389 max_us=2
direct_cudaStreamSynchronize: calls=2900 total_ms=17.315 max_us=2474
by_direct_callsite (file:line):
   0 /opt/llama.cpp/ggml/src/ggml-cuda/ggml-cuda.cu:839 calls=2547 total_ms=11.201 avg_us=4.398 max_us=355
   1 /opt/llama.cpp/ggml/src/ggml-cuda/ggml-cuda.cu:900 calls=12 total_ms=5.782 avg_us=481.833 max_us=2474
   2 /opt/llama.cpp/ggml/src/ggml-cuda/ggml-cuda.cu:2665 calls=191 total_ms=0.218 avg_us=1.141 max_us=6
   3 /opt/llama.cpp/ggml/src/ggml-cuda/ggml-cuda.cu:847 calls=150 total_ms=0.114 avg_us=0.760 max_us=2
=== END CUDA SYNC PROFILE ===
backend-sync-trace: count=6200 backend=CUDA0 caller=ggml_backend_sched_graph_compute_async_ext+0xecc

=== CUDA SYNC PROFILE (instrumentation only) ===
total_syncs = 6200
total_wait_ms = 4038.163
max_wait_us = 140101
sites = 5
wait_hist_us = logarithmic buckets
  hist[0] = 5639
  hist[1] = 308
  hist[2] = 22
  hist[3] = 11
  hist[4] = 4
  hist[9] = 34
  hist[10] = 84
  hist[11] = 26
  hist[14] = 11
  hist[15] = 48
  hist[16] = 12
  hist[17] = 1
by_callsite (caller PC; symbolize with addr2line):
   0 caller=0x7cd3d6f010c2 calls=2622 total_ms=4036.095 avg_us=1539.319 max_us=140101
   1 caller=0x7cd3d6f0586c calls=1968 total_ms=0.809 avg_us=0.411 max_us=17
   2 caller=0x7cd3d6f0577c calls=732 total_ms=0.678 avg_us=0.926 max_us=23
   3 caller=0x7cd3d6f04732 calls=146 total_ms=0.297 avg_us=2.034 max_us=17
   4 caller=0x7cd3d6f0599d calls=732 total_ms=0.284 avg_us=0.388 max_us=2
direct_cudaStreamSynchronize: calls=2902 total_ms=17.322 max_us=2474
by_direct_callsite (file:line):
   0 /opt/llama.cpp/ggml/src/ggml-cuda/ggml-cuda.cu:839 calls=2549 total_ms=11.208 avg_us=4.397 max_us=355
   1 /opt/llama.cpp/ggml/src/ggml-cuda/ggml-cuda.cu:900 calls=12 total_ms=5.782 avg_us=481.833 max_us=2474
   2 /opt/llama.cpp/ggml/src/ggml-cuda/ggml-cuda.cu:2665 calls=191 total_ms=0.218 avg_us=1.141 max_us=6
   3 /opt/llama.cpp/ggml/src/ggml-cuda/ggml-cuda.cu:847 calls=150 total_ms=0.114 avg_us=0.760 max_us=2
=== END CUDA SYNC PROFILE ===
backend-sync-trace: count=6300 backend=CUDA0 caller=ggml_backend_sched_synchronize+0x52

=== CUDA SYNC PROFILE (instrumentation only) ===
total_syncs = 6300
total_wait_ms = 4135.910
max_wait_us = 140101
sites = 5
wait_hist_us = logarithmic buckets
  hist[0] = 5732
  hist[1] = 311
  hist[2] = 22
  hist[3] = 11
  hist[4] = 4
  hist[9] = 35
  hist[10] = 84
  hist[11] = 27
  hist[14] = 11
  hist[15] = 50
  hist[16] = 12
  hist[17] = 1
by_callsite (caller PC; symbolize with addr2line):
   0 caller=0x7cd3d6f010c2 calls=2660 total_ms=4133.810 avg_us=1554.064 max_us=140101
   1 caller=0x7cd3d6f0586c calls=2008 total_ms=0.825 avg_us=0.411 max_us=17
   2 caller=0x7cd3d6f0577c calls=742 total_ms=0.683 avg_us=0.920 max_us=23
   3 caller=0x7cd3d6f04732 calls=148 total_ms=0.301 avg_us=2.034 max_us=17
   4 caller=0x7cd3d6f0599d calls=742 total_ms=0.291 avg_us=0.392 max_us=2
direct_cudaStreamSynchronize: calls=2951 total_ms=17.549 max_us=2474
by_direct_callsite (file:line):
   0 /opt/llama.cpp/ggml/src/ggml-cuda/ggml-cuda.cu:839 calls=2598 total_ms=11.435 avg_us=4.401 max_us=355
   1 /opt/llama.cpp/ggml/src/ggml-cuda/ggml-cuda.cu:900 calls=12 total_ms=5.782 avg_us=481.833 max_us=2474
   2 /opt/llama.cpp/ggml/src/ggml-cuda/ggml-cuda.cu:2665 calls=191 total_ms=0.218 avg_us=1.141 max_us=6
   3 /opt/llama.cpp/ggml/src/ggml-cuda/ggml-cuda.cu:847 calls=150 total_ms=0.114 avg_us=0.760 max_us=2
=== END CUDA SYNC PROFILE ===
backend-sync-trace: count=6400 backend=CUDA0 caller=ggml_backend_sched_synchronize+0x52

=== CUDA SYNC PROFILE (instrumentation only) ===
total_syncs = 6400
total_wait_ms = 4169.878
max_wait_us = 140101
sites = 5
wait_hist_us = logarithmic buckets
  hist[0] = 5825
  hist[1] = 315
  hist[2] = 22
  hist[3] = 11
  hist[4] = 4
  hist[9] = 36
  hist[10] = 85
  hist[11] = 27
  hist[14] = 12
  hist[15] = 50
  hist[16] = 12
  hist[17] = 1
by_callsite (caller PC; symbolize with addr2line):
   0 caller=0x7cd3d6f010c2 calls=2702 total_ms=4167.752 avg_us=1542.469 max_us=140101
   1 caller=0x7cd3d6f0586c calls=2039 total_ms=0.836 avg_us=0.410 max_us=17
   2 caller=0x7cd3d6f0577c calls=754 total_ms=0.690 avg_us=0.915 max_us=23
   3 caller=0x7cd3d6f04732 calls=151 total_ms=0.307 avg_us=2.033 max_us=17
   4 caller=0x7cd3d6f0599d calls=754 total_ms=0.293 avg_us=0.389 max_us=2
direct_cudaStreamSynchronize: calls=2991 total_ms=17.717 max_us=2474
by_direct_callsite (file:line):
   0 /opt/llama.cpp/ggml/src/ggml-cuda/ggml-cuda.cu:839 calls=2638 total_ms=11.603 avg_us=4.398 max_us=355
   1 /opt/llama.cpp/ggml/src/ggml-cuda/ggml-cuda.cu:900 calls=12 total_ms=5.782 avg_us=481.833 max_us=2474
   2 /opt/llama.cpp/ggml/src/ggml-cuda/ggml-cuda.cu:2665 calls=191 total_ms=0.218 avg_us=1.141 max_us=6
   3 /opt/llama.cpp/ggml/src/ggml-cuda/ggml-cuda.cu:847 calls=150 total_ms=0.114 avg_us=0.760 max_us=2
=== END CUDA SYNC PROFILE ===

=== CUDA SYNC PROFILE (instrumentation only) ===
total_syncs = 6432
total_wait_ms = 4170.816
max_wait_us = 140101
sites = 5
wait_hist_us = logarithmic buckets
  hist[0] = 5856
  hist[1] = 315
  hist[2] = 22
  hist[3] = 11
  hist[4] = 4
  hist[9] = 37
  hist[10] = 85
  hist[11] = 27
  hist[14] = 12
  hist[15] = 50
  hist[16] = 12
  hist[17] = 1
by_callsite (caller PC; symbolize with addr2line):
   0 caller=0x7cd3d6f010c2 calls=2720 total_ms=4168.684 avg_us=1532.604 max_us=140101
   1 caller=0x7cd3d6f0586c calls=2044 total_ms=0.838 avg_us=0.410 max_us=17
   2 caller=0x7cd3d6f0577c calls=758 total_ms=0.692 avg_us=0.913 max_us=23
   3 caller=0x7cd3d6f04732 calls=152 total_ms=0.308 avg_us=2.026 max_us=17
   4 caller=0x7cd3d6f0599d calls=758 total_ms=0.294 avg_us=0.388 max_us=2
direct_cudaStreamSynchronize: calls=3000 total_ms=17.748 max_us=2474
by_direct_callsite (file:line):
   0 /opt/llama.cpp/ggml/src/ggml-cuda/ggml-cuda.cu:839 calls=2647 total_ms=11.634 avg_us=4.395 max_us=355
   1 /opt/llama.cpp/ggml/src/ggml-cuda/ggml-cuda.cu:900 calls=12 total_ms=5.782 avg_us=481.833 max_us=2474
   2 /opt/llama.cpp/ggml/src/ggml-cuda/ggml-cuda.cu:2665 calls=191 total_ms=0.218 avg_us=1.141 max_us=6
   3 /opt/llama.cpp/ggml/src/ggml-cuda/ggml-cuda.cu:847 calls=150 total_ms=0.114 avg_us=0.760 max_us=2
=== END CUDA SYNC PROFILE ===
backend-sync-trace: count=6500 backend=CUDA0 caller=ggml_backend_sched_graph_compute_async_ext+0xffd

=== CUDA SYNC PROFILE (instrumentation only) ===
total_syncs = 6500
total_wait_ms = 4204.936
max_wait_us = 140101
sites = 5
wait_hist_us = logarithmic buckets
  hist[0] = 5920
  hist[1] = 317
  hist[2] = 22
  hist[3] = 11
  hist[4] = 4
  hist[9] = 37
  hist[10] = 85
  hist[11] = 28
  hist[14] = 13
  hist[15] = 50
  hist[16] = 12
  hist[17] = 1
by_callsite (caller PC; symbolize with addr2line):
   0 caller=0x7cd3d6f010c2 calls=2750 total_ms=4202.787 avg_us=1528.286 max_us=140101
   1 caller=0x7cd3d6f0586c calls=2066 total_ms=0.845 avg_us=0.409 max_us=17
   2 caller=0x7cd3d6f0577c calls=765 total_ms=0.699 avg_us=0.914 max_us=23
   3 caller=0x7cd3d6f04732 calls=154 total_ms=0.310 avg_us=2.013 max_us=17
   4 caller=0x7cd3d6f0599d calls=765 total_ms=0.295 avg_us=0.386 max_us=2
direct_cudaStreamSynchronize: calls=3026 total_ms=17.857 max_us=2474
by_direct_callsite (file:line):
   0 /opt/llama.cpp/ggml/src/ggml-cuda/ggml-cuda.cu:839 calls=2673 total_ms=11.743 avg_us=4.393 max_us=355
   1 /opt/llama.cpp/ggml/src/ggml-cuda/ggml-cuda.cu:900 calls=12 total_ms=5.782 avg_us=481.833 max_us=2474
   2 /opt/llama.cpp/ggml/src/ggml-cuda/ggml-cuda.cu:2665 calls=191 total_ms=0.218 avg_us=1.141 max_us=6
   3 /opt/llama.cpp/ggml/src/ggml-cuda/ggml-cuda.cu:847 calls=150 total_ms=0.114 avg_us=0.760 max_us=2
=== END CUDA SYNC PROFILE ===
backend-sync-trace: count=6600 backend=CUDA0 caller=ggml_backend_sched_synchronize+0x52

=== CUDA SYNC PROFILE (instrumentation only) ===
total_syncs = 6600
total_wait_ms = 4242.263
max_wait_us = 140101
sites = 5
wait_hist_us = logarithmic buckets
  hist[0] = 6011
  hist[1] = 321
  hist[2] = 22
  hist[3] = 11
  hist[4] = 4
  hist[9] = 38
  hist[10] = 88
  hist[11] = 28
  hist[14] = 14
  hist[15] = 50
  hist[16] = 12
  hist[17] = 1
by_callsite (caller PC; symbolize with addr2line):
   0 caller=0x7cd3d6f010c2 calls=2787 total_ms=4240.082 avg_us=1521.379 max_us=140101
   1 caller=0x7cd3d6f0586c calls=2101 total_ms=0.859 avg_us=0.409 max_us=17
   2 caller=0x7cd3d6f0577c calls=778 total_ms=0.708 avg_us=0.910 max_us=23
   3 caller=0x7cd3d6f04732 calls=156 total_ms=0.314 avg_us=2.013 max_us=17
   4 caller=0x7cd3d6f0599d calls=778 total_ms=0.300 avg_us=0.386 max_us=2
direct_cudaStreamSynchronize: calls=3073 total_ms=18.034 max_us=2474
by_direct_callsite (file:line):
   0 /opt/llama.cpp/ggml/src/ggml-cuda/ggml-cuda.cu:839 calls=2720 total_ms=11.920 avg_us=4.382 max_us=355
   1 /opt/llama.cpp/ggml/src/ggml-cuda/ggml-cuda.cu:900 calls=12 total_ms=5.782 avg_us=481.833 max_us=2474
   2 /opt/llama.cpp/ggml/src/ggml-cuda/ggml-cuda.cu:2665 calls=191 total_ms=0.218 avg_us=1.141 max_us=6
   3 /opt/llama.cpp/ggml/src/ggml-cuda/ggml-cuda.cu:847 calls=150 total_ms=0.114 avg_us=0.760 max_us=2
=== END CUDA SYNC PROFILE ===

=== CUDA SYNC PROFILE (instrumentation only) ===
total_syncs = 6664
total_wait_ms = 4269.260
max_wait_us = 140101
sites = 5
wait_hist_us = logarithmic buckets
  hist[0] = 6071
  hist[1] = 324
  hist[2] = 22
  hist[3] = 11
  hist[4] = 4
  hist[9] = 38
  hist[10] = 88
  hist[11] = 28
  hist[14] = 15
  hist[15] = 50
  hist[16] = 12
  hist[17] = 1
by_callsite (caller PC; symbolize with addr2line):
   0 caller=0x7cd3d6f010c2 calls=2812 total_ms=4267.062 avg_us=1517.447 max_us=140101
   1 caller=0x7cd3d6f0586c calls=2122 total_ms=0.864 avg_us=0.407 max_us=17
   2 caller=0x7cd3d6f0577c calls=786 total_ms=0.713 avg_us=0.907 max_us=23
   3 caller=0x7cd3d6f04732 calls=158 total_ms=0.317 avg_us=2.006 max_us=17
   4 caller=0x7cd3d6f0599d calls=786 total_ms=0.304 avg_us=0.387 max_us=2
direct_cudaStreamSynchronize: calls=3100 total_ms=18.150 max_us=2474
by_direct_callsite (file:line):
   0 /opt/llama.cpp/ggml/src/ggml-cuda/ggml-cuda.cu:839 calls=2747 total_ms=12.036 avg_us=4.382 max_us=355
   1 /opt/llama.cpp/ggml/src/ggml-cuda/ggml-cuda.cu:900 calls=12 total_ms=5.782 avg_us=481.833 max_us=2474
   2 /opt/llama.cpp/ggml/src/ggml-cuda/ggml-cuda.cu:2665 calls=191 total_ms=0.218 avg_us=1.141 max_us=6
   3 /opt/llama.cpp/ggml/src/ggml-cuda/ggml-cuda.cu:847 calls=150 total_ms=0.114 avg_us=0.760 max_us=2
=== END CUDA SYNC PROFILE ===
backend-sync-trace: count=6700 backend=CUDA0 caller=ggml_backend_sched_graph_compute_async_ext+0xecc

=== CUDA SYNC PROFILE (instrumentation only) ===
total_syncs = 6700
total_wait_ms = 4272.228
max_wait_us = 140101
sites = 5
wait_hist_us = logarithmic buckets
  hist[0] = 6104
  hist[1] = 325
  hist[2] = 22
  hist[3] = 11
  hist[4] = 4
  hist[9] = 38
  hist[10] = 90
  hist[11] = 28
  hist[14] = 15
  hist[15] = 50
  hist[16] = 12
  hist[17] = 1
by_callsite (caller PC; symbolize with addr2line):
   0 caller=0x7cd3d6f010c2 calls=2826 total_ms=4270.018 avg_us=1510.976 max_us=140101
   1 caller=0x7cd3d6f0586c calls=2132 total_ms=0.869 avg_us=0.408 max_us=17
   2 caller=0x7cd3d6f0577c calls=792 total_ms=0.719 avg_us=0.908 max_us=23
   3 caller=0x7cd3d6f04732 calls=158 total_ms=0.317 avg_us=2.006 max_us=17
   4 caller=0x7cd3d6f0599d calls=792 total_ms=0.305 avg_us=0.385 max_us=2
direct_cudaStreamSynchronize: calls=3114 total_ms=18.216 max_us=2474
by_direct_callsite (file:line):
   0 /opt/llama.cpp/ggml/src/ggml-cuda/ggml-cuda.cu:839 calls=2761 total_ms=12.102 avg_us=4.383 max_us=355
   1 /opt/llama.cpp/ggml/src/ggml-cuda/ggml-cuda.cu:900 calls=12 total_ms=5.782 avg_us=481.833 max_us=2474
   2 /opt/llama.cpp/ggml/src/ggml-cuda/ggml-cuda.cu:2665 calls=191 total_ms=0.218 avg_us=1.141 max_us=6
   3 /opt/llama.cpp/ggml/src/ggml-cuda/ggml-cuda.cu:847 calls=150 total_ms=0.114 avg_us=0.760 max_us=2
=== END CUDA SYNC PROFILE ===
backend-sync-trace: count=6800 backend=CUDA0 caller=0x7cd3d6f04732

=== CUDA SYNC PROFILE (instrumentation only) ===
total_syncs = 6800
total_wait_ms = 4366.229
max_wait_us = 140101
sites = 5
wait_hist_us = logarithmic buckets
  hist[0] = 6198
  hist[1] = 327
  hist[2] = 22
  hist[3] = 11
  hist[4] = 4
  hist[9] = 38
  hist[10] = 91
  hist[11] = 29
  hist[14] = 15
  hist[15] = 52
  hist[16] = 12
  hist[17] = 1
by_callsite (caller PC; symbolize with addr2line):
   0 caller=0x7cd3d6f010c2 calls=2865 total_ms=4363.995 avg_us=1523.209 max_us=140101
   1 caller=0x7cd3d6f0586c calls=2170 total_ms=0.881 avg_us=0.406 max_us=17
   2 caller=0x7cd3d6f0577c calls=802 total_ms=0.725 avg_us=0.904 max_us=23
   3 caller=0x7cd3d6f04732 calls=161 total_ms=0.321 avg_us=1.994 max_us=17
   4 caller=0x7cd3d6f0599d calls=802 total_ms=0.307 avg_us=0.383 max_us=2
direct_cudaStreamSynchronize: calls=3161 total_ms=18.383 max_us=2474
by_direct_callsite (file:line):
   0 /opt/llama.cpp/ggml/src/ggml-cuda/ggml-cuda.cu:839 calls=2808 total_ms=12.269 avg_us=4.369 max_us=355
   1 /opt/llama.cpp/ggml/src/ggml-cuda/ggml-cuda.cu:900 calls=12 total_ms=5.782 avg_us=481.833 max_us=2474
   2 /opt/llama.cpp/ggml/src/ggml-cuda/ggml-cuda.cu:2665 calls=191 total_ms=0.218 avg_us=1.141 max_us=6
   3 /opt/llama.cpp/ggml/src/ggml-cuda/ggml-cuda.cu:847 calls=150 total_ms=0.114 avg_us=0.760 max_us=2
=== END CUDA SYNC PROFILE ===

=== CUDA SYNC PROFILE (instrumentation only) ===
total_syncs = 6892
total_wait_ms = 4403.867
max_wait_us = 140101
sites = 5
wait_hist_us = logarithmic buckets
  hist[0] = 6285
  hist[1] = 329
  hist[2] = 22
  hist[3] = 11
  hist[4] = 4
  hist[9] = 39
  hist[10] = 92
  hist[11] = 29
  hist[14] = 15
  hist[15] = 53
  hist[16] = 12
  hist[17] = 1
by_callsite (caller PC; symbolize with addr2line):
   0 caller=0x7cd3d6f010c2 calls=2902 total_ms=4401.605 avg_us=1516.749 max_us=140101
   1 caller=0x7cd3d6f0586c calls=2199 total_ms=0.892 avg_us=0.406 max_us=17
   2 caller=0x7cd3d6f0577c calls=814 total_ms=0.734 avg_us=0.902 max_us=23
   3 caller=0x7cd3d6f04732 calls=163 total_ms=0.324 avg_us=1.988 max_us=17
   4 caller=0x7cd3d6f0599d calls=814 total_ms=0.312 avg_us=0.383 max_us=2
direct_cudaStreamSynchronize: calls=3200 total_ms=18.541 max_us=2474
by_direct_callsite (file:line):
   0 /opt/llama.cpp/ggml/src/ggml-cuda/ggml-cuda.cu:839 calls=2847 total_ms=12.427 avg_us=4.365 max_us=355
   1 /opt/llama.cpp/ggml/src/ggml-cuda/ggml-cuda.cu:900 calls=12 total_ms=5.782 avg_us=481.833 max_us=2474
   2 /opt/llama.cpp/ggml/src/ggml-cuda/ggml-cuda.cu:2665 calls=191 total_ms=0.218 avg_us=1.141 max_us=6
   3 /opt/llama.cpp/ggml/src/ggml-cuda/ggml-cuda.cu:847 calls=150 total_ms=0.114 avg_us=0.760 max_us=2
=== END CUDA SYNC PROFILE ===
backend-sync-trace: count=6900 backend=CUDA0 caller=ggml_backend_sched_synchronize+0x52

=== CUDA SYNC PROFILE (instrumentation only) ===
total_syncs = 6900
total_wait_ms = 4403.874
max_wait_us = 140101
sites = 5
wait_hist_us = logarithmic buckets
  hist[0] = 6293
  hist[1] = 329
  hist[2] = 22
  hist[3] = 11
  hist[4] = 4
  hist[9] = 39
  hist[10] = 92
  hist[11] = 29
  hist[14] = 15
  hist[15] = 53
  hist[16] = 12
  hist[17] = 1
by_callsite (caller PC; symbolize with addr2line):
   0 caller=0x7cd3d6f010c2 calls=2908 total_ms=4401.610 avg_us=1513.621 max_us=140101
   1 caller=0x7cd3d6f0586c calls=2201 total_ms=0.894 avg_us=0.406 max_us=17
   2 caller=0x7cd3d6f0577c calls=814 total_ms=0.734 avg_us=0.902 max_us=23
   3 caller=0x7cd3d6f04732 calls=163 total_ms=0.324 avg_us=1.988 max_us=17
   4 caller=0x7cd3d6f0599d calls=814 total_ms=0.312 avg_us=0.383 max_us=2
direct_cudaStreamSynchronize: calls=3201 total_ms=18.544 max_us=2474
by_direct_callsite (file:line):
   0 /opt/llama.cpp/ggml/src/ggml-cuda/ggml-cuda.cu:839 calls=2848 total_ms=12.430 avg_us=4.364 max_us=355
   1 /opt/llama.cpp/ggml/src/ggml-cuda/ggml-cuda.cu:900 calls=12 total_ms=5.782 avg_us=481.833 max_us=2474
   2 /opt/llama.cpp/ggml/src/ggml-cuda/ggml-cuda.cu:2665 calls=191 total_ms=0.218 avg_us=1.141 max_us=6
   3 /opt/llama.cpp/ggml/src/ggml-cuda/ggml-cuda.cu:847 calls=150 total_ms=0.114 avg_us=0.760 max_us=2
=== END CUDA SYNC PROFILE ===
backend-sync-trace: count=7000 backend=CUDA0 caller=ggml_backend_sched_synchronize+0x52

=== CUDA SYNC PROFILE (instrumentation only) ===
total_syncs = 7000
total_wait_ms = 4451.198
max_wait_us = 140101
sites = 5
wait_hist_us = logarithmic buckets
  hist[0] = 6384
  hist[1] = 334
  hist[2] = 22
  hist[3] = 11
  hist[4] = 4
  hist[9] = 39
  hist[10] = 95
  hist[11] = 29
  hist[14] = 15
  hist[15] = 54
  hist[16] = 12
  hist[17] = 1
by_callsite (caller PC; symbolize with addr2line):
   0 caller=0x7cd3d6f010c2 calls=2950 total_ms=4448.898 avg_us=1508.101 max_us=140101
   1 caller=0x7cd3d6f0586c calls=2232 total_ms=0.909 avg_us=0.407 max_us=17
   2 caller=0x7cd3d6f0577c calls=826 total_ms=0.743 avg_us=0.900 max_us=23
   3 caller=0x7cd3d6f04732 calls=166 total_ms=0.330 avg_us=1.988 max_us=17
   4 caller=0x7cd3d6f0599d calls=826 total_ms=0.318 avg_us=0.385 max_us=2
direct_cudaStreamSynchronize: calls=3242 total_ms=18.700 max_us=2474
by_direct_callsite (file:line):
   0 /opt/llama.cpp/ggml/src/ggml-cuda/ggml-cuda.cu:839 calls=2889 total_ms=12.586 avg_us=4.357 max_us=355
   1 /opt/llama.cpp/ggml/src/ggml-cuda/ggml-cuda.cu:900 calls=12 total_ms=5.782 avg_us=481.833 max_us=2474
   2 /opt/llama.cpp/ggml/src/ggml-cuda/ggml-cuda.cu:2665 calls=191 total_ms=0.218 avg_us=1.141 max_us=6
   3 /opt/llama.cpp/ggml/src/ggml-cuda/ggml-cuda.cu:847 calls=150 total_ms=0.114 avg_us=0.760 max_us=2
=== END CUDA SYNC PROFILE ===
backend-sync-trace: count=7100 backend=CUDA0 caller=ggml_backend_sched_synchronize+0x52

=== CUDA SYNC PROFILE (instrumentation only) ===
total_syncs = 7100
total_wait_ms = 4484.597
max_wait_us = 140101
sites = 5
wait_hist_us = logarithmic buckets
  hist[0] = 6476
  hist[1] = 338
  hist[2] = 22
  hist[3] = 11
  hist[4] = 4
  hist[9] = 40
  hist[10] = 96
  hist[11] = 30
  hist[14] = 16
  hist[15] = 54
  hist[16] = 12
  hist[17] = 1
by_callsite (caller PC; symbolize with addr2line):
   0 caller=0x7cd3d6f010c2 calls=2993 total_ms=4482.265 avg_us=1497.583 max_us=140101
   1 caller=0x7cd3d6f0586c calls=2263 total_ms=0.920 avg_us=0.407 max_us=17
   2 caller=0x7cd3d6f0577c calls=838 total_ms=0.751 avg_us=0.896 max_us=23
   3 caller=0x7cd3d6f04732 calls=168 total_ms=0.334 avg_us=1.988 max_us=17
   4 caller=0x7cd3d6f0599d calls=838 total_ms=0.327 avg_us=0.390 max_us=2
direct_cudaStreamSynchronize: calls=3283 total_ms=18.864 max_us=2474
by_direct_callsite (file:line):
   0 /opt/llama.cpp/ggml/src/ggml-cuda/ggml-cuda.cu:839 calls=2930 total_ms=12.750 avg_us=4.352 max_us=355
   1 /opt/llama.cpp/ggml/src/ggml-cuda/ggml-cuda.cu:900 calls=12 total_ms=5.782 avg_us=481.833 max_us=2474
   2 /opt/llama.cpp/ggml/src/ggml-cuda/ggml-cuda.cu:2665 calls=191 total_ms=0.218 avg_us=1.141 max_us=6
   3 /opt/llama.cpp/ggml/src/ggml-cuda/ggml-cuda.cu:847 calls=150 total_ms=0.114 avg_us=0.760 max_us=2
=== END CUDA SYNC PROFILE ===

=== CUDA SYNC PROFILE (instrumentation only) ===
total_syncs = 7128
total_wait_ms = 4484.608
max_wait_us = 140101
sites = 5
wait_hist_us = logarithmic buckets
  hist[0] = 6503
  hist[1] = 339
  hist[2] = 22
  hist[3] = 11
  hist[4] = 4
  hist[9] = 40
  hist[10] = 96
  hist[11] = 30
  hist[14] = 16
  hist[15] = 54
  hist[16] = 12
  hist[17] = 1
by_callsite (caller PC; symbolize with addr2line):
   0 caller=0x7cd3d6f010c2 calls=2999 total_ms=4482.268 avg_us=1494.588 max_us=140101
   1 caller=0x7cd3d6f0586c calls=2277 total_ms=0.924 avg_us=0.406 max_us=17
   2 caller=0x7cd3d6f0577c calls=842 total_ms=0.753 avg_us=0.894 max_us=23
   3 caller=0x7cd3d6f04732 calls=168 total_ms=0.334 avg_us=1.988 max_us=17
   4 caller=0x7cd3d6f0599d calls=842 total_ms=0.329 avg_us=0.391 max_us=2
direct_cudaStreamSynchronize: calls=3300 total_ms=18.932 max_us=2474
by_direct_callsite (file:line):
   0 /opt/llama.cpp/ggml/src/ggml-cuda/ggml-cuda.cu:839 calls=2947 total_ms=12.818 avg_us=4.350 max_us=355
   1 /opt/llama.cpp/ggml/src/ggml-cuda/ggml-cuda.cu:900 calls=12 total_ms=5.782 avg_us=481.833 max_us=2474
   2 /opt/llama.cpp/ggml/src/ggml-cuda/ggml-cuda.cu:2665 calls=191 total_ms=0.218 avg_us=1.141 max_us=6
   3 /opt/llama.cpp/ggml/src/ggml-cuda/ggml-cuda.cu:847 calls=150 total_ms=0.114 avg_us=0.760 max_us=2
=== END CUDA SYNC PROFILE ===
backend-sync-trace: count=7200 backend=CUDA0 caller=ggml_backend_sched_graph_compute_async_ext+0xffd

=== CUDA SYNC PROFILE (instrumentation only) ===
total_syncs = 7200
total_wait_ms = 4521.008
max_wait_us = 140101
sites = 5
wait_hist_us = logarithmic buckets
  hist[0] = 6568
  hist[1] = 343
  hist[2] = 22
  hist[3] = 11
  hist[4] = 4
  hist[9] = 41
  hist[10] = 97
  hist[11] = 30
  hist[14] = 16
  hist[15] = 55
  hist[16] = 12
  hist[17] = 1
by_callsite (caller PC; symbolize with addr2line):
   0 caller=0x7cd3d6f010c2 calls=3036 total_ms=4518.644 avg_us=1488.354 max_us=140101
   1 caller=0x7cd3d6f0586c calls=2290 total_ms=0.932 avg_us=0.407 max_us=17
   2 caller=0x7cd3d6f0577c calls=852 total_ms=0.761 avg_us=0.893 max_us=23
   3 caller=0x7cd3d6f04732 calls=170 total_ms=0.337 avg_us=1.982 max_us=17
   4 caller=0x7cd3d6f0599d calls=852 total_ms=0.334 avg_us=0.392 max_us=2
direct_cudaStreamSynchronize: calls=3320 total_ms=19.005 max_us=2474
by_direct_callsite (file:line):
   0 /opt/llama.cpp/ggml/src/ggml-cuda/ggml-cuda.cu:839 calls=2967 total_ms=12.891 avg_us=4.345 max_us=355
   1 /opt/llama.cpp/ggml/src/ggml-cuda/ggml-cuda.cu:900 calls=12 total_ms=5.782 avg_us=481.833 max_us=2474
   2 /opt/llama.cpp/ggml/src/ggml-cuda/ggml-cuda.cu:2665 calls=191 total_ms=0.218 avg_us=1.141 max_us=6
   3 /opt/llama.cpp/ggml/src/ggml-cuda/ggml-cuda.cu:847 calls=150 total_ms=0.114 avg_us=0.760 max_us=2
=== END CUDA SYNC PROFILE ===
backend-sync-trace: count=7300 backend=CUDA0 caller=ggml_backend_sched_graph_compute_async_ext+0xecc

=== CUDA SYNC PROFILE (instrumentation only) ===
total_syncs = 7300
total_wait_ms = 4584.184
max_wait_us = 140101
sites = 5
wait_hist_us = logarithmic buckets
  hist[0] = 6656
  hist[1] = 349
  hist[2] = 23
  hist[3] = 11
  hist[4] = 5
  hist[9] = 42
  hist[10] = 98
  hist[11] = 30
  hist[14] = 17
  hist[15] = 56
  hist[16] = 12
  hist[17] = 1
by_callsite (caller PC; symbolize with addr2line):
   0 caller=0x7cd3d6f010c2 calls=3063 total_ms=4581.755 avg_us=1495.839 max_us=140101
   1 caller=0x7cd3d6f0586c calls=2336 total_ms=0.948 avg_us=0.406 max_us=17
   2 caller=0x7cd3d6f0577c calls=864 total_ms=0.799 avg_us=0.925 max_us=30
   3 caller=0x7cd3d6f04732 calls=173 total_ms=0.343 avg_us=1.983 max_us=17
   4 caller=0x7cd3d6f0599d calls=864 total_ms=0.339 avg_us=0.392 max_us=2
direct_cudaStreamSynchronize: calls=3376 total_ms=19.275 max_us=2474
by_direct_callsite (file:line):
   0 /opt/llama.cpp/ggml/src/ggml-cuda/ggml-cuda.cu:839 calls=3023 total_ms=13.161 avg_us=4.354 max_us=355
   1 /opt/llama.cpp/ggml/src/ggml-cuda/ggml-cuda.cu:900 calls=12 total_ms=5.782 avg_us=481.833 max_us=2474
   2 /opt/llama.cpp/ggml/src/ggml-cuda/ggml-cuda.cu:2665 calls=191 total_ms=0.218 avg_us=1.141 max_us=6
   3 /opt/llama.cpp/ggml/src/ggml-cuda/ggml-cuda.cu:847 calls=150 total_ms=0.114 avg_us=0.760 max_us=2
=== END CUDA SYNC PROFILE ===

=== CUDA SYNC PROFILE (instrumentation only) ===
total_syncs = 7369
total_wait_ms = 4586.068
max_wait_us = 140101
sites = 5
wait_hist_us = logarithmic buckets
  hist[0] = 6721
  hist[1] = 351
  hist[2] = 23
  hist[3] = 11
  hist[4] = 5
  hist[9] = 44
  hist[10] = 98
  hist[11] = 30
  hist[14] = 17
  hist[15] = 56
  hist[16] = 12
  hist[17] = 1
by_callsite (caller PC; symbolize with addr2line):
   0 caller=0x7cd3d6f010c2 calls=3098 total_ms=4583.619 avg_us=1479.541 max_us=140101
   1 caller=0x7cd3d6f0586c calls=2353 total_ms=0.955 avg_us=0.406 max_us=17
   2 caller=0x7cd3d6f0577c calls=872 total_ms=0.805 avg_us=0.923 max_us=30
   3 caller=0x7cd3d6f04732 calls=174 total_ms=0.346 avg_us=1.989 max_us=17
   4 caller=0x7cd3d6f0599d calls=872 total_ms=0.343 avg_us=0.393 max_us=2
direct_cudaStreamSynchronize: calls=3400 total_ms=19.373 max_us=2474
by_direct_callsite (file:line):
   0 /opt/llama.cpp/ggml/src/ggml-cuda/ggml-cuda.cu:839 calls=3047 total_ms=13.259 avg_us=4.351 max_us=355
   1 /opt/llama.cpp/ggml/src/ggml-cuda/ggml-cuda.cu:900 calls=12 total_ms=5.782 avg_us=481.833 max_us=2474
   2 /opt/llama.cpp/ggml/src/ggml-cuda/ggml-cuda.cu:2665 calls=191 total_ms=0.218 avg_us=1.141 max_us=6
   3 /opt/llama.cpp/ggml/src/ggml-cuda/ggml-cuda.cu:847 calls=150 total_ms=0.114 avg_us=0.760 max_us=2
=== END CUDA SYNC PROFILE ===
backend-sync-trace: count=7400 backend=CUDA0 caller=ggml_backend_sched_graph_compute_async_ext+0xffd

=== CUDA SYNC PROFILE (instrumentation only) ===
total_syncs = 7400
total_wait_ms = 4613.783
max_wait_us = 140101
sites = 5
wait_hist_us = logarithmic buckets
  hist[0] = 6748
  hist[1] = 353
  hist[2] = 24
  hist[3] = 11
  hist[4] = 5
  hist[9] = 44
  hist[10] = 98
  hist[11] = 30
  hist[14] = 18
  hist[15] = 56
  hist[16] = 12
  hist[17] = 1
by_callsite (caller PC; symbolize with addr2line):
   0 caller=0x7cd3d6f010c2 calls=3109 total_ms=4611.323 avg_us=1483.217 max_us=140101
   1 caller=0x7cd3d6f0586c calls=2363 total_ms=0.958 avg_us=0.405 max_us=17
   2 caller=0x7cd3d6f0577c calls=876 total_ms=0.807 avg_us=0.921 max_us=30
   3 caller=0x7cd3d6f04732 calls=176 total_ms=0.350 avg_us=1.989 max_us=17
   4 caller=0x7cd3d6f0599d calls=876 total_ms=0.345 avg_us=0.394 max_us=2
direct_cudaStreamSynchronize: calls=3412 total_ms=19.420 max_us=2474
by_direct_callsite (file:line):
   0 /opt/llama.cpp/ggml/src/ggml-cuda/ggml-cuda.cu:839 calls=3059 total_ms=13.306 avg_us=4.350 max_us=355
   1 /opt/llama.cpp/ggml/src/ggml-cuda/ggml-cuda.cu:900 calls=12 total_ms=5.782 avg_us=481.833 max_us=2474
   2 /opt/llama.cpp/ggml/src/ggml-cuda/ggml-cuda.cu:2665 calls=191 total_ms=0.218 avg_us=1.141 max_us=6
   3 /opt/llama.cpp/ggml/src/ggml-cuda/ggml-cuda.cu:847 calls=150 total_ms=0.114 avg_us=0.760 max_us=2
=== END CUDA SYNC PROFILE ===
backend-sync-trace: count=7500 backend=CUDA0 caller=ggml_backend_sched_graph_compute_async_ext+0xddc

=== CUDA SYNC PROFILE (instrumentation only) ===
total_syncs = 7500
total_wait_ms = 4650.336
max_wait_us = 140101
sites = 5
wait_hist_us = logarithmic buckets
  hist[0] = 6840
  hist[1] = 355
  hist[2] = 26
  hist[3] = 11
  hist[4] = 5
  hist[9] = 44
  hist[10] = 101
  hist[11] = 30
  hist[14] = 19
  hist[15] = 56
  hist[16] = 12
  hist[17] = 1
by_callsite (caller PC; symbolize with addr2line):
   0 caller=0x7cd3d6f010c2 calls=3153 total_ms=4647.843 avg_us=1474.102 max_us=140101
   1 caller=0x7cd3d6f0586c calls=2394 total_ms=0.972 avg_us=0.406 max_us=17
   2 caller=0x7cd3d6f0577c calls=888 total_ms=0.817 avg_us=0.920 max_us=30
   3 caller=0x7cd3d6f04732 calls=178 total_ms=0.354 avg_us=1.989 max_us=17
   4 caller=0x7cd3d6f0599d calls=887 total_ms=0.350 avg_us=0.395 max_us=2
direct_cudaStreamSynchronize: calls=3453 total_ms=19.580 max_us=2474
by_direct_callsite (file:line):
   0 /opt/llama.cpp/ggml/src/ggml-cuda/ggml-cuda.cu:839 calls=3100 total_ms=13.466 avg_us=4.344 max_us=355
   1 /opt/llama.cpp/ggml/src/ggml-cuda/ggml-cuda.cu:900 calls=12 total_ms=5.782 avg_us=481.833 max_us=2474
   2 /opt/llama.cpp/ggml/src/ggml-cuda/ggml-cuda.cu:2665 calls=191 total_ms=0.218 avg_us=1.141 max_us=6
   3 /opt/llama.cpp/ggml/src/ggml-cuda/ggml-cuda.cu:847 calls=150 total_ms=0.114 avg_us=0.760 max_us=2
=== END CUDA SYNC PROFILE ===
backend-sync-trace: count=7600 backend=CUDA0 caller=ggml_backend_sched_graph_compute_async_ext+0xffd

=== CUDA SYNC PROFILE (instrumentation only) ===
total_syncs = 7600
total_wait_ms = 4679.423
max_wait_us = 140101
sites = 5
wait_hist_us = logarithmic buckets
  hist[0] = 6930
  hist[1] = 360
  hist[2] = 27
  hist[3] = 11
  hist[4] = 5
  hist[9] = 45
  hist[10] = 103
  hist[11] = 30
  hist[14] = 20
  hist[15] = 56
  hist[16] = 12
  hist[17] = 1
by_callsite (caller PC; symbolize with addr2line):
   0 caller=0x7cd3d6f010c2 calls=3191 total_ms=4676.899 avg_us=1465.653 max_us=140101
   1 caller=0x7cd3d6f0586c calls=2425 total_ms=0.982 avg_us=0.405 max_us=17
   2 caller=0x7cd3d6f0577c calls=902 total_ms=0.829 avg_us=0.919 max_us=30
   3 caller=0x7cd3d6f04732 calls=180 total_ms=0.358 avg_us=1.989 max_us=17
   4 caller=0x7cd3d6f0599d calls=902 total_ms=0.355 avg_us=0.394 max_us=2
direct_cudaStreamSynchronize: calls=3495 total_ms=19.740 max_us=2474
by_direct_callsite (file:line):
   0 /opt/llama.cpp/ggml/src/ggml-cuda/ggml-cuda.cu:839 calls=3142 total_ms=13.626 avg_us=4.337 max_us=355
   1 /opt/llama.cpp/ggml/src/ggml-cuda/ggml-cuda.cu:900 calls=12 total_ms=5.782 avg_us=481.833 max_us=2474
   2 /opt/llama.cpp/ggml/src/ggml-cuda/ggml-cuda.cu:2665 calls=191 total_ms=0.218 avg_us=1.141 max_us=6
   3 /opt/llama.cpp/ggml/src/ggml-cuda/ggml-cuda.cu:847 calls=150 total_ms=0.114 avg_us=0.760 max_us=2
=== END CUDA SYNC PROFILE ===

=== CUDA SYNC PROFILE (instrumentation only) ===
total_syncs = 7604
total_wait_ms = 4679.425
max_wait_us = 140101
sites = 5
wait_hist_us = logarithmic buckets
  hist[0] = 6934
  hist[1] = 360
  hist[2] = 27
  hist[3] = 11
  hist[4] = 5
  hist[9] = 45
  hist[10] = 103
  hist[11] = 30
  hist[14] = 20
  hist[15] = 56
  hist[16] = 12
  hist[17] = 1
by_callsite (caller PC; symbolize with addr2line):
   0 caller=0x7cd3d6f010c2 calls=3191 total_ms=4676.899 avg_us=1465.653 max_us=140101
   1 caller=0x7cd3d6f0586c calls=2429 total_ms=0.984 avg_us=0.405 max_us=17
   2 caller=0x7cd3d6f0577c calls=902 total_ms=0.829 avg_us=0.919 max_us=30
   3 caller=0x7cd3d6f04732 calls=180 total_ms=0.358 avg_us=1.989 max_us=17
   4 caller=0x7cd3d6f0599d calls=902 total_ms=0.355 avg_us=0.394 max_us=2
direct_cudaStreamSynchronize: calls=3500 total_ms=19.776 max_us=2474
by_direct_callsite (file:line):
   0 /opt/llama.cpp/ggml/src/ggml-cuda/ggml-cuda.cu:839 calls=3147 total_ms=13.662 avg_us=4.341 max_us=355
   1 /opt/llama.cpp/ggml/src/ggml-cuda/ggml-cuda.cu:900 calls=12 total_ms=5.782 avg_us=481.833 max_us=2474
   2 /opt/llama.cpp/ggml/src/ggml-cuda/ggml-cuda.cu:2665 calls=191 total_ms=0.218 avg_us=1.141 max_us=6
   3 /opt/llama.cpp/ggml/src/ggml-cuda/ggml-cuda.cu:847 calls=150 total_ms=0.114 avg_us=0.760 max_us=2
=== END CUDA SYNC PROFILE ===
backend-sync-trace: count=7700 backend=CUDA0 caller=ggml_backend_sched_graph_compute_async_ext+0xecc

=== CUDA SYNC PROFILE (instrumentation only) ===
total_syncs = 7700
total_wait_ms = 4749.908
max_wait_us = 140101
sites = 5
wait_hist_us = logarithmic buckets
  hist[0] = 7022
  hist[1] = 364
  hist[2] = 27
  hist[3] = 11
  hist[4] = 5
  hist[9] = 45
  hist[10] = 105
  hist[11] = 30
  hist[14] = 21
  hist[15] = 57
  hist[16] = 12
  hist[17] = 1
by_callsite (caller PC; symbolize with addr2line):
   0 caller=0x7cd3d6f010c2 calls=3218 total_ms=4747.347 avg_us=1475.248 max_us=140101
   1 caller=0x7cd3d6f0586c calls=2471 total_ms=1.000 avg_us=0.405 max_us=17
   2 caller=0x7cd3d6f0577c calls=914 total_ms=0.837 avg_us=0.916 max_us=30
   3 caller=0x7cd3d6f04732 calls=183 total_ms=0.363 avg_us=1.984 max_us=17
   4 caller=0x7cd3d6f0599d calls=914 total_ms=0.361 avg_us=0.395 max_us=2
direct_cudaStreamSynchronize: calls=3551 total_ms=19.973 max_us=2474
by_direct_callsite (file:line):
   0 /opt/llama.cpp/ggml/src/ggml-cuda/ggml-cuda.cu:839 calls=3198 total_ms=13.859 avg_us=4.334 max_us=355
   1 /opt/llama.cpp/ggml/src/ggml-cuda/ggml-cuda.cu:900 calls=12 total_ms=5.782 avg_us=481.833 max_us=2474
   2 /opt/llama.cpp/ggml/src/ggml-cuda/ggml-cuda.cu:2665 calls=191 total_ms=0.218 avg_us=1.141 max_us=6
   3 /opt/llama.cpp/ggml/src/ggml-cuda/ggml-cuda.cu:847 calls=150 total_ms=0.114 avg_us=0.760 max_us=2
=== END CUDA SYNC PROFILE ===
backend-sync-trace: count=7800 backend=CUDA0 caller=ggml_backend_sched_graph_compute_async_ext+0xffd

=== CUDA SYNC PROFILE (instrumentation only) ===
total_syncs = 7800
total_wait_ms = 4781.296
max_wait_us = 140101
sites = 5
wait_hist_us = logarithmic buckets
  hist[0] = 7115
  hist[1] = 368
  hist[2] = 27
  hist[3] = 11
  hist[4] = 5
  hist[9] = 45
  hist[10] = 107
  hist[11] = 30
  hist[14] = 22
  hist[15] = 57
  hist[16] = 12
  hist[17] = 1
by_callsite (caller PC; symbolize with addr2line):
   0 caller=0x7cd3d6f010c2 calls=3264 total_ms=4778.703 avg_us=1464.063 max_us=140101
   1 caller=0x7cd3d6f0586c calls=2498 total_ms=1.011 avg_us=0.405 max_us=17
   2 caller=0x7cd3d6f0577c calls=926 total_ms=0.847 avg_us=0.915 max_us=30
   3 caller=0x7cd3d6f04732 calls=186 total_ms=0.369 avg_us=1.984 max_us=17
   4 caller=0x7cd3d6f0599d calls=926 total_ms=0.366 avg_us=0.395 max_us=2
direct_cudaStreamSynchronize: calls=3587 total_ms=20.112 max_us=2474
by_direct_callsite (file:line):
   0 /opt/llama.cpp/ggml/src/ggml-cuda/ggml-cuda.cu:839 calls=3234 total_ms=13.998 avg_us=4.328 max_us=355
   1 /opt/llama.cpp/ggml/src/ggml-cuda/ggml-cuda.cu:900 calls=12 total_ms=5.782 avg_us=481.833 max_us=2474
   2 /opt/llama.cpp/ggml/src/ggml-cuda/ggml-cuda.cu:2665 calls=191 total_ms=0.218 avg_us=1.141 max_us=6
   3 /opt/llama.cpp/ggml/src/ggml-cuda/ggml-cuda.cu:847 calls=150 total_ms=0.114 avg_us=0.760 max_us=2
=== END CUDA SYNC PROFILE ===

=== CUDA SYNC PROFILE (instrumentation only) ===
total_syncs = 7830
total_wait_ms = 4784.818
max_wait_us = 140101
sites = 5
wait_hist_us = logarithmic buckets
  hist[0] = 7142
  hist[1] = 369
  hist[2] = 27
  hist[3] = 11
  hist[4] = 5
  hist[9] = 46
  hist[10] = 107
  hist[11] = 31
  hist[14] = 22
  hist[15] = 57
  hist[16] = 12
  hist[17] = 1
by_callsite (caller PC; symbolize with addr2line):
   0 caller=0x7cd3d6f010c2 calls=3278 total_ms=4782.216 avg_us=1458.882 max_us=140101
   1 caller=0x7cd3d6f0586c calls=2506 total_ms=1.015 avg_us=0.405 max_us=17
   2 caller=0x7cd3d6f0577c calls=930 total_ms=0.851 avg_us=0.915 max_us=30
   3 caller=0x7cd3d6f04732 calls=186 total_ms=0.369 avg_us=1.984 max_us=17
   4 caller=0x7cd3d6f0599d calls=930 total_ms=0.367 avg_us=0.395 max_us=2
direct_cudaStreamSynchronize: calls=3600 total_ms=20.157 max_us=2474
by_direct_callsite (file:line):
   0 /opt/llama.cpp/ggml/src/ggml-cuda/ggml-cuda.cu:839 calls=3247 total_ms=14.043 avg_us=4.325 max_us=355
   1 /opt/llama.cpp/ggml/src/ggml-cuda/ggml-cuda.cu:900 calls=12 total_ms=5.782 avg_us=481.833 max_us=2474
   2 /opt/llama.cpp/ggml/src/ggml-cuda/ggml-cuda.cu:2665 calls=191 total_ms=0.218 avg_us=1.141 max_us=6
   3 /opt/llama.cpp/ggml/src/ggml-cuda/ggml-cuda.cu:847 calls=150 total_ms=0.114 avg_us=0.760 max_us=2
=== END CUDA SYNC PROFILE ===
backend-sync-trace: count=7900 backend=CUDA0 caller=ggml_backend_sched_synchronize+0x52

=== CUDA SYNC PROFILE (instrumentation only) ===
total_syncs = 7900
total_wait_ms = 4819.338
max_wait_us = 140101
sites = 5
wait_hist_us = logarithmic buckets
  hist[0] = 7208
  hist[1] = 370
  hist[2] = 27
  hist[3] = 11
  hist[4] = 5
  hist[9] = 46
  hist[10] = 108
  hist[11] = 32
  hist[14] = 23
  hist[15] = 57
  hist[16] = 12
  hist[17] = 1
by_callsite (caller PC; symbolize with addr2line):
   0 caller=0x7cd3d6f010c2 calls=3303 total_ms=4816.718 avg_us=1458.286 max_us=140101
   1 caller=0x7cd3d6f0586c calls=2533 total_ms=1.023 avg_us=0.404 max_us=17
   2 caller=0x7cd3d6f0577c calls=938 total_ms=0.856 avg_us=0.913 max_us=30
   3 caller=0x7cd3d6f04732 calls=188 total_ms=0.372 avg_us=1.979 max_us=17
   4 caller=0x7cd3d6f0599d calls=938 total_ms=0.369 avg_us=0.393 max_us=2
direct_cudaStreamSynchronize: calls=3633 total_ms=20.285 max_us=2474
by_direct_callsite (file:line):
   0 /opt/llama.cpp/ggml/src/ggml-cuda/ggml-cuda.cu:839 calls=3280 total_ms=14.171 avg_us=4.320 max_us=355
   1 /opt/llama.cpp/ggml/src/ggml-cuda/ggml-cuda.cu:900 calls=12 total_ms=5.782 avg_us=481.833 max_us=2474
   2 /opt/llama.cpp/ggml/src/ggml-cuda/ggml-cuda.cu:2665 calls=191 total_ms=0.218 avg_us=1.141 max_us=6
   3 /opt/llama.cpp/ggml/src/ggml-cuda/ggml-cuda.cu:847 calls=150 total_ms=0.114 avg_us=0.760 max_us=2
=== END CUDA SYNC PROFILE ===
backend-sync-trace: count=8000 backend=CUDA0 caller=ggml_backend_sched_graph_compute_async_ext+0xecc

=== CUDA SYNC PROFILE (instrumentation only) ===
total_syncs = 8000
total_wait_ms = 4852.931
max_wait_us = 140101
sites = 5
wait_hist_us = logarithmic buckets
  hist[0] = 7288
  hist[1] = 386
  hist[2] = 27
  hist[3] = 12
  hist[4] = 5
  hist[9] = 47
  hist[10] = 109
  hist[11] = 32
  hist[14] = 24
  hist[15] = 57
  hist[16] = 12
  hist[17] = 1
by_callsite (caller PC; symbolize with addr2line):
   0 caller=0x7cd3d6f010c2 calls=3340 total_ms=4850.237 avg_us=1452.167 max_us=140101
   1 caller=0x7cd3d6f0586c calls=2566 total_ms=1.057 avg_us=0.412 max_us=17
   2 caller=0x7cd3d6f0577c calls=952 total_ms=0.881 avg_us=0.925 max_us=30
   3 caller=0x7cd3d6f0599d calls=952 total_ms=0.380 avg_us=0.399 max_us=2
   4 caller=0x7cd3d6f04732 calls=190 total_ms=0.376 avg_us=1.979 max_us=17
direct_cudaStreamSynchronize: calls=3676 total_ms=20.486 max_us=2474
by_direct_callsite (file:line):
   0 /opt/llama.cpp/ggml/src/ggml-cuda/ggml-cuda.cu:839 calls=3323 total_ms=14.372 avg_us=4.325 max_us=355
   1 /opt/llama.cpp/ggml/src/ggml-cuda/ggml-cuda.cu:900 calls=12 total_ms=5.782 avg_us=481.833 max_us=2474
   2 /opt/llama.cpp/ggml/src/ggml-cuda/ggml-cuda.cu:2665 calls=191 total_ms=0.218 avg_us=1.141 max_us=6
   3 /opt/llama.cpp/ggml/src/ggml-cuda/ggml-cuda.cu:847 calls=150 total_ms=0.114 avg_us=0.760 max_us=2
=== END CUDA SYNC PROFILE ===

=== CUDA SYNC PROFILE (instrumentation only) ===
total_syncs = 8062
total_wait_ms = 4878.572
max_wait_us = 140101
sites = 5
wait_hist_us = logarithmic buckets
  hist[0] = 7346
  hist[1] = 388
  hist[2] = 27
  hist[3] = 12
  hist[4] = 5
  hist[9] = 47
  hist[10] = 110
  hist[11] = 32
  hist[14] = 25
  hist[15] = 57
  hist[16] = 12
  hist[17] = 1
by_callsite (caller PC; symbolize with addr2line):
   0 caller=0x7cd3d6f010c2 calls=3370 total_ms=4875.862 avg_us=1446.843 max_us=140101
   1 caller=0x7cd3d6f0586c calls=2584 total_ms=1.063 avg_us=0.411 max_us=17
   2 caller=0x7cd3d6f0577c calls=958 total_ms=0.887 avg_us=0.926 max_us=30
   3 caller=0x7cd3d6f04732 calls=192 total_ms=0.380 avg_us=1.979 max_us=17
   4 caller=0x7cd3d6f0599d calls=958 total_ms=0.380 avg_us=0.397 max_us=2
direct_cudaStreamSynchronize: calls=3700 total_ms=20.570 max_us=2474
by_direct_callsite (file:line):
   0 /opt/llama.cpp/ggml/src/ggml-cuda/ggml-cuda.cu:839 calls=3347 total_ms=14.456 avg_us=4.319 max_us=355
   1 /opt/llama.cpp/ggml/src/ggml-cuda/ggml-cuda.cu:900 calls=12 total_ms=5.782 avg_us=481.833 max_us=2474
   2 /opt/llama.cpp/ggml/src/ggml-cuda/ggml-cuda.cu:2665 calls=191 total_ms=0.218 avg_us=1.141 max_us=6
   3 /opt/llama.cpp/ggml/src/ggml-cuda/ggml-cuda.cu:847 calls=150 total_ms=0.114 avg_us=0.760 max_us=2
=== END CUDA SYNC PROFILE ===
backend-sync-trace: count=8100 backend=CUDA0 caller=ggml_backend_sched_graph_compute_async_ext+0xffd

=== CUDA SYNC PROFILE (instrumentation only) ===
total_syncs = 8100
total_wait_ms = 4917.096
max_wait_us = 140101
sites = 5
wait_hist_us = logarithmic buckets
  hist[0] = 7379
  hist[1] = 391
  hist[2] = 27
  hist[3] = 12
  hist[4] = 5
  hist[9] = 47
  hist[10] = 111
  hist[11] = 32
  hist[14] = 25
  hist[15] = 58
  hist[16] = 12
  hist[17] = 1
by_callsite (caller PC; symbolize with addr2line):
   0 caller=0x7cd3d6f010c2 calls=3379 total_ms=4914.372 avg_us=1454.387 max_us=140101
   1 caller=0x7cd3d6f0586c calls=2602 total_ms=1.069 avg_us=0.411 max_us=17
   2 caller=0x7cd3d6f0577c calls=963 total_ms=0.893 avg_us=0.927 max_us=30
   3 caller=0x7cd3d6f04732 calls=193 total_ms=0.382 avg_us=1.979 max_us=17
   4 caller=0x7cd3d6f0599d calls=963 total_ms=0.380 avg_us=0.395 max_us=2
direct_cudaStreamSynchronize: calls=3721 total_ms=20.649 max_us=2474
by_direct_callsite (file:line):
   0 /opt/llama.cpp/ggml/src/ggml-cuda/ggml-cuda.cu:839 calls=3368 total_ms=14.535 avg_us=4.316 max_us=355
   1 /opt/llama.cpp/ggml/src/ggml-cuda/ggml-cuda.cu:900 calls=12 total_ms=5.782 avg_us=481.833 max_us=2474
   2 /opt/llama.cpp/ggml/src/ggml-cuda/ggml-cuda.cu:2665 calls=191 total_ms=0.218 avg_us=1.141 max_us=6
   3 /opt/llama.cpp/ggml/src/ggml-cuda/ggml-cuda.cu:847 calls=150 total_ms=0.114 avg_us=0.760 max_us=2
=== END CUDA SYNC PROFILE ===
backend-sync-trace: count=8200 backend=CUDA0 caller=ggml_backend_sched_graph_compute_async_ext+0xffd

=== CUDA SYNC PROFILE (instrumentation only) ===
total_syncs = 8200
total_wait_ms = 4951.377
max_wait_us = 140101
sites = 5
wait_hist_us = logarithmic buckets
  hist[0] = 7471
  hist[1] = 396
  hist[2] = 27
  hist[3] = 12
  hist[4] = 5
  hist[9] = 48
  hist[10] = 112
  hist[11] = 32
  hist[14] = 26
  hist[15] = 58
  hist[16] = 12
  hist[17] = 1
by_callsite (caller PC; symbolize with addr2line):
   0 caller=0x7cd3d6f010c2 calls=3419 total_ms=4948.624 avg_us=1447.389 max_us=140101
   1 caller=0x7cd3d6f0586c calls=2633 total_ms=1.078 avg_us=0.409 max_us=17
   2 caller=0x7cd3d6f0577c calls=976 total_ms=0.903 avg_us=0.925 max_us=30
   3 caller=0x7cd3d6f04732 calls=196 total_ms=0.387 avg_us=1.974 max_us=17
   4 caller=0x7cd3d6f0599d calls=976 total_ms=0.385 avg_us=0.394 max_us=2
direct_cudaStreamSynchronize: calls=3762 total_ms=20.834 max_us=2474
by_direct_callsite (file:line):
   0 /opt/llama.cpp/ggml/src/ggml-cuda/ggml-cuda.cu:839 calls=3409 total_ms=14.720 avg_us=4.318 max_us=355
   1 /opt/llama.cpp/ggml/src/ggml-cuda/ggml-cuda.cu:900 calls=12 total_ms=5.782 avg_us=481.833 max_us=2474
   2 /opt/llama.cpp/ggml/src/ggml-cuda/ggml-cuda.cu:2665 calls=191 total_ms=0.218 avg_us=1.141 max_us=6
   3 /opt/llama.cpp/ggml/src/ggml-cuda/ggml-cuda.cu:847 calls=150 total_ms=0.114 avg_us=0.760 max_us=2
=== END CUDA SYNC PROFILE ===

=== CUDA SYNC PROFILE (instrumentation only) ===
total_syncs = 8276
total_wait_ms = 4992.323
max_wait_us = 140101
sites = 5
wait_hist_us = logarithmic buckets
  hist[0] = 7541
  hist[1] = 399
  hist[2] = 27
  hist[3] = 12
  hist[4] = 5
  hist[9] = 48
  hist[10] = 114
  hist[11] = 32
  hist[14] = 26
  hist[15] = 59
  hist[16] = 12
  hist[17] = 1
by_callsite (caller PC; symbolize with addr2line):
   0 caller=0x7cd3d6f010c2 calls=3444 total_ms=4989.544 avg_us=1448.764 max_us=140101
   1 caller=0x7cd3d6f0586c calls=2662 total_ms=1.090 avg_us=0.409 max_us=17
   2 caller=0x7cd3d6f0577c calls=986 total_ms=0.910 avg_us=0.923 max_us=30
   3 caller=0x7cd3d6f04732 calls=198 total_ms=0.391 avg_us=1.975 max_us=17
   4 caller=0x7cd3d6f0599d calls=986 total_ms=0.388 avg_us=0.394 max_us=2
direct_cudaStreamSynchronize: calls=3800 total_ms=21.017 max_us=2474
by_direct_callsite (file:line):
   0 /opt/llama.cpp/ggml/src/ggml-cuda/ggml-cuda.cu:839 calls=3447 total_ms=14.903 avg_us=4.323 max_us=355
   1 /opt/llama.cpp/ggml/src/ggml-cuda/ggml-cuda.cu:900 calls=12 total_ms=5.782 avg_us=481.833 max_us=2474
   2 /opt/llama.cpp/ggml/src/ggml-cuda/ggml-cuda.cu:2665 calls=191 total_ms=0.218 avg_us=1.141 max_us=6
   3 /opt/llama.cpp/ggml/src/ggml-cuda/ggml-cuda.cu:847 calls=150 total_ms=0.114 avg_us=0.760 max_us=2
=== END CUDA SYNC PROFILE ===
backend-sync-trace: count=8300 backend=CUDA0 caller=ggml_backend_sched_synchronize+0x52

=== CUDA SYNC PROFILE (instrumentation only) ===
total_syncs = 8300
total_wait_ms = 4995.036
max_wait_us = 140101
sites = 5
wait_hist_us = logarithmic buckets
  hist[0] = 7563
  hist[1] = 399
  hist[2] = 27
  hist[3] = 12
  hist[4] = 5
  hist[9] = 49
  hist[10] = 115
  hist[11] = 32
  hist[14] = 26
  hist[15] = 59
  hist[16] = 12
  hist[17] = 1
by_callsite (caller PC; symbolize with addr2line):
   0 caller=0x7cd3d6f010c2 calls=3458 total_ms=4992.252 avg_us=1443.682 max_us=140101
   1 caller=0x7cd3d6f0586c calls=2668 total_ms=1.093 avg_us=0.410 max_us=17
   2 caller=0x7cd3d6f0577c calls=988 total_ms=0.912 avg_us=0.923 max_us=30
   3 caller=0x7cd3d6f04732 calls=198 total_ms=0.391 avg_us=1.975 max_us=17
   4 caller=0x7cd3d6f0599d calls=988 total_ms=0.388 avg_us=0.393 max_us=2
direct_cudaStreamSynchronize: calls=3808 total_ms=21.041 max_us=2474
by_direct_callsite (file:line):
   0 /opt/llama.cpp/ggml/src/ggml-cuda/ggml-cuda.cu:839 calls=3455 total_ms=14.927 avg_us=4.320 max_us=355
   1 /opt/llama.cpp/ggml/src/ggml-cuda/ggml-cuda.cu:900 calls=12 total_ms=5.782 avg_us=481.833 max_us=2474
   2 /opt/llama.cpp/ggml/src/ggml-cuda/ggml-cuda.cu:2665 calls=191 total_ms=0.218 avg_us=1.141 max_us=6
   3 /opt/llama.cpp/ggml/src/ggml-cuda/ggml-cuda.cu:847 calls=150 total_ms=0.114 avg_us=0.760 max_us=2
=== END CUDA SYNC PROFILE ===
backend-sync-trace: count=8400 backend=CUDA0 caller=ggml_backend_sched_graph_compute_async_ext+0xecc

=== CUDA SYNC PROFILE (instrumentation only) ===
total_syncs = 8400
total_wait_ms = 5028.750
max_wait_us = 140101
sites = 5
wait_hist_us = logarithmic buckets
  hist[0] = 7656
  hist[1] = 403
  hist[2] = 27
  hist[3] = 12
  hist[4] = 5
  hist[9] = 51
  hist[10] = 115
  hist[11] = 32
  hist[14] = 27
  hist[15] = 59
  hist[16] = 12
  hist[17] = 1
by_callsite (caller PC; symbolize with addr2line):
   0 caller=0x7cd3d6f010c2 calls=3495 total_ms=5025.934 avg_us=1438.035 max_us=140101
   1 caller=0x7cd3d6f0586c calls=2701 total_ms=1.103 avg_us=0.408 max_us=17
   2 caller=0x7cd3d6f0577c calls=1002 total_ms=0.922 avg_us=0.920 max_us=30
   3 caller=0x7cd3d6f0599d calls=1002 total_ms=0.396 avg_us=0.395 max_us=2
   4 caller=0x7cd3d6f04732 calls=200 total_ms=0.395 avg_us=1.975 max_us=17
direct_cudaStreamSynchronize: calls=3851 total_ms=21.227 max_us=2474
by_direct_callsite (file:line):
   0 /opt/llama.cpp/ggml/src/ggml-cuda/ggml-cuda.cu:839 calls=3498 total_ms=15.113 avg_us=4.320 max_us=355
   1 /opt/llama.cpp/ggml/src/ggml-cuda/ggml-cuda.cu:900 calls=12 total_ms=5.782 avg_us=481.833 max_us=2474
   2 /opt/llama.cpp/ggml/src/ggml-cuda/ggml-cuda.cu:2665 calls=191 total_ms=0.218 avg_us=1.141 max_us=6
   3 /opt/llama.cpp/ggml/src/ggml-cuda/ggml-cuda.cu:847 calls=150 total_ms=0.114 avg_us=0.760 max_us=2
=== END CUDA SYNC PROFILE ===

=== CUDA SYNC PROFILE (instrumentation only) ===
total_syncs = 8498
total_wait_ms = 5089.879
max_wait_us = 140101
sites = 5
wait_hist_us = logarithmic buckets
  hist[0] = 7749
  hist[1] = 404
  hist[2] = 27
  hist[3] = 12
  hist[4] = 5
  hist[9] = 52
  hist[10] = 116
  hist[11] = 32
  hist[14] = 29
  hist[15] = 59
  hist[16] = 12
  hist[17] = 1
by_callsite (caller PC; symbolize with addr2line):
   0 caller=0x7cd3d6f010c2 calls=3528 total_ms=5087.036 avg_us=1441.904 max_us=140101
   1 caller=0x7cd3d6f0586c calls=2739 total_ms=1.114 avg_us=0.407 max_us=17
   2 caller=0x7cd3d6f0577c calls=1014 total_ms=0.931 avg_us=0.918 max_us=30
   3 caller=0x7cd3d6f0599d calls=1014 total_ms=0.400 avg_us=0.394 max_us=2
   4 caller=0x7cd3d6f04732 calls=203 total_ms=0.398 avg_us=1.961 max_us=17
direct_cudaStreamSynchronize: calls=3900 total_ms=21.446 max_us=2474
by_direct_callsite (file:line):
   0 /opt/llama.cpp/ggml/src/ggml-cuda/ggml-cuda.cu:839 calls=3547 total_ms=15.332 avg_us=4.323 max_us=355
   1 /opt/llama.cpp/ggml/src/ggml-cuda/ggml-cuda.cu:900 calls=12 total_ms=5.782 avg_us=481.833 max_us=2474
   2 /opt/llama.cpp/ggml/src/ggml-cuda/ggml-cuda.cu:2665 calls=191 total_ms=0.218 avg_us=1.141 max_us=6
   3 /opt/llama.cpp/ggml/src/ggml-cuda/ggml-cuda.cu:847 calls=150 total_ms=0.114 avg_us=0.760 max_us=2
=== END CUDA SYNC PROFILE ===
backend-sync-trace: count=8500 backend=CUDA0 caller=ggml_backend_sched_graph_compute_async_ext+0xecc

=== CUDA SYNC PROFILE (instrumentation only) ===
total_syncs = 8500
total_wait_ms = 5089.879
max_wait_us = 140101
sites = 5
wait_hist_us = logarithmic buckets
  hist[0] = 7751
  hist[1] = 404
  hist[2] = 27
  hist[3] = 12
  hist[4] = 5
  hist[9] = 52
  hist[10] = 116
  hist[11] = 32
  hist[14] = 29
  hist[15] = 59
  hist[16] = 12
  hist[17] = 1
by_callsite (caller PC; symbolize with addr2line):
   0 caller=0x7cd3d6f010c2 calls=3528 total_ms=5087.036 avg_us=1441.904 max_us=140101
   1 caller=0x7cd3d6f0586c calls=2741 total_ms=1.114 avg_us=0.406 max_us=17
   2 caller=0x7cd3d6f0577c calls=1014 total_ms=0.931 avg_us=0.918 max_us=30
   3 caller=0x7cd3d6f0599d calls=1014 total_ms=0.400 avg_us=0.394 max_us=2
   4 caller=0x7cd3d6f04732 calls=203 total_ms=0.398 avg_us=1.961 max_us=17
direct_cudaStreamSynchronize: calls=3901 total_ms=21.449 max_us=2474
by_direct_callsite (file:line):
   0 /opt/llama.cpp/ggml/src/ggml-cuda/ggml-cuda.cu:839 calls=3548 total_ms=15.335 avg_us=4.322 max_us=355
   1 /opt/llama.cpp/ggml/src/ggml-cuda/ggml-cuda.cu:900 calls=12 total_ms=5.782 avg_us=481.833 max_us=2474
   2 /opt/llama.cpp/ggml/src/ggml-cuda/ggml-cuda.cu:2665 calls=191 total_ms=0.218 avg_us=1.141 max_us=6
   3 /opt/llama.cpp/ggml/src/ggml-cuda/ggml-cuda.cu:847 calls=150 total_ms=0.114 avg_us=0.760 max_us=2
=== END CUDA SYNC PROFILE ===
backend-sync-trace: count=8600 backend=CUDA0 caller=ggml_backend_sched_synchronize+0x52

=== CUDA SYNC PROFILE (instrumentation only) ===
total_syncs = 8600
total_wait_ms = 5116.708
max_wait_us = 140101
sites = 5
wait_hist_us = logarithmic buckets
  hist[0] = 7845
  hist[1] = 407
  hist[2] = 27
  hist[3] = 12
  hist[4] = 5
  hist[9] = 52
  hist[10] = 118
  hist[11] = 32
  hist[14] = 30
  hist[15] = 59
  hist[16] = 12
  hist[17] = 1
by_callsite (caller PC; symbolize with addr2line):
   0 caller=0x7cd3d6f010c2 calls=3579 total_ms=5113.841 avg_us=1428.846 max_us=140101
   1 caller=0x7cd3d6f0586c calls=2768 total_ms=1.123 avg_us=0.406 max_us=17
   2 caller=0x7cd3d6f0577c calls=1024 total_ms=0.938 avg_us=0.916 max_us=30
   3 caller=0x7cd3d6f0599d calls=1024 total_ms=0.404 avg_us=0.395 max_us=2
   4 caller=0x7cd3d6f04732 calls=205 total_ms=0.402 avg_us=1.961 max_us=17
direct_cudaStreamSynchronize: calls=3936 total_ms=21.587 max_us=2474
by_direct_callsite (file:line):
   0 /opt/llama.cpp/ggml/src/ggml-cuda/ggml-cuda.cu:839 calls=3583 total_ms=15.473 avg_us=4.318 max_us=355
   1 /opt/llama.cpp/ggml/src/ggml-cuda/ggml-cuda.cu:900 calls=12 total_ms=5.782 avg_us=481.833 max_us=2474
   2 /opt/llama.cpp/ggml/src/ggml-cuda/ggml-cuda.cu:2665 calls=191 total_ms=0.218 avg_us=1.141 max_us=6
   3 /opt/llama.cpp/ggml/src/ggml-cuda/ggml-cuda.cu:847 calls=150 total_ms=0.114 avg_us=0.760 max_us=2
=== END CUDA SYNC PROFILE ===
backend-sync-trace: count=8700 backend=CUDA0 caller=ggml_backend_sched_synchronize+0x52

=== CUDA SYNC PROFILE (instrumentation only) ===
total_syncs = 8700
total_wait_ms = 5151.850
max_wait_us = 140101
sites = 5
wait_hist_us = logarithmic buckets
  hist[0] = 7937
  hist[1] = 411
  hist[2] = 27
  hist[3] = 12
  hist[4] = 5
  hist[9] = 52
  hist[10] = 120
  hist[11] = 33
  hist[14] = 31
  hist[15] = 59
  hist[16] = 12
  hist[17] = 1
by_callsite (caller PC; symbolize with addr2line):
   0 caller=0x7cd3d6f010c2 calls=3621 total_ms=5148.955 avg_us=1421.970 max_us=140101
   1 caller=0x7cd3d6f0586c calls=2799 total_ms=1.132 avg_us=0.404 max_us=17
   2 caller=0x7cd3d6f0577c calls=1036 total_ms=0.948 avg_us=0.915 max_us=30
   3 caller=0x7cd3d6f04732 calls=208 total_ms=0.408 avg_us=1.962 max_us=17
   4 caller=0x7cd3d6f0599d calls=1036 total_ms=0.407 avg_us=0.393 max_us=2
direct_cudaStreamSynchronize: calls=3977 total_ms=21.745 max_us=2474
by_direct_callsite (file:line):
   0 /opt/llama.cpp/ggml/src/ggml-cuda/ggml-cuda.cu:839 calls=3624 total_ms=15.631 avg_us=4.313 max_us=355
   1 /opt/llama.cpp/ggml/src/ggml-cuda/ggml-cuda.cu:900 calls=12 total_ms=5.782 avg_us=481.833 max_us=2474
   2 /opt/llama.cpp/ggml/src/ggml-cuda/ggml-cuda.cu:2665 calls=191 total_ms=0.218 avg_us=1.141 max_us=6
   3 /opt/llama.cpp/ggml/src/ggml-cuda/ggml-cuda.cu:847 calls=150 total_ms=0.114 avg_us=0.760 max_us=2
=== END CUDA SYNC PROFILE ===

=== CUDA SYNC PROFILE (instrumentation only) ===
total_syncs = 8740
total_wait_ms = 5152.794
max_wait_us = 140101
sites = 5
wait_hist_us = logarithmic buckets
  hist[0] = 7975
  hist[1] = 412
  hist[2] = 27
  hist[3] = 12
  hist[4] = 5
  hist[9] = 53
  hist[10] = 120
  hist[11] = 33
  hist[14] = 31
  hist[15] = 59
  hist[16] = 12
  hist[17] = 1
by_callsite (caller PC; symbolize with addr2line):
   0 caller=0x7cd3d6f010c2 calls=3631 total_ms=5149.885 avg_us=1418.310 max_us=140101
   1 caller=0x7cd3d6f0586c calls=2817 total_ms=1.139 avg_us=0.404 max_us=17
   2 caller=0x7cd3d6f0577c calls=1042 total_ms=0.955 avg_us=0.917 max_us=30
   3 caller=0x7cd3d6f04732 calls=208 total_ms=0.408 avg_us=1.962 max_us=17
   4 caller=0x7cd3d6f0599d calls=1042 total_ms=0.407 avg_us=0.391 max_us=2
direct_cudaStreamSynchronize: calls=4000 total_ms=21.834 max_us=2474
by_direct_callsite (file:line):
   0 /opt/llama.cpp/ggml/src/ggml-cuda/ggml-cuda.cu:839 calls=3647 total_ms=15.720 avg_us=4.310 max_us=355
   1 /opt/llama.cpp/ggml/src/ggml-cuda/ggml-cuda.cu:900 calls=12 total_ms=5.782 avg_us=481.833 max_us=2474
   2 /opt/llama.cpp/ggml/src/ggml-cuda/ggml-cuda.cu:2665 calls=191 total_ms=0.218 avg_us=1.141 max_us=6
   3 /opt/llama.cpp/ggml/src/ggml-cuda/ggml-cuda.cu:847 calls=150 total_ms=0.114 avg_us=0.760 max_us=2
=== END CUDA SYNC PROFILE ===
backend-sync-trace: count=8800 backend=CUDA0 caller=ggml_backend_sched_synchronize+0x52

=== CUDA SYNC PROFILE (instrumentation only) ===
total_syncs = 8800
total_wait_ms = 5178.851
max_wait_us = 140101
sites = 5
wait_hist_us = logarithmic buckets
  hist[0] = 8030
  hist[1] = 414
  hist[2] = 27
  hist[3] = 12
  hist[4] = 5
  hist[9] = 55
  hist[10] = 120
  hist[11] = 33
  hist[14] = 32
  hist[15] = 59
  hist[16] = 12
  hist[17] = 1
by_callsite (caller PC; symbolize with addr2line):
   0 caller=0x7cd3d6f010c2 calls=3664 total_ms=5175.924 avg_us=1412.643 max_us=140101
   1 caller=0x7cd3d6f0586c calls=2830 total_ms=1.146 avg_us=0.405 max_us=17
   2 caller=0x7cd3d6f0577c calls=1048 total_ms=0.960 avg_us=0.916 max_us=30
   3 caller=0x7cd3d6f04732 calls=210 total_ms=0.412 avg_us=1.962 max_us=17
   4 caller=0x7cd3d6f0599d calls=1048 total_ms=0.409 avg_us=0.390 max_us=2
direct_cudaStreamSynchronize: calls=4018 total_ms=21.901 max_us=2474
by_direct_callsite (file:line):
   0 /opt/llama.cpp/ggml/src/ggml-cuda/ggml-cuda.cu:839 calls=3665 total_ms=15.787 avg_us=4.308 max_us=355
   1 /opt/llama.cpp/ggml/src/ggml-cuda/ggml-cuda.cu:900 calls=12 total_ms=5.782 avg_us=481.833 max_us=2474
   2 /opt/llama.cpp/ggml/src/ggml-cuda/ggml-cuda.cu:2665 calls=191 total_ms=0.218 avg_us=1.141 max_us=6
   3 /opt/llama.cpp/ggml/src/ggml-cuda/ggml-cuda.cu:847 calls=150 total_ms=0.114 avg_us=0.760 max_us=2
=== END CUDA SYNC PROFILE ===
backend-sync-trace: count=8900 backend=CUDA0 caller=ggml_backend_sched_graph_compute_async_ext+0xecc

=== CUDA SYNC PROFILE (instrumentation only) ===
total_syncs = 8900
total_wait_ms = 5208.868
max_wait_us = 140101
sites = 5
wait_hist_us = logarithmic buckets
  hist[0] = 8123
  hist[1] = 418
  hist[2] = 27
  hist[3] = 12
  hist[4] = 5
  hist[9] = 55
  hist[10] = 121
  hist[11] = 34
  hist[14] = 33
  hist[15] = 59
  hist[16] = 12
  hist[17] = 1
by_callsite (caller PC; symbolize with addr2line):
   0 caller=0x7cd3d6f010c2 calls=3693 total_ms=5205.913 avg_us=1409.670 max_us=140101
   1 caller=0x7cd3d6f0586c calls=2871 total_ms=1.158 avg_us=0.403 max_us=17
   2 caller=0x7cd3d6f0577c calls=1062 total_ms=0.970 avg_us=0.913 max_us=30
   3 caller=0x7cd3d6f04732 calls=212 total_ms=0.416 avg_us=1.962 max_us=17
   4 caller=0x7cd3d6f0599d calls=1062 total_ms=0.411 avg_us=0.387 max_us=2
direct_cudaStreamSynchronize: calls=4069 total_ms=22.112 max_us=2474
by_direct_callsite (file:line):
   0 /opt/llama.cpp/ggml/src/ggml-cuda/ggml-cuda.cu:839 calls=3716 total_ms=15.998 avg_us=4.305 max_us=355
   1 /opt/llama.cpp/ggml/src/ggml-cuda/ggml-cuda.cu:900 calls=12 total_ms=5.782 avg_us=481.833 max_us=2474
   2 /opt/llama.cpp/ggml/src/ggml-cuda/ggml-cuda.cu:2665 calls=191 total_ms=0.218 avg_us=1.141 max_us=6
   3 /opt/llama.cpp/ggml/src/ggml-cuda/ggml-cuda.cu:847 calls=150 total_ms=0.114 avg_us=0.760 max_us=2
=== END CUDA SYNC PROFILE ===

=== CUDA SYNC PROFILE (instrumentation only) ===
total_syncs = 8981
total_wait_ms = 5246.939
max_wait_us = 140101
sites = 5
wait_hist_us = logarithmic buckets
  hist[0] = 8199
  hist[1] = 420
  hist[2] = 27
  hist[3] = 12
  hist[4] = 5
  hist[9] = 57
  hist[10] = 121
  hist[11] = 34
  hist[14] = 33
  hist[15] = 60
  hist[16] = 12
  hist[17] = 1
by_callsite (caller PC; symbolize with addr2line):
   0 caller=0x7cd3d6f010c2 calls=3730 total_ms=5243.960 avg_us=1405.887 max_us=140101
   1 caller=0x7cd3d6f0586c calls=2893 total_ms=1.169 avg_us=0.404 max_us=17
   2 caller=0x7cd3d6f0577c calls=1072 total_ms=0.978 avg_us=0.912 max_us=30
   3 caller=0x7cd3d6f04732 calls=214 total_ms=0.419 avg_us=1.958 max_us=17
   4 caller=0x7cd3d6f0599d calls=1072 total_ms=0.413 avg_us=0.385 max_us=2
direct_cudaStreamSynchronize: calls=4100 total_ms=22.239 max_us=2474
by_direct_callsite (file:line):
   0 /opt/llama.cpp/ggml/src/ggml-cuda/ggml-cuda.cu:839 calls=3747 total_ms=16.125 avg_us=4.303 max_us=355
   1 /opt/llama.cpp/ggml/src/ggml-cuda/ggml-cuda.cu:900 calls=12 total_ms=5.782 avg_us=481.833 max_us=2474
   2 /opt/llama.cpp/ggml/src/ggml-cuda/ggml-cuda.cu:2665 calls=191 total_ms=0.218 avg_us=1.141 max_us=6
   3 /opt/llama.cpp/ggml/src/ggml-cuda/ggml-cuda.cu:847 calls=150 total_ms=0.114 avg_us=0.760 max_us=2
=== END CUDA SYNC PROFILE ===
backend-sync-trace: count=9000 backend=CUDA0 caller=ggml_backend_sched_synchronize+0x52

=== CUDA SYNC PROFILE (instrumentation only) ===
total_syncs = 9000
total_wait_ms = 5283.086
max_wait_us = 140101
sites = 5
wait_hist_us = logarithmic buckets
  hist[0] = 8216
  hist[1] = 421
  hist[2] = 27
  hist[3] = 12
  hist[4] = 5
  hist[9] = 57
  hist[10] = 121
  hist[11] = 34
  hist[14] = 33
  hist[15] = 61
  hist[16] = 12
  hist[17] = 1
by_callsite (caller PC; symbolize with addr2line):
   0 caller=0x7cd3d6f010c2 calls=3734 total_ms=5280.097 avg_us=1414.059 max_us=140101
   1 caller=0x7cd3d6f0586c calls=2903 total_ms=1.175 avg_us=0.405 max_us=17
   2 caller=0x7cd3d6f0577c calls=1074 total_ms=0.979 avg_us=0.912 max_us=30
   3 caller=0x7cd3d6f04732 calls=215 total_ms=0.421 avg_us=1.958 max_us=17
   4 caller=0x7cd3d6f0599d calls=1074 total_ms=0.414 avg_us=0.385 max_us=2
direct_cudaStreamSynchronize: calls=4111 total_ms=22.280 max_us=2474
by_direct_callsite (file:line):
   0 /opt/llama.cpp/ggml/src/ggml-cuda/ggml-cuda.cu:839 calls=3758 total_ms=16.166 avg_us=4.302 max_us=355
   1 /opt/llama.cpp/ggml/src/ggml-cuda/ggml-cuda.cu:900 calls=12 total_ms=5.782 avg_us=481.833 max_us=2474
   2 /opt/llama.cpp/ggml/src/ggml-cuda/ggml-cuda.cu:2665 calls=191 total_ms=0.218 avg_us=1.141 max_us=6
   3 /opt/llama.cpp/ggml/src/ggml-cuda/ggml-cuda.cu:847 calls=150 total_ms=0.114 avg_us=0.760 max_us=2
=== END CUDA SYNC PROFILE ===
backend-sync-trace: count=9100 backend=CUDA0 caller=ggml_backend_sched_synchronize+0x52

=== CUDA SYNC PROFILE (instrumentation only) ===
total_syncs = 9100
total_wait_ms = 5316.309
max_wait_us = 140101
sites = 5
wait_hist_us = logarithmic buckets
  hist[0] = 8308
  hist[1] = 425
  hist[2] = 27
  hist[3] = 12
  hist[4] = 5
  hist[9] = 57
  hist[10] = 124
  hist[11] = 34
  hist[14] = 34
  hist[15] = 61
  hist[16] = 12
  hist[17] = 1
by_callsite (caller PC; symbolize with addr2line):
   0 caller=0x7cd3d6f010c2 calls=3776 total_ms=5313.286 avg_us=1407.120 max_us=140101
   1 caller=0x7cd3d6f0586c calls=2934 total_ms=1.189 avg_us=0.405 max_us=17
   2 caller=0x7cd3d6f0577c calls=1086 total_ms=0.990 avg_us=0.912 max_us=30
   3 caller=0x7cd3d6f04732 calls=218 total_ms=0.426 avg_us=1.954 max_us=17
   4 caller=0x7cd3d6f0599d calls=1086 total_ms=0.418 avg_us=0.385 max_us=2
direct_cudaStreamSynchronize: calls=4152 total_ms=22.439 max_us=2474
by_direct_callsite (file:line):
   0 /opt/llama.cpp/ggml/src/ggml-cuda/ggml-cuda.cu:839 calls=3799 total_ms=16.325 avg_us=4.297 max_us=355
   1 /opt/llama.cpp/ggml/src/ggml-cuda/ggml-cuda.cu:900 calls=12 total_ms=5.782 avg_us=481.833 max_us=2474
   2 /opt/llama.cpp/ggml/src/ggml-cuda/ggml-cuda.cu:2665 calls=191 total_ms=0.218 avg_us=1.141 max_us=6
   3 /opt/llama.cpp/ggml/src/ggml-cuda/ggml-cuda.cu:847 calls=150 total_ms=0.114 avg_us=0.760 max_us=2
=== END CUDA SYNC PROFILE ===
backend-sync-trace: count=9200 backend=CUDA0 caller=ggml_backend_sched_graph_compute_async_ext+0xffd

=== CUDA SYNC PROFILE (instrumentation only) ===
total_syncs = 9200
total_wait_ms = 5345.507
max_wait_us = 140101
sites = 5
wait_hist_us = logarithmic buckets
  hist[0] = 8400
  hist[1] = 429
  hist[2] = 27
  hist[3] = 12
  hist[4] = 5
  hist[9] = 58
  hist[10] = 126
  hist[11] = 34
  hist[14] = 35
  hist[15] = 61
  hist[16] = 12
  hist[17] = 1
by_callsite (caller PC; symbolize with addr2line):
   0 caller=0x7cd3d6f010c2 calls=3817 total_ms=5342.455 avg_us=1399.648 max_us=140101
   1 caller=0x7cd3d6f0586c calls=2965 total_ms=1.199 avg_us=0.404 max_us=17
   2 caller=0x7cd3d6f0577c calls=1099 total_ms=1.002 avg_us=0.912 max_us=30
   3 caller=0x7cd3d6f04732 calls=220 total_ms=0.429 avg_us=1.950 max_us=17
   4 caller=0x7cd3d6f0599d calls=1099 total_ms=0.422 avg_us=0.384 max_us=2
direct_cudaStreamSynchronize: calls=4193 total_ms=22.595 max_us=2474
by_direct_callsite (file:line):
   0 /opt/llama.cpp/ggml/src/ggml-cuda/ggml-cuda.cu:839 calls=3840 total_ms=16.481 avg_us=4.292 max_us=355
   1 /opt/llama.cpp/ggml/src/ggml-cuda/ggml-cuda.cu:900 calls=12 total_ms=5.782 avg_us=481.833 max_us=2474
   2 /opt/llama.cpp/ggml/src/ggml-cuda/ggml-cuda.cu:2665 calls=191 total_ms=0.218 avg_us=1.141 max_us=6
   3 /opt/llama.cpp/ggml/src/ggml-cuda/ggml-cuda.cu:847 calls=150 total_ms=0.114 avg_us=0.760 max_us=2
=== END CUDA SYNC PROFILE ===

=== CUDA SYNC PROFILE (instrumentation only) ===
total_syncs = 9210
total_wait_ms = 5345.509
max_wait_us = 140101
sites = 5
wait_hist_us = logarithmic buckets
  hist[0] = 8410
  hist[1] = 429
  hist[2] = 27
  hist[3] = 12
  hist[4] = 5
  hist[9] = 58
  hist[10] = 126
  hist[11] = 34
  hist[14] = 35
  hist[15] = 61
  hist[16] = 12
  hist[17] = 1
by_callsite (caller PC; symbolize with addr2line):
   0 caller=0x7cd3d6f010c2 calls=3817 total_ms=5342.455 avg_us=1399.648 max_us=140101
   1 caller=0x7cd3d6f0586c calls=2969 total_ms=1.200 avg_us=0.404 max_us=17
   2 caller=0x7cd3d6f0577c calls=1102 total_ms=1.002 avg_us=0.909 max_us=30
   3 caller=0x7cd3d6f04732 calls=220 total_ms=0.429 avg_us=1.950 max_us=17
   4 caller=0x7cd3d6f0599d calls=1102 total_ms=0.423 avg_us=0.384 max_us=2
direct_cudaStreamSynchronize: calls=4200 total_ms=22.640 max_us=2474
by_direct_callsite (file:line):
   0 /opt/llama.cpp/ggml/src/ggml-cuda/ggml-cuda.cu:839 calls=3847 total_ms=16.526 avg_us=4.296 max_us=355
   1 /opt/llama.cpp/ggml/src/ggml-cuda/ggml-cuda.cu:900 calls=12 total_ms=5.782 avg_us=481.833 max_us=2474
   2 /opt/llama.cpp/ggml/src/ggml-cuda/ggml-cuda.cu:2665 calls=191 total_ms=0.218 avg_us=1.141 max_us=6
   3 /opt/llama.cpp/ggml/src/ggml-cuda/ggml-cuda.cu:847 calls=150 total_ms=0.114 avg_us=0.760 max_us=2
=== END CUDA SYNC PROFILE ===
backend-sync-trace: count=9300 backend=CUDA0 caller=ggml_backend_sched_graph_compute_async_ext+0xffd

=== CUDA SYNC PROFILE (instrumentation only) ===
total_syncs = 9300
total_wait_ms = 5410.702
max_wait_us = 140101
sites = 5
wait_hist_us = logarithmic buckets
  hist[0] = 8490
  hist[1] = 435
  hist[2] = 27
  hist[3] = 12
  hist[4] = 5
  hist[9] = 59
  hist[10] = 127
  hist[11] = 34
  hist[14] = 37
  hist[15] = 61
  hist[16] = 12
  hist[17] = 1
by_callsite (caller PC; symbolize with addr2line):
   0 caller=0x7cd3d6f010c2 calls=3844 total_ms=5407.617 avg_us=1406.768 max_us=140101
   1 caller=0x7cd3d6f0586c calls=3007 total_ms=1.215 avg_us=0.404 max_us=17
   2 caller=0x7cd3d6f0577c calls=1113 total_ms=1.010 avg_us=0.907 max_us=30
   3 caller=0x7cd3d6f04732 calls=223 total_ms=0.434 avg_us=1.946 max_us=17
   4 caller=0x7cd3d6f0599d calls=1113 total_ms=0.426 avg_us=0.383 max_us=2
direct_cudaStreamSynchronize: calls=4246 total_ms=22.825 max_us=2474
by_direct_callsite (file:line):
   0 /opt/llama.cpp/ggml/src/ggml-cuda/ggml-cuda.cu:839 calls=3893 total_ms=16.711 avg_us=4.293 max_us=355
   1 /opt/llama.cpp/ggml/src/ggml-cuda/ggml-cuda.cu:900 calls=12 total_ms=5.782 avg_us=481.833 max_us=2474
   2 /opt/llama.cpp/ggml/src/ggml-cuda/ggml-cuda.cu:2665 calls=191 total_ms=0.218 avg_us=1.141 max_us=6
   3 /opt/llama.cpp/ggml/src/ggml-cuda/ggml-cuda.cu:847 calls=150 total_ms=0.114 avg_us=0.760 max_us=2
=== END CUDA SYNC PROFILE ===
backend-sync-trace: count=9400 backend=CUDA0 caller=ggml_backend_sched_synchronize+0x52

=== CUDA SYNC PROFILE (instrumentation only) ===
total_syncs = 9400
total_wait_ms = 5442.039
max_wait_us = 140101
sites = 5
wait_hist_us = logarithmic buckets
  hist[0] = 8582
  hist[1] = 440
  hist[2] = 27
  hist[3] = 12
  hist[4] = 5
  hist[9] = 60
  hist[10] = 128
  hist[11] = 34
  hist[14] = 38
  hist[15] = 61
  hist[16] = 12
  hist[17] = 1
by_callsite (caller PC; symbolize with addr2line):
   0 caller=0x7cd3d6f010c2 calls=3889 total_ms=5438.928 avg_us=1398.542 max_us=140101
   1 caller=0x7cd3d6f0586c calls=3038 total_ms=1.226 avg_us=0.404 max_us=17
   2 caller=0x7cd3d6f0577c calls=1124 total_ms=1.019 avg_us=0.907 max_us=30
   3 caller=0x7cd3d6f04732 calls=225 total_ms=0.437 avg_us=1.942 max_us=17
   4 caller=0x7cd3d6f0599d calls=1124 total_ms=0.429 avg_us=0.382 max_us=2
direct_cudaStreamSynchronize: calls=4286 total_ms=23.009 max_us=2474
by_direct_callsite (file:line):
   0 /opt/llama.cpp/ggml/src/ggml-cuda/ggml-cuda.cu:839 calls=3933 total_ms=16.895 avg_us=4.296 max_us=355
   1 /opt/llama.cpp/ggml/src/ggml-cuda/ggml-cuda.cu:900 calls=12 total_ms=5.782 avg_us=481.833 max_us=2474
   2 /opt/llama.cpp/ggml/src/ggml-cuda/ggml-cuda.cu:2665 calls=191 total_ms=0.218 avg_us=1.141 max_us=6
   3 /opt/llama.cpp/ggml/src/ggml-cuda/ggml-cuda.cu:847 calls=150 total_ms=0.114 avg_us=0.760 max_us=2
=== END CUDA SYNC PROFILE ===

=== CUDA SYNC PROFILE (instrumentation only) ===
total_syncs = 9436
total_wait_ms = 5445.904
max_wait_us = 140101
sites = 5
wait_hist_us = logarithmic buckets
  hist[0] = 8614
  hist[1] = 442
  hist[2] = 27
  hist[3] = 12
  hist[4] = 5
  hist[9] = 60
  hist[10] = 129
  hist[11] = 35
  hist[14] = 38
  hist[15] = 61
  hist[16] = 12
  hist[17] = 1
by_callsite (caller PC; symbolize with addr2line):
   0 caller=0x7cd3d6f010c2 calls=3904 total_ms=5442.779 avg_us=1394.154 max_us=140101
   1 caller=0x7cd3d6f0586c calls=3046 total_ms=1.230 avg_us=0.404 max_us=17
   2 caller=0x7cd3d6f0577c calls=1130 total_ms=1.023 avg_us=0.905 max_us=30
   3 caller=0x7cd3d6f04732 calls=226 total_ms=0.439 avg_us=1.942 max_us=17
   4 caller=0x7cd3d6f0599d calls=1130 total_ms=0.433 avg_us=0.383 max_us=2
direct_cudaStreamSynchronize: calls=4300 total_ms=23.054 max_us=2474
by_direct_callsite (file:line):
   0 /opt/llama.cpp/ggml/src/ggml-cuda/ggml-cuda.cu:839 calls=3947 total_ms=16.940 avg_us=4.292 max_us=355
   1 /opt/llama.cpp/ggml/src/ggml-cuda/ggml-cuda.cu:900 calls=12 total_ms=5.782 avg_us=481.833 max_us=2474
   2 /opt/llama.cpp/ggml/src/ggml-cuda/ggml-cuda.cu:2665 calls=191 total_ms=0.218 avg_us=1.141 max_us=6
   3 /opt/llama.cpp/ggml/src/ggml-cuda/ggml-cuda.cu:847 calls=150 total_ms=0.114 avg_us=0.760 max_us=2
=== END CUDA SYNC PROFILE ===
backend-sync-trace: count=9500 backend=CUDA0 caller=ggml_backend_sched_synchronize+0x52

=== CUDA SYNC PROFILE (instrumentation only) ===
total_syncs = 9500
total_wait_ms = 5477.191
max_wait_us = 140101
sites = 5
wait_hist_us = logarithmic buckets
  hist[0] = 8674
  hist[1] = 443
  hist[2] = 27
  hist[3] = 12
  hist[4] = 5
  hist[9] = 60
  hist[10] = 131
  hist[11] = 35
  hist[14] = 39
  hist[15] = 61
  hist[16] = 12
  hist[17] = 1
by_callsite (caller PC; symbolize with addr2line):
   0 caller=0x7cd3d6f010c2 calls=3923 total_ms=5474.046 avg_us=1395.372 max_us=140101
   1 caller=0x7cd3d6f0586c calls=3073 total_ms=1.238 avg_us=0.403 max_us=17
   2 caller=0x7cd3d6f0577c calls=1138 total_ms=1.028 avg_us=0.903 max_us=30
   3 caller=0x7cd3d6f04732 calls=228 total_ms=0.442 avg_us=1.939 max_us=17
   4 caller=0x7cd3d6f0599d calls=1138 total_ms=0.437 avg_us=0.384 max_us=2
direct_cudaStreamSynchronize: calls=4333 total_ms=23.185 max_us=2474
by_direct_callsite (file:line):
   0 /opt/llama.cpp/ggml/src/ggml-cuda/ggml-cuda.cu:839 calls=3980 total_ms=17.071 avg_us=4.289 max_us=355
   1 /opt/llama.cpp/ggml/src/ggml-cuda/ggml-cuda.cu:900 calls=12 total_ms=5.782 avg_us=481.833 max_us=2474
   2 /opt/llama.cpp/ggml/src/ggml-cuda/ggml-cuda.cu:2665 calls=191 total_ms=0.218 avg_us=1.141 max_us=6
   3 /opt/llama.cpp/ggml/src/ggml-cuda/ggml-cuda.cu:847 calls=150 total_ms=0.114 avg_us=0.760 max_us=2
=== END CUDA SYNC PROFILE ===
backend-sync-trace: count=9600 backend=CUDA0 caller=ggml_backend_sched_graph_compute_async_ext+0xffd

=== CUDA SYNC PROFILE (instrumentation only) ===
total_syncs = 9600
total_wait_ms = 5514.087
max_wait_us = 140101
sites = 5
wait_hist_us = logarithmic buckets
  hist[0] = 8768
  hist[1] = 446
  hist[2] = 27
  hist[3] = 12
  hist[4] = 5
  hist[9] = 60
  hist[10] = 132
  hist[11] = 36
  hist[14] = 40
  hist[15] = 61
  hist[16] = 12
  hist[17] = 1
by_callsite (caller PC; symbolize with addr2line):
   0 caller=0x7cd3d6f010c2 calls=3966 total_ms=5510.909 avg_us=1389.538 max_us=140101
   1 caller=0x7cd3d6f0586c calls=3100 total_ms=1.249 avg_us=0.403 max_us=17
   2 caller=0x7cd3d6f0577c calls=1152 total_ms=1.038 avg_us=0.901 max_us=30
   3 caller=0x7cd3d6f0599d calls=1152 total_ms=0.446 avg_us=0.387 max_us=2
   4 caller=0x7cd3d6f04732 calls=230 total_ms=0.445 avg_us=1.935 max_us=17
direct_cudaStreamSynchronize: calls=4370 total_ms=23.332 max_us=2474
by_direct_callsite (file:line):
   0 /opt/llama.cpp/ggml/src/ggml-cuda/ggml-cuda.cu:839 calls=4017 total_ms=17.218 avg_us=4.286 max_us=355
   1 /opt/llama.cpp/ggml/src/ggml-cuda/ggml-cuda.cu:900 calls=12 total_ms=5.782 avg_us=481.833 max_us=2474
   2 /opt/llama.cpp/ggml/src/ggml-cuda/ggml-cuda.cu:2665 calls=191 total_ms=0.218 avg_us=1.141 max_us=6
   3 /opt/llama.cpp/ggml/src/ggml-cuda/ggml-cuda.cu:847 calls=150 total_ms=0.114 avg_us=0.760 max_us=2
=== END CUDA SYNC PROFILE ===
1.09.889.279 I slot print_timing: id  0 | task 0 | n_gen =    271, tg =  44.34 t/s, tg_3s =  51.80 t/s

=== CUDA SYNC PROFILE (instrumentation only) ===
total_syncs = 9656
total_wait_ms = 5600.179
max_wait_us = 140101
sites = 5
wait_hist_us = logarithmic buckets
  hist[0] = 8818
  hist[1] = 450
  hist[2] = 27
  hist[3] = 12
  hist[4] = 5
  hist[9] = 60
  hist[10] = 132
  hist[11] = 37
  hist[14] = 40
  hist[15] = 61
  hist[16] = 13
  hist[17] = 1
by_callsite (caller PC; symbolize with addr2line):
   0 caller=0x7cd3d6f010c2 calls=3984 total_ms=5596.982 avg_us=1404.865 max_us=140101
   1 caller=0x7cd3d6f0586c calls=3124 total_ms=1.260 avg_us=0.403 max_us=17
   2 caller=0x7cd3d6f0577c calls=1158 total_ms=1.041 avg_us=0.899 max_us=30
   3 caller=0x7cd3d6f04732 calls=232 total_ms=0.449 avg_us=1.935 max_us=17
   4 caller=0x7cd3d6f0599d calls=1158 total_ms=0.447 avg_us=0.386 max_us=2
direct_cudaStreamSynchronize: calls=4400 total_ms=23.456 max_us=2474
by_direct_callsite (file:line):
   0 /opt/llama.cpp/ggml/src/ggml-cuda/ggml-cuda.cu:839 calls=4047 total_ms=17.342 avg_us=4.285 max_us=355
   1 /opt/llama.cpp/ggml/src/ggml-cuda/ggml-cuda.cu:900 calls=12 total_ms=5.782 avg_us=481.833 max_us=2474
   2 /opt/llama.cpp/ggml/src/ggml-cuda/ggml-cuda.cu:2665 calls=191 total_ms=0.218 avg_us=1.141 max_us=6
   3 /opt/llama.cpp/ggml/src/ggml-cuda/ggml-cuda.cu:847 calls=150 total_ms=0.114 avg_us=0.760 max_us=2
=== END CUDA SYNC PROFILE ===
backend-sync-trace: count=9700 backend=CUDA0 caller=ggml_backend_sched_graph_compute_async_ext+0xecc

=== CUDA SYNC PROFILE (instrumentation only) ===
total_syncs = 9700
total_wait_ms = 5650.543
max_wait_us = 140101
sites = 5
wait_hist_us = logarithmic buckets
  hist[0] = 8857
  hist[1] = 453
  hist[2] = 27
  hist[3] = 12
  hist[4] = 5
  hist[9] = 60
  hist[10] = 133
  hist[11] = 37
  hist[14] = 40
  hist[15] = 62
  hist[16] = 13
  hist[17] = 1
by_callsite (caller PC; symbolize with addr2line):
   0 caller=0x7cd3d6f010c2 calls=3993 total_ms=5647.330 avg_us=1414.308 max_us=140101
   1 caller=0x7cd3d6f0586c calls=3146 total_ms=1.267 avg_us=0.403 max_us=17
   2 caller=0x7cd3d6f0577c calls=1164 total_ms=1.045 avg_us=0.898 max_us=30
   3 caller=0x7cd3d6f04732 calls=233 total_ms=0.451 avg_us=1.936 max_us=17
   4 caller=0x7cd3d6f0599d calls=1164 total_ms=0.450 avg_us=0.387 max_us=2
direct_cudaStreamSynchronize: calls=4426 total_ms=23.564 max_us=2474
by_direct_callsite (file:line):
   0 /opt/llama.cpp/ggml/src/ggml-cuda/ggml-cuda.cu:839 calls=4073 total_ms=17.450 avg_us=4.284 max_us=355
   1 /opt/llama.cpp/ggml/src/ggml-cuda/ggml-cuda.cu:900 calls=12 total_ms=5.782 avg_us=481.833 max_us=2474
   2 /opt/llama.cpp/ggml/src/ggml-cuda/ggml-cuda.cu:2665 calls=191 total_ms=0.218 avg_us=1.141 max_us=6
   3 /opt/llama.cpp/ggml/src/ggml-cuda/ggml-cuda.cu:847 calls=150 total_ms=0.114 avg_us=0.760 max_us=2
=== END CUDA SYNC PROFILE ===
backend-sync-trace: count=9800 backend=CUDA0 caller=ggml_backend_sched_graph_compute_async_ext+0xffd

=== CUDA SYNC PROFILE (instrumentation only) ===
total_syncs = 9800
total_wait_ms = 5723.289
max_wait_us = 140101
sites = 5
wait_hist_us = logarithmic buckets
  hist[0] = 8941
  hist[1] = 465
  hist[2] = 27
  hist[3] = 13
  hist[4] = 5
  hist[9] = 60
  hist[10] = 134
  hist[11] = 38
  hist[14] = 40
  hist[15] = 62
  hist[16] = 14
  hist[17] = 1
by_callsite (caller PC; symbolize with addr2line):
   0 caller=0x7cd3d6f010c2 calls=4039 total_ms=5720.017 avg_us=1416.196 max_us=140101
   1 caller=0x7cd3d6f0586c calls=3173 total_ms=1.293 avg_us=0.408 max_us=17
   2 caller=0x7cd3d6f0577c calls=1176 total_ms=1.062 avg_us=0.903 max_us=30
   3 caller=0x7cd3d6f0599d calls=1176 total_ms=0.460 avg_us=0.391 max_us=2
   4 caller=0x7cd3d6f04732 calls=236 total_ms=0.457 avg_us=1.936 max_us=17
direct_cudaStreamSynchronize: calls=4462 total_ms=23.723 max_us=2474
by_direct_callsite (file:line):
   0 /opt/llama.cpp/ggml/src/ggml-cuda/ggml-cuda.cu:839 calls=4109 total_ms=17.609 avg_us=4.285 max_us=355
   1 /opt/llama.cpp/ggml/src/ggml-cuda/ggml-cuda.cu:900 calls=12 total_ms=5.782 avg_us=481.833 max_us=2474
   2 /opt/llama.cpp/ggml/src/ggml-cuda/ggml-cuda.cu:2665 calls=191 total_ms=0.218 avg_us=1.141 max_us=6
   3 /opt/llama.cpp/ggml/src/ggml-cuda/ggml-cuda.cu:847 calls=150 total_ms=0.114 avg_us=0.760 max_us=2
=== END CUDA SYNC PROFILE ===

=== CUDA SYNC PROFILE (instrumentation only) ===
total_syncs = 9882
total_wait_ms = 5753.177
max_wait_us = 140101
sites = 5
wait_hist_us = logarithmic buckets
  hist[0] = 9016
  hist[1] = 468
  hist[2] = 27
  hist[3] = 14
  hist[4] = 5
  hist[9] = 60
  hist[10] = 136
  hist[11] = 38
  hist[14] = 41
  hist[15] = 62
  hist[16] = 14
  hist[17] = 1
by_callsite (caller PC; symbolize with addr2line):
   0 caller=0x7cd3d6f010c2 calls=4070 total_ms=5749.880 avg_us=1412.747 max_us=140101
   1 caller=0x7cd3d6f0586c calls=3202 total_ms=1.301 avg_us=0.406 max_us=17
   2 caller=0x7cd3d6f0577c calls=1186 total_ms=1.070 avg_us=0.902 max_us=30
   3 caller=0x7cd3d6f0599d calls=1186 total_ms=0.465 avg_us=0.392 max_us=2
   4 caller=0x7cd3d6f04732 calls=238 total_ms=0.461 avg_us=1.937 max_us=17
direct_cudaStreamSynchronize: calls=4500 total_ms=23.873 max_us=2474
by_direct_callsite (file:line):
   0 /opt/llama.cpp/ggml/src/ggml-cuda/ggml-cuda.cu:839 calls=4147 total_ms=17.759 avg_us=4.282 max_us=355
   1 /opt/llama.cpp/ggml/src/ggml-cuda/ggml-cuda.cu:900 calls=12 total_ms=5.782 avg_us=481.833 max_us=2474
   2 /opt/llama.cpp/ggml/src/ggml-cuda/ggml-cuda.cu:2665 calls=191 total_ms=0.218 avg_us=1.141 max_us=6
   3 /opt/llama.cpp/ggml/src/ggml-cuda/ggml-cuda.cu:847 calls=150 total_ms=0.114 avg_us=0.760 max_us=2
=== END CUDA SYNC PROFILE ===
backend-sync-trace: count=9900 backend=CUDA0 caller=ggml_backend_sched_synchronize+0x52

=== CUDA SYNC PROFILE (instrumentation only) ===
total_syncs = 9900
total_wait_ms = 5756.219
max_wait_us = 140101
sites = 5
wait_hist_us = logarithmic buckets
  hist[0] = 9032
  hist[1] = 468
  hist[2] = 27
  hist[3] = 14
  hist[4] = 5
  hist[9] = 60
  hist[10] = 138
  hist[11] = 38
  hist[14] = 41
  hist[15] = 62
  hist[16] = 14
  hist[17] = 1
by_callsite (caller PC; symbolize with addr2line):
   0 caller=0x7cd3d6f010c2 calls=4078 total_ms=5752.919 avg_us=1410.721 max_us=140101
   1 caller=0x7cd3d6f0586c calls=3208 total_ms=1.302 avg_us=0.406 max_us=17
   2 caller=0x7cd3d6f0577c calls=1188 total_ms=1.072 avg_us=0.902 max_us=30
   3 caller=0x7cd3d6f0599d calls=1188 total_ms=0.465 avg_us=0.391 max_us=2
   4 caller=0x7cd3d6f04732 calls=238 total_ms=0.461 avg_us=1.937 max_us=17
direct_cudaStreamSynchronize: calls=4508 total_ms=23.898 max_us=2474
by_direct_callsite (file:line):
   0 /opt/llama.cpp/ggml/src/ggml-cuda/ggml-cuda.cu:839 calls=4155 total_ms=17.784 avg_us=4.280 max_us=355
   1 /opt/llama.cpp/ggml/src/ggml-cuda/ggml-cuda.cu:900 calls=12 total_ms=5.782 avg_us=481.833 max_us=2474
   2 /opt/llama.cpp/ggml/src/ggml-cuda/ggml-cuda.cu:2665 calls=191 total_ms=0.218 avg_us=1.141 max_us=6
   3 /opt/llama.cpp/ggml/src/ggml-cuda/ggml-cuda.cu:847 calls=150 total_ms=0.114 avg_us=0.760 max_us=2
=== END CUDA SYNC PROFILE ===
backend-sync-trace: count=10000 backend=CUDA0 caller=ggml_backend_sched_graph_compute_async_ext+0xecc

=== CUDA SYNC PROFILE (instrumentation only) ===
total_syncs = 10000
total_wait_ms = 5793.271
max_wait_us = 140101
sites = 5
wait_hist_us = logarithmic buckets
  hist[0] = 9125
  hist[1] = 472
  hist[2] = 27
  hist[3] = 14
  hist[4] = 5
  hist[9] = 61
  hist[10] = 139
  hist[11] = 38
  hist[14] = 41
  hist[15] = 63
  hist[16] = 14
  hist[17] = 1
by_callsite (caller PC; symbolize with addr2line):
   0 caller=0x7cd3d6f010c2 calls=4115 total_ms=5789.941 avg_us=1407.033 max_us=140101
   1 caller=0x7cd3d6f0586c calls=3241 total_ms=1.312 avg_us=0.405 max_us=17
   2 caller=0x7cd3d6f0577c calls=1202 total_ms=1.084 avg_us=0.902 max_us=30
   3 caller=0x7cd3d6f0599d calls=1202 total_ms=0.469 avg_us=0.390 max_us=2
   4 caller=0x7cd3d6f04732 calls=240 total_ms=0.465 avg_us=1.938 max_us=17
direct_cudaStreamSynchronize: calls=4551 total_ms=24.087 max_us=2474
by_direct_callsite (file:line):
   0 /opt/llama.cpp/ggml/src/ggml-cuda/ggml-cuda.cu:839 calls=4198 total_ms=17.973 avg_us=4.281 max_us=355
   1 /opt/llama.cpp/ggml/src/ggml-cuda/ggml-cuda.cu:900 calls=12 total_ms=5.782 avg_us=481.833 max_us=2474
   2 /opt/llama.cpp/ggml/src/ggml-cuda/ggml-cuda.cu:2665 calls=191 total_ms=0.218 avg_us=1.141 max_us=6
   3 /opt/llama.cpp/ggml/src/ggml-cuda/ggml-cuda.cu:847 calls=150 total_ms=0.114 avg_us=0.760 max_us=2
=== END CUDA SYNC PROFILE ===

=== CUDA SYNC PROFILE (instrumentation only) ===
total_syncs = 10092
total_wait_ms = 5866.785
max_wait_us = 140101
sites = 5
wait_hist_us = logarithmic buckets
  hist[0] = 9209
  hist[1] = 476
  hist[2] = 27
  hist[3] = 14
  hist[4] = 5
  hist[9] = 61
  hist[10] = 141
  hist[11] = 38
  hist[14] = 42
  hist[15] = 64
  hist[16] = 14
  hist[17] = 1
by_callsite (caller PC; symbolize with addr2line):
   0 caller=0x7cd3d6f010c2 calls=4142 total_ms=5863.422 avg_us=1415.602 max_us=140101
   1 caller=0x7cd3d6f0586c calls=3279 total_ms=1.327 avg_us=0.405 max_us=17
   2 caller=0x7cd3d6f0577c calls=1214 total_ms=1.091 avg_us=0.899 max_us=30
   3 caller=0x7cd3d6f0599d calls=1214 total_ms=0.475 avg_us=0.391 max_us=2
   4 caller=0x7cd3d6f04732 calls=243 total_ms=0.470 avg_us=1.934 max_us=17
direct_cudaStreamSynchronize: calls=4600 total_ms=24.281 max_us=2474
by_direct_callsite (file:line):
   0 /opt/llama.cpp/ggml/src/ggml-cuda/ggml-cuda.cu:839 calls=4247 total_ms=18.167 avg_us=4.278 max_us=355
   1 /opt/llama.cpp/ggml/src/ggml-cuda/ggml-cuda.cu:900 calls=12 total_ms=5.782 avg_us=481.833 max_us=2474
   2 /opt/llama.cpp/ggml/src/ggml-cuda/ggml-cuda.cu:2665 calls=191 total_ms=0.218 avg_us=1.141 max_us=6
   3 /opt/llama.cpp/ggml/src/ggml-cuda/ggml-cuda.cu:847 calls=150 total_ms=0.114 avg_us=0.760 max_us=2
=== END CUDA SYNC PROFILE ===
backend-sync-trace: count=10100 backend=CUDA0 caller=ggml_backend_sched_synchronize+0x52

=== CUDA SYNC PROFILE (instrumentation only) ===
total_syncs = 10100
total_wait_ms = 5866.789
max_wait_us = 140101
sites = 5
wait_hist_us = logarithmic buckets
  hist[0] = 9217
  hist[1] = 476
  hist[2] = 27
  hist[3] = 14
  hist[4] = 5
  hist[9] = 61
  hist[10] = 141
  hist[11] = 38
  hist[14] = 42
  hist[15] = 64
  hist[16] = 14
  hist[17] = 1
by_callsite (caller PC; symbolize with addr2line):
   0 caller=0x7cd3d6f010c2 calls=4148 total_ms=5863.424 avg_us=1413.554 max_us=140101
   1 caller=0x7cd3d6f0586c calls=3281 total_ms=1.329 avg_us=0.405 max_us=17
   2 caller=0x7cd3d6f0577c calls=1214 total_ms=1.091 avg_us=0.899 max_us=30
   3 caller=0x7cd3d6f0599d calls=1214 total_ms=0.475 avg_us=0.391 max_us=2
   4 caller=0x7cd3d6f04732 calls=243 total_ms=0.470 avg_us=1.934 max_us=17
direct_cudaStreamSynchronize: calls=4601 total_ms=24.283 max_us=2474
by_direct_callsite (file:line):
   0 /opt/llama.cpp/ggml/src/ggml-cuda/ggml-cuda.cu:839 calls=4248 total_ms=18.169 avg_us=4.277 max_us=355
   1 /opt/llama.cpp/ggml/src/ggml-cuda/ggml-cuda.cu:900 calls=12 total_ms=5.782 avg_us=481.833 max_us=2474
   2 /opt/llama.cpp/ggml/src/ggml-cuda/ggml-cuda.cu:2665 calls=191 total_ms=0.218 avg_us=1.141 max_us=6
   3 /opt/llama.cpp/ggml/src/ggml-cuda/ggml-cuda.cu:847 calls=150 total_ms=0.114 avg_us=0.760 max_us=2
=== END CUDA SYNC PROFILE ===
backend-sync-trace: count=10200 backend=CUDA0 caller=ggml_backend_sched_synchronize+0x52

=== CUDA SYNC PROFILE (instrumentation only) ===
total_syncs = 10200
total_wait_ms = 5930.728
max_wait_us = 140101
sites = 5
wait_hist_us = logarithmic buckets
  hist[0] = 9310
  hist[1] = 479
  hist[2] = 27
  hist[3] = 14
  hist[4] = 5
  hist[9] = 61
  hist[10] = 143
  hist[11] = 39
  hist[14] = 42
  hist[15] = 65
  hist[16] = 14
  hist[17] = 1
by_callsite (caller PC; symbolize with addr2line):
   0 caller=0x7cd3d6f010c2 calls=4190 total_ms=5927.337 avg_us=1414.639 max_us=140101
   1 caller=0x7cd3d6f0586c calls=3312 total_ms=1.337 avg_us=0.404 max_us=17
   2 caller=0x7cd3d6f0577c calls=1226 total_ms=1.098 avg_us=0.896 max_us=30
   3 caller=0x7cd3d6f0599d calls=1226 total_ms=0.481 avg_us=0.392 max_us=2
   4 caller=0x7cd3d6f04732 calls=246 total_ms=0.475 avg_us=1.931 max_us=17
direct_cudaStreamSynchronize: calls=4642 total_ms=24.442 max_us=2474
by_direct_callsite (file:line):
   0 /opt/llama.cpp/ggml/src/ggml-cuda/ggml-cuda.cu:839 calls=4289 total_ms=18.328 avg_us=4.273 max_us=355
   1 /opt/llama.cpp/ggml/src/ggml-cuda/ggml-cuda.cu:900 calls=12 total_ms=5.782 avg_us=481.833 max_us=2474
   2 /opt/llama.cpp/ggml/src/ggml-cuda/ggml-cuda.cu:2665 calls=191 total_ms=0.218 avg_us=1.141 max_us=6
   3 /opt/llama.cpp/ggml/src/ggml-cuda/ggml-cuda.cu:847 calls=150 total_ms=0.114 avg_us=0.760 max_us=2
=== END CUDA SYNC PROFILE ===
backend-sync-trace: count=10300 backend=CUDA0 caller=ggml_backend_sched_synchronize+0x52

=== CUDA SYNC PROFILE (instrumentation only) ===
total_syncs = 10300
total_wait_ms = 5972.360
max_wait_us = 140101
sites = 5
wait_hist_us = logarithmic buckets
  hist[0] = 9389
  hist[1] = 495
  hist[2] = 27
  hist[3] = 15
  hist[4] = 5
  hist[9] = 62
  hist[10] = 145
  hist[11] = 39
  hist[14] = 42
  hist[15] = 66
  hist[16] = 14
  hist[17] = 1
by_callsite (caller PC; symbolize with addr2line):
   0 caller=0x7cd3d6f010c2 calls=4233 total_ms=5968.904 avg_us=1410.088 max_us=140101
   1 caller=0x7cd3d6f0586c calls=3343 total_ms=1.366 avg_us=0.409 max_us=17
   2 caller=0x7cd3d6f0577c calls=1238 total_ms=1.121 avg_us=0.905 max_us=30
   3 caller=0x7cd3d6f0599d calls=1238 total_ms=0.490 avg_us=0.396 max_us=2
   4 caller=0x7cd3d6f04732 calls=248 total_ms=0.479 avg_us=1.931 max_us=17
direct_cudaStreamSynchronize: calls=4683 total_ms=24.619 max_us=2474
by_direct_callsite (file:line):
   0 /opt/llama.cpp/ggml/src/ggml-cuda/ggml-cuda.cu:839 calls=4330 total_ms=18.505 avg_us=4.274 max_us=355
   1 /opt/llama.cpp/ggml/src/ggml-cuda/ggml-cuda.cu:900 calls=12 total_ms=5.782 avg_us=481.833 max_us=2474
   2 /opt/llama.cpp/ggml/src/ggml-cuda/ggml-cuda.cu:2665 calls=191 total_ms=0.218 avg_us=1.141 max_us=6
   3 /opt/llama.cpp/ggml/src/ggml-cuda/ggml-cuda.cu:847 calls=150 total_ms=0.114 avg_us=0.760 max_us=2
=== END CUDA SYNC PROFILE ===

=== CUDA SYNC PROFILE (instrumentation only) ===
total_syncs = 10328
total_wait_ms = 5972.377
max_wait_us = 140101
sites = 5
wait_hist_us = logarithmic buckets
  hist[0] = 9416
  hist[1] = 496
  hist[2] = 27
  hist[3] = 15
  hist[4] = 5
  hist[9] = 62
  hist[10] = 145
  hist[11] = 39
  hist[14] = 42
  hist[15] = 66
  hist[16] = 14
  hist[17] = 1
by_callsite (caller PC; symbolize with addr2line):
   0 caller=0x7cd3d6f010c2 calls=4239 total_ms=5968.907 avg_us=1408.093 max_us=140101
   1 caller=0x7cd3d6f0586c calls=3357 total_ms=1.373 avg_us=0.409 max_us=17
   2 caller=0x7cd3d6f0577c calls=1242 total_ms=1.126 avg_us=0.907 max_us=30
   3 caller=0x7cd3d6f0599d calls=1242 total_ms=0.492 avg_us=0.396 max_us=2
   4 caller=0x7cd3d6f04732 calls=248 total_ms=0.479 avg_us=1.931 max_us=17
direct_cudaStreamSynchronize: calls=4700 total_ms=24.690 max_us=2474
by_direct_callsite (file:line):
   0 /opt/llama.cpp/ggml/src/ggml-cuda/ggml-cuda.cu:839 calls=4347 total_ms=18.576 avg_us=4.273 max_us=355
   1 /opt/llama.cpp/ggml/src/ggml-cuda/ggml-cuda.cu:900 calls=12 total_ms=5.782 avg_us=481.833 max_us=2474
   2 /opt/llama.cpp/ggml/src/ggml-cuda/ggml-cuda.cu:2665 calls=191 total_ms=0.218 avg_us=1.141 max_us=6
   3 /opt/llama.cpp/ggml/src/ggml-cuda/ggml-cuda.cu:847 calls=150 total_ms=0.114 avg_us=0.760 max_us=2
=== END CUDA SYNC PROFILE ===
backend-sync-trace: count=10400 backend=CUDA0 caller=ggml_backend_sched_graph_compute_async_ext+0xecc

=== CUDA SYNC PROFILE (instrumentation only) ===
total_syncs = 10400
total_wait_ms = 6003.334
max_wait_us = 140101
sites = 5
wait_hist_us = logarithmic buckets
  hist[0] = 9483
  hist[1] = 498
  hist[2] = 27
  hist[3] = 15
  hist[4] = 5
  hist[9] = 63
  hist[10] = 146
  hist[11] = 39
  hist[14] = 43
  hist[15] = 66
  hist[16] = 14
  hist[17] = 1
by_callsite (caller PC; symbolize with addr2line):
   0 caller=0x7cd3d6f010c2 calls=4264 total_ms=5999.841 avg_us=1407.092 max_us=140101
   1 caller=0x7cd3d6f0586c calls=3382 total_ms=1.382 avg_us=0.409 max_us=17
   2 caller=0x7cd3d6f0577c calls=1252 total_ms=1.132 avg_us=0.904 max_us=30
   3 caller=0x7cd3d6f0599d calls=1252 total_ms=0.497 avg_us=0.397 max_us=2
   4 caller=0x7cd3d6f04732 calls=250 total_ms=0.482 avg_us=1.928 max_us=17
direct_cudaStreamSynchronize: calls=4732 total_ms=24.821 max_us=2474
by_direct_callsite (file:line):
   0 /opt/llama.cpp/ggml/src/ggml-cuda/ggml-cuda.cu:839 calls=4379 total_ms=18.707 avg_us=4.272 max_us=355
   1 /opt/llama.cpp/ggml/src/ggml-cuda/ggml-cuda.cu:900 calls=12 total_ms=5.782 avg_us=481.833 max_us=2474
   2 /opt/llama.cpp/ggml/src/ggml-cuda/ggml-cuda.cu:2665 calls=191 total_ms=0.218 avg_us=1.141 max_us=6
   3 /opt/llama.cpp/ggml/src/ggml-cuda/ggml-cuda.cu:847 calls=150 total_ms=0.114 avg_us=0.760 max_us=2
=== END CUDA SYNC PROFILE ===
backend-sync-trace: count=10500 backend=CUDA0 caller=ggml_backend_sched_synchronize+0x52

=== CUDA SYNC PROFILE (instrumentation only) ===
total_syncs = 10500
total_wait_ms = 6066.176
max_wait_us = 140101
sites = 5
wait_hist_us = logarithmic buckets
  hist[0] = 9577
  hist[1] = 500
  hist[2] = 27
  hist[3] = 15
  hist[4] = 5
  hist[9] = 64
  hist[10] = 147
  hist[11] = 39
  hist[14] = 45
  hist[15] = 66
  hist[16] = 14
  hist[17] = 1
by_callsite (caller PC; symbolize with addr2line):
   0 caller=0x7cd3d6f010c2 calls=4303 total_ms=6062.654 avg_us=1408.937 max_us=140101
   1 caller=0x7cd3d6f0586c calls=3416 total_ms=1.394 avg_us=0.408 max_us=17
   2 caller=0x7cd3d6f0577c calls=1264 total_ms=1.140 avg_us=0.902 max_us=30
   3 caller=0x7cd3d6f0599d calls=1264 total_ms=0.502 avg_us=0.397 max_us=2
   4 caller=0x7cd3d6f04732 calls=253 total_ms=0.486 avg_us=1.921 max_us=17
direct_cudaStreamSynchronize: calls=4776 total_ms=24.999 max_us=2474
by_direct_callsite (file:line):
   0 /opt/llama.cpp/ggml/src/ggml-cuda/ggml-cuda.cu:839 calls=4423 total_ms=18.885 avg_us=4.270 max_us=355
   1 /opt/llama.cpp/ggml/src/ggml-cuda/ggml-cuda.cu:900 calls=12 total_ms=5.782 avg_us=481.833 max_us=2474
   2 /opt/llama.cpp/ggml/src/ggml-cuda/ggml-cuda.cu:2665 calls=191 total_ms=0.218 avg_us=1.141 max_us=6
   3 /opt/llama.cpp/ggml/src/ggml-cuda/ggml-cuda.cu:847 calls=150 total_ms=0.114 avg_us=0.760 max_us=2
=== END CUDA SYNC PROFILE ===

=== CUDA SYNC PROFILE (instrumentation only) ===
total_syncs = 10563
total_wait_ms = 6069.539
max_wait_us = 140101
sites = 5
wait_hist_us = logarithmic buckets
  hist[0] = 9636
  hist[1] = 502
  hist[2] = 27
  hist[3] = 15
  hist[4] = 5
  hist[9] = 64
  hist[10] = 149
  hist[11] = 39
  hist[14] = 45
  hist[15] = 66
  hist[16] = 14
  hist[17] = 1
by_callsite (caller PC; symbolize with addr2line):
   0 caller=0x7cd3d6f010c2 calls=4332 total_ms=6065.997 avg_us=1400.276 max_us=140101
   1 caller=0x7cd3d6f0586c calls=3433 total_ms=1.403 avg_us=0.409 max_us=17
   2 caller=0x7cd3d6f0577c calls=1272 total_ms=1.146 avg_us=0.901 max_us=30
   3 caller=0x7cd3d6f0599d calls=1272 total_ms=0.505 avg_us=0.397 max_us=2
   4 caller=0x7cd3d6f04732 calls=254 total_ms=0.488 avg_us=1.921 max_us=17
direct_cudaStreamSynchronize: calls=4800 total_ms=25.097 max_us=2474
by_direct_callsite (file:line):
   0 /opt/llama.cpp/ggml/src/ggml-cuda/ggml-cuda.cu:839 calls=4447 total_ms=18.983 avg_us=4.269 max_us=355
   1 /opt/llama.cpp/ggml/src/ggml-cuda/ggml-cuda.cu:900 calls=12 total_ms=5.782 avg_us=481.833 max_us=2474
   2 /opt/llama.cpp/ggml/src/ggml-cuda/ggml-cuda.cu:2665 calls=191 total_ms=0.218 avg_us=1.141 max_us=6
   3 /opt/llama.cpp/ggml/src/ggml-cuda/ggml-cuda.cu:847 calls=150 total_ms=0.114 avg_us=0.760 max_us=2
=== END CUDA SYNC PROFILE ===
backend-sync-trace: count=10600 backend=CUDA0 caller=ggml_backend_sched_synchronize+0x52

=== CUDA SYNC PROFILE (instrumentation only) ===
total_syncs = 10600
total_wait_ms = 6118.587
max_wait_us = 140101
sites = 5
wait_hist_us = logarithmic buckets
  hist[0] = 9670
  hist[1] = 503
  hist[2] = 27
  hist[3] = 15
  hist[4] = 5
  hist[9] = 64
  hist[10] = 149
  hist[11] = 40
  hist[14] = 45
  hist[15] = 67
  hist[16] = 14
  hist[17] = 1
by_callsite (caller PC; symbolize with addr2line):
   0 caller=0x7cd3d6f010c2 calls=4345 total_ms=6115.035 avg_us=1407.373 max_us=140101
   1 caller=0x7cd3d6f0586c calls=3447 total_ms=1.406 avg_us=0.408 max_us=17
   2 caller=0x7cd3d6f0577c calls=1276 total_ms=1.149 avg_us=0.900 max_us=30
   3 caller=0x7cd3d6f0599d calls=1276 total_ms=0.506 avg_us=0.397 max_us=2
   4 caller=0x7cd3d6f04732 calls=256 total_ms=0.491 avg_us=1.918 max_us=17
direct_cudaStreamSynchronize: calls=4817 total_ms=25.185 max_us=2474
by_direct_callsite (file:line):
   0 /opt/llama.cpp/ggml/src/ggml-cuda/ggml-cuda.cu:839 calls=4464 total_ms=19.071 avg_us=4.272 max_us=355
   1 /opt/llama.cpp/ggml/src/ggml-cuda/ggml-cuda.cu:900 calls=12 total_ms=5.782 avg_us=481.833 max_us=2474
   2 /opt/llama.cpp/ggml/src/ggml-cuda/ggml-cuda.cu:2665 calls=191 total_ms=0.218 avg_us=1.141 max_us=6
   3 /opt/llama.cpp/ggml/src/ggml-cuda/ggml-cuda.cu:847 calls=150 total_ms=0.114 avg_us=0.760 max_us=2
=== END CUDA SYNC PROFILE ===
backend-sync-trace: count=10700 backend=CUDA0 caller=ggml_backend_sched_synchronize+0x52

=== CUDA SYNC PROFILE (instrumentation only) ===
total_syncs = 10700
total_wait_ms = 6156.474
max_wait_us = 140101
sites = 5
wait_hist_us = logarithmic buckets
  hist[0] = 9763
  hist[1] = 506
  hist[2] = 27
  hist[3] = 15
  hist[4] = 5
  hist[9] = 66
  hist[10] = 150
  hist[11] = 40
  hist[14] = 45
  hist[15] = 68
  hist[16] = 14
  hist[17] = 1
by_callsite (caller PC; symbolize with addr2line):
   0 caller=0x7cd3d6f010c2 calls=4388 total_ms=6152.898 avg_us=1402.210 max_us=140101
   1 caller=0x7cd3d6f0586c calls=3478 total_ms=1.415 avg_us=0.407 max_us=17
   2 caller=0x7cd3d6f0577c calls=1288 total_ms=1.159 avg_us=0.900 max_us=30
   3 caller=0x7cd3d6f0599d calls=1288 total_ms=0.508 avg_us=0.394 max_us=2
   4 caller=0x7cd3d6f04732 calls=258 total_ms=0.494 avg_us=1.915 max_us=17
direct_cudaStreamSynchronize: calls=4858 total_ms=25.343 max_us=2474
by_direct_callsite (file:line):
   0 /opt/llama.cpp/ggml/src/ggml-cuda/ggml-cuda.cu:839 calls=4505 total_ms=19.229 avg_us=4.268 max_us=355
   1 /opt/llama.cpp/ggml/src/ggml-cuda/ggml-cuda.cu:900 calls=12 total_ms=5.782 avg_us=481.833 max_us=2474
   2 /opt/llama.cpp/ggml/src/ggml-cuda/ggml-cuda.cu:2665 calls=191 total_ms=0.218 avg_us=1.141 max_us=6
   3 /opt/llama.cpp/ggml/src/ggml-cuda/ggml-cuda.cu:847 calls=150 total_ms=0.114 avg_us=0.760 max_us=2
=== END CUDA SYNC PROFILE ===
backend-sync-trace: count=10800 backend=CUDA0 caller=ggml_backend_sched_graph_compute_async_ext+0xffd

=== CUDA SYNC PROFILE (instrumentation only) ===
total_syncs = 10800
total_wait_ms = 6183.065
max_wait_us = 140101
sites = 5
wait_hist_us = logarithmic buckets
  hist[0] = 9855
  hist[1] = 510
  hist[2] = 27
  hist[3] = 15
  hist[4] = 6
  hist[9] = 67
  hist[10] = 151
  hist[11] = 40
  hist[14] = 46
  hist[15] = 68
  hist[16] = 14
  hist[17] = 1
by_callsite (caller PC; symbolize with addr2line):
   0 caller=0x7cd3d6f010c2 calls=4431 total_ms=6179.444 avg_us=1394.594 max_us=140101
   1 caller=0x7cd3d6f0586c calls=3505 total_ms=1.423 avg_us=0.406 max_us=17
   2 caller=0x7cd3d6f0577c calls=1302 total_ms=1.188 avg_us=0.912 max_us=30
   3 caller=0x7cd3d6f0599d calls=1302 total_ms=0.512 avg_us=0.393 max_us=2
   4 caller=0x7cd3d6f04732 calls=260 total_ms=0.498 avg_us=1.915 max_us=17
direct_cudaStreamSynchronize: calls=4895 total_ms=25.489 max_us=2474
by_direct_callsite (file:line):
   0 /opt/llama.cpp/ggml/src/ggml-cuda/ggml-cuda.cu:839 calls=4542 total_ms=19.375 avg_us=4.266 max_us=355
   1 /opt/llama.cpp/ggml/src/ggml-cuda/ggml-cuda.cu:900 calls=12 total_ms=5.782 avg_us=481.833 max_us=2474
   2 /opt/llama.cpp/ggml/src/ggml-cuda/ggml-cuda.cu:2665 calls=191 total_ms=0.218 avg_us=1.141 max_us=6
   3 /opt/llama.cpp/ggml/src/ggml-cuda/ggml-cuda.cu:847 calls=150 total_ms=0.114 avg_us=0.760 max_us=2
=== END CUDA SYNC PROFILE ===

=== CUDA SYNC PROFILE (instrumentation only) ===
total_syncs = 10804
total_wait_ms = 6183.067
max_wait_us = 140101
sites = 5
wait_hist_us = logarithmic buckets
  hist[0] = 9859
  hist[1] = 510
  hist[2] = 27
  hist[3] = 15
  hist[4] = 6
  hist[9] = 67
  hist[10] = 151
  hist[11] = 40
  hist[14] = 46
  hist[15] = 68
  hist[16] = 14
  hist[17] = 1
by_callsite (caller PC; symbolize with addr2line):
   0 caller=0x7cd3d6f010c2 calls=4431 total_ms=6179.444 avg_us=1394.594 max_us=140101
   1 caller=0x7cd3d6f0586c calls=3509 total_ms=1.425 avg_us=0.406 max_us=17
   2 caller=0x7cd3d6f0577c calls=1302 total_ms=1.188 avg_us=0.912 max_us=30
   3 caller=0x7cd3d6f0599d calls=1302 total_ms=0.512 avg_us=0.393 max_us=2
   4 caller=0x7cd3d6f04732 calls=260 total_ms=0.498 avg_us=1.915 max_us=17
direct_cudaStreamSynchronize: calls=4900 total_ms=25.540 max_us=2474
by_direct_callsite (file:line):
   0 /opt/llama.cpp/ggml/src/ggml-cuda/ggml-cuda.cu:839 calls=4547 total_ms=19.426 avg_us=4.272 max_us=355
   1 /opt/llama.cpp/ggml/src/ggml-cuda/ggml-cuda.cu:900 calls=12 total_ms=5.782 avg_us=481.833 max_us=2474
   2 /opt/llama.cpp/ggml/src/ggml-cuda/ggml-cuda.cu:2665 calls=191 total_ms=0.218 avg_us=1.141 max_us=6
   3 /opt/llama.cpp/ggml/src/ggml-cuda/ggml-cuda.cu:847 calls=150 total_ms=0.114 avg_us=0.760 max_us=2
=== END CUDA SYNC PROFILE ===
backend-sync-trace: count=10900 backend=CUDA0 caller=ggml_backend_sched_graph_compute_async_ext+0xecc

=== CUDA SYNC PROFILE (instrumentation only) ===
total_syncs = 10900
total_wait_ms = 6252.447
max_wait_us = 140101
sites = 5
wait_hist_us = logarithmic buckets
  hist[0] = 9949
  hist[1] = 512
  hist[2] = 27
  hist[3] = 15
  hist[4] = 6
  hist[9] = 67
  hist[10] = 152
  hist[11] = 41
  hist[14] = 47
  hist[15] = 69
  hist[16] = 14
  hist[17] = 1
by_callsite (caller PC; symbolize with addr2line):
   0 caller=0x7cd3d6f010c2 calls=4458 total_ms=6248.792 avg_us=1401.703 max_us=140101
   1 caller=0x7cd3d6f0586c calls=3551 total_ms=1.442 avg_us=0.406 max_us=17
   2 caller=0x7cd3d6f0577c calls=1314 total_ms=1.197 avg_us=0.911 max_us=30
   3 caller=0x7cd3d6f0599d calls=1314 total_ms=0.514 avg_us=0.391 max_us=2
   4 caller=0x7cd3d6f04732 calls=263 total_ms=0.502 avg_us=1.909 max_us=17
direct_cudaStreamSynchronize: calls=4951 total_ms=25.770 max_us=2474
by_direct_callsite (file:line):
   0 /opt/llama.cpp/ggml/src/ggml-cuda/ggml-cuda.cu:839 calls=4598 total_ms=19.656 avg_us=4.275 max_us=355
   1 /opt/llama.cpp/ggml/src/ggml-cuda/ggml-cuda.cu:900 calls=12 total_ms=5.782 avg_us=481.833 max_us=2474
   2 /opt/llama.cpp/ggml/src/ggml-cuda/ggml-cuda.cu:2665 calls=191 total_ms=0.218 avg_us=1.141 max_us=6
   3 /opt/llama.cpp/ggml/src/ggml-cuda/ggml-cuda.cu:847 calls=150 total_ms=0.114 avg_us=0.760 max_us=2
=== END CUDA SYNC PROFILE ===
backend-sync-trace: count=11000 backend=CUDA0 caller=ggml_backend_sched_synchronize+0x52

=== CUDA SYNC PROFILE (instrumentation only) ===
total_syncs = 11000
total_wait_ms = 6308.773
max_wait_us = 140101
sites = 5
wait_hist_us = logarithmic buckets
  hist[0] = 10043
  hist[1] = 515
  hist[2] = 27
  hist[3] = 15
  hist[4] = 6
  hist[9] = 67
  hist[10] = 154
  hist[11] = 41
  hist[14] = 47
  hist[15] = 70
  hist[16] = 14
  hist[17] = 1
by_callsite (caller PC; symbolize with addr2line):
   0 caller=0x7cd3d6f010c2 calls=4509 total_ms=6305.091 avg_us=1398.335 max_us=140101
   1 caller=0x7cd3d6f0586c calls=3578 total_ms=1.451 avg_us=0.406 max_us=17
   2 caller=0x7cd3d6f0577c calls=1324 total_ms=1.204 avg_us=0.909 max_us=30
   3 caller=0x7cd3d6f0599d calls=1324 total_ms=0.521 avg_us=0.394 max_us=2
   4 caller=0x7cd3d6f04732 calls=265 total_ms=0.506 avg_us=1.909 max_us=17
direct_cudaStreamSynchronize: calls=4986 total_ms=25.909 max_us=2474
by_direct_callsite (file:line):
   0 /opt/llama.cpp/ggml/src/ggml-cuda/ggml-cuda.cu:839 calls=4633 total_ms=19.795 avg_us=4.273 max_us=355
   1 /opt/llama.cpp/ggml/src/ggml-cuda/ggml-cuda.cu:900 calls=12 total_ms=5.782 avg_us=481.833 max_us=2474
   2 /opt/llama.cpp/ggml/src/ggml-cuda/ggml-cuda.cu:2665 calls=191 total_ms=0.218 avg_us=1.141 max_us=6
   3 /opt/llama.cpp/ggml/src/ggml-cuda/ggml-cuda.cu:847 calls=150 total_ms=0.114 avg_us=0.760 max_us=2
=== END CUDA SYNC PROFILE ===

=== CUDA SYNC PROFILE (instrumentation only) ===
total_syncs = 11042
total_wait_ms = 6313.979
max_wait_us = 140101
sites = 5
wait_hist_us = logarithmic buckets
  hist[0] = 10081
  hist[1] = 517
  hist[2] = 27
  hist[3] = 15
  hist[4] = 6
  hist[9] = 67
  hist[10] = 154
  hist[11] = 43
  hist[14] = 47
  hist[15] = 70
  hist[16] = 14
  hist[17] = 1
by_callsite (caller PC; symbolize with addr2line):
   0 caller=0x7cd3d6f010c2 calls=4530 total_ms=6310.288 avg_us=1393.000 max_us=140101
   1 caller=0x7cd3d6f0586c calls=3586 total_ms=1.451 avg_us=0.405 max_us=17
   2 caller=0x7cd3d6f0577c calls=1330 total_ms=1.210 avg_us=0.910 max_us=30
   3 caller=0x7cd3d6f0599d calls=1330 total_ms=0.522 avg_us=0.392 max_us=2
   4 caller=0x7cd3d6f04732 calls=266 total_ms=0.508 avg_us=1.910 max_us=17
direct_cudaStreamSynchronize: calls=5000 total_ms=25.959 max_us=2474
by_direct_callsite (file:line):
   0 /opt/llama.cpp/ggml/src/ggml-cuda/ggml-cuda.cu:839 calls=4647 total_ms=19.845 avg_us=4.270 max_us=355
   1 /opt/llama.cpp/ggml/src/ggml-cuda/ggml-cuda.cu:900 calls=12 total_ms=5.782 avg_us=481.833 max_us=2474
   2 /opt/llama.cpp/ggml/src/ggml-cuda/ggml-cuda.cu:2665 calls=191 total_ms=0.218 avg_us=1.141 max_us=6
   3 /opt/llama.cpp/ggml/src/ggml-cuda/ggml-cuda.cu:847 calls=150 total_ms=0.114 avg_us=0.760 max_us=2
=== END CUDA SYNC PROFILE ===
backend-sync-trace: count=11100 backend=CUDA0 caller=ggml_backend_sched_synchronize+0x52

=== CUDA SYNC PROFILE (instrumentation only) ===
total_syncs = 11100
total_wait_ms = 6413.234
max_wait_us = 140101
sites = 5
wait_hist_us = logarithmic buckets
  hist[0] = 10135
  hist[1] = 519
  hist[2] = 27
  hist[3] = 15
  hist[4] = 6
  hist[9] = 67
  hist[10] = 155
  hist[11] = 43
  hist[14] = 47
  hist[15] = 70
  hist[16] = 15
  hist[17] = 1
by_callsite (caller PC; symbolize with addr2line):
   0 caller=0x7cd3d6f010c2 calls=4551 total_ms=6409.525 avg_us=1408.377 max_us=140101
   1 caller=0x7cd3d6f0586c calls=3609 total_ms=1.459 avg_us=0.404 max_us=17
   2 caller=0x7cd3d6f0577c calls=1336 total_ms=1.215 avg_us=0.909 max_us=30
   3 caller=0x7cd3d6f0599d calls=1336 total_ms=0.524 avg_us=0.392 max_us=2
   4 caller=0x7cd3d6f04732 calls=268 total_ms=0.511 avg_us=1.907 max_us=17
direct_cudaStreamSynchronize: calls=5027 total_ms=26.071 max_us=2474
by_direct_callsite (file:line):
   0 /opt/llama.cpp/ggml/src/ggml-cuda/ggml-cuda.cu:839 calls=4674 total_ms=19.957 avg_us=4.270 max_us=355
   1 /opt/llama.cpp/ggml/src/ggml-cuda/ggml-cuda.cu:900 calls=12 total_ms=5.782 avg_us=481.833 max_us=2474
   2 /opt/llama.cpp/ggml/src/ggml-cuda/ggml-cuda.cu:2665 calls=191 total_ms=0.218 avg_us=1.141 max_us=6
   3 /opt/llama.cpp/ggml/src/ggml-cuda/ggml-cuda.cu:847 calls=150 total_ms=0.114 avg_us=0.760 max_us=2
=== END CUDA SYNC PROFILE ===
backend-sync-trace: count=11200 backend=CUDA0 caller=ggml_backend_sched_synchronize+0x52

=== CUDA SYNC PROFILE (instrumentation only) ===
total_syncs = 11200
total_wait_ms = 6465.396
max_wait_us = 140101
sites = 5
wait_hist_us = logarithmic buckets
  hist[0] = 10228
  hist[1] = 522
  hist[2] = 27
  hist[3] = 15
  hist[4] = 6
  hist[9] = 68
  hist[10] = 157
  hist[11] = 43
  hist[14] = 47
  hist[15] = 71
  hist[16] = 15
  hist[17] = 1
by_callsite (caller PC; symbolize with addr2line):
   0 caller=0x7cd3d6f010c2 calls=4594 total_ms=6461.660 avg_us=1406.543 max_us=140101
   1 caller=0x7cd3d6f0586c calls=3640 total_ms=1.469 avg_us=0.404 max_us=17
   2 caller=0x7cd3d6f0577c calls=1348 total_ms=1.222 avg_us=0.907 max_us=30
   3 caller=0x7cd3d6f0599d calls=1348 total_ms=0.530 avg_us=0.393 max_us=2
   4 caller=0x7cd3d6f04732 calls=270 total_ms=0.515 avg_us=1.907 max_us=17
direct_cudaStreamSynchronize: calls=5068 total_ms=26.235 max_us=2474
by_direct_callsite (file:line):
   0 /opt/llama.cpp/ggml/src/ggml-cuda/ggml-cuda.cu:839 calls=4715 total_ms=20.121 avg_us=4.267 max_us=355
   1 /opt/llama.cpp/ggml/src/ggml-cuda/ggml-cuda.cu:900 calls=12 total_ms=5.782 avg_us=481.833 max_us=2474
   2 /opt/llama.cpp/ggml/src/ggml-cuda/ggml-cuda.cu:2665 calls=191 total_ms=0.218 avg_us=1.141 max_us=6
   3 /opt/llama.cpp/ggml/src/ggml-cuda/ggml-cuda.cu:847 calls=150 total_ms=0.114 avg_us=0.760 max_us=2
=== END CUDA SYNC PROFILE ===

=== CUDA SYNC PROFILE (instrumentation only) ===
total_syncs = 11280
total_wait_ms = 6508.745
max_wait_us = 140101
sites = 5
wait_hist_us = logarithmic buckets
  hist[0] = 10306
  hist[1] = 522
  hist[2] = 27
  hist[3] = 15
  hist[4] = 6
  hist[9] = 69
  hist[10] = 157
  hist[11] = 43
  hist[14] = 47
  hist[15] = 72
  hist[16] = 15
  hist[17] = 1
by_callsite (caller PC; symbolize with addr2line):
   0 caller=0x7cd3d6f010c2 calls=4628 total_ms=6504.992 avg_us=1405.573 max_us=140101
   1 caller=0x7cd3d6f0586c calls=3664 total_ms=1.475 avg_us=0.403 max_us=17
   2 caller=0x7cd3d6f0577c calls=1358 total_ms=1.229 avg_us=0.905 max_us=30
   3 caller=0x7cd3d6f0599d calls=1358 total_ms=0.532 avg_us=0.392 max_us=2
   4 caller=0x7cd3d6f04732 calls=272 total_ms=0.517 avg_us=1.901 max_us=17
direct_cudaStreamSynchronize: calls=5100 total_ms=26.365 max_us=2474
by_direct_callsite (file:line):
   0 /opt/llama.cpp/ggml/src/ggml-cuda/ggml-cuda.cu:839 calls=4747 total_ms=20.251 avg_us=4.266 max_us=355
   1 /opt/llama.cpp/ggml/src/ggml-cuda/ggml-cuda.cu:900 calls=12 total_ms=5.782 avg_us=481.833 max_us=2474
   2 /opt/llama.cpp/ggml/src/ggml-cuda/ggml-cuda.cu:2665 calls=191 total_ms=0.218 avg_us=1.141 max_us=6
   3 /opt/llama.cpp/ggml/src/ggml-cuda/ggml-cuda.cu:847 calls=150 total_ms=0.114 avg_us=0.760 max_us=2
=== END CUDA SYNC PROFILE ===
backend-sync-trace: count=11300 backend=CUDA0 caller=ggml_backend_sched_graph_compute_async_ext+0xecc

=== CUDA SYNC PROFILE (instrumentation only) ===
total_syncs = 11300
total_wait_ms = 6510.514
max_wait_us = 140101
sites = 5
wait_hist_us = logarithmic buckets
  hist[0] = 10324
  hist[1] = 523
  hist[2] = 27
  hist[3] = 15
  hist[4] = 6
  hist[9] = 69
  hist[10] = 158
  hist[11] = 43
  hist[14] = 47
  hist[15] = 72
  hist[16] = 15
  hist[17] = 1
by_callsite (caller PC; symbolize with addr2line):
   0 caller=0x7cd3d6f010c2 calls=4635 total_ms=6506.756 avg_us=1403.831 max_us=140101
   1 caller=0x7cd3d6f0586c calls=3669 total_ms=1.476 avg_us=0.402 max_us=17
   2 caller=0x7cd3d6f0577c calls=1362 total_ms=1.231 avg_us=0.904 max_us=30
   3 caller=0x7cd3d6f0599d calls=1362 total_ms=0.534 avg_us=0.392 max_us=2
   4 caller=0x7cd3d6f04732 calls=272 total_ms=0.517 avg_us=1.901 max_us=17
direct_cudaStreamSynchronize: calls=5107 total_ms=26.387 max_us=2474
by_direct_callsite (file:line):
   0 /opt/llama.cpp/ggml/src/ggml-cuda/ggml-cuda.cu:839 calls=4754 total_ms=20.273 avg_us=4.264 max_us=355
   1 /opt/llama.cpp/ggml/src/ggml-cuda/ggml-cuda.cu:900 calls=12 total_ms=5.782 avg_us=481.833 max_us=2474
   2 /opt/llama.cpp/ggml/src/ggml-cuda/ggml-cuda.cu:2665 calls=191 total_ms=0.218 avg_us=1.141 max_us=6
   3 /opt/llama.cpp/ggml/src/ggml-cuda/ggml-cuda.cu:847 calls=150 total_ms=0.114 avg_us=0.760 max_us=2
=== END CUDA SYNC PROFILE ===
backend-sync-trace: count=11400 backend=CUDA0 caller=ggml_backend_sched_graph_compute_async_ext+0xffd

=== CUDA SYNC PROFILE (instrumentation only) ===
total_syncs = 11400
total_wait_ms = 6594.195
max_wait_us = 140101
sites = 5
wait_hist_us = logarithmic buckets
  hist[0] = 10417
  hist[1] = 526
  hist[2] = 27
  hist[3] = 15
  hist[4] = 6
  hist[9] = 69
  hist[10] = 160
  hist[11] = 43
  hist[14] = 47
  hist[15] = 74
  hist[16] = 15
  hist[17] = 1
by_callsite (caller PC; symbolize with addr2line):
   0 caller=0x7cd3d6f010c2 calls=4668 total_ms=6590.401 avg_us=1411.825 max_us=140101
   1 caller=0x7cd3d6f0586c calls=3709 total_ms=1.493 avg_us=0.403 max_us=17
   2 caller=0x7cd3d6f0577c calls=1374 total_ms=1.239 avg_us=0.902 max_us=30
   3 caller=0x7cd3d6f0599d calls=1374 total_ms=0.540 avg_us=0.393 max_us=2
   4 caller=0x7cd3d6f04732 calls=275 total_ms=0.522 avg_us=1.898 max_us=17
direct_cudaStreamSynchronize: calls=5157 total_ms=26.605 max_us=2474
by_direct_callsite (file:line):
   0 /opt/llama.cpp/ggml/src/ggml-cuda/ggml-cuda.cu:839 calls=4804 total_ms=20.491 avg_us=4.265 max_us=355
   1 /opt/llama.cpp/ggml/src/ggml-cuda/ggml-cuda.cu:900 calls=12 total_ms=5.782 avg_us=481.833 max_us=2474
   2 /opt/llama.cpp/ggml/src/ggml-cuda/ggml-cuda.cu:2665 calls=191 total_ms=0.218 avg_us=1.141 max_us=6
   3 /opt/llama.cpp/ggml/src/ggml-cuda/ggml-cuda.cu:847 calls=150 total_ms=0.114 avg_us=0.760 max_us=2
=== END CUDA SYNC PROFILE ===
backend-sync-trace: count=11500 backend=CUDA0 caller=ggml_backend_sched_synchronize+0x52

=== CUDA SYNC PROFILE (instrumentation only) ===
total_syncs = 11500
total_wait_ms = 6625.821
max_wait_us = 140101
sites = 5
wait_hist_us = logarithmic buckets
  hist[0] = 10512
  hist[1] = 528
  hist[2] = 27
  hist[3] = 15
  hist[4] = 6
  hist[9] = 69
  hist[10] = 162
  hist[11] = 43
  hist[14] = 48
  hist[15] = 74
  hist[16] = 15
  hist[17] = 1
by_callsite (caller PC; symbolize with addr2line):
   0 caller=0x7cd3d6f010c2 calls=4715 total_ms=6622.006 avg_us=1404.455 max_us=140101
   1 caller=0x7cd3d6f0586c calls=3740 total_ms=1.501 avg_us=0.401 max_us=17
   2 caller=0x7cd3d6f0577c calls=1384 total_ms=1.247 avg_us=0.901 max_us=30
   3 caller=0x7cd3d6f0599d calls=1384 total_ms=0.542 avg_us=0.392 max_us=2
   4 caller=0x7cd3d6f04732 calls=277 total_ms=0.525 avg_us=1.895 max_us=17
direct_cudaStreamSynchronize: calls=5196 total_ms=26.764 max_us=2474
by_direct_callsite (file:line):
   0 /opt/llama.cpp/ggml/src/ggml-cuda/ggml-cuda.cu:839 calls=4843 total_ms=20.650 avg_us=4.264 max_us=355
   1 /opt/llama.cpp/ggml/src/ggml-cuda/ggml-cuda.cu:900 calls=12 total_ms=5.782 avg_us=481.833 max_us=2474
   2 /opt/llama.cpp/ggml/src/ggml-cuda/ggml-cuda.cu:2665 calls=191 total_ms=0.218 avg_us=1.141 max_us=6
   3 /opt/llama.cpp/ggml/src/ggml-cuda/ggml-cuda.cu:847 calls=150 total_ms=0.114 avg_us=0.760 max_us=2
=== END CUDA SYNC PROFILE ===

=== CUDA SYNC PROFILE (instrumentation only) ===
total_syncs = 11518
total_wait_ms = 6625.829
max_wait_us = 140101
sites = 5
wait_hist_us = logarithmic buckets
  hist[0] = 10530
  hist[1] = 528
  hist[2] = 27
  hist[3] = 15
  hist[4] = 6
  hist[9] = 69
  hist[10] = 162
  hist[11] = 43
  hist[14] = 48
  hist[15] = 74
  hist[16] = 15
  hist[17] = 1
by_callsite (caller PC; symbolize with addr2line):
   0 caller=0x7cd3d6f010c2 calls=4726 total_ms=6622.010 avg_us=1401.187 max_us=140101
   1 caller=0x7cd3d6f0586c calls=3742 total_ms=1.502 avg_us=0.401 max_us=17
   2 caller=0x7cd3d6f0577c calls=1386 total_ms=1.248 avg_us=0.900 max_us=30
   3 caller=0x7cd3d6f0599d calls=1386 total_ms=0.543 avg_us=0.392 max_us=2
   4 caller=0x7cd3d6f04732 calls=278 total_ms=0.526 avg_us=1.892 max_us=17
direct_cudaStreamSynchronize: calls=5200 total_ms=26.777 max_us=2474
by_direct_callsite (file:line):
   0 /opt/llama.cpp/ggml/src/ggml-cuda/ggml-cuda.cu:839 calls=4847 total_ms=20.663 avg_us=4.263 max_us=355
   1 /opt/llama.cpp/ggml/src/ggml-cuda/ggml-cuda.cu:900 calls=12 total_ms=5.782 avg_us=481.833 max_us=2474
   2 /opt/llama.cpp/ggml/src/ggml-cuda/ggml-cuda.cu:2665 calls=191 total_ms=0.218 avg_us=1.141 max_us=6
   3 /opt/llama.cpp/ggml/src/ggml-cuda/ggml-cuda.cu:847 calls=150 total_ms=0.114 avg_us=0.760 max_us=2
=== END CUDA SYNC PROFILE ===
backend-sync-trace: count=11600 backend=CUDA0 caller=ggml_backend_sched_graph_compute_async_ext+0xecc

=== CUDA SYNC PROFILE (instrumentation only) ===
total_syncs = 11600
total_wait_ms = 6656.052
max_wait_us = 140101
sites = 5
wait_hist_us = logarithmic buckets
  hist[0] = 10606
  hist[1] = 531
  hist[2] = 27
  hist[3] = 15
  hist[4] = 6
  hist[9] = 69
  hist[10] = 164
  hist[11] = 43
  hist[14] = 49
  hist[15] = 74
  hist[16] = 15
  hist[17] = 1
by_callsite (caller PC; symbolize with addr2line):
   0 caller=0x7cd3d6f010c2 calls=4757 total_ms=6652.203 avg_us=1398.403 max_us=140101
   1 caller=0x7cd3d6f0586c calls=3771 total_ms=1.517 avg_us=0.402 max_us=17
   2 caller=0x7cd3d6f0577c calls=1396 total_ms=1.256 avg_us=0.900 max_us=30
   3 caller=0x7cd3d6f0599d calls=1396 total_ms=0.546 avg_us=0.391 max_us=2
   4 caller=0x7cd3d6f04732 calls=280 total_ms=0.530 avg_us=1.893 max_us=17
direct_cudaStreamSynchronize: calls=5236 total_ms=26.917 max_us=2474
by_direct_callsite (file:line):
   0 /opt/llama.cpp/ggml/src/ggml-cuda/ggml-cuda.cu:839 calls=4883 total_ms=20.803 avg_us=4.260 max_us=355
   1 /opt/llama.cpp/ggml/src/ggml-cuda/ggml-cuda.cu:900 calls=12 total_ms=5.782 avg_us=481.833 max_us=2474
   2 /opt/llama.cpp/ggml/src/ggml-cuda/ggml-cuda.cu:2665 calls=191 total_ms=0.218 avg_us=1.141 max_us=6
   3 /opt/llama.cpp/ggml/src/ggml-cuda/ggml-cuda.cu:847 calls=150 total_ms=0.114 avg_us=0.760 max_us=2
=== END CUDA SYNC PROFILE ===
backend-sync-trace: count=11700 backend=CUDA0 caller=ggml_backend_sched_graph_compute_async_ext+0xecc

=== CUDA SYNC PROFILE (instrumentation only) ===
total_syncs = 11700
total_wait_ms = 6695.346
max_wait_us = 140101
sites = 5
wait_hist_us = logarithmic buckets
  hist[0] = 10699
  hist[1] = 534
  hist[2] = 27
  hist[3] = 15
  hist[4] = 6
  hist[9] = 70
  hist[10] = 166
  hist[11] = 43
  hist[14] = 49
  hist[15] = 75
  hist[16] = 15
  hist[17] = 1
by_callsite (caller PC; symbolize with addr2line):
   0 caller=0x7cd3d6f010c2 calls=4801 total_ms=6691.462 avg_us=1393.764 max_us=140101
   1 caller=0x7cd3d6f0586c calls=3801 total_ms=1.530 avg_us=0.403 max_us=17
   2 caller=0x7cd3d6f0577c calls=1408 total_ms=1.266 avg_us=0.899 max_us=30
   3 caller=0x7cd3d6f0599d calls=1408 total_ms=0.552 avg_us=0.392 max_us=2
   4 caller=0x7cd3d6f04732 calls=282 total_ms=0.536 avg_us=1.901 max_us=17
direct_cudaStreamSynchronize: calls=5276 total_ms=27.090 max_us=2474
by_direct_callsite (file:line):
   0 /opt/llama.cpp/ggml/src/ggml-cuda/ggml-cuda.cu:839 calls=4923 total_ms=20.976 avg_us=4.261 max_us=355
   1 /opt/llama.cpp/ggml/src/ggml-cuda/ggml-cuda.cu:900 calls=12 total_ms=5.782 avg_us=481.833 max_us=2474
   2 /opt/llama.cpp/ggml/src/ggml-cuda/ggml-cuda.cu:2665 calls=191 total_ms=0.218 avg_us=1.141 max_us=6
   3 /opt/llama.cpp/ggml/src/ggml-cuda/ggml-cuda.cu:847 calls=150 total_ms=0.114 avg_us=0.760 max_us=2
=== END CUDA SYNC PROFILE ===

=== CUDA SYNC PROFILE (instrumentation only) ===
total_syncs = 11740
total_wait_ms = 6727.059
max_wait_us = 140101
sites = 5
wait_hist_us = logarithmic buckets
  hist[0] = 10734
  hist[1] = 537
  hist[2] = 27
  hist[3] = 15
  hist[4] = 6
  hist[9] = 71
  hist[10] = 166
  hist[11] = 43
  hist[14] = 50
  hist[15] = 75
  hist[16] = 15
  hist[17] = 1
by_callsite (caller PC; symbolize with addr2line):
   0 caller=0x7cd3d6f010c2 calls=4810 total_ms=6723.158 avg_us=1397.746 max_us=140101
   1 caller=0x7cd3d6f0586c calls=3819 total_ms=1.535 avg_us=0.402 max_us=17
   2 caller=0x7cd3d6f0577c calls=1414 total_ms=1.273 avg_us=0.900 max_us=30
   3 caller=0x7cd3d6f0599d calls=1414 total_ms=0.555 avg_us=0.393 max_us=2
   4 caller=0x7cd3d6f04732 calls=283 total_ms=0.538 avg_us=1.901 max_us=17
direct_cudaStreamSynchronize: calls=5300 total_ms=27.193 max_us=2474
by_direct_callsite (file:line):
   0 /opt/llama.cpp/ggml/src/ggml-cuda/ggml-cuda.cu:839 calls=4947 total_ms=21.079 avg_us=4.261 max_us=355
   1 /opt/llama.cpp/ggml/src/ggml-cuda/ggml-cuda.cu:900 calls=12 total_ms=5.782 avg_us=481.833 max_us=2474
   2 /opt/llama.cpp/ggml/src/ggml-cuda/ggml-cuda.cu:2665 calls=191 total_ms=0.218 avg_us=1.141 max_us=6
   3 /opt/llama.cpp/ggml/src/ggml-cuda/ggml-cuda.cu:847 calls=150 total_ms=0.114 avg_us=0.760 max_us=2
=== END CUDA SYNC PROFILE ===
backend-sync-trace: count=11800 backend=CUDA0 caller=ggml_backend_sched_graph_compute_async_ext+0xecc

=== CUDA SYNC PROFILE (instrumentation only) ===
total_syncs = 11800
total_wait_ms = 6731.512
max_wait_us = 140101
sites = 5
wait_hist_us = logarithmic buckets
  hist[0] = 10788
  hist[1] = 540
  hist[2] = 28
  hist[3] = 15
  hist[4] = 6
  hist[9] = 71
  hist[10] = 166
  hist[11] = 45
  hist[14] = 50
  hist[15] = 75
  hist[16] = 15
  hist[17] = 1
by_callsite (caller PC; symbolize with addr2line):
   0 caller=0x7cd3d6f010c2 calls=4833 total_ms=6727.592 avg_us=1392.012 max_us=140101
   1 caller=0x7cd3d6f0586c calls=3839 total_ms=1.543 avg_us=0.402 max_us=17
   2 caller=0x7cd3d6f0577c calls=1422 total_ms=1.279 avg_us=0.899 max_us=30
   3 caller=0x7cd3d6f0599d calls=1422 total_ms=0.557 avg_us=0.392 max_us=2
   4 caller=0x7cd3d6f04732 calls=284 total_ms=0.541 avg_us=1.905 max_us=17
direct_cudaStreamSynchronize: calls=5325 total_ms=27.295 max_us=2474
by_direct_callsite (file:line):
   0 /opt/llama.cpp/ggml/src/ggml-cuda/ggml-cuda.cu:839 calls=4972 total_ms=21.181 avg_us=4.260 max_us=355
   1 /opt/llama.cpp/ggml/src/ggml-cuda/ggml-cuda.cu:900 calls=12 total_ms=5.782 avg_us=481.833 max_us=2474
   2 /opt/llama.cpp/ggml/src/ggml-cuda/ggml-cuda.cu:2665 calls=191 total_ms=0.218 avg_us=1.141 max_us=6
   3 /opt/llama.cpp/ggml/src/ggml-cuda/ggml-cuda.cu:847 calls=150 total_ms=0.114 avg_us=0.760 max_us=2
=== END CUDA SYNC PROFILE ===
backend-sync-trace: count=11900 backend=CUDA0 caller=ggml_backend_sched_synchronize+0x52

=== CUDA SYNC PROFILE (instrumentation only) ===
total_syncs = 11900
total_wait_ms = 6853.477
max_wait_us = 140101
sites = 5
wait_hist_us = logarithmic buckets
  hist[0] = 10878
  hist[1] = 545
  hist[2] = 29
  hist[3] = 15
  hist[4] = 6
  hist[9] = 72
  hist[10] = 167
  hist[11] = 45
  hist[14] = 50
  hist[15] = 77
  hist[16] = 15
  hist[17] = 1
by_callsite (caller PC; symbolize with addr2line):
   0 caller=0x7cd3d6f010c2 calls=4870 total_ms=6849.529 avg_us=1406.474 max_us=140101
   1 caller=0x7cd3d6f0586c calls=3875 total_ms=1.550 avg_us=0.400 max_us=17
   2 caller=0x7cd3d6f0577c calls=1434 total_ms=1.288 avg_us=0.898 max_us=30
   3 caller=0x7cd3d6f0599d calls=1434 total_ms=0.561 avg_us=0.391 max_us=2
   4 caller=0x7cd3d6f04732 calls=287 total_ms=0.549 avg_us=1.913 max_us=17
direct_cudaStreamSynchronize: calls=5371 total_ms=27.478 max_us=2474
by_direct_callsite (file:line):
   0 /opt/llama.cpp/ggml/src/ggml-cuda/ggml-cuda.cu:839 calls=5018 total_ms=21.364 avg_us=4.257 max_us=355
   1 /opt/llama.cpp/ggml/src/ggml-cuda/ggml-cuda.cu:900 calls=12 total_ms=5.782 avg_us=481.833 max_us=2474
   2 /opt/llama.cpp/ggml/src/ggml-cuda/ggml-cuda.cu:2665 calls=191 total_ms=0.218 avg_us=1.141 max_us=6
   3 /opt/llama.cpp/ggml/src/ggml-cuda/ggml-cuda.cu:847 calls=150 total_ms=0.114 avg_us=0.760 max_us=2
=== END CUDA SYNC PROFILE ===

=== CUDA SYNC PROFILE (instrumentation only) ===
total_syncs = 11964
total_wait_ms = 6856.199
max_wait_us = 140101
sites = 5
wait_hist_us = logarithmic buckets
  hist[0] = 10938
  hist[1] = 547
  hist[2] = 29
  hist[3] = 15
  hist[4] = 6
  hist[9] = 73
  hist[10] = 168
  hist[11] = 45
  hist[14] = 50
  hist[15] = 77
  hist[16] = 15
  hist[17] = 1
by_callsite (caller PC; symbolize with addr2line):
   0 caller=0x7cd3d6f010c2 calls=4895 total_ms=6852.233 avg_us=1399.843 max_us=140101
   1 caller=0x7cd3d6f0586c calls=3897 total_ms=1.559 avg_us=0.400 max_us=17
   2 caller=0x7cd3d6f0577c calls=1442 total_ms=1.293 avg_us=0.897 max_us=30
   3 caller=0x7cd3d6f0599d calls=1442 total_ms=0.563 avg_us=0.390 max_us=2
   4 caller=0x7cd3d6f04732 calls=288 total_ms=0.551 avg_us=1.913 max_us=17
direct_cudaStreamSynchronize: calls=5400 total_ms=27.589 max_us=2474
by_direct_callsite (file:line):
   0 /opt/llama.cpp/ggml/src/ggml-cuda/ggml-cuda.cu:839 calls=5047 total_ms=21.475 avg_us=4.255 max_us=355
   1 /opt/llama.cpp/ggml/src/ggml-cuda/ggml-cuda.cu:900 calls=12 total_ms=5.782 avg_us=481.833 max_us=2474
   2 /opt/llama.cpp/ggml/src/ggml-cuda/ggml-cuda.cu:2665 calls=191 total_ms=0.218 avg_us=1.141 max_us=6
   3 /opt/llama.cpp/ggml/src/ggml-cuda/ggml-cuda.cu:847 calls=150 total_ms=0.114 avg_us=0.760 max_us=2
=== END CUDA SYNC PROFILE ===
backend-sync-trace: count=12000 backend=CUDA0 caller=ggml_backend_sched_graph_compute_async_ext+0xffd

=== CUDA SYNC PROFILE (instrumentation only) ===
total_syncs = 12000
total_wait_ms = 6905.268
max_wait_us = 140101
sites = 5
wait_hist_us = logarithmic buckets
  hist[0] = 10972
  hist[1] = 548
  hist[2] = 29
  hist[3] = 15
  hist[4] = 6
  hist[9] = 73
  hist[10] = 168
  hist[11] = 45
  hist[14] = 50
  hist[15] = 78
  hist[16] = 15
  hist[17] = 1
by_callsite (caller PC; symbolize with addr2line):
   0 caller=0x7cd3d6f010c2 calls=4918 total_ms=6901.294 avg_us=1403.272 max_us=140101
   1 caller=0x7cd3d6f0586c calls=3902 total_ms=1.561 avg_us=0.400 max_us=17
   2 caller=0x7cd3d6f0577c calls=1445 total_ms=1.295 avg_us=0.896 max_us=30
   3 caller=0x7cd3d6f0599d calls=1445 total_ms=0.564 avg_us=0.390 max_us=2
   4 caller=0x7cd3d6f04732 calls=290 total_ms=0.554 avg_us=1.910 max_us=17
direct_cudaStreamSynchronize: calls=5406 total_ms=27.619 max_us=2474
by_direct_callsite (file:line):
   0 /opt/llama.cpp/ggml/src/ggml-cuda/ggml-cuda.cu:839 calls=5053 total_ms=21.505 avg_us=4.256 max_us=355
   1 /opt/llama.cpp/ggml/src/ggml-cuda/ggml-cuda.cu:900 calls=12 total_ms=5.782 avg_us=481.833 max_us=2474
   2 /opt/llama.cpp/ggml/src/ggml-cuda/ggml-cuda.cu:2665 calls=191 total_ms=0.218 avg_us=1.141 max_us=6
   3 /opt/llama.cpp/ggml/src/ggml-cuda/ggml-cuda.cu:847 calls=150 total_ms=0.114 avg_us=0.760 max_us=2
=== END CUDA SYNC PROFILE ===
backend-sync-trace: count=12100 backend=CUDA0 caller=ggml_backend_sched_synchronize+0x52

=== CUDA SYNC PROFILE (instrumentation only) ===
total_syncs = 12100
total_wait_ms = 6963.991
max_wait_us = 140101
sites = 5
wait_hist_us = logarithmic buckets
  hist[0] = 11064
  hist[1] = 551
  hist[2] = 29
  hist[3] = 15
  hist[4] = 6
  hist[9] = 73
  hist[10] = 171
  hist[11] = 46
  hist[14] = 50
  hist[15] = 79
  hist[16] = 15
  hist[17] = 1
by_callsite (caller PC; symbolize with addr2line):
   0 caller=0x7cd3d6f010c2 calls=4955 total_ms=6959.982 avg_us=1404.638 max_us=140101
   1 caller=0x7cd3d6f0586c calls=3937 total_ms=1.573 avg_us=0.400 max_us=17
   2 caller=0x7cd3d6f0577c calls=1458 total_ms=1.305 avg_us=0.895 max_us=30
   3 caller=0x7cd3d6f0599d calls=1458 total_ms=0.573 avg_us=0.393 max_us=2
   4 caller=0x7cd3d6f04732 calls=292 total_ms=0.558 avg_us=1.911 max_us=17
direct_cudaStreamSynchronize: calls=5453 total_ms=27.803 max_us=2474
by_direct_callsite (file:line):
   0 /opt/llama.cpp/ggml/src/ggml-cuda/ggml-cuda.cu:839 calls=5100 total_ms=21.689 avg_us=4.253 max_us=355
   1 /opt/llama.cpp/ggml/src/ggml-cuda/ggml-cuda.cu:900 calls=12 total_ms=5.782 avg_us=481.833 max_us=2474
   2 /opt/llama.cpp/ggml/src/ggml-cuda/ggml-cuda.cu:2665 calls=191 total_ms=0.218 avg_us=1.141 max_us=6
   3 /opt/llama.cpp/ggml/src/ggml-cuda/ggml-cuda.cu:847 calls=150 total_ms=0.114 avg_us=0.760 max_us=2
=== END CUDA SYNC PROFILE ===

=== CUDA SYNC PROFILE (instrumentation only) ===
total_syncs = 12199
total_wait_ms = 7006.252
max_wait_us = 140101
sites = 5
wait_hist_us = logarithmic buckets
  hist[0] = 11157
  hist[1] = 554
  hist[2] = 29
  hist[3] = 15
  hist[4] = 6
  hist[9] = 73
  hist[10] = 173
  hist[11] = 46
  hist[14] = 50
  hist[15] = 80
  hist[16] = 15
  hist[17] = 1
by_callsite (caller PC; symbolize with addr2line):
   0 caller=0x7cd3d6f010c2 calls=4988 total_ms=7002.212 avg_us=1403.812 max_us=140101
   1 caller=0x7cd3d6f0586c calls=3973 total_ms=1.588 avg_us=0.400 max_us=17
   2 caller=0x7cd3d6f0577c calls=1472 total_ms=1.315 avg_us=0.893 max_us=30
   3 caller=0x7cd3d6f0599d calls=1472 total_ms=0.576 avg_us=0.391 max_us=2
   4 caller=0x7cd3d6f04732 calls=294 total_ms=0.561 avg_us=1.908 max_us=17
direct_cudaStreamSynchronize: calls=5500 total_ms=28.001 max_us=2474
by_direct_callsite (file:line):
   0 /opt/llama.cpp/ggml/src/ggml-cuda/ggml-cuda.cu:839 calls=5147 total_ms=21.887 avg_us=4.252 max_us=355
   1 /opt/llama.cpp/ggml/src/ggml-cuda/ggml-cuda.cu:900 calls=12 total_ms=5.782 avg_us=481.833 max_us=2474
   2 /opt/llama.cpp/ggml/src/ggml-cuda/ggml-cuda.cu:2665 calls=191 total_ms=0.218 avg_us=1.141 max_us=6
   3 /opt/llama.cpp/ggml/src/ggml-cuda/ggml-cuda.cu:847 calls=150 total_ms=0.114 avg_us=0.760 max_us=2
=== END CUDA SYNC PROFILE ===
backend-sync-trace: count=12200 backend=CUDA0 caller=ggml_backend_sched_graph_compute_async_ext+0xecc

=== CUDA SYNC PROFILE (instrumentation only) ===
total_syncs = 12200
total_wait_ms = 7006.253
max_wait_us = 140101
sites = 5
wait_hist_us = logarithmic buckets
  hist[0] = 11158
  hist[1] = 554
  hist[2] = 29
  hist[3] = 15
  hist[4] = 6
  hist[9] = 73
  hist[10] = 173
  hist[11] = 46
  hist[14] = 50
  hist[15] = 80
  hist[16] = 15
  hist[17] = 1
by_callsite (caller PC; symbolize with addr2line):
   0 caller=0x7cd3d6f010c2 calls=4988 total_ms=7002.212 avg_us=1403.812 max_us=140101
   1 caller=0x7cd3d6f0586c calls=3974 total_ms=1.589 avg_us=0.400 max_us=17
   2 caller=0x7cd3d6f0577c calls=1472 total_ms=1.315 avg_us=0.893 max_us=30
   3 caller=0x7cd3d6f0599d calls=1472 total_ms=0.576 avg_us=0.391 max_us=2
   4 caller=0x7cd3d6f04732 calls=294 total_ms=0.561 avg_us=1.908 max_us=17
direct_cudaStreamSynchronize: calls=5500 total_ms=28.001 max_us=2474
by_direct_callsite (file:line):
   0 /opt/llama.cpp/ggml/src/ggml-cuda/ggml-cuda.cu:839 calls=5147 total_ms=21.887 avg_us=4.252 max_us=355
   1 /opt/llama.cpp/ggml/src/ggml-cuda/ggml-cuda.cu:900 calls=12 total_ms=5.782 avg_us=481.833 max_us=2474
   2 /opt/llama.cpp/ggml/src/ggml-cuda/ggml-cuda.cu:2665 calls=191 total_ms=0.218 avg_us=1.141 max_us=6
   3 /opt/llama.cpp/ggml/src/ggml-cuda/ggml-cuda.cu:847 calls=150 total_ms=0.114 avg_us=0.760 max_us=2
=== END CUDA SYNC PROFILE ===
backend-sync-trace: count=12300 backend=CUDA0 caller=ggml_backend_sched_synchronize+0x52

=== CUDA SYNC PROFILE (instrumentation only) ===
total_syncs = 12300
total_wait_ms = 7090.572
max_wait_us = 140101
sites = 5
wait_hist_us = logarithmic buckets
  hist[0] = 11250
  hist[1] = 558
  hist[2] = 29
  hist[3] = 15
  hist[4] = 6
  hist[9] = 73
  hist[10] = 175
  hist[11] = 46
  hist[14] = 50
  hist[15] = 82
  hist[16] = 15
  hist[17] = 1
by_callsite (caller PC; symbolize with addr2line):
   0 caller=0x7cd3d6f010c2 calls=5025 total_ms=7086.495 avg_us=1410.248 max_us=140101
   1 caller=0x7cd3d6f0586c calls=4010 total_ms=1.604 avg_us=0.400 max_us=17
   2 caller=0x7cd3d6f0577c calls=1484 total_ms=1.325 avg_us=0.893 max_us=30
   3 caller=0x7cd3d6f0599d calls=1484 total_ms=0.581 avg_us=0.392 max_us=2
   4 caller=0x7cd3d6f04732 calls=297 total_ms=0.567 avg_us=1.909 max_us=17
direct_cudaStreamSynchronize: calls=5546 total_ms=28.184 max_us=2474
by_direct_callsite (file:line):
   0 /opt/llama.cpp/ggml/src/ggml-cuda/ggml-cuda.cu:839 calls=5193 total_ms=22.070 avg_us=4.250 max_us=355
   1 /opt/llama.cpp/ggml/src/ggml-cuda/ggml-cuda.cu:900 calls=12 total_ms=5.782 avg_us=481.833 max_us=2474
   2 /opt/llama.cpp/ggml/src/ggml-cuda/ggml-cuda.cu:2665 calls=191 total_ms=0.218 avg_us=1.141 max_us=6
   3 /opt/llama.cpp/ggml/src/ggml-cuda/ggml-cuda.cu:847 calls=150 total_ms=0.114 avg_us=0.760 max_us=2
=== END CUDA SYNC PROFILE ===
backend-sync-trace: count=12400 backend=CUDA0 caller=ggml_backend_sched_graph_compute_async_ext+0xffd

=== CUDA SYNC PROFILE (instrumentation only) ===
total_syncs = 12400
total_wait_ms = 7125.066
max_wait_us = 140101
sites = 5
wait_hist_us = logarithmic buckets
  hist[0] = 11344
  hist[1] = 561
  hist[2] = 29
  hist[3] = 15
  hist[4] = 6
  hist[9] = 74
  hist[10] = 175
  hist[11] = 47
  hist[14] = 51
  hist[15] = 82
  hist[16] = 15
  hist[17] = 1
by_callsite (caller PC; symbolize with addr2line):
   0 caller=0x7cd3d6f010c2 calls=5073 total_ms=7120.961 avg_us=1403.698 max_us=140101
   1 caller=0x7cd3d6f0586c calls=4037 total_ms=1.613 avg_us=0.400 max_us=17
   2 caller=0x7cd3d6f0577c calls=1495 total_ms=1.331 avg_us=0.890 max_us=30
   3 caller=0x7cd3d6f0599d calls=1495 total_ms=0.589 avg_us=0.394 max_us=2
   4 caller=0x7cd3d6f04732 calls=300 total_ms=0.572 avg_us=1.907 max_us=17
direct_cudaStreamSynchronize: calls=5581 total_ms=28.323 max_us=2474
by_direct_callsite (file:line):
   0 /opt/llama.cpp/ggml/src/ggml-cuda/ggml-cuda.cu:839 calls=5228 total_ms=22.209 avg_us=4.248 max_us=355
   1 /opt/llama.cpp/ggml/src/ggml-cuda/ggml-cuda.cu:900 calls=12 total_ms=5.782 avg_us=481.833 max_us=2474
   2 /opt/llama.cpp/ggml/src/ggml-cuda/ggml-cuda.cu:2665 calls=191 total_ms=0.218 avg_us=1.141 max_us=6
   3 /opt/llama.cpp/ggml/src/ggml-cuda/ggml-cuda.cu:847 calls=150 total_ms=0.114 avg_us=0.760 max_us=2
=== END CUDA SYNC PROFILE ===

=== CUDA SYNC PROFILE (instrumentation only) ===
total_syncs = 12440
total_wait_ms = 7126.934
max_wait_us = 140101
sites = 5
wait_hist_us = logarithmic buckets
  hist[0] = 11381
  hist[1] = 562
  hist[2] = 29
  hist[3] = 15
  hist[4] = 6
  hist[9] = 76
  hist[10] = 175
  hist[11] = 47
  hist[14] = 51
  hist[15] = 82
  hist[16] = 15
  hist[17] = 1
by_callsite (caller PC; symbolize with addr2line):
   0 caller=0x7cd3d6f010c2 calls=5087 total_ms=7122.818 avg_us=1400.200 max_us=140101
   1 caller=0x7cd3d6f0586c calls=4049 total_ms=1.616 avg_us=0.399 max_us=17
   2 caller=0x7cd3d6f0577c calls=1502 total_ms=1.337 avg_us=0.890 max_us=30
   3 caller=0x7cd3d6f0599d calls=1502 total_ms=0.591 avg_us=0.393 max_us=2
   4 caller=0x7cd3d6f04732 calls=300 total_ms=0.572 avg_us=1.907 max_us=17
direct_cudaStreamSynchronize: calls=5600 total_ms=28.406 max_us=2474
by_direct_callsite (file:line):
   0 /opt/llama.cpp/ggml/src/ggml-cuda/ggml-cuda.cu:839 calls=5247 total_ms=22.292 avg_us=4.249 max_us=355
   1 /opt/llama.cpp/ggml/src/ggml-cuda/ggml-cuda.cu:900 calls=12 total_ms=5.782 avg_us=481.833 max_us=2474
   2 /opt/llama.cpp/ggml/src/ggml-cuda/ggml-cuda.cu:2665 calls=191 total_ms=0.218 avg_us=1.141 max_us=6
   3 /opt/llama.cpp/ggml/src/ggml-cuda/ggml-cuda.cu:847 calls=150 total_ms=0.114 avg_us=0.760 max_us=2
=== END CUDA SYNC PROFILE ===
backend-sync-trace: count=12500 backend=CUDA0 caller=ggml_backend_sched_graph_compute_async_ext+0xecc

=== CUDA SYNC PROFILE (instrumentation only) ===
total_syncs = 12500
total_wait_ms = 7157.728
max_wait_us = 140101
sites = 5
wait_hist_us = logarithmic buckets
  hist[0] = 11436
  hist[1] = 564
  hist[2] = 29
  hist[3] = 15
  hist[4] = 7
  hist[9] = 76
  hist[10] = 176
  hist[11] = 47
  hist[14] = 52
  hist[15] = 82
  hist[16] = 15
  hist[17] = 1
by_callsite (caller PC; symbolize with addr2line):
   0 caller=0x7cd3d6f010c2 calls=5111 total_ms=7153.575 avg_us=1399.643 max_us=140101
   1 caller=0x7cd3d6f0586c calls=4071 total_ms=1.642 avg_us=0.403 max_us=18
   2 caller=0x7cd3d6f0577c calls=1508 total_ms=1.340 avg_us=0.889 max_us=30
   3 caller=0x7cd3d6f0599d calls=1508 total_ms=0.595 avg_us=0.395 max_us=2
   4 caller=0x7cd3d6f04732 calls=302 total_ms=0.576 avg_us=1.907 max_us=17
direct_cudaStreamSynchronize: calls=5626 total_ms=28.503 max_us=2474
by_direct_callsite (file:line):
   0 /opt/llama.cpp/ggml/src/ggml-cuda/ggml-cuda.cu:839 calls=5273 total_ms=22.389 avg_us=4.246 max_us=355
   1 /opt/llama.cpp/ggml/src/ggml-cuda/ggml-cuda.cu:900 calls=12 total_ms=5.782 avg_us=481.833 max_us=2474
   2 /opt/llama.cpp/ggml/src/ggml-cuda/ggml-cuda.cu:2665 calls=191 total_ms=0.218 avg_us=1.141 max_us=6
   3 /opt/llama.cpp/ggml/src/ggml-cuda/ggml-cuda.cu:847 calls=150 total_ms=0.114 avg_us=0.760 max_us=2
=== END CUDA SYNC PROFILE ===
backend-sync-trace: count=12600 backend=CUDA0 caller=ggml_backend_sched_graph_compute_async_ext+0xffd

=== CUDA SYNC PROFILE (instrumentation only) ===
total_syncs = 12600
total_wait_ms = 7208.512
max_wait_us = 140101
sites = 5
wait_hist_us = logarithmic buckets
  hist[0] = 11528
  hist[1] = 568
  hist[2] = 29
  hist[3] = 15
  hist[4] = 7
  hist[9] = 76
  hist[10] = 179
  hist[11] = 47
  hist[14] = 52
  hist[15] = 83
  hist[16] = 15
  hist[17] = 1
by_callsite (caller PC; symbolize with addr2line):
   0 caller=0x7cd3d6f010c2 calls=5155 total_ms=7204.325 avg_us=1397.541 max_us=140101
   1 caller=0x7cd3d6f0586c calls=4099 total_ms=1.655 avg_us=0.404 max_us=18
   2 caller=0x7cd3d6f0577c calls=1521 total_ms=1.351 avg_us=0.888 max_us=30
   3 caller=0x7cd3d6f0599d calls=1521 total_ms=0.601 avg_us=0.395 max_us=2
   4 caller=0x7cd3d6f04732 calls=304 total_ms=0.580 avg_us=1.908 max_us=17
direct_cudaStreamSynchronize: calls=5665 total_ms=28.655 max_us=2474
by_direct_callsite (file:line):
   0 /opt/llama.cpp/ggml/src/ggml-cuda/ggml-cuda.cu:839 calls=5312 total_ms=22.541 avg_us=4.243 max_us=355
   1 /opt/llama.cpp/ggml/src/ggml-cuda/ggml-cuda.cu:900 calls=12 total_ms=5.782 avg_us=481.833 max_us=2474
   2 /opt/llama.cpp/ggml/src/ggml-cuda/ggml-cuda.cu:2665 calls=191 total_ms=0.218 avg_us=1.141 max_us=6
   3 /opt/llama.cpp/ggml/src/ggml-cuda/ggml-cuda.cu:847 calls=150 total_ms=0.114 avg_us=0.760 max_us=2
=== END CUDA SYNC PROFILE ===

=== CUDA SYNC PROFILE (instrumentation only) ===
total_syncs = 12674
total_wait_ms = 7262.510
max_wait_us = 140101
sites = 5
wait_hist_us = logarithmic buckets
  hist[0] = 11593
  hist[1] = 573
  hist[2] = 30
  hist[3] = 15
  hist[4] = 7
  hist[9] = 76
  hist[10] = 180
  hist[11] = 48
  hist[14] = 52
  hist[15] = 84
  hist[16] = 15
  hist[17] = 1
by_callsite (caller PC; symbolize with addr2line):
   0 caller=0x7cd3d6f010c2 calls=5182 total_ms=7258.297 avg_us=1400.675 max_us=140101
   1 caller=0x7cd3d6f0586c calls=4126 total_ms=1.665 avg_us=0.404 max_us=18
   2 caller=0x7cd3d6f0577c calls=1530 total_ms=1.359 avg_us=0.888 max_us=30
   3 caller=0x7cd3d6f0599d calls=1530 total_ms=0.605 avg_us=0.395 max_us=2
   4 caller=0x7cd3d6f04732 calls=306 total_ms=0.584 avg_us=1.908 max_us=17
direct_cudaStreamSynchronize: calls=5700 total_ms=28.794 max_us=2474
by_direct_callsite (file:line):
   0 /opt/llama.cpp/ggml/src/ggml-cuda/ggml-cuda.cu:839 calls=5347 total_ms=22.680 avg_us=4.242 max_us=355
   1 /opt/llama.cpp/ggml/src/ggml-cuda/ggml-cuda.cu:900 calls=12 total_ms=5.782 avg_us=481.833 max_us=2474
   2 /opt/llama.cpp/ggml/src/ggml-cuda/ggml-cuda.cu:2665 calls=191 total_ms=0.218 avg_us=1.141 max_us=6
   3 /opt/llama.cpp/ggml/src/ggml-cuda/ggml-cuda.cu:847 calls=150 total_ms=0.114 avg_us=0.760 max_us=2
=== END CUDA SYNC PROFILE ===
backend-sync-trace: count=12700 backend=CUDA0 caller=ggml_backend_sched_graph_compute_async_ext+0xddc

=== CUDA SYNC PROFILE (instrumentation only) ===
total_syncs = 12700
total_wait_ms = 7335.323
max_wait_us = 140101
sites = 5
wait_hist_us = logarithmic buckets
  hist[0] = 11614
  hist[1] = 577
  hist[2] = 30
  hist[3] = 15
  hist[4] = 7
  hist[9] = 76
  hist[10] = 180
  hist[11] = 48
  hist[14] = 52
  hist[15] = 84
  hist[16] = 16
  hist[17] = 1
by_callsite (caller PC; symbolize with addr2line):
   0 caller=0x7cd3d6f010c2 calls=5187 total_ms=7331.099 avg_us=1413.360 max_us=140101
   1 caller=0x7cd3d6f0586c calls=4141 total_ms=1.670 avg_us=0.403 max_us=18
   2 caller=0x7cd3d6f0577c calls=1533 total_ms=1.363 avg_us=0.889 max_us=30
   3 caller=0x7cd3d6f0599d calls=1532 total_ms=0.605 avg_us=0.395 max_us=2
   4 caller=0x7cd3d6f04732 calls=307 total_ms=0.586 avg_us=1.909 max_us=17
direct_cudaStreamSynchronize: calls=5716 total_ms=28.874 max_us=2474
by_direct_callsite (file:line):
   0 /opt/llama.cpp/ggml/src/ggml-cuda/ggml-cuda.cu:839 calls=5363 total_ms=22.760 avg_us=4.244 max_us=355
   1 /opt/llama.cpp/ggml/src/ggml-cuda/ggml-cuda.cu:900 calls=12 total_ms=5.782 avg_us=481.833 max_us=2474
   2 /opt/llama.cpp/ggml/src/ggml-cuda/ggml-cuda.cu:2665 calls=191 total_ms=0.218 avg_us=1.141 max_us=6
   3 /opt/llama.cpp/ggml/src/ggml-cuda/ggml-cuda.cu:847 calls=150 total_ms=0.114 avg_us=0.760 max_us=2
=== END CUDA SYNC PROFILE ===
backend-sync-trace: count=12800 backend=CUDA0 caller=ggml_backend_sched_synchronize+0x52

=== CUDA SYNC PROFILE (instrumentation only) ===
total_syncs = 12800
total_wait_ms = 7419.259
max_wait_us = 140101
sites = 5
wait_hist_us = logarithmic buckets
  hist[0] = 11707
  hist[1] = 581
  hist[2] = 30
  hist[3] = 15
  hist[4] = 7
  hist[9] = 76
  hist[10] = 180
  hist[11] = 50
  hist[14] = 52
  hist[15] = 84
  hist[16] = 17
  hist[17] = 1
by_callsite (caller PC; symbolize with addr2line):
   0 caller=0x7cd3d6f010c2 calls=5231 total_ms=7415.006 avg_us=1417.512 max_us=140101
   1 caller=0x7cd3d6f0586c calls=4172 total_ms=1.682 avg_us=0.403 max_us=18
   2 caller=0x7cd3d6f0577c calls=1544 total_ms=1.370 avg_us=0.887 max_us=30
   3 caller=0x7cd3d6f0599d calls=1544 total_ms=0.611 avg_us=0.396 max_us=2
   4 caller=0x7cd3d6f04732 calls=309 total_ms=0.590 avg_us=1.909 max_us=17
direct_cudaStreamSynchronize: calls=5756 total_ms=29.037 max_us=2474
by_direct_callsite (file:line):
   0 /opt/llama.cpp/ggml/src/ggml-cuda/ggml-cuda.cu:839 calls=5403 total_ms=22.923 avg_us=4.243 max_us=355
   1 /opt/llama.cpp/ggml/src/ggml-cuda/ggml-cuda.cu:900 calls=12 total_ms=5.782 avg_us=481.833 max_us=2474
   2 /opt/llama.cpp/ggml/src/ggml-cuda/ggml-cuda.cu:2665 calls=191 total_ms=0.218 avg_us=1.141 max_us=6
   3 /opt/llama.cpp/ggml/src/ggml-cuda/ggml-cuda.cu:847 calls=150 total_ms=0.114 avg_us=0.760 max_us=2
=== END CUDA SYNC PROFILE ===
backend-sync-trace: count=12900 backend=CUDA0 caller=ggml_backend_sched_synchronize+0x52

=== CUDA SYNC PROFILE (instrumentation only) ===
total_syncs = 12900
total_wait_ms = 7466.034
max_wait_us = 140101
sites = 5
wait_hist_us = logarithmic buckets
  hist[0] = 11799
  hist[1] = 585
  hist[2] = 30
  hist[3] = 15
  hist[4] = 7
  hist[9] = 77
  hist[10] = 182
  hist[11] = 50
  hist[14] = 52
  hist[15] = 85
  hist[16] = 17
  hist[17] = 1
by_callsite (caller PC; symbolize with addr2line):
   0 caller=0x7cd3d6f010c2 calls=5273 total_ms=7461.750 avg_us=1415.086 max_us=140101
   1 caller=0x7cd3d6f0586c calls=4203 total_ms=1.694 avg_us=0.403 max_us=18
   2 caller=0x7cd3d6f0577c calls=1556 total_ms=1.376 avg_us=0.884 max_us=30
   3 caller=0x7cd3d6f0599d calls=1556 total_ms=0.618 avg_us=0.397 max_us=2
   4 caller=0x7cd3d6f04732 calls=312 total_ms=0.596 avg_us=1.910 max_us=17
direct_cudaStreamSynchronize: calls=5797 total_ms=29.196 max_us=2474
by_direct_callsite (file:line):
   0 /opt/llama.cpp/ggml/src/ggml-cuda/ggml-cuda.cu:839 calls=5444 total_ms=23.082 avg_us=4.240 max_us=355
   1 /opt/llama.cpp/ggml/src/ggml-cuda/ggml-cuda.cu:900 calls=12 total_ms=5.782 avg_us=481.833 max_us=2474
   2 /opt/llama.cpp/ggml/src/ggml-cuda/ggml-cuda.cu:2665 calls=191 total_ms=0.218 avg_us=1.141 max_us=6
   3 /opt/llama.cpp/ggml/src/ggml-cuda/ggml-cuda.cu:847 calls=150 total_ms=0.114 avg_us=0.760 max_us=2
=== END CUDA SYNC PROFILE ===

=== CUDA SYNC PROFILE (instrumentation only) ===
total_syncs = 12909
total_wait_ms = 7466.038
max_wait_us = 140101
sites = 5
wait_hist_us = logarithmic buckets
  hist[0] = 11808
  hist[1] = 585
  hist[2] = 30
  hist[3] = 15
  hist[4] = 7
  hist[9] = 77
  hist[10] = 182
  hist[11] = 50
  hist[14] = 52
  hist[15] = 85
  hist[16] = 17
  hist[17] = 1
by_callsite (caller PC; symbolize with addr2line):
   0 caller=0x7cd3d6f010c2 calls=5277 total_ms=7461.751 avg_us=1414.014 max_us=140101
   1 caller=0x7cd3d6f0586c calls=4204 total_ms=1.694 avg_us=0.403 max_us=18
   2 caller=0x7cd3d6f0577c calls=1558 total_ms=1.377 avg_us=0.884 max_us=30
   3 caller=0x7cd3d6f0599d calls=1558 total_ms=0.620 avg_us=0.398 max_us=2
   4 caller=0x7cd3d6f04732 calls=312 total_ms=0.596 avg_us=1.910 max_us=17
direct_cudaStreamSynchronize: calls=5800 total_ms=29.210 max_us=2474
by_direct_callsite (file:line):
   0 /opt/llama.cpp/ggml/src/ggml-cuda/ggml-cuda.cu:839 calls=5447 total_ms=23.096 avg_us=4.240 max_us=355
   1 /opt/llama.cpp/ggml/src/ggml-cuda/ggml-cuda.cu:900 calls=12 total_ms=5.782 avg_us=481.833 max_us=2474
   2 /opt/llama.cpp/ggml/src/ggml-cuda/ggml-cuda.cu:2665 calls=191 total_ms=0.218 avg_us=1.141 max_us=6
   3 /opt/llama.cpp/ggml/src/ggml-cuda/ggml-cuda.cu:847 calls=150 total_ms=0.114 avg_us=0.760 max_us=2
=== END CUDA SYNC PROFILE ===
backend-sync-trace: count=13000 backend=CUDA0 caller=ggml_backend_sched_synchronize+0x52

=== CUDA SYNC PROFILE (instrumentation only) ===
total_syncs = 13000
total_wait_ms = 7517.635
max_wait_us = 140101
sites = 5
wait_hist_us = logarithmic buckets
  hist[0] = 11892
  hist[1] = 587
  hist[2] = 31
  hist[3] = 15
  hist[4] = 7
  hist[9] = 79
  hist[10] = 183
  hist[11] = 50
  hist[14] = 52
  hist[15] = 86
  hist[16] = 17
  hist[17] = 1
by_callsite (caller PC; symbolize with addr2line):
   0 caller=0x7cd3d6f010c2 calls=5316 total_ms=7513.326 avg_us=1413.342 max_us=140101
   1 caller=0x7cd3d6f0586c calls=4234 total_ms=1.701 avg_us=0.402 max_us=18
   2 caller=0x7cd3d6f0577c calls=1568 total_ms=1.385 avg_us=0.883 max_us=30
   3 caller=0x7cd3d6f0599d calls=1568 total_ms=0.624 avg_us=0.398 max_us=2
   4 caller=0x7cd3d6f04732 calls=314 total_ms=0.599 avg_us=1.908 max_us=17
direct_cudaStreamSynchronize: calls=5838 total_ms=29.358 max_us=2474
by_direct_callsite (file:line):
   0 /opt/llama.cpp/ggml/src/ggml-cuda/ggml-cuda.cu:839 calls=5485 total_ms=23.244 avg_us=4.238 max_us=355
   1 /opt/llama.cpp/ggml/src/ggml-cuda/ggml-cuda.cu:900 calls=12 total_ms=5.782 avg_us=481.833 max_us=2474
   2 /opt/llama.cpp/ggml/src/ggml-cuda/ggml-cuda.cu:2665 calls=191 total_ms=0.218 avg_us=1.141 max_us=6
   3 /opt/llama.cpp/ggml/src/ggml-cuda/ggml-cuda.cu:847 calls=150 total_ms=0.114 avg_us=0.760 max_us=2
=== END CUDA SYNC PROFILE ===
backend-sync-trace: count=13100 backend=CUDA0 caller=ggml_backend_sched_graph_compute_async_ext+0xecc

=== CUDA SYNC PROFILE (instrumentation only) ===
total_syncs = 13100
total_wait_ms = 7571.696
max_wait_us = 140101
sites = 5
wait_hist_us = logarithmic buckets
  hist[0] = 11985
  hist[1] = 591
  hist[2] = 31
  hist[3] = 15
  hist[4] = 7
  hist[9] = 79
  hist[10] = 185
  hist[11] = 50
  hist[14] = 52
  hist[15] = 87
  hist[16] = 17
  hist[17] = 1
by_callsite (caller PC; symbolize with addr2line):
   0 caller=0x7cd3d6f010c2 calls=5358 total_ms=7567.358 avg_us=1412.348 max_us=140101
   1 caller=0x7cd3d6f0586c calls=4262 total_ms=1.710 avg_us=0.401 max_us=18
   2 caller=0x7cd3d6f0577c calls=1582 total_ms=1.395 avg_us=0.882 max_us=30
   3 caller=0x7cd3d6f0599d calls=1582 total_ms=0.630 avg_us=0.398 max_us=2
   4 caller=0x7cd3d6f04732 calls=316 total_ms=0.603 avg_us=1.908 max_us=17
direct_cudaStreamSynchronize: calls=5876 total_ms=29.510 max_us=2474
by_direct_callsite (file:line):
   0 /opt/llama.cpp/ggml/src/ggml-cuda/ggml-cuda.cu:839 calls=5523 total_ms=23.396 avg_us=4.236 max_us=355
   1 /opt/llama.cpp/ggml/src/ggml-cuda/ggml-cuda.cu:900 calls=12 total_ms=5.782 avg_us=481.833 max_us=2474
   2 /opt/llama.cpp/ggml/src/ggml-cuda/ggml-cuda.cu:2665 calls=191 total_ms=0.218 avg_us=1.141 max_us=6
   3 /opt/llama.cpp/ggml/src/ggml-cuda/ggml-cuda.cu:847 calls=150 total_ms=0.114 avg_us=0.760 max_us=2
=== END CUDA SYNC PROFILE ===

=== CUDA SYNC PROFILE (instrumentation only) ===
total_syncs = 13153
total_wait_ms = 7640.108
max_wait_us = 140101
sites = 5
wait_hist_us = logarithmic buckets
  hist[0] = 12036
  hist[1] = 592
  hist[2] = 31
  hist[3] = 15
  hist[4] = 7
  hist[9] = 79
  hist[10] = 185
  hist[11] = 50
  hist[14] = 52
  hist[15] = 87
  hist[16] = 18
  hist[17] = 1
by_callsite (caller PC; symbolize with addr2line):
   0 caller=0x7cd3d6f010c2 calls=5381 total_ms=7635.760 avg_us=1419.022 max_us=140101
   1 caller=0x7cd3d6f0586c calls=4282 total_ms=1.714 avg_us=0.400 max_us=18
   2 caller=0x7cd3d6f0577c calls=1586 total_ms=1.398 avg_us=0.881 max_us=30
   3 caller=0x7cd3d6f0599d calls=1586 total_ms=0.630 avg_us=0.397 max_us=2
   4 caller=0x7cd3d6f04732 calls=318 total_ms=0.606 avg_us=1.906 max_us=17
direct_cudaStreamSynchronize: calls=5900 total_ms=29.611 max_us=2474
by_direct_callsite (file:line):
   0 /opt/llama.cpp/ggml/src/ggml-cuda/ggml-cuda.cu:839 calls=5547 total_ms=23.497 avg_us=4.236 max_us=355
   1 /opt/llama.cpp/ggml/src/ggml-cuda/ggml-cuda.cu:900 calls=12 total_ms=5.782 avg_us=481.833 max_us=2474
   2 /opt/llama.cpp/ggml/src/ggml-cuda/ggml-cuda.cu:2665 calls=191 total_ms=0.218 avg_us=1.141 max_us=6
   3 /opt/llama.cpp/ggml/src/ggml-cuda/ggml-cuda.cu:847 calls=150 total_ms=0.114 avg_us=0.760 max_us=2
=== END CUDA SYNC PROFILE ===
backend-sync-trace: count=13200 backend=CUDA0 caller=ggml_backend_sched_graph_compute_async_ext+0xecc

=== CUDA SYNC PROFILE (instrumentation only) ===
total_syncs = 13200
total_wait_ms = 7642.820
max_wait_us = 140101
sites = 5
wait_hist_us = logarithmic buckets
  hist[0] = 12080
  hist[1] = 593
  hist[2] = 31
  hist[3] = 15
  hist[4] = 7
  hist[9] = 79
  hist[10] = 187
  hist[11] = 50
  hist[14] = 52
  hist[15] = 87
  hist[16] = 18
  hist[17] = 1
by_callsite (caller PC; symbolize with addr2line):
   0 caller=0x7cd3d6f010c2 calls=5395 total_ms=7638.457 avg_us=1415.840 max_us=140101
   1 caller=0x7cd3d6f0586c calls=4303 total_ms=1.722 avg_us=0.400 max_us=18
   2 caller=0x7cd3d6f0577c calls=1592 total_ms=1.405 avg_us=0.883 max_us=30
   3 caller=0x7cd3d6f0599d calls=1592 total_ms=0.630 avg_us=0.396 max_us=2
   4 caller=0x7cd3d6f04732 calls=318 total_ms=0.606 avg_us=1.906 max_us=17
direct_cudaStreamSynchronize: calls=5925 total_ms=29.726 max_us=2474
by_direct_callsite (file:line):
   0 /opt/llama.cpp/ggml/src/ggml-cuda/ggml-cuda.cu:839 calls=5572 total_ms=23.612 avg_us=4.238 max_us=355
   1 /opt/llama.cpp/ggml/src/ggml-cuda/ggml-cuda.cu:900 calls=12 total_ms=5.782 avg_us=481.833 max_us=2474
   2 /opt/llama.cpp/ggml/src/ggml-cuda/ggml-cuda.cu:2665 calls=191 total_ms=0.218 avg_us=1.141 max_us=6
   3 /opt/llama.cpp/ggml/src/ggml-cuda/ggml-cuda.cu:847 calls=150 total_ms=0.114 avg_us=0.760 max_us=2
=== END CUDA SYNC PROFILE ===
backend-sync-trace: count=13300 backend=CUDA0 caller=ggml_backend_sched_synchronize+0x52

=== CUDA SYNC PROFILE (instrumentation only) ===
total_syncs = 13300
total_wait_ms = 7758.246
max_wait_us = 140101
sites = 5
wait_hist_us = logarithmic buckets
  hist[0] = 12172
  hist[1] = 597
  hist[2] = 31
  hist[3] = 15
  hist[4] = 7
  hist[9] = 80
  hist[10] = 188
  hist[11] = 50
  hist[14] = 52
  hist[15] = 89
  hist[16] = 18
  hist[17] = 1
by_callsite (caller PC; symbolize with addr2line):
   0 caller=0x7cd3d6f010c2 calls=5437 total_ms=7753.857 avg_us=1426.128 max_us=140101
   1 caller=0x7cd3d6f0586c calls=4334 total_ms=1.730 avg_us=0.399 max_us=18
   2 caller=0x7cd3d6f0577c calls=1604 total_ms=1.413 avg_us=0.881 max_us=30
   3 caller=0x7cd3d6f0599d calls=1604 total_ms=0.635 avg_us=0.396 max_us=2
   4 caller=0x7cd3d6f04732 calls=321 total_ms=0.611 avg_us=1.903 max_us=17
direct_cudaStreamSynchronize: calls=5966 total_ms=29.897 max_us=2474
by_direct_callsite (file:line):
   0 /opt/llama.cpp/ggml/src/ggml-cuda/ggml-cuda.cu:839 calls=5613 total_ms=23.783 avg_us=4.237 max_us=355
   1 /opt/llama.cpp/ggml/src/ggml-cuda/ggml-cuda.cu:900 calls=12 total_ms=5.782 avg_us=481.833 max_us=2474
   2 /opt/llama.cpp/ggml/src/ggml-cuda/ggml-cuda.cu:2665 calls=191 total_ms=0.218 avg_us=1.141 max_us=6
   3 /opt/llama.cpp/ggml/src/ggml-cuda/ggml-cuda.cu:847 calls=150 total_ms=0.114 avg_us=0.760 max_us=2
=== END CUDA SYNC PROFILE ===

=== CUDA SYNC PROFILE (instrumentation only) ===
total_syncs = 13381
total_wait_ms = 7792.577
max_wait_us = 140101
sites = 5
wait_hist_us = logarithmic buckets
  hist[0] = 12248
  hist[1] = 599
  hist[2] = 31
  hist[3] = 15
  hist[4] = 7
  hist[9] = 82
  hist[10] = 188
  hist[11] = 50
  hist[14] = 53
  hist[15] = 89
  hist[16] = 18
  hist[17] = 1
by_callsite (caller PC; symbolize with addr2line):
   0 caller=0x7cd3d6f010c2 calls=5471 total_ms=7788.164 avg_us=1423.536 max_us=140101
   1 caller=0x7cd3d6f0586c calls=4359 total_ms=1.740 avg_us=0.399 max_us=18
   2 caller=0x7cd3d6f0577c calls=1614 total_ms=1.420 avg_us=0.880 max_us=30
   3 caller=0x7cd3d6f0599d calls=1614 total_ms=0.639 avg_us=0.396 max_us=2
   4 caller=0x7cd3d6f04732 calls=323 total_ms=0.614 avg_us=1.901 max_us=17
direct_cudaStreamSynchronize: calls=6000 total_ms=30.044 max_us=2474
by_direct_callsite (file:line):
   0 /opt/llama.cpp/ggml/src/ggml-cuda/ggml-cuda.cu:839 calls=5647 total_ms=23.930 avg_us=4.238 max_us=355
   1 /opt/llama.cpp/ggml/src/ggml-cuda/ggml-cuda.cu:900 calls=12 total_ms=5.782 avg_us=481.833 max_us=2474
   2 /opt/llama.cpp/ggml/src/ggml-cuda/ggml-cuda.cu:2665 calls=191 total_ms=0.218 avg_us=1.141 max_us=6
   3 /opt/llama.cpp/ggml/src/ggml-cuda/ggml-cuda.cu:847 calls=150 total_ms=0.114 avg_us=0.760 max_us=2
=== END CUDA SYNC PROFILE ===
backend-sync-trace: count=13400 backend=CUDA0 caller=ggml_backend_sched_synchronize+0x52

=== CUDA SYNC PROFILE (instrumentation only) ===
total_syncs = 13400
total_wait_ms = 7792.588
max_wait_us = 140101
sites = 5
wait_hist_us = logarithmic buckets
  hist[0] = 12267
  hist[1] = 599
  hist[2] = 31
  hist[3] = 15
  hist[4] = 7
  hist[9] = 82
  hist[10] = 188
  hist[11] = 50
  hist[14] = 53
  hist[15] = 89
  hist[16] = 18
  hist[17] = 1
by_callsite (caller PC; symbolize with addr2line):
   0 caller=0x7cd3d6f010c2 calls=5488 total_ms=7788.173 avg_us=1419.128 max_us=140101
   1 caller=0x7cd3d6f0586c calls=4361 total_ms=1.742 avg_us=0.399 max_us=18
   2 caller=0x7cd3d6f0577c calls=1614 total_ms=1.420 avg_us=0.880 max_us=30
   3 caller=0x7cd3d6f0599d calls=1614 total_ms=0.639 avg_us=0.396 max_us=2
   4 caller=0x7cd3d6f04732 calls=323 total_ms=0.614 avg_us=1.901 max_us=17
direct_cudaStreamSynchronize: calls=6001 total_ms=30.046 max_us=2474
by_direct_callsite (file:line):
   0 /opt/llama.cpp/ggml/src/ggml-cuda/ggml-cuda.cu:839 calls=5648 total_ms=23.932 avg_us=4.237 max_us=355
   1 /opt/llama.cpp/ggml/src/ggml-cuda/ggml-cuda.cu:900 calls=12 total_ms=5.782 avg_us=481.833 max_us=2474
   2 /opt/llama.cpp/ggml/src/ggml-cuda/ggml-cuda.cu:2665 calls=191 total_ms=0.218 avg_us=1.141 max_us=6
   3 /opt/llama.cpp/ggml/src/ggml-cuda/ggml-cuda.cu:847 calls=150 total_ms=0.114 avg_us=0.760 max_us=2
=== END CUDA SYNC PROFILE ===
backend-sync-trace: count=13500 backend=CUDA0 caller=ggml_backend_sched_synchronize+0x52

=== CUDA SYNC PROFILE (instrumentation only) ===
total_syncs = 13500
total_wait_ms = 7846.241
max_wait_us = 140101
sites = 5
wait_hist_us = logarithmic buckets
  hist[0] = 12359
  hist[1] = 603
  hist[2] = 31
  hist[3] = 15
  hist[4] = 7
  hist[9] = 83
  hist[10] = 189
  hist[11] = 51
  hist[14] = 53
  hist[15] = 90
  hist[16] = 18
  hist[17] = 1
by_callsite (caller PC; symbolize with addr2line):
   0 caller=0x7cd3d6f010c2 calls=5530 total_ms=7841.793 avg_us=1418.046 max_us=140101
   1 caller=0x7cd3d6f0586c calls=4392 total_ms=1.752 avg_us=0.399 max_us=18
   2 caller=0x7cd3d6f0577c calls=1626 total_ms=1.430 avg_us=0.879 max_us=30
   3 caller=0x7cd3d6f0599d calls=1626 total_ms=0.646 avg_us=0.397 max_us=2
   4 caller=0x7cd3d6f04732 calls=326 total_ms=0.620 avg_us=1.902 max_us=17
direct_cudaStreamSynchronize: calls=6042 total_ms=30.203 max_us=2474
by_direct_callsite (file:line):
   0 /opt/llama.cpp/ggml/src/ggml-cuda/ggml-cuda.cu:839 calls=5689 total_ms=24.089 avg_us=4.234 max_us=355
   1 /opt/llama.cpp/ggml/src/ggml-cuda/ggml-cuda.cu:900 calls=12 total_ms=5.782 avg_us=481.833 max_us=2474
   2 /opt/llama.cpp/ggml/src/ggml-cuda/ggml-cuda.cu:2665 calls=191 total_ms=0.218 avg_us=1.141 max_us=6
   3 /opt/llama.cpp/ggml/src/ggml-cuda/ggml-cuda.cu:847 calls=150 total_ms=0.114 avg_us=0.760 max_us=2
=== END CUDA SYNC PROFILE ===
backend-sync-trace: count=13600 backend=CUDA0 caller=ggml_backend_sched_graph_compute_async_ext+0xddc

=== CUDA SYNC PROFILE (instrumentation only) ===
total_syncs = 13600
total_wait_ms = 7897.378
max_wait_us = 140101
sites = 5
wait_hist_us = logarithmic buckets
  hist[0] = 12451
  hist[1] = 607
  hist[2] = 31
  hist[3] = 15
  hist[4] = 7
  hist[9] = 83
  hist[10] = 192
  hist[11] = 51
  hist[14] = 53
  hist[15] = 91
  hist[16] = 18
  hist[17] = 1
by_callsite (caller PC; symbolize with addr2line):
   0 caller=0x7cd3d6f010c2 calls=5568 total_ms=7892.899 avg_us=1417.547 max_us=140101
   1 caller=0x7cd3d6f0586c calls=4423 total_ms=1.762 avg_us=0.398 max_us=18
   2 caller=0x7cd3d6f0577c calls=1641 total_ms=1.440 avg_us=0.878 max_us=30
   3 caller=0x7cd3d6f0599d calls=1640 total_ms=0.653 avg_us=0.398 max_us=2
   4 caller=0x7cd3d6f04732 calls=328 total_ms=0.624 avg_us=1.902 max_us=17
direct_cudaStreamSynchronize: calls=6085 total_ms=30.394 max_us=2474
by_direct_callsite (file:line):
   0 /opt/llama.cpp/ggml/src/ggml-cuda/ggml-cuda.cu:839 calls=5732 total_ms=24.280 avg_us=4.236 max_us=355
   1 /opt/llama.cpp/ggml/src/ggml-cuda/ggml-cuda.cu:900 calls=12 total_ms=5.782 avg_us=481.833 max_us=2474
   2 /opt/llama.cpp/ggml/src/ggml-cuda/ggml-cuda.cu:2665 calls=191 total_ms=0.218 avg_us=1.141 max_us=6
   3 /opt/llama.cpp/ggml/src/ggml-cuda/ggml-cuda.cu:847 calls=150 total_ms=0.114 avg_us=0.760 max_us=2
=== END CUDA SYNC PROFILE ===

=== CUDA SYNC PROFILE (instrumentation only) ===
total_syncs = 13617
total_wait_ms = 7897.383
max_wait_us = 140101
sites = 5
wait_hist_us = logarithmic buckets
  hist[0] = 12468
  hist[1] = 607
  hist[2] = 31
  hist[3] = 15
  hist[4] = 7
  hist[9] = 83
  hist[10] = 192
  hist[11] = 51
  hist[14] = 53
  hist[15] = 91
  hist[16] = 18
  hist[17] = 1
by_callsite (caller PC; symbolize with addr2line):
   0 caller=0x7cd3d6f010c2 calls=5568 total_ms=7892.899 avg_us=1417.547 max_us=140101
   1 caller=0x7cd3d6f0586c calls=4437 total_ms=1.766 avg_us=0.398 max_us=18
   2 caller=0x7cd3d6f0577c calls=1642 total_ms=1.441 avg_us=0.878 max_us=30
   3 caller=0x7cd3d6f0599d calls=1642 total_ms=0.653 avg_us=0.398 max_us=2
   4 caller=0x7cd3d6f04732 calls=328 total_ms=0.624 avg_us=1.902 max_us=17
direct_cudaStreamSynchronize: calls=6100 total_ms=30.457 max_us=2474
by_direct_callsite (file:line):
   0 /opt/llama.cpp/ggml/src/ggml-cuda/ggml-cuda.cu:839 calls=5747 total_ms=24.343 avg_us=4.236 max_us=355
   1 /opt/llama.cpp/ggml/src/ggml-cuda/ggml-cuda.cu:900 calls=12 total_ms=5.782 avg_us=481.833 max_us=2474
   2 /opt/llama.cpp/ggml/src/ggml-cuda/ggml-cuda.cu:2665 calls=191 total_ms=0.218 avg_us=1.141 max_us=6
   3 /opt/llama.cpp/ggml/src/ggml-cuda/ggml-cuda.cu:847 calls=150 total_ms=0.114 avg_us=0.760 max_us=2
=== END CUDA SYNC PROFILE ===
backend-sync-trace: count=13700 backend=CUDA0 caller=ggml_backend_sched_graph_compute_async_ext+0xecc

=== CUDA SYNC PROFILE (instrumentation only) ===
total_syncs = 13700
total_wait_ms = 7960.920
max_wait_us = 140101
sites = 5
wait_hist_us = logarithmic buckets
  hist[0] = 12538
  hist[1] = 616
  hist[2] = 31
  hist[3] = 16
  hist[4] = 7
  hist[9] = 83
  hist[10] = 193
  hist[11] = 52
  hist[14] = 53
  hist[15] = 92
  hist[16] = 18
  hist[17] = 1
by_callsite (caller PC; symbolize with addr2line):
   0 caller=0x7cd3d6f010c2 calls=5605 total_ms=7956.385 avg_us=1419.516 max_us=140101
   1 caller=0x7cd3d6f0586c calls=4461 total_ms=1.788 avg_us=0.401 max_us=18
   2 caller=0x7cd3d6f0577c calls=1652 total_ms=1.458 avg_us=0.883 max_us=30
   3 caller=0x7cd3d6f0599d calls=1652 total_ms=0.662 avg_us=0.401 max_us=2
   4 caller=0x7cd3d6f04732 calls=330 total_ms=0.627 avg_us=1.900 max_us=17
direct_cudaStreamSynchronize: calls=6131 total_ms=30.604 max_us=2474
by_direct_callsite (file:line):
   0 /opt/llama.cpp/ggml/src/ggml-cuda/ggml-cuda.cu:839 calls=5778 total_ms=24.490 avg_us=4.238 max_us=355
   1 /opt/llama.cpp/ggml/src/ggml-cuda/ggml-cuda.cu:900 calls=12 total_ms=5.782 avg_us=481.833 max_us=2474
   2 /opt/llama.cpp/ggml/src/ggml-cuda/ggml-cuda.cu:2665 calls=191 total_ms=0.218 avg_us=1.141 max_us=6
   3 /opt/llama.cpp/ggml/src/ggml-cuda/ggml-cuda.cu:847 calls=150 total_ms=0.114 avg_us=0.760 max_us=2
=== END CUDA SYNC PROFILE ===
backend-sync-trace: count=13800 backend=CUDA0 caller=ggml_backend_sched_graph_compute_async_ext+0xecc

=== CUDA SYNC PROFILE (instrumentation only) ===
total_syncs = 13800
total_wait_ms = 8099.951
max_wait_us = 140101
sites = 5
wait_hist_us = logarithmic buckets
  hist[0] = 12631
  hist[1] = 619
  hist[2] = 31
  hist[3] = 16
  hist[4] = 7
  hist[9] = 83
  hist[10] = 193
  hist[11] = 54
  hist[14] = 53
  hist[15] = 93
  hist[16] = 19
  hist[17] = 1
by_callsite (caller PC; symbolize with addr2line):
   0 caller=0x7cd3d6f010c2 calls=5644 total_ms=8095.381 avg_us=1434.334 max_us=140101
   1 caller=0x7cd3d6f0586c calls=4495 total_ms=1.808 avg_us=0.402 max_us=18
   2 caller=0x7cd3d6f0577c calls=1664 total_ms=1.466 avg_us=0.881 max_us=30
   3 caller=0x7cd3d6f0599d calls=1664 total_ms=0.664 avg_us=0.399 max_us=2
   4 caller=0x7cd3d6f04732 calls=333 total_ms=0.632 avg_us=1.898 max_us=17
direct_cudaStreamSynchronize: calls=6175 total_ms=30.778 max_us=2474
by_direct_callsite (file:line):
   0 /opt/llama.cpp/ggml/src/ggml-cuda/ggml-cuda.cu:839 calls=5822 total_ms=24.664 avg_us=4.236 max_us=355
   1 /opt/llama.cpp/ggml/src/ggml-cuda/ggml-cuda.cu:900 calls=12 total_ms=5.782 avg_us=481.833 max_us=2474
   2 /opt/llama.cpp/ggml/src/ggml-cuda/ggml-cuda.cu:2665 calls=191 total_ms=0.218 avg_us=1.141 max_us=6
   3 /opt/llama.cpp/ggml/src/ggml-cuda/ggml-cuda.cu:847 calls=150 total_ms=0.114 avg_us=0.760 max_us=2
=== END CUDA SYNC PROFILE ===

=== CUDA SYNC PROFILE (instrumentation only) ===
total_syncs = 13870
total_wait_ms = 8102.995
max_wait_us = 140101
sites = 5
wait_hist_us = logarithmic buckets
  hist[0] = 12697
  hist[1] = 621
  hist[2] = 31
  hist[3] = 16
  hist[4] = 7
  hist[9] = 83
  hist[10] = 195
  hist[11] = 54
  hist[14] = 53
  hist[15] = 93
  hist[16] = 19
  hist[17] = 1
by_callsite (caller PC; symbolize with addr2line):
   0 caller=0x7cd3d6f010c2 calls=5679 total_ms=8098.407 avg_us=1426.027 max_us=140101
   1 caller=0x7cd3d6f0586c calls=4513 total_ms=1.815 avg_us=0.402 max_us=18
   2 caller=0x7cd3d6f0577c calls=1672 total_ms=1.474 avg_us=0.882 max_us=30
   3 caller=0x7cd3d6f0599d calls=1672 total_ms=0.665 avg_us=0.398 max_us=2
   4 caller=0x7cd3d6f04732 calls=334 total_ms=0.634 avg_us=1.898 max_us=17
direct_cudaStreamSynchronize: calls=6200 total_ms=30.879 max_us=2474
by_direct_callsite (file:line):
   0 /opt/llama.cpp/ggml/src/ggml-cuda/ggml-cuda.cu:839 calls=5847 total_ms=24.765 avg_us=4.236 max_us=355
   1 /opt/llama.cpp/ggml/src/ggml-cuda/ggml-cuda.cu:900 calls=12 total_ms=5.782 avg_us=481.833 max_us=2474
   2 /opt/llama.cpp/ggml/src/ggml-cuda/ggml-cuda.cu:2665 calls=191 total_ms=0.218 avg_us=1.141 max_us=6
   3 /opt/llama.cpp/ggml/src/ggml-cuda/ggml-cuda.cu:847 calls=150 total_ms=0.114 avg_us=0.760 max_us=2
=== END CUDA SYNC PROFILE ===
backend-sync-trace: count=13900 backend=CUDA0 caller=ggml_backend_sched_synchronize+0x52

=== CUDA SYNC PROFILE (instrumentation only) ===
total_syncs = 13900
total_wait_ms = 8146.825
max_wait_us = 140101
sites = 5
wait_hist_us = logarithmic buckets
  hist[0] = 12724
  hist[1] = 623
  hist[2] = 31
  hist[3] = 16
  hist[4] = 7
  hist[9] = 83
  hist[10] = 195
  hist[11] = 54
  hist[14] = 53
  hist[15] = 94
  hist[16] = 19
  hist[17] = 1
by_callsite (caller PC; symbolize with addr2line):
   0 caller=0x7cd3d6f010c2 calls=5694 total_ms=8142.231 avg_us=1429.967 max_us=140101
   1 caller=0x7cd3d6f0586c calls=4523 total_ms=1.818 avg_us=0.402 max_us=18
   2 caller=0x7cd3d6f0577c calls=1674 total_ms=1.475 avg_us=0.881 max_us=30
   3 caller=0x7cd3d6f0599d calls=1674 total_ms=0.665 avg_us=0.397 max_us=2
   4 caller=0x7cd3d6f04732 calls=335 total_ms=0.636 avg_us=1.899 max_us=17
direct_cudaStreamSynchronize: calls=6211 total_ms=30.921 max_us=2474
by_direct_callsite (file:line):
   0 /opt/llama.cpp/ggml/src/ggml-cuda/ggml-cuda.cu:839 calls=5858 total_ms=24.807 avg_us=4.235 max_us=355
   1 /opt/llama.cpp/ggml/src/ggml-cuda/ggml-cuda.cu:900 calls=12 total_ms=5.782 avg_us=481.833 max_us=2474
   2 /opt/llama.cpp/ggml/src/ggml-cuda/ggml-cuda.cu:2665 calls=191 total_ms=0.218 avg_us=1.141 max_us=6
   3 /opt/llama.cpp/ggml/src/ggml-cuda/ggml-cuda.cu:847 calls=150 total_ms=0.114 avg_us=0.760 max_us=2
=== END CUDA SYNC PROFILE ===
backend-sync-trace: count=14000 backend=CUDA0 caller=ggml_backend_sched_graph_compute_async_ext+0xecc

=== CUDA SYNC PROFILE (instrumentation only) ===
total_syncs = 14000
total_wait_ms = 8210.672
max_wait_us = 140101
sites = 5
wait_hist_us = logarithmic buckets
  hist[0] = 12815
  hist[1] = 628
  hist[2] = 31
  hist[3] = 16
  hist[4] = 7
  hist[9] = 83
  hist[10] = 198
  hist[11] = 54
  hist[14] = 53
  hist[15] = 95
  hist[16] = 19
  hist[17] = 1
by_callsite (caller PC; symbolize with addr2line):
   0 caller=0x7cd3d6f010c2 calls=5728 total_ms=8206.045 avg_us=1432.620 max_us=140101
   1 caller=0x7cd3d6f0586c calls=4558 total_ms=1.827 avg_us=0.401 max_us=18
   2 caller=0x7cd3d6f0577c calls=1688 total_ms=1.488 avg_us=0.882 max_us=30
   3 caller=0x7cd3d6f0599d calls=1688 total_ms=0.669 avg_us=0.396 max_us=2
   4 caller=0x7cd3d6f04732 calls=338 total_ms=0.643 avg_us=1.902 max_us=17
direct_cudaStreamSynchronize: calls=6257 total_ms=31.096 max_us=2474
by_direct_callsite (file:line):
   0 /opt/llama.cpp/ggml/src/ggml-cuda/ggml-cuda.cu:839 calls=5904 total_ms=24.982 avg_us=4.231 max_us=355
   1 /opt/llama.cpp/ggml/src/ggml-cuda/ggml-cuda.cu:900 calls=12 total_ms=5.782 avg_us=481.833 max_us=2474
   2 /opt/llama.cpp/ggml/src/ggml-cuda/ggml-cuda.cu:2665 calls=191 total_ms=0.218 avg_us=1.141 max_us=6
   3 /opt/llama.cpp/ggml/src/ggml-cuda/ggml-cuda.cu:847 calls=150 total_ms=0.114 avg_us=0.760 max_us=2
=== END CUDA SYNC PROFILE ===
backend-sync-trace: count=14100 backend=CUDA0 caller=ggml_backend_sched_graph_compute_async_ext+0xddc

=== CUDA SYNC PROFILE (instrumentation only) ===
total_syncs = 14100
total_wait_ms = 8260.532
max_wait_us = 140101
sites = 5
wait_hist_us = logarithmic buckets
  hist[0] = 12907
  hist[1] = 632
  hist[2] = 31
  hist[3] = 16
  hist[4] = 7
  hist[9] = 84
  hist[10] = 200
  hist[11] = 54
  hist[14] = 53
  hist[15] = 96
  hist[16] = 19
  hist[17] = 1
by_callsite (caller PC; symbolize with addr2line):
   0 caller=0x7cd3d6f010c2 calls=5772 total_ms=8255.876 avg_us=1430.332 max_us=140101
   1 caller=0x7cd3d6f0586c calls=4585 total_ms=1.834 avg_us=0.400 max_us=18
   2 caller=0x7cd3d6f0577c calls=1702 total_ms=1.499 avg_us=0.881 max_us=30
   3 caller=0x7cd3d6f0599d calls=1701 total_ms=0.676 avg_us=0.397 max_us=2
   4 caller=0x7cd3d6f04732 calls=340 total_ms=0.647 avg_us=1.903 max_us=17
direct_cudaStreamSynchronize: calls=6295 total_ms=31.252 max_us=2474
by_direct_callsite (file:line):
   0 /opt/llama.cpp/ggml/src/ggml-cuda/ggml-cuda.cu:839 calls=5942 total_ms=25.138 avg_us=4.231 max_us=355
   1 /opt/llama.cpp/ggml/src/ggml-cuda/ggml-cuda.cu:900 calls=12 total_ms=5.782 avg_us=481.833 max_us=2474
   2 /opt/llama.cpp/ggml/src/ggml-cuda/ggml-cuda.cu:2665 calls=191 total_ms=0.218 avg_us=1.141 max_us=6
   3 /opt/llama.cpp/ggml/src/ggml-cuda/ggml-cuda.cu:847 calls=150 total_ms=0.114 avg_us=0.760 max_us=2
=== END CUDA SYNC PROFILE ===

=== CUDA SYNC PROFILE (instrumentation only) ===
total_syncs = 14105
total_wait_ms = 8260.535
max_wait_us = 140101
sites = 5
wait_hist_us = logarithmic buckets
  hist[0] = 12912
  hist[1] = 632
  hist[2] = 31
  hist[3] = 16
  hist[4] = 7
  hist[9] = 84
  hist[10] = 200
  hist[11] = 54
  hist[14] = 53
  hist[15] = 96
  hist[16] = 19
  hist[17] = 1
by_callsite (caller PC; symbolize with addr2line):
   0 caller=0x7cd3d6f010c2 calls=5772 total_ms=8255.876 avg_us=1430.332 max_us=140101
   1 caller=0x7cd3d6f0586c calls=4589 total_ms=1.836 avg_us=0.400 max_us=18
   2 caller=0x7cd3d6f0577c calls=1702 total_ms=1.499 avg_us=0.881 max_us=30
   3 caller=0x7cd3d6f0599d calls=1702 total_ms=0.677 avg_us=0.398 max_us=2
   4 caller=0x7cd3d6f04732 calls=340 total_ms=0.647 avg_us=1.903 max_us=17
direct_cudaStreamSynchronize: calls=6300 total_ms=31.287 max_us=2474
by_direct_callsite (file:line):
   0 /opt/llama.cpp/ggml/src/ggml-cuda/ggml-cuda.cu:839 calls=5947 total_ms=25.173 avg_us=4.233 max_us=355
   1 /opt/llama.cpp/ggml/src/ggml-cuda/ggml-cuda.cu:900 calls=12 total_ms=5.782 avg_us=481.833 max_us=2474
   2 /opt/llama.cpp/ggml/src/ggml-cuda/ggml-cuda.cu:2665 calls=191 total_ms=0.218 avg_us=1.141 max_us=6
   3 /opt/llama.cpp/ggml/src/ggml-cuda/ggml-cuda.cu:847 calls=150 total_ms=0.114 avg_us=0.760 max_us=2
=== END CUDA SYNC PROFILE ===
backend-sync-trace: count=14200 backend=CUDA0 caller=ggml_backend_sched_graph_compute_async_ext+0xecc

=== CUDA SYNC PROFILE (instrumentation only) ===
total_syncs = 14200
total_wait_ms = 8302.483
max_wait_us = 140101
sites = 5
wait_hist_us = logarithmic buckets
  hist[0] = 13001
  hist[1] = 635
  hist[2] = 31
  hist[3] = 16
  hist[4] = 7
  hist[9] = 84
  hist[10] = 201
  hist[11] = 55
  hist[14] = 53
  hist[15] = 97
  hist[16] = 19
  hist[17] = 1
by_callsite (caller PC; symbolize with addr2line):
   0 caller=0x7cd3d6f010c2 calls=5809 total_ms=8297.794 avg_us=1428.438 max_us=140101
   1 caller=0x7cd3d6f0586c calls=4625 total_ms=1.850 avg_us=0.400 max_us=18
   2 caller=0x7cd3d6f0577c calls=1712 total_ms=1.510 avg_us=0.882 max_us=30
   3 caller=0x7cd3d6f0599d calls=1712 total_ms=0.678 avg_us=0.396 max_us=2
   4 caller=0x7cd3d6f04732 calls=342 total_ms=0.651 avg_us=1.904 max_us=17
direct_cudaStreamSynchronize: calls=6343 total_ms=31.461 max_us=2474
by_direct_callsite (file:line):
   0 /opt/llama.cpp/ggml/src/ggml-cuda/ggml-cuda.cu:839 calls=5990 total_ms=25.347 avg_us=4.232 max_us=355
   1 /opt/llama.cpp/ggml/src/ggml-cuda/ggml-cuda.cu:900 calls=12 total_ms=5.782 avg_us=481.833 max_us=2474
   2 /opt/llama.cpp/ggml/src/ggml-cuda/ggml-cuda.cu:2665 calls=191 total_ms=0.218 avg_us=1.141 max_us=6
   3 /opt/llama.cpp/ggml/src/ggml-cuda/ggml-cuda.cu:847 calls=150 total_ms=0.114 avg_us=0.760 max_us=2
=== END CUDA SYNC PROFILE ===
backend-sync-trace: count=14300 backend=CUDA0 caller=ggml_backend_sched_synchronize+0x52

=== CUDA SYNC PROFILE (instrumentation only) ===
total_syncs = 14300
total_wait_ms = 8448.363
max_wait_us = 140101
sites = 5
wait_hist_us = logarithmic buckets
  hist[0] = 13094
  hist[1] = 638
  hist[2] = 31
  hist[3] = 16
  hist[4] = 7
  hist[9] = 84
  hist[10] = 202
  hist[11] = 56
  hist[14] = 53
  hist[15] = 98
  hist[16] = 20
  hist[17] = 1
by_callsite (caller PC; symbolize with addr2line):
   0 caller=0x7cd3d6f010c2 calls=5849 total_ms=8443.643 avg_us=1443.605 max_us=140101
   1 caller=0x7cd3d6f0586c calls=4658 total_ms=1.861 avg_us=0.400 max_us=18
   2 caller=0x7cd3d6f0577c calls=1724 total_ms=1.518 avg_us=0.881 max_us=30
   3 caller=0x7cd3d6f0599d calls=1724 total_ms=0.685 avg_us=0.397 max_us=2
   4 caller=0x7cd3d6f04732 calls=345 total_ms=0.656 avg_us=1.901 max_us=17
direct_cudaStreamSynchronize: calls=6386 total_ms=31.632 max_us=2474
by_direct_callsite (file:line):
   0 /opt/llama.cpp/ggml/src/ggml-cuda/ggml-cuda.cu:839 calls=6033 total_ms=25.518 avg_us=4.230 max_us=355
   1 /opt/llama.cpp/ggml/src/ggml-cuda/ggml-cuda.cu:900 calls=12 total_ms=5.782 avg_us=481.833 max_us=2474
   2 /opt/llama.cpp/ggml/src/ggml-cuda/ggml-cuda.cu:2665 calls=191 total_ms=0.218 avg_us=1.141 max_us=6
   3 /opt/llama.cpp/ggml/src/ggml-cuda/ggml-cuda.cu:847 calls=150 total_ms=0.114 avg_us=0.760 max_us=2
=== END CUDA SYNC PROFILE ===
1.12.891.141 I slot print_timing: id  0 | task 0 | n_gen =    404, tg =  44.33 t/s, tg_3s =  44.31 t/s

=== CUDA SYNC PROFILE (instrumentation only) ===
total_syncs = 14349
total_wait_ms = 8450.523
max_wait_us = 140101
sites = 5
wait_hist_us = logarithmic buckets
  hist[0] = 13139
  hist[1] = 640
  hist[2] = 31
  hist[3] = 16
  hist[4] = 7
  hist[9] = 85
  hist[10] = 203
  hist[11] = 56
  hist[14] = 53
  hist[15] = 98
  hist[16] = 20
  hist[17] = 1
by_callsite (caller PC; symbolize with addr2line):
   0 caller=0x7cd3d6f010c2 calls=5877 total_ms=8445.792 avg_us=1437.092 max_us=140101
   1 caller=0x7cd3d6f0586c calls=4666 total_ms=1.863 avg_us=0.399 max_us=18
   2 caller=0x7cd3d6f0577c calls=1730 total_ms=1.524 avg_us=0.881 max_us=30
   3 caller=0x7cd3d6f0599d calls=1730 total_ms=0.686 avg_us=0.397 max_us=2
   4 caller=0x7cd3d6f04732 calls=346 total_ms=0.658 avg_us=1.902 max_us=17
direct_cudaStreamSynchronize: calls=6400 total_ms=31.680 max_us=2474
by_direct_callsite (file:line):
   0 /opt/llama.cpp/ggml/src/ggml-cuda/ggml-cuda.cu:839 calls=6047 total_ms=25.566 avg_us=4.228 max_us=355
   1 /opt/llama.cpp/ggml/src/ggml-cuda/ggml-cuda.cu:900 calls=12 total_ms=5.782 avg_us=481.833 max_us=2474
   2 /opt/llama.cpp/ggml/src/ggml-cuda/ggml-cuda.cu:2665 calls=191 total_ms=0.218 avg_us=1.141 max_us=6
   3 /opt/llama.cpp/ggml/src/ggml-cuda/ggml-cuda.cu:847 calls=150 total_ms=0.114 avg_us=0.760 max_us=2
=== END CUDA SYNC PROFILE ===
backend-sync-trace: count=14400 backend=CUDA0 caller=ggml_backend_sched_graph_compute_async_ext+0xecc

=== CUDA SYNC PROFILE (instrumentation only) ===
total_syncs = 14400
total_wait_ms = 8498.587
max_wait_us = 140101
sites = 5
wait_hist_us = logarithmic buckets
  hist[0] = 13187
  hist[1] = 642
  hist[2] = 31
  hist[3] = 16
  hist[4] = 7
  hist[9] = 85
  hist[10] = 203
  hist[11] = 56
  hist[14] = 53
  hist[15] = 99
  hist[16] = 20
  hist[17] = 1
by_callsite (caller PC; symbolize with addr2line):
   0 caller=0x7cd3d6f010c2 calls=5894 total_ms=8493.837 avg_us=1441.099 max_us=140101
   1 caller=0x7cd3d6f0586c calls=4686 total_ms=1.871 avg_us=0.399 max_us=18
   2 caller=0x7cd3d6f0577c calls=1736 total_ms=1.528 avg_us=0.880 max_us=30
   3 caller=0x7cd3d6f0599d calls=1736 total_ms=0.689 avg_us=0.397 max_us=2
   4 caller=0x7cd3d6f04732 calls=348 total_ms=0.662 avg_us=1.902 max_us=17
direct_cudaStreamSynchronize: calls=6423 total_ms=31.781 max_us=2474
by_direct_callsite (file:line):
   0 /opt/llama.cpp/ggml/src/ggml-cuda/ggml-cuda.cu:839 calls=6070 total_ms=25.667 avg_us=4.229 max_us=355
   1 /opt/llama.cpp/ggml/src/ggml-cuda/ggml-cuda.cu:900 calls=12 total_ms=5.782 avg_us=481.833 max_us=2474
   2 /opt/llama.cpp/ggml/src/ggml-cuda/ggml-cuda.cu:2665 calls=191 total_ms=0.218 avg_us=1.141 max_us=6
   3 /opt/llama.cpp/ggml/src/ggml-cuda/ggml-cuda.cu:847 calls=150 total_ms=0.114 avg_us=0.760 max_us=2
=== END CUDA SYNC PROFILE ===
backend-sync-trace: count=14500 backend=CUDA0 caller=ggml_backend_sched_graph_compute_async_ext+0xffd

=== CUDA SYNC PROFILE (instrumentation only) ===
total_syncs = 14500
total_wait_ms = 8536.761
max_wait_us = 140101
sites = 5
wait_hist_us = logarithmic buckets
  hist[0] = 13280
  hist[1] = 645
  hist[2] = 31
  hist[3] = 16
  hist[4] = 7
  hist[9] = 85
  hist[10] = 206
  hist[11] = 56
  hist[14] = 53
  hist[15] = 100
  hist[16] = 20
  hist[17] = 1
by_callsite (caller PC; symbolize with addr2line):
   0 caller=0x7cd3d6f010c2 calls=5938 total_ms=8531.982 avg_us=1436.844 max_us=140101
   1 caller=0x7cd3d6f0586c calls=4716 total_ms=1.881 avg_us=0.399 max_us=18
   2 caller=0x7cd3d6f0577c calls=1748 total_ms=1.537 avg_us=0.879 max_us=30
   3 caller=0x7cd3d6f0599d calls=1748 total_ms=0.696 avg_us=0.398 max_us=2
   4 caller=0x7cd3d6f04732 calls=350 total_ms=0.665 avg_us=1.900 max_us=17
direct_cudaStreamSynchronize: calls=6463 total_ms=31.932 max_us=2474
by_direct_callsite (file:line):
   0 /opt/llama.cpp/ggml/src/ggml-cuda/ggml-cuda.cu:839 calls=6110 total_ms=25.818 avg_us=4.226 max_us=355
   1 /opt/llama.cpp/ggml/src/ggml-cuda/ggml-cuda.cu:900 calls=12 total_ms=5.782 avg_us=481.833 max_us=2474
   2 /opt/llama.cpp/ggml/src/ggml-cuda/ggml-cuda.cu:2665 calls=191 total_ms=0.218 avg_us=1.141 max_us=6
   3 /opt/llama.cpp/ggml/src/ggml-cuda/ggml-cuda.cu:847 calls=150 total_ms=0.114 avg_us=0.760 max_us=2
=== END CUDA SYNC PROFILE ===

=== CUDA SYNC PROFILE (instrumentation only) ===
total_syncs = 14575
total_wait_ms = 8591.946
max_wait_us = 140101
sites = 5
wait_hist_us = logarithmic buckets
  hist[0] = 13346
  hist[1] = 650
  hist[2] = 32
  hist[3] = 16
  hist[4] = 7
  hist[9] = 86
  hist[10] = 207
  hist[11] = 56
  hist[14] = 53
  hist[15] = 101
  hist[16] = 20
  hist[17] = 1
by_callsite (caller PC; symbolize with addr2line):
   0 caller=0x7cd3d6f010c2 calls=5963 total_ms=8587.135 avg_us=1440.070 max_us=140101
   1 caller=0x7cd3d6f0586c calls=4744 total_ms=1.898 avg_us=0.400 max_us=18
   2 caller=0x7cd3d6f0577c calls=1758 total_ms=1.543 avg_us=0.878 max_us=30
   3 caller=0x7cd3d6f0599d calls=1758 total_ms=0.701 avg_us=0.399 max_us=2
   4 caller=0x7cd3d6f04732 calls=352 total_ms=0.669 avg_us=1.901 max_us=17
direct_cudaStreamSynchronize: calls=6500 total_ms=32.077 max_us=2474
by_direct_callsite (file:line):
   0 /opt/llama.cpp/ggml/src/ggml-cuda/ggml-cuda.cu:839 calls=6147 total_ms=25.963 avg_us=4.224 max_us=355
   1 /opt/llama.cpp/ggml/src/ggml-cuda/ggml-cuda.cu:900 calls=12 total_ms=5.782 avg_us=481.833 max_us=2474
   2 /opt/llama.cpp/ggml/src/ggml-cuda/ggml-cuda.cu:2665 calls=191 total_ms=0.218 avg_us=1.141 max_us=6
   3 /opt/llama.cpp/ggml/src/ggml-cuda/ggml-cuda.cu:847 calls=150 total_ms=0.114 avg_us=0.760 max_us=2
=== END CUDA SYNC PROFILE ===
backend-sync-trace: count=14600 backend=CUDA0 caller=ggml_backend_sched_graph_compute_async_ext+0xecc

=== CUDA SYNC PROFILE (instrumentation only) ===
total_syncs = 14600
total_wait_ms = 8594.005
max_wait_us = 140101
sites = 5
wait_hist_us = logarithmic buckets
  hist[0] = 13369
  hist[1] = 651
  hist[2] = 32
  hist[3] = 16
  hist[4] = 7
  hist[9] = 86
  hist[10] = 208
  hist[11] = 56
  hist[14] = 53
  hist[15] = 101
  hist[16] = 20
  hist[17] = 1
by_callsite (caller PC; symbolize with addr2line):
   0 caller=0x7cd3d6f010c2 calls=5970 total_ms=8589.181 avg_us=1438.724 max_us=140101
   1 caller=0x7cd3d6f0586c calls=4754 total_ms=1.903 avg_us=0.400 max_us=18
   2 caller=0x7cd3d6f0577c calls=1762 total_ms=1.549 avg_us=0.879 max_us=30
   3 caller=0x7cd3d6f0599d calls=1762 total_ms=0.703 avg_us=0.399 max_us=2
   4 caller=0x7cd3d6f04732 calls=352 total_ms=0.669 avg_us=1.901 max_us=17
direct_cudaStreamSynchronize: calls=6512 total_ms=32.130 max_us=2474
by_direct_callsite (file:line):
   0 /opt/llama.cpp/ggml/src/ggml-cuda/ggml-cuda.cu:839 calls=6159 total_ms=26.016 avg_us=4.224 max_us=355
   1 /opt/llama.cpp/ggml/src/ggml-cuda/ggml-cuda.cu:900 calls=12 total_ms=5.782 avg_us=481.833 max_us=2474
   2 /opt/llama.cpp/ggml/src/ggml-cuda/ggml-cuda.cu:2665 calls=191 total_ms=0.218 avg_us=1.141 max_us=6
   3 /opt/llama.cpp/ggml/src/ggml-cuda/ggml-cuda.cu:847 calls=150 total_ms=0.114 avg_us=0.760 max_us=2
=== END CUDA SYNC PROFILE ===
backend-sync-trace: count=14700 backend=CUDA0 caller=ggml_backend_sched_synchronize+0x52

=== CUDA SYNC PROFILE (instrumentation only) ===
total_syncs = 14700
total_wait_ms = 8705.976
max_wait_us = 140101
sites = 5
wait_hist_us = logarithmic buckets
  hist[0] = 13459
  hist[1] = 657
  hist[2] = 32
  hist[3] = 16
  hist[4] = 7
  hist[9] = 87
  hist[10] = 209
  hist[11] = 56
  hist[14] = 53
  hist[15] = 102
  hist[16] = 21
  hist[17] = 1
by_callsite (caller PC; symbolize with addr2line):
   0 caller=0x7cd3d6f010c2 calls=6004 total_ms=8701.118 avg_us=1449.220 max_us=140101
   1 caller=0x7cd3d6f0586c calls=4793 total_ms=1.916 avg_us=0.400 max_us=18
   2 caller=0x7cd3d6f0577c calls=1774 total_ms=1.558 avg_us=0.878 max_us=30
   3 caller=0x7cd3d6f0599d calls=1774 total_ms=0.709 avg_us=0.400 max_us=2
   4 caller=0x7cd3d6f04732 calls=355 total_ms=0.675 avg_us=1.901 max_us=17
direct_cudaStreamSynchronize: calls=6561 total_ms=32.320 max_us=2474
by_direct_callsite (file:line):
   0 /opt/llama.cpp/ggml/src/ggml-cuda/ggml-cuda.cu:839 calls=6208 total_ms=26.206 avg_us=4.221 max_us=355
   1 /opt/llama.cpp/ggml/src/ggml-cuda/ggml-cuda.cu:900 calls=12 total_ms=5.782 avg_us=481.833 max_us=2474
   2 /opt/llama.cpp/ggml/src/ggml-cuda/ggml-cuda.cu:2665 calls=191 total_ms=0.218 avg_us=1.141 max_us=6
   3 /opt/llama.cpp/ggml/src/ggml-cuda/ggml-cuda.cu:847 calls=150 total_ms=0.114 avg_us=0.760 max_us=2
=== END CUDA SYNC PROFILE ===

=== CUDA SYNC PROFILE (instrumentation only) ===
total_syncs = 14795
total_wait_ms = 8746.016
max_wait_us = 140101
sites = 5
wait_hist_us = logarithmic buckets
  hist[0] = 13547
  hist[1] = 661
  hist[2] = 32
  hist[3] = 16
  hist[4] = 7
  hist[9] = 89
  hist[10] = 209
  hist[11] = 56
  hist[14] = 53
  hist[15] = 103
  hist[16] = 21
  hist[17] = 1
by_callsite (caller PC; symbolize with addr2line):
   0 caller=0x7cd3d6f010c2 calls=6043 total_ms=8741.126 avg_us=1446.488 max_us=140101
   1 caller=0x7cd3d6f0586c calls=4822 total_ms=1.929 avg_us=0.400 max_us=18
   2 caller=0x7cd3d6f0577c calls=1786 total_ms=1.566 avg_us=0.877 max_us=30
   3 caller=0x7cd3d6f0599d calls=1786 total_ms=0.714 avg_us=0.400 max_us=2
   4 caller=0x7cd3d6f04732 calls=358 total_ms=0.681 avg_us=1.902 max_us=17
direct_cudaStreamSynchronize: calls=6600 total_ms=32.475 max_us=2474
by_direct_callsite (file:line):
   0 /opt/llama.cpp/ggml/src/ggml-cuda/ggml-cuda.cu:839 calls=6247 total_ms=26.361 avg_us=4.220 max_us=355
   1 /opt/llama.cpp/ggml/src/ggml-cuda/ggml-cuda.cu:900 calls=12 total_ms=5.782 avg_us=481.833 max_us=2474
   2 /opt/llama.cpp/ggml/src/ggml-cuda/ggml-cuda.cu:2665 calls=191 total_ms=0.218 avg_us=1.141 max_us=6
   3 /opt/llama.cpp/ggml/src/ggml-cuda/ggml-cuda.cu:847 calls=150 total_ms=0.114 avg_us=0.760 max_us=2
=== END CUDA SYNC PROFILE ===
backend-sync-trace: count=14800 backend=CUDA0 caller=ggml_backend_sched_synchronize+0x52

=== CUDA SYNC PROFILE (instrumentation only) ===
total_syncs = 14800
total_wait_ms = 8746.948
max_wait_us = 140101
sites = 5
wait_hist_us = logarithmic buckets
  hist[0] = 13551
  hist[1] = 661
  hist[2] = 32
  hist[3] = 16
  hist[4] = 7
  hist[9] = 90
  hist[10] = 209
  hist[11] = 56
  hist[14] = 53
  hist[15] = 103
  hist[16] = 21
  hist[17] = 1
by_callsite (caller PC; symbolize with addr2line):
   0 caller=0x7cd3d6f010c2 calls=6046 total_ms=8742.058 avg_us=1445.924 max_us=140101
   1 caller=0x7cd3d6f0586c calls=4824 total_ms=1.929 avg_us=0.400 max_us=18
   2 caller=0x7cd3d6f0577c calls=1786 total_ms=1.566 avg_us=0.877 max_us=30
   3 caller=0x7cd3d6f0599d calls=1786 total_ms=0.714 avg_us=0.400 max_us=2
   4 caller=0x7cd3d6f04732 calls=358 total_ms=0.681 avg_us=1.902 max_us=17
direct_cudaStreamSynchronize: calls=6602 total_ms=32.480 max_us=2474
by_direct_callsite (file:line):
   0 /opt/llama.cpp/ggml/src/ggml-cuda/ggml-cuda.cu:839 calls=6249 total_ms=26.366 avg_us=4.219 max_us=355
   1 /opt/llama.cpp/ggml/src/ggml-cuda/ggml-cuda.cu:900 calls=12 total_ms=5.782 avg_us=481.833 max_us=2474
   2 /opt/llama.cpp/ggml/src/ggml-cuda/ggml-cuda.cu:2665 calls=191 total_ms=0.218 avg_us=1.141 max_us=6
   3 /opt/llama.cpp/ggml/src/ggml-cuda/ggml-cuda.cu:847 calls=150 total_ms=0.114 avg_us=0.760 max_us=2
=== END CUDA SYNC PROFILE ===
backend-sync-trace: count=14900 backend=CUDA0 caller=ggml_backend_sched_synchronize+0x52

=== CUDA SYNC PROFILE (instrumentation only) ===
total_syncs = 14900
total_wait_ms = 8778.388
max_wait_us = 140101
sites = 5
wait_hist_us = logarithmic buckets
  hist[0] = 13645
  hist[1] = 663
  hist[2] = 32
  hist[3] = 16
  hist[4] = 7
  hist[9] = 92
  hist[10] = 210
  hist[11] = 56
  hist[14] = 54
  hist[15] = 103
  hist[16] = 21
  hist[17] = 1
by_callsite (caller PC; symbolize with addr2line):
   0 caller=0x7cd3d6f010c2 calls=6089 total_ms=8773.468 avg_us=1440.872 max_us=140101
   1 caller=0x7cd3d6f0586c calls=4855 total_ms=1.942 avg_us=0.400 max_us=18
   2 caller=0x7cd3d6f0577c calls=1798 total_ms=1.573 avg_us=0.875 max_us=30
   3 caller=0x7cd3d6f0599d calls=1798 total_ms=0.721 avg_us=0.401 max_us=2
   4 caller=0x7cd3d6f04732 calls=360 total_ms=0.684 avg_us=1.900 max_us=17
direct_cudaStreamSynchronize: calls=6643 total_ms=32.681 max_us=2474
by_direct_callsite (file:line):
   0 /opt/llama.cpp/ggml/src/ggml-cuda/ggml-cuda.cu:839 calls=6290 total_ms=26.567 avg_us=4.224 max_us=355
   1 /opt/llama.cpp/ggml/src/ggml-cuda/ggml-cuda.cu:900 calls=12 total_ms=5.782 avg_us=481.833 max_us=2474
   2 /opt/llama.cpp/ggml/src/ggml-cuda/ggml-cuda.cu:2665 calls=191 total_ms=0.218 avg_us=1.141 max_us=6
   3 /opt/llama.cpp/ggml/src/ggml-cuda/ggml-cuda.cu:847 calls=150 total_ms=0.114 avg_us=0.760 max_us=2
=== END CUDA SYNC PROFILE ===
backend-sync-trace: count=15000 backend=CUDA0 caller=ggml_backend_sched_graph_compute_async_ext+0xecc

=== CUDA SYNC PROFILE (instrumentation only) ===
total_syncs = 15000
total_wait_ms = 8827.026
max_wait_us = 140101
sites = 5
wait_hist_us = logarithmic buckets
  hist[0] = 13736
  hist[1] = 669
  hist[2] = 32
  hist[3] = 16
  hist[4] = 7
  hist[9] = 93
  hist[10] = 210
  hist[11] = 57
  hist[14] = 54
  hist[15] = 104
  hist[16] = 21
  hist[17] = 1
by_callsite (caller PC; symbolize with addr2line):
   0 caller=0x7cd3d6f010c2 calls=6119 total_ms=8822.065 avg_us=1441.749 max_us=140101
   1 caller=0x7cd3d6f0586c calls=4895 total_ms=1.957 avg_us=0.400 max_us=18
   2 caller=0x7cd3d6f0577c calls=1812 total_ms=1.586 avg_us=0.875 max_us=30
   3 caller=0x7cd3d6f0599d calls=1812 total_ms=0.728 avg_us=0.402 max_us=2
   4 caller=0x7cd3d6f04732 calls=362 total_ms=0.690 avg_us=1.906 max_us=17
direct_cudaStreamSynchronize: calls=6693 total_ms=32.906 max_us=2474
by_direct_callsite (file:line):
   0 /opt/llama.cpp/ggml/src/ggml-cuda/ggml-cuda.cu:839 calls=6340 total_ms=26.792 avg_us=4.226 max_us=355
   1 /opt/llama.cpp/ggml/src/ggml-cuda/ggml-cuda.cu:900 calls=12 total_ms=5.782 avg_us=481.833 max_us=2474
   2 /opt/llama.cpp/ggml/src/ggml-cuda/ggml-cuda.cu:2665 calls=191 total_ms=0.218 avg_us=1.141 max_us=6
   3 /opt/llama.cpp/ggml/src/ggml-cuda/ggml-cuda.cu:847 calls=150 total_ms=0.114 avg_us=0.760 max_us=2
=== END CUDA SYNC PROFILE ===

=== CUDA SYNC PROFILE (instrumentation only) ===
total_syncs = 15011
total_wait_ms = 8875.531
max_wait_us = 140101
sites = 5
wait_hist_us = logarithmic buckets
  hist[0] = 13744
  hist[1] = 670
  hist[2] = 33
  hist[3] = 16
  hist[4] = 7
  hist[9] = 93
  hist[10] = 210
  hist[11] = 57
  hist[14] = 54
  hist[15] = 105
  hist[16] = 21
  hist[17] = 1
by_callsite (caller PC; symbolize with addr2line):
   0 caller=0x7cd3d6f010c2 calls=6121 total_ms=8870.563 avg_us=1449.202 max_us=140101
   1 caller=0x7cd3d6f0586c calls=4899 total_ms=1.958 avg_us=0.400 max_us=18
   2 caller=0x7cd3d6f0577c calls=1814 total_ms=1.587 avg_us=0.875 max_us=30
   3 caller=0x7cd3d6f0599d calls=1814 total_ms=0.730 avg_us=0.402 max_us=2
   4 caller=0x7cd3d6f04732 calls=363 total_ms=0.693 avg_us=1.909 max_us=17
direct_cudaStreamSynchronize: calls=6700 total_ms=32.935 max_us=2474
by_direct_callsite (file:line):
   0 /opt/llama.cpp/ggml/src/ggml-cuda/ggml-cuda.cu:839 calls=6347 total_ms=26.821 avg_us=4.226 max_us=355
   1 /opt/llama.cpp/ggml/src/ggml-cuda/ggml-cuda.cu:900 calls=12 total_ms=5.782 avg_us=481.833 max_us=2474
   2 /opt/llama.cpp/ggml/src/ggml-cuda/ggml-cuda.cu:2665 calls=191 total_ms=0.218 avg_us=1.141 max_us=6
   3 /opt/llama.cpp/ggml/src/ggml-cuda/ggml-cuda.cu:847 calls=150 total_ms=0.114 avg_us=0.760 max_us=2
=== END CUDA SYNC PROFILE ===
backend-sync-trace: count=15100 backend=CUDA0 caller=ggml_backend_sched_synchronize+0x52

=== CUDA SYNC PROFILE (instrumentation only) ===
total_syncs = 15100
total_wait_ms = 8908.138
max_wait_us = 140101
sites = 5
wait_hist_us = logarithmic buckets
  hist[0] = 13825
  hist[1] = 674
  hist[2] = 34
  hist[3] = 16
  hist[4] = 7
  hist[9] = 95
  hist[10] = 210
  hist[11] = 57
  hist[14] = 55
  hist[15] = 105
  hist[16] = 21
  hist[17] = 1
by_callsite (caller PC; symbolize with addr2line):
   0 caller=0x7cd3d6f010c2 calls=6159 total_ms=8903.140 avg_us=1445.550 max_us=140101
   1 caller=0x7cd3d6f0586c calls=4928 total_ms=1.972 avg_us=0.400 max_us=18
   2 caller=0x7cd3d6f0577c calls=1824 total_ms=1.595 avg_us=0.874 max_us=30
   3 caller=0x7cd3d6f0599d calls=1824 total_ms=0.733 avg_us=0.402 max_us=2
   4 caller=0x7cd3d6f04732 calls=365 total_ms=0.698 avg_us=1.912 max_us=17
direct_cudaStreamSynchronize: calls=6736 total_ms=33.079 max_us=2474
by_direct_callsite (file:line):
   0 /opt/llama.cpp/ggml/src/ggml-cuda/ggml-cuda.cu:839 calls=6383 total_ms=26.965 avg_us=4.225 max_us=355
   1 /opt/llama.cpp/ggml/src/ggml-cuda/ggml-cuda.cu:900 calls=12 total_ms=5.782 avg_us=481.833 max_us=2474
   2 /opt/llama.cpp/ggml/src/ggml-cuda/ggml-cuda.cu:2665 calls=191 total_ms=0.218 avg_us=1.141 max_us=6
   3 /opt/llama.cpp/ggml/src/ggml-cuda/ggml-cuda.cu:847 calls=150 total_ms=0.114 avg_us=0.760 max_us=2
=== END CUDA SYNC PROFILE ===
backend-sync-trace: count=15200 backend=CUDA0 caller=ggml_backend_sched_synchronize+0x52

=== CUDA SYNC PROFILE (instrumentation only) ===
total_syncs = 15200
total_wait_ms = 8944.408
max_wait_us = 140101
sites = 5
wait_hist_us = logarithmic buckets
  hist[0] = 13916
  hist[1] = 678
  hist[2] = 35
  hist[3] = 16
  hist[4] = 7
  hist[9] = 96
  hist[10] = 212
  hist[11] = 57
  hist[14] = 56
  hist[15] = 105
  hist[16] = 21
  hist[17] = 1
by_callsite (caller PC; symbolize with addr2line):
   0 caller=0x7cd3d6f010c2 calls=6201 total_ms=8939.373 avg_us=1441.602 max_us=140101
   1 caller=0x7cd3d6f0586c calls=4959 total_ms=1.987 avg_us=0.401 max_us=18
   2 caller=0x7cd3d6f0577c calls=1836 total_ms=1.605 avg_us=0.874 max_us=30
   3 caller=0x7cd3d6f0599d calls=1836 total_ms=0.739 avg_us=0.403 max_us=2
   4 caller=0x7cd3d6f04732 calls=368 total_ms=0.704 avg_us=1.913 max_us=17
direct_cudaStreamSynchronize: calls=6777 total_ms=33.240 max_us=2474
by_direct_callsite (file:line):
   0 /opt/llama.cpp/ggml/src/ggml-cuda/ggml-cuda.cu:839 calls=6424 total_ms=27.126 avg_us=4.223 max_us=355
   1 /opt/llama.cpp/ggml/src/ggml-cuda/ggml-cuda.cu:900 calls=12 total_ms=5.782 avg_us=481.833 max_us=2474
   2 /opt/llama.cpp/ggml/src/ggml-cuda/ggml-cuda.cu:2665 calls=191 total_ms=0.218 avg_us=1.141 max_us=6
   3 /opt/llama.cpp/ggml/src/ggml-cuda/ggml-cuda.cu:847 calls=150 total_ms=0.114 avg_us=0.760 max_us=2
=== END CUDA SYNC PROFILE ===

=== CUDA SYNC PROFILE (instrumentation only) ===
total_syncs = 15241
total_wait_ms = 8945.348
max_wait_us = 140101
sites = 5
wait_hist_us = logarithmic buckets
  hist[0] = 13955
  hist[1] = 679
  hist[2] = 35
  hist[3] = 16
  hist[4] = 7
  hist[9] = 97
  hist[10] = 212
  hist[11] = 57
  hist[14] = 56
  hist[15] = 105
  hist[16] = 21
  hist[17] = 1
by_callsite (caller PC; symbolize with addr2line):
   0 caller=0x7cd3d6f010c2 calls=6212 total_ms=8940.298 avg_us=1439.198 max_us=140101
   1 caller=0x7cd3d6f0586c calls=4977 total_ms=1.995 avg_us=0.401 max_us=18
   2 caller=0x7cd3d6f0577c calls=1842 total_ms=1.610 avg_us=0.874 max_us=30
   3 caller=0x7cd3d6f0599d calls=1842 total_ms=0.741 avg_us=0.402 max_us=2
   4 caller=0x7cd3d6f04732 calls=368 total_ms=0.704 avg_us=1.913 max_us=17
direct_cudaStreamSynchronize: calls=6800 total_ms=33.347 max_us=2474
by_direct_callsite (file:line):
   0 /opt/llama.cpp/ggml/src/ggml-cuda/ggml-cuda.cu:839 calls=6447 total_ms=27.233 avg_us=4.224 max_us=355
   1 /opt/llama.cpp/ggml/src/ggml-cuda/ggml-cuda.cu:900 calls=12 total_ms=5.782 avg_us=481.833 max_us=2474
   2 /opt/llama.cpp/ggml/src/ggml-cuda/ggml-cuda.cu:2665 calls=191 total_ms=0.218 avg_us=1.141 max_us=6
   3 /opt/llama.cpp/ggml/src/ggml-cuda/ggml-cuda.cu:847 calls=150 total_ms=0.114 avg_us=0.760 max_us=2
=== END CUDA SYNC PROFILE ===
backend-sync-trace: count=15300 backend=CUDA0 caller=ggml_backend_sched_synchronize+0x52

=== CUDA SYNC PROFILE (instrumentation only) ===
total_syncs = 15300
total_wait_ms = 8977.746
max_wait_us = 140101
sites = 5
wait_hist_us = logarithmic buckets
  hist[0] = 14008
  hist[1] = 682
  hist[2] = 35
  hist[3] = 16
  hist[4] = 7
  hist[9] = 98
  hist[10] = 213
  hist[11] = 57
  hist[14] = 57
  hist[15] = 105
  hist[16] = 21
  hist[17] = 1
by_callsite (caller PC; symbolize with addr2line):
   0 caller=0x7cd3d6f010c2 calls=6244 total_ms=8972.680 avg_us=1437.008 max_us=140101
   1 caller=0x7cd3d6f0586c calls=4990 total_ms=1.999 avg_us=0.401 max_us=18
   2 caller=0x7cd3d6f0577c calls=1848 total_ms=1.614 avg_us=0.873 max_us=30
   3 caller=0x7cd3d6f0599d calls=1848 total_ms=0.744 avg_us=0.403 max_us=2
   4 caller=0x7cd3d6f04732 calls=370 total_ms=0.709 avg_us=1.916 max_us=17
direct_cudaStreamSynchronize: calls=6818 total_ms=33.416 max_us=2474
by_direct_callsite (file:line):
   0 /opt/llama.cpp/ggml/src/ggml-cuda/ggml-cuda.cu:839 calls=6465 total_ms=27.302 avg_us=4.223 max_us=355
   1 /opt/llama.cpp/ggml/src/ggml-cuda/ggml-cuda.cu:900 calls=12 total_ms=5.782 avg_us=481.833 max_us=2474
   2 /opt/llama.cpp/ggml/src/ggml-cuda/ggml-cuda.cu:2665 calls=191 total_ms=0.218 avg_us=1.141 max_us=6
   3 /opt/llama.cpp/ggml/src/ggml-cuda/ggml-cuda.cu:847 calls=150 total_ms=0.114 avg_us=0.760 max_us=2
=== END CUDA SYNC PROFILE ===
backend-sync-trace: count=15400 backend=CUDA0 caller=ggml_backend_sched_graph_compute_async_ext+0xecc

=== CUDA SYNC PROFILE (instrumentation only) ===
total_syncs = 15400
total_wait_ms = 9022.431
max_wait_us = 140101
sites = 5
wait_hist_us = logarithmic buckets
  hist[0] = 14100
  hist[1] = 687
  hist[2] = 35
  hist[3] = 16
  hist[4] = 7
  hist[9] = 98
  hist[10] = 214
  hist[11] = 58
  hist[14] = 57
  hist[15] = 106
  hist[16] = 21
  hist[17] = 1
by_callsite (caller PC; symbolize with addr2line):
   0 caller=0x7cd3d6f010c2 calls=6286 total_ms=9017.335 avg_us=1434.511 max_us=140101
   1 caller=0x7cd3d6f0586c calls=5018 total_ms=2.010 avg_us=0.401 max_us=18
   2 caller=0x7cd3d6f0577c calls=1862 total_ms=1.627 avg_us=0.874 max_us=30
   3 caller=0x7cd3d6f0599d calls=1862 total_ms=0.746 avg_us=0.401 max_us=2
   4 caller=0x7cd3d6f04732 calls=372 total_ms=0.713 avg_us=1.917 max_us=17
direct_cudaStreamSynchronize: calls=6856 total_ms=33.570 max_us=2474
by_direct_callsite (file:line):
   0 /opt/llama.cpp/ggml/src/ggml-cuda/ggml-cuda.cu:839 calls=6503 total_ms=27.456 avg_us=4.222 max_us=355
   1 /opt/llama.cpp/ggml/src/ggml-cuda/ggml-cuda.cu:900 calls=12 total_ms=5.782 avg_us=481.833 max_us=2474
   2 /opt/llama.cpp/ggml/src/ggml-cuda/ggml-cuda.cu:2665 calls=191 total_ms=0.218 avg_us=1.141 max_us=6
   3 /opt/llama.cpp/ggml/src/ggml-cuda/ggml-cuda.cu:847 calls=150 total_ms=0.114 avg_us=0.760 max_us=2
=== END CUDA SYNC PROFILE ===

=== CUDA SYNC PROFILE (instrumentation only) ===
total_syncs = 15494
total_wait_ms = 9078.490
max_wait_us = 140101
sites = 5
wait_hist_us = logarithmic buckets
  hist[0] = 14188
  hist[1] = 690
  hist[2] = 35
  hist[3] = 16
  hist[4] = 7
  hist[9] = 98
  hist[10] = 216
  hist[11] = 58
  hist[14] = 57
  hist[15] = 107
  hist[16] = 21
  hist[17] = 1
by_callsite (caller PC; symbolize with addr2line):
   0 caller=0x7cd3d6f010c2 calls=6323 total_ms=9073.364 avg_us=1434.978 max_us=140101
   1 caller=0x7cd3d6f0586c calls=5053 total_ms=2.024 avg_us=0.401 max_us=18
   2 caller=0x7cd3d6f0577c calls=1872 total_ms=1.635 avg_us=0.873 max_us=30
   3 caller=0x7cd3d6f0599d calls=1872 total_ms=0.750 avg_us=0.401 max_us=2
   4 caller=0x7cd3d6f04732 calls=374 total_ms=0.717 avg_us=1.917 max_us=17
direct_cudaStreamSynchronize: calls=6900 total_ms=33.755 max_us=2474
by_direct_callsite (file:line):
   0 /opt/llama.cpp/ggml/src/ggml-cuda/ggml-cuda.cu:839 calls=6547 total_ms=27.641 avg_us=4.222 max_us=355
   1 /opt/llama.cpp/ggml/src/ggml-cuda/ggml-cuda.cu:900 calls=12 total_ms=5.782 avg_us=481.833 max_us=2474
   2 /opt/llama.cpp/ggml/src/ggml-cuda/ggml-cuda.cu:2665 calls=191 total_ms=0.218 avg_us=1.141 max_us=6
   3 /opt/llama.cpp/ggml/src/ggml-cuda/ggml-cuda.cu:847 calls=150 total_ms=0.114 avg_us=0.760 max_us=2
=== END CUDA SYNC PROFILE ===
backend-sync-trace: count=15500 backend=CUDA0 caller=ggml_backend_sched_graph_compute_async_ext+0xecc

=== CUDA SYNC PROFILE (instrumentation only) ===
total_syncs = 15500
total_wait_ms = 9078.491
max_wait_us = 140101
sites = 5
wait_hist_us = logarithmic buckets
  hist[0] = 14194
  hist[1] = 690
  hist[2] = 35
  hist[3] = 16
  hist[4] = 7
  hist[9] = 98
  hist[10] = 216
  hist[11] = 58
  hist[14] = 57
  hist[15] = 107
  hist[16] = 21
  hist[17] = 1
by_callsite (caller PC; symbolize with addr2line):
   0 caller=0x7cd3d6f010c2 calls=6323 total_ms=9073.364 avg_us=1434.978 max_us=140101
   1 caller=0x7cd3d6f0586c calls=5059 total_ms=2.025 avg_us=0.400 max_us=18
   2 caller=0x7cd3d6f0577c calls=1872 total_ms=1.635 avg_us=0.873 max_us=30
   3 caller=0x7cd3d6f0599d calls=1872 total_ms=0.750 avg_us=0.401 max_us=2
   4 caller=0x7cd3d6f04732 calls=374 total_ms=0.717 avg_us=1.917 max_us=17
direct_cudaStreamSynchronize: calls=6905 total_ms=33.768 max_us=2474
by_direct_callsite (file:line):
   0 /opt/llama.cpp/ggml/src/ggml-cuda/ggml-cuda.cu:839 calls=6552 total_ms=27.654 avg_us=4.221 max_us=355
   1 /opt/llama.cpp/ggml/src/ggml-cuda/ggml-cuda.cu:900 calls=12 total_ms=5.782 avg_us=481.833 max_us=2474
   2 /opt/llama.cpp/ggml/src/ggml-cuda/ggml-cuda.cu:2665 calls=191 total_ms=0.218 avg_us=1.141 max_us=6
   3 /opt/llama.cpp/ggml/src/ggml-cuda/ggml-cuda.cu:847 calls=150 total_ms=0.114 avg_us=0.760 max_us=2
=== END CUDA SYNC PROFILE ===
backend-sync-trace: count=15600 backend=CUDA0 caller=ggml_backend_sched_synchronize+0x52

=== CUDA SYNC PROFILE (instrumentation only) ===
total_syncs = 15600
total_wait_ms = 9182.505
max_wait_us = 140101
sites = 5
wait_hist_us = logarithmic buckets
  hist[0] = 14284
  hist[1] = 696
  hist[2] = 35
  hist[3] = 16
  hist[4] = 7
  hist[9] = 99
  hist[10] = 217
  hist[11] = 58
  hist[14] = 57
  hist[15] = 109
  hist[16] = 21
  hist[17] = 1
by_callsite (caller PC; symbolize with addr2line):
   0 caller=0x7cd3d6f010c2 calls=6365 total_ms=9177.350 avg_us=1441.846 max_us=140101
   1 caller=0x7cd3d6f0586c calls=5090 total_ms=2.035 avg_us=0.400 max_us=18
   2 caller=0x7cd3d6f0577c calls=1884 total_ms=1.642 avg_us=0.872 max_us=30
   3 caller=0x7cd3d6f0599d calls=1884 total_ms=0.755 avg_us=0.401 max_us=2
   4 caller=0x7cd3d6f04732 calls=377 total_ms=0.723 avg_us=1.918 max_us=17
direct_cudaStreamSynchronize: calls=6946 total_ms=33.935 max_us=2474
by_direct_callsite (file:line):
   0 /opt/llama.cpp/ggml/src/ggml-cuda/ggml-cuda.cu:839 calls=6593 total_ms=27.821 avg_us=4.220 max_us=355
   1 /opt/llama.cpp/ggml/src/ggml-cuda/ggml-cuda.cu:900 calls=12 total_ms=5.782 avg_us=481.833 max_us=2474
   2 /opt/llama.cpp/ggml/src/ggml-cuda/ggml-cuda.cu:2665 calls=191 total_ms=0.218 avg_us=1.141 max_us=6
   3 /opt/llama.cpp/ggml/src/ggml-cuda/ggml-cuda.cu:847 calls=150 total_ms=0.114 avg_us=0.760 max_us=2
=== END CUDA SYNC PROFILE ===
backend-sync-trace: count=15700 backend=CUDA0 caller=ggml_backend_sched_graph_compute_async_ext+0xffd

=== CUDA SYNC PROFILE (instrumentation only) ===
total_syncs = 15700
total_wait_ms = 9216.600
max_wait_us = 140101
sites = 5
wait_hist_us = logarithmic buckets
  hist[0] = 14377
  hist[1] = 699
  hist[2] = 35
  hist[3] = 16
  hist[4] = 7
  hist[9] = 99
  hist[10] = 220
  hist[11] = 58
  hist[14] = 58
  hist[15] = 109
  hist[16] = 21
  hist[17] = 1
by_callsite (caller PC; symbolize with addr2line):
   0 caller=0x7cd3d6f010c2 calls=6403 total_ms=9211.412 avg_us=1438.609 max_us=140101
   1 caller=0x7cd3d6f0586c calls=5121 total_ms=2.047 avg_us=0.400 max_us=18
   2 caller=0x7cd3d6f0577c calls=1898 total_ms=1.649 avg_us=0.869 max_us=30
   3 caller=0x7cd3d6f0599d calls=1898 total_ms=0.764 avg_us=0.403 max_us=2
   4 caller=0x7cd3d6f04732 calls=380 total_ms=0.728 avg_us=1.916 max_us=17
direct_cudaStreamSynchronize: calls=6988 total_ms=34.092 max_us=2474
by_direct_callsite (file:line):
   0 /opt/llama.cpp/ggml/src/ggml-cuda/ggml-cuda.cu:839 calls=6635 total_ms=27.978 avg_us=4.217 max_us=355
   1 /opt/llama.cpp/ggml/src/ggml-cuda/ggml-cuda.cu:900 calls=12 total_ms=5.782 avg_us=481.833 max_us=2474
   2 /opt/llama.cpp/ggml/src/ggml-cuda/ggml-cuda.cu:2665 calls=191 total_ms=0.218 avg_us=1.141 max_us=6
   3 /opt/llama.cpp/ggml/src/ggml-cuda/ggml-cuda.cu:847 calls=150 total_ms=0.114 avg_us=0.760 max_us=2
=== END CUDA SYNC PROFILE ===

=== CUDA SYNC PROFILE (instrumentation only) ===
total_syncs = 15723
total_wait_ms = 9217.543
max_wait_us = 140101
sites = 5
wait_hist_us = logarithmic buckets
  hist[0] = 14398
  hist[1] = 700
  hist[2] = 35
  hist[3] = 16
  hist[4] = 7
  hist[9] = 100
  hist[10] = 220
  hist[11] = 58
  hist[14] = 58
  hist[15] = 109
  hist[16] = 21
  hist[17] = 1
by_callsite (caller PC; symbolize with addr2line):
   0 caller=0x7cd3d6f010c2 calls=6410 total_ms=9212.348 avg_us=1437.184 max_us=140101
   1 caller=0x7cd3d6f0586c calls=5129 total_ms=2.050 avg_us=0.400 max_us=18
   2 caller=0x7cd3d6f0577c calls=1902 total_ms=1.652 avg_us=0.869 max_us=30
   3 caller=0x7cd3d6f0599d calls=1902 total_ms=0.765 avg_us=0.402 max_us=2
   4 caller=0x7cd3d6f04732 calls=380 total_ms=0.728 avg_us=1.916 max_us=17
direct_cudaStreamSynchronize: calls=7000 total_ms=34.154 max_us=2474
by_direct_callsite (file:line):
   0 /opt/llama.cpp/ggml/src/ggml-cuda/ggml-cuda.cu:839 calls=6647 total_ms=28.040 avg_us=4.218 max_us=355
   1 /opt/llama.cpp/ggml/src/ggml-cuda/ggml-cuda.cu:900 calls=12 total_ms=5.782 avg_us=481.833 max_us=2474
   2 /opt/llama.cpp/ggml/src/ggml-cuda/ggml-cuda.cu:2665 calls=191 total_ms=0.218 avg_us=1.141 max_us=6
   3 /opt/llama.cpp/ggml/src/ggml-cuda/ggml-cuda.cu:847 calls=150 total_ms=0.114 avg_us=0.760 max_us=2
=== END CUDA SYNC PROFILE ===
backend-sync-trace: count=15800 backend=CUDA0 caller=ggml_backend_sched_graph_compute_async_ext+0xecc

=== CUDA SYNC PROFILE (instrumentation only) ===
total_syncs = 15800
total_wait_ms = 9248.118
max_wait_us = 140101
sites = 5
wait_hist_us = logarithmic buckets
  hist[0] = 14467
  hist[1] = 704
  hist[2] = 36
  hist[3] = 16
  hist[4] = 7
  hist[9] = 101
  hist[10] = 221
  hist[11] = 58
  hist[14] = 59
  hist[15] = 109
  hist[16] = 21
  hist[17] = 1
by_callsite (caller PC; symbolize with addr2line):
   0 caller=0x7cd3d6f010c2 calls=6441 total_ms=9242.901 avg_us=1435.010 max_us=140101
   1 caller=0x7cd3d6f0586c calls=5153 total_ms=2.059 avg_us=0.400 max_us=18
   2 caller=0x7cd3d6f0577c calls=1912 total_ms=1.659 avg_us=0.868 max_us=30
   3 caller=0x7cd3d6f0599d calls=1912 total_ms=0.767 avg_us=0.401 max_us=2
   4 caller=0x7cd3d6f04732 calls=382 total_ms=0.732 avg_us=1.916 max_us=17
direct_cudaStreamSynchronize: calls=7031 total_ms=34.263 max_us=2474
by_direct_callsite (file:line):
   0 /opt/llama.cpp/ggml/src/ggml-cuda/ggml-cuda.cu:839 calls=6678 total_ms=28.149 avg_us=4.215 max_us=355
   1 /opt/llama.cpp/ggml/src/ggml-cuda/ggml-cuda.cu:900 calls=12 total_ms=5.782 avg_us=481.833 max_us=2474
   2 /opt/llama.cpp/ggml/src/ggml-cuda/ggml-cuda.cu:2665 calls=191 total_ms=0.218 avg_us=1.141 max_us=6
   3 /opt/llama.cpp/ggml/src/ggml-cuda/ggml-cuda.cu:847 calls=150 total_ms=0.114 avg_us=0.760 max_us=2
=== END CUDA SYNC PROFILE ===
backend-sync-trace: count=15900 backend=CUDA0 caller=ggml_backend_sched_graph_compute_async_ext+0xecc

=== CUDA SYNC PROFILE (instrumentation only) ===
total_syncs = 15900
total_wait_ms = 9285.900
max_wait_us = 140101
sites = 5
wait_hist_us = logarithmic buckets
  hist[0] = 14561
  hist[1] = 707
  hist[2] = 36
  hist[3] = 16
  hist[4] = 7
  hist[9] = 101
  hist[10] = 223
  hist[11] = 58
  hist[14] = 59
  hist[15] = 110
  hist[16] = 21
  hist[17] = 1
by_callsite (caller PC; symbolize with addr2line):
   0 caller=0x7cd3d6f010c2 calls=6478 total_ms=9280.655 avg_us=1432.642 max_us=140101
   1 caller=0x7cd3d6f0586c calls=5194 total_ms=2.072 avg_us=0.399 max_us=18
   2 caller=0x7cd3d6f0577c calls=1922 total_ms=1.668 avg_us=0.868 max_us=30
   3 caller=0x7cd3d6f0599d calls=1922 total_ms=0.770 avg_us=0.401 max_us=2
   4 caller=0x7cd3d6f04732 calls=384 total_ms=0.735 avg_us=1.914 max_us=17
direct_cudaStreamSynchronize: calls=7080 total_ms=34.463 max_us=2474
by_direct_callsite (file:line):
   0 /opt/llama.cpp/ggml/src/ggml-cuda/ggml-cuda.cu:839 calls=6727 total_ms=28.349 avg_us=4.214 max_us=355
   1 /opt/llama.cpp/ggml/src/ggml-cuda/ggml-cuda.cu:900 calls=12 total_ms=5.782 avg_us=481.833 max_us=2474
   2 /opt/llama.cpp/ggml/src/ggml-cuda/ggml-cuda.cu:2665 calls=191 total_ms=0.218 avg_us=1.141 max_us=6
   3 /opt/llama.cpp/ggml/src/ggml-cuda/ggml-cuda.cu:847 calls=150 total_ms=0.114 avg_us=0.760 max_us=2
=== END CUDA SYNC PROFILE ===

=== CUDA SYNC PROFILE (instrumentation only) ===
total_syncs = 15961
total_wait_ms = 9316.468
max_wait_us = 140101
sites = 5
wait_hist_us = logarithmic buckets
  hist[0] = 14615
  hist[1] = 711
  hist[2] = 36
  hist[3] = 16
  hist[4] = 7
  hist[9] = 101
  hist[10] = 225
  hist[11] = 58
  hist[14] = 60
  hist[15] = 110
  hist[16] = 21
  hist[17] = 1
by_callsite (caller PC; symbolize with addr2line):
   0 caller=0x7cd3d6f010c2 calls=6509 total_ms=9311.205 avg_us=1430.512 max_us=140101
   1 caller=0x7cd3d6f0586c calls=5206 total_ms=2.075 avg_us=0.399 max_us=18
   2 caller=0x7cd3d6f0577c calls=1930 total_ms=1.677 avg_us=0.869 max_us=30
   3 caller=0x7cd3d6f0599d calls=1930 total_ms=0.772 avg_us=0.400 max_us=2
   4 caller=0x7cd3d6f04732 calls=386 total_ms=0.739 avg_us=1.915 max_us=17
direct_cudaStreamSynchronize: calls=7100 total_ms=34.541 max_us=2474
by_direct_callsite (file:line):
   0 /opt/llama.cpp/ggml/src/ggml-cuda/ggml-cuda.cu:839 calls=6747 total_ms=28.427 avg_us=4.213 max_us=355
   1 /opt/llama.cpp/ggml/src/ggml-cuda/ggml-cuda.cu:900 calls=12 total_ms=5.782 avg_us=481.833 max_us=2474
   2 /opt/llama.cpp/ggml/src/ggml-cuda/ggml-cuda.cu:2665 calls=191 total_ms=0.218 avg_us=1.141 max_us=6
   3 /opt/llama.cpp/ggml/src/ggml-cuda/ggml-cuda.cu:847 calls=150 total_ms=0.114 avg_us=0.760 max_us=2
=== END CUDA SYNC PROFILE ===
backend-sync-trace: count=16000 backend=CUDA0 caller=ggml_backend_sched_synchronize+0x52

=== CUDA SYNC PROFILE (instrumentation only) ===
total_syncs = 16000
total_wait_ms = 9349.626
max_wait_us = 140101
sites = 5
wait_hist_us = logarithmic buckets
  hist[0] = 14652
  hist[1] = 712
  hist[2] = 36
  hist[3] = 16
  hist[4] = 7
  hist[9] = 101
  hist[10] = 225
  hist[11] = 58
  hist[14] = 60
  hist[15] = 111
  hist[16] = 21
  hist[17] = 1
by_callsite (caller PC; symbolize with addr2line):
   0 caller=0x7cd3d6f010c2 calls=6520 total_ms=9344.351 avg_us=1433.183 max_us=140101
   1 caller=0x7cd3d6f0586c calls=5225 total_ms=2.081 avg_us=0.398 max_us=18
   2 caller=0x7cd3d6f0577c calls=1934 total_ms=1.679 avg_us=0.868 max_us=30
   3 caller=0x7cd3d6f0599d calls=1934 total_ms=0.774 avg_us=0.400 max_us=2
   4 caller=0x7cd3d6f04732 calls=387 total_ms=0.741 avg_us=1.915 max_us=17
direct_cudaStreamSynchronize: calls=7121 total_ms=34.634 max_us=2474
by_direct_callsite (file:line):
   0 /opt/llama.cpp/ggml/src/ggml-cuda/ggml-cuda.cu:839 calls=6768 total_ms=28.520 avg_us=4.214 max_us=355
   1 /opt/llama.cpp/ggml/src/ggml-cuda/ggml-cuda.cu:900 calls=12 total_ms=5.782 avg_us=481.833 max_us=2474
   2 /opt/llama.cpp/ggml/src/ggml-cuda/ggml-cuda.cu:2665 calls=191 total_ms=0.218 avg_us=1.141 max_us=6
   3 /opt/llama.cpp/ggml/src/ggml-cuda/ggml-cuda.cu:847 calls=150 total_ms=0.114 avg_us=0.760 max_us=2
=== END CUDA SYNC PROFILE ===
backend-sync-trace: count=16100 backend=CUDA0 caller=ggml_backend_sched_graph_compute_async_ext+0xecc

=== CUDA SYNC PROFILE (instrumentation only) ===
total_syncs = 16100
total_wait_ms = 9379.315
max_wait_us = 140101
sites = 5
wait_hist_us = logarithmic buckets
  hist[0] = 14746
  hist[1] = 715
  hist[2] = 36
  hist[3] = 16
  hist[4] = 7
  hist[9] = 102
  hist[10] = 226
  hist[11] = 58
  hist[14] = 61
  hist[15] = 111
  hist[16] = 21
  hist[17] = 1
by_callsite (caller PC; symbolize with addr2line):
   0 caller=0x7cd3d6f010c2 calls=6563 total_ms=9374.012 avg_us=1428.312 max_us=140101
   1 caller=0x7cd3d6f0586c calls=5255 total_ms=2.094 avg_us=0.398 max_us=18
   2 caller=0x7cd3d6f0577c calls=1946 total_ms=1.686 avg_us=0.866 max_us=30
   3 caller=0x7cd3d6f0599d calls=1946 total_ms=0.777 avg_us=0.399 max_us=2
   4 caller=0x7cd3d6f04732 calls=390 total_ms=0.746 avg_us=1.913 max_us=17
direct_cudaStreamSynchronize: calls=7160 total_ms=34.791 max_us=2474
by_direct_callsite (file:line):
   0 /opt/llama.cpp/ggml/src/ggml-cuda/ggml-cuda.cu:839 calls=6807 total_ms=28.677 avg_us=4.213 max_us=355
   1 /opt/llama.cpp/ggml/src/ggml-cuda/ggml-cuda.cu:900 calls=12 total_ms=5.782 avg_us=481.833 max_us=2474
   2 /opt/llama.cpp/ggml/src/ggml-cuda/ggml-cuda.cu:2665 calls=191 total_ms=0.218 avg_us=1.141 max_us=6
   3 /opt/llama.cpp/ggml/src/ggml-cuda/ggml-cuda.cu:847 calls=150 total_ms=0.114 avg_us=0.760 max_us=2
=== END CUDA SYNC PROFILE ===

=== CUDA SYNC PROFILE (instrumentation only) ===
total_syncs = 16199
total_wait_ms = 9415.305
max_wait_us = 140101
sites = 5
wait_hist_us = logarithmic buckets
  hist[0] = 14839
  hist[1] = 717
  hist[2] = 36
  hist[3] = 16
  hist[4] = 7
  hist[9] = 102
  hist[10] = 228
  hist[11] = 59
  hist[14] = 62
  hist[15] = 111
  hist[16] = 21
  hist[17] = 1
by_callsite (caller PC; symbolize with addr2line):
   0 caller=0x7cd3d6f010c2 calls=6607 total_ms=9409.980 avg_us=1424.244 max_us=140101
   1 caller=0x7cd3d6f0586c calls=5284 total_ms=2.101 avg_us=0.398 max_us=18
   2 caller=0x7cd3d6f0577c calls=1958 total_ms=1.693 avg_us=0.865 max_us=30
   3 caller=0x7cd3d6f0599d calls=1958 total_ms=0.782 avg_us=0.399 max_us=2
   4 caller=0x7cd3d6f04732 calls=392 total_ms=0.749 avg_us=1.911 max_us=17
direct_cudaStreamSynchronize: calls=7200 total_ms=34.949 max_us=2474
by_direct_callsite (file:line):
   0 /opt/llama.cpp/ggml/src/ggml-cuda/ggml-cuda.cu:839 calls=6847 total_ms=28.835 avg_us=4.211 max_us=355
   1 /opt/llama.cpp/ggml/src/ggml-cuda/ggml-cuda.cu:900 calls=12 total_ms=5.782 avg_us=481.833 max_us=2474
   2 /opt/llama.cpp/ggml/src/ggml-cuda/ggml-cuda.cu:2665 calls=191 total_ms=0.218 avg_us=1.141 max_us=6
   3 /opt/llama.cpp/ggml/src/ggml-cuda/ggml-cuda.cu:847 calls=150 total_ms=0.114 avg_us=0.760 max_us=2
=== END CUDA SYNC PROFILE ===
backend-sync-trace: count=16200 backend=CUDA0 caller=ggml_backend_sched_graph_compute_async_ext+0xecc

=== CUDA SYNC PROFILE (instrumentation only) ===
total_syncs = 16200
total_wait_ms = 9415.306
max_wait_us = 140101
sites = 5
wait_hist_us = logarithmic buckets
  hist[0] = 14840
  hist[1] = 717
  hist[2] = 36
  hist[3] = 16
  hist[4] = 7
  hist[9] = 102
  hist[10] = 228
  hist[11] = 59
  hist[14] = 62
  hist[15] = 111
  hist[16] = 21
  hist[17] = 1
by_callsite (caller PC; symbolize with addr2line):
   0 caller=0x7cd3d6f010c2 calls=6607 total_ms=9409.980 avg_us=1424.244 max_us=140101
   1 caller=0x7cd3d6f0586c calls=5285 total_ms=2.102 avg_us=0.398 max_us=18
   2 caller=0x7cd3d6f0577c calls=1958 total_ms=1.693 avg_us=0.865 max_us=30
   3 caller=0x7cd3d6f0599d calls=1958 total_ms=0.782 avg_us=0.399 max_us=2
   4 caller=0x7cd3d6f04732 calls=392 total_ms=0.749 avg_us=1.911 max_us=17
direct_cudaStreamSynchronize: calls=7200 total_ms=34.949 max_us=2474
by_direct_callsite (file:line):
   0 /opt/llama.cpp/ggml/src/ggml-cuda/ggml-cuda.cu:839 calls=6847 total_ms=28.835 avg_us=4.211 max_us=355
   1 /opt/llama.cpp/ggml/src/ggml-cuda/ggml-cuda.cu:900 calls=12 total_ms=5.782 avg_us=481.833 max_us=2474
   2 /opt/llama.cpp/ggml/src/ggml-cuda/ggml-cuda.cu:2665 calls=191 total_ms=0.218 avg_us=1.141 max_us=6
   3 /opt/llama.cpp/ggml/src/ggml-cuda/ggml-cuda.cu:847 calls=150 total_ms=0.114 avg_us=0.760 max_us=2
=== END CUDA SYNC PROFILE ===
backend-sync-trace: count=16300 backend=CUDA0 caller=ggml_backend_sched_graph_compute_async_ext+0xddc

=== CUDA SYNC PROFILE (instrumentation only) ===
total_syncs = 16300
total_wait_ms = 9452.892
max_wait_us = 140101
sites = 5
wait_hist_us = logarithmic buckets
  hist[0] = 14932
  hist[1] = 721
  hist[2] = 36
  hist[3] = 16
  hist[4] = 7
  hist[9] = 103
  hist[10] = 229
  hist[11] = 60
  hist[14] = 62
  hist[15] = 112
  hist[16] = 21
  hist[17] = 1
by_callsite (caller PC; symbolize with addr2line):
   0 caller=0x7cd3d6f010c2 calls=6651 total_ms=9447.537 avg_us=1420.469 max_us=140101
   1 caller=0x7cd3d6f0586c calls=5314 total_ms=2.114 avg_us=0.398 max_us=18
   2 caller=0x7cd3d6f0577c calls=1971 total_ms=1.700 avg_us=0.863 max_us=30
   3 caller=0x7cd3d6f0599d calls=1970 total_ms=0.788 avg_us=0.400 max_us=2
   4 caller=0x7cd3d6f04732 calls=394 total_ms=0.753 avg_us=1.911 max_us=17
direct_cudaStreamSynchronize: calls=7240 total_ms=35.105 max_us=2474
by_direct_callsite (file:line):
   0 /opt/llama.cpp/ggml/src/ggml-cuda/ggml-cuda.cu:839 calls=6887 total_ms=28.991 avg_us=4.210 max_us=355
   1 /opt/llama.cpp/ggml/src/ggml-cuda/ggml-cuda.cu:900 calls=12 total_ms=5.782 avg_us=481.833 max_us=2474
   2 /opt/llama.cpp/ggml/src/ggml-cuda/ggml-cuda.cu:2665 calls=191 total_ms=0.218 avg_us=1.141 max_us=6
   3 /opt/llama.cpp/ggml/src/ggml-cuda/ggml-cuda.cu:847 calls=150 total_ms=0.114 avg_us=0.760 max_us=2
=== END CUDA SYNC PROFILE ===
backend-sync-trace: count=16400 backend=CUDA0 caller=ggml_backend_sched_synchronize+0x52

=== CUDA SYNC PROFILE (instrumentation only) ===
total_syncs = 16400
total_wait_ms = 9549.852
max_wait_us = 140101
sites = 5
wait_hist_us = logarithmic buckets
  hist[0] = 15025
  hist[1] = 723
  hist[2] = 37
  hist[3] = 16
  hist[4] = 7
  hist[9] = 104
  hist[10] = 230
  hist[11] = 60
  hist[14] = 62
  hist[15] = 114
  hist[16] = 21
  hist[17] = 1
by_callsite (caller PC; symbolize with addr2line):
   0 caller=0x7cd3d6f010c2 calls=6684 total_ms=9544.470 avg_us=1427.958 max_us=140101
   1 caller=0x7cd3d6f0586c calls=5356 total_ms=2.127 avg_us=0.397 max_us=18
   2 caller=0x7cd3d6f0577c calls=1982 total_ms=1.707 avg_us=0.861 max_us=30
   3 caller=0x7cd3d6f0599d calls=1982 total_ms=0.792 avg_us=0.400 max_us=2
   4 caller=0x7cd3d6f04732 calls=396 total_ms=0.756 avg_us=1.909 max_us=17
direct_cudaStreamSynchronize: calls=7291 total_ms=35.313 max_us=2474
by_direct_callsite (file:line):
   0 /opt/llama.cpp/ggml/src/ggml-cuda/ggml-cuda.cu:839 calls=6938 total_ms=29.199 avg_us=4.209 max_us=355
   1 /opt/llama.cpp/ggml/src/ggml-cuda/ggml-cuda.cu:900 calls=12 total_ms=5.782 avg_us=481.833 max_us=2474
   2 /opt/llama.cpp/ggml/src/ggml-cuda/ggml-cuda.cu:2665 calls=191 total_ms=0.218 avg_us=1.141 max_us=6
   3 /opt/llama.cpp/ggml/src/ggml-cuda/ggml-cuda.cu:847 calls=150 total_ms=0.114 avg_us=0.760 max_us=2
=== END CUDA SYNC PROFILE ===

=== CUDA SYNC PROFILE (instrumentation only) ===
total_syncs = 16437
total_wait_ms = 9549.874
max_wait_us = 140101
sites = 5
wait_hist_us = logarithmic buckets
  hist[0] = 15060
  hist[1] = 725
  hist[2] = 37
  hist[3] = 16
  hist[4] = 7
  hist[9] = 104
  hist[10] = 230
  hist[11] = 60
  hist[14] = 62
  hist[15] = 114
  hist[16] = 21
  hist[17] = 1
by_callsite (caller PC; symbolize with addr2line):
   0 caller=0x7cd3d6f010c2 calls=6705 total_ms=9544.481 avg_us=1423.487 max_us=140101
   1 caller=0x7cd3d6f0586c calls=5362 total_ms=2.131 avg_us=0.397 max_us=18
   2 caller=0x7cd3d6f0577c calls=1986 total_ms=1.710 avg_us=0.861 max_us=30
   3 caller=0x7cd3d6f0599d calls=1986 total_ms=0.792 avg_us=0.399 max_us=2
   4 caller=0x7cd3d6f04732 calls=398 total_ms=0.760 avg_us=1.910 max_us=17
direct_cudaStreamSynchronize: calls=7300 total_ms=35.352 max_us=2474
by_direct_callsite (file:line):
   0 /opt/llama.cpp/ggml/src/ggml-cuda/ggml-cuda.cu:839 calls=6947 total_ms=29.238 avg_us=4.209 max_us=355
   1 /opt/llama.cpp/ggml/src/ggml-cuda/ggml-cuda.cu:900 calls=12 total_ms=5.782 avg_us=481.833 max_us=2474
   2 /opt/llama.cpp/ggml/src/ggml-cuda/ggml-cuda.cu:2665 calls=191 total_ms=0.218 avg_us=1.141 max_us=6
   3 /opt/llama.cpp/ggml/src/ggml-cuda/ggml-cuda.cu:847 calls=150 total_ms=0.114 avg_us=0.760 max_us=2
=== END CUDA SYNC PROFILE ===
backend-sync-trace: count=16500 backend=CUDA0 caller=ggml_backend_sched_synchronize+0x52

=== CUDA SYNC PROFILE (instrumentation only) ===
total_syncs = 16500
total_wait_ms = 9588.625
max_wait_us = 140101
sites = 5
wait_hist_us = logarithmic buckets
  hist[0] = 15118
  hist[1] = 727
  hist[2] = 37
  hist[3] = 16
  hist[4] = 7
  hist[9] = 104
  hist[10] = 232
  hist[11] = 60
  hist[14] = 62
  hist[15] = 115
  hist[16] = 21
  hist[17] = 1
by_callsite (caller PC; symbolize with addr2line):
   0 caller=0x7cd3d6f010c2 calls=6726 total_ms=9583.213 avg_us=1424.801 max_us=140101
   1 caller=0x7cd3d6f0586c calls=5387 total_ms=2.137 avg_us=0.397 max_us=18
   2 caller=0x7cd3d6f0577c calls=1994 total_ms=1.717 avg_us=0.861 max_us=30
   3 caller=0x7cd3d6f0599d calls=1994 total_ms=0.796 avg_us=0.399 max_us=2
   4 caller=0x7cd3d6f04732 calls=399 total_ms=0.762 avg_us=1.910 max_us=17
direct_cudaStreamSynchronize: calls=7331 total_ms=35.483 max_us=2474
by_direct_callsite (file:line):
   0 /opt/llama.cpp/ggml/src/ggml-cuda/ggml-cuda.cu:839 calls=6978 total_ms=29.369 avg_us=4.209 max_us=355
   1 /opt/llama.cpp/ggml/src/ggml-cuda/ggml-cuda.cu:900 calls=12 total_ms=5.782 avg_us=481.833 max_us=2474
   2 /opt/llama.cpp/ggml/src/ggml-cuda/ggml-cuda.cu:2665 calls=191 total_ms=0.218 avg_us=1.141 max_us=6
   3 /opt/llama.cpp/ggml/src/ggml-cuda/ggml-cuda.cu:847 calls=150 total_ms=0.114 avg_us=0.760 max_us=2
=== END CUDA SYNC PROFILE ===
backend-sync-trace: count=16600 backend=CUDA0 caller=ggml_backend_sched_synchronize+0x52

=== CUDA SYNC PROFILE (instrumentation only) ===
total_syncs = 16600
total_wait_ms = 9621.313
max_wait_us = 140101
sites = 5
wait_hist_us = logarithmic buckets
  hist[0] = 15210
  hist[1] = 731
  hist[2] = 37
  hist[3] = 16
  hist[4] = 7
  hist[9] = 106
  hist[10] = 233
  hist[11] = 60
  hist[14] = 63
  hist[15] = 115
  hist[16] = 21
  hist[17] = 1
by_callsite (caller PC; symbolize with addr2line):
   0 caller=0x7cd3d6f010c2 calls=6768 total_ms=9615.877 avg_us=1420.786 max_us=140101
   1 caller=0x7cd3d6f0586c calls=5418 total_ms=2.144 avg_us=0.396 max_us=18
   2 caller=0x7cd3d6f0577c calls=2006 total_ms=1.725 avg_us=0.860 max_us=30
   3 caller=0x7cd3d6f0599d calls=2006 total_ms=0.799 avg_us=0.398 max_us=2
   4 caller=0x7cd3d6f04732 calls=402 total_ms=0.768 avg_us=1.910 max_us=17
direct_cudaStreamSynchronize: calls=7372 total_ms=35.645 max_us=2474
by_direct_callsite (file:line):
   0 /opt/llama.cpp/ggml/src/ggml-cuda/ggml-cuda.cu:839 calls=7019 total_ms=29.531 avg_us=4.207 max_us=355
   1 /opt/llama.cpp/ggml/src/ggml-cuda/ggml-cuda.cu:900 calls=12 total_ms=5.782 avg_us=481.833 max_us=2474
   2 /opt/llama.cpp/ggml/src/ggml-cuda/ggml-cuda.cu:2665 calls=191 total_ms=0.218 avg_us=1.141 max_us=6
   3 /opt/llama.cpp/ggml/src/ggml-cuda/ggml-cuda.cu:847 calls=150 total_ms=0.114 avg_us=0.760 max_us=2
=== END CUDA SYNC PROFILE ===

=== CUDA SYNC PROFILE (instrumentation only) ===
total_syncs = 16653
total_wait_ms = 9655.830
max_wait_us = 140101
sites = 5
wait_hist_us = logarithmic buckets
  hist[0] = 15259
  hist[1] = 733
  hist[2] = 37
  hist[3] = 16
  hist[4] = 7
  hist[9] = 106
  hist[10] = 234
  hist[11] = 60
  hist[14] = 63
  hist[15] = 116
  hist[16] = 21
  hist[17] = 1
by_callsite (caller PC; symbolize with addr2line):
   0 caller=0x7cd3d6f010c2 calls=6783 total_ms=9650.375 avg_us=1422.730 max_us=140101
   1 caller=0x7cd3d6f0586c calls=5439 total_ms=2.150 avg_us=0.395 max_us=18
   2 caller=0x7cd3d6f0577c calls=2014 total_ms=1.734 avg_us=0.861 max_us=30
   3 caller=0x7cd3d6f0599d calls=2014 total_ms=0.801 avg_us=0.398 max_us=2
   4 caller=0x7cd3d6f04732 calls=403 total_ms=0.770 avg_us=1.911 max_us=17
direct_cudaStreamSynchronize: calls=7400 total_ms=35.762 max_us=2474
by_direct_callsite (file:line):
   0 /opt/llama.cpp/ggml/src/ggml-cuda/ggml-cuda.cu:839 calls=7047 total_ms=29.648 avg_us=4.207 max_us=355
   1 /opt/llama.cpp/ggml/src/ggml-cuda/ggml-cuda.cu:900 calls=12 total_ms=5.782 avg_us=481.833 max_us=2474
   2 /opt/llama.cpp/ggml/src/ggml-cuda/ggml-cuda.cu:2665 calls=191 total_ms=0.218 avg_us=1.141 max_us=6
   3 /opt/llama.cpp/ggml/src/ggml-cuda/ggml-cuda.cu:847 calls=150 total_ms=0.114 avg_us=0.760 max_us=2
=== END CUDA SYNC PROFILE ===
backend-sync-trace: count=16700 backend=CUDA0 caller=ggml_backend_sched_graph_compute_async_ext+0xddc

=== CUDA SYNC PROFILE (instrumentation only) ===
total_syncs = 16700
total_wait_ms = 9657.986
max_wait_us = 140101
sites = 5
wait_hist_us = logarithmic buckets
  hist[0] = 15302
  hist[1] = 735
  hist[2] = 37
  hist[3] = 16
  hist[4] = 7
  hist[9] = 107
  hist[10] = 235
  hist[11] = 60
  hist[14] = 63
  hist[15] = 116
  hist[16] = 21
  hist[17] = 1
by_callsite (caller PC; symbolize with addr2line):
   0 caller=0x7cd3d6f010c2 calls=6806 total_ms=9652.515 avg_us=1418.236 max_us=140101
   1 caller=0x7cd3d6f0586c calls=5449 total_ms=2.155 avg_us=0.395 max_us=18
   2 caller=0x7cd3d6f0577c calls=2021 total_ms=1.739 avg_us=0.860 max_us=30
   3 caller=0x7cd3d6f0599d calls=2020 total_ms=0.805 avg_us=0.399 max_us=2
   4 caller=0x7cd3d6f04732 calls=404 total_ms=0.772 avg_us=1.911 max_us=17
direct_cudaStreamSynchronize: calls=7415 total_ms=35.813 max_us=2474
by_direct_callsite (file:line):
   0 /opt/llama.cpp/ggml/src/ggml-cuda/ggml-cuda.cu:839 calls=7062 total_ms=29.699 avg_us=4.205 max_us=355
   1 /opt/llama.cpp/ggml/src/ggml-cuda/ggml-cuda.cu:900 calls=12 total_ms=5.782 avg_us=481.833 max_us=2474
   2 /opt/llama.cpp/ggml/src/ggml-cuda/ggml-cuda.cu:2665 calls=191 total_ms=0.218 avg_us=1.141 max_us=6
   3 /opt/llama.cpp/ggml/src/ggml-cuda/ggml-cuda.cu:847 calls=150 total_ms=0.114 avg_us=0.760 max_us=2
=== END CUDA SYNC PROFILE ===
backend-sync-trace: count=16800 backend=CUDA0 caller=ggml_backend_sched_graph_compute_async_ext+0xecc

=== CUDA SYNC PROFILE (instrumentation only) ===
total_syncs = 16800
total_wait_ms = 9685.719
max_wait_us = 140101
sites = 5
wait_hist_us = logarithmic buckets
  hist[0] = 15397
  hist[1] = 737
  hist[2] = 37
  hist[3] = 16
  hist[4] = 7
  hist[9] = 109
  hist[10] = 235
  hist[11] = 60
  hist[14] = 64
  hist[15] = 116
  hist[16] = 21
  hist[17] = 1
by_callsite (caller PC; symbolize with addr2line):
   0 caller=0x7cd3d6f010c2 calls=6843 total_ms=9680.223 avg_us=1414.617 max_us=140101
   1 caller=0x7cd3d6f0586c calls=5487 total_ms=2.168 avg_us=0.395 max_us=18
   2 caller=0x7cd3d6f0577c calls=2032 total_ms=1.746 avg_us=0.859 max_us=30
   3 caller=0x7cd3d6f0599d calls=2032 total_ms=0.807 avg_us=0.397 max_us=2
   4 caller=0x7cd3d6f04732 calls=406 total_ms=0.775 avg_us=1.909 max_us=17
direct_cudaStreamSynchronize: calls=7461 total_ms=36.001 max_us=2474
by_direct_callsite (file:line):
   0 /opt/llama.cpp/ggml/src/ggml-cuda/ggml-cuda.cu:839 calls=7108 total_ms=29.887 avg_us=4.205 max_us=355
   1 /opt/llama.cpp/ggml/src/ggml-cuda/ggml-cuda.cu:900 calls=12 total_ms=5.782 avg_us=481.833 max_us=2474
   2 /opt/llama.cpp/ggml/src/ggml-cuda/ggml-cuda.cu:2665 calls=191 total_ms=0.218 avg_us=1.141 max_us=6
   3 /opt/llama.cpp/ggml/src/ggml-cuda/ggml-cuda.cu:847 calls=150 total_ms=0.114 avg_us=0.760 max_us=2
=== END CUDA SYNC PROFILE ===

=== CUDA SYNC PROFILE (instrumentation only) ===
total_syncs = 16877
total_wait_ms = 9717.967
max_wait_us = 140101
sites = 5
wait_hist_us = logarithmic buckets
  hist[0] = 15467
  hist[1] = 740
  hist[2] = 38
  hist[3] = 16
  hist[4] = 7
  hist[9] = 109
  hist[10] = 237
  hist[11] = 60
  hist[14] = 65
  hist[15] = 116
  hist[16] = 21
  hist[17] = 1
by_callsite (caller PC; symbolize with addr2line):
   0 caller=0x7cd3d6f010c2 calls=6868 total_ms=9712.453 avg_us=1414.160 max_us=140101
   1 caller=0x7cd3d6f0586c calls=5517 total_ms=2.172 avg_us=0.394 max_us=18
   2 caller=0x7cd3d6f0577c calls=2042 total_ms=1.755 avg_us=0.859 max_us=30
   3 caller=0x7cd3d6f0599d calls=2042 total_ms=0.808 avg_us=0.396 max_us=2
   4 caller=0x7cd3d6f04732 calls=408 total_ms=0.779 avg_us=1.909 max_us=17
direct_cudaStreamSynchronize: calls=7500 total_ms=36.154 max_us=2474
by_direct_callsite (file:line):
   0 /opt/llama.cpp/ggml/src/ggml-cuda/ggml-cuda.cu:839 calls=7147 total_ms=30.040 avg_us=4.203 max_us=355
   1 /opt/llama.cpp/ggml/src/ggml-cuda/ggml-cuda.cu:900 calls=12 total_ms=5.782 avg_us=481.833 max_us=2474
   2 /opt/llama.cpp/ggml/src/ggml-cuda/ggml-cuda.cu:2665 calls=191 total_ms=0.218 avg_us=1.141 max_us=6
   3 /opt/llama.cpp/ggml/src/ggml-cuda/ggml-cuda.cu:847 calls=150 total_ms=0.114 avg_us=0.760 max_us=2
=== END CUDA SYNC PROFILE ===
backend-sync-trace: count=16900 backend=CUDA0 caller=ggml_backend_sched_synchronize+0x52

=== CUDA SYNC PROFILE (instrumentation only) ===
total_syncs = 16900
total_wait_ms = 9743.266
max_wait_us = 140101
sites = 5
wait_hist_us = logarithmic buckets
  hist[0] = 15488
  hist[1] = 741
  hist[2] = 38
  hist[3] = 16
  hist[4] = 7
  hist[9] = 109
  hist[10] = 237
  hist[11] = 60
  hist[14] = 66
  hist[15] = 116
  hist[16] = 21
  hist[17] = 1
by_callsite (caller PC; symbolize with addr2line):
   0 caller=0x7cd3d6f010c2 calls=6881 total_ms=9737.746 avg_us=1415.164 max_us=140101
   1 caller=0x7cd3d6f0586c calls=5522 total_ms=2.174 avg_us=0.394 max_us=18
   2 caller=0x7cd3d6f0577c calls=2044 total_ms=1.757 avg_us=0.860 max_us=30
   3 caller=0x7cd3d6f0599d calls=2044 total_ms=0.808 avg_us=0.395 max_us=2
   4 caller=0x7cd3d6f04732 calls=409 total_ms=0.781 avg_us=1.910 max_us=17
direct_cudaStreamSynchronize: calls=7506 total_ms=36.181 max_us=2474
by_direct_callsite (file:line):
   0 /opt/llama.cpp/ggml/src/ggml-cuda/ggml-cuda.cu:839 calls=7153 total_ms=30.067 avg_us=4.203 max_us=355
   1 /opt/llama.cpp/ggml/src/ggml-cuda/ggml-cuda.cu:900 calls=12 total_ms=5.782 avg_us=481.833 max_us=2474
   2 /opt/llama.cpp/ggml/src/ggml-cuda/ggml-cuda.cu:2665 calls=191 total_ms=0.218 avg_us=1.141 max_us=6
   3 /opt/llama.cpp/ggml/src/ggml-cuda/ggml-cuda.cu:847 calls=150 total_ms=0.114 avg_us=0.760 max_us=2
=== END CUDA SYNC PROFILE ===
backend-sync-trace: count=17000 backend=CUDA0 caller=ggml_backend_sched_graph_compute_async_ext+0xecc

=== CUDA SYNC PROFILE (instrumentation only) ===
total_syncs = 17000
total_wait_ms = 9771.917
max_wait_us = 140101
sites = 5
wait_hist_us = logarithmic buckets
  hist[0] = 15581
  hist[1] = 744
  hist[2] = 38
  hist[3] = 16
  hist[4] = 7
  hist[9] = 111
  hist[10] = 238
  hist[11] = 60
  hist[14] = 67
  hist[15] = 116
  hist[16] = 21
  hist[17] = 1
by_callsite (caller PC; symbolize with addr2line):
   0 caller=0x7cd3d6f010c2 calls=6917 total_ms=9766.361 avg_us=1411.936 max_us=140101
   1 caller=0x7cd3d6f0586c calls=5555 total_ms=2.190 avg_us=0.394 max_us=18
   2 caller=0x7cd3d6f0577c calls=2058 total_ms=1.766 avg_us=0.858 max_us=30
   3 caller=0x7cd3d6f0599d calls=2058 total_ms=0.814 avg_us=0.396 max_us=2
   4 caller=0x7cd3d6f04732 calls=412 total_ms=0.786 avg_us=1.908 max_us=17
direct_cudaStreamSynchronize: calls=7550 total_ms=36.350 max_us=2474
by_direct_callsite (file:line):
   0 /opt/llama.cpp/ggml/src/ggml-cuda/ggml-cuda.cu:839 calls=7197 total_ms=30.236 avg_us=4.201 max_us=355
   1 /opt/llama.cpp/ggml/src/ggml-cuda/ggml-cuda.cu:900 calls=12 total_ms=5.782 avg_us=481.833 max_us=2474
   2 /opt/llama.cpp/ggml/src/ggml-cuda/ggml-cuda.cu:2665 calls=191 total_ms=0.218 avg_us=1.141 max_us=6
   3 /opt/llama.cpp/ggml/src/ggml-cuda/ggml-cuda.cu:847 calls=150 total_ms=0.114 avg_us=0.760 max_us=2
=== END CUDA SYNC PROFILE ===
backend-sync-trace: count=17100 backend=CUDA0 caller=ggml_backend_sched_graph_compute_async_ext+0xecc

=== CUDA SYNC PROFILE (instrumentation only) ===
total_syncs = 17100
total_wait_ms = 9801.554
max_wait_us = 140101
sites = 5
wait_hist_us = logarithmic buckets
  hist[0] = 15673
  hist[1] = 748
  hist[2] = 38
  hist[3] = 16
  hist[4] = 7
  hist[9] = 112
  hist[10] = 240
  hist[11] = 60
  hist[14] = 68
  hist[15] = 116
  hist[16] = 21
  hist[17] = 1
by_callsite (caller PC; symbolize with addr2line):
   0 caller=0x7cd3d6f010c2 calls=6955 total_ms=9795.964 avg_us=1408.478 max_us=140101
   1 caller=0x7cd3d6f0586c calls=5587 total_ms=2.200 avg_us=0.394 max_us=18
   2 caller=0x7cd3d6f0577c calls=2072 total_ms=1.776 avg_us=0.857 max_us=30
   3 caller=0x7cd3d6f0599d calls=2072 total_ms=0.824 avg_us=0.398 max_us=2
   4 caller=0x7cd3d6f04732 calls=414 total_ms=0.790 avg_us=1.908 max_us=17
direct_cudaStreamSynchronize: calls=7593 total_ms=36.518 max_us=2474
by_direct_callsite (file:line):
   0 /opt/llama.cpp/ggml/src/ggml-cuda/ggml-cuda.cu:839 calls=7240 total_ms=30.404 avg_us=4.199 max_us=355
   1 /opt/llama.cpp/ggml/src/ggml-cuda/ggml-cuda.cu:900 calls=12 total_ms=5.782 avg_us=481.833 max_us=2474
   2 /opt/llama.cpp/ggml/src/ggml-cuda/ggml-cuda.cu:2665 calls=191 total_ms=0.218 avg_us=1.141 max_us=6
   3 /opt/llama.cpp/ggml/src/ggml-cuda/ggml-cuda.cu:847 calls=150 total_ms=0.114 avg_us=0.760 max_us=2
=== END CUDA SYNC PROFILE ===

=== CUDA SYNC PROFILE (instrumentation only) ===
total_syncs = 17106
total_wait_ms = 9801.556
max_wait_us = 140101
sites = 5
wait_hist_us = logarithmic buckets
  hist[0] = 15679
  hist[1] = 748
  hist[2] = 38
  hist[3] = 16
  hist[4] = 7
  hist[9] = 112
  hist[10] = 240
  hist[11] = 60
  hist[14] = 68
  hist[15] = 116
  hist[16] = 21
  hist[17] = 1
by_callsite (caller PC; symbolize with addr2line):
   0 caller=0x7cd3d6f010c2 calls=6955 total_ms=9795.964 avg_us=1408.478 max_us=140101
   1 caller=0x7cd3d6f0586c calls=5593 total_ms=2.202 avg_us=0.394 max_us=18
   2 caller=0x7cd3d6f0577c calls=2072 total_ms=1.776 avg_us=0.857 max_us=30
   3 caller=0x7cd3d6f0599d calls=2072 total_ms=0.824 avg_us=0.398 max_us=2
   4 caller=0x7cd3d6f04732 calls=414 total_ms=0.790 avg_us=1.908 max_us=17
direct_cudaStreamSynchronize: calls=7600 total_ms=36.557 max_us=2474
by_direct_callsite (file:line):
   0 /opt/llama.cpp/ggml/src/ggml-cuda/ggml-cuda.cu:839 calls=7247 total_ms=30.443 avg_us=4.201 max_us=355
   1 /opt/llama.cpp/ggml/src/ggml-cuda/ggml-cuda.cu:900 calls=12 total_ms=5.782 avg_us=481.833 max_us=2474
   2 /opt/llama.cpp/ggml/src/ggml-cuda/ggml-cuda.cu:2665 calls=191 total_ms=0.218 avg_us=1.141 max_us=6
   3 /opt/llama.cpp/ggml/src/ggml-cuda/ggml-cuda.cu:847 calls=150 total_ms=0.114 avg_us=0.760 max_us=2
=== END CUDA SYNC PROFILE ===
backend-sync-trace: count=17200 backend=CUDA0 caller=ggml_backend_sched_synchronize+0x52

=== CUDA SYNC PROFILE (instrumentation only) ===
total_syncs = 17200
total_wait_ms = 9865.195
max_wait_us = 140101
sites = 5
wait_hist_us = logarithmic buckets
  hist[0] = 15762
  hist[1] = 755
  hist[2] = 38
  hist[3] = 16
  hist[4] = 7
  hist[9] = 114
  hist[10] = 240
  hist[11] = 60
  hist[14] = 70
  hist[15] = 116
  hist[16] = 21
  hist[17] = 1
by_callsite (caller PC; symbolize with addr2line):
   0 caller=0x7cd3d6f010c2 calls=6985 total_ms=9859.571 avg_us=1411.535 max_us=140101
   1 caller=0x7cd3d6f0586c calls=5630 total_ms=2.216 avg_us=0.394 max_us=18
   2 caller=0x7cd3d6f0577c calls=2084 total_ms=1.784 avg_us=0.856 max_us=30
   3 caller=0x7cd3d6f0599d calls=2084 total_ms=0.828 avg_us=0.397 max_us=2
   4 caller=0x7cd3d6f04732 calls=417 total_ms=0.796 avg_us=1.909 max_us=17
direct_cudaStreamSynchronize: calls=7646 total_ms=36.738 max_us=2474
by_direct_callsite (file:line):
   0 /opt/llama.cpp/ggml/src/ggml-cuda/ggml-cuda.cu:839 calls=7293 total_ms=30.624 avg_us=4.199 max_us=355
   1 /opt/llama.cpp/ggml/src/ggml-cuda/ggml-cuda.cu:900 calls=12 total_ms=5.782 avg_us=481.833 max_us=2474
   2 /opt/llama.cpp/ggml/src/ggml-cuda/ggml-cuda.cu:2665 calls=191 total_ms=0.218 avg_us=1.141 max_us=6
   3 /opt/llama.cpp/ggml/src/ggml-cuda/ggml-cuda.cu:847 calls=150 total_ms=0.114 avg_us=0.760 max_us=2
=== END CUDA SYNC PROFILE ===
backend-sync-trace: count=17300 backend=CUDA0 caller=ggml_backend_sched_synchronize+0x52

=== CUDA SYNC PROFILE (instrumentation only) ===
total_syncs = 17300
total_wait_ms = 9904.837
max_wait_us = 140101
sites = 5
wait_hist_us = logarithmic buckets
  hist[0] = 15855
  hist[1] = 759
  hist[2] = 38
  hist[3] = 16
  hist[4] = 7
  hist[9] = 116
  hist[10] = 240
  hist[11] = 60
  hist[14] = 70
  hist[15] = 117
  hist[16] = 21
  hist[17] = 1
by_callsite (caller PC; symbolize with addr2line):
   0 caller=0x7cd3d6f010c2 calls=7036 total_ms=9899.189 avg_us=1406.934 max_us=140101
   1 caller=0x7cd3d6f0586c calls=5657 total_ms=2.224 avg_us=0.393 max_us=18
   2 caller=0x7cd3d6f0577c calls=2094 total_ms=1.791 avg_us=0.855 max_us=30
   3 caller=0x7cd3d6f0599d calls=2094 total_ms=0.833 avg_us=0.398 max_us=2
   4 caller=0x7cd3d6f04732 calls=419 total_ms=0.800 avg_us=1.909 max_us=17
direct_cudaStreamSynchronize: calls=7681 total_ms=36.882 max_us=2474
by_direct_callsite (file:line):
   0 /opt/llama.cpp/ggml/src/ggml-cuda/ggml-cuda.cu:839 calls=7328 total_ms=30.768 avg_us=4.199 max_us=355
   1 /opt/llama.cpp/ggml/src/ggml-cuda/ggml-cuda.cu:900 calls=12 total_ms=5.782 avg_us=481.833 max_us=2474
   2 /opt/llama.cpp/ggml/src/ggml-cuda/ggml-cuda.cu:2665 calls=191 total_ms=0.218 avg_us=1.141 max_us=6
   3 /opt/llama.cpp/ggml/src/ggml-cuda/ggml-cuda.cu:847 calls=150 total_ms=0.114 avg_us=0.760 max_us=2
=== END CUDA SYNC PROFILE ===

=== CUDA SYNC PROFILE (instrumentation only) ===
total_syncs = 17347
total_wait_ms = 9906.716
max_wait_us = 140101
sites = 5
wait_hist_us = logarithmic buckets
  hist[0] = 15898
  hist[1] = 761
  hist[2] = 38
  hist[3] = 16
  hist[4] = 7
  hist[9] = 118
  hist[10] = 240
  hist[11] = 60
  hist[14] = 70
  hist[15] = 117
  hist[16] = 21
  hist[17] = 1
by_callsite (caller PC; symbolize with addr2line):
   0 caller=0x7cd3d6f010c2 calls=7054 total_ms=9901.054 avg_us=1403.608 max_us=140101
   1 caller=0x7cd3d6f0586c calls=5669 total_ms=2.228 avg_us=0.393 max_us=18
   2 caller=0x7cd3d6f0577c calls=2102 total_ms=1.797 avg_us=0.855 max_us=30
   3 caller=0x7cd3d6f0599d calls=2102 total_ms=0.835 avg_us=0.397 max_us=2
   4 caller=0x7cd3d6f04732 calls=420 total_ms=0.802 avg_us=1.910 max_us=17
direct_cudaStreamSynchronize: calls=7700 total_ms=36.968 max_us=2474
by_direct_callsite (file:line):
   0 /opt/llama.cpp/ggml/src/ggml-cuda/ggml-cuda.cu:839 calls=7347 total_ms=30.854 avg_us=4.200 max_us=355
   1 /opt/llama.cpp/ggml/src/ggml-cuda/ggml-cuda.cu:900 calls=12 total_ms=5.782 avg_us=481.833 max_us=2474
   2 /opt/llama.cpp/ggml/src/ggml-cuda/ggml-cuda.cu:2665 calls=191 total_ms=0.218 avg_us=1.141 max_us=6
   3 /opt/llama.cpp/ggml/src/ggml-cuda/ggml-cuda.cu:847 calls=150 total_ms=0.114 avg_us=0.760 max_us=2
=== END CUDA SYNC PROFILE ===
backend-sync-trace: count=17400 backend=CUDA0 caller=ggml_backend_sched_synchronize+0x52

=== CUDA SYNC PROFILE (instrumentation only) ===
total_syncs = 17400
total_wait_ms = 9936.780
max_wait_us = 140101
sites = 5
wait_hist_us = logarithmic buckets
  hist[0] = 15948
  hist[1] = 762
  hist[2] = 38
  hist[3] = 16
  hist[4] = 7
  hist[9] = 118
  hist[10] = 241
  hist[11] = 60
  hist[14] = 71
  hist[15] = 117
  hist[16] = 21
  hist[17] = 1
by_callsite (caller PC; symbolize with addr2line):
   0 caller=0x7cd3d6f010c2 calls=7078 total_ms=9931.104 avg_us=1403.095 max_us=140101
   1 caller=0x7cd3d6f0586c calls=5688 total_ms=2.236 avg_us=0.393 max_us=18
   2 caller=0x7cd3d6f0577c calls=2106 total_ms=1.800 avg_us=0.855 max_us=30
   3 caller=0x7cd3d6f0599d calls=2106 total_ms=0.835 avg_us=0.396 max_us=2
   4 caller=0x7cd3d6f04732 calls=422 total_ms=0.805 avg_us=1.908 max_us=17
direct_cudaStreamSynchronize: calls=7722 total_ms=37.042 max_us=2474
by_direct_callsite (file:line):
   0 /opt/llama.cpp/ggml/src/ggml-cuda/ggml-cuda.cu:839 calls=7369 total_ms=30.928 avg_us=4.197 max_us=355
   1 /opt/llama.cpp/ggml/src/ggml-cuda/ggml-cuda.cu:900 calls=12 total_ms=5.782 avg_us=481.833 max_us=2474
   2 /opt/llama.cpp/ggml/src/ggml-cuda/ggml-cuda.cu:2665 calls=191 total_ms=0.218 avg_us=1.141 max_us=6
   3 /opt/llama.cpp/ggml/src/ggml-cuda/ggml-cuda.cu:847 calls=150 total_ms=0.114 avg_us=0.760 max_us=2
=== END CUDA SYNC PROFILE ===
backend-sync-trace: count=17500 backend=CUDA0 caller=ggml_backend_sched_graph_compute_async_ext+0xecc

=== CUDA SYNC PROFILE (instrumentation only) ===
total_syncs = 17500
total_wait_ms = 9967.877
max_wait_us = 140101
sites = 5
wait_hist_us = logarithmic buckets
  hist[0] = 16040
  hist[1] = 766
  hist[2] = 38
  hist[3] = 16
  hist[4] = 7
  hist[9] = 120
  hist[10] = 242
  hist[11] = 60
  hist[14] = 72
  hist[15] = 117
  hist[16] = 21
  hist[17] = 1
by_callsite (caller PC; symbolize with addr2line):
   0 caller=0x7cd3d6f010c2 calls=7110 total_ms=9962.158 avg_us=1401.147 max_us=140101
   1 caller=0x7cd3d6f0586c calls=5722 total_ms=2.252 avg_us=0.394 max_us=18
   2 caller=0x7cd3d6f0577c calls=2122 total_ms=1.816 avg_us=0.856 max_us=30
   3 caller=0x7cd3d6f0599d calls=2122 total_ms=0.842 avg_us=0.397 max_us=2
   4 caller=0x7cd3d6f04732 calls=424 total_ms=0.809 avg_us=1.908 max_us=17
direct_cudaStreamSynchronize: calls=7768 total_ms=37.223 max_us=2474
by_direct_callsite (file:line):
   0 /opt/llama.cpp/ggml/src/ggml-cuda/ggml-cuda.cu:839 calls=7415 total_ms=31.109 avg_us=4.195 max_us=355
   1 /opt/llama.cpp/ggml/src/ggml-cuda/ggml-cuda.cu:900 calls=12 total_ms=5.782 avg_us=481.833 max_us=2474
   2 /opt/llama.cpp/ggml/src/ggml-cuda/ggml-cuda.cu:2665 calls=191 total_ms=0.218 avg_us=1.141 max_us=6
   3 /opt/llama.cpp/ggml/src/ggml-cuda/ggml-cuda.cu:847 calls=150 total_ms=0.114 avg_us=0.760 max_us=2
=== END CUDA SYNC PROFILE ===

=== CUDA SYNC PROFILE (instrumentation only) ===
total_syncs = 17573
total_wait_ms = 10008.300
max_wait_us = 140101
sites = 5
wait_hist_us = logarithmic buckets
  hist[0] = 16107
  hist[1] = 769
  hist[2] = 38
  hist[3] = 16
  hist[4] = 7
  hist[9] = 121
  hist[10] = 243
  hist[11] = 60
  hist[14] = 72
  hist[15] = 118
  hist[16] = 21
  hist[17] = 1
by_callsite (caller PC; symbolize with addr2line):
   0 caller=0x7cd3d6f010c2 calls=7141 total_ms=10002.559 avg_us=1400.722 max_us=140101
   1 caller=0x7cd3d6f0586c calls=5746 total_ms=2.262 avg_us=0.394 max_us=18
   2 caller=0x7cd3d6f0577c calls=2130 total_ms=1.823 avg_us=0.856 max_us=30
   3 caller=0x7cd3d6f0599d calls=2130 total_ms=0.843 avg_us=0.396 max_us=2
   4 caller=0x7cd3d6f04732 calls=426 total_ms=0.813 avg_us=1.908 max_us=17
direct_cudaStreamSynchronize: calls=7800 total_ms=37.378 max_us=2474
by_direct_callsite (file:line):
   0 /opt/llama.cpp/ggml/src/ggml-cuda/ggml-cuda.cu:839 calls=7447 total_ms=31.264 avg_us=4.198 max_us=355
   1 /opt/llama.cpp/ggml/src/ggml-cuda/ggml-cuda.cu:900 calls=12 total_ms=5.782 avg_us=481.833 max_us=2474
   2 /opt/llama.cpp/ggml/src/ggml-cuda/ggml-cuda.cu:2665 calls=191 total_ms=0.218 avg_us=1.141 max_us=6
   3 /opt/llama.cpp/ggml/src/ggml-cuda/ggml-cuda.cu:847 calls=150 total_ms=0.114 avg_us=0.760 max_us=2
=== END CUDA SYNC PROFILE ===
backend-sync-trace: count=17600 backend=CUDA0 caller=ggml_backend_sched_graph_compute_async_ext+0xecc

=== CUDA SYNC PROFILE (instrumentation only) ===
total_syncs = 17600
total_wait_ms = 10033.252
max_wait_us = 140101
sites = 5
wait_hist_us = logarithmic buckets
  hist[0] = 16133
  hist[1] = 769
  hist[2] = 38
  hist[3] = 16
  hist[4] = 7
  hist[9] = 121
  hist[10] = 243
  hist[11] = 60
  hist[14] = 73
  hist[15] = 118
  hist[16] = 21
  hist[17] = 1
by_callsite (caller PC; symbolize with addr2line):
   0 caller=0x7cd3d6f010c2 calls=7143 total_ms=10027.503 avg_us=1403.822 max_us=140101
   1 caller=0x7cd3d6f0586c calls=5762 total_ms=2.267 avg_us=0.393 max_us=18
   2 caller=0x7cd3d6f0577c calls=2134 total_ms=1.824 avg_us=0.855 max_us=30
   3 caller=0x7cd3d6f0599d calls=2134 total_ms=0.844 avg_us=0.396 max_us=2
   4 caller=0x7cd3d6f04732 calls=427 total_ms=0.814 avg_us=1.906 max_us=17
direct_cudaStreamSynchronize: calls=7818 total_ms=37.463 max_us=2474
by_direct_callsite (file:line):
   0 /opt/llama.cpp/ggml/src/ggml-cuda/ggml-cuda.cu:839 calls=7465 total_ms=31.349 avg_us=4.199 max_us=355
   1 /opt/llama.cpp/ggml/src/ggml-cuda/ggml-cuda.cu:900 calls=12 total_ms=5.782 avg_us=481.833 max_us=2474
   2 /opt/llama.cpp/ggml/src/ggml-cuda/ggml-cuda.cu:2665 calls=191 total_ms=0.218 avg_us=1.141 max_us=6
   3 /opt/llama.cpp/ggml/src/ggml-cuda/ggml-cuda.cu:847 calls=150 total_ms=0.114 avg_us=0.760 max_us=2
=== END CUDA SYNC PROFILE ===
backend-sync-trace: count=17700 backend=CUDA0 caller=ggml_backend_sched_synchronize+0x52

=== CUDA SYNC PROFILE (instrumentation only) ===
total_syncs = 17700
total_wait_ms = 10060.159
max_wait_us = 140101
sites = 5
wait_hist_us = logarithmic buckets
  hist[0] = 16227
  hist[1] = 772
  hist[2] = 38
  hist[3] = 16
  hist[4] = 7
  hist[9] = 122
  hist[10] = 244
  hist[11] = 60
  hist[14] = 74
  hist[15] = 118
  hist[16] = 21
  hist[17] = 1
by_callsite (caller PC; symbolize with addr2line):
   0 caller=0x7cd3d6f010c2 calls=7191 total_ms=10054.386 avg_us=1398.190 max_us=140101
   1 caller=0x7cd3d6f0586c calls=5792 total_ms=2.275 avg_us=0.393 max_us=18
   2 caller=0x7cd3d6f0577c calls=2144 total_ms=1.831 avg_us=0.854 max_us=30
   3 caller=0x7cd3d6f0599d calls=2144 total_ms=0.849 avg_us=0.396 max_us=2
   4 caller=0x7cd3d6f04732 calls=429 total_ms=0.818 avg_us=1.907 max_us=17
direct_cudaStreamSynchronize: calls=7856 total_ms=37.623 max_us=2474
by_direct_callsite (file:line):
   0 /opt/llama.cpp/ggml/src/ggml-cuda/ggml-cuda.cu:839 calls=7503 total_ms=31.509 avg_us=4.200 max_us=355
   1 /opt/llama.cpp/ggml/src/ggml-cuda/ggml-cuda.cu:900 calls=12 total_ms=5.782 avg_us=481.833 max_us=2474
   2 /opt/llama.cpp/ggml/src/ggml-cuda/ggml-cuda.cu:2665 calls=191 total_ms=0.218 avg_us=1.141 max_us=6
   3 /opt/llama.cpp/ggml/src/ggml-cuda/ggml-cuda.cu:847 calls=150 total_ms=0.114 avg_us=0.760 max_us=2
=== END CUDA SYNC PROFILE ===
backend-sync-trace: count=17800 backend=CUDA0 caller=ggml_backend_sched_graph_compute_async_ext+0xddc

=== CUDA SYNC PROFILE (instrumentation only) ===
total_syncs = 17800
total_wait_ms = 10102.145
max_wait_us = 140101
sites = 5
wait_hist_us = logarithmic buckets
  hist[0] = 16319
  hist[1] = 777
  hist[2] = 38
  hist[3] = 16
  hist[4] = 7
  hist[9] = 122
  hist[10] = 246
  hist[11] = 60
  hist[14] = 74
  hist[15] = 119
  hist[16] = 21
  hist[17] = 1
by_callsite (caller PC; symbolize with addr2line):
   0 caller=0x7cd3d6f010c2 calls=7238 total_ms=10096.343 avg_us=1394.908 max_us=140101
   1 caller=0x7cd3d6f0586c calls=5819 total_ms=2.286 avg_us=0.393 max_us=18
   2 caller=0x7cd3d6f0577c calls=2156 total_ms=1.840 avg_us=0.853 max_us=30
   3 caller=0x7cd3d6f0599d calls=2155 total_ms=0.853 avg_us=0.396 max_us=2
   4 caller=0x7cd3d6f04732 calls=432 total_ms=0.823 avg_us=1.905 max_us=17
direct_cudaStreamSynchronize: calls=7892 total_ms=37.771 max_us=2474
by_direct_callsite (file:line):
   0 /opt/llama.cpp/ggml/src/ggml-cuda/ggml-cuda.cu:839 calls=7539 total_ms=31.657 avg_us=4.199 max_us=355
   1 /opt/llama.cpp/ggml/src/ggml-cuda/ggml-cuda.cu:900 calls=12 total_ms=5.782 avg_us=481.833 max_us=2474
   2 /opt/llama.cpp/ggml/src/ggml-cuda/ggml-cuda.cu:2665 calls=191 total_ms=0.218 avg_us=1.141 max_us=6
   3 /opt/llama.cpp/ggml/src/ggml-cuda/ggml-cuda.cu:847 calls=150 total_ms=0.114 avg_us=0.760 max_us=2
=== END CUDA SYNC PROFILE ===

=== CUDA SYNC PROFILE (instrumentation only) ===
total_syncs = 17817
total_wait_ms = 10103.076
max_wait_us = 140101
sites = 5
wait_hist_us = logarithmic buckets
  hist[0] = 16335
  hist[1] = 777
  hist[2] = 38
  hist[3] = 16
  hist[4] = 7
  hist[9] = 123
  hist[10] = 246
  hist[11] = 60
  hist[14] = 74
  hist[15] = 119
  hist[16] = 21
  hist[17] = 1
by_callsite (caller PC; symbolize with addr2line):
   0 caller=0x7cd3d6f010c2 calls=7245 total_ms=10097.270 avg_us=1393.688 max_us=140101
   1 caller=0x7cd3d6f0586c calls=5824 total_ms=2.289 avg_us=0.393 max_us=18
   2 caller=0x7cd3d6f0577c calls=2158 total_ms=1.841 avg_us=0.853 max_us=30
   3 caller=0x7cd3d6f0599d calls=2158 total_ms=0.853 avg_us=0.395 max_us=2
   4 caller=0x7cd3d6f04732 calls=432 total_ms=0.823 avg_us=1.905 max_us=17
direct_cudaStreamSynchronize: calls=7900 total_ms=37.799 max_us=2474
by_direct_callsite (file:line):
   0 /opt/llama.cpp/ggml/src/ggml-cuda/ggml-cuda.cu:839 calls=7547 total_ms=31.685 avg_us=4.198 max_us=355
   1 /opt/llama.cpp/ggml/src/ggml-cuda/ggml-cuda.cu:900 calls=12 total_ms=5.782 avg_us=481.833 max_us=2474
   2 /opt/llama.cpp/ggml/src/ggml-cuda/ggml-cuda.cu:2665 calls=191 total_ms=0.218 avg_us=1.141 max_us=6
   3 /opt/llama.cpp/ggml/src/ggml-cuda/ggml-cuda.cu:847 calls=150 total_ms=0.114 avg_us=0.760 max_us=2
=== END CUDA SYNC PROFILE ===
backend-sync-trace: count=17900 backend=CUDA0 caller=ggml_backend_sched_graph_compute_async_ext+0xecc

=== CUDA SYNC PROFILE (instrumentation only) ===
total_syncs = 17900
total_wait_ms = 10131.519
max_wait_us = 140101
sites = 5
wait_hist_us = logarithmic buckets
  hist[0] = 16412
  hist[1] = 780
  hist[2] = 38
  hist[3] = 16
  hist[4] = 7
  hist[9] = 124
  hist[10] = 246
  hist[11] = 61
  hist[14] = 75
  hist[15] = 119
  hist[16] = 21
  hist[17] = 1
by_callsite (caller PC; symbolize with addr2line):
   0 caller=0x7cd3d6f010c2 calls=7276 total_ms=10125.688 avg_us=1391.656 max_us=140101
   1 caller=0x7cd3d6f0586c calls=5854 total_ms=2.297 avg_us=0.392 max_us=18
   2 caller=0x7cd3d6f0577c calls=2168 total_ms=1.848 avg_us=0.852 max_us=30
   3 caller=0x7cd3d6f0599d calls=2168 total_ms=0.859 avg_us=0.396 max_us=2
   4 caller=0x7cd3d6f04732 calls=434 total_ms=0.827 avg_us=1.906 max_us=17
direct_cudaStreamSynchronize: calls=7937 total_ms=37.947 max_us=2474
by_direct_callsite (file:line):
   0 /opt/llama.cpp/ggml/src/ggml-cuda/ggml-cuda.cu:839 calls=7584 total_ms=31.833 avg_us=4.197 max_us=355
   1 /opt/llama.cpp/ggml/src/ggml-cuda/ggml-cuda.cu:900 calls=12 total_ms=5.782 avg_us=481.833 max_us=2474
   2 /opt/llama.cpp/ggml/src/ggml-cuda/ggml-cuda.cu:2665 calls=191 total_ms=0.218 avg_us=1.141 max_us=6
   3 /opt/llama.cpp/ggml/src/ggml-cuda/ggml-cuda.cu:847 calls=150 total_ms=0.114 avg_us=0.760 max_us=2
=== END CUDA SYNC PROFILE ===
backend-sync-trace: count=18000 backend=CUDA0 caller=ggml_backend_sched_graph_compute_async_ext+0xecc

=== CUDA SYNC PROFILE (instrumentation only) ===
total_syncs = 18000
total_wait_ms = 10175.408
max_wait_us = 140101
sites = 5
wait_hist_us = logarithmic buckets
  hist[0] = 16505
  hist[1] = 783
  hist[2] = 38
  hist[3] = 16
  hist[4] = 7
  hist[9] = 125
  hist[10] = 248
  hist[11] = 61
  hist[14] = 75
  hist[15] = 120
  hist[16] = 21
  hist[17] = 1
by_callsite (caller PC; symbolize with addr2line):
   0 caller=0x7cd3d6f010c2 calls=7308 total_ms=10169.545 avg_us=1391.563 max_us=140101
   1 caller=0x7cd3d6f0586c calls=5892 total_ms=2.310 avg_us=0.392 max_us=18
   2 caller=0x7cd3d6f0577c calls=2182 total_ms=1.859 avg_us=0.852 max_us=30
   3 caller=0x7cd3d6f0599d calls=2182 total_ms=0.864 avg_us=0.396 max_us=2
   4 caller=0x7cd3d6f04732 calls=436 total_ms=0.830 avg_us=1.904 max_us=17
direct_cudaStreamSynchronize: calls=7986 total_ms=38.149 max_us=2474
by_direct_callsite (file:line):
   0 /opt/llama.cpp/ggml/src/ggml-cuda/ggml-cuda.cu:839 calls=7633 total_ms=32.035 avg_us=4.197 max_us=355
   1 /opt/llama.cpp/ggml/src/ggml-cuda/ggml-cuda.cu:900 calls=12 total_ms=5.782 avg_us=481.833 max_us=2474
   2 /opt/llama.cpp/ggml/src/ggml-cuda/ggml-cuda.cu:2665 calls=191 total_ms=0.218 avg_us=1.141 max_us=6
   3 /opt/llama.cpp/ggml/src/ggml-cuda/ggml-cuda.cu:847 calls=150 total_ms=0.114 avg_us=0.760 max_us=2
=== END CUDA SYNC PROFILE ===

=== CUDA SYNC PROFILE (instrumentation only) ===
total_syncs = 18031
total_wait_ms = 10197.763
max_wait_us = 140101
sites = 5
wait_hist_us = logarithmic buckets
  hist[0] = 16534
  hist[1] = 784
  hist[2] = 38
  hist[3] = 16
  hist[4] = 7
  hist[9] = 125
  hist[10] = 248
  hist[11] = 61
  hist[14] = 76
  hist[15] = 120
  hist[16] = 21
  hist[17] = 1
by_callsite (caller PC; symbolize with addr2line):
   0 caller=0x7cd3d6f010c2 calls=7319 total_ms=10191.889 avg_us=1392.525 max_us=140101
   1 caller=0x7cd3d6f0586c calls=5902 total_ms=2.314 avg_us=0.392 max_us=18
   2 caller=0x7cd3d6f0577c calls=2186 total_ms=1.862 avg_us=0.852 max_us=30
   3 caller=0x7cd3d6f0599d calls=2186 total_ms=0.865 avg_us=0.396 max_us=2
   4 caller=0x7cd3d6f04732 calls=438 total_ms=0.833 avg_us=1.902 max_us=17
direct_cudaStreamSynchronize: calls=8000 total_ms=38.202 max_us=2474
by_direct_callsite (file:line):
   0 /opt/llama.cpp/ggml/src/ggml-cuda/ggml-cuda.cu:839 calls=7647 total_ms=32.088 avg_us=4.196 max_us=355
   1 /opt/llama.cpp/ggml/src/ggml-cuda/ggml-cuda.cu:900 calls=12 total_ms=5.782 avg_us=481.833 max_us=2474
   2 /opt/llama.cpp/ggml/src/ggml-cuda/ggml-cuda.cu:2665 calls=191 total_ms=0.218 avg_us=1.141 max_us=6
   3 /opt/llama.cpp/ggml/src/ggml-cuda/ggml-cuda.cu:847 calls=150 total_ms=0.114 avg_us=0.760 max_us=2
=== END CUDA SYNC PROFILE ===
backend-sync-trace: count=18100 backend=CUDA0 caller=ggml_backend_sched_synchronize+0x52

=== CUDA SYNC PROFILE (instrumentation only) ===
total_syncs = 18100
total_wait_ms = 10242.113
max_wait_us = 140101
sites = 5
wait_hist_us = logarithmic buckets
  hist[0] = 16598
  hist[1] = 786
  hist[2] = 38
  hist[3] = 16
  hist[4] = 7
  hist[9] = 126
  hist[10] = 249
  hist[11] = 61
  hist[14] = 76
  hist[15] = 121
  hist[16] = 21
  hist[17] = 1
by_callsite (caller PC; symbolize with addr2line):
   0 caller=0x7cd3d6f010c2 calls=7346 total_ms=10236.216 avg_us=1393.441 max_us=140101
   1 caller=0x7cd3d6f0586c calls=5927 total_ms=2.324 avg_us=0.392 max_us=18
   2 caller=0x7cd3d6f0577c calls=2194 total_ms=1.870 avg_us=0.852 max_us=30
   3 caller=0x7cd3d6f0599d calls=2194 total_ms=0.868 avg_us=0.396 max_us=2
   4 caller=0x7cd3d6f04732 calls=439 total_ms=0.835 avg_us=1.902 max_us=17
direct_cudaStreamSynchronize: calls=8031 total_ms=38.330 max_us=2474
by_direct_callsite (file:line):
   0 /opt/llama.cpp/ggml/src/ggml-cuda/ggml-cuda.cu:839 calls=7678 total_ms=32.216 avg_us=4.196 max_us=355
   1 /opt/llama.cpp/ggml/src/ggml-cuda/ggml-cuda.cu:900 calls=12 total_ms=5.782 avg_us=481.833 max_us=2474
   2 /opt/llama.cpp/ggml/src/ggml-cuda/ggml-cuda.cu:2665 calls=191 total_ms=0.218 avg_us=1.141 max_us=6
   3 /opt/llama.cpp/ggml/src/ggml-cuda/ggml-cuda.cu:847 calls=150 total_ms=0.114 avg_us=0.760 max_us=2
=== END CUDA SYNC PROFILE ===
backend-sync-trace: count=18200 backend=CUDA0 caller=ggml_backend_sched_graph_compute_async_ext+0xddc

=== CUDA SYNC PROFILE (instrumentation only) ===
total_syncs = 18200
total_wait_ms = 10279.403
max_wait_us = 140101
sites = 5
wait_hist_us = logarithmic buckets
  hist[0] = 16692
  hist[1] = 788
  hist[2] = 39
  hist[3] = 16
  hist[4] = 7
  hist[9] = 126
  hist[10] = 251
  hist[11] = 61
  hist[14] = 76
  hist[15] = 122
  hist[16] = 21
  hist[17] = 1
by_callsite (caller PC; symbolize with addr2line):
   0 caller=0x7cd3d6f010c2 calls=7393 total_ms=10273.482 avg_us=1389.623 max_us=140101
   1 caller=0x7cd3d6f0586c calls=5954 total_ms=2.330 avg_us=0.391 max_us=18
   2 caller=0x7cd3d6f0577c calls=2206 total_ms=1.880 avg_us=0.852 max_us=30
   3 caller=0x7cd3d6f0599d calls=2205 total_ms=0.871 avg_us=0.395 max_us=2
   4 caller=0x7cd3d6f04732 calls=442 total_ms=0.840 avg_us=1.900 max_us=17
direct_cudaStreamSynchronize: calls=8067 total_ms=38.471 max_us=2474
by_direct_callsite (file:line):
   0 /opt/llama.cpp/ggml/src/ggml-cuda/ggml-cuda.cu:839 calls=7714 total_ms=32.357 avg_us=4.195 max_us=355
   1 /opt/llama.cpp/ggml/src/ggml-cuda/ggml-cuda.cu:900 calls=12 total_ms=5.782 avg_us=481.833 max_us=2474
   2 /opt/llama.cpp/ggml/src/ggml-cuda/ggml-cuda.cu:2665 calls=191 total_ms=0.218 avg_us=1.141 max_us=6
   3 /opt/llama.cpp/ggml/src/ggml-cuda/ggml-cuda.cu:847 calls=150 total_ms=0.114 avg_us=0.760 max_us=2
=== END CUDA SYNC PROFILE ===

=== CUDA SYNC PROFILE (instrumentation only) ===
total_syncs = 18259
total_wait_ms = 10345.536
max_wait_us = 140101
sites = 5
wait_hist_us = logarithmic buckets
  hist[0] = 16746
  hist[1] = 790
  hist[2] = 39
  hist[3] = 16
  hist[4] = 7
  hist[9] = 126
  hist[10] = 252
  hist[11] = 62
  hist[14] = 76
  hist[15] = 123
  hist[16] = 21
  hist[17] = 1
by_callsite (caller PC; symbolize with addr2line):
   0 caller=0x7cd3d6f010c2 calls=7409 total_ms=10339.597 avg_us=1395.546 max_us=140101
   1 caller=0x7cd3d6f0586c calls=5979 total_ms=2.335 avg_us=0.391 max_us=18
   2 caller=0x7cd3d6f0577c calls=2214 total_ms=1.888 avg_us=0.853 max_us=30
   3 caller=0x7cd3d6f0599d calls=2214 total_ms=0.874 avg_us=0.395 max_us=2
   4 caller=0x7cd3d6f04732 calls=443 total_ms=0.842 avg_us=1.901 max_us=17
direct_cudaStreamSynchronize: calls=8100 total_ms=38.603 max_us=2474
by_direct_callsite (file:line):
   0 /opt/llama.cpp/ggml/src/ggml-cuda/ggml-cuda.cu:839 calls=7747 total_ms=32.489 avg_us=4.194 max_us=355
   1 /opt/llama.cpp/ggml/src/ggml-cuda/ggml-cuda.cu:900 calls=12 total_ms=5.782 avg_us=481.833 max_us=2474
   2 /opt/llama.cpp/ggml/src/ggml-cuda/ggml-cuda.cu:2665 calls=191 total_ms=0.218 avg_us=1.141 max_us=6
   3 /opt/llama.cpp/ggml/src/ggml-cuda/ggml-cuda.cu:847 calls=150 total_ms=0.114 avg_us=0.760 max_us=2
=== END CUDA SYNC PROFILE ===
backend-sync-trace: count=18300 backend=CUDA0 caller=ggml_backend_sched_graph_compute_async_ext+0xffd

=== CUDA SYNC PROFILE (instrumentation only) ===
total_syncs = 18300
total_wait_ms = 10347.039
max_wait_us = 140101
sites = 5
wait_hist_us = logarithmic buckets
  hist[0] = 16785
  hist[1] = 791
  hist[2] = 39
  hist[3] = 16
  hist[4] = 7
  hist[9] = 126
  hist[10] = 253
  hist[11] = 62
  hist[14] = 76
  hist[15] = 123
  hist[16] = 21
  hist[17] = 1
by_callsite (caller PC; symbolize with addr2line):
   0 caller=0x7cd3d6f010c2 calls=7437 total_ms=10341.091 avg_us=1390.492 max_us=140101
   1 caller=0x7cd3d6f0586c calls=5985 total_ms=2.337 avg_us=0.390 max_us=18
   2 caller=0x7cd3d6f0577c calls=2217 total_ms=1.890 avg_us=0.853 max_us=30
   3 caller=0x7cd3d6f0599d calls=2217 total_ms=0.877 avg_us=0.396 max_us=2
   4 caller=0x7cd3d6f04732 calls=444 total_ms=0.844 avg_us=1.901 max_us=17
direct_cudaStreamSynchronize: calls=8107 total_ms=38.625 max_us=2474
by_direct_callsite (file:line):
   0 /opt/llama.cpp/ggml/src/ggml-cuda/ggml-cuda.cu:839 calls=7754 total_ms=32.511 avg_us=4.193 max_us=355
   1 /opt/llama.cpp/ggml/src/ggml-cuda/ggml-cuda.cu:900 calls=12 total_ms=5.782 avg_us=481.833 max_us=2474
   2 /opt/llama.cpp/ggml/src/ggml-cuda/ggml-cuda.cu:2665 calls=191 total_ms=0.218 avg_us=1.141 max_us=6
   3 /opt/llama.cpp/ggml/src/ggml-cuda/ggml-cuda.cu:847 calls=150 total_ms=0.114 avg_us=0.760 max_us=2
=== END CUDA SYNC PROFILE ===
backend-sync-trace: count=18400 backend=CUDA0 caller=ggml_backend_sched_graph_compute_async_ext+0xddc

=== CUDA SYNC PROFILE (instrumentation only) ===
total_syncs = 18400
total_wait_ms = 10415.539
max_wait_us = 140101
sites = 5
wait_hist_us = logarithmic buckets
  hist[0] = 16878
  hist[1] = 794
  hist[2] = 39
  hist[3] = 16
  hist[4] = 7
  hist[9] = 128
  hist[10] = 254
  hist[11] = 62
  hist[14] = 76
  hist[15] = 124
  hist[16] = 21
  hist[17] = 1
by_callsite (caller PC; symbolize with addr2line):
   0 caller=0x7cd3d6f010c2 calls=7481 total_ms=10409.566 avg_us=1391.467 max_us=140101
   1 caller=0x7cd3d6f0586c calls=6016 total_ms=2.346 avg_us=0.390 max_us=18
   2 caller=0x7cd3d6f0577c calls=2229 total_ms=1.899 avg_us=0.852 max_us=30
   3 caller=0x7cd3d6f0599d calls=2228 total_ms=0.881 avg_us=0.395 max_us=2
   4 caller=0x7cd3d6f04732 calls=446 total_ms=0.847 avg_us=1.899 max_us=17
direct_cudaStreamSynchronize: calls=8148 total_ms=38.799 max_us=2474
by_direct_callsite (file:line):
   0 /opt/llama.cpp/ggml/src/ggml-cuda/ggml-cuda.cu:839 calls=7795 total_ms=32.685 avg_us=4.193 max_us=355
   1 /opt/llama.cpp/ggml/src/ggml-cuda/ggml-cuda.cu:900 calls=12 total_ms=5.782 avg_us=481.833 max_us=2474
   2 /opt/llama.cpp/ggml/src/ggml-cuda/ggml-cuda.cu:2665 calls=191 total_ms=0.218 avg_us=1.141 max_us=6
   3 /opt/llama.cpp/ggml/src/ggml-cuda/ggml-cuda.cu:847 calls=150 total_ms=0.114 avg_us=0.760 max_us=2
=== END CUDA SYNC PROFILE ===
backend-sync-trace: count=18500 backend=CUDA0 caller=ggml_backend_sched_graph_compute_async_ext+0xecc

=== CUDA SYNC PROFILE (instrumentation only) ===
total_syncs = 18500
total_wait_ms = 10456.993
max_wait_us = 140101
sites = 5
wait_hist_us = logarithmic buckets
  hist[0] = 16973
  hist[1] = 795
  hist[2] = 40
  hist[3] = 16
  hist[4] = 7
  hist[9] = 128
  hist[10] = 256
  hist[11] = 62
  hist[14] = 76
  hist[15] = 125
  hist[16] = 21
  hist[17] = 1
by_callsite (caller PC; symbolize with addr2line):
   0 caller=0x7cd3d6f010c2 calls=7518 total_ms=10450.987 avg_us=1390.129 max_us=140101
   1 caller=0x7cd3d6f0586c calls=6050 total_ms=2.356 avg_us=0.389 max_us=18
   2 caller=0x7cd3d6f0577c calls=2242 total_ms=1.909 avg_us=0.851 max_us=30
   3 caller=0x7cd3d6f0599d calls=2242 total_ms=0.891 avg_us=0.397 max_us=2
   4 caller=0x7cd3d6f04732 calls=448 total_ms=0.850 avg_us=1.897 max_us=17
direct_cudaStreamSynchronize: calls=8192 total_ms=38.988 max_us=2474
by_direct_callsite (file:line):
   0 /opt/llama.cpp/ggml/src/ggml-cuda/ggml-cuda.cu:839 calls=7839 total_ms=32.874 avg_us=4.194 max_us=355
   1 /opt/llama.cpp/ggml/src/ggml-cuda/ggml-cuda.cu:900 calls=12 total_ms=5.782 avg_us=481.833 max_us=2474
   2 /opt/llama.cpp/ggml/src/ggml-cuda/ggml-cuda.cu:2665 calls=191 total_ms=0.218 avg_us=1.141 max_us=6
   3 /opt/llama.cpp/ggml/src/ggml-cuda/ggml-cuda.cu:847 calls=150 total_ms=0.114 avg_us=0.760 max_us=2
=== END CUDA SYNC PROFILE ===

=== CUDA SYNC PROFILE (instrumentation only) ===
total_syncs = 18507
total_wait_ms = 10456.996
max_wait_us = 140101
sites = 5
wait_hist_us = logarithmic buckets
  hist[0] = 16980
  hist[1] = 795
  hist[2] = 40
  hist[3] = 16
  hist[4] = 7
  hist[9] = 128
  hist[10] = 256
  hist[11] = 62
  hist[14] = 76
  hist[15] = 125
  hist[16] = 21
  hist[17] = 1
by_callsite (caller PC; symbolize with addr2line):
   0 caller=0x7cd3d6f010c2 calls=7518 total_ms=10450.987 avg_us=1390.129 max_us=140101
   1 caller=0x7cd3d6f0586c calls=6057 total_ms=2.359 avg_us=0.389 max_us=18
   2 caller=0x7cd3d6f0577c calls=2242 total_ms=1.909 avg_us=0.851 max_us=30
   3 caller=0x7cd3d6f0599d calls=2242 total_ms=0.891 avg_us=0.397 max_us=2
   4 caller=0x7cd3d6f04732 calls=448 total_ms=0.850 avg_us=1.897 max_us=17
direct_cudaStreamSynchronize: calls=8200 total_ms=39.009 max_us=2474
by_direct_callsite (file:line):
   0 /opt/llama.cpp/ggml/src/ggml-cuda/ggml-cuda.cu:839 calls=7847 total_ms=32.895 avg_us=4.192 max_us=355
   1 /opt/llama.cpp/ggml/src/ggml-cuda/ggml-cuda.cu:900 calls=12 total_ms=5.782 avg_us=481.833 max_us=2474
   2 /opt/llama.cpp/ggml/src/ggml-cuda/ggml-cuda.cu:2665 calls=191 total_ms=0.218 avg_us=1.141 max_us=6
   3 /opt/llama.cpp/ggml/src/ggml-cuda/ggml-cuda.cu:847 calls=150 total_ms=0.114 avg_us=0.760 max_us=2
=== END CUDA SYNC PROFILE ===
backend-sync-trace: count=18600 backend=CUDA0 caller=ggml_backend_sched_graph_compute_async_ext+0xddc

=== CUDA SYNC PROFILE (instrumentation only) ===
total_syncs = 18600
total_wait_ms = 10526.734
max_wait_us = 140101
sites = 5
wait_hist_us = logarithmic buckets
  hist[0] = 17067
  hist[1] = 797
  hist[2] = 40
  hist[3] = 16
  hist[4] = 7
  hist[9] = 129
  hist[10] = 257
  hist[11] = 62
  hist[14] = 77
  hist[15] = 126
  hist[16] = 21
  hist[17] = 1
by_callsite (caller PC; symbolize with addr2line):
   0 caller=0x7cd3d6f010c2 calls=7557 total_ms=10520.700 avg_us=1392.179 max_us=140101
   1 caller=0x7cd3d6f0586c calls=6085 total_ms=2.367 avg_us=0.389 max_us=18
   2 caller=0x7cd3d6f0577c calls=2254 total_ms=1.918 avg_us=0.851 max_us=30
   3 caller=0x7cd3d6f0599d calls=2253 total_ms=0.895 avg_us=0.397 max_us=2
   4 caller=0x7cd3d6f04732 calls=451 total_ms=0.854 avg_us=1.894 max_us=17
direct_cudaStreamSynchronize: calls=8237 total_ms=39.159 max_us=2474
by_direct_callsite (file:line):
   0 /opt/llama.cpp/ggml/src/ggml-cuda/ggml-cuda.cu:839 calls=7884 total_ms=33.045 avg_us=4.191 max_us=355
   1 /opt/llama.cpp/ggml/src/ggml-cuda/ggml-cuda.cu:900 calls=12 total_ms=5.782 avg_us=481.833 max_us=2474
   2 /opt/llama.cpp/ggml/src/ggml-cuda/ggml-cuda.cu:2665 calls=191 total_ms=0.218 avg_us=1.141 max_us=6
   3 /opt/llama.cpp/ggml/src/ggml-cuda/ggml-cuda.cu:847 calls=150 total_ms=0.114 avg_us=0.760 max_us=2
=== END CUDA SYNC PROFILE ===
backend-sync-trace: count=18700 backend=CUDA0 caller=ggml_backend_sched_graph_compute_async_ext+0xecc

=== CUDA SYNC PROFILE (instrumentation only) ===
total_syncs = 18700
total_wait_ms = 10556.302
max_wait_us = 140101
sites = 5
wait_hist_us = logarithmic buckets
  hist[0] = 17161
  hist[1] = 800
  hist[2] = 40
  hist[3] = 16
  hist[4] = 7
  hist[9] = 129
  hist[10] = 259
  hist[11] = 62
  hist[14] = 78
  hist[15] = 126
  hist[16] = 21
  hist[17] = 1
by_callsite (caller PC; symbolize with addr2line):
   0 caller=0x7cd3d6f010c2 calls=7597 total_ms=10550.241 avg_us=1388.738 max_us=140101
   1 caller=0x7cd3d6f0586c calls=6117 total_ms=2.377 avg_us=0.389 max_us=18
   2 caller=0x7cd3d6f0577c calls=2266 total_ms=1.927 avg_us=0.850 max_us=30
   3 caller=0x7cd3d6f0599d calls=2266 total_ms=0.898 avg_us=0.396 max_us=2
   4 caller=0x7cd3d6f04732 calls=454 total_ms=0.859 avg_us=1.892 max_us=17
direct_cudaStreamSynchronize: calls=8278 total_ms=39.327 max_us=2474
by_direct_callsite (file:line):
   0 /opt/llama.cpp/ggml/src/ggml-cuda/ggml-cuda.cu:839 calls=7925 total_ms=33.213 avg_us=4.191 max_us=355
   1 /opt/llama.cpp/ggml/src/ggml-cuda/ggml-cuda.cu:900 calls=12 total_ms=5.782 avg_us=481.833 max_us=2474
   2 /opt/llama.cpp/ggml/src/ggml-cuda/ggml-cuda.cu:2665 calls=191 total_ms=0.218 avg_us=1.141 max_us=6
   3 /opt/llama.cpp/ggml/src/ggml-cuda/ggml-cuda.cu:847 calls=150 total_ms=0.114 avg_us=0.760 max_us=2
=== END CUDA SYNC PROFILE ===

=== CUDA SYNC PROFILE (instrumentation only) ===
total_syncs = 18742
total_wait_ms = 10558.179
max_wait_us = 140101
sites = 5
wait_hist_us = logarithmic buckets
  hist[0] = 17200
  hist[1] = 801
  hist[2] = 40
  hist[3] = 16
  hist[4] = 7
  hist[9] = 131
  hist[10] = 259
  hist[11] = 62
  hist[14] = 78
  hist[15] = 126
  hist[16] = 21
  hist[17] = 1
by_callsite (caller PC; symbolize with addr2line):
   0 caller=0x7cd3d6f010c2 calls=7611 total_ms=10552.103 avg_us=1386.428 max_us=140101
   1 caller=0x7cd3d6f0586c calls=6133 total_ms=2.384 avg_us=0.389 max_us=18
   2 caller=0x7cd3d6f0577c calls=2272 total_ms=1.930 avg_us=0.849 max_us=30
   3 caller=0x7cd3d6f0599d calls=2272 total_ms=0.903 avg_us=0.397 max_us=2
   4 caller=0x7cd3d6f04732 calls=454 total_ms=0.859 avg_us=1.892 max_us=17
direct_cudaStreamSynchronize: calls=8300 total_ms=39.418 max_us=2474
by_direct_callsite (file:line):
   0 /opt/llama.cpp/ggml/src/ggml-cuda/ggml-cuda.cu:839 calls=7947 total_ms=33.304 avg_us=4.191 max_us=355
   1 /opt/llama.cpp/ggml/src/ggml-cuda/ggml-cuda.cu:900 calls=12 total_ms=5.782 avg_us=481.833 max_us=2474
   2 /opt/llama.cpp/ggml/src/ggml-cuda/ggml-cuda.cu:2665 calls=191 total_ms=0.218 avg_us=1.141 max_us=6
   3 /opt/llama.cpp/ggml/src/ggml-cuda/ggml-cuda.cu:847 calls=150 total_ms=0.114 avg_us=0.760 max_us=2
=== END CUDA SYNC PROFILE ===
backend-sync-trace: count=18800 backend=CUDA0 caller=ggml_backend_sched_graph_compute_async_ext+0xffd

=== CUDA SYNC PROFILE (instrumentation only) ===
total_syncs = 18800
total_wait_ms = 10590.698
max_wait_us = 140101
sites = 5
wait_hist_us = logarithmic buckets
  hist[0] = 17255
  hist[1] = 802
  hist[2] = 40
  hist[3] = 16
  hist[4] = 7
  hist[9] = 131
  hist[10] = 260
  hist[11] = 62
  hist[14] = 79
  hist[15] = 126
  hist[16] = 21
  hist[17] = 1
by_callsite (caller PC; symbolize with addr2line):
   0 caller=0x7cd3d6f010c2 calls=7641 total_ms=10584.608 avg_us=1385.239 max_us=140101
   1 caller=0x7cd3d6f0586c calls=6147 total_ms=2.390 avg_us=0.389 max_us=18
   2 caller=0x7cd3d6f0577c calls=2278 total_ms=1.934 avg_us=0.849 max_us=30
   3 caller=0x7cd3d6f0599d calls=2278 total_ms=0.904 avg_us=0.397 max_us=2
   4 caller=0x7cd3d6f04732 calls=456 total_ms=0.862 avg_us=1.890 max_us=17
direct_cudaStreamSynchronize: calls=8318 total_ms=39.484 max_us=2474
by_direct_callsite (file:line):
   0 /opt/llama.cpp/ggml/src/ggml-cuda/ggml-cuda.cu:839 calls=7965 total_ms=33.370 avg_us=4.190 max_us=355
   1 /opt/llama.cpp/ggml/src/ggml-cuda/ggml-cuda.cu:900 calls=12 total_ms=5.782 avg_us=481.833 max_us=2474
   2 /opt/llama.cpp/ggml/src/ggml-cuda/ggml-cuda.cu:2665 calls=191 total_ms=0.218 avg_us=1.141 max_us=6
   3 /opt/llama.cpp/ggml/src/ggml-cuda/ggml-cuda.cu:847 calls=150 total_ms=0.114 avg_us=0.760 max_us=2
=== END CUDA SYNC PROFILE ===
backend-sync-trace: count=18900 backend=CUDA0 caller=ggml_backend_sched_graph_compute_async_ext+0xecc

=== CUDA SYNC PROFILE (instrumentation only) ===
total_syncs = 18900
total_wait_ms = 10622.582
max_wait_us = 140101
sites = 5
wait_hist_us = logarithmic buckets
  hist[0] = 17348
  hist[1] = 805
  hist[2] = 40
  hist[3] = 16
  hist[4] = 7
  hist[9] = 132
  hist[10] = 262
  hist[11] = 62
  hist[14] = 80
  hist[15] = 126
  hist[16] = 21
  hist[17] = 1
by_callsite (caller PC; symbolize with addr2line):
   0 caller=0x7cd3d6f010c2 calls=7673 total_ms=10616.456 avg_us=1383.612 max_us=140101
   1 caller=0x7cd3d6f0586c calls=6185 total_ms=2.407 avg_us=0.389 max_us=18
   2 caller=0x7cd3d6f0577c calls=2292 total_ms=1.945 avg_us=0.849 max_us=30
   3 caller=0x7cd3d6f0599d calls=2292 total_ms=0.909 avg_us=0.397 max_us=2
   4 caller=0x7cd3d6f04732 calls=458 total_ms=0.865 avg_us=1.889 max_us=17
direct_cudaStreamSynchronize: calls=8367 total_ms=39.693 max_us=2474
by_direct_callsite (file:line):
   0 /opt/llama.cpp/ggml/src/ggml-cuda/ggml-cuda.cu:839 calls=8014 total_ms=33.579 avg_us=4.190 max_us=355
   1 /opt/llama.cpp/ggml/src/ggml-cuda/ggml-cuda.cu:900 calls=12 total_ms=5.782 avg_us=481.833 max_us=2474
   2 /opt/llama.cpp/ggml/src/ggml-cuda/ggml-cuda.cu:2665 calls=191 total_ms=0.218 avg_us=1.141 max_us=6
   3 /opt/llama.cpp/ggml/src/ggml-cuda/ggml-cuda.cu:847 calls=150 total_ms=0.114 avg_us=0.760 max_us=2
=== END CUDA SYNC PROFILE ===

=== CUDA SYNC PROFILE (instrumentation only) ===
total_syncs = 18977
total_wait_ms = 10649.142
max_wait_us = 140101
sites = 5
wait_hist_us = logarithmic buckets
  hist[0] = 17419
  hist[1] = 808
  hist[2] = 40
  hist[3] = 16
  hist[4] = 7
  hist[9] = 133
  hist[10] = 263
  hist[11] = 62
  hist[14] = 81
  hist[15] = 126
  hist[16] = 21
  hist[17] = 1
by_callsite (caller PC; symbolize with addr2line):
   0 caller=0x7cd3d6f010c2 calls=7704 total_ms=10642.997 avg_us=1381.490 max_us=140101
   1 caller=0x7cd3d6f0586c calls=6209 total_ms=2.414 avg_us=0.389 max_us=18
   2 caller=0x7cd3d6f0577c calls=2302 total_ms=1.951 avg_us=0.848 max_us=30
   3 caller=0x7cd3d6f0599d calls=2302 total_ms=0.911 avg_us=0.396 max_us=2
   4 caller=0x7cd3d6f04732 calls=460 total_ms=0.869 avg_us=1.889 max_us=17
direct_cudaStreamSynchronize: calls=8400 total_ms=39.834 max_us=2474
by_direct_callsite (file:line):
   0 /opt/llama.cpp/ggml/src/ggml-cuda/ggml-cuda.cu:839 calls=8047 total_ms=33.720 avg_us=4.190 max_us=355
   1 /opt/llama.cpp/ggml/src/ggml-cuda/ggml-cuda.cu:900 calls=12 total_ms=5.782 avg_us=481.833 max_us=2474
   2 /opt/llama.cpp/ggml/src/ggml-cuda/ggml-cuda.cu:2665 calls=191 total_ms=0.218 avg_us=1.141 max_us=6
   3 /opt/llama.cpp/ggml/src/ggml-cuda/ggml-cuda.cu:847 calls=150 total_ms=0.114 avg_us=0.760 max_us=2
=== END CUDA SYNC PROFILE ===
backend-sync-trace: count=19000 backend=CUDA0 caller=ggml_backend_sched_synchronize+0x52

=== CUDA SYNC PROFILE (instrumentation only) ===
total_syncs = 19000
total_wait_ms = 10674.377
max_wait_us = 140101
sites = 5
wait_hist_us = logarithmic buckets
  hist[0] = 17440
  hist[1] = 809
  hist[2] = 40
  hist[3] = 16
  hist[4] = 7
  hist[9] = 133
  hist[10] = 263
  hist[11] = 62
  hist[14] = 82
  hist[15] = 126
  hist[16] = 21
  hist[17] = 1
by_callsite (caller PC; symbolize with addr2line):
   0 caller=0x7cd3d6f010c2 calls=7707 total_ms=10668.223 avg_us=1384.225 max_us=140101
   1 caller=0x7cd3d6f0586c calls=6224 total_ms=2.418 avg_us=0.388 max_us=18
   2 caller=0x7cd3d6f0577c calls=2304 total_ms=1.952 avg_us=0.847 max_us=30
   3 caller=0x7cd3d6f0599d calls=2304 total_ms=0.913 avg_us=0.396 max_us=2
   4 caller=0x7cd3d6f04732 calls=461 total_ms=0.871 avg_us=1.889 max_us=17
direct_cudaStreamSynchronize: calls=8416 total_ms=39.906 max_us=2474
by_direct_callsite (file:line):
   0 /opt/llama.cpp/ggml/src/ggml-cuda/ggml-cuda.cu:839 calls=8063 total_ms=33.792 avg_us=4.191 max_us=355
   1 /opt/llama.cpp/ggml/src/ggml-cuda/ggml-cuda.cu:900 calls=12 total_ms=5.782 avg_us=481.833 max_us=2474
   2 /opt/llama.cpp/ggml/src/ggml-cuda/ggml-cuda.cu:2665 calls=191 total_ms=0.218 avg_us=1.141 max_us=6
   3 /opt/llama.cpp/ggml/src/ggml-cuda/ggml-cuda.cu:847 calls=150 total_ms=0.114 avg_us=0.760 max_us=2
=== END CUDA SYNC PROFILE ===
backend-sync-trace: count=19100 backend=CUDA0 caller=ggml_backend_sched_graph_compute_async_ext+0xecc

=== CUDA SYNC PROFILE (instrumentation only) ===
total_syncs = 19100
total_wait_ms = 10701.291
max_wait_us = 140101
sites = 5
wait_hist_us = logarithmic buckets
  hist[0] = 17534
  hist[1] = 812
  hist[2] = 40
  hist[3] = 16
  hist[4] = 7
  hist[9] = 134
  hist[10] = 264
  hist[11] = 62
  hist[14] = 83
  hist[15] = 126
  hist[16] = 21
  hist[17] = 1
by_callsite (caller PC; symbolize with addr2line):
   0 caller=0x7cd3d6f010c2 calls=7752 total_ms=10695.113 avg_us=1379.659 max_us=140101
   1 caller=0x7cd3d6f0586c calls=6252 total_ms=2.423 avg_us=0.388 max_us=18
   2 caller=0x7cd3d6f0577c calls=2316 total_ms=1.963 avg_us=0.848 max_us=30
   3 caller=0x7cd3d6f0599d calls=2316 total_ms=0.916 avg_us=0.396 max_us=2
   4 caller=0x7cd3d6f04732 calls=464 total_ms=0.876 avg_us=1.888 max_us=17
direct_cudaStreamSynchronize: calls=8453 total_ms=40.058 max_us=2474
by_direct_callsite (file:line):
   0 /opt/llama.cpp/ggml/src/ggml-cuda/ggml-cuda.cu:839 calls=8100 total_ms=33.944 avg_us=4.191 max_us=355
   1 /opt/llama.cpp/ggml/src/ggml-cuda/ggml-cuda.cu:900 calls=12 total_ms=5.782 avg_us=481.833 max_us=2474
   2 /opt/llama.cpp/ggml/src/ggml-cuda/ggml-cuda.cu:2665 calls=191 total_ms=0.218 avg_us=1.141 max_us=6
   3 /opt/llama.cpp/ggml/src/ggml-cuda/ggml-cuda.cu:847 calls=150 total_ms=0.114 avg_us=0.760 max_us=2
=== END CUDA SYNC PROFILE ===
backend-sync-trace: count=19200 backend=CUDA0 caller=ggml_backend_sched_synchronize+0x52

=== CUDA SYNC PROFILE (instrumentation only) ===
total_syncs = 19200
total_wait_ms = 10735.277
max_wait_us = 140101
sites = 5
wait_hist_us = logarithmic buckets
  hist[0] = 17626
  hist[1] = 815
  hist[2] = 40
  hist[3] = 16
  hist[4] = 7
  hist[9] = 135
  hist[10] = 267
  hist[11] = 62
  hist[14] = 84
  hist[15] = 126
  hist[16] = 21
  hist[17] = 1
by_callsite (caller PC; symbolize with addr2line):
   0 caller=0x7cd3d6f010c2 calls=7792 total_ms=10729.071 avg_us=1376.934 max_us=140101
   1 caller=0x7cd3d6f0586c calls=6286 total_ms=2.434 avg_us=0.387 max_us=18
   2 caller=0x7cd3d6f0577c calls=2328 total_ms=1.971 avg_us=0.847 max_us=30
   3 caller=0x7cd3d6f0599d calls=2328 total_ms=0.921 avg_us=0.396 max_us=2
   4 caller=0x7cd3d6f04732 calls=466 total_ms=0.880 avg_us=1.888 max_us=17
direct_cudaStreamSynchronize: calls=8498 total_ms=40.228 max_us=2474
by_direct_callsite (file:line):
   0 /opt/llama.cpp/ggml/src/ggml-cuda/ggml-cuda.cu:839 calls=8145 total_ms=34.114 avg_us=4.188 max_us=355
   1 /opt/llama.cpp/ggml/src/ggml-cuda/ggml-cuda.cu:900 calls=12 total_ms=5.782 avg_us=481.833 max_us=2474
   2 /opt/llama.cpp/ggml/src/ggml-cuda/ggml-cuda.cu:2665 calls=191 total_ms=0.218 avg_us=1.141 max_us=6
   3 /opt/llama.cpp/ggml/src/ggml-cuda/ggml-cuda.cu:847 calls=150 total_ms=0.114 avg_us=0.760 max_us=2
=== END CUDA SYNC PROFILE ===

=== CUDA SYNC PROFILE (instrumentation only) ===
total_syncs = 19209
total_wait_ms = 10735.284
max_wait_us = 140101
sites = 5
wait_hist_us = logarithmic buckets
  hist[0] = 17634
  hist[1] = 816
  hist[2] = 40
  hist[3] = 16
  hist[4] = 7
  hist[9] = 135
  hist[10] = 267
  hist[11] = 62
  hist[14] = 84
  hist[15] = 126
  hist[16] = 21
  hist[17] = 1
by_callsite (caller PC; symbolize with addr2line):
   0 caller=0x7cd3d6f010c2 calls=7797 total_ms=10729.074 avg_us=1376.052 max_us=140101
   1 caller=0x7cd3d6f0586c calls=6286 total_ms=2.434 avg_us=0.387 max_us=18
   2 caller=0x7cd3d6f0577c calls=2330 total_ms=1.974 avg_us=0.847 max_us=30
   3 caller=0x7cd3d6f0599d calls=2330 total_ms=0.922 avg_us=0.396 max_us=2
   4 caller=0x7cd3d6f04732 calls=466 total_ms=0.880 avg_us=1.888 max_us=17
direct_cudaStreamSynchronize: calls=8500 total_ms=40.237 max_us=2474
by_direct_callsite (file:line):
   0 /opt/llama.cpp/ggml/src/ggml-cuda/ggml-cuda.cu:839 calls=8147 total_ms=34.123 avg_us=4.188 max_us=355
   1 /opt/llama.cpp/ggml/src/ggml-cuda/ggml-cuda.cu:900 calls=12 total_ms=5.782 avg_us=481.833 max_us=2474
   2 /opt/llama.cpp/ggml/src/ggml-cuda/ggml-cuda.cu:2665 calls=191 total_ms=0.218 avg_us=1.141 max_us=6
   3 /opt/llama.cpp/ggml/src/ggml-cuda/ggml-cuda.cu:847 calls=150 total_ms=0.114 avg_us=0.760 max_us=2
=== END CUDA SYNC PROFILE ===
backend-sync-trace: count=19300 backend=CUDA0 caller=ggml_backend_sched_graph_compute_async_ext+0xecc

=== CUDA SYNC PROFILE (instrumentation only) ===
total_syncs = 19300
total_wait_ms = 10765.671
max_wait_us = 140101
sites = 5
wait_hist_us = logarithmic buckets
  hist[0] = 17720
  hist[1] = 818
  hist[2] = 40
  hist[3] = 16
  hist[4] = 7
  hist[9] = 136
  hist[10] = 267
  hist[11] = 63
  hist[14] = 85
  hist[15] = 126
  hist[16] = 21
  hist[17] = 1
by_callsite (caller PC; symbolize with addr2line):
   0 caller=0x7cd3d6f010c2 calls=7822 total_ms=10759.429 avg_us=1375.534 max_us=140101
   1 caller=0x7cd3d6f0586c calls=6326 total_ms=2.449 avg_us=0.387 max_us=18
   2 caller=0x7cd3d6f0577c calls=2342 total_ms=1.983 avg_us=0.847 max_us=30
   3 caller=0x7cd3d6f0599d calls=2342 total_ms=0.927 avg_us=0.396 max_us=2
   4 caller=0x7cd3d6f04732 calls=468 total_ms=0.883 avg_us=1.887 max_us=17
direct_cudaStreamSynchronize: calls=8548 total_ms=40.437 max_us=2474
by_direct_callsite (file:line):
   0 /opt/llama.cpp/ggml/src/ggml-cuda/ggml-cuda.cu:839 calls=8195 total_ms=34.323 avg_us=4.188 max_us=355
   1 /opt/llama.cpp/ggml/src/ggml-cuda/ggml-cuda.cu:900 calls=12 total_ms=5.782 avg_us=481.833 max_us=2474
   2 /opt/llama.cpp/ggml/src/ggml-cuda/ggml-cuda.cu:2665 calls=191 total_ms=0.218 avg_us=1.141 max_us=6
   3 /opt/llama.cpp/ggml/src/ggml-cuda/ggml-cuda.cu:847 calls=150 total_ms=0.114 avg_us=0.760 max_us=2
=== END CUDA SYNC PROFILE ===
backend-sync-trace: count=19400 backend=CUDA0 caller=ggml_backend_sched_synchronize+0x52

=== CUDA SYNC PROFILE (instrumentation only) ===
total_syncs = 19400
total_wait_ms = 10834.320
max_wait_us = 140101
sites = 5
wait_hist_us = logarithmic buckets
  hist[0] = 17814
  hist[1] = 820
  hist[2] = 40
  hist[3] = 16
  hist[4] = 7
  hist[9] = 137
  hist[10] = 268
  hist[11] = 63
  hist[14] = 86
  hist[15] = 127
  hist[16] = 21
  hist[17] = 1
by_callsite (caller PC; symbolize with addr2line):
   0 caller=0x7cd3d6f010c2 calls=7862 total_ms=10828.044 avg_us=1377.263 max_us=140101
   1 caller=0x7cd3d6f0586c calls=6359 total_ms=2.465 avg_us=0.388 max_us=18
   2 caller=0x7cd3d6f0577c calls=2354 total_ms=1.991 avg_us=0.846 max_us=30
   3 caller=0x7cd3d6f0599d calls=2354 total_ms=0.933 avg_us=0.396 max_us=2
   4 caller=0x7cd3d6f04732 calls=471 total_ms=0.887 avg_us=1.883 max_us=17
direct_cudaStreamSynchronize: calls=8591 total_ms=40.612 max_us=2474
by_direct_callsite (file:line):
   0 /opt/llama.cpp/ggml/src/ggml-cuda/ggml-cuda.cu:839 calls=8238 total_ms=34.498 avg_us=4.188 max_us=355
   1 /opt/llama.cpp/ggml/src/ggml-cuda/ggml-cuda.cu:900 calls=12 total_ms=5.782 avg_us=481.833 max_us=2474
   2 /opt/llama.cpp/ggml/src/ggml-cuda/ggml-cuda.cu:2665 calls=191 total_ms=0.218 avg_us=1.141 max_us=6
   3 /opt/llama.cpp/ggml/src/ggml-cuda/ggml-cuda.cu:847 calls=150 total_ms=0.114 avg_us=0.760 max_us=2
=== END CUDA SYNC PROFILE ===

=== CUDA SYNC PROFILE (instrumentation only) ===
total_syncs = 19429
total_wait_ms = 10835.541
max_wait_us = 140101
sites = 5
wait_hist_us = logarithmic buckets
  hist[0] = 17841
  hist[1] = 821
  hist[2] = 40
  hist[3] = 16
  hist[4] = 7
  hist[9] = 137
  hist[10] = 269
  hist[11] = 63
  hist[14] = 86
  hist[15] = 127
  hist[16] = 21
  hist[17] = 1
by_callsite (caller PC; symbolize with addr2line):
   0 caller=0x7cd3d6f010c2 calls=7877 total_ms=10829.258 avg_us=1374.795 max_us=140101
   1 caller=0x7cd3d6f0586c calls=6364 total_ms=2.467 avg_us=0.388 max_us=18
   2 caller=0x7cd3d6f0577c calls=2358 total_ms=1.994 avg_us=0.846 max_us=30
   3 caller=0x7cd3d6f0599d calls=2358 total_ms=0.933 avg_us=0.396 max_us=2
   4 caller=0x7cd3d6f04732 calls=472 total_ms=0.889 avg_us=1.883 max_us=17
direct_cudaStreamSynchronize: calls=8600 total_ms=40.642 max_us=2474
by_direct_callsite (file:line):
   0 /opt/llama.cpp/ggml/src/ggml-cuda/ggml-cuda.cu:839 calls=8247 total_ms=34.528 avg_us=4.187 max_us=355
   1 /opt/llama.cpp/ggml/src/ggml-cuda/ggml-cuda.cu:900 calls=12 total_ms=5.782 avg_us=481.833 max_us=2474
   2 /opt/llama.cpp/ggml/src/ggml-cuda/ggml-cuda.cu:2665 calls=191 total_ms=0.218 avg_us=1.141 max_us=6
   3 /opt/llama.cpp/ggml/src/ggml-cuda/ggml-cuda.cu:847 calls=150 total_ms=0.114 avg_us=0.760 max_us=2
=== END CUDA SYNC PROFILE ===
backend-sync-trace: count=19500 backend=CUDA0 caller=ggml_backend_sched_synchronize+0x52

=== CUDA SYNC PROFILE (instrumentation only) ===
total_syncs = 19500
total_wait_ms = 10897.830
max_wait_us = 140101
sites = 5
wait_hist_us = logarithmic buckets
  hist[0] = 17906
  hist[1] = 824
  hist[2] = 40
  hist[3] = 16
  hist[4] = 7
  hist[9] = 137
  hist[10] = 270
  hist[11] = 64
  hist[14] = 86
  hist[15] = 128
  hist[16] = 21
  hist[17] = 1
by_callsite (caller PC; symbolize with addr2line):
   0 caller=0x7cd3d6f010c2 calls=7904 total_ms=10891.525 avg_us=1377.976 max_us=140101
   1 caller=0x7cd3d6f0586c calls=6390 total_ms=2.479 avg_us=0.388 max_us=18
   2 caller=0x7cd3d6f0577c calls=2366 total_ms=1.999 avg_us=0.845 max_us=30
   3 caller=0x7cd3d6f0599d calls=2366 total_ms=0.934 avg_us=0.395 max_us=2
   4 caller=0x7cd3d6f04732 calls=474 total_ms=0.893 avg_us=1.884 max_us=17
direct_cudaStreamSynchronize: calls=8632 total_ms=40.767 max_us=2474
by_direct_callsite (file:line):
   0 /opt/llama.cpp/ggml/src/ggml-cuda/ggml-cuda.cu:839 calls=8279 total_ms=34.653 avg_us=4.186 max_us=355
   1 /opt/llama.cpp/ggml/src/ggml-cuda/ggml-cuda.cu:900 calls=12 total_ms=5.782 avg_us=481.833 max_us=2474
   2 /opt/llama.cpp/ggml/src/ggml-cuda/ggml-cuda.cu:2665 calls=191 total_ms=0.218 avg_us=1.141 max_us=6
   3 /opt/llama.cpp/ggml/src/ggml-cuda/ggml-cuda.cu:847 calls=150 total_ms=0.114 avg_us=0.760 max_us=2
=== END CUDA SYNC PROFILE ===
backend-sync-trace: count=19600 backend=CUDA0 caller=ggml_backend_sched_graph_compute_async_ext+0xddc

=== CUDA SYNC PROFILE (instrumentation only) ===
total_syncs = 19600
total_wait_ms = 10972.485
max_wait_us = 140101
sites = 5
wait_hist_us = logarithmic buckets
  hist[0] = 17997
  hist[1] = 828
  hist[2] = 41
  hist[3] = 16
  hist[4] = 7
  hist[9] = 137
  hist[10] = 273
  hist[11] = 64
  hist[14] = 86
  hist[15] = 128
  hist[16] = 22
  hist[17] = 1
by_callsite (caller PC; symbolize with addr2line):
   0 caller=0x7cd3d6f010c2 calls=7940 total_ms=10966.143 avg_us=1381.126 max_us=140101
   1 caller=0x7cd3d6f0586c calls=6421 total_ms=2.490 avg_us=0.388 max_us=18
   2 caller=0x7cd3d6f0577c calls=2382 total_ms=2.011 avg_us=0.844 max_us=30
   3 caller=0x7cd3d6f0599d calls=2381 total_ms=0.942 avg_us=0.396 max_us=2
   4 caller=0x7cd3d6f04732 calls=476 total_ms=0.899 avg_us=1.889 max_us=17
direct_cudaStreamSynchronize: calls=8675 total_ms=40.936 max_us=2474
by_direct_callsite (file:line):
   0 /opt/llama.cpp/ggml/src/ggml-cuda/ggml-cuda.cu:839 calls=8322 total_ms=34.822 avg_us=4.184 max_us=355
   1 /opt/llama.cpp/ggml/src/ggml-cuda/ggml-cuda.cu:900 calls=12 total_ms=5.782 avg_us=481.833 max_us=2474
   2 /opt/llama.cpp/ggml/src/ggml-cuda/ggml-cuda.cu:2665 calls=191 total_ms=0.218 avg_us=1.141 max_us=6
   3 /opt/llama.cpp/ggml/src/ggml-cuda/ggml-cuda.cu:847 calls=150 total_ms=0.114 avg_us=0.760 max_us=2
=== END CUDA SYNC PROFILE ===

=== CUDA SYNC PROFILE (instrumentation only) ===
total_syncs = 19649
total_wait_ms = 11024.083
max_wait_us = 140101
sites = 5
wait_hist_us = logarithmic buckets
  hist[0] = 18041
  hist[1] = 830
  hist[2] = 42
  hist[3] = 17
  hist[4] = 7
  hist[9] = 137
  hist[10] = 273
  hist[11] = 64
  hist[14] = 86
  hist[15] = 129
  hist[16] = 22
  hist[17] = 1
by_callsite (caller PC; symbolize with addr2line):
   0 caller=0x7cd3d6f010c2 calls=7957 total_ms=11017.716 avg_us=1384.657 max_us=140101
   1 caller=0x7cd3d6f0586c calls=6442 total_ms=2.499 avg_us=0.388 max_us=18
   2 caller=0x7cd3d6f0577c calls=2386 total_ms=2.015 avg_us=0.845 max_us=30
   3 caller=0x7cd3d6f0599d calls=2386 total_ms=0.943 avg_us=0.395 max_us=2
   4 caller=0x7cd3d6f04732 calls=478 total_ms=0.910 avg_us=1.904 max_us=17
direct_cudaStreamSynchronize: calls=8700 total_ms=41.040 max_us=2474
by_direct_callsite (file:line):
   0 /opt/llama.cpp/ggml/src/ggml-cuda/ggml-cuda.cu:839 calls=8347 total_ms=34.926 avg_us=4.184 max_us=355
   1 /opt/llama.cpp/ggml/src/ggml-cuda/ggml-cuda.cu:900 calls=12 total_ms=5.782 avg_us=481.833 max_us=2474
   2 /opt/llama.cpp/ggml/src/ggml-cuda/ggml-cuda.cu:2665 calls=191 total_ms=0.218 avg_us=1.141 max_us=6
   3 /opt/llama.cpp/ggml/src/ggml-cuda/ggml-cuda.cu:847 calls=150 total_ms=0.114 avg_us=0.760 max_us=2
=== END CUDA SYNC PROFILE ===
backend-sync-trace: count=19700 backend=CUDA0 caller=ggml_backend_sched_graph_compute_async_ext+0xddc

=== CUDA SYNC PROFILE (instrumentation only) ===
total_syncs = 19700
total_wait_ms = 11089.551
max_wait_us = 140101
sites = 5
wait_hist_us = logarithmic buckets
  hist[0] = 18085
  hist[1] = 832
  hist[2] = 44
  hist[3] = 17
  hist[4] = 7
  hist[9] = 137
  hist[10] = 275
  hist[11] = 64
  hist[14] = 86
  hist[15] = 130
  hist[16] = 22
  hist[17] = 1
by_callsite (caller PC; symbolize with addr2line):
   0 caller=0x7cd3d6f010c2 calls=7973 total_ms=11083.169 avg_us=1390.088 max_us=140101
   1 caller=0x7cd3d6f0586c calls=6463 total_ms=2.501 avg_us=0.387 max_us=18
   2 caller=0x7cd3d6f0577c calls=2393 total_ms=2.024 avg_us=0.846 max_us=30
   3 caller=0x7cd3d6f0599d calls=2392 total_ms=0.945 avg_us=0.395 max_us=2
   4 caller=0x7cd3d6f04732 calls=479 total_ms=0.912 avg_us=1.904 max_us=17
direct_cudaStreamSynchronize: calls=8726 total_ms=41.140 max_us=2474
by_direct_callsite (file:line):
   0 /opt/llama.cpp/ggml/src/ggml-cuda/ggml-cuda.cu:839 calls=8373 total_ms=35.026 avg_us=4.183 max_us=355
   1 /opt/llama.cpp/ggml/src/ggml-cuda/ggml-cuda.cu:900 calls=12 total_ms=5.782 avg_us=481.833 max_us=2474
   2 /opt/llama.cpp/ggml/src/ggml-cuda/ggml-cuda.cu:2665 calls=191 total_ms=0.218 avg_us=1.141 max_us=6
   3 /opt/llama.cpp/ggml/src/ggml-cuda/ggml-cuda.cu:847 calls=150 total_ms=0.114 avg_us=0.760 max_us=2
=== END CUDA SYNC PROFILE ===
backend-sync-trace: count=19800 backend=CUDA0 caller=ggml_backend_sched_synchronize+0x52

=== CUDA SYNC PROFILE (instrumentation only) ===
total_syncs = 19800
total_wait_ms = 11158.027
max_wait_us = 140101
sites = 5
wait_hist_us = logarithmic buckets
  hist[0] = 18179
  hist[1] = 835
  hist[2] = 44
  hist[3] = 17
  hist[4] = 7
  hist[9] = 137
  hist[10] = 277
  hist[11] = 64
  hist[14] = 86
  hist[15] = 131
  hist[16] = 22
  hist[17] = 1
by_callsite (caller PC; symbolize with addr2line):
   0 caller=0x7cd3d6f010c2 calls=8017 total_ms=11151.613 avg_us=1390.996 max_us=140101
   1 caller=0x7cd3d6f0586c calls=6494 total_ms=2.519 avg_us=0.388 max_us=18
   2 caller=0x7cd3d6f0577c calls=2404 total_ms=2.031 avg_us=0.845 max_us=30
   3 caller=0x7cd3d6f0599d calls=2404 total_ms=0.949 avg_us=0.395 max_us=2
   4 caller=0x7cd3d6f04732 calls=481 total_ms=0.915 avg_us=1.902 max_us=17
direct_cudaStreamSynchronize: calls=8766 total_ms=41.313 max_us=2474
by_direct_callsite (file:line):
   0 /opt/llama.cpp/ggml/src/ggml-cuda/ggml-cuda.cu:839 calls=8413 total_ms=35.199 avg_us=4.184 max_us=355
   1 /opt/llama.cpp/ggml/src/ggml-cuda/ggml-cuda.cu:900 calls=12 total_ms=5.782 avg_us=481.833 max_us=2474
   2 /opt/llama.cpp/ggml/src/ggml-cuda/ggml-cuda.cu:2665 calls=191 total_ms=0.218 avg_us=1.141 max_us=6
   3 /opt/llama.cpp/ggml/src/ggml-cuda/ggml-cuda.cu:847 calls=150 total_ms=0.114 avg_us=0.760 max_us=2
=== END CUDA SYNC PROFILE ===

=== CUDA SYNC PROFILE (instrumentation only) ===
total_syncs = 19877
total_wait_ms = 11201.969
max_wait_us = 140101
sites = 5
wait_hist_us = logarithmic buckets
  hist[0] = 18250
  hist[1] = 838
  hist[2] = 44
  hist[3] = 17
  hist[4] = 7
  hist[9] = 137
  hist[10] = 279
  hist[11] = 64
  hist[14] = 86
  hist[15] = 132
  hist[16] = 22
  hist[17] = 1
by_callsite (caller PC; symbolize with addr2line):
   0 caller=0x7cd3d6f010c2 calls=8047 total_ms=11195.527 avg_us=1391.267 max_us=140101
   1 caller=0x7cd3d6f0586c calls=6519 total_ms=2.531 avg_us=0.388 max_us=18
   2 caller=0x7cd3d6f0577c calls=2414 total_ms=2.038 avg_us=0.844 max_us=30
   3 caller=0x7cd3d6f0599d calls=2414 total_ms=0.954 avg_us=0.395 max_us=2
   4 caller=0x7cd3d6f04732 calls=483 total_ms=0.919 avg_us=1.903 max_us=17
direct_cudaStreamSynchronize: calls=8800 total_ms=41.452 max_us=2474
by_direct_callsite (file:line):
   0 /opt/llama.cpp/ggml/src/ggml-cuda/ggml-cuda.cu:839 calls=8447 total_ms=35.338 avg_us=4.183 max_us=355
   1 /opt/llama.cpp/ggml/src/ggml-cuda/ggml-cuda.cu:900 calls=12 total_ms=5.782 avg_us=481.833 max_us=2474
   2 /opt/llama.cpp/ggml/src/ggml-cuda/ggml-cuda.cu:2665 calls=191 total_ms=0.218 avg_us=1.141 max_us=6
   3 /opt/llama.cpp/ggml/src/ggml-cuda/ggml-cuda.cu:847 calls=150 total_ms=0.114 avg_us=0.760 max_us=2
=== END CUDA SYNC PROFILE ===
backend-sync-trace: count=19900 backend=CUDA0 caller=ggml_backend_sched_synchronize+0x52

=== CUDA SYNC PROFILE (instrumentation only) ===
total_syncs = 19900
total_wait_ms = 11203.465
max_wait_us = 140101
sites = 5
wait_hist_us = logarithmic buckets
  hist[0] = 18271
  hist[1] = 839
  hist[2] = 44
  hist[3] = 17
  hist[4] = 7
  hist[9] = 137
  hist[10] = 280
  hist[11] = 64
  hist[14] = 86
  hist[15] = 132
  hist[16] = 22
  hist[17] = 1
by_callsite (caller PC; symbolize with addr2line):
   0 caller=0x7cd3d6f010c2 calls=8059 total_ms=11197.015 avg_us=1389.380 max_us=140101
   1 caller=0x7cd3d6f0586c calls=6525 total_ms=2.534 avg_us=0.388 max_us=18
   2 caller=0x7cd3d6f0577c calls=2416 total_ms=2.039 avg_us=0.844 max_us=30
   3 caller=0x7cd3d6f0599d calls=2416 total_ms=0.956 avg_us=0.396 max_us=2
   4 caller=0x7cd3d6f04732 calls=484 total_ms=0.921 avg_us=1.903 max_us=17
direct_cudaStreamSynchronize: calls=8807 total_ms=41.474 max_us=2474
by_direct_callsite (file:line):
   0 /opt/llama.cpp/ggml/src/ggml-cuda/ggml-cuda.cu:839 calls=8454 total_ms=35.360 avg_us=4.183 max_us=355
   1 /opt/llama.cpp/ggml/src/ggml-cuda/ggml-cuda.cu:900 calls=12 total_ms=5.782 avg_us=481.833 max_us=2474
   2 /opt/llama.cpp/ggml/src/ggml-cuda/ggml-cuda.cu:2665 calls=191 total_ms=0.218 avg_us=1.141 max_us=6
   3 /opt/llama.cpp/ggml/src/ggml-cuda/ggml-cuda.cu:847 calls=150 total_ms=0.114 avg_us=0.760 max_us=2
=== END CUDA SYNC PROFILE ===
backend-sync-trace: count=20000 backend=CUDA0 caller=ggml_backend_sched_graph_compute_async_ext+0xddc

=== CUDA SYNC PROFILE (instrumentation only) ===
total_syncs = 20000
total_wait_ms = 11242.216
max_wait_us = 140101
sites = 5
wait_hist_us = logarithmic buckets
  hist[0] = 18363
  hist[1] = 843
  hist[2] = 44
  hist[3] = 17
  hist[4] = 7
  hist[9] = 138
  hist[10] = 281
  hist[11] = 65
  hist[14] = 86
  hist[15] = 133
  hist[16] = 22
  hist[17] = 1
by_callsite (caller PC; symbolize with addr2line):
   0 caller=0x7cd3d6f010c2 calls=8095 total_ms=11235.736 avg_us=1387.985 max_us=140101
   1 caller=0x7cd3d6f0586c calls=6556 total_ms=2.543 avg_us=0.388 max_us=18
   2 caller=0x7cd3d6f0577c calls=2432 total_ms=2.054 avg_us=0.845 max_us=30
   3 caller=0x7cd3d6f0599d calls=2431 total_ms=0.958 avg_us=0.394 max_us=2
   4 caller=0x7cd3d6f04732 calls=486 total_ms=0.925 avg_us=1.903 max_us=17
direct_cudaStreamSynchronize: calls=8850 total_ms=41.642 max_us=2474
by_direct_callsite (file:line):
   0 /opt/llama.cpp/ggml/src/ggml-cuda/ggml-cuda.cu:839 calls=8497 total_ms=35.528 avg_us=4.181 max_us=355
   1 /opt/llama.cpp/ggml/src/ggml-cuda/ggml-cuda.cu:900 calls=12 total_ms=5.782 avg_us=481.833 max_us=2474
   2 /opt/llama.cpp/ggml/src/ggml-cuda/ggml-cuda.cu:2665 calls=191 total_ms=0.218 avg_us=1.141 max_us=6
   3 /opt/llama.cpp/ggml/src/ggml-cuda/ggml-cuda.cu:847 calls=150 total_ms=0.114 avg_us=0.760 max_us=2
=== END CUDA SYNC PROFILE ===

=== CUDA SYNC PROFILE (instrumentation only) ===
total_syncs = 20095
total_wait_ms = 11275.390
max_wait_us = 140101
sites = 5
wait_hist_us = logarithmic buckets
  hist[0] = 18453
  hist[1] = 845
  hist[2] = 44
  hist[3] = 17
  hist[4] = 7
  hist[9] = 139
  hist[10] = 282
  hist[11] = 65
  hist[14] = 87
  hist[15] = 133
  hist[16] = 22
  hist[17] = 1
by_callsite (caller PC; symbolize with addr2line):
   0 caller=0x7cd3d6f010c2 calls=8126 total_ms=11268.885 avg_us=1386.769 max_us=140101
   1 caller=0x7cd3d6f0586c calls=6597 total_ms=2.555 avg_us=0.387 max_us=18
   2 caller=0x7cd3d6f0577c calls=2442 total_ms=2.063 avg_us=0.845 max_us=30
   3 caller=0x7cd3d6f0599d calls=2442 total_ms=0.959 avg_us=0.393 max_us=2
   4 caller=0x7cd3d6f04732 calls=488 total_ms=0.928 avg_us=1.902 max_us=17
direct_cudaStreamSynchronize: calls=8900 total_ms=41.847 max_us=2474
by_direct_callsite (file:line):
   0 /opt/llama.cpp/ggml/src/ggml-cuda/ggml-cuda.cu:839 calls=8547 total_ms=35.733 avg_us=4.181 max_us=355
   1 /opt/llama.cpp/ggml/src/ggml-cuda/ggml-cuda.cu:900 calls=12 total_ms=5.782 avg_us=481.833 max_us=2474
   2 /opt/llama.cpp/ggml/src/ggml-cuda/ggml-cuda.cu:2665 calls=191 total_ms=0.218 avg_us=1.141 max_us=6
   3 /opt/llama.cpp/ggml/src/ggml-cuda/ggml-cuda.cu:847 calls=150 total_ms=0.114 avg_us=0.760 max_us=2
=== END CUDA SYNC PROFILE ===
backend-sync-trace: count=20100 backend=CUDA0 caller=ggml_backend_sched_graph_compute_async_ext+0xddc

=== CUDA SYNC PROFILE (instrumentation only) ===
total_syncs = 20100
total_wait_ms = 11318.551
max_wait_us = 140101
sites = 5
wait_hist_us = logarithmic buckets
  hist[0] = 18456
  hist[1] = 846
  hist[2] = 44
  hist[3] = 17
  hist[4] = 7
  hist[9] = 139
  hist[10] = 282
  hist[11] = 65
  hist[14] = 87
  hist[15] = 134
  hist[16] = 22
  hist[17] = 1
by_callsite (caller PC; symbolize with addr2line):
   0 caller=0x7cd3d6f010c2 calls=8128 total_ms=11312.043 avg_us=1391.738 max_us=140101
   1 caller=0x7cd3d6f0586c calls=6598 total_ms=2.555 avg_us=0.387 max_us=18
   2 caller=0x7cd3d6f0577c calls=2443 total_ms=2.064 avg_us=0.845 max_us=30
   3 caller=0x7cd3d6f0599d calls=2442 total_ms=0.959 avg_us=0.393 max_us=2
   4 caller=0x7cd3d6f04732 calls=489 total_ms=0.930 avg_us=1.902 max_us=17
direct_cudaStreamSynchronize: calls=8901 total_ms=41.850 max_us=2474
by_direct_callsite (file:line):
   0 /opt/llama.cpp/ggml/src/ggml-cuda/ggml-cuda.cu:839 calls=8548 total_ms=35.736 avg_us=4.181 max_us=355
   1 /opt/llama.cpp/ggml/src/ggml-cuda/ggml-cuda.cu:900 calls=12 total_ms=5.782 avg_us=481.833 max_us=2474
   2 /opt/llama.cpp/ggml/src/ggml-cuda/ggml-cuda.cu:2665 calls=191 total_ms=0.218 avg_us=1.141 max_us=6
   3 /opt/llama.cpp/ggml/src/ggml-cuda/ggml-cuda.cu:847 calls=150 total_ms=0.114 avg_us=0.760 max_us=2
=== END CUDA SYNC PROFILE ===
1.15.910.656 I slot print_timing: id  0 | task 0 | n_gen =    555, tg =  45.75 t/s, tg_3s =  50.01 t/s
backend-sync-trace: count=20200 backend=CUDA0 caller=ggml_backend_sched_synchronize+0x52

=== CUDA SYNC PROFILE (instrumentation only) ===
total_syncs = 20200
total_wait_ms = 11353.695
max_wait_us = 140101
sites = 5
wait_hist_us = logarithmic buckets
  hist[0] = 18549
  hist[1] = 849
  hist[2] = 44
  hist[3] = 17
  hist[4] = 7
  hist[9] = 141
  hist[10] = 283
  hist[11] = 65
  hist[14] = 88
  hist[15] = 134
  hist[16] = 22
  hist[17] = 1
by_callsite (caller PC; symbolize with addr2line):
   0 caller=0x7cd3d6f010c2 calls=8163 total_ms=11347.155 avg_us=1390.072 max_us=140101
   1 caller=0x7cd3d6f0586c calls=6633 total_ms=2.569 avg_us=0.387 max_us=18
   2 caller=0x7cd3d6f0577c calls=2456 total_ms=2.075 avg_us=0.845 max_us=30
   3 caller=0x7cd3d6f0599d calls=2456 total_ms=0.961 avg_us=0.391 max_us=2
   4 caller=0x7cd3d6f04732 calls=492 total_ms=0.935 avg_us=1.900 max_us=17
direct_cudaStreamSynchronize: calls=8947 total_ms=42.035 max_us=2474
by_direct_callsite (file:line):
   0 /opt/llama.cpp/ggml/src/ggml-cuda/ggml-cuda.cu:839 calls=8594 total_ms=35.921 avg_us=4.180 max_us=355
   1 /opt/llama.cpp/ggml/src/ggml-cuda/ggml-cuda.cu:900 calls=12 total_ms=5.782 avg_us=481.833 max_us=2474
   2 /opt/llama.cpp/ggml/src/ggml-cuda/ggml-cuda.cu:2665 calls=191 total_ms=0.218 avg_us=1.141 max_us=6
   3 /opt/llama.cpp/ggml/src/ggml-cuda/ggml-cuda.cu:847 calls=150 total_ms=0.114 avg_us=0.760 max_us=2
=== END CUDA SYNC PROFILE ===
backend-sync-trace: count=20300 backend=CUDA0 caller=ggml_backend_sched_synchronize+0x52

=== CUDA SYNC PROFILE (instrumentation only) ===
total_syncs = 20300
total_wait_ms = 11392.398
max_wait_us = 140101
sites = 5
wait_hist_us = logarithmic buckets
  hist[0] = 18642
  hist[1] = 852
  hist[2] = 44
  hist[3] = 17
  hist[4] = 7
  hist[9] = 143
  hist[10] = 284
  hist[11] = 65
  hist[14] = 88
  hist[15] = 135
  hist[16] = 22
  hist[17] = 1
by_callsite (caller PC; symbolize with addr2line):
   0 caller=0x7cd3d6f010c2 calls=8206 total_ms=11385.834 avg_us=1387.501 max_us=140101
   1 caller=0x7cd3d6f0586c calls=6664 total_ms=2.577 avg_us=0.387 max_us=18
   2 caller=0x7cd3d6f0577c calls=2468 total_ms=2.083 avg_us=0.844 max_us=30
   3 caller=0x7cd3d6f0599d calls=2468 total_ms=0.965 avg_us=0.391 max_us=2
   4 caller=0x7cd3d6f04732 calls=494 total_ms=0.939 avg_us=1.901 max_us=17
direct_cudaStreamSynchronize: calls=8988 total_ms=42.195 max_us=2474
by_direct_callsite (file:line):
   0 /opt/llama.cpp/ggml/src/ggml-cuda/ggml-cuda.cu:839 calls=8635 total_ms=36.081 avg_us=4.178 max_us=355
   1 /opt/llama.cpp/ggml/src/ggml-cuda/ggml-cuda.cu:900 calls=12 total_ms=5.782 avg_us=481.833 max_us=2474
   2 /opt/llama.cpp/ggml/src/ggml-cuda/ggml-cuda.cu:2665 calls=191 total_ms=0.218 avg_us=1.141 max_us=6
   3 /opt/llama.cpp/ggml/src/ggml-cuda/ggml-cuda.cu:847 calls=150 total_ms=0.114 avg_us=0.760 max_us=2
=== END CUDA SYNC PROFILE ===

=== CUDA SYNC PROFILE (instrumentation only) ===
total_syncs = 20318
total_wait_ms = 11392.406
max_wait_us = 140101
sites = 5
wait_hist_us = logarithmic buckets
  hist[0] = 18659
  hist[1] = 853
  hist[2] = 44
  hist[3] = 17
  hist[4] = 7
  hist[9] = 143
  hist[10] = 284
  hist[11] = 65
  hist[14] = 88
  hist[15] = 135
  hist[16] = 22
  hist[17] = 1
by_callsite (caller PC; symbolize with addr2line):
   0 caller=0x7cd3d6f010c2 calls=8207 total_ms=11385.834 avg_us=1387.332 max_us=140101
   1 caller=0x7cd3d6f0586c calls=6673 total_ms=2.581 avg_us=0.387 max_us=18
   2 caller=0x7cd3d6f0577c calls=2472 total_ms=2.085 avg_us=0.843 max_us=30
   3 caller=0x7cd3d6f0599d calls=2472 total_ms=0.967 avg_us=0.391 max_us=2
   4 caller=0x7cd3d6f04732 calls=494 total_ms=0.939 avg_us=1.901 max_us=17
direct_cudaStreamSynchronize: calls=9000 total_ms=42.255 max_us=2474
by_direct_callsite (file:line):
   0 /opt/llama.cpp/ggml/src/ggml-cuda/ggml-cuda.cu:839 calls=8647 total_ms=36.141 avg_us=4.180 max_us=355
   1 /opt/llama.cpp/ggml/src/ggml-cuda/ggml-cuda.cu:900 calls=12 total_ms=5.782 avg_us=481.833 max_us=2474
   2 /opt/llama.cpp/ggml/src/ggml-cuda/ggml-cuda.cu:2665 calls=191 total_ms=0.218 avg_us=1.141 max_us=6
   3 /opt/llama.cpp/ggml/src/ggml-cuda/ggml-cuda.cu:847 calls=150 total_ms=0.114 avg_us=0.760 max_us=2
=== END CUDA SYNC PROFILE ===
backend-sync-trace: count=20400 backend=CUDA0 caller=ggml_backend_sched_graph_compute_async_ext+0xecc

=== CUDA SYNC PROFILE (instrumentation only) ===
total_syncs = 20400
total_wait_ms = 11428.130
max_wait_us = 140101
sites = 5
wait_hist_us = logarithmic buckets
  hist[0] = 18735
  hist[1] = 856
  hist[2] = 44
  hist[3] = 17
  hist[4] = 7
  hist[9] = 143
  hist[10] = 285
  hist[11] = 66
  hist[14] = 89
  hist[15] = 135
  hist[16] = 22
  hist[17] = 1
by_callsite (caller PC; symbolize with addr2line):
   0 caller=0x7cd3d6f010c2 calls=8244 total_ms=11421.536 avg_us=1385.436 max_us=140101
   1 caller=0x7cd3d6f0586c calls=6696 total_ms=2.588 avg_us=0.386 max_us=18
   2 caller=0x7cd3d6f0577c calls=2482 total_ms=2.093 avg_us=0.843 max_us=30
   3 caller=0x7cd3d6f0599d calls=2482 total_ms=0.971 avg_us=0.391 max_us=2
   4 caller=0x7cd3d6f04732 calls=496 total_ms=0.942 avg_us=1.899 max_us=17
direct_cudaStreamSynchronize: calls=9030 total_ms=42.381 max_us=2474
by_direct_callsite (file:line):
   0 /opt/llama.cpp/ggml/src/ggml-cuda/ggml-cuda.cu:839 calls=8677 total_ms=36.267 avg_us=4.180 max_us=355
   1 /opt/llama.cpp/ggml/src/ggml-cuda/ggml-cuda.cu:900 calls=12 total_ms=5.782 avg_us=481.833 max_us=2474
   2 /opt/llama.cpp/ggml/src/ggml-cuda/ggml-cuda.cu:2665 calls=191 total_ms=0.218 avg_us=1.141 max_us=6
   3 /opt/llama.cpp/ggml/src/ggml-cuda/ggml-cuda.cu:847 calls=150 total_ms=0.114 avg_us=0.760 max_us=2
=== END CUDA SYNC PROFILE ===
backend-sync-trace: count=20500 backend=CUDA0 caller=ggml_backend_sched_synchronize+0x52

=== CUDA SYNC PROFILE (instrumentation only) ===
total_syncs = 20500
total_wait_ms = 11527.922
max_wait_us = 140101
sites = 5
wait_hist_us = logarithmic buckets
  hist[0] = 18826
  hist[1] = 861
  hist[2] = 44
  hist[3] = 17
  hist[4] = 7
  hist[9] = 144
  hist[10] = 286
  hist[11] = 66
  hist[14] = 89
  hist[15] = 137
  hist[16] = 22
  hist[17] = 1
by_callsite (caller PC; symbolize with addr2line):
   0 caller=0x7cd3d6f010c2 calls=8276 total_ms=11521.301 avg_us=1392.134 max_us=140101
   1 caller=0x7cd3d6f0586c calls=6737 total_ms=2.596 avg_us=0.385 max_us=18
   2 caller=0x7cd3d6f0577c calls=2494 total_ms=2.100 avg_us=0.842 max_us=30
   3 caller=0x7cd3d6f0599d calls=2494 total_ms=0.977 avg_us=0.392 max_us=2
   4 caller=0x7cd3d6f04732 calls=499 total_ms=0.948 avg_us=1.900 max_us=17
direct_cudaStreamSynchronize: calls=9081 total_ms=42.578 max_us=2474
by_direct_callsite (file:line):
   0 /opt/llama.cpp/ggml/src/ggml-cuda/ggml-cuda.cu:839 calls=8728 total_ms=36.464 avg_us=4.178 max_us=355
   1 /opt/llama.cpp/ggml/src/ggml-cuda/ggml-cuda.cu:900 calls=12 total_ms=5.782 avg_us=481.833 max_us=2474
   2 /opt/llama.cpp/ggml/src/ggml-cuda/ggml-cuda.cu:2665 calls=191 total_ms=0.218 avg_us=1.141 max_us=6
   3 /opt/llama.cpp/ggml/src/ggml-cuda/ggml-cuda.cu:847 calls=150 total_ms=0.114 avg_us=0.760 max_us=2
=== END CUDA SYNC PROFILE ===

=== CUDA SYNC PROFILE (instrumentation only) ===
total_syncs = 20553
total_wait_ms = 11530.066
max_wait_us = 140101
sites = 5
wait_hist_us = logarithmic buckets
  hist[0] = 18875
  hist[1] = 863
  hist[2] = 44
  hist[3] = 17
  hist[4] = 7
  hist[9] = 145
  hist[10] = 287
  hist[11] = 66
  hist[14] = 89
  hist[15] = 137
  hist[16] = 22
  hist[17] = 1
by_callsite (caller PC; symbolize with addr2line):
   0 caller=0x7cd3d6f010c2 calls=8300 total_ms=11523.431 avg_us=1388.365 max_us=140101
   1 caller=0x7cd3d6f0586c calls=6749 total_ms=2.598 avg_us=0.385 max_us=18
   2 caller=0x7cd3d6f0577c calls=2502 total_ms=2.106 avg_us=0.842 max_us=30
   3 caller=0x7cd3d6f0599d calls=2502 total_ms=0.981 avg_us=0.392 max_us=2
   4 caller=0x7cd3d6f04732 calls=500 total_ms=0.950 avg_us=1.900 max_us=17
direct_cudaStreamSynchronize: calls=9100 total_ms=42.665 max_us=2474
by_direct_callsite (file:line):
   0 /opt/llama.cpp/ggml/src/ggml-cuda/ggml-cuda.cu:839 calls=8747 total_ms=36.551 avg_us=4.179 max_us=355
   1 /opt/llama.cpp/ggml/src/ggml-cuda/ggml-cuda.cu:900 calls=12 total_ms=5.782 avg_us=481.833 max_us=2474
   2 /opt/llama.cpp/ggml/src/ggml-cuda/ggml-cuda.cu:2665 calls=191 total_ms=0.218 avg_us=1.141 max_us=6
   3 /opt/llama.cpp/ggml/src/ggml-cuda/ggml-cuda.cu:847 calls=150 total_ms=0.114 avg_us=0.760 max_us=2
=== END CUDA SYNC PROFILE ===
backend-sync-trace: count=20600 backend=CUDA0 caller=ggml_backend_sched_graph_compute_async_ext+0xddc

=== CUDA SYNC PROFILE (instrumentation only) ===
total_syncs = 20600
total_wait_ms = 11565.361
max_wait_us = 140101
sites = 5
wait_hist_us = logarithmic buckets
  hist[0] = 18920
  hist[1] = 864
  hist[2] = 44
  hist[3] = 17
  hist[4] = 7
  hist[9] = 145
  hist[10] = 287
  hist[11] = 66
  hist[14] = 89
  hist[15] = 138
  hist[16] = 22
  hist[17] = 1
by_callsite (caller PC; symbolize with addr2line):
   0 caller=0x7cd3d6f010c2 calls=8323 total_ms=11558.717 avg_us=1388.768 max_us=140101
   1 caller=0x7cd3d6f0586c calls=6764 total_ms=2.602 avg_us=0.385 max_us=18
   2 caller=0x7cd3d6f0577c calls=2506 total_ms=2.108 avg_us=0.841 max_us=30
   3 caller=0x7cd3d6f0599d calls=2505 total_ms=0.981 avg_us=0.392 max_us=2
   4 caller=0x7cd3d6f04732 calls=502 total_ms=0.953 avg_us=1.898 max_us=17
direct_cudaStreamSynchronize: calls=9117 total_ms=42.724 max_us=2474
by_direct_callsite (file:line):
   0 /opt/llama.cpp/ggml/src/ggml-cuda/ggml-cuda.cu:839 calls=8764 total_ms=36.610 avg_us=4.177 max_us=355
   1 /opt/llama.cpp/ggml/src/ggml-cuda/ggml-cuda.cu:900 calls=12 total_ms=5.782 avg_us=481.833 max_us=2474
   2 /opt/llama.cpp/ggml/src/ggml-cuda/ggml-cuda.cu:2665 calls=191 total_ms=0.218 avg_us=1.141 max_us=6
   3 /opt/llama.cpp/ggml/src/ggml-cuda/ggml-cuda.cu:847 calls=150 total_ms=0.114 avg_us=0.760 max_us=2
=== END CUDA SYNC PROFILE ===
backend-sync-trace: count=20700 backend=CUDA0 caller=ggml_backend_sched_synchronize+0x52

=== CUDA SYNC PROFILE (instrumentation only) ===
total_syncs = 20700
total_wait_ms = 11601.857
max_wait_us = 140101
sites = 5
wait_hist_us = logarithmic buckets
  hist[0] = 19012
  hist[1] = 867
  hist[2] = 44
  hist[3] = 17
  hist[4] = 7
  hist[9] = 147
  hist[10] = 289
  hist[11] = 66
  hist[14] = 90
  hist[15] = 138
  hist[16] = 22
  hist[17] = 1
by_callsite (caller PC; symbolize with addr2line):
   0 caller=0x7cd3d6f010c2 calls=8361 total_ms=11595.185 avg_us=1386.818 max_us=140101
   1 caller=0x7cd3d6f0586c calls=6799 total_ms=2.613 avg_us=0.384 max_us=18
   2 caller=0x7cd3d6f0577c calls=2518 total_ms=2.117 avg_us=0.841 max_us=30
   3 caller=0x7cd3d6f0599d calls=2518 total_ms=0.985 avg_us=0.391 max_us=2
   4 caller=0x7cd3d6f04732 calls=504 total_ms=0.957 avg_us=1.899 max_us=17
direct_cudaStreamSynchronize: calls=9163 total_ms=42.902 max_us=2474
by_direct_callsite (file:line):
   0 /opt/llama.cpp/ggml/src/ggml-cuda/ggml-cuda.cu:839 calls=8810 total_ms=36.788 avg_us=4.176 max_us=355
   1 /opt/llama.cpp/ggml/src/ggml-cuda/ggml-cuda.cu:900 calls=12 total_ms=5.782 avg_us=481.833 max_us=2474
   2 /opt/llama.cpp/ggml/src/ggml-cuda/ggml-cuda.cu:2665 calls=191 total_ms=0.218 avg_us=1.141 max_us=6
   3 /opt/llama.cpp/ggml/src/ggml-cuda/ggml-cuda.cu:847 calls=150 total_ms=0.114 avg_us=0.760 max_us=2
=== END CUDA SYNC PROFILE ===

=== CUDA SYNC PROFILE (instrumentation only) ===
total_syncs = 20785
total_wait_ms = 11643.708
max_wait_us = 140101
sites = 5
wait_hist_us = logarithmic buckets
  hist[0] = 19089
  hist[1] = 872
  hist[2] = 44
  hist[3] = 17
  hist[4] = 7
  hist[9] = 147
  hist[10] = 290
  hist[11] = 67
  hist[14] = 90
  hist[15] = 139
  hist[16] = 22
  hist[17] = 1
by_callsite (caller PC; symbolize with addr2line):
   0 caller=0x7cd3d6f010c2 calls=8393 total_ms=11637.008 avg_us=1386.514 max_us=140101
   1 caller=0x7cd3d6f0586c calls=6826 total_ms=2.621 avg_us=0.384 max_us=18
   2 caller=0x7cd3d6f0577c calls=2530 total_ms=2.131 avg_us=0.842 max_us=30
   3 caller=0x7cd3d6f0599d calls=2530 total_ms=0.987 avg_us=0.390 max_us=2
   4 caller=0x7cd3d6f04732 calls=506 total_ms=0.961 avg_us=1.899 max_us=17
direct_cudaStreamSynchronize: calls=9200 total_ms=43.052 max_us=2474
by_direct_callsite (file:line):
   0 /opt/llama.cpp/ggml/src/ggml-cuda/ggml-cuda.cu:839 calls=8847 total_ms=36.938 avg_us=4.175 max_us=355
   1 /opt/llama.cpp/ggml/src/ggml-cuda/ggml-cuda.cu:900 calls=12 total_ms=5.782 avg_us=481.833 max_us=2474
   2 /opt/llama.cpp/ggml/src/ggml-cuda/ggml-cuda.cu:2665 calls=191 total_ms=0.218 avg_us=1.141 max_us=6
   3 /opt/llama.cpp/ggml/src/ggml-cuda/ggml-cuda.cu:847 calls=150 total_ms=0.114 avg_us=0.760 max_us=2
=== END CUDA SYNC PROFILE ===
backend-sync-trace: count=20800 backend=CUDA0 caller=ggml_backend_sched_graph_compute_async_ext+0xecc

=== CUDA SYNC PROFILE (instrumentation only) ===
total_syncs = 20800
total_wait_ms = 11643.712
max_wait_us = 140101
sites = 5
wait_hist_us = logarithmic buckets
  hist[0] = 19104
  hist[1] = 872
  hist[2] = 44
  hist[3] = 17
  hist[4] = 7
  hist[9] = 147
  hist[10] = 290
  hist[11] = 67
  hist[14] = 90
  hist[15] = 139
  hist[16] = 22
  hist[17] = 1
by_callsite (caller PC; symbolize with addr2line):
   0 caller=0x7cd3d6f010c2 calls=8393 total_ms=11637.008 avg_us=1386.514 max_us=140101
   1 caller=0x7cd3d6f0586c calls=6837 total_ms=2.624 avg_us=0.384 max_us=18
   2 caller=0x7cd3d6f0577c calls=2532 total_ms=2.132 avg_us=0.842 max_us=30
   3 caller=0x7cd3d6f0599d calls=2532 total_ms=0.987 avg_us=0.390 max_us=2
   4 caller=0x7cd3d6f04732 calls=506 total_ms=0.961 avg_us=1.899 max_us=17
direct_cudaStreamSynchronize: calls=9211 total_ms=43.104 max_us=2474
by_direct_callsite (file:line):
   0 /opt/llama.cpp/ggml/src/ggml-cuda/ggml-cuda.cu:839 calls=8858 total_ms=36.990 avg_us=4.176 max_us=355
   1 /opt/llama.cpp/ggml/src/ggml-cuda/ggml-cuda.cu:900 calls=12 total_ms=5.782 avg_us=481.833 max_us=2474
   2 /opt/llama.cpp/ggml/src/ggml-cuda/ggml-cuda.cu:2665 calls=191 total_ms=0.218 avg_us=1.141 max_us=6
   3 /opt/llama.cpp/ggml/src/ggml-cuda/ggml-cuda.cu:847 calls=150 total_ms=0.114 avg_us=0.760 max_us=2
=== END CUDA SYNC PROFILE ===
backend-sync-trace: count=20900 backend=CUDA0 caller=ggml_backend_sched_synchronize+0x52

=== CUDA SYNC PROFILE (instrumentation only) ===
total_syncs = 20900
total_wait_ms = 11704.185
max_wait_us = 140101
sites = 5
wait_hist_us = logarithmic buckets
  hist[0] = 19196
  hist[1] = 876
  hist[2] = 44
  hist[3] = 17
  hist[4] = 7
  hist[9] = 147
  hist[10] = 292
  hist[11] = 67
  hist[14] = 92
  hist[15] = 139
  hist[16] = 22
  hist[17] = 1
by_callsite (caller PC; symbolize with addr2line):
   0 caller=0x7cd3d6f010c2 calls=8431 total_ms=11697.451 avg_us=1387.433 max_us=140101
   1 caller=0x7cd3d6f0586c calls=6872 total_ms=2.634 avg_us=0.383 max_us=18
   2 caller=0x7cd3d6f0577c calls=2544 total_ms=2.141 avg_us=0.842 max_us=30
   3 caller=0x7cd3d6f0599d calls=2544 total_ms=0.992 avg_us=0.390 max_us=2
   4 caller=0x7cd3d6f04732 calls=509 total_ms=0.967 avg_us=1.900 max_us=17
direct_cudaStreamSynchronize: calls=9256 total_ms=43.286 max_us=2474
by_direct_callsite (file:line):
   0 /opt/llama.cpp/ggml/src/ggml-cuda/ggml-cuda.cu:839 calls=8903 total_ms=37.172 avg_us=4.175 max_us=355
   1 /opt/llama.cpp/ggml/src/ggml-cuda/ggml-cuda.cu:900 calls=12 total_ms=5.782 avg_us=481.833 max_us=2474
   2 /opt/llama.cpp/ggml/src/ggml-cuda/ggml-cuda.cu:2665 calls=191 total_ms=0.218 avg_us=1.141 max_us=6
   3 /opt/llama.cpp/ggml/src/ggml-cuda/ggml-cuda.cu:847 calls=150 total_ms=0.114 avg_us=0.760 max_us=2
=== END CUDA SYNC PROFILE ===
backend-sync-trace: count=21000 backend=CUDA0 caller=ggml_backend_sched_synchronize+0x52

=== CUDA SYNC PROFILE (instrumentation only) ===
total_syncs = 21000
total_wait_ms = 11740.693
max_wait_us = 140101
sites = 5
wait_hist_us = logarithmic buckets
  hist[0] = 19290
  hist[1] = 878
  hist[2] = 44
  hist[3] = 17
  hist[4] = 7
  hist[9] = 148
  hist[10] = 294
  hist[11] = 67
  hist[14] = 93
  hist[15] = 139
  hist[16] = 22
  hist[17] = 1
by_callsite (caller PC; symbolize with addr2line):
   0 caller=0x7cd3d6f010c2 calls=8473 total_ms=11733.934 avg_us=1384.862 max_us=140101
   1 caller=0x7cd3d6f0586c calls=6903 total_ms=2.643 avg_us=0.383 max_us=18
   2 caller=0x7cd3d6f0577c calls=2556 total_ms=2.152 avg_us=0.842 max_us=30
   3 caller=0x7cd3d6f0599d calls=2556 total_ms=0.992 avg_us=0.388 max_us=2
   4 caller=0x7cd3d6f04732 calls=512 total_ms=0.972 avg_us=1.898 max_us=17
direct_cudaStreamSynchronize: calls=9297 total_ms=43.442 max_us=2474
by_direct_callsite (file:line):
   0 /opt/llama.cpp/ggml/src/ggml-cuda/ggml-cuda.cu:839 calls=8944 total_ms=37.328 avg_us=4.174 max_us=355
   1 /opt/llama.cpp/ggml/src/ggml-cuda/ggml-cuda.cu:900 calls=12 total_ms=5.782 avg_us=481.833 max_us=2474
   2 /opt/llama.cpp/ggml/src/ggml-cuda/ggml-cuda.cu:2665 calls=191 total_ms=0.218 avg_us=1.141 max_us=6
   3 /opt/llama.cpp/ggml/src/ggml-cuda/ggml-cuda.cu:847 calls=150 total_ms=0.114 avg_us=0.760 max_us=2
=== END CUDA SYNC PROFILE ===

=== CUDA SYNC PROFILE (instrumentation only) ===
total_syncs = 21011
total_wait_ms = 11740.696
max_wait_us = 140101
sites = 5
wait_hist_us = logarithmic buckets
  hist[0] = 19301
  hist[1] = 878
  hist[2] = 44
  hist[3] = 17
  hist[4] = 7
  hist[9] = 148
  hist[10] = 294
  hist[11] = 67
  hist[14] = 93
  hist[15] = 139
  hist[16] = 22
  hist[17] = 1
by_callsite (caller PC; symbolize with addr2line):
   0 caller=0x7cd3d6f010c2 calls=8479 total_ms=11733.936 avg_us=1383.882 max_us=140101
   1 caller=0x7cd3d6f0586c calls=6904 total_ms=2.643 avg_us=0.383 max_us=18
   2 caller=0x7cd3d6f0577c calls=2558 total_ms=2.153 avg_us=0.842 max_us=30
   3 caller=0x7cd3d6f0599d calls=2558 total_ms=0.992 avg_us=0.388 max_us=2
   4 caller=0x7cd3d6f04732 calls=512 total_ms=0.972 avg_us=1.898 max_us=17
direct_cudaStreamSynchronize: calls=9300 total_ms=43.454 max_us=2474
by_direct_callsite (file:line):
   0 /opt/llama.cpp/ggml/src/ggml-cuda/ggml-cuda.cu:839 calls=8947 total_ms=37.340 avg_us=4.173 max_us=355
   1 /opt/llama.cpp/ggml/src/ggml-cuda/ggml-cuda.cu:900 calls=12 total_ms=5.782 avg_us=481.833 max_us=2474
   2 /opt/llama.cpp/ggml/src/ggml-cuda/ggml-cuda.cu:2665 calls=191 total_ms=0.218 avg_us=1.141 max_us=6
   3 /opt/llama.cpp/ggml/src/ggml-cuda/ggml-cuda.cu:847 calls=150 total_ms=0.114 avg_us=0.760 max_us=2
=== END CUDA SYNC PROFILE ===
backend-sync-trace: count=21100 backend=CUDA0 caller=ggml_backend_sched_graph_compute_async_ext+0xddc

=== CUDA SYNC PROFILE (instrumentation only) ===
total_syncs = 21100
total_wait_ms = 11773.659
max_wait_us = 140101
sites = 5
wait_hist_us = logarithmic buckets
  hist[0] = 19383
  hist[1] = 881
  hist[2] = 44
  hist[3] = 17
  hist[4] = 7
  hist[9] = 149
  hist[10] = 296
  hist[11] = 67
  hist[14] = 94
  hist[15] = 139
  hist[16] = 22
  hist[17] = 1
by_callsite (caller PC; symbolize with addr2line):
   0 caller=0x7cd3d6f010c2 calls=8511 total_ms=11766.869 avg_us=1382.548 max_us=140101
   1 caller=0x7cd3d6f0586c calls=6934 total_ms=2.653 avg_us=0.383 max_us=18
   2 caller=0x7cd3d6f0577c calls=2571 total_ms=2.167 avg_us=0.843 max_us=30
   3 caller=0x7cd3d6f0599d calls=2570 total_ms=0.995 avg_us=0.387 max_us=2
   4 caller=0x7cd3d6f04732 calls=514 total_ms=0.975 avg_us=1.897 max_us=17
direct_cudaStreamSynchronize: calls=9340 total_ms=43.608 max_us=2474
by_direct_callsite (file:line):
   0 /opt/llama.cpp/ggml/src/ggml-cuda/ggml-cuda.cu:839 calls=8987 total_ms=37.494 avg_us=4.172 max_us=355
   1 /opt/llama.cpp/ggml/src/ggml-cuda/ggml-cuda.cu:900 calls=12 total_ms=5.782 avg_us=481.833 max_us=2474
   2 /opt/llama.cpp/ggml/src/ggml-cuda/ggml-cuda.cu:2665 calls=191 total_ms=0.218 avg_us=1.141 max_us=6
   3 /opt/llama.cpp/ggml/src/ggml-cuda/ggml-cuda.cu:847 calls=150 total_ms=0.114 avg_us=0.760 max_us=2
=== END CUDA SYNC PROFILE ===
backend-sync-trace: count=21200 backend=CUDA0 caller=ggml_backend_sched_graph_compute_async_ext+0xecc

=== CUDA SYNC PROFILE (instrumentation only) ===
total_syncs = 21200
total_wait_ms = 11809.202
max_wait_us = 140101
sites = 5
wait_hist_us = logarithmic buckets
  hist[0] = 19478
  hist[1] = 883
  hist[2] = 44
  hist[3] = 17
  hist[4] = 7
  hist[9] = 151
  hist[10] = 296
  hist[11] = 67
  hist[14] = 94
  hist[15] = 140
  hist[16] = 22
  hist[17] = 1
by_callsite (caller PC; symbolize with addr2line):
   0 caller=0x7cd3d6f010c2 calls=8548 total_ms=11802.389 avg_us=1380.719 max_us=140101
   1 caller=0x7cd3d6f0586c calls=6972 total_ms=2.663 avg_us=0.382 max_us=18
   2 caller=0x7cd3d6f0577c calls=2582 total_ms=2.172 avg_us=0.841 max_us=30
   3 caller=0x7cd3d6f0599d calls=2582 total_ms=1.000 avg_us=0.387 max_us=2
   4 caller=0x7cd3d6f04732 calls=516 total_ms=0.978 avg_us=1.895 max_us=17
direct_cudaStreamSynchronize: calls=9386 total_ms=43.841 max_us=2474
by_direct_callsite (file:line):
   0 /opt/llama.cpp/ggml/src/ggml-cuda/ggml-cuda.cu:839 calls=9033 total_ms=37.727 avg_us=4.177 max_us=355
   1 /opt/llama.cpp/ggml/src/ggml-cuda/ggml-cuda.cu:900 calls=12 total_ms=5.782 avg_us=481.833 max_us=2474
   2 /opt/llama.cpp/ggml/src/ggml-cuda/ggml-cuda.cu:2665 calls=191 total_ms=0.218 avg_us=1.141 max_us=6
   3 /opt/llama.cpp/ggml/src/ggml-cuda/ggml-cuda.cu:847 calls=150 total_ms=0.114 avg_us=0.760 max_us=2
=== END CUDA SYNC PROFILE ===

=== CUDA SYNC PROFILE (instrumentation only) ===
total_syncs = 21243
total_wait_ms = 11838.219
max_wait_us = 140101
sites = 5
wait_hist_us = logarithmic buckets
  hist[0] = 19518
  hist[1] = 885
  hist[2] = 44
  hist[3] = 17
  hist[4] = 7
  hist[9] = 151
  hist[10] = 296
  hist[11] = 67
  hist[14] = 95
  hist[15] = 140
  hist[16] = 22
  hist[17] = 1
by_callsite (caller PC; symbolize with addr2line):
   0 caller=0x7cd3d6f010c2 calls=8571 total_ms=11831.395 avg_us=1380.398 max_us=140101
   1 caller=0x7cd3d6f0586c calls=6982 total_ms=2.666 avg_us=0.382 max_us=18
   2 caller=0x7cd3d6f0577c calls=2586 total_ms=2.176 avg_us=0.841 max_us=30
   3 caller=0x7cd3d6f0599d calls=2586 total_ms=1.001 avg_us=0.387 max_us=2
   4 caller=0x7cd3d6f04732 calls=518 total_ms=0.981 avg_us=1.894 max_us=17
direct_cudaStreamSynchronize: calls=9400 total_ms=43.896 max_us=2474
by_direct_callsite (file:line):
   0 /opt/llama.cpp/ggml/src/ggml-cuda/ggml-cuda.cu:839 calls=9047 total_ms=37.782 avg_us=4.176 max_us=355
   1 /opt/llama.cpp/ggml/src/ggml-cuda/ggml-cuda.cu:900 calls=12 total_ms=5.782 avg_us=481.833 max_us=2474
   2 /opt/llama.cpp/ggml/src/ggml-cuda/ggml-cuda.cu:2665 calls=191 total_ms=0.218 avg_us=1.141 max_us=6
   3 /opt/llama.cpp/ggml/src/ggml-cuda/ggml-cuda.cu:847 calls=150 total_ms=0.114 avg_us=0.760 max_us=2
=== END CUDA SYNC PROFILE ===
backend-sync-trace: count=21300 backend=CUDA0 caller=ggml_backend_sched_graph_compute_async_ext+0xecc

=== CUDA SYNC PROFILE (instrumentation only) ===
total_syncs = 21300
total_wait_ms = 11884.863
max_wait_us = 140101
sites = 5
wait_hist_us = logarithmic buckets
  hist[0] = 19571
  hist[1] = 886
  hist[2] = 44
  hist[3] = 17
  hist[4] = 7
  hist[9] = 151
  hist[10] = 298
  hist[11] = 67
  hist[14] = 95
  hist[15] = 141
  hist[16] = 22
  hist[17] = 1
by_callsite (caller PC; symbolize with addr2line):
   0 caller=0x7cd3d6f010c2 calls=8587 total_ms=11878.019 avg_us=1383.256 max_us=140101
   1 caller=0x7cd3d6f0586c calls=7006 total_ms=2.676 avg_us=0.382 max_us=18
   2 caller=0x7cd3d6f0577c calls=2594 total_ms=2.182 avg_us=0.841 max_us=30
   3 caller=0x7cd3d6f0599d calls=2594 total_ms=1.004 avg_us=0.387 max_us=2
   4 caller=0x7cd3d6f04732 calls=519 total_ms=0.982 avg_us=1.892 max_us=17
direct_cudaStreamSynchronize: calls=9430 total_ms=44.019 max_us=2474
by_direct_callsite (file:line):
   0 /opt/llama.cpp/ggml/src/ggml-cuda/ggml-cuda.cu:839 calls=9077 total_ms=37.905 avg_us=4.176 max_us=355
   1 /opt/llama.cpp/ggml/src/ggml-cuda/ggml-cuda.cu:900 calls=12 total_ms=5.782 avg_us=481.833 max_us=2474
   2 /opt/llama.cpp/ggml/src/ggml-cuda/ggml-cuda.cu:2665 calls=191 total_ms=0.218 avg_us=1.141 max_us=6
   3 /opt/llama.cpp/ggml/src/ggml-cuda/ggml-cuda.cu:847 calls=150 total_ms=0.114 avg_us=0.760 max_us=2
=== END CUDA SYNC PROFILE ===
backend-sync-trace: count=21400 backend=CUDA0 caller=ggml_backend_sched_graph_compute_async_ext+0xddc

=== CUDA SYNC PROFILE (instrumentation only) ===
total_syncs = 21400
total_wait_ms = 11942.895
max_wait_us = 140101
sites = 5
wait_hist_us = logarithmic buckets
  hist[0] = 19664
  hist[1] = 890
  hist[2] = 44
  hist[3] = 17
  hist[4] = 7
  hist[9] = 151
  hist[10] = 300
  hist[11] = 67
  hist[14] = 95
  hist[15] = 142
  hist[16] = 22
  hist[17] = 1
by_callsite (caller PC; symbolize with addr2line):
   0 caller=0x7cd3d6f010c2 calls=8633 total_ms=11936.022 avg_us=1382.604 max_us=140101
   1 caller=0x7cd3d6f0586c calls=7034 total_ms=2.687 avg_us=0.382 max_us=18
   2 caller=0x7cd3d6f0577c calls=2606 total_ms=2.192 avg_us=0.841 max_us=30
   3 caller=0x7cd3d6f0599d calls=2605 total_ms=1.006 avg_us=0.386 max_us=2
   4 caller=0x7cd3d6f04732 calls=522 total_ms=0.988 avg_us=1.893 max_us=17
direct_cudaStreamSynchronize: calls=9467 total_ms=44.164 max_us=2474
by_direct_callsite (file:line):
   0 /opt/llama.cpp/ggml/src/ggml-cuda/ggml-cuda.cu:839 calls=9114 total_ms=38.050 avg_us=4.175 max_us=355
   1 /opt/llama.cpp/ggml/src/ggml-cuda/ggml-cuda.cu:900 calls=12 total_ms=5.782 avg_us=481.833 max_us=2474
   2 /opt/llama.cpp/ggml/src/ggml-cuda/ggml-cuda.cu:2665 calls=191 total_ms=0.218 avg_us=1.141 max_us=6
   3 /opt/llama.cpp/ggml/src/ggml-cuda/ggml-cuda.cu:847 calls=150 total_ms=0.114 avg_us=0.760 max_us=2
=== END CUDA SYNC PROFILE ===

=== CUDA SYNC PROFILE (instrumentation only) ===
total_syncs = 21459
total_wait_ms = 12014.783
max_wait_us = 140101
sites = 5
wait_hist_us = logarithmic buckets
  hist[0] = 19719
  hist[1] = 891
  hist[2] = 44
  hist[3] = 17
  hist[4] = 7
  hist[9] = 151
  hist[10] = 301
  hist[11] = 68
  hist[14] = 95
  hist[15] = 142
  hist[16] = 23
  hist[17] = 1
by_callsite (caller PC; symbolize with addr2line):
   0 caller=0x7cd3d6f010c2 calls=8649 total_ms=12007.888 avg_us=1388.356 max_us=140101
   1 caller=0x7cd3d6f0586c calls=7059 total_ms=2.700 avg_us=0.382 max_us=18
   2 caller=0x7cd3d6f0577c calls=2614 total_ms=2.197 avg_us=0.840 max_us=30
   3 caller=0x7cd3d6f0599d calls=2614 total_ms=1.009 avg_us=0.386 max_us=2
   4 caller=0x7cd3d6f04732 calls=523 total_ms=0.989 avg_us=1.891 max_us=17
direct_cudaStreamSynchronize: calls=9500 total_ms=44.291 max_us=2474
by_direct_callsite (file:line):
   0 /opt/llama.cpp/ggml/src/ggml-cuda/ggml-cuda.cu:839 calls=9147 total_ms=38.177 avg_us=4.174 max_us=355
   1 /opt/llama.cpp/ggml/src/ggml-cuda/ggml-cuda.cu:900 calls=12 total_ms=5.782 avg_us=481.833 max_us=2474
   2 /opt/llama.cpp/ggml/src/ggml-cuda/ggml-cuda.cu:2665 calls=191 total_ms=0.218 avg_us=1.141 max_us=6
   3 /opt/llama.cpp/ggml/src/ggml-cuda/ggml-cuda.cu:847 calls=150 total_ms=0.114 avg_us=0.760 max_us=2
=== END CUDA SYNC PROFILE ===
backend-sync-trace: count=21500 backend=CUDA0 caller=ggml_backend_sched_graph_compute_async_ext+0xffd

=== CUDA SYNC PROFILE (instrumentation only) ===
total_syncs = 21500
total_wait_ms = 12016.283
max_wait_us = 140101
sites = 5
wait_hist_us = logarithmic buckets
  hist[0] = 19758
  hist[1] = 892
  hist[2] = 44
  hist[3] = 17
  hist[4] = 7
  hist[9] = 151
  hist[10] = 302
  hist[11] = 68
  hist[14] = 95
  hist[15] = 142
  hist[16] = 23
  hist[17] = 1
by_callsite (caller PC; symbolize with addr2line):
   0 caller=0x7cd3d6f010c2 calls=8677 total_ms=12009.380 avg_us=1384.047 max_us=140101
   1 caller=0x7cd3d6f0586c calls=7065 total_ms=2.703 avg_us=0.383 max_us=18
   2 caller=0x7cd3d6f0577c calls=2617 total_ms=2.200 avg_us=0.841 max_us=30
   3 caller=0x7cd3d6f0599d calls=2617 total_ms=1.009 avg_us=0.386 max_us=2
   4 caller=0x7cd3d6f04732 calls=524 total_ms=0.991 avg_us=1.891 max_us=17
direct_cudaStreamSynchronize: calls=9507 total_ms=44.312 max_us=2474
by_direct_callsite (file:line):
   0 /opt/llama.cpp/ggml/src/ggml-cuda/ggml-cuda.cu:839 calls=9154 total_ms=38.198 avg_us=4.173 max_us=355
   1 /opt/llama.cpp/ggml/src/ggml-cuda/ggml-cuda.cu:900 calls=12 total_ms=5.782 avg_us=481.833 max_us=2474
   2 /opt/llama.cpp/ggml/src/ggml-cuda/ggml-cuda.cu:2665 calls=191 total_ms=0.218 avg_us=1.141 max_us=6
   3 /opt/llama.cpp/ggml/src/ggml-cuda/ggml-cuda.cu:847 calls=150 total_ms=0.114 avg_us=0.760 max_us=2
=== END CUDA SYNC PROFILE ===
backend-sync-trace: count=21600 backend=CUDA0 caller=ggml_backend_sched_graph_compute_async_ext+0xddc

=== CUDA SYNC PROFILE (instrumentation only) ===
total_syncs = 21600
total_wait_ms = 12069.793
max_wait_us = 140101
sites = 5
wait_hist_us = logarithmic buckets
  hist[0] = 19850
  hist[1] = 896
  hist[2] = 44
  hist[3] = 17
  hist[4] = 7
  hist[9] = 151
  hist[10] = 304
  hist[11] = 69
  hist[14] = 95
  hist[15] = 143
  hist[16] = 23
  hist[17] = 1
by_callsite (caller PC; symbolize with addr2line):
   0 caller=0x7cd3d6f010c2 calls=8715 total_ms=12062.861 avg_us=1384.149 max_us=140101
   1 caller=0x7cd3d6f0586c calls=7096 total_ms=2.711 avg_us=0.382 max_us=18
   2 caller=0x7cd3d6f0577c calls=2632 total_ms=2.212 avg_us=0.840 max_us=30
   3 caller=0x7cd3d6f0599d calls=2631 total_ms=1.014 avg_us=0.385 max_us=2
   4 caller=0x7cd3d6f04732 calls=526 total_ms=0.995 avg_us=1.892 max_us=17
direct_cudaStreamSynchronize: calls=9550 total_ms=44.477 max_us=2474
by_direct_callsite (file:line):
   0 /opt/llama.cpp/ggml/src/ggml-cuda/ggml-cuda.cu:839 calls=9197 total_ms=38.363 avg_us=4.171 max_us=355
   1 /opt/llama.cpp/ggml/src/ggml-cuda/ggml-cuda.cu:900 calls=12 total_ms=5.782 avg_us=481.833 max_us=2474
   2 /opt/llama.cpp/ggml/src/ggml-cuda/ggml-cuda.cu:2665 calls=191 total_ms=0.218 avg_us=1.141 max_us=6
   3 /opt/llama.cpp/ggml/src/ggml-cuda/ggml-cuda.cu:847 calls=150 total_ms=0.114 avg_us=0.760 max_us=2
=== END CUDA SYNC PROFILE ===
backend-sync-trace: count=21700 backend=CUDA0 caller=ggml_backend_sched_graph_compute_async_ext+0xecc

=== CUDA SYNC PROFILE (instrumentation only) ===
total_syncs = 21700
total_wait_ms = 12151.841
max_wait_us = 140101
sites = 5
wait_hist_us = logarithmic buckets
  hist[0] = 19944
  hist[1] = 899
  hist[2] = 44
  hist[3] = 17
  hist[4] = 7
  hist[9] = 151
  hist[10] = 306
  hist[11] = 69
  hist[14] = 95
  hist[15] = 143
  hist[16] = 24
  hist[17] = 1
by_callsite (caller PC; symbolize with addr2line):
   0 caller=0x7cd3d6f010c2 calls=8752 total_ms=12144.880 avg_us=1387.669 max_us=140101
   1 caller=0x7cd3d6f0586c calls=7136 total_ms=2.725 avg_us=0.382 max_us=18
   2 caller=0x7cd3d6f0577c calls=2642 total_ms=2.219 avg_us=0.840 max_us=30
   3 caller=0x7cd3d6f0599d calls=2642 total_ms=1.019 avg_us=0.386 max_us=2
   4 caller=0x7cd3d6f04732 calls=528 total_ms=0.998 avg_us=1.890 max_us=17
direct_cudaStreamSynchronize: calls=9598 total_ms=44.687 max_us=2474
by_direct_callsite (file:line):
   0 /opt/llama.cpp/ggml/src/ggml-cuda/ggml-cuda.cu:839 calls=9245 total_ms=38.573 avg_us=4.172 max_us=355
   1 /opt/llama.cpp/ggml/src/ggml-cuda/ggml-cuda.cu:900 calls=12 total_ms=5.782 avg_us=481.833 max_us=2474
   2 /opt/llama.cpp/ggml/src/ggml-cuda/ggml-cuda.cu:2665 calls=191 total_ms=0.218 avg_us=1.141 max_us=6
   3 /opt/llama.cpp/ggml/src/ggml-cuda/ggml-cuda.cu:847 calls=150 total_ms=0.114 avg_us=0.760 max_us=2
=== END CUDA SYNC PROFILE ===

=== CUDA SYNC PROFILE (instrumentation only) ===
total_syncs = 21701
total_wait_ms = 12151.842
max_wait_us = 140101
sites = 5
wait_hist_us = logarithmic buckets
  hist[0] = 19945
  hist[1] = 899
  hist[2] = 44
  hist[3] = 17
  hist[4] = 7
  hist[9] = 151
  hist[10] = 306
  hist[11] = 69
  hist[14] = 95
  hist[15] = 143
  hist[16] = 24
  hist[17] = 1
by_callsite (caller PC; symbolize with addr2line):
   0 caller=0x7cd3d6f010c2 calls=8752 total_ms=12144.880 avg_us=1387.669 max_us=140101
   1 caller=0x7cd3d6f0586c calls=7137 total_ms=2.726 avg_us=0.382 max_us=18
   2 caller=0x7cd3d6f0577c calls=2642 total_ms=2.219 avg_us=0.840 max_us=30
   3 caller=0x7cd3d6f0599d calls=2642 total_ms=1.019 avg_us=0.386 max_us=2
   4 caller=0x7cd3d6f04732 calls=528 total_ms=0.998 avg_us=1.890 max_us=17
direct_cudaStreamSynchronize: calls=9600 total_ms=44.692 max_us=2474
by_direct_callsite (file:line):
   0 /opt/llama.cpp/ggml/src/ggml-cuda/ggml-cuda.cu:839 calls=9247 total_ms=38.578 avg_us=4.172 max_us=355
   1 /opt/llama.cpp/ggml/src/ggml-cuda/ggml-cuda.cu:900 calls=12 total_ms=5.782 avg_us=481.833 max_us=2474
   2 /opt/llama.cpp/ggml/src/ggml-cuda/ggml-cuda.cu:2665 calls=191 total_ms=0.218 avg_us=1.141 max_us=6
   3 /opt/llama.cpp/ggml/src/ggml-cuda/ggml-cuda.cu:847 calls=150 total_ms=0.114 avg_us=0.760 max_us=2
=== END CUDA SYNC PROFILE ===
backend-sync-trace: count=21800 backend=CUDA0 caller=ggml_backend_sched_synchronize+0x52

=== CUDA SYNC PROFILE (instrumentation only) ===
total_syncs = 21800
total_wait_ms = 12264.088
max_wait_us = 140101
sites = 5
wait_hist_us = logarithmic buckets
  hist[0] = 20037
  hist[1] = 902
  hist[2] = 44
  hist[3] = 17
  hist[4] = 7
  hist[9] = 151
  hist[10] = 308
  hist[11] = 69
  hist[14] = 95
  hist[15] = 145
  hist[16] = 24
  hist[17] = 1
by_callsite (caller PC; symbolize with addr2line):
   0 caller=0x7cd3d6f010c2 calls=8792 total_ms=12257.097 avg_us=1394.119 max_us=140101
   1 caller=0x7cd3d6f0586c calls=7169 total_ms=2.737 avg_us=0.382 max_us=18
   2 caller=0x7cd3d6f0577c calls=2654 total_ms=2.227 avg_us=0.839 max_us=30
   3 caller=0x7cd3d6f0599d calls=2654 total_ms=1.024 avg_us=0.386 max_us=2
   4 caller=0x7cd3d6f04732 calls=531 total_ms=1.003 avg_us=1.889 max_us=17
direct_cudaStreamSynchronize: calls=9641 total_ms=44.860 max_us=2474
by_direct_callsite (file:line):
   0 /opt/llama.cpp/ggml/src/ggml-cuda/ggml-cuda.cu:839 calls=9288 total_ms=38.746 avg_us=4.172 max_us=355
   1 /opt/llama.cpp/ggml/src/ggml-cuda/ggml-cuda.cu:900 calls=12 total_ms=5.782 avg_us=481.833 max_us=2474
   2 /opt/llama.cpp/ggml/src/ggml-cuda/ggml-cuda.cu:2665 calls=191 total_ms=0.218 avg_us=1.141 max_us=6
   3 /opt/llama.cpp/ggml/src/ggml-cuda/ggml-cuda.cu:847 calls=150 total_ms=0.114 avg_us=0.760 max_us=2
=== END CUDA SYNC PROFILE ===
backend-sync-trace: count=21900 backend=CUDA0 caller=ggml_backend_sched_synchronize+0x52

=== CUDA SYNC PROFILE (instrumentation only) ===
total_syncs = 21900
total_wait_ms = 12323.101
max_wait_us = 140101
sites = 5
wait_hist_us = logarithmic buckets
  hist[0] = 20131
  hist[1] = 904
  hist[2] = 44
  hist[3] = 18
  hist[4] = 7
  hist[9] = 151
  hist[10] = 309
  hist[11] = 70
  hist[14] = 95
  hist[15] = 146
  hist[16] = 24
  hist[17] = 1
by_callsite (caller PC; symbolize with addr2line):
   0 caller=0x7cd3d6f010c2 calls=8843 total_ms=12316.081 avg_us=1392.749 max_us=140101
   1 caller=0x7cd3d6f0586c calls=7196 total_ms=2.747 avg_us=0.382 max_us=18
   2 caller=0x7cd3d6f0577c calls=2664 total_ms=2.235 avg_us=0.839 max_us=30
   3 caller=0x7cd3d6f0599d calls=2664 total_ms=1.032 avg_us=0.387 max_us=2
   4 caller=0x7cd3d6f04732 calls=533 total_ms=1.006 avg_us=1.887 max_us=17
direct_cudaStreamSynchronize: calls=9676 total_ms=44.999 max_us=2474
by_direct_callsite (file:line):
   0 /opt/llama.cpp/ggml/src/ggml-cuda/ggml-cuda.cu:839 calls=9323 total_ms=38.885 avg_us=4.171 max_us=355
   1 /opt/llama.cpp/ggml/src/ggml-cuda/ggml-cuda.cu:900 calls=12 total_ms=5.782 avg_us=481.833 max_us=2474
   2 /opt/llama.cpp/ggml/src/ggml-cuda/ggml-cuda.cu:2665 calls=191 total_ms=0.218 avg_us=1.141 max_us=6
   3 /opt/llama.cpp/ggml/src/ggml-cuda/ggml-cuda.cu:847 calls=150 total_ms=0.114 avg_us=0.760 max_us=2
=== END CUDA SYNC PROFILE ===

=== CUDA SYNC PROFILE (instrumentation only) ===
total_syncs = 21954
total_wait_ms = 12327.512
max_wait_us = 140101
sites = 5
wait_hist_us = logarithmic buckets
  hist[0] = 20181
  hist[1] = 906
  hist[2] = 44
  hist[3] = 18
  hist[4] = 7
  hist[9] = 151
  hist[10] = 310
  hist[11] = 71
  hist[14] = 95
  hist[15] = 146
  hist[16] = 24
  hist[17] = 1
by_callsite (caller PC; symbolize with addr2line):
   0 caller=0x7cd3d6f010c2 calls=8863 total_ms=12320.472 avg_us=1390.102 max_us=140101
   1 caller=0x7cd3d6f0586c calls=7213 total_ms=2.753 avg_us=0.382 max_us=18
   2 caller=0x7cd3d6f0577c calls=2672 total_ms=2.244 avg_us=0.840 max_us=30
   3 caller=0x7cd3d6f0599d calls=2672 total_ms=1.035 avg_us=0.387 max_us=2
   4 caller=0x7cd3d6f04732 calls=534 total_ms=1.008 avg_us=1.888 max_us=17
direct_cudaStreamSynchronize: calls=9700 total_ms=45.097 max_us=2474
by_direct_callsite (file:line):
   0 /opt/llama.cpp/ggml/src/ggml-cuda/ggml-cuda.cu:839 calls=9347 total_ms=38.983 avg_us=4.171 max_us=355
   1 /opt/llama.cpp/ggml/src/ggml-cuda/ggml-cuda.cu:900 calls=12 total_ms=5.782 avg_us=481.833 max_us=2474
   2 /opt/llama.cpp/ggml/src/ggml-cuda/ggml-cuda.cu:2665 calls=191 total_ms=0.218 avg_us=1.141 max_us=6
   3 /opt/llama.cpp/ggml/src/ggml-cuda/ggml-cuda.cu:847 calls=150 total_ms=0.114 avg_us=0.760 max_us=2
=== END CUDA SYNC PROFILE ===
backend-sync-trace: count=22000 backend=CUDA0 caller=ggml_backend_sched_graph_compute_async_ext+0xecc

=== CUDA SYNC PROFILE (instrumentation only) ===
total_syncs = 22000
total_wait_ms = 12386.104
max_wait_us = 140101
sites = 5
wait_hist_us = logarithmic buckets
  hist[0] = 20222
  hist[1] = 909
  hist[2] = 45
  hist[3] = 18
  hist[4] = 7
  hist[9] = 151
  hist[10] = 310
  hist[11] = 71
  hist[14] = 95
  hist[15] = 147
  hist[16] = 24
  hist[17] = 1
by_callsite (caller PC; symbolize with addr2line):
   0 caller=0x7cd3d6f010c2 calls=8886 total_ms=12379.052 avg_us=1393.096 max_us=140101
   1 caller=0x7cd3d6f0586c calls=7226 total_ms=2.757 avg_us=0.382 max_us=18
   2 caller=0x7cd3d6f0577c calls=2676 total_ms=2.246 avg_us=0.839 max_us=30
   3 caller=0x7cd3d6f0599d calls=2676 total_ms=1.037 avg_us=0.388 max_us=2
   4 caller=0x7cd3d6f04732 calls=536 total_ms=1.012 avg_us=1.888 max_us=17
direct_cudaStreamSynchronize: calls=9715 total_ms=45.152 max_us=2474
by_direct_callsite (file:line):
   0 /opt/llama.cpp/ggml/src/ggml-cuda/ggml-cuda.cu:839 calls=9362 total_ms=39.038 avg_us=4.170 max_us=355
   1 /opt/llama.cpp/ggml/src/ggml-cuda/ggml-cuda.cu:900 calls=12 total_ms=5.782 avg_us=481.833 max_us=2474
   2 /opt/llama.cpp/ggml/src/ggml-cuda/ggml-cuda.cu:2665 calls=191 total_ms=0.218 avg_us=1.141 max_us=6
   3 /opt/llama.cpp/ggml/src/ggml-cuda/ggml-cuda.cu:847 calls=150 total_ms=0.114 avg_us=0.760 max_us=2
=== END CUDA SYNC PROFILE ===
backend-sync-trace: count=22100 backend=CUDA0 caller=ggml_backend_sched_graph_compute_async_ext+0xddc

=== CUDA SYNC PROFILE (instrumentation only) ===
total_syncs = 22100
total_wait_ms = 12429.644
max_wait_us = 140101
sites = 5
wait_hist_us = logarithmic buckets
  hist[0] = 20313
  hist[1] = 912
  hist[2] = 46
  hist[3] = 18
  hist[4] = 7
  hist[9] = 152
  hist[10] = 312
  hist[11] = 72
  hist[14] = 95
  hist[15] = 148
  hist[16] = 24
  hist[17] = 1
by_callsite (caller PC; symbolize with addr2line):
   0 caller=0x7cd3d6f010c2 calls=8925 total_ms=12422.561 avg_us=1391.884 max_us=140101
   1 caller=0x7cd3d6f0586c calls=7258 total_ms=2.768 avg_us=0.381 max_us=18
   2 caller=0x7cd3d6f0577c calls=2690 total_ms=2.260 avg_us=0.840 max_us=30
   3 caller=0x7cd3d6f0599d calls=2689 total_ms=1.039 avg_us=0.386 max_us=2
   4 caller=0x7cd3d6f04732 calls=538 total_ms=1.016 avg_us=1.888 max_us=17
direct_cudaStreamSynchronize: calls=9759 total_ms=45.320 max_us=2474
by_direct_callsite (file:line):
   0 /opt/llama.cpp/ggml/src/ggml-cuda/ggml-cuda.cu:839 calls=9406 total_ms=39.206 avg_us=4.168 max_us=355
   1 /opt/llama.cpp/ggml/src/ggml-cuda/ggml-cuda.cu:900 calls=12 total_ms=5.782 avg_us=481.833 max_us=2474
   2 /opt/llama.cpp/ggml/src/ggml-cuda/ggml-cuda.cu:2665 calls=191 total_ms=0.218 avg_us=1.141 max_us=6
   3 /opt/llama.cpp/ggml/src/ggml-cuda/ggml-cuda.cu:847 calls=150 total_ms=0.114 avg_us=0.760 max_us=2
=== END CUDA SYNC PROFILE ===

=== CUDA SYNC PROFILE (instrumentation only) ===
total_syncs = 22183
total_wait_ms = 12460.896
max_wait_us = 140101
sites = 5
wait_hist_us = logarithmic buckets
  hist[0] = 20389
  hist[1] = 916
  hist[2] = 46
  hist[3] = 18
  hist[4] = 7
  hist[9] = 153
  hist[10] = 313
  hist[11] = 72
  hist[14] = 96
  hist[15] = 148
  hist[16] = 24
  hist[17] = 1
by_callsite (caller PC; symbolize with addr2line):
   0 caller=0x7cd3d6f010c2 calls=8950 total_ms=12453.779 avg_us=1391.484 max_us=140101
   1 caller=0x7cd3d6f0586c calls=7289 total_ms=2.783 avg_us=0.382 max_us=18
   2 caller=0x7cd3d6f0577c calls=2702 total_ms=2.272 avg_us=0.841 max_us=30
   3 caller=0x7cd3d6f0599d calls=2702 total_ms=1.044 avg_us=0.386 max_us=2
   4 caller=0x7cd3d6f04732 calls=540 total_ms=1.018 avg_us=1.885 max_us=17
direct_cudaStreamSynchronize: calls=9800 total_ms=45.498 max_us=2474
by_direct_callsite (file:line):
   0 /opt/llama.cpp/ggml/src/ggml-cuda/ggml-cuda.cu:839 calls=9447 total_ms=39.384 avg_us=4.169 max_us=355
   1 /opt/llama.cpp/ggml/src/ggml-cuda/ggml-cuda.cu:900 calls=12 total_ms=5.782 avg_us=481.833 max_us=2474
   2 /opt/llama.cpp/ggml/src/ggml-cuda/ggml-cuda.cu:2665 calls=191 total_ms=0.218 avg_us=1.141 max_us=6
   3 /opt/llama.cpp/ggml/src/ggml-cuda/ggml-cuda.cu:847 calls=150 total_ms=0.114 avg_us=0.760 max_us=2
=== END CUDA SYNC PROFILE ===
backend-sync-trace: count=22200 backend=CUDA0 caller=ggml_backend_sched_graph_compute_async_ext+0xddc

=== CUDA SYNC PROFILE (instrumentation only) ===
total_syncs = 22200
total_wait_ms = 12487.624
max_wait_us = 140101
sites = 5
wait_hist_us = logarithmic buckets
  hist[0] = 20405
  hist[1] = 916
  hist[2] = 46
  hist[3] = 18
  hist[4] = 7
  hist[9] = 153
  hist[10] = 313
  hist[11] = 72
  hist[14] = 97
  hist[15] = 148
  hist[16] = 24
  hist[17] = 1
by_callsite (caller PC; symbolize with addr2line):
   0 caller=0x7cd3d6f010c2 calls=8952 total_ms=12480.502 avg_us=1394.158 max_us=140101
   1 caller=0x7cd3d6f0586c calls=7300 total_ms=2.785 avg_us=0.382 max_us=18
   2 caller=0x7cd3d6f0577c calls=2704 total_ms=2.274 avg_us=0.841 max_us=30
   3 caller=0x7cd3d6f0599d calls=2703 total_ms=1.044 avg_us=0.386 max_us=2
   4 caller=0x7cd3d6f04732 calls=541 total_ms=1.019 avg_us=1.884 max_us=17
direct_cudaStreamSynchronize: calls=9812 total_ms=45.532 max_us=2474
by_direct_callsite (file:line):
   0 /opt/llama.cpp/ggml/src/ggml-cuda/ggml-cuda.cu:839 calls=9459 total_ms=39.418 avg_us=4.167 max_us=355
   1 /opt/llama.cpp/ggml/src/ggml-cuda/ggml-cuda.cu:900 calls=12 total_ms=5.782 avg_us=481.833 max_us=2474
   2 /opt/llama.cpp/ggml/src/ggml-cuda/ggml-cuda.cu:2665 calls=191 total_ms=0.218 avg_us=1.141 max_us=6
   3 /opt/llama.cpp/ggml/src/ggml-cuda/ggml-cuda.cu:847 calls=150 total_ms=0.114 avg_us=0.760 max_us=2
=== END CUDA SYNC PROFILE ===
backend-sync-trace: count=22300 backend=CUDA0 caller=ggml_backend_sched_synchronize+0x52

=== CUDA SYNC PROFILE (instrumentation only) ===
total_syncs = 22300
total_wait_ms = 12517.219
max_wait_us = 140101
sites = 5
wait_hist_us = logarithmic buckets
  hist[0] = 20499
  hist[1] = 919
  hist[2] = 46
  hist[3] = 18
  hist[4] = 7
  hist[9] = 154
  hist[10] = 314
  hist[11] = 72
  hist[14] = 98
  hist[15] = 148
  hist[16] = 24
  hist[17] = 1
by_callsite (caller PC; symbolize with addr2line):
   0 caller=0x7cd3d6f010c2 calls=8998 total_ms=12510.074 avg_us=1390.317 max_us=140101
   1 caller=0x7cd3d6f0586c calls=7331 total_ms=2.794 avg_us=0.381 max_us=18
   2 caller=0x7cd3d6f0577c calls=2714 total_ms=2.282 avg_us=0.841 max_us=30
   3 caller=0x7cd3d6f0599d calls=2714 total_ms=1.047 avg_us=0.386 max_us=2
   4 caller=0x7cd3d6f04732 calls=543 total_ms=1.022 avg_us=1.882 max_us=17
direct_cudaStreamSynchronize: calls=9851 total_ms=45.691 max_us=2474
by_direct_callsite (file:line):
   0 /opt/llama.cpp/ggml/src/ggml-cuda/ggml-cuda.cu:839 calls=9498 total_ms=39.577 avg_us=4.167 max_us=355
   1 /opt/llama.cpp/ggml/src/ggml-cuda/ggml-cuda.cu:900 calls=12 total_ms=5.782 avg_us=481.833 max_us=2474
   2 /opt/llama.cpp/ggml/src/ggml-cuda/ggml-cuda.cu:2665 calls=191 total_ms=0.218 avg_us=1.141 max_us=6
   3 /opt/llama.cpp/ggml/src/ggml-cuda/ggml-cuda.cu:847 calls=150 total_ms=0.114 avg_us=0.760 max_us=2
=== END CUDA SYNC PROFILE ===
backend-sync-trace: count=22400 backend=CUDA0 caller=ggml_backend_sched_synchronize+0x52

=== CUDA SYNC PROFILE (instrumentation only) ===
total_syncs = 22400
total_wait_ms = 12560.754
max_wait_us = 140101
sites = 5
wait_hist_us = logarithmic buckets
  hist[0] = 20589
  hist[1] = 923
  hist[2] = 47
  hist[3] = 18
  hist[4] = 7
  hist[9] = 154
  hist[10] = 318
  hist[11] = 72
  hist[14] = 98
  hist[15] = 149
  hist[16] = 24
  hist[17] = 1
by_callsite (caller PC; symbolize with addr2line):
   0 caller=0x7cd3d6f010c2 calls=9032 total_ms=12553.575 avg_us=1389.900 max_us=140101
   1 caller=0x7cd3d6f0586c calls=7366 total_ms=2.807 avg_us=0.381 max_us=18
   2 caller=0x7cd3d6f0577c calls=2728 total_ms=2.293 avg_us=0.841 max_us=30
   3 caller=0x7cd3d6f0599d calls=2728 total_ms=1.050 avg_us=0.385 max_us=2
   4 caller=0x7cd3d6f04732 calls=546 total_ms=1.029 avg_us=1.885 max_us=17
direct_cudaStreamSynchronize: calls=9898 total_ms=45.872 max_us=2474
by_direct_callsite (file:line):
   0 /opt/llama.cpp/ggml/src/ggml-cuda/ggml-cuda.cu:839 calls=9545 total_ms=39.758 avg_us=4.165 max_us=355
   1 /opt/llama.cpp/ggml/src/ggml-cuda/ggml-cuda.cu:900 calls=12 total_ms=5.782 avg_us=481.833 max_us=2474
   2 /opt/llama.cpp/ggml/src/ggml-cuda/ggml-cuda.cu:2665 calls=191 total_ms=0.218 avg_us=1.141 max_us=6
   3 /opt/llama.cpp/ggml/src/ggml-cuda/ggml-cuda.cu:847 calls=150 total_ms=0.114 avg_us=0.760 max_us=2
=== END CUDA SYNC PROFILE ===

=== CUDA SYNC PROFILE (instrumentation only) ===
total_syncs = 22409
total_wait_ms = 12560.760
max_wait_us = 140101
sites = 5
wait_hist_us = logarithmic buckets
  hist[0] = 20597
  hist[1] = 924
  hist[2] = 47
  hist[3] = 18
  hist[4] = 7
  hist[9] = 154
  hist[10] = 318
  hist[11] = 72
  hist[14] = 98
  hist[15] = 149
  hist[16] = 24
  hist[17] = 1
by_callsite (caller PC; symbolize with addr2line):
   0 caller=0x7cd3d6f010c2 calls=9037 total_ms=12553.577 avg_us=1389.131 max_us=140101
   1 caller=0x7cd3d6f0586c calls=7366 total_ms=2.807 avg_us=0.381 max_us=18
   2 caller=0x7cd3d6f0577c calls=2730 total_ms=2.296 avg_us=0.841 max_us=30
   3 caller=0x7cd3d6f0599d calls=2730 total_ms=1.051 avg_us=0.385 max_us=2
   4 caller=0x7cd3d6f04732 calls=546 total_ms=1.029 avg_us=1.885 max_us=17
direct_cudaStreamSynchronize: calls=9900 total_ms=45.881 max_us=2474
by_direct_callsite (file:line):
   0 /opt/llama.cpp/ggml/src/ggml-cuda/ggml-cuda.cu:839 calls=9547 total_ms=39.767 avg_us=4.165 max_us=355
   1 /opt/llama.cpp/ggml/src/ggml-cuda/ggml-cuda.cu:900 calls=12 total_ms=5.782 avg_us=481.833 max_us=2474
   2 /opt/llama.cpp/ggml/src/ggml-cuda/ggml-cuda.cu:2665 calls=191 total_ms=0.218 avg_us=1.141 max_us=6
   3 /opt/llama.cpp/ggml/src/ggml-cuda/ggml-cuda.cu:847 calls=150 total_ms=0.114 avg_us=0.760 max_us=2
=== END CUDA SYNC PROFILE ===
backend-sync-trace: count=22500 backend=CUDA0 caller=ggml_backend_sched_graph_compute_async_ext+0xecc

=== CUDA SYNC PROFILE (instrumentation only) ===
total_syncs = 22500
total_wait_ms = 12597.315
max_wait_us = 140101
sites = 5
wait_hist_us = logarithmic buckets
  hist[0] = 20682
  hist[1] = 927
  hist[2] = 47
  hist[3] = 18
  hist[4] = 7
  hist[9] = 155
  hist[10] = 319
  hist[11] = 72
  hist[14] = 98
  hist[15] = 150
  hist[16] = 24
  hist[17] = 1
by_callsite (caller PC; symbolize with addr2line):
   0 caller=0x7cd3d6f010c2 calls=9074 total_ms=12590.104 avg_us=1387.492 max_us=140101
   1 caller=0x7cd3d6f0586c calls=7394 total_ms=2.819 avg_us=0.381 max_us=18
   2 caller=0x7cd3d6f0577c calls=2742 total_ms=2.307 avg_us=0.841 max_us=30
   3 caller=0x7cd3d6f0599d calls=2742 total_ms=1.053 avg_us=0.384 max_us=2
   4 caller=0x7cd3d6f04732 calls=548 total_ms=1.032 avg_us=1.883 max_us=17
direct_cudaStreamSynchronize: calls=9936 total_ms=46.053 max_us=2474
by_direct_callsite (file:line):
   0 /opt/llama.cpp/ggml/src/ggml-cuda/ggml-cuda.cu:839 calls=9583 total_ms=39.939 avg_us=4.168 max_us=355
   1 /opt/llama.cpp/ggml/src/ggml-cuda/ggml-cuda.cu:900 calls=12 total_ms=5.782 avg_us=481.833 max_us=2474
   2 /opt/llama.cpp/ggml/src/ggml-cuda/ggml-cuda.cu:2665 calls=191 total_ms=0.218 avg_us=1.141 max_us=6
   3 /opt/llama.cpp/ggml/src/ggml-cuda/ggml-cuda.cu:847 calls=150 total_ms=0.114 avg_us=0.760 max_us=2
=== END CUDA SYNC PROFILE ===
backend-sync-trace: count=22600 backend=CUDA0 caller=ggml_backend_sched_graph_compute_async_ext+0xecc

=== CUDA SYNC PROFILE (instrumentation only) ===
total_syncs = 22600
total_wait_ms = 12650.437
max_wait_us = 140101
sites = 5
wait_hist_us = logarithmic buckets
  hist[0] = 20776
  hist[1] = 930
  hist[2] = 47
  hist[3] = 18
  hist[4] = 7
  hist[9] = 156
  hist[10] = 320
  hist[11] = 72
  hist[14] = 98
  hist[15] = 151
  hist[16] = 24
  hist[17] = 1
by_callsite (caller PC; symbolize with addr2line):
   0 caller=0x7cd3d6f010c2 calls=9111 total_ms=12643.198 avg_us=1387.685 max_us=140101
   1 caller=0x7cd3d6f0586c calls=7435 total_ms=2.833 avg_us=0.381 max_us=18
   2 caller=0x7cd3d6f0577c calls=2752 total_ms=2.312 avg_us=0.840 max_us=30
   3 caller=0x7cd3d6f0599d calls=2752 total_ms=1.059 avg_us=0.385 max_us=2
   4 caller=0x7cd3d6f04732 calls=550 total_ms=1.035 avg_us=1.882 max_us=17
direct_cudaStreamSynchronize: calls=9985 total_ms=46.247 max_us=2474
by_direct_callsite (file:line):
   0 /opt/llama.cpp/ggml/src/ggml-cuda/ggml-cuda.cu:839 calls=9632 total_ms=40.133 avg_us=4.167 max_us=355
   1 /opt/llama.cpp/ggml/src/ggml-cuda/ggml-cuda.cu:900 calls=12 total_ms=5.782 avg_us=481.833 max_us=2474
   2 /opt/llama.cpp/ggml/src/ggml-cuda/ggml-cuda.cu:2665 calls=191 total_ms=0.218 avg_us=1.141 max_us=6
   3 /opt/llama.cpp/ggml/src/ggml-cuda/ggml-cuda.cu:847 calls=150 total_ms=0.114 avg_us=0.760 max_us=2
=== END CUDA SYNC PROFILE ===

=== CUDA SYNC PROFILE (instrumentation only) ===
total_syncs = 22653
total_wait_ms = 12697.719
max_wait_us = 140101
sites = 5
wait_hist_us = logarithmic buckets
  hist[0] = 20824
  hist[1] = 933
  hist[2] = 47
  hist[3] = 18
  hist[4] = 7
  hist[9] = 156
  hist[10] = 321
  hist[11] = 72
  hist[14] = 98
  hist[15] = 152
  hist[16] = 24
  hist[17] = 1
by_callsite (caller PC; symbolize with addr2line):
   0 caller=0x7cd3d6f010c2 calls=9141 total_ms=12690.466 avg_us=1388.302 max_us=140101
   1 caller=0x7cd3d6f0586c calls=7444 total_ms=2.836 avg_us=0.381 max_us=18
   2 caller=0x7cd3d6f0577c calls=2758 total_ms=2.316 avg_us=0.840 max_us=30
   3 caller=0x7cd3d6f0599d calls=2758 total_ms=1.062 avg_us=0.385 max_us=2
   4 caller=0x7cd3d6f04732 calls=552 total_ms=1.039 avg_us=1.882 max_us=17
direct_cudaStreamSynchronize: calls=10000 total_ms=46.307 max_us=2474
by_direct_callsite (file:line):
   0 /opt/llama.cpp/ggml/src/ggml-cuda/ggml-cuda.cu:839 calls=9647 total_ms=40.193 avg_us=4.166 max_us=355
   1 /opt/llama.cpp/ggml/src/ggml-cuda/ggml-cuda.cu:900 calls=12 total_ms=5.782 avg_us=481.833 max_us=2474
   2 /opt/llama.cpp/ggml/src/ggml-cuda/ggml-cuda.cu:2665 calls=191 total_ms=0.218 avg_us=1.141 max_us=6
   3 /opt/llama.cpp/ggml/src/ggml-cuda/ggml-cuda.cu:847 calls=150 total_ms=0.114 avg_us=0.760 max_us=2
=== END CUDA SYNC PROFILE ===
backend-sync-trace: count=22700 backend=CUDA0 caller=ggml_backend_sched_synchronize+0x52

=== CUDA SYNC PROFILE (instrumentation only) ===
total_syncs = 22700
total_wait_ms = 12739.606
max_wait_us = 140101
sites = 5
wait_hist_us = logarithmic buckets
  hist[0] = 20867
  hist[1] = 935
  hist[2] = 47
  hist[3] = 18
  hist[4] = 7
  hist[9] = 157
  hist[10] = 321
  hist[11] = 72
  hist[14] = 98
  hist[15] = 153
  hist[16] = 24
  hist[17] = 1
by_callsite (caller PC; symbolize with addr2line):
   0 caller=0x7cd3d6f010c2 calls=9153 total_ms=12732.335 avg_us=1391.056 max_us=140101
   1 caller=0x7cd3d6f0586c calls=7466 total_ms=2.845 avg_us=0.381 max_us=18
   2 caller=0x7cd3d6f0577c calls=2764 total_ms=2.319 avg_us=0.839 max_us=30
   3 caller=0x7cd3d6f0599d calls=2764 total_ms=1.066 avg_us=0.386 max_us=2
   4 caller=0x7cd3d6f04732 calls=553 total_ms=1.041 avg_us=1.882 max_us=17
direct_cudaStreamSynchronize: calls=10026 total_ms=46.418 max_us=2474
by_direct_callsite (file:line):
   0 /opt/llama.cpp/ggml/src/ggml-cuda/ggml-cuda.cu:839 calls=9673 total_ms=40.304 avg_us=4.167 max_us=355
   1 /opt/llama.cpp/ggml/src/ggml-cuda/ggml-cuda.cu:900 calls=12 total_ms=5.782 avg_us=481.833 max_us=2474
   2 /opt/llama.cpp/ggml/src/ggml-cuda/ggml-cuda.cu:2665 calls=191 total_ms=0.218 avg_us=1.141 max_us=6
   3 /opt/llama.cpp/ggml/src/ggml-cuda/ggml-cuda.cu:847 calls=150 total_ms=0.114 avg_us=0.760 max_us=2
=== END CUDA SYNC PROFILE ===
backend-sync-trace: count=22800 backend=CUDA0 caller=ggml_backend_sched_graph_compute_async_ext+0xecc

=== CUDA SYNC PROFILE (instrumentation only) ===
total_syncs = 22800
total_wait_ms = 12775.417
max_wait_us = 140101
sites = 5
wait_hist_us = logarithmic buckets
  hist[0] = 20960
  hist[1] = 939
  hist[2] = 47
  hist[3] = 18
  hist[4] = 7
  hist[9] = 157
  hist[10] = 323
  hist[11] = 72
  hist[14] = 98
  hist[15] = 154
  hist[16] = 24
  hist[17] = 1
by_callsite (caller PC; symbolize with addr2line):
   0 caller=0x7cd3d6f010c2 calls=9196 total_ms=12768.109 avg_us=1388.442 max_us=140101
   1 caller=0x7cd3d6f0586c calls=7496 total_ms=2.861 avg_us=0.382 max_us=18
   2 caller=0x7cd3d6f0577c calls=2776 total_ms=2.330 avg_us=0.839 max_us=30
   3 caller=0x7cd3d6f0599d calls=2776 total_ms=1.070 avg_us=0.385 max_us=2
   4 caller=0x7cd3d6f04732 calls=556 total_ms=1.047 avg_us=1.883 max_us=17
direct_cudaStreamSynchronize: calls=10065 total_ms=46.569 max_us=2474
by_direct_callsite (file:line):
   0 /opt/llama.cpp/ggml/src/ggml-cuda/ggml-cuda.cu:839 calls=9712 total_ms=40.455 avg_us=4.165 max_us=355
   1 /opt/llama.cpp/ggml/src/ggml-cuda/ggml-cuda.cu:900 calls=12 total_ms=5.782 avg_us=481.833 max_us=2474
   2 /opt/llama.cpp/ggml/src/ggml-cuda/ggml-cuda.cu:2665 calls=191 total_ms=0.218 avg_us=1.141 max_us=6
   3 /opt/llama.cpp/ggml/src/ggml-cuda/ggml-cuda.cu:847 calls=150 total_ms=0.114 avg_us=0.760 max_us=2
=== END CUDA SYNC PROFILE ===

=== CUDA SYNC PROFILE (instrumentation only) ===
total_syncs = 22885
total_wait_ms = 12813.945
max_wait_us = 140101
sites = 5
wait_hist_us = logarithmic buckets
  hist[0] = 21038
  hist[1] = 943
  hist[2] = 47
  hist[3] = 18
  hist[4] = 7
  hist[9] = 158
  hist[10] = 324
  hist[11] = 72
  hist[14] = 98
  hist[15] = 155
  hist[16] = 24
  hist[17] = 1
by_callsite (caller PC; symbolize with addr2line):
   0 caller=0x7cd3d6f010c2 calls=9233 total_ms=12806.614 avg_us=1387.048 max_us=140101
   1 caller=0x7cd3d6f0586c calls=7522 total_ms=2.868 avg_us=0.381 max_us=18
   2 caller=0x7cd3d6f0577c calls=2786 total_ms=2.338 avg_us=0.839 max_us=30
   3 caller=0x7cd3d6f0599d calls=2786 total_ms=1.074 avg_us=0.385 max_us=2
   4 caller=0x7cd3d6f04732 calls=558 total_ms=1.051 avg_us=1.884 max_us=17
direct_cudaStreamSynchronize: calls=10100 total_ms=46.710 max_us=2474
by_direct_callsite (file:line):
   0 /opt/llama.cpp/ggml/src/ggml-cuda/ggml-cuda.cu:839 calls=9747 total_ms=40.596 avg_us=4.165 max_us=355
   1 /opt/llama.cpp/ggml/src/ggml-cuda/ggml-cuda.cu:900 calls=12 total_ms=5.782 avg_us=481.833 max_us=2474
   2 /opt/llama.cpp/ggml/src/ggml-cuda/ggml-cuda.cu:2665 calls=191 total_ms=0.218 avg_us=1.141 max_us=6
   3 /opt/llama.cpp/ggml/src/ggml-cuda/ggml-cuda.cu:847 calls=150 total_ms=0.114 avg_us=0.760 max_us=2
=== END CUDA SYNC PROFILE ===
backend-sync-trace: count=22900 backend=CUDA0 caller=ggml_backend_sched_graph_compute_async_ext+0xecc

=== CUDA SYNC PROFILE (instrumentation only) ===
total_syncs = 22900
total_wait_ms = 12815.718
max_wait_us = 140101
sites = 5
wait_hist_us = logarithmic buckets
  hist[0] = 21052
  hist[1] = 943
  hist[2] = 47
  hist[3] = 18
  hist[4] = 7
  hist[9] = 158
  hist[10] = 325
  hist[11] = 72
  hist[14] = 98
  hist[15] = 155
  hist[16] = 24
  hist[17] = 1
by_callsite (caller PC; symbolize with addr2line):
   0 caller=0x7cd3d6f010c2 calls=9240 total_ms=12808.381 avg_us=1386.188 max_us=140101
   1 caller=0x7cd3d6f0586c calls=7526 total_ms=2.871 avg_us=0.381 max_us=18
   2 caller=0x7cd3d6f0577c calls=2788 total_ms=2.339 avg_us=0.839 max_us=30
   3 caller=0x7cd3d6f0599d calls=2788 total_ms=1.076 avg_us=0.386 max_us=2
   4 caller=0x7cd3d6f04732 calls=558 total_ms=1.051 avg_us=1.884 max_us=17
direct_cudaStreamSynchronize: calls=10105 total_ms=46.728 max_us=2474
by_direct_callsite (file:line):
   0 /opt/llama.cpp/ggml/src/ggml-cuda/ggml-cuda.cu:839 calls=9752 total_ms=40.614 avg_us=4.165 max_us=355
   1 /opt/llama.cpp/ggml/src/ggml-cuda/ggml-cuda.cu:900 calls=12 total_ms=5.782 avg_us=481.833 max_us=2474
   2 /opt/llama.cpp/ggml/src/ggml-cuda/ggml-cuda.cu:2665 calls=191 total_ms=0.218 avg_us=1.141 max_us=6
   3 /opt/llama.cpp/ggml/src/ggml-cuda/ggml-cuda.cu:847 calls=150 total_ms=0.114 avg_us=0.760 max_us=2
=== END CUDA SYNC PROFILE ===
backend-sync-trace: count=23000 backend=CUDA0 caller=ggml_backend_sched_graph_compute_async_ext+0xddc

=== CUDA SYNC PROFILE (instrumentation only) ===
total_syncs = 23000
total_wait_ms = 12854.395
max_wait_us = 140101
sites = 5
wait_hist_us = logarithmic buckets
  hist[0] = 21143
  hist[1] = 948
  hist[2] = 47
  hist[3] = 18
  hist[4] = 7
  hist[9] = 159
  hist[10] = 327
  hist[11] = 72
  hist[14] = 98
  hist[15] = 156
  hist[16] = 24
  hist[17] = 1
by_callsite (caller PC; symbolize with addr2line):
   0 caller=0x7cd3d6f010c2 calls=9284 total_ms=12847.028 avg_us=1383.782 max_us=140101
   1 caller=0x7cd3d6f0586c calls=7555 total_ms=2.882 avg_us=0.381 max_us=18
   2 caller=0x7cd3d6f0577c calls=2801 total_ms=2.349 avg_us=0.839 max_us=30
   3 caller=0x7cd3d6f0599d calls=2800 total_ms=1.081 avg_us=0.386 max_us=2
   4 caller=0x7cd3d6f04732 calls=560 total_ms=1.055 avg_us=1.884 max_us=17
direct_cudaStreamSynchronize: calls=10145 total_ms=46.882 max_us=2474
by_direct_callsite (file:line):
   0 /opt/llama.cpp/ggml/src/ggml-cuda/ggml-cuda.cu:839 calls=9792 total_ms=40.768 avg_us=4.163 max_us=355
   1 /opt/llama.cpp/ggml/src/ggml-cuda/ggml-cuda.cu:900 calls=12 total_ms=5.782 avg_us=481.833 max_us=2474
   2 /opt/llama.cpp/ggml/src/ggml-cuda/ggml-cuda.cu:2665 calls=191 total_ms=0.218 avg_us=1.141 max_us=6
   3 /opt/llama.cpp/ggml/src/ggml-cuda/ggml-cuda.cu:847 calls=150 total_ms=0.114 avg_us=0.760 max_us=2
=== END CUDA SYNC PROFILE ===
backend-sync-trace: count=23100 backend=CUDA0 caller=ggml_backend_sched_synchronize+0x52

=== CUDA SYNC PROFILE (instrumentation only) ===
total_syncs = 23100
total_wait_ms = 12964.661
max_wait_us = 140101
sites = 5
wait_hist_us = logarithmic buckets
  hist[0] = 21238
  hist[1] = 949
  hist[2] = 47
  hist[3] = 18
  hist[4] = 7
  hist[9] = 159
  hist[10] = 328
  hist[11] = 73
  hist[14] = 99
  hist[15] = 156
  hist[16] = 25
  hist[17] = 1
by_callsite (caller PC; symbolize with addr2line):
   0 caller=0x7cd3d6f010c2 calls=9317 total_ms=12957.267 avg_us=1390.712 max_us=140101
   1 caller=0x7cd3d6f0586c calls=7597 total_ms=2.899 avg_us=0.382 max_us=18
   2 caller=0x7cd3d6f0577c calls=2812 total_ms=2.355 avg_us=0.837 max_us=30
   3 caller=0x7cd3d6f0599d calls=2812 total_ms=1.083 avg_us=0.385 max_us=2
   4 caller=0x7cd3d6f04732 calls=562 total_ms=1.057 avg_us=1.881 max_us=17
direct_cudaStreamSynchronize: calls=10196 total_ms=47.083 max_us=2474
by_direct_callsite (file:line):
   0 /opt/llama.cpp/ggml/src/ggml-cuda/ggml-cuda.cu:839 calls=9843 total_ms=40.969 avg_us=4.162 max_us=355
   1 /opt/llama.cpp/ggml/src/ggml-cuda/ggml-cuda.cu:900 calls=12 total_ms=5.782 avg_us=481.833 max_us=2474
   2 /opt/llama.cpp/ggml/src/ggml-cuda/ggml-cuda.cu:2665 calls=191 total_ms=0.218 avg_us=1.141 max_us=6
   3 /opt/llama.cpp/ggml/src/ggml-cuda/ggml-cuda.cu:847 calls=150 total_ms=0.114 avg_us=0.760 max_us=2
=== END CUDA SYNC PROFILE ===

=== CUDA SYNC PROFILE (instrumentation only) ===
total_syncs = 23107
total_wait_ms = 12964.668
max_wait_us = 140101
sites = 5
wait_hist_us = logarithmic buckets
  hist[0] = 21244
  hist[1] = 950
  hist[2] = 47
  hist[3] = 18
  hist[4] = 7
  hist[9] = 159
  hist[10] = 328
  hist[11] = 73
  hist[14] = 99
  hist[15] = 156
  hist[16] = 25
  hist[17] = 1
by_callsite (caller PC; symbolize with addr2line):
   0 caller=0x7cd3d6f010c2 calls=9317 total_ms=12957.267 avg_us=1390.712 max_us=140101
   1 caller=0x7cd3d6f0586c calls=7599 total_ms=2.901 avg_us=0.382 max_us=18
   2 caller=0x7cd3d6f0577c calls=2814 total_ms=2.356 avg_us=0.837 max_us=30
   3 caller=0x7cd3d6f0599d calls=2814 total_ms=1.085 avg_us=0.386 max_us=2
   4 caller=0x7cd3d6f04732 calls=563 total_ms=1.059 avg_us=1.881 max_us=17
direct_cudaStreamSynchronize: calls=10200 total_ms=47.105 max_us=2474
by_direct_callsite (file:line):
   0 /opt/llama.cpp/ggml/src/ggml-cuda/ggml-cuda.cu:839 calls=9847 total_ms=40.991 avg_us=4.163 max_us=355
   1 /opt/llama.cpp/ggml/src/ggml-cuda/ggml-cuda.cu:900 calls=12 total_ms=5.782 avg_us=481.833 max_us=2474
   2 /opt/llama.cpp/ggml/src/ggml-cuda/ggml-cuda.cu:2665 calls=191 total_ms=0.218 avg_us=1.141 max_us=6
   3 /opt/llama.cpp/ggml/src/ggml-cuda/ggml-cuda.cu:847 calls=150 total_ms=0.114 avg_us=0.760 max_us=2
=== END CUDA SYNC PROFILE ===
backend-sync-trace: count=23200 backend=CUDA0 caller=ggml_backend_sched_synchronize+0x52

=== CUDA SYNC PROFILE (instrumentation only) ===
total_syncs = 23200
total_wait_ms = 13042.815
max_wait_us = 140101
sites = 5
wait_hist_us = logarithmic buckets
  hist[0] = 21332
  hist[1] = 951
  hist[2] = 47
  hist[3] = 19
  hist[4] = 7
  hist[9] = 159
  hist[10] = 328
  hist[11] = 75
  hist[14] = 99
  hist[15] = 156
  hist[16] = 26
  hist[17] = 1
by_callsite (caller PC; symbolize with addr2line):
   0 caller=0x7cd3d6f010c2 calls=9359 total_ms=13035.394 avg_us=1392.819 max_us=140101
   1 caller=0x7cd3d6f0586c calls=7628 total_ms=2.908 avg_us=0.381 max_us=18
   2 caller=0x7cd3d6f0577c calls=2824 total_ms=2.363 avg_us=0.837 max_us=30
   3 caller=0x7cd3d6f0599d calls=2824 total_ms=1.089 avg_us=0.386 max_us=2
   4 caller=0x7cd3d6f04732 calls=565 total_ms=1.061 avg_us=1.878 max_us=17
direct_cudaStreamSynchronize: calls=10236 total_ms=47.278 max_us=2474
by_direct_callsite (file:line):
   0 /opt/llama.cpp/ggml/src/ggml-cuda/ggml-cuda.cu:839 calls=9883 total_ms=41.164 avg_us=4.165 max_us=355
   1 /opt/llama.cpp/ggml/src/ggml-cuda/ggml-cuda.cu:900 calls=12 total_ms=5.782 avg_us=481.833 max_us=2474
   2 /opt/llama.cpp/ggml/src/ggml-cuda/ggml-cuda.cu:2665 calls=191 total_ms=0.218 avg_us=1.141 max_us=6
   3 /opt/llama.cpp/ggml/src/ggml-cuda/ggml-cuda.cu:847 calls=150 total_ms=0.114 avg_us=0.760 max_us=2
=== END CUDA SYNC PROFILE ===
backend-sync-trace: count=23300 backend=CUDA0 caller=ggml_backend_sched_synchronize+0x52

=== CUDA SYNC PROFILE (instrumentation only) ===
total_syncs = 23300
total_wait_ms = 13084.264
max_wait_us = 140101
sites = 5
wait_hist_us = logarithmic buckets
  hist[0] = 21424
  hist[1] = 955
  hist[2] = 47
  hist[3] = 19
  hist[4] = 7
  hist[9] = 161
  hist[10] = 329
  hist[11] = 75
  hist[14] = 99
  hist[15] = 157
  hist[16] = 26
  hist[17] = 1
by_callsite (caller PC; symbolize with addr2line):
   0 caller=0x7cd3d6f010c2 calls=9401 total_ms=13076.813 avg_us=1391.002 max_us=140101
   1 caller=0x7cd3d6f0586c calls=7659 total_ms=2.919 avg_us=0.381 max_us=18
   2 caller=0x7cd3d6f0577c calls=2836 total_ms=2.371 avg_us=0.836 max_us=30
   3 caller=0x7cd3d6f0599d calls=2836 total_ms=1.095 avg_us=0.386 max_us=2
   4 caller=0x7cd3d6f04732 calls=568 total_ms=1.066 avg_us=1.877 max_us=17
direct_cudaStreamSynchronize: calls=10277 total_ms=47.433 max_us=2474
by_direct_callsite (file:line):
   0 /opt/llama.cpp/ggml/src/ggml-cuda/ggml-cuda.cu:839 calls=9924 total_ms=41.319 avg_us=4.164 max_us=355
   1 /opt/llama.cpp/ggml/src/ggml-cuda/ggml-cuda.cu:900 calls=12 total_ms=5.782 avg_us=481.833 max_us=2474
   2 /opt/llama.cpp/ggml/src/ggml-cuda/ggml-cuda.cu:2665 calls=191 total_ms=0.218 avg_us=1.141 max_us=6
   3 /opt/llama.cpp/ggml/src/ggml-cuda/ggml-cuda.cu:847 calls=150 total_ms=0.114 avg_us=0.760 max_us=2
=== END CUDA SYNC PROFILE ===

=== CUDA SYNC PROFILE (instrumentation only) ===
total_syncs = 23343
total_wait_ms = 13086.156
max_wait_us = 140101
sites = 5
wait_hist_us = logarithmic buckets
  hist[0] = 21464
  hist[1] = 956
  hist[2] = 47
  hist[3] = 20
  hist[4] = 7
  hist[9] = 161
  hist[10] = 330
  hist[11] = 75
  hist[14] = 99
  hist[15] = 157
  hist[16] = 26
  hist[17] = 1
by_callsite (caller PC; symbolize with addr2line):
   0 caller=0x7cd3d6f010c2 calls=9414 total_ms=13078.678 avg_us=1389.280 max_us=140101
   1 caller=0x7cd3d6f0586c calls=7677 total_ms=2.925 avg_us=0.381 max_us=18
   2 caller=0x7cd3d6f0577c calls=2842 total_ms=2.391 avg_us=0.841 max_us=30
   3 caller=0x7cd3d6f0599d calls=2842 total_ms=1.096 avg_us=0.386 max_us=2
   4 caller=0x7cd3d6f04732 calls=568 total_ms=1.066 avg_us=1.877 max_us=17
direct_cudaStreamSynchronize: calls=10300 total_ms=47.521 max_us=2474
by_direct_callsite (file:line):
   0 /opt/llama.cpp/ggml/src/ggml-cuda/ggml-cuda.cu:839 calls=9947 total_ms=41.407 avg_us=4.163 max_us=355
   1 /opt/llama.cpp/ggml/src/ggml-cuda/ggml-cuda.cu:900 calls=12 total_ms=5.782 avg_us=481.833 max_us=2474
   2 /opt/llama.cpp/ggml/src/ggml-cuda/ggml-cuda.cu:2665 calls=191 total_ms=0.218 avg_us=1.141 max_us=6
   3 /opt/llama.cpp/ggml/src/ggml-cuda/ggml-cuda.cu:847 calls=150 total_ms=0.114 avg_us=0.760 max_us=2
=== END CUDA SYNC PROFILE ===
backend-sync-trace: count=23400 backend=CUDA0 caller=ggml_backend_sched_graph_compute_async_ext+0xddc

=== CUDA SYNC PROFILE (instrumentation only) ===
total_syncs = 23400
total_wait_ms = 13136.927
max_wait_us = 140101
sites = 5
wait_hist_us = logarithmic buckets
  hist[0] = 21513
  hist[1] = 960
  hist[2] = 48
  hist[3] = 20
  hist[4] = 7
  hist[9] = 161
  hist[10] = 332
  hist[11] = 75
  hist[14] = 99
  hist[15] = 158
  hist[16] = 26
  hist[17] = 1
by_callsite (caller PC; symbolize with addr2line):
   0 caller=0x7cd3d6f010c2 calls=9439 total_ms=13129.427 avg_us=1390.976 max_us=140101
   1 caller=0x7cd3d6f0586c calls=7690 total_ms=2.932 avg_us=0.381 max_us=18
   2 caller=0x7cd3d6f0577c calls=2851 total_ms=2.400 avg_us=0.842 max_us=30
   3 caller=0x7cd3d6f0599d calls=2850 total_ms=1.098 avg_us=0.385 max_us=2
   4 caller=0x7cd3d6f04732 calls=570 total_ms=1.070 avg_us=1.877 max_us=17
direct_cudaStreamSynchronize: calls=10320 total_ms=47.598 max_us=2474
by_direct_callsite (file:line):
   0 /opt/llama.cpp/ggml/src/ggml-cuda/ggml-cuda.cu:839 calls=9967 total_ms=41.484 avg_us=4.162 max_us=355
   1 /opt/llama.cpp/ggml/src/ggml-cuda/ggml-cuda.cu:900 calls=12 total_ms=5.782 avg_us=481.833 max_us=2474
   2 /opt/llama.cpp/ggml/src/ggml-cuda/ggml-cuda.cu:2665 calls=191 total_ms=0.218 avg_us=1.141 max_us=6
   3 /opt/llama.cpp/ggml/src/ggml-cuda/ggml-cuda.cu:847 calls=150 total_ms=0.114 avg_us=0.760 max_us=2
=== END CUDA SYNC PROFILE ===
backend-sync-trace: count=23500 backend=CUDA0 caller=ggml_backend_sched_graph_compute_async_ext+0xecc

=== CUDA SYNC PROFILE (instrumentation only) ===
total_syncs = 23500
total_wait_ms = 13204.189
max_wait_us = 140101
sites = 5
wait_hist_us = logarithmic buckets
  hist[0] = 21603
  hist[1] = 965
  hist[2] = 49
  hist[3] = 20
  hist[4] = 7
  hist[9] = 161
  hist[10] = 334
  hist[11] = 75
  hist[14] = 100
  hist[15] = 159
  hist[16] = 26
  hist[17] = 1
by_callsite (caller PC; symbolize with addr2line):
   0 caller=0x7cd3d6f010c2 calls=9466 total_ms=13196.650 avg_us=1394.111 max_us=140101
   1 caller=0x7cd3d6f0586c calls=7733 total_ms=2.951 avg_us=0.382 max_us=18
   2 caller=0x7cd3d6f0577c calls=2864 total_ms=2.408 avg_us=0.841 max_us=30
   3 caller=0x7cd3d6f0599d calls=2864 total_ms=1.102 avg_us=0.385 max_us=2
   4 caller=0x7cd3d6f04732 calls=573 total_ms=1.078 avg_us=1.881 max_us=17
direct_cudaStreamSynchronize: calls=10373 total_ms=47.827 max_us=2474
by_direct_callsite (file:line):
   0 /opt/llama.cpp/ggml/src/ggml-cuda/ggml-cuda.cu:839 calls=10020 total_ms=41.713 avg_us=4.163 max_us=355
   1 /opt/llama.cpp/ggml/src/ggml-cuda/ggml-cuda.cu:900 calls=12 total_ms=5.782 avg_us=481.833 max_us=2474
   2 /opt/llama.cpp/ggml/src/ggml-cuda/ggml-cuda.cu:2665 calls=191 total_ms=0.218 avg_us=1.141 max_us=6
   3 /opt/llama.cpp/ggml/src/ggml-cuda/ggml-cuda.cu:847 calls=150 total_ms=0.114 avg_us=0.760 max_us=2
=== END CUDA SYNC PROFILE ===

=== CUDA SYNC PROFILE (instrumentation only) ===
total_syncs = 23572
total_wait_ms = 13206.361
max_wait_us = 140101
sites = 5
wait_hist_us = logarithmic buckets
  hist[0] = 21671
  hist[1] = 967
  hist[2] = 49
  hist[3] = 20
  hist[4] = 7
  hist[9] = 162
  hist[10] = 335
  hist[11] = 75
  hist[14] = 100
  hist[15] = 159
  hist[16] = 26
  hist[17] = 1
by_callsite (caller PC; symbolize with addr2line):
   0 caller=0x7cd3d6f010c2 calls=9501 total_ms=13198.804 avg_us=1389.202 max_us=140101
   1 caller=0x7cd3d6f0586c calls=7753 total_ms=2.957 avg_us=0.381 max_us=18
   2 caller=0x7cd3d6f0577c calls=2872 total_ms=2.416 avg_us=0.841 max_us=30
   3 caller=0x7cd3d6f0599d calls=2872 total_ms=1.104 avg_us=0.384 max_us=2
   4 caller=0x7cd3d6f04732 calls=574 total_ms=1.080 avg_us=1.882 max_us=17
direct_cudaStreamSynchronize: calls=10400 total_ms=47.933 max_us=2474
by_direct_callsite (file:line):
   0 /opt/llama.cpp/ggml/src/ggml-cuda/ggml-cuda.cu:839 calls=10047 total_ms=41.819 avg_us=4.162 max_us=355
   1 /opt/llama.cpp/ggml/src/ggml-cuda/ggml-cuda.cu:900 calls=12 total_ms=5.782 avg_us=481.833 max_us=2474
   2 /opt/llama.cpp/ggml/src/ggml-cuda/ggml-cuda.cu:2665 calls=191 total_ms=0.218 avg_us=1.141 max_us=6
   3 /opt/llama.cpp/ggml/src/ggml-cuda/ggml-cuda.cu:847 calls=150 total_ms=0.114 avg_us=0.760 max_us=2
=== END CUDA SYNC PROFILE ===
backend-sync-trace: count=23600 backend=CUDA0 caller=ggml_backend_sched_synchronize+0x52

=== CUDA SYNC PROFILE (instrumentation only) ===
total_syncs = 23600
total_wait_ms = 13244.691
max_wait_us = 140101
sites = 5
wait_hist_us = logarithmic buckets
  hist[0] = 21696
  hist[1] = 969
  hist[2] = 49
  hist[3] = 20
  hist[4] = 7
  hist[9] = 162
  hist[10] = 335
  hist[11] = 75
  hist[14] = 100
  hist[15] = 160
  hist[16] = 26
  hist[17] = 1
by_callsite (caller PC; symbolize with addr2line):
   0 caller=0x7cd3d6f010c2 calls=9514 total_ms=13237.125 avg_us=1391.331 max_us=140101
   1 caller=0x7cd3d6f0586c calls=7763 total_ms=2.961 avg_us=0.381 max_us=18
   2 caller=0x7cd3d6f0577c calls=2874 total_ms=2.418 avg_us=0.841 max_us=30
   3 caller=0x7cd3d6f0599d calls=2874 total_ms=1.105 avg_us=0.384 max_us=2
   4 caller=0x7cd3d6f04732 calls=575 total_ms=1.082 avg_us=1.882 max_us=17
direct_cudaStreamSynchronize: calls=10411 total_ms=47.989 max_us=2474
by_direct_callsite (file:line):
   0 /opt/llama.cpp/ggml/src/ggml-cuda/ggml-cuda.cu:839 calls=10058 total_ms=41.875 avg_us=4.163 max_us=355
   1 /opt/llama.cpp/ggml/src/ggml-cuda/ggml-cuda.cu:900 calls=12 total_ms=5.782 avg_us=481.833 max_us=2474
   2 /opt/llama.cpp/ggml/src/ggml-cuda/ggml-cuda.cu:2665 calls=191 total_ms=0.218 avg_us=1.141 max_us=6
   3 /opt/llama.cpp/ggml/src/ggml-cuda/ggml-cuda.cu:847 calls=150 total_ms=0.114 avg_us=0.760 max_us=2
=== END CUDA SYNC PROFILE ===
backend-sync-trace: count=23700 backend=CUDA0 caller=ggml_backend_sched_synchronize+0x52

=== CUDA SYNC PROFILE (instrumentation only) ===
total_syncs = 23700
total_wait_ms = 13280.082
max_wait_us = 140101
sites = 5
wait_hist_us = logarithmic buckets
  hist[0] = 21787
  hist[1] = 974
  hist[2] = 49
  hist[3] = 20
  hist[4] = 7
  hist[9] = 162
  hist[10] = 338
  hist[11] = 75
  hist[14] = 101
  hist[15] = 160
  hist[16] = 26
  hist[17] = 1
by_callsite (caller PC; symbolize with addr2line):
   0 caller=0x7cd3d6f010c2 calls=9556 total_ms=13272.484 avg_us=1388.916 max_us=140101
   1 caller=0x7cd3d6f0586c calls=7794 total_ms=2.976 avg_us=0.382 max_us=18
   2 caller=0x7cd3d6f0577c calls=2886 total_ms=2.426 avg_us=0.841 max_us=30
   3 caller=0x7cd3d6f0599d calls=2886 total_ms=1.108 avg_us=0.384 max_us=2
   4 caller=0x7cd3d6f04732 calls=578 total_ms=1.088 avg_us=1.882 max_us=17
direct_cudaStreamSynchronize: calls=10452 total_ms=48.150 max_us=2474
by_direct_callsite (file:line):
   0 /opt/llama.cpp/ggml/src/ggml-cuda/ggml-cuda.cu:839 calls=10099 total_ms=42.036 avg_us=4.162 max_us=355
   1 /opt/llama.cpp/ggml/src/ggml-cuda/ggml-cuda.cu:900 calls=12 total_ms=5.782 avg_us=481.833 max_us=2474
   2 /opt/llama.cpp/ggml/src/ggml-cuda/ggml-cuda.cu:2665 calls=191 total_ms=0.218 avg_us=1.141 max_us=6
   3 /opt/llama.cpp/ggml/src/ggml-cuda/ggml-cuda.cu:847 calls=150 total_ms=0.114 avg_us=0.760 max_us=2
=== END CUDA SYNC PROFILE ===
backend-sync-trace: count=23800 backend=CUDA0 caller=ggml_backend_sched_synchronize+0x52

=== CUDA SYNC PROFILE (instrumentation only) ===
total_syncs = 23800
total_wait_ms = 13323.446
max_wait_us = 140101
sites = 5
wait_hist_us = logarithmic buckets
  hist[0] = 21879
  hist[1] = 978
  hist[2] = 49
  hist[3] = 20
  hist[4] = 7
  hist[9] = 163
  hist[10] = 340
  hist[11] = 75
  hist[14] = 101
  hist[15] = 161
  hist[16] = 26
  hist[17] = 1
by_callsite (caller PC; symbolize with addr2line):
   0 caller=0x7cd3d6f010c2 calls=9599 total_ms=13315.820 avg_us=1387.209 max_us=140101
   1 caller=0x7cd3d6f0586c calls=7825 total_ms=2.986 avg_us=0.382 max_us=18
   2 caller=0x7cd3d6f0577c calls=2898 total_ms=2.433 avg_us=0.840 max_us=30
   3 caller=0x7cd3d6f0599d calls=2898 total_ms=1.115 avg_us=0.385 max_us=2
   4 caller=0x7cd3d6f04732 calls=580 total_ms=1.092 avg_us=1.883 max_us=17
direct_cudaStreamSynchronize: calls=10493 total_ms=48.311 max_us=2474
by_direct_callsite (file:line):
   0 /opt/llama.cpp/ggml/src/ggml-cuda/ggml-cuda.cu:839 calls=10140 total_ms=42.197 avg_us=4.161 max_us=355
   1 /opt/llama.cpp/ggml/src/ggml-cuda/ggml-cuda.cu:900 calls=12 total_ms=5.782 avg_us=481.833 max_us=2474
   2 /opt/llama.cpp/ggml/src/ggml-cuda/ggml-cuda.cu:2665 calls=191 total_ms=0.218 avg_us=1.141 max_us=6
   3 /opt/llama.cpp/ggml/src/ggml-cuda/ggml-cuda.cu:847 calls=150 total_ms=0.114 avg_us=0.760 max_us=2
=== END CUDA SYNC PROFILE ===

=== CUDA SYNC PROFILE (instrumentation only) ===
total_syncs = 23813
total_wait_ms = 13323.453
max_wait_us = 140101
sites = 5
wait_hist_us = logarithmic buckets
  hist[0] = 21891
  hist[1] = 979
  hist[2] = 49
  hist[3] = 20
  hist[4] = 7
  hist[9] = 163
  hist[10] = 340
  hist[11] = 75
  hist[14] = 101
  hist[15] = 161
  hist[16] = 26
  hist[17] = 1
by_callsite (caller PC; symbolize with addr2line):
   0 caller=0x7cd3d6f010c2 calls=9600 total_ms=13315.821 avg_us=1387.065 max_us=140101
   1 caller=0x7cd3d6f0586c calls=7829 total_ms=2.986 avg_us=0.381 max_us=18
   2 caller=0x7cd3d6f0577c calls=2902 total_ms=2.436 avg_us=0.839 max_us=30
   3 caller=0x7cd3d6f0599d calls=2902 total_ms=1.118 avg_us=0.385 max_us=2
   4 caller=0x7cd3d6f04732 calls=580 total_ms=1.092 avg_us=1.883 max_us=17
direct_cudaStreamSynchronize: calls=10500 total_ms=48.356 max_us=2474
by_direct_callsite (file:line):
   0 /opt/llama.cpp/ggml/src/ggml-cuda/ggml-cuda.cu:839 calls=10147 total_ms=42.242 avg_us=4.163 max_us=355
   1 /opt/llama.cpp/ggml/src/ggml-cuda/ggml-cuda.cu:900 calls=12 total_ms=5.782 avg_us=481.833 max_us=2474
   2 /opt/llama.cpp/ggml/src/ggml-cuda/ggml-cuda.cu:2665 calls=191 total_ms=0.218 avg_us=1.141 max_us=6
   3 /opt/llama.cpp/ggml/src/ggml-cuda/ggml-cuda.cu:847 calls=150 total_ms=0.114 avg_us=0.760 max_us=2
=== END CUDA SYNC PROFILE ===
backend-sync-trace: count=23900 backend=CUDA0 caller=ggml_backend_sched_graph_compute_async_ext+0xecc

=== CUDA SYNC PROFILE (instrumentation only) ===
total_syncs = 23900
total_wait_ms = 13352.627
max_wait_us = 140101
sites = 5
wait_hist_us = logarithmic buckets
  hist[0] = 21973
  hist[1] = 981
  hist[2] = 49
  hist[3] = 20
  hist[4] = 7
  hist[9] = 164
  hist[10] = 341
  hist[11] = 75
  hist[14] = 102
  hist[15] = 161
  hist[16] = 26
  hist[17] = 1
by_callsite (caller PC; symbolize with addr2line):
   0 caller=0x7cd3d6f010c2 calls=9637 total_ms=13344.968 avg_us=1384.764 max_us=140101
   1 caller=0x7cd3d6f0586c calls=7857 total_ms=2.999 avg_us=0.382 max_us=18
   2 caller=0x7cd3d6f0577c calls=2912 total_ms=2.441 avg_us=0.838 max_us=30
   3 caller=0x7cd3d6f0599d calls=2912 total_ms=1.124 avg_us=0.386 max_us=2
   4 caller=0x7cd3d6f04732 calls=582 total_ms=1.095 avg_us=1.881 max_us=17
direct_cudaStreamSynchronize: calls=10535 total_ms=48.495 max_us=2474
by_direct_callsite (file:line):
   0 /opt/llama.cpp/ggml/src/ggml-cuda/ggml-cuda.cu:839 calls=10182 total_ms=42.381 avg_us=4.162 max_us=355
   1 /opt/llama.cpp/ggml/src/ggml-cuda/ggml-cuda.cu:900 calls=12 total_ms=5.782 avg_us=481.833 max_us=2474
   2 /opt/llama.cpp/ggml/src/ggml-cuda/ggml-cuda.cu:2665 calls=191 total_ms=0.218 avg_us=1.141 max_us=6
   3 /opt/llama.cpp/ggml/src/ggml-cuda/ggml-cuda.cu:847 calls=150 total_ms=0.114 avg_us=0.760 max_us=2
=== END CUDA SYNC PROFILE ===
backend-sync-trace: count=24000 backend=CUDA0 caller=ggml_backend_sched_graph_compute_async_ext+0xddc

=== CUDA SYNC PROFILE (instrumentation only) ===
total_syncs = 24000
total_wait_ms = 13435.781
max_wait_us = 140101
sites = 5
wait_hist_us = logarithmic buckets
  hist[0] = 22064
  hist[1] = 986
  hist[2] = 49
  hist[3] = 20
  hist[4] = 7
  hist[9] = 164
  hist[10] = 343
  hist[11] = 75
  hist[14] = 102
  hist[15] = 163
  hist[16] = 26
  hist[17] = 1
by_callsite (caller PC; symbolize with addr2line):
   0 caller=0x7cd3d6f010c2 calls=9676 total_ms=13428.092 avg_us=1387.773 max_us=140101
   1 caller=0x7cd3d6f0586c calls=7894 total_ms=3.010 avg_us=0.381 max_us=18
   2 caller=0x7cd3d6f0577c calls=2923 total_ms=2.450 avg_us=0.838 max_us=30
   3 caller=0x7cd3d6f0599d calls=2922 total_ms=1.128 avg_us=0.386 max_us=2
   4 caller=0x7cd3d6f04732 calls=585 total_ms=1.101 avg_us=1.882 max_us=17
direct_cudaStreamSynchronize: calls=10581 total_ms=48.665 max_us=2474
by_direct_callsite (file:line):
   0 /opt/llama.cpp/ggml/src/ggml-cuda/ggml-cuda.cu:839 calls=10228 total_ms=42.551 avg_us=4.160 max_us=355
   1 /opt/llama.cpp/ggml/src/ggml-cuda/ggml-cuda.cu:900 calls=12 total_ms=5.782 avg_us=481.833 max_us=2474
   2 /opt/llama.cpp/ggml/src/ggml-cuda/ggml-cuda.cu:2665 calls=191 total_ms=0.218 avg_us=1.141 max_us=6
   3 /opt/llama.cpp/ggml/src/ggml-cuda/ggml-cuda.cu:847 calls=150 total_ms=0.114 avg_us=0.760 max_us=2
=== END CUDA SYNC PROFILE ===

=== CUDA SYNC PROFILE (instrumentation only) ===
total_syncs = 24063
total_wait_ms = 13438.807
max_wait_us = 140101
sites = 5
wait_hist_us = logarithmic buckets
  hist[0] = 22124
  hist[1] = 987
  hist[2] = 49
  hist[3] = 20
  hist[4] = 7
  hist[9] = 164
  hist[10] = 345
  hist[11] = 75
  hist[14] = 102
  hist[15] = 163
  hist[16] = 26
  hist[17] = 1
by_callsite (caller PC; symbolize with addr2line):
   0 caller=0x7cd3d6f010c2 calls=9711 total_ms=13431.101 avg_us=1383.081 max_us=140101
   1 caller=0x7cd3d6f0586c calls=7906 total_ms=3.016 avg_us=0.381 max_us=18
   2 caller=0x7cd3d6f0577c calls=2930 total_ms=2.456 avg_us=0.838 max_us=30
   3 caller=0x7cd3d6f0599d calls=2930 total_ms=1.132 avg_us=0.386 max_us=2
   4 caller=0x7cd3d6f04732 calls=586 total_ms=1.102 avg_us=1.881 max_us=17
direct_cudaStreamSynchronize: calls=10600 total_ms=48.739 max_us=2474
by_direct_callsite (file:line):
   0 /opt/llama.cpp/ggml/src/ggml-cuda/ggml-cuda.cu:839 calls=10247 total_ms=42.625 avg_us=4.160 max_us=355
   1 /opt/llama.cpp/ggml/src/ggml-cuda/ggml-cuda.cu:900 calls=12 total_ms=5.782 avg_us=481.833 max_us=2474
   2 /opt/llama.cpp/ggml/src/ggml-cuda/ggml-cuda.cu:2665 calls=191 total_ms=0.218 avg_us=1.141 max_us=6
   3 /opt/llama.cpp/ggml/src/ggml-cuda/ggml-cuda.cu:847 calls=150 total_ms=0.114 avg_us=0.760 max_us=2
=== END CUDA SYNC PROFILE ===
backend-sync-trace: count=24100 backend=CUDA0 caller=ggml_backend_sched_synchronize+0x52

=== CUDA SYNC PROFILE (instrumentation only) ===
total_syncs = 24100
total_wait_ms = 13477.164
max_wait_us = 140101
sites = 5
wait_hist_us = logarithmic buckets
  hist[0] = 22159
  hist[1] = 988
  hist[2] = 49
  hist[3] = 20
  hist[4] = 7
  hist[9] = 164
  hist[10] = 345
  hist[11] = 75
  hist[14] = 102
  hist[15] = 164
  hist[16] = 26
  hist[17] = 1
by_callsite (caller PC; symbolize with addr2line):
   0 caller=0x7cd3d6f010c2 calls=9720 total_ms=13469.443 avg_us=1385.745 max_us=140101
   1 caller=0x7cd3d6f0586c calls=7925 total_ms=3.023 avg_us=0.381 max_us=18
   2 caller=0x7cd3d6f0577c calls=2934 total_ms=2.458 avg_us=0.838 max_us=30
   3 caller=0x7cd3d6f0599d calls=2934 total_ms=1.136 avg_us=0.387 max_us=2
   4 caller=0x7cd3d6f04732 calls=587 total_ms=1.104 avg_us=1.881 max_us=17
direct_cudaStreamSynchronize: calls=10621 total_ms=48.831 max_us=2474
by_direct_callsite (file:line):
   0 /opt/llama.cpp/ggml/src/ggml-cuda/ggml-cuda.cu:839 calls=10268 total_ms=42.717 avg_us=4.160 max_us=355
   1 /opt/llama.cpp/ggml/src/ggml-cuda/ggml-cuda.cu:900 calls=12 total_ms=5.782 avg_us=481.833 max_us=2474
   2 /opt/llama.cpp/ggml/src/ggml-cuda/ggml-cuda.cu:2665 calls=191 total_ms=0.218 avg_us=1.141 max_us=6
   3 /opt/llama.cpp/ggml/src/ggml-cuda/ggml-cuda.cu:847 calls=150 total_ms=0.114 avg_us=0.760 max_us=2
=== END CUDA SYNC PROFILE ===
backend-sync-trace: count=24200 backend=CUDA0 caller=ggml_backend_sched_graph_compute_async_ext+0xffd

=== CUDA SYNC PROFILE (instrumentation only) ===
total_syncs = 24200
total_wait_ms = 13546.418
max_wait_us = 140101
sites = 5
wait_hist_us = logarithmic buckets
  hist[0] = 22252
  hist[1] = 991
  hist[2] = 49
  hist[3] = 20
  hist[4] = 7
  hist[9] = 165
  hist[10] = 346
  hist[11] = 76
  hist[14] = 102
  hist[15] = 165
  hist[16] = 26
  hist[17] = 1
by_callsite (caller PC; symbolize with addr2line):
   0 caller=0x7cd3d6f010c2 calls=9760 total_ms=13538.667 avg_us=1387.159 max_us=140101
   1 caller=0x7cd3d6f0586c calls=7956 total_ms=3.034 avg_us=0.381 max_us=18
   2 caller=0x7cd3d6f0577c calls=2947 total_ms=2.466 avg_us=0.837 max_us=30
   3 caller=0x7cd3d6f0599d calls=2947 total_ms=1.142 avg_us=0.388 max_us=2
   4 caller=0x7cd3d6f04732 calls=590 total_ms=1.109 avg_us=1.880 max_us=17
direct_cudaStreamSynchronize: calls=10662 total_ms=48.987 max_us=2474
by_direct_callsite (file:line):
   0 /opt/llama.cpp/ggml/src/ggml-cuda/ggml-cuda.cu:839 calls=10309 total_ms=42.873 avg_us=4.159 max_us=355
   1 /opt/llama.cpp/ggml/src/ggml-cuda/ggml-cuda.cu:900 calls=12 total_ms=5.782 avg_us=481.833 max_us=2474
   2 /opt/llama.cpp/ggml/src/ggml-cuda/ggml-cuda.cu:2665 calls=191 total_ms=0.218 avg_us=1.141 max_us=6
   3 /opt/llama.cpp/ggml/src/ggml-cuda/ggml-cuda.cu:847 calls=150 total_ms=0.114 avg_us=0.760 max_us=2
=== END CUDA SYNC PROFILE ===

=== CUDA SYNC PROFILE (instrumentation only) ===
total_syncs = 24277
total_wait_ms = 13580.015
max_wait_us = 140101
sites = 5
wait_hist_us = logarithmic buckets
  hist[0] = 22324
  hist[1] = 993
  hist[2] = 49
  hist[3] = 20
  hist[4] = 7
  hist[9] = 166
  hist[10] = 347
  hist[11] = 76
  hist[14] = 103
  hist[15] = 165
  hist[16] = 26
  hist[17] = 1
by_callsite (caller PC; symbolize with addr2line):
   0 caller=0x7cd3d6f010c2 calls=9785 total_ms=13572.233 avg_us=1387.045 max_us=140101
   1 caller=0x7cd3d6f0586c calls=7984 total_ms=3.046 avg_us=0.382 max_us=18
   2 caller=0x7cd3d6f0577c calls=2958 total_ms=2.476 avg_us=0.837 max_us=30
   3 caller=0x7cd3d6f0599d calls=2958 total_ms=1.148 avg_us=0.388 max_us=2
   4 caller=0x7cd3d6f04732 calls=592 total_ms=1.112 avg_us=1.878 max_us=17
direct_cudaStreamSynchronize: calls=10700 total_ms=49.139 max_us=2474
by_direct_callsite (file:line):
   0 /opt/llama.cpp/ggml/src/ggml-cuda/ggml-cuda.cu:839 calls=10347 total_ms=43.025 avg_us=4.158 max_us=355
   1 /opt/llama.cpp/ggml/src/ggml-cuda/ggml-cuda.cu:900 calls=12 total_ms=5.782 avg_us=481.833 max_us=2474
   2 /opt/llama.cpp/ggml/src/ggml-cuda/ggml-cuda.cu:2665 calls=191 total_ms=0.218 avg_us=1.141 max_us=6
   3 /opt/llama.cpp/ggml/src/ggml-cuda/ggml-cuda.cu:847 calls=150 total_ms=0.114 avg_us=0.760 max_us=2
=== END CUDA SYNC PROFILE ===
backend-sync-trace: count=24300 backend=CUDA0 caller=ggml_backend_sched_graph_compute_async_ext+0xecc

=== CUDA SYNC PROFILE (instrumentation only) ===
total_syncs = 24300
total_wait_ms = 13582.082
max_wait_us = 140101
sites = 5
wait_hist_us = logarithmic buckets
  hist[0] = 22345
  hist[1] = 994
  hist[2] = 49
  hist[3] = 20
  hist[4] = 7
  hist[9] = 166
  hist[10] = 347
  hist[11] = 77
  hist[14] = 103
  hist[15] = 165
  hist[16] = 26
  hist[17] = 1
by_callsite (caller PC; symbolize with addr2line):
   0 caller=0x7cd3d6f010c2 calls=9792 total_ms=13574.291 avg_us=1386.263 max_us=140101
   1 caller=0x7cd3d6f0586c calls=7992 total_ms=3.049 avg_us=0.382 max_us=18
   2 caller=0x7cd3d6f0577c calls=2962 total_ms=2.482 avg_us=0.838 max_us=30
   3 caller=0x7cd3d6f0599d calls=2962 total_ms=1.148 avg_us=0.388 max_us=2
   4 caller=0x7cd3d6f04732 calls=592 total_ms=1.112 avg_us=1.878 max_us=17
direct_cudaStreamSynchronize: calls=10710 total_ms=49.190 max_us=2474
by_direct_callsite (file:line):
   0 /opt/llama.cpp/ggml/src/ggml-cuda/ggml-cuda.cu:839 calls=10357 total_ms=43.076 avg_us=4.159 max_us=355
   1 /opt/llama.cpp/ggml/src/ggml-cuda/ggml-cuda.cu:900 calls=12 total_ms=5.782 avg_us=481.833 max_us=2474
   2 /opt/llama.cpp/ggml/src/ggml-cuda/ggml-cuda.cu:2665 calls=191 total_ms=0.218 avg_us=1.141 max_us=6
   3 /opt/llama.cpp/ggml/src/ggml-cuda/ggml-cuda.cu:847 calls=150 total_ms=0.114 avg_us=0.760 max_us=2
=== END CUDA SYNC PROFILE ===
backend-sync-trace: count=24400 backend=CUDA0 caller=ggml_backend_sched_graph_compute_async_ext+0xddc

=== CUDA SYNC PROFILE (instrumentation only) ===
total_syncs = 24400
total_wait_ms = 13696.632
max_wait_us = 140101
sites = 5
wait_hist_us = logarithmic buckets
  hist[0] = 22438
  hist[1] = 997
  hist[2] = 49
  hist[3] = 20
  hist[4] = 7
  hist[9] = 166
  hist[10] = 349
  hist[11] = 77
  hist[14] = 103
  hist[15] = 167
  hist[16] = 26
  hist[17] = 1
by_callsite (caller PC; symbolize with addr2line):
   0 caller=0x7cd3d6f010c2 calls=9831 total_ms=13688.805 avg_us=1392.412 max_us=140101
   1 caller=0x7cd3d6f0586c calls=8029 total_ms=3.067 avg_us=0.382 max_us=18
   2 caller=0x7cd3d6f0577c calls=2973 total_ms=2.490 avg_us=0.838 max_us=30
   3 caller=0x7cd3d6f0599d calls=2972 total_ms=1.154 avg_us=0.388 max_us=2
   4 caller=0x7cd3d6f04732 calls=595 total_ms=1.116 avg_us=1.876 max_us=17
direct_cudaStreamSynchronize: calls=10756 total_ms=49.357 max_us=2474
by_direct_callsite (file:line):
   0 /opt/llama.cpp/ggml/src/ggml-cuda/ggml-cuda.cu:839 calls=10403 total_ms=43.243 avg_us=4.157 max_us=355
   1 /opt/llama.cpp/ggml/src/ggml-cuda/ggml-cuda.cu:900 calls=12 total_ms=5.782 avg_us=481.833 max_us=2474
   2 /opt/llama.cpp/ggml/src/ggml-cuda/ggml-cuda.cu:2665 calls=191 total_ms=0.218 avg_us=1.141 max_us=6
   3 /opt/llama.cpp/ggml/src/ggml-cuda/ggml-cuda.cu:847 calls=150 total_ms=0.114 avg_us=0.760 max_us=2
=== END CUDA SYNC PROFILE ===
backend-sync-trace: count=24500 backend=CUDA0 caller=ggml_backend_sched_synchronize+0x52

=== CUDA SYNC PROFILE (instrumentation only) ===
total_syncs = 24500
total_wait_ms = 13747.989
max_wait_us = 140101
sites = 5
wait_hist_us = logarithmic buckets
  hist[0] = 22531
  hist[1] = 1001
  hist[2] = 49
  hist[3] = 20
  hist[4] = 7
  hist[9] = 166
  hist[10] = 351
  hist[11] = 77
  hist[14] = 103
  hist[15] = 168
  hist[16] = 26
  hist[17] = 1
by_callsite (caller PC; symbolize with addr2line):
   0 caller=0x7cd3d6f010c2 calls=9875 total_ms=13740.135 avg_us=1391.406 max_us=140101
   1 caller=0x7cd3d6f0586c calls=8060 total_ms=3.078 avg_us=0.382 max_us=18
   2 caller=0x7cd3d6f0577c calls=2984 total_ms=2.495 avg_us=0.836 max_us=30
   3 caller=0x7cd3d6f0599d calls=2984 total_ms=1.161 avg_us=0.389 max_us=2
   4 caller=0x7cd3d6f04732 calls=597 total_ms=1.120 avg_us=1.876 max_us=17
direct_cudaStreamSynchronize: calls=10796 total_ms=49.527 max_us=2474
by_direct_callsite (file:line):
   0 /opt/llama.cpp/ggml/src/ggml-cuda/ggml-cuda.cu:839 calls=10443 total_ms=43.413 avg_us=4.157 max_us=355
   1 /opt/llama.cpp/ggml/src/ggml-cuda/ggml-cuda.cu:900 calls=12 total_ms=5.782 avg_us=481.833 max_us=2474
   2 /opt/llama.cpp/ggml/src/ggml-cuda/ggml-cuda.cu:2665 calls=191 total_ms=0.218 avg_us=1.141 max_us=6
   3 /opt/llama.cpp/ggml/src/ggml-cuda/ggml-cuda.cu:847 calls=150 total_ms=0.114 avg_us=0.760 max_us=2
=== END CUDA SYNC PROFILE ===

=== CUDA SYNC PROFILE (instrumentation only) ===
total_syncs = 24521
total_wait_ms = 13747.998
max_wait_us = 140101
sites = 5
wait_hist_us = logarithmic buckets
  hist[0] = 22552
  hist[1] = 1001
  hist[2] = 49
  hist[3] = 20
  hist[4] = 7
  hist[9] = 166
  hist[10] = 351
  hist[11] = 77
  hist[14] = 103
  hist[15] = 168
  hist[16] = 26
  hist[17] = 1
by_callsite (caller PC; symbolize with addr2line):
   0 caller=0x7cd3d6f010c2 calls=9889 total_ms=13740.141 avg_us=1389.437 max_us=140101
   1 caller=0x7cd3d6f0586c calls=8062 total_ms=3.079 avg_us=0.382 max_us=18
   2 caller=0x7cd3d6f0577c calls=2986 total_ms=2.496 avg_us=0.836 max_us=30
   3 caller=0x7cd3d6f0599d calls=2986 total_ms=1.161 avg_us=0.389 max_us=2
   4 caller=0x7cd3d6f04732 calls=598 total_ms=1.121 avg_us=1.875 max_us=17
direct_cudaStreamSynchronize: calls=10800 total_ms=49.540 max_us=2474
by_direct_callsite (file:line):
   0 /opt/llama.cpp/ggml/src/ggml-cuda/ggml-cuda.cu:839 calls=10447 total_ms=43.426 avg_us=4.157 max_us=355
   1 /opt/llama.cpp/ggml/src/ggml-cuda/ggml-cuda.cu:900 calls=12 total_ms=5.782 avg_us=481.833 max_us=2474
   2 /opt/llama.cpp/ggml/src/ggml-cuda/ggml-cuda.cu:2665 calls=191 total_ms=0.218 avg_us=1.141 max_us=6
   3 /opt/llama.cpp/ggml/src/ggml-cuda/ggml-cuda.cu:847 calls=150 total_ms=0.114 avg_us=0.760 max_us=2
=== END CUDA SYNC PROFILE ===
backend-sync-trace: count=24600 backend=CUDA0 caller=ggml_backend_sched_synchronize+0x52

=== CUDA SYNC PROFILE (instrumentation only) ===
total_syncs = 24600
total_wait_ms = 13810.696
max_wait_us = 140101
sites = 5
wait_hist_us = logarithmic buckets
  hist[0] = 22609
  hist[1] = 1018
  hist[2] = 49
  hist[3] = 21
  hist[4] = 7
  hist[9] = 166
  hist[10] = 353
  hist[11] = 78
  hist[14] = 103
  hist[15] = 169
  hist[16] = 26
  hist[17] = 1
by_callsite (caller PC; symbolize with addr2line):
   0 caller=0x7cd3d6f010c2 calls=9917 total_ms=13802.778 avg_us=1391.830 max_us=140101
   1 caller=0x7cd3d6f0586c calls=8091 total_ms=3.107 avg_us=0.384 max_us=18
   2 caller=0x7cd3d6f0577c calls=2996 total_ms=2.517 avg_us=0.840 max_us=30
   3 caller=0x7cd3d6f0599d calls=2996 total_ms=1.169 avg_us=0.390 max_us=2
   4 caller=0x7cd3d6f04732 calls=600 total_ms=1.125 avg_us=1.875 max_us=17
direct_cudaStreamSynchronize: calls=10837 total_ms=49.697 max_us=2474
by_direct_callsite (file:line):
   0 /opt/llama.cpp/ggml/src/ggml-cuda/ggml-cuda.cu:839 calls=10484 total_ms=43.583 avg_us=4.157 max_us=355
   1 /opt/llama.cpp/ggml/src/ggml-cuda/ggml-cuda.cu:900 calls=12 total_ms=5.782 avg_us=481.833 max_us=2474
   2 /opt/llama.cpp/ggml/src/ggml-cuda/ggml-cuda.cu:2665 calls=191 total_ms=0.218 avg_us=1.141 max_us=6
   3 /opt/llama.cpp/ggml/src/ggml-cuda/ggml-cuda.cu:847 calls=150 total_ms=0.114 avg_us=0.760 max_us=2
=== END CUDA SYNC PROFILE ===
backend-sync-trace: count=24700 backend=CUDA0 caller=ggml_backend_sched_graph_compute_async_ext+0xddc

=== CUDA SYNC PROFILE (instrumentation only) ===
total_syncs = 24700
total_wait_ms = 13854.791
max_wait_us = 140101
sites = 5
wait_hist_us = logarithmic buckets
  hist[0] = 22702
  hist[1] = 1020
  hist[2] = 50
  hist[3] = 21
  hist[4] = 7
  hist[9] = 166
  hist[10] = 355
  hist[11] = 79
  hist[14] = 103
  hist[15] = 170
  hist[16] = 26
  hist[17] = 1
by_callsite (caller PC; symbolize with addr2line):
   0 caller=0x7cd3d6f010c2 calls=9953 total_ms=13846.842 avg_us=1391.223 max_us=140101
   1 caller=0x7cd3d6f0586c calls=8122 total_ms=3.117 avg_us=0.384 max_us=18
   2 caller=0x7cd3d6f0577c calls=3012 total_ms=2.530 avg_us=0.840 max_us=30
   3 caller=0x7cd3d6f0599d calls=3011 total_ms=1.174 avg_us=0.390 max_us=2
   4 caller=0x7cd3d6f04732 calls=602 total_ms=1.128 avg_us=1.874 max_us=17
direct_cudaStreamSynchronize: calls=10880 total_ms=49.862 max_us=2474
by_direct_callsite (file:line):
   0 /opt/llama.cpp/ggml/src/ggml-cuda/ggml-cuda.cu:839 calls=10527 total_ms=43.748 avg_us=4.156 max_us=355
   1 /opt/llama.cpp/ggml/src/ggml-cuda/ggml-cuda.cu:900 calls=12 total_ms=5.782 avg_us=481.833 max_us=2474
   2 /opt/llama.cpp/ggml/src/ggml-cuda/ggml-cuda.cu:2665 calls=191 total_ms=0.218 avg_us=1.141 max_us=6
   3 /opt/llama.cpp/ggml/src/ggml-cuda/ggml-cuda.cu:847 calls=150 total_ms=0.114 avg_us=0.760 max_us=2
=== END CUDA SYNC PROFILE ===

=== CUDA SYNC PROFILE (instrumentation only) ===
total_syncs = 24725
total_wait_ms = 13898.934
max_wait_us = 140101
sites = 5
wait_hist_us = logarithmic buckets
  hist[0] = 22725
  hist[1] = 1021
  hist[2] = 50
  hist[3] = 21
  hist[4] = 7
  hist[9] = 166
  hist[10] = 355
  hist[11] = 79
  hist[14] = 103
  hist[15] = 171
  hist[16] = 26
  hist[17] = 1
by_callsite (caller PC; symbolize with addr2line):
   0 caller=0x7cd3d6f010c2 calls=9955 total_ms=13890.973 avg_us=1395.376 max_us=140101
   1 caller=0x7cd3d6f0586c calls=8139 total_ms=3.124 avg_us=0.384 max_us=18
   2 caller=0x7cd3d6f0577c calls=3014 total_ms=2.531 avg_us=0.840 max_us=30
   3 caller=0x7cd3d6f0599d calls=3014 total_ms=1.176 avg_us=0.390 max_us=2
   4 caller=0x7cd3d6f04732 calls=603 total_ms=1.130 avg_us=1.874 max_us=17
direct_cudaStreamSynchronize: calls=10900 total_ms=49.952 max_us=2474
by_direct_callsite (file:line):
   0 /opt/llama.cpp/ggml/src/ggml-cuda/ggml-cuda.cu:839 calls=10547 total_ms=43.838 avg_us=4.156 max_us=355
   1 /opt/llama.cpp/ggml/src/ggml-cuda/ggml-cuda.cu:900 calls=12 total_ms=5.782 avg_us=481.833 max_us=2474
   2 /opt/llama.cpp/ggml/src/ggml-cuda/ggml-cuda.cu:2665 calls=191 total_ms=0.218 avg_us=1.141 max_us=6
   3 /opt/llama.cpp/ggml/src/ggml-cuda/ggml-cuda.cu:847 calls=150 total_ms=0.114 avg_us=0.760 max_us=2
=== END CUDA SYNC PROFILE ===
backend-sync-trace: count=24800 backend=CUDA0 caller=ggml_backend_sched_graph_compute_async_ext+0xddc

=== CUDA SYNC PROFILE (instrumentation only) ===
total_syncs = 24800
total_wait_ms = 13948.767
max_wait_us = 140101
sites = 5
wait_hist_us = logarithmic buckets
  hist[0] = 22793
  hist[1] = 1025
  hist[2] = 50
  hist[3] = 21
  hist[4] = 7
  hist[9] = 166
  hist[10] = 357
  hist[11] = 79
  hist[14] = 103
  hist[15] = 172
  hist[16] = 26
  hist[17] = 1
by_callsite (caller PC; symbolize with addr2line):
   0 caller=0x7cd3d6f010c2 calls=9986 total_ms=13940.783 avg_us=1396.033 max_us=140101
   1 caller=0x7cd3d6f0586c calls=8164 total_ms=3.131 avg_us=0.384 max_us=18
   2 caller=0x7cd3d6f0577c calls=3023 total_ms=2.540 avg_us=0.840 max_us=30
   3 caller=0x7cd3d6f0599d calls=3022 total_ms=1.179 avg_us=0.390 max_us=2
   4 caller=0x7cd3d6f04732 calls=605 total_ms=1.134 avg_us=1.874 max_us=17
direct_cudaStreamSynchronize: calls=10931 total_ms=50.068 max_us=2474
by_direct_callsite (file:line):
   0 /opt/llama.cpp/ggml/src/ggml-cuda/ggml-cuda.cu:839 calls=10578 total_ms=43.954 avg_us=4.155 max_us=355
   1 /opt/llama.cpp/ggml/src/ggml-cuda/ggml-cuda.cu:900 calls=12 total_ms=5.782 avg_us=481.833 max_us=2474
   2 /opt/llama.cpp/ggml/src/ggml-cuda/ggml-cuda.cu:2665 calls=191 total_ms=0.218 avg_us=1.141 max_us=6
   3 /opt/llama.cpp/ggml/src/ggml-cuda/ggml-cuda.cu:847 calls=150 total_ms=0.114 avg_us=0.760 max_us=2
=== END CUDA SYNC PROFILE ===
backend-sync-trace: count=24900 backend=CUDA0 caller=ggml_backend_sched_synchronize+0x52

=== CUDA SYNC PROFILE (instrumentation only) ===
total_syncs = 24900
total_wait_ms = 13983.515
max_wait_us = 140101
sites = 5
wait_hist_us = logarithmic buckets
  hist[0] = 22886
  hist[1] = 1029
  hist[2] = 50
  hist[3] = 21
  hist[4] = 7
  hist[9] = 167
  hist[10] = 358
  hist[11] = 79
  hist[14] = 104
  hist[15] = 172
  hist[16] = 26
  hist[17] = 1
by_callsite (caller PC; symbolize with addr2line):
   0 caller=0x7cd3d6f010c2 calls=10030 total_ms=13975.500 avg_us=1393.370 max_us=140101
   1 caller=0x7cd3d6f0586c calls=8195 total_ms=3.146 avg_us=0.384 max_us=18
   2 caller=0x7cd3d6f0577c calls=3034 total_ms=2.551 avg_us=0.841 max_us=30
   3 caller=0x7cd3d6f0599d calls=3034 total_ms=1.180 avg_us=0.389 max_us=2
   4 caller=0x7cd3d6f04732 calls=607 total_ms=1.138 avg_us=1.875 max_us=17
direct_cudaStreamSynchronize: calls=10971 total_ms=50.237 max_us=2474
by_direct_callsite (file:line):
   0 /opt/llama.cpp/ggml/src/ggml-cuda/ggml-cuda.cu:839 calls=10618 total_ms=44.123 avg_us=4.155 max_us=355
   1 /opt/llama.cpp/ggml/src/ggml-cuda/ggml-cuda.cu:900 calls=12 total_ms=5.782 avg_us=481.833 max_us=2474
   2 /opt/llama.cpp/ggml/src/ggml-cuda/ggml-cuda.cu:2665 calls=191 total_ms=0.218 avg_us=1.141 max_us=6
   3 /opt/llama.cpp/ggml/src/ggml-cuda/ggml-cuda.cu:847 calls=150 total_ms=0.114 avg_us=0.760 max_us=2
=== END CUDA SYNC PROFILE ===

=== CUDA SYNC PROFILE (instrumentation only) ===
total_syncs = 24955
total_wait_ms = 13985.675
max_wait_us = 140101
sites = 5
wait_hist_us = logarithmic buckets
  hist[0] = 22937
  hist[1] = 1031
  hist[2] = 50
  hist[3] = 21
  hist[4] = 7
  hist[9] = 168
  hist[10] = 359
  hist[11] = 79
  hist[14] = 104
  hist[15] = 172
  hist[16] = 26
  hist[17] = 1
by_callsite (caller PC; symbolize with addr2line):
   0 caller=0x7cd3d6f010c2 calls=10046 total_ms=13977.640 avg_us=1391.364 max_us=140101
   1 caller=0x7cd3d6f0586c calls=8217 total_ms=3.153 avg_us=0.384 max_us=18
   2 caller=0x7cd3d6f0577c calls=3042 total_ms=2.559 avg_us=0.841 max_us=30
   3 caller=0x7cd3d6f0599d calls=3042 total_ms=1.183 avg_us=0.389 max_us=2
   4 caller=0x7cd3d6f04732 calls=608 total_ms=1.140 avg_us=1.875 max_us=17
direct_cudaStreamSynchronize: calls=11000 total_ms=50.348 max_us=2474
by_direct_callsite (file:line):
   0 /opt/llama.cpp/ggml/src/ggml-cuda/ggml-cuda.cu:839 calls=10647 total_ms=44.234 avg_us=4.155 max_us=355
   1 /opt/llama.cpp/ggml/src/ggml-cuda/ggml-cuda.cu:900 calls=12 total_ms=5.782 avg_us=481.833 max_us=2474
   2 /opt/llama.cpp/ggml/src/ggml-cuda/ggml-cuda.cu:2665 calls=191 total_ms=0.218 avg_us=1.141 max_us=6
   3 /opt/llama.cpp/ggml/src/ggml-cuda/ggml-cuda.cu:847 calls=150 total_ms=0.114 avg_us=0.760 max_us=2
=== END CUDA SYNC PROFILE ===
backend-sync-trace: count=25000 backend=CUDA0 caller=ggml_backend_sched_synchronize+0x52

=== CUDA SYNC PROFILE (instrumentation only) ===
total_syncs = 25000
total_wait_ms = 14021.133
max_wait_us = 140101
sites = 5
wait_hist_us = logarithmic buckets
  hist[0] = 22978
  hist[1] = 1033
  hist[2] = 50
  hist[3] = 21
  hist[4] = 7
  hist[9] = 168
  hist[10] = 360
  hist[11] = 79
  hist[14] = 104
  hist[15] = 173
  hist[16] = 26
  hist[17] = 1
by_callsite (caller PC; symbolize with addr2line):
   0 caller=0x7cd3d6f010c2 calls=10072 total_ms=14013.087 avg_us=1391.291 max_us=140101
   1 caller=0x7cd3d6f0586c calls=8226 total_ms=3.156 avg_us=0.384 max_us=18
   2 caller=0x7cd3d6f0577c calls=3046 total_ms=2.563 avg_us=0.841 max_us=30
   3 caller=0x7cd3d6f0599d calls=3046 total_ms=1.184 avg_us=0.389 max_us=2
   4 caller=0x7cd3d6f04732 calls=610 total_ms=1.143 avg_us=1.874 max_us=17
direct_cudaStreamSynchronize: calls=11012 total_ms=50.394 max_us=2474
by_direct_callsite (file:line):
   0 /opt/llama.cpp/ggml/src/ggml-cuda/ggml-cuda.cu:839 calls=10659 total_ms=44.280 avg_us=4.154 max_us=355
   1 /opt/llama.cpp/ggml/src/ggml-cuda/ggml-cuda.cu:900 calls=12 total_ms=5.782 avg_us=481.833 max_us=2474
   2 /opt/llama.cpp/ggml/src/ggml-cuda/ggml-cuda.cu:2665 calls=191 total_ms=0.218 avg_us=1.141 max_us=6
   3 /opt/llama.cpp/ggml/src/ggml-cuda/ggml-cuda.cu:847 calls=150 total_ms=0.114 avg_us=0.760 max_us=2
=== END CUDA SYNC PROFILE ===
backend-sync-trace: count=25100 backend=CUDA0 caller=ggml_backend_sched_graph_compute_async_ext+0xddc

=== CUDA SYNC PROFILE (instrumentation only) ===
total_syncs = 25100
total_wait_ms = 14067.452
max_wait_us = 140101
sites = 5
wait_hist_us = logarithmic buckets
  hist[0] = 23070
  hist[1] = 1037
  hist[2] = 50
  hist[3] = 21
  hist[4] = 7
  hist[9] = 168
  hist[10] = 363
  hist[11] = 79
  hist[14] = 104
  hist[15] = 174
  hist[16] = 26
  hist[17] = 1
by_callsite (caller PC; symbolize with addr2line):
   0 caller=0x7cd3d6f010c2 calls=10108 total_ms=14059.371 avg_us=1390.915 max_us=140101
   1 caller=0x7cd3d6f0586c calls=8257 total_ms=3.168 avg_us=0.384 max_us=18
   2 caller=0x7cd3d6f0577c calls=3062 total_ms=2.577 avg_us=0.842 max_us=30
   3 caller=0x7cd3d6f0599d calls=3061 total_ms=1.189 avg_us=0.388 max_us=2
   4 caller=0x7cd3d6f04732 calls=612 total_ms=1.147 avg_us=1.874 max_us=17
direct_cudaStreamSynchronize: calls=11055 total_ms=50.576 max_us=2474
by_direct_callsite (file:line):
   0 /opt/llama.cpp/ggml/src/ggml-cuda/ggml-cuda.cu:839 calls=10702 total_ms=44.462 avg_us=4.155 max_us=355
   1 /opt/llama.cpp/ggml/src/ggml-cuda/ggml-cuda.cu:900 calls=12 total_ms=5.782 avg_us=481.833 max_us=2474
   2 /opt/llama.cpp/ggml/src/ggml-cuda/ggml-cuda.cu:2665 calls=191 total_ms=0.218 avg_us=1.141 max_us=6
   3 /opt/llama.cpp/ggml/src/ggml-cuda/ggml-cuda.cu:847 calls=150 total_ms=0.114 avg_us=0.760 max_us=2
=== END CUDA SYNC PROFILE ===

=== CUDA SYNC PROFILE (instrumentation only) ===
total_syncs = 25190
total_wait_ms = 14124.003
max_wait_us = 140101
sites = 5
wait_hist_us = logarithmic buckets
  hist[0] = 23153
  hist[1] = 1041
  hist[2] = 50
  hist[3] = 21
  hist[4] = 7
  hist[9] = 169
  hist[10] = 364
  hist[11] = 79
  hist[14] = 104
  hist[15] = 175
  hist[16] = 26
  hist[17] = 1
by_callsite (caller PC; symbolize with addr2line):
   0 caller=0x7cd3d6f010c2 calls=10139 total_ms=14115.892 avg_us=1392.237 max_us=140101
   1 caller=0x7cd3d6f0586c calls=8293 total_ms=3.182 avg_us=0.384 max_us=18
   2 caller=0x7cd3d6f0577c calls=3072 total_ms=2.584 avg_us=0.841 max_us=30
   3 caller=0x7cd3d6f0599d calls=3072 total_ms=1.194 avg_us=0.389 max_us=2
   4 caller=0x7cd3d6f04732 calls=614 total_ms=1.151 avg_us=1.875 max_us=17
direct_cudaStreamSynchronize: calls=11100 total_ms=50.794 max_us=2474
by_direct_callsite (file:line):
   0 /opt/llama.cpp/ggml/src/ggml-cuda/ggml-cuda.cu:839 calls=10747 total_ms=44.680 avg_us=4.157 max_us=355
   1 /opt/llama.cpp/ggml/src/ggml-cuda/ggml-cuda.cu:900 calls=12 total_ms=5.782 avg_us=481.833 max_us=2474
   2 /opt/llama.cpp/ggml/src/ggml-cuda/ggml-cuda.cu:2665 calls=191 total_ms=0.218 avg_us=1.141 max_us=6
   3 /opt/llama.cpp/ggml/src/ggml-cuda/ggml-cuda.cu:847 calls=150 total_ms=0.114 avg_us=0.760 max_us=2
=== END CUDA SYNC PROFILE ===
backend-sync-trace: count=25200 backend=CUDA0 caller=ggml_backend_sched_graph_compute_async_ext+0xddc

=== CUDA SYNC PROFILE (instrumentation only) ===
total_syncs = 25200
total_wait_ms = 14166.630
max_wait_us = 140101
sites = 5
wait_hist_us = logarithmic buckets
  hist[0] = 23161
  hist[1] = 1042
  hist[2] = 50
  hist[3] = 21
  hist[4] = 7
  hist[9] = 169
  hist[10] = 364
  hist[11] = 79
  hist[14] = 104
  hist[15] = 176
  hist[16] = 26
  hist[17] = 1
by_callsite (caller PC; symbolize with addr2line):
   0 caller=0x7cd3d6f010c2 calls=10141 total_ms=14158.513 avg_us=1396.165 max_us=140101
   1 caller=0x7cd3d6f0586c calls=8299 total_ms=3.185 avg_us=0.384 max_us=18
   2 caller=0x7cd3d6f0577c calls=3073 total_ms=2.585 avg_us=0.841 max_us=30
   3 caller=0x7cd3d6f0599d calls=3072 total_ms=1.194 avg_us=0.389 max_us=2
   4 caller=0x7cd3d6f04732 calls=615 total_ms=1.153 avg_us=1.875 max_us=17
direct_cudaStreamSynchronize: calls=11106 total_ms=50.812 max_us=2474
by_direct_callsite (file:line):
   0 /opt/llama.cpp/ggml/src/ggml-cuda/ggml-cuda.cu:839 calls=10753 total_ms=44.698 avg_us=4.157 max_us=355
   1 /opt/llama.cpp/ggml/src/ggml-cuda/ggml-cuda.cu:900 calls=12 total_ms=5.782 avg_us=481.833 max_us=2474
   2 /opt/llama.cpp/ggml/src/ggml-cuda/ggml-cuda.cu:2665 calls=191 total_ms=0.218 avg_us=1.141 max_us=6
   3 /opt/llama.cpp/ggml/src/ggml-cuda/ggml-cuda.cu:847 calls=150 total_ms=0.114 avg_us=0.760 max_us=2
=== END CUDA SYNC PROFILE ===
backend-sync-trace: count=25300 backend=CUDA0 caller=ggml_backend_sched_synchronize+0x52

=== CUDA SYNC PROFILE (instrumentation only) ===
total_syncs = 25300
total_wait_ms = 14208.767
max_wait_us = 140101
sites = 5
wait_hist_us = logarithmic buckets
  hist[0] = 23254
  hist[1] = 1045
  hist[2] = 51
  hist[3] = 21
  hist[4] = 7
  hist[9] = 170
  hist[10] = 365
  hist[11] = 79
  hist[14] = 104
  hist[15] = 177
  hist[16] = 26
  hist[17] = 1
by_callsite (caller PC; symbolize with addr2line):
   0 caller=0x7cd3d6f010c2 calls=10185 total_ms=14200.623 avg_us=1394.268 max_us=140101
   1 caller=0x7cd3d6f0586c calls=8330 total_ms=3.194 avg_us=0.383 max_us=18
   2 caller=0x7cd3d6f0577c calls=3084 total_ms=2.595 avg_us=0.841 max_us=30
   3 caller=0x7cd3d6f0599d calls=3084 total_ms=1.198 avg_us=0.388 max_us=2
   4 caller=0x7cd3d6f04732 calls=617 total_ms=1.157 avg_us=1.875 max_us=17
direct_cudaStreamSynchronize: calls=11146 total_ms=50.976 max_us=2474
by_direct_callsite (file:line):
   0 /opt/llama.cpp/ggml/src/ggml-cuda/ggml-cuda.cu:839 calls=10793 total_ms=44.862 avg_us=4.157 max_us=355
   1 /opt/llama.cpp/ggml/src/ggml-cuda/ggml-cuda.cu:900 calls=12 total_ms=5.782 avg_us=481.833 max_us=2474
   2 /opt/llama.cpp/ggml/src/ggml-cuda/ggml-cuda.cu:2665 calls=191 total_ms=0.218 avg_us=1.141 max_us=6
   3 /opt/llama.cpp/ggml/src/ggml-cuda/ggml-cuda.cu:847 calls=150 total_ms=0.114 avg_us=0.760 max_us=2
=== END CUDA SYNC PROFILE ===
1.18.952.297 I slot print_timing: id  0 | task 0 | n_gen =    696, tg =  45.87 t/s, tg_3s =  46.36 t/s
backend-sync-trace: count=25400 backend=CUDA0 caller=ggml_backend_sched_synchronize+0x52

=== CUDA SYNC PROFILE (instrumentation only) ===
total_syncs = 25400
total_wait_ms = 14273.331
max_wait_us = 140101
sites = 5
wait_hist_us = logarithmic buckets
  hist[0] = 23348
  hist[1] = 1048
  hist[2] = 51
  hist[3] = 21
  hist[4] = 7
  hist[9] = 170
  hist[10] = 366
  hist[11] = 80
  hist[14] = 104
  hist[15] = 178
  hist[16] = 26
  hist[17] = 1
by_callsite (caller PC; symbolize with addr2line):
   0 caller=0x7cd3d6f010c2 calls=10236 total_ms=14265.169 avg_us=1393.627 max_us=140101
   1 caller=0x7cd3d6f0586c calls=8357 total_ms=3.199 avg_us=0.383 max_us=18
   2 caller=0x7cd3d6f0577c calls=3094 total_ms=2.602 avg_us=0.841 max_us=30
   3 caller=0x7cd3d6f0599d calls=3094 total_ms=1.200 avg_us=0.388 max_us=2
   4 caller=0x7cd3d6f04732 calls=619 total_ms=1.161 avg_us=1.876 max_us=17
direct_cudaStreamSynchronize: calls=11181 total_ms=51.120 max_us=2474
by_direct_callsite (file:line):
   0 /opt/llama.cpp/ggml/src/ggml-cuda/ggml-cuda.cu:839 calls=10828 total_ms=45.006 avg_us=4.156 max_us=355
   1 /opt/llama.cpp/ggml/src/ggml-cuda/ggml-cuda.cu:900 calls=12 total_ms=5.782 avg_us=481.833 max_us=2474
   2 /opt/llama.cpp/ggml/src/ggml-cuda/ggml-cuda.cu:2665 calls=191 total_ms=0.218 avg_us=1.141 max_us=6
   3 /opt/llama.cpp/ggml/src/ggml-cuda/ggml-cuda.cu:847 calls=150 total_ms=0.114 avg_us=0.760 max_us=2
=== END CUDA SYNC PROFILE ===

=== CUDA SYNC PROFILE (instrumentation only) ===
total_syncs = 25443
total_wait_ms = 14277.444
max_wait_us = 140101
sites = 5
wait_hist_us = logarithmic buckets
  hist[0] = 23385
  hist[1] = 1051
  hist[2] = 51
  hist[3] = 22
  hist[4] = 7
  hist[9] = 170
  hist[10] = 368
  hist[11] = 80
  hist[14] = 104
  hist[15] = 178
  hist[16] = 26
  hist[17] = 1
by_callsite (caller PC; symbolize with addr2line):
   0 caller=0x7cd3d6f010c2 calls=10250 total_ms=14269.249 avg_us=1392.122 max_us=140101
   1 caller=0x7cd3d6f0586c calls=8369 total_ms=3.206 avg_us=0.383 max_us=18
   2 caller=0x7cd3d6f0577c calls=3102 total_ms=2.618 avg_us=0.844 max_us=30
   3 caller=0x7cd3d6f0599d calls=3102 total_ms=1.208 avg_us=0.389 max_us=2
   4 caller=0x7cd3d6f04732 calls=620 total_ms=1.163 avg_us=1.876 max_us=17
direct_cudaStreamSynchronize: calls=11200 total_ms=51.212 max_us=2474
by_direct_callsite (file:line):
   0 /opt/llama.cpp/ggml/src/ggml-cuda/ggml-cuda.cu:839 calls=10847 total_ms=45.098 avg_us=4.158 max_us=355
   1 /opt/llama.cpp/ggml/src/ggml-cuda/ggml-cuda.cu:900 calls=12 total_ms=5.782 avg_us=481.833 max_us=2474
   2 /opt/llama.cpp/ggml/src/ggml-cuda/ggml-cuda.cu:2665 calls=191 total_ms=0.218 avg_us=1.141 max_us=6
   3 /opt/llama.cpp/ggml/src/ggml-cuda/ggml-cuda.cu:847 calls=150 total_ms=0.114 avg_us=0.760 max_us=2
=== END CUDA SYNC PROFILE ===
backend-sync-trace: count=25500 backend=CUDA0 caller=ggml_backend_sched_synchronize+0x52

=== CUDA SYNC PROFILE (instrumentation only) ===
total_syncs = 25500
total_wait_ms = 14328.769
max_wait_us = 140101
sites = 5
wait_hist_us = logarithmic buckets
  hist[0] = 23433
  hist[1] = 1057
  hist[2] = 51
  hist[3] = 22
  hist[4] = 7
  hist[9] = 170
  hist[10] = 369
  hist[11] = 81
  hist[14] = 104
  hist[15] = 179
  hist[16] = 26
  hist[17] = 1
by_callsite (caller PC; symbolize with addr2line):
   0 caller=0x7cd3d6f010c2 calls=10270 total_ms=14320.543 avg_us=1394.405 max_us=140101
   1 caller=0x7cd3d6f0586c calls=8392 total_ms=3.226 avg_us=0.384 max_us=18
   2 caller=0x7cd3d6f0577c calls=3108 total_ms=2.622 avg_us=0.844 max_us=30
   3 caller=0x7cd3d6f0599d calls=3108 total_ms=1.212 avg_us=0.390 max_us=2
   4 caller=0x7cd3d6f04732 calls=622 total_ms=1.166 avg_us=1.875 max_us=17
direct_cudaStreamSynchronize: calls=11228 total_ms=51.313 max_us=2474
by_direct_callsite (file:line):
   0 /opt/llama.cpp/ggml/src/ggml-cuda/ggml-cuda.cu:839 calls=10875 total_ms=45.199 avg_us=4.156 max_us=355
   1 /opt/llama.cpp/ggml/src/ggml-cuda/ggml-cuda.cu:900 calls=12 total_ms=5.782 avg_us=481.833 max_us=2474
   2 /opt/llama.cpp/ggml/src/ggml-cuda/ggml-cuda.cu:2665 calls=191 total_ms=0.218 avg_us=1.141 max_us=6
   3 /opt/llama.cpp/ggml/src/ggml-cuda/ggml-cuda.cu:847 calls=150 total_ms=0.114 avg_us=0.760 max_us=2
=== END CUDA SYNC PROFILE ===
backend-sync-trace: count=25600 backend=CUDA0 caller=ggml_backend_sched_graph_compute_async_ext+0xecc

=== CUDA SYNC PROFILE (instrumentation only) ===
total_syncs = 25600
total_wait_ms = 14364.557
max_wait_us = 140101
sites = 5
wait_hist_us = logarithmic buckets
  hist[0] = 23524
  hist[1] = 1063
  hist[2] = 51
  hist[3] = 22
  hist[4] = 7
  hist[9] = 170
  hist[10] = 370
  hist[11] = 82
  hist[14] = 105
  hist[15] = 179
  hist[16] = 26
  hist[17] = 1
by_callsite (caller PC; symbolize with addr2line):
   0 caller=0x7cd3d6f010c2 calls=10306 total_ms=14356.296 avg_us=1393.004 max_us=140101
   1 caller=0x7cd3d6f0586c calls=8426 total_ms=3.241 avg_us=0.385 max_us=18
   2 caller=0x7cd3d6f0577c calls=3122 total_ms=2.634 avg_us=0.844 max_us=30
   3 caller=0x7cd3d6f0599d calls=3122 total_ms=1.216 avg_us=0.389 max_us=2
   4 caller=0x7cd3d6f04732 calls=624 total_ms=1.170 avg_us=1.875 max_us=17
direct_cudaStreamSynchronize: calls=11272 total_ms=51.499 max_us=2474
by_direct_callsite (file:line):
   0 /opt/llama.cpp/ggml/src/ggml-cuda/ggml-cuda.cu:839 calls=10919 total_ms=45.385 avg_us=4.157 max_us=355
   1 /opt/llama.cpp/ggml/src/ggml-cuda/ggml-cuda.cu:900 calls=12 total_ms=5.782 avg_us=481.833 max_us=2474
   2 /opt/llama.cpp/ggml/src/ggml-cuda/ggml-cuda.cu:2665 calls=191 total_ms=0.218 avg_us=1.141 max_us=6
   3 /opt/llama.cpp/ggml/src/ggml-cuda/ggml-cuda.cu:847 calls=150 total_ms=0.114 avg_us=0.760 max_us=2
=== END CUDA SYNC PROFILE ===

=== CUDA SYNC PROFILE (instrumentation only) ===
total_syncs = 25675
total_wait_ms = 14400.101
max_wait_us = 140101
sites = 5
wait_hist_us = logarithmic buckets
  hist[0] = 23589
  hist[1] = 1069
  hist[2] = 51
  hist[3] = 23
  hist[4] = 7
  hist[9] = 170
  hist[10] = 372
  hist[11] = 82
  hist[14] = 105
  hist[15] = 180
  hist[16] = 26
  hist[17] = 1
by_callsite (caller PC; symbolize with addr2line):
   0 caller=0x7cd3d6f010c2 calls=10343 total_ms=14391.806 avg_us=1391.454 max_us=140101
   1 caller=0x7cd3d6f0586c calls=8446 total_ms=3.249 avg_us=0.385 max_us=18
   2 caller=0x7cd3d6f0577c calls=3130 total_ms=2.650 avg_us=0.847 max_us=30
   3 caller=0x7cd3d6f0599d calls=3130 total_ms=1.222 avg_us=0.390 max_us=2
   4 caller=0x7cd3d6f04732 calls=626 total_ms=1.174 avg_us=1.875 max_us=17
direct_cudaStreamSynchronize: calls=11300 total_ms=51.596 max_us=2474
by_direct_callsite (file:line):
   0 /opt/llama.cpp/ggml/src/ggml-cuda/ggml-cuda.cu:839 calls=10947 total_ms=45.482 avg_us=4.155 max_us=355
   1 /opt/llama.cpp/ggml/src/ggml-cuda/ggml-cuda.cu:900 calls=12 total_ms=5.782 avg_us=481.833 max_us=2474
   2 /opt/llama.cpp/ggml/src/ggml-cuda/ggml-cuda.cu:2665 calls=191 total_ms=0.218 avg_us=1.141 max_us=6
   3 /opt/llama.cpp/ggml/src/ggml-cuda/ggml-cuda.cu:847 calls=150 total_ms=0.114 avg_us=0.760 max_us=2
=== END CUDA SYNC PROFILE ===
backend-sync-trace: count=25700 backend=CUDA0 caller=ggml_backend_sched_graph_compute_async_ext+0xddc

=== CUDA SYNC PROFILE (instrumentation only) ===
total_syncs = 25700
total_wait_ms = 14430.915
max_wait_us = 140101
sites = 5
wait_hist_us = logarithmic buckets
  hist[0] = 23603
  hist[1] = 1078
  hist[2] = 52
  hist[3] = 23
  hist[4] = 7
  hist[9] = 170
  hist[10] = 372
  hist[11] = 82
  hist[14] = 106
  hist[15] = 180
  hist[16] = 26
  hist[17] = 1
by_callsite (caller PC; symbolize with addr2line):
   0 caller=0x7cd3d6f010c2 calls=10345 total_ms=14422.588 avg_us=1394.160 max_us=140101
   1 caller=0x7cd3d6f0586c calls=8461 total_ms=3.268 avg_us=0.386 max_us=18
   2 caller=0x7cd3d6f0577c calls=3134 total_ms=2.657 avg_us=0.848 max_us=30
   3 caller=0x7cd3d6f0599d calls=3133 total_ms=1.226 avg_us=0.391 max_us=2
   4 caller=0x7cd3d6f04732 calls=627 total_ms=1.176 avg_us=1.876 max_us=17
direct_cudaStreamSynchronize: calls=11317 total_ms=51.685 max_us=2474
by_direct_callsite (file:line):
   0 /opt/llama.cpp/ggml/src/ggml-cuda/ggml-cuda.cu:839 calls=10964 total_ms=45.571 avg_us=4.156 max_us=355
   1 /opt/llama.cpp/ggml/src/ggml-cuda/ggml-cuda.cu:900 calls=12 total_ms=5.782 avg_us=481.833 max_us=2474
   2 /opt/llama.cpp/ggml/src/ggml-cuda/ggml-cuda.cu:2665 calls=191 total_ms=0.218 avg_us=1.141 max_us=6
   3 /opt/llama.cpp/ggml/src/ggml-cuda/ggml-cuda.cu:847 calls=150 total_ms=0.114 avg_us=0.760 max_us=2
=== END CUDA SYNC PROFILE ===
backend-sync-trace: count=25800 backend=CUDA0 caller=ggml_backend_sched_synchronize+0x52

=== CUDA SYNC PROFILE (instrumentation only) ===
total_syncs = 25800
total_wait_ms = 14462.255
max_wait_us = 140101
sites = 5
wait_hist_us = logarithmic buckets
  hist[0] = 23694
  hist[1] = 1083
  hist[2] = 53
  hist[3] = 23
  hist[4] = 7
  hist[9] = 171
  hist[10] = 373
  hist[11] = 82
  hist[14] = 107
  hist[15] = 180
  hist[16] = 26
  hist[17] = 1
by_callsite (caller PC; symbolize with addr2line):
   0 caller=0x7cd3d6f010c2 calls=10391 total_ms=14453.893 avg_us=1391.001 max_us=140101
   1 caller=0x7cd3d6f0586c calls=8492 total_ms=3.282 avg_us=0.386 max_us=18
   2 caller=0x7cd3d6f0577c calls=3144 total_ms=2.668 avg_us=0.849 max_us=30
   3 caller=0x7cd3d6f0599d calls=3144 total_ms=1.232 avg_us=0.392 max_us=2
   4 caller=0x7cd3d6f04732 calls=629 total_ms=1.180 avg_us=1.876 max_us=17
direct_cudaStreamSynchronize: calls=11356 total_ms=51.845 max_us=2474
by_direct_callsite (file:line):
   0 /opt/llama.cpp/ggml/src/ggml-cuda/ggml-cuda.cu:839 calls=11003 total_ms=45.731 avg_us=4.156 max_us=355
   1 /opt/llama.cpp/ggml/src/ggml-cuda/ggml-cuda.cu:900 calls=12 total_ms=5.782 avg_us=481.833 max_us=2474
   2 /opt/llama.cpp/ggml/src/ggml-cuda/ggml-cuda.cu:2665 calls=191 total_ms=0.218 avg_us=1.141 max_us=6
   3 /opt/llama.cpp/ggml/src/ggml-cuda/ggml-cuda.cu:847 calls=150 total_ms=0.114 avg_us=0.760 max_us=2
=== END CUDA SYNC PROFILE ===
backend-sync-trace: count=25900 backend=CUDA0 caller=ggml_backend_sched_synchronize+0x52

=== CUDA SYNC PROFILE (instrumentation only) ===
total_syncs = 25900
total_wait_ms = 14498.740
max_wait_us = 140101
sites = 5
wait_hist_us = logarithmic buckets
  hist[0] = 23786
  hist[1] = 1087
  hist[2] = 53
  hist[3] = 23
  hist[4] = 7
  hist[9] = 173
  hist[10] = 373
  hist[11] = 83
  hist[14] = 108
  hist[15] = 180
  hist[16] = 26
  hist[17] = 1
by_callsite (caller PC; symbolize with addr2line):
   0 caller=0x7cd3d6f010c2 calls=10433 total_ms=14490.349 avg_us=1388.896 max_us=140101
   1 caller=0x7cd3d6f0586c calls=8523 total_ms=3.294 avg_us=0.386 max_us=18
   2 caller=0x7cd3d6f0577c calls=3156 total_ms=2.677 avg_us=0.848 max_us=30
   3 caller=0x7cd3d6f0599d calls=3156 total_ms=1.234 avg_us=0.391 max_us=2
   4 caller=0x7cd3d6f04732 calls=632 total_ms=1.186 avg_us=1.877 max_us=17
direct_cudaStreamSynchronize: calls=11397 total_ms=52.007 max_us=2474
by_direct_callsite (file:line):
   0 /opt/llama.cpp/ggml/src/ggml-cuda/ggml-cuda.cu:839 calls=11044 total_ms=45.893 avg_us=4.155 max_us=355
   1 /opt/llama.cpp/ggml/src/ggml-cuda/ggml-cuda.cu:900 calls=12 total_ms=5.782 avg_us=481.833 max_us=2474
   2 /opt/llama.cpp/ggml/src/ggml-cuda/ggml-cuda.cu:2665 calls=191 total_ms=0.218 avg_us=1.141 max_us=6
   3 /opt/llama.cpp/ggml/src/ggml-cuda/ggml-cuda.cu:847 calls=150 total_ms=0.114 avg_us=0.760 max_us=2
=== END CUDA SYNC PROFILE ===

=== CUDA SYNC PROFILE (instrumentation only) ===
total_syncs = 25907
total_wait_ms = 14498.743
max_wait_us = 140101
sites = 5
wait_hist_us = logarithmic buckets
  hist[0] = 23793
  hist[1] = 1087
  hist[2] = 53
  hist[3] = 23
  hist[4] = 7
  hist[9] = 173
  hist[10] = 373
  hist[11] = 83
  hist[14] = 108
  hist[15] = 180
  hist[16] = 26
  hist[17] = 1
by_callsite (caller PC; symbolize with addr2line):
   0 caller=0x7cd3d6f010c2 calls=10435 total_ms=14490.349 avg_us=1388.630 max_us=140101
   1 caller=0x7cd3d6f0586c calls=8524 total_ms=3.295 avg_us=0.387 max_us=18
   2 caller=0x7cd3d6f0577c calls=3158 total_ms=2.678 avg_us=0.848 max_us=30
   3 caller=0x7cd3d6f0599d calls=3158 total_ms=1.235 avg_us=0.391 max_us=2
   4 caller=0x7cd3d6f04732 calls=632 total_ms=1.186 avg_us=1.877 max_us=17
direct_cudaStreamSynchronize: calls=11400 total_ms=52.019 max_us=2474
by_direct_callsite (file:line):
   0 /opt/llama.cpp/ggml/src/ggml-cuda/ggml-cuda.cu:839 calls=11047 total_ms=45.905 avg_us=4.155 max_us=355
   1 /opt/llama.cpp/ggml/src/ggml-cuda/ggml-cuda.cu:900 calls=12 total_ms=5.782 avg_us=481.833 max_us=2474
   2 /opt/llama.cpp/ggml/src/ggml-cuda/ggml-cuda.cu:2665 calls=191 total_ms=0.218 avg_us=1.141 max_us=6
   3 /opt/llama.cpp/ggml/src/ggml-cuda/ggml-cuda.cu:847 calls=150 total_ms=0.114 avg_us=0.760 max_us=2
=== END CUDA SYNC PROFILE ===
backend-sync-trace: count=26000 backend=CUDA0 caller=ggml_backend_sched_synchronize+0x52

=== CUDA SYNC PROFILE (instrumentation only) ===
total_syncs = 26000
total_wait_ms = 14528.962
max_wait_us = 140101
sites = 5
wait_hist_us = logarithmic buckets
  hist[0] = 23879
  hist[1] = 1090
  hist[2] = 53
  hist[3] = 23
  hist[4] = 7
  hist[9] = 174
  hist[10] = 374
  hist[11] = 84
  hist[14] = 109
  hist[15] = 180
  hist[16] = 26
  hist[17] = 1
by_callsite (caller PC; symbolize with addr2line):
   0 caller=0x7cd3d6f010c2 calls=10476 total_ms=14520.542 avg_us=1386.077 max_us=140101
   1 caller=0x7cd3d6f0586c calls=8554 total_ms=3.309 avg_us=0.387 max_us=18
   2 caller=0x7cd3d6f0577c calls=3168 total_ms=2.684 avg_us=0.847 max_us=30
   3 caller=0x7cd3d6f0599d calls=3168 total_ms=1.237 avg_us=0.390 max_us=2
   4 caller=0x7cd3d6f04732 calls=634 total_ms=1.190 avg_us=1.877 max_us=17
direct_cudaStreamSynchronize: calls=11438 total_ms=52.168 max_us=2474
by_direct_callsite (file:line):
   0 /opt/llama.cpp/ggml/src/ggml-cuda/ggml-cuda.cu:839 calls=11085 total_ms=46.054 avg_us=4.155 max_us=355
   1 /opt/llama.cpp/ggml/src/ggml-cuda/ggml-cuda.cu:900 calls=12 total_ms=5.782 avg_us=481.833 max_us=2474
   2 /opt/llama.cpp/ggml/src/ggml-cuda/ggml-cuda.cu:2665 calls=191 total_ms=0.218 avg_us=1.141 max_us=6
   3 /opt/llama.cpp/ggml/src/ggml-cuda/ggml-cuda.cu:847 calls=150 total_ms=0.114 avg_us=0.760 max_us=2
=== END CUDA SYNC PROFILE ===
backend-sync-trace: count=26100 backend=CUDA0 caller=ggml_backend_sched_graph_compute_async_ext+0xecc

=== CUDA SYNC PROFILE (instrumentation only) ===
total_syncs = 26100
total_wait_ms = 14574.609
max_wait_us = 140101
sites = 5
wait_hist_us = logarithmic buckets
  hist[0] = 23972
  hist[1] = 1094
  hist[2] = 53
  hist[3] = 23
  hist[4] = 7
  hist[9] = 174
  hist[10] = 375
  hist[11] = 85
  hist[14] = 109
  hist[15] = 181
  hist[16] = 26
  hist[17] = 1
by_callsite (caller PC; symbolize with addr2line):
   0 caller=0x7cd3d6f010c2 calls=10516 total_ms=14566.153 avg_us=1385.142 max_us=140101
   1 caller=0x7cd3d6f0586c calls=8584 total_ms=3.327 avg_us=0.388 max_us=18
   2 caller=0x7cd3d6f0577c calls=3182 total_ms=2.692 avg_us=0.846 max_us=30
   3 caller=0x7cd3d6f0599d calls=3182 total_ms=1.243 avg_us=0.391 max_us=2
   4 caller=0x7cd3d6f04732 calls=636 total_ms=1.194 avg_us=1.877 max_us=17
direct_cudaStreamSynchronize: calls=11478 total_ms=52.324 max_us=2474
by_direct_callsite (file:line):
   0 /opt/llama.cpp/ggml/src/ggml-cuda/ggml-cuda.cu:839 calls=11125 total_ms=46.210 avg_us=4.154 max_us=355
   1 /opt/llama.cpp/ggml/src/ggml-cuda/ggml-cuda.cu:900 calls=12 total_ms=5.782 avg_us=481.833 max_us=2474
   2 /opt/llama.cpp/ggml/src/ggml-cuda/ggml-cuda.cu:2665 calls=191 total_ms=0.218 avg_us=1.141 max_us=6
   3 /opt/llama.cpp/ggml/src/ggml-cuda/ggml-cuda.cu:847 calls=150 total_ms=0.114 avg_us=0.760 max_us=2
=== END CUDA SYNC PROFILE ===

=== CUDA SYNC PROFILE (instrumentation only) ===
total_syncs = 26145
total_wait_ms = 14633.151
max_wait_us = 140101
sites = 5
wait_hist_us = logarithmic buckets
  hist[0] = 24014
  hist[1] = 1096
  hist[2] = 53
  hist[3] = 23
  hist[4] = 7
  hist[9] = 174
  hist[10] = 375
  hist[11] = 85
  hist[14] = 109
  hist[15] = 182
  hist[16] = 26
  hist[17] = 1
by_callsite (caller PC; symbolize with addr2line):
   0 caller=0x7cd3d6f010c2 calls=10533 total_ms=14624.680 avg_us=1388.463 max_us=140101
   1 caller=0x7cd3d6f0586c calls=8602 total_ms=3.334 avg_us=0.388 max_us=18
   2 caller=0x7cd3d6f0577c calls=3186 total_ms=2.693 avg_us=0.845 max_us=30
   3 caller=0x7cd3d6f0599d calls=3186 total_ms=1.246 avg_us=0.391 max_us=2
   4 caller=0x7cd3d6f04732 calls=638 total_ms=1.198 avg_us=1.878 max_us=17
direct_cudaStreamSynchronize: calls=11500 total_ms=52.421 max_us=2474
by_direct_callsite (file:line):
   0 /opt/llama.cpp/ggml/src/ggml-cuda/ggml-cuda.cu:839 calls=11147 total_ms=46.307 avg_us=4.154 max_us=355
   1 /opt/llama.cpp/ggml/src/ggml-cuda/ggml-cuda.cu:900 calls=12 total_ms=5.782 avg_us=481.833 max_us=2474
   2 /opt/llama.cpp/ggml/src/ggml-cuda/ggml-cuda.cu:2665 calls=191 total_ms=0.218 avg_us=1.141 max_us=6
   3 /opt/llama.cpp/ggml/src/ggml-cuda/ggml-cuda.cu:847 calls=150 total_ms=0.114 avg_us=0.760 max_us=2
=== END CUDA SYNC PROFILE ===
backend-sync-trace: count=26200 backend=CUDA0 caller=ggml_backend_sched_graph_compute_async_ext+0xecc

=== CUDA SYNC PROFILE (instrumentation only) ===
total_syncs = 26200
total_wait_ms = 14684.013
max_wait_us = 140101
sites = 5
wait_hist_us = logarithmic buckets
  hist[0] = 24065
  hist[1] = 1097
  hist[2] = 53
  hist[3] = 23
  hist[4] = 7
  hist[9] = 174
  hist[10] = 377
  hist[11] = 85
  hist[14] = 109
  hist[15] = 183
  hist[16] = 26
  hist[17] = 1
by_callsite (caller PC; symbolize with addr2line):
   0 caller=0x7cd3d6f010c2 calls=10549 total_ms=14675.527 avg_us=1391.177 max_us=140101
   1 caller=0x7cd3d6f0586c calls=8624 total_ms=3.341 avg_us=0.387 max_us=18
   2 caller=0x7cd3d6f0577c calls=3194 total_ms=2.699 avg_us=0.845 max_us=30
   3 caller=0x7cd3d6f0599d calls=3194 total_ms=1.247 avg_us=0.390 max_us=2
   4 caller=0x7cd3d6f04732 calls=639 total_ms=1.199 avg_us=1.876 max_us=17
direct_cudaStreamSynchronize: calls=11528 total_ms=52.536 max_us=2474
by_direct_callsite (file:line):
   0 /opt/llama.cpp/ggml/src/ggml-cuda/ggml-cuda.cu:839 calls=11175 total_ms=46.422 avg_us=4.154 max_us=355
   1 /opt/llama.cpp/ggml/src/ggml-cuda/ggml-cuda.cu:900 calls=12 total_ms=5.782 avg_us=481.833 max_us=2474
   2 /opt/llama.cpp/ggml/src/ggml-cuda/ggml-cuda.cu:2665 calls=191 total_ms=0.218 avg_us=1.141 max_us=6
   3 /opt/llama.cpp/ggml/src/ggml-cuda/ggml-cuda.cu:847 calls=150 total_ms=0.114 avg_us=0.760 max_us=2
=== END CUDA SYNC PROFILE ===
backend-sync-trace: count=26300 backend=CUDA0 caller=ggml_backend_sched_synchronize+0x52

=== CUDA SYNC PROFILE (instrumentation only) ===
total_syncs = 26300
total_wait_ms = 14730.077
max_wait_us = 140101
sites = 5
wait_hist_us = logarithmic buckets
  hist[0] = 24159
  hist[1] = 1100
  hist[2] = 53
  hist[3] = 23
  hist[4] = 7
  hist[9] = 174
  hist[10] = 379
  hist[11] = 85
  hist[14] = 109
  hist[15] = 184
  hist[16] = 26
  hist[17] = 1
by_callsite (caller PC; symbolize with addr2line):
   0 caller=0x7cd3d6f010c2 calls=10597 total_ms=14721.563 avg_us=1389.220 max_us=140101
   1 caller=0x7cd3d6f0586c calls=8654 total_ms=3.353 avg_us=0.387 max_us=18
   2 caller=0x7cd3d6f0577c calls=3204 total_ms=2.704 avg_us=0.844 max_us=30
   3 caller=0x7cd3d6f0599d calls=3204 total_ms=1.254 avg_us=0.391 max_us=2
   4 caller=0x7cd3d6f04732 calls=641 total_ms=1.203 avg_us=1.877 max_us=17
direct_cudaStreamSynchronize: calls=11566 total_ms=52.683 max_us=2474
by_direct_callsite (file:line):
   0 /opt/llama.cpp/ggml/src/ggml-cuda/ggml-cuda.cu:839 calls=11213 total_ms=46.569 avg_us=4.153 max_us=355
   1 /opt/llama.cpp/ggml/src/ggml-cuda/ggml-cuda.cu:900 calls=12 total_ms=5.782 avg_us=481.833 max_us=2474
   2 /opt/llama.cpp/ggml/src/ggml-cuda/ggml-cuda.cu:2665 calls=191 total_ms=0.218 avg_us=1.141 max_us=6
   3 /opt/llama.cpp/ggml/src/ggml-cuda/ggml-cuda.cu:847 calls=150 total_ms=0.114 avg_us=0.760 max_us=2
=== END CUDA SYNC PROFILE ===

=== CUDA SYNC PROFILE (instrumentation only) ===
total_syncs = 26373
total_wait_ms = 14773.443
max_wait_us = 140101
sites = 5
wait_hist_us = logarithmic buckets
  hist[0] = 24225
  hist[1] = 1104
  hist[2] = 53
  hist[3] = 23
  hist[4] = 7
  hist[9] = 174
  hist[10] = 381
  hist[11] = 85
  hist[14] = 109
  hist[15] = 185
  hist[16] = 26
  hist[17] = 1
by_callsite (caller PC; symbolize with addr2line):
   0 caller=0x7cd3d6f010c2 calls=10623 total_ms=14764.907 avg_us=1389.900 max_us=140101
   1 caller=0x7cd3d6f0586c calls=8679 total_ms=3.362 avg_us=0.387 max_us=18
   2 caller=0x7cd3d6f0577c calls=3214 total_ms=2.712 avg_us=0.844 max_us=30
   3 caller=0x7cd3d6f0599d calls=3214 total_ms=1.255 avg_us=0.390 max_us=2
   4 caller=0x7cd3d6f04732 calls=643 total_ms=1.207 avg_us=1.877 max_us=17
direct_cudaStreamSynchronize: calls=11600 total_ms=52.845 max_us=2474
by_direct_callsite (file:line):
   0 /opt/llama.cpp/ggml/src/ggml-cuda/ggml-cuda.cu:839 calls=11247 total_ms=46.731 avg_us=4.155 max_us=355
   1 /opt/llama.cpp/ggml/src/ggml-cuda/ggml-cuda.cu:900 calls=12 total_ms=5.782 avg_us=481.833 max_us=2474
   2 /opt/llama.cpp/ggml/src/ggml-cuda/ggml-cuda.cu:2665 calls=191 total_ms=0.218 avg_us=1.141 max_us=6
   3 /opt/llama.cpp/ggml/src/ggml-cuda/ggml-cuda.cu:847 calls=150 total_ms=0.114 avg_us=0.760 max_us=2
=== END CUDA SYNC PROFILE ===
backend-sync-trace: count=26400 backend=CUDA0 caller=ggml_backend_sched_synchronize+0x52

=== CUDA SYNC PROFILE (instrumentation only) ===
total_syncs = 26400
total_wait_ms = 14774.378
max_wait_us = 140101
sites = 5
wait_hist_us = logarithmic buckets
  hist[0] = 24250
  hist[1] = 1105
  hist[2] = 53
  hist[3] = 23
  hist[4] = 7
  hist[9] = 175
  hist[10] = 381
  hist[11] = 85
  hist[14] = 109
  hist[15] = 185
  hist[16] = 26
  hist[17] = 1
by_callsite (caller PC; symbolize with addr2line):
   0 caller=0x7cd3d6f010c2 calls=10639 total_ms=14765.836 avg_us=1387.897 max_us=140101
   1 caller=0x7cd3d6f0586c calls=8685 total_ms=3.365 avg_us=0.387 max_us=18
   2 caller=0x7cd3d6f0577c calls=3216 total_ms=2.713 avg_us=0.844 max_us=30
   3 caller=0x7cd3d6f0599d calls=3216 total_ms=1.255 avg_us=0.390 max_us=2
   4 caller=0x7cd3d6f04732 calls=644 total_ms=1.209 avg_us=1.877 max_us=17
direct_cudaStreamSynchronize: calls=11607 total_ms=52.866 max_us=2474
by_direct_callsite (file:line):
   0 /opt/llama.cpp/ggml/src/ggml-cuda/ggml-cuda.cu:839 calls=11254 total_ms=46.752 avg_us=4.154 max_us=355
   1 /opt/llama.cpp/ggml/src/ggml-cuda/ggml-cuda.cu:900 calls=12 total_ms=5.782 avg_us=481.833 max_us=2474
   2 /opt/llama.cpp/ggml/src/ggml-cuda/ggml-cuda.cu:2665 calls=191 total_ms=0.218 avg_us=1.141 max_us=6
   3 /opt/llama.cpp/ggml/src/ggml-cuda/ggml-cuda.cu:847 calls=150 total_ms=0.114 avg_us=0.760 max_us=2
=== END CUDA SYNC PROFILE ===
backend-sync-trace: count=26500 backend=CUDA0 caller=ggml_backend_sched_graph_compute_async_ext+0xecc

=== CUDA SYNC PROFILE (instrumentation only) ===
total_syncs = 26500
total_wait_ms = 14818.454
max_wait_us = 140101
sites = 5
wait_hist_us = logarithmic buckets
  hist[0] = 24342
  hist[1] = 1110
  hist[2] = 53
  hist[3] = 23
  hist[4] = 7
  hist[9] = 176
  hist[10] = 382
  hist[11] = 85
  hist[14] = 109
  hist[15] = 186
  hist[16] = 26
  hist[17] = 1
by_callsite (caller PC; symbolize with addr2line):
   0 caller=0x7cd3d6f010c2 calls=10682 total_ms=14809.887 avg_us=1386.434 max_us=140101
   1 caller=0x7cd3d6f0586c calls=8716 total_ms=3.374 avg_us=0.387 max_us=18
   2 caller=0x7cd3d6f0577c calls=3228 total_ms=2.724 avg_us=0.844 max_us=30
   3 caller=0x7cd3d6f0599d calls=3228 total_ms=1.256 avg_us=0.389 max_us=2
   4 caller=0x7cd3d6f04732 calls=646 total_ms=1.213 avg_us=1.878 max_us=17
direct_cudaStreamSynchronize: calls=11647 total_ms=53.026 max_us=2474
by_direct_callsite (file:line):
   0 /opt/llama.cpp/ggml/src/ggml-cuda/ggml-cuda.cu:839 calls=11294 total_ms=46.912 avg_us=4.154 max_us=355
   1 /opt/llama.cpp/ggml/src/ggml-cuda/ggml-cuda.cu:900 calls=12 total_ms=5.782 avg_us=481.833 max_us=2474
   2 /opt/llama.cpp/ggml/src/ggml-cuda/ggml-cuda.cu:2665 calls=191 total_ms=0.218 avg_us=1.141 max_us=6
   3 /opt/llama.cpp/ggml/src/ggml-cuda/ggml-cuda.cu:847 calls=150 total_ms=0.114 avg_us=0.760 max_us=2
=== END CUDA SYNC PROFILE ===
backend-sync-trace: count=26600 backend=CUDA0 caller=ggml_backend_sched_graph_compute_async_ext+0xddc

=== CUDA SYNC PROFILE (instrumentation only) ===
total_syncs = 26600
total_wait_ms = 14864.302
max_wait_us = 140101
sites = 5
wait_hist_us = logarithmic buckets
  hist[0] = 24433
  hist[1] = 1115
  hist[2] = 53
  hist[3] = 23
  hist[4] = 7
  hist[9] = 178
  hist[10] = 382
  hist[11] = 86
  hist[14] = 109
  hist[15] = 187
  hist[16] = 26
  hist[17] = 1
by_callsite (caller PC; symbolize with addr2line):
   0 caller=0x7cd3d6f010c2 calls=10726 total_ms=14855.709 avg_us=1385.019 max_us=140101
   1 caller=0x7cd3d6f0586c calls=8743 total_ms=3.379 avg_us=0.386 max_us=18
   2 caller=0x7cd3d6f0577c calls=3242 total_ms=2.735 avg_us=0.844 max_us=30
   3 caller=0x7cd3d6f0599d calls=3241 total_ms=1.262 avg_us=0.389 max_us=2
   4 caller=0x7cd3d6f04732 calls=648 total_ms=1.217 avg_us=1.878 max_us=17
direct_cudaStreamSynchronize: calls=11685 total_ms=53.177 max_us=2474
by_direct_callsite (file:line):
   0 /opt/llama.cpp/ggml/src/ggml-cuda/ggml-cuda.cu:839 calls=11332 total_ms=47.063 avg_us=4.153 max_us=355
   1 /opt/llama.cpp/ggml/src/ggml-cuda/ggml-cuda.cu:900 calls=12 total_ms=5.782 avg_us=481.833 max_us=2474
   2 /opt/llama.cpp/ggml/src/ggml-cuda/ggml-cuda.cu:2665 calls=191 total_ms=0.218 avg_us=1.141 max_us=6
   3 /opt/llama.cpp/ggml/src/ggml-cuda/ggml-cuda.cu:847 calls=150 total_ms=0.114 avg_us=0.760 max_us=2
=== END CUDA SYNC PROFILE ===

=== CUDA SYNC PROFILE (instrumentation only) ===
total_syncs = 26615
total_wait_ms = 14864.305
max_wait_us = 140101
sites = 5
wait_hist_us = logarithmic buckets
  hist[0] = 24448
  hist[1] = 1115
  hist[2] = 53
  hist[3] = 23
  hist[4] = 7
  hist[9] = 178
  hist[10] = 382
  hist[11] = 86
  hist[14] = 109
  hist[15] = 187
  hist[16] = 26
  hist[17] = 1
by_callsite (caller PC; symbolize with addr2line):
   0 caller=0x7cd3d6f010c2 calls=10726 total_ms=14855.709 avg_us=1385.019 max_us=140101
   1 caller=0x7cd3d6f0586c calls=8757 total_ms=3.382 avg_us=0.386 max_us=18
   2 caller=0x7cd3d6f0577c calls=3242 total_ms=2.735 avg_us=0.844 max_us=30
   3 caller=0x7cd3d6f0599d calls=3242 total_ms=1.262 avg_us=0.389 max_us=2
   4 caller=0x7cd3d6f04732 calls=648 total_ms=1.217 avg_us=1.878 max_us=17
direct_cudaStreamSynchronize: calls=11700 total_ms=53.257 max_us=2474
by_direct_callsite (file:line):
   0 /opt/llama.cpp/ggml/src/ggml-cuda/ggml-cuda.cu:839 calls=11347 total_ms=47.143 avg_us=4.155 max_us=355
   1 /opt/llama.cpp/ggml/src/ggml-cuda/ggml-cuda.cu:900 calls=12 total_ms=5.782 avg_us=481.833 max_us=2474
   2 /opt/llama.cpp/ggml/src/ggml-cuda/ggml-cuda.cu:2665 calls=191 total_ms=0.218 avg_us=1.141 max_us=6
   3 /opt/llama.cpp/ggml/src/ggml-cuda/ggml-cuda.cu:847 calls=150 total_ms=0.114 avg_us=0.760 max_us=2
=== END CUDA SYNC PROFILE ===
backend-sync-trace: count=26700 backend=CUDA0 caller=ggml_backend_sched_graph_compute_async_ext+0xecc

=== CUDA SYNC PROFILE (instrumentation only) ===
total_syncs = 26700
total_wait_ms = 14905.880
max_wait_us = 140101
sites = 5
wait_hist_us = logarithmic buckets
  hist[0] = 24513
  hist[1] = 1131
  hist[2] = 53
  hist[3] = 24
  hist[4] = 7
  hist[9] = 179
  hist[10] = 383
  hist[11] = 86
  hist[14] = 109
  hist[15] = 188
  hist[16] = 26
  hist[17] = 1
by_callsite (caller PC; symbolize with addr2line):
   0 caller=0x7cd3d6f010c2 calls=10763 total_ms=14897.226 avg_us=1384.115 max_us=140101
   1 caller=0x7cd3d6f0586c calls=8783 total_ms=3.408 avg_us=0.388 max_us=18
   2 caller=0x7cd3d6f0577c calls=3252 total_ms=2.755 avg_us=0.847 max_us=30
   3 caller=0x7cd3d6f0599d calls=3252 total_ms=1.270 avg_us=0.391 max_us=2
   4 caller=0x7cd3d6f04732 calls=650 total_ms=1.221 avg_us=1.878 max_us=17
direct_cudaStreamSynchronize: calls=11733 total_ms=53.402 max_us=2474
by_direct_callsite (file:line):
   0 /opt/llama.cpp/ggml/src/ggml-cuda/ggml-cuda.cu:839 calls=11380 total_ms=47.288 avg_us=4.155 max_us=355
   1 /opt/llama.cpp/ggml/src/ggml-cuda/ggml-cuda.cu:900 calls=12 total_ms=5.782 avg_us=481.833 max_us=2474
   2 /opt/llama.cpp/ggml/src/ggml-cuda/ggml-cuda.cu:2665 calls=191 total_ms=0.218 avg_us=1.141 max_us=6
   3 /opt/llama.cpp/ggml/src/ggml-cuda/ggml-cuda.cu:847 calls=150 total_ms=0.114 avg_us=0.760 max_us=2
=== END CUDA SYNC PROFILE ===
backend-sync-trace: count=26800 backend=CUDA0 caller=ggml_backend_sched_synchronize+0x52

=== CUDA SYNC PROFILE (instrumentation only) ===
total_syncs = 26800
total_wait_ms = 14975.949
max_wait_us = 140101
sites = 5
wait_hist_us = logarithmic buckets
  hist[0] = 24602
  hist[1] = 1138
  hist[2] = 53
  hist[3] = 24
  hist[4] = 7
  hist[9] = 180
  hist[10] = 384
  hist[11] = 86
  hist[14] = 109
  hist[15] = 190
  hist[16] = 26
  hist[17] = 1
by_callsite (caller PC; symbolize with addr2line):
   0 caller=0x7cd3d6f010c2 calls=10803 total_ms=14967.256 avg_us=1385.472 max_us=140101
   1 caller=0x7cd3d6f0586c calls=8816 total_ms=3.425 avg_us=0.388 max_us=18
   2 caller=0x7cd3d6f0577c calls=3264 total_ms=2.763 avg_us=0.847 max_us=30
   3 caller=0x7cd3d6f0599d calls=3264 total_ms=1.277 avg_us=0.391 max_us=2
   4 caller=0x7cd3d6f04732 calls=653 total_ms=1.228 avg_us=1.881 max_us=17
direct_cudaStreamSynchronize: calls=11776 total_ms=53.580 max_us=2474
by_direct_callsite (file:line):
   0 /opt/llama.cpp/ggml/src/ggml-cuda/ggml-cuda.cu:839 calls=11423 total_ms=47.466 avg_us=4.155 max_us=355
   1 /opt/llama.cpp/ggml/src/ggml-cuda/ggml-cuda.cu:900 calls=12 total_ms=5.782 avg_us=481.833 max_us=2474
   2 /opt/llama.cpp/ggml/src/ggml-cuda/ggml-cuda.cu:2665 calls=191 total_ms=0.218 avg_us=1.141 max_us=6
   3 /opt/llama.cpp/ggml/src/ggml-cuda/ggml-cuda.cu:847 calls=150 total_ms=0.114 avg_us=0.760 max_us=2
=== END CUDA SYNC PROFILE ===

=== CUDA SYNC PROFILE (instrumentation only) ===
total_syncs = 26868
total_wait_ms = 14977.844
max_wait_us = 140101
sites = 5
wait_hist_us = logarithmic buckets
  hist[0] = 24666
  hist[1] = 1140
  hist[2] = 53
  hist[3] = 24
  hist[4] = 7
  hist[9] = 182
  hist[10] = 384
  hist[11] = 86
  hist[14] = 109
  hist[15] = 190
  hist[16] = 26
  hist[17] = 1
by_callsite (caller PC; symbolize with addr2line):
   0 caller=0x7cd3d6f010c2 calls=10837 total_ms=14969.134 avg_us=1381.299 max_us=140101
   1 caller=0x7cd3d6f0586c calls=8833 total_ms=3.432 avg_us=0.389 max_us=18
   2 caller=0x7cd3d6f0577c calls=3272 total_ms=2.768 avg_us=0.846 max_us=30
   3 caller=0x7cd3d6f0599d calls=3272 total_ms=1.280 avg_us=0.391 max_us=2
   4 caller=0x7cd3d6f04732 calls=654 total_ms=1.230 avg_us=1.881 max_us=17
direct_cudaStreamSynchronize: calls=11800 total_ms=53.677 max_us=2474
by_direct_callsite (file:line):
   0 /opt/llama.cpp/ggml/src/ggml-cuda/ggml-cuda.cu:839 calls=11447 total_ms=47.563 avg_us=4.155 max_us=355
   1 /opt/llama.cpp/ggml/src/ggml-cuda/ggml-cuda.cu:900 calls=12 total_ms=5.782 avg_us=481.833 max_us=2474
   2 /opt/llama.cpp/ggml/src/ggml-cuda/ggml-cuda.cu:2665 calls=191 total_ms=0.218 avg_us=1.141 max_us=6
   3 /opt/llama.cpp/ggml/src/ggml-cuda/ggml-cuda.cu:847 calls=150 total_ms=0.114 avg_us=0.760 max_us=2
=== END CUDA SYNC PROFILE ===
backend-sync-trace: count=26900 backend=CUDA0 caller=ggml_backend_sched_synchronize+0x52

=== CUDA SYNC PROFILE (instrumentation only) ===
total_syncs = 26900
total_wait_ms = 15007.072
max_wait_us = 140101
sites = 5
wait_hist_us = logarithmic buckets
  hist[0] = 24696
  hist[1] = 1141
  hist[2] = 53
  hist[3] = 24
  hist[4] = 7
  hist[9] = 182
  hist[10] = 384
  hist[11] = 86
  hist[14] = 110
  hist[15] = 190
  hist[16] = 26
  hist[17] = 1
by_callsite (caller PC; symbolize with addr2line):
   0 caller=0x7cd3d6f010c2 calls=10854 total_ms=14998.354 avg_us=1381.827 max_us=140101
   1 caller=0x7cd3d6f0586c calls=8843 total_ms=3.437 avg_us=0.389 max_us=18
   2 caller=0x7cd3d6f0577c calls=3274 total_ms=2.770 avg_us=0.846 max_us=30
   3 caller=0x7cd3d6f0599d calls=3274 total_ms=1.280 avg_us=0.391 max_us=2
   4 caller=0x7cd3d6f04732 calls=655 total_ms=1.231 avg_us=1.879 max_us=17
direct_cudaStreamSynchronize: calls=11811 total_ms=53.733 max_us=2474
by_direct_callsite (file:line):
   0 /opt/llama.cpp/ggml/src/ggml-cuda/ggml-cuda.cu:839 calls=11458 total_ms=47.619 avg_us=4.156 max_us=355
   1 /opt/llama.cpp/ggml/src/ggml-cuda/ggml-cuda.cu:900 calls=12 total_ms=5.782 avg_us=481.833 max_us=2474
   2 /opt/llama.cpp/ggml/src/ggml-cuda/ggml-cuda.cu:2665 calls=191 total_ms=0.218 avg_us=1.141 max_us=6
   3 /opt/llama.cpp/ggml/src/ggml-cuda/ggml-cuda.cu:847 calls=150 total_ms=0.114 avg_us=0.760 max_us=2
=== END CUDA SYNC PROFILE ===
backend-sync-trace: count=27000 backend=CUDA0 caller=ggml_backend_sched_synchronize+0x52

=== CUDA SYNC PROFILE (instrumentation only) ===
total_syncs = 27000
total_wait_ms = 15040.574
max_wait_us = 140101
sites = 5
wait_hist_us = logarithmic buckets
  hist[0] = 24788
  hist[1] = 1145
  hist[2] = 53
  hist[3] = 24
  hist[4] = 7
  hist[9] = 182
  hist[10] = 387
  hist[11] = 86
  hist[14] = 111
  hist[15] = 190
  hist[16] = 26
  hist[17] = 1
by_callsite (caller PC; symbolize with addr2line):
   0 caller=0x7cd3d6f010c2 calls=10896 total_ms=15031.828 avg_us=1379.573 max_us=140101
   1 caller=0x7cd3d6f0586c calls=8874 total_ms=3.445 avg_us=0.388 max_us=18
   2 caller=0x7cd3d6f0577c calls=3286 total_ms=2.781 avg_us=0.846 max_us=30
   3 caller=0x7cd3d6f0599d calls=3286 total_ms=1.283 avg_us=0.390 max_us=2
   4 caller=0x7cd3d6f04732 calls=658 total_ms=1.237 avg_us=1.880 max_us=17
direct_cudaStreamSynchronize: calls=11852 total_ms=53.894 max_us=2474
by_direct_callsite (file:line):
   0 /opt/llama.cpp/ggml/src/ggml-cuda/ggml-cuda.cu:839 calls=11499 total_ms=47.780 avg_us=4.155 max_us=355
   1 /opt/llama.cpp/ggml/src/ggml-cuda/ggml-cuda.cu:900 calls=12 total_ms=5.782 avg_us=481.833 max_us=2474
   2 /opt/llama.cpp/ggml/src/ggml-cuda/ggml-cuda.cu:2665 calls=191 total_ms=0.218 avg_us=1.141 max_us=6
   3 /opt/llama.cpp/ggml/src/ggml-cuda/ggml-cuda.cu:847 calls=150 total_ms=0.114 avg_us=0.760 max_us=2
=== END CUDA SYNC PROFILE ===
backend-sync-trace: count=27100 backend=CUDA0 caller=ggml_backend_sched_synchronize+0x52

=== CUDA SYNC PROFILE (instrumentation only) ===
total_syncs = 27100
total_wait_ms = 15081.172
max_wait_us = 140101
sites = 5
wait_hist_us = logarithmic buckets
  hist[0] = 24880
  hist[1] = 1149
  hist[2] = 53
  hist[3] = 24
  hist[4] = 7
  hist[9] = 183
  hist[10] = 389
  hist[11] = 86
  hist[14] = 111
  hist[15] = 191
  hist[16] = 26
  hist[17] = 1
by_callsite (caller PC; symbolize with addr2line):
   0 caller=0x7cd3d6f010c2 calls=10939 total_ms=15072.399 avg_us=1377.859 max_us=140101
   1 caller=0x7cd3d6f0586c calls=8905 total_ms=3.454 avg_us=0.388 max_us=18
   2 caller=0x7cd3d6f0577c calls=3298 total_ms=2.790 avg_us=0.846 max_us=30
   3 caller=0x7cd3d6f0599d calls=3298 total_ms=1.288 avg_us=0.391 max_us=2
   4 caller=0x7cd3d6f04732 calls=660 total_ms=1.241 avg_us=1.880 max_us=17
direct_cudaStreamSynchronize: calls=11893 total_ms=54.054 max_us=2474
by_direct_callsite (file:line):
   0 /opt/llama.cpp/ggml/src/ggml-cuda/ggml-cuda.cu:839 calls=11540 total_ms=47.940 avg_us=4.154 max_us=355
   1 /opt/llama.cpp/ggml/src/ggml-cuda/ggml-cuda.cu:900 calls=12 total_ms=5.782 avg_us=481.833 max_us=2474
   2 /opt/llama.cpp/ggml/src/ggml-cuda/ggml-cuda.cu:2665 calls=191 total_ms=0.218 avg_us=1.141 max_us=6
   3 /opt/llama.cpp/ggml/src/ggml-cuda/ggml-cuda.cu:847 calls=150 total_ms=0.114 avg_us=0.760 max_us=2
=== END CUDA SYNC PROFILE ===

=== CUDA SYNC PROFILE (instrumentation only) ===
total_syncs = 27115
total_wait_ms = 15081.179
max_wait_us = 140101
sites = 5
wait_hist_us = logarithmic buckets
  hist[0] = 24894
  hist[1] = 1150
  hist[2] = 53
  hist[3] = 24
  hist[4] = 7
  hist[9] = 183
  hist[10] = 389
  hist[11] = 86
  hist[14] = 111
  hist[15] = 191
  hist[16] = 26
  hist[17] = 1
by_callsite (caller PC; symbolize with addr2line):
   0 caller=0x7cd3d6f010c2 calls=10942 total_ms=15072.400 avg_us=1377.481 max_us=140101
   1 caller=0x7cd3d6f0586c calls=8909 total_ms=3.454 avg_us=0.388 max_us=18
   2 caller=0x7cd3d6f0577c calls=3302 total_ms=2.796 avg_us=0.847 max_us=30
   3 caller=0x7cd3d6f0599d calls=3302 total_ms=1.288 avg_us=0.390 max_us=2
   4 caller=0x7cd3d6f04732 calls=660 total_ms=1.241 avg_us=1.880 max_us=17
direct_cudaStreamSynchronize: calls=11900 total_ms=54.100 max_us=2474
by_direct_callsite (file:line):
   0 /opt/llama.cpp/ggml/src/ggml-cuda/ggml-cuda.cu:839 calls=11547 total_ms=47.986 avg_us=4.156 max_us=355
   1 /opt/llama.cpp/ggml/src/ggml-cuda/ggml-cuda.cu:900 calls=12 total_ms=5.782 avg_us=481.833 max_us=2474
   2 /opt/llama.cpp/ggml/src/ggml-cuda/ggml-cuda.cu:2665 calls=191 total_ms=0.218 avg_us=1.141 max_us=6
   3 /opt/llama.cpp/ggml/src/ggml-cuda/ggml-cuda.cu:847 calls=150 total_ms=0.114 avg_us=0.760 max_us=2
=== END CUDA SYNC PROFILE ===
backend-sync-trace: count=27200 backend=CUDA0 caller=ggml_backend_sched_graph_compute_async_ext+0xecc

=== CUDA SYNC PROFILE (instrumentation only) ===
total_syncs = 27200
total_wait_ms = 15146.306
max_wait_us = 140101
sites = 5
wait_hist_us = logarithmic buckets
  hist[0] = 24973
  hist[1] = 1153
  hist[2] = 53
  hist[3] = 24
  hist[4] = 7
  hist[9] = 184
  hist[10] = 390
  hist[11] = 86
  hist[14] = 111
  hist[15] = 192
  hist[16] = 26
  hist[17] = 1
by_callsite (caller PC; symbolize with addr2line):
   0 caller=0x7cd3d6f010c2 calls=10967 total_ms=15137.499 avg_us=1380.277 max_us=140101
   1 caller=0x7cd3d6f0586c calls=8947 total_ms=3.467 avg_us=0.388 max_us=18
   2 caller=0x7cd3d6f0577c calls=3312 total_ms=2.805 avg_us=0.847 max_us=30
   3 caller=0x7cd3d6f0599d calls=3312 total_ms=1.290 avg_us=0.389 max_us=2
   4 caller=0x7cd3d6f04732 calls=662 total_ms=1.245 avg_us=1.881 max_us=17
direct_cudaStreamSynchronize: calls=11945 total_ms=54.284 max_us=2474
by_direct_callsite (file:line):
   0 /opt/llama.cpp/ggml/src/ggml-cuda/ggml-cuda.cu:839 calls=11592 total_ms=48.170 avg_us=4.155 max_us=355
   1 /opt/llama.cpp/ggml/src/ggml-cuda/ggml-cuda.cu:900 calls=12 total_ms=5.782 avg_us=481.833 max_us=2474
   2 /opt/llama.cpp/ggml/src/ggml-cuda/ggml-cuda.cu:2665 calls=191 total_ms=0.218 avg_us=1.141 max_us=6
   3 /opt/llama.cpp/ggml/src/ggml-cuda/ggml-cuda.cu:847 calls=150 total_ms=0.114 avg_us=0.760 max_us=2
=== END CUDA SYNC PROFILE ===
backend-sync-trace: count=27300 backend=CUDA0 caller=ggml_backend_sched_synchronize+0x52

=== CUDA SYNC PROFILE (instrumentation only) ===
total_syncs = 27300
total_wait_ms = 15210.762
max_wait_us = 140101
sites = 5
wait_hist_us = logarithmic buckets
  hist[0] = 25065
  hist[1] = 1157
  hist[2] = 53
  hist[3] = 24
  hist[4] = 7
  hist[9] = 185
  hist[10] = 391
  hist[11] = 86
  hist[14] = 113
  hist[15] = 192
  hist[16] = 26
  hist[17] = 1
by_callsite (caller PC; symbolize with addr2line):
   0 caller=0x7cd3d6f010c2 calls=11009 total_ms=15201.929 avg_us=1380.864 max_us=140101
   1 caller=0x7cd3d6f0586c calls=8978 total_ms=3.476 avg_us=0.387 max_us=18
   2 caller=0x7cd3d6f0577c calls=3324 total_ms=2.814 avg_us=0.847 max_us=30
   3 caller=0x7cd3d6f0599d calls=3324 total_ms=1.293 avg_us=0.389 max_us=2
   4 caller=0x7cd3d6f04732 calls=665 total_ms=1.250 avg_us=1.880 max_us=17
direct_cudaStreamSynchronize: calls=11986 total_ms=54.453 max_us=2474
by_direct_callsite (file:line):
   0 /opt/llama.cpp/ggml/src/ggml-cuda/ggml-cuda.cu:839 calls=11633 total_ms=48.339 avg_us=4.155 max_us=355
   1 /opt/llama.cpp/ggml/src/ggml-cuda/ggml-cuda.cu:900 calls=12 total_ms=5.782 avg_us=481.833 max_us=2474
   2 /opt/llama.cpp/ggml/src/ggml-cuda/ggml-cuda.cu:2665 calls=191 total_ms=0.218 avg_us=1.141 max_us=6
   3 /opt/llama.cpp/ggml/src/ggml-cuda/ggml-cuda.cu:847 calls=150 total_ms=0.114 avg_us=0.760 max_us=2
=== END CUDA SYNC PROFILE ===

=== CUDA SYNC PROFILE (instrumentation only) ===
total_syncs = 27341
total_wait_ms = 15213.798
max_wait_us = 140101
sites = 5
wait_hist_us = logarithmic buckets
  hist[0] = 25102
  hist[1] = 1158
  hist[2] = 54
  hist[3] = 24
  hist[4] = 7
  hist[9] = 185
  hist[10] = 393
  hist[11] = 86
  hist[14] = 113
  hist[15] = 192
  hist[16] = 26
  hist[17] = 1
by_callsite (caller PC; symbolize with addr2line):
   0 caller=0x7cd3d6f010c2 calls=11029 total_ms=15204.951 avg_us=1378.634 max_us=140101
   1 caller=0x7cd3d6f0586c calls=8986 total_ms=3.480 avg_us=0.387 max_us=18
   2 caller=0x7cd3d6f0577c calls=3330 total_ms=2.820 avg_us=0.847 max_us=30
   3 caller=0x7cd3d6f0599d calls=3330 total_ms=1.295 avg_us=0.389 max_us=2
   4 caller=0x7cd3d6f04732 calls=666 total_ms=1.252 avg_us=1.880 max_us=17
direct_cudaStreamSynchronize: calls=12000 total_ms=54.500 max_us=2474
by_direct_callsite (file:line):
   0 /opt/llama.cpp/ggml/src/ggml-cuda/ggml-cuda.cu:839 calls=11647 total_ms=48.386 avg_us=4.154 max_us=355
   1 /opt/llama.cpp/ggml/src/ggml-cuda/ggml-cuda.cu:900 calls=12 total_ms=5.782 avg_us=481.833 max_us=2474
   2 /opt/llama.cpp/ggml/src/ggml-cuda/ggml-cuda.cu:2665 calls=191 total_ms=0.218 avg_us=1.141 max_us=6
   3 /opt/llama.cpp/ggml/src/ggml-cuda/ggml-cuda.cu:847 calls=150 total_ms=0.114 avg_us=0.760 max_us=2
=== END CUDA SYNC PROFILE ===
backend-sync-trace: count=27400 backend=CUDA0 caller=ggml_backend_sched_graph_compute_async_ext+0xecc

=== CUDA SYNC PROFILE (instrumentation only) ===
total_syncs = 27400
total_wait_ms = 15247.716
max_wait_us = 140101
sites = 5
wait_hist_us = logarithmic buckets
  hist[0] = 25157
  hist[1] = 1161
  hist[2] = 54
  hist[3] = 24
  hist[4] = 7
  hist[9] = 185
  hist[10] = 393
  hist[11] = 86
  hist[14] = 113
  hist[15] = 193
  hist[16] = 26
  hist[17] = 1
by_callsite (caller PC; symbolize with addr2line):
   0 caller=0x7cd3d6f010c2 calls=11052 total_ms=15238.849 avg_us=1378.832 max_us=140101
   1 caller=0x7cd3d6f0586c calls=9008 total_ms=3.490 avg_us=0.387 max_us=18
   2 caller=0x7cd3d6f0577c calls=3336 total_ms=2.824 avg_us=0.847 max_us=30
   3 caller=0x7cd3d6f0599d calls=3336 total_ms=1.296 avg_us=0.388 max_us=2
   4 caller=0x7cd3d6f04732 calls=668 total_ms=1.257 avg_us=1.882 max_us=17
direct_cudaStreamSynchronize: calls=12025 total_ms=54.621 max_us=2474
by_direct_callsite (file:line):
   0 /opt/llama.cpp/ggml/src/ggml-cuda/ggml-cuda.cu:839 calls=11672 total_ms=48.507 avg_us=4.156 max_us=355
   1 /opt/llama.cpp/ggml/src/ggml-cuda/ggml-cuda.cu:900 calls=12 total_ms=5.782 avg_us=481.833 max_us=2474
   2 /opt/llama.cpp/ggml/src/ggml-cuda/ggml-cuda.cu:2665 calls=191 total_ms=0.218 avg_us=1.141 max_us=6
   3 /opt/llama.cpp/ggml/src/ggml-cuda/ggml-cuda.cu:847 calls=150 total_ms=0.114 avg_us=0.760 max_us=2
=== END CUDA SYNC PROFILE ===
backend-sync-trace: count=27500 backend=CUDA0 caller=ggml_backend_sched_graph_compute_async_ext+0xddc

=== CUDA SYNC PROFILE (instrumentation only) ===
total_syncs = 27500
total_wait_ms = 15291.745
max_wait_us = 140101
sites = 5
wait_hist_us = logarithmic buckets
  hist[0] = 25245
  hist[1] = 1166
  hist[2] = 54
  hist[3] = 25
  hist[4] = 8
  hist[9] = 185
  hist[10] = 396
  hist[11] = 87
  hist[14] = 113
  hist[15] = 194
  hist[16] = 26
  hist[17] = 1
by_callsite (caller PC; symbolize with addr2line):
   0 caller=0x7cd3d6f010c2 calls=11091 total_ms=15282.820 avg_us=1377.948 max_us=140101
   1 caller=0x7cd3d6f0586c calls=9040 total_ms=3.500 avg_us=0.387 max_us=18
   2 caller=0x7cd3d6f0577c calls=3350 total_ms=2.861 avg_us=0.854 max_us=30
   3 caller=0x7cd3d6f0599d calls=3349 total_ms=1.301 avg_us=0.388 max_us=2
   4 caller=0x7cd3d6f04732 calls=670 total_ms=1.263 avg_us=1.885 max_us=17
direct_cudaStreamSynchronize: calls=12069 total_ms=54.798 max_us=2474
by_direct_callsite (file:line):
   0 /opt/llama.cpp/ggml/src/ggml-cuda/ggml-cuda.cu:839 calls=11716 total_ms=48.684 avg_us=4.155 max_us=355
   1 /opt/llama.cpp/ggml/src/ggml-cuda/ggml-cuda.cu:900 calls=12 total_ms=5.782 avg_us=481.833 max_us=2474
   2 /opt/llama.cpp/ggml/src/ggml-cuda/ggml-cuda.cu:2665 calls=191 total_ms=0.218 avg_us=1.141 max_us=6
   3 /opt/llama.cpp/ggml/src/ggml-cuda/ggml-cuda.cu:847 calls=150 total_ms=0.114 avg_us=0.760 max_us=2
=== END CUDA SYNC PROFILE ===

=== CUDA SYNC PROFILE (instrumentation only) ===
total_syncs = 27573
total_wait_ms = 15368.526
max_wait_us = 140101
sites = 5
wait_hist_us = logarithmic buckets
  hist[0] = 25312
  hist[1] = 1169
  hist[2] = 55
  hist[3] = 25
  hist[4] = 8
  hist[9] = 186
  hist[10] = 396
  hist[11] = 87
  hist[14] = 113
  hist[15] = 194
  hist[16] = 27
  hist[17] = 1
by_callsite (caller PC; symbolize with addr2line):
   0 caller=0x7cd3d6f010c2 calls=11121 total_ms=15359.578 avg_us=1381.133 max_us=140101
   1 caller=0x7cd3d6f0586c calls=9064 total_ms=3.508 avg_us=0.387 max_us=18
   2 caller=0x7cd3d6f0577c calls=3358 total_ms=2.865 avg_us=0.853 max_us=30
   3 caller=0x7cd3d6f0599d calls=3358 total_ms=1.307 avg_us=0.389 max_us=2
   4 caller=0x7cd3d6f04732 calls=672 total_ms=1.268 avg_us=1.887 max_us=17
direct_cudaStreamSynchronize: calls=12100 total_ms=54.938 max_us=2474
by_direct_callsite (file:line):
   0 /opt/llama.cpp/ggml/src/ggml-cuda/ggml-cuda.cu:839 calls=11747 total_ms=48.824 avg_us=4.156 max_us=355
   1 /opt/llama.cpp/ggml/src/ggml-cuda/ggml-cuda.cu:900 calls=12 total_ms=5.782 avg_us=481.833 max_us=2474
   2 /opt/llama.cpp/ggml/src/ggml-cuda/ggml-cuda.cu:2665 calls=191 total_ms=0.218 avg_us=1.141 max_us=6
   3 /opt/llama.cpp/ggml/src/ggml-cuda/ggml-cuda.cu:847 calls=150 total_ms=0.114 avg_us=0.760 max_us=2
=== END CUDA SYNC PROFILE ===
backend-sync-trace: count=27600 backend=CUDA0 caller=ggml_backend_sched_graph_compute_async_ext+0xecc

=== CUDA SYNC PROFILE (instrumentation only) ===
total_syncs = 27600
total_wait_ms = 15369.461
max_wait_us = 140101
sites = 5
wait_hist_us = logarithmic buckets
  hist[0] = 25337
  hist[1] = 1170
  hist[2] = 55
  hist[3] = 25
  hist[4] = 8
  hist[9] = 187
  hist[10] = 396
  hist[11] = 87
  hist[14] = 113
  hist[15] = 194
  hist[16] = 27
  hist[17] = 1
by_callsite (caller PC; symbolize with addr2line):
   0 caller=0x7cd3d6f010c2 calls=11128 total_ms=15360.502 avg_us=1380.347 max_us=140101
   1 caller=0x7cd3d6f0586c calls=9076 total_ms=3.513 avg_us=0.387 max_us=18
   2 caller=0x7cd3d6f0577c calls=3362 total_ms=2.870 avg_us=0.854 max_us=30
   3 caller=0x7cd3d6f0599d calls=3362 total_ms=1.308 avg_us=0.389 max_us=2
   4 caller=0x7cd3d6f04732 calls=672 total_ms=1.268 avg_us=1.887 max_us=17
direct_cudaStreamSynchronize: calls=12114 total_ms=55.006 max_us=2474
by_direct_callsite (file:line):
   0 /opt/llama.cpp/ggml/src/ggml-cuda/ggml-cuda.cu:839 calls=11761 total_ms=48.892 avg_us=4.157 max_us=355
   1 /opt/llama.cpp/ggml/src/ggml-cuda/ggml-cuda.cu:900 calls=12 total_ms=5.782 avg_us=481.833 max_us=2474
   2 /opt/llama.cpp/ggml/src/ggml-cuda/ggml-cuda.cu:2665 calls=191 total_ms=0.218 avg_us=1.141 max_us=6
   3 /opt/llama.cpp/ggml/src/ggml-cuda/ggml-cuda.cu:847 calls=150 total_ms=0.114 avg_us=0.760 max_us=2
=== END CUDA SYNC PROFILE ===
backend-sync-trace: count=27700 backend=CUDA0 caller=ggml_backend_sched_graph_compute_async_ext+0xecc

=== CUDA SYNC PROFILE (instrumentation only) ===
total_syncs = 27700
total_wait_ms = 15444.719
max_wait_us = 140101
sites = 5
wait_hist_us = logarithmic buckets
  hist[0] = 25428
  hist[1] = 1175
  hist[2] = 55
  hist[3] = 25
  hist[4] = 8
  hist[9] = 188
  hist[10] = 397
  hist[11] = 87
  hist[14] = 113
  hist[15] = 196
  hist[16] = 27
  hist[17] = 1
by_callsite (caller PC; symbolize with addr2line):
   0 caller=0x7cd3d6f010c2 calls=11167 total_ms=15435.729 avg_us=1382.263 max_us=140101
   1 caller=0x7cd3d6f0586c calls=9110 total_ms=3.523 avg_us=0.387 max_us=18
   2 caller=0x7cd3d6f0577c calls=3374 total_ms=2.881 avg_us=0.854 max_us=30
   3 caller=0x7cd3d6f0599d calls=3374 total_ms=1.312 avg_us=0.389 max_us=2
   4 caller=0x7cd3d6f04732 calls=675 total_ms=1.274 avg_us=1.887 max_us=17
direct_cudaStreamSynchronize: calls=12158 total_ms=55.186 max_us=2474
by_direct_callsite (file:line):
   0 /opt/llama.cpp/ggml/src/ggml-cuda/ggml-cuda.cu:839 calls=11805 total_ms=49.072 avg_us=4.157 max_us=355
   1 /opt/llama.cpp/ggml/src/ggml-cuda/ggml-cuda.cu:900 calls=12 total_ms=5.782 avg_us=481.833 max_us=2474
   2 /opt/llama.cpp/ggml/src/ggml-cuda/ggml-cuda.cu:2665 calls=191 total_ms=0.218 avg_us=1.141 max_us=6
   3 /opt/llama.cpp/ggml/src/ggml-cuda/ggml-cuda.cu:847 calls=150 total_ms=0.114 avg_us=0.760 max_us=2
=== END CUDA SYNC PROFILE ===
backend-sync-trace: count=27800 backend=CUDA0 caller=ggml_backend_sched_graph_compute_async_ext+0xddc

=== CUDA SYNC PROFILE (instrumentation only) ===
total_syncs = 27800
total_wait_ms = 15478.417
max_wait_us = 140101
sites = 5
wait_hist_us = logarithmic buckets
  hist[0] = 25520
  hist[1] = 1180
  hist[2] = 55
  hist[3] = 25
  hist[4] = 8
  hist[9] = 189
  hist[10] = 398
  hist[11] = 87
  hist[14] = 114
  hist[15] = 196
  hist[16] = 27
  hist[17] = 1
by_callsite (caller PC; symbolize with addr2line):
   0 caller=0x7cd3d6f010c2 calls=11213 total_ms=15469.394 avg_us=1379.595 max_us=140101
   1 caller=0x7cd3d6f0586c calls=9140 total_ms=3.536 avg_us=0.387 max_us=18
   2 caller=0x7cd3d6f0577c calls=3385 total_ms=2.889 avg_us=0.853 max_us=30
   3 caller=0x7cd3d6f0599d calls=3384 total_ms=1.317 avg_us=0.389 max_us=2
   4 caller=0x7cd3d6f04732 calls=678 total_ms=1.281 avg_us=1.889 max_us=17
direct_cudaStreamSynchronize: calls=12196 total_ms=55.333 max_us=2474
by_direct_callsite (file:line):
   0 /opt/llama.cpp/ggml/src/ggml-cuda/ggml-cuda.cu:839 calls=11843 total_ms=49.219 avg_us=4.156 max_us=355
   1 /opt/llama.cpp/ggml/src/ggml-cuda/ggml-cuda.cu:900 calls=12 total_ms=5.782 avg_us=481.833 max_us=2474
   2 /opt/llama.cpp/ggml/src/ggml-cuda/ggml-cuda.cu:2665 calls=191 total_ms=0.218 avg_us=1.141 max_us=6
   3 /opt/llama.cpp/ggml/src/ggml-cuda/ggml-cuda.cu:847 calls=150 total_ms=0.114 avg_us=0.760 max_us=2
=== END CUDA SYNC PROFILE ===

=== CUDA SYNC PROFILE (instrumentation only) ===
total_syncs = 27805
total_wait_ms = 15478.419
max_wait_us = 140101
sites = 5
wait_hist_us = logarithmic buckets
  hist[0] = 25525
  hist[1] = 1180
  hist[2] = 55
  hist[3] = 25
  hist[4] = 8
  hist[9] = 189
  hist[10] = 398
  hist[11] = 87
  hist[14] = 114
  hist[15] = 196
  hist[16] = 27
  hist[17] = 1
by_callsite (caller PC; symbolize with addr2line):
   0 caller=0x7cd3d6f010c2 calls=11213 total_ms=15469.394 avg_us=1379.595 max_us=140101
   1 caller=0x7cd3d6f0586c calls=9142 total_ms=3.537 avg_us=0.387 max_us=18
   2 caller=0x7cd3d6f0577c calls=3386 total_ms=2.889 avg_us=0.853 max_us=30
   3 caller=0x7cd3d6f0599d calls=3386 total_ms=1.318 avg_us=0.389 max_us=2
   4 caller=0x7cd3d6f04732 calls=678 total_ms=1.281 avg_us=1.889 max_us=17
direct_cudaStreamSynchronize: calls=12200 total_ms=55.347 max_us=2474
by_direct_callsite (file:line):
   0 /opt/llama.cpp/ggml/src/ggml-cuda/ggml-cuda.cu:839 calls=11847 total_ms=49.233 avg_us=4.156 max_us=355
   1 /opt/llama.cpp/ggml/src/ggml-cuda/ggml-cuda.cu:900 calls=12 total_ms=5.782 avg_us=481.833 max_us=2474
   2 /opt/llama.cpp/ggml/src/ggml-cuda/ggml-cuda.cu:2665 calls=191 total_ms=0.218 avg_us=1.141 max_us=6
   3 /opt/llama.cpp/ggml/src/ggml-cuda/ggml-cuda.cu:847 calls=150 total_ms=0.114 avg_us=0.760 max_us=2
=== END CUDA SYNC PROFILE ===
backend-sync-trace: count=27900 backend=CUDA0 caller=ggml_backend_sched_synchronize+0x52

=== CUDA SYNC PROFILE (instrumentation only) ===
total_syncs = 27900
total_wait_ms = 15514.211
max_wait_us = 140101
sites = 5
wait_hist_us = logarithmic buckets
  hist[0] = 25612
  hist[1] = 1184
  hist[2] = 55
  hist[3] = 25
  hist[4] = 8
  hist[9] = 191
  hist[10] = 399
  hist[11] = 87
  hist[14] = 115
  hist[15] = 196
  hist[16] = 27
  hist[17] = 1
by_callsite (caller PC; symbolize with addr2line):
   0 caller=0x7cd3d6f010c2 calls=11257 total_ms=15505.158 avg_us=1377.379 max_us=140101
   1 caller=0x7cd3d6f0586c calls=9171 total_ms=3.552 avg_us=0.387 max_us=18
   2 caller=0x7cd3d6f0577c calls=3396 total_ms=2.895 avg_us=0.852 max_us=30
   3 caller=0x7cd3d6f0599d calls=3396 total_ms=1.322 avg_us=0.389 max_us=2
   4 caller=0x7cd3d6f04732 calls=680 total_ms=1.284 avg_us=1.888 max_us=17
direct_cudaStreamSynchronize: calls=12237 total_ms=55.492 max_us=2474
by_direct_callsite (file:line):
   0 /opt/llama.cpp/ggml/src/ggml-cuda/ggml-cuda.cu:839 calls=11884 total_ms=49.378 avg_us=4.155 max_us=355
   1 /opt/llama.cpp/ggml/src/ggml-cuda/ggml-cuda.cu:900 calls=12 total_ms=5.782 avg_us=481.833 max_us=2474
   2 /opt/llama.cpp/ggml/src/ggml-cuda/ggml-cuda.cu:2665 calls=191 total_ms=0.218 avg_us=1.141 max_us=6
   3 /opt/llama.cpp/ggml/src/ggml-cuda/ggml-cuda.cu:847 calls=150 total_ms=0.114 avg_us=0.760 max_us=2
=== END CUDA SYNC PROFILE ===
backend-sync-trace: count=28000 backend=CUDA0 caller=ggml_backend_sched_graph_compute_async_ext+0xecc

=== CUDA SYNC PROFILE (instrumentation only) ===
total_syncs = 28000
total_wait_ms = 15569.993
max_wait_us = 140101
sites = 5
wait_hist_us = logarithmic buckets
  hist[0] = 25703
  hist[1] = 1189
  hist[2] = 55
  hist[3] = 25
  hist[4] = 8
  hist[9] = 191
  hist[10] = 401
  hist[11] = 88
  hist[14] = 115
  hist[15] = 197
  hist[16] = 27
  hist[17] = 1
by_callsite (caller PC; symbolize with addr2line):
   0 caller=0x7cd3d6f010c2 calls=11289 total_ms=15560.907 avg_us=1378.413 max_us=140101
   1 caller=0x7cd3d6f0586c calls=9205 total_ms=3.560 avg_us=0.387 max_us=18
   2 caller=0x7cd3d6f0577c calls=3412 total_ms=2.906 avg_us=0.852 max_us=30
   3 caller=0x7cd3d6f0599d calls=3412 total_ms=1.332 avg_us=0.390 max_us=2
   4 caller=0x7cd3d6f04732 calls=682 total_ms=1.288 avg_us=1.889 max_us=17
direct_cudaStreamSynchronize: calls=12283 total_ms=55.671 max_us=2474
by_direct_callsite (file:line):
   0 /opt/llama.cpp/ggml/src/ggml-cuda/ggml-cuda.cu:839 calls=11930 total_ms=49.557 avg_us=4.154 max_us=355
   1 /opt/llama.cpp/ggml/src/ggml-cuda/ggml-cuda.cu:900 calls=12 total_ms=5.782 avg_us=481.833 max_us=2474
   2 /opt/llama.cpp/ggml/src/ggml-cuda/ggml-cuda.cu:2665 calls=191 total_ms=0.218 avg_us=1.141 max_us=6
   3 /opt/llama.cpp/ggml/src/ggml-cuda/ggml-cuda.cu:847 calls=150 total_ms=0.114 avg_us=0.760 max_us=2
=== END CUDA SYNC PROFILE ===

=== CUDA SYNC PROFILE (instrumentation only) ===
total_syncs = 28021
total_wait_ms = 15611.455
max_wait_us = 140101
sites = 5
wait_hist_us = logarithmic buckets
  hist[0] = 25722
  hist[1] = 1190
  hist[2] = 55
  hist[3] = 25
  hist[4] = 8
  hist[9] = 191
  hist[10] = 401
  hist[11] = 88
  hist[14] = 115
  hist[15] = 198
  hist[16] = 27
  hist[17] = 1
by_callsite (caller PC; symbolize with addr2line):
   0 caller=0x7cd3d6f010c2 calls=11291 total_ms=15602.359 avg_us=1381.840 max_us=140101
   1 caller=0x7cd3d6f0586c calls=9219 total_ms=3.566 avg_us=0.387 max_us=18
   2 caller=0x7cd3d6f0577c calls=3414 total_ms=2.907 avg_us=0.851 max_us=30
   3 caller=0x7cd3d6f0599d calls=3414 total_ms=1.333 avg_us=0.390 max_us=2
   4 caller=0x7cd3d6f04732 calls=683 total_ms=1.290 avg_us=1.889 max_us=17
direct_cudaStreamSynchronize: calls=12300 total_ms=55.753 max_us=2474
by_direct_callsite (file:line):
   0 /opt/llama.cpp/ggml/src/ggml-cuda/ggml-cuda.cu:839 calls=11947 total_ms=49.639 avg_us=4.155 max_us=355
   1 /opt/llama.cpp/ggml/src/ggml-cuda/ggml-cuda.cu:900 calls=12 total_ms=5.782 avg_us=481.833 max_us=2474
   2 /opt/llama.cpp/ggml/src/ggml-cuda/ggml-cuda.cu:2665 calls=191 total_ms=0.218 avg_us=1.141 max_us=6
   3 /opt/llama.cpp/ggml/src/ggml-cuda/ggml-cuda.cu:847 calls=150 total_ms=0.114 avg_us=0.760 max_us=2
=== END CUDA SYNC PROFILE ===
backend-sync-trace: count=28100 backend=CUDA0 caller=ggml_backend_sched_synchronize+0x52

=== CUDA SYNC PROFILE (instrumentation only) ===
total_syncs = 28100
total_wait_ms = 15671.132
max_wait_us = 140101
sites = 5
wait_hist_us = logarithmic buckets
  hist[0] = 25796
  hist[1] = 1192
  hist[2] = 55
  hist[3] = 25
  hist[4] = 8
  hist[9] = 191
  hist[10] = 402
  hist[11] = 89
  hist[14] = 115
  hist[15] = 199
  hist[16] = 27
  hist[17] = 1
by_callsite (caller PC; symbolize with addr2line):
   0 caller=0x7cd3d6f010c2 calls=11328 total_ms=15662.014 avg_us=1382.593 max_us=140101
   1 caller=0x7cd3d6f0586c calls=9244 total_ms=3.578 avg_us=0.387 max_us=18
   2 caller=0x7cd3d6f0577c calls=3422 total_ms=2.912 avg_us=0.851 max_us=30
   3 caller=0x7cd3d6f0599d calls=3422 total_ms=1.337 avg_us=0.391 max_us=2
   4 caller=0x7cd3d6f04732 calls=684 total_ms=1.291 avg_us=1.887 max_us=17
direct_cudaStreamSynchronize: calls=12331 total_ms=55.869 max_us=2474
by_direct_callsite (file:line):
   0 /opt/llama.cpp/ggml/src/ggml-cuda/ggml-cuda.cu:839 calls=11978 total_ms=49.755 avg_us=4.154 max_us=355
   1 /opt/llama.cpp/ggml/src/ggml-cuda/ggml-cuda.cu:900 calls=12 total_ms=5.782 avg_us=481.833 max_us=2474
   2 /opt/llama.cpp/ggml/src/ggml-cuda/ggml-cuda.cu:2665 calls=191 total_ms=0.218 avg_us=1.141 max_us=6
   3 /opt/llama.cpp/ggml/src/ggml-cuda/ggml-cuda.cu:847 calls=150 total_ms=0.114 avg_us=0.760 max_us=2
=== END CUDA SYNC PROFILE ===
backend-sync-trace: count=28200 backend=CUDA0 caller=ggml_backend_sched_synchronize+0x52

=== CUDA SYNC PROFILE (instrumentation only) ===
total_syncs = 28200
total_wait_ms = 15714.555
max_wait_us = 140101
sites = 5
wait_hist_us = logarithmic buckets
  hist[0] = 25889
  hist[1] = 1196
  hist[2] = 55
  hist[3] = 25
  hist[4] = 8
  hist[9] = 192
  hist[10] = 403
  hist[11] = 89
  hist[14] = 115
  hist[15] = 200
  hist[16] = 27
  hist[17] = 1
by_callsite (caller PC; symbolize with addr2line):
   0 caller=0x7cd3d6f010c2 calls=11370 total_ms=15705.403 avg_us=1381.302 max_us=140101
   1 caller=0x7cd3d6f0586c calls=9275 total_ms=3.590 avg_us=0.387 max_us=18
   2 caller=0x7cd3d6f0577c calls=3434 total_ms=2.923 avg_us=0.851 max_us=30
   3 caller=0x7cd3d6f0599d calls=3434 total_ms=1.344 avg_us=0.391 max_us=2
   4 caller=0x7cd3d6f04732 calls=687 total_ms=1.295 avg_us=1.885 max_us=17
direct_cudaStreamSynchronize: calls=12371 total_ms=56.036 max_us=2474
by_direct_callsite (file:line):
   0 /opt/llama.cpp/ggml/src/ggml-cuda/ggml-cuda.cu:839 calls=12018 total_ms=49.922 avg_us=4.154 max_us=355
   1 /opt/llama.cpp/ggml/src/ggml-cuda/ggml-cuda.cu:900 calls=12 total_ms=5.782 avg_us=481.833 max_us=2474
   2 /opt/llama.cpp/ggml/src/ggml-cuda/ggml-cuda.cu:2665 calls=191 total_ms=0.218 avg_us=1.141 max_us=6
   3 /opt/llama.cpp/ggml/src/ggml-cuda/ggml-cuda.cu:847 calls=150 total_ms=0.114 avg_us=0.760 max_us=2
=== END CUDA SYNC PROFILE ===

=== CUDA SYNC PROFILE (instrumentation only) ===
total_syncs = 28269
total_wait_ms = 15717.872
max_wait_us = 140101
sites = 5
wait_hist_us = logarithmic buckets
  hist[0] = 25954
  hist[1] = 1198
  hist[2] = 55
  hist[3] = 25
  hist[4] = 8
  hist[9] = 192
  hist[10] = 404
  hist[11] = 90
  hist[14] = 115
  hist[15] = 200
  hist[16] = 27
  hist[17] = 1
by_callsite (caller PC; symbolize with addr2line):
   0 caller=0x7cd3d6f010c2 calls=11400 total_ms=15708.697 avg_us=1377.956 max_us=140101
   1 caller=0x7cd3d6f0586c calls=9297 total_ms=3.599 avg_us=0.387 max_us=18
   2 caller=0x7cd3d6f0577c calls=3442 total_ms=2.931 avg_us=0.852 max_us=30
   3 caller=0x7cd3d6f0599d calls=3442 total_ms=1.348 avg_us=0.392 max_us=2
   4 caller=0x7cd3d6f04732 calls=688 total_ms=1.297 avg_us=1.885 max_us=17
direct_cudaStreamSynchronize: calls=12400 total_ms=56.147 max_us=2474
by_direct_callsite (file:line):
   0 /opt/llama.cpp/ggml/src/ggml-cuda/ggml-cuda.cu:839 calls=12047 total_ms=50.033 avg_us=4.153 max_us=355
   1 /opt/llama.cpp/ggml/src/ggml-cuda/ggml-cuda.cu:900 calls=12 total_ms=5.782 avg_us=481.833 max_us=2474
   2 /opt/llama.cpp/ggml/src/ggml-cuda/ggml-cuda.cu:2665 calls=191 total_ms=0.218 avg_us=1.141 max_us=6
   3 /opt/llama.cpp/ggml/src/ggml-cuda/ggml-cuda.cu:847 calls=150 total_ms=0.114 avg_us=0.760 max_us=2
=== END CUDA SYNC PROFILE ===
backend-sync-trace: count=28300 backend=CUDA0 caller=ggml_backend_sched_synchronize+0x52

=== CUDA SYNC PROFILE (instrumentation only) ===
total_syncs = 28300
total_wait_ms = 15757.498
max_wait_us = 140101
sites = 5
wait_hist_us = logarithmic buckets
  hist[0] = 25982
  hist[1] = 1200
  hist[2] = 55
  hist[3] = 25
  hist[4] = 8
  hist[9] = 192
  hist[10] = 404
  hist[11] = 90
  hist[14] = 115
  hist[15] = 201
  hist[16] = 27
  hist[17] = 1
by_callsite (caller PC; symbolize with addr2line):
   0 caller=0x7cd3d6f010c2 calls=11421 total_ms=15748.319 avg_us=1378.891 max_us=140101
   1 caller=0x7cd3d6f0586c calls=9302 total_ms=3.599 avg_us=0.387 max_us=18
   2 caller=0x7cd3d6f0577c calls=3444 total_ms=2.932 avg_us=0.851 max_us=30
   3 caller=0x7cd3d6f0599d calls=3444 total_ms=1.349 avg_us=0.392 max_us=2
   4 caller=0x7cd3d6f04732 calls=689 total_ms=1.299 avg_us=1.885 max_us=17
direct_cudaStreamSynchronize: calls=12406 total_ms=56.175 max_us=2474
by_direct_callsite (file:line):
   0 /opt/llama.cpp/ggml/src/ggml-cuda/ggml-cuda.cu:839 calls=12053 total_ms=50.061 avg_us=4.153 max_us=355
   1 /opt/llama.cpp/ggml/src/ggml-cuda/ggml-cuda.cu:900 calls=12 total_ms=5.782 avg_us=481.833 max_us=2474
   2 /opt/llama.cpp/ggml/src/ggml-cuda/ggml-cuda.cu:2665 calls=191 total_ms=0.218 avg_us=1.141 max_us=6
   3 /opt/llama.cpp/ggml/src/ggml-cuda/ggml-cuda.cu:847 calls=150 total_ms=0.114 avg_us=0.760 max_us=2
=== END CUDA SYNC PROFILE ===
backend-sync-trace: count=28400 backend=CUDA0 caller=ggml_backend_sched_synchronize+0x52

=== CUDA SYNC PROFILE (instrumentation only) ===
total_syncs = 28400
total_wait_ms = 15792.454
max_wait_us = 140101
sites = 5
wait_hist_us = logarithmic buckets
  hist[0] = 26075
  hist[1] = 1203
  hist[2] = 55
  hist[3] = 25
  hist[4] = 8
  hist[9] = 193
  hist[10] = 406
  hist[11] = 90
  hist[14] = 116
  hist[15] = 201
  hist[16] = 27
  hist[17] = 1
by_callsite (caller PC; symbolize with addr2line):
   0 caller=0x7cd3d6f010c2 calls=11463 total_ms=15783.248 avg_us=1376.886 max_us=140101
   1 caller=0x7cd3d6f0586c calls=9333 total_ms=3.608 avg_us=0.387 max_us=18
   2 caller=0x7cd3d6f0577c calls=3456 total_ms=2.944 avg_us=0.852 max_us=30
   3 caller=0x7cd3d6f0599d calls=3456 total_ms=1.350 avg_us=0.391 max_us=2
   4 caller=0x7cd3d6f04732 calls=692 total_ms=1.304 avg_us=1.884 max_us=17
direct_cudaStreamSynchronize: calls=12447 total_ms=56.333 max_us=2474
by_direct_callsite (file:line):
   0 /opt/llama.cpp/ggml/src/ggml-cuda/ggml-cuda.cu:839 calls=12094 total_ms=50.219 avg_us=4.152 max_us=355
   1 /opt/llama.cpp/ggml/src/ggml-cuda/ggml-cuda.cu:900 calls=12 total_ms=5.782 avg_us=481.833 max_us=2474
   2 /opt/llama.cpp/ggml/src/ggml-cuda/ggml-cuda.cu:2665 calls=191 total_ms=0.218 avg_us=1.141 max_us=6
   3 /opt/llama.cpp/ggml/src/ggml-cuda/ggml-cuda.cu:847 calls=150 total_ms=0.114 avg_us=0.760 max_us=2
=== END CUDA SYNC PROFILE ===
backend-sync-trace: count=28500 backend=CUDA0 caller=ggml_backend_sched_graph_compute_async_ext+0xddc

=== CUDA SYNC PROFILE (instrumentation only) ===
total_syncs = 28500
total_wait_ms = 15838.390
max_wait_us = 140101
sites = 5
wait_hist_us = logarithmic buckets
  hist[0] = 26167
  hist[1] = 1207
  hist[2] = 55
  hist[3] = 25
  hist[4] = 8
  hist[9] = 193
  hist[10] = 408
  hist[11] = 91
  hist[14] = 116
  hist[15] = 202
  hist[16] = 27
  hist[17] = 1
by_callsite (caller PC; symbolize with addr2line):
   0 caller=0x7cd3d6f010c2 calls=11505 total_ms=15829.158 avg_us=1375.850 max_us=140101
   1 caller=0x7cd3d6f0586c calls=9364 total_ms=3.616 avg_us=0.386 max_us=18
   2 caller=0x7cd3d6f0577c calls=3469 total_ms=2.955 avg_us=0.852 max_us=30
   3 caller=0x7cd3d6f0599d calls=3468 total_ms=1.353 avg_us=0.390 max_us=2
   4 caller=0x7cd3d6f04732 calls=694 total_ms=1.308 avg_us=1.885 max_us=17
direct_cudaStreamSynchronize: calls=12488 total_ms=56.499 max_us=2474
by_direct_callsite (file:line):
   0 /opt/llama.cpp/ggml/src/ggml-cuda/ggml-cuda.cu:839 calls=12135 total_ms=50.385 avg_us=4.152 max_us=355
   1 /opt/llama.cpp/ggml/src/ggml-cuda/ggml-cuda.cu:900 calls=12 total_ms=5.782 avg_us=481.833 max_us=2474
   2 /opt/llama.cpp/ggml/src/ggml-cuda/ggml-cuda.cu:2665 calls=191 total_ms=0.218 avg_us=1.141 max_us=6
   3 /opt/llama.cpp/ggml/src/ggml-cuda/ggml-cuda.cu:847 calls=150 total_ms=0.114 avg_us=0.760 max_us=2
=== END CUDA SYNC PROFILE ===

=== CUDA SYNC PROFILE (instrumentation only) ===
total_syncs = 28516
total_wait_ms = 15838.410
max_wait_us = 140101
sites = 5
wait_hist_us = logarithmic buckets
  hist[0] = 26182
  hist[1] = 1207
  hist[2] = 55
  hist[3] = 25
  hist[4] = 9
  hist[9] = 193
  hist[10] = 408
  hist[11] = 91
  hist[14] = 116
  hist[15] = 202
  hist[16] = 27
  hist[17] = 1
by_callsite (caller PC; symbolize with addr2line):
   0 caller=0x7cd3d6f010c2 calls=11505 total_ms=15829.158 avg_us=1375.850 max_us=140101
   1 caller=0x7cd3d6f0586c calls=9373 total_ms=3.617 avg_us=0.386 max_us=18
   2 caller=0x7cd3d6f0577c calls=3472 total_ms=2.973 avg_us=0.856 max_us=30
   3 caller=0x7cd3d6f0599d calls=3472 total_ms=1.354 avg_us=0.390 max_us=2
   4 caller=0x7cd3d6f04732 calls=694 total_ms=1.308 avg_us=1.885 max_us=17
direct_cudaStreamSynchronize: calls=12500 total_ms=56.573 max_us=2474
by_direct_callsite (file:line):
   0 /opt/llama.cpp/ggml/src/ggml-cuda/ggml-cuda.cu:839 calls=12147 total_ms=50.459 avg_us=4.154 max_us=355
   1 /opt/llama.cpp/ggml/src/ggml-cuda/ggml-cuda.cu:900 calls=12 total_ms=5.782 avg_us=481.833 max_us=2474
   2 /opt/llama.cpp/ggml/src/ggml-cuda/ggml-cuda.cu:2665 calls=191 total_ms=0.218 avg_us=1.141 max_us=6
   3 /opt/llama.cpp/ggml/src/ggml-cuda/ggml-cuda.cu:847 calls=150 total_ms=0.114 avg_us=0.760 max_us=2
=== END CUDA SYNC PROFILE ===
backend-sync-trace: count=28600 backend=CUDA0 caller=ggml_backend_sched_graph_compute_async_ext+0xecc

=== CUDA SYNC PROFILE (instrumentation only) ===
total_syncs = 28600
total_wait_ms = 15884.122
max_wait_us = 140101
sites = 5
wait_hist_us = logarithmic buckets
  hist[0] = 26259
  hist[1] = 1211
  hist[2] = 55
  hist[3] = 25
  hist[4] = 9
  hist[9] = 193
  hist[10] = 408
  hist[11] = 93
  hist[14] = 116
  hist[15] = 203
  hist[16] = 27
  hist[17] = 1
by_callsite (caller PC; symbolize with addr2line):
   0 caller=0x7cd3d6f010c2 calls=11542 total_ms=15874.846 avg_us=1375.398 max_us=140101
   1 caller=0x7cd3d6f0586c calls=9398 total_ms=3.625 avg_us=0.386 max_us=18
   2 caller=0x7cd3d6f0577c calls=3482 total_ms=2.982 avg_us=0.856 max_us=30
   3 caller=0x7cd3d6f0599d calls=3482 total_ms=1.357 avg_us=0.390 max_us=2
   4 caller=0x7cd3d6f04732 calls=696 total_ms=1.312 avg_us=1.885 max_us=17
direct_cudaStreamSynchronize: calls=12532 total_ms=56.733 max_us=2474
by_direct_callsite (file:line):
   0 /opt/llama.cpp/ggml/src/ggml-cuda/ggml-cuda.cu:839 calls=12179 total_ms=50.619 avg_us=4.156 max_us=355
   1 /opt/llama.cpp/ggml/src/ggml-cuda/ggml-cuda.cu:900 calls=12 total_ms=5.782 avg_us=481.833 max_us=2474
   2 /opt/llama.cpp/ggml/src/ggml-cuda/ggml-cuda.cu:2665 calls=191 total_ms=0.218 avg_us=1.141 max_us=6
   3 /opt/llama.cpp/ggml/src/ggml-cuda/ggml-cuda.cu:847 calls=150 total_ms=0.114 avg_us=0.760 max_us=2
=== END CUDA SYNC PROFILE ===
backend-sync-trace: count=28700 backend=CUDA0 caller=ggml_backend_sched_graph_compute_async_ext+0xddc

=== CUDA SYNC PROFILE (instrumentation only) ===
total_syncs = 28700
total_wait_ms = 16053.608
max_wait_us = 140101
sites = 5
wait_hist_us = logarithmic buckets
  hist[0] = 26350
  hist[1] = 1215
  hist[2] = 56
  hist[3] = 25
  hist[4] = 9
  hist[9] = 193
  hist[10] = 409
  hist[11] = 94
  hist[14] = 116
  hist[15] = 203
  hist[16] = 29
  hist[17] = 1
by_callsite (caller PC; symbolize with addr2line):
   0 caller=0x7cd3d6f010c2 calls=11581 total_ms=16044.301 avg_us=1385.399 max_us=140101
   1 caller=0x7cd3d6f0586c calls=9433 total_ms=3.640 avg_us=0.386 max_us=18
   2 caller=0x7cd3d6f0577c calls=3494 total_ms=2.990 avg_us=0.856 max_us=30
   3 caller=0x7cd3d6f0599d calls=3493 total_ms=1.360 avg_us=0.389 max_us=2
   4 caller=0x7cd3d6f04732 calls=699 total_ms=1.317 avg_us=1.884 max_us=17
direct_cudaStreamSynchronize: calls=12577 total_ms=56.901 max_us=2474
by_direct_callsite (file:line):
   0 /opt/llama.cpp/ggml/src/ggml-cuda/ggml-cuda.cu:839 calls=12224 total_ms=50.787 avg_us=4.155 max_us=355
   1 /opt/llama.cpp/ggml/src/ggml-cuda/ggml-cuda.cu:900 calls=12 total_ms=5.782 avg_us=481.833 max_us=2474
   2 /opt/llama.cpp/ggml/src/ggml-cuda/ggml-cuda.cu:2665 calls=191 total_ms=0.218 avg_us=1.141 max_us=6
   3 /opt/llama.cpp/ggml/src/ggml-cuda/ggml-cuda.cu:847 calls=150 total_ms=0.114 avg_us=0.760 max_us=2
=== END CUDA SYNC PROFILE ===

=== CUDA SYNC PROFILE (instrumentation only) ===
total_syncs = 28769
total_wait_ms = 16057.458
max_wait_us = 140101
sites = 5
wait_hist_us = logarithmic buckets
  hist[0] = 26414
  hist[1] = 1218
  hist[2] = 56
  hist[3] = 25
  hist[4] = 9
  hist[9] = 193
  hist[10] = 410
  hist[11] = 95
  hist[14] = 116
  hist[15] = 203
  hist[16] = 29
  hist[17] = 1
by_callsite (caller PC; symbolize with addr2line):
   0 caller=0x7cd3d6f010c2 calls=11616 total_ms=16048.131 avg_us=1381.554 max_us=140101
   1 caller=0x7cd3d6f0586c calls=9449 total_ms=3.648 avg_us=0.386 max_us=18
   2 caller=0x7cd3d6f0577c calls=3502 total_ms=2.999 avg_us=0.856 max_us=30
   3 caller=0x7cd3d6f0599d calls=3502 total_ms=1.361 avg_us=0.389 max_us=2
   4 caller=0x7cd3d6f04732 calls=700 total_ms=1.319 avg_us=1.884 max_us=17
direct_cudaStreamSynchronize: calls=12600 total_ms=57.002 max_us=2474
by_direct_callsite (file:line):
   0 /opt/llama.cpp/ggml/src/ggml-cuda/ggml-cuda.cu:839 calls=12247 total_ms=50.888 avg_us=4.155 max_us=355
   1 /opt/llama.cpp/ggml/src/ggml-cuda/ggml-cuda.cu:900 calls=12 total_ms=5.782 avg_us=481.833 max_us=2474
   2 /opt/llama.cpp/ggml/src/ggml-cuda/ggml-cuda.cu:2665 calls=191 total_ms=0.218 avg_us=1.141 max_us=6
   3 /opt/llama.cpp/ggml/src/ggml-cuda/ggml-cuda.cu:847 calls=150 total_ms=0.114 avg_us=0.760 max_us=2
=== END CUDA SYNC PROFILE ===
backend-sync-trace: count=28800 backend=CUDA0 caller=ggml_backend_sched_synchronize+0x52

=== CUDA SYNC PROFILE (instrumentation only) ===
total_syncs = 28800
total_wait_ms = 16103.159
max_wait_us = 140101
sites = 5
wait_hist_us = logarithmic buckets
  hist[0] = 26443
  hist[1] = 1219
  hist[2] = 56
  hist[3] = 25
  hist[4] = 9
  hist[9] = 193
  hist[10] = 410
  hist[11] = 95
  hist[14] = 116
  hist[15] = 204
  hist[16] = 29
  hist[17] = 1
by_callsite (caller PC; symbolize with addr2line):
   0 caller=0x7cd3d6f010c2 calls=11627 total_ms=16093.820 avg_us=1384.176 max_us=140101
   1 caller=0x7cd3d6f0586c calls=9464 total_ms=3.656 avg_us=0.386 max_us=18
   2 caller=0x7cd3d6f0577c calls=3504 total_ms=3.000 avg_us=0.856 max_us=30
   3 caller=0x7cd3d6f0599d calls=3504 total_ms=1.362 avg_us=0.389 max_us=2
   4 caller=0x7cd3d6f04732 calls=701 total_ms=1.321 avg_us=1.884 max_us=17
direct_cudaStreamSynchronize: calls=12616 total_ms=57.056 max_us=2474
by_direct_callsite (file:line):
   0 /opt/llama.cpp/ggml/src/ggml-cuda/ggml-cuda.cu:839 calls=12263 total_ms=50.942 avg_us=4.154 max_us=355
   1 /opt/llama.cpp/ggml/src/ggml-cuda/ggml-cuda.cu:900 calls=12 total_ms=5.782 avg_us=481.833 max_us=2474
   2 /opt/llama.cpp/ggml/src/ggml-cuda/ggml-cuda.cu:2665 calls=191 total_ms=0.218 avg_us=1.141 max_us=6
   3 /opt/llama.cpp/ggml/src/ggml-cuda/ggml-cuda.cu:847 calls=150 total_ms=0.114 avg_us=0.760 max_us=2
=== END CUDA SYNC PROFILE ===
backend-sync-trace: count=28900 backend=CUDA0 caller=ggml_backend_sched_graph_compute_async_ext+0xecc

=== CUDA SYNC PROFILE (instrumentation only) ===
total_syncs = 28900
total_wait_ms = 16137.407
max_wait_us = 140101
sites = 5
wait_hist_us = logarithmic buckets
  hist[0] = 26536
  hist[1] = 1223
  hist[2] = 56
  hist[3] = 25
  hist[4] = 9
  hist[9] = 194
  hist[10] = 411
  hist[11] = 95
  hist[14] = 117
  hist[15] = 204
  hist[16] = 29
  hist[17] = 1
by_callsite (caller PC; symbolize with addr2line):
   0 caller=0x7cd3d6f010c2 calls=11670 total_ms=16128.038 avg_us=1382.008 max_us=140101
   1 caller=0x7cd3d6f0586c calls=9494 total_ms=3.668 avg_us=0.386 max_us=18
   2 caller=0x7cd3d6f0577c calls=3516 total_ms=3.011 avg_us=0.856 max_us=30
   3 caller=0x7cd3d6f0599d calls=3516 total_ms=1.363 avg_us=0.388 max_us=2
   4 caller=0x7cd3d6f04732 calls=704 total_ms=1.327 avg_us=1.885 max_us=17
direct_cudaStreamSynchronize: calls=12655 total_ms=57.208 max_us=2474
by_direct_callsite (file:line):
   0 /opt/llama.cpp/ggml/src/ggml-cuda/ggml-cuda.cu:839 calls=12302 total_ms=51.094 avg_us=4.153 max_us=355
   1 /opt/llama.cpp/ggml/src/ggml-cuda/ggml-cuda.cu:900 calls=12 total_ms=5.782 avg_us=481.833 max_us=2474
   2 /opt/llama.cpp/ggml/src/ggml-cuda/ggml-cuda.cu:2665 calls=191 total_ms=0.218 avg_us=1.141 max_us=6
   3 /opt/llama.cpp/ggml/src/ggml-cuda/ggml-cuda.cu:847 calls=150 total_ms=0.114 avg_us=0.760 max_us=2
=== END CUDA SYNC PROFILE ===
backend-sync-trace: count=29000 backend=CUDA0 caller=ggml_backend_sched_synchronize+0x52

=== CUDA SYNC PROFILE (instrumentation only) ===
total_syncs = 29000
total_wait_ms = 16182.518
max_wait_us = 140101
sites = 5
wait_hist_us = logarithmic buckets
  hist[0] = 26630
  hist[1] = 1224
  hist[2] = 56
  hist[3] = 25
  hist[4] = 9
  hist[9] = 195
  hist[10] = 414
  hist[11] = 95
  hist[14] = 117
  hist[15] = 205
  hist[16] = 29
  hist[17] = 1
by_callsite (caller PC; symbolize with addr2line):
   0 caller=0x7cd3d6f010c2 calls=11712 total_ms=16173.124 avg_us=1380.902 max_us=140101
   1 caller=0x7cd3d6f0586c calls=9526 total_ms=3.679 avg_us=0.386 max_us=18
   2 caller=0x7cd3d6f0577c calls=3528 total_ms=3.018 avg_us=0.855 max_us=30
   3 caller=0x7cd3d6f0599d calls=3528 total_ms=1.368 avg_us=0.388 max_us=2
   4 caller=0x7cd3d6f04732 calls=706 total_ms=1.329 avg_us=1.882 max_us=17
direct_cudaStreamSynchronize: calls=12698 total_ms=57.373 max_us=2474
by_direct_callsite (file:line):
   0 /opt/llama.cpp/ggml/src/ggml-cuda/ggml-cuda.cu:839 calls=12345 total_ms=51.259 avg_us=4.152 max_us=355
   1 /opt/llama.cpp/ggml/src/ggml-cuda/ggml-cuda.cu:900 calls=12 total_ms=5.782 avg_us=481.833 max_us=2474
   2 /opt/llama.cpp/ggml/src/ggml-cuda/ggml-cuda.cu:2665 calls=191 total_ms=0.218 avg_us=1.141 max_us=6
   3 /opt/llama.cpp/ggml/src/ggml-cuda/ggml-cuda.cu:847 calls=150 total_ms=0.114 avg_us=0.760 max_us=2
=== END CUDA SYNC PROFILE ===

=== CUDA SYNC PROFILE (instrumentation only) ===
total_syncs = 29007
total_wait_ms = 16182.523
max_wait_us = 140101
sites = 5
wait_hist_us = logarithmic buckets
  hist[0] = 26636
  hist[1] = 1225
  hist[2] = 56
  hist[3] = 25
  hist[4] = 9
  hist[9] = 195
  hist[10] = 414
  hist[11] = 95
  hist[14] = 117
  hist[15] = 205
  hist[16] = 29
  hist[17] = 1
by_callsite (caller PC; symbolize with addr2line):
   0 caller=0x7cd3d6f010c2 calls=11715 total_ms=16173.125 avg_us=1380.548 max_us=140101
   1 caller=0x7cd3d6f0586c calls=9526 total_ms=3.679 avg_us=0.386 max_us=18
   2 caller=0x7cd3d6f0577c calls=3530 total_ms=3.022 avg_us=0.856 max_us=30
   3 caller=0x7cd3d6f0599d calls=3530 total_ms=1.368 avg_us=0.388 max_us=2
   4 caller=0x7cd3d6f04732 calls=706 total_ms=1.329 avg_us=1.882 max_us=17
direct_cudaStreamSynchronize: calls=12700 total_ms=57.382 max_us=2474
by_direct_callsite (file:line):
   0 /opt/llama.cpp/ggml/src/ggml-cuda/ggml-cuda.cu:839 calls=12347 total_ms=51.268 avg_us=4.152 max_us=355
   1 /opt/llama.cpp/ggml/src/ggml-cuda/ggml-cuda.cu:900 calls=12 total_ms=5.782 avg_us=481.833 max_us=2474
   2 /opt/llama.cpp/ggml/src/ggml-cuda/ggml-cuda.cu:2665 calls=191 total_ms=0.218 avg_us=1.141 max_us=6
   3 /opt/llama.cpp/ggml/src/ggml-cuda/ggml-cuda.cu:847 calls=150 total_ms=0.114 avg_us=0.760 max_us=2
=== END CUDA SYNC PROFILE ===
backend-sync-trace: count=29100 backend=CUDA0 caller=ggml_backend_sched_graph_compute_async_ext+0xecc

=== CUDA SYNC PROFILE (instrumentation only) ===
total_syncs = 29100
total_wait_ms = 16223.565
max_wait_us = 140101
sites = 5
wait_hist_us = logarithmic buckets
  hist[0] = 26723
  hist[1] = 1228
  hist[2] = 56
  hist[3] = 25
  hist[4] = 9
  hist[9] = 196
  hist[10] = 415
  hist[11] = 95
  hist[14] = 117
  hist[15] = 206
  hist[16] = 29
  hist[17] = 1
by_callsite (caller PC; symbolize with addr2line):
   0 caller=0x7cd3d6f010c2 calls=11752 total_ms=16214.137 avg_us=1379.692 max_us=140101
   1 caller=0x7cd3d6f0586c calls=9556 total_ms=3.692 avg_us=0.386 max_us=18
   2 caller=0x7cd3d6f0577c calls=3542 total_ms=3.029 avg_us=0.855 max_us=30
   3 caller=0x7cd3d6f0599d calls=3542 total_ms=1.374 avg_us=0.388 max_us=2
   4 caller=0x7cd3d6f04732 calls=708 total_ms=1.333 avg_us=1.883 max_us=17
direct_cudaStreamSynchronize: calls=12738 total_ms=57.545 max_us=2474
by_direct_callsite (file:line):
   0 /opt/llama.cpp/ggml/src/ggml-cuda/ggml-cuda.cu:839 calls=12385 total_ms=51.431 avg_us=4.153 max_us=355
   1 /opt/llama.cpp/ggml/src/ggml-cuda/ggml-cuda.cu:900 calls=12 total_ms=5.782 avg_us=481.833 max_us=2474
   2 /opt/llama.cpp/ggml/src/ggml-cuda/ggml-cuda.cu:2665 calls=191 total_ms=0.218 avg_us=1.141 max_us=6
   3 /opt/llama.cpp/ggml/src/ggml-cuda/ggml-cuda.cu:847 calls=150 total_ms=0.114 avg_us=0.760 max_us=2
=== END CUDA SYNC PROFILE ===
backend-sync-trace: count=29200 backend=CUDA0 caller=ggml_backend_sched_synchronize+0x52

=== CUDA SYNC PROFILE (instrumentation only) ===
total_syncs = 29200
total_wait_ms = 16297.922
max_wait_us = 140101
sites = 5
wait_hist_us = logarithmic buckets
  hist[0] = 26815
  hist[1] = 1232
  hist[2] = 56
  hist[3] = 25
  hist[4] = 9
  hist[9] = 196
  hist[10] = 417
  hist[11] = 95
  hist[14] = 117
  hist[15] = 208
  hist[16] = 29
  hist[17] = 1
by_callsite (caller PC; symbolize with addr2line):
   0 caller=0x7cd3d6f010c2 calls=11791 total_ms=16288.471 avg_us=1381.433 max_us=140101
   1 caller=0x7cd3d6f0586c calls=9595 total_ms=3.704 avg_us=0.386 max_us=18
   2 caller=0x7cd3d6f0577c calls=3552 total_ms=3.035 avg_us=0.854 max_us=30
   3 caller=0x7cd3d6f0599d calls=3552 total_ms=1.376 avg_us=0.387 max_us=2
   4 caller=0x7cd3d6f04732 calls=710 total_ms=1.336 avg_us=1.882 max_us=17
direct_cudaStreamSynchronize: calls=12786 total_ms=57.742 max_us=2474
by_direct_callsite (file:line):
   0 /opt/llama.cpp/ggml/src/ggml-cuda/ggml-cuda.cu:839 calls=12433 total_ms=51.628 avg_us=4.152 max_us=355
   1 /opt/llama.cpp/ggml/src/ggml-cuda/ggml-cuda.cu:900 calls=12 total_ms=5.782 avg_us=481.833 max_us=2474
   2 /opt/llama.cpp/ggml/src/ggml-cuda/ggml-cuda.cu:2665 calls=191 total_ms=0.218 avg_us=1.141 max_us=6
   3 /opt/llama.cpp/ggml/src/ggml-cuda/ggml-cuda.cu:847 calls=150 total_ms=0.114 avg_us=0.760 max_us=2
=== END CUDA SYNC PROFILE ===

=== CUDA SYNC PROFILE (instrumentation only) ===
total_syncs = 29239
total_wait_ms = 16298.882
max_wait_us = 140101
sites = 5
wait_hist_us = logarithmic buckets
  hist[0] = 26851
  hist[1] = 1234
  hist[2] = 56
  hist[3] = 25
  hist[4] = 9
  hist[9] = 197
  hist[10] = 417
  hist[11] = 95
  hist[14] = 117
  hist[15] = 208
  hist[16] = 29
  hist[17] = 1
by_callsite (caller PC; symbolize with addr2line):
   0 caller=0x7cd3d6f010c2 calls=11807 total_ms=16289.420 avg_us=1379.641 max_us=140101
   1 caller=0x7cd3d6f0586c calls=9604 total_ms=3.707 avg_us=0.386 max_us=18
   2 caller=0x7cd3d6f0577c calls=3558 total_ms=3.039 avg_us=0.854 max_us=30
   3 caller=0x7cd3d6f0599d calls=3558 total_ms=1.376 avg_us=0.387 max_us=2
   4 caller=0x7cd3d6f04732 calls=712 total_ms=1.340 avg_us=1.882 max_us=17
direct_cudaStreamSynchronize: calls=12800 total_ms=57.797 max_us=2474
by_direct_callsite (file:line):
   0 /opt/llama.cpp/ggml/src/ggml-cuda/ggml-cuda.cu:839 calls=12447 total_ms=51.683 avg_us=4.152 max_us=355
   1 /opt/llama.cpp/ggml/src/ggml-cuda/ggml-cuda.cu:900 calls=12 total_ms=5.782 avg_us=481.833 max_us=2474
   2 /opt/llama.cpp/ggml/src/ggml-cuda/ggml-cuda.cu:2665 calls=191 total_ms=0.218 avg_us=1.141 max_us=6
   3 /opt/llama.cpp/ggml/src/ggml-cuda/ggml-cuda.cu:847 calls=150 total_ms=0.114 avg_us=0.760 max_us=2
=== END CUDA SYNC PROFILE ===
backend-sync-trace: count=29300 backend=CUDA0 caller=ggml_backend_sched_synchronize+0x52

=== CUDA SYNC PROFILE (instrumentation only) ===
total_syncs = 29300
total_wait_ms = 16335.812
max_wait_us = 140101
sites = 5
wait_hist_us = logarithmic buckets
  hist[0] = 26907
  hist[1] = 1237
  hist[2] = 56
  hist[3] = 25
  hist[4] = 9
  hist[9] = 198
  hist[10] = 417
  hist[11] = 95
  hist[14] = 117
  hist[15] = 209
  hist[16] = 29
  hist[17] = 1
by_callsite (caller PC; symbolize with addr2line):
   0 caller=0x7cd3d6f010c2 calls=11833 total_ms=16326.330 avg_us=1379.729 max_us=140101
   1 caller=0x7cd3d6f0586c calls=9626 total_ms=3.717 avg_us=0.386 max_us=18
   2 caller=0x7cd3d6f0577c calls=3564 total_ms=3.045 avg_us=0.854 max_us=30
   3 caller=0x7cd3d6f0599d calls=3564 total_ms=1.378 avg_us=0.387 max_us=2
   4 caller=0x7cd3d6f04732 calls=713 total_ms=1.342 avg_us=1.882 max_us=17
direct_cudaStreamSynchronize: calls=12826 total_ms=57.905 max_us=2474
by_direct_callsite (file:line):
   0 /opt/llama.cpp/ggml/src/ggml-cuda/ggml-cuda.cu:839 calls=12473 total_ms=51.791 avg_us=4.152 max_us=355
   1 /opt/llama.cpp/ggml/src/ggml-cuda/ggml-cuda.cu:900 calls=12 total_ms=5.782 avg_us=481.833 max_us=2474
   2 /opt/llama.cpp/ggml/src/ggml-cuda/ggml-cuda.cu:2665 calls=191 total_ms=0.218 avg_us=1.141 max_us=6
   3 /opt/llama.cpp/ggml/src/ggml-cuda/ggml-cuda.cu:847 calls=150 total_ms=0.114 avg_us=0.760 max_us=2
=== END CUDA SYNC PROFILE ===
backend-sync-trace: count=29400 backend=CUDA0 caller=ggml_backend_sched_graph_compute_async_ext+0xecc

=== CUDA SYNC PROFILE (instrumentation only) ===
total_syncs = 29400
total_wait_ms = 16382.956
max_wait_us = 140101
sites = 5
wait_hist_us = logarithmic buckets
  hist[0] = 26999
  hist[1] = 1241
  hist[2] = 56
  hist[3] = 25
  hist[4] = 9
  hist[9] = 199
  hist[10] = 419
  hist[11] = 95
  hist[14] = 117
  hist[15] = 210
  hist[16] = 29
  hist[17] = 1
by_callsite (caller PC; symbolize with addr2line):
   0 caller=0x7cd3d6f010c2 calls=11869 total_ms=16373.445 avg_us=1379.513 max_us=140101
   1 caller=0x7cd3d6f0586c calls=9659 total_ms=3.726 avg_us=0.386 max_us=18
   2 caller=0x7cd3d6f0577c calls=3578 total_ms=3.053 avg_us=0.853 max_us=30
   3 caller=0x7cd3d6f0599d calls=3578 total_ms=1.384 avg_us=0.387 max_us=2
   4 caller=0x7cd3d6f04732 calls=716 total_ms=1.348 avg_us=1.883 max_us=17
direct_cudaStreamSynchronize: calls=12870 total_ms=58.077 max_us=2474
by_direct_callsite (file:line):
   0 /opt/llama.cpp/ggml/src/ggml-cuda/ggml-cuda.cu:839 calls=12517 total_ms=51.963 avg_us=4.151 max_us=355
   1 /opt/llama.cpp/ggml/src/ggml-cuda/ggml-cuda.cu:900 calls=12 total_ms=5.782 avg_us=481.833 max_us=2474
   2 /opt/llama.cpp/ggml/src/ggml-cuda/ggml-cuda.cu:2665 calls=191 total_ms=0.218 avg_us=1.141 max_us=6
   3 /opt/llama.cpp/ggml/src/ggml-cuda/ggml-cuda.cu:847 calls=150 total_ms=0.114 avg_us=0.760 max_us=2
=== END CUDA SYNC PROFILE ===

=== CUDA SYNC PROFILE (instrumentation only) ===
total_syncs = 29471
total_wait_ms = 16435.646
max_wait_us = 140101
sites = 5
wait_hist_us = logarithmic buckets
  hist[0] = 27065
  hist[1] = 1244
  hist[2] = 56
  hist[3] = 25
  hist[4] = 9
  hist[9] = 200
  hist[10] = 419
  hist[11] = 95
  hist[14] = 117
  hist[15] = 211
  hist[16] = 29
  hist[17] = 1
by_callsite (caller PC; symbolize with addr2line):
   0 caller=0x7cd3d6f010c2 calls=11899 total_ms=16426.113 avg_us=1380.462 max_us=140101
   1 caller=0x7cd3d6f0586c calls=9682 total_ms=3.737 avg_us=0.386 max_us=18
   2 caller=0x7cd3d6f0577c calls=3586 total_ms=3.058 avg_us=0.853 max_us=30
   3 caller=0x7cd3d6f0599d calls=3586 total_ms=1.386 avg_us=0.387 max_us=2
   4 caller=0x7cd3d6f04732 calls=718 total_ms=1.352 avg_us=1.883 max_us=17
direct_cudaStreamSynchronize: calls=12900 total_ms=58.201 max_us=2474
by_direct_callsite (file:line):
   0 /opt/llama.cpp/ggml/src/ggml-cuda/ggml-cuda.cu:839 calls=12547 total_ms=52.087 avg_us=4.151 max_us=355
   1 /opt/llama.cpp/ggml/src/ggml-cuda/ggml-cuda.cu:900 calls=12 total_ms=5.782 avg_us=481.833 max_us=2474
   2 /opt/llama.cpp/ggml/src/ggml-cuda/ggml-cuda.cu:2665 calls=191 total_ms=0.218 avg_us=1.141 max_us=6
   3 /opt/llama.cpp/ggml/src/ggml-cuda/ggml-cuda.cu:847 calls=150 total_ms=0.114 avg_us=0.760 max_us=2
=== END CUDA SYNC PROFILE ===
backend-sync-trace: count=29500 backend=CUDA0 caller=ggml_backend_sched_graph_compute_async_ext+0xddc

=== CUDA SYNC PROFILE (instrumentation only) ===
total_syncs = 29500
total_wait_ms = 16437.800
max_wait_us = 140101
sites = 5
wait_hist_us = logarithmic buckets
  hist[0] = 27091
  hist[1] = 1245
  hist[2] = 56
  hist[3] = 25
  hist[4] = 9
  hist[9] = 201
  hist[10] = 420
  hist[11] = 95
  hist[14] = 117
  hist[15] = 211
  hist[16] = 29
  hist[17] = 1
by_callsite (caller PC; symbolize with addr2line):
   0 caller=0x7cd3d6f010c2 calls=11913 total_ms=16428.259 avg_us=1379.019 max_us=140101
   1 caller=0x7cd3d6f0586c calls=9688 total_ms=3.739 avg_us=0.386 max_us=18
   2 caller=0x7cd3d6f0577c calls=3591 total_ms=3.063 avg_us=0.853 max_us=30
   3 caller=0x7cd3d6f0599d calls=3590 total_ms=1.387 avg_us=0.386 max_us=2
   4 caller=0x7cd3d6f04732 calls=718 total_ms=1.352 avg_us=1.883 max_us=17
direct_cudaStreamSynchronize: calls=12910 total_ms=58.231 max_us=2474
by_direct_callsite (file:line):
   0 /opt/llama.cpp/ggml/src/ggml-cuda/ggml-cuda.cu:839 calls=12557 total_ms=52.117 avg_us=4.150 max_us=355
   1 /opt/llama.cpp/ggml/src/ggml-cuda/ggml-cuda.cu:900 calls=12 total_ms=5.782 avg_us=481.833 max_us=2474
   2 /opt/llama.cpp/ggml/src/ggml-cuda/ggml-cuda.cu:2665 calls=191 total_ms=0.218 avg_us=1.141 max_us=6
   3 /opt/llama.cpp/ggml/src/ggml-cuda/ggml-cuda.cu:847 calls=150 total_ms=0.114 avg_us=0.760 max_us=2
=== END CUDA SYNC PROFILE ===
backend-sync-trace: count=29600 backend=CUDA0 caller=ggml_backend_sched_graph_compute_async_ext+0xecc

=== CUDA SYNC PROFILE (instrumentation only) ===
total_syncs = 29600
total_wait_ms = 16479.226
max_wait_us = 140101
sites = 5
wait_hist_us = logarithmic buckets
  hist[0] = 27185
  hist[1] = 1248
  hist[2] = 56
  hist[3] = 25
  hist[4] = 9
  hist[9] = 202
  hist[10] = 421
  hist[11] = 95
  hist[14] = 117
  hist[15] = 212
  hist[16] = 29
  hist[17] = 1
by_callsite (caller PC; symbolize with addr2line):
   0 caller=0x7cd3d6f010c2 calls=11950 total_ms=16469.653 avg_us=1378.214 max_us=140101
   1 caller=0x7cd3d6f0586c calls=9726 total_ms=3.755 avg_us=0.386 max_us=18
   2 caller=0x7cd3d6f0577c calls=3602 total_ms=3.073 avg_us=0.853 max_us=30
   3 caller=0x7cd3d6f0599d calls=3602 total_ms=1.389 avg_us=0.386 max_us=2
   4 caller=0x7cd3d6f04732 calls=720 total_ms=1.356 avg_us=1.883 max_us=17
direct_cudaStreamSynchronize: calls=12956 total_ms=58.476 max_us=2474
by_direct_callsite (file:line):
   0 /opt/llama.cpp/ggml/src/ggml-cuda/ggml-cuda.cu:839 calls=12603 total_ms=52.362 avg_us=4.155 max_us=355
   1 /opt/llama.cpp/ggml/src/ggml-cuda/ggml-cuda.cu:900 calls=12 total_ms=5.782 avg_us=481.833 max_us=2474
   2 /opt/llama.cpp/ggml/src/ggml-cuda/ggml-cuda.cu:2665 calls=191 total_ms=0.218 avg_us=1.141 max_us=6
   3 /opt/llama.cpp/ggml/src/ggml-cuda/ggml-cuda.cu:847 calls=150 total_ms=0.114 avg_us=0.760 max_us=2
=== END CUDA SYNC PROFILE ===

=== CUDA SYNC PROFILE (instrumentation only) ===
total_syncs = 29687
total_wait_ms = 16545.613
max_wait_us = 140101
sites = 5
wait_hist_us = logarithmic buckets
  hist[0] = 27262
  hist[1] = 1253
  hist[2] = 57
  hist[3] = 25
  hist[4] = 9
  hist[9] = 202
  hist[10] = 423
  hist[11] = 95
  hist[14] = 118
  hist[15] = 213
  hist[16] = 29
  hist[17] = 1
by_callsite (caller PC; symbolize with addr2line):
   0 caller=0x7cd3d6f010c2 calls=11977 total_ms=16536.007 avg_us=1380.647 max_us=140101
   1 caller=0x7cd3d6f0586c calls=9759 total_ms=3.768 avg_us=0.386 max_us=18
   2 caller=0x7cd3d6f0577c calls=3614 total_ms=3.081 avg_us=0.853 max_us=30
   3 caller=0x7cd3d6f0599d calls=3614 total_ms=1.395 avg_us=0.386 max_us=2
   4 caller=0x7cd3d6f04732 calls=723 total_ms=1.362 avg_us=1.884 max_us=17
direct_cudaStreamSynchronize: calls=13000 total_ms=58.649 max_us=2474
by_direct_callsite (file:line):
   0 /opt/llama.cpp/ggml/src/ggml-cuda/ggml-cuda.cu:839 calls=12647 total_ms=52.535 avg_us=4.154 max_us=355
   1 /opt/llama.cpp/ggml/src/ggml-cuda/ggml-cuda.cu:900 calls=12 total_ms=5.782 avg_us=481.833 max_us=2474
   2 /opt/llama.cpp/ggml/src/ggml-cuda/ggml-cuda.cu:2665 calls=191 total_ms=0.218 avg_us=1.141 max_us=6
   3 /opt/llama.cpp/ggml/src/ggml-cuda/ggml-cuda.cu:847 calls=150 total_ms=0.114 avg_us=0.760 max_us=2
=== END CUDA SYNC PROFILE ===
backend-sync-trace: count=29700 backend=CUDA0 caller=ggml_backend_sched_synchronize+0x52

=== CUDA SYNC PROFILE (instrumentation only) ===
total_syncs = 29700
total_wait_ms = 16545.622
max_wait_us = 140101
sites = 5
wait_hist_us = logarithmic buckets
  hist[0] = 27274
  hist[1] = 1254
  hist[2] = 57
  hist[3] = 25
  hist[4] = 9
  hist[9] = 202
  hist[10] = 423
  hist[11] = 95
  hist[14] = 118
  hist[15] = 213
  hist[16] = 29
  hist[17] = 1
by_callsite (caller PC; symbolize with addr2line):
   0 caller=0x7cd3d6f010c2 calls=11988 total_ms=16536.016 avg_us=1379.381 max_us=140101
   1 caller=0x7cd3d6f0586c calls=9761 total_ms=3.768 avg_us=0.386 max_us=18
   2 caller=0x7cd3d6f0577c calls=3614 total_ms=3.081 avg_us=0.853 max_us=30
   3 caller=0x7cd3d6f0599d calls=3614 total_ms=1.395 avg_us=0.386 max_us=2
   4 caller=0x7cd3d6f04732 calls=723 total_ms=1.362 avg_us=1.884 max_us=17
direct_cudaStreamSynchronize: calls=13001 total_ms=58.652 max_us=2474
by_direct_callsite (file:line):
   0 /opt/llama.cpp/ggml/src/ggml-cuda/ggml-cuda.cu:839 calls=12648 total_ms=52.538 avg_us=4.154 max_us=355
   1 /opt/llama.cpp/ggml/src/ggml-cuda/ggml-cuda.cu:900 calls=12 total_ms=5.782 avg_us=481.833 max_us=2474
   2 /opt/llama.cpp/ggml/src/ggml-cuda/ggml-cuda.cu:2665 calls=191 total_ms=0.218 avg_us=1.141 max_us=6
   3 /opt/llama.cpp/ggml/src/ggml-cuda/ggml-cuda.cu:847 calls=150 total_ms=0.114 avg_us=0.760 max_us=2
=== END CUDA SYNC PROFILE ===
backend-sync-trace: count=29800 backend=CUDA0 caller=ggml_backend_sched_synchronize+0x52

=== CUDA SYNC PROFILE (instrumentation only) ===
total_syncs = 29800
total_wait_ms = 16606.693
max_wait_us = 140101
sites = 5
wait_hist_us = logarithmic buckets
  hist[0] = 27366
  hist[1] = 1258
  hist[2] = 57
  hist[3] = 25
  hist[4] = 9
  hist[9] = 202
  hist[10] = 425
  hist[11] = 96
  hist[14] = 118
  hist[15] = 214
  hist[16] = 29
  hist[17] = 1
by_callsite (caller PC; symbolize with addr2line):
   0 caller=0x7cd3d6f010c2 calls=12030 total_ms=16597.050 avg_us=1379.638 max_us=140101
   1 caller=0x7cd3d6f0586c calls=9792 total_ms=3.782 avg_us=0.386 max_us=18
   2 caller=0x7cd3d6f0577c calls=3626 total_ms=3.092 avg_us=0.853 max_us=30
   3 caller=0x7cd3d6f0599d calls=3626 total_ms=1.402 avg_us=0.387 max_us=2
   4 caller=0x7cd3d6f04732 calls=726 total_ms=1.367 avg_us=1.883 max_us=17
direct_cudaStreamSynchronize: calls=13042 total_ms=58.813 max_us=2474
by_direct_callsite (file:line):
   0 /opt/llama.cpp/ggml/src/ggml-cuda/ggml-cuda.cu:839 calls=12689 total_ms=52.699 avg_us=4.153 max_us=355
   1 /opt/llama.cpp/ggml/src/ggml-cuda/ggml-cuda.cu:900 calls=12 total_ms=5.782 avg_us=481.833 max_us=2474
   2 /opt/llama.cpp/ggml/src/ggml-cuda/ggml-cuda.cu:2665 calls=191 total_ms=0.218 avg_us=1.141 max_us=6
   3 /opt/llama.cpp/ggml/src/ggml-cuda/ggml-cuda.cu:847 calls=150 total_ms=0.114 avg_us=0.760 max_us=2
=== END CUDA SYNC PROFILE ===
backend-sync-trace: count=29900 backend=CUDA0 caller=ggml_backend_sched_graph_compute_async_ext+0xecc

=== CUDA SYNC PROFILE (instrumentation only) ===
total_syncs = 29900
total_wait_ms = 16656.183
max_wait_us = 140101
sites = 5
wait_hist_us = logarithmic buckets
  hist[0] = 27461
  hist[1] = 1260
  hist[2] = 57
  hist[3] = 25
  hist[4] = 9
  hist[9] = 202
  hist[10] = 427
  hist[11] = 96
  hist[14] = 118
  hist[15] = 215
  hist[16] = 29
  hist[17] = 1
by_callsite (caller PC; symbolize with addr2line):
   0 caller=0x7cd3d6f010c2 calls=12073 total_ms=16646.517 avg_us=1378.822 max_us=140101
   1 caller=0x7cd3d6f0586c calls=9823 total_ms=3.790 avg_us=0.386 max_us=18
   2 caller=0x7cd3d6f0577c calls=3638 total_ms=3.102 avg_us=0.853 max_us=30
   3 caller=0x7cd3d6f0599d calls=3638 total_ms=1.404 avg_us=0.386 max_us=2
   4 caller=0x7cd3d6f04732 calls=728 total_ms=1.370 avg_us=1.882 max_us=17
direct_cudaStreamSynchronize: calls=13082 total_ms=58.971 max_us=2474
by_direct_callsite (file:line):
   0 /opt/llama.cpp/ggml/src/ggml-cuda/ggml-cuda.cu:839 calls=12729 total_ms=52.857 avg_us=4.152 max_us=355
   1 /opt/llama.cpp/ggml/src/ggml-cuda/ggml-cuda.cu:900 calls=12 total_ms=5.782 avg_us=481.833 max_us=2474
   2 /opt/llama.cpp/ggml/src/ggml-cuda/ggml-cuda.cu:2665 calls=191 total_ms=0.218 avg_us=1.141 max_us=6
   3 /opt/llama.cpp/ggml/src/ggml-cuda/ggml-cuda.cu:847 calls=150 total_ms=0.114 avg_us=0.760 max_us=2
=== END CUDA SYNC PROFILE ===

=== CUDA SYNC PROFILE (instrumentation only) ===
total_syncs = 29929
total_wait_ms = 16657.758
max_wait_us = 140101
sites = 5
wait_hist_us = logarithmic buckets
  hist[0] = 27488
  hist[1] = 1261
  hist[2] = 57
  hist[3] = 25
  hist[4] = 9
  hist[9] = 202
  hist[10] = 428
  hist[11] = 96
  hist[14] = 118
  hist[15] = 215
  hist[16] = 29
  hist[17] = 1
by_callsite (caller PC; symbolize with addr2line):
   0 caller=0x7cd3d6f010c2 calls=12080 total_ms=16648.083 avg_us=1378.153 max_us=140101
   1 caller=0x7cd3d6f0586c calls=9837 total_ms=3.795 avg_us=0.386 max_us=18
   2 caller=0x7cd3d6f0577c calls=3642 total_ms=3.106 avg_us=0.853 max_us=30
   3 caller=0x7cd3d6f0599d calls=3642 total_ms=1.404 avg_us=0.386 max_us=2
   4 caller=0x7cd3d6f04732 calls=728 total_ms=1.370 avg_us=1.882 max_us=17
direct_cudaStreamSynchronize: calls=13100 total_ms=59.049 max_us=2474
by_direct_callsite (file:line):
   0 /opt/llama.cpp/ggml/src/ggml-cuda/ggml-cuda.cu:839 calls=12747 total_ms=52.935 avg_us=4.153 max_us=355
   1 /opt/llama.cpp/ggml/src/ggml-cuda/ggml-cuda.cu:900 calls=12 total_ms=5.782 avg_us=481.833 max_us=2474
   2 /opt/llama.cpp/ggml/src/ggml-cuda/ggml-cuda.cu:2665 calls=191 total_ms=0.218 avg_us=1.141 max_us=6
   3 /opt/llama.cpp/ggml/src/ggml-cuda/ggml-cuda.cu:847 calls=150 total_ms=0.114 avg_us=0.760 max_us=2
=== END CUDA SYNC PROFILE ===
backend-sync-trace: count=30000 backend=CUDA0 caller=ggml_backend_sched_graph_compute_async_ext+0xddc

=== CUDA SYNC PROFILE (instrumentation only) ===
total_syncs = 30000
total_wait_ms = 16708.732
max_wait_us = 140101
sites = 5
wait_hist_us = logarithmic buckets
  hist[0] = 27551
  hist[1] = 1266
  hist[2] = 57
  hist[3] = 25
  hist[4] = 9
  hist[9] = 203
  hist[10] = 429
  hist[11] = 96
  hist[14] = 118
  hist[15] = 216
  hist[16] = 29
  hist[17] = 1
by_callsite (caller PC; symbolize with addr2line):
   0 caller=0x7cd3d6f010c2 calls=12117 total_ms=16699.038 avg_us=1378.150 max_us=140101
   1 caller=0x7cd3d6f0586c calls=9850 total_ms=3.798 avg_us=0.386 max_us=18
   2 caller=0x7cd3d6f0577c calls=3652 total_ms=3.112 avg_us=0.852 max_us=30
   3 caller=0x7cd3d6f0599d calls=3651 total_ms=1.410 avg_us=0.386 max_us=2
   4 caller=0x7cd3d6f04732 calls=730 total_ms=1.374 avg_us=1.882 max_us=17
direct_cudaStreamSynchronize: calls=13120 total_ms=59.127 max_us=2474
by_direct_callsite (file:line):
   0 /opt/llama.cpp/ggml/src/ggml-cuda/ggml-cuda.cu:839 calls=12767 total_ms=53.013 avg_us=4.152 max_us=355
   1 /opt/llama.cpp/ggml/src/ggml-cuda/ggml-cuda.cu:900 calls=12 total_ms=5.782 avg_us=481.833 max_us=2474
   2 /opt/llama.cpp/ggml/src/ggml-cuda/ggml-cuda.cu:2665 calls=191 total_ms=0.218 avg_us=1.141 max_us=6
   3 /opt/llama.cpp/ggml/src/ggml-cuda/ggml-cuda.cu:847 calls=150 total_ms=0.114 avg_us=0.760 max_us=2
=== END CUDA SYNC PROFILE ===
backend-sync-trace: count=30100 backend=CUDA0 caller=ggml_backend_sched_graph_compute_async_ext+0xecc

=== CUDA SYNC PROFILE (instrumentation only) ===
total_syncs = 30100
total_wait_ms = 16749.698
max_wait_us = 140101
sites = 5
wait_hist_us = logarithmic buckets
  hist[0] = 27644
  hist[1] = 1270
  hist[2] = 57
  hist[3] = 25
  hist[4] = 9
  hist[9] = 204
  hist[10] = 430
  hist[11] = 96
  hist[14] = 118
  hist[15] = 217
  hist[16] = 29
  hist[17] = 1
by_callsite (caller PC; symbolize with addr2line):
   0 caller=0x7cd3d6f010c2 calls=12154 total_ms=16739.972 avg_us=1377.322 max_us=140101
   1 caller=0x7cd3d6f0586c calls=9890 total_ms=3.813 avg_us=0.386 max_us=18
   2 caller=0x7cd3d6f0577c calls=3662 total_ms=3.121 avg_us=0.852 max_us=30
   3 caller=0x7cd3d6f0599d calls=3662 total_ms=1.414 avg_us=0.386 max_us=2
   4 caller=0x7cd3d6f04732 calls=732 total_ms=1.378 avg_us=1.883 max_us=17
direct_cudaStreamSynchronize: calls=13168 total_ms=59.326 max_us=2474
by_direct_callsite (file:line):
   0 /opt/llama.cpp/ggml/src/ggml-cuda/ggml-cuda.cu:839 calls=12815 total_ms=53.212 avg_us=4.152 max_us=355
   1 /opt/llama.cpp/ggml/src/ggml-cuda/ggml-cuda.cu:900 calls=12 total_ms=5.782 avg_us=481.833 max_us=2474
   2 /opt/llama.cpp/ggml/src/ggml-cuda/ggml-cuda.cu:2665 calls=191 total_ms=0.218 avg_us=1.141 max_us=6
   3 /opt/llama.cpp/ggml/src/ggml-cuda/ggml-cuda.cu:847 calls=150 total_ms=0.114 avg_us=0.760 max_us=2
=== END CUDA SYNC PROFILE ===

=== CUDA SYNC PROFILE (instrumentation only) ===
total_syncs = 30170
total_wait_ms = 16798.669
max_wait_us = 140101
sites = 5
wait_hist_us = logarithmic buckets
  hist[0] = 27708
  hist[1] = 1273
  hist[2] = 57
  hist[3] = 25
  hist[4] = 9
  hist[9] = 206
  hist[10] = 430
  hist[11] = 96
  hist[14] = 118
  hist[15] = 218
  hist[16] = 29
  hist[17] = 1
by_callsite (caller PC; symbolize with addr2line):
   0 caller=0x7cd3d6f010c2 calls=12179 total_ms=16788.918 avg_us=1378.514 max_us=140101
   1 caller=0x7cd3d6f0586c calls=9913 total_ms=3.822 avg_us=0.386 max_us=18
   2 caller=0x7cd3d6f0577c calls=3672 total_ms=3.128 avg_us=0.852 max_us=30
   3 caller=0x7cd3d6f0599d calls=3672 total_ms=1.419 avg_us=0.386 max_us=2
   4 caller=0x7cd3d6f04732 calls=734 total_ms=1.382 avg_us=1.883 max_us=17
direct_cudaStreamSynchronize: calls=13200 total_ms=59.456 max_us=2474
by_direct_callsite (file:line):
   0 /opt/llama.cpp/ggml/src/ggml-cuda/ggml-cuda.cu:839 calls=12847 total_ms=53.342 avg_us=4.152 max_us=355
   1 /opt/llama.cpp/ggml/src/ggml-cuda/ggml-cuda.cu:900 calls=12 total_ms=5.782 avg_us=481.833 max_us=2474
   2 /opt/llama.cpp/ggml/src/ggml-cuda/ggml-cuda.cu:2665 calls=191 total_ms=0.218 avg_us=1.141 max_us=6
   3 /opt/llama.cpp/ggml/src/ggml-cuda/ggml-cuda.cu:847 calls=150 total_ms=0.114 avg_us=0.760 max_us=2
=== END CUDA SYNC PROFILE ===
backend-sync-trace: count=30200 backend=CUDA0 caller=ggml_backend_sched_synchronize+0x52

=== CUDA SYNC PROFILE (instrumentation only) ===
total_syncs = 30200
total_wait_ms = 16834.616
max_wait_us = 140101
sites = 5
wait_hist_us = logarithmic buckets
  hist[0] = 27737
  hist[1] = 1273
  hist[2] = 57
  hist[3] = 25
  hist[4] = 9
  hist[9] = 206
  hist[10] = 430
  hist[11] = 96
  hist[14] = 118
  hist[15] = 219
  hist[16] = 29
  hist[17] = 1
by_callsite (caller PC; symbolize with addr2line):
   0 caller=0x7cd3d6f010c2 calls=12194 total_ms=16824.857 avg_us=1379.765 max_us=140101
   1 caller=0x7cd3d6f0586c calls=9923 total_ms=3.826 avg_us=0.386 max_us=18
   2 caller=0x7cd3d6f0577c calls=3674 total_ms=3.129 avg_us=0.852 max_us=30
   3 caller=0x7cd3d6f0599d calls=3674 total_ms=1.421 avg_us=0.387 max_us=2
   4 caller=0x7cd3d6f04732 calls=735 total_ms=1.383 avg_us=1.882 max_us=17
direct_cudaStreamSynchronize: calls=13211 total_ms=59.497 max_us=2474
by_direct_callsite (file:line):
   0 /opt/llama.cpp/ggml/src/ggml-cuda/ggml-cuda.cu:839 calls=12858 total_ms=53.383 avg_us=4.152 max_us=355
   1 /opt/llama.cpp/ggml/src/ggml-cuda/ggml-cuda.cu:900 calls=12 total_ms=5.782 avg_us=481.833 max_us=2474
   2 /opt/llama.cpp/ggml/src/ggml-cuda/ggml-cuda.cu:2665 calls=191 total_ms=0.218 avg_us=1.141 max_us=6
   3 /opt/llama.cpp/ggml/src/ggml-cuda/ggml-cuda.cu:847 calls=150 total_ms=0.114 avg_us=0.760 max_us=2
=== END CUDA SYNC PROFILE ===
backend-sync-trace: count=30300 backend=CUDA0 caller=ggml_backend_sched_graph_compute_async_ext+0xecc

=== CUDA SYNC PROFILE (instrumentation only) ===
total_syncs = 30300
total_wait_ms = 16871.735
max_wait_us = 140101
sites = 5
wait_hist_us = logarithmic buckets
  hist[0] = 27830
  hist[1] = 1277
  hist[2] = 57
  hist[3] = 25
  hist[4] = 9
  hist[9] = 207
  hist[10] = 431
  hist[11] = 96
  hist[14] = 118
  hist[15] = 220
  hist[16] = 29
  hist[17] = 1
by_callsite (caller PC; symbolize with addr2line):
   0 caller=0x7cd3d6f010c2 calls=12239 total_ms=16861.947 avg_us=1377.723 max_us=140101
   1 caller=0x7cd3d6f0586c calls=9951 total_ms=3.839 avg_us=0.386 max_us=18
   2 caller=0x7cd3d6f0577c calls=3686 total_ms=3.138 avg_us=0.851 max_us=30
   3 caller=0x7cd3d6f0599d calls=3686 total_ms=1.423 avg_us=0.386 max_us=2
   4 caller=0x7cd3d6f04732 calls=738 total_ms=1.388 avg_us=1.881 max_us=17
direct_cudaStreamSynchronize: calls=13248 total_ms=59.644 max_us=2474
by_direct_callsite (file:line):
   0 /opt/llama.cpp/ggml/src/ggml-cuda/ggml-cuda.cu:839 calls=12895 total_ms=53.530 avg_us=4.151 max_us=355
   1 /opt/llama.cpp/ggml/src/ggml-cuda/ggml-cuda.cu:900 calls=12 total_ms=5.782 avg_us=481.833 max_us=2474
   2 /opt/llama.cpp/ggml/src/ggml-cuda/ggml-cuda.cu:2665 calls=191 total_ms=0.218 avg_us=1.141 max_us=6
   3 /opt/llama.cpp/ggml/src/ggml-cuda/ggml-cuda.cu:847 calls=150 total_ms=0.114 avg_us=0.760 max_us=2
=== END CUDA SYNC PROFILE ===
backend-sync-trace: count=30400 backend=CUDA0 caller=ggml_backend_sched_graph_compute_async_ext+0xffd

=== CUDA SYNC PROFILE (instrumentation only) ===
total_syncs = 30400
total_wait_ms = 16908.734
max_wait_us = 140101
sites = 5
wait_hist_us = logarithmic buckets
  hist[0] = 27925
  hist[1] = 1278
  hist[2] = 57
  hist[3] = 25
  hist[4] = 9
  hist[9] = 208
  hist[10] = 433
  hist[11] = 96
  hist[14] = 118
  hist[15] = 221
  hist[16] = 29
  hist[17] = 1
by_callsite (caller PC; symbolize with addr2line):
   0 caller=0x7cd3d6f010c2 calls=12283 total_ms=16898.920 avg_us=1375.797 max_us=140101
   1 caller=0x7cd3d6f0586c calls=9981 total_ms=3.850 avg_us=0.386 max_us=18
   2 caller=0x7cd3d6f0577c calls=3698 total_ms=3.147 avg_us=0.851 max_us=30
   3 caller=0x7cd3d6f0599d calls=3698 total_ms=1.427 avg_us=0.386 max_us=2
   4 caller=0x7cd3d6f04732 calls=740 total_ms=1.390 avg_us=1.878 max_us=17
direct_cudaStreamSynchronize: calls=13288 total_ms=59.795 max_us=2474
by_direct_callsite (file:line):
   0 /opt/llama.cpp/ggml/src/ggml-cuda/ggml-cuda.cu:839 calls=12935 total_ms=53.681 avg_us=4.150 max_us=355
   1 /opt/llama.cpp/ggml/src/ggml-cuda/ggml-cuda.cu:900 calls=12 total_ms=5.782 avg_us=481.833 max_us=2474
   2 /opt/llama.cpp/ggml/src/ggml-cuda/ggml-cuda.cu:2665 calls=191 total_ms=0.218 avg_us=1.141 max_us=6
   3 /opt/llama.cpp/ggml/src/ggml-cuda/ggml-cuda.cu:847 calls=150 total_ms=0.114 avg_us=0.760 max_us=2
=== END CUDA SYNC PROFILE ===

=== CUDA SYNC PROFILE (instrumentation only) ===
total_syncs = 30423
total_wait_ms = 16909.957
max_wait_us = 140101
sites = 5
wait_hist_us = logarithmic buckets
  hist[0] = 27946
  hist[1] = 1279
  hist[2] = 57
  hist[3] = 25
  hist[4] = 9
  hist[9] = 208
  hist[10] = 434
  hist[11] = 96
  hist[14] = 118
  hist[15] = 221
  hist[16] = 29
  hist[17] = 1
by_callsite (caller PC; symbolize with addr2line):
   0 caller=0x7cd3d6f010c2 calls=12290 total_ms=16900.135 avg_us=1375.113 max_us=140101
   1 caller=0x7cd3d6f0586c calls=9989 total_ms=3.853 avg_us=0.386 max_us=18
   2 caller=0x7cd3d6f0577c calls=3702 total_ms=3.152 avg_us=0.851 max_us=30
   3 caller=0x7cd3d6f0599d calls=3702 total_ms=1.427 avg_us=0.385 max_us=2
   4 caller=0x7cd3d6f04732 calls=740 total_ms=1.390 avg_us=1.878 max_us=17
direct_cudaStreamSynchronize: calls=13300 total_ms=59.858 max_us=2474
by_direct_callsite (file:line):
   0 /opt/llama.cpp/ggml/src/ggml-cuda/ggml-cuda.cu:839 calls=12947 total_ms=53.744 avg_us=4.151 max_us=355
   1 /opt/llama.cpp/ggml/src/ggml-cuda/ggml-cuda.cu:900 calls=12 total_ms=5.782 avg_us=481.833 max_us=2474
   2 /opt/llama.cpp/ggml/src/ggml-cuda/ggml-cuda.cu:2665 calls=191 total_ms=0.218 avg_us=1.141 max_us=6
   3 /opt/llama.cpp/ggml/src/ggml-cuda/ggml-cuda.cu:847 calls=150 total_ms=0.114 avg_us=0.760 max_us=2
=== END CUDA SYNC PROFILE ===
backend-sync-trace: count=30500 backend=CUDA0 caller=ggml_backend_sched_graph_compute_async_ext+0xddc

=== CUDA SYNC PROFILE (instrumentation only) ===
total_syncs = 30500
total_wait_ms = 16943.161
max_wait_us = 140101
sites = 5
wait_hist_us = logarithmic buckets
  hist[0] = 28017
  hist[1] = 1282
  hist[2] = 57
  hist[3] = 25
  hist[4] = 9
  hist[9] = 209
  hist[10] = 435
  hist[11] = 96
  hist[14] = 119
  hist[15] = 221
  hist[16] = 29
  hist[17] = 1
by_callsite (caller PC; symbolize with addr2line):
   0 caller=0x7cd3d6f010c2 calls=12327 total_ms=16933.314 avg_us=1373.677 max_us=140101
   1 caller=0x7cd3d6f0586c calls=10012 total_ms=3.862 avg_us=0.386 max_us=18
   2 caller=0x7cd3d6f0577c calls=3710 total_ms=3.161 avg_us=0.852 max_us=30
   3 caller=0x7cd3d6f0599d calls=3709 total_ms=1.430 avg_us=0.386 max_us=2
   4 caller=0x7cd3d6f04732 calls=742 total_ms=1.394 avg_us=1.879 max_us=17
direct_cudaStreamSynchronize: calls=13329 total_ms=59.971 max_us=2474
by_direct_callsite (file:line):
   0 /opt/llama.cpp/ggml/src/ggml-cuda/ggml-cuda.cu:839 calls=12976 total_ms=53.857 avg_us=4.151 max_us=355
   1 /opt/llama.cpp/ggml/src/ggml-cuda/ggml-cuda.cu:900 calls=12 total_ms=5.782 avg_us=481.833 max_us=2474
   2 /opt/llama.cpp/ggml/src/ggml-cuda/ggml-cuda.cu:2665 calls=191 total_ms=0.218 avg_us=1.141 max_us=6
   3 /opt/llama.cpp/ggml/src/ggml-cuda/ggml-cuda.cu:847 calls=150 total_ms=0.114 avg_us=0.760 max_us=2
=== END CUDA SYNC PROFILE ===
backend-sync-trace: count=30600 backend=CUDA0 caller=ggml_backend_sched_graph_compute_async_ext+0xecc

=== CUDA SYNC PROFILE (instrumentation only) ===
total_syncs = 30600
total_wait_ms = 16980.820
max_wait_us = 140101
sites = 5
wait_hist_us = logarithmic buckets
  hist[0] = 28111
  hist[1] = 1284
  hist[2] = 57
  hist[3] = 25
  hist[4] = 10
  hist[9] = 210
  hist[10] = 436
  hist[11] = 96
  hist[14] = 119
  hist[15] = 222
  hist[16] = 29
  hist[17] = 1
by_callsite (caller PC; symbolize with addr2line):
   0 caller=0x7cd3d6f010c2 calls=12364 total_ms=16970.924 avg_us=1372.608 max_us=140101
   1 caller=0x7cd3d6f0586c calls=10048 total_ms=3.895 avg_us=0.388 max_us=25
   2 caller=0x7cd3d6f0577c calls=3722 total_ms=3.168 avg_us=0.851 max_us=30
   3 caller=0x7cd3d6f0599d calls=3722 total_ms=1.436 avg_us=0.386 max_us=2
   4 caller=0x7cd3d6f04732 calls=744 total_ms=1.397 avg_us=1.878 max_us=17
direct_cudaStreamSynchronize: calls=13374 total_ms=60.166 max_us=2474
by_direct_callsite (file:line):
   0 /opt/llama.cpp/ggml/src/ggml-cuda/ggml-cuda.cu:839 calls=13021 total_ms=54.052 avg_us=4.151 max_us=355
   1 /opt/llama.cpp/ggml/src/ggml-cuda/ggml-cuda.cu:900 calls=12 total_ms=5.782 avg_us=481.833 max_us=2474
   2 /opt/llama.cpp/ggml/src/ggml-cuda/ggml-cuda.cu:2665 calls=191 total_ms=0.218 avg_us=1.141 max_us=6
   3 /opt/llama.cpp/ggml/src/ggml-cuda/ggml-cuda.cu:847 calls=150 total_ms=0.114 avg_us=0.760 max_us=2
=== END CUDA SYNC PROFILE ===

=== CUDA SYNC PROFILE (instrumentation only) ===
total_syncs = 30673
total_wait_ms = 17020.472
max_wait_us = 140101
sites = 5
wait_hist_us = logarithmic buckets
  hist[0] = 28178
  hist[1] = 1287
  hist[2] = 57
  hist[3] = 25
  hist[4] = 10
  hist[9] = 212
  hist[10] = 436
  hist[11] = 96
  hist[14] = 119
  hist[15] = 223
  hist[16] = 29
  hist[17] = 1
by_callsite (caller PC; symbolize with addr2line):
   0 caller=0x7cd3d6f010c2 calls=12401 total_ms=17010.551 avg_us=1371.708 max_us=140101
   1 caller=0x7cd3d6f0586c calls=10066 total_ms=3.905 avg_us=0.388 max_us=25
   2 caller=0x7cd3d6f0577c calls=3730 total_ms=3.175 avg_us=0.851 max_us=30
   3 caller=0x7cd3d6f0599d calls=3730 total_ms=1.440 avg_us=0.386 max_us=2
   4 caller=0x7cd3d6f04732 calls=746 total_ms=1.401 avg_us=1.878 max_us=17
direct_cudaStreamSynchronize: calls=13400 total_ms=60.254 max_us=2474
by_direct_callsite (file:line):
   0 /opt/llama.cpp/ggml/src/ggml-cuda/ggml-cuda.cu:839 calls=13047 total_ms=54.140 avg_us=4.150 max_us=355
   1 /opt/llama.cpp/ggml/src/ggml-cuda/ggml-cuda.cu:900 calls=12 total_ms=5.782 avg_us=481.833 max_us=2474
   2 /opt/llama.cpp/ggml/src/ggml-cuda/ggml-cuda.cu:2665 calls=191 total_ms=0.218 avg_us=1.141 max_us=6
   3 /opt/llama.cpp/ggml/src/ggml-cuda/ggml-cuda.cu:847 calls=150 total_ms=0.114 avg_us=0.760 max_us=2
=== END CUDA SYNC PROFILE ===
backend-sync-trace: count=30700 backend=CUDA0 caller=ggml_backend_sched_graph_compute_async_ext+0xecc

=== CUDA SYNC PROFILE (instrumentation only) ===
total_syncs = 30700
total_wait_ms = 17050.268
max_wait_us = 140101
sites = 5
wait_hist_us = logarithmic buckets
  hist[0] = 28203
  hist[1] = 1288
  hist[2] = 57
  hist[3] = 25
  hist[4] = 10
  hist[9] = 212
  hist[10] = 436
  hist[11] = 96
  hist[14] = 120
  hist[15] = 223
  hist[16] = 29
  hist[17] = 1
by_callsite (caller PC; symbolize with addr2line):
   0 caller=0x7cd3d6f010c2 calls=12403 total_ms=17040.335 avg_us=1373.888 max_us=140101
   1 caller=0x7cd3d6f0586c calls=10082 total_ms=3.912 avg_us=0.388 max_us=25
   2 caller=0x7cd3d6f0577c calls=3734 total_ms=3.177 avg_us=0.851 max_us=30
   3 caller=0x7cd3d6f0599d calls=3734 total_ms=1.441 avg_us=0.386 max_us=2
   4 caller=0x7cd3d6f04732 calls=747 total_ms=1.403 avg_us=1.878 max_us=17
direct_cudaStreamSynchronize: calls=13418 total_ms=60.338 max_us=2474
by_direct_callsite (file:line):
   0 /opt/llama.cpp/ggml/src/ggml-cuda/ggml-cuda.cu:839 calls=13065 total_ms=54.224 avg_us=4.150 max_us=355
   1 /opt/llama.cpp/ggml/src/ggml-cuda/ggml-cuda.cu:900 calls=12 total_ms=5.782 avg_us=481.833 max_us=2474
   2 /opt/llama.cpp/ggml/src/ggml-cuda/ggml-cuda.cu:2665 calls=191 total_ms=0.218 avg_us=1.141 max_us=6
   3 /opt/llama.cpp/ggml/src/ggml-cuda/ggml-cuda.cu:847 calls=150 total_ms=0.114 avg_us=0.760 max_us=2
=== END CUDA SYNC PROFILE ===
backend-sync-trace: count=30800 backend=CUDA0 caller=ggml_backend_sched_graph_compute_async_ext+0xecc

=== CUDA SYNC PROFILE (instrumentation only) ===
total_syncs = 30800
total_wait_ms = 17079.958
max_wait_us = 140101
sites = 5
wait_hist_us = logarithmic buckets
  hist[0] = 28297
  hist[1] = 1291
  hist[2] = 57
  hist[3] = 25
  hist[4] = 10
  hist[9] = 213
  hist[10] = 437
  hist[11] = 96
  hist[14] = 121
  hist[15] = 223
  hist[16] = 29
  hist[17] = 1
by_callsite (caller PC; symbolize with addr2line):
   0 caller=0x7cd3d6f010c2 calls=12443 total_ms=17069.998 avg_us=1371.856 max_us=140101
   1 caller=0x7cd3d6f0586c calls=10115 total_ms=3.923 avg_us=0.388 max_us=25
   2 caller=0x7cd3d6f0577c calls=3746 total_ms=3.183 avg_us=0.850 max_us=30
   3 caller=0x7cd3d6f0599d calls=3746 total_ms=1.446 avg_us=0.386 max_us=2
   4 caller=0x7cd3d6f04732 calls=750 total_ms=1.408 avg_us=1.877 max_us=17
direct_cudaStreamSynchronize: calls=13460 total_ms=60.500 max_us=2474
by_direct_callsite (file:line):
   0 /opt/llama.cpp/ggml/src/ggml-cuda/ggml-cuda.cu:839 calls=13107 total_ms=54.386 avg_us=4.149 max_us=355
   1 /opt/llama.cpp/ggml/src/ggml-cuda/ggml-cuda.cu:900 calls=12 total_ms=5.782 avg_us=481.833 max_us=2474
   2 /opt/llama.cpp/ggml/src/ggml-cuda/ggml-cuda.cu:2665 calls=191 total_ms=0.218 avg_us=1.141 max_us=6
   3 /opt/llama.cpp/ggml/src/ggml-cuda/ggml-cuda.cu:847 calls=150 total_ms=0.114 avg_us=0.760 max_us=2
=== END CUDA SYNC PROFILE ===
1.21.965.629 I slot print_timing: id  0 | task 0 | n_gen =    861, tg =  47.34 t/s, tg_3s =  54.76 t/s

=== CUDA SYNC PROFILE (instrumentation only) ===
total_syncs = 30899
total_wait_ms = 17114.801
max_wait_us = 140101
sites = 5
wait_hist_us = logarithmic buckets
  hist[0] = 28388
  hist[1] = 1294
  hist[2] = 57
  hist[3] = 26
  hist[4] = 10
  hist[9] = 214
  hist[10] = 439
  hist[11] = 96
  hist[14] = 122
  hist[15] = 223
  hist[16] = 29
  hist[17] = 1
by_callsite (caller PC; symbolize with addr2line):
   0 caller=0x7cd3d6f010c2 calls=12487 total_ms=17104.814 avg_us=1369.810 max_us=140101
   1 caller=0x7cd3d6f0586c calls=10144 total_ms=3.932 avg_us=0.388 max_us=25
   2 caller=0x7cd3d6f0577c calls=3758 total_ms=3.195 avg_us=0.850 max_us=30
   3 caller=0x7cd3d6f0599d calls=3758 total_ms=1.449 avg_us=0.386 max_us=2
   4 caller=0x7cd3d6f04732 calls=752 total_ms=1.411 avg_us=1.876 max_us=17
direct_cudaStreamSynchronize: calls=13500 total_ms=60.658 max_us=2474
by_direct_callsite (file:line):
   0 /opt/llama.cpp/ggml/src/ggml-cuda/ggml-cuda.cu:839 calls=13147 total_ms=54.544 avg_us=4.149 max_us=355
   1 /opt/llama.cpp/ggml/src/ggml-cuda/ggml-cuda.cu:900 calls=12 total_ms=5.782 avg_us=481.833 max_us=2474
   2 /opt/llama.cpp/ggml/src/ggml-cuda/ggml-cuda.cu:2665 calls=191 total_ms=0.218 avg_us=1.141 max_us=6
   3 /opt/llama.cpp/ggml/src/ggml-cuda/ggml-cuda.cu:847 calls=150 total_ms=0.114 avg_us=0.760 max_us=2
=== END CUDA SYNC PROFILE ===
backend-sync-trace: count=30900 backend=CUDA0 caller=ggml_backend_sched_graph_compute_async_ext+0xecc

=== CUDA SYNC PROFILE (instrumentation only) ===
total_syncs = 30900
total_wait_ms = 17114.802
max_wait_us = 140101
sites = 5
wait_hist_us = logarithmic buckets
  hist[0] = 28389
  hist[1] = 1294
  hist[2] = 57
  hist[3] = 26
  hist[4] = 10
  hist[9] = 214
  hist[10] = 439
  hist[11] = 96
  hist[14] = 122
  hist[15] = 223
  hist[16] = 29
  hist[17] = 1
by_callsite (caller PC; symbolize with addr2line):
   0 caller=0x7cd3d6f010c2 calls=12487 total_ms=17104.814 avg_us=1369.810 max_us=140101
   1 caller=0x7cd3d6f0586c calls=10145 total_ms=3.933 avg_us=0.388 max_us=25
   2 caller=0x7cd3d6f0577c calls=3758 total_ms=3.195 avg_us=0.850 max_us=30
   3 caller=0x7cd3d6f0599d calls=3758 total_ms=1.449 avg_us=0.386 max_us=2
   4 caller=0x7cd3d6f04732 calls=752 total_ms=1.411 avg_us=1.876 max_us=17
direct_cudaStreamSynchronize: calls=13500 total_ms=60.658 max_us=2474
by_direct_callsite (file:line):
   0 /opt/llama.cpp/ggml/src/ggml-cuda/ggml-cuda.cu:839 calls=13147 total_ms=54.544 avg_us=4.149 max_us=355
   1 /opt/llama.cpp/ggml/src/ggml-cuda/ggml-cuda.cu:900 calls=12 total_ms=5.782 avg_us=481.833 max_us=2474
   2 /opt/llama.cpp/ggml/src/ggml-cuda/ggml-cuda.cu:2665 calls=191 total_ms=0.218 avg_us=1.141 max_us=6
   3 /opt/llama.cpp/ggml/src/ggml-cuda/ggml-cuda.cu:847 calls=150 total_ms=0.114 avg_us=0.760 max_us=2
=== END CUDA SYNC PROFILE ===
backend-sync-trace: count=31000 backend=CUDA0 caller=ggml_backend_sched_synchronize+0x52

=== CUDA SYNC PROFILE (instrumentation only) ===
total_syncs = 31000
total_wait_ms = 17149.917
max_wait_us = 140101
sites = 5
wait_hist_us = logarithmic buckets
  hist[0] = 28481
  hist[1] = 1297
  hist[2] = 58
  hist[3] = 26
  hist[4] = 10
  hist[9] = 214
  hist[10] = 442
  hist[11] = 96
  hist[14] = 123
  hist[15] = 223
  hist[16] = 29
  hist[17] = 1
by_callsite (caller PC; symbolize with addr2line):
   0 caller=0x7cd3d6f010c2 calls=12536 total_ms=17139.906 avg_us=1367.255 max_us=140101
   1 caller=0x7cd3d6f0586c calls=10174 total_ms=3.943 avg_us=0.388 max_us=25
   2 caller=0x7cd3d6f0577c calls=3768 total_ms=3.200 avg_us=0.849 max_us=30
   3 caller=0x7cd3d6f0599d calls=3768 total_ms=1.454 avg_us=0.386 max_us=2
   4 caller=0x7cd3d6f04732 calls=754 total_ms=1.414 avg_us=1.875 max_us=17
direct_cudaStreamSynchronize: calls=13538 total_ms=60.809 max_us=2474
by_direct_callsite (file:line):
   0 /opt/llama.cpp/ggml/src/ggml-cuda/ggml-cuda.cu:839 calls=13185 total_ms=54.695 avg_us=4.148 max_us=355
   1 /opt/llama.cpp/ggml/src/ggml-cuda/ggml-cuda.cu:900 calls=12 total_ms=5.782 avg_us=481.833 max_us=2474
   2 /opt/llama.cpp/ggml/src/ggml-cuda/ggml-cuda.cu:2665 calls=191 total_ms=0.218 avg_us=1.141 max_us=6
   3 /opt/llama.cpp/ggml/src/ggml-cuda/ggml-cuda.cu:847 calls=150 total_ms=0.114 avg_us=0.760 max_us=2
=== END CUDA SYNC PROFILE ===
backend-sync-trace: count=31100 backend=CUDA0 caller=ggml_backend_sched_graph_compute_async_ext+0xecc

=== CUDA SYNC PROFILE (instrumentation only) ===
total_syncs = 31100
total_wait_ms = 17188.913
max_wait_us = 140101
sites = 5
wait_hist_us = logarithmic buckets
  hist[0] = 28573
  hist[1] = 1301
  hist[2] = 59
  hist[3] = 26
  hist[4] = 10
  hist[9] = 214
  hist[10] = 444
  hist[11] = 96
  hist[14] = 123
  hist[15] = 224
  hist[16] = 29
  hist[17] = 1
by_callsite (caller PC; symbolize with addr2line):
   0 caller=0x7cd3d6f010c2 calls=12567 total_ms=17178.871 avg_us=1366.983 max_us=140101
   1 caller=0x7cd3d6f0586c calls=10213 total_ms=3.953 avg_us=0.387 max_us=25
   2 caller=0x7cd3d6f0577c calls=3782 total_ms=3.214 avg_us=0.850 max_us=30
   3 caller=0x7cd3d6f0599d calls=3782 total_ms=1.458 avg_us=0.386 max_us=2
   4 caller=0x7cd3d6f04732 calls=756 total_ms=1.417 avg_us=1.874 max_us=17
direct_cudaStreamSynchronize: calls=13587 total_ms=61.017 max_us=2474
by_direct_callsite (file:line):
   0 /opt/llama.cpp/ggml/src/ggml-cuda/ggml-cuda.cu:839 calls=13234 total_ms=54.903 avg_us=4.149 max_us=355
   1 /opt/llama.cpp/ggml/src/ggml-cuda/ggml-cuda.cu:900 calls=12 total_ms=5.782 avg_us=481.833 max_us=2474
   2 /opt/llama.cpp/ggml/src/ggml-cuda/ggml-cuda.cu:2665 calls=191 total_ms=0.218 avg_us=1.141 max_us=6
   3 /opt/llama.cpp/ggml/src/ggml-cuda/ggml-cuda.cu:847 calls=150 total_ms=0.114 avg_us=0.760 max_us=2
=== END CUDA SYNC PROFILE ===

=== CUDA SYNC PROFILE (instrumentation only) ===
total_syncs = 31142
total_wait_ms = 17221.874
max_wait_us = 140101
sites = 5
wait_hist_us = logarithmic buckets
  hist[0] = 28612
  hist[1] = 1303
  hist[2] = 59
  hist[3] = 26
  hist[4] = 10
  hist[9] = 214
  hist[10] = 444
  hist[11] = 96
  hist[14] = 123
  hist[15] = 225
  hist[16] = 29
  hist[17] = 1
by_callsite (caller PC; symbolize with addr2line):
   0 caller=0x7cd3d6f010c2 calls=12590 total_ms=17211.822 avg_us=1367.103 max_us=140101
   1 caller=0x7cd3d6f0586c calls=10222 total_ms=3.956 avg_us=0.387 max_us=25
   2 caller=0x7cd3d6f0577c calls=3786 total_ms=3.218 avg_us=0.850 max_us=30
   3 caller=0x7cd3d6f0599d calls=3786 total_ms=1.458 avg_us=0.385 max_us=2
   4 caller=0x7cd3d6f04732 calls=758 total_ms=1.420 avg_us=1.873 max_us=17
direct_cudaStreamSynchronize: calls=13600 total_ms=61.067 max_us=2474
by_direct_callsite (file:line):
   0 /opt/llama.cpp/ggml/src/ggml-cuda/ggml-cuda.cu:839 calls=13247 total_ms=54.953 avg_us=4.148 max_us=355
   1 /opt/llama.cpp/ggml/src/ggml-cuda/ggml-cuda.cu:900 calls=12 total_ms=5.782 avg_us=481.833 max_us=2474
   2 /opt/llama.cpp/ggml/src/ggml-cuda/ggml-cuda.cu:2665 calls=191 total_ms=0.218 avg_us=1.141 max_us=6
   3 /opt/llama.cpp/ggml/src/ggml-cuda/ggml-cuda.cu:847 calls=150 total_ms=0.114 avg_us=0.760 max_us=2
=== END CUDA SYNC PROFILE ===
backend-sync-trace: count=31200 backend=CUDA0 caller=ggml_backend_sched_graph_compute_async_ext+0xecc

=== CUDA SYNC PROFILE (instrumentation only) ===
total_syncs = 31200
total_wait_ms = 17262.183
max_wait_us = 140101
sites = 5
wait_hist_us = logarithmic buckets
  hist[0] = 28665
  hist[1] = 1304
  hist[2] = 60
  hist[3] = 26
  hist[4] = 10
  hist[9] = 215
  hist[10] = 445
  hist[11] = 96
  hist[14] = 123
  hist[15] = 226
  hist[16] = 29
  hist[17] = 1
by_callsite (caller PC; symbolize with addr2line):
   0 caller=0x7cd3d6f010c2 calls=12606 total_ms=17252.109 avg_us=1368.563 max_us=140101
   1 caller=0x7cd3d6f0586c calls=10247 total_ms=3.963 avg_us=0.387 max_us=25
   2 caller=0x7cd3d6f0577c calls=3794 total_ms=3.228 avg_us=0.851 max_us=30
   3 caller=0x7cd3d6f0599d calls=3794 total_ms=1.461 avg_us=0.385 max_us=2
   4 caller=0x7cd3d6f04732 calls=759 total_ms=1.422 avg_us=1.874 max_us=17
direct_cudaStreamSynchronize: calls=13631 total_ms=61.195 max_us=2474
by_direct_callsite (file:line):
   0 /opt/llama.cpp/ggml/src/ggml-cuda/ggml-cuda.cu:839 calls=13278 total_ms=55.081 avg_us=4.148 max_us=355
   1 /opt/llama.cpp/ggml/src/ggml-cuda/ggml-cuda.cu:900 calls=12 total_ms=5.782 avg_us=481.833 max_us=2474
   2 /opt/llama.cpp/ggml/src/ggml-cuda/ggml-cuda.cu:2665 calls=191 total_ms=0.218 avg_us=1.141 max_us=6
   3 /opt/llama.cpp/ggml/src/ggml-cuda/ggml-cuda.cu:847 calls=150 total_ms=0.114 avg_us=0.760 max_us=2
=== END CUDA SYNC PROFILE ===
backend-sync-trace: count=31300 backend=CUDA0 caller=ggml_backend_sched_graph_compute_async_ext+0xffd

=== CUDA SYNC PROFILE (instrumentation only) ===
total_syncs = 31300
total_wait_ms = 17293.053
max_wait_us = 140101
sites = 5
wait_hist_us = logarithmic buckets
  hist[0] = 28758
  hist[1] = 1308
  hist[2] = 60
  hist[3] = 26
  hist[4] = 10
  hist[9] = 217
  hist[10] = 445
  hist[11] = 96
  hist[14] = 124
  hist[15] = 226
  hist[16] = 29
  hist[17] = 1
by_callsite (caller PC; symbolize with addr2line):
   0 caller=0x7cd3d6f010c2 calls=12652 total_ms=17282.953 avg_us=1366.025 max_us=140101
   1 caller=0x7cd3d6f0586c calls=10274 total_ms=3.970 avg_us=0.386 max_us=25
   2 caller=0x7cd3d6f0577c calls=3806 total_ms=3.239 avg_us=0.851 max_us=30
   3 caller=0x7cd3d6f0599d calls=3806 total_ms=1.463 avg_us=0.384 max_us=2
   4 caller=0x7cd3d6f04732 calls=762 total_ms=1.428 avg_us=1.874 max_us=17
direct_cudaStreamSynchronize: calls=13667 total_ms=61.337 max_us=2474
by_direct_callsite (file:line):
   0 /opt/llama.cpp/ggml/src/ggml-cuda/ggml-cuda.cu:839 calls=13314 total_ms=55.223 avg_us=4.148 max_us=355
   1 /opt/llama.cpp/ggml/src/ggml-cuda/ggml-cuda.cu:900 calls=12 total_ms=5.782 avg_us=481.833 max_us=2474
   2 /opt/llama.cpp/ggml/src/ggml-cuda/ggml-cuda.cu:2665 calls=191 total_ms=0.218 avg_us=1.141 max_us=6
   3 /opt/llama.cpp/ggml/src/ggml-cuda/ggml-cuda.cu:847 calls=150 total_ms=0.114 avg_us=0.760 max_us=2
=== END CUDA SYNC PROFILE ===

=== CUDA SYNC PROFILE (instrumentation only) ===
total_syncs = 31358
total_wait_ms = 17335.293
max_wait_us = 140101
sites = 5
wait_hist_us = logarithmic buckets
  hist[0] = 28811
  hist[1] = 1310
  hist[2] = 60
  hist[3] = 26
  hist[4] = 10
  hist[9] = 218
  hist[10] = 446
  hist[11] = 96
  hist[14] = 124
  hist[15] = 227
  hist[16] = 29
  hist[17] = 1
by_callsite (caller PC; symbolize with addr2line):
   0 caller=0x7cd3d6f010c2 calls=12668 total_ms=17325.169 avg_us=1367.633 max_us=140101
   1 caller=0x7cd3d6f0586c calls=10299 total_ms=3.980 avg_us=0.386 max_us=25
   2 caller=0x7cd3d6f0577c calls=3814 total_ms=3.246 avg_us=0.851 max_us=30
   3 caller=0x7cd3d6f0599d calls=3814 total_ms=1.468 avg_us=0.385 max_us=2
   4 caller=0x7cd3d6f04732 calls=763 total_ms=1.430 avg_us=1.874 max_us=17
direct_cudaStreamSynchronize: calls=13700 total_ms=61.472 max_us=2474
by_direct_callsite (file:line):
   0 /opt/llama.cpp/ggml/src/ggml-cuda/ggml-cuda.cu:839 calls=13347 total_ms=55.358 avg_us=4.148 max_us=355
   1 /opt/llama.cpp/ggml/src/ggml-cuda/ggml-cuda.cu:900 calls=12 total_ms=5.782 avg_us=481.833 max_us=2474
   2 /opt/llama.cpp/ggml/src/ggml-cuda/ggml-cuda.cu:2665 calls=191 total_ms=0.218 avg_us=1.141 max_us=6
   3 /opt/llama.cpp/ggml/src/ggml-cuda/ggml-cuda.cu:847 calls=150 total_ms=0.114 avg_us=0.760 max_us=2
=== END CUDA SYNC PROFILE ===
backend-sync-trace: count=31400 backend=CUDA0 caller=ggml_backend_sched_graph_compute_async_ext+0xddc

=== CUDA SYNC PROFILE (instrumentation only) ===
total_syncs = 31400
total_wait_ms = 17336.529
max_wait_us = 140101
sites = 5
wait_hist_us = logarithmic buckets
  hist[0] = 28850
  hist[1] = 1311
  hist[2] = 61
  hist[3] = 26
  hist[4] = 10
  hist[9] = 218
  hist[10] = 447
  hist[11] = 96
  hist[14] = 124
  hist[15] = 227
  hist[16] = 29
  hist[17] = 1
by_callsite (caller PC; symbolize with addr2line):
   0 caller=0x7cd3d6f010c2 calls=12696 total_ms=17326.396 avg_us=1364.713 max_us=140101
   1 caller=0x7cd3d6f0586c calls=10305 total_ms=3.983 avg_us=0.387 max_us=25
   2 caller=0x7cd3d6f0577c calls=3818 total_ms=3.249 avg_us=0.851 max_us=30
   3 caller=0x7cd3d6f0599d calls=3817 total_ms=1.469 avg_us=0.385 max_us=2
   4 caller=0x7cd3d6f04732 calls=764 total_ms=1.432 avg_us=1.874 max_us=17
direct_cudaStreamSynchronize: calls=13708 total_ms=61.500 max_us=2474
by_direct_callsite (file:line):
   0 /opt/llama.cpp/ggml/src/ggml-cuda/ggml-cuda.cu:839 calls=13355 total_ms=55.386 avg_us=4.147 max_us=355
   1 /opt/llama.cpp/ggml/src/ggml-cuda/ggml-cuda.cu:900 calls=12 total_ms=5.782 avg_us=481.833 max_us=2474
   2 /opt/llama.cpp/ggml/src/ggml-cuda/ggml-cuda.cu:2665 calls=191 total_ms=0.218 avg_us=1.141 max_us=6
   3 /opt/llama.cpp/ggml/src/ggml-cuda/ggml-cuda.cu:847 calls=150 total_ms=0.114 avg_us=0.760 max_us=2
=== END CUDA SYNC PROFILE ===
backend-sync-trace: count=31500 backend=CUDA0 caller=ggml_backend_sched_graph_compute_async_ext+0xffd

=== CUDA SYNC PROFILE (instrumentation only) ===
total_syncs = 31500
total_wait_ms = 17384.483
max_wait_us = 140101
sites = 5
wait_hist_us = logarithmic buckets
  hist[0] = 28941
  hist[1] = 1315
  hist[2] = 62
  hist[3] = 26
  hist[4] = 10
  hist[9] = 218
  hist[10] = 450
  hist[11] = 96
  hist[14] = 124
  hist[15] = 228
  hist[16] = 29
  hist[17] = 1
by_callsite (caller PC; symbolize with addr2line):
   0 caller=0x7cd3d6f010c2 calls=12740 total_ms=17374.315 avg_us=1363.761 max_us=140101
   1 caller=0x7cd3d6f0586c calls=10336 total_ms=3.997 avg_us=0.387 max_us=25
   2 caller=0x7cd3d6f0577c calls=3829 total_ms=3.260 avg_us=0.851 max_us=30
   3 caller=0x7cd3d6f0599d calls=3829 total_ms=1.473 avg_us=0.385 max_us=2
   4 caller=0x7cd3d6f04732 calls=766 total_ms=1.438 avg_us=1.877 max_us=17
direct_cudaStreamSynchronize: calls=13748 total_ms=61.689 max_us=2474
by_direct_callsite (file:line):
   0 /opt/llama.cpp/ggml/src/ggml-cuda/ggml-cuda.cu:839 calls=13395 total_ms=55.575 avg_us=4.149 max_us=355
   1 /opt/llama.cpp/ggml/src/ggml-cuda/ggml-cuda.cu:900 calls=12 total_ms=5.782 avg_us=481.833 max_us=2474
   2 /opt/llama.cpp/ggml/src/ggml-cuda/ggml-cuda.cu:2665 calls=191 total_ms=0.218 avg_us=1.141 max_us=6
   3 /opt/llama.cpp/ggml/src/ggml-cuda/ggml-cuda.cu:847 calls=150 total_ms=0.114 avg_us=0.760 max_us=2
=== END CUDA SYNC PROFILE ===
backend-sync-trace: count=31600 backend=CUDA0 caller=ggml_backend_sched_graph_compute_async_ext+0xecc

=== CUDA SYNC PROFILE (instrumentation only) ===
total_syncs = 31600
total_wait_ms = 17426.657
max_wait_us = 140101
sites = 5
wait_hist_us = logarithmic buckets
  hist[0] = 29034
  hist[1] = 1318
  hist[2] = 63
  hist[3] = 26
  hist[4] = 10
  hist[9] = 220
  hist[10] = 450
  hist[11] = 96
  hist[14] = 124
  hist[15] = 229
  hist[16] = 29
  hist[17] = 1
by_callsite (caller PC; symbolize with addr2line):
   0 caller=0x7cd3d6f010c2 calls=12777 total_ms=17416.457 avg_us=1363.110 max_us=140101
   1 caller=0x7cd3d6f0586c calls=10371 total_ms=4.010 avg_us=0.387 max_us=25
   2 caller=0x7cd3d6f0577c calls=3842 total_ms=3.268 avg_us=0.851 max_us=30
   3 caller=0x7cd3d6f0599d calls=3842 total_ms=1.479 avg_us=0.385 max_us=2
   4 caller=0x7cd3d6f04732 calls=768 total_ms=1.443 avg_us=1.879 max_us=17
direct_cudaStreamSynchronize: calls=13793 total_ms=61.900 max_us=2474
by_direct_callsite (file:line):
   0 /opt/llama.cpp/ggml/src/ggml-cuda/ggml-cuda.cu:839 calls=13440 total_ms=55.786 avg_us=4.151 max_us=355
   1 /opt/llama.cpp/ggml/src/ggml-cuda/ggml-cuda.cu:900 calls=12 total_ms=5.782 avg_us=481.833 max_us=2474
   2 /opt/llama.cpp/ggml/src/ggml-cuda/ggml-cuda.cu:2665 calls=191 total_ms=0.218 avg_us=1.141 max_us=6
   3 /opt/llama.cpp/ggml/src/ggml-cuda/ggml-cuda.cu:847 calls=150 total_ms=0.114 avg_us=0.760 max_us=2
=== END CUDA SYNC PROFILE ===

=== CUDA SYNC PROFILE (instrumentation only) ===
total_syncs = 31606
total_wait_ms = 17426.659
max_wait_us = 140101
sites = 5
wait_hist_us = logarithmic buckets
  hist[0] = 29040
  hist[1] = 1318
  hist[2] = 63
  hist[3] = 26
  hist[4] = 10
  hist[9] = 220
  hist[10] = 450
  hist[11] = 96
  hist[14] = 124
  hist[15] = 229
  hist[16] = 29
  hist[17] = 1
by_callsite (caller PC; symbolize with addr2line):
   0 caller=0x7cd3d6f010c2 calls=12777 total_ms=17416.457 avg_us=1363.110 max_us=140101
   1 caller=0x7cd3d6f0586c calls=10377 total_ms=4.012 avg_us=0.387 max_us=25
   2 caller=0x7cd3d6f0577c calls=3842 total_ms=3.268 avg_us=0.851 max_us=30
   3 caller=0x7cd3d6f0599d calls=3842 total_ms=1.479 avg_us=0.385 max_us=2
   4 caller=0x7cd3d6f04732 calls=768 total_ms=1.443 avg_us=1.879 max_us=17
direct_cudaStreamSynchronize: calls=13800 total_ms=61.921 max_us=2474
by_direct_callsite (file:line):
   0 /opt/llama.cpp/ggml/src/ggml-cuda/ggml-cuda.cu:839 calls=13447 total_ms=55.807 avg_us=4.150 max_us=355
   1 /opt/llama.cpp/ggml/src/ggml-cuda/ggml-cuda.cu:900 calls=12 total_ms=5.782 avg_us=481.833 max_us=2474
   2 /opt/llama.cpp/ggml/src/ggml-cuda/ggml-cuda.cu:2665 calls=191 total_ms=0.218 avg_us=1.141 max_us=6
   3 /opt/llama.cpp/ggml/src/ggml-cuda/ggml-cuda.cu:847 calls=150 total_ms=0.114 avg_us=0.760 max_us=2
=== END CUDA SYNC PROFILE ===
backend-sync-trace: count=31700 backend=CUDA0 caller=ggml_backend_sched_synchronize+0x52

=== CUDA SYNC PROFILE (instrumentation only) ===
total_syncs = 31700
total_wait_ms = 17487.653
max_wait_us = 140101
sites = 5
wait_hist_us = logarithmic buckets
  hist[0] = 29125
  hist[1] = 1323
  hist[2] = 63
  hist[3] = 26
  hist[4] = 10
  hist[9] = 222
  hist[10] = 450
  hist[11] = 96
  hist[14] = 126
  hist[15] = 229
  hist[16] = 29
  hist[17] = 1
by_callsite (caller PC; symbolize with addr2line):
   0 caller=0x7cd3d6f010c2 calls=12812 total_ms=17477.418 avg_us=1364.144 max_us=140101
   1 caller=0x7cd3d6f0586c calls=10409 total_ms=4.025 avg_us=0.387 max_us=25
   2 caller=0x7cd3d6f0577c calls=3854 total_ms=3.276 avg_us=0.850 max_us=30
   3 caller=0x7cd3d6f0599d calls=3854 total_ms=1.485 avg_us=0.385 max_us=2
   4 caller=0x7cd3d6f04732 calls=771 total_ms=1.449 avg_us=1.879 max_us=17
direct_cudaStreamSynchronize: calls=13841 total_ms=62.086 max_us=2474
by_direct_callsite (file:line):
   0 /opt/llama.cpp/ggml/src/ggml-cuda/ggml-cuda.cu:839 calls=13488 total_ms=55.972 avg_us=4.150 max_us=355
   1 /opt/llama.cpp/ggml/src/ggml-cuda/ggml-cuda.cu:900 calls=12 total_ms=5.782 avg_us=481.833 max_us=2474
   2 /opt/llama.cpp/ggml/src/ggml-cuda/ggml-cuda.cu:2665 calls=191 total_ms=0.218 avg_us=1.141 max_us=6
   3 /opt/llama.cpp/ggml/src/ggml-cuda/ggml-cuda.cu:847 calls=150 total_ms=0.114 avg_us=0.760 max_us=2
=== END CUDA SYNC PROFILE ===
backend-sync-trace: count=31800 backend=CUDA0 caller=0x7cd3d6f04732

=== CUDA SYNC PROFILE (instrumentation only) ===
total_syncs = 31800
total_wait_ms = 17516.727
max_wait_us = 140101
sites = 5
wait_hist_us = logarithmic buckets
  hist[0] = 29205
  hist[1] = 1339
  hist[2] = 63
  hist[3] = 27
  hist[4] = 10
  hist[9] = 222
  hist[10] = 452
  hist[11] = 96
  hist[14] = 127
  hist[15] = 229
  hist[16] = 29
  hist[17] = 1
by_callsite (caller PC; symbolize with addr2line):
   0 caller=0x7cd3d6f010c2 calls=12862 total_ms=17506.431 avg_us=1361.097 max_us=140101
   1 caller=0x7cd3d6f0586c calls=10436 total_ms=4.047 avg_us=0.388 max_us=25
   2 caller=0x7cd3d6f0577c calls=3864 total_ms=3.297 avg_us=0.853 max_us=30
   3 caller=0x7cd3d6f0599d calls=3864 total_ms=1.495 avg_us=0.387 max_us=2
   4 caller=0x7cd3d6f04732 calls=774 total_ms=1.457 avg_us=1.882 max_us=17
direct_cudaStreamSynchronize: calls=13876 total_ms=62.245 max_us=2474
by_direct_callsite (file:line):
   0 /opt/llama.cpp/ggml/src/ggml-cuda/ggml-cuda.cu:839 calls=13523 total_ms=56.131 avg_us=4.151 max_us=355
   1 /opt/llama.cpp/ggml/src/ggml-cuda/ggml-cuda.cu:900 calls=12 total_ms=5.782 avg_us=481.833 max_us=2474
   2 /opt/llama.cpp/ggml/src/ggml-cuda/ggml-cuda.cu:2665 calls=191 total_ms=0.218 avg_us=1.141 max_us=6
   3 /opt/llama.cpp/ggml/src/ggml-cuda/ggml-cuda.cu:847 calls=150 total_ms=0.114 avg_us=0.760 max_us=2
=== END CUDA SYNC PROFILE ===

=== CUDA SYNC PROFILE (instrumentation only) ===
total_syncs = 31847
total_wait_ms = 17519.155
max_wait_us = 140101
sites = 5
wait_hist_us = logarithmic buckets
  hist[0] = 29248
  hist[1] = 1341
  hist[2] = 63
  hist[3] = 27
  hist[4] = 10
  hist[9] = 223
  hist[10] = 453
  hist[11] = 96
  hist[14] = 127
  hist[15] = 229
  hist[16] = 29
  hist[17] = 1
by_callsite (caller PC; symbolize with addr2line):
   0 caller=0x7cd3d6f010c2 calls=12876 total_ms=17508.837 avg_us=1359.804 max_us=140101
   1 caller=0x7cd3d6f0586c calls=10453 total_ms=4.057 avg_us=0.388 max_us=25
   2 caller=0x7cd3d6f0577c calls=3872 total_ms=3.305 avg_us=0.854 max_us=30
   3 caller=0x7cd3d6f0599d calls=3872 total_ms=1.499 avg_us=0.387 max_us=2
   4 caller=0x7cd3d6f04732 calls=774 total_ms=1.457 avg_us=1.882 max_us=17
direct_cudaStreamSynchronize: calls=13900 total_ms=62.348 max_us=2474
by_direct_callsite (file:line):
   0 /opt/llama.cpp/ggml/src/ggml-cuda/ggml-cuda.cu:839 calls=13547 total_ms=56.234 avg_us=4.151 max_us=355
   1 /opt/llama.cpp/ggml/src/ggml-cuda/ggml-cuda.cu:900 calls=12 total_ms=5.782 avg_us=481.833 max_us=2474
   2 /opt/llama.cpp/ggml/src/ggml-cuda/ggml-cuda.cu:2665 calls=191 total_ms=0.218 avg_us=1.141 max_us=6
   3 /opt/llama.cpp/ggml/src/ggml-cuda/ggml-cuda.cu:847 calls=150 total_ms=0.114 avg_us=0.760 max_us=2
=== END CUDA SYNC PROFILE ===
backend-sync-trace: count=31900 backend=CUDA0 caller=ggml_backend_sched_synchronize+0x52

=== CUDA SYNC PROFILE (instrumentation only) ===
total_syncs = 31900
total_wait_ms = 17551.265
max_wait_us = 140101
sites = 5
wait_hist_us = logarithmic buckets
  hist[0] = 29296
  hist[1] = 1344
  hist[2] = 63
  hist[3] = 27
  hist[4] = 10
  hist[9] = 223
  hist[10] = 454
  hist[11] = 96
  hist[14] = 128
  hist[15] = 229
  hist[16] = 29
  hist[17] = 1
by_callsite (caller PC; symbolize with addr2line):
   0 caller=0x7cd3d6f010c2 calls=12905 total_ms=17540.929 avg_us=1359.235 max_us=140101
   1 caller=0x7cd3d6f0586c calls=10467 total_ms=4.065 avg_us=0.388 max_us=25
   2 caller=0x7cd3d6f0577c calls=3876 total_ms=3.309 avg_us=0.854 max_us=30
   3 caller=0x7cd3d6f0599d calls=3876 total_ms=1.501 avg_us=0.387 max_us=2
   4 caller=0x7cd3d6f04732 calls=776 total_ms=1.461 avg_us=1.883 max_us=17
direct_cudaStreamSynchronize: calls=13917 total_ms=62.410 max_us=2474
by_direct_callsite (file:line):
   0 /opt/llama.cpp/ggml/src/ggml-cuda/ggml-cuda.cu:839 calls=13564 total_ms=56.296 avg_us=4.150 max_us=355
   1 /opt/llama.cpp/ggml/src/ggml-cuda/ggml-cuda.cu:900 calls=12 total_ms=5.782 avg_us=481.833 max_us=2474
   2 /opt/llama.cpp/ggml/src/ggml-cuda/ggml-cuda.cu:2665 calls=191 total_ms=0.218 avg_us=1.141 max_us=6
   3 /opt/llama.cpp/ggml/src/ggml-cuda/ggml-cuda.cu:847 calls=150 total_ms=0.114 avg_us=0.760 max_us=2
=== END CUDA SYNC PROFILE ===
backend-sync-trace: count=32000 backend=CUDA0 caller=ggml_backend_sched_synchronize+0x52

=== CUDA SYNC PROFILE (instrumentation only) ===
total_syncs = 32000
total_wait_ms = 17583.403
max_wait_us = 140101
sites = 5
wait_hist_us = logarithmic buckets
  hist[0] = 29389
  hist[1] = 1347
  hist[2] = 63
  hist[3] = 27
  hist[4] = 10
  hist[9] = 225
  hist[10] = 455
  hist[11] = 96
  hist[14] = 129
  hist[15] = 229
  hist[16] = 29
  hist[17] = 1
by_callsite (caller PC; symbolize with addr2line):
   0 caller=0x7cd3d6f010c2 calls=12948 total_ms=17573.037 avg_us=1357.201 max_us=140101
   1 caller=0x7cd3d6f0586c calls=10498 total_ms=4.078 avg_us=0.388 max_us=25
   2 caller=0x7cd3d6f0577c calls=3888 total_ms=3.317 avg_us=0.853 max_us=30
   3 caller=0x7cd3d6f0599d calls=3888 total_ms=1.506 avg_us=0.387 max_us=2
   4 caller=0x7cd3d6f04732 calls=778 total_ms=1.465 avg_us=1.883 max_us=17
direct_cudaStreamSynchronize: calls=13958 total_ms=62.569 max_us=2474
by_direct_callsite (file:line):
   0 /opt/llama.cpp/ggml/src/ggml-cuda/ggml-cuda.cu:839 calls=13605 total_ms=56.455 avg_us=4.150 max_us=355
   1 /opt/llama.cpp/ggml/src/ggml-cuda/ggml-cuda.cu:900 calls=12 total_ms=5.782 avg_us=481.833 max_us=2474
   2 /opt/llama.cpp/ggml/src/ggml-cuda/ggml-cuda.cu:2665 calls=191 total_ms=0.218 avg_us=1.141 max_us=6
   3 /opt/llama.cpp/ggml/src/ggml-cuda/ggml-cuda.cu:847 calls=150 total_ms=0.114 avg_us=0.760 max_us=2
=== END CUDA SYNC PROFILE ===
backend-sync-trace: count=32100 backend=CUDA0 caller=ggml_backend_sched_graph_compute_async_ext+0xecc

=== CUDA SYNC PROFILE (instrumentation only) ===
total_syncs = 32100
total_wait_ms = 17619.744
max_wait_us = 140101
sites = 5
wait_hist_us = logarithmic buckets
  hist[0] = 29481
  hist[1] = 1350
  hist[2] = 65
  hist[3] = 27
  hist[4] = 10
  hist[9] = 226
  hist[10] = 456
  hist[11] = 96
  hist[14] = 129
  hist[15] = 230
  hist[16] = 29
  hist[17] = 1
by_callsite (caller PC; symbolize with addr2line):
   0 caller=0x7cd3d6f010c2 calls=12987 total_ms=17609.345 avg_us=1355.921 max_us=140101
   1 caller=0x7cd3d6f0586c calls=10529 total_ms=4.087 avg_us=0.388 max_us=25
   2 caller=0x7cd3d6f0577c calls=3902 total_ms=3.332 avg_us=0.854 max_us=30
   3 caller=0x7cd3d6f0599d calls=3902 total_ms=1.512 avg_us=0.387 max_us=2
   4 caller=0x7cd3d6f04732 calls=780 total_ms=1.468 avg_us=1.882 max_us=17
direct_cudaStreamSynchronize: calls=13999 total_ms=62.748 max_us=2474
by_direct_callsite (file:line):
   0 /opt/llama.cpp/ggml/src/ggml-cuda/ggml-cuda.cu:839 calls=13646 total_ms=56.634 avg_us=4.150 max_us=355
   1 /opt/llama.cpp/ggml/src/ggml-cuda/ggml-cuda.cu:900 calls=12 total_ms=5.782 avg_us=481.833 max_us=2474
   2 /opt/llama.cpp/ggml/src/ggml-cuda/ggml-cuda.cu:2665 calls=191 total_ms=0.218 avg_us=1.141 max_us=6
   3 /opt/llama.cpp/ggml/src/ggml-cuda/ggml-cuda.cu:847 calls=150 total_ms=0.114 avg_us=0.760 max_us=2
=== END CUDA SYNC PROFILE ===

=== CUDA SYNC PROFILE (instrumentation only) ===
total_syncs = 32100
total_wait_ms = 17619.744
max_wait_us = 140101
sites = 5
wait_hist_us = logarithmic buckets
  hist[0] = 29481
  hist[1] = 1350
  hist[2] = 65
  hist[3] = 27
  hist[4] = 10
  hist[9] = 226
  hist[10] = 456
  hist[11] = 96
  hist[14] = 129
  hist[15] = 230
  hist[16] = 29
  hist[17] = 1
by_callsite (caller PC; symbolize with addr2line):
   0 caller=0x7cd3d6f010c2 calls=12987 total_ms=17609.345 avg_us=1355.921 max_us=140101
   1 caller=0x7cd3d6f0586c calls=10529 total_ms=4.087 avg_us=0.388 max_us=25
   2 caller=0x7cd3d6f0577c calls=3902 total_ms=3.332 avg_us=0.854 max_us=30
   3 caller=0x7cd3d6f0599d calls=3902 total_ms=1.512 avg_us=0.387 max_us=2
   4 caller=0x7cd3d6f04732 calls=780 total_ms=1.468 avg_us=1.882 max_us=17
direct_cudaStreamSynchronize: calls=14000 total_ms=62.751 max_us=2474
by_direct_callsite (file:line):
   0 /opt/llama.cpp/ggml/src/ggml-cuda/ggml-cuda.cu:839 calls=13647 total_ms=56.637 avg_us=4.150 max_us=355
   1 /opt/llama.cpp/ggml/src/ggml-cuda/ggml-cuda.cu:900 calls=12 total_ms=5.782 avg_us=481.833 max_us=2474
   2 /opt/llama.cpp/ggml/src/ggml-cuda/ggml-cuda.cu:2665 calls=191 total_ms=0.218 avg_us=1.141 max_us=6
   3 /opt/llama.cpp/ggml/src/ggml-cuda/ggml-cuda.cu:847 calls=150 total_ms=0.114 avg_us=0.760 max_us=2
=== END CUDA SYNC PROFILE ===
backend-sync-trace: count=32200 backend=CUDA0 caller=0x7cd3d6f04732

=== CUDA SYNC PROFILE (instrumentation only) ===
total_syncs = 32200
total_wait_ms = 17697.880
max_wait_us = 140101
sites = 5
wait_hist_us = logarithmic buckets
  hist[0] = 29575
  hist[1] = 1352
  hist[2] = 65
  hist[3] = 27
  hist[4] = 10
  hist[9] = 227
  hist[10] = 457
  hist[11] = 96
  hist[14] = 129
  hist[15] = 232
  hist[16] = 29
  hist[17] = 1
by_callsite (caller PC; symbolize with addr2line):
   0 caller=0x7cd3d6f010c2 calls=13026 total_ms=17687.456 avg_us=1357.858 max_us=140101
   1 caller=0x7cd3d6f0586c calls=10567 total_ms=4.098 avg_us=0.388 max_us=25
   2 caller=0x7cd3d6f0577c calls=3912 total_ms=3.340 avg_us=0.854 max_us=30
   3 caller=0x7cd3d6f0599d calls=3912 total_ms=1.514 avg_us=0.387 max_us=2
   4 caller=0x7cd3d6f04732 calls=783 total_ms=1.472 avg_us=1.880 max_us=17
direct_cudaStreamSynchronize: calls=14046 total_ms=62.924 max_us=2474
by_direct_callsite (file:line):
   0 /opt/llama.cpp/ggml/src/ggml-cuda/ggml-cuda.cu:839 calls=13693 total_ms=56.810 avg_us=4.149 max_us=355
   1 /opt/llama.cpp/ggml/src/ggml-cuda/ggml-cuda.cu:900 calls=12 total_ms=5.782 avg_us=481.833 max_us=2474
   2 /opt/llama.cpp/ggml/src/ggml-cuda/ggml-cuda.cu:2665 calls=191 total_ms=0.218 avg_us=1.141 max_us=6
   3 /opt/llama.cpp/ggml/src/ggml-cuda/ggml-cuda.cu:847 calls=150 total_ms=0.114 avg_us=0.760 max_us=2
=== END CUDA SYNC PROFILE ===
backend-sync-trace: count=32300 backend=CUDA0 caller=ggml_backend_sched_synchronize+0x52

=== CUDA SYNC PROFILE (instrumentation only) ===
total_syncs = 32300
total_wait_ms = 17735.453
max_wait_us = 140101
sites = 5
wait_hist_us = logarithmic buckets
  hist[0] = 29668
  hist[1] = 1355
  hist[2] = 66
  hist[3] = 27
  hist[4] = 10
  hist[9] = 227
  hist[10] = 459
  hist[11] = 96
  hist[14] = 129
  hist[15] = 233
  hist[16] = 29
  hist[17] = 1
by_callsite (caller PC; symbolize with addr2line):
   0 caller=0x7cd3d6f010c2 calls=13069 total_ms=17724.999 avg_us=1356.263 max_us=140101
   1 caller=0x7cd3d6f0586c calls=10598 total_ms=4.112 avg_us=0.388 max_us=25
   2 caller=0x7cd3d6f0577c calls=3924 total_ms=3.348 avg_us=0.853 max_us=30
   3 caller=0x7cd3d6f0599d calls=3924 total_ms=1.518 avg_us=0.387 max_us=2
   4 caller=0x7cd3d6f04732 calls=785 total_ms=1.476 avg_us=1.880 max_us=17
direct_cudaStreamSynchronize: calls=14086 total_ms=63.100 max_us=2474
by_direct_callsite (file:line):
   0 /opt/llama.cpp/ggml/src/ggml-cuda/ggml-cuda.cu:839 calls=13733 total_ms=56.986 avg_us=4.150 max_us=355
   1 /opt/llama.cpp/ggml/src/ggml-cuda/ggml-cuda.cu:900 calls=12 total_ms=5.782 avg_us=481.833 max_us=2474
   2 /opt/llama.cpp/ggml/src/ggml-cuda/ggml-cuda.cu:2665 calls=191 total_ms=0.218 avg_us=1.141 max_us=6
   3 /opt/llama.cpp/ggml/src/ggml-cuda/ggml-cuda.cu:847 calls=150 total_ms=0.114 avg_us=0.760 max_us=2
=== END CUDA SYNC PROFILE ===

=== CUDA SYNC PROFILE (instrumentation only) ===
total_syncs = 32344
total_wait_ms = 17737.359
max_wait_us = 140101
sites = 5
wait_hist_us = logarithmic buckets
  hist[0] = 29707
  hist[1] = 1357
  hist[2] = 66
  hist[3] = 27
  hist[4] = 11
  hist[9] = 229
  hist[10] = 459
  hist[11] = 96
  hist[14] = 129
  hist[15] = 233
  hist[16] = 29
  hist[17] = 1
by_callsite (caller PC; symbolize with addr2line):
   0 caller=0x7cd3d6f010c2 calls=13092 total_ms=17726.875 avg_us=1354.023 max_us=140101
   1 caller=0x7cd3d6f0586c calls=10606 total_ms=4.116 avg_us=0.388 max_us=25
   2 caller=0x7cd3d6f0577c calls=3930 total_ms=3.371 avg_us=0.858 max_us=30
   3 caller=0x7cd3d6f0599d calls=3930 total_ms=1.519 avg_us=0.387 max_us=2
   4 caller=0x7cd3d6f04732 calls=786 total_ms=1.478 avg_us=1.880 max_us=17
direct_cudaStreamSynchronize: calls=14100 total_ms=63.160 max_us=2474
by_direct_callsite (file:line):
   0 /opt/llama.cpp/ggml/src/ggml-cuda/ggml-cuda.cu:839 calls=13747 total_ms=57.046 avg_us=4.150 max_us=355
   1 /opt/llama.cpp/ggml/src/ggml-cuda/ggml-cuda.cu:900 calls=12 total_ms=5.782 avg_us=481.833 max_us=2474
   2 /opt/llama.cpp/ggml/src/ggml-cuda/ggml-cuda.cu:2665 calls=191 total_ms=0.218 avg_us=1.141 max_us=6
   3 /opt/llama.cpp/ggml/src/ggml-cuda/ggml-cuda.cu:847 calls=150 total_ms=0.114 avg_us=0.760 max_us=2
=== END CUDA SYNC PROFILE ===
backend-sync-trace: count=32400 backend=CUDA0 caller=ggml_backend_sched_graph_compute_async_ext+0xddc

=== CUDA SYNC PROFILE (instrumentation only) ===
total_syncs = 32400
total_wait_ms = 17769.276
max_wait_us = 140101
sites = 5
wait_hist_us = logarithmic buckets
  hist[0] = 29757
  hist[1] = 1361
  hist[2] = 66
  hist[3] = 27
  hist[4] = 11
  hist[9] = 229
  hist[10] = 460
  hist[11] = 96
  hist[14] = 130
  hist[15] = 233
  hist[16] = 29
  hist[17] = 1
by_callsite (caller PC; symbolize with addr2line):
   0 caller=0x7cd3d6f010c2 calls=13110 total_ms=17758.775 avg_us=1354.598 max_us=140101
   1 caller=0x7cd3d6f0586c calls=10629 total_ms=4.121 avg_us=0.388 max_us=25
   2 caller=0x7cd3d6f0577c calls=3937 total_ms=3.379 avg_us=0.858 max_us=30
   3 caller=0x7cd3d6f0599d calls=3936 total_ms=1.519 avg_us=0.386 max_us=2
   4 caller=0x7cd3d6f04732 calls=788 total_ms=1.482 avg_us=1.881 max_us=17
direct_cudaStreamSynchronize: calls=14127 total_ms=63.301 max_us=2474
by_direct_callsite (file:line):
   0 /opt/llama.cpp/ggml/src/ggml-cuda/ggml-cuda.cu:839 calls=13774 total_ms=57.187 avg_us=4.152 max_us=355
   1 /opt/llama.cpp/ggml/src/ggml-cuda/ggml-cuda.cu:900 calls=12 total_ms=5.782 avg_us=481.833 max_us=2474
   2 /opt/llama.cpp/ggml/src/ggml-cuda/ggml-cuda.cu:2665 calls=191 total_ms=0.218 avg_us=1.141 max_us=6
   3 /opt/llama.cpp/ggml/src/ggml-cuda/ggml-cuda.cu:847 calls=150 total_ms=0.114 avg_us=0.760 max_us=2
=== END CUDA SYNC PROFILE ===
backend-sync-trace: count=32500 backend=CUDA0 caller=ggml_backend_sched_graph_compute_async_ext+0xecc

=== CUDA SYNC PROFILE (instrumentation only) ===
total_syncs = 32500
total_wait_ms = 17806.819
max_wait_us = 140101
sites = 5
wait_hist_us = logarithmic buckets
  hist[0] = 29851
  hist[1] = 1362
  hist[2] = 67
  hist[3] = 27
  hist[4] = 11
  hist[9] = 231
  hist[10] = 461
  hist[11] = 96
  hist[14] = 130
  hist[15] = 234
  hist[16] = 29
  hist[17] = 1
by_callsite (caller PC; symbolize with addr2line):
   0 caller=0x7cd3d6f010c2 calls=13142 total_ms=17796.282 avg_us=1354.153 max_us=140101
   1 caller=0x7cd3d6f0586c calls=10664 total_ms=4.137 avg_us=0.388 max_us=25
   2 caller=0x7cd3d6f0577c calls=3952 total_ms=3.392 avg_us=0.858 max_us=30
   3 caller=0x7cd3d6f0599d calls=3952 total_ms=1.524 avg_us=0.386 max_us=2
   4 caller=0x7cd3d6f04732 calls=790 total_ms=1.484 avg_us=1.878 max_us=17
direct_cudaStreamSynchronize: calls=14174 total_ms=63.503 max_us=2474
by_direct_callsite (file:line):
   0 /opt/llama.cpp/ggml/src/ggml-cuda/ggml-cuda.cu:839 calls=13821 total_ms=57.389 avg_us=4.152 max_us=355
   1 /opt/llama.cpp/ggml/src/ggml-cuda/ggml-cuda.cu:900 calls=12 total_ms=5.782 avg_us=481.833 max_us=2474
   2 /opt/llama.cpp/ggml/src/ggml-cuda/ggml-cuda.cu:2665 calls=191 total_ms=0.218 avg_us=1.141 max_us=6
   3 /opt/llama.cpp/ggml/src/ggml-cuda/ggml-cuda.cu:847 calls=150 total_ms=0.114 avg_us=0.760 max_us=2
=== END CUDA SYNC PROFILE ===

=== CUDA SYNC PROFILE (instrumentation only) ===
total_syncs = 32564
total_wait_ms = 17844.940
max_wait_us = 140101
sites = 5
wait_hist_us = logarithmic buckets
  hist[0] = 29909
  hist[1] = 1365
  hist[2] = 68
  hist[3] = 27
  hist[4] = 11
  hist[9] = 232
  hist[10] = 461
  hist[11] = 96
  hist[14] = 130
  hist[15] = 235
  hist[16] = 29
  hist[17] = 1
by_callsite (caller PC; symbolize with addr2line):
   0 caller=0x7cd3d6f010c2 calls=13172 total_ms=17834.386 avg_us=1353.962 max_us=140101
   1 caller=0x7cd3d6f0586c calls=10684 total_ms=4.143 avg_us=0.388 max_us=25
   2 caller=0x7cd3d6f0577c calls=3958 total_ms=3.397 avg_us=0.858 max_us=30
   3 caller=0x7cd3d6f0599d calls=3958 total_ms=1.526 avg_us=0.386 max_us=2
   4 caller=0x7cd3d6f04732 calls=792 total_ms=1.488 avg_us=1.879 max_us=17
direct_cudaStreamSynchronize: calls=14200 total_ms=63.616 max_us=2474
by_direct_callsite (file:line):
   0 /opt/llama.cpp/ggml/src/ggml-cuda/ggml-cuda.cu:839 calls=13847 total_ms=57.502 avg_us=4.153 max_us=355
   1 /opt/llama.cpp/ggml/src/ggml-cuda/ggml-cuda.cu:900 calls=12 total_ms=5.782 avg_us=481.833 max_us=2474
   2 /opt/llama.cpp/ggml/src/ggml-cuda/ggml-cuda.cu:2665 calls=191 total_ms=0.218 avg_us=1.141 max_us=6
   3 /opt/llama.cpp/ggml/src/ggml-cuda/ggml-cuda.cu:847 calls=150 total_ms=0.114 avg_us=0.760 max_us=2
=== END CUDA SYNC PROFILE ===
backend-sync-trace: count=32600 backend=CUDA0 caller=0x7cd3d6f04732

=== CUDA SYNC PROFILE (instrumentation only) ===
total_syncs = 32600
total_wait_ms = 17872.040
max_wait_us = 140101
sites = 5
wait_hist_us = logarithmic buckets
  hist[0] = 29940
  hist[1] = 1368
  hist[2] = 68
  hist[3] = 27
  hist[4] = 11
  hist[9] = 232
  hist[10] = 462
  hist[11] = 96
  hist[14] = 131
  hist[15] = 235
  hist[16] = 29
  hist[17] = 1
by_callsite (caller PC; symbolize with addr2line):
   0 caller=0x7cd3d6f010c2 calls=13181 total_ms=17861.476 avg_us=1355.093 max_us=140101
   1 caller=0x7cd3d6f0586c calls=10702 total_ms=4.145 avg_us=0.387 max_us=25
   2 caller=0x7cd3d6f0577c calls=3962 total_ms=3.402 avg_us=0.859 max_us=30
   3 caller=0x7cd3d6f0599d calls=3962 total_ms=1.527 avg_us=0.385 max_us=2
   4 caller=0x7cd3d6f04732 calls=793 total_ms=1.490 avg_us=1.879 max_us=17
direct_cudaStreamSynchronize: calls=14221 total_ms=63.740 max_us=2474
by_direct_callsite (file:line):
   0 /opt/llama.cpp/ggml/src/ggml-cuda/ggml-cuda.cu:839 calls=13868 total_ms=57.626 avg_us=4.155 max_us=355
   1 /opt/llama.cpp/ggml/src/ggml-cuda/ggml-cuda.cu:900 calls=12 total_ms=5.782 avg_us=481.833 max_us=2474
   2 /opt/llama.cpp/ggml/src/ggml-cuda/ggml-cuda.cu:2665 calls=191 total_ms=0.218 avg_us=1.141 max_us=6
   3 /opt/llama.cpp/ggml/src/ggml-cuda/ggml-cuda.cu:847 calls=150 total_ms=0.114 avg_us=0.760 max_us=2
=== END CUDA SYNC PROFILE ===
backend-sync-trace: count=32700 backend=CUDA0 caller=ggml_backend_sched_synchronize+0x52

=== CUDA SYNC PROFILE (instrumentation only) ===
total_syncs = 32700
total_wait_ms = 17906.662
max_wait_us = 140101
sites = 5
wait_hist_us = logarithmic buckets
  hist[0] = 30035
  hist[1] = 1370
  hist[2] = 68
  hist[3] = 27
  hist[4] = 11
  hist[9] = 232
  hist[10] = 464
  hist[11] = 96
  hist[14] = 132
  hist[15] = 235
  hist[16] = 29
  hist[17] = 1
by_callsite (caller PC; symbolize with addr2line):
   0 caller=0x7cd3d6f010c2 calls=13224 total_ms=17896.072 avg_us=1353.302 max_us=140101
   1 caller=0x7cd3d6f0586c calls=10733 total_ms=4.154 avg_us=0.387 max_us=25
   2 caller=0x7cd3d6f0577c calls=3974 total_ms=3.410 avg_us=0.858 max_us=30
   3 caller=0x7cd3d6f0599d calls=3974 total_ms=1.533 avg_us=0.386 max_us=2
   4 caller=0x7cd3d6f04732 calls=795 total_ms=1.493 avg_us=1.878 max_us=17
direct_cudaStreamSynchronize: calls=14261 total_ms=63.908 max_us=2474
by_direct_callsite (file:line):
   0 /opt/llama.cpp/ggml/src/ggml-cuda/ggml-cuda.cu:839 calls=13908 total_ms=57.794 avg_us=4.155 max_us=355
   1 /opt/llama.cpp/ggml/src/ggml-cuda/ggml-cuda.cu:900 calls=12 total_ms=5.782 avg_us=481.833 max_us=2474
   2 /opt/llama.cpp/ggml/src/ggml-cuda/ggml-cuda.cu:2665 calls=191 total_ms=0.218 avg_us=1.141 max_us=6
   3 /opt/llama.cpp/ggml/src/ggml-cuda/ggml-cuda.cu:847 calls=150 total_ms=0.114 avg_us=0.760 max_us=2
=== END CUDA SYNC PROFILE ===
backend-sync-trace: count=32800 backend=CUDA0 caller=ggml_backend_sched_graph_compute_async_ext+0xffd

=== CUDA SYNC PROFILE (instrumentation only) ===
total_syncs = 32800
total_wait_ms = 17936.331
max_wait_us = 140101
sites = 5
wait_hist_us = logarithmic buckets
  hist[0] = 30128
  hist[1] = 1374
  hist[2] = 68
  hist[3] = 27
  hist[4] = 11
  hist[9] = 233
  hist[10] = 465
  hist[11] = 96
  hist[14] = 133
  hist[15] = 235
  hist[16] = 29
  hist[17] = 1
by_callsite (caller PC; symbolize with addr2line):
   0 caller=0x7cd3d6f010c2 calls=13270 total_ms=17925.706 avg_us=1350.844 max_us=140101
   1 caller=0x7cd3d6f0586c calls=10760 total_ms=4.167 avg_us=0.387 max_us=25
   2 caller=0x7cd3d6f0577c calls=3986 total_ms=3.422 avg_us=0.859 max_us=30
   3 caller=0x7cd3d6f0599d calls=3986 total_ms=1.537 avg_us=0.386 max_us=2
   4 caller=0x7cd3d6f04732 calls=798 total_ms=1.499 avg_us=1.878 max_us=17
direct_cudaStreamSynchronize: calls=14297 total_ms=64.055 max_us=2474
by_direct_callsite (file:line):
   0 /opt/llama.cpp/ggml/src/ggml-cuda/ggml-cuda.cu:839 calls=13944 total_ms=57.941 avg_us=4.155 max_us=355
   1 /opt/llama.cpp/ggml/src/ggml-cuda/ggml-cuda.cu:900 calls=12 total_ms=5.782 avg_us=481.833 max_us=2474
   2 /opt/llama.cpp/ggml/src/ggml-cuda/ggml-cuda.cu:2665 calls=191 total_ms=0.218 avg_us=1.141 max_us=6
   3 /opt/llama.cpp/ggml/src/ggml-cuda/ggml-cuda.cu:847 calls=150 total_ms=0.114 avg_us=0.760 max_us=2
=== END CUDA SYNC PROFILE ===

=== CUDA SYNC PROFILE (instrumentation only) ===
total_syncs = 32802
total_wait_ms = 17936.331
max_wait_us = 140101
sites = 5
wait_hist_us = logarithmic buckets
  hist[0] = 30130
  hist[1] = 1374
  hist[2] = 68
  hist[3] = 27
  hist[4] = 11
  hist[9] = 233
  hist[10] = 465
  hist[11] = 96
  hist[14] = 133
  hist[15] = 235
  hist[16] = 29
  hist[17] = 1
by_callsite (caller PC; symbolize with addr2line):
   0 caller=0x7cd3d6f010c2 calls=13270 total_ms=17925.706 avg_us=1350.844 max_us=140101
   1 caller=0x7cd3d6f0586c calls=10762 total_ms=4.167 avg_us=0.387 max_us=25
   2 caller=0x7cd3d6f0577c calls=3986 total_ms=3.422 avg_us=0.859 max_us=30
   3 caller=0x7cd3d6f0599d calls=3986 total_ms=1.537 avg_us=0.386 max_us=2
   4 caller=0x7cd3d6f04732 calls=798 total_ms=1.499 avg_us=1.878 max_us=17
direct_cudaStreamSynchronize: calls=14300 total_ms=64.067 max_us=2474
by_direct_callsite (file:line):
   0 /opt/llama.cpp/ggml/src/ggml-cuda/ggml-cuda.cu:839 calls=13947 total_ms=57.953 avg_us=4.155 max_us=355
   1 /opt/llama.cpp/ggml/src/ggml-cuda/ggml-cuda.cu:900 calls=12 total_ms=5.782 avg_us=481.833 max_us=2474
   2 /opt/llama.cpp/ggml/src/ggml-cuda/ggml-cuda.cu:2665 calls=191 total_ms=0.218 avg_us=1.141 max_us=6
   3 /opt/llama.cpp/ggml/src/ggml-cuda/ggml-cuda.cu:847 calls=150 total_ms=0.114 avg_us=0.760 max_us=2
=== END CUDA SYNC PROFILE ===
backend-sync-trace: count=32900 backend=CUDA0 caller=ggml_backend_sched_graph_compute_async_ext+0xddc

=== CUDA SYNC PROFILE (instrumentation only) ===
total_syncs = 32900
total_wait_ms = 18035.468
max_wait_us = 140101
sites = 5
wait_hist_us = logarithmic buckets
  hist[0] = 30221
  hist[1] = 1377
  hist[2] = 68
  hist[3] = 27
  hist[4] = 11
  hist[9] = 233
  hist[10] = 466
  hist[11] = 98
  hist[14] = 133
  hist[15] = 235
  hist[16] = 30
  hist[17] = 1
by_callsite (caller PC; symbolize with addr2line):
   0 caller=0x7cd3d6f010c2 calls=13314 total_ms=18024.813 avg_us=1353.824 max_us=140101
   1 caller=0x7cd3d6f0586c calls=10791 total_ms=4.179 avg_us=0.387 max_us=25
   2 caller=0x7cd3d6f0577c calls=3998 total_ms=3.433 avg_us=0.859 max_us=30
   3 caller=0x7cd3d6f0599d calls=3997 total_ms=1.540 avg_us=0.385 max_us=2
   4 caller=0x7cd3d6f04732 calls=800 total_ms=1.503 avg_us=1.879 max_us=17
direct_cudaStreamSynchronize: calls=14338 total_ms=64.219 max_us=2474
by_direct_callsite (file:line):
   0 /opt/llama.cpp/ggml/src/ggml-cuda/ggml-cuda.cu:839 calls=13985 total_ms=58.105 avg_us=4.155 max_us=355
   1 /opt/llama.cpp/ggml/src/ggml-cuda/ggml-cuda.cu:900 calls=12 total_ms=5.782 avg_us=481.833 max_us=2474
   2 /opt/llama.cpp/ggml/src/ggml-cuda/ggml-cuda.cu:2665 calls=191 total_ms=0.218 avg_us=1.141 max_us=6
   3 /opt/llama.cpp/ggml/src/ggml-cuda/ggml-cuda.cu:847 calls=150 total_ms=0.114 avg_us=0.760 max_us=2
=== END CUDA SYNC PROFILE ===
backend-sync-trace: count=33000 backend=CUDA0 caller=ggml_backend_sched_graph_compute_async_ext+0xecc

=== CUDA SYNC PROFILE (instrumentation only) ===
total_syncs = 33000
total_wait_ms = 18129.956
max_wait_us = 140101
sites = 5
wait_hist_us = logarithmic buckets
  hist[0] = 30313
  hist[1] = 1381
  hist[2] = 68
  hist[3] = 27
  hist[4] = 11
  hist[9] = 233
  hist[10] = 468
  hist[11] = 99
  hist[14] = 133
  hist[15] = 235
  hist[16] = 31
  hist[17] = 1
by_callsite (caller PC; symbolize with addr2line):
   0 caller=0x7cd3d6f010c2 calls=13346 total_ms=18119.267 avg_us=1357.655 max_us=140101
   1 caller=0x7cd3d6f0586c calls=10828 total_ms=4.190 avg_us=0.387 max_us=25
   2 caller=0x7cd3d6f0577c calls=4012 total_ms=3.447 avg_us=0.859 max_us=30
   3 caller=0x7cd3d6f0599d calls=4012 total_ms=1.545 avg_us=0.385 max_us=2
   4 caller=0x7cd3d6f04732 calls=802 total_ms=1.507 avg_us=1.879 max_us=17
direct_cudaStreamSynchronize: calls=14386 total_ms=64.420 max_us=2474
by_direct_callsite (file:line):
   0 /opt/llama.cpp/ggml/src/ggml-cuda/ggml-cuda.cu:839 calls=14033 total_ms=58.306 avg_us=4.155 max_us=355
   1 /opt/llama.cpp/ggml/src/ggml-cuda/ggml-cuda.cu:900 calls=12 total_ms=5.782 avg_us=481.833 max_us=2474
   2 /opt/llama.cpp/ggml/src/ggml-cuda/ggml-cuda.cu:2665 calls=191 total_ms=0.218 avg_us=1.141 max_us=6
   3 /opt/llama.cpp/ggml/src/ggml-cuda/ggml-cuda.cu:847 calls=150 total_ms=0.114 avg_us=0.760 max_us=2
=== END CUDA SYNC PROFILE ===

=== CUDA SYNC PROFILE (instrumentation only) ===
total_syncs = 33018
total_wait_ms = 18175.850
max_wait_us = 140101
sites = 5
wait_hist_us = logarithmic buckets
  hist[0] = 30329
  hist[1] = 1382
  hist[2] = 68
  hist[3] = 27
  hist[4] = 11
  hist[9] = 233
  hist[10] = 468
  hist[11] = 99
  hist[14] = 133
  hist[15] = 236
  hist[16] = 31
  hist[17] = 1
by_callsite (caller PC; symbolize with addr2line):
   0 caller=0x7cd3d6f010c2 calls=13348 total_ms=18165.155 avg_us=1360.890 max_us=140101
   1 caller=0x7cd3d6f0586c calls=10839 total_ms=4.192 avg_us=0.387 max_us=25
   2 caller=0x7cd3d6f0577c calls=4014 total_ms=3.449 avg_us=0.859 max_us=30
   3 caller=0x7cd3d6f0599d calls=4014 total_ms=1.545 avg_us=0.385 max_us=2
   4 caller=0x7cd3d6f04732 calls=803 total_ms=1.509 avg_us=1.879 max_us=17
direct_cudaStreamSynchronize: calls=14400 total_ms=64.471 max_us=2474
by_direct_callsite (file:line):
   0 /opt/llama.cpp/ggml/src/ggml-cuda/ggml-cuda.cu:839 calls=14047 total_ms=58.357 avg_us=4.154 max_us=355
   1 /opt/llama.cpp/ggml/src/ggml-cuda/ggml-cuda.cu:900 calls=12 total_ms=5.782 avg_us=481.833 max_us=2474
   2 /opt/llama.cpp/ggml/src/ggml-cuda/ggml-cuda.cu:2665 calls=191 total_ms=0.218 avg_us=1.141 max_us=6
   3 /opt/llama.cpp/ggml/src/ggml-cuda/ggml-cuda.cu:847 calls=150 total_ms=0.114 avg_us=0.760 max_us=2
=== END CUDA SYNC PROFILE ===
backend-sync-trace: count=33100 backend=CUDA0 caller=ggml_backend_sched_graph_compute_async_ext+0xffd

=== CUDA SYNC PROFILE (instrumentation only) ===
total_syncs = 33100
total_wait_ms = 18237.638
max_wait_us = 140101
sites = 5
wait_hist_us = logarithmic buckets
  hist[0] = 30405
  hist[1] = 1385
  hist[2] = 68
  hist[3] = 27
  hist[4] = 11
  hist[9] = 233
  hist[10] = 470
  hist[11] = 99
  hist[14] = 133
  hist[15] = 237
  hist[16] = 31
  hist[17] = 1
by_callsite (caller PC; symbolize with addr2line):
   0 caller=0x7cd3d6f010c2 calls=13385 total_ms=18226.922 avg_us=1361.742 max_us=140101
   1 caller=0x7cd3d6f0586c calls=10864 total_ms=4.200 avg_us=0.387 max_us=25
   2 caller=0x7cd3d6f0577c calls=4023 total_ms=3.456 avg_us=0.859 max_us=30
   3 caller=0x7cd3d6f0599d calls=4023 total_ms=1.547 avg_us=0.385 max_us=2
   4 caller=0x7cd3d6f04732 calls=805 total_ms=1.513 avg_us=1.880 max_us=17
direct_cudaStreamSynchronize: calls=14431 total_ms=64.588 max_us=2474
by_direct_callsite (file:line):
   0 /opt/llama.cpp/ggml/src/ggml-cuda/ggml-cuda.cu:839 calls=14078 total_ms=58.474 avg_us=4.154 max_us=355
   1 /opt/llama.cpp/ggml/src/ggml-cuda/ggml-cuda.cu:900 calls=12 total_ms=5.782 avg_us=481.833 max_us=2474
   2 /opt/llama.cpp/ggml/src/ggml-cuda/ggml-cuda.cu:2665 calls=191 total_ms=0.218 avg_us=1.141 max_us=6
   3 /opt/llama.cpp/ggml/src/ggml-cuda/ggml-cuda.cu:847 calls=150 total_ms=0.114 avg_us=0.760 max_us=2
=== END CUDA SYNC PROFILE ===
backend-sync-trace: count=33200 backend=CUDA0 caller=ggml_backend_sched_graph_compute_async_ext+0xffd

=== CUDA SYNC PROFILE (instrumentation only) ===
total_syncs = 33200
total_wait_ms = 18328.225
max_wait_us = 140101
sites = 5
wait_hist_us = logarithmic buckets
  hist[0] = 30496
  hist[1] = 1391
  hist[2] = 68
  hist[3] = 27
  hist[4] = 11
  hist[9] = 233
  hist[10] = 471
  hist[11] = 100
  hist[14] = 133
  hist[15] = 237
  hist[16] = 32
  hist[17] = 1
by_callsite (caller PC; symbolize with addr2line):
   0 caller=0x7cd3d6f010c2 calls=13425 total_ms=18317.475 avg_us=1364.430 max_us=140101
   1 caller=0x7cd3d6f0586c calls=10895 total_ms=4.211 avg_us=0.387 max_us=25
   2 caller=0x7cd3d6f0577c calls=4036 total_ms=3.467 avg_us=0.859 max_us=30
   3 caller=0x7cd3d6f0599d calls=4036 total_ms=1.553 avg_us=0.385 max_us=2
   4 caller=0x7cd3d6f04732 calls=808 total_ms=1.519 avg_us=1.880 max_us=17
direct_cudaStreamSynchronize: calls=14472 total_ms=64.760 max_us=2474
by_direct_callsite (file:line):
   0 /opt/llama.cpp/ggml/src/ggml-cuda/ggml-cuda.cu:839 calls=14119 total_ms=58.646 avg_us=4.154 max_us=355
   1 /opt/llama.cpp/ggml/src/ggml-cuda/ggml-cuda.cu:900 calls=12 total_ms=5.782 avg_us=481.833 max_us=2474
   2 /opt/llama.cpp/ggml/src/ggml-cuda/ggml-cuda.cu:2665 calls=191 total_ms=0.218 avg_us=1.141 max_us=6
   3 /opt/llama.cpp/ggml/src/ggml-cuda/ggml-cuda.cu:847 calls=150 total_ms=0.114 avg_us=0.760 max_us=2
=== END CUDA SYNC PROFILE ===

=== CUDA SYNC PROFILE (instrumentation only) ===
total_syncs = 33248
total_wait_ms = 18332.054
max_wait_us = 140101
sites = 5
wait_hist_us = logarithmic buckets
  hist[0] = 30541
  hist[1] = 1392
  hist[2] = 68
  hist[3] = 27
  hist[4] = 11
  hist[9] = 233
  hist[10] = 473
  hist[11] = 100
  hist[14] = 133
  hist[15] = 237
  hist[16] = 32
  hist[17] = 1
by_callsite (caller PC; symbolize with addr2line):
   0 caller=0x7cd3d6f010c2 calls=13439 total_ms=18321.290 avg_us=1363.293 max_us=140101
   1 caller=0x7cd3d6f0586c calls=10917 total_ms=4.219 avg_us=0.386 max_us=25
   2 caller=0x7cd3d6f0577c calls=4042 total_ms=3.470 avg_us=0.858 max_us=30
   3 caller=0x7cd3d6f0599d calls=4042 total_ms=1.556 avg_us=0.385 max_us=2
   4 caller=0x7cd3d6f04732 calls=808 total_ms=1.519 avg_us=1.880 max_us=17
direct_cudaStreamSynchronize: calls=14500 total_ms=64.872 max_us=2474
by_direct_callsite (file:line):
   0 /opt/llama.cpp/ggml/src/ggml-cuda/ggml-cuda.cu:839 calls=14147 total_ms=58.758 avg_us=4.153 max_us=355
   1 /opt/llama.cpp/ggml/src/ggml-cuda/ggml-cuda.cu:900 calls=12 total_ms=5.782 avg_us=481.833 max_us=2474
   2 /opt/llama.cpp/ggml/src/ggml-cuda/ggml-cuda.cu:2665 calls=191 total_ms=0.218 avg_us=1.141 max_us=6
   3 /opt/llama.cpp/ggml/src/ggml-cuda/ggml-cuda.cu:847 calls=150 total_ms=0.114 avg_us=0.760 max_us=2
=== END CUDA SYNC PROFILE ===
backend-sync-trace: count=33300 backend=CUDA0 caller=ggml_backend_sched_graph_compute_async_ext+0xddc

=== CUDA SYNC PROFILE (instrumentation only) ===
total_syncs = 33300
total_wait_ms = 18403.581
max_wait_us = 140101
sites = 5
wait_hist_us = logarithmic buckets
  hist[0] = 30589
  hist[1] = 1394
  hist[2] = 68
  hist[3] = 27
  hist[4] = 11
  hist[9] = 233
  hist[10] = 473
  hist[11] = 101
  hist[14] = 133
  hist[15] = 237
  hist[16] = 33
  hist[17] = 1
by_callsite (caller PC; symbolize with addr2line):
   0 caller=0x7cd3d6f010c2 calls=13469 total_ms=18392.803 avg_us=1365.566 max_us=140101
   1 caller=0x7cd3d6f0586c calls=10926 total_ms=4.222 avg_us=0.386 max_us=25
   2 caller=0x7cd3d6f0577c calls=4048 total_ms=3.474 avg_us=0.858 max_us=30
   3 caller=0x7cd3d6f0599d calls=4047 total_ms=1.559 avg_us=0.385 max_us=2
   4 caller=0x7cd3d6f04732 calls=810 total_ms=1.523 avg_us=1.880 max_us=17
direct_cudaStreamSynchronize: calls=14513 total_ms=64.923 max_us=2474
by_direct_callsite (file:line):
   0 /opt/llama.cpp/ggml/src/ggml-cuda/ggml-cuda.cu:839 calls=14160 total_ms=58.809 avg_us=4.153 max_us=355
   1 /opt/llama.cpp/ggml/src/ggml-cuda/ggml-cuda.cu:900 calls=12 total_ms=5.782 avg_us=481.833 max_us=2474
   2 /opt/llama.cpp/ggml/src/ggml-cuda/ggml-cuda.cu:2665 calls=191 total_ms=0.218 avg_us=1.141 max_us=6
   3 /opt/llama.cpp/ggml/src/ggml-cuda/ggml-cuda.cu:847 calls=150 total_ms=0.114 avg_us=0.760 max_us=2
=== END CUDA SYNC PROFILE ===
backend-sync-trace: count=33400 backend=CUDA0 caller=ggml_backend_sched_graph_compute_async_ext+0xffd

=== CUDA SYNC PROFILE (instrumentation only) ===
total_syncs = 33400
total_wait_ms = 18485.280
max_wait_us = 140101
sites = 5
wait_hist_us = logarithmic buckets
  hist[0] = 30683
  hist[1] = 1396
  hist[2] = 68
  hist[3] = 27
  hist[4] = 11
  hist[9] = 234
  hist[10] = 475
  hist[11] = 101
  hist[14] = 133
  hist[15] = 237
  hist[16] = 34
  hist[17] = 1
by_callsite (caller PC; symbolize with addr2line):
   0 caller=0x7cd3d6f010c2 calls=13513 total_ms=18474.480 avg_us=1367.163 max_us=140101
   1 caller=0x7cd3d6f0586c calls=10957 total_ms=4.230 avg_us=0.386 max_us=25
   2 caller=0x7cd3d6f0577c calls=4059 total_ms=3.483 avg_us=0.858 max_us=30
   3 caller=0x7cd3d6f0599d calls=4059 total_ms=1.561 avg_us=0.385 max_us=2
   4 caller=0x7cd3d6f04732 calls=812 total_ms=1.526 avg_us=1.879 max_us=17
direct_cudaStreamSynchronize: calls=14553 total_ms=65.080 max_us=2474
by_direct_callsite (file:line):
   0 /opt/llama.cpp/ggml/src/ggml-cuda/ggml-cuda.cu:839 calls=14200 total_ms=58.966 avg_us=4.153 max_us=355
   1 /opt/llama.cpp/ggml/src/ggml-cuda/ggml-cuda.cu:900 calls=12 total_ms=5.782 avg_us=481.833 max_us=2474
   2 /opt/llama.cpp/ggml/src/ggml-cuda/ggml-cuda.cu:2665 calls=191 total_ms=0.218 avg_us=1.141 max_us=6
   3 /opt/llama.cpp/ggml/src/ggml-cuda/ggml-cuda.cu:847 calls=150 total_ms=0.114 avg_us=0.760 max_us=2
=== END CUDA SYNC PROFILE ===

=== CUDA SYNC PROFILE (instrumentation only) ===
total_syncs = 33489
total_wait_ms = 18534.668
max_wait_us = 140101
sites = 5
wait_hist_us = logarithmic buckets
  hist[0] = 30766
  hist[1] = 1399
  hist[2] = 68
  hist[3] = 27
  hist[4] = 11
  hist[9] = 235
  hist[10] = 476
  hist[11] = 101
  hist[14] = 133
  hist[15] = 238
  hist[16] = 34
  hist[17] = 1
by_callsite (caller PC; symbolize with addr2line):
   0 caller=0x7cd3d6f010c2 calls=13538 total_ms=18523.834 avg_us=1368.284 max_us=140101
   1 caller=0x7cd3d6f0586c calls=10993 total_ms=4.247 avg_us=0.386 max_us=25
   2 caller=0x7cd3d6f0577c calls=4072 total_ms=3.494 avg_us=0.858 max_us=30
   3 caller=0x7cd3d6f0599d calls=4072 total_ms=1.563 avg_us=0.384 max_us=2
   4 caller=0x7cd3d6f04732 calls=814 total_ms=1.530 avg_us=1.880 max_us=17
direct_cudaStreamSynchronize: calls=14600 total_ms=65.277 max_us=2474
by_direct_callsite (file:line):
   0 /opt/llama.cpp/ggml/src/ggml-cuda/ggml-cuda.cu:839 calls=14247 total_ms=59.163 avg_us=4.153 max_us=355
   1 /opt/llama.cpp/ggml/src/ggml-cuda/ggml-cuda.cu:900 calls=12 total_ms=5.782 avg_us=481.833 max_us=2474
   2 /opt/llama.cpp/ggml/src/ggml-cuda/ggml-cuda.cu:2665 calls=191 total_ms=0.218 avg_us=1.141 max_us=6
   3 /opt/llama.cpp/ggml/src/ggml-cuda/ggml-cuda.cu:847 calls=150 total_ms=0.114 avg_us=0.760 max_us=2
=== END CUDA SYNC PROFILE ===
backend-sync-trace: count=33500 backend=CUDA0 caller=ggml_backend_sched_graph_compute_async_ext+0xffd

=== CUDA SYNC PROFILE (instrumentation only) ===
total_syncs = 33500
total_wait_ms = 18575.952
max_wait_us = 140101
sites = 5
wait_hist_us = logarithmic buckets
  hist[0] = 30774
  hist[1] = 1401
  hist[2] = 68
  hist[3] = 27
  hist[4] = 11
  hist[9] = 235
  hist[10] = 476
  hist[11] = 101
  hist[14] = 133
  hist[15] = 239
  hist[16] = 34
  hist[17] = 1
by_callsite (caller PC; symbolize with addr2line):
   0 caller=0x7cd3d6f010c2 calls=13540 total_ms=18565.112 avg_us=1371.131 max_us=140101
   1 caller=0x7cd3d6f0586c calls=10999 total_ms=4.250 avg_us=0.386 max_us=25
   2 caller=0x7cd3d6f0577c calls=4073 total_ms=3.495 avg_us=0.858 max_us=30
   3 caller=0x7cd3d6f0599d calls=4073 total_ms=1.563 avg_us=0.384 max_us=2
   4 caller=0x7cd3d6f04732 calls=815 total_ms=1.532 avg_us=1.880 max_us=17
direct_cudaStreamSynchronize: calls=14606 total_ms=65.294 max_us=2474
by_direct_callsite (file:line):
   0 /opt/llama.cpp/ggml/src/ggml-cuda/ggml-cuda.cu:839 calls=14253 total_ms=59.180 avg_us=4.152 max_us=355
   1 /opt/llama.cpp/ggml/src/ggml-cuda/ggml-cuda.cu:900 calls=12 total_ms=5.782 avg_us=481.833 max_us=2474
   2 /opt/llama.cpp/ggml/src/ggml-cuda/ggml-cuda.cu:2665 calls=191 total_ms=0.218 avg_us=1.141 max_us=6
   3 /opt/llama.cpp/ggml/src/ggml-cuda/ggml-cuda.cu:847 calls=150 total_ms=0.114 avg_us=0.760 max_us=2
=== END CUDA SYNC PROFILE ===
backend-sync-trace: count=33600 backend=CUDA0 caller=ggml_backend_sched_synchronize+0x52

=== CUDA SYNC PROFILE (instrumentation only) ===
total_syncs = 33600
total_wait_ms = 18627.291
max_wait_us = 140101
sites = 5
wait_hist_us = logarithmic buckets
  hist[0] = 30867
  hist[1] = 1405
  hist[2] = 68
  hist[3] = 27
  hist[4] = 11
  hist[9] = 235
  hist[10] = 477
  hist[11] = 102
  hist[14] = 133
  hist[15] = 240
  hist[16] = 34
  hist[17] = 1
by_callsite (caller PC; symbolize with addr2line):
   0 caller=0x7cd3d6f010c2 calls=13585 total_ms=18616.426 avg_us=1370.366 max_us=140101
   1 caller=0x7cd3d6f0586c calls=11030 total_ms=4.259 avg_us=0.386 max_us=25
   2 caller=0x7cd3d6f0577c calls=4084 total_ms=3.501 avg_us=0.857 max_us=30
   3 caller=0x7cd3d6f0599d calls=4084 total_ms=1.569 avg_us=0.384 max_us=2
   4 caller=0x7cd3d6f04732 calls=817 total_ms=1.536 avg_us=1.880 max_us=17
direct_cudaStreamSynchronize: calls=14646 total_ms=65.456 max_us=2474
by_direct_callsite (file:line):
   0 /opt/llama.cpp/ggml/src/ggml-cuda/ggml-cuda.cu:839 calls=14293 total_ms=59.342 avg_us=4.152 max_us=355
   1 /opt/llama.cpp/ggml/src/ggml-cuda/ggml-cuda.cu:900 calls=12 total_ms=5.782 avg_us=481.833 max_us=2474
   2 /opt/llama.cpp/ggml/src/ggml-cuda/ggml-cuda.cu:2665 calls=191 total_ms=0.218 avg_us=1.141 max_us=6
   3 /opt/llama.cpp/ggml/src/ggml-cuda/ggml-cuda.cu:847 calls=150 total_ms=0.114 avg_us=0.760 max_us=2
=== END CUDA SYNC PROFILE ===
backend-sync-trace: count=33700 backend=CUDA0 caller=0x7cd3d6f04732

=== CUDA SYNC PROFILE (instrumentation only) ===
total_syncs = 33700
total_wait_ms = 18671.347
max_wait_us = 140101
sites = 5
wait_hist_us = logarithmic buckets
  hist[0] = 30960
  hist[1] = 1409
  hist[2] = 68
  hist[3] = 27
  hist[4] = 11
  hist[9] = 235
  hist[10] = 479
  hist[11] = 102
  hist[14] = 133
  hist[15] = 241
  hist[16] = 34
  hist[17] = 1
by_callsite (caller PC; symbolize with addr2line):
   0 caller=0x7cd3d6f010c2 calls=13635 total_ms=18660.455 avg_us=1368.570 max_us=140101
   1 caller=0x7cd3d6f0586c calls=11057 total_ms=4.272 avg_us=0.386 max_us=25
   2 caller=0x7cd3d6f0577c calls=4094 total_ms=3.508 avg_us=0.857 max_us=30
   3 caller=0x7cd3d6f0599d calls=4094 total_ms=1.571 avg_us=0.384 max_us=2
   4 caller=0x7cd3d6f04732 calls=820 total_ms=1.541 avg_us=1.879 max_us=17
direct_cudaStreamSynchronize: calls=14681 total_ms=65.608 max_us=2474
by_direct_callsite (file:line):
   0 /opt/llama.cpp/ggml/src/ggml-cuda/ggml-cuda.cu:839 calls=14328 total_ms=59.494 avg_us=4.152 max_us=355
   1 /opt/llama.cpp/ggml/src/ggml-cuda/ggml-cuda.cu:900 calls=12 total_ms=5.782 avg_us=481.833 max_us=2474
   2 /opt/llama.cpp/ggml/src/ggml-cuda/ggml-cuda.cu:2665 calls=191 total_ms=0.218 avg_us=1.141 max_us=6
   3 /opt/llama.cpp/ggml/src/ggml-cuda/ggml-cuda.cu:847 calls=150 total_ms=0.114 avg_us=0.760 max_us=2
=== END CUDA SYNC PROFILE ===

=== CUDA SYNC PROFILE (instrumentation only) ===
total_syncs = 33742
total_wait_ms = 18675.306
max_wait_us = 140101
sites = 5
wait_hist_us = logarithmic buckets
  hist[0] = 30999
  hist[1] = 1410
  hist[2] = 68
  hist[3] = 27
  hist[4] = 11
  hist[9] = 235
  hist[10] = 480
  hist[11] = 103
  hist[14] = 133
  hist[15] = 241
  hist[16] = 34
  hist[17] = 1
by_callsite (caller PC; symbolize with addr2line):
   0 caller=0x7cd3d6f010c2 calls=13649 total_ms=18664.399 avg_us=1367.455 max_us=140101
   1 caller=0x7cd3d6f0586c calls=11069 total_ms=4.277 avg_us=0.386 max_us=25
   2 caller=0x7cd3d6f0577c calls=4102 total_ms=3.516 avg_us=0.857 max_us=30
   3 caller=0x7cd3d6f0599d calls=4102 total_ms=1.573 avg_us=0.383 max_us=2
   4 caller=0x7cd3d6f04732 calls=820 total_ms=1.541 avg_us=1.879 max_us=17
direct_cudaStreamSynchronize: calls=14700 total_ms=65.692 max_us=2474
by_direct_callsite (file:line):
   0 /opt/llama.cpp/ggml/src/ggml-cuda/ggml-cuda.cu:839 calls=14347 total_ms=59.578 avg_us=4.153 max_us=355
   1 /opt/llama.cpp/ggml/src/ggml-cuda/ggml-cuda.cu:900 calls=12 total_ms=5.782 avg_us=481.833 max_us=2474
   2 /opt/llama.cpp/ggml/src/ggml-cuda/ggml-cuda.cu:2665 calls=191 total_ms=0.218 avg_us=1.141 max_us=6
   3 /opt/llama.cpp/ggml/src/ggml-cuda/ggml-cuda.cu:847 calls=150 total_ms=0.114 avg_us=0.760 max_us=2
=== END CUDA SYNC PROFILE ===
backend-sync-trace: count=33800 backend=CUDA0 caller=ggml_backend_sched_synchronize+0x52

=== CUDA SYNC PROFILE (instrumentation only) ===
total_syncs = 33800
total_wait_ms = 18734.534
max_wait_us = 140101
sites = 5
wait_hist_us = logarithmic buckets
  hist[0] = 31052
  hist[1] = 1412
  hist[2] = 69
  hist[3] = 27
  hist[4] = 11
  hist[9] = 236
  hist[10] = 480
  hist[11] = 103
  hist[14] = 133
  hist[15] = 242
  hist[16] = 34
  hist[17] = 1
by_callsite (caller PC; symbolize with addr2line):
   0 caller=0x7cd3d6f010c2 calls=13678 total_ms=18723.612 avg_us=1368.885 max_us=140101
   1 caller=0x7cd3d6f0586c calls=11088 total_ms=4.284 avg_us=0.386 max_us=25
   2 caller=0x7cd3d6f0577c calls=4106 total_ms=3.520 avg_us=0.857 max_us=30
   3 caller=0x7cd3d6f0599d calls=4106 total_ms=1.573 avg_us=0.383 max_us=2
   4 caller=0x7cd3d6f04732 calls=822 total_ms=1.545 avg_us=1.880 max_us=17
direct_cudaStreamSynchronize: calls=14722 total_ms=65.764 max_us=2474
by_direct_callsite (file:line):
   0 /opt/llama.cpp/ggml/src/ggml-cuda/ggml-cuda.cu:839 calls=14369 total_ms=59.650 avg_us=4.151 max_us=355
   1 /opt/llama.cpp/ggml/src/ggml-cuda/ggml-cuda.cu:900 calls=12 total_ms=5.782 avg_us=481.833 max_us=2474
   2 /opt/llama.cpp/ggml/src/ggml-cuda/ggml-cuda.cu:2665 calls=191 total_ms=0.218 avg_us=1.141 max_us=6
   3 /opt/llama.cpp/ggml/src/ggml-cuda/ggml-cuda.cu:847 calls=150 total_ms=0.114 avg_us=0.760 max_us=2
=== END CUDA SYNC PROFILE ===
backend-sync-trace: count=33900 backend=CUDA0 caller=ggml_backend_sched_graph_compute_async_ext+0xecc

=== CUDA SYNC PROFILE (instrumentation only) ===
total_syncs = 33900
total_wait_ms = 18780.408
max_wait_us = 140101
sites = 5
wait_hist_us = logarithmic buckets
  hist[0] = 31144
  hist[1] = 1416
  hist[2] = 69
  hist[3] = 27
  hist[4] = 11
  hist[9] = 237
  hist[10] = 482
  hist[11] = 103
  hist[14] = 133
  hist[15] = 243
  hist[16] = 34
  hist[17] = 1
by_callsite (caller PC; symbolize with addr2line):
   0 caller=0x7cd3d6f010c2 calls=13711 total_ms=18769.451 avg_us=1368.934 max_us=140101
   1 caller=0x7cd3d6f0586c calls=11121 total_ms=4.296 avg_us=0.386 max_us=25
   2 caller=0x7cd3d6f0577c calls=4122 total_ms=3.534 avg_us=0.857 max_us=30
   3 caller=0x7cd3d6f0599d calls=4122 total_ms=1.578 avg_us=0.383 max_us=2
   4 caller=0x7cd3d6f04732 calls=824 total_ms=1.549 avg_us=1.880 max_us=17
direct_cudaStreamSynchronize: calls=14767 total_ms=65.946 max_us=2474
by_direct_callsite (file:line):
   0 /opt/llama.cpp/ggml/src/ggml-cuda/ggml-cuda.cu:839 calls=14414 total_ms=59.832 avg_us=4.151 max_us=355
   1 /opt/llama.cpp/ggml/src/ggml-cuda/ggml-cuda.cu:900 calls=12 total_ms=5.782 avg_us=481.833 max_us=2474
   2 /opt/llama.cpp/ggml/src/ggml-cuda/ggml-cuda.cu:2665 calls=191 total_ms=0.218 avg_us=1.141 max_us=6
   3 /opt/llama.cpp/ggml/src/ggml-cuda/ggml-cuda.cu:847 calls=150 total_ms=0.114 avg_us=0.760 max_us=2
=== END CUDA SYNC PROFILE ===

=== CUDA SYNC PROFILE (instrumentation only) ===
total_syncs = 33980
total_wait_ms = 18819.968
max_wait_us = 140101
sites = 5
wait_hist_us = logarithmic buckets
  hist[0] = 31218
  hist[1] = 1419
  hist[2] = 69
  hist[3] = 27
  hist[4] = 11
  hist[9] = 237
  hist[10] = 483
  hist[11] = 104
  hist[14] = 133
  hist[15] = 244
  hist[16] = 34
  hist[17] = 1
by_callsite (caller PC; symbolize with addr2line):
   0 caller=0x7cd3d6f010c2 calls=13748 total_ms=18808.989 avg_us=1368.125 max_us=140101
   1 caller=0x7cd3d6f0586c calls=11146 total_ms=4.305 avg_us=0.386 max_us=25
   2 caller=0x7cd3d6f0577c calls=4130 total_ms=3.540 avg_us=0.857 max_us=30
   3 caller=0x7cd3d6f0599d calls=4130 total_ms=1.581 avg_us=0.383 max_us=2
   4 caller=0x7cd3d6f04732 calls=826 total_ms=1.553 avg_us=1.880 max_us=17
direct_cudaStreamSynchronize: calls=14800 total_ms=66.080 max_us=2474
by_direct_callsite (file:line):
   0 /opt/llama.cpp/ggml/src/ggml-cuda/ggml-cuda.cu:839 calls=14447 total_ms=59.966 avg_us=4.151 max_us=355
   1 /opt/llama.cpp/ggml/src/ggml-cuda/ggml-cuda.cu:900 calls=12 total_ms=5.782 avg_us=481.833 max_us=2474
   2 /opt/llama.cpp/ggml/src/ggml-cuda/ggml-cuda.cu:2665 calls=191 total_ms=0.218 avg_us=1.141 max_us=6
   3 /opt/llama.cpp/ggml/src/ggml-cuda/ggml-cuda.cu:847 calls=150 total_ms=0.114 avg_us=0.760 max_us=2
=== END CUDA SYNC PROFILE ===
backend-sync-trace: count=34000 backend=CUDA0 caller=ggml_backend_sched_synchronize+0x52

=== CUDA SYNC PROFILE (instrumentation only) ===
total_syncs = 34000
total_wait_ms = 18848.759
max_wait_us = 140101
sites = 5
wait_hist_us = logarithmic buckets
  hist[0] = 31237
  hist[1] = 1419
  hist[2] = 69
  hist[3] = 27
  hist[4] = 11
  hist[9] = 237
  hist[10] = 483
  hist[11] = 104
  hist[14] = 134
  hist[15] = 244
  hist[16] = 34
  hist[17] = 1
by_callsite (caller PC; symbolize with addr2line):
   0 caller=0x7cd3d6f010c2 calls=13749 total_ms=18837.775 avg_us=1370.120 max_us=140101
   1 caller=0x7cd3d6f0586c calls=11161 total_ms=4.308 avg_us=0.386 max_us=25
   2 caller=0x7cd3d6f0577c calls=4132 total_ms=3.540 avg_us=0.857 max_us=30
   3 caller=0x7cd3d6f0599d calls=4132 total_ms=1.583 avg_us=0.383 max_us=2
   4 caller=0x7cd3d6f04732 calls=826 total_ms=1.553 avg_us=1.880 max_us=17
direct_cudaStreamSynchronize: calls=14816 total_ms=66.180 max_us=2474
by_direct_callsite (file:line):
   0 /opt/llama.cpp/ggml/src/ggml-cuda/ggml-cuda.cu:839 calls=14463 total_ms=60.066 avg_us=4.153 max_us=355
   1 /opt/llama.cpp/ggml/src/ggml-cuda/ggml-cuda.cu:900 calls=12 total_ms=5.782 avg_us=481.833 max_us=2474
   2 /opt/llama.cpp/ggml/src/ggml-cuda/ggml-cuda.cu:2665 calls=191 total_ms=0.218 avg_us=1.141 max_us=6
   3 /opt/llama.cpp/ggml/src/ggml-cuda/ggml-cuda.cu:847 calls=150 total_ms=0.114 avg_us=0.760 max_us=2
=== END CUDA SYNC PROFILE ===
backend-sync-trace: count=34100 backend=CUDA0 caller=ggml_backend_sched_graph_compute_async_ext+0xecc

=== CUDA SYNC PROFILE (instrumentation only) ===
total_syncs = 34100
total_wait_ms = 18892.056
max_wait_us = 140101
sites = 5
wait_hist_us = logarithmic buckets
  hist[0] = 31329
  hist[1] = 1424
  hist[2] = 69
  hist[3] = 27
  hist[4] = 11
  hist[9] = 238
  hist[10] = 484
  hist[11] = 104
  hist[14] = 134
  hist[15] = 245
  hist[16] = 34
  hist[17] = 1
by_callsite (caller PC; symbolize with addr2line):
   0 caller=0x7cd3d6f010c2 calls=13784 total_ms=18881.041 avg_us=1369.780 max_us=140101
   1 caller=0x7cd3d6f0586c calls=11194 total_ms=4.317 avg_us=0.386 max_us=25
   2 caller=0x7cd3d6f0577c calls=4146 total_ms=3.551 avg_us=0.856 max_us=30
   3 caller=0x7cd3d6f0599d calls=4146 total_ms=1.586 avg_us=0.383 max_us=2
   4 caller=0x7cd3d6f04732 calls=830 total_ms=1.561 avg_us=1.881 max_us=17
direct_cudaStreamSynchronize: calls=14859 total_ms=66.357 max_us=2474
by_direct_callsite (file:line):
   0 /opt/llama.cpp/ggml/src/ggml-cuda/ggml-cuda.cu:839 calls=14506 total_ms=60.243 avg_us=4.153 max_us=355
   1 /opt/llama.cpp/ggml/src/ggml-cuda/ggml-cuda.cu:900 calls=12 total_ms=5.782 avg_us=481.833 max_us=2474
   2 /opt/llama.cpp/ggml/src/ggml-cuda/ggml-cuda.cu:2665 calls=191 total_ms=0.218 avg_us=1.141 max_us=6
   3 /opt/llama.cpp/ggml/src/ggml-cuda/ggml-cuda.cu:847 calls=150 total_ms=0.114 avg_us=0.760 max_us=2
=== END CUDA SYNC PROFILE ===

=== CUDA SYNC PROFILE (instrumentation only) ===
total_syncs = 34194
total_wait_ms = 18930.330
max_wait_us = 140101
sites = 5
wait_hist_us = logarithmic buckets
  hist[0] = 31415
  hist[1] = 1428
  hist[2] = 69
  hist[3] = 27
  hist[4] = 11
  hist[9] = 239
  hist[10] = 486
  hist[11] = 104
  hist[14] = 134
  hist[15] = 246
  hist[16] = 34
  hist[17] = 1
by_callsite (caller PC; symbolize with addr2line):
   0 caller=0x7cd3d6f010c2 calls=13822 total_ms=18919.287 avg_us=1368.781 max_us=140101
   1 caller=0x7cd3d6f0586c calls=11224 total_ms=4.329 avg_us=0.386 max_us=25
   2 caller=0x7cd3d6f0577c calls=4158 total_ms=3.560 avg_us=0.856 max_us=30
   3 caller=0x7cd3d6f0599d calls=4158 total_ms=1.589 avg_us=0.382 max_us=2
   4 caller=0x7cd3d6f04732 calls=832 total_ms=1.565 avg_us=1.881 max_us=17
direct_cudaStreamSynchronize: calls=14900 total_ms=66.515 max_us=2474
by_direct_callsite (file:line):
   0 /opt/llama.cpp/ggml/src/ggml-cuda/ggml-cuda.cu:839 calls=14547 total_ms=60.401 avg_us=4.152 max_us=355
   1 /opt/llama.cpp/ggml/src/ggml-cuda/ggml-cuda.cu:900 calls=12 total_ms=5.782 avg_us=481.833 max_us=2474
   2 /opt/llama.cpp/ggml/src/ggml-cuda/ggml-cuda.cu:2665 calls=191 total_ms=0.218 avg_us=1.141 max_us=6
   3 /opt/llama.cpp/ggml/src/ggml-cuda/ggml-cuda.cu:847 calls=150 total_ms=0.114 avg_us=0.760 max_us=2
=== END CUDA SYNC PROFILE ===
backend-sync-trace: count=34200 backend=CUDA0 caller=ggml_backend_sched_synchronize+0x52

=== CUDA SYNC PROFILE (instrumentation only) ===
total_syncs = 34200
total_wait_ms = 18931.852
max_wait_us = 140101
sites = 5
wait_hist_us = logarithmic buckets
  hist[0] = 31420
  hist[1] = 1428
  hist[2] = 69
  hist[3] = 27
  hist[4] = 11
  hist[9] = 239
  hist[10] = 487
  hist[11] = 104
  hist[14] = 134
  hist[15] = 246
  hist[16] = 34
  hist[17] = 1
by_callsite (caller PC; symbolize with addr2line):
   0 caller=0x7cd3d6f010c2 calls=13825 total_ms=18920.808 avg_us=1368.594 max_us=140101
   1 caller=0x7cd3d6f0586c calls=11227 total_ms=4.330 avg_us=0.386 max_us=25
   2 caller=0x7cd3d6f0577c calls=4158 total_ms=3.560 avg_us=0.856 max_us=30
   3 caller=0x7cd3d6f0599d calls=4158 total_ms=1.589 avg_us=0.382 max_us=2
   4 caller=0x7cd3d6f04732 calls=832 total_ms=1.565 avg_us=1.881 max_us=17
direct_cudaStreamSynchronize: calls=14903 total_ms=66.524 max_us=2474
by_direct_callsite (file:line):
   0 /opt/llama.cpp/ggml/src/ggml-cuda/ggml-cuda.cu:839 calls=14550 total_ms=60.410 avg_us=4.152 max_us=355
   1 /opt/llama.cpp/ggml/src/ggml-cuda/ggml-cuda.cu:900 calls=12 total_ms=5.782 avg_us=481.833 max_us=2474
   2 /opt/llama.cpp/ggml/src/ggml-cuda/ggml-cuda.cu:2665 calls=191 total_ms=0.218 avg_us=1.141 max_us=6
   3 /opt/llama.cpp/ggml/src/ggml-cuda/ggml-cuda.cu:847 calls=150 total_ms=0.114 avg_us=0.760 max_us=2
=== END CUDA SYNC PROFILE ===
backend-sync-trace: count=34300 backend=CUDA0 caller=ggml_backend_sched_graph_compute_async_ext+0xecc

=== CUDA SYNC PROFILE (instrumentation only) ===
total_syncs = 34300
total_wait_ms = 18966.548
max_wait_us = 140101
sites = 5
wait_hist_us = logarithmic buckets
  hist[0] = 31512
  hist[1] = 1432
  hist[2] = 70
  hist[3] = 27
  hist[4] = 11
  hist[9] = 241
  hist[10] = 487
  hist[11] = 104
  hist[14] = 134
  hist[15] = 247
  hist[16] = 34
  hist[17] = 1
by_callsite (caller PC; symbolize with addr2line):
   0 caller=0x7cd3d6f010c2 calls=13854 total_ms=18955.468 avg_us=1368.231 max_us=140101
   1 caller=0x7cd3d6f0586c calls=11268 total_ms=4.341 avg_us=0.385 max_us=25
   2 caller=0x7cd3d6f0577c calls=4172 total_ms=3.573 avg_us=0.856 max_us=30
   3 caller=0x7cd3d6f0599d calls=4172 total_ms=1.596 avg_us=0.383 max_us=2
   4 caller=0x7cd3d6f04732 calls=834 total_ms=1.570 avg_us=1.882 max_us=17
direct_cudaStreamSynchronize: calls=14954 total_ms=66.742 max_us=2474
by_direct_callsite (file:line):
   0 /opt/llama.cpp/ggml/src/ggml-cuda/ggml-cuda.cu:839 calls=14601 total_ms=60.628 avg_us=4.152 max_us=355
   1 /opt/llama.cpp/ggml/src/ggml-cuda/ggml-cuda.cu:900 calls=12 total_ms=5.782 avg_us=481.833 max_us=2474
   2 /opt/llama.cpp/ggml/src/ggml-cuda/ggml-cuda.cu:2665 calls=191 total_ms=0.218 avg_us=1.141 max_us=6
   3 /opt/llama.cpp/ggml/src/ggml-cuda/ggml-cuda.cu:847 calls=150 total_ms=0.114 avg_us=0.760 max_us=2
=== END CUDA SYNC PROFILE ===
backend-sync-trace: count=34400 backend=CUDA0 caller=ggml_backend_sched_synchronize+0x52

=== CUDA SYNC PROFILE (instrumentation only) ===
total_syncs = 34400
total_wait_ms = 19036.133
max_wait_us = 140101
sites = 5
wait_hist_us = logarithmic buckets
  hist[0] = 31604
  hist[1] = 1436
  hist[2] = 70
  hist[3] = 27
  hist[4] = 11
  hist[9] = 243
  hist[10] = 487
  hist[11] = 104
  hist[14] = 135
  hist[15] = 248
  hist[16] = 34
  hist[17] = 1
by_callsite (caller PC; symbolize with addr2line):
   0 caller=0x7cd3d6f010c2 calls=13895 total_ms=19025.025 avg_us=1369.199 max_us=140101
   1 caller=0x7cd3d6f0586c calls=11300 total_ms=4.352 avg_us=0.385 max_us=25
   2 caller=0x7cd3d6f0577c calls=4184 total_ms=3.579 avg_us=0.855 max_us=30
   3 caller=0x7cd3d6f0599d calls=4184 total_ms=1.601 avg_us=0.383 max_us=2
   4 caller=0x7cd3d6f04732 calls=837 total_ms=1.576 avg_us=1.883 max_us=17
direct_cudaStreamSynchronize: calls=14996 total_ms=66.913 max_us=2474
by_direct_callsite (file:line):
   0 /opt/llama.cpp/ggml/src/ggml-cuda/ggml-cuda.cu:839 calls=14643 total_ms=60.799 avg_us=4.152 max_us=355
   1 /opt/llama.cpp/ggml/src/ggml-cuda/ggml-cuda.cu:900 calls=12 total_ms=5.782 avg_us=481.833 max_us=2474
   2 /opt/llama.cpp/ggml/src/ggml-cuda/ggml-cuda.cu:2665 calls=191 total_ms=0.218 avg_us=1.141 max_us=6
   3 /opt/llama.cpp/ggml/src/ggml-cuda/ggml-cuda.cu:847 calls=150 total_ms=0.114 avg_us=0.760 max_us=2
=== END CUDA SYNC PROFILE ===

=== CUDA SYNC PROFILE (instrumentation only) ===
total_syncs = 34414
total_wait_ms = 19036.142
max_wait_us = 140101
sites = 5
wait_hist_us = logarithmic buckets
  hist[0] = 31617
  hist[1] = 1437
  hist[2] = 70
  hist[3] = 27
  hist[4] = 11
  hist[9] = 243
  hist[10] = 487
  hist[11] = 104
  hist[14] = 135
  hist[15] = 248
  hist[16] = 34
  hist[17] = 1
by_callsite (caller PC; symbolize with addr2line):
   0 caller=0x7cd3d6f010c2 calls=13902 total_ms=19025.030 avg_us=1368.510 max_us=140101
   1 caller=0x7cd3d6f0586c calls=11302 total_ms=4.352 avg_us=0.385 max_us=25
   2 caller=0x7cd3d6f0577c calls=4186 total_ms=3.580 avg_us=0.855 max_us=30
   3 caller=0x7cd3d6f0599d calls=4186 total_ms=1.602 avg_us=0.383 max_us=2
   4 caller=0x7cd3d6f04732 calls=838 total_ms=1.578 avg_us=1.883 max_us=17
direct_cudaStreamSynchronize: calls=15000 total_ms=66.928 max_us=2474
by_direct_callsite (file:line):
   0 /opt/llama.cpp/ggml/src/ggml-cuda/ggml-cuda.cu:839 calls=14647 total_ms=60.814 avg_us=4.152 max_us=355
   1 /opt/llama.cpp/ggml/src/ggml-cuda/ggml-cuda.cu:900 calls=12 total_ms=5.782 avg_us=481.833 max_us=2474
   2 /opt/llama.cpp/ggml/src/ggml-cuda/ggml-cuda.cu:2665 calls=191 total_ms=0.218 avg_us=1.141 max_us=6
   3 /opt/llama.cpp/ggml/src/ggml-cuda/ggml-cuda.cu:847 calls=150 total_ms=0.114 avg_us=0.760 max_us=2
=== END CUDA SYNC PROFILE ===
backend-sync-trace: count=34500 backend=CUDA0 caller=ggml_backend_sched_graph_compute_async_ext+0xddc

=== CUDA SYNC PROFILE (instrumentation only) ===
total_syncs = 34500
total_wait_ms = 19084.793
max_wait_us = 140101
sites = 5
wait_hist_us = logarithmic buckets
  hist[0] = 31695
  hist[1] = 1441
  hist[2] = 70
  hist[3] = 27
  hist[4] = 11
  hist[9] = 243
  hist[10] = 490
  hist[11] = 104
  hist[14] = 135
  hist[15] = 249
  hist[16] = 34
  hist[17] = 1
by_callsite (caller PC; symbolize with addr2line):
   0 caller=0x7cd3d6f010c2 calls=13934 total_ms=19073.651 avg_us=1368.857 max_us=140101
   1 caller=0x7cd3d6f0586c calls=11331 total_ms=4.365 avg_us=0.385 max_us=25
   2 caller=0x7cd3d6f0577c calls=4198 total_ms=3.587 avg_us=0.854 max_us=30
   3 caller=0x7cd3d6f0599d calls=4197 total_ms=1.608 avg_us=0.383 max_us=2
   4 caller=0x7cd3d6f04732 calls=840 total_ms=1.582 avg_us=1.883 max_us=17
direct_cudaStreamSynchronize: calls=15038 total_ms=67.077 max_us=2474
by_direct_callsite (file:line):
   0 /opt/llama.cpp/ggml/src/ggml-cuda/ggml-cuda.cu:839 calls=14685 total_ms=60.963 avg_us=4.151 max_us=355
   1 /opt/llama.cpp/ggml/src/ggml-cuda/ggml-cuda.cu:900 calls=12 total_ms=5.782 avg_us=481.833 max_us=2474
   2 /opt/llama.cpp/ggml/src/ggml-cuda/ggml-cuda.cu:2665 calls=191 total_ms=0.218 avg_us=1.141 max_us=6
   3 /opt/llama.cpp/ggml/src/ggml-cuda/ggml-cuda.cu:847 calls=150 total_ms=0.114 avg_us=0.760 max_us=2
=== END CUDA SYNC PROFILE ===
backend-sync-trace: count=34600 backend=CUDA0 caller=ggml_backend_sched_graph_compute_async_ext+0xffd

=== CUDA SYNC PROFILE (instrumentation only) ===
total_syncs = 34600
total_wait_ms = 19124.712
max_wait_us = 140101
sites = 5
wait_hist_us = logarithmic buckets
  hist[0] = 31789
  hist[1] = 1443
  hist[2] = 70
  hist[3] = 27
  hist[4] = 11
  hist[9] = 244
  hist[10] = 492
  hist[11] = 104
  hist[14] = 135
  hist[15] = 250
  hist[16] = 34
  hist[17] = 1
by_callsite (caller PC; symbolize with addr2line):
   0 caller=0x7cd3d6f010c2 calls=13972 total_ms=19113.541 avg_us=1367.989 max_us=140101
   1 caller=0x7cd3d6f0586c calls=11362 total_ms=4.375 avg_us=0.385 max_us=25
   2 caller=0x7cd3d6f0577c calls=4212 total_ms=3.598 avg_us=0.854 max_us=30
   3 caller=0x7cd3d6f0599d calls=4212 total_ms=1.614 avg_us=0.383 max_us=2
   4 caller=0x7cd3d6f04732 calls=842 total_ms=1.584 avg_us=1.881 max_us=17
direct_cudaStreamSynchronize: calls=15080 total_ms=67.242 max_us=2474
by_direct_callsite (file:line):
   0 /opt/llama.cpp/ggml/src/ggml-cuda/ggml-cuda.cu:839 calls=14727 total_ms=61.128 avg_us=4.151 max_us=355
   1 /opt/llama.cpp/ggml/src/ggml-cuda/ggml-cuda.cu:900 calls=12 total_ms=5.782 avg_us=481.833 max_us=2474
   2 /opt/llama.cpp/ggml/src/ggml-cuda/ggml-cuda.cu:2665 calls=191 total_ms=0.218 avg_us=1.141 max_us=6
   3 /opt/llama.cpp/ggml/src/ggml-cuda/ggml-cuda.cu:847 calls=150 total_ms=0.114 avg_us=0.760 max_us=2
=== END CUDA SYNC PROFILE ===

=== CUDA SYNC PROFILE (instrumentation only) ===
total_syncs = 34624
total_wait_ms = 19169.595
max_wait_us = 140101
sites = 5
wait_hist_us = logarithmic buckets
  hist[0] = 31811
  hist[1] = 1444
  hist[2] = 70
  hist[3] = 27
  hist[4] = 11
  hist[9] = 244
  hist[10] = 492
  hist[11] = 104
  hist[14] = 135
  hist[15] = 251
  hist[16] = 34
  hist[17] = 1
by_callsite (caller PC; symbolize with addr2line):
   0 caller=0x7cd3d6f010c2 calls=13974 total_ms=19158.416 avg_us=1371.004 max_us=140101
   1 caller=0x7cd3d6f0586c calls=11379 total_ms=4.381 avg_us=0.385 max_us=25
   2 caller=0x7cd3d6f0577c calls=4214 total_ms=3.598 avg_us=0.854 max_us=30
   3 caller=0x7cd3d6f0599d calls=4214 total_ms=1.615 avg_us=0.383 max_us=2
   4 caller=0x7cd3d6f04732 calls=843 total_ms=1.585 avg_us=1.880 max_us=17
direct_cudaStreamSynchronize: calls=15100 total_ms=67.354 max_us=2474
by_direct_callsite (file:line):
   0 /opt/llama.cpp/ggml/src/ggml-cuda/ggml-cuda.cu:839 calls=14747 total_ms=61.240 avg_us=4.153 max_us=355
   1 /opt/llama.cpp/ggml/src/ggml-cuda/ggml-cuda.cu:900 calls=12 total_ms=5.782 avg_us=481.833 max_us=2474
   2 /opt/llama.cpp/ggml/src/ggml-cuda/ggml-cuda.cu:2665 calls=191 total_ms=0.218 avg_us=1.141 max_us=6
   3 /opt/llama.cpp/ggml/src/ggml-cuda/ggml-cuda.cu:847 calls=150 total_ms=0.114 avg_us=0.760 max_us=2
=== END CUDA SYNC PROFILE ===
backend-sync-trace: count=34700 backend=CUDA0 caller=ggml_backend_sched_graph_compute_async_ext+0xecc

=== CUDA SYNC PROFILE (instrumentation only) ===
total_syncs = 34700
total_wait_ms = 19172.948
max_wait_us = 140101
sites = 5
wait_hist_us = logarithmic buckets
  hist[0] = 31883
  hist[1] = 1446
  hist[2] = 70
  hist[3] = 27
  hist[4] = 11
  hist[9] = 244
  hist[10] = 493
  hist[11] = 105
  hist[14] = 135
  hist[15] = 251
  hist[16] = 34
  hist[17] = 1
by_callsite (caller PC; symbolize with addr2line):
   0 caller=0x7cd3d6f010c2 calls=14009 total_ms=19161.748 avg_us=1367.817 max_us=140101
   1 caller=0x7cd3d6f0586c calls=11403 total_ms=4.392 avg_us=0.385 max_us=25
   2 caller=0x7cd3d6f0577c calls=4222 total_ms=3.605 avg_us=0.854 max_us=30
   3 caller=0x7cd3d6f0599d calls=4222 total_ms=1.616 avg_us=0.383 max_us=2
   4 caller=0x7cd3d6f04732 calls=844 total_ms=1.587 avg_us=1.880 max_us=17
direct_cudaStreamSynchronize: calls=15129 total_ms=67.467 max_us=2474
by_direct_callsite (file:line):
   0 /opt/llama.cpp/ggml/src/ggml-cuda/ggml-cuda.cu:839 calls=14776 total_ms=61.353 avg_us=4.152 max_us=355
   1 /opt/llama.cpp/ggml/src/ggml-cuda/ggml-cuda.cu:900 calls=12 total_ms=5.782 avg_us=481.833 max_us=2474
   2 /opt/llama.cpp/ggml/src/ggml-cuda/ggml-cuda.cu:2665 calls=191 total_ms=0.218 avg_us=1.141 max_us=6
   3 /opt/llama.cpp/ggml/src/ggml-cuda/ggml-cuda.cu:847 calls=150 total_ms=0.114 avg_us=0.760 max_us=2
=== END CUDA SYNC PROFILE ===
backend-sync-trace: count=34800 backend=CUDA0 caller=ggml_backend_sched_synchronize+0x52

=== CUDA SYNC PROFILE (instrumentation only) ===
total_syncs = 34800
total_wait_ms = 19282.249
max_wait_us = 140101
sites = 5
wait_hist_us = logarithmic buckets
  hist[0] = 31973
  hist[1] = 1452
  hist[2] = 70
  hist[3] = 27
  hist[4] = 11
  hist[9] = 244
  hist[10] = 494
  hist[11] = 106
  hist[14] = 135
  hist[15] = 253
  hist[16] = 34
  hist[17] = 1
by_callsite (caller PC; symbolize with addr2line):
   0 caller=0x7cd3d6f010c2 calls=14050 total_ms=19271.022 avg_us=1371.603 max_us=140101
   1 caller=0x7cd3d6f0586c calls=11435 total_ms=4.402 avg_us=0.385 max_us=25
   2 caller=0x7cd3d6f0577c calls=4234 total_ms=3.614 avg_us=0.854 max_us=30
   3 caller=0x7cd3d6f0599d calls=4234 total_ms=1.619 avg_us=0.382 max_us=2
   4 caller=0x7cd3d6f04732 calls=847 total_ms=1.592 avg_us=1.880 max_us=17
direct_cudaStreamSynchronize: calls=15171 total_ms=67.643 max_us=2474
by_direct_callsite (file:line):
   0 /opt/llama.cpp/ggml/src/ggml-cuda/ggml-cuda.cu:839 calls=14818 total_ms=61.529 avg_us=4.152 max_us=355
   1 /opt/llama.cpp/ggml/src/ggml-cuda/ggml-cuda.cu:900 calls=12 total_ms=5.782 avg_us=481.833 max_us=2474
   2 /opt/llama.cpp/ggml/src/ggml-cuda/ggml-cuda.cu:2665 calls=191 total_ms=0.218 avg_us=1.141 max_us=6
   3 /opt/llama.cpp/ggml/src/ggml-cuda/ggml-cuda.cu:847 calls=150 total_ms=0.114 avg_us=0.760 max_us=2
=== END CUDA SYNC PROFILE ===

=== CUDA SYNC PROFILE (instrumentation only) ===
total_syncs = 34854
total_wait_ms = 19284.426
max_wait_us = 140101
sites = 5
wait_hist_us = logarithmic buckets
  hist[0] = 32022
  hist[1] = 1455
  hist[2] = 70
  hist[3] = 27
  hist[4] = 11
  hist[9] = 245
  hist[10] = 495
  hist[11] = 106
  hist[14] = 135
  hist[15] = 253
  hist[16] = 34
  hist[17] = 1
by_callsite (caller PC; symbolize with addr2line):
   0 caller=0x7cd3d6f010c2 calls=14065 total_ms=19273.180 avg_us=1370.294 max_us=140101
   1 caller=0x7cd3d6f0586c calls=11457 total_ms=4.410 avg_us=0.385 max_us=25
   2 caller=0x7cd3d6f0577c calls=4242 total_ms=3.621 avg_us=0.854 max_us=30
   3 caller=0x7cd3d6f0599d calls=4242 total_ms=1.621 avg_us=0.382 max_us=2
   4 caller=0x7cd3d6f04732 calls=848 total_ms=1.594 avg_us=1.880 max_us=17
direct_cudaStreamSynchronize: calls=15200 total_ms=67.754 max_us=2474
by_direct_callsite (file:line):
   0 /opt/llama.cpp/ggml/src/ggml-cuda/ggml-cuda.cu:839 calls=14847 total_ms=61.640 avg_us=4.152 max_us=355
   1 /opt/llama.cpp/ggml/src/ggml-cuda/ggml-cuda.cu:900 calls=12 total_ms=5.782 avg_us=481.833 max_us=2474
   2 /opt/llama.cpp/ggml/src/ggml-cuda/ggml-cuda.cu:2665 calls=191 total_ms=0.218 avg_us=1.141 max_us=6
   3 /opt/llama.cpp/ggml/src/ggml-cuda/ggml-cuda.cu:847 calls=150 total_ms=0.114 avg_us=0.760 max_us=2
=== END CUDA SYNC PROFILE ===
backend-sync-trace: count=34900 backend=CUDA0 caller=ggml_backend_sched_graph_compute_async_ext+0xddc

=== CUDA SYNC PROFILE (instrumentation only) ===
total_syncs = 34900
total_wait_ms = 19314.620
max_wait_us = 140101
sites = 5
wait_hist_us = logarithmic buckets
  hist[0] = 32065
  hist[1] = 1456
  hist[2] = 70
  hist[3] = 27
  hist[4] = 11
  hist[9] = 245
  hist[10] = 496
  hist[11] = 106
  hist[14] = 136
  hist[15] = 253
  hist[16] = 34
  hist[17] = 1
by_callsite (caller PC; symbolize with addr2line):
   0 caller=0x7cd3d6f010c2 calls=14089 total_ms=19303.362 avg_us=1370.102 max_us=140101
   1 caller=0x7cd3d6f0586c calls=11466 total_ms=4.413 avg_us=0.385 max_us=25
   2 caller=0x7cd3d6f0577c calls=4248 total_ms=3.625 avg_us=0.853 max_us=30
   3 caller=0x7cd3d6f0599d calls=4247 total_ms=1.623 avg_us=0.382 max_us=2
   4 caller=0x7cd3d6f04732 calls=850 total_ms=1.597 avg_us=1.879 max_us=17
direct_cudaStreamSynchronize: calls=15213 total_ms=67.805 max_us=2474
by_direct_callsite (file:line):
   0 /opt/llama.cpp/ggml/src/ggml-cuda/ggml-cuda.cu:839 calls=14860 total_ms=61.691 avg_us=4.151 max_us=355
   1 /opt/llama.cpp/ggml/src/ggml-cuda/ggml-cuda.cu:900 calls=12 total_ms=5.782 avg_us=481.833 max_us=2474
   2 /opt/llama.cpp/ggml/src/ggml-cuda/ggml-cuda.cu:2665 calls=191 total_ms=0.218 avg_us=1.141 max_us=6
   3 /opt/llama.cpp/ggml/src/ggml-cuda/ggml-cuda.cu:847 calls=150 total_ms=0.114 avg_us=0.760 max_us=2
=== END CUDA SYNC PROFILE ===
backend-sync-trace: count=35000 backend=CUDA0 caller=ggml_backend_sched_graph_compute_async_ext+0xecc

=== CUDA SYNC PROFILE (instrumentation only) ===
total_syncs = 35000
total_wait_ms = 19376.301
max_wait_us = 140101
sites = 5
wait_hist_us = logarithmic buckets
  hist[0] = 32157
  hist[1] = 1460
  hist[2] = 70
  hist[3] = 27
  hist[4] = 11
  hist[9] = 245
  hist[10] = 497
  hist[11] = 108
  hist[14] = 136
  hist[15] = 254
  hist[16] = 34
  hist[17] = 1
by_callsite (caller PC; symbolize with addr2line):
   0 caller=0x7cd3d6f010c2 calls=14121 total_ms=19365.006 avg_us=1371.362 max_us=140101
   1 caller=0x7cd3d6f0586c calls=11503 total_ms=4.431 avg_us=0.385 max_us=25
   2 caller=0x7cd3d6f0577c calls=4262 total_ms=3.634 avg_us=0.853 max_us=30
   3 caller=0x7cd3d6f0599d calls=4262 total_ms=1.629 avg_us=0.382 max_us=2
   4 caller=0x7cd3d6f04732 calls=852 total_ms=1.601 avg_us=1.879 max_us=17
direct_cudaStreamSynchronize: calls=15261 total_ms=68.012 max_us=2474
by_direct_callsite (file:line):
   0 /opt/llama.cpp/ggml/src/ggml-cuda/ggml-cuda.cu:839 calls=14908 total_ms=61.898 avg_us=4.152 max_us=355
   1 /opt/llama.cpp/ggml/src/ggml-cuda/ggml-cuda.cu:900 calls=12 total_ms=5.782 avg_us=481.833 max_us=2474
   2 /opt/llama.cpp/ggml/src/ggml-cuda/ggml-cuda.cu:2665 calls=191 total_ms=0.218 avg_us=1.141 max_us=6
   3 /opt/llama.cpp/ggml/src/ggml-cuda/ggml-cuda.cu:847 calls=150 total_ms=0.114 avg_us=0.760 max_us=2
=== END CUDA SYNC PROFILE ===

=== CUDA SYNC PROFILE (instrumentation only) ===
total_syncs = 35089
total_wait_ms = 19465.695
max_wait_us = 140101
sites = 5
wait_hist_us = logarithmic buckets
  hist[0] = 32239
  hist[1] = 1464
  hist[2] = 70
  hist[3] = 27
  hist[4] = 11
  hist[9] = 245
  hist[10] = 499
  hist[11] = 108
  hist[14] = 136
  hist[15] = 254
  hist[16] = 35
  hist[17] = 1
by_callsite (caller PC; symbolize with addr2line):
   0 caller=0x7cd3d6f010c2 calls=14158 total_ms=19454.376 avg_us=1374.091 max_us=140101
   1 caller=0x7cd3d6f0586c calls=11533 total_ms=4.442 avg_us=0.385 max_us=25
   2 caller=0x7cd3d6f0577c calls=4272 total_ms=3.642 avg_us=0.853 max_us=30
   3 caller=0x7cd3d6f0599d calls=4272 total_ms=1.630 avg_us=0.382 max_us=2
   4 caller=0x7cd3d6f04732 calls=854 total_ms=1.605 avg_us=1.879 max_us=17
direct_cudaStreamSynchronize: calls=15300 total_ms=68.165 max_us=2474
by_direct_callsite (file:line):
   0 /opt/llama.cpp/ggml/src/ggml-cuda/ggml-cuda.cu:839 calls=14947 total_ms=62.051 avg_us=4.151 max_us=355
   1 /opt/llama.cpp/ggml/src/ggml-cuda/ggml-cuda.cu:900 calls=12 total_ms=5.782 avg_us=481.833 max_us=2474
   2 /opt/llama.cpp/ggml/src/ggml-cuda/ggml-cuda.cu:2665 calls=191 total_ms=0.218 avg_us=1.141 max_us=6
   3 /opt/llama.cpp/ggml/src/ggml-cuda/ggml-cuda.cu:847 calls=150 total_ms=0.114 avg_us=0.760 max_us=2
=== END CUDA SYNC PROFILE ===
backend-sync-trace: count=35100 backend=CUDA0 caller=ggml_backend_sched_graph_compute_async_ext+0xffd

=== CUDA SYNC PROFILE (instrumentation only) ===
total_syncs = 35100
total_wait_ms = 19520.952
max_wait_us = 140101
sites = 5
wait_hist_us = logarithmic buckets
  hist[0] = 32247
  hist[1] = 1466
  hist[2] = 70
  hist[3] = 27
  hist[4] = 11
  hist[9] = 245
  hist[10] = 499
  hist[11] = 108
  hist[14] = 136
  hist[15] = 255
  hist[16] = 35
  hist[17] = 1
by_callsite (caller PC; symbolize with addr2line):
   0 caller=0x7cd3d6f010c2 calls=14160 total_ms=19509.626 avg_us=1377.798 max_us=140101
   1 caller=0x7cd3d6f0586c calls=11539 total_ms=4.446 avg_us=0.385 max_us=25
   2 caller=0x7cd3d6f0577c calls=4273 total_ms=3.643 avg_us=0.853 max_us=30
   3 caller=0x7cd3d6f0599d calls=4273 total_ms=1.630 avg_us=0.381 max_us=2
   4 caller=0x7cd3d6f04732 calls=855 total_ms=1.607 avg_us=1.880 max_us=17
direct_cudaStreamSynchronize: calls=15306 total_ms=68.197 max_us=2474
by_direct_callsite (file:line):
   0 /opt/llama.cpp/ggml/src/ggml-cuda/ggml-cuda.cu:839 calls=14953 total_ms=62.083 avg_us=4.152 max_us=355
   1 /opt/llama.cpp/ggml/src/ggml-cuda/ggml-cuda.cu:900 calls=12 total_ms=5.782 avg_us=481.833 max_us=2474
   2 /opt/llama.cpp/ggml/src/ggml-cuda/ggml-cuda.cu:2665 calls=191 total_ms=0.218 avg_us=1.141 max_us=6
   3 /opt/llama.cpp/ggml/src/ggml-cuda/ggml-cuda.cu:847 calls=150 total_ms=0.114 avg_us=0.760 max_us=2
=== END CUDA SYNC PROFILE ===
backend-sync-trace: count=35200 backend=CUDA0 caller=ggml_backend_sched_synchronize+0x52

=== CUDA SYNC PROFILE (instrumentation only) ===
total_syncs = 35200
total_wait_ms = 19579.998
max_wait_us = 140101
sites = 5
wait_hist_us = logarithmic buckets
  hist[0] = 32339
  hist[1] = 1468
  hist[2] = 71
  hist[3] = 29
  hist[4] = 11
  hist[9] = 245
  hist[10] = 501
  hist[11] = 108
  hist[14] = 136
  hist[15] = 256
  hist[16] = 35
  hist[17] = 1
by_callsite (caller PC; symbolize with addr2line):
   0 caller=0x7cd3d6f010c2 calls=14205 total_ms=19568.639 avg_us=1377.588 max_us=140101
   1 caller=0x7cd3d6f0586c calls=11570 total_ms=4.457 avg_us=0.385 max_us=25
   2 caller=0x7cd3d6f0577c calls=4284 total_ms=3.655 avg_us=0.853 max_us=30
   3 caller=0x7cd3d6f0599d calls=4284 total_ms=1.634 avg_us=0.381 max_us=2
   4 caller=0x7cd3d6f04732 calls=857 total_ms=1.613 avg_us=1.882 max_us=17
direct_cudaStreamSynchronize: calls=15346 total_ms=68.362 max_us=2474
by_direct_callsite (file:line):
   0 /opt/llama.cpp/ggml/src/ggml-cuda/ggml-cuda.cu:839 calls=14993 total_ms=62.248 avg_us=4.152 max_us=355
   1 /opt/llama.cpp/ggml/src/ggml-cuda/ggml-cuda.cu:900 calls=12 total_ms=5.782 avg_us=481.833 max_us=2474
   2 /opt/llama.cpp/ggml/src/ggml-cuda/ggml-cuda.cu:2665 calls=191 total_ms=0.218 avg_us=1.141 max_us=6
   3 /opt/llama.cpp/ggml/src/ggml-cuda/ggml-cuda.cu:847 calls=150 total_ms=0.114 avg_us=0.760 max_us=2
=== END CUDA SYNC PROFILE ===
backend-sync-trace: count=35300 backend=CUDA0 caller=ggml_backend_sched_graph_compute_async_ext+0xecc

=== CUDA SYNC PROFILE (instrumentation only) ===
total_syncs = 35300
total_wait_ms = 19626.310
max_wait_us = 140101
sites = 5
wait_hist_us = logarithmic buckets
  hist[0] = 32430
  hist[1] = 1472
  hist[2] = 73
  hist[3] = 29
  hist[4] = 11
  hist[9] = 247
  hist[10] = 501
  hist[11] = 108
  hist[14] = 136
  hist[15] = 257
  hist[16] = 35
  hist[17] = 1
by_callsite (caller PC; symbolize with addr2line):
   0 caller=0x7cd3d6f010c2 calls=14249 total_ms=19614.914 avg_us=1376.582 max_us=140101
   1 caller=0x7cd3d6f0586c calls=11599 total_ms=4.471 avg_us=0.385 max_us=25
   2 caller=0x7cd3d6f0577c calls=4296 total_ms=3.664 avg_us=0.853 max_us=30
   3 caller=0x7cd3d6f0599d calls=4296 total_ms=1.641 avg_us=0.382 max_us=2
   4 caller=0x7cd3d6f04732 calls=860 total_ms=1.620 avg_us=1.884 max_us=17
direct_cudaStreamSynchronize: calls=15384 total_ms=68.513 max_us=2474
by_direct_callsite (file:line):
   0 /opt/llama.cpp/ggml/src/ggml-cuda/ggml-cuda.cu:839 calls=15031 total_ms=62.399 avg_us=4.151 max_us=355
   1 /opt/llama.cpp/ggml/src/ggml-cuda/ggml-cuda.cu:900 calls=12 total_ms=5.782 avg_us=481.833 max_us=2474
   2 /opt/llama.cpp/ggml/src/ggml-cuda/ggml-cuda.cu:2665 calls=191 total_ms=0.218 avg_us=1.141 max_us=6
   3 /opt/llama.cpp/ggml/src/ggml-cuda/ggml-cuda.cu:847 calls=150 total_ms=0.114 avg_us=0.760 max_us=2
=== END CUDA SYNC PROFILE ===

=== CUDA SYNC PROFILE (instrumentation only) ===
total_syncs = 35336
total_wait_ms = 19628.743
max_wait_us = 140101
sites = 5
wait_hist_us = logarithmic buckets
  hist[0] = 32463
  hist[1] = 1472
  hist[2] = 74
  hist[3] = 29
  hist[4] = 11
  hist[9] = 248
  hist[10] = 502
  hist[11] = 108
  hist[14] = 136
  hist[15] = 257
  hist[16] = 35
  hist[17] = 1
by_callsite (caller PC; symbolize with addr2line):
   0 caller=0x7cd3d6f010c2 calls=14263 total_ms=19617.334 avg_us=1375.400 max_us=140101
   1 caller=0x7cd3d6f0586c calls=11609 total_ms=4.475 avg_us=0.385 max_us=25
   2 caller=0x7cd3d6f0577c calls=4302 total_ms=3.669 avg_us=0.853 max_us=30
   3 caller=0x7cd3d6f0599d calls=4302 total_ms=1.645 avg_us=0.382 max_us=2
   4 caller=0x7cd3d6f04732 calls=860 total_ms=1.620 avg_us=1.884 max_us=17
direct_cudaStreamSynchronize: calls=15400 total_ms=68.582 max_us=2474
by_direct_callsite (file:line):
   0 /opt/llama.cpp/ggml/src/ggml-cuda/ggml-cuda.cu:839 calls=15047 total_ms=62.468 avg_us=4.152 max_us=355
   1 /opt/llama.cpp/ggml/src/ggml-cuda/ggml-cuda.cu:900 calls=12 total_ms=5.782 avg_us=481.833 max_us=2474
   2 /opt/llama.cpp/ggml/src/ggml-cuda/ggml-cuda.cu:2665 calls=191 total_ms=0.218 avg_us=1.141 max_us=6
   3 /opt/llama.cpp/ggml/src/ggml-cuda/ggml-cuda.cu:847 calls=150 total_ms=0.114 avg_us=0.760 max_us=2
=== END CUDA SYNC PROFILE ===
backend-sync-trace: count=35400 backend=CUDA0 caller=ggml_backend_sched_graph_compute_async_ext+0xffd

=== CUDA SYNC PROFILE (instrumentation only) ===
total_syncs = 35400
total_wait_ms = 19666.182
max_wait_us = 140101
sites = 5
wait_hist_us = logarithmic buckets
  hist[0] = 32520
  hist[1] = 1476
  hist[2] = 74
  hist[3] = 29
  hist[4] = 11
  hist[9] = 250
  hist[10] = 502
  hist[11] = 108
  hist[14] = 136
  hist[15] = 258
  hist[16] = 35
  hist[17] = 1
by_callsite (caller PC; symbolize with addr2line):
   0 caller=0x7cd3d6f010c2 calls=14288 total_ms=19654.751 avg_us=1375.612 max_us=140101
   1 caller=0x7cd3d6f0586c calls=11632 total_ms=4.484 avg_us=0.385 max_us=25
   2 caller=0x7cd3d6f0577c calls=4309 total_ms=3.676 avg_us=0.853 max_us=30
   3 caller=0x7cd3d6f0599d calls=4309 total_ms=1.648 avg_us=0.382 max_us=2
   4 caller=0x7cd3d6f04732 calls=862 total_ms=1.623 avg_us=1.883 max_us=17
direct_cudaStreamSynchronize: calls=15428 total_ms=68.677 max_us=2474
by_direct_callsite (file:line):
   0 /opt/llama.cpp/ggml/src/ggml-cuda/ggml-cuda.cu:839 calls=15075 total_ms=62.563 avg_us=4.150 max_us=355
   1 /opt/llama.cpp/ggml/src/ggml-cuda/ggml-cuda.cu:900 calls=12 total_ms=5.782 avg_us=481.833 max_us=2474
   2 /opt/llama.cpp/ggml/src/ggml-cuda/ggml-cuda.cu:2665 calls=191 total_ms=0.218 avg_us=1.141 max_us=6
   3 /opt/llama.cpp/ggml/src/ggml-cuda/ggml-cuda.cu:847 calls=150 total_ms=0.114 avg_us=0.760 max_us=2
=== END CUDA SYNC PROFILE ===
backend-sync-trace: count=35500 backend=CUDA0 caller=ggml_backend_sched_graph_compute_async_ext+0xffd

=== CUDA SYNC PROFILE (instrumentation only) ===
total_syncs = 35500
total_wait_ms = 19745.814
max_wait_us = 140101
sites = 5
wait_hist_us = logarithmic buckets
  hist[0] = 32614
  hist[1] = 1478
  hist[2] = 74
  hist[3] = 29
  hist[4] = 11
  hist[9] = 252
  hist[10] = 502
  hist[11] = 108
  hist[14] = 136
  hist[15] = 260
  hist[16] = 35
  hist[17] = 1
by_callsite (caller PC; symbolize with addr2line):
   0 caller=0x7cd3d6f010c2 calls=14315 total_ms=19734.346 avg_us=1378.578 max_us=140101
   1 caller=0x7cd3d6f0586c calls=11674 total_ms=4.500 avg_us=0.385 max_us=25
   2 caller=0x7cd3d6f0577c calls=4323 total_ms=3.685 avg_us=0.852 max_us=30
   3 caller=0x7cd3d6f0599d calls=4323 total_ms=1.656 avg_us=0.383 max_us=2
   4 caller=0x7cd3d6f04732 calls=865 total_ms=1.627 avg_us=1.881 max_us=17
direct_cudaStreamSynchronize: calls=15481 total_ms=68.895 max_us=2474
by_direct_callsite (file:line):
   0 /opt/llama.cpp/ggml/src/ggml-cuda/ggml-cuda.cu:839 calls=15128 total_ms=62.781 avg_us=4.150 max_us=355
   1 /opt/llama.cpp/ggml/src/ggml-cuda/ggml-cuda.cu:900 calls=12 total_ms=5.782 avg_us=481.833 max_us=2474
   2 /opt/llama.cpp/ggml/src/ggml-cuda/ggml-cuda.cu:2665 calls=191 total_ms=0.218 avg_us=1.141 max_us=6
   3 /opt/llama.cpp/ggml/src/ggml-cuda/ggml-cuda.cu:847 calls=150 total_ms=0.114 avg_us=0.760 max_us=2
=== END CUDA SYNC PROFILE ===

=== CUDA SYNC PROFILE (instrumentation only) ===
total_syncs = 35550
total_wait_ms = 19747.989
max_wait_us = 140101
sites = 5
wait_hist_us = logarithmic buckets
  hist[0] = 32660
  hist[1] = 1480
  hist[2] = 74
  hist[3] = 29
  hist[4] = 11
  hist[9] = 253
  hist[10] = 503
  hist[11] = 108
  hist[14] = 136
  hist[15] = 260
  hist[16] = 35
  hist[17] = 1
by_callsite (caller PC; symbolize with addr2line):
   0 caller=0x7cd3d6f010c2 calls=14338 total_ms=19736.502 avg_us=1376.517 max_us=140101
   1 caller=0x7cd3d6f0586c calls=11686 total_ms=4.508 avg_us=0.386 max_us=25
   2 caller=0x7cd3d6f0577c calls=4330 total_ms=3.689 avg_us=0.852 max_us=30
   3 caller=0x7cd3d6f0599d calls=4330 total_ms=1.661 avg_us=0.384 max_us=2
   4 caller=0x7cd3d6f04732 calls=866 total_ms=1.629 avg_us=1.881 max_us=17
direct_cudaStreamSynchronize: calls=15500 total_ms=68.968 max_us=2474
by_direct_callsite (file:line):
   0 /opt/llama.cpp/ggml/src/ggml-cuda/ggml-cuda.cu:839 calls=15147 total_ms=62.854 avg_us=4.150 max_us=355
   1 /opt/llama.cpp/ggml/src/ggml-cuda/ggml-cuda.cu:900 calls=12 total_ms=5.782 avg_us=481.833 max_us=2474
   2 /opt/llama.cpp/ggml/src/ggml-cuda/ggml-cuda.cu:2665 calls=191 total_ms=0.218 avg_us=1.141 max_us=6
   3 /opt/llama.cpp/ggml/src/ggml-cuda/ggml-cuda.cu:847 calls=150 total_ms=0.114 avg_us=0.760 max_us=2
=== END CUDA SYNC PROFILE ===
backend-sync-trace: count=35600 backend=CUDA0 caller=ggml_backend_sched_synchronize+0x52

=== CUDA SYNC PROFILE (instrumentation only) ===
total_syncs = 35600
total_wait_ms = 19782.835
max_wait_us = 140101
sites = 5
wait_hist_us = logarithmic buckets
  hist[0] = 32705
  hist[1] = 1483
  hist[2] = 74
  hist[3] = 29
  hist[4] = 11
  hist[9] = 253
  hist[10] = 504
  hist[11] = 108
  hist[14] = 136
  hist[15] = 261
  hist[16] = 35
  hist[17] = 1
by_callsite (caller PC; symbolize with addr2line):
   0 caller=0x7cd3d6f010c2 calls=14351 total_ms=19771.334 avg_us=1377.697 max_us=140101
   1 caller=0x7cd3d6f0586c calls=11709 total_ms=4.514 avg_us=0.386 max_us=25
   2 caller=0x7cd3d6f0577c calls=4336 total_ms=3.692 avg_us=0.851 max_us=30
   3 caller=0x7cd3d6f0599d calls=4336 total_ms=1.662 avg_us=0.383 max_us=2
   4 caller=0x7cd3d6f04732 calls=868 total_ms=1.633 avg_us=1.881 max_us=17
direct_cudaStreamSynchronize: calls=15527 total_ms=69.083 max_us=2474
by_direct_callsite (file:line):
   0 /opt/llama.cpp/ggml/src/ggml-cuda/ggml-cuda.cu:839 calls=15174 total_ms=62.969 avg_us=4.150 max_us=355
   1 /opt/llama.cpp/ggml/src/ggml-cuda/ggml-cuda.cu:900 calls=12 total_ms=5.782 avg_us=481.833 max_us=2474
   2 /opt/llama.cpp/ggml/src/ggml-cuda/ggml-cuda.cu:2665 calls=191 total_ms=0.218 avg_us=1.141 max_us=6
   3 /opt/llama.cpp/ggml/src/ggml-cuda/ggml-cuda.cu:847 calls=150 total_ms=0.114 avg_us=0.760 max_us=2
=== END CUDA SYNC PROFILE ===
backend-sync-trace: count=35700 backend=CUDA0 caller=ggml_backend_sched_synchronize+0x52

=== CUDA SYNC PROFILE (instrumentation only) ===
total_syncs = 35700
total_wait_ms = 19812.513
max_wait_us = 140101
sites = 5
wait_hist_us = logarithmic buckets
  hist[0] = 32796
  hist[1] = 1486
  hist[2] = 75
  hist[3] = 30
  hist[4] = 11
  hist[9] = 255
  hist[10] = 505
  hist[11] = 108
  hist[14] = 137
  hist[15] = 261
  hist[16] = 35
  hist[17] = 1
by_callsite (caller PC; symbolize with addr2line):
   0 caller=0x7cd3d6f010c2 calls=14394 total_ms=19800.968 avg_us=1375.640 max_us=140101
   1 caller=0x7cd3d6f0586c calls=11740 total_ms=4.523 avg_us=0.385 max_us=25
   2 caller=0x7cd3d6f0577c calls=4348 total_ms=3.712 avg_us=0.854 max_us=30
   3 caller=0x7cd3d6f0599d calls=4348 total_ms=1.673 avg_us=0.385 max_us=5
   4 caller=0x7cd3d6f04732 calls=870 total_ms=1.637 avg_us=1.882 max_us=17
direct_cudaStreamSynchronize: calls=15568 total_ms=69.238 max_us=2474
by_direct_callsite (file:line):
   0 /opt/llama.cpp/ggml/src/ggml-cuda/ggml-cuda.cu:839 calls=15215 total_ms=63.124 avg_us=4.149 max_us=355
   1 /opt/llama.cpp/ggml/src/ggml-cuda/ggml-cuda.cu:900 calls=12 total_ms=5.782 avg_us=481.833 max_us=2474
   2 /opt/llama.cpp/ggml/src/ggml-cuda/ggml-cuda.cu:2665 calls=191 total_ms=0.218 avg_us=1.141 max_us=6
   3 /opt/llama.cpp/ggml/src/ggml-cuda/ggml-cuda.cu:847 calls=150 total_ms=0.114 avg_us=0.760 max_us=2
=== END CUDA SYNC PROFILE ===

=== CUDA SYNC PROFILE (instrumentation only) ===
total_syncs = 35764
total_wait_ms = 19847.947
max_wait_us = 140101
sites = 5
wait_hist_us = logarithmic buckets
  hist[0] = 32855
  hist[1] = 1489
  hist[2] = 75
  hist[3] = 30
  hist[4] = 11
  hist[9] = 256
  hist[10] = 505
  hist[11] = 108
  hist[14] = 137
  hist[15] = 262
  hist[16] = 35
  hist[17] = 1
by_callsite (caller PC; symbolize with addr2line):
   0 caller=0x7cd3d6f010c2 calls=14412 total_ms=19836.377 avg_us=1376.379 max_us=140101
   1 caller=0x7cd3d6f0586c calls=11764 total_ms=4.531 avg_us=0.385 max_us=25
   2 caller=0x7cd3d6f0577c calls=4358 total_ms=3.721 avg_us=0.854 max_us=30
   3 caller=0x7cd3d6f0599d calls=4358 total_ms=1.678 avg_us=0.385 max_us=5
   4 caller=0x7cd3d6f04732 calls=872 total_ms=1.640 avg_us=1.881 max_us=17
direct_cudaStreamSynchronize: calls=15600 total_ms=69.369 max_us=2474
by_direct_callsite (file:line):
   0 /opt/llama.cpp/ggml/src/ggml-cuda/ggml-cuda.cu:839 calls=15247 total_ms=63.255 avg_us=4.149 max_us=355
   1 /opt/llama.cpp/ggml/src/ggml-cuda/ggml-cuda.cu:900 calls=12 total_ms=5.782 avg_us=481.833 max_us=2474
   2 /opt/llama.cpp/ggml/src/ggml-cuda/ggml-cuda.cu:2665 calls=191 total_ms=0.218 avg_us=1.141 max_us=6
   3 /opt/llama.cpp/ggml/src/ggml-cuda/ggml-cuda.cu:847 calls=150 total_ms=0.114 avg_us=0.760 max_us=2
=== END CUDA SYNC PROFILE ===
backend-sync-trace: count=35800 backend=CUDA0 caller=0x7cd3d6f04732

=== CUDA SYNC PROFILE (instrumentation only) ===
total_syncs = 35800
total_wait_ms = 19877.279
max_wait_us = 140101
sites = 5
wait_hist_us = logarithmic buckets
  hist[0] = 32887
  hist[1] = 1491
  hist[2] = 75
  hist[3] = 30
  hist[4] = 11
  hist[9] = 257
  hist[10] = 505
  hist[11] = 108
  hist[14] = 138
  hist[15] = 262
  hist[16] = 35
  hist[17] = 1
by_callsite (caller PC; symbolize with addr2line):
   0 caller=0x7cd3d6f010c2 calls=14421 total_ms=19865.695 avg_us=1377.553 max_us=140101
   1 caller=0x7cd3d6f0586c calls=11782 total_ms=4.538 avg_us=0.385 max_us=25
   2 caller=0x7cd3d6f0577c calls=4362 total_ms=3.723 avg_us=0.854 max_us=30
   3 caller=0x7cd3d6f0599d calls=4362 total_ms=1.681 avg_us=0.385 max_us=5
   4 caller=0x7cd3d6f04732 calls=873 total_ms=1.642 avg_us=1.881 max_us=17
direct_cudaStreamSynchronize: calls=15621 total_ms=69.450 max_us=2474
by_direct_callsite (file:line):
   0 /opt/llama.cpp/ggml/src/ggml-cuda/ggml-cuda.cu:839 calls=15268 total_ms=63.336 avg_us=4.148 max_us=355
   1 /opt/llama.cpp/ggml/src/ggml-cuda/ggml-cuda.cu:900 calls=12 total_ms=5.782 avg_us=481.833 max_us=2474
   2 /opt/llama.cpp/ggml/src/ggml-cuda/ggml-cuda.cu:2665 calls=191 total_ms=0.218 avg_us=1.141 max_us=6
   3 /opt/llama.cpp/ggml/src/ggml-cuda/ggml-cuda.cu:847 calls=150 total_ms=0.114 avg_us=0.760 max_us=2
=== END CUDA SYNC PROFILE ===
backend-sync-trace: count=35900 backend=CUDA0 caller=ggml_backend_sched_synchronize+0x52

=== CUDA SYNC PROFILE (instrumentation only) ===
total_syncs = 35900
total_wait_ms = 19909.508
max_wait_us = 140101
sites = 5
wait_hist_us = logarithmic buckets
  hist[0] = 32978
  hist[1] = 1496
  hist[2] = 75
  hist[3] = 31
  hist[4] = 11
  hist[9] = 258
  hist[10] = 506
  hist[11] = 108
  hist[14] = 139
  hist[15] = 262
  hist[16] = 35
  hist[17] = 1
by_callsite (caller PC; symbolize with addr2line):
   0 caller=0x7cd3d6f010c2 calls=14464 total_ms=19897.885 avg_us=1375.683 max_us=140101
   1 caller=0x7cd3d6f0586c calls=11813 total_ms=4.547 avg_us=0.385 max_us=25
   2 caller=0x7cd3d6f0577c calls=4374 total_ms=3.744 avg_us=0.856 max_us=30
   3 caller=0x7cd3d6f0599d calls=4374 total_ms=1.686 avg_us=0.385 max_us=5
   4 caller=0x7cd3d6f04732 calls=875 total_ms=1.646 avg_us=1.881 max_us=17
direct_cudaStreamSynchronize: calls=15661 total_ms=69.618 max_us=2474
by_direct_callsite (file:line):
   0 /opt/llama.cpp/ggml/src/ggml-cuda/ggml-cuda.cu:839 calls=15308 total_ms=63.504 avg_us=4.148 max_us=355
   1 /opt/llama.cpp/ggml/src/ggml-cuda/ggml-cuda.cu:900 calls=12 total_ms=5.782 avg_us=481.833 max_us=2474
   2 /opt/llama.cpp/ggml/src/ggml-cuda/ggml-cuda.cu:2665 calls=191 total_ms=0.218 avg_us=1.141 max_us=6
   3 /opt/llama.cpp/ggml/src/ggml-cuda/ggml-cuda.cu:847 calls=150 total_ms=0.114 avg_us=0.760 max_us=2
=== END CUDA SYNC PROFILE ===
backend-sync-trace: count=36000 backend=CUDA0 caller=ggml_backend_sched_graph_compute_async_ext+0xffd

=== CUDA SYNC PROFILE (instrumentation only) ===
total_syncs = 36000
total_wait_ms = 19951.142
max_wait_us = 140101
sites = 5
wait_hist_us = logarithmic buckets
  hist[0] = 33071
  hist[1] = 1500
  hist[2] = 75
  hist[3] = 31
  hist[4] = 11
  hist[9] = 258
  hist[10] = 508
  hist[11] = 108
  hist[14] = 139
  hist[15] = 263
  hist[16] = 35
  hist[17] = 1
by_callsite (caller PC; symbolize with addr2line):
   0 caller=0x7cd3d6f010c2 calls=14510 total_ms=19939.492 avg_us=1374.190 max_us=140101
   1 caller=0x7cd3d6f0586c calls=11840 total_ms=4.555 avg_us=0.385 max_us=25
   2 caller=0x7cd3d6f0577c calls=4386 total_ms=3.754 avg_us=0.856 max_us=30
   3 caller=0x7cd3d6f0599d calls=4386 total_ms=1.690 avg_us=0.385 max_us=5
   4 caller=0x7cd3d6f04732 calls=878 total_ms=1.651 avg_us=1.880 max_us=17
direct_cudaStreamSynchronize: calls=15697 total_ms=69.765 max_us=2474
by_direct_callsite (file:line):
   0 /opt/llama.cpp/ggml/src/ggml-cuda/ggml-cuda.cu:839 calls=15344 total_ms=63.651 avg_us=4.148 max_us=355
   1 /opt/llama.cpp/ggml/src/ggml-cuda/ggml-cuda.cu:900 calls=12 total_ms=5.782 avg_us=481.833 max_us=2474
   2 /opt/llama.cpp/ggml/src/ggml-cuda/ggml-cuda.cu:2665 calls=191 total_ms=0.218 avg_us=1.141 max_us=6
   3 /opt/llama.cpp/ggml/src/ggml-cuda/ggml-cuda.cu:847 calls=150 total_ms=0.114 avg_us=0.760 max_us=2
=== END CUDA SYNC PROFILE ===

=== CUDA SYNC PROFILE (instrumentation only) ===
total_syncs = 36002
total_wait_ms = 19951.143
max_wait_us = 140101
sites = 5
wait_hist_us = logarithmic buckets
  hist[0] = 33073
  hist[1] = 1500
  hist[2] = 75
  hist[3] = 31
  hist[4] = 11
  hist[9] = 258
  hist[10] = 508
  hist[11] = 108
  hist[14] = 139
  hist[15] = 263
  hist[16] = 35
  hist[17] = 1
by_callsite (caller PC; symbolize with addr2line):
   0 caller=0x7cd3d6f010c2 calls=14510 total_ms=19939.492 avg_us=1374.190 max_us=140101
   1 caller=0x7cd3d6f0586c calls=11842 total_ms=4.556 avg_us=0.385 max_us=25
   2 caller=0x7cd3d6f0577c calls=4386 total_ms=3.754 avg_us=0.856 max_us=30
   3 caller=0x7cd3d6f0599d calls=4386 total_ms=1.690 avg_us=0.385 max_us=5
   4 caller=0x7cd3d6f04732 calls=878 total_ms=1.651 avg_us=1.880 max_us=17
direct_cudaStreamSynchronize: calls=15700 total_ms=69.776 max_us=2474
by_direct_callsite (file:line):
   0 /opt/llama.cpp/ggml/src/ggml-cuda/ggml-cuda.cu:839 calls=15347 total_ms=63.662 avg_us=4.148 max_us=355
   1 /opt/llama.cpp/ggml/src/ggml-cuda/ggml-cuda.cu:900 calls=12 total_ms=5.782 avg_us=481.833 max_us=2474
   2 /opt/llama.cpp/ggml/src/ggml-cuda/ggml-cuda.cu:2665 calls=191 total_ms=0.218 avg_us=1.141 max_us=6
   3 /opt/llama.cpp/ggml/src/ggml-cuda/ggml-cuda.cu:847 calls=150 total_ms=0.114 avg_us=0.760 max_us=2
=== END CUDA SYNC PROFILE ===
1.25.005.680 I slot print_timing: id  0 | task 0 | n_gen =   1002, tg =  47.21 t/s, tg_3s =  46.38 t/s
backend-sync-trace: count=36100 backend=CUDA0 caller=ggml_backend_sched_synchronize+0x52

=== CUDA SYNC PROFILE (instrumentation only) ===
total_syncs = 36100
total_wait_ms = 20009.951
max_wait_us = 140101
sites = 5
wait_hist_us = logarithmic buckets
  hist[0] = 33162
  hist[1] = 1504
  hist[2] = 75
  hist[3] = 31
  hist[4] = 11
  hist[9] = 258
  hist[10] = 511
  hist[11] = 109
  hist[14] = 139
  hist[15] = 264
  hist[16] = 35
  hist[17] = 1
by_callsite (caller PC; symbolize with addr2line):
   0 caller=0x7cd3d6f010c2 calls=14549 total_ms=19998.273 avg_us=1374.546 max_us=140101
   1 caller=0x7cd3d6f0586c calls=11875 total_ms=4.566 avg_us=0.385 max_us=25
   2 caller=0x7cd3d6f0577c calls=4398 total_ms=3.761 avg_us=0.855 max_us=30
   3 caller=0x7cd3d6f0599d calls=4398 total_ms=1.696 avg_us=0.386 max_us=5
   4 caller=0x7cd3d6f04732 calls=880 total_ms=1.655 avg_us=1.881 max_us=17
direct_cudaStreamSynchronize: calls=15743 total_ms=69.940 max_us=2474
by_direct_callsite (file:line):
   0 /opt/llama.cpp/ggml/src/ggml-cuda/ggml-cuda.cu:839 calls=15390 total_ms=63.826 avg_us=4.147 max_us=355
   1 /opt/llama.cpp/ggml/src/ggml-cuda/ggml-cuda.cu:900 calls=12 total_ms=5.782 avg_us=481.833 max_us=2474
   2 /opt/llama.cpp/ggml/src/ggml-cuda/ggml-cuda.cu:2665 calls=191 total_ms=0.218 avg_us=1.141 max_us=6
   3 /opt/llama.cpp/ggml/src/ggml-cuda/ggml-cuda.cu:847 calls=150 total_ms=0.114 avg_us=0.760 max_us=2
=== END CUDA SYNC PROFILE ===
backend-sync-trace: count=36200 backend=CUDA0 caller=0x7cd3d6f04732

=== CUDA SYNC PROFILE (instrumentation only) ===
total_syncs = 36200
total_wait_ms = 20087.327
max_wait_us = 140101
sites = 5
wait_hist_us = logarithmic buckets
  hist[0] = 33253
  hist[1] = 1509
  hist[2] = 75
  hist[3] = 31
  hist[4] = 11
  hist[9] = 258
  hist[10] = 512
  hist[11] = 110
  hist[14] = 139
  hist[15] = 266
  hist[16] = 35
  hist[17] = 1
by_callsite (caller PC; symbolize with addr2line):
   0 caller=0x7cd3d6f010c2 calls=14576 total_ms=20075.613 avg_us=1377.306 max_us=140101
   1 caller=0x7cd3d6f0586c calls=11917 total_ms=4.583 avg_us=0.385 max_us=25
   2 caller=0x7cd3d6f0577c calls=4412 total_ms=3.772 avg_us=0.855 max_us=30
   3 caller=0x7cd3d6f0599d calls=4412 total_ms=1.699 avg_us=0.385 max_us=5
   4 caller=0x7cd3d6f04732 calls=883 total_ms=1.660 avg_us=1.880 max_us=17
direct_cudaStreamSynchronize: calls=15796 total_ms=70.157 max_us=2474
by_direct_callsite (file:line):
   0 /opt/llama.cpp/ggml/src/ggml-cuda/ggml-cuda.cu:839 calls=15443 total_ms=64.043 avg_us=4.147 max_us=355
   1 /opt/llama.cpp/ggml/src/ggml-cuda/ggml-cuda.cu:900 calls=12 total_ms=5.782 avg_us=481.833 max_us=2474
   2 /opt/llama.cpp/ggml/src/ggml-cuda/ggml-cuda.cu:2665 calls=191 total_ms=0.218 avg_us=1.141 max_us=6
   3 /opt/llama.cpp/ggml/src/ggml-cuda/ggml-cuda.cu:847 calls=150 total_ms=0.114 avg_us=0.760 max_us=2
=== END CUDA SYNC PROFILE ===

=== CUDA SYNC PROFILE (instrumentation only) ===
total_syncs = 36206
total_wait_ms = 20087.331
max_wait_us = 140101
sites = 5
wait_hist_us = logarithmic buckets
  hist[0] = 33259
  hist[1] = 1509
  hist[2] = 75
  hist[3] = 31
  hist[4] = 11
  hist[9] = 258
  hist[10] = 512
  hist[11] = 110
  hist[14] = 139
  hist[15] = 266
  hist[16] = 35
  hist[17] = 1
by_callsite (caller PC; symbolize with addr2line):
   0 caller=0x7cd3d6f010c2 calls=14576 total_ms=20075.613 avg_us=1377.306 max_us=140101
   1 caller=0x7cd3d6f0586c calls=11919 total_ms=4.585 avg_us=0.385 max_us=25
   2 caller=0x7cd3d6f0577c calls=4414 total_ms=3.773 avg_us=0.855 max_us=30
   3 caller=0x7cd3d6f0599d calls=4414 total_ms=1.700 avg_us=0.385 max_us=5
   4 caller=0x7cd3d6f04732 calls=883 total_ms=1.660 avg_us=1.880 max_us=17
direct_cudaStreamSynchronize: calls=15800 total_ms=70.180 max_us=2474
by_direct_callsite (file:line):
   0 /opt/llama.cpp/ggml/src/ggml-cuda/ggml-cuda.cu:839 calls=15447 total_ms=64.066 avg_us=4.147 max_us=355
   1 /opt/llama.cpp/ggml/src/ggml-cuda/ggml-cuda.cu:900 calls=12 total_ms=5.782 avg_us=481.833 max_us=2474
   2 /opt/llama.cpp/ggml/src/ggml-cuda/ggml-cuda.cu:2665 calls=191 total_ms=0.218 avg_us=1.141 max_us=6
   3 /opt/llama.cpp/ggml/src/ggml-cuda/ggml-cuda.cu:847 calls=150 total_ms=0.114 avg_us=0.760 max_us=2
=== END CUDA SYNC PROFILE ===
backend-sync-trace: count=36300 backend=CUDA0 caller=ggml_backend_sched_synchronize+0x52

=== CUDA SYNC PROFILE (instrumentation only) ===
total_syncs = 36300
total_wait_ms = 20158.953
max_wait_us = 140101
sites = 5
wait_hist_us = logarithmic buckets
  hist[0] = 33346
  hist[1] = 1513
  hist[2] = 75
  hist[3] = 31
  hist[4] = 11
  hist[9] = 258
  hist[10] = 514
  hist[11] = 110
  hist[14] = 139
  hist[15] = 266
  hist[16] = 36
  hist[17] = 1
by_callsite (caller PC; symbolize with addr2line):
   0 caller=0x7cd3d6f010c2 calls=14619 total_ms=20147.208 avg_us=1378.152 max_us=140101
   1 caller=0x7cd3d6f0586c calls=11948 total_ms=4.596 avg_us=0.385 max_us=25
   2 caller=0x7cd3d6f0577c calls=4424 total_ms=3.782 avg_us=0.855 max_us=30
   3 caller=0x7cd3d6f0599d calls=4424 total_ms=1.703 avg_us=0.385 max_us=5
   4 caller=0x7cd3d6f04732 calls=885 total_ms=1.664 avg_us=1.880 max_us=17
direct_cudaStreamSynchronize: calls=15836 total_ms=70.323 max_us=2474
by_direct_callsite (file:line):
   0 /opt/llama.cpp/ggml/src/ggml-cuda/ggml-cuda.cu:839 calls=15483 total_ms=64.209 avg_us=4.147 max_us=355
   1 /opt/llama.cpp/ggml/src/ggml-cuda/ggml-cuda.cu:900 calls=12 total_ms=5.782 avg_us=481.833 max_us=2474
   2 /opt/llama.cpp/ggml/src/ggml-cuda/ggml-cuda.cu:2665 calls=191 total_ms=0.218 avg_us=1.141 max_us=6
   3 /opt/llama.cpp/ggml/src/ggml-cuda/ggml-cuda.cu:847 calls=150 total_ms=0.114 avg_us=0.760 max_us=2
=== END CUDA SYNC PROFILE ===
backend-sync-trace: count=36400 backend=CUDA0 caller=ggml_backend_sched_synchronize+0x52

=== CUDA SYNC PROFILE (instrumentation only) ===
total_syncs = 36400
total_wait_ms = 20217.241
max_wait_us = 140101
sites = 5
wait_hist_us = logarithmic buckets
  hist[0] = 33441
  hist[1] = 1515
  hist[2] = 75
  hist[3] = 31
  hist[4] = 11
  hist[9] = 258
  hist[10] = 516
  hist[11] = 110
  hist[14] = 139
  hist[15] = 267
  hist[16] = 36
  hist[17] = 1
by_callsite (caller PC; symbolize with addr2line):
   0 caller=0x7cd3d6f010c2 calls=14670 total_ms=20205.472 avg_us=1377.333 max_us=140101
   1 caller=0x7cd3d6f0586c calls=11975 total_ms=4.608 avg_us=0.385 max_us=25
   2 caller=0x7cd3d6f0577c calls=4434 total_ms=3.789 avg_us=0.855 max_us=30
   3 caller=0x7cd3d6f0599d calls=4434 total_ms=1.705 avg_us=0.385 max_us=5
   4 caller=0x7cd3d6f04732 calls=887 total_ms=1.667 avg_us=1.879 max_us=17
direct_cudaStreamSynchronize: calls=15871 total_ms=70.459 max_us=2474
by_direct_callsite (file:line):
   0 /opt/llama.cpp/ggml/src/ggml-cuda/ggml-cuda.cu:839 calls=15518 total_ms=64.345 avg_us=4.146 max_us=355
   1 /opt/llama.cpp/ggml/src/ggml-cuda/ggml-cuda.cu:900 calls=12 total_ms=5.782 avg_us=481.833 max_us=2474
   2 /opt/llama.cpp/ggml/src/ggml-cuda/ggml-cuda.cu:2665 calls=191 total_ms=0.218 avg_us=1.141 max_us=6
   3 /opt/llama.cpp/ggml/src/ggml-cuda/ggml-cuda.cu:847 calls=150 total_ms=0.114 avg_us=0.760 max_us=2
=== END CUDA SYNC PROFILE ===

=== CUDA SYNC PROFILE (instrumentation only) ===
total_syncs = 36454
total_wait_ms = 20220.501
max_wait_us = 140101
sites = 5
wait_hist_us = logarithmic buckets
  hist[0] = 33492
  hist[1] = 1516
  hist[2] = 75
  hist[3] = 31
  hist[4] = 11
  hist[9] = 259
  hist[10] = 516
  hist[11] = 111
  hist[14] = 139
  hist[15] = 267
  hist[16] = 36
  hist[17] = 1
by_callsite (caller PC; symbolize with addr2line):
   0 caller=0x7cd3d6f010c2 calls=14685 total_ms=20208.716 avg_us=1376.147 max_us=140101
   1 caller=0x7cd3d6f0586c calls=11997 total_ms=4.615 avg_us=0.385 max_us=25
   2 caller=0x7cd3d6f0577c calls=4442 total_ms=3.795 avg_us=0.854 max_us=30
   3 caller=0x7cd3d6f0599d calls=4442 total_ms=1.707 avg_us=0.384 max_us=5
   4 caller=0x7cd3d6f04732 calls=888 total_ms=1.668 avg_us=1.878 max_us=17
direct_cudaStreamSynchronize: calls=15900 total_ms=70.574 max_us=2474
by_direct_callsite (file:line):
   0 /opt/llama.cpp/ggml/src/ggml-cuda/ggml-cuda.cu:839 calls=15547 total_ms=64.460 avg_us=4.146 max_us=355
   1 /opt/llama.cpp/ggml/src/ggml-cuda/ggml-cuda.cu:900 calls=12 total_ms=5.782 avg_us=481.833 max_us=2474
   2 /opt/llama.cpp/ggml/src/ggml-cuda/ggml-cuda.cu:2665 calls=191 total_ms=0.218 avg_us=1.141 max_us=6
   3 /opt/llama.cpp/ggml/src/ggml-cuda/ggml-cuda.cu:847 calls=150 total_ms=0.114 avg_us=0.760 max_us=2
=== END CUDA SYNC PROFILE ===
backend-sync-trace: count=36500 backend=CUDA0 caller=ggml_backend_sched_synchronize+0x52

=== CUDA SYNC PROFILE (instrumentation only) ===
total_syncs = 36500
total_wait_ms = 20268.813
max_wait_us = 140101
sites = 5
wait_hist_us = logarithmic buckets
  hist[0] = 33533
  hist[1] = 1519
  hist[2] = 75
  hist[3] = 31
  hist[4] = 11
  hist[9] = 259
  hist[10] = 517
  hist[11] = 111
  hist[14] = 139
  hist[15] = 268
  hist[16] = 36
  hist[17] = 1
by_callsite (caller PC; symbolize with addr2line):
   0 caller=0x7cd3d6f010c2 calls=14712 total_ms=20257.018 avg_us=1376.904 max_us=140101
   1 caller=0x7cd3d6f0586c calls=12006 total_ms=4.617 avg_us=0.385 max_us=25
   2 caller=0x7cd3d6f0577c calls=4446 total_ms=3.797 avg_us=0.854 max_us=30
   3 caller=0x7cd3d6f0599d calls=4446 total_ms=1.709 avg_us=0.384 max_us=5
   4 caller=0x7cd3d6f04732 calls=890 total_ms=1.672 avg_us=1.879 max_us=17
direct_cudaStreamSynchronize: calls=15912 total_ms=70.623 max_us=2474
by_direct_callsite (file:line):
   0 /opt/llama.cpp/ggml/src/ggml-cuda/ggml-cuda.cu:839 calls=15559 total_ms=64.509 avg_us=4.146 max_us=355
   1 /opt/llama.cpp/ggml/src/ggml-cuda/ggml-cuda.cu:900 calls=12 total_ms=5.782 avg_us=481.833 max_us=2474
   2 /opt/llama.cpp/ggml/src/ggml-cuda/ggml-cuda.cu:2665 calls=191 total_ms=0.218 avg_us=1.141 max_us=6
   3 /opt/llama.cpp/ggml/src/ggml-cuda/ggml-cuda.cu:847 calls=150 total_ms=0.114 avg_us=0.760 max_us=2
=== END CUDA SYNC PROFILE ===
backend-sync-trace: count=36600 backend=CUDA0 caller=ggml_backend_sched_synchronize+0x52

=== CUDA SYNC PROFILE (instrumentation only) ===
total_syncs = 36600
total_wait_ms = 20328.012
max_wait_us = 140101
sites = 5
wait_hist_us = logarithmic buckets
  hist[0] = 33626
  hist[1] = 1522
  hist[2] = 75
  hist[3] = 31
  hist[4] = 11
  hist[9] = 259
  hist[10] = 520
  hist[11] = 111
  hist[14] = 139
  hist[15] = 269
  hist[16] = 36
  hist[17] = 1
by_callsite (caller PC; symbolize with addr2line):
   0 caller=0x7cd3d6f010c2 calls=14755 total_ms=20316.189 avg_us=1376.902 max_us=140101
   1 caller=0x7cd3d6f0586c calls=12037 total_ms=4.628 avg_us=0.384 max_us=25
   2 caller=0x7cd3d6f0577c calls=4458 total_ms=3.804 avg_us=0.853 max_us=30
   3 caller=0x7cd3d6f0599d calls=4458 total_ms=1.715 avg_us=0.385 max_us=5
   4 caller=0x7cd3d6f04732 calls=892 total_ms=1.676 avg_us=1.879 max_us=17
direct_cudaStreamSynchronize: calls=15953 total_ms=70.783 max_us=2474
by_direct_callsite (file:line):
   0 /opt/llama.cpp/ggml/src/ggml-cuda/ggml-cuda.cu:839 calls=15600 total_ms=64.669 avg_us=4.145 max_us=355
   1 /opt/llama.cpp/ggml/src/ggml-cuda/ggml-cuda.cu:900 calls=12 total_ms=5.782 avg_us=481.833 max_us=2474
   2 /opt/llama.cpp/ggml/src/ggml-cuda/ggml-cuda.cu:2665 calls=191 total_ms=0.218 avg_us=1.141 max_us=6
   3 /opt/llama.cpp/ggml/src/ggml-cuda/ggml-cuda.cu:847 calls=150 total_ms=0.114 avg_us=0.760 max_us=2
=== END CUDA SYNC PROFILE ===

=== CUDA SYNC PROFILE (instrumentation only) ===
total_syncs = 36695
total_wait_ms = 20419.885
max_wait_us = 140101
sites = 5
wait_hist_us = logarithmic buckets
  hist[0] = 33714
  hist[1] = 1526
  hist[2] = 75
  hist[3] = 31
  hist[4] = 11
  hist[9] = 259
  hist[10] = 521
  hist[11] = 112
  hist[14] = 139
  hist[15] = 269
  hist[16] = 37
  hist[17] = 1
by_callsite (caller PC; symbolize with addr2line):
   0 caller=0x7cd3d6f010c2 calls=14784 total_ms=20408.032 avg_us=1380.413 max_us=140101
   1 caller=0x7cd3d6f0586c calls=12073 total_ms=4.641 avg_us=0.384 max_us=25
   2 caller=0x7cd3d6f0577c calls=4472 total_ms=3.813 avg_us=0.853 max_us=30
   3 caller=0x7cd3d6f0599d calls=4472 total_ms=1.720 avg_us=0.385 max_us=5
   4 caller=0x7cd3d6f04732 calls=894 total_ms=1.679 avg_us=1.878 max_us=17
direct_cudaStreamSynchronize: calls=16000 total_ms=70.983 max_us=2474
by_direct_callsite (file:line):
   0 /opt/llama.cpp/ggml/src/ggml-cuda/ggml-cuda.cu:839 calls=15647 total_ms=64.869 avg_us=4.146 max_us=355
   1 /opt/llama.cpp/ggml/src/ggml-cuda/ggml-cuda.cu:900 calls=12 total_ms=5.782 avg_us=481.833 max_us=2474
   2 /opt/llama.cpp/ggml/src/ggml-cuda/ggml-cuda.cu:2665 calls=191 total_ms=0.218 avg_us=1.141 max_us=6
   3 /opt/llama.cpp/ggml/src/ggml-cuda/ggml-cuda.cu:847 calls=150 total_ms=0.114 avg_us=0.760 max_us=2
=== END CUDA SYNC PROFILE ===
backend-sync-trace: count=36700 backend=CUDA0 caller=ggml_backend_sched_graph_compute_async_ext+0xecc

=== CUDA SYNC PROFILE (instrumentation only) ===
total_syncs = 36700
total_wait_ms = 20419.886
max_wait_us = 140101
sites = 5
wait_hist_us = logarithmic buckets
  hist[0] = 33719
  hist[1] = 1526
  hist[2] = 75
  hist[3] = 31
  hist[4] = 11
  hist[9] = 259
  hist[10] = 521
  hist[11] = 112
  hist[14] = 139
  hist[15] = 269
  hist[16] = 37
  hist[17] = 1
by_callsite (caller PC; symbolize with addr2line):
   0 caller=0x7cd3d6f010c2 calls=14784 total_ms=20408.032 avg_us=1380.413 max_us=140101
   1 caller=0x7cd3d6f0586c calls=12078 total_ms=4.642 avg_us=0.384 max_us=25
   2 caller=0x7cd3d6f0577c calls=4472 total_ms=3.813 avg_us=0.853 max_us=30
   3 caller=0x7cd3d6f0599d calls=4472 total_ms=1.720 avg_us=0.385 max_us=5
   4 caller=0x7cd3d6f04732 calls=894 total_ms=1.679 avg_us=1.878 max_us=17
direct_cudaStreamSynchronize: calls=16004 total_ms=70.994 max_us=2474
by_direct_callsite (file:line):
   0 /opt/llama.cpp/ggml/src/ggml-cuda/ggml-cuda.cu:839 calls=15651 total_ms=64.880 avg_us=4.145 max_us=355
   1 /opt/llama.cpp/ggml/src/ggml-cuda/ggml-cuda.cu:900 calls=12 total_ms=5.782 avg_us=481.833 max_us=2474
   2 /opt/llama.cpp/ggml/src/ggml-cuda/ggml-cuda.cu:2665 calls=191 total_ms=0.218 avg_us=1.141 max_us=6
   3 /opt/llama.cpp/ggml/src/ggml-cuda/ggml-cuda.cu:847 calls=150 total_ms=0.114 avg_us=0.760 max_us=2
=== END CUDA SYNC PROFILE ===
1.25.581.149 I slot print_timing: id  0 | task 0 | prompt eval time =    2698.04 ms /   159 tokens (   16.97 ms per token,    58.93 tokens per second)
1.25.581.151 I slot print_timing: id  0 | task 0 |        eval time =   21781.03 ms /  1024 tokens (   21.29 ms per token,    46.97 tokens per second)
1.25.581.152 I slot print_timing: id  0 | task 0 |       total time =   24479.07 ms /  1183 tokens
1.25.581.155 I slot print_timing: id  0 | task 0 |    graphs reused =        440
1.25.581.157 I slot print_timing: id  0 | task 0 | draft acceptance = 0.64831 (  577 accepted /   890 generated), mean len =  2.30
moe-grouped-decode: registered=49 covered=49 plan_calls=1337 plan_compiles=453 plan_reuses=884 calls=22299 ready=22299 ready_min=446 ready_max=891 completed=22299 completed_min=446 completed_max=891 admitted_banks=66897 fallback=0 rollback=0 host_calls=0 host_ops=0 host_split_ops=0 strategy_switches=0 required_unsupported=0 prepare_error=0 finish_error=0 h2d_banks=172314 h2d_bytes=133564211200
moe-cache-experts: tensors=144 experts=73728 unique=29313 unique_pct=39.76 accesses=96832 first_touches=29313 first_touch_pct=30.27 touched_once=3968 touched_ge2=25345 reuse_le_l1=61964 reuse_le_l1_pct=91.77 reuse_gt_l1=5555 reuse_gt_l1_pct=8.23 top1_pct=6.80 top5_pct=26.06 top10_pct=43.56
moe-cache-experts-hot: tensor=blk.3.ffn_down_exps.weight experts=512 unique=195 unique_pct=38.09 accesses=876 touched_once=0 touched_ge2=195 top10_pct=40.75 reuse_gt_l1_pct=2.94
moe-cache-tensor-hot-decode-miss: tensor=blk.47.ffn_down_exps.weight l1_hits=20 l1_misses=10 l1_evictions=0 l1_hit_rate=66.67% h2d_copies=10 h2d_mib=16.60 h2d_enqueue_ms=0.018 prefetch_used=10 prefetch_h2d_copies=10 prefetch_h2d_mib=16.60 reuse_gt_l1_pct=0.00
moe-cache-tensor-top-decode-miss: rank=1 tensor=blk.47.ffn_down_exps.weight phase=decode l1_hits=20 l1_misses=10 l1_hit_rate=66.67% l1_evictions=0 h2d_copies=10 h2d_mib=16.60 reuse_gt_l1_pct=0.00 reuse_le_l1_pct=100.00 unique_experts=10 unique_pct=1.95 touched_once=0 touched_ge2=10 top1_pct=60.00 top5_pct=100.00 top10_pct=100.00 demand_h2d_copies=0 prefetch_h2d_copies=10 prefetch_used=10 prefetch_unused=0 prefetch_use_rate=100.00% demand_evictions=0 prefetch_evictions=0 evicted_prefetched=0 evicted_hit_count_le1=0 evicted_hit_count_ge2=0 evicted_age_le_l1=0 evicted_age_gt_l1=0 rd_first_touch=10 rd_le8=0 rd_le16=20 rd_le32=0 rd_le_l1=0 rd_le_2xl1=0 rd_gt_2xl1=0
moe-cache-tensor-top-decode-miss: rank=2 tensor=blk.47.ffn_up_exps.weight phase=decode l1_hits=20 l1_misses=10 l1_hit_rate=66.67% l1_evictions=0 h2d_copies=10 h2d_mib=5.98 reuse_gt_l1_pct=0.00 reuse_le_l1_pct=100.00 unique_experts=10 unique_pct=1.95 touched_once=0 touched_ge2=10 top1_pct=60.00 top5_pct=100.00 top10_pct=100.00 demand_h2d_copies=0 prefetch_h2d_copies=10 prefetch_used=10 prefetch_unused=0 prefetch_use_rate=100.00% demand_evictions=0 prefetch_evictions=0 evicted_prefetched=0 evicted_hit_count_le1=0 evicted_hit_count_ge2=0 evicted_age_le_l1=0 evicted_age_gt_l1=0 rd_first_touch=10 rd_le8=0 rd_le16=20 rd_le32=0 rd_le_l1=0 rd_le_2xl1=0 rd_gt_2xl1=0
moe-cache-tensor-top-decode-miss: rank=3 tensor=blk.47.ffn_gate_exps.weight phase=decode l1_hits=20 l1_misses=10 l1_hit_rate=66.67% l1_evictions=0 h2d_copies=10 h2d_mib=5.98 reuse_gt_l1_pct=0.00 reuse_le_l1_pct=100.00 unique_experts=10 unique_pct=1.95 touched_once=0 touched_ge2=10 top1_pct=60.00 top5_pct=100.00 top10_pct=100.00 demand_h2d_copies=10 prefetch_h2d_copies=0 prefetch_used=0 prefetch_unused=0 prefetch_use_rate=0.00% demand_evictions=0 prefetch_evictions=0 evicted_prefetched=0 evicted_hit_count_le1=0 evicted_hit_count_ge2=0 evicted_age_le_l1=0 evicted_age_gt_l1=0 rd_first_touch=10 rd_le8=0 rd_le16=20 rd_le32=0 rd_le_l1=0 rd_le_2xl1=0 rd_gt_2xl1=0
moe-cache-tensor-donor-candidate: rank=1 tensor=blk.47.ffn_up_exps.weight l1_hit_rate=66.67% h2d_mib=5.98 l1_misses=10 reuse_gt_l1_pct=0.00 unique_pct=1.95 top10_pct=100.00
moe-cache-tensor-donor-candidate: rank=2 tensor=blk.47.ffn_gate_exps.weight l1_hit_rate=66.67% h2d_mib=5.98 l1_misses=10 reuse_gt_l1_pct=0.00 unique_pct=1.95 top10_pct=100.00
moe-cache-tensor-donor-candidate: rank=3 tensor=blk.47.ffn_down_exps.weight l1_hit_rate=66.67% h2d_mib=16.60 l1_misses=10 reuse_gt_l1_pct=0.00 unique_pct=1.95 top10_pct=100.00
moe-cache-phase: phase=prefill ops=573 staged_ops=156 split_staged_ops=156 overflow_ops=156 unique_avg=87.58 unique_max=276 ids_mib=44.17 ids_d2h_mib=44.17 ids_d2h_ms=904.972 ids_d2h_syncs=139 ids_cache_hits=382 acquire_ms=85.043 remap_ms=0.686 copy_wait_events=417 copy_wait_event_ms=0.644 op_cpu_ms=1237.362 l1_hits=65983 l1_misses=30759 l1_evictions=8901 l1_hit_rate=68.21% h2d_copies=30759 h2d_mib=22274.44 h2d_enqueue_ms=46.372 prefetch_hits=51134 prefetch_misses=21378 prefetch_used=11591 prefetch_h2d_copies=21378 prefetch_h2d_mib=16615.00 prefetch_h2d_enqueue_ms=32.929 upload_calls=36777 upload_mib=26630.52 staging_tiles=0 pipeline_tiles=0 tile_wait_calls=0 tile_wait_ms=0.000 cpu_pack_mib=0.00 cpu_pack_ms=0.000 pre_sync_calls=0 pre_sync_ms=0.000 h2d_submit_calls=36777 h2d_submit_mib=26630.52 h2d_submit_ms=47.354 post_sync_calls=0 post_sync_ms=0.000 upload_errors=0
moe-cache-phase: phase=decode ops=3 staged_ops=0 split_staged_ops=0 overflow_ops=0 unique_avg=10.00 unique_max=10 ids_mib=0.00 ids_d2h_mib=0.00 ids_d2h_ms=0.000 ids_d2h_syncs=0 ids_cache_hits=2 acquire_ms=0.803 remap_ms=0.009 copy_wait_events=3 copy_wait_event_ms=0.005 op_cpu_ms=5.499 l1_hits=60 l1_misses=30 l1_evictions=0 l1_hit_rate=66.67% h2d_copies=30 h2d_mib=28.56 h2d_enqueue_ms=0.049 prefetch_hits=40 prefetch_misses=20 prefetch_used=20 prefetch_h2d_copies=20 prefetch_h2d_mib=22.58 prefetch_h2d_enqueue_ms=0.035 upload_calls=30 upload_mib=28.56 staging_tiles=0 pipeline_tiles=0 tile_wait_calls=0 tile_wait_ms=0.000 cpu_pack_mib=0.00 cpu_pack_ms=0.000 pre_sync_calls=0 pre_sync_ms=0.000 h2d_submit_calls=30 h2d_submit_mib=28.56 h2d_submit_ms=0.044 post_sync_calls=0 post_sync_ms=0.000 upload_errors=0
moe-cache-mm: h2d_copies=30789 h2d_mib=22303.00 h2d_enqueue_ms=46.421 mincore_sampled=481 resident_pages=89650/89650 resident_pct=100.00 nonresident_experts=0 mincore_fail=0 proc_minflt=0 proc_majflt=0 vm_pswpin=0 vm_pswpout=0 vm_pgfault=0 vm_pgmajfault=0 vm_pgpgin=0 vm_pgpgout=0 vm_refault_file=0 vm_refault_anon=0
1.25.586.035 I slot      release: id  0 | task 0 | stop processing: n_tokens = 1182, truncated = 0
1.26.593.071 I srv    operator(): operator(): cleaning up before exit...
1.26.595.324 I spec ~common_spec: MTP decode overlap: queued = 444, reused = 444, discarded = 0

=== CUDA SYNC PROFILE (instrumentation only) ===
total_syncs = 36776
total_wait_ms = 20474.283
max_wait_us = 140101
sites = 5
wait_hist_us = logarithmic buckets
  hist[0] = 33785
  hist[1] = 1532
  hist[2] = 75
  hist[3] = 31
  hist[4] = 13
  hist[9] = 259
  hist[10] = 521
  hist[11] = 112
  hist[12] = 1
  hist[14] = 139
  hist[15] = 270
  hist[16] = 37
  hist[17] = 1
by_callsite (caller PC; symbolize with addr2line):
   0 caller=0x7cd3d6f010c2 calls=14820 total_ms=20462.392 avg_us=1380.728 max_us=140101
   1 caller=0x7cd3d6f0586c calls=12100 total_ms=4.650 avg_us=0.384 max_us=25
   2 caller=0x7cd3d6f0577c calls=4480 total_ms=3.833 avg_us=0.856 max_us=30
   3 caller=0x7cd3d6f0599d calls=4480 total_ms=1.725 avg_us=0.385 max_us=5
   4 caller=0x7cd3d6f04732 calls=896 total_ms=1.683 avg_us=1.878 max_us=17
direct_cudaStreamSynchronize: calls=16034 total_ms=71.111 max_us=2474
by_direct_callsite (file:line):
   0 /opt/llama.cpp/ggml/src/ggml-cuda/ggml-cuda.cu:839 calls=15679 total_ms=64.997 avg_us=4.145 max_us=355
   1 /opt/llama.cpp/ggml/src/ggml-cuda/ggml-cuda.cu:900 calls=12 total_ms=5.782 avg_us=481.833 max_us=2474
   2 /opt/llama.cpp/ggml/src/ggml-cuda/ggml-cuda.cu:2665 calls=191 total_ms=0.218 avg_us=1.141 max_us=6
   3 /opt/llama.cpp/ggml/src/ggml-cuda/ggml-cuda.cu:847 calls=150 total_ms=0.114 avg_us=0.760 max_us=2
   4 /opt/llama.cpp/ggml/src/ggml-cuda/ggml-cuda.cu:741 calls=2 total_ms=0.000 avg_us=0.000 max_us=0
=== END CUDA SYNC PROFILE ===

=== CUDA SYNC PROFILE (instrumentation only) ===
total_syncs = 36776
total_wait_ms = 20474.283
max_wait_us = 140101
sites = 5
wait_hist_us = logarithmic buckets
  hist[0] = 33785
  hist[1] = 1532
  hist[2] = 75
  hist[3] = 31
  hist[4] = 13
  hist[9] = 259
  hist[10] = 521
  hist[11] = 112
  hist[12] = 1
  hist[14] = 139
  hist[15] = 270
  hist[16] = 37
  hist[17] = 1
by_callsite (caller PC; symbolize with addr2line):
   0 caller=0x7cd3d6f010c2 calls=14820 total_ms=20462.392 avg_us=1380.728 max_us=140101
   1 caller=0x7cd3d6f0586c calls=12100 total_ms=4.650 avg_us=0.384 max_us=25
   2 caller=0x7cd3d6f0577c calls=4480 total_ms=3.833 avg_us=0.856 max_us=30
   3 caller=0x7cd3d6f0599d calls=4480 total_ms=1.725 avg_us=0.385 max_us=5
   4 caller=0x7cd3d6f04732 calls=896 total_ms=1.683 avg_us=1.878 max_us=17
direct_cudaStreamSynchronize: calls=16034 total_ms=71.111 max_us=2474
by_direct_callsite (file:line):
   0 /opt/llama.cpp/ggml/src/ggml-cuda/ggml-cuda.cu:839 calls=15679 total_ms=64.997 avg_us=4.145 max_us=355
   1 /opt/llama.cpp/ggml/src/ggml-cuda/ggml-cuda.cu:900 calls=12 total_ms=5.782 avg_us=481.833 max_us=2474
   2 /opt/llama.cpp/ggml/src/ggml-cuda/ggml-cuda.cu:2665 calls=191 total_ms=0.218 avg_us=1.141 max_us=6
   3 /opt/llama.cpp/ggml/src/ggml-cuda/ggml-cuda.cu:847 calls=150 total_ms=0.114 avg_us=0.760 max_us=2
   4 /opt/llama.cpp/ggml/src/ggml-cuda/ggml-cuda.cu:741 calls=2 total_ms=0.000 avg_us=0.000 max_us=0
=== END CUDA SYNC PROFILE ===
moe-grouped-decode: registered=49 covered=0 plan_calls=0 plan_compiles=0 plan_reuses=0 calls=0 ready=0 ready_min=0 ready_max=0 completed=0 completed_min=0 completed_max=0 admitted_banks=0 fallback=0 rollback=0 host_calls=0 host_ops=0 host_split_ops=0 strategy_switches=0 required_unsupported=0 prepare_error=0 finish_error=0 h2d_banks=0 h2d_bytes=0
moe-cache-experts: tensors=144 experts=73728 unique=0 unique_pct=0.00 accesses=0 first_touches=0 first_touch_pct=0.00 touched_once=0 touched_ge2=0 reuse_le_l1=0 reuse_le_l1_pct=0.00 reuse_gt_l1=0 reuse_gt_l1_pct=0.00 top1_pct=0.00 top5_pct=0.00 top10_pct=0.00
moe-cache-experts-hot: tensor=? experts=0 unique=0 unique_pct=0.00 accesses=0 touched_once=0 touched_ge2=0 top10_pct=0.00 reuse_gt_l1_pct=0.00
moe-cache-tensor-hot-decode-miss: tensor=? l1_hits=0 l1_misses=0 l1_evictions=0 l1_hit_rate=0.00% h2d_copies=0 h2d_mib=0.00 h2d_enqueue_ms=0.000 prefetch_used=0 prefetch_h2d_copies=0 prefetch_h2d_mib=0.00 reuse_gt_l1_pct=0.00
moe-cache-phase: phase=prefill ops=0 staged_ops=0 split_staged_ops=0 overflow_ops=0 unique_avg=0.00 unique_max=0 ids_mib=0.00 ids_d2h_mib=0.00 ids_d2h_ms=0.000 ids_d2h_syncs=0 ids_cache_hits=0 acquire_ms=0.000 remap_ms=0.000 copy_wait_events=0 copy_wait_event_ms=0.000 op_cpu_ms=0.000 l1_hits=0 l1_misses=0 l1_evictions=0 l1_hit_rate=0.00% h2d_copies=0 h2d_mib=0.00 h2d_enqueue_ms=0.000 prefetch_hits=0 prefetch_misses=0 prefetch_used=0 prefetch_h2d_copies=0 prefetch_h2d_mib=0.00 prefetch_h2d_enqueue_ms=0.000 upload_calls=0 upload_mib=0.00 staging_tiles=0 pipeline_tiles=0 tile_wait_calls=0 tile_wait_ms=0.000 cpu_pack_mib=0.00 cpu_pack_ms=0.000 pre_sync_calls=0 pre_sync_ms=0.000 h2d_submit_calls=0 h2d_submit_mib=0.00 h2d_submit_ms=0.000 post_sync_calls=0 post_sync_ms=0.000 upload_errors=0
moe-cache-phase: phase=decode ops=0 staged_ops=0 split_staged_ops=0 overflow_ops=0 unique_avg=0.00 unique_max=0 ids_mib=0.00 ids_d2h_mib=0.00 ids_d2h_ms=0.000 ids_d2h_syncs=0 ids_cache_hits=0 acquire_ms=0.000 remap_ms=0.000 copy_wait_events=0 copy_wait_event_ms=0.000 op_cpu_ms=0.000 l1_hits=0 l1_misses=0 l1_evictions=0 l1_hit_rate=0.00% h2d_copies=0 h2d_mib=0.00 h2d_enqueue_ms=0.000 prefetch_hits=0 prefetch_misses=0 prefetch_used=0 prefetch_h2d_copies=0 prefetch_h2d_mib=0.00 prefetch_h2d_enqueue_ms=0.000 upload_calls=0 upload_mib=0.00 staging_tiles=0 pipeline_tiles=0 tile_wait_calls=0 tile_wait_ms=0.000 cpu_pack_mib=0.00 cpu_pack_ms=0.000 pre_sync_calls=0 pre_sync_ms=0.000 h2d_submit_calls=0 h2d_submit_mib=0.00 h2d_submit_ms=0.000 post_sync_calls=0 post_sync_ms=0.000 upload_errors=0
moe-cache-mm: h2d_copies=0 h2d_mib=0.00 h2d_enqueue_ms=0.000 mincore_sampled=0 resident_pages=0/0 resident_pct=0.00 nonresident_experts=0 mincore_fail=0 proc_minflt=11 proc_majflt=0 vm_pswpin=0 vm_pswpout=0 vm_pgfault=1884 vm_pgmajfault=0 vm_pgpgin=0 vm_pgpgout=0 vm_refault_file=12 vm_refault_anon=0

=== CUDA SYNC PROFILE (instrumentation only) ===
total_syncs = 36777
total_wait_ms = 20474.293
max_wait_us = 140101
sites = 5
wait_hist_us = logarithmic buckets
  hist[0] = 33785
  hist[1] = 1532
  hist[2] = 75
  hist[3] = 32
  hist[4] = 13
  hist[9] = 259
  hist[10] = 521
  hist[11] = 112
  hist[12] = 1
  hist[14] = 139
  hist[15] = 270
  hist[16] = 37
  hist[17] = 1
by_callsite (caller PC; symbolize with addr2line):
   0 caller=0x7cd3d6f010c2 calls=14821 total_ms=20462.402 avg_us=1380.636 max_us=140101
   1 caller=0x7cd3d6f0586c calls=12100 total_ms=4.650 avg_us=0.384 max_us=25
   2 caller=0x7cd3d6f0577c calls=4480 total_ms=3.833 avg_us=0.856 max_us=30
   3 caller=0x7cd3d6f0599d calls=4480 total_ms=1.725 avg_us=0.385 max_us=5
   4 caller=0x7cd3d6f04732 calls=896 total_ms=1.683 avg_us=1.878 max_us=17
direct_cudaStreamSynchronize: calls=16034 total_ms=71.111 max_us=2474
by_direct_callsite (file:line):
   0 /opt/llama.cpp/ggml/src/ggml-cuda/ggml-cuda.cu:839 calls=15679 total_ms=64.997 avg_us=4.145 max_us=355
   1 /opt/llama.cpp/ggml/src/ggml-cuda/ggml-cuda.cu:900 calls=12 total_ms=5.782 avg_us=481.833 max_us=2474
   2 /opt/llama.cpp/ggml/src/ggml-cuda/ggml-cuda.cu:2665 calls=191 total_ms=0.218 avg_us=1.141 max_us=6
   3 /opt/llama.cpp/ggml/src/ggml-cuda/ggml-cuda.cu:847 calls=150 total_ms=0.114 avg_us=0.760 max_us=2
   4 /opt/llama.cpp/ggml/src/ggml-cuda/ggml-cuda.cu:741 calls=2 total_ms=0.000 avg_us=0.000 max_us=0
=== END CUDA SYNC PROFILE ===

=== CUDA SYNC PROFILE (instrumentation only) ===
total_syncs = 36777
total_wait_ms = 20474.293
max_wait_us = 140101
sites = 5
wait_hist_us = logarithmic buckets
  hist[0] = 33785
  hist[1] = 1532
  hist[2] = 75
  hist[3] = 32
  hist[4] = 13
  hist[9] = 259
  hist[10] = 521
  hist[11] = 112
  hist[12] = 1
  hist[14] = 139
  hist[15] = 270
  hist[16] = 37
  hist[17] = 1
by_callsite (caller PC; symbolize with addr2line):
   0 caller=0x7cd3d6f010c2 calls=14821 total_ms=20462.402 avg_us=1380.636 max_us=140101
   1 caller=0x7cd3d6f0586c calls=12100 total_ms=4.650 avg_us=0.384 max_us=25
   2 caller=0x7cd3d6f0577c calls=4480 total_ms=3.833 avg_us=0.856 max_us=30
   3 caller=0x7cd3d6f0599d calls=4480 total_ms=1.725 avg_us=0.385 max_us=5
   4 caller=0x7cd3d6f04732 calls=896 total_ms=1.683 avg_us=1.878 max_us=17
direct_cudaStreamSynchronize: calls=16035 total_ms=71.112 max_us=2474
by_direct_callsite (file:line):
   0 /opt/llama.cpp/ggml/src/ggml-cuda/ggml-cuda.cu:839 calls=15679 total_ms=64.997 avg_us=4.145 max_us=355
   1 /opt/llama.cpp/ggml/src/ggml-cuda/ggml-cuda.cu:900 calls=12 total_ms=5.782 avg_us=481.833 max_us=2474
   2 /opt/llama.cpp/ggml/src/ggml-cuda/ggml-cuda.cu:2665 calls=191 total_ms=0.218 avg_us=1.141 max_us=6
   3 /opt/llama.cpp/ggml/src/ggml-cuda/ggml-cuda.cu:847 calls=150 total_ms=0.114 avg_us=0.760 max_us=2
   4 /opt/llama.cpp/ggml/src/ggml-cuda/ggml-cuda.cu:2366 calls=1 total_ms=0.001 avg_us=1.000 max_us=1
   5 /opt/llama.cpp/ggml/src/ggml-cuda/ggml-cuda.cu:741 calls=2 total_ms=0.000 avg_us=0.000 max_us=0
=== END CUDA SYNC PROFILE ===
moe-grouped-decode: registered=48 covered=0 plan_calls=0 plan_compiles=0 plan_reuses=0 calls=0 ready=0 ready_min=0 ready_max=0 completed=0 completed_min=0 completed_max=0 admitted_banks=0 fallback=0 rollback=0 host_calls=0 host_ops=0 host_split_ops=0 strategy_switches=0 required_unsupported=0 prepare_error=0 finish_error=0 h2d_banks=0 h2d_bytes=0
moe-cache-experts: tensors=144 experts=73728 unique=0 unique_pct=0.00 accesses=0 first_touches=0 first_touch_pct=0.00 touched_once=0 touched_ge2=0 reuse_le_l1=0 reuse_le_l1_pct=0.00 reuse_gt_l1=0 reuse_gt_l1_pct=0.00 top1_pct=0.00 top5_pct=0.00 top10_pct=0.00
moe-cache-experts-hot: tensor=? experts=0 unique=0 unique_pct=0.00 accesses=0 touched_once=0 touched_ge2=0 top10_pct=0.00 reuse_gt_l1_pct=0.00
moe-cache-tensor-hot-decode-miss: tensor=? l1_hits=0 l1_misses=0 l1_evictions=0 l1_hit_rate=0.00% h2d_copies=0 h2d_mib=0.00 h2d_enqueue_ms=0.000 prefetch_used=0 prefetch_h2d_copies=0 prefetch_h2d_mib=0.00 reuse_gt_l1_pct=0.00
moe-cache-phase: phase=prefill ops=0 staged_ops=0 split_staged_ops=0 overflow_ops=0 unique_avg=0.00 unique_max=0 ids_mib=0.00 ids_d2h_mib=0.00 ids_d2h_ms=0.000 ids_d2h_syncs=0 ids_cache_hits=0 acquire_ms=0.000 remap_ms=0.000 copy_wait_events=0 copy_wait_event_ms=0.000 op_cpu_ms=0.000 l1_hits=0 l1_misses=0 l1_evictions=0 l1_hit_rate=0.00% h2d_copies=0 h2d_mib=0.00 h2d_enqueue_ms=0.000 prefetch_hits=0 prefetch_misses=0 prefetch_used=0 prefetch_h2d_copies=0 prefetch_h2d_mib=0.00 prefetch_h2d_enqueue_ms=0.000 upload_calls=0 upload_mib=0.00 staging_tiles=0 pipeline_tiles=0 tile_wait_calls=0 tile_wait_ms=0.000 cpu_pack_mib=0.00 cpu_pack_ms=0.000 pre_sync_calls=0 pre_sync_ms=0.000 h2d_submit_calls=0 h2d_submit_mib=0.00 h2d_submit_ms=0.000 post_sync_calls=0 post_sync_ms=0.000 upload_errors=0
moe-cache-phase: phase=decode ops=0 staged_ops=0 split_staged_ops=0 overflow_ops=0 unique_avg=0.00 unique_max=0 ids_mib=0.00 ids_d2h_mib=0.00 ids_d2h_ms=0.000 ids_d2h_syncs=0 ids_cache_hits=0 acquire_ms=0.000 remap_ms=0.000 copy_wait_events=0 copy_wait_event_ms=0.000 op_cpu_ms=0.000 l1_hits=0 l1_misses=0 l1_evictions=0 l1_hit_rate=0.00% h2d_copies=0 h2d_mib=0.00 h2d_enqueue_ms=0.000 prefetch_hits=0 prefetch_misses=0 prefetch_used=0 prefetch_h2d_copies=0 prefetch_h2d_mib=0.00 prefetch_h2d_enqueue_ms=0.000 upload_calls=0 upload_mib=0.00 staging_tiles=0 pipeline_tiles=0 tile_wait_calls=0 tile_wait_ms=0.000 cpu_pack_mib=0.00 cpu_pack_ms=0.000 pre_sync_calls=0 pre_sync_ms=0.000 h2d_submit_calls=0 h2d_submit_mib=0.00 h2d_submit_ms=0.000 post_sync_calls=0 post_sync_ms=0.000 upload_errors=0
moe-cache-mm: h2d_copies=0 h2d_mib=0.00 h2d_enqueue_ms=0.000 mincore_sampled=0 resident_pages=0/0 resident_pct=0.00 nonresident_experts=0 mincore_fail=0 proc_minflt=0 proc_majflt=0 vm_pswpin=0 vm_pswpout=0 vm_pgfault=17774 vm_pgmajfault=0 vm_pgpgin=0 vm_pgpgout=0 vm_refault_file=0 vm_refault_anon=0

=== CUDA SYNC PROFILE (instrumentation only) ===
total_syncs = 36777
total_wait_ms = 20474.293
max_wait_us = 140101
sites = 5
wait_hist_us = logarithmic buckets
  hist[0] = 33785
  hist[1] = 1532
  hist[2] = 75
  hist[3] = 32
  hist[4] = 13
  hist[9] = 259
  hist[10] = 521
  hist[11] = 112
  hist[12] = 1
  hist[14] = 139
  hist[15] = 270
  hist[16] = 37
  hist[17] = 1
by_callsite (caller PC; symbolize with addr2line):
   0 caller=0x7cd3d6f010c2 calls=14821 total_ms=20462.402 avg_us=1380.636 max_us=140101
   1 caller=0x7cd3d6f0586c calls=12100 total_ms=4.650 avg_us=0.384 max_us=25
   2 caller=0x7cd3d6f0577c calls=4480 total_ms=3.833 avg_us=0.856 max_us=30
   3 caller=0x7cd3d6f0599d calls=4480 total_ms=1.725 avg_us=0.385 max_us=5
   4 caller=0x7cd3d6f04732 calls=896 total_ms=1.683 avg_us=1.878 max_us=17
direct_cudaStreamSynchronize: calls=16035 total_ms=71.112 max_us=2474
by_direct_callsite (file:line):
   0 /opt/llama.cpp/ggml/src/ggml-cuda/ggml-cuda.cu:839 calls=15679 total_ms=64.997 avg_us=4.145 max_us=355
   1 /opt/llama.cpp/ggml/src/ggml-cuda/ggml-cuda.cu:900 calls=12 total_ms=5.782 avg_us=481.833 max_us=2474
   2 /opt/llama.cpp/ggml/src/ggml-cuda/ggml-cuda.cu:2665 calls=191 total_ms=0.218 avg_us=1.141 max_us=6
   3 /opt/llama.cpp/ggml/src/ggml-cuda/ggml-cuda.cu:847 calls=150 total_ms=0.114 avg_us=0.760 max_us=2
   4 /opt/llama.cpp/ggml/src/ggml-cuda/ggml-cuda.cu:2366 calls=1 total_ms=0.001 avg_us=1.000 max_us=1
   5 /opt/llama.cpp/ggml/src/ggml-cuda/ggml-cuda.cu:741 calls=2 total_ms=0.000 avg_us=0.000 max_us=0
=== END CUDA SYNC PROFILE ===

=== CUDA SYNC PROFILE (instrumentation only) ===
total_syncs = 36777
total_wait_ms = 20474.293
max_wait_us = 140101
sites = 5
wait_hist_us = logarithmic buckets
  hist[0] = 33785
  hist[1] = 1532
  hist[2] = 75
  hist[3] = 32
  hist[4] = 13
  hist[9] = 259
  hist[10] = 521
  hist[11] = 112
  hist[12] = 1
  hist[14] = 139
  hist[15] = 270
  hist[16] = 37
  hist[17] = 1
by_callsite (caller PC; symbolize with addr2line):
   0 caller=0x7cd3d6f010c2 calls=14821 total_ms=20462.402 avg_us=1380.636 max_us=140101
   1 caller=0x7cd3d6f0586c calls=12100 total_ms=4.650 avg_us=0.384 max_us=25
   2 caller=0x7cd3d6f0577c calls=4480 total_ms=3.833 avg_us=0.856 max_us=30
   3 caller=0x7cd3d6f0599d calls=4480 total_ms=1.725 avg_us=0.385 max_us=5
   4 caller=0x7cd3d6f04732 calls=896 total_ms=1.683 avg_us=1.878 max_us=17
direct_cudaStreamSynchronize: calls=16035 total_ms=71.112 max_us=2474
by_direct_callsite (file:line):
   0 /opt/llama.cpp/ggml/src/ggml-cuda/ggml-cuda.cu:839 calls=15679 total_ms=64.997 avg_us=4.145 max_us=355
   1 /opt/llama.cpp/ggml/src/ggml-cuda/ggml-cuda.cu:900 calls=12 total_ms=5.782 avg_us=481.833 max_us=2474
   2 /opt/llama.cpp/ggml/src/ggml-cuda/ggml-cuda.cu:2665 calls=191 total_ms=0.218 avg_us=1.141 max_us=6
   3 /opt/llama.cpp/ggml/src/ggml-cuda/ggml-cuda.cu:847 calls=150 total_ms=0.114 avg_us=0.760 max_us=2
   4 /opt/llama.cpp/ggml/src/ggml-cuda/ggml-cuda.cu:2366 calls=1 total_ms=0.001 avg_us=1.000 max_us=1
   5 /opt/llama.cpp/ggml/src/ggml-cuda/ggml-cuda.cu:741 calls=2 total_ms=0.000 avg_us=0.000 max_us=0
=== END CUDA SYNC PROFILE ===
=== SCHEDULER SYNC PROFILE ===
site=sched_synchronize calls=29642 total_ms=20468.500 avg_us=690.524 max_us=140103
site=alloc_splits.realloc calls=1792 total_ms=2.091 avg_us=1.167 max_us=49
site=compute_splits.input_reuse calls=4480 total_ms=5.908 avg_us=1.319 max_us=127
site=compute_splits.input_copy_src calls=4480 total_ms=0.101 avg_us=0.023 max_us=1
site=compute_splits.input_copy_dst calls=4480 total_ms=3.130 avg_us=0.699 max_us=37
site=compute_splits.user_input calls=12100 total_ms=8.925 avg_us=0.738 max_us=123
=== END SCHEDULER SYNC PROFILE ===
