0.00.121.284 I cmn  common_param: common_params_print_info: verbosity = 3 (adjust with the `-lv N` CLI arg)
0.00.121.582 W srv  llama_server: -----------------
0.00.121.583 W srv  llama_server: CORS is set to allow all origins ('*') and no API key is set
0.00.121.583 W srv  llama_server: this can be a security risk (cross-origin attacks)
0.00.121.583 W srv  llama_server: more info: https://github.com/ggml-org/llama.cpp/pull/25655
0.00.121.583 W srv  llama_server: -----------------
0.00.122.789 I srv    load_model: loading model '/opt/models/Qwen3.8-Flash-Next/UD-Q3_K_XL/Qwen3.8-Flash-Next-UD-Q3_K_XL-00001-of-00003.gguf'
0.57.930.507 I cmn          init: llama threadpool init, n_threads = 12
0.57.930.572 I common_speculative_init_result: loading draft model '/opt/models/Qwen3.8-Flash-Next/MTP/mtp-Qwen3.8-Flash-Next-Q4_K_M.gguf'

=== CUDA SYNC PROFILE (instrumentation only) ===
total_syncs = 2
total_wait_ms = 0.025
max_wait_us = 21
sites = 1
wait_hist_us = logarithmic buckets
  hist[2] = 1
  hist[4] = 1
by_callsite (caller PC; symbolize with addr2line):
   0 caller=0x7bf768d5c0d2 calls=2 total_ms=0.025 avg_us=12.500 max_us=21
direct_cudaStreamSynchronize: calls=3 total_ms=1.037 max_us=566
by_direct_callsite (file:line):
   0 /opt/llama.cpp/ggml/src/ggml-cuda/ggml-cuda.cu:900 calls=3 total_ms=1.037 avg_us=345.667 max_us=566
=== END CUDA SYNC PROFILE ===

=== CUDA SYNC PROFILE (instrumentation only) ===
total_syncs = 2
total_wait_ms = 0.025
max_wait_us = 21
sites = 1
wait_hist_us = logarithmic buckets
  hist[2] = 1
  hist[4] = 1
by_callsite (caller PC; symbolize with addr2line):
   0 caller=0x7bf768d5c0d2 calls=2 total_ms=0.025 avg_us=12.500 max_us=21
direct_cudaStreamSynchronize: calls=3 total_ms=1.037 max_us=566
by_direct_callsite (file:line):
   0 /opt/llama.cpp/ggml/src/ggml-cuda/ggml-cuda.cu:900 calls=3 total_ms=1.037 avg_us=345.667 max_us=566
=== END CUDA SYNC PROFILE ===
1.01.065.641 I srv    load_model: MTP recurrent-plane policy: draft depth = 2, total planes = 3, direct rollback horizon = 2, full-shape GPU replay = disabled
1.01.065.645 I srv    load_model: initializing, n_slots = 1, n_ctx_slot = 65536, kv_unified = 'false'
1.01.074.572 W srv          init: --cache-idle-slots requires --cache-ram, disabling
1.01.081.070 W srv          init: chat template supports preserving reasoning, it is enabled by default (may use more tokens, disable via --no-reasoning-preserve)
1.01.081.094 I srv  llama_server: model loaded
1.01.081.096 I srv  llama_server: listening on http://127.0.0.1:8080
1.01.081.097 W srv  llama_server: NOTICE: server default port will be changed to :9931 in a future release
1.01.081.097 W srv  llama_server:         ref: https://github.com/ggml-org/llama.cpp/pull/26508
1.01.147.402 I slot get_availabl: id  0 | task -1 | selected slot by LRU, t_last = -1
1.01.147.500 I slot launch_slot_: id  0 | task -1 | decode overlap: MTP draft enabled after target acceptance
1.01.147.504 I slot launch_slot_: id  0 | task 0 | processing task, is_child = 0

=== CUDA SYNC PROFILE (instrumentation only) ===
total_syncs = 70
total_wait_ms = 0.798
max_wait_us = 668
sites = 5
wait_hist_us = logarithmic buckets
  hist[0] = 48
  hist[1] = 10
  hist[2] = 6
  hist[3] = 4
  hist[4] = 1
  hist[9] = 1
by_callsite (caller PC; symbolize with addr2line):
   0 caller=0x7bf768d5c0d2 calls=18 total_ms=0.756 avg_us=42.000 max_us=668
   1 caller=0x7bf768d6089c calls=10 total_ms=0.017 avg_us=1.700 max_us=8
   2 caller=0x7bf768d5f852 calls=2 total_ms=0.010 avg_us=5.000 max_us=8
   3 caller=0x7bf768d6098c calls=30 total_ms=0.010 avg_us=0.333 max_us=1
   4 caller=0x7bf768d60abd calls=10 total_ms=0.005 avg_us=0.500 max_us=2
direct_cudaStreamSynchronize: calls=100 total_ms=6.161 max_us=2586
by_direct_callsite (file:line):
   0 /opt/llama.cpp/ggml/src/ggml-cuda/ggml-cuda.cu:900 calls=12 total_ms=5.896 avg_us=491.333 max_us=2586
   1 /opt/llama.cpp/ggml/src/ggml-cuda/ggml-cuda.cu:839 calls=37 total_ms=0.225 avg_us=6.081 max_us=39
   2 /opt/llama.cpp/ggml/src/ggml-cuda/ggml-cuda.cu:2665 calls=51 total_ms=0.040 avg_us=0.784 max_us=2
=== END CUDA SYNC PROFILE ===
backend-sync-trace: count=100 backend=CUDA0 caller=ggml_backend_sched_synchronize+0x62

=== CUDA SYNC PROFILE (instrumentation only) ===
total_syncs = 100
total_wait_ms = 30.551
max_wait_us = 29677
sites = 5
wait_hist_us = logarithmic buckets
  hist[0] = 68
  hist[1] = 15
  hist[2] = 8
  hist[3] = 5
  hist[4] = 1
  hist[5] = 1
  hist[9] = 1
  hist[14] = 1
by_callsite (caller PC; symbolize with addr2line):
   0 caller=0x7bf768d5c0d2 calls=39 total_ms=30.468 avg_us=781.231 max_us=29677
   1 caller=0x7bf768d5f852 calls=3 total_ms=0.046 avg_us=15.333 max_us=36
   2 caller=0x7bf768d6089c calls=12 total_ms=0.021 avg_us=1.750 max_us=8
   3 caller=0x7bf768d6098c calls=34 total_ms=0.011 avg_us=0.324 max_us=1
   4 caller=0x7bf768d60abd calls=12 total_ms=0.005 avg_us=0.417 max_us=2
direct_cudaStreamSynchronize: calls=149 total_ms=6.413 max_us=2586
by_direct_callsite (file:line):
   0 /opt/llama.cpp/ggml/src/ggml-cuda/ggml-cuda.cu:900 calls=12 total_ms=5.896 avg_us=491.333 max_us=2586
   1 /opt/llama.cpp/ggml/src/ggml-cuda/ggml-cuda.cu:839 calls=42 total_ms=0.404 avg_us=9.619 max_us=133
   2 /opt/llama.cpp/ggml/src/ggml-cuda/ggml-cuda.cu:2665 calls=95 total_ms=0.113 avg_us=1.189 max_us=10
=== END CUDA SYNC PROFILE ===

=== CUDA SYNC PROFILE (instrumentation only) ===
total_syncs = 126
total_wait_ms = 30.579
max_wait_us = 29677
sites = 5
wait_hist_us = logarithmic buckets
  hist[0] = 91
  hist[1] = 18
  hist[2] = 8
  hist[3] = 5
  hist[4] = 1
  hist[5] = 1
  hist[9] = 1
  hist[14] = 1
by_callsite (caller PC; symbolize with addr2line):
   0 caller=0x7bf768d5c0d2 calls=65 total_ms=30.496 avg_us=469.169 max_us=29677
   1 caller=0x7bf768d5f852 calls=3 total_ms=0.046 avg_us=15.333 max_us=36
   2 caller=0x7bf768d6089c calls=12 total_ms=0.021 avg_us=1.750 max_us=8
   3 caller=0x7bf768d6098c calls=34 total_ms=0.011 avg_us=0.324 max_us=1
   4 caller=0x7bf768d60abd calls=12 total_ms=0.005 avg_us=0.417 max_us=2
direct_cudaStreamSynchronize: calls=200 total_ms=6.470 max_us=2586
by_direct_callsite (file:line):
   0 /opt/llama.cpp/ggml/src/ggml-cuda/ggml-cuda.cu:900 calls=12 total_ms=5.896 avg_us=491.333 max_us=2586
   1 /opt/llama.cpp/ggml/src/ggml-cuda/ggml-cuda.cu:839 calls=42 total_ms=0.404 avg_us=9.619 max_us=133
   2 /opt/llama.cpp/ggml/src/ggml-cuda/ggml-cuda.cu:2665 calls=95 total_ms=0.113 avg_us=1.189 max_us=10
   3 /opt/llama.cpp/ggml/src/ggml-cuda/ggml-cuda.cu:847 calls=51 total_ms=0.057 avg_us=1.118 max_us=2
=== END CUDA SYNC PROFILE ===
backend-sync-trace: count=200 backend=CUDA0 caller=ggml_backend_sched_synchronize+0x62

=== CUDA SYNC PROFILE (instrumentation only) ===
total_syncs = 200
total_wait_ms = 54.796
max_wait_us = 29677
sites = 5
wait_hist_us = logarithmic buckets
  hist[0] = 156
  hist[1] = 24
  hist[2] = 8
  hist[3] = 7
  hist[4] = 1
  hist[5] = 1
  hist[9] = 1
  hist[14] = 2
by_callsite (caller PC; symbolize with addr2line):
   0 caller=0x7bf768d5c0d2 calls=108 total_ms=54.670 avg_us=506.204 max_us=29677
   1 caller=0x7bf768d5f852 calls=5 total_ms=0.062 avg_us=12.400 max_us=36
   2 caller=0x7bf768d6089c calls=18 total_ms=0.039 avg_us=2.167 max_us=15
   3 caller=0x7bf768d6098c calls=51 total_ms=0.017 avg_us=0.333 max_us=1
   4 caller=0x7bf768d60abd calls=18 total_ms=0.008 avg_us=0.444 max_us=2
direct_cudaStreamSynchronize: calls=292 total_ms=7.360 max_us=2586
by_direct_callsite (file:line):
   0 /opt/llama.cpp/ggml/src/ggml-cuda/ggml-cuda.cu:900 calls=12 total_ms=5.896 avg_us=491.333 max_us=2586
   1 /opt/llama.cpp/ggml/src/ggml-cuda/ggml-cuda.cu:839 calls=62 total_ms=1.103 avg_us=17.790 max_us=353
   2 /opt/llama.cpp/ggml/src/ggml-cuda/ggml-cuda.cu:2665 calls=143 total_ms=0.266 avg_us=1.860 max_us=10
   3 /opt/llama.cpp/ggml/src/ggml-cuda/ggml-cuda.cu:847 calls=75 total_ms=0.095 avg_us=1.267 max_us=3
=== END CUDA SYNC PROFILE ===

=== CUDA SYNC PROFILE (instrumentation only) ===
total_syncs = 276
total_wait_ms = 54.848
max_wait_us = 29677
sites = 5
wait_hist_us = logarithmic buckets
  hist[0] = 231
  hist[1] = 25
  hist[2] = 8
  hist[3] = 7
  hist[4] = 1
  hist[5] = 1
  hist[9] = 1
  hist[14] = 2
by_callsite (caller PC; symbolize with addr2line):
   0 caller=0x7bf768d5c0d2 calls=184 total_ms=54.722 avg_us=297.402 max_us=29677
   1 caller=0x7bf768d5f852 calls=5 total_ms=0.062 avg_us=12.400 max_us=36
   2 caller=0x7bf768d6089c calls=18 total_ms=0.039 avg_us=2.167 max_us=15
   3 caller=0x7bf768d6098c calls=51 total_ms=0.017 avg_us=0.333 max_us=1
   4 caller=0x7bf768d60abd calls=18 total_ms=0.008 avg_us=0.444 max_us=2
direct_cudaStreamSynchronize: calls=300 total_ms=7.364 max_us=2586
by_direct_callsite (file:line):
   0 /opt/llama.cpp/ggml/src/ggml-cuda/ggml-cuda.cu:900 calls=12 total_ms=5.896 avg_us=491.333 max_us=2586
   1 /opt/llama.cpp/ggml/src/ggml-cuda/ggml-cuda.cu:839 calls=62 total_ms=1.103 avg_us=17.790 max_us=353
   2 /opt/llama.cpp/ggml/src/ggml-cuda/ggml-cuda.cu:2665 calls=143 total_ms=0.266 avg_us=1.860 max_us=10
   3 /opt/llama.cpp/ggml/src/ggml-cuda/ggml-cuda.cu:847 calls=83 total_ms=0.099 avg_us=1.193 max_us=3
=== END CUDA SYNC PROFILE ===

=== CUDA SYNC PROFILE (instrumentation only) ===
total_syncs = 299
total_wait_ms = 54.861
max_wait_us = 29677
sites = 5
wait_hist_us = logarithmic buckets
  hist[0] = 251
  hist[1] = 28
  hist[2] = 8
  hist[3] = 7
  hist[4] = 1
  hist[5] = 1
  hist[9] = 1
  hist[14] = 2
by_callsite (caller PC; symbolize with addr2line):
   0 caller=0x7bf768d5c0d2 calls=185 total_ms=54.724 avg_us=295.805 max_us=29677
   1 caller=0x7bf768d5f852 calls=6 total_ms=0.065 avg_us=10.833 max_us=36
   2 caller=0x7bf768d6089c calls=22 total_ms=0.042 avg_us=1.909 max_us=15
   3 caller=0x7bf768d6098c calls=64 total_ms=0.020 avg_us=0.312 max_us=1
   4 caller=0x7bf768d60abd calls=22 total_ms=0.010 avg_us=0.455 max_us=2
direct_cudaStreamSynchronize: calls=400 total_ms=7.508 max_us=2586
by_direct_callsite (file:line):
   0 /opt/llama.cpp/ggml/src/ggml-cuda/ggml-cuda.cu:900 calls=12 total_ms=5.896 avg_us=491.333 max_us=2586
   1 /opt/llama.cpp/ggml/src/ggml-cuda/ggml-cuda.cu:839 calls=78 total_ms=1.174 avg_us=15.051 max_us=353
   2 /opt/llama.cpp/ggml/src/ggml-cuda/ggml-cuda.cu:2665 calls=160 total_ms=0.283 avg_us=1.769 max_us=10
   3 /opt/llama.cpp/ggml/src/ggml-cuda/ggml-cuda.cu:847 calls=150 total_ms=0.155 avg_us=1.033 max_us=3
=== END CUDA SYNC PROFILE ===
backend-sync-trace: count=300 backend=CUDA0 caller=ggml_backend_sched_synchronize+0x62

=== CUDA SYNC PROFILE (instrumentation only) ===
total_syncs = 300
total_wait_ms = 57.288
max_wait_us = 29677
sites = 5
wait_hist_us = logarithmic buckets
  hist[0] = 251
  hist[1] = 28
  hist[2] = 8
  hist[3] = 7
  hist[4] = 1
  hist[5] = 1
  hist[9] = 1
  hist[11] = 1
  hist[14] = 2
by_callsite (caller PC; symbolize with addr2line):
   0 caller=0x7bf768d5c0d2 calls=186 total_ms=57.151 avg_us=307.263 max_us=29677
   1 caller=0x7bf768d5f852 calls=6 total_ms=0.065 avg_us=10.833 max_us=36
   2 caller=0x7bf768d6089c calls=22 total_ms=0.042 avg_us=1.909 max_us=15
   3 caller=0x7bf768d6098c calls=64 total_ms=0.020 avg_us=0.312 max_us=1
   4 caller=0x7bf768d60abd calls=22 total_ms=0.010 avg_us=0.455 max_us=2
direct_cudaStreamSynchronize: calls=431 total_ms=7.538 max_us=2586
by_direct_callsite (file:line):
   0 /opt/llama.cpp/ggml/src/ggml-cuda/ggml-cuda.cu:900 calls=12 total_ms=5.896 avg_us=491.333 max_us=2586
   1 /opt/llama.cpp/ggml/src/ggml-cuda/ggml-cuda.cu:839 calls=78 total_ms=1.174 avg_us=15.051 max_us=353
   2 /opt/llama.cpp/ggml/src/ggml-cuda/ggml-cuda.cu:2665 calls=191 total_ms=0.313 avg_us=1.639 max_us=10
   3 /opt/llama.cpp/ggml/src/ggml-cuda/ggml-cuda.cu:847 calls=150 total_ms=0.155 avg_us=1.033 max_us=3
=== END CUDA SYNC PROFILE ===
backend-sync-trace: count=400 backend=CUDA0 caller=ggml_backend_sched_synchronize+0x62

=== CUDA SYNC PROFILE (instrumentation only) ===
total_syncs = 400
total_wait_ms = 104.215
max_wait_us = 40042
sites = 5
wait_hist_us = logarithmic buckets
  hist[0] = 333
  hist[1] = 41
  hist[2] = 9
  hist[3] = 8
  hist[4] = 1
  hist[5] = 1
  hist[9] = 1
  hist[11] = 3
  hist[14] = 2
  hist[15] = 1
by_callsite (caller PC; symbolize with addr2line):
   0 caller=0x7bf768d5c0d2 calls=230 total_ms=104.031 avg_us=452.309 max_us=40042
   1 caller=0x7bf768d5f852 calls=7 total_ms=0.068 avg_us=9.714 max_us=36
   2 caller=0x7bf768d6089c calls=34 total_ms=0.063 avg_us=1.853 max_us=15
   3 caller=0x7bf768d6098c calls=95 total_ms=0.037 avg_us=0.389 max_us=1
   4 caller=0x7bf768d60abd calls=34 total_ms=0.016 avg_us=0.471 max_us=2
direct_cudaStreamSynchronize: calls=471 total_ms=7.712 max_us=2586
by_direct_callsite (file:line):
   0 /opt/llama.cpp/ggml/src/ggml-cuda/ggml-cuda.cu:900 calls=12 total_ms=5.896 avg_us=491.333 max_us=2586
   1 /opt/llama.cpp/ggml/src/ggml-cuda/ggml-cuda.cu:839 calls=118 total_ms=1.348 avg_us=11.424 max_us=353
   2 /opt/llama.cpp/ggml/src/ggml-cuda/ggml-cuda.cu:2665 calls=191 total_ms=0.313 avg_us=1.639 max_us=10
   3 /opt/llama.cpp/ggml/src/ggml-cuda/ggml-cuda.cu:847 calls=150 total_ms=0.155 avg_us=1.033 max_us=3
=== END CUDA SYNC PROFILE ===

=== CUDA SYNC PROFILE (instrumentation only) ===
total_syncs = 465
total_wait_ms = 110.446
max_wait_us = 40042
sites = 5
wait_hist_us = logarithmic buckets
  hist[0] = 391
  hist[1] = 46
  hist[2] = 9
  hist[3] = 8
  hist[4] = 1
  hist[5] = 1
  hist[9] = 1
  hist[11] = 5
  hist[14] = 2
  hist[15] = 1
by_callsite (caller PC; symbolize with addr2line):
   0 caller=0x7bf768d5c0d2 calls=256 total_ms=110.238 avg_us=430.617 max_us=40042
   1 caller=0x7bf768d5f852 calls=8 total_ms=0.071 avg_us=8.875 max_us=36
   2 caller=0x7bf768d6089c calls=42 total_ms=0.071 avg_us=1.690 max_us=15
   3 caller=0x7bf768d6098c calls=117 total_ms=0.049 avg_us=0.419 max_us=1
   4 caller=0x7bf768d60abd calls=42 total_ms=0.017 avg_us=0.405 max_us=2
direct_cudaStreamSynchronize: calls=500 total_ms=7.824 max_us=2586
by_direct_callsite (file:line):
   0 /opt/llama.cpp/ggml/src/ggml-cuda/ggml-cuda.cu:900 calls=12 total_ms=5.896 avg_us=491.333 max_us=2586
   1 /opt/llama.cpp/ggml/src/ggml-cuda/ggml-cuda.cu:839 calls=147 total_ms=1.460 avg_us=9.932 max_us=353
   2 /opt/llama.cpp/ggml/src/ggml-cuda/ggml-cuda.cu:2665 calls=191 total_ms=0.313 avg_us=1.639 max_us=10
   3 /opt/llama.cpp/ggml/src/ggml-cuda/ggml-cuda.cu:847 calls=150 total_ms=0.155 avg_us=1.033 max_us=3
=== END CUDA SYNC PROFILE ===
backend-sync-trace: count=500 backend=CUDA0 caller=ggml_backend_sched_graph_compute_async_ext+0xddc

=== CUDA SYNC PROFILE (instrumentation only) ===
total_syncs = 500
total_wait_ms = 225.308
max_wait_us = 114817
sites = 5
wait_hist_us = logarithmic buckets
  hist[0] = 417
  hist[1] = 53
  hist[2] = 10
  hist[3] = 8
  hist[4] = 1
  hist[5] = 1
  hist[9] = 1
  hist[11] = 5
  hist[14] = 2
  hist[15] = 1
  hist[16] = 1
by_callsite (caller PC; symbolize with addr2line):
   0 caller=0x7bf768d5c0d2 calls=279 total_ms=225.081 avg_us=806.742 max_us=114817
   1 caller=0x7bf768d5f852 calls=10 total_ms=0.078 avg_us=7.800 max_us=36
   2 caller=0x7bf768d6089c calls=45 total_ms=0.076 avg_us=1.689 max_us=15
   3 caller=0x7bf768d6098c calls=122 total_ms=0.054 avg_us=0.443 max_us=1
   4 caller=0x7bf768d60abd calls=44 total_ms=0.019 avg_us=0.432 max_us=2
direct_cudaStreamSynchronize: calls=506 total_ms=7.853 max_us=2586
by_direct_callsite (file:line):
   0 /opt/llama.cpp/ggml/src/ggml-cuda/ggml-cuda.cu:900 calls=12 total_ms=5.896 avg_us=491.333 max_us=2586
   1 /opt/llama.cpp/ggml/src/ggml-cuda/ggml-cuda.cu:839 calls=153 total_ms=1.489 avg_us=9.732 max_us=353
   2 /opt/llama.cpp/ggml/src/ggml-cuda/ggml-cuda.cu:2665 calls=191 total_ms=0.313 avg_us=1.639 max_us=10
   3 /opt/llama.cpp/ggml/src/ggml-cuda/ggml-cuda.cu:847 calls=150 total_ms=0.155 avg_us=1.033 max_us=3
=== END CUDA SYNC PROFILE ===
backend-sync-trace: count=600 backend=CUDA0 caller=ggml_backend_sched_graph_compute_async_ext+0xecc

=== CUDA SYNC PROFILE (instrumentation only) ===
total_syncs = 600
total_wait_ms = 333.111
max_wait_us = 114817
sites = 5
wait_hist_us = logarithmic buckets
  hist[0] = 498
  hist[1] = 67
  hist[2] = 11
  hist[3] = 8
  hist[4] = 1
  hist[5] = 1
  hist[9] = 1
  hist[10] = 1
  hist[11] = 7
  hist[14] = 2
  hist[15] = 1
  hist[16] = 2
by_callsite (caller PC; symbolize with addr2line):
   0 caller=0x7bf768d5c0d2 calls=317 total_ms=332.840 avg_us=1049.968 max_us=114817
   1 caller=0x7bf768d6089c calls=58 total_ms=0.086 avg_us=1.483 max_us=15
   2 caller=0x7bf768d5f852 calls=12 total_ms=0.083 avg_us=6.917 max_us=36
   3 caller=0x7bf768d6098c calls=155 total_ms=0.073 avg_us=0.471 max_us=1
   4 caller=0x7bf768d60abd calls=58 total_ms=0.029 avg_us=0.500 max_us=2
direct_cudaStreamSynchronize: calls=550 total_ms=8.022 max_us=2586
by_direct_callsite (file:line):
   0 /opt/llama.cpp/ggml/src/ggml-cuda/ggml-cuda.cu:900 calls=12 total_ms=5.896 avg_us=491.333 max_us=2586
   1 /opt/llama.cpp/ggml/src/ggml-cuda/ggml-cuda.cu:839 calls=197 total_ms=1.658 avg_us=8.416 max_us=353
   2 /opt/llama.cpp/ggml/src/ggml-cuda/ggml-cuda.cu:2665 calls=191 total_ms=0.313 avg_us=1.639 max_us=10
   3 /opt/llama.cpp/ggml/src/ggml-cuda/ggml-cuda.cu:847 calls=150 total_ms=0.155 avg_us=1.033 max_us=3
=== END CUDA SYNC PROFILE ===
backend-sync-trace: count=700 backend=CUDA0 caller=ggml_backend_sched_graph_compute_async_ext+0xddc

=== CUDA SYNC PROFILE (instrumentation only) ===
total_syncs = 700
total_wait_ms = 482.075
max_wait_us = 140882
sites = 5
wait_hist_us = logarithmic buckets
  hist[0] = 582
  hist[1] = 75
  hist[2] = 15
  hist[3] = 8
  hist[4] = 1
  hist[5] = 1
  hist[9] = 1
  hist[10] = 2
  hist[11] = 9
  hist[14] = 2
  hist[15] = 1
  hist[16] = 2
  hist[17] = 1
by_callsite (caller PC; symbolize with addr2line):
   0 caller=0x7bf768d5c0d2 calls=361 total_ms=481.755 avg_us=1334.501 max_us=140882
   1 caller=0x7bf768d6089c calls=71 total_ms=0.103 avg_us=1.451 max_us=15
   2 caller=0x7bf768d5f852 calls=14 total_ms=0.091 avg_us=6.500 max_us=36
   3 caller=0x7bf768d6098c calls=184 total_ms=0.088 avg_us=0.478 max_us=1
   4 caller=0x7bf768d60abd calls=70 total_ms=0.038 avg_us=0.543 max_us=2
direct_cudaStreamSynchronize: calls=590 total_ms=8.178 max_us=2586
by_direct_callsite (file:line):
   0 /opt/llama.cpp/ggml/src/ggml-cuda/ggml-cuda.cu:900 calls=12 total_ms=5.896 avg_us=491.333 max_us=2586
   1 /opt/llama.cpp/ggml/src/ggml-cuda/ggml-cuda.cu:839 calls=237 total_ms=1.814 avg_us=7.654 max_us=353
   2 /opt/llama.cpp/ggml/src/ggml-cuda/ggml-cuda.cu:2665 calls=191 total_ms=0.313 avg_us=1.639 max_us=10
   3 /opt/llama.cpp/ggml/src/ggml-cuda/ggml-cuda.cu:847 calls=150 total_ms=0.155 avg_us=1.033 max_us=3
=== END CUDA SYNC PROFILE ===

=== CUDA SYNC PROFILE (instrumentation only) ===
total_syncs = 712
total_wait_ms = 482.084
max_wait_us = 140882
sites = 5
wait_hist_us = logarithmic buckets
  hist[0] = 594
  hist[1] = 75
  hist[2] = 15
  hist[3] = 8
  hist[4] = 1
  hist[5] = 1
  hist[9] = 1
  hist[10] = 2
  hist[11] = 9
  hist[14] = 2
  hist[15] = 1
  hist[16] = 2
  hist[17] = 1
by_callsite (caller PC; symbolize with addr2line):
   0 caller=0x7bf768d5c0d2 calls=361 total_ms=481.755 avg_us=1334.501 max_us=140882
   1 caller=0x7bf768d6089c calls=72 total_ms=0.104 avg_us=1.444 max_us=15
   2 caller=0x7bf768d6098c calls=193 total_ms=0.094 avg_us=0.487 max_us=1
   3 caller=0x7bf768d5f852 calls=14 total_ms=0.091 avg_us=6.500 max_us=36
   4 caller=0x7bf768d60abd calls=72 total_ms=0.040 avg_us=0.556 max_us=2
direct_cudaStreamSynchronize: calls=600 total_ms=8.230 max_us=2586
by_direct_callsite (file:line):
   0 /opt/llama.cpp/ggml/src/ggml-cuda/ggml-cuda.cu:900 calls=12 total_ms=5.896 avg_us=491.333 max_us=2586
   1 /opt/llama.cpp/ggml/src/ggml-cuda/ggml-cuda.cu:839 calls=247 total_ms=1.866 avg_us=7.555 max_us=353
   2 /opt/llama.cpp/ggml/src/ggml-cuda/ggml-cuda.cu:2665 calls=191 total_ms=0.313 avg_us=1.639 max_us=10
   3 /opt/llama.cpp/ggml/src/ggml-cuda/ggml-cuda.cu:847 calls=150 total_ms=0.155 avg_us=1.033 max_us=3
=== END CUDA SYNC PROFILE ===
backend-sync-trace: count=800 backend=CUDA0 caller=ggml_backend_sched_synchronize+0x62

=== CUDA SYNC PROFILE (instrumentation only) ===
total_syncs = 800
total_wait_ms = 623.372
max_wait_us = 140882
sites = 5
wait_hist_us = logarithmic buckets
  hist[0] = 667
  hist[1] = 84
  hist[2] = 16
  hist[3] = 9
  hist[4] = 1
  hist[5] = 1
  hist[9] = 2
  hist[10] = 2
  hist[11] = 10
  hist[14] = 2
  hist[15] = 2
  hist[16] = 3
  hist[17] = 1
by_callsite (caller PC; symbolize with addr2line):
   0 caller=0x7bf768d5c0d2 calls=394 total_ms=622.995 avg_us=1581.206 max_us=140882
   1 caller=0x7bf768d6089c calls=82 total_ms=0.117 avg_us=1.427 max_us=15
   2 caller=0x7bf768d6098c calls=226 total_ms=0.117 avg_us=0.518 max_us=1
   3 caller=0x7bf768d5f852 calls=16 total_ms=0.095 avg_us=5.938 max_us=36
   4 caller=0x7bf768d60abd calls=82 total_ms=0.048 avg_us=0.585 max_us=2
direct_cudaStreamSynchronize: calls=641 total_ms=8.385 max_us=2586
by_direct_callsite (file:line):
   0 /opt/llama.cpp/ggml/src/ggml-cuda/ggml-cuda.cu:900 calls=12 total_ms=5.896 avg_us=491.333 max_us=2586
   1 /opt/llama.cpp/ggml/src/ggml-cuda/ggml-cuda.cu:839 calls=288 total_ms=2.021 avg_us=7.017 max_us=353
   2 /opt/llama.cpp/ggml/src/ggml-cuda/ggml-cuda.cu:2665 calls=191 total_ms=0.313 avg_us=1.639 max_us=10
   3 /opt/llama.cpp/ggml/src/ggml-cuda/ggml-cuda.cu:847 calls=150 total_ms=0.155 avg_us=1.033 max_us=3
=== END CUDA SYNC PROFILE ===
backend-sync-trace: count=900 backend=CUDA0 caller=ggml_backend_sched_synchronize+0x62

=== CUDA SYNC PROFILE (instrumentation only) ===
total_syncs = 900
total_wait_ms = 742.281
max_wait_us = 140882
sites = 5
wait_hist_us = logarithmic buckets
  hist[0] = 746
  hist[1] = 101
  hist[2] = 17
  hist[3] = 9
  hist[4] = 1
  hist[5] = 1
  hist[9] = 2
  hist[10] = 3
  hist[11] = 11
  hist[14] = 2
  hist[15] = 2
  hist[16] = 4
  hist[17] = 1
by_callsite (caller PC; symbolize with addr2line):
   0 caller=0x7bf768d5c0d2 calls=436 total_ms=741.854 avg_us=1701.500 max_us=140882
   1 caller=0x7bf768d6098c calls=257 total_ms=0.138 avg_us=0.537 max_us=1
   2 caller=0x7bf768d6089c calls=94 total_ms=0.130 avg_us=1.383 max_us=15
   3 caller=0x7bf768d5f852 calls=19 total_ms=0.105 avg_us=5.526 max_us=36
   4 caller=0x7bf768d60abd calls=94 total_ms=0.054 avg_us=0.574 max_us=2
direct_cudaStreamSynchronize: calls=681 total_ms=8.544 max_us=2586
by_direct_callsite (file:line):
   0 /opt/llama.cpp/ggml/src/ggml-cuda/ggml-cuda.cu:900 calls=12 total_ms=5.896 avg_us=491.333 max_us=2586
   1 /opt/llama.cpp/ggml/src/ggml-cuda/ggml-cuda.cu:839 calls=328 total_ms=2.180 avg_us=6.646 max_us=353
   2 /opt/llama.cpp/ggml/src/ggml-cuda/ggml-cuda.cu:2665 calls=191 total_ms=0.313 avg_us=1.639 max_us=10
   3 /opt/llama.cpp/ggml/src/ggml-cuda/ggml-cuda.cu:847 calls=150 total_ms=0.155 avg_us=1.033 max_us=3
=== END CUDA SYNC PROFILE ===

=== CUDA SYNC PROFILE (instrumentation only) ===
total_syncs = 959
total_wait_ms = 746.891
max_wait_us = 140882
sites = 5
wait_hist_us = logarithmic buckets
  hist[0] = 796
  hist[1] = 108
  hist[2] = 17
  hist[3] = 9
  hist[4] = 1
  hist[5] = 1
  hist[9] = 2
  hist[10] = 3
  hist[11] = 13
  hist[14] = 2
  hist[15] = 2
  hist[16] = 4
  hist[17] = 1
by_callsite (caller PC; symbolize with addr2line):
   0 caller=0x7bf768d5c0d2 calls=466 total_ms=746.440 avg_us=1601.803 max_us=140882
   1 caller=0x7bf768d6098c calls=269 total_ms=0.145 avg_us=0.539 max_us=1
   2 caller=0x7bf768d6089c calls=102 total_ms=0.140 avg_us=1.373 max_us=15
   3 caller=0x7bf768d5f852 calls=20 total_ms=0.108 avg_us=5.400 max_us=36
   4 caller=0x7bf768d60abd calls=102 total_ms=0.058 avg_us=0.569 max_us=2
direct_cudaStreamSynchronize: calls=700 total_ms=8.631 max_us=2586
by_direct_callsite (file:line):
   0 /opt/llama.cpp/ggml/src/ggml-cuda/ggml-cuda.cu:900 calls=12 total_ms=5.896 avg_us=491.333 max_us=2586
   1 /opt/llama.cpp/ggml/src/ggml-cuda/ggml-cuda.cu:839 calls=347 total_ms=2.267 avg_us=6.533 max_us=353
   2 /opt/llama.cpp/ggml/src/ggml-cuda/ggml-cuda.cu:2665 calls=191 total_ms=0.313 avg_us=1.639 max_us=10
   3 /opt/llama.cpp/ggml/src/ggml-cuda/ggml-cuda.cu:847 calls=150 total_ms=0.155 avg_us=1.033 max_us=3
=== END CUDA SYNC PROFILE ===
backend-sync-trace: count=1000 backend=CUDA0 caller=ggml_backend_sched_synchronize+0x62

=== CUDA SYNC PROFILE (instrumentation only) ===
total_syncs = 1000
total_wait_ms = 851.332
max_wait_us = 140882
sites = 5
wait_hist_us = logarithmic buckets
  hist[0] = 829
  hist[1] = 115
  hist[2] = 17
  hist[3] = 9
  hist[4] = 1
  hist[5] = 1
  hist[9] = 2
  hist[10] = 3
  hist[11] = 13
  hist[14] = 2
  hist[15] = 2
  hist[16] = 5
  hist[17] = 1
by_callsite (caller PC; symbolize with addr2line):
   0 caller=0x7bf768d5c0d2 calls=487 total_ms=850.865 avg_us=1747.156 max_us=140882
   1 caller=0x7bf768d6098c calls=284 total_ms=0.155 avg_us=0.546 max_us=2
   2 caller=0x7bf768d6089c calls=104 total_ms=0.143 avg_us=1.375 max_us=15
   3 caller=0x7bf768d5f852 calls=21 total_ms=0.111 avg_us=5.286 max_us=36
   4 caller=0x7bf768d60abd calls=104 total_ms=0.058 avg_us=0.558 max_us=2
direct_cudaStreamSynchronize: calls=716 total_ms=8.686 max_us=2586
by_direct_callsite (file:line):
   0 /opt/llama.cpp/ggml/src/ggml-cuda/ggml-cuda.cu:900 calls=12 total_ms=5.896 avg_us=491.333 max_us=2586
   1 /opt/llama.cpp/ggml/src/ggml-cuda/ggml-cuda.cu:839 calls=363 total_ms=2.322 avg_us=6.397 max_us=353
   2 /opt/llama.cpp/ggml/src/ggml-cuda/ggml-cuda.cu:2665 calls=191 total_ms=0.313 avg_us=1.639 max_us=10
   3 /opt/llama.cpp/ggml/src/ggml-cuda/ggml-cuda.cu:847 calls=150 total_ms=0.155 avg_us=1.033 max_us=3
=== END CUDA SYNC PROFILE ===
backend-sync-trace: count=1100 backend=CUDA0 caller=ggml_backend_sched_synchronize+0x62

=== CUDA SYNC PROFILE (instrumentation only) ===
total_syncs = 1100
total_wait_ms = 926.088
max_wait_us = 140882
sites = 5
wait_hist_us = logarithmic buckets
  hist[0] = 910
  hist[1] = 125
  hist[2] = 22
  hist[3] = 9
  hist[4] = 1
  hist[5] = 1
  hist[9] = 2
  hist[10] = 5
  hist[11] = 14
  hist[14] = 2
  hist[15] = 2
  hist[16] = 6
  hist[17] = 1
by_callsite (caller PC; symbolize with addr2line):
   0 caller=0x7bf768d5c0d2 calls=529 total_ms=925.572 avg_us=1749.664 max_us=140882
   1 caller=0x7bf768d6098c calls=315 total_ms=0.171 avg_us=0.543 max_us=2
   2 caller=0x7bf768d6089c calls=116 total_ms=0.157 avg_us=1.353 max_us=15
   3 caller=0x7bf768d5f852 calls=24 total_ms=0.123 avg_us=5.125 max_us=36
   4 caller=0x7bf768d60abd calls=116 total_ms=0.065 avg_us=0.560 max_us=2
direct_cudaStreamSynchronize: calls=757 total_ms=8.849 max_us=2586
by_direct_callsite (file:line):
   0 /opt/llama.cpp/ggml/src/ggml-cuda/ggml-cuda.cu:900 calls=12 total_ms=5.896 avg_us=491.333 max_us=2586
   1 /opt/llama.cpp/ggml/src/ggml-cuda/ggml-cuda.cu:839 calls=404 total_ms=2.485 avg_us=6.151 max_us=353
   2 /opt/llama.cpp/ggml/src/ggml-cuda/ggml-cuda.cu:2665 calls=191 total_ms=0.313 avg_us=1.639 max_us=10
   3 /opt/llama.cpp/ggml/src/ggml-cuda/ggml-cuda.cu:847 calls=150 total_ms=0.155 avg_us=1.033 max_us=3
=== END CUDA SYNC PROFILE ===
backend-sync-trace: count=1200 backend=CUDA0 caller=ggml_backend_sched_synchronize+0x62

=== CUDA SYNC PROFILE (instrumentation only) ===
total_syncs = 1200
total_wait_ms = 1007.953
max_wait_us = 140882
sites = 5
wait_hist_us = logarithmic buckets
  hist[0] = 995
  hist[1] = 135
  hist[2] = 23
  hist[3] = 9
  hist[4] = 1
  hist[5] = 1
  hist[9] = 2
  hist[10] = 8
  hist[11] = 14
  hist[14] = 2
  hist[15] = 2
  hist[16] = 7
  hist[17] = 1
by_callsite (caller PC; symbolize with addr2line):
   0 caller=0x7bf768d5c0d2 calls=572 total_ms=1007.399 avg_us=1761.187 max_us=140882
   1 caller=0x7bf768d6098c calls=346 total_ms=0.187 avg_us=0.540 max_us=2
   2 caller=0x7bf768d6089c calls=128 total_ms=0.168 avg_us=1.312 max_us=15
   3 caller=0x7bf768d5f852 calls=26 total_ms=0.128 avg_us=4.923 max_us=36
   4 caller=0x7bf768d60abd calls=128 total_ms=0.071 avg_us=0.555 max_us=2
direct_cudaStreamSynchronize: calls=798 total_ms=9.015 max_us=2586
by_direct_callsite (file:line):
   0 /opt/llama.cpp/ggml/src/ggml-cuda/ggml-cuda.cu:900 calls=12 total_ms=5.896 avg_us=491.333 max_us=2586
   1 /opt/llama.cpp/ggml/src/ggml-cuda/ggml-cuda.cu:839 calls=445 total_ms=2.651 avg_us=5.957 max_us=353
   2 /opt/llama.cpp/ggml/src/ggml-cuda/ggml-cuda.cu:2665 calls=191 total_ms=0.313 avg_us=1.639 max_us=10
   3 /opt/llama.cpp/ggml/src/ggml-cuda/ggml-cuda.cu:847 calls=150 total_ms=0.155 avg_us=1.033 max_us=3
=== END CUDA SYNC PROFILE ===

=== CUDA SYNC PROFILE (instrumentation only) ===
total_syncs = 1209
total_wait_ms = 1007.959
max_wait_us = 140882
sites = 5
wait_hist_us = logarithmic buckets
  hist[0] = 1003
  hist[1] = 136
  hist[2] = 23
  hist[3] = 9
  hist[4] = 1
  hist[5] = 1
  hist[9] = 2
  hist[10] = 8
  hist[11] = 14
  hist[14] = 2
  hist[15] = 2
  hist[16] = 7
  hist[17] = 1
by_callsite (caller PC; symbolize with addr2line):
   0 caller=0x7bf768d5c0d2 calls=577 total_ms=1007.402 avg_us=1745.931 max_us=140882
   1 caller=0x7bf768d6098c calls=346 total_ms=0.187 avg_us=0.540 max_us=2
   2 caller=0x7bf768d6089c calls=130 total_ms=0.170 avg_us=1.308 max_us=15
   3 caller=0x7bf768d5f852 calls=26 total_ms=0.128 avg_us=4.923 max_us=36
   4 caller=0x7bf768d60abd calls=130 total_ms=0.072 avg_us=0.554 max_us=2
direct_cudaStreamSynchronize: calls=800 total_ms=9.024 max_us=2586
by_direct_callsite (file:line):
   0 /opt/llama.cpp/ggml/src/ggml-cuda/ggml-cuda.cu:900 calls=12 total_ms=5.896 avg_us=491.333 max_us=2586
   1 /opt/llama.cpp/ggml/src/ggml-cuda/ggml-cuda.cu:839 calls=447 total_ms=2.660 avg_us=5.951 max_us=353
   2 /opt/llama.cpp/ggml/src/ggml-cuda/ggml-cuda.cu:2665 calls=191 total_ms=0.313 avg_us=1.639 max_us=10
   3 /opt/llama.cpp/ggml/src/ggml-cuda/ggml-cuda.cu:847 calls=150 total_ms=0.155 avg_us=1.033 max_us=3
=== END CUDA SYNC PROFILE ===
backend-sync-trace: count=1300 backend=CUDA0 caller=ggml_backend_sched_graph_compute_async_ext+0xecc

=== CUDA SYNC PROFILE (instrumentation only) ===
total_syncs = 1300
total_wait_ms = 1060.862
max_wait_us = 140882
sites = 5
wait_hist_us = logarithmic buckets
  hist[0] = 1083
  hist[1] = 143
  hist[2] = 24
  hist[3] = 9
  hist[4] = 1
  hist[5] = 1
  hist[9] = 2
  hist[10] = 10
  hist[11] = 14
  hist[14] = 2
  hist[15] = 3
  hist[16] = 7
  hist[17] = 1
by_callsite (caller PC; symbolize with addr2line):
   0 caller=0x7bf768d5c0d2 calls=614 total_ms=1060.270 avg_us=1726.824 max_us=140882
   1 caller=0x7bf768d6098c calls=374 total_ms=0.202 avg_us=0.540 max_us=2
   2 caller=0x7bf768d6089c calls=142 total_ms=0.179 avg_us=1.261 max_us=15
   3 caller=0x7bf768d5f852 calls=28 total_ms=0.133 avg_us=4.750 max_us=36
   4 caller=0x7bf768d60abd calls=142 total_ms=0.078 avg_us=0.549 max_us=2
direct_cudaStreamSynchronize: calls=836 total_ms=9.179 max_us=2586
by_direct_callsite (file:line):
   0 /opt/llama.cpp/ggml/src/ggml-cuda/ggml-cuda.cu:900 calls=12 total_ms=5.896 avg_us=491.333 max_us=2586
   1 /opt/llama.cpp/ggml/src/ggml-cuda/ggml-cuda.cu:839 calls=483 total_ms=2.815 avg_us=5.828 max_us=353
   2 /opt/llama.cpp/ggml/src/ggml-cuda/ggml-cuda.cu:2665 calls=191 total_ms=0.313 avg_us=1.639 max_us=10
   3 /opt/llama.cpp/ggml/src/ggml-cuda/ggml-cuda.cu:847 calls=150 total_ms=0.155 avg_us=1.033 max_us=3
=== END CUDA SYNC PROFILE ===
backend-sync-trace: count=1400 backend=CUDA0 caller=ggml_backend_sched_graph_compute_async_ext+0xecc

=== CUDA SYNC PROFILE (instrumentation only) ===
total_syncs = 1400
total_wait_ms = 1129.132
max_wait_us = 140882
sites = 5
wait_hist_us = logarithmic buckets
  hist[0] = 1175
  hist[1] = 148
  hist[2] = 24
  hist[3] = 9
  hist[4] = 1
  hist[5] = 1
  hist[9] = 2
  hist[10] = 12
  hist[11] = 14
  hist[14] = 2
  hist[15] = 4
  hist[16] = 7
  hist[17] = 1
by_callsite (caller PC; symbolize with addr2line):
   0 caller=0x7bf768d5c0d2 calls=651 total_ms=1128.500 avg_us=1733.487 max_us=140882
   1 caller=0x7bf768d6098c calls=415 total_ms=0.226 avg_us=0.545 max_us=2
   2 caller=0x7bf768d6089c calls=152 total_ms=0.186 avg_us=1.224 max_us=15
   3 caller=0x7bf768d5f852 calls=30 total_ms=0.138 avg_us=4.600 max_us=36
   4 caller=0x7bf768d60abd calls=152 total_ms=0.082 avg_us=0.539 max_us=2
direct_cudaStreamSynchronize: calls=885 total_ms=9.379 max_us=2586
by_direct_callsite (file:line):
   0 /opt/llama.cpp/ggml/src/ggml-cuda/ggml-cuda.cu:900 calls=12 total_ms=5.896 avg_us=491.333 max_us=2586
   1 /opt/llama.cpp/ggml/src/ggml-cuda/ggml-cuda.cu:839 calls=532 total_ms=3.015 avg_us=5.667 max_us=353
   2 /opt/llama.cpp/ggml/src/ggml-cuda/ggml-cuda.cu:2665 calls=191 total_ms=0.313 avg_us=1.639 max_us=10
   3 /opt/llama.cpp/ggml/src/ggml-cuda/ggml-cuda.cu:847 calls=150 total_ms=0.155 avg_us=1.033 max_us=3
=== END CUDA SYNC PROFILE ===

=== CUDA SYNC PROFILE (instrumentation only) ===
total_syncs = 1453
total_wait_ms = 1210.134
max_wait_us = 140882
sites = 5
wait_hist_us = logarithmic buckets
  hist[0] = 1224
  hist[1] = 150
  hist[2] = 24
  hist[3] = 9
  hist[4] = 1
  hist[5] = 1
  hist[9] = 2
  hist[10] = 13
  hist[11] = 14
  hist[14] = 2
  hist[15] = 4
  hist[16] = 8
  hist[17] = 1
by_callsite (caller PC; symbolize with addr2line):
   0 caller=0x7bf768d5c0d2 calls=681 total_ms=1209.487 avg_us=1776.046 max_us=140882
   1 caller=0x7bf768d6098c calls=424 total_ms=0.229 avg_us=0.540 max_us=2
   2 caller=0x7bf768d6089c calls=158 total_ms=0.191 avg_us=1.209 max_us=15
   3 caller=0x7bf768d5f852 calls=32 total_ms=0.142 avg_us=4.438 max_us=36
   4 caller=0x7bf768d60abd calls=158 total_ms=0.085 avg_us=0.538 max_us=2
direct_cudaStreamSynchronize: calls=900 total_ms=9.439 max_us=2586
by_direct_callsite (file:line):
   0 /opt/llama.cpp/ggml/src/ggml-cuda/ggml-cuda.cu:900 calls=12 total_ms=5.896 avg_us=491.333 max_us=2586
   1 /opt/llama.cpp/ggml/src/ggml-cuda/ggml-cuda.cu:839 calls=547 total_ms=3.075 avg_us=5.622 max_us=353
   2 /opt/llama.cpp/ggml/src/ggml-cuda/ggml-cuda.cu:2665 calls=191 total_ms=0.313 avg_us=1.639 max_us=10
   3 /opt/llama.cpp/ggml/src/ggml-cuda/ggml-cuda.cu:847 calls=150 total_ms=0.155 avg_us=1.033 max_us=3
=== END CUDA SYNC PROFILE ===
backend-sync-trace: count=1500 backend=CUDA0 caller=ggml_backend_sched_synchronize+0x62

=== CUDA SYNC PROFILE (instrumentation only) ===
total_syncs = 1500
total_wait_ms = 1269.942
max_wait_us = 140882
sites = 5
wait_hist_us = logarithmic buckets
  hist[0] = 1266
  hist[1] = 153
  hist[2] = 24
  hist[3] = 9
  hist[4] = 1
  hist[5] = 1
  hist[9] = 2
  hist[10] = 14
  hist[11] = 14
  hist[14] = 2
  hist[15] = 5
  hist[16] = 8
  hist[17] = 1
by_callsite (caller PC; symbolize with addr2line):
   0 caller=0x7bf768d5c0d2 calls=693 total_ms=1269.279 avg_us=1831.571 max_us=140882
   1 caller=0x7bf768d6098c calls=446 total_ms=0.237 avg_us=0.531 max_us=2
   2 caller=0x7bf768d6089c calls=164 total_ms=0.194 avg_us=1.183 max_us=15
   3 caller=0x7bf768d5f852 calls=33 total_ms=0.144 avg_us=4.364 max_us=36
   4 caller=0x7bf768d60abd calls=164 total_ms=0.088 avg_us=0.537 max_us=2
direct_cudaStreamSynchronize: calls=926 total_ms=9.547 max_us=2586
by_direct_callsite (file:line):
   0 /opt/llama.cpp/ggml/src/ggml-cuda/ggml-cuda.cu:900 calls=12 total_ms=5.896 avg_us=491.333 max_us=2586
   1 /opt/llama.cpp/ggml/src/ggml-cuda/ggml-cuda.cu:839 calls=573 total_ms=3.183 avg_us=5.555 max_us=353
   2 /opt/llama.cpp/ggml/src/ggml-cuda/ggml-cuda.cu:2665 calls=191 total_ms=0.313 avg_us=1.639 max_us=10
   3 /opt/llama.cpp/ggml/src/ggml-cuda/ggml-cuda.cu:847 calls=150 total_ms=0.155 avg_us=1.033 max_us=3
=== END CUDA SYNC PROFILE ===
backend-sync-trace: count=1600 backend=CUDA0 caller=ggml_backend_sched_synchronize+0x62

=== CUDA SYNC PROFILE (instrumentation only) ===
total_syncs = 1600
total_wait_ms = 1317.279
max_wait_us = 140882
sites = 5
wait_hist_us = logarithmic buckets
  hist[0] = 1361
  hist[1] = 155
  hist[2] = 24
  hist[3] = 9
  hist[4] = 1
  hist[5] = 1
  hist[9] = 3
  hist[10] = 15
  hist[11] = 14
  hist[14] = 2
  hist[15] = 6
  hist[16] = 8
  hist[17] = 1
by_callsite (caller PC; symbolize with addr2line):
   0 caller=0x7bf768d5c0d2 calls=744 total_ms=1316.590 avg_us=1769.610 max_us=140882
   1 caller=0x7bf768d6098c calls=473 total_ms=0.246 avg_us=0.520 max_us=2
   2 caller=0x7bf768d6089c calls=174 total_ms=0.202 avg_us=1.161 max_us=15
   3 caller=0x7bf768d5f852 calls=35 total_ms=0.147 avg_us=4.200 max_us=36
   4 caller=0x7bf768d60abd calls=174 total_ms=0.094 avg_us=0.540 max_us=2
direct_cudaStreamSynchronize: calls=961 total_ms=9.701 max_us=2586
by_direct_callsite (file:line):
   0 /opt/llama.cpp/ggml/src/ggml-cuda/ggml-cuda.cu:900 calls=12 total_ms=5.896 avg_us=491.333 max_us=2586
   1 /opt/llama.cpp/ggml/src/ggml-cuda/ggml-cuda.cu:839 calls=608 total_ms=3.337 avg_us=5.488 max_us=353
   2 /opt/llama.cpp/ggml/src/ggml-cuda/ggml-cuda.cu:2665 calls=191 total_ms=0.313 avg_us=1.639 max_us=10
   3 /opt/llama.cpp/ggml/src/ggml-cuda/ggml-cuda.cu:847 calls=150 total_ms=0.155 avg_us=1.033 max_us=3
=== END CUDA SYNC PROFILE ===

=== CUDA SYNC PROFILE (instrumentation only) ===
total_syncs = 1697
total_wait_ms = 1385.203
max_wait_us = 140882
sites = 5
wait_hist_us = logarithmic buckets
  hist[0] = 1451
  hist[1] = 159
  hist[2] = 24
  hist[3] = 9
  hist[4] = 1
  hist[5] = 1
  hist[9] = 3
  hist[10] = 17
  hist[11] = 14
  hist[14] = 2
  hist[15] = 7
  hist[16] = 8
  hist[17] = 1
by_callsite (caller PC; symbolize with addr2line):
   0 caller=0x7bf768d5c0d2 calls=785 total_ms=1384.484 avg_us=1763.674 max_us=140882
   1 caller=0x7bf768d6098c calls=502 total_ms=0.258 avg_us=0.514 max_us=2
   2 caller=0x7bf768d6089c calls=186 total_ms=0.211 avg_us=1.134 max_us=15
   3 caller=0x7bf768d5f852 calls=38 total_ms=0.153 avg_us=4.026 max_us=36
   4 caller=0x7bf768d60abd calls=186 total_ms=0.097 avg_us=0.522 max_us=2
direct_cudaStreamSynchronize: calls=1000 total_ms=9.855 max_us=2586
by_direct_callsite (file:line):
   0 /opt/llama.cpp/ggml/src/ggml-cuda/ggml-cuda.cu:900 calls=12 total_ms=5.896 avg_us=491.333 max_us=2586
   1 /opt/llama.cpp/ggml/src/ggml-cuda/ggml-cuda.cu:839 calls=647 total_ms=3.491 avg_us=5.396 max_us=353
   2 /opt/llama.cpp/ggml/src/ggml-cuda/ggml-cuda.cu:2665 calls=191 total_ms=0.313 avg_us=1.639 max_us=10
   3 /opt/llama.cpp/ggml/src/ggml-cuda/ggml-cuda.cu:847 calls=150 total_ms=0.155 avg_us=1.033 max_us=3
=== END CUDA SYNC PROFILE ===
backend-sync-trace: count=1700 backend=CUDA0 caller=ggml_backend_sched_synchronize+0x62

=== CUDA SYNC PROFILE (instrumentation only) ===
total_syncs = 1700
total_wait_ms = 1386.627
max_wait_us = 140882
sites = 5
wait_hist_us = logarithmic buckets
  hist[0] = 1453
  hist[1] = 159
  hist[2] = 24
  hist[3] = 9
  hist[4] = 1
  hist[5] = 1
  hist[9] = 3
  hist[10] = 18
  hist[11] = 14
  hist[14] = 2
  hist[15] = 7
  hist[16] = 8
  hist[17] = 1
by_callsite (caller PC; symbolize with addr2line):
   0 caller=0x7bf768d5c0d2 calls=786 total_ms=1385.907 avg_us=1763.240 max_us=140882
   1 caller=0x7bf768d6098c calls=504 total_ms=0.259 avg_us=0.514 max_us=2
   2 caller=0x7bf768d6089c calls=186 total_ms=0.211 avg_us=1.134 max_us=15
   3 caller=0x7bf768d5f852 calls=38 total_ms=0.153 avg_us=4.026 max_us=36
   4 caller=0x7bf768d60abd calls=186 total_ms=0.097 avg_us=0.522 max_us=2
direct_cudaStreamSynchronize: calls=1002 total_ms=9.859 max_us=2586
by_direct_callsite (file:line):
   0 /opt/llama.cpp/ggml/src/ggml-cuda/ggml-cuda.cu:900 calls=12 total_ms=5.896 avg_us=491.333 max_us=2586
   1 /opt/llama.cpp/ggml/src/ggml-cuda/ggml-cuda.cu:839 calls=649 total_ms=3.495 avg_us=5.385 max_us=353
   2 /opt/llama.cpp/ggml/src/ggml-cuda/ggml-cuda.cu:2665 calls=191 total_ms=0.313 avg_us=1.639 max_us=10
   3 /opt/llama.cpp/ggml/src/ggml-cuda/ggml-cuda.cu:847 calls=150 total_ms=0.155 avg_us=1.033 max_us=3
=== END CUDA SYNC PROFILE ===
backend-sync-trace: count=1800 backend=CUDA0 caller=ggml_backend_sched_graph_compute_async_ext+0xecc

=== CUDA SYNC PROFILE (instrumentation only) ===
total_syncs = 1800
total_wait_ms = 1476.306
max_wait_us = 140882
sites = 5
wait_hist_us = logarithmic buckets
  hist[0] = 1545
  hist[1] = 164
  hist[2] = 24
  hist[3] = 9
  hist[4] = 1
  hist[5] = 1
  hist[9] = 4
  hist[10] = 19
  hist[11] = 14
  hist[14] = 2
  hist[15] = 7
  hist[16] = 9
  hist[17] = 1
by_callsite (caller PC; symbolize with addr2line):
   0 caller=0x7bf768d5c0d2 calls=829 total_ms=1475.562 avg_us=1779.930 max_us=140882
   1 caller=0x7bf768d6098c calls=535 total_ms=0.266 avg_us=0.497 max_us=2
   2 caller=0x7bf768d6089c calls=198 total_ms=0.220 avg_us=1.111 max_us=15
   3 caller=0x7bf768d5f852 calls=40 total_ms=0.157 avg_us=3.925 max_us=36
   4 caller=0x7bf768d60abd calls=198 total_ms=0.101 avg_us=0.510 max_us=2
direct_cudaStreamSynchronize: calls=1042 total_ms=10.015 max_us=2586
by_direct_callsite (file:line):
   0 /opt/llama.cpp/ggml/src/ggml-cuda/ggml-cuda.cu:900 calls=12 total_ms=5.896 avg_us=491.333 max_us=2586
   1 /opt/llama.cpp/ggml/src/ggml-cuda/ggml-cuda.cu:839 calls=689 total_ms=3.651 avg_us=5.299 max_us=353
   2 /opt/llama.cpp/ggml/src/ggml-cuda/ggml-cuda.cu:2665 calls=191 total_ms=0.313 avg_us=1.639 max_us=10
   3 /opt/llama.cpp/ggml/src/ggml-cuda/ggml-cuda.cu:847 calls=150 total_ms=0.155 avg_us=1.033 max_us=3
=== END CUDA SYNC PROFILE ===
backend-sync-trace: count=1900 backend=CUDA0 caller=ggml_backend_sched_graph_compute_async_ext+0xddc

=== CUDA SYNC PROFILE (instrumentation only) ===
total_syncs = 1900
total_wait_ms = 1533.247
max_wait_us = 140882
sites = 5
wait_hist_us = logarithmic buckets
  hist[0] = 1639
  hist[1] = 166
  hist[2] = 24
  hist[3] = 9
  hist[4] = 1
  hist[5] = 1
  hist[9] = 5
  hist[10] = 21
  hist[11] = 14
  hist[14] = 2
  hist[15] = 8
  hist[16] = 9
  hist[17] = 1
by_callsite (caller PC; symbolize with addr2line):
   0 caller=0x7bf768d5c0d2 calls=873 total_ms=1532.476 avg_us=1755.414 max_us=140882
   1 caller=0x7bf768d6098c calls=562 total_ms=0.275 avg_us=0.489 max_us=2
   2 caller=0x7bf768d6089c calls=212 total_ms=0.231 avg_us=1.090 max_us=15
   3 caller=0x7bf768d5f852 calls=42 total_ms=0.160 avg_us=3.810 max_us=36
   4 caller=0x7bf768d60abd calls=211 total_ms=0.105 avg_us=0.498 max_us=2
direct_cudaStreamSynchronize: calls=1080 total_ms=10.168 max_us=2586
by_direct_callsite (file:line):
   0 /opt/llama.cpp/ggml/src/ggml-cuda/ggml-cuda.cu:900 calls=12 total_ms=5.896 avg_us=491.333 max_us=2586
   1 /opt/llama.cpp/ggml/src/ggml-cuda/ggml-cuda.cu:839 calls=727 total_ms=3.804 avg_us=5.232 max_us=353
   2 /opt/llama.cpp/ggml/src/ggml-cuda/ggml-cuda.cu:2665 calls=191 total_ms=0.313 avg_us=1.639 max_us=10
   3 /opt/llama.cpp/ggml/src/ggml-cuda/ggml-cuda.cu:847 calls=150 total_ms=0.155 avg_us=1.033 max_us=3
=== END CUDA SYNC PROFILE ===

=== CUDA SYNC PROFILE (instrumentation only) ===
total_syncs = 1925
total_wait_ms = 1595.527
max_wait_us = 140882
sites = 5
wait_hist_us = logarithmic buckets
  hist[0] = 1662
  hist[1] = 167
  hist[2] = 24
  hist[3] = 9
  hist[4] = 1
  hist[5] = 1
  hist[9] = 5
  hist[10] = 21
  hist[11] = 14
  hist[14] = 2
  hist[15] = 9
  hist[16] = 9
  hist[17] = 1
by_callsite (caller PC; symbolize with addr2line):
   0 caller=0x7bf768d5c0d2 calls=875 total_ms=1594.746 avg_us=1822.567 max_us=140882
   1 caller=0x7bf768d6098c calls=579 total_ms=0.283 avg_us=0.489 max_us=2
   2 caller=0x7bf768d6089c calls=214 total_ms=0.232 avg_us=1.084 max_us=15
   3 caller=0x7bf768d5f852 calls=43 total_ms=0.161 avg_us=3.744 max_us=36
   4 caller=0x7bf768d60abd calls=214 total_ms=0.105 avg_us=0.491 max_us=2
direct_cudaStreamSynchronize: calls=1100 total_ms=10.254 max_us=2586
by_direct_callsite (file:line):
   0 /opt/llama.cpp/ggml/src/ggml-cuda/ggml-cuda.cu:900 calls=12 total_ms=5.896 avg_us=491.333 max_us=2586
   1 /opt/llama.cpp/ggml/src/ggml-cuda/ggml-cuda.cu:839 calls=747 total_ms=3.890 avg_us=5.207 max_us=353
   2 /opt/llama.cpp/ggml/src/ggml-cuda/ggml-cuda.cu:2665 calls=191 total_ms=0.313 avg_us=1.639 max_us=10
   3 /opt/llama.cpp/ggml/src/ggml-cuda/ggml-cuda.cu:847 calls=150 total_ms=0.155 avg_us=1.033 max_us=3
=== END CUDA SYNC PROFILE ===
backend-sync-trace: count=2000 backend=CUDA0 caller=ggml_backend_sched_graph_compute_async_ext+0xecc

=== CUDA SYNC PROFILE (instrumentation only) ===
total_syncs = 2000
total_wait_ms = 1601.292
max_wait_us = 140882
sites = 5
wait_hist_us = logarithmic buckets
  hist[0] = 1732
  hist[1] = 170
  hist[2] = 24
  hist[3] = 9
  hist[4] = 1
  hist[5] = 1
  hist[9] = 5
  hist[10] = 21
  hist[11] = 16
  hist[14] = 2
  hist[15] = 9
  hist[16] = 9
  hist[17] = 1
by_callsite (caller PC; symbolize with addr2line):
   0 caller=0x7bf768d5c0d2 calls=910 total_ms=1600.489 avg_us=1758.779 max_us=140882
   1 caller=0x7bf768d6098c calls=602 total_ms=0.293 avg_us=0.487 max_us=2
   2 caller=0x7bf768d6089c calls=222 total_ms=0.239 avg_us=1.077 max_us=15
   3 caller=0x7bf768d5f852 calls=44 total_ms=0.163 avg_us=3.705 max_us=36
   4 caller=0x7bf768d60abd calls=222 total_ms=0.108 avg_us=0.486 max_us=2
direct_cudaStreamSynchronize: calls=1128 total_ms=10.361 max_us=2586
by_direct_callsite (file:line):
   0 /opt/llama.cpp/ggml/src/ggml-cuda/ggml-cuda.cu:900 calls=12 total_ms=5.896 avg_us=491.333 max_us=2586
   1 /opt/llama.cpp/ggml/src/ggml-cuda/ggml-cuda.cu:839 calls=775 total_ms=3.997 avg_us=5.157 max_us=353
   2 /opt/llama.cpp/ggml/src/ggml-cuda/ggml-cuda.cu:2665 calls=191 total_ms=0.313 avg_us=1.639 max_us=10
   3 /opt/llama.cpp/ggml/src/ggml-cuda/ggml-cuda.cu:847 calls=150 total_ms=0.155 avg_us=1.033 max_us=3
=== END CUDA SYNC PROFILE ===
backend-sync-trace: count=2100 backend=CUDA0 caller=ggml_backend_sched_synchronize+0x62

=== CUDA SYNC PROFILE (instrumentation only) ===
total_syncs = 2100
total_wait_ms = 1754.109
max_wait_us = 140882
sites = 5
wait_hist_us = logarithmic buckets
  hist[0] = 1826
  hist[1] = 172
  hist[2] = 24
  hist[3] = 9
  hist[4] = 1
  hist[5] = 1
  hist[9] = 6
  hist[10] = 22
  hist[11] = 16
  hist[14] = 2
  hist[15] = 10
  hist[16] = 10
  hist[17] = 1
by_callsite (caller PC; symbolize with addr2line):
   0 caller=0x7bf768d5c0d2 calls=950 total_ms=1753.268 avg_us=1845.545 max_us=140882
   1 caller=0x7bf768d6098c calls=635 total_ms=0.314 avg_us=0.494 max_us=2
   2 caller=0x7bf768d6089c calls=234 total_ms=0.246 avg_us=1.051 max_us=15
   3 caller=0x7bf768d5f852 calls=47 total_ms=0.167 avg_us=3.553 max_us=36
   4 caller=0x7bf768d60abd calls=234 total_ms=0.114 avg_us=0.487 max_us=2
direct_cudaStreamSynchronize: calls=1171 total_ms=10.529 max_us=2586
by_direct_callsite (file:line):
   0 /opt/llama.cpp/ggml/src/ggml-cuda/ggml-cuda.cu:900 calls=12 total_ms=5.896 avg_us=491.333 max_us=2586
   1 /opt/llama.cpp/ggml/src/ggml-cuda/ggml-cuda.cu:839 calls=818 total_ms=4.165 avg_us=5.092 max_us=353
   2 /opt/llama.cpp/ggml/src/ggml-cuda/ggml-cuda.cu:2665 calls=191 total_ms=0.313 avg_us=1.639 max_us=10
   3 /opt/llama.cpp/ggml/src/ggml-cuda/ggml-cuda.cu:847 calls=150 total_ms=0.155 avg_us=1.033 max_us=3
=== END CUDA SYNC PROFILE ===

=== CUDA SYNC PROFILE (instrumentation only) ===
total_syncs = 2173
total_wait_ms = 1755.926
max_wait_us = 140882
sites = 5
wait_hist_us = logarithmic buckets
  hist[0] = 1895
  hist[1] = 174
  hist[2] = 24
  hist[3] = 9
  hist[4] = 1
  hist[5] = 1
  hist[9] = 8
  hist[10] = 22
  hist[11] = 16
  hist[14] = 2
  hist[15] = 10
  hist[16] = 10
  hist[17] = 1
by_callsite (caller PC; symbolize with addr2line):
   0 caller=0x7bf768d5c0d2 calls=984 total_ms=1755.063 avg_us=1783.601 max_us=140882
   1 caller=0x7bf768d6098c calls=657 total_ms=0.322 avg_us=0.490 max_us=2
   2 caller=0x7bf768d6089c calls=242 total_ms=0.253 avg_us=1.045 max_us=15
   3 caller=0x7bf768d5f852 calls=48 total_ms=0.169 avg_us=3.521 max_us=36
   4 caller=0x7bf768d60abd calls=242 total_ms=0.119 avg_us=0.492 max_us=2
direct_cudaStreamSynchronize: calls=1200 total_ms=10.640 max_us=2586
by_direct_callsite (file:line):
   0 /opt/llama.cpp/ggml/src/ggml-cuda/ggml-cuda.cu:900 calls=12 total_ms=5.896 avg_us=491.333 max_us=2586
   1 /opt/llama.cpp/ggml/src/ggml-cuda/ggml-cuda.cu:839 calls=847 total_ms=4.276 avg_us=5.048 max_us=353
   2 /opt/llama.cpp/ggml/src/ggml-cuda/ggml-cuda.cu:2665 calls=191 total_ms=0.313 avg_us=1.639 max_us=10
   3 /opt/llama.cpp/ggml/src/ggml-cuda/ggml-cuda.cu:847 calls=150 total_ms=0.155 avg_us=1.033 max_us=3
=== END CUDA SYNC PROFILE ===
backend-sync-trace: count=2200 backend=CUDA0 caller=ggml_backend_sched_synchronize+0x62

=== CUDA SYNC PROFILE (instrumentation only) ===
total_syncs = 2200
total_wait_ms = 1799.413
max_wait_us = 140882
sites = 5
wait_hist_us = logarithmic buckets
  hist[0] = 1921
  hist[1] = 174
  hist[2] = 24
  hist[3] = 9
  hist[4] = 1
  hist[5] = 1
  hist[9] = 8
  hist[10] = 22
  hist[11] = 16
  hist[14] = 2
  hist[15] = 11
  hist[16] = 10
  hist[17] = 1
by_callsite (caller PC; symbolize with addr2line):
   0 caller=0x7bf768d5c0d2 calls=1001 total_ms=1798.546 avg_us=1796.749 max_us=140882
   1 caller=0x7bf768d6098c calls=662 total_ms=0.323 avg_us=0.488 max_us=2
   2 caller=0x7bf768d6089c calls=244 total_ms=0.255 avg_us=1.045 max_us=15
   3 caller=0x7bf768d5f852 calls=49 total_ms=0.170 avg_us=3.469 max_us=36
   4 caller=0x7bf768d60abd calls=244 total_ms=0.119 avg_us=0.488 max_us=2
direct_cudaStreamSynchronize: calls=1206 total_ms=10.667 max_us=2586
by_direct_callsite (file:line):
   0 /opt/llama.cpp/ggml/src/ggml-cuda/ggml-cuda.cu:900 calls=12 total_ms=5.896 avg_us=491.333 max_us=2586
   1 /opt/llama.cpp/ggml/src/ggml-cuda/ggml-cuda.cu:839 calls=853 total_ms=4.303 avg_us=5.045 max_us=353
   2 /opt/llama.cpp/ggml/src/ggml-cuda/ggml-cuda.cu:2665 calls=191 total_ms=0.313 avg_us=1.639 max_us=10
   3 /opt/llama.cpp/ggml/src/ggml-cuda/ggml-cuda.cu:847 calls=150 total_ms=0.155 avg_us=1.033 max_us=3
=== END CUDA SYNC PROFILE ===
backend-sync-trace: count=2300 backend=CUDA0 caller=ggml_backend_sched_graph_compute_async_ext+0xecc

=== CUDA SYNC PROFILE (instrumentation only) ===
total_syncs = 2300
total_wait_ms = 1845.375
max_wait_us = 140882
sites = 5
wait_hist_us = logarithmic buckets
  hist[0] = 2012
  hist[1] = 180
  hist[2] = 24
  hist[3] = 9
  hist[4] = 1
  hist[5] = 1
  hist[9] = 9
  hist[10] = 23
  hist[11] = 16
  hist[14] = 2
  hist[15] = 12
  hist[16] = 10
  hist[17] = 1
by_callsite (caller PC; symbolize with addr2line):
   0 caller=0x7bf768d5c0d2 calls=1044 total_ms=1844.475 avg_us=1766.739 max_us=140882
   1 caller=0x7bf768d6098c calls=692 total_ms=0.334 avg_us=0.483 max_us=2
   2 caller=0x7bf768d6089c calls=256 total_ms=0.267 avg_us=1.043 max_us=15
   3 caller=0x7bf768d5f852 calls=52 total_ms=0.176 avg_us=3.385 max_us=36
   4 caller=0x7bf768d60abd calls=256 total_ms=0.123 avg_us=0.480 max_us=2
direct_cudaStreamSynchronize: calls=1245 total_ms=10.822 max_us=2586
by_direct_callsite (file:line):
   0 /opt/llama.cpp/ggml/src/ggml-cuda/ggml-cuda.cu:900 calls=12 total_ms=5.896 avg_us=491.333 max_us=2586
   1 /opt/llama.cpp/ggml/src/ggml-cuda/ggml-cuda.cu:839 calls=892 total_ms=4.458 avg_us=4.998 max_us=353
   2 /opt/llama.cpp/ggml/src/ggml-cuda/ggml-cuda.cu:2665 calls=191 total_ms=0.313 avg_us=1.639 max_us=10
   3 /opt/llama.cpp/ggml/src/ggml-cuda/ggml-cuda.cu:847 calls=150 total_ms=0.155 avg_us=1.033 max_us=3
=== END CUDA SYNC PROFILE ===
backend-sync-trace: count=2400 backend=CUDA0 caller=ggml_backend_sched_graph_compute_async_ext+0xecc

=== CUDA SYNC PROFILE (instrumentation only) ===
total_syncs = 2400
total_wait_ms = 1923.900
max_wait_us = 140882
sites = 5
wait_hist_us = logarithmic buckets
  hist[0] = 2104
  hist[1] = 184
  hist[2] = 24
  hist[3] = 9
  hist[4] = 1
  hist[5] = 1
  hist[9] = 10
  hist[10] = 25
  hist[11] = 16
  hist[14] = 2
  hist[15] = 12
  hist[16] = 11
  hist[17] = 1
by_callsite (caller PC; symbolize with addr2line):
   0 caller=0x7bf768d5c0d2 calls=1088 total_ms=1922.970 avg_us=1767.436 max_us=140882
   1 caller=0x7bf768d6098c calls=722 total_ms=0.348 avg_us=0.482 max_us=2
   2 caller=0x7bf768d6089c calls=268 total_ms=0.278 avg_us=1.037 max_us=15
   3 caller=0x7bf768d5f852 calls=54 total_ms=0.180 avg_us=3.333 max_us=36
   4 caller=0x7bf768d60abd calls=268 total_ms=0.124 avg_us=0.463 max_us=2
direct_cudaStreamSynchronize: calls=1285 total_ms=10.982 max_us=2586
by_direct_callsite (file:line):
   0 /opt/llama.cpp/ggml/src/ggml-cuda/ggml-cuda.cu:900 calls=12 total_ms=5.896 avg_us=491.333 max_us=2586
   1 /opt/llama.cpp/ggml/src/ggml-cuda/ggml-cuda.cu:839 calls=932 total_ms=4.618 avg_us=4.955 max_us=353
   2 /opt/llama.cpp/ggml/src/ggml-cuda/ggml-cuda.cu:2665 calls=191 total_ms=0.313 avg_us=1.639 max_us=10
   3 /opt/llama.cpp/ggml/src/ggml-cuda/ggml-cuda.cu:847 calls=150 total_ms=0.155 avg_us=1.033 max_us=3
=== END CUDA SYNC PROFILE ===

=== CUDA SYNC PROFILE (instrumentation only) ===
total_syncs = 2426
total_wait_ms = 1925.367
max_wait_us = 140882
sites = 5
wait_hist_us = logarithmic buckets
  hist[0] = 2128
  hist[1] = 185
  hist[2] = 24
  hist[3] = 9
  hist[4] = 1
  hist[5] = 1
  hist[9] = 10
  hist[10] = 26
  hist[11] = 16
  hist[14] = 2
  hist[15] = 12
  hist[16] = 11
  hist[17] = 1
by_callsite (caller PC; symbolize with addr2line):
   0 caller=0x7bf768d5c0d2 calls=1095 total_ms=1924.427 avg_us=1757.468 max_us=140882
   1 caller=0x7bf768d6098c calls=733 total_ms=0.353 avg_us=0.482 max_us=2
   2 caller=0x7bf768d6089c calls=272 total_ms=0.280 avg_us=1.029 max_us=15
   3 caller=0x7bf768d5f852 calls=54 total_ms=0.180 avg_us=3.333 max_us=36
   4 caller=0x7bf768d60abd calls=272 total_ms=0.127 avg_us=0.467 max_us=2
direct_cudaStreamSynchronize: calls=1300 total_ms=11.048 max_us=2586
by_direct_callsite (file:line):
   0 /opt/llama.cpp/ggml/src/ggml-cuda/ggml-cuda.cu:900 calls=12 total_ms=5.896 avg_us=491.333 max_us=2586
   1 /opt/llama.cpp/ggml/src/ggml-cuda/ggml-cuda.cu:839 calls=947 total_ms=4.684 avg_us=4.946 max_us=353
   2 /opt/llama.cpp/ggml/src/ggml-cuda/ggml-cuda.cu:2665 calls=191 total_ms=0.313 avg_us=1.639 max_us=10
   3 /opt/llama.cpp/ggml/src/ggml-cuda/ggml-cuda.cu:847 calls=150 total_ms=0.155 avg_us=1.033 max_us=3
=== END CUDA SYNC PROFILE ===
backend-sync-trace: count=2500 backend=CUDA0 caller=ggml_backend_sched_graph_compute_async_ext+0xddc

=== CUDA SYNC PROFILE (instrumentation only) ===
total_syncs = 2500
total_wait_ms = 1966.224
max_wait_us = 140882
sites = 5
wait_hist_us = logarithmic buckets
  hist[0] = 2195
  hist[1] = 189
  hist[2] = 24
  hist[3] = 9
  hist[4] = 1
  hist[5] = 1
  hist[9] = 10
  hist[10] = 28
  hist[11] = 16
  hist[14] = 2
  hist[15] = 13
  hist[16] = 11
  hist[17] = 1
by_callsite (caller PC; symbolize with addr2line):
   0 caller=0x7bf768d5c0d2 calls=1132 total_ms=1965.264 avg_us=1736.099 max_us=140882
   1 caller=0x7bf768d6098c calls=751 total_ms=0.359 avg_us=0.478 max_us=2
   2 caller=0x7bf768d6089c calls=281 total_ms=0.288 avg_us=1.025 max_us=15
   3 caller=0x7bf768d5f852 calls=56 total_ms=0.184 avg_us=3.286 max_us=36
   4 caller=0x7bf768d60abd calls=280 total_ms=0.129 avg_us=0.461 max_us=2
direct_cudaStreamSynchronize: calls=1325 total_ms=11.136 max_us=2586
by_direct_callsite (file:line):
   0 /opt/llama.cpp/ggml/src/ggml-cuda/ggml-cuda.cu:900 calls=12 total_ms=5.896 avg_us=491.333 max_us=2586
   1 /opt/llama.cpp/ggml/src/ggml-cuda/ggml-cuda.cu:839 calls=972 total_ms=4.772 avg_us=4.909 max_us=353
   2 /opt/llama.cpp/ggml/src/ggml-cuda/ggml-cuda.cu:2665 calls=191 total_ms=0.313 avg_us=1.639 max_us=10
   3 /opt/llama.cpp/ggml/src/ggml-cuda/ggml-cuda.cu:847 calls=150 total_ms=0.155 avg_us=1.033 max_us=3
=== END CUDA SYNC PROFILE ===
backend-sync-trace: count=2600 backend=CUDA0 caller=ggml_backend_sched_graph_compute_async_ext+0xecc

=== CUDA SYNC PROFILE (instrumentation only) ===
total_syncs = 2600
total_wait_ms = 2023.416
max_wait_us = 140882
sites = 5
wait_hist_us = logarithmic buckets
  hist[0] = 2288
  hist[1] = 193
  hist[2] = 24
  hist[3] = 9
  hist[4] = 1
  hist[5] = 1
  hist[9] = 10
  hist[10] = 30
  hist[11] = 16
  hist[14] = 2
  hist[15] = 14
  hist[16] = 11
  hist[17] = 1
by_callsite (caller PC; symbolize with addr2line):
   0 caller=0x7bf768d5c0d2 calls=1169 total_ms=2022.418 avg_us=1730.041 max_us=140882
   1 caller=0x7bf768d6098c calls=789 total_ms=0.380 avg_us=0.482 max_us=2
   2 caller=0x7bf768d6089c calls=292 total_ms=0.298 avg_us=1.021 max_us=15
   3 caller=0x7bf768d5f852 calls=58 total_ms=0.187 avg_us=3.224 max_us=36
   4 caller=0x7bf768d60abd calls=292 total_ms=0.133 avg_us=0.455 max_us=2
direct_cudaStreamSynchronize: calls=1371 total_ms=11.329 max_us=2586
by_direct_callsite (file:line):
   0 /opt/llama.cpp/ggml/src/ggml-cuda/ggml-cuda.cu:900 calls=12 total_ms=5.896 avg_us=491.333 max_us=2586
   1 /opt/llama.cpp/ggml/src/ggml-cuda/ggml-cuda.cu:839 calls=1018 total_ms=4.965 avg_us=4.877 max_us=353
   2 /opt/llama.cpp/ggml/src/ggml-cuda/ggml-cuda.cu:2665 calls=191 total_ms=0.313 avg_us=1.639 max_us=10
   3 /opt/llama.cpp/ggml/src/ggml-cuda/ggml-cuda.cu:847 calls=150 total_ms=0.155 avg_us=1.033 max_us=3
=== END CUDA SYNC PROFILE ===

=== CUDA SYNC PROFILE (instrumentation only) ===
total_syncs = 2679
total_wait_ms = 2092.166
max_wait_us = 140882
sites = 5
wait_hist_us = logarithmic buckets
  hist[0] = 2361
  hist[1] = 196
  hist[2] = 24
  hist[3] = 9
  hist[4] = 1
  hist[5] = 1
  hist[9] = 10
  hist[10] = 32
  hist[11] = 16
  hist[14] = 2
  hist[15] = 15
  hist[16] = 11
  hist[17] = 1
by_callsite (caller PC; symbolize with addr2line):
   0 caller=0x7bf768d5c0d2 calls=1206 total_ms=2091.146 avg_us=1733.952 max_us=140882
   1 caller=0x7bf768d6098c calls=809 total_ms=0.387 avg_us=0.478 max_us=2
   2 caller=0x7bf768d6089c calls=302 total_ms=0.306 avg_us=1.013 max_us=15
   3 caller=0x7bf768d5f852 calls=60 total_ms=0.191 avg_us=3.183 max_us=36
   4 caller=0x7bf768d60abd calls=302 total_ms=0.136 avg_us=0.450 max_us=2
direct_cudaStreamSynchronize: calls=1400 total_ms=11.454 max_us=2586
by_direct_callsite (file:line):
   0 /opt/llama.cpp/ggml/src/ggml-cuda/ggml-cuda.cu:900 calls=12 total_ms=5.896 avg_us=491.333 max_us=2586
   1 /opt/llama.cpp/ggml/src/ggml-cuda/ggml-cuda.cu:839 calls=1047 total_ms=5.090 avg_us=4.862 max_us=353
   2 /opt/llama.cpp/ggml/src/ggml-cuda/ggml-cuda.cu:2665 calls=191 total_ms=0.313 avg_us=1.639 max_us=10
   3 /opt/llama.cpp/ggml/src/ggml-cuda/ggml-cuda.cu:847 calls=150 total_ms=0.155 avg_us=1.033 max_us=3
=== END CUDA SYNC PROFILE ===
backend-sync-trace: count=2700 backend=CUDA0 caller=ggml_backend_sched_graph_compute_async_ext+0xecc

=== CUDA SYNC PROFILE (instrumentation only) ===
total_syncs = 2700
total_wait_ms = 2144.467
max_wait_us = 140882
sites = 5
wait_hist_us = logarithmic buckets
  hist[0] = 2379
  hist[1] = 198
  hist[2] = 24
  hist[3] = 9
  hist[4] = 1
  hist[5] = 1
  hist[9] = 10
  hist[10] = 32
  hist[11] = 16
  hist[14] = 2
  hist[15] = 16
  hist[16] = 11
  hist[17] = 1
by_callsite (caller PC; symbolize with addr2line):
   0 caller=0x7bf768d5c0d2 calls=1208 total_ms=2143.436 avg_us=1774.368 max_us=140882
   1 caller=0x7bf768d6098c calls=823 total_ms=0.393 avg_us=0.478 max_us=2
   2 caller=0x7bf768d6089c calls=304 total_ms=0.308 avg_us=1.013 max_us=15
   3 caller=0x7bf768d5f852 calls=61 total_ms=0.193 avg_us=3.164 max_us=36
   4 caller=0x7bf768d60abd calls=304 total_ms=0.137 avg_us=0.451 max_us=2
direct_cudaStreamSynchronize: calls=1415 total_ms=11.505 max_us=2586
by_direct_callsite (file:line):
   0 /opt/llama.cpp/ggml/src/ggml-cuda/ggml-cuda.cu:900 calls=12 total_ms=5.896 avg_us=491.333 max_us=2586
   1 /opt/llama.cpp/ggml/src/ggml-cuda/ggml-cuda.cu:839 calls=1062 total_ms=5.141 avg_us=4.841 max_us=353
   2 /opt/llama.cpp/ggml/src/ggml-cuda/ggml-cuda.cu:2665 calls=191 total_ms=0.313 avg_us=1.639 max_us=10
   3 /opt/llama.cpp/ggml/src/ggml-cuda/ggml-cuda.cu:847 calls=150 total_ms=0.155 avg_us=1.033 max_us=3
=== END CUDA SYNC PROFILE ===
backend-sync-trace: count=2800 backend=CUDA0 caller=ggml_backend_sched_graph_compute_async_ext+0xddc

=== CUDA SYNC PROFILE (instrumentation only) ===
total_syncs = 2800
total_wait_ms = 2176.323
max_wait_us = 140882
sites = 5
wait_hist_us = logarithmic buckets
  hist[0] = 2470
  hist[1] = 203
  hist[2] = 24
  hist[3] = 9
  hist[4] = 2
  hist[5] = 1
  hist[9] = 11
  hist[10] = 33
  hist[11] = 16
  hist[14] = 3
  hist[15] = 16
  hist[16] = 11
  hist[17] = 1
by_callsite (caller PC; symbolize with addr2line):
   0 caller=0x7bf768d5c0d2 calls=1254 total_ms=2175.243 avg_us=1734.644 max_us=140882
   1 caller=0x7bf768d6098c calls=851 total_ms=0.406 avg_us=0.477 max_us=2
   2 caller=0x7bf768d6089c calls=316 total_ms=0.321 avg_us=1.016 max_us=15
   3 caller=0x7bf768d5f852 calls=64 total_ms=0.214 avg_us=3.344 max_us=36
   4 caller=0x7bf768d60abd calls=315 total_ms=0.139 avg_us=0.441 max_us=2
direct_cudaStreamSynchronize: calls=1452 total_ms=11.664 max_us=2586
by_direct_callsite (file:line):
   0 /opt/llama.cpp/ggml/src/ggml-cuda/ggml-cuda.cu:900 calls=12 total_ms=5.896 avg_us=491.333 max_us=2586
   1 /opt/llama.cpp/ggml/src/ggml-cuda/ggml-cuda.cu:839 calls=1099 total_ms=5.300 avg_us=4.823 max_us=353
   2 /opt/llama.cpp/ggml/src/ggml-cuda/ggml-cuda.cu:2665 calls=191 total_ms=0.313 avg_us=1.639 max_us=10
   3 /opt/llama.cpp/ggml/src/ggml-cuda/ggml-cuda.cu:847 calls=150 total_ms=0.155 avg_us=1.033 max_us=3
=== END CUDA SYNC PROFILE ===
backend-sync-trace: count=2900 backend=CUDA0 caller=ggml_backend_sched_graph_compute_async_ext+0xffd

=== CUDA SYNC PROFILE (instrumentation only) ===
total_syncs = 2900
total_wait_ms = 2223.952
max_wait_us = 140882
sites = 5
wait_hist_us = logarithmic buckets
  hist[0] = 2562
  hist[1] = 207
  hist[2] = 24
  hist[3] = 9
  hist[4] = 2
  hist[5] = 1
  hist[9] = 13
  hist[10] = 34
  hist[11] = 16
  hist[14] = 3
  hist[15] = 17
  hist[16] = 11
  hist[17] = 1
by_callsite (caller PC; symbolize with addr2line):
   0 caller=0x7bf768d5c0d2 calls=1298 total_ms=2222.844 avg_us=1712.515 max_us=140882
   1 caller=0x7bf768d6098c calls=882 total_ms=0.419 avg_us=0.475 max_us=2
   2 caller=0x7bf768d6089c calls=327 total_ms=0.330 avg_us=1.009 max_us=15
   3 caller=0x7bf768d5f852 calls=66 total_ms=0.217 avg_us=3.288 max_us=36
   4 caller=0x7bf768d60abd calls=327 total_ms=0.142 avg_us=0.434 max_us=2
direct_cudaStreamSynchronize: calls=1492 total_ms=11.879 max_us=2586
by_direct_callsite (file:line):
   0 /opt/llama.cpp/ggml/src/ggml-cuda/ggml-cuda.cu:900 calls=12 total_ms=5.896 avg_us=491.333 max_us=2586
   1 /opt/llama.cpp/ggml/src/ggml-cuda/ggml-cuda.cu:839 calls=1139 total_ms=5.515 avg_us=4.842 max_us=353
   2 /opt/llama.cpp/ggml/src/ggml-cuda/ggml-cuda.cu:2665 calls=191 total_ms=0.313 avg_us=1.639 max_us=10
   3 /opt/llama.cpp/ggml/src/ggml-cuda/ggml-cuda.cu:847 calls=150 total_ms=0.155 avg_us=1.033 max_us=3
=== END CUDA SYNC PROFILE ===

=== CUDA SYNC PROFILE (instrumentation only) ===
total_syncs = 2917
total_wait_ms = 2225.419
max_wait_us = 140882
sites = 5
wait_hist_us = logarithmic buckets
  hist[0] = 2577
  hist[1] = 208
  hist[2] = 24
  hist[3] = 9
  hist[4] = 2
  hist[5] = 1
  hist[9] = 13
  hist[10] = 35
  hist[11] = 16
  hist[14] = 3
  hist[15] = 17
  hist[16] = 11
  hist[17] = 1
by_callsite (caller PC; symbolize with addr2line):
   0 caller=0x7bf768d5c0d2 calls=1305 total_ms=2224.303 avg_us=1704.447 max_us=140882
   1 caller=0x7bf768d6098c calls=886 total_ms=0.421 avg_us=0.475 max_us=2
   2 caller=0x7bf768d6089c calls=330 total_ms=0.333 avg_us=1.009 max_us=15
   3 caller=0x7bf768d5f852 calls=66 total_ms=0.217 avg_us=3.288 max_us=36
   4 caller=0x7bf768d60abd calls=330 total_ms=0.145 avg_us=0.439 max_us=2
direct_cudaStreamSynchronize: calls=1500 total_ms=11.907 max_us=2586
by_direct_callsite (file:line):
   0 /opt/llama.cpp/ggml/src/ggml-cuda/ggml-cuda.cu:900 calls=12 total_ms=5.896 avg_us=491.333 max_us=2586
   1 /opt/llama.cpp/ggml/src/ggml-cuda/ggml-cuda.cu:839 calls=1147 total_ms=5.543 avg_us=4.833 max_us=353
   2 /opt/llama.cpp/ggml/src/ggml-cuda/ggml-cuda.cu:2665 calls=191 total_ms=0.313 avg_us=1.639 max_us=10
   3 /opt/llama.cpp/ggml/src/ggml-cuda/ggml-cuda.cu:847 calls=150 total_ms=0.155 avg_us=1.033 max_us=3
=== END CUDA SYNC PROFILE ===
backend-sync-trace: count=3000 backend=CUDA0 caller=ggml_backend_sched_graph_compute_async_ext+0xddc

=== CUDA SYNC PROFILE (instrumentation only) ===
total_syncs = 3000
total_wait_ms = 2270.495
max_wait_us = 140882
sites = 5
wait_hist_us = logarithmic buckets
  hist[0] = 2653
  hist[1] = 212
  hist[2] = 24
  hist[3] = 9
  hist[4] = 2
  hist[5] = 1
  hist[9] = 13
  hist[10] = 37
  hist[11] = 16
  hist[14] = 3
  hist[15] = 18
  hist[16] = 11
  hist[17] = 1
by_callsite (caller PC; symbolize with addr2line):
   0 caller=0x7bf768d5c0d2 calls=1342 total_ms=2269.358 avg_us=1691.027 max_us=140882
   1 caller=0x7bf768d6098c calls=913 total_ms=0.428 avg_us=0.469 max_us=2
   2 caller=0x7bf768d6089c calls=339 total_ms=0.340 avg_us=1.003 max_us=15
   3 caller=0x7bf768d5f852 calls=68 total_ms=0.221 avg_us=3.250 max_us=36
   4 caller=0x7bf768d60abd calls=338 total_ms=0.148 avg_us=0.438 max_us=2
direct_cudaStreamSynchronize: calls=1533 total_ms=12.079 max_us=2586
by_direct_callsite (file:line):
   0 /opt/llama.cpp/ggml/src/ggml-cuda/ggml-cuda.cu:900 calls=12 total_ms=5.896 avg_us=491.333 max_us=2586
   1 /opt/llama.cpp/ggml/src/ggml-cuda/ggml-cuda.cu:839 calls=1180 total_ms=5.715 avg_us=4.843 max_us=353
   2 /opt/llama.cpp/ggml/src/ggml-cuda/ggml-cuda.cu:2665 calls=191 total_ms=0.313 avg_us=1.639 max_us=10
   3 /opt/llama.cpp/ggml/src/ggml-cuda/ggml-cuda.cu:847 calls=150 total_ms=0.155 avg_us=1.033 max_us=3
=== END CUDA SYNC PROFILE ===
backend-sync-trace: count=3100 backend=CUDA0 caller=ggml_backend_sched_graph_compute_async_ext+0xecc

=== CUDA SYNC PROFILE (instrumentation only) ===
total_syncs = 3100
total_wait_ms = 2327.970
max_wait_us = 140882
sites = 5
wait_hist_us = logarithmic buckets
  hist[0] = 2748
  hist[1] = 214
  hist[2] = 24
  hist[3] = 9
  hist[4] = 2
  hist[5] = 1
  hist[9] = 15
  hist[10] = 37
  hist[11] = 16
  hist[14] = 3
  hist[15] = 19
  hist[16] = 11
  hist[17] = 1
by_callsite (caller PC; symbolize with addr2line):
   0 caller=0x7bf768d5c0d2 calls=1379 total_ms=2326.805 avg_us=1687.313 max_us=140882
   1 caller=0x7bf768d6098c calls=947 total_ms=0.441 avg_us=0.466 max_us=2
   2 caller=0x7bf768d6089c calls=352 total_ms=0.347 avg_us=0.986 max_us=15
   3 caller=0x7bf768d5f852 calls=70 total_ms=0.224 avg_us=3.200 max_us=36
   4 caller=0x7bf768d60abd calls=352 total_ms=0.153 avg_us=0.435 max_us=2
direct_cudaStreamSynchronize: calls=1577 total_ms=12.301 max_us=2586
by_direct_callsite (file:line):
   0 /opt/llama.cpp/ggml/src/ggml-cuda/ggml-cuda.cu:839 calls=1224 total_ms=5.937 avg_us=4.850 max_us=353
   1 /opt/llama.cpp/ggml/src/ggml-cuda/ggml-cuda.cu:900 calls=12 total_ms=5.896 avg_us=491.333 max_us=2586
   2 /opt/llama.cpp/ggml/src/ggml-cuda/ggml-cuda.cu:2665 calls=191 total_ms=0.313 avg_us=1.639 max_us=10
   3 /opt/llama.cpp/ggml/src/ggml-cuda/ggml-cuda.cu:847 calls=150 total_ms=0.155 avg_us=1.033 max_us=3
=== END CUDA SYNC PROFILE ===

=== CUDA SYNC PROFILE (instrumentation only) ===
total_syncs = 3161
total_wait_ms = 2369.756
max_wait_us = 140882
sites = 5
wait_hist_us = logarithmic buckets
  hist[0] = 2803
  hist[1] = 218
  hist[2] = 24
  hist[3] = 9
  hist[4] = 2
  hist[5] = 1
  hist[9] = 16
  hist[10] = 37
  hist[11] = 16
  hist[14] = 3
  hist[15] = 20
  hist[16] = 11
  hist[17] = 1
by_callsite (caller PC; symbolize with addr2line):
   0 caller=0x7bf768d5c0d2 calls=1409 total_ms=2368.574 avg_us=1681.032 max_us=140882
   1 caller=0x7bf768d6098c calls=964 total_ms=0.448 avg_us=0.465 max_us=2
   2 caller=0x7bf768d6089c calls=358 total_ms=0.351 avg_us=0.980 max_us=15
   3 caller=0x7bf768d5f852 calls=72 total_ms=0.228 avg_us=3.167 max_us=36
   4 caller=0x7bf768d60abd calls=358 total_ms=0.155 avg_us=0.433 max_us=2
direct_cudaStreamSynchronize: calls=1600 total_ms=12.384 max_us=2586
by_direct_callsite (file:line):
   0 /opt/llama.cpp/ggml/src/ggml-cuda/ggml-cuda.cu:839 calls=1247 total_ms=6.020 avg_us=4.828 max_us=353
   1 /opt/llama.cpp/ggml/src/ggml-cuda/ggml-cuda.cu:900 calls=12 total_ms=5.896 avg_us=491.333 max_us=2586
   2 /opt/llama.cpp/ggml/src/ggml-cuda/ggml-cuda.cu:2665 calls=191 total_ms=0.313 avg_us=1.639 max_us=10
   3 /opt/llama.cpp/ggml/src/ggml-cuda/ggml-cuda.cu:847 calls=150 total_ms=0.155 avg_us=1.033 max_us=3
=== END CUDA SYNC PROFILE ===
backend-sync-trace: count=3200 backend=CUDA0 caller=ggml_backend_sched_synchronize+0x62

=== CUDA SYNC PROFILE (instrumentation only) ===
total_syncs = 3200
total_wait_ms = 2409.785
max_wait_us = 140882
sites = 5
wait_hist_us = logarithmic buckets
  hist[0] = 2837
  hist[1] = 220
  hist[2] = 25
  hist[3] = 9
  hist[4] = 2
  hist[5] = 1
  hist[9] = 17
  hist[10] = 37
  hist[11] = 16
  hist[14] = 3
  hist[15] = 21
  hist[16] = 11
  hist[17] = 1
by_callsite (caller PC; symbolize with addr2line):
   0 caller=0x7bf768d5c0d2 calls=1422 total_ms=2408.592 avg_us=1693.806 max_us=140882
   1 caller=0x7bf768d6098c calls=982 total_ms=0.454 avg_us=0.462 max_us=2
   2 caller=0x7bf768d6089c calls=362 total_ms=0.356 avg_us=0.983 max_us=15
   3 caller=0x7bf768d5f852 calls=72 total_ms=0.228 avg_us=3.167 max_us=36
   4 caller=0x7bf768d60abd calls=362 total_ms=0.155 avg_us=0.428 max_us=2
direct_cudaStreamSynchronize: calls=1621 total_ms=12.466 max_us=2586
by_direct_callsite (file:line):
   0 /opt/llama.cpp/ggml/src/ggml-cuda/ggml-cuda.cu:839 calls=1268 total_ms=6.102 avg_us=4.812 max_us=353
   1 /opt/llama.cpp/ggml/src/ggml-cuda/ggml-cuda.cu:900 calls=12 total_ms=5.896 avg_us=491.333 max_us=2586
   2 /opt/llama.cpp/ggml/src/ggml-cuda/ggml-cuda.cu:2665 calls=191 total_ms=0.313 avg_us=1.639 max_us=10
   3 /opt/llama.cpp/ggml/src/ggml-cuda/ggml-cuda.cu:847 calls=150 total_ms=0.155 avg_us=1.033 max_us=3
=== END CUDA SYNC PROFILE ===
backend-sync-trace: count=3300 backend=CUDA0 caller=ggml_backend_sched_synchronize+0x62

=== CUDA SYNC PROFILE (instrumentation only) ===
total_syncs = 3300
total_wait_ms = 2484.377
max_wait_us = 140882
sites = 5
wait_hist_us = logarithmic buckets
  hist[0] = 2928
  hist[1] = 225
  hist[2] = 26
  hist[3] = 9
  hist[4] = 2
  hist[5] = 1
  hist[9] = 17
  hist[10] = 39
  hist[11] = 16
  hist[14] = 3
  hist[15] = 21
  hist[16] = 12
  hist[17] = 1
by_callsite (caller PC; symbolize with addr2line):
   0 caller=0x7bf768d5c0d2 calls=1464 total_ms=2483.150 avg_us=1696.141 max_us=140882
   1 caller=0x7bf768d6098c calls=1013 total_ms=0.468 avg_us=0.462 max_us=2
   2 caller=0x7bf768d6089c calls=374 total_ms=0.363 avg_us=0.971 max_us=15
   3 caller=0x7bf768d5f852 calls=75 total_ms=0.234 avg_us=3.120 max_us=36
   4 caller=0x7bf768d60abd calls=374 total_ms=0.162 avg_us=0.433 max_us=2
direct_cudaStreamSynchronize: calls=1661 total_ms=12.633 max_us=2586
by_direct_callsite (file:line):
   0 /opt/llama.cpp/ggml/src/ggml-cuda/ggml-cuda.cu:839 calls=1308 total_ms=6.269 avg_us=4.793 max_us=353
   1 /opt/llama.cpp/ggml/src/ggml-cuda/ggml-cuda.cu:900 calls=12 total_ms=5.896 avg_us=491.333 max_us=2586
   2 /opt/llama.cpp/ggml/src/ggml-cuda/ggml-cuda.cu:2665 calls=191 total_ms=0.313 avg_us=1.639 max_us=10
   3 /opt/llama.cpp/ggml/src/ggml-cuda/ggml-cuda.cu:847 calls=150 total_ms=0.155 avg_us=1.033 max_us=3
=== END CUDA SYNC PROFILE ===
backend-sync-trace: count=3400 backend=CUDA0 caller=ggml_backend_sched_synchronize+0x62

=== CUDA SYNC PROFILE (instrumentation only) ===
total_syncs = 3400
total_wait_ms = 2551.138
max_wait_us = 140882
sites = 5
wait_hist_us = logarithmic buckets
  hist[0] = 3021
  hist[1] = 229
  hist[2] = 26
  hist[3] = 9
  hist[4] = 2
  hist[5] = 1
  hist[9] = 18
  hist[10] = 39
  hist[11] = 17
  hist[14] = 3
  hist[15] = 22
  hist[16] = 12
  hist[17] = 1
by_callsite (caller PC; symbolize with addr2line):
   0 caller=0x7bf768d5c0d2 calls=1515 total_ms=2549.888 avg_us=1683.094 max_us=140882
   1 caller=0x7bf768d6098c calls=1040 total_ms=0.477 avg_us=0.459 max_us=2
   2 caller=0x7bf768d6089c calls=384 total_ms=0.368 avg_us=0.958 max_us=15
   3 caller=0x7bf768d5f852 calls=77 total_ms=0.240 avg_us=3.117 max_us=36
   4 caller=0x7bf768d60abd calls=384 total_ms=0.165 avg_us=0.430 max_us=2
direct_cudaStreamSynchronize: calls=1696 total_ms=12.774 max_us=2586
by_direct_callsite (file:line):
   0 /opt/llama.cpp/ggml/src/ggml-cuda/ggml-cuda.cu:839 calls=1343 total_ms=6.410 avg_us=4.773 max_us=353
   1 /opt/llama.cpp/ggml/src/ggml-cuda/ggml-cuda.cu:900 calls=12 total_ms=5.896 avg_us=491.333 max_us=2586
   2 /opt/llama.cpp/ggml/src/ggml-cuda/ggml-cuda.cu:2665 calls=191 total_ms=0.313 avg_us=1.639 max_us=10
   3 /opt/llama.cpp/ggml/src/ggml-cuda/ggml-cuda.cu:847 calls=150 total_ms=0.155 avg_us=1.033 max_us=3
=== END CUDA SYNC PROFILE ===

=== CUDA SYNC PROFILE (instrumentation only) ===
total_syncs = 3410
total_wait_ms = 2551.147
max_wait_us = 140882
sites = 5
wait_hist_us = logarithmic buckets
  hist[0] = 3029
  hist[1] = 231
  hist[2] = 26
  hist[3] = 9
  hist[4] = 2
  hist[5] = 1
  hist[9] = 18
  hist[10] = 39
  hist[11] = 17
  hist[14] = 3
  hist[15] = 22
  hist[16] = 12
  hist[17] = 1
by_callsite (caller PC; symbolize with addr2line):
   0 caller=0x7bf768d5c0d2 calls=1518 total_ms=2549.890 avg_us=1679.769 max_us=140882
   1 caller=0x7bf768d6098c calls=1042 total_ms=0.478 avg_us=0.459 max_us=2
   2 caller=0x7bf768d6089c calls=386 total_ms=0.371 avg_us=0.961 max_us=15
   3 caller=0x7bf768d5f852 calls=78 total_ms=0.243 avg_us=3.115 max_us=36
   4 caller=0x7bf768d60abd calls=386 total_ms=0.165 avg_us=0.427 max_us=2
direct_cudaStreamSynchronize: calls=1700 total_ms=12.789 max_us=2586
by_direct_callsite (file:line):
   0 /opt/llama.cpp/ggml/src/ggml-cuda/ggml-cuda.cu:839 calls=1347 total_ms=6.425 avg_us=4.770 max_us=353
   1 /opt/llama.cpp/ggml/src/ggml-cuda/ggml-cuda.cu:900 calls=12 total_ms=5.896 avg_us=491.333 max_us=2586
   2 /opt/llama.cpp/ggml/src/ggml-cuda/ggml-cuda.cu:2665 calls=191 total_ms=0.313 avg_us=1.639 max_us=10
   3 /opt/llama.cpp/ggml/src/ggml-cuda/ggml-cuda.cu:847 calls=150 total_ms=0.155 avg_us=1.033 max_us=3
=== END CUDA SYNC PROFILE ===
1.06.879.191 I slot print_timing: id  0 | task 0 | n_gen =    108, tg =  35.50 t/s, tg_3s =  35.82 t/s
backend-sync-trace: count=3500 backend=CUDA0 caller=ggml_backend_sched_synchronize+0x62

=== CUDA SYNC PROFILE (instrumentation only) ===
total_syncs = 3500
total_wait_ms = 2612.334
max_wait_us = 140882
sites = 5
wait_hist_us = logarithmic buckets
  hist[0] = 3109
  hist[1] = 236
  hist[2] = 27
  hist[3] = 9
  hist[4] = 2
  hist[5] = 1
  hist[9] = 18
  hist[10] = 41
  hist[11] = 18
  hist[14] = 3
  hist[15] = 23
  hist[16] = 12
  hist[17] = 1
by_callsite (caller PC; symbolize with addr2line):
   0 caller=0x7bf768d5c0d2 calls=1557 total_ms=2611.046 avg_us=1676.972 max_us=140882
   1 caller=0x7bf768d6098c calls=1071 total_ms=0.490 avg_us=0.458 max_us=2
   2 caller=0x7bf768d6089c calls=396 total_ms=0.380 avg_us=0.960 max_us=15
   3 caller=0x7bf768d5f852 calls=80 total_ms=0.248 avg_us=3.100 max_us=36
   4 caller=0x7bf768d60abd calls=396 total_ms=0.170 avg_us=0.429 max_us=2
direct_cudaStreamSynchronize: calls=1737 total_ms=12.931 max_us=2586
by_direct_callsite (file:line):
   0 /opt/llama.cpp/ggml/src/ggml-cuda/ggml-cuda.cu:839 calls=1384 total_ms=6.567 avg_us=4.745 max_us=353
   1 /opt/llama.cpp/ggml/src/ggml-cuda/ggml-cuda.cu:900 calls=12 total_ms=5.896 avg_us=491.333 max_us=2586
   2 /opt/llama.cpp/ggml/src/ggml-cuda/ggml-cuda.cu:2665 calls=191 total_ms=0.313 avg_us=1.639 max_us=10
   3 /opt/llama.cpp/ggml/src/ggml-cuda/ggml-cuda.cu:847 calls=150 total_ms=0.155 avg_us=1.033 max_us=3
=== END CUDA SYNC PROFILE ===
backend-sync-trace: count=3600 backend=CUDA0 caller=ggml_backend_sched_synchronize+0x62

=== CUDA SYNC PROFILE (instrumentation only) ===
total_syncs = 3600
total_wait_ms = 2668.344
max_wait_us = 140882
sites = 5
wait_hist_us = logarithmic buckets
  hist[0] = 3200
  hist[1] = 240
  hist[2] = 28
  hist[3] = 9
  hist[4] = 2
  hist[5] = 1
  hist[9] = 18
  hist[10] = 44
  hist[11] = 18
  hist[14] = 3
  hist[15] = 24
  hist[16] = 12
  hist[17] = 1
by_callsite (caller PC; symbolize with addr2line):
   0 caller=0x7bf768d5c0d2 calls=1600 total_ms=2667.028 avg_us=1666.892 max_us=140882
   1 caller=0x7bf768d6098c calls=1102 total_ms=0.501 avg_us=0.455 max_us=2
   2 caller=0x7bf768d6089c calls=408 total_ms=0.389 avg_us=0.953 max_us=15
   3 caller=0x7bf768d5f852 calls=82 total_ms=0.253 avg_us=3.085 max_us=36
   4 caller=0x7bf768d60abd calls=408 total_ms=0.173 avg_us=0.424 max_us=2
direct_cudaStreamSynchronize: calls=1778 total_ms=13.088 max_us=2586
by_direct_callsite (file:line):
   0 /opt/llama.cpp/ggml/src/ggml-cuda/ggml-cuda.cu:839 calls=1425 total_ms=6.724 avg_us=4.719 max_us=353
   1 /opt/llama.cpp/ggml/src/ggml-cuda/ggml-cuda.cu:900 calls=12 total_ms=5.896 avg_us=491.333 max_us=2586
   2 /opt/llama.cpp/ggml/src/ggml-cuda/ggml-cuda.cu:2665 calls=191 total_ms=0.313 avg_us=1.639 max_us=10
   3 /opt/llama.cpp/ggml/src/ggml-cuda/ggml-cuda.cu:847 calls=150 total_ms=0.155 avg_us=1.033 max_us=3
=== END CUDA SYNC PROFILE ===

=== CUDA SYNC PROFILE (instrumentation only) ===
total_syncs = 3638
total_wait_ms = 2710.798
max_wait_us = 140882
sites = 5
wait_hist_us = logarithmic buckets
  hist[0] = 3234
  hist[1] = 243
  hist[2] = 28
  hist[3] = 9
  hist[4] = 2
  hist[5] = 1
  hist[9] = 18
  hist[10] = 44
  hist[11] = 18
  hist[14] = 3
  hist[15] = 25
  hist[16] = 12
  hist[17] = 1
by_callsite (caller PC; symbolize with addr2line):
   0 caller=0x7bf768d5c0d2 calls=1608 total_ms=2709.464 avg_us=1684.990 max_us=140882
   1 caller=0x7bf768d6098c calls=1119 total_ms=0.508 avg_us=0.454 max_us=2
   2 caller=0x7bf768d6089c calls=414 total_ms=0.395 avg_us=0.954 max_us=15
   3 caller=0x7bf768d5f852 calls=83 total_ms=0.255 avg_us=3.072 max_us=36
   4 caller=0x7bf768d60abd calls=414 total_ms=0.176 avg_us=0.425 max_us=2
direct_cudaStreamSynchronize: calls=1800 total_ms=13.182 max_us=2586
by_direct_callsite (file:line):
   0 /opt/llama.cpp/ggml/src/ggml-cuda/ggml-cuda.cu:839 calls=1447 total_ms=6.818 avg_us=4.712 max_us=353
   1 /opt/llama.cpp/ggml/src/ggml-cuda/ggml-cuda.cu:900 calls=12 total_ms=5.896 avg_us=491.333 max_us=2586
   2 /opt/llama.cpp/ggml/src/ggml-cuda/ggml-cuda.cu:2665 calls=191 total_ms=0.313 avg_us=1.639 max_us=10
   3 /opt/llama.cpp/ggml/src/ggml-cuda/ggml-cuda.cu:847 calls=150 total_ms=0.155 avg_us=1.033 max_us=3
=== END CUDA SYNC PROFILE ===
backend-sync-trace: count=3700 backend=CUDA0 caller=ggml_backend_sched_graph_compute_async_ext+0xecc

=== CUDA SYNC PROFILE (instrumentation only) ===
total_syncs = 3700
total_wait_ms = 2712.891
max_wait_us = 140882
sites = 5
wait_hist_us = logarithmic buckets
  hist[0] = 3292
  hist[1] = 245
  hist[2] = 28
  hist[3] = 9
  hist[4] = 2
  hist[5] = 1
  hist[9] = 19
  hist[10] = 45
  hist[11] = 18
  hist[14] = 3
  hist[15] = 25
  hist[16] = 12
  hist[17] = 1
by_callsite (caller PC; symbolize with addr2line):
   0 caller=0x7bf768d5c0d2 calls=1631 total_ms=2711.534 avg_us=1662.498 max_us=140882
   1 caller=0x7bf768d6098c calls=1141 total_ms=0.517 avg_us=0.453 max_us=2
   2 caller=0x7bf768d6089c calls=422 total_ms=0.401 avg_us=0.950 max_us=15
   3 caller=0x7bf768d5f852 calls=84 total_ms=0.257 avg_us=3.060 max_us=36
   4 caller=0x7bf768d60abd calls=422 total_ms=0.182 avg_us=0.431 max_us=2
direct_cudaStreamSynchronize: calls=1827 total_ms=13.289 max_us=2586
by_direct_callsite (file:line):
   0 /opt/llama.cpp/ggml/src/ggml-cuda/ggml-cuda.cu:839 calls=1474 total_ms=6.925 avg_us=4.698 max_us=353
   1 /opt/llama.cpp/ggml/src/ggml-cuda/ggml-cuda.cu:900 calls=12 total_ms=5.896 avg_us=491.333 max_us=2586
   2 /opt/llama.cpp/ggml/src/ggml-cuda/ggml-cuda.cu:2665 calls=191 total_ms=0.313 avg_us=1.639 max_us=10
   3 /opt/llama.cpp/ggml/src/ggml-cuda/ggml-cuda.cu:847 calls=150 total_ms=0.155 avg_us=1.033 max_us=3
=== END CUDA SYNC PROFILE ===
backend-sync-trace: count=3800 backend=CUDA0 caller=ggml_backend_sched_synchronize+0x62

=== CUDA SYNC PROFILE (instrumentation only) ===
total_syncs = 3800
total_wait_ms = 2785.992
max_wait_us = 140882
sites = 5
wait_hist_us = logarithmic buckets
  hist[0] = 3383
  hist[1] = 250
  hist[2] = 28
  hist[3] = 9
  hist[4] = 2
  hist[5] = 1
  hist[9] = 19
  hist[10] = 47
  hist[11] = 18
  hist[14] = 4
  hist[15] = 26
  hist[16] = 12
  hist[17] = 1
by_callsite (caller PC; symbolize with addr2line):
   0 caller=0x7bf768d5c0d2 calls=1670 total_ms=2784.602 avg_us=1667.426 max_us=140882
   1 caller=0x7bf768d6098c calls=1175 total_ms=0.528 avg_us=0.449 max_us=2
   2 caller=0x7bf768d6089c calls=434 total_ms=0.409 avg_us=0.942 max_us=15
   3 caller=0x7bf768d5f852 calls=87 total_ms=0.263 avg_us=3.023 max_us=36
   4 caller=0x7bf768d60abd calls=434 total_ms=0.190 avg_us=0.438 max_us=2
direct_cudaStreamSynchronize: calls=1871 total_ms=13.466 max_us=2586
by_direct_callsite (file:line):
   0 /opt/llama.cpp/ggml/src/ggml-cuda/ggml-cuda.cu:839 calls=1518 total_ms=7.102 avg_us=4.679 max_us=353
   1 /opt/llama.cpp/ggml/src/ggml-cuda/ggml-cuda.cu:900 calls=12 total_ms=5.896 avg_us=491.333 max_us=2586
   2 /opt/llama.cpp/ggml/src/ggml-cuda/ggml-cuda.cu:2665 calls=191 total_ms=0.313 avg_us=1.639 max_us=10
   3 /opt/llama.cpp/ggml/src/ggml-cuda/ggml-cuda.cu:847 calls=150 total_ms=0.155 avg_us=1.033 max_us=3
=== END CUDA SYNC PROFILE ===

=== CUDA SYNC PROFILE (instrumentation only) ===
total_syncs = 3862
total_wait_ms = 2787.821
max_wait_us = 140882
sites = 5
wait_hist_us = logarithmic buckets
  hist[0] = 3439
  hist[1] = 253
  hist[2] = 28
  hist[3] = 9
  hist[4] = 3
  hist[5] = 1
  hist[9] = 21
  hist[10] = 47
  hist[11] = 18
  hist[14] = 4
  hist[15] = 26
  hist[16] = 12
  hist[17] = 1
by_callsite (caller PC; symbolize with addr2line):
   0 caller=0x7bf768d5c0d2 calls=1693 total_ms=2786.413 avg_us=1645.843 max_us=140882
   1 caller=0x7bf768d6098c calls=1197 total_ms=0.532 avg_us=0.444 max_us=2
   2 caller=0x7bf768d6089c calls=442 total_ms=0.417 avg_us=0.943 max_us=15
   3 caller=0x7bf768d5f852 calls=88 total_ms=0.265 avg_us=3.011 max_us=36
   4 caller=0x7bf768d60abd calls=442 total_ms=0.194 avg_us=0.439 max_us=2
direct_cudaStreamSynchronize: calls=1900 total_ms=13.575 max_us=2586
by_direct_callsite (file:line):
   0 /opt/llama.cpp/ggml/src/ggml-cuda/ggml-cuda.cu:839 calls=1547 total_ms=7.211 avg_us=4.661 max_us=353
   1 /opt/llama.cpp/ggml/src/ggml-cuda/ggml-cuda.cu:900 calls=12 total_ms=5.896 avg_us=491.333 max_us=2586
   2 /opt/llama.cpp/ggml/src/ggml-cuda/ggml-cuda.cu:2665 calls=191 total_ms=0.313 avg_us=1.639 max_us=10
   3 /opt/llama.cpp/ggml/src/ggml-cuda/ggml-cuda.cu:847 calls=150 total_ms=0.155 avg_us=1.033 max_us=3
=== END CUDA SYNC PROFILE ===
backend-sync-trace: count=3900 backend=CUDA0 caller=ggml_backend_sched_graph_compute_async_ext+0xffd

=== CUDA SYNC PROFILE (instrumentation only) ===
total_syncs = 3900
total_wait_ms = 2812.255
max_wait_us = 140882
sites = 5
wait_hist_us = logarithmic buckets
  hist[0] = 3474
  hist[1] = 255
  hist[2] = 28
  hist[3] = 9
  hist[4] = 3
  hist[5] = 1
  hist[9] = 21
  hist[10] = 47
  hist[11] = 18
  hist[14] = 5
  hist[15] = 26
  hist[16] = 12
  hist[17] = 1
by_callsite (caller PC; symbolize with addr2line):
   0 caller=0x7bf768d5c0d2 calls=1716 total_ms=2810.840 avg_us=1638.019 max_us=140882
   1 caller=0x7bf768d6098c calls=1202 total_ms=0.532 avg_us=0.443 max_us=2
   2 caller=0x7bf768d6089c calls=446 total_ms=0.421 avg_us=0.944 max_us=15
   3 caller=0x7bf768d5f852 calls=90 total_ms=0.268 avg_us=2.978 max_us=36
   4 caller=0x7bf768d60abd calls=446 total_ms=0.194 avg_us=0.435 max_us=2
direct_cudaStreamSynchronize: calls=1907 total_ms=13.609 max_us=2586
by_direct_callsite (file:line):
   0 /opt/llama.cpp/ggml/src/ggml-cuda/ggml-cuda.cu:839 calls=1554 total_ms=7.245 avg_us=4.662 max_us=353
   1 /opt/llama.cpp/ggml/src/ggml-cuda/ggml-cuda.cu:900 calls=12 total_ms=5.896 avg_us=491.333 max_us=2586
   2 /opt/llama.cpp/ggml/src/ggml-cuda/ggml-cuda.cu:2665 calls=191 total_ms=0.313 avg_us=1.639 max_us=10
   3 /opt/llama.cpp/ggml/src/ggml-cuda/ggml-cuda.cu:847 calls=150 total_ms=0.155 avg_us=1.033 max_us=3
=== END CUDA SYNC PROFILE ===
backend-sync-trace: count=4000 backend=CUDA0 caller=ggml_backend_sched_synchronize+0x62

=== CUDA SYNC PROFILE (instrumentation only) ===
total_syncs = 4000
total_wait_ms = 2868.840
max_wait_us = 140882
sites = 5
wait_hist_us = logarithmic buckets
  hist[0] = 3567
  hist[1] = 257
  hist[2] = 28
  hist[3] = 9
  hist[4] = 3
  hist[5] = 1
  hist[9] = 23
  hist[10] = 49
  hist[11] = 18
  hist[14] = 5
  hist[15] = 27
  hist[16] = 12
  hist[17] = 1
by_callsite (caller PC; symbolize with addr2line):
   0 caller=0x7bf768d5c0d2 calls=1755 total_ms=2867.396 avg_us=1633.844 max_us=140882
   1 caller=0x7bf768d6098c calls=1237 total_ms=0.540 avg_us=0.437 max_us=2
   2 caller=0x7bf768d6089c calls=458 total_ms=0.429 avg_us=0.937 max_us=15
   3 caller=0x7bf768d5f852 calls=92 total_ms=0.271 avg_us=2.946 max_us=36
   4 caller=0x7bf768d60abd calls=458 total_ms=0.204 avg_us=0.445 max_us=2
direct_cudaStreamSynchronize: calls=1953 total_ms=13.787 max_us=2586
by_direct_callsite (file:line):
   0 /opt/llama.cpp/ggml/src/ggml-cuda/ggml-cuda.cu:839 calls=1600 total_ms=7.423 avg_us=4.639 max_us=353
   1 /opt/llama.cpp/ggml/src/ggml-cuda/ggml-cuda.cu:900 calls=12 total_ms=5.896 avg_us=491.333 max_us=2586
   2 /opt/llama.cpp/ggml/src/ggml-cuda/ggml-cuda.cu:2665 calls=191 total_ms=0.313 avg_us=1.639 max_us=10
   3 /opt/llama.cpp/ggml/src/ggml-cuda/ggml-cuda.cu:847 calls=150 total_ms=0.155 avg_us=1.033 max_us=3
=== END CUDA SYNC PROFILE ===

=== CUDA SYNC PROFILE (instrumentation only) ===
total_syncs = 4097
total_wait_ms = 2905.498
max_wait_us = 140882
sites = 5
wait_hist_us = logarithmic buckets
  hist[0] = 3655
  hist[1] = 263
  hist[2] = 28
  hist[3] = 9
  hist[4] = 3
  hist[5] = 1
  hist[9] = 23
  hist[10] = 51
  hist[11] = 18
  hist[14] = 5
  hist[15] = 28
  hist[16] = 12
  hist[17] = 1
by_callsite (caller PC; symbolize with addr2line):
   0 caller=0x7bf768d5c0d2 calls=1786 total_ms=2904.022 avg_us=1625.992 max_us=140882
   1 caller=0x7bf768d6098c calls=1273 total_ms=0.553 avg_us=0.434 max_us=2
   2 caller=0x7bf768d6089c calls=472 total_ms=0.436 avg_us=0.924 max_us=15
   3 caller=0x7bf768d5f852 calls=94 total_ms=0.275 avg_us=2.926 max_us=36
   4 caller=0x7bf768d60abd calls=472 total_ms=0.212 avg_us=0.449 max_us=2
direct_cudaStreamSynchronize: calls=2000 total_ms=13.986 max_us=2586
by_direct_callsite (file:line):
   0 /opt/llama.cpp/ggml/src/ggml-cuda/ggml-cuda.cu:839 calls=1647 total_ms=7.622 avg_us=4.628 max_us=353
   1 /opt/llama.cpp/ggml/src/ggml-cuda/ggml-cuda.cu:900 calls=12 total_ms=5.896 avg_us=491.333 max_us=2586
   2 /opt/llama.cpp/ggml/src/ggml-cuda/ggml-cuda.cu:2665 calls=191 total_ms=0.313 avg_us=1.639 max_us=10
   3 /opt/llama.cpp/ggml/src/ggml-cuda/ggml-cuda.cu:847 calls=150 total_ms=0.155 avg_us=1.033 max_us=3
=== END CUDA SYNC PROFILE ===
backend-sync-trace: count=4100 backend=CUDA0 caller=ggml_backend_sched_graph_compute_async_ext+0xecc

=== CUDA SYNC PROFILE (instrumentation only) ===
total_syncs = 4100
total_wait_ms = 2905.500
max_wait_us = 140882
sites = 5
wait_hist_us = logarithmic buckets
  hist[0] = 3658
  hist[1] = 263
  hist[2] = 28
  hist[3] = 9
  hist[4] = 3
  hist[5] = 1
  hist[9] = 23
  hist[10] = 51
  hist[11] = 18
  hist[14] = 5
  hist[15] = 28
  hist[16] = 12
  hist[17] = 1
by_callsite (caller PC; symbolize with addr2line):
   0 caller=0x7bf768d5c0d2 calls=1786 total_ms=2904.022 avg_us=1625.992 max_us=140882
   1 caller=0x7bf768d6098c calls=1276 total_ms=0.555 avg_us=0.435 max_us=2
   2 caller=0x7bf768d6089c calls=472 total_ms=0.436 avg_us=0.924 max_us=15
   3 caller=0x7bf768d5f852 calls=94 total_ms=0.275 avg_us=2.926 max_us=36
   4 caller=0x7bf768d60abd calls=472 total_ms=0.212 avg_us=0.449 max_us=2
direct_cudaStreamSynchronize: calls=2002 total_ms=13.991 max_us=2586
by_direct_callsite (file:line):
   0 /opt/llama.cpp/ggml/src/ggml-cuda/ggml-cuda.cu:839 calls=1649 total_ms=7.627 avg_us=4.625 max_us=353
   1 /opt/llama.cpp/ggml/src/ggml-cuda/ggml-cuda.cu:900 calls=12 total_ms=5.896 avg_us=491.333 max_us=2586
   2 /opt/llama.cpp/ggml/src/ggml-cuda/ggml-cuda.cu:2665 calls=191 total_ms=0.313 avg_us=1.639 max_us=10
   3 /opt/llama.cpp/ggml/src/ggml-cuda/ggml-cuda.cu:847 calls=150 total_ms=0.155 avg_us=1.033 max_us=3
=== END CUDA SYNC PROFILE ===
backend-sync-trace: count=4200 backend=CUDA0 caller=ggml_backend_sched_graph_compute_async_ext+0xecc

=== CUDA SYNC PROFILE (instrumentation only) ===
total_syncs = 4200
total_wait_ms = 2999.636
max_wait_us = 140882
sites = 5
wait_hist_us = logarithmic buckets
  hist[0] = 3750
  hist[1] = 267
  hist[2] = 28
  hist[3] = 9
  hist[4] = 3
  hist[5] = 1
  hist[9] = 23
  hist[10] = 53
  hist[11] = 18
  hist[14] = 5
  hist[15] = 30
  hist[16] = 12
  hist[17] = 1
by_callsite (caller PC; symbolize with addr2line):
   0 caller=0x7bf768d5c0d2 calls=1825 total_ms=2998.128 avg_us=1642.810 max_us=140882
   1 caller=0x7bf768d6098c calls=1310 total_ms=0.565 avg_us=0.431 max_us=2
   2 caller=0x7bf768d6089c calls=484 total_ms=0.444 avg_us=0.917 max_us=15
   3 caller=0x7bf768d5f852 calls=97 total_ms=0.280 avg_us=2.887 max_us=36
   4 caller=0x7bf768d60abd calls=484 total_ms=0.219 avg_us=0.452 max_us=2
direct_cudaStreamSynchronize: calls=2046 total_ms=14.164 max_us=2586
by_direct_callsite (file:line):
   0 /opt/llama.cpp/ggml/src/ggml-cuda/ggml-cuda.cu:839 calls=1693 total_ms=7.800 avg_us=4.607 max_us=353
   1 /opt/llama.cpp/ggml/src/ggml-cuda/ggml-cuda.cu:900 calls=12 total_ms=5.896 avg_us=491.333 max_us=2586
   2 /opt/llama.cpp/ggml/src/ggml-cuda/ggml-cuda.cu:2665 calls=191 total_ms=0.313 avg_us=1.639 max_us=10
   3 /opt/llama.cpp/ggml/src/ggml-cuda/ggml-cuda.cu:847 calls=150 total_ms=0.155 avg_us=1.033 max_us=3
=== END CUDA SYNC PROFILE ===
backend-sync-trace: count=4300 backend=CUDA0 caller=ggml_backend_sched_synchronize+0x62

=== CUDA SYNC PROFILE (instrumentation only) ===
total_syncs = 4300
total_wait_ms = 3051.738
max_wait_us = 140882
sites = 5
wait_hist_us = logarithmic buckets
  hist[0] = 3841
  hist[1] = 272
  hist[2] = 28
  hist[3] = 9
  hist[4] = 3
  hist[5] = 1
  hist[9] = 23
  hist[10] = 55
  hist[11] = 19
  hist[14] = 5
  hist[15] = 31
  hist[16] = 12
  hist[17] = 1
by_callsite (caller PC; symbolize with addr2line):
   0 caller=0x7bf768d5c0d2 calls=1867 total_ms=3050.201 avg_us=1633.745 max_us=140882
   1 caller=0x7bf768d6098c calls=1341 total_ms=0.575 avg_us=0.429 max_us=2
   2 caller=0x7bf768d6089c calls=496 total_ms=0.452 avg_us=0.911 max_us=15
   3 caller=0x7bf768d5f852 calls=100 total_ms=0.286 avg_us=2.860 max_us=36
   4 caller=0x7bf768d60abd calls=496 total_ms=0.224 avg_us=0.452 max_us=2
direct_cudaStreamSynchronize: calls=2087 total_ms=14.328 max_us=2586
by_direct_callsite (file:line):
   0 /opt/llama.cpp/ggml/src/ggml-cuda/ggml-cuda.cu:839 calls=1734 total_ms=7.964 avg_us=4.593 max_us=353
   1 /opt/llama.cpp/ggml/src/ggml-cuda/ggml-cuda.cu:900 calls=12 total_ms=5.896 avg_us=491.333 max_us=2586
   2 /opt/llama.cpp/ggml/src/ggml-cuda/ggml-cuda.cu:2665 calls=191 total_ms=0.313 avg_us=1.639 max_us=10
   3 /opt/llama.cpp/ggml/src/ggml-cuda/ggml-cuda.cu:847 calls=150 total_ms=0.155 avg_us=1.033 max_us=3
=== END CUDA SYNC PROFILE ===

=== CUDA SYNC PROFILE (instrumentation only) ===
total_syncs = 4332
total_wait_ms = 3053.495
max_wait_us = 140882
sites = 5
wait_hist_us = logarithmic buckets
  hist[0] = 3871
  hist[1] = 273
  hist[2] = 28
  hist[3] = 9
  hist[4] = 3
  hist[5] = 1
  hist[9] = 23
  hist[10] = 56
  hist[11] = 19
  hist[14] = 5
  hist[15] = 31
  hist[16] = 12
  hist[17] = 1
by_callsite (caller PC; symbolize with addr2line):
   0 caller=0x7bf768d5c0d2 calls=1879 total_ms=3051.949 avg_us=1624.241 max_us=140882
   1 caller=0x7bf768d6098c calls=1349 total_ms=0.577 avg_us=0.428 max_us=2
   2 caller=0x7bf768d6089c calls=502 total_ms=0.458 avg_us=0.912 max_us=15
   3 caller=0x7bf768d5f852 calls=100 total_ms=0.286 avg_us=2.860 max_us=36
   4 caller=0x7bf768d60abd calls=502 total_ms=0.225 avg_us=0.448 max_us=2
direct_cudaStreamSynchronize: calls=2100 total_ms=14.392 max_us=2586
by_direct_callsite (file:line):
   0 /opt/llama.cpp/ggml/src/ggml-cuda/ggml-cuda.cu:839 calls=1747 total_ms=8.028 avg_us=4.595 max_us=353
   1 /opt/llama.cpp/ggml/src/ggml-cuda/ggml-cuda.cu:900 calls=12 total_ms=5.896 avg_us=491.333 max_us=2586
   2 /opt/llama.cpp/ggml/src/ggml-cuda/ggml-cuda.cu:2665 calls=191 total_ms=0.313 avg_us=1.639 max_us=10
   3 /opt/llama.cpp/ggml/src/ggml-cuda/ggml-cuda.cu:847 calls=150 total_ms=0.155 avg_us=1.033 max_us=3
=== END CUDA SYNC PROFILE ===
backend-sync-trace: count=4400 backend=CUDA0 caller=ggml_backend_sched_synchronize+0x62

=== CUDA SYNC PROFILE (instrumentation only) ===
total_syncs = 4400
total_wait_ms = 3088.751
max_wait_us = 140882
sites = 5
wait_hist_us = logarithmic buckets
  hist[0] = 3935
  hist[1] = 274
  hist[2] = 28
  hist[3] = 9
  hist[4] = 3
  hist[5] = 1
  hist[9] = 23
  hist[10] = 58
  hist[11] = 19
  hist[14] = 6
  hist[15] = 31
  hist[16] = 12
  hist[17] = 1
by_callsite (caller PC; symbolize with addr2line):
   0 caller=0x7bf768d5c0d2 calls=1910 total_ms=3087.186 avg_us=1616.328 max_us=140882
   1 caller=0x7bf768d6098c calls=1372 total_ms=0.585 avg_us=0.426 max_us=2
   2 caller=0x7bf768d6089c calls=508 total_ms=0.463 avg_us=0.911 max_us=15
   3 caller=0x7bf768d5f852 calls=102 total_ms=0.289 avg_us=2.833 max_us=36
   4 caller=0x7bf768d60abd calls=508 total_ms=0.228 avg_us=0.449 max_us=2
direct_cudaStreamSynchronize: calls=2128 total_ms=14.481 max_us=2586
by_direct_callsite (file:line):
   0 /opt/llama.cpp/ggml/src/ggml-cuda/ggml-cuda.cu:839 calls=1775 total_ms=8.117 avg_us=4.573 max_us=353
   1 /opt/llama.cpp/ggml/src/ggml-cuda/ggml-cuda.cu:900 calls=12 total_ms=5.896 avg_us=491.333 max_us=2586
   2 /opt/llama.cpp/ggml/src/ggml-cuda/ggml-cuda.cu:2665 calls=191 total_ms=0.313 avg_us=1.639 max_us=10
   3 /opt/llama.cpp/ggml/src/ggml-cuda/ggml-cuda.cu:847 calls=150 total_ms=0.155 avg_us=1.033 max_us=3
=== END CUDA SYNC PROFILE ===
backend-sync-trace: count=4500 backend=CUDA0 caller=0x7bf768d5f852

=== CUDA SYNC PROFILE (instrumentation only) ===
total_syncs = 4500
total_wait_ms = 3189.809
max_wait_us = 140882
sites = 5
wait_hist_us = logarithmic buckets
  hist[0] = 4025
  hist[1] = 279
  hist[2] = 29
  hist[3] = 9
  hist[4] = 3
  hist[5] = 1
  hist[9] = 23
  hist[10] = 60
  hist[11] = 19
  hist[14] = 6
  hist[15] = 33
  hist[16] = 12
  hist[17] = 1
by_callsite (caller PC; symbolize with addr2line):
   0 caller=0x7bf768d5c0d2 calls=1937 total_ms=3188.206 avg_us=1645.950 max_us=140882
   1 caller=0x7bf768d6098c calls=1414 total_ms=0.602 avg_us=0.426 max_us=4
   2 caller=0x7bf768d6089c calls=522 total_ms=0.473 avg_us=0.906 max_us=15
   3 caller=0x7bf768d5f852 calls=105 total_ms=0.294 avg_us=2.800 max_us=36
   4 caller=0x7bf768d60abd calls=522 total_ms=0.234 avg_us=0.448 max_us=2
direct_cudaStreamSynchronize: calls=2181 total_ms=14.697 max_us=2586
by_direct_callsite (file:line):
   0 /opt/llama.cpp/ggml/src/ggml-cuda/ggml-cuda.cu:839 calls=1828 total_ms=8.333 avg_us=4.559 max_us=353
   1 /opt/llama.cpp/ggml/src/ggml-cuda/ggml-cuda.cu:900 calls=12 total_ms=5.896 avg_us=491.333 max_us=2586
   2 /opt/llama.cpp/ggml/src/ggml-cuda/ggml-cuda.cu:2665 calls=191 total_ms=0.313 avg_us=1.639 max_us=10
   3 /opt/llama.cpp/ggml/src/ggml-cuda/ggml-cuda.cu:847 calls=150 total_ms=0.155 avg_us=1.033 max_us=3
=== END CUDA SYNC PROFILE ===

=== CUDA SYNC PROFILE (instrumentation only) ===
total_syncs = 4564
total_wait_ms = 3192.483
max_wait_us = 140882
sites = 5
wait_hist_us = logarithmic buckets
  hist[0] = 4085
  hist[1] = 281
  hist[2] = 29
  hist[3] = 9
  hist[4] = 3
  hist[5] = 1
  hist[9] = 23
  hist[10] = 62
  hist[11] = 19
  hist[14] = 6
  hist[15] = 33
  hist[16] = 12
  hist[17] = 1
by_callsite (caller PC; symbolize with addr2line):
   0 caller=0x7bf768d5c0d2 calls=1972 total_ms=3190.861 avg_us=1618.084 max_us=140882
   1 caller=0x7bf768d6098c calls=1426 total_ms=0.610 avg_us=0.428 max_us=4
   2 caller=0x7bf768d6089c calls=530 total_ms=0.480 avg_us=0.906 max_us=15
   3 caller=0x7bf768d5f852 calls=106 total_ms=0.296 avg_us=2.792 max_us=36
   4 caller=0x7bf768d60abd calls=530 total_ms=0.236 avg_us=0.445 max_us=2
direct_cudaStreamSynchronize: calls=2200 total_ms=14.769 max_us=2586
by_direct_callsite (file:line):
   0 /opt/llama.cpp/ggml/src/ggml-cuda/ggml-cuda.cu:839 calls=1847 total_ms=8.405 avg_us=4.551 max_us=353
   1 /opt/llama.cpp/ggml/src/ggml-cuda/ggml-cuda.cu:900 calls=12 total_ms=5.896 avg_us=491.333 max_us=2586
   2 /opt/llama.cpp/ggml/src/ggml-cuda/ggml-cuda.cu:2665 calls=191 total_ms=0.313 avg_us=1.639 max_us=10
   3 /opt/llama.cpp/ggml/src/ggml-cuda/ggml-cuda.cu:847 calls=150 total_ms=0.155 avg_us=1.033 max_us=3
=== END CUDA SYNC PROFILE ===
backend-sync-trace: count=4600 backend=CUDA0 caller=ggml_backend_sched_synchronize+0x62

=== CUDA SYNC PROFILE (instrumentation only) ===
total_syncs = 4600
total_wait_ms = 3228.067
max_wait_us = 140882
sites = 5
wait_hist_us = logarithmic buckets
  hist[0] = 4119
  hist[1] = 282
  hist[2] = 29
  hist[3] = 9
  hist[4] = 3
  hist[5] = 1
  hist[9] = 23
  hist[10] = 62
  hist[11] = 19
  hist[14] = 6
  hist[15] = 34
  hist[16] = 12
  hist[17] = 1
by_callsite (caller PC; symbolize with addr2line):
   0 caller=0x7bf768d5c0d2 calls=1980 total_ms=3226.435 avg_us=1629.513 max_us=140882
   1 caller=0x7bf768d6098c calls=1445 total_ms=0.614 avg_us=0.425 max_us=4
   2 caller=0x7bf768d6089c calls=534 total_ms=0.483 avg_us=0.904 max_us=15
   3 caller=0x7bf768d5f852 calls=107 total_ms=0.298 avg_us=2.785 max_us=36
   4 caller=0x7bf768d60abd calls=534 total_ms=0.237 avg_us=0.444 max_us=2
direct_cudaStreamSynchronize: calls=2221 total_ms=14.862 max_us=2586
by_direct_callsite (file:line):
   0 /opt/llama.cpp/ggml/src/ggml-cuda/ggml-cuda.cu:839 calls=1868 total_ms=8.498 avg_us=4.549 max_us=353
   1 /opt/llama.cpp/ggml/src/ggml-cuda/ggml-cuda.cu:900 calls=12 total_ms=5.896 avg_us=491.333 max_us=2586
   2 /opt/llama.cpp/ggml/src/ggml-cuda/ggml-cuda.cu:2665 calls=191 total_ms=0.313 avg_us=1.639 max_us=10
   3 /opt/llama.cpp/ggml/src/ggml-cuda/ggml-cuda.cu:847 calls=150 total_ms=0.155 avg_us=1.033 max_us=3
=== END CUDA SYNC PROFILE ===
backend-sync-trace: count=4700 backend=CUDA0 caller=ggml_backend_sched_synchronize+0x62

=== CUDA SYNC PROFILE (instrumentation only) ===
total_syncs = 4700
total_wait_ms = 3286.016
max_wait_us = 140882
sites = 5
wait_hist_us = logarithmic buckets
  hist[0] = 4211
  hist[1] = 286
  hist[2] = 29
  hist[3] = 9
  hist[4] = 3
  hist[5] = 1
  hist[9] = 24
  hist[10] = 64
  hist[11] = 19
  hist[14] = 6
  hist[15] = 35
  hist[16] = 12
  hist[17] = 1
by_callsite (caller PC; symbolize with addr2line):
   0 caller=0x7bf768d5c0d2 calls=2022 total_ms=3284.354 avg_us=1624.310 max_us=140882
   1 caller=0x7bf768d6098c calls=1476 total_ms=0.622 avg_us=0.421 max_us=4
   2 caller=0x7bf768d6089c calls=546 total_ms=0.492 avg_us=0.901 max_us=15
   3 caller=0x7bf768d5f852 calls=110 total_ms=0.304 avg_us=2.764 max_us=36
   4 caller=0x7bf768d60abd calls=546 total_ms=0.244 avg_us=0.447 max_us=2
direct_cudaStreamSynchronize: calls=2262 total_ms=15.026 max_us=2586
by_direct_callsite (file:line):
   0 /opt/llama.cpp/ggml/src/ggml-cuda/ggml-cuda.cu:839 calls=1909 total_ms=8.662 avg_us=4.537 max_us=353
   1 /opt/llama.cpp/ggml/src/ggml-cuda/ggml-cuda.cu:900 calls=12 total_ms=5.896 avg_us=491.333 max_us=2586
   2 /opt/llama.cpp/ggml/src/ggml-cuda/ggml-cuda.cu:2665 calls=191 total_ms=0.313 avg_us=1.639 max_us=10
   3 /opt/llama.cpp/ggml/src/ggml-cuda/ggml-cuda.cu:847 calls=150 total_ms=0.155 avg_us=1.033 max_us=3
=== END CUDA SYNC PROFILE ===

=== CUDA SYNC PROFILE (instrumentation only) ===
total_syncs = 4784
total_wait_ms = 3323.669
max_wait_us = 140882
sites = 5
wait_hist_us = logarithmic buckets
  hist[0] = 4288
  hist[1] = 290
  hist[2] = 29
  hist[3] = 9
  hist[4] = 3
  hist[5] = 1
  hist[9] = 25
  hist[10] = 65
  hist[11] = 19
  hist[14] = 6
  hist[15] = 36
  hist[16] = 12
  hist[17] = 1
by_callsite (caller PC; symbolize with addr2line):
   0 caller=0x7bf768d5c0d2 calls=2052 total_ms=3321.985 avg_us=1618.901 max_us=140882
   1 caller=0x7bf768d6098c calls=1504 total_ms=0.628 avg_us=0.418 max_us=4
   2 caller=0x7bf768d6089c calls=558 total_ms=0.501 avg_us=0.898 max_us=15
   3 caller=0x7bf768d5f852 calls=112 total_ms=0.308 avg_us=2.750 max_us=36
   4 caller=0x7bf768d60abd calls=558 total_ms=0.247 avg_us=0.443 max_us=2
direct_cudaStreamSynchronize: calls=2300 total_ms=15.181 max_us=2586
by_direct_callsite (file:line):
   0 /opt/llama.cpp/ggml/src/ggml-cuda/ggml-cuda.cu:839 calls=1947 total_ms=8.817 avg_us=4.529 max_us=353
   1 /opt/llama.cpp/ggml/src/ggml-cuda/ggml-cuda.cu:900 calls=12 total_ms=5.896 avg_us=491.333 max_us=2586
   2 /opt/llama.cpp/ggml/src/ggml-cuda/ggml-cuda.cu:2665 calls=191 total_ms=0.313 avg_us=1.639 max_us=10
   3 /opt/llama.cpp/ggml/src/ggml-cuda/ggml-cuda.cu:847 calls=150 total_ms=0.155 avg_us=1.033 max_us=3
=== END CUDA SYNC PROFILE ===
backend-sync-trace: count=4800 backend=CUDA0 caller=ggml_backend_sched_graph_compute_async_ext+0xffd

=== CUDA SYNC PROFILE (instrumentation only) ===
total_syncs = 4800
total_wait_ms = 3325.969
max_wait_us = 140882
sites = 5
wait_hist_us = logarithmic buckets
  hist[0] = 4302
  hist[1] = 291
  hist[2] = 29
  hist[3] = 9
  hist[4] = 3
  hist[5] = 1
  hist[9] = 25
  hist[10] = 65
  hist[11] = 20
  hist[14] = 6
  hist[15] = 36
  hist[16] = 12
  hist[17] = 1
by_callsite (caller PC; symbolize with addr2line):
   0 caller=0x7bf768d5c0d2 calls=2059 total_ms=3324.279 avg_us=1614.511 max_us=140882
   1 caller=0x7bf768d6098c calls=1507 total_ms=0.630 avg_us=0.418 max_us=4
   2 caller=0x7bf768d6089c calls=561 total_ms=0.503 avg_us=0.897 max_us=15
   3 caller=0x7bf768d5f852 calls=112 total_ms=0.308 avg_us=2.750 max_us=36
   4 caller=0x7bf768d60abd calls=561 total_ms=0.249 avg_us=0.444 max_us=2
direct_cudaStreamSynchronize: calls=2305 total_ms=15.198 max_us=2586
by_direct_callsite (file:line):
   0 /opt/llama.cpp/ggml/src/ggml-cuda/ggml-cuda.cu:839 calls=1952 total_ms=8.834 avg_us=4.526 max_us=353
   1 /opt/llama.cpp/ggml/src/ggml-cuda/ggml-cuda.cu:900 calls=12 total_ms=5.896 avg_us=491.333 max_us=2586
   2 /opt/llama.cpp/ggml/src/ggml-cuda/ggml-cuda.cu:2665 calls=191 total_ms=0.313 avg_us=1.639 max_us=10
   3 /opt/llama.cpp/ggml/src/ggml-cuda/ggml-cuda.cu:847 calls=150 total_ms=0.155 avg_us=1.033 max_us=3
=== END CUDA SYNC PROFILE ===
backend-sync-trace: count=4900 backend=CUDA0 caller=ggml_backend_sched_graph_compute_async_ext+0xecc

=== CUDA SYNC PROFILE (instrumentation only) ===
total_syncs = 4900
total_wait_ms = 3367.201
max_wait_us = 140882
sites = 5
wait_hist_us = logarithmic buckets
  hist[0] = 4396
  hist[1] = 294
  hist[2] = 29
  hist[3] = 9
  hist[4] = 3
  hist[5] = 1
  hist[9] = 26
  hist[10] = 66
  hist[11] = 20
  hist[14] = 6
  hist[15] = 37
  hist[16] = 12
  hist[17] = 1
by_callsite (caller PC; symbolize with addr2line):
   0 caller=0x7bf768d5c0d2 calls=2096 total_ms=3365.485 avg_us=1605.670 max_us=140882
   1 caller=0x7bf768d6098c calls=1546 total_ms=0.643 avg_us=0.416 max_us=4
   2 caller=0x7bf768d6089c calls=572 total_ms=0.508 avg_us=0.888 max_us=15
   3 caller=0x7bf768d5f852 calls=114 total_ms=0.312 avg_us=2.737 max_us=36
   4 caller=0x7bf768d60abd calls=572 total_ms=0.253 avg_us=0.442 max_us=2
direct_cudaStreamSynchronize: calls=2352 total_ms=15.391 max_us=2586
by_direct_callsite (file:line):
   0 /opt/llama.cpp/ggml/src/ggml-cuda/ggml-cuda.cu:839 calls=1999 total_ms=9.027 avg_us=4.516 max_us=353
   1 /opt/llama.cpp/ggml/src/ggml-cuda/ggml-cuda.cu:900 calls=12 total_ms=5.896 avg_us=491.333 max_us=2586
   2 /opt/llama.cpp/ggml/src/ggml-cuda/ggml-cuda.cu:2665 calls=191 total_ms=0.313 avg_us=1.639 max_us=10
   3 /opt/llama.cpp/ggml/src/ggml-cuda/ggml-cuda.cu:847 calls=150 total_ms=0.155 avg_us=1.033 max_us=3
=== END CUDA SYNC PROFILE ===
backend-sync-trace: count=5000 backend=CUDA0 caller=ggml_backend_sched_graph_compute_async_ext+0xecc

=== CUDA SYNC PROFILE (instrumentation only) ===
total_syncs = 5000
total_wait_ms = 3431.432
max_wait_us = 140882
sites = 5
wait_hist_us = logarithmic buckets
  hist[0] = 4487
  hist[1] = 299
  hist[2] = 29
  hist[3] = 9
  hist[4] = 3
  hist[5] = 1
  hist[9] = 27
  hist[10] = 67
  hist[11] = 20
  hist[14] = 7
  hist[15] = 38
  hist[16] = 12
  hist[17] = 1
by_callsite (caller PC; symbolize with addr2line):
   0 caller=0x7bf768d5c0d2 calls=2135 total_ms=3429.691 avg_us=1606.413 max_us=140882
   1 caller=0x7bf768d6098c calls=1580 total_ms=0.650 avg_us=0.411 max_us=4
   2 caller=0x7bf768d6089c calls=584 total_ms=0.516 avg_us=0.884 max_us=15
   3 caller=0x7bf768d5f852 calls=117 total_ms=0.318 avg_us=2.718 max_us=36
   4 caller=0x7bf768d60abd calls=584 total_ms=0.257 avg_us=0.440 max_us=2
direct_cudaStreamSynchronize: calls=2396 total_ms=15.568 max_us=2586
by_direct_callsite (file:line):
   0 /opt/llama.cpp/ggml/src/ggml-cuda/ggml-cuda.cu:839 calls=2043 total_ms=9.204 avg_us=4.505 max_us=353
   1 /opt/llama.cpp/ggml/src/ggml-cuda/ggml-cuda.cu:900 calls=12 total_ms=5.896 avg_us=491.333 max_us=2586
   2 /opt/llama.cpp/ggml/src/ggml-cuda/ggml-cuda.cu:2665 calls=191 total_ms=0.313 avg_us=1.639 max_us=10
   3 /opt/llama.cpp/ggml/src/ggml-cuda/ggml-cuda.cu:847 calls=150 total_ms=0.155 avg_us=1.033 max_us=3
=== END CUDA SYNC PROFILE ===

=== CUDA SYNC PROFILE (instrumentation only) ===
total_syncs = 5022
total_wait_ms = 3431.449
max_wait_us = 140882
sites = 5
wait_hist_us = logarithmic buckets
  hist[0] = 4507
  hist[1] = 301
  hist[2] = 29
  hist[3] = 9
  hist[4] = 3
  hist[5] = 1
  hist[9] = 27
  hist[10] = 67
  hist[11] = 20
  hist[14] = 7
  hist[15] = 38
  hist[16] = 12
  hist[17] = 1
by_callsite (caller PC; symbolize with addr2line):
   0 caller=0x7bf768d5c0d2 calls=2150 total_ms=3429.704 avg_us=1595.211 max_us=140882
   1 caller=0x7bf768d6098c calls=1582 total_ms=0.651 avg_us=0.412 max_us=4
   2 caller=0x7bf768d6089c calls=586 total_ms=0.517 avg_us=0.882 max_us=15
   3 caller=0x7bf768d5f852 calls=118 total_ms=0.320 avg_us=2.712 max_us=36
   4 caller=0x7bf768d60abd calls=586 total_ms=0.257 avg_us=0.439 max_us=2
direct_cudaStreamSynchronize: calls=2400 total_ms=15.583 max_us=2586
by_direct_callsite (file:line):
   0 /opt/llama.cpp/ggml/src/ggml-cuda/ggml-cuda.cu:839 calls=2047 total_ms=9.219 avg_us=4.504 max_us=353
   1 /opt/llama.cpp/ggml/src/ggml-cuda/ggml-cuda.cu:900 calls=12 total_ms=5.896 avg_us=491.333 max_us=2586
   2 /opt/llama.cpp/ggml/src/ggml-cuda/ggml-cuda.cu:2665 calls=191 total_ms=0.313 avg_us=1.639 max_us=10
   3 /opt/llama.cpp/ggml/src/ggml-cuda/ggml-cuda.cu:847 calls=150 total_ms=0.155 avg_us=1.033 max_us=3
=== END CUDA SYNC PROFILE ===
backend-sync-trace: count=5100 backend=CUDA0 caller=ggml_backend_sched_synchronize+0x62

=== CUDA SYNC PROFILE (instrumentation only) ===
total_syncs = 5100
total_wait_ms = 3467.944
max_wait_us = 140882
sites = 5
wait_hist_us = logarithmic buckets
  hist[0] = 4579
  hist[1] = 304
  hist[2] = 29
  hist[3] = 9
  hist[4] = 3
  hist[5] = 1
  hist[9] = 27
  hist[10] = 69
  hist[11] = 20
  hist[14] = 7
  hist[15] = 39
  hist[16] = 12
  hist[17] = 1
by_callsite (caller PC; symbolize with addr2line):
   0 caller=0x7bf768d5c0d2 calls=2186 total_ms=3466.177 avg_us=1585.625 max_us=140882
   1 caller=0x7bf768d6098c calls=1607 total_ms=0.662 avg_us=0.412 max_us=4
   2 caller=0x7bf768d6089c calls=594 total_ms=0.525 avg_us=0.884 max_us=15
   3 caller=0x7bf768d5f852 calls=119 total_ms=0.322 avg_us=2.706 max_us=36
   4 caller=0x7bf768d60abd calls=594 total_ms=0.258 avg_us=0.434 max_us=2
direct_cudaStreamSynchronize: calls=2431 total_ms=15.710 max_us=2586
by_direct_callsite (file:line):
   0 /opt/llama.cpp/ggml/src/ggml-cuda/ggml-cuda.cu:839 calls=2078 total_ms=9.346 avg_us=4.498 max_us=353
   1 /opt/llama.cpp/ggml/src/ggml-cuda/ggml-cuda.cu:900 calls=12 total_ms=5.896 avg_us=491.333 max_us=2586
   2 /opt/llama.cpp/ggml/src/ggml-cuda/ggml-cuda.cu:2665 calls=191 total_ms=0.313 avg_us=1.639 max_us=10
   3 /opt/llama.cpp/ggml/src/ggml-cuda/ggml-cuda.cu:847 calls=150 total_ms=0.155 avg_us=1.033 max_us=3
=== END CUDA SYNC PROFILE ===
backend-sync-trace: count=5200 backend=CUDA0 caller=ggml_backend_sched_graph_compute_async_ext+0xddc

=== CUDA SYNC PROFILE (instrumentation only) ===
total_syncs = 5200
total_wait_ms = 3496.862
max_wait_us = 140882
sites = 5
wait_hist_us = logarithmic buckets
  hist[0] = 4670
  hist[1] = 309
  hist[2] = 29
  hist[3] = 9
  hist[4] = 3
  hist[5] = 1
  hist[9] = 29
  hist[10] = 70
  hist[11] = 20
  hist[14] = 8
  hist[15] = 39
  hist[16] = 12
  hist[17] = 1
by_callsite (caller PC; symbolize with addr2line):
   0 caller=0x7bf768d5c0d2 calls=2225 total_ms=3495.065 avg_us=1570.816 max_us=140882
   1 caller=0x7bf768d6098c calls=1638 total_ms=0.673 avg_us=0.411 max_us=4
   2 caller=0x7bf768d6089c calls=608 total_ms=0.534 avg_us=0.878 max_us=15
   3 caller=0x7bf768d5f852 calls=122 total_ms=0.328 avg_us=2.689 max_us=36
   4 caller=0x7bf768d60abd calls=607 total_ms=0.262 avg_us=0.432 max_us=2
direct_cudaStreamSynchronize: calls=2473 total_ms=15.874 max_us=2586
by_direct_callsite (file:line):
   0 /opt/llama.cpp/ggml/src/ggml-cuda/ggml-cuda.cu:839 calls=2120 total_ms=9.510 avg_us=4.486 max_us=353
   1 /opt/llama.cpp/ggml/src/ggml-cuda/ggml-cuda.cu:900 calls=12 total_ms=5.896 avg_us=491.333 max_us=2586
   2 /opt/llama.cpp/ggml/src/ggml-cuda/ggml-cuda.cu:2665 calls=191 total_ms=0.313 avg_us=1.639 max_us=10
   3 /opt/llama.cpp/ggml/src/ggml-cuda/ggml-cuda.cu:847 calls=150 total_ms=0.155 avg_us=1.033 max_us=3
=== END CUDA SYNC PROFILE ===

=== CUDA SYNC PROFILE (instrumentation only) ===
total_syncs = 5244
total_wait_ms = 3531.910
max_wait_us = 140882
sites = 5
wait_hist_us = logarithmic buckets
  hist[0] = 4710
  hist[1] = 311
  hist[2] = 29
  hist[3] = 9
  hist[4] = 3
  hist[5] = 1
  hist[9] = 29
  hist[10] = 71
  hist[11] = 20
  hist[14] = 8
  hist[15] = 40
  hist[16] = 12
  hist[17] = 1
by_callsite (caller PC; symbolize with addr2line):
   0 caller=0x7bf768d5c0d2 calls=2234 total_ms=3530.092 avg_us=1580.167 max_us=140882
   1 caller=0x7bf768d6098c calls=1659 total_ms=0.683 avg_us=0.412 max_us=4
   2 caller=0x7bf768d6089c calls=614 total_ms=0.538 avg_us=0.876 max_us=15
   3 caller=0x7bf768d5f852 calls=123 total_ms=0.330 avg_us=2.683 max_us=36
   4 caller=0x7bf768d60abd calls=614 total_ms=0.267 avg_us=0.435 max_us=2
direct_cudaStreamSynchronize: calls=2500 total_ms=15.985 max_us=2586
by_direct_callsite (file:line):
   0 /opt/llama.cpp/ggml/src/ggml-cuda/ggml-cuda.cu:839 calls=2147 total_ms=9.621 avg_us=4.481 max_us=353
   1 /opt/llama.cpp/ggml/src/ggml-cuda/ggml-cuda.cu:900 calls=12 total_ms=5.896 avg_us=491.333 max_us=2586
   2 /opt/llama.cpp/ggml/src/ggml-cuda/ggml-cuda.cu:2665 calls=191 total_ms=0.313 avg_us=1.639 max_us=10
   3 /opt/llama.cpp/ggml/src/ggml-cuda/ggml-cuda.cu:847 calls=150 total_ms=0.155 avg_us=1.033 max_us=3
=== END CUDA SYNC PROFILE ===
backend-sync-trace: count=5300 backend=CUDA0 caller=ggml_backend_sched_graph_compute_async_ext+0xecc

=== CUDA SYNC PROFILE (instrumentation only) ===
total_syncs = 5300
total_wait_ms = 3533.999
max_wait_us = 140882
sites = 5
wait_hist_us = logarithmic buckets
  hist[0] = 4761
  hist[1] = 314
  hist[2] = 29
  hist[3] = 9
  hist[4] = 3
  hist[5] = 1
  hist[9] = 30
  hist[10] = 72
  hist[11] = 20
  hist[14] = 8
  hist[15] = 40
  hist[16] = 12
  hist[17] = 1
by_callsite (caller PC; symbolize with addr2line):
   0 caller=0x7bf768d5c0d2 calls=2257 total_ms=3532.164 avg_us=1564.982 max_us=140882
   1 caller=0x7bf768d6098c calls=1675 total_ms=0.689 avg_us=0.411 max_us=4
   2 caller=0x7bf768d6089c calls=622 total_ms=0.542 avg_us=0.871 max_us=15
   3 caller=0x7bf768d5f852 calls=124 total_ms=0.333 avg_us=2.685 max_us=36
   4 caller=0x7bf768d60abd calls=622 total_ms=0.271 avg_us=0.436 max_us=2
direct_cudaStreamSynchronize: calls=2521 total_ms=16.076 max_us=2586
by_direct_callsite (file:line):
   0 /opt/llama.cpp/ggml/src/ggml-cuda/ggml-cuda.cu:839 calls=2168 total_ms=9.712 avg_us=4.480 max_us=353
   1 /opt/llama.cpp/ggml/src/ggml-cuda/ggml-cuda.cu:900 calls=12 total_ms=5.896 avg_us=491.333 max_us=2586
   2 /opt/llama.cpp/ggml/src/ggml-cuda/ggml-cuda.cu:2665 calls=191 total_ms=0.313 avg_us=1.639 max_us=10
   3 /opt/llama.cpp/ggml/src/ggml-cuda/ggml-cuda.cu:847 calls=150 total_ms=0.155 avg_us=1.033 max_us=3
=== END CUDA SYNC PROFILE ===
backend-sync-trace: count=5400 backend=CUDA0 caller=ggml_backend_sched_graph_compute_async_ext+0xffd

=== CUDA SYNC PROFILE (instrumentation only) ===
total_syncs = 5400
total_wait_ms = 3612.044
max_wait_us = 140882
sites = 5
wait_hist_us = logarithmic buckets
  hist[0] = 4852
  hist[1] = 319
  hist[2] = 29
  hist[3] = 9
  hist[4] = 3
  hist[5] = 1
  hist[9] = 30
  hist[10] = 74
  hist[11] = 20
  hist[14] = 8
  hist[15] = 42
  hist[16] = 12
  hist[17] = 1
by_callsite (caller PC; symbolize with addr2line):
   0 caller=0x7bf768d5c0d2 calls=2296 total_ms=3610.180 avg_us=1572.378 max_us=140882
   1 caller=0x7bf768d6098c calls=1711 total_ms=0.699 avg_us=0.409 max_us=4
   2 caller=0x7bf768d6089c calls=633 total_ms=0.551 avg_us=0.870 max_us=15
   3 caller=0x7bf768d5f852 calls=127 total_ms=0.339 avg_us=2.669 max_us=36
   4 caller=0x7bf768d60abd calls=633 total_ms=0.275 avg_us=0.434 max_us=2
direct_cudaStreamSynchronize: calls=2566 total_ms=16.247 max_us=2586
by_direct_callsite (file:line):
   0 /opt/llama.cpp/ggml/src/ggml-cuda/ggml-cuda.cu:839 calls=2213 total_ms=9.883 avg_us=4.466 max_us=353
   1 /opt/llama.cpp/ggml/src/ggml-cuda/ggml-cuda.cu:900 calls=12 total_ms=5.896 avg_us=491.333 max_us=2586
   2 /opt/llama.cpp/ggml/src/ggml-cuda/ggml-cuda.cu:2665 calls=191 total_ms=0.313 avg_us=1.639 max_us=10
   3 /opt/llama.cpp/ggml/src/ggml-cuda/ggml-cuda.cu:847 calls=150 total_ms=0.155 avg_us=1.033 max_us=3
=== END CUDA SYNC PROFILE ===

=== CUDA SYNC PROFILE (instrumentation only) ===
total_syncs = 5480
total_wait_ms = 3614.954
max_wait_us = 140882
sites = 5
wait_hist_us = logarithmic buckets
  hist[0] = 4928
  hist[1] = 321
  hist[2] = 29
  hist[3] = 9
  hist[4] = 3
  hist[5] = 1
  hist[9] = 30
  hist[10] = 76
  hist[11] = 20
  hist[14] = 8
  hist[15] = 42
  hist[16] = 12
  hist[17] = 1
by_callsite (caller PC; symbolize with addr2line):
   0 caller=0x7bf768d5c0d2 calls=2331 total_ms=3613.071 avg_us=1550.009 max_us=140882
   1 caller=0x7bf768d6098c calls=1737 total_ms=0.706 avg_us=0.406 max_us=4
   2 caller=0x7bf768d6089c calls=642 total_ms=0.558 avg_us=0.869 max_us=15
   3 caller=0x7bf768d5f852 calls=128 total_ms=0.342 avg_us=2.672 max_us=36
   4 caller=0x7bf768d60abd calls=642 total_ms=0.277 avg_us=0.431 max_us=2
direct_cudaStreamSynchronize: calls=2600 total_ms=16.387 max_us=2586
by_direct_callsite (file:line):
   0 /opt/llama.cpp/ggml/src/ggml-cuda/ggml-cuda.cu:839 calls=2247 total_ms=10.023 avg_us=4.461 max_us=353
   1 /opt/llama.cpp/ggml/src/ggml-cuda/ggml-cuda.cu:900 calls=12 total_ms=5.896 avg_us=491.333 max_us=2586
   2 /opt/llama.cpp/ggml/src/ggml-cuda/ggml-cuda.cu:2665 calls=191 total_ms=0.313 avg_us=1.639 max_us=10
   3 /opt/llama.cpp/ggml/src/ggml-cuda/ggml-cuda.cu:847 calls=150 total_ms=0.155 avg_us=1.033 max_us=3
=== END CUDA SYNC PROFILE ===
backend-sync-trace: count=5500 backend=CUDA0 caller=ggml_backend_sched_synchronize+0x62

=== CUDA SYNC PROFILE (instrumentation only) ===
total_syncs = 5500
total_wait_ms = 3656.520
max_wait_us = 140882
sites = 5
wait_hist_us = logarithmic buckets
  hist[0] = 4945
  hist[1] = 323
  hist[2] = 29
  hist[3] = 9
  hist[4] = 3
  hist[5] = 1
  hist[9] = 30
  hist[10] = 76
  hist[11] = 20
  hist[14] = 8
  hist[15] = 43
  hist[16] = 12
  hist[17] = 1
by_callsite (caller PC; symbolize with addr2line):
   0 caller=0x7bf768d5c0d2 calls=2341 total_ms=3654.630 avg_us=1561.141 max_us=140882
   1 caller=0x7bf768d6098c calls=1742 total_ms=0.709 avg_us=0.407 max_us=4
   2 caller=0x7bf768d6089c calls=644 total_ms=0.560 avg_us=0.870 max_us=15
   3 caller=0x7bf768d5f852 calls=129 total_ms=0.344 avg_us=2.667 max_us=36
   4 caller=0x7bf768d60abd calls=644 total_ms=0.277 avg_us=0.430 max_us=2
direct_cudaStreamSynchronize: calls=2606 total_ms=16.413 max_us=2586
by_direct_callsite (file:line):
   0 /opt/llama.cpp/ggml/src/ggml-cuda/ggml-cuda.cu:839 calls=2253 total_ms=10.049 avg_us=4.460 max_us=353
   1 /opt/llama.cpp/ggml/src/ggml-cuda/ggml-cuda.cu:900 calls=12 total_ms=5.896 avg_us=491.333 max_us=2586
   2 /opt/llama.cpp/ggml/src/ggml-cuda/ggml-cuda.cu:2665 calls=191 total_ms=0.313 avg_us=1.639 max_us=10
   3 /opt/llama.cpp/ggml/src/ggml-cuda/ggml-cuda.cu:847 calls=150 total_ms=0.155 avg_us=1.033 max_us=3
=== END CUDA SYNC PROFILE ===
backend-sync-trace: count=5600 backend=CUDA0 caller=ggml_backend_sched_graph_compute_async_ext+0xecc

=== CUDA SYNC PROFILE (instrumentation only) ===
total_syncs = 5600
total_wait_ms = 3708.981
max_wait_us = 140882
sites = 5
wait_hist_us = logarithmic buckets
  hist[0] = 5038
  hist[1] = 327
  hist[2] = 29
  hist[3] = 9
  hist[4] = 3
  hist[5] = 1
  hist[9] = 30
  hist[10] = 78
  hist[11] = 20
  hist[14] = 8
  hist[15] = 44
  hist[16] = 12
  hist[17] = 1
by_callsite (caller PC; symbolize with addr2line):
   0 caller=0x7bf768d5c0d2 calls=2385 total_ms=3707.068 avg_us=1554.326 max_us=140882
   1 caller=0x7bf768d6098c calls=1771 total_ms=0.717 avg_us=0.405 max_us=4
   2 caller=0x7bf768d6089c calls=656 total_ms=0.569 avg_us=0.867 max_us=15
   3 caller=0x7bf768d5f852 calls=132 total_ms=0.349 avg_us=2.644 max_us=36
   4 caller=0x7bf768d60abd calls=656 total_ms=0.278 avg_us=0.424 max_us=2
direct_cudaStreamSynchronize: calls=2644 total_ms=16.566 max_us=2586
by_direct_callsite (file:line):
   0 /opt/llama.cpp/ggml/src/ggml-cuda/ggml-cuda.cu:839 calls=2291 total_ms=10.202 avg_us=4.453 max_us=353
   1 /opt/llama.cpp/ggml/src/ggml-cuda/ggml-cuda.cu:900 calls=12 total_ms=5.896 avg_us=491.333 max_us=2586
   2 /opt/llama.cpp/ggml/src/ggml-cuda/ggml-cuda.cu:2665 calls=191 total_ms=0.313 avg_us=1.639 max_us=10
   3 /opt/llama.cpp/ggml/src/ggml-cuda/ggml-cuda.cu:847 calls=150 total_ms=0.155 avg_us=1.033 max_us=3
=== END CUDA SYNC PROFILE ===
backend-sync-trace: count=5700 backend=CUDA0 caller=ggml_backend_sched_graph_compute_async_ext+0xecc

=== CUDA SYNC PROFILE (instrumentation only) ===
total_syncs = 5700
total_wait_ms = 3740.125
max_wait_us = 140882
sites = 5
wait_hist_us = logarithmic buckets
  hist[0] = 5129
  hist[1] = 332
  hist[2] = 29
  hist[3] = 9
  hist[4] = 3
  hist[5] = 1
  hist[9] = 32
  hist[10] = 79
  hist[11] = 20
  hist[14] = 9
  hist[15] = 44
  hist[16] = 12
  hist[17] = 1
by_callsite (caller PC; symbolize with addr2line):
   0 caller=0x7bf768d5c0d2 calls=2429 total_ms=3738.188 avg_us=1538.982 max_us=140882
   1 caller=0x7bf768d6098c calls=1801 total_ms=0.724 avg_us=0.402 max_us=4
   2 caller=0x7bf768d6089c calls=668 total_ms=0.577 avg_us=0.864 max_us=15
   3 caller=0x7bf768d5f852 calls=134 total_ms=0.353 avg_us=2.634 max_us=36
   4 caller=0x7bf768d60abd calls=668 total_ms=0.283 avg_us=0.424 max_us=2
direct_cudaStreamSynchronize: calls=2684 total_ms=16.724 max_us=2586
by_direct_callsite (file:line):
   0 /opt/llama.cpp/ggml/src/ggml-cuda/ggml-cuda.cu:839 calls=2331 total_ms=10.360 avg_us=4.444 max_us=353
   1 /opt/llama.cpp/ggml/src/ggml-cuda/ggml-cuda.cu:900 calls=12 total_ms=5.896 avg_us=491.333 max_us=2586
   2 /opt/llama.cpp/ggml/src/ggml-cuda/ggml-cuda.cu:2665 calls=191 total_ms=0.313 avg_us=1.639 max_us=10
   3 /opt/llama.cpp/ggml/src/ggml-cuda/ggml-cuda.cu:847 calls=150 total_ms=0.155 avg_us=1.033 max_us=3
=== END CUDA SYNC PROFILE ===

=== CUDA SYNC PROFILE (instrumentation only) ===
total_syncs = 5727
total_wait_ms = 3742.426
max_wait_us = 140882
sites = 5
wait_hist_us = logarithmic buckets
  hist[0] = 5154
  hist[1] = 333
  hist[2] = 29
  hist[3] = 9
  hist[4] = 3
  hist[5] = 1
  hist[9] = 32
  hist[10] = 79
  hist[11] = 21
  hist[14] = 9
  hist[15] = 44
  hist[16] = 12
  hist[17] = 1
by_callsite (caller PC; symbolize with addr2line):
   0 caller=0x7bf768d5c0d2 calls=2436 total_ms=3740.482 avg_us=1535.502 max_us=140882
   1 caller=0x7bf768d6098c calls=1813 total_ms=0.727 avg_us=0.401 max_us=4
   2 caller=0x7bf768d6089c calls=672 total_ms=0.580 avg_us=0.863 max_us=15
   3 caller=0x7bf768d5f852 calls=134 total_ms=0.353 avg_us=2.634 max_us=36
   4 caller=0x7bf768d60abd calls=672 total_ms=0.284 avg_us=0.423 max_us=2
direct_cudaStreamSynchronize: calls=2700 total_ms=16.794 max_us=2586
by_direct_callsite (file:line):
   0 /opt/llama.cpp/ggml/src/ggml-cuda/ggml-cuda.cu:839 calls=2347 total_ms=10.430 avg_us=4.444 max_us=353
   1 /opt/llama.cpp/ggml/src/ggml-cuda/ggml-cuda.cu:900 calls=12 total_ms=5.896 avg_us=491.333 max_us=2586
   2 /opt/llama.cpp/ggml/src/ggml-cuda/ggml-cuda.cu:2665 calls=191 total_ms=0.313 avg_us=1.639 max_us=10
   3 /opt/llama.cpp/ggml/src/ggml-cuda/ggml-cuda.cu:847 calls=150 total_ms=0.155 avg_us=1.033 max_us=3
=== END CUDA SYNC PROFILE ===
backend-sync-trace: count=5800 backend=CUDA0 caller=ggml_backend_sched_graph_compute_async_ext+0xecc

=== CUDA SYNC PROFILE (instrumentation only) ===
total_syncs = 5800
total_wait_ms = 3791.005
max_wait_us = 140882
sites = 5
wait_hist_us = logarithmic buckets
  hist[0] = 5221
  hist[1] = 336
  hist[2] = 29
  hist[3] = 9
  hist[4] = 3
  hist[5] = 1
  hist[9] = 32
  hist[10] = 81
  hist[11] = 21
  hist[14] = 9
  hist[15] = 45
  hist[16] = 12
  hist[17] = 1
by_callsite (caller PC; symbolize with addr2line):
   0 caller=0x7bf768d5c0d2 calls=2461 total_ms=3789.034 avg_us=1539.632 max_us=140882
   1 caller=0x7bf768d6098c calls=1839 total_ms=0.737 avg_us=0.401 max_us=4
   2 caller=0x7bf768d6089c calls=682 total_ms=0.589 avg_us=0.864 max_us=15
   3 caller=0x7bf768d5f852 calls=136 total_ms=0.357 avg_us=2.625 max_us=36
   4 caller=0x7bf768d60abd calls=682 total_ms=0.288 avg_us=0.422 max_us=2
direct_cudaStreamSynchronize: calls=2733 total_ms=16.930 max_us=2586
by_direct_callsite (file:line):
   0 /opt/llama.cpp/ggml/src/ggml-cuda/ggml-cuda.cu:839 calls=2380 total_ms=10.566 avg_us=4.439 max_us=353
   1 /opt/llama.cpp/ggml/src/ggml-cuda/ggml-cuda.cu:900 calls=12 total_ms=5.896 avg_us=491.333 max_us=2586
   2 /opt/llama.cpp/ggml/src/ggml-cuda/ggml-cuda.cu:2665 calls=191 total_ms=0.313 avg_us=1.639 max_us=10
   3 /opt/llama.cpp/ggml/src/ggml-cuda/ggml-cuda.cu:847 calls=150 total_ms=0.155 avg_us=1.033 max_us=3
=== END CUDA SYNC PROFILE ===
backend-sync-trace: count=5900 backend=CUDA0 caller=ggml_backend_sched_synchronize+0x62

=== CUDA SYNC PROFILE (instrumentation only) ===
total_syncs = 5900
total_wait_ms = 3889.014
max_wait_us = 140882
sites = 5
wait_hist_us = logarithmic buckets
  hist[0] = 5313
  hist[1] = 340
  hist[2] = 29
  hist[3] = 9
  hist[4] = 3
  hist[5] = 1
  hist[9] = 32
  hist[10] = 82
  hist[11] = 22
  hist[14] = 10
  hist[15] = 46
  hist[16] = 12
  hist[17] = 1
by_callsite (caller PC; symbolize with addr2line):
   0 caller=0x7bf768d5c0d2 calls=2496 total_ms=3887.013 avg_us=1557.297 max_us=140882
   1 caller=0x7bf768d6098c calls=1877 total_ms=0.751 avg_us=0.400 max_us=4
   2 caller=0x7bf768d6089c calls=694 total_ms=0.597 avg_us=0.860 max_us=15
   3 caller=0x7bf768d5f852 calls=139 total_ms=0.362 avg_us=2.604 max_us=36
   4 caller=0x7bf768d60abd calls=694 total_ms=0.291 avg_us=0.419 max_us=2
direct_cudaStreamSynchronize: calls=2781 total_ms=17.119 max_us=2586
by_direct_callsite (file:line):
   0 /opt/llama.cpp/ggml/src/ggml-cuda/ggml-cuda.cu:839 calls=2428 total_ms=10.755 avg_us=4.430 max_us=353
   1 /opt/llama.cpp/ggml/src/ggml-cuda/ggml-cuda.cu:900 calls=12 total_ms=5.896 avg_us=491.333 max_us=2586
   2 /opt/llama.cpp/ggml/src/ggml-cuda/ggml-cuda.cu:2665 calls=191 total_ms=0.313 avg_us=1.639 max_us=10
   3 /opt/llama.cpp/ggml/src/ggml-cuda/ggml-cuda.cu:847 calls=150 total_ms=0.155 avg_us=1.033 max_us=3
=== END CUDA SYNC PROFILE ===

=== CUDA SYNC PROFILE (instrumentation only) ===
total_syncs = 5962
total_wait_ms = 3893.340
max_wait_us = 140882
sites = 5
wait_hist_us = logarithmic buckets
  hist[0] = 5371
  hist[1] = 342
  hist[2] = 29
  hist[3] = 9
  hist[4] = 3
  hist[5] = 1
  hist[9] = 32
  hist[10] = 83
  hist[11] = 23
  hist[14] = 10
  hist[15] = 46
  hist[16] = 12
  hist[17] = 1
by_callsite (caller PC; symbolize with addr2line):
   0 caller=0x7bf768d5c0d2 calls=2529 total_ms=3891.326 avg_us=1538.682 max_us=140882
   1 caller=0x7bf768d6098c calls=1889 total_ms=0.754 avg_us=0.399 max_us=4
   2 caller=0x7bf768d6089c calls=702 total_ms=0.601 avg_us=0.856 max_us=15
   3 caller=0x7bf768d5f852 calls=140 total_ms=0.364 avg_us=2.600 max_us=36
   4 caller=0x7bf768d60abd calls=702 total_ms=0.295 avg_us=0.420 max_us=2
direct_cudaStreamSynchronize: calls=2800 total_ms=17.207 max_us=2586
by_direct_callsite (file:line):
   0 /opt/llama.cpp/ggml/src/ggml-cuda/ggml-cuda.cu:839 calls=2447 total_ms=10.843 avg_us=4.431 max_us=353
   1 /opt/llama.cpp/ggml/src/ggml-cuda/ggml-cuda.cu:900 calls=12 total_ms=5.896 avg_us=491.333 max_us=2586
   2 /opt/llama.cpp/ggml/src/ggml-cuda/ggml-cuda.cu:2665 calls=191 total_ms=0.313 avg_us=1.639 max_us=10
   3 /opt/llama.cpp/ggml/src/ggml-cuda/ggml-cuda.cu:847 calls=150 total_ms=0.155 avg_us=1.033 max_us=3
=== END CUDA SYNC PROFILE ===
backend-sync-trace: count=6000 backend=CUDA0 caller=ggml_backend_sched_synchronize+0x62

=== CUDA SYNC PROFILE (instrumentation only) ===
total_syncs = 6000
total_wait_ms = 3958.784
max_wait_us = 140882
sites = 5
wait_hist_us = logarithmic buckets
  hist[0] = 5407
  hist[1] = 343
  hist[2] = 29
  hist[3] = 9
  hist[4] = 3
  hist[5] = 1
  hist[9] = 32
  hist[10] = 83
  hist[11] = 23
  hist[14] = 10
  hist[15] = 47
  hist[16] = 12
  hist[17] = 1
by_callsite (caller PC; symbolize with addr2line):
   0 caller=0x7bf768d5c0d2 calls=2547 total_ms=3956.758 avg_us=1553.497 max_us=140882
   1 caller=0x7bf768d6098c calls=1904 total_ms=0.761 avg_us=0.400 max_us=4
   2 caller=0x7bf768d6089c calls=704 total_ms=0.603 avg_us=0.857 max_us=15
   3 caller=0x7bf768d5f852 calls=141 total_ms=0.366 avg_us=2.596 max_us=36
   4 caller=0x7bf768d60abd calls=704 total_ms=0.296 avg_us=0.420 max_us=2
direct_cudaStreamSynchronize: calls=2816 total_ms=17.259 max_us=2586
by_direct_callsite (file:line):
   0 /opt/llama.cpp/ggml/src/ggml-cuda/ggml-cuda.cu:839 calls=2463 total_ms=10.895 avg_us=4.423 max_us=353
   1 /opt/llama.cpp/ggml/src/ggml-cuda/ggml-cuda.cu:900 calls=12 total_ms=5.896 avg_us=491.333 max_us=2586
   2 /opt/llama.cpp/ggml/src/ggml-cuda/ggml-cuda.cu:2665 calls=191 total_ms=0.313 avg_us=1.639 max_us=10
   3 /opt/llama.cpp/ggml/src/ggml-cuda/ggml-cuda.cu:847 calls=150 total_ms=0.155 avg_us=1.033 max_us=3
=== END CUDA SYNC PROFILE ===
backend-sync-trace: count=6100 backend=CUDA0 caller=ggml_backend_sched_graph_compute_async_ext+0xecc

=== CUDA SYNC PROFILE (instrumentation only) ===
total_syncs = 6100
total_wait_ms = 4005.399
max_wait_us = 140882
sites = 5
wait_hist_us = logarithmic buckets
  hist[0] = 5500
  hist[1] = 346
  hist[2] = 29
  hist[3] = 9
  hist[4] = 3
  hist[5] = 1
  hist[9] = 33
  hist[10] = 85
  hist[11] = 23
  hist[14] = 10
  hist[15] = 48
  hist[16] = 12
  hist[17] = 1
by_callsite (caller PC; symbolize with addr2line):
   0 caller=0x7bf768d5c0d2 calls=2584 total_ms=4003.341 avg_us=1549.281 max_us=140882
   1 caller=0x7bf768d6098c calls=1936 total_ms=0.771 avg_us=0.398 max_us=4
   2 caller=0x7bf768d6089c calls=718 total_ms=0.612 avg_us=0.852 max_us=15
   3 caller=0x7bf768d5f852 calls=144 total_ms=0.372 avg_us=2.583 max_us=36
   4 caller=0x7bf768d60abd calls=718 total_ms=0.303 avg_us=0.422 max_us=2
direct_cudaStreamSynchronize: calls=2859 total_ms=17.428 max_us=2586
by_direct_callsite (file:line):
   0 /opt/llama.cpp/ggml/src/ggml-cuda/ggml-cuda.cu:839 calls=2506 total_ms=11.064 avg_us=4.415 max_us=353
   1 /opt/llama.cpp/ggml/src/ggml-cuda/ggml-cuda.cu:900 calls=12 total_ms=5.896 avg_us=491.333 max_us=2586
   2 /opt/llama.cpp/ggml/src/ggml-cuda/ggml-cuda.cu:2665 calls=191 total_ms=0.313 avg_us=1.639 max_us=10
   3 /opt/llama.cpp/ggml/src/ggml-cuda/ggml-cuda.cu:847 calls=150 total_ms=0.155 avg_us=1.033 max_us=3
=== END CUDA SYNC PROFILE ===

=== CUDA SYNC PROFILE (instrumentation only) ===
total_syncs = 6194
total_wait_ms = 4033.908
max_wait_us = 140882
sites = 5
wait_hist_us = logarithmic buckets
  hist[0] = 5585
  hist[1] = 351
  hist[2] = 29
  hist[3] = 9
  hist[4] = 3
  hist[5] = 1
  hist[9] = 34
  hist[10] = 86
  hist[11] = 24
  hist[14] = 11
  hist[15] = 48
  hist[16] = 12
  hist[17] = 1
by_callsite (caller PC; symbolize with addr2line):
   0 caller=0x7bf768d5c0d2 calls=2622 total_ms=4031.819 avg_us=1537.688 max_us=140882
   1 caller=0x7bf768d6098c calls=1966 total_ms=0.781 avg_us=0.397 max_us=4
   2 caller=0x7bf768d6089c calls=730 total_ms=0.625 avg_us=0.856 max_us=15
   3 caller=0x7bf768d5f852 calls=146 total_ms=0.376 avg_us=2.575 max_us=36
   4 caller=0x7bf768d60abd calls=730 total_ms=0.307 avg_us=0.421 max_us=2
direct_cudaStreamSynchronize: calls=2900 total_ms=17.592 max_us=2586
by_direct_callsite (file:line):
   0 /opt/llama.cpp/ggml/src/ggml-cuda/ggml-cuda.cu:839 calls=2547 total_ms=11.228 avg_us=4.408 max_us=353
   1 /opt/llama.cpp/ggml/src/ggml-cuda/ggml-cuda.cu:900 calls=12 total_ms=5.896 avg_us=491.333 max_us=2586
   2 /opt/llama.cpp/ggml/src/ggml-cuda/ggml-cuda.cu:2665 calls=191 total_ms=0.313 avg_us=1.639 max_us=10
   3 /opt/llama.cpp/ggml/src/ggml-cuda/ggml-cuda.cu:847 calls=150 total_ms=0.155 avg_us=1.033 max_us=3
=== END CUDA SYNC PROFILE ===
backend-sync-trace: count=6200 backend=CUDA0 caller=ggml_backend_sched_graph_compute_async_ext+0xecc

=== CUDA SYNC PROFILE (instrumentation only) ===
total_syncs = 6200
total_wait_ms = 4033.912
max_wait_us = 140882
sites = 5
wait_hist_us = logarithmic buckets
  hist[0] = 5591
  hist[1] = 351
  hist[2] = 29
  hist[3] = 9
  hist[4] = 3
  hist[5] = 1
  hist[9] = 34
  hist[10] = 86
  hist[11] = 24
  hist[14] = 11
  hist[15] = 48
  hist[16] = 12
  hist[17] = 1
by_callsite (caller PC; symbolize with addr2line):
   0 caller=0x7bf768d5c0d2 calls=2622 total_ms=4031.819 avg_us=1537.688 max_us=140882
   1 caller=0x7bf768d6098c calls=1968 total_ms=0.782 avg_us=0.397 max_us=4
   2 caller=0x7bf768d6089c calls=732 total_ms=0.626 avg_us=0.855 max_us=15
   3 caller=0x7bf768d5f852 calls=146 total_ms=0.376 avg_us=2.575 max_us=36
   4 caller=0x7bf768d60abd calls=732 total_ms=0.309 avg_us=0.422 max_us=2
direct_cudaStreamSynchronize: calls=2902 total_ms=17.600 max_us=2586
by_direct_callsite (file:line):
   0 /opt/llama.cpp/ggml/src/ggml-cuda/ggml-cuda.cu:839 calls=2549 total_ms=11.236 avg_us=4.408 max_us=353
   1 /opt/llama.cpp/ggml/src/ggml-cuda/ggml-cuda.cu:900 calls=12 total_ms=5.896 avg_us=491.333 max_us=2586
   2 /opt/llama.cpp/ggml/src/ggml-cuda/ggml-cuda.cu:2665 calls=191 total_ms=0.313 avg_us=1.639 max_us=10
   3 /opt/llama.cpp/ggml/src/ggml-cuda/ggml-cuda.cu:847 calls=150 total_ms=0.155 avg_us=1.033 max_us=3
=== END CUDA SYNC PROFILE ===
backend-sync-trace: count=6300 backend=CUDA0 caller=ggml_backend_sched_synchronize+0x62

=== CUDA SYNC PROFILE (instrumentation only) ===
total_syncs = 6300
total_wait_ms = 4131.461
max_wait_us = 140882
sites = 5
wait_hist_us = logarithmic buckets
  hist[0] = 5683
  hist[1] = 355
  hist[2] = 29
  hist[3] = 9
  hist[4] = 3
  hist[5] = 1
  hist[9] = 35
  hist[10] = 87
  hist[11] = 24
  hist[14] = 11
  hist[15] = 50
  hist[16] = 12
  hist[17] = 1
by_callsite (caller PC; symbolize with addr2line):
   0 caller=0x7bf768d5c0d2 calls=2660 total_ms=4129.337 avg_us=1552.382 max_us=140882
   1 caller=0x7bf768d6098c calls=2008 total_ms=0.798 avg_us=0.397 max_us=4
   2 caller=0x7bf768d6089c calls=742 total_ms=0.634 avg_us=0.854 max_us=15
   3 caller=0x7bf768d5f852 calls=148 total_ms=0.380 avg_us=2.568 max_us=36
   4 caller=0x7bf768d60abd calls=742 total_ms=0.312 avg_us=0.420 max_us=2
direct_cudaStreamSynchronize: calls=2951 total_ms=17.815 max_us=2586
by_direct_callsite (file:line):
   0 /opt/llama.cpp/ggml/src/ggml-cuda/ggml-cuda.cu:839 calls=2598 total_ms=11.451 avg_us=4.408 max_us=353
   1 /opt/llama.cpp/ggml/src/ggml-cuda/ggml-cuda.cu:900 calls=12 total_ms=5.896 avg_us=491.333 max_us=2586
   2 /opt/llama.cpp/ggml/src/ggml-cuda/ggml-cuda.cu:2665 calls=191 total_ms=0.313 avg_us=1.639 max_us=10
   3 /opt/llama.cpp/ggml/src/ggml-cuda/ggml-cuda.cu:847 calls=150 total_ms=0.155 avg_us=1.033 max_us=3
=== END CUDA SYNC PROFILE ===
backend-sync-trace: count=6400 backend=CUDA0 caller=ggml_backend_sched_synchronize+0x62

=== CUDA SYNC PROFILE (instrumentation only) ===
total_syncs = 6400
total_wait_ms = 4165.272
max_wait_us = 140882
sites = 5
wait_hist_us = logarithmic buckets
  hist[0] = 5775
  hist[1] = 360
  hist[2] = 29
  hist[3] = 9
  hist[4] = 3
  hist[5] = 1
  hist[9] = 36
  hist[10] = 88
  hist[11] = 24
  hist[14] = 12
  hist[15] = 50
  hist[16] = 12
  hist[17] = 1
by_callsite (caller PC; symbolize with addr2line):
   0 caller=0x7bf768d5c0d2 calls=2702 total_ms=4163.116 avg_us=1540.754 max_us=140882
   1 caller=0x7bf768d6098c calls=2039 total_ms=0.809 avg_us=0.397 max_us=4
   2 caller=0x7bf768d6089c calls=754 total_ms=0.646 avg_us=0.857 max_us=15
   3 caller=0x7bf768d5f852 calls=151 total_ms=0.384 avg_us=2.543 max_us=36
   4 caller=0x7bf768d60abd calls=754 total_ms=0.317 avg_us=0.420 max_us=2
direct_cudaStreamSynchronize: calls=2991 total_ms=17.982 max_us=2586
by_direct_callsite (file:line):
   0 /opt/llama.cpp/ggml/src/ggml-cuda/ggml-cuda.cu:839 calls=2638 total_ms=11.618 avg_us=4.404 max_us=353
   1 /opt/llama.cpp/ggml/src/ggml-cuda/ggml-cuda.cu:900 calls=12 total_ms=5.896 avg_us=491.333 max_us=2586
   2 /opt/llama.cpp/ggml/src/ggml-cuda/ggml-cuda.cu:2665 calls=191 total_ms=0.313 avg_us=1.639 max_us=10
   3 /opt/llama.cpp/ggml/src/ggml-cuda/ggml-cuda.cu:847 calls=150 total_ms=0.155 avg_us=1.033 max_us=3
=== END CUDA SYNC PROFILE ===

=== CUDA SYNC PROFILE (instrumentation only) ===
total_syncs = 6432
total_wait_ms = 4166.187
max_wait_us = 140882
sites = 5
wait_hist_us = logarithmic buckets
  hist[0] = 5805
  hist[1] = 361
  hist[2] = 29
  hist[3] = 9
  hist[4] = 3
  hist[5] = 1
  hist[9] = 37
  hist[10] = 88
  hist[11] = 24
  hist[14] = 12
  hist[15] = 50
  hist[16] = 12
  hist[17] = 1
by_callsite (caller PC; symbolize with addr2line):
   0 caller=0x7bf768d5c0d2 calls=2720 total_ms=4164.023 avg_us=1530.891 max_us=140882
   1 caller=0x7bf768d6098c calls=2044 total_ms=0.812 avg_us=0.397 max_us=4
   2 caller=0x7bf768d6089c calls=758 total_ms=0.648 avg_us=0.855 max_us=15
   3 caller=0x7bf768d5f852 calls=152 total_ms=0.386 avg_us=2.539 max_us=36
   4 caller=0x7bf768d60abd calls=758 total_ms=0.318 avg_us=0.420 max_us=2
direct_cudaStreamSynchronize: calls=3000 total_ms=18.015 max_us=2586
by_direct_callsite (file:line):
   0 /opt/llama.cpp/ggml/src/ggml-cuda/ggml-cuda.cu:839 calls=2647 total_ms=11.651 avg_us=4.402 max_us=353
   1 /opt/llama.cpp/ggml/src/ggml-cuda/ggml-cuda.cu:900 calls=12 total_ms=5.896 avg_us=491.333 max_us=2586
   2 /opt/llama.cpp/ggml/src/ggml-cuda/ggml-cuda.cu:2665 calls=191 total_ms=0.313 avg_us=1.639 max_us=10
   3 /opt/llama.cpp/ggml/src/ggml-cuda/ggml-cuda.cu:847 calls=150 total_ms=0.155 avg_us=1.033 max_us=3
=== END CUDA SYNC PROFILE ===
backend-sync-trace: count=6500 backend=CUDA0 caller=ggml_backend_sched_graph_compute_async_ext+0xffd

=== CUDA SYNC PROFILE (instrumentation only) ===
total_syncs = 6500
total_wait_ms = 4200.363
max_wait_us = 140882
sites = 5
wait_hist_us = logarithmic buckets
  hist[0] = 5869
  hist[1] = 363
  hist[2] = 29
  hist[3] = 9
  hist[4] = 3
  hist[5] = 1
  hist[9] = 37
  hist[10] = 88
  hist[11] = 25
  hist[14] = 13
  hist[15] = 50
  hist[16] = 12
  hist[17] = 1
by_callsite (caller PC; symbolize with addr2line):
   0 caller=0x7bf768d5c0d2 calls=2750 total_ms=4198.180 avg_us=1526.611 max_us=140882
   1 caller=0x7bf768d6098c calls=2066 total_ms=0.820 avg_us=0.397 max_us=4
   2 caller=0x7bf768d6089c calls=765 total_ms=0.655 avg_us=0.856 max_us=15
   3 caller=0x7bf768d5f852 calls=154 total_ms=0.389 avg_us=2.526 max_us=36
   4 caller=0x7bf768d60abd calls=765 total_ms=0.319 avg_us=0.417 max_us=2
direct_cudaStreamSynchronize: calls=3026 total_ms=18.120 max_us=2586
by_direct_callsite (file:line):
   0 /opt/llama.cpp/ggml/src/ggml-cuda/ggml-cuda.cu:839 calls=2673 total_ms=11.756 avg_us=4.398 max_us=353
   1 /opt/llama.cpp/ggml/src/ggml-cuda/ggml-cuda.cu:900 calls=12 total_ms=5.896 avg_us=491.333 max_us=2586
   2 /opt/llama.cpp/ggml/src/ggml-cuda/ggml-cuda.cu:2665 calls=191 total_ms=0.313 avg_us=1.639 max_us=10
   3 /opt/llama.cpp/ggml/src/ggml-cuda/ggml-cuda.cu:847 calls=150 total_ms=0.155 avg_us=1.033 max_us=3
=== END CUDA SYNC PROFILE ===
backend-sync-trace: count=6600 backend=CUDA0 caller=ggml_backend_sched_synchronize+0x62

=== CUDA SYNC PROFILE (instrumentation only) ===
total_syncs = 6600
total_wait_ms = 4237.702
max_wait_us = 140882
sites = 5
wait_hist_us = logarithmic buckets
  hist[0] = 5960
  hist[1] = 367
  hist[2] = 29
  hist[3] = 9
  hist[4] = 3
  hist[5] = 1
  hist[9] = 38
  hist[10] = 91
  hist[11] = 25
  hist[14] = 14
  hist[15] = 50
  hist[16] = 12
  hist[17] = 1
by_callsite (caller PC; symbolize with addr2line):
   0 caller=0x7bf768d5c0d2 calls=2787 total_ms=4235.485 avg_us=1519.729 max_us=140882
   1 caller=0x7bf768d6098c calls=2101 total_ms=0.836 avg_us=0.398 max_us=4
   2 caller=0x7bf768d6089c calls=778 total_ms=0.668 avg_us=0.859 max_us=15
   3 caller=0x7bf768d5f852 calls=156 total_ms=0.392 avg_us=2.513 max_us=36
   4 caller=0x7bf768d60abd calls=778 total_ms=0.321 avg_us=0.413 max_us=2
direct_cudaStreamSynchronize: calls=3073 total_ms=18.301 max_us=2586
by_direct_callsite (file:line):
   0 /opt/llama.cpp/ggml/src/ggml-cuda/ggml-cuda.cu:839 calls=2720 total_ms=11.937 avg_us=4.389 max_us=353
   1 /opt/llama.cpp/ggml/src/ggml-cuda/ggml-cuda.cu:900 calls=12 total_ms=5.896 avg_us=491.333 max_us=2586
   2 /opt/llama.cpp/ggml/src/ggml-cuda/ggml-cuda.cu:2665 calls=191 total_ms=0.313 avg_us=1.639 max_us=10
   3 /opt/llama.cpp/ggml/src/ggml-cuda/ggml-cuda.cu:847 calls=150 total_ms=0.155 avg_us=1.033 max_us=3
=== END CUDA SYNC PROFILE ===

=== CUDA SYNC PROFILE (instrumentation only) ===
total_syncs = 6664
total_wait_ms = 4264.628
max_wait_us = 140882
sites = 5
wait_hist_us = logarithmic buckets
  hist[0] = 6019
  hist[1] = 371
  hist[2] = 29
  hist[3] = 9
  hist[4] = 3
  hist[5] = 1
  hist[9] = 38
  hist[10] = 91
  hist[11] = 25
  hist[14] = 15
  hist[15] = 50
  hist[16] = 12
  hist[17] = 1
by_callsite (caller PC; symbolize with addr2line):
   0 caller=0x7bf768d5c0d2 calls=2812 total_ms=4262.393 avg_us=1515.787 max_us=140882
   1 caller=0x7bf768d6098c calls=2122 total_ms=0.844 avg_us=0.398 max_us=4
   2 caller=0x7bf768d6089c calls=786 total_ms=0.673 avg_us=0.856 max_us=15
   3 caller=0x7bf768d5f852 calls=158 total_ms=0.395 avg_us=2.500 max_us=36
   4 caller=0x7bf768d60abd calls=786 total_ms=0.323 avg_us=0.411 max_us=2
direct_cudaStreamSynchronize: calls=3100 total_ms=18.417 max_us=2586
by_direct_callsite (file:line):
   0 /opt/llama.cpp/ggml/src/ggml-cuda/ggml-cuda.cu:839 calls=2747 total_ms=12.053 avg_us=4.388 max_us=353
   1 /opt/llama.cpp/ggml/src/ggml-cuda/ggml-cuda.cu:900 calls=12 total_ms=5.896 avg_us=491.333 max_us=2586
   2 /opt/llama.cpp/ggml/src/ggml-cuda/ggml-cuda.cu:2665 calls=191 total_ms=0.313 avg_us=1.639 max_us=10
   3 /opt/llama.cpp/ggml/src/ggml-cuda/ggml-cuda.cu:847 calls=150 total_ms=0.155 avg_us=1.033 max_us=3
=== END CUDA SYNC PROFILE ===
backend-sync-trace: count=6700 backend=CUDA0 caller=ggml_backend_sched_graph_compute_async_ext+0xecc

=== CUDA SYNC PROFILE (instrumentation only) ===
total_syncs = 6700
total_wait_ms = 4267.546
max_wait_us = 140882
sites = 5
wait_hist_us = logarithmic buckets
  hist[0] = 6052
  hist[1] = 372
  hist[2] = 29
  hist[3] = 9
  hist[4] = 3
  hist[5] = 1
  hist[9] = 38
  hist[10] = 93
  hist[11] = 25
  hist[14] = 15
  hist[15] = 50
  hist[16] = 12
  hist[17] = 1
by_callsite (caller PC; symbolize with addr2line):
   0 caller=0x7bf768d5c0d2 calls=2826 total_ms=4265.303 avg_us=1509.308 max_us=140882
   1 caller=0x7bf768d6098c calls=2132 total_ms=0.845 avg_us=0.396 max_us=4
   2 caller=0x7bf768d6089c calls=792 total_ms=0.677 avg_us=0.855 max_us=15
   3 caller=0x7bf768d5f852 calls=158 total_ms=0.395 avg_us=2.500 max_us=36
   4 caller=0x7bf768d60abd calls=792 total_ms=0.326 avg_us=0.412 max_us=2
direct_cudaStreamSynchronize: calls=3114 total_ms=18.486 max_us=2586
by_direct_callsite (file:line):
   0 /opt/llama.cpp/ggml/src/ggml-cuda/ggml-cuda.cu:839 calls=2761 total_ms=12.122 avg_us=4.390 max_us=353
   1 /opt/llama.cpp/ggml/src/ggml-cuda/ggml-cuda.cu:900 calls=12 total_ms=5.896 avg_us=491.333 max_us=2586
   2 /opt/llama.cpp/ggml/src/ggml-cuda/ggml-cuda.cu:2665 calls=191 total_ms=0.313 avg_us=1.639 max_us=10
   3 /opt/llama.cpp/ggml/src/ggml-cuda/ggml-cuda.cu:847 calls=150 total_ms=0.155 avg_us=1.033 max_us=3
=== END CUDA SYNC PROFILE ===
backend-sync-trace: count=6800 backend=CUDA0 caller=0x7bf768d5f852

=== CUDA SYNC PROFILE (instrumentation only) ===
total_syncs = 6800
total_wait_ms = 4361.349
max_wait_us = 140882
sites = 5
wait_hist_us = logarithmic buckets
  hist[0] = 6143
  hist[1] = 377
  hist[2] = 29
  hist[3] = 9
  hist[4] = 3
  hist[5] = 1
  hist[9] = 38
  hist[10] = 94
  hist[11] = 26
  hist[14] = 15
  hist[15] = 52
  hist[16] = 12
  hist[17] = 1
by_callsite (caller PC; symbolize with addr2line):
   0 caller=0x7bf768d5c0d2 calls=2865 total_ms=4359.074 avg_us=1521.492 max_us=140882
   1 caller=0x7bf768d6098c calls=2170 total_ms=0.860 avg_us=0.396 max_us=4
   2 caller=0x7bf768d6089c calls=802 total_ms=0.683 avg_us=0.852 max_us=15
   3 caller=0x7bf768d5f852 calls=161 total_ms=0.401 avg_us=2.491 max_us=36
   4 caller=0x7bf768d60abd calls=802 total_ms=0.331 avg_us=0.413 max_us=2
direct_cudaStreamSynchronize: calls=3161 total_ms=18.667 max_us=2586
by_direct_callsite (file:line):
   0 /opt/llama.cpp/ggml/src/ggml-cuda/ggml-cuda.cu:839 calls=2808 total_ms=12.303 avg_us=4.381 max_us=353
   1 /opt/llama.cpp/ggml/src/ggml-cuda/ggml-cuda.cu:900 calls=12 total_ms=5.896 avg_us=491.333 max_us=2586
   2 /opt/llama.cpp/ggml/src/ggml-cuda/ggml-cuda.cu:2665 calls=191 total_ms=0.313 avg_us=1.639 max_us=10
   3 /opt/llama.cpp/ggml/src/ggml-cuda/ggml-cuda.cu:847 calls=150 total_ms=0.155 avg_us=1.033 max_us=3
=== END CUDA SYNC PROFILE ===

=== CUDA SYNC PROFILE (instrumentation only) ===
total_syncs = 6892
total_wait_ms = 4398.876
max_wait_us = 140882
sites = 5
wait_hist_us = logarithmic buckets
  hist[0] = 6229
  hist[1] = 380
  hist[2] = 29
  hist[3] = 9
  hist[4] = 3
  hist[5] = 1
  hist[9] = 39
  hist[10] = 95
  hist[11] = 26
  hist[14] = 15
  hist[15] = 53
  hist[16] = 12
  hist[17] = 1
by_callsite (caller PC; symbolize with addr2line):
   0 caller=0x7bf768d5c0d2 calls=2902 total_ms=4396.574 avg_us=1515.015 max_us=140882
   1 caller=0x7bf768d6098c calls=2199 total_ms=0.873 avg_us=0.397 max_us=4
   2 caller=0x7bf768d6089c calls=814 total_ms=0.691 avg_us=0.849 max_us=15
   3 caller=0x7bf768d5f852 calls=163 total_ms=0.404 avg_us=2.479 max_us=36
   4 caller=0x7bf768d60abd calls=814 total_ms=0.334 avg_us=0.410 max_us=2
direct_cudaStreamSynchronize: calls=3200 total_ms=18.830 max_us=2586
by_direct_callsite (file:line):
   0 /opt/llama.cpp/ggml/src/ggml-cuda/ggml-cuda.cu:839 calls=2847 total_ms=12.466 avg_us=4.379 max_us=353
   1 /opt/llama.cpp/ggml/src/ggml-cuda/ggml-cuda.cu:900 calls=12 total_ms=5.896 avg_us=491.333 max_us=2586
   2 /opt/llama.cpp/ggml/src/ggml-cuda/ggml-cuda.cu:2665 calls=191 total_ms=0.313 avg_us=1.639 max_us=10
   3 /opt/llama.cpp/ggml/src/ggml-cuda/ggml-cuda.cu:847 calls=150 total_ms=0.155 avg_us=1.033 max_us=3
=== END CUDA SYNC PROFILE ===
backend-sync-trace: count=6900 backend=CUDA0 caller=ggml_backend_sched_synchronize+0x62

=== CUDA SYNC PROFILE (instrumentation only) ===
total_syncs = 6900
total_wait_ms = 4398.880
max_wait_us = 140882
sites = 5
wait_hist_us = logarithmic buckets
  hist[0] = 6237
  hist[1] = 380
  hist[2] = 29
  hist[3] = 9
  hist[4] = 3
  hist[5] = 1
  hist[9] = 39
  hist[10] = 95
  hist[11] = 26
  hist[14] = 15
  hist[15] = 53
  hist[16] = 12
  hist[17] = 1
by_callsite (caller PC; symbolize with addr2line):
   0 caller=0x7bf768d5c0d2 calls=2908 total_ms=4396.578 avg_us=1511.891 max_us=140882
   1 caller=0x7bf768d6098c calls=2201 total_ms=0.873 avg_us=0.397 max_us=4
   2 caller=0x7bf768d6089c calls=814 total_ms=0.691 avg_us=0.849 max_us=15
   3 caller=0x7bf768d5f852 calls=163 total_ms=0.404 avg_us=2.479 max_us=36
   4 caller=0x7bf768d60abd calls=814 total_ms=0.334 avg_us=0.410 max_us=2
direct_cudaStreamSynchronize: calls=3201 total_ms=18.833 max_us=2586
by_direct_callsite (file:line):
   0 /opt/llama.cpp/ggml/src/ggml-cuda/ggml-cuda.cu:839 calls=2848 total_ms=12.469 avg_us=4.378 max_us=353
   1 /opt/llama.cpp/ggml/src/ggml-cuda/ggml-cuda.cu:900 calls=12 total_ms=5.896 avg_us=491.333 max_us=2586
   2 /opt/llama.cpp/ggml/src/ggml-cuda/ggml-cuda.cu:2665 calls=191 total_ms=0.313 avg_us=1.639 max_us=10
   3 /opt/llama.cpp/ggml/src/ggml-cuda/ggml-cuda.cu:847 calls=150 total_ms=0.155 avg_us=1.033 max_us=3
=== END CUDA SYNC PROFILE ===
backend-sync-trace: count=7000 backend=CUDA0 caller=ggml_backend_sched_synchronize+0x62

=== CUDA SYNC PROFILE (instrumentation only) ===
total_syncs = 7000
total_wait_ms = 4446.042
max_wait_us = 140882
sites = 5
wait_hist_us = logarithmic buckets
  hist[0] = 6329
  hist[1] = 384
  hist[2] = 29
  hist[3] = 9
  hist[4] = 3
  hist[5] = 1
  hist[9] = 39
  hist[10] = 98
  hist[11] = 26
  hist[14] = 15
  hist[15] = 54
  hist[16] = 12
  hist[17] = 1
by_callsite (caller PC; symbolize with addr2line):
   0 caller=0x7bf768d5c0d2 calls=2950 total_ms=4443.712 avg_us=1506.343 max_us=140882
   1 caller=0x7bf768d6098c calls=2232 total_ms=0.879 avg_us=0.394 max_us=4
   2 caller=0x7bf768d6089c calls=826 total_ms=0.702 avg_us=0.850 max_us=15
   3 caller=0x7bf768d5f852 calls=166 total_ms=0.410 avg_us=2.470 max_us=36
   4 caller=0x7bf768d60abd calls=826 total_ms=0.339 avg_us=0.410 max_us=2
direct_cudaStreamSynchronize: calls=3242 total_ms=18.997 max_us=2586
by_direct_callsite (file:line):
   0 /opt/llama.cpp/ggml/src/ggml-cuda/ggml-cuda.cu:839 calls=2889 total_ms=12.633 avg_us=4.373 max_us=353
   1 /opt/llama.cpp/ggml/src/ggml-cuda/ggml-cuda.cu:900 calls=12 total_ms=5.896 avg_us=491.333 max_us=2586
   2 /opt/llama.cpp/ggml/src/ggml-cuda/ggml-cuda.cu:2665 calls=191 total_ms=0.313 avg_us=1.639 max_us=10
   3 /opt/llama.cpp/ggml/src/ggml-cuda/ggml-cuda.cu:847 calls=150 total_ms=0.155 avg_us=1.033 max_us=3
=== END CUDA SYNC PROFILE ===
backend-sync-trace: count=7100 backend=CUDA0 caller=ggml_backend_sched_synchronize+0x62

=== CUDA SYNC PROFILE (instrumentation only) ===
total_syncs = 7100
total_wait_ms = 4479.220
max_wait_us = 140882
sites = 5
wait_hist_us = logarithmic buckets
  hist[0] = 6421
  hist[1] = 388
  hist[2] = 29
  hist[3] = 9
  hist[4] = 3
  hist[5] = 1
  hist[9] = 40
  hist[10] = 100
  hist[11] = 26
  hist[14] = 16
  hist[15] = 54
  hist[16] = 12
  hist[17] = 1
by_callsite (caller PC; symbolize with addr2line):
   0 caller=0x7bf768d5c0d2 calls=2993 total_ms=4476.861 avg_us=1495.777 max_us=140882
   1 caller=0x7bf768d6098c calls=2263 total_ms=0.889 avg_us=0.393 max_us=4
   2 caller=0x7bf768d6089c calls=838 total_ms=0.715 avg_us=0.853 max_us=15
   3 caller=0x7bf768d5f852 calls=168 total_ms=0.414 avg_us=2.464 max_us=36
   4 caller=0x7bf768d60abd calls=838 total_ms=0.341 avg_us=0.407 max_us=2
direct_cudaStreamSynchronize: calls=3283 total_ms=19.159 max_us=2586
by_direct_callsite (file:line):
   0 /opt/llama.cpp/ggml/src/ggml-cuda/ggml-cuda.cu:839 calls=2930 total_ms=12.795 avg_us=4.367 max_us=353
   1 /opt/llama.cpp/ggml/src/ggml-cuda/ggml-cuda.cu:900 calls=12 total_ms=5.896 avg_us=491.333 max_us=2586
   2 /opt/llama.cpp/ggml/src/ggml-cuda/ggml-cuda.cu:2665 calls=191 total_ms=0.313 avg_us=1.639 max_us=10
   3 /opt/llama.cpp/ggml/src/ggml-cuda/ggml-cuda.cu:847 calls=150 total_ms=0.155 avg_us=1.033 max_us=3
=== END CUDA SYNC PROFILE ===

=== CUDA SYNC PROFILE (instrumentation only) ===
total_syncs = 7128
total_wait_ms = 4479.233
max_wait_us = 140882
sites = 5
wait_hist_us = logarithmic buckets
  hist[0] = 6448
  hist[1] = 389
  hist[2] = 29
  hist[3] = 9
  hist[4] = 3
  hist[5] = 1
  hist[9] = 40
  hist[10] = 100
  hist[11] = 26
  hist[14] = 16
  hist[15] = 54
  hist[16] = 12
  hist[17] = 1
by_callsite (caller PC; symbolize with addr2line):
   0 caller=0x7bf768d5c0d2 calls=2999 total_ms=4476.865 avg_us=1492.786 max_us=140882
   1 caller=0x7bf768d6098c calls=2277 total_ms=0.895 avg_us=0.393 max_us=4
   2 caller=0x7bf768d6089c calls=842 total_ms=0.717 avg_us=0.852 max_us=15
   3 caller=0x7bf768d5f852 calls=168 total_ms=0.414 avg_us=2.464 max_us=36
   4 caller=0x7bf768d60abd calls=842 total_ms=0.342 avg_us=0.406 max_us=2
direct_cudaStreamSynchronize: calls=3300 total_ms=19.229 max_us=2586
by_direct_callsite (file:line):
   0 /opt/llama.cpp/ggml/src/ggml-cuda/ggml-cuda.cu:839 calls=2947 total_ms=12.865 avg_us=4.365 max_us=353
   1 /opt/llama.cpp/ggml/src/ggml-cuda/ggml-cuda.cu:900 calls=12 total_ms=5.896 avg_us=491.333 max_us=2586
   2 /opt/llama.cpp/ggml/src/ggml-cuda/ggml-cuda.cu:2665 calls=191 total_ms=0.313 avg_us=1.639 max_us=10
   3 /opt/llama.cpp/ggml/src/ggml-cuda/ggml-cuda.cu:847 calls=150 total_ms=0.155 avg_us=1.033 max_us=3
=== END CUDA SYNC PROFILE ===
backend-sync-trace: count=7200 backend=CUDA0 caller=ggml_backend_sched_graph_compute_async_ext+0xffd

=== CUDA SYNC PROFILE (instrumentation only) ===
total_syncs = 7200
total_wait_ms = 4515.391
max_wait_us = 140882
sites = 5
wait_hist_us = logarithmic buckets
  hist[0] = 6514
  hist[1] = 392
  hist[2] = 29
  hist[3] = 9
  hist[4] = 3
  hist[5] = 1
  hist[9] = 41
  hist[10] = 101
  hist[11] = 26
  hist[14] = 16
  hist[15] = 55
  hist[16] = 12
  hist[17] = 1
by_callsite (caller PC; symbolize with addr2line):
   0 caller=0x7bf768d5c0d2 calls=3036 total_ms=4513.006 avg_us=1486.497 max_us=140882
   1 caller=0x7bf768d6098c calls=2290 total_ms=0.899 avg_us=0.393 max_us=4
   2 caller=0x7bf768d6089c calls=852 total_ms=0.723 avg_us=0.849 max_us=15
   3 caller=0x7bf768d5f852 calls=170 total_ms=0.417 avg_us=2.453 max_us=36
   4 caller=0x7bf768d60abd calls=852 total_ms=0.346 avg_us=0.406 max_us=2
direct_cudaStreamSynchronize: calls=3320 total_ms=19.308 max_us=2586
by_direct_callsite (file:line):
   0 /opt/llama.cpp/ggml/src/ggml-cuda/ggml-cuda.cu:839 calls=2967 total_ms=12.944 avg_us=4.363 max_us=353
   1 /opt/llama.cpp/ggml/src/ggml-cuda/ggml-cuda.cu:900 calls=12 total_ms=5.896 avg_us=491.333 max_us=2586
   2 /opt/llama.cpp/ggml/src/ggml-cuda/ggml-cuda.cu:2665 calls=191 total_ms=0.313 avg_us=1.639 max_us=10
   3 /opt/llama.cpp/ggml/src/ggml-cuda/ggml-cuda.cu:847 calls=150 total_ms=0.155 avg_us=1.033 max_us=3
=== END CUDA SYNC PROFILE ===
backend-sync-trace: count=7300 backend=CUDA0 caller=ggml_backend_sched_graph_compute_async_ext+0xecc

=== CUDA SYNC PROFILE (instrumentation only) ===
total_syncs = 7300
total_wait_ms = 4577.976
max_wait_us = 140882
sites = 5
wait_hist_us = logarithmic buckets
  hist[0] = 6606
  hist[1] = 396
  hist[2] = 29
  hist[3] = 9
  hist[4] = 3
  hist[5] = 1
  hist[9] = 42
  hist[10] = 102
  hist[11] = 26
  hist[14] = 17
  hist[15] = 56
  hist[16] = 12
  hist[17] = 1
by_callsite (caller PC; symbolize with addr2line):
   0 caller=0x7bf768d5c0d2 calls=3063 total_ms=4575.552 avg_us=1493.814 max_us=140882
   1 caller=0x7bf768d6098c calls=2336 total_ms=0.920 avg_us=0.394 max_us=4
   2 caller=0x7bf768d6089c calls=864 total_ms=0.732 avg_us=0.847 max_us=15
   3 caller=0x7bf768d5f852 calls=173 total_ms=0.422 avg_us=2.439 max_us=36
   4 caller=0x7bf768d60abd calls=864 total_ms=0.350 avg_us=0.405 max_us=2
direct_cudaStreamSynchronize: calls=3376 total_ms=19.556 max_us=2586
by_direct_callsite (file:line):
   0 /opt/llama.cpp/ggml/src/ggml-cuda/ggml-cuda.cu:839 calls=3023 total_ms=13.192 avg_us=4.364 max_us=353
   1 /opt/llama.cpp/ggml/src/ggml-cuda/ggml-cuda.cu:900 calls=12 total_ms=5.896 avg_us=491.333 max_us=2586
   2 /opt/llama.cpp/ggml/src/ggml-cuda/ggml-cuda.cu:2665 calls=191 total_ms=0.313 avg_us=1.639 max_us=10
   3 /opt/llama.cpp/ggml/src/ggml-cuda/ggml-cuda.cu:847 calls=150 total_ms=0.155 avg_us=1.033 max_us=3
=== END CUDA SYNC PROFILE ===

=== CUDA SYNC PROFILE (instrumentation only) ===
total_syncs = 7369
total_wait_ms = 4579.772
max_wait_us = 140882
sites = 5
wait_hist_us = logarithmic buckets
  hist[0] = 6670
  hist[1] = 398
  hist[2] = 29
  hist[3] = 9
  hist[4] = 4
  hist[5] = 1
  hist[9] = 44
  hist[10] = 102
  hist[11] = 26
  hist[14] = 17
  hist[15] = 56
  hist[16] = 12
  hist[17] = 1
by_callsite (caller PC; symbolize with addr2line):
   0 caller=0x7bf768d5c0d2 calls=3098 total_ms=4577.331 avg_us=1477.512 max_us=140882
   1 caller=0x7bf768d6098c calls=2353 total_ms=0.926 avg_us=0.394 max_us=4
   2 caller=0x7bf768d6089c calls=872 total_ms=0.737 avg_us=0.845 max_us=15
   3 caller=0x7bf768d5f852 calls=174 total_ms=0.424 avg_us=2.437 max_us=36
   4 caller=0x7bf768d60abd calls=872 total_ms=0.354 avg_us=0.406 max_us=2
direct_cudaStreamSynchronize: calls=3400 total_ms=19.652 max_us=2586
by_direct_callsite (file:line):
   0 /opt/llama.cpp/ggml/src/ggml-cuda/ggml-cuda.cu:839 calls=3047 total_ms=13.288 avg_us=4.361 max_us=353
   1 /opt/llama.cpp/ggml/src/ggml-cuda/ggml-cuda.cu:900 calls=12 total_ms=5.896 avg_us=491.333 max_us=2586
   2 /opt/llama.cpp/ggml/src/ggml-cuda/ggml-cuda.cu:2665 calls=191 total_ms=0.313 avg_us=1.639 max_us=10
   3 /opt/llama.cpp/ggml/src/ggml-cuda/ggml-cuda.cu:847 calls=150 total_ms=0.155 avg_us=1.033 max_us=3
=== END CUDA SYNC PROFILE ===
backend-sync-trace: count=7400 backend=CUDA0 caller=ggml_backend_sched_graph_compute_async_ext+0xffd

=== CUDA SYNC PROFILE (instrumentation only) ===
total_syncs = 7400
total_wait_ms = 4607.350
max_wait_us = 140882
sites = 5
wait_hist_us = logarithmic buckets
  hist[0] = 6697
  hist[1] = 401
  hist[2] = 29
  hist[3] = 9
  hist[4] = 4
  hist[5] = 1
  hist[9] = 44
  hist[10] = 102
  hist[11] = 26
  hist[14] = 18
  hist[15] = 56
  hist[16] = 12
  hist[17] = 1
by_callsite (caller PC; symbolize with addr2line):
   0 caller=0x7bf768d5c0d2 calls=3109 total_ms=4604.896 avg_us=1481.150 max_us=140882
   1 caller=0x7bf768d6098c calls=2363 total_ms=0.929 avg_us=0.393 max_us=4
   2 caller=0x7bf768d6089c calls=876 total_ms=0.741 avg_us=0.846 max_us=15
   3 caller=0x7bf768d5f852 calls=176 total_ms=0.429 avg_us=2.438 max_us=36
   4 caller=0x7bf768d60abd calls=876 total_ms=0.355 avg_us=0.405 max_us=2
direct_cudaStreamSynchronize: calls=3412 total_ms=19.700 max_us=2586
by_direct_callsite (file:line):
   0 /opt/llama.cpp/ggml/src/ggml-cuda/ggml-cuda.cu:839 calls=3059 total_ms=13.336 avg_us=4.360 max_us=353
   1 /opt/llama.cpp/ggml/src/ggml-cuda/ggml-cuda.cu:900 calls=12 total_ms=5.896 avg_us=491.333 max_us=2586
   2 /opt/llama.cpp/ggml/src/ggml-cuda/ggml-cuda.cu:2665 calls=191 total_ms=0.313 avg_us=1.639 max_us=10
   3 /opt/llama.cpp/ggml/src/ggml-cuda/ggml-cuda.cu:847 calls=150 total_ms=0.155 avg_us=1.033 max_us=3
=== END CUDA SYNC PROFILE ===
backend-sync-trace: count=7500 backend=CUDA0 caller=ggml_backend_sched_graph_compute_async_ext+0xddc

=== CUDA SYNC PROFILE (instrumentation only) ===
total_syncs = 7500
total_wait_ms = 4644.143
max_wait_us = 140882
sites = 5
wait_hist_us = logarithmic buckets
  hist[0] = 6789
  hist[1] = 405
  hist[2] = 29
  hist[3] = 9
  hist[4] = 4
  hist[5] = 1
  hist[9] = 44
  hist[10] = 105
  hist[11] = 26
  hist[14] = 19
  hist[15] = 56
  hist[16] = 12
  hist[17] = 1
by_callsite (caller PC; symbolize with addr2line):
   0 caller=0x7bf768d5c0d2 calls=3153 total_ms=4641.657 avg_us=1472.140 max_us=140882
   1 caller=0x7bf768d6098c calls=2394 total_ms=0.942 avg_us=0.393 max_us=4
   2 caller=0x7bf768d6089c calls=888 total_ms=0.751 avg_us=0.846 max_us=15
   3 caller=0x7bf768d5f852 calls=178 total_ms=0.434 avg_us=2.438 max_us=36
   4 caller=0x7bf768d60abd calls=887 total_ms=0.359 avg_us=0.405 max_us=2
direct_cudaStreamSynchronize: calls=3453 total_ms=19.889 max_us=2586
by_direct_callsite (file:line):
   0 /opt/llama.cpp/ggml/src/ggml-cuda/ggml-cuda.cu:839 calls=3100 total_ms=13.525 avg_us=4.363 max_us=353
   1 /opt/llama.cpp/ggml/src/ggml-cuda/ggml-cuda.cu:900 calls=12 total_ms=5.896 avg_us=491.333 max_us=2586
   2 /opt/llama.cpp/ggml/src/ggml-cuda/ggml-cuda.cu:2665 calls=191 total_ms=0.313 avg_us=1.639 max_us=10
   3 /opt/llama.cpp/ggml/src/ggml-cuda/ggml-cuda.cu:847 calls=150 total_ms=0.155 avg_us=1.033 max_us=3
=== END CUDA SYNC PROFILE ===
backend-sync-trace: count=7600 backend=CUDA0 caller=ggml_backend_sched_graph_compute_async_ext+0xffd

=== CUDA SYNC PROFILE (instrumentation only) ===
total_syncs = 7600
total_wait_ms = 4673.204
max_wait_us = 140882
sites = 5
wait_hist_us = logarithmic buckets
  hist[0] = 6877
  hist[1] = 410
  hist[2] = 31
  hist[3] = 9
  hist[4] = 5
  hist[5] = 1
  hist[9] = 45
  hist[10] = 107
  hist[11] = 26
  hist[14] = 20
  hist[15] = 56
  hist[16] = 12
  hist[17] = 1
by_callsite (caller PC; symbolize with addr2line):
   0 caller=0x7bf768d5c0d2 calls=3191 total_ms=4670.665 avg_us=1463.699 max_us=140882
   1 caller=0x7bf768d6098c calls=2425 total_ms=0.952 avg_us=0.393 max_us=4
   2 caller=0x7bf768d6089c calls=902 total_ms=0.764 avg_us=0.847 max_us=15
   3 caller=0x7bf768d5f852 calls=180 total_ms=0.439 avg_us=2.439 max_us=36
   4 caller=0x7bf768d60abd calls=902 total_ms=0.384 avg_us=0.426 max_us=19
direct_cudaStreamSynchronize: calls=3495 total_ms=20.059 max_us=2586
by_direct_callsite (file:line):
   0 /opt/llama.cpp/ggml/src/ggml-cuda/ggml-cuda.cu:839 calls=3142 total_ms=13.695 avg_us=4.359 max_us=353
   1 /opt/llama.cpp/ggml/src/ggml-cuda/ggml-cuda.cu:900 calls=12 total_ms=5.896 avg_us=491.333 max_us=2586
   2 /opt/llama.cpp/ggml/src/ggml-cuda/ggml-cuda.cu:2665 calls=191 total_ms=0.313 avg_us=1.639 max_us=10
   3 /opt/llama.cpp/ggml/src/ggml-cuda/ggml-cuda.cu:847 calls=150 total_ms=0.155 avg_us=1.033 max_us=3
=== END CUDA SYNC PROFILE ===

=== CUDA SYNC PROFILE (instrumentation only) ===
total_syncs = 7604
total_wait_ms = 4673.206
max_wait_us = 140882
sites = 5
wait_hist_us = logarithmic buckets
  hist[0] = 6881
  hist[1] = 410
  hist[2] = 31
  hist[3] = 9
  hist[4] = 5
  hist[5] = 1
  hist[9] = 45
  hist[10] = 107
  hist[11] = 26
  hist[14] = 20
  hist[15] = 56
  hist[16] = 12
  hist[17] = 1
by_callsite (caller PC; symbolize with addr2line):
   0 caller=0x7bf768d5c0d2 calls=3191 total_ms=4670.665 avg_us=1463.699 max_us=140882
   1 caller=0x7bf768d6098c calls=2429 total_ms=0.954 avg_us=0.393 max_us=4
   2 caller=0x7bf768d6089c calls=902 total_ms=0.764 avg_us=0.847 max_us=15
   3 caller=0x7bf768d5f852 calls=180 total_ms=0.439 avg_us=2.439 max_us=36
   4 caller=0x7bf768d60abd calls=902 total_ms=0.384 avg_us=0.426 max_us=19
direct_cudaStreamSynchronize: calls=3500 total_ms=20.097 max_us=2586
by_direct_callsite (file:line):
   0 /opt/llama.cpp/ggml/src/ggml-cuda/ggml-cuda.cu:839 calls=3147 total_ms=13.733 avg_us=4.364 max_us=353
   1 /opt/llama.cpp/ggml/src/ggml-cuda/ggml-cuda.cu:900 calls=12 total_ms=5.896 avg_us=491.333 max_us=2586
   2 /opt/llama.cpp/ggml/src/ggml-cuda/ggml-cuda.cu:2665 calls=191 total_ms=0.313 avg_us=1.639 max_us=10
   3 /opt/llama.cpp/ggml/src/ggml-cuda/ggml-cuda.cu:847 calls=150 total_ms=0.155 avg_us=1.033 max_us=3
=== END CUDA SYNC PROFILE ===
backend-sync-trace: count=7700 backend=CUDA0 caller=ggml_backend_sched_graph_compute_async_ext+0xecc

=== CUDA SYNC PROFILE (instrumentation only) ===
total_syncs = 7700
total_wait_ms = 4744.318
max_wait_us = 140882
sites = 5
wait_hist_us = logarithmic buckets
  hist[0] = 6967
  hist[1] = 415
  hist[2] = 32
  hist[3] = 9
  hist[4] = 5
  hist[5] = 1
  hist[9] = 45
  hist[10] = 109
  hist[11] = 26
  hist[14] = 21
  hist[15] = 57
  hist[16] = 12
  hist[17] = 1
by_callsite (caller PC; symbolize with addr2line):
   0 caller=0x7bf768d5c0d2 calls=3218 total_ms=4741.740 avg_us=1473.505 max_us=140882
   1 caller=0x7bf768d6098c calls=2471 total_ms=0.969 avg_us=0.392 max_us=4
   2 caller=0x7bf768d6089c calls=914 total_ms=0.774 avg_us=0.847 max_us=15
   3 caller=0x7bf768d5f852 calls=183 total_ms=0.447 avg_us=2.443 max_us=36
   4 caller=0x7bf768d60abd calls=914 total_ms=0.388 avg_us=0.425 max_us=19
direct_cudaStreamSynchronize: calls=3551 total_ms=20.291 max_us=2586
by_direct_callsite (file:line):
   0 /opt/llama.cpp/ggml/src/ggml-cuda/ggml-cuda.cu:839 calls=3198 total_ms=13.927 avg_us=4.355 max_us=353
   1 /opt/llama.cpp/ggml/src/ggml-cuda/ggml-cuda.cu:900 calls=12 total_ms=5.896 avg_us=491.333 max_us=2586
   2 /opt/llama.cpp/ggml/src/ggml-cuda/ggml-cuda.cu:2665 calls=191 total_ms=0.313 avg_us=1.639 max_us=10
   3 /opt/llama.cpp/ggml/src/ggml-cuda/ggml-cuda.cu:847 calls=150 total_ms=0.155 avg_us=1.033 max_us=3
=== END CUDA SYNC PROFILE ===
backend-sync-trace: count=7800 backend=CUDA0 caller=ggml_backend_sched_graph_compute_async_ext+0xffd

=== CUDA SYNC PROFILE (instrumentation only) ===
total_syncs = 7800
total_wait_ms = 4775.595
max_wait_us = 140882
sites = 5
wait_hist_us = logarithmic buckets
  hist[0] = 7060
  hist[1] = 419
  hist[2] = 32
  hist[3] = 9
  hist[4] = 5
  hist[5] = 1
  hist[9] = 45
  hist[10] = 111
  hist[11] = 26
  hist[14] = 22
  hist[15] = 57
  hist[16] = 12
  hist[17] = 1
by_callsite (caller PC; symbolize with addr2line):
   0 caller=0x7bf768d5c0d2 calls=3264 total_ms=4772.986 avg_us=1462.312 max_us=140882
   1 caller=0x7bf768d6098c calls=2498 total_ms=0.979 avg_us=0.392 max_us=4
   2 caller=0x7bf768d6089c calls=926 total_ms=0.785 avg_us=0.848 max_us=15
   3 caller=0x7bf768d5f852 calls=186 total_ms=0.452 avg_us=2.430 max_us=36
   4 caller=0x7bf768d60abd calls=926 total_ms=0.393 avg_us=0.424 max_us=19
direct_cudaStreamSynchronize: calls=3587 total_ms=20.435 max_us=2586
by_direct_callsite (file:line):
   0 /opt/llama.cpp/ggml/src/ggml-cuda/ggml-cuda.cu:839 calls=3234 total_ms=14.071 avg_us=4.351 max_us=353
   1 /opt/llama.cpp/ggml/src/ggml-cuda/ggml-cuda.cu:900 calls=12 total_ms=5.896 avg_us=491.333 max_us=2586
   2 /opt/llama.cpp/ggml/src/ggml-cuda/ggml-cuda.cu:2665 calls=191 total_ms=0.313 avg_us=1.639 max_us=10
   3 /opt/llama.cpp/ggml/src/ggml-cuda/ggml-cuda.cu:847 calls=150 total_ms=0.155 avg_us=1.033 max_us=3
=== END CUDA SYNC PROFILE ===

=== CUDA SYNC PROFILE (instrumentation only) ===
total_syncs = 7830
total_wait_ms = 4779.030
max_wait_us = 140882
sites = 5
wait_hist_us = logarithmic buckets
  hist[0] = 7087
  hist[1] = 420
  hist[2] = 32
  hist[3] = 9
  hist[4] = 5
  hist[5] = 1
  hist[9] = 46
  hist[10] = 111
  hist[11] = 27
  hist[14] = 22
  hist[15] = 57
  hist[16] = 12
  hist[17] = 1
by_callsite (caller PC; symbolize with addr2line):
   0 caller=0x7bf768d5c0d2 calls=3278 total_ms=4776.409 avg_us=1457.111 max_us=140882
   1 caller=0x7bf768d6098c calls=2506 total_ms=0.984 avg_us=0.393 max_us=4
   2 caller=0x7bf768d6089c calls=930 total_ms=0.790 avg_us=0.849 max_us=15
   3 caller=0x7bf768d5f852 calls=186 total_ms=0.452 avg_us=2.430 max_us=36
   4 caller=0x7bf768d60abd calls=930 total_ms=0.395 avg_us=0.425 max_us=19
direct_cudaStreamSynchronize: calls=3600 total_ms=20.478 max_us=2586
by_direct_callsite (file:line):
   0 /opt/llama.cpp/ggml/src/ggml-cuda/ggml-cuda.cu:839 calls=3247 total_ms=14.114 avg_us=4.347 max_us=353
   1 /opt/llama.cpp/ggml/src/ggml-cuda/ggml-cuda.cu:900 calls=12 total_ms=5.896 avg_us=491.333 max_us=2586
   2 /opt/llama.cpp/ggml/src/ggml-cuda/ggml-cuda.cu:2665 calls=191 total_ms=0.313 avg_us=1.639 max_us=10
   3 /opt/llama.cpp/ggml/src/ggml-cuda/ggml-cuda.cu:847 calls=150 total_ms=0.155 avg_us=1.033 max_us=3
=== END CUDA SYNC PROFILE ===
backend-sync-trace: count=7900 backend=CUDA0 caller=ggml_backend_sched_synchronize+0x62

=== CUDA SYNC PROFILE (instrumentation only) ===
total_syncs = 7900
total_wait_ms = 4813.422
max_wait_us = 140882
sites = 5
wait_hist_us = logarithmic buckets
  hist[0] = 7151
  hist[1] = 423
  hist[2] = 32
  hist[3] = 9
  hist[4] = 5
  hist[5] = 1
  hist[9] = 46
  hist[10] = 112
  hist[11] = 28
  hist[14] = 23
  hist[15] = 57
  hist[16] = 12
  hist[17] = 1
by_callsite (caller PC; symbolize with addr2line):
   0 caller=0x7bf768d5c0d2 calls=3303 total_ms=4810.775 avg_us=1456.487 max_us=140882
   1 caller=0x7bf768d6098c calls=2533 total_ms=0.997 avg_us=0.394 max_us=4
   2 caller=0x7bf768d6089c calls=938 total_ms=0.796 avg_us=0.849 max_us=15
   3 caller=0x7bf768d5f852 calls=188 total_ms=0.457 avg_us=2.431 max_us=36
   4 caller=0x7bf768d60abd calls=938 total_ms=0.397 avg_us=0.423 max_us=19
direct_cudaStreamSynchronize: calls=3633 total_ms=20.610 max_us=2586
by_direct_callsite (file:line):
   0 /opt/llama.cpp/ggml/src/ggml-cuda/ggml-cuda.cu:839 calls=3280 total_ms=14.246 avg_us=4.343 max_us=353
   1 /opt/llama.cpp/ggml/src/ggml-cuda/ggml-cuda.cu:900 calls=12 total_ms=5.896 avg_us=491.333 max_us=2586
   2 /opt/llama.cpp/ggml/src/ggml-cuda/ggml-cuda.cu:2665 calls=191 total_ms=0.313 avg_us=1.639 max_us=10
   3 /opt/llama.cpp/ggml/src/ggml-cuda/ggml-cuda.cu:847 calls=150 total_ms=0.155 avg_us=1.033 max_us=3
=== END CUDA SYNC PROFILE ===
backend-sync-trace: count=8000 backend=CUDA0 caller=ggml_backend_sched_graph_compute_async_ext+0xecc

=== CUDA SYNC PROFILE (instrumentation only) ===
total_syncs = 8000
total_wait_ms = 4847.036
max_wait_us = 140882
sites = 5
wait_hist_us = logarithmic buckets
  hist[0] = 7242
  hist[1] = 429
  hist[2] = 32
  hist[3] = 9
  hist[4] = 5
  hist[5] = 1
  hist[9] = 47
  hist[10] = 113
  hist[11] = 28
  hist[14] = 24
  hist[15] = 57
  hist[16] = 12
  hist[17] = 1
by_callsite (caller PC; symbolize with addr2line):
   0 caller=0x7bf768d5c0d2 calls=3340 total_ms=4844.357 avg_us=1450.406 max_us=140882
   1 caller=0x7bf768d6098c calls=2566 total_ms=1.007 avg_us=0.392 max_us=4
   2 caller=0x7bf768d6089c calls=952 total_ms=0.806 avg_us=0.847 max_us=15
   3 caller=0x7bf768d5f852 calls=190 total_ms=0.461 avg_us=2.426 max_us=36
   4 caller=0x7bf768d60abd calls=952 total_ms=0.405 avg_us=0.425 max_us=19
direct_cudaStreamSynchronize: calls=3676 total_ms=20.798 max_us=2586
by_direct_callsite (file:line):
   0 /opt/llama.cpp/ggml/src/ggml-cuda/ggml-cuda.cu:839 calls=3323 total_ms=14.434 avg_us=4.344 max_us=353
   1 /opt/llama.cpp/ggml/src/ggml-cuda/ggml-cuda.cu:900 calls=12 total_ms=5.896 avg_us=491.333 max_us=2586
   2 /opt/llama.cpp/ggml/src/ggml-cuda/ggml-cuda.cu:2665 calls=191 total_ms=0.313 avg_us=1.639 max_us=10
   3 /opt/llama.cpp/ggml/src/ggml-cuda/ggml-cuda.cu:847 calls=150 total_ms=0.155 avg_us=1.033 max_us=3
=== END CUDA SYNC PROFILE ===

=== CUDA SYNC PROFILE (instrumentation only) ===
total_syncs = 8062
total_wait_ms = 4872.645
max_wait_us = 140882
sites = 5
wait_hist_us = logarithmic buckets
  hist[0] = 7300
  hist[1] = 431
  hist[2] = 32
  hist[3] = 9
  hist[4] = 5
  hist[5] = 1
  hist[9] = 47
  hist[10] = 114
  hist[11] = 28
  hist[14] = 25
  hist[15] = 57
  hist[16] = 12
  hist[17] = 1
by_callsite (caller PC; symbolize with addr2line):
   0 caller=0x7bf768d5c0d2 calls=3370 total_ms=4869.953 avg_us=1445.090 max_us=140882
   1 caller=0x7bf768d6098c calls=2584 total_ms=1.010 avg_us=0.391 max_us=4
   2 caller=0x7bf768d6089c calls=958 total_ms=0.811 avg_us=0.847 max_us=15
   3 caller=0x7bf768d5f852 calls=192 total_ms=0.465 avg_us=2.422 max_us=36
   4 caller=0x7bf768d60abd calls=958 total_ms=0.406 avg_us=0.424 max_us=19
direct_cudaStreamSynchronize: calls=3700 total_ms=20.884 max_us=2586
by_direct_callsite (file:line):
   0 /opt/llama.cpp/ggml/src/ggml-cuda/ggml-cuda.cu:839 calls=3347 total_ms=14.520 avg_us=4.338 max_us=353
   1 /opt/llama.cpp/ggml/src/ggml-cuda/ggml-cuda.cu:900 calls=12 total_ms=5.896 avg_us=491.333 max_us=2586
   2 /opt/llama.cpp/ggml/src/ggml-cuda/ggml-cuda.cu:2665 calls=191 total_ms=0.313 avg_us=1.639 max_us=10
   3 /opt/llama.cpp/ggml/src/ggml-cuda/ggml-cuda.cu:847 calls=150 total_ms=0.155 avg_us=1.033 max_us=3
=== END CUDA SYNC PROFILE ===
backend-sync-trace: count=8100 backend=CUDA0 caller=ggml_backend_sched_graph_compute_async_ext+0xffd

=== CUDA SYNC PROFILE (instrumentation only) ===
total_syncs = 8100
total_wait_ms = 4910.918
max_wait_us = 140882
sites = 5
wait_hist_us = logarithmic buckets
  hist[0] = 7335
  hist[1] = 432
  hist[2] = 32
  hist[3] = 9
  hist[4] = 5
  hist[5] = 1
  hist[9] = 47
  hist[10] = 115
  hist[11] = 28
  hist[14] = 25
  hist[15] = 58
  hist[16] = 12
  hist[17] = 1
by_callsite (caller PC; symbolize with addr2line):
   0 caller=0x7bf768d5c0d2 calls=3379 total_ms=4908.211 avg_us=1452.563 max_us=140882
   1 caller=0x7bf768d6098c calls=2602 total_ms=1.017 avg_us=0.391 max_us=4
   2 caller=0x7bf768d6089c calls=963 total_ms=0.816 avg_us=0.847 max_us=15
   3 caller=0x7bf768d5f852 calls=193 total_ms=0.466 avg_us=2.415 max_us=36
   4 caller=0x7bf768d60abd calls=963 total_ms=0.408 avg_us=0.424 max_us=19
direct_cudaStreamSynchronize: calls=3721 total_ms=20.968 max_us=2586
by_direct_callsite (file:line):
   0 /opt/llama.cpp/ggml/src/ggml-cuda/ggml-cuda.cu:839 calls=3368 total_ms=14.604 avg_us=4.336 max_us=353
   1 /opt/llama.cpp/ggml/src/ggml-cuda/ggml-cuda.cu:900 calls=12 total_ms=5.896 avg_us=491.333 max_us=2586
   2 /opt/llama.cpp/ggml/src/ggml-cuda/ggml-cuda.cu:2665 calls=191 total_ms=0.313 avg_us=1.639 max_us=10
   3 /opt/llama.cpp/ggml/src/ggml-cuda/ggml-cuda.cu:847 calls=150 total_ms=0.155 avg_us=1.033 max_us=3
=== END CUDA SYNC PROFILE ===
backend-sync-trace: count=8200 backend=CUDA0 caller=ggml_backend_sched_graph_compute_async_ext+0xffd

=== CUDA SYNC PROFILE (instrumentation only) ===
total_syncs = 8200
total_wait_ms = 4945.086
max_wait_us = 140882
sites = 5
wait_hist_us = logarithmic buckets
  hist[0] = 7427
  hist[1] = 437
  hist[2] = 32
  hist[3] = 9
  hist[4] = 5
  hist[5] = 1
  hist[9] = 48
  hist[10] = 116
  hist[11] = 28
  hist[14] = 26
  hist[15] = 58
  hist[16] = 12
  hist[17] = 1
by_callsite (caller PC; symbolize with addr2line):
   0 caller=0x7bf768d5c0d2 calls=3419 total_ms=4942.345 avg_us=1445.553 max_us=140882
   1 caller=0x7bf768d6098c calls=2633 total_ms=1.031 avg_us=0.392 max_us=4
   2 caller=0x7bf768d6089c calls=976 total_ms=0.826 avg_us=0.846 max_us=15
   3 caller=0x7bf768d5f852 calls=196 total_ms=0.472 avg_us=2.408 max_us=36
   4 caller=0x7bf768d60abd calls=976 total_ms=0.412 avg_us=0.422 max_us=19
direct_cudaStreamSynchronize: calls=3762 total_ms=21.134 max_us=2586
by_direct_callsite (file:line):
   0 /opt/llama.cpp/ggml/src/ggml-cuda/ggml-cuda.cu:839 calls=3409 total_ms=14.770 avg_us=4.333 max_us=353
   1 /opt/llama.cpp/ggml/src/ggml-cuda/ggml-cuda.cu:900 calls=12 total_ms=5.896 avg_us=491.333 max_us=2586
   2 /opt/llama.cpp/ggml/src/ggml-cuda/ggml-cuda.cu:2665 calls=191 total_ms=0.313 avg_us=1.639 max_us=10
   3 /opt/llama.cpp/ggml/src/ggml-cuda/ggml-cuda.cu:847 calls=150 total_ms=0.155 avg_us=1.033 max_us=3
=== END CUDA SYNC PROFILE ===

=== CUDA SYNC PROFILE (instrumentation only) ===
total_syncs = 8276
total_wait_ms = 4985.869
max_wait_us = 140882
sites = 5
wait_hist_us = logarithmic buckets
  hist[0] = 7496
  hist[1] = 441
  hist[2] = 32
  hist[3] = 9
  hist[4] = 5
  hist[5] = 1
  hist[9] = 48
  hist[10] = 118
  hist[11] = 28
  hist[14] = 26
  hist[15] = 59
  hist[16] = 12
  hist[17] = 1
by_callsite (caller PC; symbolize with addr2line):
   0 caller=0x7bf768d5c0d2 calls=3444 total_ms=4983.103 avg_us=1446.894 max_us=140882
   1 caller=0x7bf768d6098c calls=2662 total_ms=1.040 avg_us=0.391 max_us=4
   2 caller=0x7bf768d6089c calls=986 total_ms=0.836 avg_us=0.848 max_us=15
   3 caller=0x7bf768d5f852 calls=198 total_ms=0.476 avg_us=2.404 max_us=36
   4 caller=0x7bf768d60abd calls=986 total_ms=0.414 avg_us=0.420 max_us=19
direct_cudaStreamSynchronize: calls=3800 total_ms=21.286 max_us=2586
by_direct_callsite (file:line):
   0 /opt/llama.cpp/ggml/src/ggml-cuda/ggml-cuda.cu:839 calls=3447 total_ms=14.922 avg_us=4.329 max_us=353
   1 /opt/llama.cpp/ggml/src/ggml-cuda/ggml-cuda.cu:900 calls=12 total_ms=5.896 avg_us=491.333 max_us=2586
   2 /opt/llama.cpp/ggml/src/ggml-cuda/ggml-cuda.cu:2665 calls=191 total_ms=0.313 avg_us=1.639 max_us=10
   3 /opt/llama.cpp/ggml/src/ggml-cuda/ggml-cuda.cu:847 calls=150 total_ms=0.155 avg_us=1.033 max_us=3
=== END CUDA SYNC PROFILE ===
backend-sync-trace: count=8300 backend=CUDA0 caller=ggml_backend_sched_synchronize+0x62

=== CUDA SYNC PROFILE (instrumentation only) ===
total_syncs = 8300
total_wait_ms = 4988.492
max_wait_us = 140882
sites = 5
wait_hist_us = logarithmic buckets
  hist[0] = 7518
  hist[1] = 441
  hist[2] = 32
  hist[3] = 9
  hist[4] = 5
  hist[5] = 1
  hist[9] = 49
  hist[10] = 119
  hist[11] = 28
  hist[14] = 26
  hist[15] = 59
  hist[16] = 12
  hist[17] = 1
by_callsite (caller PC; symbolize with addr2line):
   0 caller=0x7bf768d5c0d2 calls=3458 total_ms=4985.721 avg_us=1441.793 max_us=140882
   1 caller=0x7bf768d6098c calls=2668 total_ms=1.042 avg_us=0.391 max_us=4
   2 caller=0x7bf768d6089c calls=988 total_ms=0.838 avg_us=0.848 max_us=15
   3 caller=0x7bf768d5f852 calls=198 total_ms=0.476 avg_us=2.404 max_us=36
   4 caller=0x7bf768d60abd calls=988 total_ms=0.415 avg_us=0.420 max_us=19
direct_cudaStreamSynchronize: calls=3808 total_ms=21.310 max_us=2586
by_direct_callsite (file:line):
   0 /opt/llama.cpp/ggml/src/ggml-cuda/ggml-cuda.cu:839 calls=3455 total_ms=14.946 avg_us=4.326 max_us=353
   1 /opt/llama.cpp/ggml/src/ggml-cuda/ggml-cuda.cu:900 calls=12 total_ms=5.896 avg_us=491.333 max_us=2586
   2 /opt/llama.cpp/ggml/src/ggml-cuda/ggml-cuda.cu:2665 calls=191 total_ms=0.313 avg_us=1.639 max_us=10
   3 /opt/llama.cpp/ggml/src/ggml-cuda/ggml-cuda.cu:847 calls=150 total_ms=0.155 avg_us=1.033 max_us=3
=== END CUDA SYNC PROFILE ===
backend-sync-trace: count=8400 backend=CUDA0 caller=ggml_backend_sched_graph_compute_async_ext+0xecc

=== CUDA SYNC PROFILE (instrumentation only) ===
total_syncs = 8400
total_wait_ms = 5022.245
max_wait_us = 140882
sites = 5
wait_hist_us = logarithmic buckets
  hist[0] = 7611
  hist[1] = 445
  hist[2] = 32
  hist[3] = 9
  hist[4] = 5
  hist[5] = 1
  hist[9] = 51
  hist[10] = 119
  hist[11] = 28
  hist[14] = 27
  hist[15] = 59
  hist[16] = 12
  hist[17] = 1
by_callsite (caller PC; symbolize with addr2line):
   0 caller=0x7bf768d5c0d2 calls=3495 total_ms=5019.443 avg_us=1436.178 max_us=140882
   1 caller=0x7bf768d6098c calls=2701 total_ms=1.055 avg_us=0.391 max_us=4
   2 caller=0x7bf768d6089c calls=1002 total_ms=0.849 avg_us=0.847 max_us=15
   3 caller=0x7bf768d5f852 calls=200 total_ms=0.480 avg_us=2.400 max_us=36
   4 caller=0x7bf768d60abd calls=1002 total_ms=0.418 avg_us=0.417 max_us=19
direct_cudaStreamSynchronize: calls=3851 total_ms=21.500 max_us=2586
by_direct_callsite (file:line):
   0 /opt/llama.cpp/ggml/src/ggml-cuda/ggml-cuda.cu:839 calls=3498 total_ms=15.136 avg_us=4.327 max_us=353
   1 /opt/llama.cpp/ggml/src/ggml-cuda/ggml-cuda.cu:900 calls=12 total_ms=5.896 avg_us=491.333 max_us=2586
   2 /opt/llama.cpp/ggml/src/ggml-cuda/ggml-cuda.cu:2665 calls=191 total_ms=0.313 avg_us=1.639 max_us=10
   3 /opt/llama.cpp/ggml/src/ggml-cuda/ggml-cuda.cu:847 calls=150 total_ms=0.155 avg_us=1.033 max_us=3
=== END CUDA SYNC PROFILE ===

=== CUDA SYNC PROFILE (instrumentation only) ===
total_syncs = 8498
total_wait_ms = 5083.246
max_wait_us = 140882
sites = 5
wait_hist_us = logarithmic buckets
  hist[0] = 7701
  hist[1] = 449
  hist[2] = 32
  hist[3] = 9
  hist[4] = 5
  hist[5] = 1
  hist[9] = 52
  hist[10] = 120
  hist[11] = 28
  hist[14] = 29
  hist[15] = 59
  hist[16] = 12
  hist[17] = 1
by_callsite (caller PC; symbolize with addr2line):
   0 caller=0x7bf768d5c0d2 calls=3528 total_ms=5080.411 avg_us=1440.026 max_us=140882
   1 caller=0x7bf768d6098c calls=2739 total_ms=1.070 avg_us=0.391 max_us=4
   2 caller=0x7bf768d6089c calls=1014 total_ms=0.858 avg_us=0.846 max_us=15
   3 caller=0x7bf768d5f852 calls=203 total_ms=0.486 avg_us=2.394 max_us=36
   4 caller=0x7bf768d60abd calls=1014 total_ms=0.421 avg_us=0.415 max_us=19
direct_cudaStreamSynchronize: calls=3900 total_ms=21.689 max_us=2586
by_direct_callsite (file:line):
   0 /opt/llama.cpp/ggml/src/ggml-cuda/ggml-cuda.cu:839 calls=3547 total_ms=15.325 avg_us=4.321 max_us=353
   1 /opt/llama.cpp/ggml/src/ggml-cuda/ggml-cuda.cu:900 calls=12 total_ms=5.896 avg_us=491.333 max_us=2586
   2 /opt/llama.cpp/ggml/src/ggml-cuda/ggml-cuda.cu:2665 calls=191 total_ms=0.313 avg_us=1.639 max_us=10
   3 /opt/llama.cpp/ggml/src/ggml-cuda/ggml-cuda.cu:847 calls=150 total_ms=0.155 avg_us=1.033 max_us=3
=== END CUDA SYNC PROFILE ===
backend-sync-trace: count=8500 backend=CUDA0 caller=ggml_backend_sched_graph_compute_async_ext+0xecc

=== CUDA SYNC PROFILE (instrumentation only) ===
total_syncs = 8500
total_wait_ms = 5083.247
max_wait_us = 140882
sites = 5
wait_hist_us = logarithmic buckets
  hist[0] = 7703
  hist[1] = 449
  hist[2] = 32
  hist[3] = 9
  hist[4] = 5
  hist[5] = 1
  hist[9] = 52
  hist[10] = 120
  hist[11] = 28
  hist[14] = 29
  hist[15] = 59
  hist[16] = 12
  hist[17] = 1
by_callsite (caller PC; symbolize with addr2line):
   0 caller=0x7bf768d5c0d2 calls=3528 total_ms=5080.411 avg_us=1440.026 max_us=140882
   1 caller=0x7bf768d6098c calls=2741 total_ms=1.071 avg_us=0.391 max_us=4
   2 caller=0x7bf768d6089c calls=1014 total_ms=0.858 avg_us=0.846 max_us=15
   3 caller=0x7bf768d5f852 calls=203 total_ms=0.486 avg_us=2.394 max_us=36
   4 caller=0x7bf768d60abd calls=1014 total_ms=0.421 avg_us=0.415 max_us=19
direct_cudaStreamSynchronize: calls=3901 total_ms=21.691 max_us=2586
by_direct_callsite (file:line):
   0 /opt/llama.cpp/ggml/src/ggml-cuda/ggml-cuda.cu:839 calls=3548 total_ms=15.327 avg_us=4.320 max_us=353
   1 /opt/llama.cpp/ggml/src/ggml-cuda/ggml-cuda.cu:900 calls=12 total_ms=5.896 avg_us=491.333 max_us=2586
   2 /opt/llama.cpp/ggml/src/ggml-cuda/ggml-cuda.cu:2665 calls=191 total_ms=0.313 avg_us=1.639 max_us=10
   3 /opt/llama.cpp/ggml/src/ggml-cuda/ggml-cuda.cu:847 calls=150 total_ms=0.155 avg_us=1.033 max_us=3
=== END CUDA SYNC PROFILE ===
backend-sync-trace: count=8600 backend=CUDA0 caller=ggml_backend_sched_synchronize+0x62

=== CUDA SYNC PROFILE (instrumentation only) ===
total_syncs = 8600
total_wait_ms = 5109.882
max_wait_us = 140882
sites = 5
wait_hist_us = logarithmic buckets
  hist[0] = 7797
  hist[1] = 452
  hist[2] = 32
  hist[3] = 9
  hist[4] = 5
  hist[5] = 1
  hist[9] = 52
  hist[10] = 122
  hist[11] = 28
  hist[14] = 30
  hist[15] = 59
  hist[16] = 12
  hist[17] = 1
by_callsite (caller PC; symbolize with addr2line):
   0 caller=0x7bf768d5c0d2 calls=3579 total_ms=5107.021 avg_us=1426.941 max_us=140882
   1 caller=0x7bf768d6098c calls=2768 total_ms=1.080 avg_us=0.390 max_us=4
   2 caller=0x7bf768d6089c calls=1024 total_ms=0.866 avg_us=0.846 max_us=15
   3 caller=0x7bf768d5f852 calls=205 total_ms=0.490 avg_us=2.390 max_us=36
   4 caller=0x7bf768d60abd calls=1024 total_ms=0.425 avg_us=0.415 max_us=19
direct_cudaStreamSynchronize: calls=3936 total_ms=21.848 max_us=2586
by_direct_callsite (file:line):
   0 /opt/llama.cpp/ggml/src/ggml-cuda/ggml-cuda.cu:839 calls=3583 total_ms=15.484 avg_us=4.322 max_us=353
   1 /opt/llama.cpp/ggml/src/ggml-cuda/ggml-cuda.cu:900 calls=12 total_ms=5.896 avg_us=491.333 max_us=2586
   2 /opt/llama.cpp/ggml/src/ggml-cuda/ggml-cuda.cu:2665 calls=191 total_ms=0.313 avg_us=1.639 max_us=10
   3 /opt/llama.cpp/ggml/src/ggml-cuda/ggml-cuda.cu:847 calls=150 total_ms=0.155 avg_us=1.033 max_us=3
=== END CUDA SYNC PROFILE ===
backend-sync-trace: count=8700 backend=CUDA0 caller=ggml_backend_sched_synchronize+0x62

=== CUDA SYNC PROFILE (instrumentation only) ===
total_syncs = 8700
total_wait_ms = 5144.688
max_wait_us = 140882
sites = 5
wait_hist_us = logarithmic buckets
  hist[0] = 7889
  hist[1] = 456
  hist[2] = 32
  hist[3] = 9
  hist[4] = 5
  hist[5] = 1
  hist[9] = 52
  hist[10] = 124
  hist[11] = 29
  hist[14] = 31
  hist[15] = 59
  hist[16] = 12
  hist[17] = 1
by_callsite (caller PC; symbolize with addr2line):
   0 caller=0x7bf768d5c0d2 calls=3621 total_ms=5141.799 avg_us=1419.994 max_us=140882
   1 caller=0x7bf768d6098c calls=2799 total_ms=1.090 avg_us=0.389 max_us=4
   2 caller=0x7bf768d6089c calls=1036 total_ms=0.876 avg_us=0.846 max_us=15
   3 caller=0x7bf768d5f852 calls=208 total_ms=0.495 avg_us=2.380 max_us=36
   4 caller=0x7bf768d60abd calls=1036 total_ms=0.428 avg_us=0.413 max_us=19
direct_cudaStreamSynchronize: calls=3977 total_ms=22.005 max_us=2586
by_direct_callsite (file:line):
   0 /opt/llama.cpp/ggml/src/ggml-cuda/ggml-cuda.cu:839 calls=3624 total_ms=15.641 avg_us=4.316 max_us=353
   1 /opt/llama.cpp/ggml/src/ggml-cuda/ggml-cuda.cu:900 calls=12 total_ms=5.896 avg_us=491.333 max_us=2586
   2 /opt/llama.cpp/ggml/src/ggml-cuda/ggml-cuda.cu:2665 calls=191 total_ms=0.313 avg_us=1.639 max_us=10
   3 /opt/llama.cpp/ggml/src/ggml-cuda/ggml-cuda.cu:847 calls=150 total_ms=0.155 avg_us=1.033 max_us=3
=== END CUDA SYNC PROFILE ===

=== CUDA SYNC PROFILE (instrumentation only) ===
total_syncs = 8740
total_wait_ms = 5145.601
max_wait_us = 140882
sites = 5
wait_hist_us = logarithmic buckets
  hist[0] = 7927
  hist[1] = 457
  hist[2] = 32
  hist[3] = 9
  hist[4] = 5
  hist[5] = 1
  hist[9] = 53
  hist[10] = 124
  hist[11] = 29
  hist[14] = 31
  hist[15] = 59
  hist[16] = 12
  hist[17] = 1
by_callsite (caller PC; symbolize with addr2line):
   0 caller=0x7bf768d5c0d2 calls=3631 total_ms=5142.696 avg_us=1416.330 max_us=140882
   1 caller=0x7bf768d6098c calls=2817 total_ms=1.096 avg_us=0.389 max_us=4
   2 caller=0x7bf768d6089c calls=1042 total_ms=0.884 avg_us=0.848 max_us=15
   3 caller=0x7bf768d5f852 calls=208 total_ms=0.495 avg_us=2.380 max_us=36
   4 caller=0x7bf768d60abd calls=1042 total_ms=0.430 avg_us=0.413 max_us=19
direct_cudaStreamSynchronize: calls=4000 total_ms=22.093 max_us=2586
by_direct_callsite (file:line):
   0 /opt/llama.cpp/ggml/src/ggml-cuda/ggml-cuda.cu:839 calls=3647 total_ms=15.729 avg_us=4.313 max_us=353
   1 /opt/llama.cpp/ggml/src/ggml-cuda/ggml-cuda.cu:900 calls=12 total_ms=5.896 avg_us=491.333 max_us=2586
   2 /opt/llama.cpp/ggml/src/ggml-cuda/ggml-cuda.cu:2665 calls=191 total_ms=0.313 avg_us=1.639 max_us=10
   3 /opt/llama.cpp/ggml/src/ggml-cuda/ggml-cuda.cu:847 calls=150 total_ms=0.155 avg_us=1.033 max_us=3
=== END CUDA SYNC PROFILE ===
backend-sync-trace: count=8800 backend=CUDA0 caller=ggml_backend_sched_synchronize+0x62

=== CUDA SYNC PROFILE (instrumentation only) ===
total_syncs = 8800
total_wait_ms = 5171.527
max_wait_us = 140882
sites = 5
wait_hist_us = logarithmic buckets
  hist[0] = 7980
  hist[1] = 461
  hist[2] = 32
  hist[3] = 9
  hist[4] = 5
  hist[5] = 1
  hist[9] = 55
  hist[10] = 124
  hist[11] = 29
  hist[14] = 32
  hist[15] = 59
  hist[16] = 12
  hist[17] = 1
by_callsite (caller PC; symbolize with addr2line):
   0 caller=0x7bf768d5c0d2 calls=3664 total_ms=5168.608 avg_us=1410.646 max_us=140882
   1 caller=0x7bf768d6098c calls=2830 total_ms=1.100 avg_us=0.389 max_us=4
   2 caller=0x7bf768d6089c calls=1048 total_ms=0.889 avg_us=0.848 max_us=15
   3 caller=0x7bf768d5f852 calls=210 total_ms=0.499 avg_us=2.376 max_us=36
   4 caller=0x7bf768d60abd calls=1048 total_ms=0.431 avg_us=0.411 max_us=19
direct_cudaStreamSynchronize: calls=4018 total_ms=22.162 max_us=2586
by_direct_callsite (file:line):
   0 /opt/llama.cpp/ggml/src/ggml-cuda/ggml-cuda.cu:839 calls=3665 total_ms=15.798 avg_us=4.311 max_us=353
   1 /opt/llama.cpp/ggml/src/ggml-cuda/ggml-cuda.cu:900 calls=12 total_ms=5.896 avg_us=491.333 max_us=2586
   2 /opt/llama.cpp/ggml/src/ggml-cuda/ggml-cuda.cu:2665 calls=191 total_ms=0.313 avg_us=1.639 max_us=10
   3 /opt/llama.cpp/ggml/src/ggml-cuda/ggml-cuda.cu:847 calls=150 total_ms=0.155 avg_us=1.033 max_us=3
=== END CUDA SYNC PROFILE ===
backend-sync-trace: count=8900 backend=CUDA0 caller=ggml_backend_sched_graph_compute_async_ext+0xecc

=== CUDA SYNC PROFILE (instrumentation only) ===
total_syncs = 8900
total_wait_ms = 5201.299
max_wait_us = 140882
sites = 5
wait_hist_us = logarithmic buckets
  hist[0] = 8073
  hist[1] = 464
  hist[2] = 33
  hist[3] = 9
  hist[4] = 5
  hist[5] = 1
  hist[9] = 55
  hist[10] = 125
  hist[11] = 30
  hist[14] = 33
  hist[15] = 59
  hist[16] = 12
  hist[17] = 1
by_callsite (caller PC; symbolize with addr2line):
   0 caller=0x7bf768d5c0d2 calls=3693 total_ms=5198.342 avg_us=1407.620 max_us=140882
   1 caller=0x7bf768d6098c calls=2871 total_ms=1.118 avg_us=0.389 max_us=4
   2 caller=0x7bf768d6089c calls=1062 total_ms=0.900 avg_us=0.847 max_us=15
   3 caller=0x7bf768d5f852 calls=212 total_ms=0.502 avg_us=2.368 max_us=36
   4 caller=0x7bf768d60abd calls=1062 total_ms=0.437 avg_us=0.411 max_us=19
direct_cudaStreamSynchronize: calls=4069 total_ms=22.374 max_us=2586
by_direct_callsite (file:line):
   0 /opt/llama.cpp/ggml/src/ggml-cuda/ggml-cuda.cu:839 calls=3716 total_ms=16.010 avg_us=4.308 max_us=353
   1 /opt/llama.cpp/ggml/src/ggml-cuda/ggml-cuda.cu:900 calls=12 total_ms=5.896 avg_us=491.333 max_us=2586
   2 /opt/llama.cpp/ggml/src/ggml-cuda/ggml-cuda.cu:2665 calls=191 total_ms=0.313 avg_us=1.639 max_us=10
   3 /opt/llama.cpp/ggml/src/ggml-cuda/ggml-cuda.cu:847 calls=150 total_ms=0.155 avg_us=1.033 max_us=3
=== END CUDA SYNC PROFILE ===

=== CUDA SYNC PROFILE (instrumentation only) ===
total_syncs = 8981
total_wait_ms = 5239.077
max_wait_us = 140882
sites = 5
wait_hist_us = logarithmic buckets
  hist[0] = 8148
  hist[1] = 467
  hist[2] = 33
  hist[3] = 9
  hist[4] = 5
  hist[5] = 1
  hist[9] = 57
  hist[10] = 125
  hist[11] = 30
  hist[14] = 33
  hist[15] = 60
  hist[16] = 12
  hist[17] = 1
by_callsite (caller PC; symbolize with addr2line):
   0 caller=0x7bf768d5c0d2 calls=3730 total_ms=5236.099 avg_us=1403.780 max_us=140882
   1 caller=0x7bf768d6098c calls=2893 total_ms=1.127 avg_us=0.390 max_us=4
   2 caller=0x7bf768d6089c calls=1072 total_ms=0.907 avg_us=0.846 max_us=15
   3 caller=0x7bf768d5f852 calls=214 total_ms=0.506 avg_us=2.364 max_us=36
   4 caller=0x7bf768d60abd calls=1072 total_ms=0.438 avg_us=0.409 max_us=19
direct_cudaStreamSynchronize: calls=4100 total_ms=22.508 max_us=2586
by_direct_callsite (file:line):
   0 /opt/llama.cpp/ggml/src/ggml-cuda/ggml-cuda.cu:839 calls=3747 total_ms=16.144 avg_us=4.309 max_us=353
   1 /opt/llama.cpp/ggml/src/ggml-cuda/ggml-cuda.cu:900 calls=12 total_ms=5.896 avg_us=491.333 max_us=2586
   2 /opt/llama.cpp/ggml/src/ggml-cuda/ggml-cuda.cu:2665 calls=191 total_ms=0.313 avg_us=1.639 max_us=10
   3 /opt/llama.cpp/ggml/src/ggml-cuda/ggml-cuda.cu:847 calls=150 total_ms=0.155 avg_us=1.033 max_us=3
=== END CUDA SYNC PROFILE ===
backend-sync-trace: count=9000 backend=CUDA0 caller=ggml_backend_sched_synchronize+0x62

=== CUDA SYNC PROFILE (instrumentation only) ===
total_syncs = 9000
total_wait_ms = 5275.121
max_wait_us = 140882
sites = 5
wait_hist_us = logarithmic buckets
  hist[0] = 8165
  hist[1] = 468
  hist[2] = 33
  hist[3] = 9
  hist[4] = 5
  hist[5] = 1
  hist[9] = 57
  hist[10] = 125
  hist[11] = 30
  hist[14] = 33
  hist[15] = 61
  hist[16] = 12
  hist[17] = 1
by_callsite (caller PC; symbolize with addr2line):
   0 caller=0x7bf768d5c0d2 calls=3734 total_ms=5272.134 avg_us=1411.927 max_us=140882
   1 caller=0x7bf768d6098c calls=2903 total_ms=1.131 avg_us=0.390 max_us=4
   2 caller=0x7bf768d6089c calls=1074 total_ms=0.908 avg_us=0.845 max_us=15
   3 caller=0x7bf768d5f852 calls=215 total_ms=0.508 avg_us=2.363 max_us=36
   4 caller=0x7bf768d60abd calls=1074 total_ms=0.440 avg_us=0.410 max_us=19
direct_cudaStreamSynchronize: calls=4111 total_ms=22.551 max_us=2586
by_direct_callsite (file:line):
   0 /opt/llama.cpp/ggml/src/ggml-cuda/ggml-cuda.cu:839 calls=3758 total_ms=16.187 avg_us=4.307 max_us=353
   1 /opt/llama.cpp/ggml/src/ggml-cuda/ggml-cuda.cu:900 calls=12 total_ms=5.896 avg_us=491.333 max_us=2586
   2 /opt/llama.cpp/ggml/src/ggml-cuda/ggml-cuda.cu:2665 calls=191 total_ms=0.313 avg_us=1.639 max_us=10
   3 /opt/llama.cpp/ggml/src/ggml-cuda/ggml-cuda.cu:847 calls=150 total_ms=0.155 avg_us=1.033 max_us=3
=== END CUDA SYNC PROFILE ===
backend-sync-trace: count=9100 backend=CUDA0 caller=ggml_backend_sched_synchronize+0x62

=== CUDA SYNC PROFILE (instrumentation only) ===
total_syncs = 9100
total_wait_ms = 5308.169
max_wait_us = 140882
sites = 5
wait_hist_us = logarithmic buckets
  hist[0] = 8257
  hist[1] = 472
  hist[2] = 33
  hist[3] = 9
  hist[4] = 5
  hist[5] = 1
  hist[9] = 57
  hist[10] = 128
  hist[11] = 30
  hist[14] = 34
  hist[15] = 61
  hist[16] = 12
  hist[17] = 1
by_callsite (caller PC; symbolize with addr2line):
   0 caller=0x7bf768d5c0d2 calls=3776 total_ms=5305.152 avg_us=1404.966 max_us=140882
   1 caller=0x7bf768d6098c calls=2934 total_ms=1.143 avg_us=0.390 max_us=4
   2 caller=0x7bf768d6089c calls=1086 total_ms=0.917 avg_us=0.844 max_us=15
   3 caller=0x7bf768d5f852 calls=218 total_ms=0.514 avg_us=2.358 max_us=36
   4 caller=0x7bf768d60abd calls=1086 total_ms=0.443 avg_us=0.408 max_us=19
direct_cudaStreamSynchronize: calls=4152 total_ms=22.711 max_us=2586
by_direct_callsite (file:line):
   0 /opt/llama.cpp/ggml/src/ggml-cuda/ggml-cuda.cu:839 calls=3799 total_ms=16.347 avg_us=4.303 max_us=353
   1 /opt/llama.cpp/ggml/src/ggml-cuda/ggml-cuda.cu:900 calls=12 total_ms=5.896 avg_us=491.333 max_us=2586
   2 /opt/llama.cpp/ggml/src/ggml-cuda/ggml-cuda.cu:2665 calls=191 total_ms=0.313 avg_us=1.639 max_us=10
   3 /opt/llama.cpp/ggml/src/ggml-cuda/ggml-cuda.cu:847 calls=150 total_ms=0.155 avg_us=1.033 max_us=3
=== END CUDA SYNC PROFILE ===
backend-sync-trace: count=9200 backend=CUDA0 caller=ggml_backend_sched_graph_compute_async_ext+0xffd

=== CUDA SYNC PROFILE (instrumentation only) ===
total_syncs = 9200
total_wait_ms = 5337.208
max_wait_us = 140882
sites = 5
wait_hist_us = logarithmic buckets
  hist[0] = 8348
  hist[1] = 477
  hist[2] = 33
  hist[3] = 9
  hist[4] = 5
  hist[5] = 1
  hist[9] = 58
  hist[10] = 130
  hist[11] = 30
  hist[14] = 35
  hist[15] = 61
  hist[16] = 12
  hist[17] = 1
by_callsite (caller PC; symbolize with addr2line):
   0 caller=0x7bf768d5c0d2 calls=3817 total_ms=5334.163 avg_us=1397.475 max_us=140882
   1 caller=0x7bf768d6098c calls=2965 total_ms=1.153 avg_us=0.389 max_us=4
   2 caller=0x7bf768d6089c calls=1099 total_ms=0.928 avg_us=0.844 max_us=15
   3 caller=0x7bf768d5f852 calls=220 total_ms=0.518 avg_us=2.355 max_us=36
   4 caller=0x7bf768d60abd calls=1099 total_ms=0.446 avg_us=0.406 max_us=19
direct_cudaStreamSynchronize: calls=4193 total_ms=22.868 max_us=2586
by_direct_callsite (file:line):
   0 /opt/llama.cpp/ggml/src/ggml-cuda/ggml-cuda.cu:839 calls=3840 total_ms=16.504 avg_us=4.298 max_us=353
   1 /opt/llama.cpp/ggml/src/ggml-cuda/ggml-cuda.cu:900 calls=12 total_ms=5.896 avg_us=491.333 max_us=2586
   2 /opt/llama.cpp/ggml/src/ggml-cuda/ggml-cuda.cu:2665 calls=191 total_ms=0.313 avg_us=1.639 max_us=10
   3 /opt/llama.cpp/ggml/src/ggml-cuda/ggml-cuda.cu:847 calls=150 total_ms=0.155 avg_us=1.033 max_us=3
=== END CUDA SYNC PROFILE ===

=== CUDA SYNC PROFILE (instrumentation only) ===
total_syncs = 9210
total_wait_ms = 5337.211
max_wait_us = 140882
sites = 5
wait_hist_us = logarithmic buckets
  hist[0] = 8358
  hist[1] = 477
  hist[2] = 33
  hist[3] = 9
  hist[4] = 5
  hist[5] = 1
  hist[9] = 58
  hist[10] = 130
  hist[11] = 30
  hist[14] = 35
  hist[15] = 61
  hist[16] = 12
  hist[17] = 1
by_callsite (caller PC; symbolize with addr2line):
   0 caller=0x7bf768d5c0d2 calls=3817 total_ms=5334.163 avg_us=1397.475 max_us=140882
   1 caller=0x7bf768d6098c calls=2969 total_ms=1.154 avg_us=0.389 max_us=4
   2 caller=0x7bf768d6089c calls=1102 total_ms=0.930 avg_us=0.844 max_us=15
   3 caller=0x7bf768d5f852 calls=220 total_ms=0.518 avg_us=2.355 max_us=36
   4 caller=0x7bf768d60abd calls=1102 total_ms=0.446 avg_us=0.405 max_us=19
direct_cudaStreamSynchronize: calls=4200 total_ms=22.941 max_us=2586
by_direct_callsite (file:line):
   0 /opt/llama.cpp/ggml/src/ggml-cuda/ggml-cuda.cu:839 calls=3847 total_ms=16.577 avg_us=4.309 max_us=353
   1 /opt/llama.cpp/ggml/src/ggml-cuda/ggml-cuda.cu:900 calls=12 total_ms=5.896 avg_us=491.333 max_us=2586
   2 /opt/llama.cpp/ggml/src/ggml-cuda/ggml-cuda.cu:2665 calls=191 total_ms=0.313 avg_us=1.639 max_us=10
   3 /opt/llama.cpp/ggml/src/ggml-cuda/ggml-cuda.cu:847 calls=150 total_ms=0.155 avg_us=1.033 max_us=3
=== END CUDA SYNC PROFILE ===
backend-sync-trace: count=9300 backend=CUDA0 caller=ggml_backend_sched_graph_compute_async_ext+0xffd

=== CUDA SYNC PROFILE (instrumentation only) ===
total_syncs = 9300
total_wait_ms = 5402.275
max_wait_us = 140882
sites = 5
wait_hist_us = logarithmic buckets
  hist[0] = 8439
  hist[1] = 482
  hist[2] = 33
  hist[3] = 9
  hist[4] = 5
  hist[5] = 1
  hist[9] = 59
  hist[10] = 131
  hist[11] = 30
  hist[14] = 37
  hist[15] = 61
  hist[16] = 12
  hist[17] = 1
by_callsite (caller PC; symbolize with addr2line):
   0 caller=0x7bf768d5c0d2 calls=3844 total_ms=5399.195 avg_us=1404.577 max_us=140882
   1 caller=0x7bf768d6098c calls=3007 total_ms=1.166 avg_us=0.388 max_us=4
   2 caller=0x7bf768d6089c calls=1113 total_ms=0.939 avg_us=0.844 max_us=15
   3 caller=0x7bf768d5f852 calls=223 total_ms=0.524 avg_us=2.350 max_us=36
   4 caller=0x7bf768d60abd calls=1113 total_ms=0.451 avg_us=0.405 max_us=19
direct_cudaStreamSynchronize: calls=4246 total_ms=23.118 max_us=2586
by_direct_callsite (file:line):
   0 /opt/llama.cpp/ggml/src/ggml-cuda/ggml-cuda.cu:839 calls=3893 total_ms=16.754 avg_us=4.304 max_us=353
   1 /opt/llama.cpp/ggml/src/ggml-cuda/ggml-cuda.cu:900 calls=12 total_ms=5.896 avg_us=491.333 max_us=2586
   2 /opt/llama.cpp/ggml/src/ggml-cuda/ggml-cuda.cu:2665 calls=191 total_ms=0.313 avg_us=1.639 max_us=10
   3 /opt/llama.cpp/ggml/src/ggml-cuda/ggml-cuda.cu:847 calls=150 total_ms=0.155 avg_us=1.033 max_us=3
=== END CUDA SYNC PROFILE ===
1.09.913.135 I slot print_timing: id  0 | task 0 | n_gen =    265, tg =  43.65 t/s, tg_3s =  51.75 t/s
backend-sync-trace: count=9400 backend=CUDA0 caller=ggml_backend_sched_synchronize+0x62

=== CUDA SYNC PROFILE (instrumentation only) ===
total_syncs = 9400
total_wait_ms = 5433.550
max_wait_us = 140882
sites = 5
wait_hist_us = logarithmic buckets
  hist[0] = 8532
  hist[1] = 486
  hist[2] = 33
  hist[3] = 9
  hist[4] = 5
  hist[5] = 1
  hist[9] = 60
  hist[10] = 132
  hist[11] = 30
  hist[14] = 38
  hist[15] = 61
  hist[16] = 12
  hist[17] = 1
by_callsite (caller PC; symbolize with addr2line):
   0 caller=0x7bf768d5c0d2 calls=3889 total_ms=5430.446 avg_us=1396.361 max_us=140882
   1 caller=0x7bf768d6098c calls=3038 total_ms=1.175 avg_us=0.387 max_us=4
   2 caller=0x7bf768d6089c calls=1124 total_ms=0.945 avg_us=0.841 max_us=15
   3 caller=0x7bf768d5f852 calls=225 total_ms=0.528 avg_us=2.347 max_us=36
   4 caller=0x7bf768d60abd calls=1124 total_ms=0.456 avg_us=0.406 max_us=19
direct_cudaStreamSynchronize: calls=4286 total_ms=23.284 max_us=2586
by_direct_callsite (file:line):
   0 /opt/llama.cpp/ggml/src/ggml-cuda/ggml-cuda.cu:839 calls=3933 total_ms=16.920 avg_us=4.302 max_us=353
   1 /opt/llama.cpp/ggml/src/ggml-cuda/ggml-cuda.cu:900 calls=12 total_ms=5.896 avg_us=491.333 max_us=2586
   2 /opt/llama.cpp/ggml/src/ggml-cuda/ggml-cuda.cu:2665 calls=191 total_ms=0.313 avg_us=1.639 max_us=10
   3 /opt/llama.cpp/ggml/src/ggml-cuda/ggml-cuda.cu:847 calls=150 total_ms=0.155 avg_us=1.033 max_us=3
=== END CUDA SYNC PROFILE ===

=== CUDA SYNC PROFILE (instrumentation only) ===
total_syncs = 9436
total_wait_ms = 5437.263
max_wait_us = 140882
sites = 5
wait_hist_us = logarithmic buckets
  hist[0] = 8564
  hist[1] = 488
  hist[2] = 33
  hist[3] = 9
  hist[4] = 5
  hist[5] = 1
  hist[9] = 60
  hist[10] = 133
  hist[11] = 31
  hist[14] = 38
  hist[15] = 61
  hist[16] = 12
  hist[17] = 1
by_callsite (caller PC; symbolize with addr2line):
   0 caller=0x7bf768d5c0d2 calls=3904 total_ms=5434.146 avg_us=1391.943 max_us=140882
   1 caller=0x7bf768d6098c calls=3046 total_ms=1.178 avg_us=0.387 max_us=4
   2 caller=0x7bf768d6089c calls=1130 total_ms=0.951 avg_us=0.842 max_us=15
   3 caller=0x7bf768d5f852 calls=226 total_ms=0.530 avg_us=2.345 max_us=36
   4 caller=0x7bf768d60abd calls=1130 total_ms=0.458 avg_us=0.405 max_us=19
direct_cudaStreamSynchronize: calls=4300 total_ms=23.332 max_us=2586
by_direct_callsite (file:line):
   0 /opt/llama.cpp/ggml/src/ggml-cuda/ggml-cuda.cu:839 calls=3947 total_ms=16.968 avg_us=4.299 max_us=353
   1 /opt/llama.cpp/ggml/src/ggml-cuda/ggml-cuda.cu:900 calls=12 total_ms=5.896 avg_us=491.333 max_us=2586
   2 /opt/llama.cpp/ggml/src/ggml-cuda/ggml-cuda.cu:2665 calls=191 total_ms=0.313 avg_us=1.639 max_us=10
   3 /opt/llama.cpp/ggml/src/ggml-cuda/ggml-cuda.cu:847 calls=150 total_ms=0.155 avg_us=1.033 max_us=3
=== END CUDA SYNC PROFILE ===
backend-sync-trace: count=9500 backend=CUDA0 caller=ggml_backend_sched_synchronize+0x62

=== CUDA SYNC PROFILE (instrumentation only) ===
total_syncs = 9500
total_wait_ms = 5468.402
max_wait_us = 140882
sites = 5
wait_hist_us = logarithmic buckets
  hist[0] = 8620
  hist[1] = 493
  hist[2] = 33
  hist[3] = 9
  hist[4] = 5
  hist[5] = 1
  hist[9] = 60
  hist[10] = 135
  hist[11] = 31
  hist[14] = 39
  hist[15] = 61
  hist[16] = 12
  hist[17] = 1
by_callsite (caller PC; symbolize with addr2line):
   0 caller=0x7bf768d5c0d2 calls=3923 total_ms=5465.264 avg_us=1393.134 max_us=140882
   1 caller=0x7bf768d6098c calls=3073 total_ms=1.187 avg_us=0.386 max_us=4
   2 caller=0x7bf768d6089c calls=1138 total_ms=0.958 avg_us=0.842 max_us=15
   3 caller=0x7bf768d5f852 calls=228 total_ms=0.534 avg_us=2.342 max_us=36
   4 caller=0x7bf768d60abd calls=1138 total_ms=0.459 avg_us=0.403 max_us=19
direct_cudaStreamSynchronize: calls=4333 total_ms=23.465 max_us=2586
by_direct_callsite (file:line):
   0 /opt/llama.cpp/ggml/src/ggml-cuda/ggml-cuda.cu:839 calls=3980 total_ms=17.101 avg_us=4.297 max_us=353
   1 /opt/llama.cpp/ggml/src/ggml-cuda/ggml-cuda.cu:900 calls=12 total_ms=5.896 avg_us=491.333 max_us=2586
   2 /opt/llama.cpp/ggml/src/ggml-cuda/ggml-cuda.cu:2665 calls=191 total_ms=0.313 avg_us=1.639 max_us=10
   3 /opt/llama.cpp/ggml/src/ggml-cuda/ggml-cuda.cu:847 calls=150 total_ms=0.155 avg_us=1.033 max_us=3
=== END CUDA SYNC PROFILE ===
backend-sync-trace: count=9600 backend=CUDA0 caller=ggml_backend_sched_graph_compute_async_ext+0xffd

=== CUDA SYNC PROFILE (instrumentation only) ===
total_syncs = 9600
total_wait_ms = 5505.237
max_wait_us = 140882
sites = 5
wait_hist_us = logarithmic buckets
  hist[0] = 8712
  hist[1] = 498
  hist[2] = 33
  hist[3] = 9
  hist[4] = 5
  hist[5] = 1
  hist[9] = 60
  hist[10] = 136
  hist[11] = 32
  hist[14] = 40
  hist[15] = 61
  hist[16] = 12
  hist[17] = 1
by_callsite (caller PC; symbolize with addr2line):
   0 caller=0x7bf768d5c0d2 calls=3966 total_ms=5502.070 avg_us=1387.310 max_us=140882
   1 caller=0x7bf768d6098c calls=3100 total_ms=1.197 avg_us=0.386 max_us=4
   2 caller=0x7bf768d6089c calls=1152 total_ms=0.970 avg_us=0.842 max_us=15
   3 caller=0x7bf768d5f852 calls=230 total_ms=0.538 avg_us=2.339 max_us=36
   4 caller=0x7bf768d60abd calls=1152 total_ms=0.462 avg_us=0.401 max_us=19
direct_cudaStreamSynchronize: calls=4370 total_ms=23.613 max_us=2586
by_direct_callsite (file:line):
   0 /opt/llama.cpp/ggml/src/ggml-cuda/ggml-cuda.cu:839 calls=4017 total_ms=17.249 avg_us=4.294 max_us=353
   1 /opt/llama.cpp/ggml/src/ggml-cuda/ggml-cuda.cu:900 calls=12 total_ms=5.896 avg_us=491.333 max_us=2586
   2 /opt/llama.cpp/ggml/src/ggml-cuda/ggml-cuda.cu:2665 calls=191 total_ms=0.313 avg_us=1.639 max_us=10
   3 /opt/llama.cpp/ggml/src/ggml-cuda/ggml-cuda.cu:847 calls=150 total_ms=0.155 avg_us=1.033 max_us=3
=== END CUDA SYNC PROFILE ===

=== CUDA SYNC PROFILE (instrumentation only) ===
total_syncs = 9656
total_wait_ms = 5591.340
max_wait_us = 140882
sites = 5
wait_hist_us = logarithmic buckets
  hist[0] = 8763
  hist[1] = 501
  hist[2] = 33
  hist[3] = 9
  hist[4] = 5
  hist[5] = 1
  hist[9] = 60
  hist[10] = 136
  hist[11] = 33
  hist[14] = 40
  hist[15] = 61
  hist[16] = 13
  hist[17] = 1
by_callsite (caller PC; symbolize with addr2line):
   0 caller=0x7bf768d5c0d2 calls=3984 total_ms=5588.152 avg_us=1402.649 max_us=140882
   1 caller=0x7bf768d6098c calls=3124 total_ms=1.207 avg_us=0.386 max_us=4
   2 caller=0x7bf768d6089c calls=1158 total_ms=0.974 avg_us=0.841 max_us=15
   3 caller=0x7bf768d5f852 calls=232 total_ms=0.541 avg_us=2.332 max_us=36
   4 caller=0x7bf768d60abd calls=1158 total_ms=0.466 avg_us=0.402 max_us=19
direct_cudaStreamSynchronize: calls=4400 total_ms=23.737 max_us=2586
by_direct_callsite (file:line):
   0 /opt/llama.cpp/ggml/src/ggml-cuda/ggml-cuda.cu:839 calls=4047 total_ms=17.373 avg_us=4.293 max_us=353
   1 /opt/llama.cpp/ggml/src/ggml-cuda/ggml-cuda.cu:900 calls=12 total_ms=5.896 avg_us=491.333 max_us=2586
   2 /opt/llama.cpp/ggml/src/ggml-cuda/ggml-cuda.cu:2665 calls=191 total_ms=0.313 avg_us=1.639 max_us=10
   3 /opt/llama.cpp/ggml/src/ggml-cuda/ggml-cuda.cu:847 calls=150 total_ms=0.155 avg_us=1.033 max_us=3
=== END CUDA SYNC PROFILE ===
backend-sync-trace: count=9700 backend=CUDA0 caller=ggml_backend_sched_graph_compute_async_ext+0xecc

=== CUDA SYNC PROFILE (instrumentation only) ===
total_syncs = 9700
total_wait_ms = 5641.628
max_wait_us = 140882
sites = 5
wait_hist_us = logarithmic buckets
  hist[0] = 8803
  hist[1] = 503
  hist[2] = 33
  hist[3] = 9
  hist[4] = 5
  hist[5] = 1
  hist[9] = 60
  hist[10] = 137
  hist[11] = 33
  hist[14] = 40
  hist[15] = 62
  hist[16] = 13
  hist[17] = 1
by_callsite (caller PC; symbolize with addr2line):
   0 caller=0x7bf768d5c0d2 calls=3993 total_ms=5638.423 avg_us=1412.077 max_us=140882
   1 caller=0x7bf768d6098c calls=3146 total_ms=1.214 avg_us=0.386 max_us=4
   2 caller=0x7bf768d6089c calls=1164 total_ms=0.978 avg_us=0.840 max_us=15
   3 caller=0x7bf768d5f852 calls=233 total_ms=0.543 avg_us=2.330 max_us=36
   4 caller=0x7bf768d60abd calls=1164 total_ms=0.470 avg_us=0.404 max_us=19
direct_cudaStreamSynchronize: calls=4426 total_ms=23.849 max_us=2586
by_direct_callsite (file:line):
   0 /opt/llama.cpp/ggml/src/ggml-cuda/ggml-cuda.cu:839 calls=4073 total_ms=17.485 avg_us=4.293 max_us=353
   1 /opt/llama.cpp/ggml/src/ggml-cuda/ggml-cuda.cu:900 calls=12 total_ms=5.896 avg_us=491.333 max_us=2586
   2 /opt/llama.cpp/ggml/src/ggml-cuda/ggml-cuda.cu:2665 calls=191 total_ms=0.313 avg_us=1.639 max_us=10
   3 /opt/llama.cpp/ggml/src/ggml-cuda/ggml-cuda.cu:847 calls=150 total_ms=0.155 avg_us=1.033 max_us=3
=== END CUDA SYNC PROFILE ===
backend-sync-trace: count=9800 backend=CUDA0 caller=ggml_backend_sched_graph_compute_async_ext+0xffd

=== CUDA SYNC PROFILE (instrumentation only) ===
total_syncs = 9800
total_wait_ms = 5714.373
max_wait_us = 140882
sites = 5
wait_hist_us = logarithmic buckets
  hist[0] = 8895
  hist[1] = 508
  hist[2] = 33
  hist[3] = 9
  hist[4] = 5
  hist[5] = 1
  hist[9] = 60
  hist[10] = 138
  hist[11] = 34
  hist[14] = 40
  hist[15] = 62
  hist[16] = 14
  hist[17] = 1
by_callsite (caller PC; symbolize with addr2line):
   0 caller=0x7bf768d5c0d2 calls=4039 total_ms=5711.138 avg_us=1413.998 max_us=140882
   1 caller=0x7bf768d6098c calls=3173 total_ms=1.222 avg_us=0.385 max_us=4
   2 caller=0x7bf768d6089c calls=1176 total_ms=0.988 avg_us=0.840 max_us=15
   3 caller=0x7bf768d5f852 calls=236 total_ms=0.549 avg_us=2.326 max_us=36
   4 caller=0x7bf768d60abd calls=1176 total_ms=0.476 avg_us=0.405 max_us=19
direct_cudaStreamSynchronize: calls=4462 total_ms=23.991 max_us=2586
by_direct_callsite (file:line):
   0 /opt/llama.cpp/ggml/src/ggml-cuda/ggml-cuda.cu:839 calls=4109 total_ms=17.627 avg_us=4.290 max_us=353
   1 /opt/llama.cpp/ggml/src/ggml-cuda/ggml-cuda.cu:900 calls=12 total_ms=5.896 avg_us=491.333 max_us=2586
   2 /opt/llama.cpp/ggml/src/ggml-cuda/ggml-cuda.cu:2665 calls=191 total_ms=0.313 avg_us=1.639 max_us=10
   3 /opt/llama.cpp/ggml/src/ggml-cuda/ggml-cuda.cu:847 calls=150 total_ms=0.155 avg_us=1.033 max_us=3
=== END CUDA SYNC PROFILE ===

=== CUDA SYNC PROFILE (instrumentation only) ===
total_syncs = 9882
total_wait_ms = 5744.229
max_wait_us = 140882
sites = 5
wait_hist_us = logarithmic buckets
  hist[0] = 8971
  hist[1] = 511
  hist[2] = 33
  hist[3] = 9
  hist[4] = 5
  hist[5] = 1
  hist[9] = 60
  hist[10] = 140
  hist[11] = 34
  hist[14] = 41
  hist[15] = 62
  hist[16] = 14
  hist[17] = 1
by_callsite (caller PC; symbolize with addr2line):
   0 caller=0x7bf768d5c0d2 calls=4070 total_ms=5740.969 avg_us=1410.557 max_us=140882
   1 caller=0x7bf768d6098c calls=3202 total_ms=1.232 avg_us=0.385 max_us=4
   2 caller=0x7bf768d6089c calls=1186 total_ms=0.995 avg_us=0.839 max_us=15
   3 caller=0x7bf768d5f852 calls=238 total_ms=0.553 avg_us=2.324 max_us=36
   4 caller=0x7bf768d60abd calls=1186 total_ms=0.480 avg_us=0.405 max_us=19
direct_cudaStreamSynchronize: calls=4500 total_ms=24.142 max_us=2586
by_direct_callsite (file:line):
   0 /opt/llama.cpp/ggml/src/ggml-cuda/ggml-cuda.cu:839 calls=4147 total_ms=17.778 avg_us=4.287 max_us=353
   1 /opt/llama.cpp/ggml/src/ggml-cuda/ggml-cuda.cu:900 calls=12 total_ms=5.896 avg_us=491.333 max_us=2586
   2 /opt/llama.cpp/ggml/src/ggml-cuda/ggml-cuda.cu:2665 calls=191 total_ms=0.313 avg_us=1.639 max_us=10
   3 /opt/llama.cpp/ggml/src/ggml-cuda/ggml-cuda.cu:847 calls=150 total_ms=0.155 avg_us=1.033 max_us=3
=== END CUDA SYNC PROFILE ===
backend-sync-trace: count=9900 backend=CUDA0 caller=ggml_backend_sched_synchronize+0x62

=== CUDA SYNC PROFILE (instrumentation only) ===
total_syncs = 9900
total_wait_ms = 5747.151
max_wait_us = 140882
sites = 5
wait_hist_us = logarithmic buckets
  hist[0] = 8987
  hist[1] = 511
  hist[2] = 33
  hist[3] = 9
  hist[4] = 5
  hist[5] = 1
  hist[9] = 60
  hist[10] = 142
  hist[11] = 34
  hist[14] = 41
  hist[15] = 62
  hist[16] = 14
  hist[17] = 1
by_callsite (caller PC; symbolize with addr2line):
   0 caller=0x7bf768d5c0d2 calls=4078 total_ms=5743.887 avg_us=1408.506 max_us=140882
   1 caller=0x7bf768d6098c calls=3208 total_ms=1.234 avg_us=0.385 max_us=4
   2 caller=0x7bf768d6089c calls=1188 total_ms=0.996 avg_us=0.838 max_us=15
   3 caller=0x7bf768d5f852 calls=238 total_ms=0.553 avg_us=2.324 max_us=36
   4 caller=0x7bf768d60abd calls=1188 total_ms=0.481 avg_us=0.405 max_us=19
direct_cudaStreamSynchronize: calls=4508 total_ms=24.167 max_us=2586
by_direct_callsite (file:line):
   0 /opt/llama.cpp/ggml/src/ggml-cuda/ggml-cuda.cu:839 calls=4155 total_ms=17.803 avg_us=4.285 max_us=353
   1 /opt/llama.cpp/ggml/src/ggml-cuda/ggml-cuda.cu:900 calls=12 total_ms=5.896 avg_us=491.333 max_us=2586
   2 /opt/llama.cpp/ggml/src/ggml-cuda/ggml-cuda.cu:2665 calls=191 total_ms=0.313 avg_us=1.639 max_us=10
   3 /opt/llama.cpp/ggml/src/ggml-cuda/ggml-cuda.cu:847 calls=150 total_ms=0.155 avg_us=1.033 max_us=3
=== END CUDA SYNC PROFILE ===
backend-sync-trace: count=10000 backend=CUDA0 caller=ggml_backend_sched_graph_compute_async_ext+0xecc

=== CUDA SYNC PROFILE (instrumentation only) ===
total_syncs = 10000
total_wait_ms = 5784.082
max_wait_us = 140882
sites = 5
wait_hist_us = logarithmic buckets
  hist[0] = 9080
  hist[1] = 515
  hist[2] = 33
  hist[3] = 9
  hist[4] = 5
  hist[5] = 1
  hist[9] = 61
  hist[10] = 143
  hist[11] = 34
  hist[14] = 41
  hist[15] = 63
  hist[16] = 14
  hist[17] = 1
by_callsite (caller PC; symbolize with addr2line):
   0 caller=0x7bf768d5c0d2 calls=4115 total_ms=5780.795 avg_us=1404.810 max_us=140882
   1 caller=0x7bf768d6098c calls=3241 total_ms=1.240 avg_us=0.383 max_us=4
   2 caller=0x7bf768d6089c calls=1202 total_ms=1.004 avg_us=0.835 max_us=15
   3 caller=0x7bf768d5f852 calls=240 total_ms=0.556 avg_us=2.317 max_us=36
   4 caller=0x7bf768d60abd calls=1202 total_ms=0.487 avg_us=0.405 max_us=19
direct_cudaStreamSynchronize: calls=4551 total_ms=24.361 max_us=2586
by_direct_callsite (file:line):
   0 /opt/llama.cpp/ggml/src/ggml-cuda/ggml-cuda.cu:839 calls=4198 total_ms=17.997 avg_us=4.287 max_us=353
   1 /opt/llama.cpp/ggml/src/ggml-cuda/ggml-cuda.cu:900 calls=12 total_ms=5.896 avg_us=491.333 max_us=2586
   2 /opt/llama.cpp/ggml/src/ggml-cuda/ggml-cuda.cu:2665 calls=191 total_ms=0.313 avg_us=1.639 max_us=10
   3 /opt/llama.cpp/ggml/src/ggml-cuda/ggml-cuda.cu:847 calls=150 total_ms=0.155 avg_us=1.033 max_us=3
=== END CUDA SYNC PROFILE ===

=== CUDA SYNC PROFILE (instrumentation only) ===
total_syncs = 10092
total_wait_ms = 5857.607
max_wait_us = 140882
sites = 5
wait_hist_us = logarithmic buckets
  hist[0] = 9163
  hist[1] = 520
  hist[2] = 33
  hist[3] = 9
  hist[4] = 5
  hist[5] = 1
  hist[9] = 61
  hist[10] = 145
  hist[11] = 34
  hist[14] = 42
  hist[15] = 64
  hist[16] = 14
  hist[17] = 1
by_callsite (caller PC; symbolize with addr2line):
   0 caller=0x7bf768d5c0d2 calls=4142 total_ms=5854.286 avg_us=1413.396 max_us=140882
   1 caller=0x7bf768d6098c calls=3279 total_ms=1.253 avg_us=0.382 max_us=4
   2 caller=0x7bf768d6089c calls=1214 total_ms=1.011 avg_us=0.833 max_us=15
   3 caller=0x7bf768d5f852 calls=243 total_ms=0.561 avg_us=2.309 max_us=36
   4 caller=0x7bf768d60abd calls=1214 total_ms=0.496 avg_us=0.409 max_us=19
direct_cudaStreamSynchronize: calls=4600 total_ms=24.572 max_us=2586
by_direct_callsite (file:line):
   0 /opt/llama.cpp/ggml/src/ggml-cuda/ggml-cuda.cu:839 calls=4247 total_ms=18.208 avg_us=4.287 max_us=353
   1 /opt/llama.cpp/ggml/src/ggml-cuda/ggml-cuda.cu:900 calls=12 total_ms=5.896 avg_us=491.333 max_us=2586
   2 /opt/llama.cpp/ggml/src/ggml-cuda/ggml-cuda.cu:2665 calls=191 total_ms=0.313 avg_us=1.639 max_us=10
   3 /opt/llama.cpp/ggml/src/ggml-cuda/ggml-cuda.cu:847 calls=150 total_ms=0.155 avg_us=1.033 max_us=3
=== END CUDA SYNC PROFILE ===
backend-sync-trace: count=10100 backend=CUDA0 caller=ggml_backend_sched_synchronize+0x62

=== CUDA SYNC PROFILE (instrumentation only) ===
total_syncs = 10100
total_wait_ms = 5857.614
max_wait_us = 140882
sites = 5
wait_hist_us = logarithmic buckets
  hist[0] = 9171
  hist[1] = 520
  hist[2] = 33
  hist[3] = 9
  hist[4] = 5
  hist[5] = 1
  hist[9] = 61
  hist[10] = 145
  hist[11] = 34
  hist[14] = 42
  hist[15] = 64
  hist[16] = 14
  hist[17] = 1
by_callsite (caller PC; symbolize with addr2line):
   0 caller=0x7bf768d5c0d2 calls=4148 total_ms=5854.291 avg_us=1411.353 max_us=140882
   1 caller=0x7bf768d6098c calls=3281 total_ms=1.255 avg_us=0.383 max_us=4
   2 caller=0x7bf768d6089c calls=1214 total_ms=1.011 avg_us=0.833 max_us=15
   3 caller=0x7bf768d5f852 calls=243 total_ms=0.561 avg_us=2.309 max_us=36
   4 caller=0x7bf768d60abd calls=1214 total_ms=0.496 avg_us=0.409 max_us=19
direct_cudaStreamSynchronize: calls=4601 total_ms=24.574 max_us=2586
by_direct_callsite (file:line):
   0 /opt/llama.cpp/ggml/src/ggml-cuda/ggml-cuda.cu:839 calls=4248 total_ms=18.210 avg_us=4.287 max_us=353
   1 /opt/llama.cpp/ggml/src/ggml-cuda/ggml-cuda.cu:900 calls=12 total_ms=5.896 avg_us=491.333 max_us=2586
   2 /opt/llama.cpp/ggml/src/ggml-cuda/ggml-cuda.cu:2665 calls=191 total_ms=0.313 avg_us=1.639 max_us=10
   3 /opt/llama.cpp/ggml/src/ggml-cuda/ggml-cuda.cu:847 calls=150 total_ms=0.155 avg_us=1.033 max_us=3
=== END CUDA SYNC PROFILE ===
backend-sync-trace: count=10200 backend=CUDA0 caller=ggml_backend_sched_synchronize+0x62

=== CUDA SYNC PROFILE (instrumentation only) ===
total_syncs = 10200
total_wait_ms = 5921.535
max_wait_us = 140882
sites = 5
wait_hist_us = logarithmic buckets
  hist[0] = 9261
  hist[1] = 526
  hist[2] = 33
  hist[3] = 9
  hist[4] = 5
  hist[5] = 1
  hist[9] = 61
  hist[10] = 147
  hist[11] = 35
  hist[14] = 42
  hist[15] = 65
  hist[16] = 14
  hist[17] = 1
by_callsite (caller PC; symbolize with addr2line):
   0 caller=0x7bf768d5c0d2 calls=4190 total_ms=5918.184 avg_us=1412.454 max_us=140882
   1 caller=0x7bf768d6098c calls=3312 total_ms=1.264 avg_us=0.382 max_us=4
   2 caller=0x7bf768d6089c calls=1226 total_ms=1.019 avg_us=0.831 max_us=15
   3 caller=0x7bf768d5f852 calls=246 total_ms=0.568 avg_us=2.309 max_us=36
   4 caller=0x7bf768d60abd calls=1226 total_ms=0.500 avg_us=0.408 max_us=19
direct_cudaStreamSynchronize: calls=4642 total_ms=24.731 max_us=2586
by_direct_callsite (file:line):
   0 /opt/llama.cpp/ggml/src/ggml-cuda/ggml-cuda.cu:839 calls=4289 total_ms=18.367 avg_us=4.282 max_us=353
   1 /opt/llama.cpp/ggml/src/ggml-cuda/ggml-cuda.cu:900 calls=12 total_ms=5.896 avg_us=491.333 max_us=2586
   2 /opt/llama.cpp/ggml/src/ggml-cuda/ggml-cuda.cu:2665 calls=191 total_ms=0.313 avg_us=1.639 max_us=10
   3 /opt/llama.cpp/ggml/src/ggml-cuda/ggml-cuda.cu:847 calls=150 total_ms=0.155 avg_us=1.033 max_us=3
=== END CUDA SYNC PROFILE ===
backend-sync-trace: count=10300 backend=CUDA0 caller=ggml_backend_sched_synchronize+0x62

=== CUDA SYNC PROFILE (instrumentation only) ===
total_syncs = 10300
total_wait_ms = 5963.182
max_wait_us = 140882
sites = 5
wait_hist_us = logarithmic buckets
  hist[0] = 9355
  hist[1] = 528
  hist[2] = 33
  hist[3] = 9
  hist[4] = 5
  hist[5] = 1
  hist[9] = 62
  hist[10] = 149
  hist[11] = 35
  hist[14] = 42
  hist[15] = 66
  hist[16] = 14
  hist[17] = 1
by_callsite (caller PC; symbolize with addr2line):
   0 caller=0x7bf768d5c0d2 calls=4233 total_ms=5959.803 avg_us=1407.938 max_us=140882
   1 caller=0x7bf768d6098c calls=3343 total_ms=1.276 avg_us=0.382 max_us=4
   2 caller=0x7bf768d6089c calls=1238 total_ms=1.028 avg_us=0.830 max_us=15
   3 caller=0x7bf768d5f852 calls=248 total_ms=0.571 avg_us=2.302 max_us=36
   4 caller=0x7bf768d60abd calls=1238 total_ms=0.504 avg_us=0.407 max_us=19
direct_cudaStreamSynchronize: calls=4683 total_ms=24.891 max_us=2586
by_direct_callsite (file:line):
   0 /opt/llama.cpp/ggml/src/ggml-cuda/ggml-cuda.cu:839 calls=4330 total_ms=18.527 avg_us=4.279 max_us=353
   1 /opt/llama.cpp/ggml/src/ggml-cuda/ggml-cuda.cu:900 calls=12 total_ms=5.896 avg_us=491.333 max_us=2586
   2 /opt/llama.cpp/ggml/src/ggml-cuda/ggml-cuda.cu:2665 calls=191 total_ms=0.313 avg_us=1.639 max_us=10
   3 /opt/llama.cpp/ggml/src/ggml-cuda/ggml-cuda.cu:847 calls=150 total_ms=0.155 avg_us=1.033 max_us=3
=== END CUDA SYNC PROFILE ===

=== CUDA SYNC PROFILE (instrumentation only) ===
total_syncs = 10328
total_wait_ms = 5963.194
max_wait_us = 140882
sites = 5
wait_hist_us = logarithmic buckets
  hist[0] = 9382
  hist[1] = 529
  hist[2] = 33
  hist[3] = 9
  hist[4] = 5
  hist[5] = 1
  hist[9] = 62
  hist[10] = 149
  hist[11] = 35
  hist[14] = 42
  hist[15] = 66
  hist[16] = 14
  hist[17] = 1
by_callsite (caller PC; symbolize with addr2line):
   0 caller=0x7bf768d5c0d2 calls=4239 total_ms=5959.806 avg_us=1405.946 max_us=140882
   1 caller=0x7bf768d6098c calls=3357 total_ms=1.281 avg_us=0.382 max_us=4
   2 caller=0x7bf768d6089c calls=1242 total_ms=1.031 avg_us=0.830 max_us=15
   3 caller=0x7bf768d5f852 calls=248 total_ms=0.571 avg_us=2.302 max_us=36
   4 caller=0x7bf768d60abd calls=1242 total_ms=0.505 avg_us=0.407 max_us=19
direct_cudaStreamSynchronize: calls=4700 total_ms=24.965 max_us=2586
by_direct_callsite (file:line):
   0 /opt/llama.cpp/ggml/src/ggml-cuda/ggml-cuda.cu:839 calls=4347 total_ms=18.601 avg_us=4.279 max_us=353
   1 /opt/llama.cpp/ggml/src/ggml-cuda/ggml-cuda.cu:900 calls=12 total_ms=5.896 avg_us=491.333 max_us=2586
   2 /opt/llama.cpp/ggml/src/ggml-cuda/ggml-cuda.cu:2665 calls=191 total_ms=0.313 avg_us=1.639 max_us=10
   3 /opt/llama.cpp/ggml/src/ggml-cuda/ggml-cuda.cu:847 calls=150 total_ms=0.155 avg_us=1.033 max_us=3
=== END CUDA SYNC PROFILE ===
backend-sync-trace: count=10400 backend=CUDA0 caller=ggml_backend_sched_graph_compute_async_ext+0xecc

=== CUDA SYNC PROFILE (instrumentation only) ===
total_syncs = 10400
total_wait_ms = 5994.083
max_wait_us = 140882
sites = 5
wait_hist_us = logarithmic buckets
  hist[0] = 9447
  hist[1] = 533
  hist[2] = 33
  hist[3] = 9
  hist[4] = 5
  hist[5] = 1
  hist[9] = 63
  hist[10] = 150
  hist[11] = 35
  hist[14] = 43
  hist[15] = 66
  hist[16] = 14
  hist[17] = 1
by_callsite (caller PC; symbolize with addr2line):
   0 caller=0x7bf768d5c0d2 calls=4264 total_ms=5990.671 avg_us=1404.942 max_us=140882
   1 caller=0x7bf768d6098c calls=3382 total_ms=1.289 avg_us=0.381 max_us=4
   2 caller=0x7bf768d6089c calls=1252 total_ms=1.041 avg_us=0.831 max_us=15
   3 caller=0x7bf768d5f852 calls=250 total_ms=0.575 avg_us=2.300 max_us=36
   4 caller=0x7bf768d60abd calls=1252 total_ms=0.507 avg_us=0.405 max_us=19
direct_cudaStreamSynchronize: calls=4732 total_ms=25.095 max_us=2586
by_direct_callsite (file:line):
   0 /opt/llama.cpp/ggml/src/ggml-cuda/ggml-cuda.cu:839 calls=4379 total_ms=18.731 avg_us=4.277 max_us=353
   1 /opt/llama.cpp/ggml/src/ggml-cuda/ggml-cuda.cu:900 calls=12 total_ms=5.896 avg_us=491.333 max_us=2586
   2 /opt/llama.cpp/ggml/src/ggml-cuda/ggml-cuda.cu:2665 calls=191 total_ms=0.313 avg_us=1.639 max_us=10
   3 /opt/llama.cpp/ggml/src/ggml-cuda/ggml-cuda.cu:847 calls=150 total_ms=0.155 avg_us=1.033 max_us=3
=== END CUDA SYNC PROFILE ===
backend-sync-trace: count=10500 backend=CUDA0 caller=ggml_backend_sched_synchronize+0x62

=== CUDA SYNC PROFILE (instrumentation only) ===
total_syncs = 10500
total_wait_ms = 6056.805
max_wait_us = 140882
sites = 5
wait_hist_us = logarithmic buckets
  hist[0] = 9537
  hist[1] = 539
  hist[2] = 33
  hist[3] = 9
  hist[4] = 5
  hist[5] = 1
  hist[9] = 64
  hist[10] = 151
  hist[11] = 35
  hist[14] = 45
  hist[15] = 66
  hist[16] = 14
  hist[17] = 1
by_callsite (caller PC; symbolize with addr2line):
   0 caller=0x7bf768d5c0d2 calls=4303 total_ms=6053.364 avg_us=1406.778 max_us=140882
   1 caller=0x7bf768d6098c calls=3416 total_ms=1.299 avg_us=0.380 max_us=4
   2 caller=0x7bf768d6089c calls=1264 total_ms=1.050 avg_us=0.831 max_us=15
   3 caller=0x7bf768d5f852 calls=253 total_ms=0.581 avg_us=2.296 max_us=36
   4 caller=0x7bf768d60abd calls=1264 total_ms=0.511 avg_us=0.404 max_us=19
direct_cudaStreamSynchronize: calls=4776 total_ms=25.271 max_us=2586
by_direct_callsite (file:line):
   0 /opt/llama.cpp/ggml/src/ggml-cuda/ggml-cuda.cu:839 calls=4423 total_ms=18.907 avg_us=4.275 max_us=353
   1 /opt/llama.cpp/ggml/src/ggml-cuda/ggml-cuda.cu:900 calls=12 total_ms=5.896 avg_us=491.333 max_us=2586
   2 /opt/llama.cpp/ggml/src/ggml-cuda/ggml-cuda.cu:2665 calls=191 total_ms=0.313 avg_us=1.639 max_us=10
   3 /opt/llama.cpp/ggml/src/ggml-cuda/ggml-cuda.cu:847 calls=150 total_ms=0.155 avg_us=1.033 max_us=3
=== END CUDA SYNC PROFILE ===

=== CUDA SYNC PROFILE (instrumentation only) ===
total_syncs = 10563
total_wait_ms = 6060.027
max_wait_us = 140882
sites = 5
wait_hist_us = logarithmic buckets
  hist[0] = 9596
  hist[1] = 541
  hist[2] = 33
  hist[3] = 9
  hist[4] = 5
  hist[5] = 1
  hist[9] = 64
  hist[10] = 153
  hist[11] = 35
  hist[14] = 45
  hist[15] = 66
  hist[16] = 14
  hist[17] = 1
by_callsite (caller PC; symbolize with addr2line):
   0 caller=0x7bf768d5c0d2 calls=4332 total_ms=6056.565 avg_us=1398.099 max_us=140882
   1 caller=0x7bf768d6098c calls=3433 total_ms=1.307 avg_us=0.381 max_us=4
   2 caller=0x7bf768d6089c calls=1272 total_ms=1.054 avg_us=0.829 max_us=15
   3 caller=0x7bf768d5f852 calls=254 total_ms=0.583 avg_us=2.295 max_us=36
   4 caller=0x7bf768d60abd calls=1272 total_ms=0.518 avg_us=0.407 max_us=19
direct_cudaStreamSynchronize: calls=4800 total_ms=25.371 max_us=2586
by_direct_callsite (file:line):
   0 /opt/llama.cpp/ggml/src/ggml-cuda/ggml-cuda.cu:839 calls=4447 total_ms=19.007 avg_us=4.274 max_us=353
   1 /opt/llama.cpp/ggml/src/ggml-cuda/ggml-cuda.cu:900 calls=12 total_ms=5.896 avg_us=491.333 max_us=2586
   2 /opt/llama.cpp/ggml/src/ggml-cuda/ggml-cuda.cu:2665 calls=191 total_ms=0.313 avg_us=1.639 max_us=10
   3 /opt/llama.cpp/ggml/src/ggml-cuda/ggml-cuda.cu:847 calls=150 total_ms=0.155 avg_us=1.033 max_us=3
=== END CUDA SYNC PROFILE ===
backend-sync-trace: count=10600 backend=CUDA0 caller=ggml_backend_sched_synchronize+0x62

=== CUDA SYNC PROFILE (instrumentation only) ===
total_syncs = 10600
total_wait_ms = 6108.930
max_wait_us = 140882
sites = 5
wait_hist_us = logarithmic buckets
  hist[0] = 9628
  hist[1] = 544
  hist[2] = 33
  hist[3] = 9
  hist[4] = 5
  hist[5] = 1
  hist[9] = 64
  hist[10] = 153
  hist[11] = 36
  hist[14] = 45
  hist[15] = 67
  hist[16] = 14
  hist[17] = 1
by_callsite (caller PC; symbolize with addr2line):
   0 caller=0x7bf768d5c0d2 calls=4345 total_ms=6105.455 avg_us=1405.168 max_us=140882
   1 caller=0x7bf768d6098c calls=3447 total_ms=1.312 avg_us=0.381 max_us=4
   2 caller=0x7bf768d6089c calls=1276 total_ms=1.057 avg_us=0.828 max_us=15
   3 caller=0x7bf768d5f852 calls=256 total_ms=0.587 avg_us=2.293 max_us=36
   4 caller=0x7bf768d60abd calls=1276 total_ms=0.519 avg_us=0.407 max_us=19
direct_cudaStreamSynchronize: calls=4817 total_ms=25.434 max_us=2586
by_direct_callsite (file:line):
   0 /opt/llama.cpp/ggml/src/ggml-cuda/ggml-cuda.cu:839 calls=4464 total_ms=19.070 avg_us=4.272 max_us=353
   1 /opt/llama.cpp/ggml/src/ggml-cuda/ggml-cuda.cu:900 calls=12 total_ms=5.896 avg_us=491.333 max_us=2586
   2 /opt/llama.cpp/ggml/src/ggml-cuda/ggml-cuda.cu:2665 calls=191 total_ms=0.313 avg_us=1.639 max_us=10
   3 /opt/llama.cpp/ggml/src/ggml-cuda/ggml-cuda.cu:847 calls=150 total_ms=0.155 avg_us=1.033 max_us=3
=== END CUDA SYNC PROFILE ===
backend-sync-trace: count=10700 backend=CUDA0 caller=ggml_backend_sched_synchronize+0x62

=== CUDA SYNC PROFILE (instrumentation only) ===
total_syncs = 10700
total_wait_ms = 6146.818
max_wait_us = 140882
sites = 5
wait_hist_us = logarithmic buckets
  hist[0] = 9720
  hist[1] = 548
  hist[2] = 33
  hist[3] = 9
  hist[4] = 5
  hist[5] = 1
  hist[9] = 66
  hist[10] = 154
  hist[11] = 36
  hist[14] = 45
  hist[15] = 68
  hist[16] = 14
  hist[17] = 1
by_callsite (caller PC; symbolize with addr2line):
   0 caller=0x7bf768d5c0d2 calls=4388 total_ms=6143.308 avg_us=1400.025 max_us=140882
   1 caller=0x7bf768d6098c calls=3478 total_ms=1.326 avg_us=0.381 max_us=4
   2 caller=0x7bf768d6089c calls=1288 total_ms=1.066 avg_us=0.828 max_us=15
   3 caller=0x7bf768d5f852 calls=258 total_ms=0.591 avg_us=2.291 max_us=36
   4 caller=0x7bf768d60abd calls=1288 total_ms=0.527 avg_us=0.409 max_us=19
direct_cudaStreamSynchronize: calls=4858 total_ms=25.596 max_us=2586
by_direct_callsite (file:line):
   0 /opt/llama.cpp/ggml/src/ggml-cuda/ggml-cuda.cu:839 calls=4505 total_ms=19.232 avg_us=4.269 max_us=353
   1 /opt/llama.cpp/ggml/src/ggml-cuda/ggml-cuda.cu:900 calls=12 total_ms=5.896 avg_us=491.333 max_us=2586
   2 /opt/llama.cpp/ggml/src/ggml-cuda/ggml-cuda.cu:2665 calls=191 total_ms=0.313 avg_us=1.639 max_us=10
   3 /opt/llama.cpp/ggml/src/ggml-cuda/ggml-cuda.cu:847 calls=150 total_ms=0.155 avg_us=1.033 max_us=3
=== END CUDA SYNC PROFILE ===
backend-sync-trace: count=10800 backend=CUDA0 caller=ggml_backend_sched_graph_compute_async_ext+0xffd

=== CUDA SYNC PROFILE (instrumentation only) ===
total_syncs = 10800
total_wait_ms = 6173.360
max_wait_us = 140882
sites = 5
wait_hist_us = logarithmic buckets
  hist[0] = 9813
  hist[1] = 551
  hist[2] = 33
  hist[3] = 9
  hist[4] = 6
  hist[5] = 1
  hist[9] = 67
  hist[10] = 155
  hist[11] = 36
  hist[14] = 46
  hist[15] = 68
  hist[16] = 14
  hist[17] = 1
by_callsite (caller PC; symbolize with addr2line):
   0 caller=0x7bf768d5c0d2 calls=4431 total_ms=6169.792 avg_us=1392.415 max_us=140882
   1 caller=0x7bf768d6098c calls=3505 total_ms=1.337 avg_us=0.381 max_us=4
   2 caller=0x7bf768d6089c calls=1302 total_ms=1.105 avg_us=0.849 max_us=28
   3 caller=0x7bf768d5f852 calls=260 total_ms=0.596 avg_us=2.292 max_us=36
   4 caller=0x7bf768d60abd calls=1302 total_ms=0.530 avg_us=0.407 max_us=19
direct_cudaStreamSynchronize: calls=4895 total_ms=25.744 max_us=2586
by_direct_callsite (file:line):
   0 /opt/llama.cpp/ggml/src/ggml-cuda/ggml-cuda.cu:839 calls=4542 total_ms=19.380 avg_us=4.267 max_us=353
   1 /opt/llama.cpp/ggml/src/ggml-cuda/ggml-cuda.cu:900 calls=12 total_ms=5.896 avg_us=491.333 max_us=2586
   2 /opt/llama.cpp/ggml/src/ggml-cuda/ggml-cuda.cu:2665 calls=191 total_ms=0.313 avg_us=1.639 max_us=10
   3 /opt/llama.cpp/ggml/src/ggml-cuda/ggml-cuda.cu:847 calls=150 total_ms=0.155 avg_us=1.033 max_us=3
=== END CUDA SYNC PROFILE ===

=== CUDA SYNC PROFILE (instrumentation only) ===
total_syncs = 10804
total_wait_ms = 6173.361
max_wait_us = 140882
sites = 5
wait_hist_us = logarithmic buckets
  hist[0] = 9817
  hist[1] = 551
  hist[2] = 33
  hist[3] = 9
  hist[4] = 6
  hist[5] = 1
  hist[9] = 67
  hist[10] = 155
  hist[11] = 36
  hist[14] = 46
  hist[15] = 68
  hist[16] = 14
  hist[17] = 1
by_callsite (caller PC; symbolize with addr2line):
   0 caller=0x7bf768d5c0d2 calls=4431 total_ms=6169.792 avg_us=1392.415 max_us=140882
   1 caller=0x7bf768d6098c calls=3509 total_ms=1.338 avg_us=0.381 max_us=4
   2 caller=0x7bf768d6089c calls=1302 total_ms=1.105 avg_us=0.849 max_us=28
   3 caller=0x7bf768d5f852 calls=260 total_ms=0.596 avg_us=2.292 max_us=36
   4 caller=0x7bf768d60abd calls=1302 total_ms=0.530 avg_us=0.407 max_us=19
direct_cudaStreamSynchronize: calls=4900 total_ms=25.779 max_us=2586
by_direct_callsite (file:line):
   0 /opt/llama.cpp/ggml/src/ggml-cuda/ggml-cuda.cu:839 calls=4547 total_ms=19.415 avg_us=4.270 max_us=353
   1 /opt/llama.cpp/ggml/src/ggml-cuda/ggml-cuda.cu:900 calls=12 total_ms=5.896 avg_us=491.333 max_us=2586
   2 /opt/llama.cpp/ggml/src/ggml-cuda/ggml-cuda.cu:2665 calls=191 total_ms=0.313 avg_us=1.639 max_us=10
   3 /opt/llama.cpp/ggml/src/ggml-cuda/ggml-cuda.cu:847 calls=150 total_ms=0.155 avg_us=1.033 max_us=3
=== END CUDA SYNC PROFILE ===
backend-sync-trace: count=10900 backend=CUDA0 caller=ggml_backend_sched_graph_compute_async_ext+0xecc

=== CUDA SYNC PROFILE (instrumentation only) ===
total_syncs = 10900
total_wait_ms = 6242.486
max_wait_us = 140882
sites = 5
wait_hist_us = logarithmic buckets
  hist[0] = 9904
  hist[1] = 556
  hist[2] = 33
  hist[3] = 9
  hist[4] = 6
  hist[5] = 1
  hist[9] = 67
  hist[10] = 156
  hist[11] = 37
  hist[14] = 47
  hist[15] = 69
  hist[16] = 14
  hist[17] = 1
by_callsite (caller PC; symbolize with addr2line):
   0 caller=0x7bf768d5c0d2 calls=4458 total_ms=6238.882 avg_us=1399.480 max_us=140882
   1 caller=0x7bf768d6098c calls=3551 total_ms=1.358 avg_us=0.382 max_us=4
   2 caller=0x7bf768d6089c calls=1314 total_ms=1.112 avg_us=0.846 max_us=28
   3 caller=0x7bf768d5f852 calls=263 total_ms=0.602 avg_us=2.289 max_us=36
   4 caller=0x7bf768d60abd calls=1314 total_ms=0.532 avg_us=0.405 max_us=19
direct_cudaStreamSynchronize: calls=4951 total_ms=25.993 max_us=2586
by_direct_callsite (file:line):
   0 /opt/llama.cpp/ggml/src/ggml-cuda/ggml-cuda.cu:839 calls=4598 total_ms=19.629 avg_us=4.269 max_us=353
   1 /opt/llama.cpp/ggml/src/ggml-cuda/ggml-cuda.cu:900 calls=12 total_ms=5.896 avg_us=491.333 max_us=2586
   2 /opt/llama.cpp/ggml/src/ggml-cuda/ggml-cuda.cu:2665 calls=191 total_ms=0.313 avg_us=1.639 max_us=10
   3 /opt/llama.cpp/ggml/src/ggml-cuda/ggml-cuda.cu:847 calls=150 total_ms=0.155 avg_us=1.033 max_us=3
=== END CUDA SYNC PROFILE ===
backend-sync-trace: count=11000 backend=CUDA0 caller=ggml_backend_sched_synchronize+0x62

=== CUDA SYNC PROFILE (instrumentation only) ===
total_syncs = 11000
total_wait_ms = 6298.685
max_wait_us = 140882
sites = 5
wait_hist_us = logarithmic buckets
  hist[0] = 9997
  hist[1] = 560
  hist[2] = 33
  hist[3] = 9
  hist[4] = 6
  hist[5] = 1
  hist[9] = 67
  hist[10] = 158
  hist[11] = 37
  hist[14] = 47
  hist[15] = 70
  hist[16] = 14
  hist[17] = 1
by_callsite (caller PC; symbolize with addr2line):
   0 caller=0x7bf768d5c0d2 calls=4509 total_ms=6295.060 avg_us=1396.110 max_us=140882
   1 caller=0x7bf768d6098c calls=3578 total_ms=1.366 avg_us=0.382 max_us=4
   2 caller=0x7bf768d6089c calls=1324 total_ms=1.122 avg_us=0.847 max_us=28
   3 caller=0x7bf768d5f852 calls=265 total_ms=0.605 avg_us=2.283 max_us=36
   4 caller=0x7bf768d60abd calls=1324 total_ms=0.532 avg_us=0.402 max_us=19
direct_cudaStreamSynchronize: calls=4986 total_ms=26.133 max_us=2586
by_direct_callsite (file:line):
   0 /opt/llama.cpp/ggml/src/ggml-cuda/ggml-cuda.cu:839 calls=4633 total_ms=19.769 avg_us=4.267 max_us=353
   1 /opt/llama.cpp/ggml/src/ggml-cuda/ggml-cuda.cu:900 calls=12 total_ms=5.896 avg_us=491.333 max_us=2586
   2 /opt/llama.cpp/ggml/src/ggml-cuda/ggml-cuda.cu:2665 calls=191 total_ms=0.313 avg_us=1.639 max_us=10
   3 /opt/llama.cpp/ggml/src/ggml-cuda/ggml-cuda.cu:847 calls=150 total_ms=0.155 avg_us=1.033 max_us=3
=== END CUDA SYNC PROFILE ===

=== CUDA SYNC PROFILE (instrumentation only) ===
total_syncs = 11042
total_wait_ms = 6303.939
max_wait_us = 140882
sites = 5
wait_hist_us = logarithmic buckets
  hist[0] = 10035
  hist[1] = 562
  hist[2] = 33
  hist[3] = 9
  hist[4] = 6
  hist[5] = 1
  hist[9] = 67
  hist[10] = 158
  hist[11] = 39
  hist[14] = 47
  hist[15] = 70
  hist[16] = 14
  hist[17] = 1
by_callsite (caller PC; symbolize with addr2line):
   0 caller=0x7bf768d5c0d2 calls=4530 total_ms=6300.302 avg_us=1390.795 max_us=140882
   1 caller=0x7bf768d6098c calls=3586 total_ms=1.370 avg_us=0.382 max_us=4
   2 caller=0x7bf768d6089c calls=1330 total_ms=1.126 avg_us=0.847 max_us=28
   3 caller=0x7bf768d5f852 calls=266 total_ms=0.607 avg_us=2.282 max_us=36
   4 caller=0x7bf768d60abd calls=1330 total_ms=0.534 avg_us=0.402 max_us=19
direct_cudaStreamSynchronize: calls=5000 total_ms=26.181 max_us=2586
by_direct_callsite (file:line):
   0 /opt/llama.cpp/ggml/src/ggml-cuda/ggml-cuda.cu:839 calls=4647 total_ms=19.817 avg_us=4.264 max_us=353
   1 /opt/llama.cpp/ggml/src/ggml-cuda/ggml-cuda.cu:900 calls=12 total_ms=5.896 avg_us=491.333 max_us=2586
   2 /opt/llama.cpp/ggml/src/ggml-cuda/ggml-cuda.cu:2665 calls=191 total_ms=0.313 avg_us=1.639 max_us=10
   3 /opt/llama.cpp/ggml/src/ggml-cuda/ggml-cuda.cu:847 calls=150 total_ms=0.155 avg_us=1.033 max_us=3
=== END CUDA SYNC PROFILE ===
backend-sync-trace: count=11100 backend=CUDA0 caller=ggml_backend_sched_synchronize+0x62

=== CUDA SYNC PROFILE (instrumentation only) ===
total_syncs = 11100
total_wait_ms = 6403.066
max_wait_us = 140882
sites = 5
wait_hist_us = logarithmic buckets
  hist[0] = 10089
  hist[1] = 564
  hist[2] = 33
  hist[3] = 9
  hist[4] = 6
  hist[5] = 1
  hist[9] = 67
  hist[10] = 159
  hist[11] = 39
  hist[14] = 47
  hist[15] = 70
  hist[16] = 15
  hist[17] = 1
by_callsite (caller PC; symbolize with addr2line):
   0 caller=0x7bf768d5c0d2 calls=4551 total_ms=6399.411 avg_us=1406.155 max_us=140882
   1 caller=0x7bf768d6098c calls=3609 total_ms=1.380 avg_us=0.382 max_us=4
   2 caller=0x7bf768d6089c calls=1336 total_ms=1.130 avg_us=0.846 max_us=28
   3 caller=0x7bf768d5f852 calls=268 total_ms=0.610 avg_us=2.276 max_us=36
   4 caller=0x7bf768d60abd calls=1336 total_ms=0.535 avg_us=0.400 max_us=19
direct_cudaStreamSynchronize: calls=5027 total_ms=26.291 max_us=2586
by_direct_callsite (file:line):
   0 /opt/llama.cpp/ggml/src/ggml-cuda/ggml-cuda.cu:839 calls=4674 total_ms=19.927 avg_us=4.263 max_us=353
   1 /opt/llama.cpp/ggml/src/ggml-cuda/ggml-cuda.cu:900 calls=12 total_ms=5.896 avg_us=491.333 max_us=2586
   2 /opt/llama.cpp/ggml/src/ggml-cuda/ggml-cuda.cu:2665 calls=191 total_ms=0.313 avg_us=1.639 max_us=10
   3 /opt/llama.cpp/ggml/src/ggml-cuda/ggml-cuda.cu:847 calls=150 total_ms=0.155 avg_us=1.033 max_us=3
=== END CUDA SYNC PROFILE ===
backend-sync-trace: count=11200 backend=CUDA0 caller=ggml_backend_sched_synchronize+0x62

=== CUDA SYNC PROFILE (instrumentation only) ===
total_syncs = 11200
total_wait_ms = 6455.084
max_wait_us = 140882
sites = 5
wait_hist_us = logarithmic buckets
  hist[0] = 10182
  hist[1] = 567
  hist[2] = 33
  hist[3] = 9
  hist[4] = 6
  hist[5] = 1
  hist[9] = 68
  hist[10] = 161
  hist[11] = 39
  hist[14] = 47
  hist[15] = 71
  hist[16] = 15
  hist[17] = 1
by_callsite (caller PC; symbolize with addr2line):
   0 caller=0x7bf768d5c0d2 calls=4594 total_ms=6451.403 avg_us=1404.311 max_us=140882
   1 caller=0x7bf768d6098c calls=3640 total_ms=1.392 avg_us=0.382 max_us=4
   2 caller=0x7bf768d6089c calls=1348 total_ms=1.137 avg_us=0.843 max_us=28
   3 caller=0x7bf768d5f852 calls=270 total_ms=0.613 avg_us=2.270 max_us=36
   4 caller=0x7bf768d60abd calls=1348 total_ms=0.539 avg_us=0.400 max_us=19
direct_cudaStreamSynchronize: calls=5068 total_ms=26.449 max_us=2586
by_direct_callsite (file:line):
   0 /opt/llama.cpp/ggml/src/ggml-cuda/ggml-cuda.cu:839 calls=4715 total_ms=20.085 avg_us=4.260 max_us=353
   1 /opt/llama.cpp/ggml/src/ggml-cuda/ggml-cuda.cu:900 calls=12 total_ms=5.896 avg_us=491.333 max_us=2586
   2 /opt/llama.cpp/ggml/src/ggml-cuda/ggml-cuda.cu:2665 calls=191 total_ms=0.313 avg_us=1.639 max_us=10
   3 /opt/llama.cpp/ggml/src/ggml-cuda/ggml-cuda.cu:847 calls=150 total_ms=0.155 avg_us=1.033 max_us=3
=== END CUDA SYNC PROFILE ===

=== CUDA SYNC PROFILE (instrumentation only) ===
total_syncs = 11280
total_wait_ms = 6498.418
max_wait_us = 140882
sites = 5
wait_hist_us = logarithmic buckets
  hist[0] = 10258
  hist[1] = 569
  hist[2] = 33
  hist[3] = 9
  hist[4] = 6
  hist[5] = 1
  hist[9] = 69
  hist[10] = 161
  hist[11] = 39
  hist[14] = 47
  hist[15] = 72
  hist[16] = 15
  hist[17] = 1
by_callsite (caller PC; symbolize with addr2line):
   0 caller=0x7bf768d5c0d2 calls=4628 total_ms=6494.715 avg_us=1403.352 max_us=140882
   1 caller=0x7bf768d6098c calls=3664 total_ms=1.403 avg_us=0.383 max_us=4
   2 caller=0x7bf768d6089c calls=1358 total_ms=1.142 avg_us=0.841 max_us=28
   3 caller=0x7bf768d5f852 calls=272 total_ms=0.616 avg_us=2.265 max_us=36
   4 caller=0x7bf768d60abd calls=1358 total_ms=0.542 avg_us=0.399 max_us=19
direct_cudaStreamSynchronize: calls=5100 total_ms=26.581 max_us=2586
by_direct_callsite (file:line):
   0 /opt/llama.cpp/ggml/src/ggml-cuda/ggml-cuda.cu:839 calls=4747 total_ms=20.217 avg_us=4.259 max_us=353
   1 /opt/llama.cpp/ggml/src/ggml-cuda/ggml-cuda.cu:900 calls=12 total_ms=5.896 avg_us=491.333 max_us=2586
   2 /opt/llama.cpp/ggml/src/ggml-cuda/ggml-cuda.cu:2665 calls=191 total_ms=0.313 avg_us=1.639 max_us=10
   3 /opt/llama.cpp/ggml/src/ggml-cuda/ggml-cuda.cu:847 calls=150 total_ms=0.155 avg_us=1.033 max_us=3
=== END CUDA SYNC PROFILE ===
backend-sync-trace: count=11300 backend=CUDA0 caller=ggml_backend_sched_graph_compute_async_ext+0xecc

=== CUDA SYNC PROFILE (instrumentation only) ===
total_syncs = 11300
total_wait_ms = 6500.184
max_wait_us = 140882
sites = 5
wait_hist_us = logarithmic buckets
  hist[0] = 10276
  hist[1] = 570
  hist[2] = 33
  hist[3] = 9
  hist[4] = 6
  hist[5] = 1
  hist[9] = 69
  hist[10] = 162
  hist[11] = 39
  hist[14] = 47
  hist[15] = 72
  hist[16] = 15
  hist[17] = 1
by_callsite (caller PC; symbolize with addr2line):
   0 caller=0x7bf768d5c0d2 calls=4635 total_ms=6496.475 avg_us=1401.613 max_us=140882
   1 caller=0x7bf768d6098c calls=3669 total_ms=1.404 avg_us=0.383 max_us=4
   2 caller=0x7bf768d6089c calls=1362 total_ms=1.146 avg_us=0.841 max_us=28
   3 caller=0x7bf768d5f852 calls=272 total_ms=0.616 avg_us=2.265 max_us=36
   4 caller=0x7bf768d60abd calls=1362 total_ms=0.543 avg_us=0.399 max_us=19
direct_cudaStreamSynchronize: calls=5107 total_ms=26.605 max_us=2586
by_direct_callsite (file:line):
   0 /opt/llama.cpp/ggml/src/ggml-cuda/ggml-cuda.cu:839 calls=4754 total_ms=20.241 avg_us=4.258 max_us=353
   1 /opt/llama.cpp/ggml/src/ggml-cuda/ggml-cuda.cu:900 calls=12 total_ms=5.896 avg_us=491.333 max_us=2586
   2 /opt/llama.cpp/ggml/src/ggml-cuda/ggml-cuda.cu:2665 calls=191 total_ms=0.313 avg_us=1.639 max_us=10
   3 /opt/llama.cpp/ggml/src/ggml-cuda/ggml-cuda.cu:847 calls=150 total_ms=0.155 avg_us=1.033 max_us=3
=== END CUDA SYNC PROFILE ===
backend-sync-trace: count=11400 backend=CUDA0 caller=ggml_backend_sched_graph_compute_async_ext+0xffd

=== CUDA SYNC PROFILE (instrumentation only) ===
total_syncs = 11400
total_wait_ms = 6583.793
max_wait_us = 140882
sites = 5
wait_hist_us = logarithmic buckets
  hist[0] = 10367
  hist[1] = 575
  hist[2] = 33
  hist[3] = 9
  hist[4] = 6
  hist[5] = 1
  hist[9] = 69
  hist[10] = 164
  hist[11] = 39
  hist[14] = 47
  hist[15] = 74
  hist[16] = 15
  hist[17] = 1
by_callsite (caller PC; symbolize with addr2line):
   0 caller=0x7bf768d5c0d2 calls=4668 total_ms=6580.044 avg_us=1409.607 max_us=140882
   1 caller=0x7bf768d6098c calls=3709 total_ms=1.420 avg_us=0.383 max_us=4
   2 caller=0x7bf768d6089c calls=1374 total_ms=1.154 avg_us=0.840 max_us=28
   3 caller=0x7bf768d5f852 calls=275 total_ms=0.622 avg_us=2.262 max_us=36
   4 caller=0x7bf768d60abd calls=1374 total_ms=0.553 avg_us=0.402 max_us=19
direct_cudaStreamSynchronize: calls=5157 total_ms=26.826 max_us=2586
by_direct_callsite (file:line):
   0 /opt/llama.cpp/ggml/src/ggml-cuda/ggml-cuda.cu:839 calls=4804 total_ms=20.462 avg_us=4.259 max_us=353
   1 /opt/llama.cpp/ggml/src/ggml-cuda/ggml-cuda.cu:900 calls=12 total_ms=5.896 avg_us=491.333 max_us=2586
   2 /opt/llama.cpp/ggml/src/ggml-cuda/ggml-cuda.cu:2665 calls=191 total_ms=0.313 avg_us=1.639 max_us=10
   3 /opt/llama.cpp/ggml/src/ggml-cuda/ggml-cuda.cu:847 calls=150 total_ms=0.155 avg_us=1.033 max_us=3
=== END CUDA SYNC PROFILE ===
backend-sync-trace: count=11500 backend=CUDA0 caller=ggml_backend_sched_synchronize+0x62

=== CUDA SYNC PROFILE (instrumentation only) ===
total_syncs = 11500
total_wait_ms = 6615.321
max_wait_us = 140882
sites = 5
wait_hist_us = logarithmic buckets
  hist[0] = 10460
  hist[1] = 579
  hist[2] = 33
  hist[3] = 9
  hist[4] = 6
  hist[5] = 1
  hist[9] = 69
  hist[10] = 166
  hist[11] = 39
  hist[14] = 48
  hist[15] = 74
  hist[16] = 15
  hist[17] = 1
by_callsite (caller PC; symbolize with addr2line):
   0 caller=0x7bf768d5c0d2 calls=4715 total_ms=6611.543 avg_us=1402.236 max_us=140882
   1 caller=0x7bf768d6098c calls=3740 total_ms=1.433 avg_us=0.383 max_us=4
   2 caller=0x7bf768d6089c calls=1384 total_ms=1.160 avg_us=0.838 max_us=28
   3 caller=0x7bf768d5f852 calls=277 total_ms=0.625 avg_us=2.256 max_us=36
   4 caller=0x7bf768d60abd calls=1384 total_ms=0.560 avg_us=0.405 max_us=19
direct_cudaStreamSynchronize: calls=5196 total_ms=26.982 max_us=2586
by_direct_callsite (file:line):
   0 /opt/llama.cpp/ggml/src/ggml-cuda/ggml-cuda.cu:839 calls=4843 total_ms=20.618 avg_us=4.257 max_us=353
   1 /opt/llama.cpp/ggml/src/ggml-cuda/ggml-cuda.cu:900 calls=12 total_ms=5.896 avg_us=491.333 max_us=2586
   2 /opt/llama.cpp/ggml/src/ggml-cuda/ggml-cuda.cu:2665 calls=191 total_ms=0.313 avg_us=1.639 max_us=10
   3 /opt/llama.cpp/ggml/src/ggml-cuda/ggml-cuda.cu:847 calls=150 total_ms=0.155 avg_us=1.033 max_us=3
=== END CUDA SYNC PROFILE ===

=== CUDA SYNC PROFILE (instrumentation only) ===
total_syncs = 11518
total_wait_ms = 6615.334
max_wait_us = 140882
sites = 5
wait_hist_us = logarithmic buckets
  hist[0] = 10477
  hist[1] = 580
  hist[2] = 33
  hist[3] = 9
  hist[4] = 6
  hist[5] = 1
  hist[9] = 69
  hist[10] = 166
  hist[11] = 39
  hist[14] = 48
  hist[15] = 74
  hist[16] = 15
  hist[17] = 1
by_callsite (caller PC; symbolize with addr2line):
   0 caller=0x7bf768d5c0d2 calls=4726 total_ms=6611.552 avg_us=1398.974 max_us=140882
   1 caller=0x7bf768d6098c calls=3742 total_ms=1.433 avg_us=0.383 max_us=4
   2 caller=0x7bf768d6089c calls=1386 total_ms=1.161 avg_us=0.838 max_us=28
   3 caller=0x7bf768d5f852 calls=278 total_ms=0.627 avg_us=2.255 max_us=36
   4 caller=0x7bf768d60abd calls=1386 total_ms=0.561 avg_us=0.405 max_us=19
direct_cudaStreamSynchronize: calls=5200 total_ms=26.998 max_us=2586
by_direct_callsite (file:line):
   0 /opt/llama.cpp/ggml/src/ggml-cuda/ggml-cuda.cu:839 calls=4847 total_ms=20.634 avg_us=4.257 max_us=353
   1 /opt/llama.cpp/ggml/src/ggml-cuda/ggml-cuda.cu:900 calls=12 total_ms=5.896 avg_us=491.333 max_us=2586
   2 /opt/llama.cpp/ggml/src/ggml-cuda/ggml-cuda.cu:2665 calls=191 total_ms=0.313 avg_us=1.639 max_us=10
   3 /opt/llama.cpp/ggml/src/ggml-cuda/ggml-cuda.cu:847 calls=150 total_ms=0.155 avg_us=1.033 max_us=3
=== END CUDA SYNC PROFILE ===
backend-sync-trace: count=11600 backend=CUDA0 caller=ggml_backend_sched_graph_compute_async_ext+0xecc

=== CUDA SYNC PROFILE (instrumentation only) ===
total_syncs = 11600
total_wait_ms = 6645.359
max_wait_us = 140882
sites = 5
wait_hist_us = logarithmic buckets
  hist[0] = 10553
  hist[1] = 583
  hist[2] = 33
  hist[3] = 9
  hist[4] = 6
  hist[5] = 1
  hist[9] = 69
  hist[10] = 168
  hist[11] = 39
  hist[14] = 49
  hist[15] = 74
  hist[16] = 15
  hist[17] = 1
by_callsite (caller PC; symbolize with addr2line):
   0 caller=0x7bf768d5c0d2 calls=4757 total_ms=6641.555 avg_us=1396.165 max_us=140882
   1 caller=0x7bf768d6098c calls=3771 total_ms=1.441 avg_us=0.382 max_us=4
   2 caller=0x7bf768d6089c calls=1396 total_ms=1.167 avg_us=0.836 max_us=28
   3 caller=0x7bf768d5f852 calls=280 total_ms=0.630 avg_us=2.250 max_us=36
   4 caller=0x7bf768d60abd calls=1396 total_ms=0.566 avg_us=0.405 max_us=19
direct_cudaStreamSynchronize: calls=5236 total_ms=27.143 max_us=2586
by_direct_callsite (file:line):
   0 /opt/llama.cpp/ggml/src/ggml-cuda/ggml-cuda.cu:839 calls=4883 total_ms=20.779 avg_us=4.255 max_us=353
   1 /opt/llama.cpp/ggml/src/ggml-cuda/ggml-cuda.cu:900 calls=12 total_ms=5.896 avg_us=491.333 max_us=2586
   2 /opt/llama.cpp/ggml/src/ggml-cuda/ggml-cuda.cu:2665 calls=191 total_ms=0.313 avg_us=1.639 max_us=10
   3 /opt/llama.cpp/ggml/src/ggml-cuda/ggml-cuda.cu:847 calls=150 total_ms=0.155 avg_us=1.033 max_us=3
=== END CUDA SYNC PROFILE ===
backend-sync-trace: count=11700 backend=CUDA0 caller=ggml_backend_sched_graph_compute_async_ext+0xecc

=== CUDA SYNC PROFILE (instrumentation only) ===
total_syncs = 11700
total_wait_ms = 6684.322
max_wait_us = 140882
sites = 5
wait_hist_us = logarithmic buckets
  hist[0] = 10645
  hist[1] = 587
  hist[2] = 33
  hist[3] = 9
  hist[4] = 6
  hist[5] = 1
  hist[9] = 70
  hist[10] = 170
  hist[11] = 39
  hist[14] = 49
  hist[15] = 75
  hist[16] = 15
  hist[17] = 1
by_callsite (caller PC; symbolize with addr2line):
   0 caller=0x7bf768d5c0d2 calls=4801 total_ms=6680.485 avg_us=1391.478 max_us=140882
   1 caller=0x7bf768d6098c calls=3801 total_ms=1.454 avg_us=0.383 max_us=4
   2 caller=0x7bf768d6089c calls=1408 total_ms=1.175 avg_us=0.835 max_us=28
   3 caller=0x7bf768d5f852 calls=282 total_ms=0.635 avg_us=2.252 max_us=36
   4 caller=0x7bf768d60abd calls=1408 total_ms=0.573 avg_us=0.407 max_us=19
direct_cudaStreamSynchronize: calls=5276 total_ms=27.322 max_us=2586
by_direct_callsite (file:line):
   0 /opt/llama.cpp/ggml/src/ggml-cuda/ggml-cuda.cu:839 calls=4923 total_ms=20.958 avg_us=4.257 max_us=353
   1 /opt/llama.cpp/ggml/src/ggml-cuda/ggml-cuda.cu:900 calls=12 total_ms=5.896 avg_us=491.333 max_us=2586
   2 /opt/llama.cpp/ggml/src/ggml-cuda/ggml-cuda.cu:2665 calls=191 total_ms=0.313 avg_us=1.639 max_us=10
   3 /opt/llama.cpp/ggml/src/ggml-cuda/ggml-cuda.cu:847 calls=150 total_ms=0.155 avg_us=1.033 max_us=3
=== END CUDA SYNC PROFILE ===

=== CUDA SYNC PROFILE (instrumentation only) ===
total_syncs = 11740
total_wait_ms = 6715.810
max_wait_us = 140882
sites = 5
wait_hist_us = logarithmic buckets
  hist[0] = 10680
  hist[1] = 590
  hist[2] = 33
  hist[3] = 9
  hist[4] = 6
  hist[5] = 1
  hist[9] = 71
  hist[10] = 170
  hist[11] = 39
  hist[14] = 50
  hist[15] = 75
  hist[16] = 15
  hist[17] = 1
by_callsite (caller PC; symbolize with addr2line):
   0 caller=0x7bf768d5c0d2 calls=4810 total_ms=6711.952 avg_us=1395.416 max_us=140882
   1 caller=0x7bf768d6098c calls=3819 total_ms=1.465 avg_us=0.384 max_us=4
   2 caller=0x7bf768d6089c calls=1414 total_ms=1.181 avg_us=0.835 max_us=28
   3 caller=0x7bf768d5f852 calls=283 total_ms=0.637 avg_us=2.251 max_us=36
   4 caller=0x7bf768d60abd calls=1414 total_ms=0.575 avg_us=0.407 max_us=19
direct_cudaStreamSynchronize: calls=5300 total_ms=27.426 max_us=2586
by_direct_callsite (file:line):
   0 /opt/llama.cpp/ggml/src/ggml-cuda/ggml-cuda.cu:839 calls=4947 total_ms=21.062 avg_us=4.258 max_us=353
   1 /opt/llama.cpp/ggml/src/ggml-cuda/ggml-cuda.cu:900 calls=12 total_ms=5.896 avg_us=491.333 max_us=2586
   2 /opt/llama.cpp/ggml/src/ggml-cuda/ggml-cuda.cu:2665 calls=191 total_ms=0.313 avg_us=1.639 max_us=10
   3 /opt/llama.cpp/ggml/src/ggml-cuda/ggml-cuda.cu:847 calls=150 total_ms=0.155 avg_us=1.033 max_us=3
=== END CUDA SYNC PROFILE ===
backend-sync-trace: count=11800 backend=CUDA0 caller=ggml_backend_sched_graph_compute_async_ext+0xecc

=== CUDA SYNC PROFILE (instrumentation only) ===
total_syncs = 11800
total_wait_ms = 6720.142
max_wait_us = 140882
sites = 5
wait_hist_us = logarithmic buckets
  hist[0] = 10736
  hist[1] = 591
  hist[2] = 34
  hist[3] = 9
  hist[4] = 6
  hist[5] = 1
  hist[9] = 71
  hist[10] = 171
  hist[11] = 40
  hist[14] = 50
  hist[15] = 75
  hist[16] = 15
  hist[17] = 1
by_callsite (caller PC; symbolize with addr2line):
   0 caller=0x7bf768d5c0d2 calls=4833 total_ms=6716.262 avg_us=1389.667 max_us=140882
   1 caller=0x7bf768d6098c calls=3839 total_ms=1.475 avg_us=0.384 max_us=4
   2 caller=0x7bf768d6089c calls=1422 total_ms=1.188 avg_us=0.835 max_us=28
   3 caller=0x7bf768d5f852 calls=284 total_ms=0.639 avg_us=2.250 max_us=36
   4 caller=0x7bf768d60abd calls=1422 total_ms=0.578 avg_us=0.406 max_us=19
direct_cudaStreamSynchronize: calls=5325 total_ms=27.526 max_us=2586
by_direct_callsite (file:line):
   0 /opt/llama.cpp/ggml/src/ggml-cuda/ggml-cuda.cu:839 calls=4972 total_ms=21.162 avg_us=4.256 max_us=353
   1 /opt/llama.cpp/ggml/src/ggml-cuda/ggml-cuda.cu:900 calls=12 total_ms=5.896 avg_us=491.333 max_us=2586
   2 /opt/llama.cpp/ggml/src/ggml-cuda/ggml-cuda.cu:2665 calls=191 total_ms=0.313 avg_us=1.639 max_us=10
   3 /opt/llama.cpp/ggml/src/ggml-cuda/ggml-cuda.cu:847 calls=150 total_ms=0.155 avg_us=1.033 max_us=3
=== END CUDA SYNC PROFILE ===
backend-sync-trace: count=11900 backend=CUDA0 caller=ggml_backend_sched_synchronize+0x62

=== CUDA SYNC PROFILE (instrumentation only) ===
total_syncs = 11900
total_wait_ms = 6842.404
max_wait_us = 140882
sites = 5
wait_hist_us = logarithmic buckets
  hist[0] = 10825
  hist[1] = 596
  hist[2] = 36
  hist[3] = 9
  hist[4] = 6
  hist[5] = 1
  hist[9] = 72
  hist[10] = 172
  hist[11] = 40
  hist[14] = 50
  hist[15] = 77
  hist[16] = 15
  hist[17] = 1
by_callsite (caller PC; symbolize with addr2line):
   0 caller=0x7bf768d5c0d2 calls=4870 total_ms=6838.490 avg_us=1404.207 max_us=140882
   1 caller=0x7bf768d6098c calls=3875 total_ms=1.484 avg_us=0.383 max_us=4
   2 caller=0x7bf768d6089c calls=1434 total_ms=1.200 avg_us=0.837 max_us=28
   3 caller=0x7bf768d5f852 calls=287 total_ms=0.648 avg_us=2.258 max_us=36
   4 caller=0x7bf768d60abd calls=1434 total_ms=0.582 avg_us=0.406 max_us=19
direct_cudaStreamSynchronize: calls=5371 total_ms=27.710 max_us=2586
by_direct_callsite (file:line):
   0 /opt/llama.cpp/ggml/src/ggml-cuda/ggml-cuda.cu:839 calls=5018 total_ms=21.346 avg_us=4.254 max_us=353
   1 /opt/llama.cpp/ggml/src/ggml-cuda/ggml-cuda.cu:900 calls=12 total_ms=5.896 avg_us=491.333 max_us=2586
   2 /opt/llama.cpp/ggml/src/ggml-cuda/ggml-cuda.cu:2665 calls=191 total_ms=0.313 avg_us=1.639 max_us=10
   3 /opt/llama.cpp/ggml/src/ggml-cuda/ggml-cuda.cu:847 calls=150 total_ms=0.155 avg_us=1.033 max_us=3
=== END CUDA SYNC PROFILE ===

=== CUDA SYNC PROFILE (instrumentation only) ===
total_syncs = 11964
total_wait_ms = 6845.084
max_wait_us = 140882
sites = 5
wait_hist_us = logarithmic buckets
  hist[0] = 10885
  hist[1] = 598
  hist[2] = 36
  hist[3] = 9
  hist[4] = 6
  hist[5] = 1
  hist[9] = 73
  hist[10] = 173
  hist[11] = 40
  hist[14] = 50
  hist[15] = 77
  hist[16] = 15
  hist[17] = 1
by_callsite (caller PC; symbolize with addr2line):
   0 caller=0x7bf768d5c0d2 calls=4895 total_ms=6841.144 avg_us=1397.578 max_us=140882
   1 caller=0x7bf768d6098c calls=3897 total_ms=1.497 avg_us=0.384 max_us=4
   2 caller=0x7bf768d6089c calls=1442 total_ms=1.207 avg_us=0.837 max_us=28
   3 caller=0x7bf768d5f852 calls=288 total_ms=0.651 avg_us=2.260 max_us=36
   4 caller=0x7bf768d60abd calls=1442 total_ms=0.585 avg_us=0.406 max_us=19
direct_cudaStreamSynchronize: calls=5400 total_ms=27.816 max_us=2586
by_direct_callsite (file:line):
   0 /opt/llama.cpp/ggml/src/ggml-cuda/ggml-cuda.cu:839 calls=5047 total_ms=21.452 avg_us=4.250 max_us=353
   1 /opt/llama.cpp/ggml/src/ggml-cuda/ggml-cuda.cu:900 calls=12 total_ms=5.896 avg_us=491.333 max_us=2586
   2 /opt/llama.cpp/ggml/src/ggml-cuda/ggml-cuda.cu:2665 calls=191 total_ms=0.313 avg_us=1.639 max_us=10
   3 /opt/llama.cpp/ggml/src/ggml-cuda/ggml-cuda.cu:847 calls=150 total_ms=0.155 avg_us=1.033 max_us=3
=== END CUDA SYNC PROFILE ===
backend-sync-trace: count=12000 backend=CUDA0 caller=ggml_backend_sched_graph_compute_async_ext+0xffd

=== CUDA SYNC PROFILE (instrumentation only) ===
total_syncs = 12000
total_wait_ms = 6894.223
max_wait_us = 140882
sites = 5
wait_hist_us = logarithmic buckets
  hist[0] = 10916
  hist[1] = 602
  hist[2] = 36
  hist[3] = 9
  hist[4] = 6
  hist[5] = 1
  hist[9] = 73
  hist[10] = 173
  hist[11] = 40
  hist[14] = 50
  hist[15] = 78
  hist[16] = 15
  hist[17] = 1
by_callsite (caller PC; symbolize with addr2line):
   0 caller=0x7bf768d5c0d2 calls=4918 total_ms=6890.269 avg_us=1401.031 max_us=140882
   1 caller=0x7bf768d6098c calls=3902 total_ms=1.500 avg_us=0.384 max_us=4
   2 caller=0x7bf768d6089c calls=1445 total_ms=1.210 avg_us=0.837 max_us=28
   3 caller=0x7bf768d5f852 calls=290 total_ms=0.656 avg_us=2.262 max_us=36
   4 caller=0x7bf768d60abd calls=1445 total_ms=0.588 avg_us=0.407 max_us=19
direct_cudaStreamSynchronize: calls=5406 total_ms=27.844 max_us=2586
by_direct_callsite (file:line):
   0 /opt/llama.cpp/ggml/src/ggml-cuda/ggml-cuda.cu:839 calls=5053 total_ms=21.480 avg_us=4.251 max_us=353
   1 /opt/llama.cpp/ggml/src/ggml-cuda/ggml-cuda.cu:900 calls=12 total_ms=5.896 avg_us=491.333 max_us=2586
   2 /opt/llama.cpp/ggml/src/ggml-cuda/ggml-cuda.cu:2665 calls=191 total_ms=0.313 avg_us=1.639 max_us=10
   3 /opt/llama.cpp/ggml/src/ggml-cuda/ggml-cuda.cu:847 calls=150 total_ms=0.155 avg_us=1.033 max_us=3
=== END CUDA SYNC PROFILE ===
backend-sync-trace: count=12100 backend=CUDA0 caller=ggml_backend_sched_synchronize+0x62

=== CUDA SYNC PROFILE (instrumentation only) ===
total_syncs = 12100
total_wait_ms = 6952.868
max_wait_us = 140882
sites = 5
wait_hist_us = logarithmic buckets
  hist[0] = 11006
  hist[1] = 606
  hist[2] = 36
  hist[3] = 9
  hist[4] = 7
  hist[5] = 1
  hist[9] = 73
  hist[10] = 176
  hist[11] = 41
  hist[14] = 50
  hist[15] = 79
  hist[16] = 15
  hist[17] = 1
by_callsite (caller PC; symbolize with addr2line):
   0 caller=0x7bf768d5c0d2 calls=4955 total_ms=6948.862 avg_us=1402.394 max_us=140882
   1 caller=0x7bf768d6098c calls=3937 total_ms=1.537 avg_us=0.390 max_us=24
   2 caller=0x7bf768d6089c calls=1458 total_ms=1.219 avg_us=0.836 max_us=28
   3 caller=0x7bf768d5f852 calls=292 total_ms=0.659 avg_us=2.257 max_us=36
   4 caller=0x7bf768d60abd calls=1458 total_ms=0.591 avg_us=0.405 max_us=19
direct_cudaStreamSynchronize: calls=5453 total_ms=28.025 max_us=2586
by_direct_callsite (file:line):
   0 /opt/llama.cpp/ggml/src/ggml-cuda/ggml-cuda.cu:839 calls=5100 total_ms=21.661 avg_us=4.247 max_us=353
   1 /opt/llama.cpp/ggml/src/ggml-cuda/ggml-cuda.cu:900 calls=12 total_ms=5.896 avg_us=491.333 max_us=2586
   2 /opt/llama.cpp/ggml/src/ggml-cuda/ggml-cuda.cu:2665 calls=191 total_ms=0.313 avg_us=1.639 max_us=10
   3 /opt/llama.cpp/ggml/src/ggml-cuda/ggml-cuda.cu:847 calls=150 total_ms=0.155 avg_us=1.033 max_us=3
=== END CUDA SYNC PROFILE ===

=== CUDA SYNC PROFILE (instrumentation only) ===
total_syncs = 12199
total_wait_ms = 6995.169
max_wait_us = 140882
sites = 5
wait_hist_us = logarithmic buckets
  hist[0] = 11097
  hist[1] = 610
  hist[2] = 36
  hist[3] = 9
  hist[4] = 8
  hist[5] = 1
  hist[9] = 73
  hist[10] = 178
  hist[11] = 41
  hist[14] = 50
  hist[15] = 80
  hist[16] = 15
  hist[17] = 1
by_callsite (caller PC; symbolize with addr2line):
   0 caller=0x7bf768d5c0d2 calls=4988 total_ms=6991.111 avg_us=1401.586 max_us=140882
   1 caller=0x7bf768d6098c calls=3973 total_ms=1.553 avg_us=0.391 max_us=24
   2 caller=0x7bf768d6089c calls=1472 total_ms=1.230 avg_us=0.836 max_us=28
   3 caller=0x7bf768d5f852 calls=294 total_ms=0.663 avg_us=2.255 max_us=36
   4 caller=0x7bf768d60abd calls=1472 total_ms=0.612 avg_us=0.416 max_us=19
direct_cudaStreamSynchronize: calls=5500 total_ms=28.236 max_us=2586
by_direct_callsite (file:line):
   0 /opt/llama.cpp/ggml/src/ggml-cuda/ggml-cuda.cu:839 calls=5147 total_ms=21.872 avg_us=4.249 max_us=353
   1 /opt/llama.cpp/ggml/src/ggml-cuda/ggml-cuda.cu:900 calls=12 total_ms=5.896 avg_us=491.333 max_us=2586
   2 /opt/llama.cpp/ggml/src/ggml-cuda/ggml-cuda.cu:2665 calls=191 total_ms=0.313 avg_us=1.639 max_us=10
   3 /opt/llama.cpp/ggml/src/ggml-cuda/ggml-cuda.cu:847 calls=150 total_ms=0.155 avg_us=1.033 max_us=3
=== END CUDA SYNC PROFILE ===
backend-sync-trace: count=12200 backend=CUDA0 caller=ggml_backend_sched_graph_compute_async_ext+0xecc

=== CUDA SYNC PROFILE (instrumentation only) ===
total_syncs = 12200
total_wait_ms = 6995.170
max_wait_us = 140882
sites = 5
wait_hist_us = logarithmic buckets
  hist[0] = 11098
  hist[1] = 610
  hist[2] = 36
  hist[3] = 9
  hist[4] = 8
  hist[5] = 1
  hist[9] = 73
  hist[10] = 178
  hist[11] = 41
  hist[14] = 50
  hist[15] = 80
  hist[16] = 15
  hist[17] = 1
by_callsite (caller PC; symbolize with addr2line):
   0 caller=0x7bf768d5c0d2 calls=4988 total_ms=6991.111 avg_us=1401.586 max_us=140882
   1 caller=0x7bf768d6098c calls=3974 total_ms=1.554 avg_us=0.391 max_us=24
   2 caller=0x7bf768d6089c calls=1472 total_ms=1.230 avg_us=0.836 max_us=28
   3 caller=0x7bf768d5f852 calls=294 total_ms=0.663 avg_us=2.255 max_us=36
   4 caller=0x7bf768d60abd calls=1472 total_ms=0.612 avg_us=0.416 max_us=19
direct_cudaStreamSynchronize: calls=5500 total_ms=28.236 max_us=2586
by_direct_callsite (file:line):
   0 /opt/llama.cpp/ggml/src/ggml-cuda/ggml-cuda.cu:839 calls=5147 total_ms=21.872 avg_us=4.249 max_us=353
   1 /opt/llama.cpp/ggml/src/ggml-cuda/ggml-cuda.cu:900 calls=12 total_ms=5.896 avg_us=491.333 max_us=2586
   2 /opt/llama.cpp/ggml/src/ggml-cuda/ggml-cuda.cu:2665 calls=191 total_ms=0.313 avg_us=1.639 max_us=10
   3 /opt/llama.cpp/ggml/src/ggml-cuda/ggml-cuda.cu:847 calls=150 total_ms=0.155 avg_us=1.033 max_us=3
=== END CUDA SYNC PROFILE ===
backend-sync-trace: count=12300 backend=CUDA0 caller=ggml_backend_sched_synchronize+0x62

=== CUDA SYNC PROFILE (instrumentation only) ===
total_syncs = 12300
total_wait_ms = 7079.333
max_wait_us = 140882
sites = 5
wait_hist_us = logarithmic buckets
  hist[0] = 11188
  hist[1] = 616
  hist[2] = 36
  hist[3] = 9
  hist[4] = 8
  hist[5] = 1
  hist[9] = 73
  hist[10] = 180
  hist[11] = 41
  hist[14] = 50
  hist[15] = 82
  hist[16] = 15
  hist[17] = 1
by_callsite (caller PC; symbolize with addr2line):
   0 caller=0x7bf768d5c0d2 calls=5025 total_ms=7075.242 avg_us=1408.008 max_us=140882
   1 caller=0x7bf768d6098c calls=4010 total_ms=1.562 avg_us=0.390 max_us=24
   2 caller=0x7bf768d6089c calls=1484 total_ms=1.240 avg_us=0.836 max_us=28
   3 caller=0x7bf768d5f852 calls=297 total_ms=0.670 avg_us=2.256 max_us=36
   4 caller=0x7bf768d60abd calls=1484 total_ms=0.619 avg_us=0.417 max_us=19
direct_cudaStreamSynchronize: calls=5546 total_ms=28.439 max_us=2586
by_direct_callsite (file:line):
   0 /opt/llama.cpp/ggml/src/ggml-cuda/ggml-cuda.cu:839 calls=5193 total_ms=22.075 avg_us=4.251 max_us=353
   1 /opt/llama.cpp/ggml/src/ggml-cuda/ggml-cuda.cu:900 calls=12 total_ms=5.896 avg_us=491.333 max_us=2586
   2 /opt/llama.cpp/ggml/src/ggml-cuda/ggml-cuda.cu:2665 calls=191 total_ms=0.313 avg_us=1.639 max_us=10
   3 /opt/llama.cpp/ggml/src/ggml-cuda/ggml-cuda.cu:847 calls=150 total_ms=0.155 avg_us=1.033 max_us=3
=== END CUDA SYNC PROFILE ===
backend-sync-trace: count=12400 backend=CUDA0 caller=ggml_backend_sched_graph_compute_async_ext+0xffd

=== CUDA SYNC PROFILE (instrumentation only) ===
total_syncs = 12400
total_wait_ms = 7113.743
max_wait_us = 140882
sites = 5
wait_hist_us = logarithmic buckets
  hist[0] = 11279
  hist[1] = 622
  hist[2] = 36
  hist[3] = 9
  hist[4] = 8
  hist[5] = 1
  hist[9] = 74
  hist[10] = 180
  hist[11] = 42
  hist[14] = 51
  hist[15] = 82
  hist[16] = 15
  hist[17] = 1
by_callsite (caller PC; symbolize with addr2line):
   0 caller=0x7bf768d5c0d2 calls=5073 total_ms=7109.620 avg_us=1401.463 max_us=140882
   1 caller=0x7bf768d6098c calls=4037 total_ms=1.575 avg_us=0.390 max_us=24
   2 caller=0x7bf768d6089c calls=1495 total_ms=1.248 avg_us=0.835 max_us=28
   3 caller=0x7bf768d5f852 calls=300 total_ms=0.676 avg_us=2.253 max_us=36
   4 caller=0x7bf768d60abd calls=1495 total_ms=0.624 avg_us=0.417 max_us=19
direct_cudaStreamSynchronize: calls=5581 total_ms=28.581 max_us=2586
by_direct_callsite (file:line):
   0 /opt/llama.cpp/ggml/src/ggml-cuda/ggml-cuda.cu:839 calls=5228 total_ms=22.217 avg_us=4.250 max_us=353
   1 /opt/llama.cpp/ggml/src/ggml-cuda/ggml-cuda.cu:900 calls=12 total_ms=5.896 avg_us=491.333 max_us=2586
   2 /opt/llama.cpp/ggml/src/ggml-cuda/ggml-cuda.cu:2665 calls=191 total_ms=0.313 avg_us=1.639 max_us=10
   3 /opt/llama.cpp/ggml/src/ggml-cuda/ggml-cuda.cu:847 calls=150 total_ms=0.155 avg_us=1.033 max_us=3
=== END CUDA SYNC PROFILE ===

=== CUDA SYNC PROFILE (instrumentation only) ===
total_syncs = 12440
total_wait_ms = 7115.532
max_wait_us = 140882
sites = 5
wait_hist_us = logarithmic buckets
  hist[0] = 11316
  hist[1] = 623
  hist[2] = 36
  hist[3] = 9
  hist[4] = 8
  hist[5] = 1
  hist[9] = 76
  hist[10] = 180
  hist[11] = 42
  hist[14] = 51
  hist[15] = 82
  hist[16] = 15
  hist[17] = 1
by_callsite (caller PC; symbolize with addr2line):
   0 caller=0x7bf768d5c0d2 calls=5087 total_ms=7111.398 avg_us=1397.955 max_us=140882
   1 caller=0x7bf768d6098c calls=4049 total_ms=1.578 avg_us=0.390 max_us=24
   2 caller=0x7bf768d6089c calls=1502 total_ms=1.253 avg_us=0.834 max_us=28
   3 caller=0x7bf768d5f852 calls=300 total_ms=0.676 avg_us=2.253 max_us=36
   4 caller=0x7bf768d60abd calls=1502 total_ms=0.627 avg_us=0.417 max_us=19
direct_cudaStreamSynchronize: calls=5600 total_ms=28.666 max_us=2586
by_direct_callsite (file:line):
   0 /opt/llama.cpp/ggml/src/ggml-cuda/ggml-cuda.cu:839 calls=5247 total_ms=22.302 avg_us=4.250 max_us=353
   1 /opt/llama.cpp/ggml/src/ggml-cuda/ggml-cuda.cu:900 calls=12 total_ms=5.896 avg_us=491.333 max_us=2586
   2 /opt/llama.cpp/ggml/src/ggml-cuda/ggml-cuda.cu:2665 calls=191 total_ms=0.313 avg_us=1.639 max_us=10
   3 /opt/llama.cpp/ggml/src/ggml-cuda/ggml-cuda.cu:847 calls=150 total_ms=0.155 avg_us=1.033 max_us=3
=== END CUDA SYNC PROFILE ===
backend-sync-trace: count=12500 backend=CUDA0 caller=ggml_backend_sched_graph_compute_async_ext+0xecc

=== CUDA SYNC PROFILE (instrumentation only) ===
total_syncs = 12500
total_wait_ms = 7146.304
max_wait_us = 140882
sites = 5
wait_hist_us = logarithmic buckets
  hist[0] = 11372
  hist[1] = 625
  hist[2] = 36
  hist[3] = 9
  hist[4] = 8
  hist[5] = 1
  hist[9] = 76
  hist[10] = 181
  hist[11] = 42
  hist[14] = 52
  hist[15] = 82
  hist[16] = 15
  hist[17] = 1
by_callsite (caller PC; symbolize with addr2line):
   0 caller=0x7bf768d5c0d2 calls=5111 total_ms=7142.148 avg_us=1397.407 max_us=140882
   1 caller=0x7bf768d6098c calls=4071 total_ms=1.590 avg_us=0.391 max_us=24
   2 caller=0x7bf768d6089c calls=1508 total_ms=1.258 avg_us=0.834 max_us=28
   3 caller=0x7bf768d5f852 calls=302 total_ms=0.680 avg_us=2.252 max_us=36
   4 caller=0x7bf768d60abd calls=1508 total_ms=0.628 avg_us=0.416 max_us=19
direct_cudaStreamSynchronize: calls=5626 total_ms=28.755 max_us=2586
by_direct_callsite (file:line):
   0 /opt/llama.cpp/ggml/src/ggml-cuda/ggml-cuda.cu:839 calls=5273 total_ms=22.391 avg_us=4.246 max_us=353
   1 /opt/llama.cpp/ggml/src/ggml-cuda/ggml-cuda.cu:900 calls=12 total_ms=5.896 avg_us=491.333 max_us=2586
   2 /opt/llama.cpp/ggml/src/ggml-cuda/ggml-cuda.cu:2665 calls=191 total_ms=0.313 avg_us=1.639 max_us=10
   3 /opt/llama.cpp/ggml/src/ggml-cuda/ggml-cuda.cu:847 calls=150 total_ms=0.155 avg_us=1.033 max_us=3
=== END CUDA SYNC PROFILE ===
backend-sync-trace: count=12600 backend=CUDA0 caller=ggml_backend_sched_graph_compute_async_ext+0xffd

=== CUDA SYNC PROFILE (instrumentation only) ===
total_syncs = 12600
total_wait_ms = 7196.953
max_wait_us = 140882
sites = 5
wait_hist_us = logarithmic buckets
  hist[0] = 11462
  hist[1] = 631
  hist[2] = 36
  hist[3] = 9
  hist[4] = 8
  hist[5] = 1
  hist[9] = 76
  hist[10] = 184
  hist[11] = 42
  hist[14] = 52
  hist[15] = 83
  hist[16] = 15
  hist[17] = 1
by_callsite (caller PC; symbolize with addr2line):
   0 caller=0x7bf768d5c0d2 calls=5155 total_ms=7192.769 avg_us=1395.300 max_us=140882
   1 caller=0x7bf768d6098c calls=4099 total_ms=1.598 avg_us=0.390 max_us=24
   2 caller=0x7bf768d6089c calls=1521 total_ms=1.268 avg_us=0.834 max_us=28
   3 caller=0x7bf768d5f852 calls=304 total_ms=0.684 avg_us=2.250 max_us=36
   4 caller=0x7bf768d60abd calls=1521 total_ms=0.634 avg_us=0.417 max_us=19
direct_cudaStreamSynchronize: calls=5665 total_ms=28.909 max_us=2586
by_direct_callsite (file:line):
   0 /opt/llama.cpp/ggml/src/ggml-cuda/ggml-cuda.cu:839 calls=5312 total_ms=22.545 avg_us=4.244 max_us=353
   1 /opt/llama.cpp/ggml/src/ggml-cuda/ggml-cuda.cu:900 calls=12 total_ms=5.896 avg_us=491.333 max_us=2586
   2 /opt/llama.cpp/ggml/src/ggml-cuda/ggml-cuda.cu:2665 calls=191 total_ms=0.313 avg_us=1.639 max_us=10
   3 /opt/llama.cpp/ggml/src/ggml-cuda/ggml-cuda.cu:847 calls=150 total_ms=0.155 avg_us=1.033 max_us=3
=== END CUDA SYNC PROFILE ===

=== CUDA SYNC PROFILE (instrumentation only) ===
total_syncs = 12674
total_wait_ms = 7250.898
max_wait_us = 140882
sites = 5
wait_hist_us = logarithmic buckets
  hist[0] = 11528
  hist[1] = 635
  hist[2] = 37
  hist[3] = 9
  hist[4] = 8
  hist[5] = 1
  hist[9] = 76
  hist[10] = 185
  hist[11] = 43
  hist[14] = 52
  hist[15] = 84
  hist[16] = 15
  hist[17] = 1
by_callsite (caller PC; symbolize with addr2line):
   0 caller=0x7bf768d5c0d2 calls=5182 total_ms=7246.689 avg_us=1398.435 max_us=140882
   1 caller=0x7bf768d6098c calls=4126 total_ms=1.606 avg_us=0.389 max_us=24
   2 caller=0x7bf768d6089c calls=1530 total_ms=1.278 avg_us=0.835 max_us=28
   3 caller=0x7bf768d5f852 calls=306 total_ms=0.688 avg_us=2.248 max_us=36
   4 caller=0x7bf768d60abd calls=1530 total_ms=0.637 avg_us=0.416 max_us=19
direct_cudaStreamSynchronize: calls=5700 total_ms=29.049 max_us=2586
by_direct_callsite (file:line):
   0 /opt/llama.cpp/ggml/src/ggml-cuda/ggml-cuda.cu:839 calls=5347 total_ms=22.685 avg_us=4.243 max_us=353
   1 /opt/llama.cpp/ggml/src/ggml-cuda/ggml-cuda.cu:900 calls=12 total_ms=5.896 avg_us=491.333 max_us=2586
   2 /opt/llama.cpp/ggml/src/ggml-cuda/ggml-cuda.cu:2665 calls=191 total_ms=0.313 avg_us=1.639 max_us=10
   3 /opt/llama.cpp/ggml/src/ggml-cuda/ggml-cuda.cu:847 calls=150 total_ms=0.155 avg_us=1.033 max_us=3
=== END CUDA SYNC PROFILE ===
backend-sync-trace: count=12700 backend=CUDA0 caller=ggml_backend_sched_graph_compute_async_ext+0xddc

=== CUDA SYNC PROFILE (instrumentation only) ===
total_syncs = 12700
total_wait_ms = 7323.692
max_wait_us = 140882
sites = 5
wait_hist_us = logarithmic buckets
  hist[0] = 11549
  hist[1] = 639
  hist[2] = 37
  hist[3] = 9
  hist[4] = 8
  hist[5] = 1
  hist[9] = 76
  hist[10] = 185
  hist[11] = 43
  hist[14] = 52
  hist[15] = 84
  hist[16] = 16
  hist[17] = 1
by_callsite (caller PC; symbolize with addr2line):
   0 caller=0x7bf768d5c0d2 calls=5187 total_ms=7319.475 avg_us=1411.119 max_us=140882
   1 caller=0x7bf768d6098c calls=4141 total_ms=1.609 avg_us=0.389 max_us=24
   2 caller=0x7bf768d6089c calls=1533 total_ms=1.281 avg_us=0.836 max_us=28
   3 caller=0x7bf768d5f852 calls=307 total_ms=0.690 avg_us=2.248 max_us=36
   4 caller=0x7bf768d60abd calls=1532 total_ms=0.637 avg_us=0.416 max_us=19
direct_cudaStreamSynchronize: calls=5716 total_ms=29.116 max_us=2586
by_direct_callsite (file:line):
   0 /opt/llama.cpp/ggml/src/ggml-cuda/ggml-cuda.cu:839 calls=5363 total_ms=22.752 avg_us=4.242 max_us=353
   1 /opt/llama.cpp/ggml/src/ggml-cuda/ggml-cuda.cu:900 calls=12 total_ms=5.896 avg_us=491.333 max_us=2586
   2 /opt/llama.cpp/ggml/src/ggml-cuda/ggml-cuda.cu:2665 calls=191 total_ms=0.313 avg_us=1.639 max_us=10
   3 /opt/llama.cpp/ggml/src/ggml-cuda/ggml-cuda.cu:847 calls=150 total_ms=0.155 avg_us=1.033 max_us=3
=== END CUDA SYNC PROFILE ===
backend-sync-trace: count=12800 backend=CUDA0 caller=ggml_backend_sched_synchronize+0x62

=== CUDA SYNC PROFILE (instrumentation only) ===
total_syncs = 12800
total_wait_ms = 7407.507
max_wait_us = 140882
sites = 5
wait_hist_us = logarithmic buckets
  hist[0] = 11644
  hist[1] = 641
  hist[2] = 37
  hist[3] = 9
  hist[4] = 8
  hist[5] = 1
  hist[9] = 76
  hist[10] = 185
  hist[11] = 45
  hist[14] = 52
  hist[15] = 84
  hist[16] = 17
  hist[17] = 1
by_callsite (caller PC; symbolize with addr2line):
   0 caller=0x7bf768d5c0d2 calls=5231 total_ms=7403.260 avg_us=1415.267 max_us=140882
   1 caller=0x7bf768d6098c calls=4172 total_ms=1.622 avg_us=0.389 max_us=24
   2 caller=0x7bf768d6089c calls=1544 total_ms=1.290 avg_us=0.835 max_us=28
   3 caller=0x7bf768d5f852 calls=309 total_ms=0.693 avg_us=2.243 max_us=36
   4 caller=0x7bf768d60abd calls=1544 total_ms=0.642 avg_us=0.416 max_us=19
direct_cudaStreamSynchronize: calls=5756 total_ms=29.278 max_us=2586
by_direct_callsite (file:line):
   0 /opt/llama.cpp/ggml/src/ggml-cuda/ggml-cuda.cu:839 calls=5403 total_ms=22.914 avg_us=4.241 max_us=353
   1 /opt/llama.cpp/ggml/src/ggml-cuda/ggml-cuda.cu:900 calls=12 total_ms=5.896 avg_us=491.333 max_us=2586
   2 /opt/llama.cpp/ggml/src/ggml-cuda/ggml-cuda.cu:2665 calls=191 total_ms=0.313 avg_us=1.639 max_us=10
   3 /opt/llama.cpp/ggml/src/ggml-cuda/ggml-cuda.cu:847 calls=150 total_ms=0.155 avg_us=1.033 max_us=3
=== END CUDA SYNC PROFILE ===
backend-sync-trace: count=12900 backend=CUDA0 caller=ggml_backend_sched_synchronize+0x62

=== CUDA SYNC PROFILE (instrumentation only) ===
total_syncs = 12900
total_wait_ms = 7454.177
max_wait_us = 140882
sites = 5
wait_hist_us = logarithmic buckets
  hist[0] = 11733
  hist[1] = 648
  hist[2] = 37
  hist[3] = 9
  hist[4] = 8
  hist[5] = 1
  hist[9] = 77
  hist[10] = 187
  hist[11] = 45
  hist[14] = 52
  hist[15] = 85
  hist[16] = 17
  hist[17] = 1
by_callsite (caller PC; symbolize with addr2line):
   0 caller=0x7bf768d5c0d2 calls=5273 total_ms=7449.897 avg_us=1412.838 max_us=140882
   1 caller=0x7bf768d6098c calls=4203 total_ms=1.635 avg_us=0.389 max_us=24
   2 caller=0x7bf768d6089c calls=1556 total_ms=1.299 avg_us=0.835 max_us=28
   3 caller=0x7bf768d5f852 calls=312 total_ms=0.699 avg_us=2.240 max_us=36
   4 caller=0x7bf768d60abd calls=1556 total_ms=0.647 avg_us=0.416 max_us=19
direct_cudaStreamSynchronize: calls=5797 total_ms=29.435 max_us=2586
by_direct_callsite (file:line):
   0 /opt/llama.cpp/ggml/src/ggml-cuda/ggml-cuda.cu:839 calls=5444 total_ms=23.071 avg_us=4.238 max_us=353
   1 /opt/llama.cpp/ggml/src/ggml-cuda/ggml-cuda.cu:900 calls=12 total_ms=5.896 avg_us=491.333 max_us=2586
   2 /opt/llama.cpp/ggml/src/ggml-cuda/ggml-cuda.cu:2665 calls=191 total_ms=0.313 avg_us=1.639 max_us=10
   3 /opt/llama.cpp/ggml/src/ggml-cuda/ggml-cuda.cu:847 calls=150 total_ms=0.155 avg_us=1.033 max_us=3
=== END CUDA SYNC PROFILE ===

=== CUDA SYNC PROFILE (instrumentation only) ===
total_syncs = 12909
total_wait_ms = 7454.184
max_wait_us = 140882
sites = 5
wait_hist_us = logarithmic buckets
  hist[0] = 11742
  hist[1] = 648
  hist[2] = 37
  hist[3] = 9
  hist[4] = 8
  hist[5] = 1
  hist[9] = 77
  hist[10] = 187
  hist[11] = 45
  hist[14] = 52
  hist[15] = 85
  hist[16] = 17
  hist[17] = 1
by_callsite (caller PC; symbolize with addr2line):
   0 caller=0x7bf768d5c0d2 calls=5277 total_ms=7449.901 avg_us=1411.768 max_us=140882
   1 caller=0x7bf768d6098c calls=4204 total_ms=1.636 avg_us=0.389 max_us=24
   2 caller=0x7bf768d6089c calls=1558 total_ms=1.300 avg_us=0.834 max_us=28
   3 caller=0x7bf768d5f852 calls=312 total_ms=0.699 avg_us=2.240 max_us=36
   4 caller=0x7bf768d60abd calls=1558 total_ms=0.648 avg_us=0.416 max_us=19
direct_cudaStreamSynchronize: calls=5800 total_ms=29.447 max_us=2586
by_direct_callsite (file:line):
   0 /opt/llama.cpp/ggml/src/ggml-cuda/ggml-cuda.cu:839 calls=5447 total_ms=23.083 avg_us=4.238 max_us=353
   1 /opt/llama.cpp/ggml/src/ggml-cuda/ggml-cuda.cu:900 calls=12 total_ms=5.896 avg_us=491.333 max_us=2586
   2 /opt/llama.cpp/ggml/src/ggml-cuda/ggml-cuda.cu:2665 calls=191 total_ms=0.313 avg_us=1.639 max_us=10
   3 /opt/llama.cpp/ggml/src/ggml-cuda/ggml-cuda.cu:847 calls=150 total_ms=0.155 avg_us=1.033 max_us=3
=== END CUDA SYNC PROFILE ===
backend-sync-trace: count=13000 backend=CUDA0 caller=ggml_backend_sched_synchronize+0x62

=== CUDA SYNC PROFILE (instrumentation only) ===
total_syncs = 13000
total_wait_ms = 7505.612
max_wait_us = 140882
sites = 5
wait_hist_us = logarithmic buckets
  hist[0] = 11827
  hist[1] = 650
  hist[2] = 37
  hist[3] = 9
  hist[4] = 8
  hist[5] = 1
  hist[9] = 79
  hist[10] = 188
  hist[11] = 45
  hist[14] = 52
  hist[15] = 86
  hist[16] = 17
  hist[17] = 1
by_callsite (caller PC; symbolize with addr2line):
   0 caller=0x7bf768d5c0d2 calls=5316 total_ms=7501.302 avg_us=1411.080 max_us=140882
   1 caller=0x7bf768d6098c calls=4234 total_ms=1.650 avg_us=0.390 max_us=24
   2 caller=0x7bf768d6089c calls=1568 total_ms=1.307 avg_us=0.834 max_us=28
   3 caller=0x7bf768d5f852 calls=314 total_ms=0.702 avg_us=2.236 max_us=36
   4 caller=0x7bf768d60abd calls=1568 total_ms=0.651 avg_us=0.415 max_us=19
direct_cudaStreamSynchronize: calls=5838 total_ms=29.601 max_us=2586
by_direct_callsite (file:line):
   0 /opt/llama.cpp/ggml/src/ggml-cuda/ggml-cuda.cu:839 calls=5485 total_ms=23.237 avg_us=4.236 max_us=353
   1 /opt/llama.cpp/ggml/src/ggml-cuda/ggml-cuda.cu:900 calls=12 total_ms=5.896 avg_us=491.333 max_us=2586
   2 /opt/llama.cpp/ggml/src/ggml-cuda/ggml-cuda.cu:2665 calls=191 total_ms=0.313 avg_us=1.639 max_us=10
   3 /opt/llama.cpp/ggml/src/ggml-cuda/ggml-cuda.cu:847 calls=150 total_ms=0.155 avg_us=1.033 max_us=3
=== END CUDA SYNC PROFILE ===
backend-sync-trace: count=13100 backend=CUDA0 caller=ggml_backend_sched_graph_compute_async_ext+0xecc

=== CUDA SYNC PROFILE (instrumentation only) ===
total_syncs = 13100
total_wait_ms = 7559.543
max_wait_us = 140882
sites = 5
wait_hist_us = logarithmic buckets
  hist[0] = 11920
  hist[1] = 654
  hist[2] = 37
  hist[3] = 9
  hist[4] = 8
  hist[5] = 1
  hist[9] = 79
  hist[10] = 190
  hist[11] = 45
  hist[14] = 52
  hist[15] = 87
  hist[16] = 17
  hist[17] = 1
by_callsite (caller PC; symbolize with addr2line):
   0 caller=0x7bf768d5c0d2 calls=5358 total_ms=7555.201 avg_us=1410.079 max_us=140882
   1 caller=0x7bf768d6098c calls=4262 total_ms=1.661 avg_us=0.390 max_us=24
   2 caller=0x7bf768d6089c calls=1582 total_ms=1.317 avg_us=0.832 max_us=28
   3 caller=0x7bf768d5f852 calls=316 total_ms=0.706 avg_us=2.234 max_us=36
   4 caller=0x7bf768d60abd calls=1582 total_ms=0.658 avg_us=0.416 max_us=19
direct_cudaStreamSynchronize: calls=5876 total_ms=29.758 max_us=2586
by_direct_callsite (file:line):
   0 /opt/llama.cpp/ggml/src/ggml-cuda/ggml-cuda.cu:839 calls=5523 total_ms=23.394 avg_us=4.236 max_us=353
   1 /opt/llama.cpp/ggml/src/ggml-cuda/ggml-cuda.cu:900 calls=12 total_ms=5.896 avg_us=491.333 max_us=2586
   2 /opt/llama.cpp/ggml/src/ggml-cuda/ggml-cuda.cu:2665 calls=191 total_ms=0.313 avg_us=1.639 max_us=10
   3 /opt/llama.cpp/ggml/src/ggml-cuda/ggml-cuda.cu:847 calls=150 total_ms=0.155 avg_us=1.033 max_us=3
=== END CUDA SYNC PROFILE ===

=== CUDA SYNC PROFILE (instrumentation only) ===
total_syncs = 13153
total_wait_ms = 7627.892
max_wait_us = 140882
sites = 5
wait_hist_us = logarithmic buckets
  hist[0] = 11969
  hist[1] = 657
  hist[2] = 37
  hist[3] = 9
  hist[4] = 8
  hist[5] = 1
  hist[9] = 79
  hist[10] = 190
  hist[11] = 45
  hist[14] = 52
  hist[15] = 87
  hist[16] = 18
  hist[17] = 1
by_callsite (caller PC; symbolize with addr2line):
   0 caller=0x7bf768d5c0d2 calls=5381 total_ms=7623.535 avg_us=1416.751 max_us=140882
   1 caller=0x7bf768d6098c calls=4282 total_ms=1.669 avg_us=0.390 max_us=24
   2 caller=0x7bf768d6089c calls=1586 total_ms=1.319 avg_us=0.832 max_us=28
   3 caller=0x7bf768d5f852 calls=318 total_ms=0.710 avg_us=2.233 max_us=36
   4 caller=0x7bf768d60abd calls=1586 total_ms=0.659 avg_us=0.416 max_us=19
direct_cudaStreamSynchronize: calls=5900 total_ms=29.860 max_us=2586
by_direct_callsite (file:line):
   0 /opt/llama.cpp/ggml/src/ggml-cuda/ggml-cuda.cu:839 calls=5547 total_ms=23.496 avg_us=4.236 max_us=353
   1 /opt/llama.cpp/ggml/src/ggml-cuda/ggml-cuda.cu:900 calls=12 total_ms=5.896 avg_us=491.333 max_us=2586
   2 /opt/llama.cpp/ggml/src/ggml-cuda/ggml-cuda.cu:2665 calls=191 total_ms=0.313 avg_us=1.639 max_us=10
   3 /opt/llama.cpp/ggml/src/ggml-cuda/ggml-cuda.cu:847 calls=150 total_ms=0.155 avg_us=1.033 max_us=3
=== END CUDA SYNC PROFILE ===
backend-sync-trace: count=13200 backend=CUDA0 caller=ggml_backend_sched_graph_compute_async_ext+0xecc

=== CUDA SYNC PROFILE (instrumentation only) ===
total_syncs = 13200
total_wait_ms = 7630.539
max_wait_us = 140882
sites = 5
wait_hist_us = logarithmic buckets
  hist[0] = 12013
  hist[1] = 658
  hist[2] = 37
  hist[3] = 9
  hist[4] = 8
  hist[5] = 1
  hist[9] = 79
  hist[10] = 192
  hist[11] = 45
  hist[14] = 52
  hist[15] = 87
  hist[16] = 18
  hist[17] = 1
by_callsite (caller PC; symbolize with addr2line):
   0 caller=0x7bf768d5c0d2 calls=5395 total_ms=7626.169 avg_us=1413.562 max_us=140882
   1 caller=0x7bf768d6098c calls=4303 total_ms=1.676 avg_us=0.389 max_us=24
   2 caller=0x7bf768d6089c calls=1592 total_ms=1.323 avg_us=0.831 max_us=28
   3 caller=0x7bf768d5f852 calls=318 total_ms=0.710 avg_us=2.233 max_us=36
   4 caller=0x7bf768d60abd calls=1592 total_ms=0.661 avg_us=0.415 max_us=19
direct_cudaStreamSynchronize: calls=5925 total_ms=29.960 max_us=2586
by_direct_callsite (file:line):
   0 /opt/llama.cpp/ggml/src/ggml-cuda/ggml-cuda.cu:839 calls=5572 total_ms=23.596 avg_us=4.235 max_us=353
   1 /opt/llama.cpp/ggml/src/ggml-cuda/ggml-cuda.cu:900 calls=12 total_ms=5.896 avg_us=491.333 max_us=2586
   2 /opt/llama.cpp/ggml/src/ggml-cuda/ggml-cuda.cu:2665 calls=191 total_ms=0.313 avg_us=1.639 max_us=10
   3 /opt/llama.cpp/ggml/src/ggml-cuda/ggml-cuda.cu:847 calls=150 total_ms=0.155 avg_us=1.033 max_us=3
=== END CUDA SYNC PROFILE ===
backend-sync-trace: count=13300 backend=CUDA0 caller=ggml_backend_sched_synchronize+0x62

=== CUDA SYNC PROFILE (instrumentation only) ===
total_syncs = 13300
total_wait_ms = 7745.817
max_wait_us = 140882
sites = 5
wait_hist_us = logarithmic buckets
  hist[0] = 12106
  hist[1] = 661
  hist[2] = 37
  hist[3] = 9
  hist[4] = 8
  hist[5] = 1
  hist[9] = 80
  hist[10] = 193
  hist[11] = 45
  hist[14] = 52
  hist[15] = 89
  hist[16] = 18
  hist[17] = 1
by_callsite (caller PC; symbolize with addr2line):
   0 caller=0x7bf768d5c0d2 calls=5437 total_ms=7741.416 avg_us=1423.840 max_us=140882
   1 caller=0x7bf768d6098c calls=4334 total_ms=1.688 avg_us=0.389 max_us=24
   2 caller=0x7bf768d6089c calls=1604 total_ms=1.331 avg_us=0.830 max_us=28
   3 caller=0x7bf768d5f852 calls=321 total_ms=0.714 avg_us=2.224 max_us=36
   4 caller=0x7bf768d60abd calls=1604 total_ms=0.668 avg_us=0.416 max_us=19
direct_cudaStreamSynchronize: calls=5966 total_ms=30.127 max_us=2586
by_direct_callsite (file:line):
   0 /opt/llama.cpp/ggml/src/ggml-cuda/ggml-cuda.cu:839 calls=5613 total_ms=23.763 avg_us=4.234 max_us=353
   1 /opt/llama.cpp/ggml/src/ggml-cuda/ggml-cuda.cu:900 calls=12 total_ms=5.896 avg_us=491.333 max_us=2586
   2 /opt/llama.cpp/ggml/src/ggml-cuda/ggml-cuda.cu:2665 calls=191 total_ms=0.313 avg_us=1.639 max_us=10
   3 /opt/llama.cpp/ggml/src/ggml-cuda/ggml-cuda.cu:847 calls=150 total_ms=0.155 avg_us=1.033 max_us=3
=== END CUDA SYNC PROFILE ===

=== CUDA SYNC PROFILE (instrumentation only) ===
total_syncs = 13381
total_wait_ms = 7780.004
max_wait_us = 140882
sites = 5
wait_hist_us = logarithmic buckets
  hist[0] = 12179
  hist[1] = 666
  hist[2] = 37
  hist[3] = 9
  hist[4] = 8
  hist[5] = 1
  hist[9] = 82
  hist[10] = 193
  hist[11] = 45
  hist[14] = 53
  hist[15] = 89
  hist[16] = 18
  hist[17] = 1
by_callsite (caller PC; symbolize with addr2line):
   0 caller=0x7bf768d5c0d2 calls=5471 total_ms=7775.583 avg_us=1421.236 max_us=140882
   1 caller=0x7bf768d6098c calls=4359 total_ms=1.695 avg_us=0.389 max_us=24
   2 caller=0x7bf768d6089c calls=1614 total_ms=1.337 avg_us=0.828 max_us=28
   3 caller=0x7bf768d5f852 calls=323 total_ms=0.718 avg_us=2.223 max_us=36
   4 caller=0x7bf768d60abd calls=1614 total_ms=0.671 avg_us=0.416 max_us=19
direct_cudaStreamSynchronize: calls=6000 total_ms=30.268 max_us=2586
by_direct_callsite (file:line):
   0 /opt/llama.cpp/ggml/src/ggml-cuda/ggml-cuda.cu:839 calls=5647 total_ms=23.904 avg_us=4.233 max_us=353
   1 /opt/llama.cpp/ggml/src/ggml-cuda/ggml-cuda.cu:900 calls=12 total_ms=5.896 avg_us=491.333 max_us=2586
   2 /opt/llama.cpp/ggml/src/ggml-cuda/ggml-cuda.cu:2665 calls=191 total_ms=0.313 avg_us=1.639 max_us=10
   3 /opt/llama.cpp/ggml/src/ggml-cuda/ggml-cuda.cu:847 calls=150 total_ms=0.155 avg_us=1.033 max_us=3
=== END CUDA SYNC PROFILE ===
backend-sync-trace: count=13400 backend=CUDA0 caller=ggml_backend_sched_synchronize+0x62

=== CUDA SYNC PROFILE (instrumentation only) ===
total_syncs = 13400
total_wait_ms = 7780.015
max_wait_us = 140882
sites = 5
wait_hist_us = logarithmic buckets
  hist[0] = 12198
  hist[1] = 666
  hist[2] = 37
  hist[3] = 9
  hist[4] = 8
  hist[5] = 1
  hist[9] = 82
  hist[10] = 193
  hist[11] = 45
  hist[14] = 53
  hist[15] = 89
  hist[16] = 18
  hist[17] = 1
by_callsite (caller PC; symbolize with addr2line):
   0 caller=0x7bf768d5c0d2 calls=5488 total_ms=7775.592 avg_us=1416.835 max_us=140882
   1 caller=0x7bf768d6098c calls=4361 total_ms=1.697 avg_us=0.389 max_us=24
   2 caller=0x7bf768d6089c calls=1614 total_ms=1.337 avg_us=0.828 max_us=28
   3 caller=0x7bf768d5f852 calls=323 total_ms=0.718 avg_us=2.223 max_us=36
   4 caller=0x7bf768d60abd calls=1614 total_ms=0.671 avg_us=0.416 max_us=19
direct_cudaStreamSynchronize: calls=6001 total_ms=30.270 max_us=2586
by_direct_callsite (file:line):
   0 /opt/llama.cpp/ggml/src/ggml-cuda/ggml-cuda.cu:839 calls=5648 total_ms=23.906 avg_us=4.233 max_us=353
   1 /opt/llama.cpp/ggml/src/ggml-cuda/ggml-cuda.cu:900 calls=12 total_ms=5.896 avg_us=491.333 max_us=2586
   2 /opt/llama.cpp/ggml/src/ggml-cuda/ggml-cuda.cu:2665 calls=191 total_ms=0.313 avg_us=1.639 max_us=10
   3 /opt/llama.cpp/ggml/src/ggml-cuda/ggml-cuda.cu:847 calls=150 total_ms=0.155 avg_us=1.033 max_us=3
=== END CUDA SYNC PROFILE ===
backend-sync-trace: count=13500 backend=CUDA0 caller=ggml_backend_sched_synchronize+0x62

=== CUDA SYNC PROFILE (instrumentation only) ===
total_syncs = 13500
total_wait_ms = 7833.420
max_wait_us = 140882
sites = 5
wait_hist_us = logarithmic buckets
  hist[0] = 12289
  hist[1] = 671
  hist[2] = 37
  hist[3] = 9
  hist[4] = 8
  hist[5] = 1
  hist[9] = 83
  hist[10] = 194
  hist[11] = 46
  hist[14] = 53
  hist[15] = 90
  hist[16] = 18
  hist[17] = 1
by_callsite (caller PC; symbolize with addr2line):
   0 caller=0x7bf768d5c0d2 calls=5530 total_ms=7828.965 avg_us=1415.726 max_us=140882
   1 caller=0x7bf768d6098c calls=4392 total_ms=1.708 avg_us=0.389 max_us=24
   2 caller=0x7bf768d6089c calls=1626 total_ms=1.349 avg_us=0.830 max_us=28
   3 caller=0x7bf768d5f852 calls=326 total_ms=0.724 avg_us=2.221 max_us=36
   4 caller=0x7bf768d60abd calls=1626 total_ms=0.674 avg_us=0.415 max_us=19
direct_cudaStreamSynchronize: calls=6042 total_ms=30.432 max_us=2586
by_direct_callsite (file:line):
   0 /opt/llama.cpp/ggml/src/ggml-cuda/ggml-cuda.cu:839 calls=5689 total_ms=24.068 avg_us=4.231 max_us=353
   1 /opt/llama.cpp/ggml/src/ggml-cuda/ggml-cuda.cu:900 calls=12 total_ms=5.896 avg_us=491.333 max_us=2586
   2 /opt/llama.cpp/ggml/src/ggml-cuda/ggml-cuda.cu:2665 calls=191 total_ms=0.313 avg_us=1.639 max_us=10
   3 /opt/llama.cpp/ggml/src/ggml-cuda/ggml-cuda.cu:847 calls=150 total_ms=0.155 avg_us=1.033 max_us=3
=== END CUDA SYNC PROFILE ===
backend-sync-trace: count=13600 backend=CUDA0 caller=ggml_backend_sched_graph_compute_async_ext+0xddc

=== CUDA SYNC PROFILE (instrumentation only) ===
total_syncs = 13600
total_wait_ms = 7884.296
max_wait_us = 140882
sites = 5
wait_hist_us = logarithmic buckets
  hist[0] = 12380
  hist[1] = 676
  hist[2] = 37
  hist[3] = 9
  hist[4] = 8
  hist[5] = 1
  hist[9] = 83
  hist[10] = 197
  hist[11] = 46
  hist[14] = 53
  hist[15] = 91
  hist[16] = 18
  hist[17] = 1
by_callsite (caller PC; symbolize with addr2line):
   0 caller=0x7bf768d5c0d2 calls=5568 total_ms=7879.807 avg_us=1415.195 max_us=140882
   1 caller=0x7bf768d6098c calls=4423 total_ms=1.719 avg_us=0.389 max_us=24
   2 caller=0x7bf768d6089c calls=1641 total_ms=1.361 avg_us=0.829 max_us=28
   3 caller=0x7bf768d5f852 calls=328 total_ms=0.729 avg_us=2.223 max_us=36
   4 caller=0x7bf768d60abd calls=1640 total_ms=0.680 avg_us=0.415 max_us=19
direct_cudaStreamSynchronize: calls=6085 total_ms=30.607 max_us=2586
by_direct_callsite (file:line):
   0 /opt/llama.cpp/ggml/src/ggml-cuda/ggml-cuda.cu:839 calls=5732 total_ms=24.243 avg_us=4.229 max_us=353
   1 /opt/llama.cpp/ggml/src/ggml-cuda/ggml-cuda.cu:900 calls=12 total_ms=5.896 avg_us=491.333 max_us=2586
   2 /opt/llama.cpp/ggml/src/ggml-cuda/ggml-cuda.cu:2665 calls=191 total_ms=0.313 avg_us=1.639 max_us=10
   3 /opt/llama.cpp/ggml/src/ggml-cuda/ggml-cuda.cu:847 calls=150 total_ms=0.155 avg_us=1.033 max_us=3
=== END CUDA SYNC PROFILE ===

=== CUDA SYNC PROFILE (instrumentation only) ===
total_syncs = 13617
total_wait_ms = 7884.303
max_wait_us = 140882
sites = 5
wait_hist_us = logarithmic buckets
  hist[0] = 12397
  hist[1] = 676
  hist[2] = 37
  hist[3] = 9
  hist[4] = 8
  hist[5] = 1
  hist[9] = 83
  hist[10] = 197
  hist[11] = 46
  hist[14] = 53
  hist[15] = 91
  hist[16] = 18
  hist[17] = 1
by_callsite (caller PC; symbolize with addr2line):
   0 caller=0x7bf768d5c0d2 calls=5568 total_ms=7879.807 avg_us=1415.195 max_us=140882
   1 caller=0x7bf768d6098c calls=4437 total_ms=1.724 avg_us=0.389 max_us=24
   2 caller=0x7bf768d6089c calls=1642 total_ms=1.362 avg_us=0.829 max_us=28
   3 caller=0x7bf768d5f852 calls=328 total_ms=0.729 avg_us=2.223 max_us=36
   4 caller=0x7bf768d60abd calls=1642 total_ms=0.681 avg_us=0.415 max_us=19
direct_cudaStreamSynchronize: calls=6100 total_ms=30.707 max_us=2586
by_direct_callsite (file:line):
   0 /opt/llama.cpp/ggml/src/ggml-cuda/ggml-cuda.cu:839 calls=5747 total_ms=24.343 avg_us=4.236 max_us=353
   1 /opt/llama.cpp/ggml/src/ggml-cuda/ggml-cuda.cu:900 calls=12 total_ms=5.896 avg_us=491.333 max_us=2586
   2 /opt/llama.cpp/ggml/src/ggml-cuda/ggml-cuda.cu:2665 calls=191 total_ms=0.313 avg_us=1.639 max_us=10
   3 /opt/llama.cpp/ggml/src/ggml-cuda/ggml-cuda.cu:847 calls=150 total_ms=0.155 avg_us=1.033 max_us=3
=== END CUDA SYNC PROFILE ===
backend-sync-trace: count=13700 backend=CUDA0 caller=ggml_backend_sched_graph_compute_async_ext+0xecc

=== CUDA SYNC PROFILE (instrumentation only) ===
total_syncs = 13700
total_wait_ms = 7947.780
max_wait_us = 140882
sites = 5
wait_hist_us = logarithmic buckets
  hist[0] = 12474
  hist[1] = 679
  hist[2] = 37
  hist[3] = 9
  hist[4] = 8
  hist[5] = 1
  hist[9] = 83
  hist[10] = 198
  hist[11] = 47
  hist[14] = 53
  hist[15] = 92
  hist[16] = 18
  hist[17] = 1
by_callsite (caller PC; symbolize with addr2line):
   0 caller=0x7bf768d5c0d2 calls=5605 total_ms=7943.258 avg_us=1417.174 max_us=140882
   1 caller=0x7bf768d6098c calls=4461 total_ms=1.733 avg_us=0.388 max_us=24
   2 caller=0x7bf768d6089c calls=1652 total_ms=1.372 avg_us=0.831 max_us=28
   3 caller=0x7bf768d5f852 calls=330 total_ms=0.733 avg_us=2.221 max_us=36
   4 caller=0x7bf768d60abd calls=1652 total_ms=0.684 avg_us=0.414 max_us=19
direct_cudaStreamSynchronize: calls=6131 total_ms=30.838 max_us=2586
by_direct_callsite (file:line):
   0 /opt/llama.cpp/ggml/src/ggml-cuda/ggml-cuda.cu:839 calls=5778 total_ms=24.474 avg_us=4.236 max_us=353
   1 /opt/llama.cpp/ggml/src/ggml-cuda/ggml-cuda.cu:900 calls=12 total_ms=5.896 avg_us=491.333 max_us=2586
   2 /opt/llama.cpp/ggml/src/ggml-cuda/ggml-cuda.cu:2665 calls=191 total_ms=0.313 avg_us=1.639 max_us=10
   3 /opt/llama.cpp/ggml/src/ggml-cuda/ggml-cuda.cu:847 calls=150 total_ms=0.155 avg_us=1.033 max_us=3
=== END CUDA SYNC PROFILE ===
backend-sync-trace: count=13800 backend=CUDA0 caller=ggml_backend_sched_graph_compute_async_ext+0xecc

=== CUDA SYNC PROFILE (instrumentation only) ===
total_syncs = 13800
total_wait_ms = 8086.873
max_wait_us = 140882
sites = 5
wait_hist_us = logarithmic buckets
  hist[0] = 12565
  hist[1] = 684
  hist[2] = 37
  hist[3] = 9
  hist[4] = 8
  hist[5] = 1
  hist[9] = 83
  hist[10] = 199
  hist[11] = 48
  hist[14] = 53
  hist[15] = 93
  hist[16] = 19
  hist[17] = 1
by_callsite (caller PC; symbolize with addr2line):
   0 caller=0x7bf768d5c0d2 calls=5644 total_ms=8082.319 avg_us=1432.020 max_us=140882
   1 caller=0x7bf768d6098c calls=4495 total_ms=1.746 avg_us=0.388 max_us=24
   2 caller=0x7bf768d6089c calls=1664 total_ms=1.384 avg_us=0.832 max_us=28
   3 caller=0x7bf768d5f852 calls=333 total_ms=0.739 avg_us=2.219 max_us=36
   4 caller=0x7bf768d60abd calls=1664 total_ms=0.685 avg_us=0.412 max_us=19
direct_cudaStreamSynchronize: calls=6175 total_ms=31.016 max_us=2586
by_direct_callsite (file:line):
   0 /opt/llama.cpp/ggml/src/ggml-cuda/ggml-cuda.cu:839 calls=5822 total_ms=24.652 avg_us=4.234 max_us=353
   1 /opt/llama.cpp/ggml/src/ggml-cuda/ggml-cuda.cu:900 calls=12 total_ms=5.896 avg_us=491.333 max_us=2586
   2 /opt/llama.cpp/ggml/src/ggml-cuda/ggml-cuda.cu:2665 calls=191 total_ms=0.313 avg_us=1.639 max_us=10
   3 /opt/llama.cpp/ggml/src/ggml-cuda/ggml-cuda.cu:847 calls=150 total_ms=0.155 avg_us=1.033 max_us=3
=== END CUDA SYNC PROFILE ===

=== CUDA SYNC PROFILE (instrumentation only) ===
total_syncs = 13870
total_wait_ms = 8089.800
max_wait_us = 140882
sites = 5
wait_hist_us = logarithmic buckets
  hist[0] = 12631
  hist[1] = 686
  hist[2] = 37
  hist[3] = 9
  hist[4] = 8
  hist[5] = 1
  hist[9] = 83
  hist[10] = 201
  hist[11] = 48
  hist[14] = 53
  hist[15] = 93
  hist[16] = 19
  hist[17] = 1
by_callsite (caller PC; symbolize with addr2line):
   0 caller=0x7bf768d5c0d2 calls=5679 total_ms=8085.230 avg_us=1423.707 max_us=140882
   1 caller=0x7bf768d6098c calls=4513 total_ms=1.750 avg_us=0.388 max_us=24
   2 caller=0x7bf768d6089c calls=1672 total_ms=1.390 avg_us=0.831 max_us=28
   3 caller=0x7bf768d5f852 calls=334 total_ms=0.741 avg_us=2.219 max_us=36
   4 caller=0x7bf768d60abd calls=1672 total_ms=0.689 avg_us=0.412 max_us=19
direct_cudaStreamSynchronize: calls=6200 total_ms=31.119 max_us=2586
by_direct_callsite (file:line):
   0 /opt/llama.cpp/ggml/src/ggml-cuda/ggml-cuda.cu:839 calls=5847 total_ms=24.755 avg_us=4.234 max_us=353
   1 /opt/llama.cpp/ggml/src/ggml-cuda/ggml-cuda.cu:900 calls=12 total_ms=5.896 avg_us=491.333 max_us=2586
   2 /opt/llama.cpp/ggml/src/ggml-cuda/ggml-cuda.cu:2665 calls=191 total_ms=0.313 avg_us=1.639 max_us=10
   3 /opt/llama.cpp/ggml/src/ggml-cuda/ggml-cuda.cu:847 calls=150 total_ms=0.155 avg_us=1.033 max_us=3
=== END CUDA SYNC PROFILE ===
backend-sync-trace: count=13900 backend=CUDA0 caller=ggml_backend_sched_synchronize+0x62

=== CUDA SYNC PROFILE (instrumentation only) ===
total_syncs = 13900
total_wait_ms = 8133.695
max_wait_us = 140882
sites = 5
wait_hist_us = logarithmic buckets
  hist[0] = 12657
  hist[1] = 689
  hist[2] = 37
  hist[3] = 9
  hist[4] = 8
  hist[5] = 1
  hist[9] = 83
  hist[10] = 201
  hist[11] = 48
  hist[14] = 53
  hist[15] = 94
  hist[16] = 19
  hist[17] = 1
by_callsite (caller PC; symbolize with addr2line):
   0 caller=0x7bf768d5c0d2 calls=5694 total_ms=8129.116 avg_us=1427.664 max_us=140882
   1 caller=0x7bf768d6098c calls=4523 total_ms=1.755 avg_us=0.388 max_us=24
   2 caller=0x7bf768d6089c calls=1674 total_ms=1.391 avg_us=0.831 max_us=28
   3 caller=0x7bf768d5f852 calls=335 total_ms=0.743 avg_us=2.218 max_us=36
   4 caller=0x7bf768d60abd calls=1674 total_ms=0.690 avg_us=0.412 max_us=19
direct_cudaStreamSynchronize: calls=6211 total_ms=31.161 max_us=2586
by_direct_callsite (file:line):
   0 /opt/llama.cpp/ggml/src/ggml-cuda/ggml-cuda.cu:839 calls=5858 total_ms=24.797 avg_us=4.233 max_us=353
   1 /opt/llama.cpp/ggml/src/ggml-cuda/ggml-cuda.cu:900 calls=12 total_ms=5.896 avg_us=491.333 max_us=2586
   2 /opt/llama.cpp/ggml/src/ggml-cuda/ggml-cuda.cu:2665 calls=191 total_ms=0.313 avg_us=1.639 max_us=10
   3 /opt/llama.cpp/ggml/src/ggml-cuda/ggml-cuda.cu:847 calls=150 total_ms=0.155 avg_us=1.033 max_us=3
=== END CUDA SYNC PROFILE ===
1.12.927.470 I slot print_timing: id  0 | task 0 | n_gen =    393, tg =  43.26 t/s, tg_3s =  42.46 t/s
backend-sync-trace: count=14000 backend=CUDA0 caller=ggml_backend_sched_graph_compute_async_ext+0xecc

=== CUDA SYNC PROFILE (instrumentation only) ===
total_syncs = 14000
total_wait_ms = 8197.342
max_wait_us = 140882
sites = 5
wait_hist_us = logarithmic buckets
  hist[0] = 12747
  hist[1] = 695
  hist[2] = 37
  hist[3] = 9
  hist[4] = 8
  hist[5] = 1
  hist[9] = 83
  hist[10] = 204
  hist[11] = 48
  hist[14] = 53
  hist[15] = 95
  hist[16] = 19
  hist[17] = 1
by_callsite (caller PC; symbolize with addr2line):
   0 caller=0x7bf768d5c0d2 calls=5728 total_ms=8192.728 avg_us=1430.295 max_us=140882
   1 caller=0x7bf768d6098c calls=4558 total_ms=1.772 avg_us=0.389 max_us=24
   2 caller=0x7bf768d6089c calls=1688 total_ms=1.401 avg_us=0.830 max_us=28
   3 caller=0x7bf768d5f852 calls=338 total_ms=0.749 avg_us=2.216 max_us=36
   4 caller=0x7bf768d60abd calls=1688 total_ms=0.692 avg_us=0.410 max_us=19
direct_cudaStreamSynchronize: calls=6257 total_ms=31.336 max_us=2586
by_direct_callsite (file:line):
   0 /opt/llama.cpp/ggml/src/ggml-cuda/ggml-cuda.cu:839 calls=5904 total_ms=24.972 avg_us=4.230 max_us=353
   1 /opt/llama.cpp/ggml/src/ggml-cuda/ggml-cuda.cu:900 calls=12 total_ms=5.896 avg_us=491.333 max_us=2586
   2 /opt/llama.cpp/ggml/src/ggml-cuda/ggml-cuda.cu:2665 calls=191 total_ms=0.313 avg_us=1.639 max_us=10
   3 /opt/llama.cpp/ggml/src/ggml-cuda/ggml-cuda.cu:847 calls=150 total_ms=0.155 avg_us=1.033 max_us=3
=== END CUDA SYNC PROFILE ===
backend-sync-trace: count=14100 backend=CUDA0 caller=ggml_backend_sched_graph_compute_async_ext+0xddc

=== CUDA SYNC PROFILE (instrumentation only) ===
total_syncs = 14100
total_wait_ms = 8247.020
max_wait_us = 140882
sites = 5
wait_hist_us = logarithmic buckets
  hist[0] = 12836
  hist[1] = 702
  hist[2] = 37
  hist[3] = 9
  hist[4] = 8
  hist[5] = 1
  hist[9] = 84
  hist[10] = 206
  hist[11] = 48
  hist[14] = 53
  hist[15] = 96
  hist[16] = 19
  hist[17] = 1
by_callsite (caller PC; symbolize with addr2line):
   0 caller=0x7bf768d5c0d2 calls=5772 total_ms=8242.378 avg_us=1427.993 max_us=140882
   1 caller=0x7bf768d6098c calls=4585 total_ms=1.780 avg_us=0.388 max_us=24
   2 caller=0x7bf768d6089c calls=1702 total_ms=1.414 avg_us=0.831 max_us=28
   3 caller=0x7bf768d5f852 calls=340 total_ms=0.753 avg_us=2.215 max_us=36
   4 caller=0x7bf768d60abd calls=1701 total_ms=0.695 avg_us=0.409 max_us=19
direct_cudaStreamSynchronize: calls=6295 total_ms=31.494 max_us=2586
by_direct_callsite (file:line):
   0 /opt/llama.cpp/ggml/src/ggml-cuda/ggml-cuda.cu:839 calls=5942 total_ms=25.130 avg_us=4.229 max_us=353
   1 /opt/llama.cpp/ggml/src/ggml-cuda/ggml-cuda.cu:900 calls=12 total_ms=5.896 avg_us=491.333 max_us=2586
   2 /opt/llama.cpp/ggml/src/ggml-cuda/ggml-cuda.cu:2665 calls=191 total_ms=0.313 avg_us=1.639 max_us=10
   3 /opt/llama.cpp/ggml/src/ggml-cuda/ggml-cuda.cu:847 calls=150 total_ms=0.155 avg_us=1.033 max_us=3
=== END CUDA SYNC PROFILE ===

=== CUDA SYNC PROFILE (instrumentation only) ===
total_syncs = 14105
total_wait_ms = 8247.020
max_wait_us = 140882
sites = 5
wait_hist_us = logarithmic buckets
  hist[0] = 12841
  hist[1] = 702
  hist[2] = 37
  hist[3] = 9
  hist[4] = 8
  hist[5] = 1
  hist[9] = 84
  hist[10] = 206
  hist[11] = 48
  hist[14] = 53
  hist[15] = 96
  hist[16] = 19
  hist[17] = 1
by_callsite (caller PC; symbolize with addr2line):
   0 caller=0x7bf768d5c0d2 calls=5772 total_ms=8242.378 avg_us=1427.993 max_us=140882
   1 caller=0x7bf768d6098c calls=4589 total_ms=1.780 avg_us=0.388 max_us=24
   2 caller=0x7bf768d6089c calls=1702 total_ms=1.414 avg_us=0.831 max_us=28
   3 caller=0x7bf768d5f852 calls=340 total_ms=0.753 avg_us=2.215 max_us=36
   4 caller=0x7bf768d60abd calls=1702 total_ms=0.695 avg_us=0.408 max_us=19
direct_cudaStreamSynchronize: calls=6300 total_ms=31.531 max_us=2586
by_direct_callsite (file:line):
   0 /opt/llama.cpp/ggml/src/ggml-cuda/ggml-cuda.cu:839 calls=5947 total_ms=25.167 avg_us=4.232 max_us=353
   1 /opt/llama.cpp/ggml/src/ggml-cuda/ggml-cuda.cu:900 calls=12 total_ms=5.896 avg_us=491.333 max_us=2586
   2 /opt/llama.cpp/ggml/src/ggml-cuda/ggml-cuda.cu:2665 calls=191 total_ms=0.313 avg_us=1.639 max_us=10
   3 /opt/llama.cpp/ggml/src/ggml-cuda/ggml-cuda.cu:847 calls=150 total_ms=0.155 avg_us=1.033 max_us=3
=== END CUDA SYNC PROFILE ===
backend-sync-trace: count=14200 backend=CUDA0 caller=ggml_backend_sched_graph_compute_async_ext+0xecc

=== CUDA SYNC PROFILE (instrumentation only) ===
total_syncs = 14200
total_wait_ms = 8288.808
max_wait_us = 140882
sites = 5
wait_hist_us = logarithmic buckets
  hist[0] = 12929
  hist[1] = 706
  hist[2] = 37
  hist[3] = 9
  hist[4] = 8
  hist[5] = 1
  hist[9] = 84
  hist[10] = 207
  hist[11] = 49
  hist[14] = 53
  hist[15] = 97
  hist[16] = 19
  hist[17] = 1
by_callsite (caller PC; symbolize with addr2line):
   0 caller=0x7bf768d5c0d2 calls=5809 total_ms=8284.135 avg_us=1426.086 max_us=140882
   1 caller=0x7bf768d6098c calls=4625 total_ms=1.794 avg_us=0.388 max_us=24
   2 caller=0x7bf768d6089c calls=1712 total_ms=1.423 avg_us=0.831 max_us=28
   3 caller=0x7bf768d5f852 calls=342 total_ms=0.757 avg_us=2.213 max_us=36
   4 caller=0x7bf768d60abd calls=1712 total_ms=0.699 avg_us=0.408 max_us=19
direct_cudaStreamSynchronize: calls=6343 total_ms=31.728 max_us=2586
by_direct_callsite (file:line):
   0 /opt/llama.cpp/ggml/src/ggml-cuda/ggml-cuda.cu:839 calls=5990 total_ms=25.364 avg_us=4.234 max_us=353
   1 /opt/llama.cpp/ggml/src/ggml-cuda/ggml-cuda.cu:900 calls=12 total_ms=5.896 avg_us=491.333 max_us=2586
   2 /opt/llama.cpp/ggml/src/ggml-cuda/ggml-cuda.cu:2665 calls=191 total_ms=0.313 avg_us=1.639 max_us=10
   3 /opt/llama.cpp/ggml/src/ggml-cuda/ggml-cuda.cu:847 calls=150 total_ms=0.155 avg_us=1.033 max_us=3
=== END CUDA SYNC PROFILE ===
backend-sync-trace: count=14300 backend=CUDA0 caller=ggml_backend_sched_synchronize+0x62

=== CUDA SYNC PROFILE (instrumentation only) ===
total_syncs = 14300
total_wait_ms = 8434.593
max_wait_us = 140882
sites = 5
wait_hist_us = logarithmic buckets
  hist[0] = 13022
  hist[1] = 709
  hist[2] = 37
  hist[3] = 9
  hist[4] = 8
  hist[5] = 1
  hist[9] = 84
  hist[10] = 208
  hist[11] = 50
  hist[14] = 53
  hist[15] = 98
  hist[16] = 20
  hist[17] = 1
by_callsite (caller PC; symbolize with addr2line):
   0 caller=0x7bf768d5c0d2 calls=5849 total_ms=8429.890 avg_us=1441.253 max_us=140882
   1 caller=0x7bf768d6098c calls=4658 total_ms=1.805 avg_us=0.388 max_us=24
   2 caller=0x7bf768d6089c calls=1724 total_ms=1.433 avg_us=0.831 max_us=28
   3 caller=0x7bf768d5f852 calls=345 total_ms=0.762 avg_us=2.209 max_us=36
   4 caller=0x7bf768d60abd calls=1724 total_ms=0.703 avg_us=0.408 max_us=19
direct_cudaStreamSynchronize: calls=6386 total_ms=31.902 max_us=2586
by_direct_callsite (file:line):
   0 /opt/llama.cpp/ggml/src/ggml-cuda/ggml-cuda.cu:839 calls=6033 total_ms=25.538 avg_us=4.233 max_us=353
   1 /opt/llama.cpp/ggml/src/ggml-cuda/ggml-cuda.cu:900 calls=12 total_ms=5.896 avg_us=491.333 max_us=2586
   2 /opt/llama.cpp/ggml/src/ggml-cuda/ggml-cuda.cu:2665 calls=191 total_ms=0.313 avg_us=1.639 max_us=10
   3 /opt/llama.cpp/ggml/src/ggml-cuda/ggml-cuda.cu:847 calls=150 total_ms=0.155 avg_us=1.033 max_us=3
=== END CUDA SYNC PROFILE ===

=== CUDA SYNC PROFILE (instrumentation only) ===
total_syncs = 14349
total_wait_ms = 8436.703
max_wait_us = 140882
sites = 5
wait_hist_us = logarithmic buckets
  hist[0] = 13067
  hist[1] = 711
  hist[2] = 37
  hist[3] = 9
  hist[4] = 8
  hist[5] = 1
  hist[9] = 85
  hist[10] = 209
  hist[11] = 50
  hist[14] = 53
  hist[15] = 98
  hist[16] = 20
  hist[17] = 1
by_callsite (caller PC; symbolize with addr2line):
   0 caller=0x7bf768d5c0d2 calls=5877 total_ms=8431.987 avg_us=1434.743 max_us=140882
   1 caller=0x7bf768d6098c calls=4666 total_ms=1.809 avg_us=0.388 max_us=24
   2 caller=0x7bf768d6089c calls=1730 total_ms=1.438 avg_us=0.831 max_us=28
   3 caller=0x7bf768d5f852 calls=346 total_ms=0.764 avg_us=2.208 max_us=36
   4 caller=0x7bf768d60abd calls=1730 total_ms=0.705 avg_us=0.408 max_us=19
direct_cudaStreamSynchronize: calls=6400 total_ms=31.951 max_us=2586
by_direct_callsite (file:line):
   0 /opt/llama.cpp/ggml/src/ggml-cuda/ggml-cuda.cu:839 calls=6047 total_ms=25.587 avg_us=4.231 max_us=353
   1 /opt/llama.cpp/ggml/src/ggml-cuda/ggml-cuda.cu:900 calls=12 total_ms=5.896 avg_us=491.333 max_us=2586
   2 /opt/llama.cpp/ggml/src/ggml-cuda/ggml-cuda.cu:2665 calls=191 total_ms=0.313 avg_us=1.639 max_us=10
   3 /opt/llama.cpp/ggml/src/ggml-cuda/ggml-cuda.cu:847 calls=150 total_ms=0.155 avg_us=1.033 max_us=3
=== END CUDA SYNC PROFILE ===
backend-sync-trace: count=14400 backend=CUDA0 caller=ggml_backend_sched_graph_compute_async_ext+0xecc

=== CUDA SYNC PROFILE (instrumentation only) ===
total_syncs = 14400
total_wait_ms = 8484.776
max_wait_us = 140882
sites = 5
wait_hist_us = logarithmic buckets
  hist[0] = 13115
  hist[1] = 713
  hist[2] = 37
  hist[3] = 9
  hist[4] = 8
  hist[5] = 1
  hist[9] = 85
  hist[10] = 209
  hist[11] = 50
  hist[14] = 53
  hist[15] = 99
  hist[16] = 20
  hist[17] = 1
by_callsite (caller PC; symbolize with addr2line):
   0 caller=0x7bf768d5c0d2 calls=5894 total_ms=8480.041 avg_us=1438.758 max_us=140882
   1 caller=0x7bf768d6098c calls=4686 total_ms=1.817 avg_us=0.388 max_us=24
   2 caller=0x7bf768d6089c calls=1736 total_ms=1.442 avg_us=0.831 max_us=28
   3 caller=0x7bf768d5f852 calls=348 total_ms=0.767 avg_us=2.204 max_us=36
   4 caller=0x7bf768d60abd calls=1736 total_ms=0.709 avg_us=0.408 max_us=19
direct_cudaStreamSynchronize: calls=6423 total_ms=32.050 max_us=2586
by_direct_callsite (file:line):
   0 /opt/llama.cpp/ggml/src/ggml-cuda/ggml-cuda.cu:839 calls=6070 total_ms=25.686 avg_us=4.232 max_us=353
   1 /opt/llama.cpp/ggml/src/ggml-cuda/ggml-cuda.cu:900 calls=12 total_ms=5.896 avg_us=491.333 max_us=2586
   2 /opt/llama.cpp/ggml/src/ggml-cuda/ggml-cuda.cu:2665 calls=191 total_ms=0.313 avg_us=1.639 max_us=10
   3 /opt/llama.cpp/ggml/src/ggml-cuda/ggml-cuda.cu:847 calls=150 total_ms=0.155 avg_us=1.033 max_us=3
=== END CUDA SYNC PROFILE ===
backend-sync-trace: count=14500 backend=CUDA0 caller=ggml_backend_sched_graph_compute_async_ext+0xffd

=== CUDA SYNC PROFILE (instrumentation only) ===
total_syncs = 14500
total_wait_ms = 8522.710
max_wait_us = 140882
sites = 5
wait_hist_us = logarithmic buckets
  hist[0] = 13208
  hist[1] = 716
  hist[2] = 37
  hist[3] = 9
  hist[4] = 8
  hist[5] = 1
  hist[9] = 85
  hist[10] = 212
  hist[11] = 50
  hist[14] = 53
  hist[15] = 100
  hist[16] = 20
  hist[17] = 1
by_callsite (caller PC; symbolize with addr2line):
   0 caller=0x7bf768d5c0d2 calls=5938 total_ms=8517.948 avg_us=1434.481 max_us=140882
   1 caller=0x7bf768d6098c calls=4716 total_ms=1.827 avg_us=0.387 max_us=24
   2 caller=0x7bf768d6089c calls=1748 total_ms=1.450 avg_us=0.830 max_us=28
   3 caller=0x7bf768d5f852 calls=350 total_ms=0.771 avg_us=2.203 max_us=36
   4 caller=0x7bf768d60abd calls=1748 total_ms=0.714 avg_us=0.408 max_us=19
direct_cudaStreamSynchronize: calls=6463 total_ms=32.207 max_us=2586
by_direct_callsite (file:line):
   0 /opt/llama.cpp/ggml/src/ggml-cuda/ggml-cuda.cu:839 calls=6110 total_ms=25.843 avg_us=4.230 max_us=353
   1 /opt/llama.cpp/ggml/src/ggml-cuda/ggml-cuda.cu:900 calls=12 total_ms=5.896 avg_us=491.333 max_us=2586
   2 /opt/llama.cpp/ggml/src/ggml-cuda/ggml-cuda.cu:2665 calls=191 total_ms=0.313 avg_us=1.639 max_us=10
   3 /opt/llama.cpp/ggml/src/ggml-cuda/ggml-cuda.cu:847 calls=150 total_ms=0.155 avg_us=1.033 max_us=3
=== END CUDA SYNC PROFILE ===

=== CUDA SYNC PROFILE (instrumentation only) ===
total_syncs = 14575
total_wait_ms = 8577.830
max_wait_us = 140882
sites = 5
wait_hist_us = logarithmic buckets
  hist[0] = 13276
  hist[1] = 720
  hist[2] = 37
  hist[3] = 9
  hist[4] = 8
  hist[5] = 1
  hist[9] = 86
  hist[10] = 213
  hist[11] = 50
  hist[14] = 53
  hist[15] = 101
  hist[16] = 20
  hist[17] = 1
by_callsite (caller PC; symbolize with addr2line):
   0 caller=0x7bf768d5c0d2 calls=5963 total_ms=8573.038 avg_us=1437.706 max_us=140882
   1 caller=0x7bf768d6098c calls=4744 total_ms=1.840 avg_us=0.388 max_us=24
   2 caller=0x7bf768d6089c calls=1758 total_ms=1.460 avg_us=0.830 max_us=28
   3 caller=0x7bf768d5f852 calls=352 total_ms=0.775 avg_us=2.202 max_us=36
   4 caller=0x7bf768d60abd calls=1758 total_ms=0.717 avg_us=0.408 max_us=19
direct_cudaStreamSynchronize: calls=6500 total_ms=32.374 max_us=2586
by_direct_callsite (file:line):
   0 /opt/llama.cpp/ggml/src/ggml-cuda/ggml-cuda.cu:839 calls=6147 total_ms=26.010 avg_us=4.231 max_us=353
   1 /opt/llama.cpp/ggml/src/ggml-cuda/ggml-cuda.cu:900 calls=12 total_ms=5.896 avg_us=491.333 max_us=2586
   2 /opt/llama.cpp/ggml/src/ggml-cuda/ggml-cuda.cu:2665 calls=191 total_ms=0.313 avg_us=1.639 max_us=10
   3 /opt/llama.cpp/ggml/src/ggml-cuda/ggml-cuda.cu:847 calls=150 total_ms=0.155 avg_us=1.033 max_us=3
=== END CUDA SYNC PROFILE ===
backend-sync-trace: count=14600 backend=CUDA0 caller=ggml_backend_sched_graph_compute_async_ext+0xecc

=== CUDA SYNC PROFILE (instrumentation only) ===
total_syncs = 14600
total_wait_ms = 8579.884
max_wait_us = 140882
sites = 5
wait_hist_us = logarithmic buckets
  hist[0] = 13299
  hist[1] = 721
  hist[2] = 37
  hist[3] = 9
  hist[4] = 8
  hist[5] = 1
  hist[9] = 86
  hist[10] = 214
  hist[11] = 50
  hist[14] = 53
  hist[15] = 101
  hist[16] = 20
  hist[17] = 1
by_callsite (caller PC; symbolize with addr2line):
   0 caller=0x7bf768d5c0d2 calls=5970 total_ms=8575.080 avg_us=1436.362 max_us=140882
   1 caller=0x7bf768d6098c calls=4754 total_ms=1.845 avg_us=0.388 max_us=24
   2 caller=0x7bf768d6089c calls=1762 total_ms=1.466 avg_us=0.832 max_us=28
   3 caller=0x7bf768d5f852 calls=352 total_ms=0.775 avg_us=2.202 max_us=36
   4 caller=0x7bf768d60abd calls=1762 total_ms=0.718 avg_us=0.407 max_us=19
direct_cudaStreamSynchronize: calls=6512 total_ms=32.433 max_us=2586
by_direct_callsite (file:line):
   0 /opt/llama.cpp/ggml/src/ggml-cuda/ggml-cuda.cu:839 calls=6159 total_ms=26.069 avg_us=4.233 max_us=353
   1 /opt/llama.cpp/ggml/src/ggml-cuda/ggml-cuda.cu:900 calls=12 total_ms=5.896 avg_us=491.333 max_us=2586
   2 /opt/llama.cpp/ggml/src/ggml-cuda/ggml-cuda.cu:2665 calls=191 total_ms=0.313 avg_us=1.639 max_us=10
   3 /opt/llama.cpp/ggml/src/ggml-cuda/ggml-cuda.cu:847 calls=150 total_ms=0.155 avg_us=1.033 max_us=3
=== END CUDA SYNC PROFILE ===
backend-sync-trace: count=14700 backend=CUDA0 caller=ggml_backend_sched_synchronize+0x62

=== CUDA SYNC PROFILE (instrumentation only) ===
total_syncs = 14700
total_wait_ms = 8691.488
max_wait_us = 140882
sites = 5
wait_hist_us = logarithmic buckets
  hist[0] = 13390
  hist[1] = 726
  hist[2] = 37
  hist[3] = 9
  hist[4] = 8
  hist[5] = 1
  hist[9] = 87
  hist[10] = 215
  hist[11] = 50
  hist[14] = 53
  hist[15] = 102
  hist[16] = 21
  hist[17] = 1
by_callsite (caller PC; symbolize with addr2line):
   0 caller=0x7bf768d5c0d2 calls=6004 total_ms=8686.650 avg_us=1446.810 max_us=140882
   1 caller=0x7bf768d6098c calls=4793 total_ms=1.862 avg_us=0.388 max_us=24
   2 caller=0x7bf768d6089c calls=1774 total_ms=1.473 avg_us=0.830 max_us=28
   3 caller=0x7bf768d5f852 calls=355 total_ms=0.781 avg_us=2.200 max_us=36
   4 caller=0x7bf768d60abd calls=1774 total_ms=0.722 avg_us=0.407 max_us=19
direct_cudaStreamSynchronize: calls=6561 total_ms=32.624 max_us=2586
by_direct_callsite (file:line):
   0 /opt/llama.cpp/ggml/src/ggml-cuda/ggml-cuda.cu:839 calls=6208 total_ms=26.260 avg_us=4.230 max_us=353
   1 /opt/llama.cpp/ggml/src/ggml-cuda/ggml-cuda.cu:900 calls=12 total_ms=5.896 avg_us=491.333 max_us=2586
   2 /opt/llama.cpp/ggml/src/ggml-cuda/ggml-cuda.cu:2665 calls=191 total_ms=0.313 avg_us=1.639 max_us=10
   3 /opt/llama.cpp/ggml/src/ggml-cuda/ggml-cuda.cu:847 calls=150 total_ms=0.155 avg_us=1.033 max_us=3
=== END CUDA SYNC PROFILE ===

=== CUDA SYNC PROFILE (instrumentation only) ===
total_syncs = 14795
total_wait_ms = 8731.478
max_wait_us = 140882
sites = 5
wait_hist_us = logarithmic buckets
  hist[0] = 13478
  hist[1] = 730
  hist[2] = 37
  hist[3] = 9
  hist[4] = 8
  hist[5] = 1
  hist[9] = 89
  hist[10] = 215
  hist[11] = 50
  hist[14] = 53
  hist[15] = 103
  hist[16] = 21
  hist[17] = 1
by_callsite (caller PC; symbolize with addr2line):
   0 caller=0x7bf768d5c0d2 calls=6043 total_ms=8726.613 avg_us=1444.086 max_us=140882
   1 caller=0x7bf768d6098c calls=4822 total_ms=1.871 avg_us=0.388 max_us=24
   2 caller=0x7bf768d6089c calls=1786 total_ms=1.480 avg_us=0.829 max_us=28
   3 caller=0x7bf768d5f852 calls=358 total_ms=0.786 avg_us=2.196 max_us=36
   4 caller=0x7bf768d60abd calls=1786 total_ms=0.728 avg_us=0.408 max_us=19
direct_cudaStreamSynchronize: calls=6600 total_ms=32.784 max_us=2586
by_direct_callsite (file:line):
   0 /opt/llama.cpp/ggml/src/ggml-cuda/ggml-cuda.cu:839 calls=6247 total_ms=26.420 avg_us=4.229 max_us=353
   1 /opt/llama.cpp/ggml/src/ggml-cuda/ggml-cuda.cu:900 calls=12 total_ms=5.896 avg_us=491.333 max_us=2586
   2 /opt/llama.cpp/ggml/src/ggml-cuda/ggml-cuda.cu:2665 calls=191 total_ms=0.313 avg_us=1.639 max_us=10
   3 /opt/llama.cpp/ggml/src/ggml-cuda/ggml-cuda.cu:847 calls=150 total_ms=0.155 avg_us=1.033 max_us=3
=== END CUDA SYNC PROFILE ===
backend-sync-trace: count=14800 backend=CUDA0 caller=ggml_backend_sched_synchronize+0x62

=== CUDA SYNC PROFILE (instrumentation only) ===
total_syncs = 14800
total_wait_ms = 8732.375
max_wait_us = 140882
sites = 5
wait_hist_us = logarithmic buckets
  hist[0] = 13482
  hist[1] = 730
  hist[2] = 37
  hist[3] = 9
  hist[4] = 8
  hist[5] = 1
  hist[9] = 90
  hist[10] = 215
  hist[11] = 50
  hist[14] = 53
  hist[15] = 103
  hist[16] = 21
  hist[17] = 1
by_callsite (caller PC; symbolize with addr2line):
   0 caller=0x7bf768d5c0d2 calls=6046 total_ms=8727.508 avg_us=1443.518 max_us=140882
   1 caller=0x7bf768d6098c calls=4824 total_ms=1.873 avg_us=0.388 max_us=24
   2 caller=0x7bf768d6089c calls=1786 total_ms=1.480 avg_us=0.829 max_us=28
   3 caller=0x7bf768d5f852 calls=358 total_ms=0.786 avg_us=2.196 max_us=36
   4 caller=0x7bf768d60abd calls=1786 total_ms=0.728 avg_us=0.408 max_us=19
direct_cudaStreamSynchronize: calls=6602 total_ms=32.789 max_us=2586
by_direct_callsite (file:line):
   0 /opt/llama.cpp/ggml/src/ggml-cuda/ggml-cuda.cu:839 calls=6249 total_ms=26.425 avg_us=4.229 max_us=353
   1 /opt/llama.cpp/ggml/src/ggml-cuda/ggml-cuda.cu:900 calls=12 total_ms=5.896 avg_us=491.333 max_us=2586
   2 /opt/llama.cpp/ggml/src/ggml-cuda/ggml-cuda.cu:2665 calls=191 total_ms=0.313 avg_us=1.639 max_us=10
   3 /opt/llama.cpp/ggml/src/ggml-cuda/ggml-cuda.cu:847 calls=150 total_ms=0.155 avg_us=1.033 max_us=3
=== END CUDA SYNC PROFILE ===
backend-sync-trace: count=14900 backend=CUDA0 caller=ggml_backend_sched_synchronize+0x62

=== CUDA SYNC PROFILE (instrumentation only) ===
total_syncs = 14900
total_wait_ms = 8763.862
max_wait_us = 140882
sites = 5
wait_hist_us = logarithmic buckets
  hist[0] = 13573
  hist[1] = 735
  hist[2] = 37
  hist[3] = 9
  hist[4] = 8
  hist[5] = 1
  hist[9] = 92
  hist[10] = 216
  hist[11] = 50
  hist[14] = 54
  hist[15] = 103
  hist[16] = 21
  hist[17] = 1
by_callsite (caller PC; symbolize with addr2line):
   0 caller=0x7bf768d5c0d2 calls=6089 total_ms=8758.962 avg_us=1438.489 max_us=140882
   1 caller=0x7bf768d6098c calls=4855 total_ms=1.887 avg_us=0.389 max_us=24
   2 caller=0x7bf768d6089c calls=1798 total_ms=1.489 avg_us=0.828 max_us=28
   3 caller=0x7bf768d5f852 calls=360 total_ms=0.790 avg_us=2.194 max_us=36
   4 caller=0x7bf768d60abd calls=1798 total_ms=0.734 avg_us=0.408 max_us=19
direct_cudaStreamSynchronize: calls=6643 total_ms=32.950 max_us=2586
by_direct_callsite (file:line):
   0 /opt/llama.cpp/ggml/src/ggml-cuda/ggml-cuda.cu:839 calls=6290 total_ms=26.586 avg_us=4.227 max_us=353
   1 /opt/llama.cpp/ggml/src/ggml-cuda/ggml-cuda.cu:900 calls=12 total_ms=5.896 avg_us=491.333 max_us=2586
   2 /opt/llama.cpp/ggml/src/ggml-cuda/ggml-cuda.cu:2665 calls=191 total_ms=0.313 avg_us=1.639 max_us=10
   3 /opt/llama.cpp/ggml/src/ggml-cuda/ggml-cuda.cu:847 calls=150 total_ms=0.155 avg_us=1.033 max_us=3
=== END CUDA SYNC PROFILE ===
backend-sync-trace: count=15000 backend=CUDA0 caller=ggml_backend_sched_graph_compute_async_ext+0xecc

=== CUDA SYNC PROFILE (instrumentation only) ===
total_syncs = 15000
total_wait_ms = 8812.339
max_wait_us = 140882
sites = 5
wait_hist_us = logarithmic buckets
  hist[0] = 13665
  hist[1] = 740
  hist[2] = 37
  hist[3] = 9
  hist[4] = 8
  hist[5] = 1
  hist[9] = 93
  hist[10] = 217
  hist[11] = 50
  hist[14] = 54
  hist[15] = 104
  hist[16] = 21
  hist[17] = 1
by_callsite (caller PC; symbolize with addr2line):
   0 caller=0x7bf768d5c0d2 calls=6119 total_ms=8807.399 avg_us=1439.353 max_us=140882
   1 caller=0x7bf768d6098c calls=4895 total_ms=1.907 avg_us=0.390 max_us=24
   2 caller=0x7bf768d6089c calls=1812 total_ms=1.502 avg_us=0.829 max_us=28
   3 caller=0x7bf768d5f852 calls=362 total_ms=0.795 avg_us=2.196 max_us=36
   4 caller=0x7bf768d60abd calls=1812 total_ms=0.736 avg_us=0.406 max_us=19
direct_cudaStreamSynchronize: calls=6693 total_ms=33.155 max_us=2586
by_direct_callsite (file:line):
   0 /opt/llama.cpp/ggml/src/ggml-cuda/ggml-cuda.cu:839 calls=6340 total_ms=26.791 avg_us=4.226 max_us=353
   1 /opt/llama.cpp/ggml/src/ggml-cuda/ggml-cuda.cu:900 calls=12 total_ms=5.896 avg_us=491.333 max_us=2586
   2 /opt/llama.cpp/ggml/src/ggml-cuda/ggml-cuda.cu:2665 calls=191 total_ms=0.313 avg_us=1.639 max_us=10
   3 /opt/llama.cpp/ggml/src/ggml-cuda/ggml-cuda.cu:847 calls=150 total_ms=0.155 avg_us=1.033 max_us=3
=== END CUDA SYNC PROFILE ===

=== CUDA SYNC PROFILE (instrumentation only) ===
total_syncs = 15011
total_wait_ms = 8860.627
max_wait_us = 140882
sites = 5
wait_hist_us = logarithmic buckets
  hist[0] = 13673
  hist[1] = 741
  hist[2] = 38
  hist[3] = 9
  hist[4] = 8
  hist[5] = 1
  hist[9] = 93
  hist[10] = 217
  hist[11] = 50
  hist[14] = 54
  hist[15] = 105
  hist[16] = 21
  hist[17] = 1
by_callsite (caller PC; symbolize with addr2line):
   0 caller=0x7bf768d5c0d2 calls=6121 total_ms=8855.680 avg_us=1446.770 max_us=140882
   1 caller=0x7bf768d6098c calls=4899 total_ms=1.909 avg_us=0.390 max_us=24
   2 caller=0x7bf768d6089c calls=1814 total_ms=1.504 avg_us=0.829 max_us=28
   3 caller=0x7bf768d5f852 calls=363 total_ms=0.798 avg_us=2.198 max_us=36
   4 caller=0x7bf768d60abd calls=1814 total_ms=0.736 avg_us=0.406 max_us=19
direct_cudaStreamSynchronize: calls=6700 total_ms=33.183 max_us=2586
by_direct_callsite (file:line):
   0 /opt/llama.cpp/ggml/src/ggml-cuda/ggml-cuda.cu:839 calls=6347 total_ms=26.819 avg_us=4.225 max_us=353
   1 /opt/llama.cpp/ggml/src/ggml-cuda/ggml-cuda.cu:900 calls=12 total_ms=5.896 avg_us=491.333 max_us=2586
   2 /opt/llama.cpp/ggml/src/ggml-cuda/ggml-cuda.cu:2665 calls=191 total_ms=0.313 avg_us=1.639 max_us=10
   3 /opt/llama.cpp/ggml/src/ggml-cuda/ggml-cuda.cu:847 calls=150 total_ms=0.155 avg_us=1.033 max_us=3
=== END CUDA SYNC PROFILE ===
backend-sync-trace: count=15100 backend=CUDA0 caller=ggml_backend_sched_synchronize+0x62

=== CUDA SYNC PROFILE (instrumentation only) ===
total_syncs = 15100
total_wait_ms = 8893.234
max_wait_us = 140882
sites = 5
wait_hist_us = logarithmic buckets
  hist[0] = 13755
  hist[1] = 744
  hist[2] = 39
  hist[3] = 9
  hist[4] = 8
  hist[5] = 1
  hist[9] = 95
  hist[10] = 217
  hist[11] = 50
  hist[14] = 55
  hist[15] = 105
  hist[16] = 21
  hist[17] = 1
by_callsite (caller PC; symbolize with addr2line):
   0 caller=0x7bf768d5c0d2 calls=6159 total_ms=8888.258 avg_us=1443.133 max_us=140882
   1 caller=0x7bf768d6098c calls=4928 total_ms=1.920 avg_us=0.390 max_us=24
   2 caller=0x7bf768d6089c calls=1824 total_ms=1.512 avg_us=0.829 max_us=28
   3 caller=0x7bf768d5f852 calls=365 total_ms=0.804 avg_us=2.203 max_us=36
   4 caller=0x7bf768d60abd calls=1824 total_ms=0.740 avg_us=0.406 max_us=19
direct_cudaStreamSynchronize: calls=6736 total_ms=33.323 max_us=2586
by_direct_callsite (file:line):
   0 /opt/llama.cpp/ggml/src/ggml-cuda/ggml-cuda.cu:839 calls=6383 total_ms=26.959 avg_us=4.224 max_us=353
   1 /opt/llama.cpp/ggml/src/ggml-cuda/ggml-cuda.cu:900 calls=12 total_ms=5.896 avg_us=491.333 max_us=2586
   2 /opt/llama.cpp/ggml/src/ggml-cuda/ggml-cuda.cu:2665 calls=191 total_ms=0.313 avg_us=1.639 max_us=10
   3 /opt/llama.cpp/ggml/src/ggml-cuda/ggml-cuda.cu:847 calls=150 total_ms=0.155 avg_us=1.033 max_us=3
=== END CUDA SYNC PROFILE ===
backend-sync-trace: count=15200 backend=CUDA0 caller=ggml_backend_sched_synchronize+0x62

=== CUDA SYNC PROFILE (instrumentation only) ===
total_syncs = 15200
total_wait_ms = 8929.420
max_wait_us = 140882
sites = 5
wait_hist_us = logarithmic buckets
  hist[0] = 13847
  hist[1] = 748
  hist[2] = 39
  hist[3] = 9
  hist[4] = 8
  hist[5] = 1
  hist[9] = 96
  hist[10] = 219
  hist[11] = 50
  hist[14] = 56
  hist[15] = 105
  hist[16] = 21
  hist[17] = 1
by_callsite (caller PC; symbolize with addr2line):
   0 caller=0x7bf768d5c0d2 calls=6201 total_ms=8924.414 avg_us=1439.189 max_us=140882
   1 caller=0x7bf768d6098c calls=4959 total_ms=1.929 avg_us=0.389 max_us=24
   2 caller=0x7bf768d6089c calls=1836 total_ms=1.520 avg_us=0.828 max_us=28
   3 caller=0x7bf768d5f852 calls=368 total_ms=0.810 avg_us=2.201 max_us=36
   4 caller=0x7bf768d60abd calls=1836 total_ms=0.747 avg_us=0.407 max_us=19
direct_cudaStreamSynchronize: calls=6777 total_ms=33.483 max_us=2586
by_direct_callsite (file:line):
   0 /opt/llama.cpp/ggml/src/ggml-cuda/ggml-cuda.cu:839 calls=6424 total_ms=27.119 avg_us=4.222 max_us=353
   1 /opt/llama.cpp/ggml/src/ggml-cuda/ggml-cuda.cu:900 calls=12 total_ms=5.896 avg_us=491.333 max_us=2586
   2 /opt/llama.cpp/ggml/src/ggml-cuda/ggml-cuda.cu:2665 calls=191 total_ms=0.313 avg_us=1.639 max_us=10
   3 /opt/llama.cpp/ggml/src/ggml-cuda/ggml-cuda.cu:847 calls=150 total_ms=0.155 avg_us=1.033 max_us=3
=== END CUDA SYNC PROFILE ===

=== CUDA SYNC PROFILE (instrumentation only) ===
total_syncs = 15241
total_wait_ms = 8930.331
max_wait_us = 140882
sites = 5
wait_hist_us = logarithmic buckets
  hist[0] = 13885
  hist[1] = 750
  hist[2] = 39
  hist[3] = 9
  hist[4] = 8
  hist[5] = 1
  hist[9] = 97
  hist[10] = 219
  hist[11] = 50
  hist[14] = 56
  hist[15] = 105
  hist[16] = 21
  hist[17] = 1
by_callsite (caller PC; symbolize with addr2line):
   0 caller=0x7bf768d5c0d2 calls=6212 total_ms=8925.307 avg_us=1436.785 max_us=140882
   1 caller=0x7bf768d6098c calls=4977 total_ms=1.937 avg_us=0.389 max_us=24
   2 caller=0x7bf768d6089c calls=1842 total_ms=1.526 avg_us=0.828 max_us=28
   3 caller=0x7bf768d5f852 calls=368 total_ms=0.810 avg_us=2.201 max_us=36
   4 caller=0x7bf768d60abd calls=1842 total_ms=0.751 avg_us=0.408 max_us=19
direct_cudaStreamSynchronize: calls=6800 total_ms=33.574 max_us=2586
by_direct_callsite (file:line):
   0 /opt/llama.cpp/ggml/src/ggml-cuda/ggml-cuda.cu:839 calls=6447 total_ms=27.210 avg_us=4.221 max_us=353
   1 /opt/llama.cpp/ggml/src/ggml-cuda/ggml-cuda.cu:900 calls=12 total_ms=5.896 avg_us=491.333 max_us=2586
   2 /opt/llama.cpp/ggml/src/ggml-cuda/ggml-cuda.cu:2665 calls=191 total_ms=0.313 avg_us=1.639 max_us=10
   3 /opt/llama.cpp/ggml/src/ggml-cuda/ggml-cuda.cu:847 calls=150 total_ms=0.155 avg_us=1.033 max_us=3
=== END CUDA SYNC PROFILE ===
backend-sync-trace: count=15300 backend=CUDA0 caller=ggml_backend_sched_synchronize+0x62

=== CUDA SYNC PROFILE (instrumentation only) ===
total_syncs = 15300
total_wait_ms = 8962.611
max_wait_us = 140882
sites = 5
wait_hist_us = logarithmic buckets
  hist[0] = 13939
  hist[1] = 752
  hist[2] = 39
  hist[3] = 9
  hist[4] = 8
  hist[5] = 1
  hist[9] = 98
  hist[10] = 220
  hist[11] = 50
  hist[14] = 57
  hist[15] = 105
  hist[16] = 21
  hist[17] = 1
by_callsite (caller PC; symbolize with addr2line):
   0 caller=0x7bf768d5c0d2 calls=6244 total_ms=8957.568 avg_us=1434.588 max_us=140882
   1 caller=0x7bf768d6098c calls=4990 total_ms=1.944 avg_us=0.390 max_us=24
   2 caller=0x7bf768d6089c calls=1848 total_ms=1.532 avg_us=0.829 max_us=28
   3 caller=0x7bf768d5f852 calls=370 total_ms=0.814 avg_us=2.200 max_us=36
   4 caller=0x7bf768d60abd calls=1848 total_ms=0.753 avg_us=0.407 max_us=19
direct_cudaStreamSynchronize: calls=6818 total_ms=33.643 max_us=2586
by_direct_callsite (file:line):
   0 /opt/llama.cpp/ggml/src/ggml-cuda/ggml-cuda.cu:839 calls=6465 total_ms=27.279 avg_us=4.219 max_us=353
   1 /opt/llama.cpp/ggml/src/ggml-cuda/ggml-cuda.cu:900 calls=12 total_ms=5.896 avg_us=491.333 max_us=2586
   2 /opt/llama.cpp/ggml/src/ggml-cuda/ggml-cuda.cu:2665 calls=191 total_ms=0.313 avg_us=1.639 max_us=10
   3 /opt/llama.cpp/ggml/src/ggml-cuda/ggml-cuda.cu:847 calls=150 total_ms=0.155 avg_us=1.033 max_us=3
=== END CUDA SYNC PROFILE ===
backend-sync-trace: count=15400 backend=CUDA0 caller=ggml_backend_sched_graph_compute_async_ext+0xecc

=== CUDA SYNC PROFILE (instrumentation only) ===
total_syncs = 15400
total_wait_ms = 9007.231
max_wait_us = 140882
sites = 5
wait_hist_us = logarithmic buckets
  hist[0] = 14032
  hist[1] = 755
  hist[2] = 40
  hist[3] = 9
  hist[4] = 8
  hist[5] = 1
  hist[9] = 98
  hist[10] = 221
  hist[11] = 51
  hist[14] = 57
  hist[15] = 106
  hist[16] = 21
  hist[17] = 1
by_callsite (caller PC; symbolize with addr2line):
   0 caller=0x7bf768d5c0d2 calls=6286 total_ms=9002.156 avg_us=1432.096 max_us=140882
   1 caller=0x7bf768d6098c calls=5018 total_ms=1.954 avg_us=0.389 max_us=24
   2 caller=0x7bf768d6089c calls=1862 total_ms=1.546 avg_us=0.830 max_us=28
   3 caller=0x7bf768d5f852 calls=372 total_ms=0.817 avg_us=2.196 max_us=36
   4 caller=0x7bf768d60abd calls=1862 total_ms=0.758 avg_us=0.407 max_us=19
direct_cudaStreamSynchronize: calls=6856 total_ms=33.803 max_us=2586
by_direct_callsite (file:line):
   0 /opt/llama.cpp/ggml/src/ggml-cuda/ggml-cuda.cu:839 calls=6503 total_ms=27.439 avg_us=4.219 max_us=353
   1 /opt/llama.cpp/ggml/src/ggml-cuda/ggml-cuda.cu:900 calls=12 total_ms=5.896 avg_us=491.333 max_us=2586
   2 /opt/llama.cpp/ggml/src/ggml-cuda/ggml-cuda.cu:2665 calls=191 total_ms=0.313 avg_us=1.639 max_us=10
   3 /opt/llama.cpp/ggml/src/ggml-cuda/ggml-cuda.cu:847 calls=150 total_ms=0.155 avg_us=1.033 max_us=3
=== END CUDA SYNC PROFILE ===

=== CUDA SYNC PROFILE (instrumentation only) ===
total_syncs = 15494
total_wait_ms = 9063.285
max_wait_us = 140882
sites = 5
wait_hist_us = logarithmic buckets
  hist[0] = 14120
  hist[1] = 758
  hist[2] = 40
  hist[3] = 9
  hist[4] = 8
  hist[5] = 1
  hist[9] = 98
  hist[10] = 223
  hist[11] = 51
  hist[14] = 57
  hist[15] = 107
  hist[16] = 21
  hist[17] = 1
by_callsite (caller PC; symbolize with addr2line):
   0 caller=0x7bf768d5c0d2 calls=6323 total_ms=9058.183 avg_us=1432.577 max_us=140882
   1 caller=0x7bf768d6098c calls=5053 total_ms=1.965 avg_us=0.389 max_us=24
   2 caller=0x7bf768d6089c calls=1872 total_ms=1.554 avg_us=0.830 max_us=28
   3 caller=0x7bf768d5f852 calls=374 total_ms=0.822 avg_us=2.198 max_us=36
   4 caller=0x7bf768d60abd calls=1872 total_ms=0.761 avg_us=0.407 max_us=19
direct_cudaStreamSynchronize: calls=6900 total_ms=33.992 max_us=2586
by_direct_callsite (file:line):
   0 /opt/llama.cpp/ggml/src/ggml-cuda/ggml-cuda.cu:839 calls=6547 total_ms=27.628 avg_us=4.220 max_us=353
   1 /opt/llama.cpp/ggml/src/ggml-cuda/ggml-cuda.cu:900 calls=12 total_ms=5.896 avg_us=491.333 max_us=2586
   2 /opt/llama.cpp/ggml/src/ggml-cuda/ggml-cuda.cu:2665 calls=191 total_ms=0.313 avg_us=1.639 max_us=10
   3 /opt/llama.cpp/ggml/src/ggml-cuda/ggml-cuda.cu:847 calls=150 total_ms=0.155 avg_us=1.033 max_us=3
=== END CUDA SYNC PROFILE ===
backend-sync-trace: count=15500 backend=CUDA0 caller=ggml_backend_sched_graph_compute_async_ext+0xecc

=== CUDA SYNC PROFILE (instrumentation only) ===
total_syncs = 15500
total_wait_ms = 9063.286
max_wait_us = 140882
sites = 5
wait_hist_us = logarithmic buckets
  hist[0] = 14126
  hist[1] = 758
  hist[2] = 40
  hist[3] = 9
  hist[4] = 8
  hist[5] = 1
  hist[9] = 98
  hist[10] = 223
  hist[11] = 51
  hist[14] = 57
  hist[15] = 107
  hist[16] = 21
  hist[17] = 1
by_callsite (caller PC; symbolize with addr2line):
   0 caller=0x7bf768d5c0d2 calls=6323 total_ms=9058.183 avg_us=1432.577 max_us=140882
   1 caller=0x7bf768d6098c calls=5059 total_ms=1.966 avg_us=0.389 max_us=24
   2 caller=0x7bf768d6089c calls=1872 total_ms=1.554 avg_us=0.830 max_us=28
   3 caller=0x7bf768d5f852 calls=374 total_ms=0.822 avg_us=2.198 max_us=36
   4 caller=0x7bf768d60abd calls=1872 total_ms=0.761 avg_us=0.407 max_us=19
direct_cudaStreamSynchronize: calls=6905 total_ms=34.006 max_us=2586
by_direct_callsite (file:line):
   0 /opt/llama.cpp/ggml/src/ggml-cuda/ggml-cuda.cu:839 calls=6552 total_ms=27.642 avg_us=4.219 max_us=353
   1 /opt/llama.cpp/ggml/src/ggml-cuda/ggml-cuda.cu:900 calls=12 total_ms=5.896 avg_us=491.333 max_us=2586
   2 /opt/llama.cpp/ggml/src/ggml-cuda/ggml-cuda.cu:2665 calls=191 total_ms=0.313 avg_us=1.639 max_us=10
   3 /opt/llama.cpp/ggml/src/ggml-cuda/ggml-cuda.cu:847 calls=150 total_ms=0.155 avg_us=1.033 max_us=3
=== END CUDA SYNC PROFILE ===
backend-sync-trace: count=15600 backend=CUDA0 caller=ggml_backend_sched_synchronize+0x62

=== CUDA SYNC PROFILE (instrumentation only) ===
total_syncs = 15600
total_wait_ms = 9167.318
max_wait_us = 140882
sites = 5
wait_hist_us = logarithmic buckets
  hist[0] = 14218
  hist[1] = 762
  hist[2] = 40
  hist[3] = 9
  hist[4] = 8
  hist[5] = 1
  hist[9] = 99
  hist[10] = 224
  hist[11] = 51
  hist[14] = 57
  hist[15] = 109
  hist[16] = 21
  hist[17] = 1
by_callsite (caller PC; symbolize with addr2line):
   0 caller=0x7bf768d5c0d2 calls=6365 total_ms=9162.184 avg_us=1439.463 max_us=140882
   1 caller=0x7bf768d6098c calls=5090 total_ms=1.977 avg_us=0.388 max_us=24
   2 caller=0x7bf768d6089c calls=1884 total_ms=1.562 avg_us=0.829 max_us=28
   3 caller=0x7bf768d5f852 calls=377 total_ms=0.827 avg_us=2.194 max_us=36
   4 caller=0x7bf768d60abd calls=1884 total_ms=0.768 avg_us=0.408 max_us=19
direct_cudaStreamSynchronize: calls=6946 total_ms=34.176 max_us=2586
by_direct_callsite (file:line):
   0 /opt/llama.cpp/ggml/src/ggml-cuda/ggml-cuda.cu:839 calls=6593 total_ms=27.812 avg_us=4.218 max_us=353
   1 /opt/llama.cpp/ggml/src/ggml-cuda/ggml-cuda.cu:900 calls=12 total_ms=5.896 avg_us=491.333 max_us=2586
   2 /opt/llama.cpp/ggml/src/ggml-cuda/ggml-cuda.cu:2665 calls=191 total_ms=0.313 avg_us=1.639 max_us=10
   3 /opt/llama.cpp/ggml/src/ggml-cuda/ggml-cuda.cu:847 calls=150 total_ms=0.155 avg_us=1.033 max_us=3
=== END CUDA SYNC PROFILE ===
backend-sync-trace: count=15700 backend=CUDA0 caller=ggml_backend_sched_graph_compute_async_ext+0xffd

=== CUDA SYNC PROFILE (instrumentation only) ===
total_syncs = 15700
total_wait_ms = 9201.357
max_wait_us = 140882
sites = 5
wait_hist_us = logarithmic buckets
  hist[0] = 14308
  hist[1] = 768
  hist[2] = 40
  hist[3] = 9
  hist[4] = 8
  hist[5] = 1
  hist[9] = 99
  hist[10] = 227
  hist[11] = 51
  hist[14] = 58
  hist[15] = 109
  hist[16] = 21
  hist[17] = 1
by_callsite (caller PC; symbolize with addr2line):
   0 caller=0x7bf768d5c0d2 calls=6403 total_ms=9196.188 avg_us=1436.231 max_us=140882
   1 caller=0x7bf768d6098c calls=5121 total_ms=1.989 avg_us=0.388 max_us=24
   2 caller=0x7bf768d6089c calls=1898 total_ms=1.576 avg_us=0.830 max_us=28
   3 caller=0x7bf768d5f852 calls=380 total_ms=0.832 avg_us=2.189 max_us=36
   4 caller=0x7bf768d60abd calls=1898 total_ms=0.772 avg_us=0.407 max_us=19
direct_cudaStreamSynchronize: calls=6988 total_ms=34.337 max_us=2586
by_direct_callsite (file:line):
   0 /opt/llama.cpp/ggml/src/ggml-cuda/ggml-cuda.cu:839 calls=6635 total_ms=27.973 avg_us=4.216 max_us=353
   1 /opt/llama.cpp/ggml/src/ggml-cuda/ggml-cuda.cu:900 calls=12 total_ms=5.896 avg_us=491.333 max_us=2586
   2 /opt/llama.cpp/ggml/src/ggml-cuda/ggml-cuda.cu:2665 calls=191 total_ms=0.313 avg_us=1.639 max_us=10
   3 /opt/llama.cpp/ggml/src/ggml-cuda/ggml-cuda.cu:847 calls=150 total_ms=0.155 avg_us=1.033 max_us=3
=== END CUDA SYNC PROFILE ===

=== CUDA SYNC PROFILE (instrumentation only) ===
total_syncs = 15723
total_wait_ms = 9202.258
max_wait_us = 140882
sites = 5
wait_hist_us = logarithmic buckets
  hist[0] = 14329
  hist[1] = 769
  hist[2] = 40
  hist[3] = 9
  hist[4] = 8
  hist[5] = 1
  hist[9] = 100
  hist[10] = 227
  hist[11] = 51
  hist[14] = 58
  hist[15] = 109
  hist[16] = 21
  hist[17] = 1
by_callsite (caller PC; symbolize with addr2line):
   0 caller=0x7bf768d5c0d2 calls=6410 total_ms=9197.081 avg_us=1434.802 max_us=140882
   1 caller=0x7bf768d6098c calls=5129 total_ms=1.992 avg_us=0.388 max_us=24
   2 caller=0x7bf768d6089c calls=1902 total_ms=1.580 avg_us=0.831 max_us=28
   3 caller=0x7bf768d5f852 calls=380 total_ms=0.832 avg_us=2.189 max_us=36
   4 caller=0x7bf768d60abd calls=1902 total_ms=0.773 avg_us=0.406 max_us=19
direct_cudaStreamSynchronize: calls=7000 total_ms=34.401 max_us=2586
by_direct_callsite (file:line):
   0 /opt/llama.cpp/ggml/src/ggml-cuda/ggml-cuda.cu:839 calls=6647 total_ms=28.037 avg_us=4.218 max_us=353
   1 /opt/llama.cpp/ggml/src/ggml-cuda/ggml-cuda.cu:900 calls=12 total_ms=5.896 avg_us=491.333 max_us=2586
   2 /opt/llama.cpp/ggml/src/ggml-cuda/ggml-cuda.cu:2665 calls=191 total_ms=0.313 avg_us=1.639 max_us=10
   3 /opt/llama.cpp/ggml/src/ggml-cuda/ggml-cuda.cu:847 calls=150 total_ms=0.155 avg_us=1.033 max_us=3
=== END CUDA SYNC PROFILE ===
backend-sync-trace: count=15800 backend=CUDA0 caller=ggml_backend_sched_graph_compute_async_ext+0xecc

=== CUDA SYNC PROFILE (instrumentation only) ===
total_syncs = 15800
total_wait_ms = 9232.742
max_wait_us = 140882
sites = 5
wait_hist_us = logarithmic buckets
  hist[0] = 14398
  hist[1] = 774
  hist[2] = 40
  hist[3] = 9
  hist[4] = 8
  hist[5] = 1
  hist[9] = 101
  hist[10] = 228
  hist[11] = 51
  hist[14] = 59
  hist[15] = 109
  hist[16] = 21
  hist[17] = 1
by_callsite (caller PC; symbolize with addr2line):
   0 caller=0x7bf768d5c0d2 calls=6441 total_ms=9227.543 avg_us=1432.626 max_us=140882
   1 caller=0x7bf768d6098c calls=5153 total_ms=2.000 avg_us=0.388 max_us=24
   2 caller=0x7bf768d6089c calls=1912 total_ms=1.589 avg_us=0.831 max_us=28
   3 caller=0x7bf768d5f852 calls=382 total_ms=0.837 avg_us=2.191 max_us=36
   4 caller=0x7bf768d60abd calls=1912 total_ms=0.773 avg_us=0.404 max_us=19
direct_cudaStreamSynchronize: calls=7031 total_ms=34.541 max_us=2586
by_direct_callsite (file:line):
   0 /opt/llama.cpp/ggml/src/ggml-cuda/ggml-cuda.cu:839 calls=6678 total_ms=28.177 avg_us=4.219 max_us=353
   1 /opt/llama.cpp/ggml/src/ggml-cuda/ggml-cuda.cu:900 calls=12 total_ms=5.896 avg_us=491.333 max_us=2586
   2 /opt/llama.cpp/ggml/src/ggml-cuda/ggml-cuda.cu:2665 calls=191 total_ms=0.313 avg_us=1.639 max_us=10
   3 /opt/llama.cpp/ggml/src/ggml-cuda/ggml-cuda.cu:847 calls=150 total_ms=0.155 avg_us=1.033 max_us=3
=== END CUDA SYNC PROFILE ===
backend-sync-trace: count=15900 backend=CUDA0 caller=ggml_backend_sched_graph_compute_async_ext+0xecc

=== CUDA SYNC PROFILE (instrumentation only) ===
total_syncs = 15900
total_wait_ms = 9270.388
max_wait_us = 140882
sites = 5
wait_hist_us = logarithmic buckets
  hist[0] = 14490
  hist[1] = 779
  hist[2] = 40
  hist[3] = 9
  hist[4] = 8
  hist[5] = 1
  hist[9] = 101
  hist[10] = 230
  hist[11] = 51
  hist[14] = 59
  hist[15] = 110
  hist[16] = 21
  hist[17] = 1
by_callsite (caller PC; symbolize with addr2line):
   0 caller=0x7bf768d5c0d2 calls=6478 total_ms=9265.158 avg_us=1430.250 max_us=140882
   1 caller=0x7bf768d6098c calls=5194 total_ms=2.013 avg_us=0.388 max_us=24
   2 caller=0x7bf768d6089c calls=1922 total_ms=1.599 avg_us=0.832 max_us=28
   3 caller=0x7bf768d5f852 calls=384 total_ms=0.841 avg_us=2.190 max_us=36
   4 caller=0x7bf768d60abd calls=1922 total_ms=0.777 avg_us=0.404 max_us=19
direct_cudaStreamSynchronize: calls=7080 total_ms=34.742 max_us=2586
by_direct_callsite (file:line):
   0 /opt/llama.cpp/ggml/src/ggml-cuda/ggml-cuda.cu:839 calls=6727 total_ms=28.378 avg_us=4.219 max_us=353
   1 /opt/llama.cpp/ggml/src/ggml-cuda/ggml-cuda.cu:900 calls=12 total_ms=5.896 avg_us=491.333 max_us=2586
   2 /opt/llama.cpp/ggml/src/ggml-cuda/ggml-cuda.cu:2665 calls=191 total_ms=0.313 avg_us=1.639 max_us=10
   3 /opt/llama.cpp/ggml/src/ggml-cuda/ggml-cuda.cu:847 calls=150 total_ms=0.155 avg_us=1.033 max_us=3
=== END CUDA SYNC PROFILE ===

=== CUDA SYNC PROFILE (instrumentation only) ===
total_syncs = 15961
total_wait_ms = 9300.851
max_wait_us = 140882
sites = 5
wait_hist_us = logarithmic buckets
  hist[0] = 14544
  hist[1] = 782
  hist[2] = 41
  hist[3] = 9
  hist[4] = 8
  hist[5] = 1
  hist[9] = 101
  hist[10] = 232
  hist[11] = 51
  hist[14] = 60
  hist[15] = 110
  hist[16] = 21
  hist[17] = 1
by_callsite (caller PC; symbolize with addr2line):
   0 caller=0x7bf768d5c0d2 calls=6509 total_ms=9295.600 avg_us=1428.115 max_us=140882
   1 caller=0x7bf768d6098c calls=5206 total_ms=2.017 avg_us=0.387 max_us=24
   2 caller=0x7bf768d6089c calls=1930 total_ms=1.607 avg_us=0.833 max_us=28
   3 caller=0x7bf768d5f852 calls=386 total_ms=0.845 avg_us=2.189 max_us=36
   4 caller=0x7bf768d60abd calls=1930 total_ms=0.782 avg_us=0.405 max_us=19
direct_cudaStreamSynchronize: calls=7100 total_ms=34.818 max_us=2586
by_direct_callsite (file:line):
   0 /opt/llama.cpp/ggml/src/ggml-cuda/ggml-cuda.cu:839 calls=6747 total_ms=28.454 avg_us=4.217 max_us=353
   1 /opt/llama.cpp/ggml/src/ggml-cuda/ggml-cuda.cu:900 calls=12 total_ms=5.896 avg_us=491.333 max_us=2586
   2 /opt/llama.cpp/ggml/src/ggml-cuda/ggml-cuda.cu:2665 calls=191 total_ms=0.313 avg_us=1.639 max_us=10
   3 /opt/llama.cpp/ggml/src/ggml-cuda/ggml-cuda.cu:847 calls=150 total_ms=0.155 avg_us=1.033 max_us=3
=== END CUDA SYNC PROFILE ===
backend-sync-trace: count=16000 backend=CUDA0 caller=ggml_backend_sched_synchronize+0x62

=== CUDA SYNC PROFILE (instrumentation only) ===
total_syncs = 16000
total_wait_ms = 9333.997
max_wait_us = 140882
sites = 5
wait_hist_us = logarithmic buckets
  hist[0] = 14581
  hist[1] = 783
  hist[2] = 41
  hist[3] = 9
  hist[4] = 8
  hist[5] = 1
  hist[9] = 101
  hist[10] = 232
  hist[11] = 51
  hist[14] = 60
  hist[15] = 111
  hist[16] = 21
  hist[17] = 1
by_callsite (caller PC; symbolize with addr2line):
   0 caller=0x7bf768d5c0d2 calls=6520 total_ms=9328.734 avg_us=1430.787 max_us=140882
   1 caller=0x7bf768d6098c calls=5225 total_ms=2.023 avg_us=0.387 max_us=24
   2 caller=0x7bf768d6089c calls=1934 total_ms=1.610 avg_us=0.832 max_us=28
   3 caller=0x7bf768d5f852 calls=387 total_ms=0.847 avg_us=2.189 max_us=36
   4 caller=0x7bf768d60abd calls=1934 total_ms=0.783 avg_us=0.405 max_us=19
direct_cudaStreamSynchronize: calls=7121 total_ms=34.920 max_us=2586
by_direct_callsite (file:line):
   0 /opt/llama.cpp/ggml/src/ggml-cuda/ggml-cuda.cu:839 calls=6768 total_ms=28.556 avg_us=4.219 max_us=353
   1 /opt/llama.cpp/ggml/src/ggml-cuda/ggml-cuda.cu:900 calls=12 total_ms=5.896 avg_us=491.333 max_us=2586
   2 /opt/llama.cpp/ggml/src/ggml-cuda/ggml-cuda.cu:2665 calls=191 total_ms=0.313 avg_us=1.639 max_us=10
   3 /opt/llama.cpp/ggml/src/ggml-cuda/ggml-cuda.cu:847 calls=150 total_ms=0.155 avg_us=1.033 max_us=3
=== END CUDA SYNC PROFILE ===
backend-sync-trace: count=16100 backend=CUDA0 caller=ggml_backend_sched_graph_compute_async_ext+0xecc

=== CUDA SYNC PROFILE (instrumentation only) ===
total_syncs = 16100
total_wait_ms = 9363.775
max_wait_us = 140882
sites = 5
wait_hist_us = logarithmic buckets
  hist[0] = 14674
  hist[1] = 787
  hist[2] = 41
  hist[3] = 9
  hist[4] = 8
  hist[5] = 1
  hist[9] = 102
  hist[10] = 233
  hist[11] = 51
  hist[14] = 61
  hist[15] = 111
  hist[16] = 21
  hist[17] = 1
by_callsite (caller PC; symbolize with addr2line):
   0 caller=0x7bf768d5c0d2 calls=6563 total_ms=9358.485 avg_us=1425.946 max_us=140882
   1 caller=0x7bf768d6098c calls=5255 total_ms=2.032 avg_us=0.387 max_us=24
   2 caller=0x7bf768d6089c calls=1946 total_ms=1.620 avg_us=0.832 max_us=28
   3 caller=0x7bf768d5f852 calls=390 total_ms=0.853 avg_us=2.187 max_us=36
   4 caller=0x7bf768d60abd calls=1946 total_ms=0.785 avg_us=0.403 max_us=19
direct_cudaStreamSynchronize: calls=7160 total_ms=35.080 max_us=2586
by_direct_callsite (file:line):
   0 /opt/llama.cpp/ggml/src/ggml-cuda/ggml-cuda.cu:839 calls=6807 total_ms=28.716 avg_us=4.219 max_us=353
   1 /opt/llama.cpp/ggml/src/ggml-cuda/ggml-cuda.cu:900 calls=12 total_ms=5.896 avg_us=491.333 max_us=2586
   2 /opt/llama.cpp/ggml/src/ggml-cuda/ggml-cuda.cu:2665 calls=191 total_ms=0.313 avg_us=1.639 max_us=10
   3 /opt/llama.cpp/ggml/src/ggml-cuda/ggml-cuda.cu:847 calls=150 total_ms=0.155 avg_us=1.033 max_us=3
=== END CUDA SYNC PROFILE ===

=== CUDA SYNC PROFILE (instrumentation only) ===
total_syncs = 16199
total_wait_ms = 9399.709
max_wait_us = 140882
sites = 5
wait_hist_us = logarithmic buckets
  hist[0] = 14766
  hist[1] = 790
  hist[2] = 41
  hist[3] = 9
  hist[4] = 8
  hist[5] = 1
  hist[9] = 102
  hist[10] = 235
  hist[11] = 52
  hist[14] = 62
  hist[15] = 111
  hist[16] = 21
  hist[17] = 1
by_callsite (caller PC; symbolize with addr2line):
   0 caller=0x7bf768d5c0d2 calls=6607 total_ms=9394.389 avg_us=1421.884 max_us=140882
   1 caller=0x7bf768d6098c calls=5284 total_ms=2.044 avg_us=0.387 max_us=24
   2 caller=0x7bf768d6089c calls=1958 total_ms=1.630 avg_us=0.832 max_us=28
   3 caller=0x7bf768d5f852 calls=392 total_ms=0.857 avg_us=2.186 max_us=36
   4 caller=0x7bf768d60abd calls=1958 total_ms=0.789 avg_us=0.403 max_us=19
direct_cudaStreamSynchronize: calls=7200 total_ms=35.243 max_us=2586
by_direct_callsite (file:line):
   0 /opt/llama.cpp/ggml/src/ggml-cuda/ggml-cuda.cu:839 calls=6847 total_ms=28.879 avg_us=4.218 max_us=353
   1 /opt/llama.cpp/ggml/src/ggml-cuda/ggml-cuda.cu:900 calls=12 total_ms=5.896 avg_us=491.333 max_us=2586
   2 /opt/llama.cpp/ggml/src/ggml-cuda/ggml-cuda.cu:2665 calls=191 total_ms=0.313 avg_us=1.639 max_us=10
   3 /opt/llama.cpp/ggml/src/ggml-cuda/ggml-cuda.cu:847 calls=150 total_ms=0.155 avg_us=1.033 max_us=3
=== END CUDA SYNC PROFILE ===
backend-sync-trace: count=16200 backend=CUDA0 caller=ggml_backend_sched_graph_compute_async_ext+0xecc

=== CUDA SYNC PROFILE (instrumentation only) ===
total_syncs = 16200
total_wait_ms = 9399.710
max_wait_us = 140882
sites = 5
wait_hist_us = logarithmic buckets
  hist[0] = 14767
  hist[1] = 790
  hist[2] = 41
  hist[3] = 9
  hist[4] = 8
  hist[5] = 1
  hist[9] = 102
  hist[10] = 235
  hist[11] = 52
  hist[14] = 62
  hist[15] = 111
  hist[16] = 21
  hist[17] = 1
by_callsite (caller PC; symbolize with addr2line):
   0 caller=0x7bf768d5c0d2 calls=6607 total_ms=9394.389 avg_us=1421.884 max_us=140882
   1 caller=0x7bf768d6098c calls=5285 total_ms=2.045 avg_us=0.387 max_us=24
   2 caller=0x7bf768d6089c calls=1958 total_ms=1.630 avg_us=0.832 max_us=28
   3 caller=0x7bf768d5f852 calls=392 total_ms=0.857 avg_us=2.186 max_us=36
   4 caller=0x7bf768d60abd calls=1958 total_ms=0.789 avg_us=0.403 max_us=19
direct_cudaStreamSynchronize: calls=7200 total_ms=35.243 max_us=2586
by_direct_callsite (file:line):
   0 /opt/llama.cpp/ggml/src/ggml-cuda/ggml-cuda.cu:839 calls=6847 total_ms=28.879 avg_us=4.218 max_us=353
   1 /opt/llama.cpp/ggml/src/ggml-cuda/ggml-cuda.cu:900 calls=12 total_ms=5.896 avg_us=491.333 max_us=2586
   2 /opt/llama.cpp/ggml/src/ggml-cuda/ggml-cuda.cu:2665 calls=191 total_ms=0.313 avg_us=1.639 max_us=10
   3 /opt/llama.cpp/ggml/src/ggml-cuda/ggml-cuda.cu:847 calls=150 total_ms=0.155 avg_us=1.033 max_us=3
=== END CUDA SYNC PROFILE ===
backend-sync-trace: count=16300 backend=CUDA0 caller=ggml_backend_sched_graph_compute_async_ext+0xddc

=== CUDA SYNC PROFILE (instrumentation only) ===
total_syncs = 16300
total_wait_ms = 9437.118
max_wait_us = 140882
sites = 5
wait_hist_us = logarithmic buckets
  hist[0] = 14860
  hist[1] = 793
  hist[2] = 41
  hist[3] = 9
  hist[4] = 8
  hist[5] = 1
  hist[9] = 103
  hist[10] = 236
  hist[11] = 53
  hist[14] = 62
  hist[15] = 112
  hist[16] = 21
  hist[17] = 1
by_callsite (caller PC; symbolize with addr2line):
   0 caller=0x7bf768d5c0d2 calls=6651 total_ms=9431.775 avg_us=1418.099 max_us=140882
   1 caller=0x7bf768d6098c calls=5314 total_ms=2.053 avg_us=0.386 max_us=24
   2 caller=0x7bf768d6089c calls=1971 total_ms=1.640 avg_us=0.832 max_us=28
   3 caller=0x7bf768d5f852 calls=394 total_ms=0.860 avg_us=2.183 max_us=36
   4 caller=0x7bf768d60abd calls=1970 total_ms=0.790 avg_us=0.401 max_us=19
direct_cudaStreamSynchronize: calls=7240 total_ms=35.400 max_us=2586
by_direct_callsite (file:line):
   0 /opt/llama.cpp/ggml/src/ggml-cuda/ggml-cuda.cu:839 calls=6887 total_ms=29.036 avg_us=4.216 max_us=353
   1 /opt/llama.cpp/ggml/src/ggml-cuda/ggml-cuda.cu:900 calls=12 total_ms=5.896 avg_us=491.333 max_us=2586
   2 /opt/llama.cpp/ggml/src/ggml-cuda/ggml-cuda.cu:2665 calls=191 total_ms=0.313 avg_us=1.639 max_us=10
   3 /opt/llama.cpp/ggml/src/ggml-cuda/ggml-cuda.cu:847 calls=150 total_ms=0.155 avg_us=1.033 max_us=3
=== END CUDA SYNC PROFILE ===
backend-sync-trace: count=16400 backend=CUDA0 caller=ggml_backend_sched_synchronize+0x62

=== CUDA SYNC PROFILE (instrumentation only) ===
total_syncs = 16400
total_wait_ms = 9534.081
max_wait_us = 140882
sites = 5
wait_hist_us = logarithmic buckets
  hist[0] = 14953
  hist[1] = 796
  hist[2] = 41
  hist[3] = 9
  hist[4] = 8
  hist[5] = 1
  hist[9] = 104
  hist[10] = 237
  hist[11] = 53
  hist[14] = 62
  hist[15] = 114
  hist[16] = 21
  hist[17] = 1
by_callsite (caller PC; symbolize with addr2line):
   0 caller=0x7bf768d5c0d2 calls=6684 total_ms=9528.708 avg_us=1425.600 max_us=140882
   1 caller=0x7bf768d6098c calls=5356 total_ms=2.067 avg_us=0.386 max_us=24
   2 caller=0x7bf768d6089c calls=1982 total_ms=1.647 avg_us=0.831 max_us=28
   3 caller=0x7bf768d5f852 calls=396 total_ms=0.863 avg_us=2.179 max_us=36
   4 caller=0x7bf768d60abd calls=1982 total_ms=0.796 avg_us=0.402 max_us=19
direct_cudaStreamSynchronize: calls=7291 total_ms=35.609 max_us=2586
by_direct_callsite (file:line):
   0 /opt/llama.cpp/ggml/src/ggml-cuda/ggml-cuda.cu:839 calls=6938 total_ms=29.245 avg_us=4.215 max_us=353
   1 /opt/llama.cpp/ggml/src/ggml-cuda/ggml-cuda.cu:900 calls=12 total_ms=5.896 avg_us=491.333 max_us=2586
   2 /opt/llama.cpp/ggml/src/ggml-cuda/ggml-cuda.cu:2665 calls=191 total_ms=0.313 avg_us=1.639 max_us=10
   3 /opt/llama.cpp/ggml/src/ggml-cuda/ggml-cuda.cu:847 calls=150 total_ms=0.155 avg_us=1.033 max_us=3
=== END CUDA SYNC PROFILE ===

=== CUDA SYNC PROFILE (instrumentation only) ===
total_syncs = 16437
total_wait_ms = 9534.105
max_wait_us = 140882
sites = 5
wait_hist_us = logarithmic buckets
  hist[0] = 14988
  hist[1] = 798
  hist[2] = 41
  hist[3] = 9
  hist[4] = 8
  hist[5] = 1
  hist[9] = 104
  hist[10] = 237
  hist[11] = 53
  hist[14] = 62
  hist[15] = 114
  hist[16] = 21
  hist[17] = 1
by_callsite (caller PC; symbolize with addr2line):
   0 caller=0x7bf768d5c0d2 calls=6705 total_ms=9528.721 avg_us=1421.137 max_us=140882
   1 caller=0x7bf768d6098c calls=5362 total_ms=2.071 avg_us=0.386 max_us=24
   2 caller=0x7bf768d6089c calls=1986 total_ms=1.650 avg_us=0.831 max_us=28
   3 caller=0x7bf768d5f852 calls=398 total_ms=0.867 avg_us=2.178 max_us=36
   4 caller=0x7bf768d60abd calls=1986 total_ms=0.796 avg_us=0.401 max_us=19
direct_cudaStreamSynchronize: calls=7300 total_ms=35.648 max_us=2586
by_direct_callsite (file:line):
   0 /opt/llama.cpp/ggml/src/ggml-cuda/ggml-cuda.cu:839 calls=6947 total_ms=29.284 avg_us=4.215 max_us=353
   1 /opt/llama.cpp/ggml/src/ggml-cuda/ggml-cuda.cu:900 calls=12 total_ms=5.896 avg_us=491.333 max_us=2586
   2 /opt/llama.cpp/ggml/src/ggml-cuda/ggml-cuda.cu:2665 calls=191 total_ms=0.313 avg_us=1.639 max_us=10
   3 /opt/llama.cpp/ggml/src/ggml-cuda/ggml-cuda.cu:847 calls=150 total_ms=0.155 avg_us=1.033 max_us=3
=== END CUDA SYNC PROFILE ===
backend-sync-trace: count=16500 backend=CUDA0 caller=ggml_backend_sched_synchronize+0x62

=== CUDA SYNC PROFILE (instrumentation only) ===
total_syncs = 16500
total_wait_ms = 9572.871
max_wait_us = 140882
sites = 5
wait_hist_us = logarithmic buckets
  hist[0] = 15047
  hist[1] = 799
  hist[2] = 41
  hist[3] = 9
  hist[4] = 8
  hist[5] = 1
  hist[9] = 104
  hist[10] = 239
  hist[11] = 53
  hist[14] = 62
  hist[15] = 115
  hist[16] = 21
  hist[17] = 1
by_callsite (caller PC; symbolize with addr2line):
   0 caller=0x7bf768d5c0d2 calls=6726 total_ms=9567.470 avg_us=1422.461 max_us=140882
   1 caller=0x7bf768d6098c calls=5387 total_ms=2.077 avg_us=0.386 max_us=24
   2 caller=0x7bf768d6089c calls=1994 total_ms=1.656 avg_us=0.830 max_us=28
   3 caller=0x7bf768d5f852 calls=399 total_ms=0.868 avg_us=2.175 max_us=36
   4 caller=0x7bf768d60abd calls=1994 total_ms=0.800 avg_us=0.401 max_us=19
direct_cudaStreamSynchronize: calls=7331 total_ms=35.772 max_us=2586
by_direct_callsite (file:line):
   0 /opt/llama.cpp/ggml/src/ggml-cuda/ggml-cuda.cu:839 calls=6978 total_ms=29.408 avg_us=4.214 max_us=353
   1 /opt/llama.cpp/ggml/src/ggml-cuda/ggml-cuda.cu:900 calls=12 total_ms=5.896 avg_us=491.333 max_us=2586
   2 /opt/llama.cpp/ggml/src/ggml-cuda/ggml-cuda.cu:2665 calls=191 total_ms=0.313 avg_us=1.639 max_us=10
   3 /opt/llama.cpp/ggml/src/ggml-cuda/ggml-cuda.cu:847 calls=150 total_ms=0.155 avg_us=1.033 max_us=3
=== END CUDA SYNC PROFILE ===
backend-sync-trace: count=16600 backend=CUDA0 caller=ggml_backend_sched_synchronize+0x62

=== CUDA SYNC PROFILE (instrumentation only) ===
total_syncs = 16600
total_wait_ms = 9605.569
max_wait_us = 140882
sites = 5
wait_hist_us = logarithmic buckets
  hist[0] = 15139
  hist[1] = 803
  hist[2] = 41
  hist[3] = 9
  hist[4] = 8
  hist[5] = 1
  hist[9] = 106
  hist[10] = 240
  hist[11] = 53
  hist[14] = 63
  hist[15] = 115
  hist[16] = 21
  hist[17] = 1
by_callsite (caller PC; symbolize with addr2line):
   0 caller=0x7bf768d5c0d2 calls=6768 total_ms=9600.134 avg_us=1418.460 max_us=140882
   1 caller=0x7bf768d6098c calls=5418 total_ms=2.091 avg_us=0.386 max_us=24
   2 caller=0x7bf768d6089c calls=2006 total_ms=1.667 avg_us=0.831 max_us=28
   3 caller=0x7bf768d5f852 calls=402 total_ms=0.873 avg_us=2.172 max_us=36
   4 caller=0x7bf768d60abd calls=2006 total_ms=0.804 avg_us=0.401 max_us=19
direct_cudaStreamSynchronize: calls=7372 total_ms=35.936 max_us=2586
by_direct_callsite (file:line):
   0 /opt/llama.cpp/ggml/src/ggml-cuda/ggml-cuda.cu:839 calls=7019 total_ms=29.572 avg_us=4.213 max_us=353
   1 /opt/llama.cpp/ggml/src/ggml-cuda/ggml-cuda.cu:900 calls=12 total_ms=5.896 avg_us=491.333 max_us=2586
   2 /opt/llama.cpp/ggml/src/ggml-cuda/ggml-cuda.cu:2665 calls=191 total_ms=0.313 avg_us=1.639 max_us=10
   3 /opt/llama.cpp/ggml/src/ggml-cuda/ggml-cuda.cu:847 calls=150 total_ms=0.155 avg_us=1.033 max_us=3
=== END CUDA SYNC PROFILE ===

=== CUDA SYNC PROFILE (instrumentation only) ===
total_syncs = 16653
total_wait_ms = 9640.008
max_wait_us = 140882
sites = 5
wait_hist_us = logarithmic buckets
  hist[0] = 15188
  hist[1] = 805
  hist[2] = 41
  hist[3] = 9
  hist[4] = 8
  hist[5] = 1
  hist[9] = 106
  hist[10] = 241
  hist[11] = 53
  hist[14] = 63
  hist[15] = 116
  hist[16] = 21
  hist[17] = 1
by_callsite (caller PC; symbolize with addr2line):
   0 caller=0x7bf768d5c0d2 calls=6783 total_ms=9634.557 avg_us=1420.398 max_us=140882
   1 caller=0x7bf768d6098c calls=5439 total_ms=2.098 avg_us=0.386 max_us=24
   2 caller=0x7bf768d6089c calls=2014 total_ms=1.673 avg_us=0.831 max_us=28
   3 caller=0x7bf768d5f852 calls=403 total_ms=0.874 avg_us=2.169 max_us=36
   4 caller=0x7bf768d60abd calls=2014 total_ms=0.806 avg_us=0.400 max_us=19
direct_cudaStreamSynchronize: calls=7400 total_ms=36.056 max_us=2586
by_direct_callsite (file:line):
   0 /opt/llama.cpp/ggml/src/ggml-cuda/ggml-cuda.cu:839 calls=7047 total_ms=29.692 avg_us=4.213 max_us=353
   1 /opt/llama.cpp/ggml/src/ggml-cuda/ggml-cuda.cu:900 calls=12 total_ms=5.896 avg_us=491.333 max_us=2586
   2 /opt/llama.cpp/ggml/src/ggml-cuda/ggml-cuda.cu:2665 calls=191 total_ms=0.313 avg_us=1.639 max_us=10
   3 /opt/llama.cpp/ggml/src/ggml-cuda/ggml-cuda.cu:847 calls=150 total_ms=0.155 avg_us=1.033 max_us=3
=== END CUDA SYNC PROFILE ===
backend-sync-trace: count=16700 backend=CUDA0 caller=ggml_backend_sched_graph_compute_async_ext+0xddc

=== CUDA SYNC PROFILE (instrumentation only) ===
total_syncs = 16700
total_wait_ms = 9642.095
max_wait_us = 140882
sites = 5
wait_hist_us = logarithmic buckets
  hist[0] = 15230
  hist[1] = 808
  hist[2] = 41
  hist[3] = 9
  hist[4] = 8
  hist[5] = 1
  hist[9] = 107
  hist[10] = 242
  hist[11] = 53
  hist[14] = 63
  hist[15] = 116
  hist[16] = 21
  hist[17] = 1
by_callsite (caller PC; symbolize with addr2line):
   0 caller=0x7bf768d5c0d2 calls=6806 total_ms=9636.632 avg_us=1415.902 max_us=140882
   1 caller=0x7bf768d6098c calls=5449 total_ms=2.100 avg_us=0.385 max_us=24
   2 caller=0x7bf768d6089c calls=2021 total_ms=1.679 avg_us=0.831 max_us=28
   3 caller=0x7bf768d5f852 calls=404 total_ms=0.876 avg_us=2.168 max_us=36
   4 caller=0x7bf768d60abd calls=2020 total_ms=0.808 avg_us=0.400 max_us=19
direct_cudaStreamSynchronize: calls=7415 total_ms=36.105 max_us=2586
by_direct_callsite (file:line):
   0 /opt/llama.cpp/ggml/src/ggml-cuda/ggml-cuda.cu:839 calls=7062 total_ms=29.741 avg_us=4.211 max_us=353
   1 /opt/llama.cpp/ggml/src/ggml-cuda/ggml-cuda.cu:900 calls=12 total_ms=5.896 avg_us=491.333 max_us=2586
   2 /opt/llama.cpp/ggml/src/ggml-cuda/ggml-cuda.cu:2665 calls=191 total_ms=0.313 avg_us=1.639 max_us=10
   3 /opt/llama.cpp/ggml/src/ggml-cuda/ggml-cuda.cu:847 calls=150 total_ms=0.155 avg_us=1.033 max_us=3
=== END CUDA SYNC PROFILE ===
backend-sync-trace: count=16800 backend=CUDA0 caller=ggml_backend_sched_graph_compute_async_ext+0xecc

=== CUDA SYNC PROFILE (instrumentation only) ===
total_syncs = 16800
total_wait_ms = 9669.660
max_wait_us = 140882
sites = 5
wait_hist_us = logarithmic buckets
  hist[0] = 15323
  hist[1] = 812
  hist[2] = 41
  hist[3] = 9
  hist[4] = 8
  hist[5] = 1
  hist[9] = 109
  hist[10] = 242
  hist[11] = 53
  hist[14] = 64
  hist[15] = 116
  hist[16] = 21
  hist[17] = 1
by_callsite (caller PC; symbolize with addr2line):
   0 caller=0x7bf768d5c0d2 calls=6843 total_ms=9664.172 avg_us=1412.271 max_us=140882
   1 caller=0x7bf768d6098c calls=5487 total_ms=2.110 avg_us=0.385 max_us=24
   2 caller=0x7bf768d6089c calls=2032 total_ms=1.688 avg_us=0.831 max_us=28
   3 caller=0x7bf768d5f852 calls=406 total_ms=0.880 avg_us=2.167 max_us=36
   4 caller=0x7bf768d60abd calls=2032 total_ms=0.810 avg_us=0.399 max_us=19
direct_cudaStreamSynchronize: calls=7461 total_ms=36.301 max_us=2586
by_direct_callsite (file:line):
   0 /opt/llama.cpp/ggml/src/ggml-cuda/ggml-cuda.cu:839 calls=7108 total_ms=29.937 avg_us=4.212 max_us=353
   1 /opt/llama.cpp/ggml/src/ggml-cuda/ggml-cuda.cu:900 calls=12 total_ms=5.896 avg_us=491.333 max_us=2586
   2 /opt/llama.cpp/ggml/src/ggml-cuda/ggml-cuda.cu:2665 calls=191 total_ms=0.313 avg_us=1.639 max_us=10
   3 /opt/llama.cpp/ggml/src/ggml-cuda/ggml-cuda.cu:847 calls=150 total_ms=0.155 avg_us=1.033 max_us=3
=== END CUDA SYNC PROFILE ===

=== CUDA SYNC PROFILE (instrumentation only) ===
total_syncs = 16877
total_wait_ms = 9701.868
max_wait_us = 140882
sites = 5
wait_hist_us = logarithmic buckets
  hist[0] = 15393
  hist[1] = 816
  hist[2] = 41
  hist[3] = 9
  hist[4] = 8
  hist[5] = 1
  hist[9] = 109
  hist[10] = 244
  hist[11] = 53
  hist[14] = 65
  hist[15] = 116
  hist[16] = 21
  hist[17] = 1
by_callsite (caller PC; symbolize with addr2line):
   0 caller=0x7bf768d5c0d2 calls=6868 total_ms=9696.354 avg_us=1411.816 max_us=140882
   1 caller=0x7bf768d6098c calls=5517 total_ms=2.120 avg_us=0.384 max_us=24
   2 caller=0x7bf768d6089c calls=2042 total_ms=1.698 avg_us=0.832 max_us=28
   3 caller=0x7bf768d5f852 calls=408 total_ms=0.884 avg_us=2.167 max_us=36
   4 caller=0x7bf768d60abd calls=2042 total_ms=0.812 avg_us=0.398 max_us=19
direct_cudaStreamSynchronize: calls=7500 total_ms=36.451 max_us=2586
by_direct_callsite (file:line):
   0 /opt/llama.cpp/ggml/src/ggml-cuda/ggml-cuda.cu:839 calls=7147 total_ms=30.087 avg_us=4.210 max_us=353
   1 /opt/llama.cpp/ggml/src/ggml-cuda/ggml-cuda.cu:900 calls=12 total_ms=5.896 avg_us=491.333 max_us=2586
   2 /opt/llama.cpp/ggml/src/ggml-cuda/ggml-cuda.cu:2665 calls=191 total_ms=0.313 avg_us=1.639 max_us=10
   3 /opt/llama.cpp/ggml/src/ggml-cuda/ggml-cuda.cu:847 calls=150 total_ms=0.155 avg_us=1.033 max_us=3
=== END CUDA SYNC PROFILE ===
backend-sync-trace: count=16900 backend=CUDA0 caller=ggml_backend_sched_synchronize+0x62

=== CUDA SYNC PROFILE (instrumentation only) ===
total_syncs = 16900
total_wait_ms = 9727.087
max_wait_us = 140882
sites = 5
wait_hist_us = logarithmic buckets
  hist[0] = 15415
  hist[1] = 816
  hist[2] = 41
  hist[3] = 9
  hist[4] = 8
  hist[5] = 1
  hist[9] = 109
  hist[10] = 244
  hist[11] = 53
  hist[14] = 66
  hist[15] = 116
  hist[16] = 21
  hist[17] = 1
by_callsite (caller PC; symbolize with addr2line):
   0 caller=0x7bf768d5c0d2 calls=6881 total_ms=9721.568 avg_us=1412.813 max_us=140882
   1 caller=0x7bf768d6098c calls=5522 total_ms=2.123 avg_us=0.384 max_us=24
   2 caller=0x7bf768d6089c calls=2044 total_ms=1.698 avg_us=0.831 max_us=28
   3 caller=0x7bf768d5f852 calls=409 total_ms=0.885 avg_us=2.164 max_us=36
   4 caller=0x7bf768d60abd calls=2044 total_ms=0.813 avg_us=0.398 max_us=19
direct_cudaStreamSynchronize: calls=7506 total_ms=36.479 max_us=2586
by_direct_callsite (file:line):
   0 /opt/llama.cpp/ggml/src/ggml-cuda/ggml-cuda.cu:839 calls=7153 total_ms=30.115 avg_us=4.210 max_us=353
   1 /opt/llama.cpp/ggml/src/ggml-cuda/ggml-cuda.cu:900 calls=12 total_ms=5.896 avg_us=491.333 max_us=2586
   2 /opt/llama.cpp/ggml/src/ggml-cuda/ggml-cuda.cu:2665 calls=191 total_ms=0.313 avg_us=1.639 max_us=10
   3 /opt/llama.cpp/ggml/src/ggml-cuda/ggml-cuda.cu:847 calls=150 total_ms=0.155 avg_us=1.033 max_us=3
=== END CUDA SYNC PROFILE ===
backend-sync-trace: count=17000 backend=CUDA0 caller=ggml_backend_sched_graph_compute_async_ext+0xecc

=== CUDA SYNC PROFILE (instrumentation only) ===
total_syncs = 17000
total_wait_ms = 9755.566
max_wait_us = 140882
sites = 5
wait_hist_us = logarithmic buckets
  hist[0] = 15507
  hist[1] = 820
  hist[2] = 41
  hist[3] = 9
  hist[4] = 8
  hist[5] = 1
  hist[9] = 111
  hist[10] = 245
  hist[11] = 53
  hist[14] = 67
  hist[15] = 116
  hist[16] = 21
  hist[17] = 1
by_callsite (caller PC; symbolize with addr2line):
   0 caller=0x7bf768d5c0d2 calls=6917 total_ms=9750.011 avg_us=1409.572 max_us=140882
   1 caller=0x7bf768d6098c calls=5555 total_ms=2.137 avg_us=0.385 max_us=24
   2 caller=0x7bf768d6089c calls=2058 total_ms=1.711 avg_us=0.831 max_us=28
   3 caller=0x7bf768d5f852 calls=412 total_ms=0.891 avg_us=2.163 max_us=36
   4 caller=0x7bf768d60abd calls=2058 total_ms=0.816 avg_us=0.397 max_us=19
direct_cudaStreamSynchronize: calls=7550 total_ms=36.650 max_us=2586
by_direct_callsite (file:line):
   0 /opt/llama.cpp/ggml/src/ggml-cuda/ggml-cuda.cu:839 calls=7197 total_ms=30.286 avg_us=4.208 max_us=353
   1 /opt/llama.cpp/ggml/src/ggml-cuda/ggml-cuda.cu:900 calls=12 total_ms=5.896 avg_us=491.333 max_us=2586
   2 /opt/llama.cpp/ggml/src/ggml-cuda/ggml-cuda.cu:2665 calls=191 total_ms=0.313 avg_us=1.639 max_us=10
   3 /opt/llama.cpp/ggml/src/ggml-cuda/ggml-cuda.cu:847 calls=150 total_ms=0.155 avg_us=1.033 max_us=3
=== END CUDA SYNC PROFILE ===
backend-sync-trace: count=17100 backend=CUDA0 caller=ggml_backend_sched_graph_compute_async_ext+0xecc

=== CUDA SYNC PROFILE (instrumentation only) ===
total_syncs = 17100
total_wait_ms = 9784.986
max_wait_us = 140882
sites = 5
wait_hist_us = logarithmic buckets
  hist[0] = 15598
  hist[1] = 825
  hist[2] = 41
  hist[3] = 9
  hist[4] = 8
  hist[5] = 1
  hist[9] = 112
  hist[10] = 247
  hist[11] = 53
  hist[14] = 68
  hist[15] = 116
  hist[16] = 21
  hist[17] = 1
by_callsite (caller PC; symbolize with addr2line):
   0 caller=0x7bf768d5c0d2 calls=6955 total_ms=9779.400 avg_us=1406.096 max_us=140882
   1 caller=0x7bf768d6098c calls=5587 total_ms=2.148 avg_us=0.384 max_us=24
   2 caller=0x7bf768d6089c calls=2072 total_ms=1.725 avg_us=0.833 max_us=28
   3 caller=0x7bf768d5f852 calls=414 total_ms=0.894 avg_us=2.159 max_us=36
   4 caller=0x7bf768d60abd calls=2072 total_ms=0.819 avg_us=0.395 max_us=19
direct_cudaStreamSynchronize: calls=7593 total_ms=36.821 max_us=2586
by_direct_callsite (file:line):
   0 /opt/llama.cpp/ggml/src/ggml-cuda/ggml-cuda.cu:839 calls=7240 total_ms=30.457 avg_us=4.207 max_us=353
   1 /opt/llama.cpp/ggml/src/ggml-cuda/ggml-cuda.cu:900 calls=12 total_ms=5.896 avg_us=491.333 max_us=2586
   2 /opt/llama.cpp/ggml/src/ggml-cuda/ggml-cuda.cu:2665 calls=191 total_ms=0.313 avg_us=1.639 max_us=10
   3 /opt/llama.cpp/ggml/src/ggml-cuda/ggml-cuda.cu:847 calls=150 total_ms=0.155 avg_us=1.033 max_us=3
=== END CUDA SYNC PROFILE ===

=== CUDA SYNC PROFILE (instrumentation only) ===
total_syncs = 17106
total_wait_ms = 9784.990
max_wait_us = 140882
sites = 5
wait_hist_us = logarithmic buckets
  hist[0] = 15604
  hist[1] = 825
  hist[2] = 41
  hist[3] = 9
  hist[4] = 8
  hist[5] = 1
  hist[9] = 112
  hist[10] = 247
  hist[11] = 53
  hist[14] = 68
  hist[15] = 116
  hist[16] = 21
  hist[17] = 1
by_callsite (caller PC; symbolize with addr2line):
   0 caller=0x7bf768d5c0d2 calls=6955 total_ms=9779.400 avg_us=1406.096 max_us=140882
   1 caller=0x7bf768d6098c calls=5593 total_ms=2.152 avg_us=0.385 max_us=24
   2 caller=0x7bf768d6089c calls=2072 total_ms=1.725 avg_us=0.833 max_us=28
   3 caller=0x7bf768d5f852 calls=414 total_ms=0.894 avg_us=2.159 max_us=36
   4 caller=0x7bf768d60abd calls=2072 total_ms=0.819 avg_us=0.395 max_us=19
direct_cudaStreamSynchronize: calls=7600 total_ms=36.878 max_us=2586
by_direct_callsite (file:line):
   0 /opt/llama.cpp/ggml/src/ggml-cuda/ggml-cuda.cu:839 calls=7247 total_ms=30.514 avg_us=4.211 max_us=353
   1 /opt/llama.cpp/ggml/src/ggml-cuda/ggml-cuda.cu:900 calls=12 total_ms=5.896 avg_us=491.333 max_us=2586
   2 /opt/llama.cpp/ggml/src/ggml-cuda/ggml-cuda.cu:2665 calls=191 total_ms=0.313 avg_us=1.639 max_us=10
   3 /opt/llama.cpp/ggml/src/ggml-cuda/ggml-cuda.cu:847 calls=150 total_ms=0.155 avg_us=1.033 max_us=3
=== END CUDA SYNC PROFILE ===
backend-sync-trace: count=17200 backend=CUDA0 caller=ggml_backend_sched_synchronize+0x62

=== CUDA SYNC PROFILE (instrumentation only) ===
total_syncs = 17200
total_wait_ms = 9848.416
max_wait_us = 140882
sites = 5
wait_hist_us = logarithmic buckets
  hist[0] = 15689
  hist[1] = 830
  hist[2] = 41
  hist[3] = 9
  hist[4] = 8
  hist[5] = 1
  hist[9] = 114
  hist[10] = 247
  hist[11] = 53
  hist[14] = 70
  hist[15] = 116
  hist[16] = 21
  hist[17] = 1
by_callsite (caller PC; symbolize with addr2line):
   0 caller=0x7bf768d5c0d2 calls=6985 total_ms=9842.794 avg_us=1409.133 max_us=140882
   1 caller=0x7bf768d6098c calls=5630 total_ms=2.166 avg_us=0.385 max_us=24
   2 caller=0x7bf768d6089c calls=2084 total_ms=1.734 avg_us=0.832 max_us=28
   3 caller=0x7bf768d5f852 calls=417 total_ms=0.900 avg_us=2.158 max_us=36
   4 caller=0x7bf768d60abd calls=2084 total_ms=0.822 avg_us=0.394 max_us=19
direct_cudaStreamSynchronize: calls=7646 total_ms=37.087 max_us=2586
by_direct_callsite (file:line):
   0 /opt/llama.cpp/ggml/src/ggml-cuda/ggml-cuda.cu:839 calls=7293 total_ms=30.723 avg_us=4.213 max_us=353
   1 /opt/llama.cpp/ggml/src/ggml-cuda/ggml-cuda.cu:900 calls=12 total_ms=5.896 avg_us=491.333 max_us=2586
   2 /opt/llama.cpp/ggml/src/ggml-cuda/ggml-cuda.cu:2665 calls=191 total_ms=0.313 avg_us=1.639 max_us=10
   3 /opt/llama.cpp/ggml/src/ggml-cuda/ggml-cuda.cu:847 calls=150 total_ms=0.155 avg_us=1.033 max_us=3
=== END CUDA SYNC PROFILE ===
backend-sync-trace: count=17300 backend=CUDA0 caller=ggml_backend_sched_synchronize+0x62

=== CUDA SYNC PROFILE (instrumentation only) ===
total_syncs = 17300
total_wait_ms = 9887.943
max_wait_us = 140882
sites = 5
wait_hist_us = logarithmic buckets
  hist[0] = 15781
  hist[1] = 835
  hist[2] = 41
  hist[3] = 9
  hist[4] = 8
  hist[5] = 1
  hist[9] = 116
  hist[10] = 247
  hist[11] = 53
  hist[14] = 70
  hist[15] = 117
  hist[16] = 21
  hist[17] = 1
by_callsite (caller PC; symbolize with addr2line):
   0 caller=0x7bf768d5c0d2 calls=7036 total_ms=9882.297 avg_us=1404.533 max_us=140882
   1 caller=0x7bf768d6098c calls=5657 total_ms=2.175 avg_us=0.384 max_us=24
   2 caller=0x7bf768d6089c calls=2094 total_ms=1.740 avg_us=0.831 max_us=28
   3 caller=0x7bf768d5f852 calls=419 total_ms=0.904 avg_us=2.158 max_us=36
   4 caller=0x7bf768d60abd calls=2094 total_ms=0.827 avg_us=0.395 max_us=19
direct_cudaStreamSynchronize: calls=7681 total_ms=37.230 max_us=2586
by_direct_callsite (file:line):
   0 /opt/llama.cpp/ggml/src/ggml-cuda/ggml-cuda.cu:839 calls=7328 total_ms=30.866 avg_us=4.212 max_us=353
   1 /opt/llama.cpp/ggml/src/ggml-cuda/ggml-cuda.cu:900 calls=12 total_ms=5.896 avg_us=491.333 max_us=2586
   2 /opt/llama.cpp/ggml/src/ggml-cuda/ggml-cuda.cu:2665 calls=191 total_ms=0.313 avg_us=1.639 max_us=10
   3 /opt/llama.cpp/ggml/src/ggml-cuda/ggml-cuda.cu:847 calls=150 total_ms=0.155 avg_us=1.033 max_us=3
=== END CUDA SYNC PROFILE ===

=== CUDA SYNC PROFILE (instrumentation only) ===
total_syncs = 17347
total_wait_ms = 9889.736
max_wait_us = 140882
sites = 5
wait_hist_us = logarithmic buckets
  hist[0] = 15824
  hist[1] = 837
  hist[2] = 41
  hist[3] = 9
  hist[4] = 8
  hist[5] = 1
  hist[9] = 118
  hist[10] = 247
  hist[11] = 53
  hist[14] = 70
  hist[15] = 117
  hist[16] = 21
  hist[17] = 1
by_callsite (caller PC; symbolize with addr2line):
   0 caller=0x7bf768d5c0d2 calls=7054 total_ms=9884.078 avg_us=1401.202 max_us=140882
   1 caller=0x7bf768d6098c calls=5669 total_ms=2.178 avg_us=0.384 max_us=24
   2 caller=0x7bf768d6089c calls=2102 total_ms=1.744 avg_us=0.830 max_us=28
   3 caller=0x7bf768d5f852 calls=420 total_ms=0.906 avg_us=2.157 max_us=36
   4 caller=0x7bf768d60abd calls=2102 total_ms=0.830 avg_us=0.395 max_us=19
direct_cudaStreamSynchronize: calls=7700 total_ms=37.313 max_us=2586
by_direct_callsite (file:line):
   0 /opt/llama.cpp/ggml/src/ggml-cuda/ggml-cuda.cu:839 calls=7347 total_ms=30.949 avg_us=4.212 max_us=353
   1 /opt/llama.cpp/ggml/src/ggml-cuda/ggml-cuda.cu:900 calls=12 total_ms=5.896 avg_us=491.333 max_us=2586
   2 /opt/llama.cpp/ggml/src/ggml-cuda/ggml-cuda.cu:2665 calls=191 total_ms=0.313 avg_us=1.639 max_us=10
   3 /opt/llama.cpp/ggml/src/ggml-cuda/ggml-cuda.cu:847 calls=150 total_ms=0.155 avg_us=1.033 max_us=3
=== END CUDA SYNC PROFILE ===
backend-sync-trace: count=17400 backend=CUDA0 caller=ggml_backend_sched_synchronize+0x62

=== CUDA SYNC PROFILE (instrumentation only) ===
total_syncs = 17400
total_wait_ms = 9919.784
max_wait_us = 140882
sites = 5
wait_hist_us = logarithmic buckets
  hist[0] = 15866
  hist[1] = 846
  hist[2] = 41
  hist[3] = 9
  hist[4] = 8
  hist[5] = 1
  hist[9] = 118
  hist[10] = 248
  hist[11] = 53
  hist[14] = 71
  hist[15] = 117
  hist[16] = 21
  hist[17] = 1
by_callsite (caller PC; symbolize with addr2line):
   0 caller=0x7bf768d5c0d2 calls=7078 total_ms=9914.108 avg_us=1400.693 max_us=140882
   1 caller=0x7bf768d6098c calls=5688 total_ms=2.187 avg_us=0.384 max_us=24
   2 caller=0x7bf768d6089c calls=2106 total_ms=1.746 avg_us=0.829 max_us=28
   3 caller=0x7bf768d5f852 calls=422 total_ms=0.911 avg_us=2.159 max_us=36
   4 caller=0x7bf768d60abd calls=2106 total_ms=0.832 avg_us=0.395 max_us=19
direct_cudaStreamSynchronize: calls=7722 total_ms=37.405 max_us=2586
by_direct_callsite (file:line):
   0 /opt/llama.cpp/ggml/src/ggml-cuda/ggml-cuda.cu:839 calls=7369 total_ms=31.041 avg_us=4.212 max_us=353
   1 /opt/llama.cpp/ggml/src/ggml-cuda/ggml-cuda.cu:900 calls=12 total_ms=5.896 avg_us=491.333 max_us=2586
   2 /opt/llama.cpp/ggml/src/ggml-cuda/ggml-cuda.cu:2665 calls=191 total_ms=0.313 avg_us=1.639 max_us=10
   3 /opt/llama.cpp/ggml/src/ggml-cuda/ggml-cuda.cu:847 calls=150 total_ms=0.155 avg_us=1.033 max_us=3
=== END CUDA SYNC PROFILE ===
backend-sync-trace: count=17500 backend=CUDA0 caller=ggml_backend_sched_graph_compute_async_ext+0xecc

=== CUDA SYNC PROFILE (instrumentation only) ===
total_syncs = 17500
total_wait_ms = 9950.919
max_wait_us = 140882
sites = 5
wait_hist_us = logarithmic buckets
  hist[0] = 15947
  hist[1] = 860
  hist[2] = 42
  hist[3] = 9
  hist[4] = 8
  hist[5] = 1
  hist[9] = 120
  hist[10] = 249
  hist[11] = 53
  hist[14] = 72
  hist[15] = 117
  hist[16] = 21
  hist[17] = 1
by_callsite (caller PC; symbolize with addr2line):
   0 caller=0x7bf768d5c0d2 calls=7110 total_ms=9945.195 avg_us=1398.762 max_us=140882
   1 caller=0x7bf768d6098c calls=5722 total_ms=2.204 avg_us=0.385 max_us=24
   2 caller=0x7bf768d6089c calls=2122 total_ms=1.764 avg_us=0.831 max_us=28
   3 caller=0x7bf768d5f852 calls=424 total_ms=0.916 avg_us=2.160 max_us=36
   4 caller=0x7bf768d60abd calls=2122 total_ms=0.840 avg_us=0.396 max_us=19
direct_cudaStreamSynchronize: calls=7768 total_ms=37.583 max_us=2586
by_direct_callsite (file:line):
   0 /opt/llama.cpp/ggml/src/ggml-cuda/ggml-cuda.cu:839 calls=7415 total_ms=31.219 avg_us=4.210 max_us=353
   1 /opt/llama.cpp/ggml/src/ggml-cuda/ggml-cuda.cu:900 calls=12 total_ms=5.896 avg_us=491.333 max_us=2586
   2 /opt/llama.cpp/ggml/src/ggml-cuda/ggml-cuda.cu:2665 calls=191 total_ms=0.313 avg_us=1.639 max_us=10
   3 /opt/llama.cpp/ggml/src/ggml-cuda/ggml-cuda.cu:847 calls=150 total_ms=0.155 avg_us=1.033 max_us=3
=== END CUDA SYNC PROFILE ===

=== CUDA SYNC PROFILE (instrumentation only) ===
total_syncs = 17573
total_wait_ms = 9991.312
max_wait_us = 140882
sites = 5
wait_hist_us = logarithmic buckets
  hist[0] = 16008
  hist[1] = 868
  hist[2] = 43
  hist[3] = 9
  hist[4] = 8
  hist[5] = 1
  hist[9] = 121
  hist[10] = 250
  hist[11] = 53
  hist[14] = 72
  hist[15] = 118
  hist[16] = 21
  hist[17] = 1
by_callsite (caller PC; symbolize with addr2line):
   0 caller=0x7bf768d5c0d2 calls=7141 total_ms=9985.551 avg_us=1398.341 max_us=140882
   1 caller=0x7bf768d6098c calls=5746 total_ms=2.220 avg_us=0.386 max_us=24
   2 caller=0x7bf768d6089c calls=2130 total_ms=1.773 avg_us=0.832 max_us=28
   3 caller=0x7bf768d5f852 calls=426 total_ms=0.924 avg_us=2.169 max_us=36
   4 caller=0x7bf768d60abd calls=2130 total_ms=0.844 avg_us=0.396 max_us=19
direct_cudaStreamSynchronize: calls=7800 total_ms=37.744 max_us=2586
by_direct_callsite (file:line):
   0 /opt/llama.cpp/ggml/src/ggml-cuda/ggml-cuda.cu:839 calls=7447 total_ms=31.380 avg_us=4.214 max_us=353
   1 /opt/llama.cpp/ggml/src/ggml-cuda/ggml-cuda.cu:900 calls=12 total_ms=5.896 avg_us=491.333 max_us=2586
   2 /opt/llama.cpp/ggml/src/ggml-cuda/ggml-cuda.cu:2665 calls=191 total_ms=0.313 avg_us=1.639 max_us=10
   3 /opt/llama.cpp/ggml/src/ggml-cuda/ggml-cuda.cu:847 calls=150 total_ms=0.155 avg_us=1.033 max_us=3
=== END CUDA SYNC PROFILE ===
backend-sync-trace: count=17600 backend=CUDA0 caller=ggml_backend_sched_graph_compute_async_ext+0xecc

=== CUDA SYNC PROFILE (instrumentation only) ===
total_syncs = 17600
total_wait_ms = 10016.140
max_wait_us = 140882
sites = 5
wait_hist_us = logarithmic buckets
  hist[0] = 16030
  hist[1] = 872
  hist[2] = 43
  hist[3] = 9
  hist[4] = 8
  hist[5] = 1
  hist[9] = 121
  hist[10] = 250
  hist[11] = 53
  hist[14] = 73
  hist[15] = 118
  hist[16] = 21
  hist[17] = 1
by_callsite (caller PC; symbolize with addr2line):
   0 caller=0x7bf768d5c0d2 calls=7143 total_ms=10010.358 avg_us=1401.422 max_us=140882
   1 caller=0x7bf768d6098c calls=5762 total_ms=2.227 avg_us=0.386 max_us=24
   2 caller=0x7bf768d6089c calls=2134 total_ms=1.781 avg_us=0.835 max_us=28
   3 caller=0x7bf768d5f852 calls=427 total_ms=0.926 avg_us=2.169 max_us=36
   4 caller=0x7bf768d60abd calls=2134 total_ms=0.848 avg_us=0.397 max_us=19
direct_cudaStreamSynchronize: calls=7818 total_ms=37.827 max_us=2586
by_direct_callsite (file:line):
   0 /opt/llama.cpp/ggml/src/ggml-cuda/ggml-cuda.cu:839 calls=7465 total_ms=31.463 avg_us=4.215 max_us=353
   1 /opt/llama.cpp/ggml/src/ggml-cuda/ggml-cuda.cu:900 calls=12 total_ms=5.896 avg_us=491.333 max_us=2586
   2 /opt/llama.cpp/ggml/src/ggml-cuda/ggml-cuda.cu:2665 calls=191 total_ms=0.313 avg_us=1.639 max_us=10
   3 /opt/llama.cpp/ggml/src/ggml-cuda/ggml-cuda.cu:847 calls=150 total_ms=0.155 avg_us=1.033 max_us=3
=== END CUDA SYNC PROFILE ===
backend-sync-trace: count=17700 backend=CUDA0 caller=ggml_backend_sched_synchronize+0x62

=== CUDA SYNC PROFILE (instrumentation only) ===
total_syncs = 17700
total_wait_ms = 10042.929
max_wait_us = 140882
sites = 5
wait_hist_us = logarithmic buckets
  hist[0] = 16112
  hist[1] = 886
  hist[2] = 44
  hist[3] = 9
  hist[4] = 8
  hist[5] = 1
  hist[9] = 122
  hist[10] = 251
  hist[11] = 53
  hist[14] = 74
  hist[15] = 118
  hist[16] = 21
  hist[17] = 1
by_callsite (caller PC; symbolize with addr2line):
   0 caller=0x7bf768d5c0d2 calls=7191 total_ms=10037.106 avg_us=1395.787 max_us=140882
   1 caller=0x7bf768d6098c calls=5792 total_ms=2.241 avg_us=0.387 max_us=24
   2 caller=0x7bf768d6089c calls=2144 total_ms=1.796 avg_us=0.838 max_us=28
   3 caller=0x7bf768d5f852 calls=429 total_ms=0.931 avg_us=2.170 max_us=36
   4 caller=0x7bf768d60abd calls=2144 total_ms=0.855 avg_us=0.399 max_us=19
direct_cudaStreamSynchronize: calls=7856 total_ms=37.970 max_us=2586
by_direct_callsite (file:line):
   0 /opt/llama.cpp/ggml/src/ggml-cuda/ggml-cuda.cu:839 calls=7503 total_ms=31.606 avg_us=4.212 max_us=353
   1 /opt/llama.cpp/ggml/src/ggml-cuda/ggml-cuda.cu:900 calls=12 total_ms=5.896 avg_us=491.333 max_us=2586
   2 /opt/llama.cpp/ggml/src/ggml-cuda/ggml-cuda.cu:2665 calls=191 total_ms=0.313 avg_us=1.639 max_us=10
   3 /opt/llama.cpp/ggml/src/ggml-cuda/ggml-cuda.cu:847 calls=150 total_ms=0.155 avg_us=1.033 max_us=3
=== END CUDA SYNC PROFILE ===
backend-sync-trace: count=17800 backend=CUDA0 caller=ggml_backend_sched_graph_compute_async_ext+0xddc

=== CUDA SYNC PROFILE (instrumentation only) ===
total_syncs = 17800
total_wait_ms = 10084.958
max_wait_us = 140882
sites = 5
wait_hist_us = logarithmic buckets
  hist[0] = 16196
  hist[1] = 898
  hist[2] = 45
  hist[3] = 9
  hist[4] = 8
  hist[5] = 1
  hist[9] = 122
  hist[10] = 253
  hist[11] = 53
  hist[14] = 74
  hist[15] = 119
  hist[16] = 21
  hist[17] = 1
by_callsite (caller PC; symbolize with addr2line):
   0 caller=0x7bf768d5c0d2 calls=7238 total_ms=10079.092 avg_us=1392.524 max_us=140882
   1 caller=0x7bf768d6098c calls=5819 total_ms=2.254 avg_us=0.387 max_us=24
   2 caller=0x7bf768d6089c calls=2156 total_ms=1.810 avg_us=0.840 max_us=28
   3 caller=0x7bf768d5f852 calls=432 total_ms=0.940 avg_us=2.176 max_us=36
   4 caller=0x7bf768d60abd calls=2155 total_ms=0.862 avg_us=0.400 max_us=19
direct_cudaStreamSynchronize: calls=7892 total_ms=38.112 max_us=2586
by_direct_callsite (file:line):
   0 /opt/llama.cpp/ggml/src/ggml-cuda/ggml-cuda.cu:839 calls=7539 total_ms=31.748 avg_us=4.211 max_us=353
   1 /opt/llama.cpp/ggml/src/ggml-cuda/ggml-cuda.cu:900 calls=12 total_ms=5.896 avg_us=491.333 max_us=2586
   2 /opt/llama.cpp/ggml/src/ggml-cuda/ggml-cuda.cu:2665 calls=191 total_ms=0.313 avg_us=1.639 max_us=10
   3 /opt/llama.cpp/ggml/src/ggml-cuda/ggml-cuda.cu:847 calls=150 total_ms=0.155 avg_us=1.033 max_us=3
=== END CUDA SYNC PROFILE ===

=== CUDA SYNC PROFILE (instrumentation only) ===
total_syncs = 17817
total_wait_ms = 10085.847
max_wait_us = 140882
sites = 5
wait_hist_us = logarithmic buckets
  hist[0] = 16212
  hist[1] = 898
  hist[2] = 45
  hist[3] = 9
  hist[4] = 8
  hist[5] = 1
  hist[9] = 123
  hist[10] = 253
  hist[11] = 53
  hist[14] = 74
  hist[15] = 119
  hist[16] = 21
  hist[17] = 1
by_callsite (caller PC; symbolize with addr2line):
   0 caller=0x7bf768d5c0d2 calls=7245 total_ms=10079.974 avg_us=1391.301 max_us=140882
   1 caller=0x7bf768d6098c calls=5824 total_ms=2.256 avg_us=0.387 max_us=24
   2 caller=0x7bf768d6089c calls=2158 total_ms=1.812 avg_us=0.840 max_us=28
   3 caller=0x7bf768d5f852 calls=432 total_ms=0.940 avg_us=2.176 max_us=36
   4 caller=0x7bf768d60abd calls=2158 total_ms=0.865 avg_us=0.401 max_us=19
direct_cudaStreamSynchronize: calls=7900 total_ms=38.166 max_us=2586
by_direct_callsite (file:line):
   0 /opt/llama.cpp/ggml/src/ggml-cuda/ggml-cuda.cu:839 calls=7547 total_ms=31.802 avg_us=4.214 max_us=353
   1 /opt/llama.cpp/ggml/src/ggml-cuda/ggml-cuda.cu:900 calls=12 total_ms=5.896 avg_us=491.333 max_us=2586
   2 /opt/llama.cpp/ggml/src/ggml-cuda/ggml-cuda.cu:2665 calls=191 total_ms=0.313 avg_us=1.639 max_us=10
   3 /opt/llama.cpp/ggml/src/ggml-cuda/ggml-cuda.cu:847 calls=150 total_ms=0.155 avg_us=1.033 max_us=3
=== END CUDA SYNC PROFILE ===
backend-sync-trace: count=17900 backend=CUDA0 caller=ggml_backend_sched_graph_compute_async_ext+0xecc

=== CUDA SYNC PROFILE (instrumentation only) ===
total_syncs = 17900
total_wait_ms = 10114.245
max_wait_us = 140882
sites = 5
wait_hist_us = logarithmic buckets
  hist[0] = 16280
  hist[1] = 910
  hist[2] = 45
  hist[3] = 9
  hist[4] = 8
  hist[5] = 1
  hist[9] = 124
  hist[10] = 253
  hist[11] = 54
  hist[14] = 75
  hist[15] = 119
  hist[16] = 21
  hist[17] = 1
by_callsite (caller PC; symbolize with addr2line):
   0 caller=0x7bf768d5c0d2 calls=7276 total_ms=10108.326 avg_us=1389.270 max_us=140882
   1 caller=0x7bf768d6098c calls=5854 total_ms=2.281 avg_us=0.390 max_us=24
   2 caller=0x7bf768d6089c calls=2168 total_ms=1.824 avg_us=0.841 max_us=28
   3 caller=0x7bf768d5f852 calls=434 total_ms=0.944 avg_us=2.175 max_us=36
   4 caller=0x7bf768d60abd calls=2168 total_ms=0.870 avg_us=0.401 max_us=19
direct_cudaStreamSynchronize: calls=7937 total_ms=38.312 max_us=2586
by_direct_callsite (file:line):
   0 /opt/llama.cpp/ggml/src/ggml-cuda/ggml-cuda.cu:839 calls=7584 total_ms=31.948 avg_us=4.213 max_us=353
   1 /opt/llama.cpp/ggml/src/ggml-cuda/ggml-cuda.cu:900 calls=12 total_ms=5.896 avg_us=491.333 max_us=2586
   2 /opt/llama.cpp/ggml/src/ggml-cuda/ggml-cuda.cu:2665 calls=191 total_ms=0.313 avg_us=1.639 max_us=10
   3 /opt/llama.cpp/ggml/src/ggml-cuda/ggml-cuda.cu:847 calls=150 total_ms=0.155 avg_us=1.033 max_us=3
=== END CUDA SYNC PROFILE ===
backend-sync-trace: count=18000 backend=CUDA0 caller=ggml_backend_sched_graph_compute_async_ext+0xecc

=== CUDA SYNC PROFILE (instrumentation only) ===
total_syncs = 18000
total_wait_ms = 10158.301
max_wait_us = 140882
sites = 5
wait_hist_us = logarithmic buckets
  hist[0] = 16365
  hist[1] = 920
  hist[2] = 46
  hist[3] = 9
  hist[4] = 8
  hist[5] = 1
  hist[9] = 125
  hist[10] = 255
  hist[11] = 54
  hist[14] = 75
  hist[15] = 120
  hist[16] = 21
  hist[17] = 1
by_callsite (caller PC; symbolize with addr2line):
   0 caller=0x7bf768d5c0d2 calls=7308 total_ms=10152.336 avg_us=1389.209 max_us=140882
   1 caller=0x7bf768d6098c calls=5892 total_ms=2.303 avg_us=0.391 max_us=24
   2 caller=0x7bf768d6089c calls=2182 total_ms=1.837 avg_us=0.842 max_us=28
   3 caller=0x7bf768d5f852 calls=436 total_ms=0.951 avg_us=2.181 max_us=36
   4 caller=0x7bf768d60abd calls=2182 total_ms=0.874 avg_us=0.401 max_us=19
direct_cudaStreamSynchronize: calls=7986 total_ms=38.520 max_us=2586
by_direct_callsite (file:line):
   0 /opt/llama.cpp/ggml/src/ggml-cuda/ggml-cuda.cu:839 calls=7633 total_ms=32.156 avg_us=4.213 max_us=353
   1 /opt/llama.cpp/ggml/src/ggml-cuda/ggml-cuda.cu:900 calls=12 total_ms=5.896 avg_us=491.333 max_us=2586
   2 /opt/llama.cpp/ggml/src/ggml-cuda/ggml-cuda.cu:2665 calls=191 total_ms=0.313 avg_us=1.639 max_us=10
   3 /opt/llama.cpp/ggml/src/ggml-cuda/ggml-cuda.cu:847 calls=150 total_ms=0.155 avg_us=1.033 max_us=3
=== END CUDA SYNC PROFILE ===

=== CUDA SYNC PROFILE (instrumentation only) ===
total_syncs = 18031
total_wait_ms = 10180.704
max_wait_us = 140882
sites = 5
wait_hist_us = logarithmic buckets
  hist[0] = 16389
  hist[1] = 924
  hist[2] = 48
  hist[3] = 9
  hist[4] = 8
  hist[5] = 1
  hist[9] = 125
  hist[10] = 255
  hist[11] = 54
  hist[14] = 76
  hist[15] = 120
  hist[16] = 21
  hist[17] = 1
by_callsite (caller PC; symbolize with addr2line):
   0 caller=0x7bf768d5c0d2 calls=7319 total_ms=10174.715 avg_us=1390.178 max_us=140882
   1 caller=0x7bf768d6098c calls=5902 total_ms=2.310 avg_us=0.391 max_us=24
   2 caller=0x7bf768d6089c calls=2186 total_ms=1.843 avg_us=0.843 max_us=28
   3 caller=0x7bf768d5f852 calls=438 total_ms=0.959 avg_us=2.189 max_us=36
   4 caller=0x7bf768d60abd calls=2186 total_ms=0.877 avg_us=0.401 max_us=19
direct_cudaStreamSynchronize: calls=8000 total_ms=38.578 max_us=2586
by_direct_callsite (file:line):
   0 /opt/llama.cpp/ggml/src/ggml-cuda/ggml-cuda.cu:839 calls=7647 total_ms=32.214 avg_us=4.213 max_us=353
   1 /opt/llama.cpp/ggml/src/ggml-cuda/ggml-cuda.cu:900 calls=12 total_ms=5.896 avg_us=491.333 max_us=2586
   2 /opt/llama.cpp/ggml/src/ggml-cuda/ggml-cuda.cu:2665 calls=191 total_ms=0.313 avg_us=1.639 max_us=10
   3 /opt/llama.cpp/ggml/src/ggml-cuda/ggml-cuda.cu:847 calls=150 total_ms=0.155 avg_us=1.033 max_us=3
=== END CUDA SYNC PROFILE ===
backend-sync-trace: count=18100 backend=CUDA0 caller=ggml_backend_sched_synchronize+0x62

=== CUDA SYNC PROFILE (instrumentation only) ===
total_syncs = 18100
total_wait_ms = 10224.910
max_wait_us = 140882
sites = 5
wait_hist_us = logarithmic buckets
  hist[0] = 16447
  hist[1] = 930
  hist[2] = 50
  hist[3] = 9
  hist[4] = 8
  hist[5] = 1
  hist[9] = 126
  hist[10] = 256
  hist[11] = 54
  hist[14] = 76
  hist[15] = 121
  hist[16] = 21
  hist[17] = 1
by_callsite (caller PC; symbolize with addr2line):
   0 caller=0x7bf768d5c0d2 calls=7346 total_ms=10218.890 avg_us=1391.082 max_us=140882
   1 caller=0x7bf768d6098c calls=5927 total_ms=2.321 avg_us=0.392 max_us=24
   2 caller=0x7bf768d6089c calls=2194 total_ms=1.854 avg_us=0.845 max_us=28
   3 caller=0x7bf768d5f852 calls=439 total_ms=0.962 avg_us=2.191 max_us=36
   4 caller=0x7bf768d60abd calls=2194 total_ms=0.883 avg_us=0.402 max_us=19
direct_cudaStreamSynchronize: calls=8031 total_ms=38.706 max_us=2586
by_direct_callsite (file:line):
   0 /opt/llama.cpp/ggml/src/ggml-cuda/ggml-cuda.cu:839 calls=7678 total_ms=32.342 avg_us=4.212 max_us=353
   1 /opt/llama.cpp/ggml/src/ggml-cuda/ggml-cuda.cu:900 calls=12 total_ms=5.896 avg_us=491.333 max_us=2586
   2 /opt/llama.cpp/ggml/src/ggml-cuda/ggml-cuda.cu:2665 calls=191 total_ms=0.313 avg_us=1.639 max_us=10
   3 /opt/llama.cpp/ggml/src/ggml-cuda/ggml-cuda.cu:847 calls=150 total_ms=0.155 avg_us=1.033 max_us=3
=== END CUDA SYNC PROFILE ===
backend-sync-trace: count=18200 backend=CUDA0 caller=ggml_backend_sched_graph_compute_async_ext+0xddc

=== CUDA SYNC PROFILE (instrumentation only) ===
total_syncs = 18200
total_wait_ms = 10262.000
max_wait_us = 140882
sites = 5
wait_hist_us = logarithmic buckets
  hist[0] = 16533
  hist[1] = 940
  hist[2] = 51
  hist[3] = 9
  hist[4] = 8
  hist[5] = 1
  hist[9] = 126
  hist[10] = 258
  hist[11] = 54
  hist[14] = 76
  hist[15] = 122
  hist[16] = 21
  hist[17] = 1
by_callsite (caller PC; symbolize with addr2line):
   0 caller=0x7bf768d5c0d2 calls=7393 total_ms=10255.940 avg_us=1387.250 max_us=140882
   1 caller=0x7bf768d6098c calls=5954 total_ms=2.332 avg_us=0.392 max_us=24
   2 caller=0x7bf768d6089c calls=2206 total_ms=1.871 avg_us=0.848 max_us=28
   3 caller=0x7bf768d5f852 calls=442 total_ms=0.968 avg_us=2.190 max_us=36
   4 caller=0x7bf768d60abd calls=2205 total_ms=0.889 avg_us=0.403 max_us=19
direct_cudaStreamSynchronize: calls=8067 total_ms=38.851 max_us=2586
by_direct_callsite (file:line):
   0 /opt/llama.cpp/ggml/src/ggml-cuda/ggml-cuda.cu:839 calls=7714 total_ms=32.487 avg_us=4.211 max_us=353
   1 /opt/llama.cpp/ggml/src/ggml-cuda/ggml-cuda.cu:900 calls=12 total_ms=5.896 avg_us=491.333 max_us=2586
   2 /opt/llama.cpp/ggml/src/ggml-cuda/ggml-cuda.cu:2665 calls=191 total_ms=0.313 avg_us=1.639 max_us=10
   3 /opt/llama.cpp/ggml/src/ggml-cuda/ggml-cuda.cu:847 calls=150 total_ms=0.155 avg_us=1.033 max_us=3
=== END CUDA SYNC PROFILE ===

=== CUDA SYNC PROFILE (instrumentation only) ===
total_syncs = 18259
total_wait_ms = 10328.003
max_wait_us = 140882
sites = 5
wait_hist_us = logarithmic buckets
  hist[0] = 16582
  hist[1] = 946
  hist[2] = 52
  hist[3] = 9
  hist[4] = 8
  hist[5] = 1
  hist[9] = 126
  hist[10] = 259
  hist[11] = 55
  hist[14] = 76
  hist[15] = 123
  hist[16] = 21
  hist[17] = 1
by_callsite (caller PC; symbolize with addr2line):
   0 caller=0x7bf768d5c0d2 calls=7409 total_ms=10321.909 avg_us=1393.158 max_us=140882
   1 caller=0x7bf768d6098c calls=5979 total_ms=2.350 avg_us=0.393 max_us=24
   2 caller=0x7bf768d6089c calls=2214 total_ms=1.881 avg_us=0.850 max_us=28
   3 caller=0x7bf768d5f852 calls=443 total_ms=0.970 avg_us=2.190 max_us=36
   4 caller=0x7bf768d60abd calls=2214 total_ms=0.893 avg_us=0.403 max_us=19
direct_cudaStreamSynchronize: calls=8100 total_ms=38.986 max_us=2586
by_direct_callsite (file:line):
   0 /opt/llama.cpp/ggml/src/ggml-cuda/ggml-cuda.cu:839 calls=7747 total_ms=32.622 avg_us=4.211 max_us=353
   1 /opt/llama.cpp/ggml/src/ggml-cuda/ggml-cuda.cu:900 calls=12 total_ms=5.896 avg_us=491.333 max_us=2586
   2 /opt/llama.cpp/ggml/src/ggml-cuda/ggml-cuda.cu:2665 calls=191 total_ms=0.313 avg_us=1.639 max_us=10
   3 /opt/llama.cpp/ggml/src/ggml-cuda/ggml-cuda.cu:847 calls=150 total_ms=0.155 avg_us=1.033 max_us=3
=== END CUDA SYNC PROFILE ===
backend-sync-trace: count=18300 backend=CUDA0 caller=ggml_backend_sched_graph_compute_async_ext+0xffd

=== CUDA SYNC PROFILE (instrumentation only) ===
total_syncs = 18300
total_wait_ms = 10329.469
max_wait_us = 140882
sites = 5
wait_hist_us = logarithmic buckets
  hist[0] = 16615
  hist[1] = 953
  hist[2] = 52
  hist[3] = 9
  hist[4] = 8
  hist[5] = 1
  hist[9] = 126
  hist[10] = 260
  hist[11] = 55
  hist[14] = 76
  hist[15] = 123
  hist[16] = 21
  hist[17] = 1
by_callsite (caller PC; symbolize with addr2line):
   0 caller=0x7bf768d5c0d2 calls=7437 total_ms=10323.367 avg_us=1388.109 max_us=140882
   1 caller=0x7bf768d6098c calls=5985 total_ms=2.353 avg_us=0.393 max_us=24
   2 caller=0x7bf768d6089c calls=2217 total_ms=1.883 avg_us=0.849 max_us=28
   3 caller=0x7bf768d5f852 calls=444 total_ms=0.972 avg_us=2.189 max_us=36
   4 caller=0x7bf768d60abd calls=2217 total_ms=0.894 avg_us=0.403 max_us=19
direct_cudaStreamSynchronize: calls=8107 total_ms=39.009 max_us=2586
by_direct_callsite (file:line):
   0 /opt/llama.cpp/ggml/src/ggml-cuda/ggml-cuda.cu:839 calls=7754 total_ms=32.645 avg_us=4.210 max_us=353
   1 /opt/llama.cpp/ggml/src/ggml-cuda/ggml-cuda.cu:900 calls=12 total_ms=5.896 avg_us=491.333 max_us=2586
   2 /opt/llama.cpp/ggml/src/ggml-cuda/ggml-cuda.cu:2665 calls=191 total_ms=0.313 avg_us=1.639 max_us=10
   3 /opt/llama.cpp/ggml/src/ggml-cuda/ggml-cuda.cu:847 calls=150 total_ms=0.155 avg_us=1.033 max_us=3
=== END CUDA SYNC PROFILE ===
backend-sync-trace: count=18400 backend=CUDA0 caller=ggml_backend_sched_graph_compute_async_ext+0xddc

=== CUDA SYNC PROFILE (instrumentation only) ===
total_syncs = 18400
total_wait_ms = 10397.835
max_wait_us = 140882
sites = 5
wait_hist_us = logarithmic buckets
  hist[0] = 16695
  hist[1] = 967
  hist[2] = 54
  hist[3] = 9
  hist[4] = 8
  hist[5] = 1
  hist[9] = 128
  hist[10] = 261
  hist[11] = 55
  hist[14] = 76
  hist[15] = 124
  hist[16] = 21
  hist[17] = 1
by_callsite (caller PC; symbolize with addr2line):
   0 caller=0x7bf768d5c0d2 calls=7481 total_ms=10391.689 avg_us=1389.078 max_us=140882
   1 caller=0x7bf768d6098c calls=6016 total_ms=2.371 avg_us=0.394 max_us=24
   2 caller=0x7bf768d6089c calls=2229 total_ms=1.898 avg_us=0.852 max_us=28
   3 caller=0x7bf768d5f852 calls=446 total_ms=0.979 avg_us=2.195 max_us=36
   4 caller=0x7bf768d60abd calls=2228 total_ms=0.898 avg_us=0.403 max_us=19
direct_cudaStreamSynchronize: calls=8148 total_ms=39.172 max_us=2586
by_direct_callsite (file:line):
   0 /opt/llama.cpp/ggml/src/ggml-cuda/ggml-cuda.cu:839 calls=7795 total_ms=32.808 avg_us=4.209 max_us=353
   1 /opt/llama.cpp/ggml/src/ggml-cuda/ggml-cuda.cu:900 calls=12 total_ms=5.896 avg_us=491.333 max_us=2586
   2 /opt/llama.cpp/ggml/src/ggml-cuda/ggml-cuda.cu:2665 calls=191 total_ms=0.313 avg_us=1.639 max_us=10
   3 /opt/llama.cpp/ggml/src/ggml-cuda/ggml-cuda.cu:847 calls=150 total_ms=0.155 avg_us=1.033 max_us=3
=== END CUDA SYNC PROFILE ===
backend-sync-trace: count=18500 backend=CUDA0 caller=ggml_backend_sched_graph_compute_async_ext+0xecc

=== CUDA SYNC PROFILE (instrumentation only) ===
total_syncs = 18500
total_wait_ms = 10439.107
max_wait_us = 140882
sites = 5
wait_hist_us = logarithmic buckets
  hist[0] = 16780
  hist[1] = 979
  hist[2] = 54
  hist[3] = 9
  hist[4] = 8
  hist[5] = 1
  hist[9] = 128
  hist[10] = 263
  hist[11] = 55
  hist[14] = 76
  hist[15] = 125
  hist[16] = 21
  hist[17] = 1
by_callsite (caller PC; symbolize with addr2line):
   0 caller=0x7bf768d5c0d2 calls=7518 total_ms=10432.921 avg_us=1387.726 max_us=140882
   1 caller=0x7bf768d6098c calls=6050 total_ms=2.393 avg_us=0.396 max_us=24
   2 caller=0x7bf768d6089c calls=2242 total_ms=1.907 avg_us=0.851 max_us=28
   3 caller=0x7bf768d5f852 calls=448 total_ms=0.984 avg_us=2.196 max_us=36
   4 caller=0x7bf768d60abd calls=2242 total_ms=0.902 avg_us=0.402 max_us=19
direct_cudaStreamSynchronize: calls=8192 total_ms=39.368 max_us=2586
by_direct_callsite (file:line):
   0 /opt/llama.cpp/ggml/src/ggml-cuda/ggml-cuda.cu:839 calls=7839 total_ms=33.004 avg_us=4.210 max_us=353
   1 /opt/llama.cpp/ggml/src/ggml-cuda/ggml-cuda.cu:900 calls=12 total_ms=5.896 avg_us=491.333 max_us=2586
   2 /opt/llama.cpp/ggml/src/ggml-cuda/ggml-cuda.cu:2665 calls=191 total_ms=0.313 avg_us=1.639 max_us=10
   3 /opt/llama.cpp/ggml/src/ggml-cuda/ggml-cuda.cu:847 calls=150 total_ms=0.155 avg_us=1.033 max_us=3
=== END CUDA SYNC PROFILE ===

=== CUDA SYNC PROFILE (instrumentation only) ===
total_syncs = 18507
total_wait_ms = 10439.112
max_wait_us = 140882
sites = 5
wait_hist_us = logarithmic buckets
  hist[0] = 16787
  hist[1] = 979
  hist[2] = 54
  hist[3] = 9
  hist[4] = 8
  hist[5] = 1
  hist[9] = 128
  hist[10] = 263
  hist[11] = 55
  hist[14] = 76
  hist[15] = 125
  hist[16] = 21
  hist[17] = 1
by_callsite (caller PC; symbolize with addr2line):
   0 caller=0x7bf768d5c0d2 calls=7518 total_ms=10432.921 avg_us=1387.726 max_us=140882
   1 caller=0x7bf768d6098c calls=6057 total_ms=2.398 avg_us=0.396 max_us=24
   2 caller=0x7bf768d6089c calls=2242 total_ms=1.907 avg_us=0.851 max_us=28
   3 caller=0x7bf768d5f852 calls=448 total_ms=0.984 avg_us=2.196 max_us=36
   4 caller=0x7bf768d60abd calls=2242 total_ms=0.902 avg_us=0.402 max_us=19
direct_cudaStreamSynchronize: calls=8200 total_ms=39.390 max_us=2586
by_direct_callsite (file:line):
   0 /opt/llama.cpp/ggml/src/ggml-cuda/ggml-cuda.cu:839 calls=7847 total_ms=33.026 avg_us=4.209 max_us=353
   1 /opt/llama.cpp/ggml/src/ggml-cuda/ggml-cuda.cu:900 calls=12 total_ms=5.896 avg_us=491.333 max_us=2586
   2 /opt/llama.cpp/ggml/src/ggml-cuda/ggml-cuda.cu:2665 calls=191 total_ms=0.313 avg_us=1.639 max_us=10
   3 /opt/llama.cpp/ggml/src/ggml-cuda/ggml-cuda.cu:847 calls=150 total_ms=0.155 avg_us=1.033 max_us=3
=== END CUDA SYNC PROFILE ===
backend-sync-trace: count=18600 backend=CUDA0 caller=ggml_backend_sched_graph_compute_async_ext+0xddc

=== CUDA SYNC PROFILE (instrumentation only) ===
total_syncs = 18600
total_wait_ms = 10508.629
max_wait_us = 140882
sites = 5
wait_hist_us = logarithmic buckets
  hist[0] = 16861
  hist[1] = 992
  hist[2] = 55
  hist[3] = 9
  hist[4] = 9
  hist[5] = 1
  hist[9] = 129
  hist[10] = 264
  hist[11] = 55
  hist[14] = 77
  hist[15] = 126
  hist[16] = 21
  hist[17] = 1
by_callsite (caller PC; symbolize with addr2line):
   0 caller=0x7bf768d5c0d2 calls=7557 total_ms=10502.391 avg_us=1389.757 max_us=140882
   1 caller=0x7bf768d6098c calls=6085 total_ms=2.407 avg_us=0.396 max_us=24
   2 caller=0x7bf768d6089c calls=2254 total_ms=1.933 avg_us=0.858 max_us=28
   3 caller=0x7bf768d5f852 calls=451 total_ms=0.990 avg_us=2.195 max_us=36
   4 caller=0x7bf768d60abd calls=2253 total_ms=0.908 avg_us=0.403 max_us=19
direct_cudaStreamSynchronize: calls=8237 total_ms=39.539 max_us=2586
by_direct_callsite (file:line):
   0 /opt/llama.cpp/ggml/src/ggml-cuda/ggml-cuda.cu:839 calls=7884 total_ms=33.175 avg_us=4.208 max_us=353
   1 /opt/llama.cpp/ggml/src/ggml-cuda/ggml-cuda.cu:900 calls=12 total_ms=5.896 avg_us=491.333 max_us=2586
   2 /opt/llama.cpp/ggml/src/ggml-cuda/ggml-cuda.cu:2665 calls=191 total_ms=0.313 avg_us=1.639 max_us=10
   3 /opt/llama.cpp/ggml/src/ggml-cuda/ggml-cuda.cu:847 calls=150 total_ms=0.155 avg_us=1.033 max_us=3
=== END CUDA SYNC PROFILE ===
backend-sync-trace: count=18700 backend=CUDA0 caller=ggml_backend_sched_graph_compute_async_ext+0xecc

=== CUDA SYNC PROFILE (instrumentation only) ===
total_syncs = 18700
total_wait_ms = 10538.032
max_wait_us = 140882
sites = 5
wait_hist_us = logarithmic buckets
  hist[0] = 16944
  hist[1] = 1003
  hist[2] = 58
  hist[3] = 9
  hist[4] = 9
  hist[5] = 1
  hist[9] = 129
  hist[10] = 266
  hist[11] = 55
  hist[14] = 78
  hist[15] = 126
  hist[16] = 21
  hist[17] = 1
by_callsite (caller PC; symbolize with addr2line):
   0 caller=0x7bf768d5c0d2 calls=7597 total_ms=10531.738 avg_us=1386.302 max_us=140882
   1 caller=0x7bf768d6098c calls=6117 total_ms=2.429 avg_us=0.397 max_us=24
   2 caller=0x7bf768d6089c calls=2266 total_ms=1.949 avg_us=0.860 max_us=28
   3 caller=0x7bf768d5f852 calls=454 total_ms=1.001 avg_us=2.205 max_us=36
   4 caller=0x7bf768d60abd calls=2266 total_ms=0.915 avg_us=0.404 max_us=19
direct_cudaStreamSynchronize: calls=8278 total_ms=39.748 max_us=2586
by_direct_callsite (file:line):
   0 /opt/llama.cpp/ggml/src/ggml-cuda/ggml-cuda.cu:839 calls=7925 total_ms=33.384 avg_us=4.212 max_us=353
   1 /opt/llama.cpp/ggml/src/ggml-cuda/ggml-cuda.cu:900 calls=12 total_ms=5.896 avg_us=491.333 max_us=2586
   2 /opt/llama.cpp/ggml/src/ggml-cuda/ggml-cuda.cu:2665 calls=191 total_ms=0.313 avg_us=1.639 max_us=10
   3 /opt/llama.cpp/ggml/src/ggml-cuda/ggml-cuda.cu:847 calls=150 total_ms=0.155 avg_us=1.033 max_us=3
=== END CUDA SYNC PROFILE ===

=== CUDA SYNC PROFILE (instrumentation only) ===
total_syncs = 18742
total_wait_ms = 10539.820
max_wait_us = 140882
sites = 5
wait_hist_us = logarithmic buckets
  hist[0] = 16981
  hist[1] = 1006
  hist[2] = 58
  hist[3] = 9
  hist[4] = 9
  hist[5] = 1
  hist[9] = 131
  hist[10] = 266
  hist[11] = 55
  hist[14] = 78
  hist[15] = 126
  hist[16] = 21
  hist[17] = 1
by_callsite (caller PC; symbolize with addr2line):
   0 caller=0x7bf768d5c0d2 calls=7611 total_ms=10533.508 avg_us=1383.985 max_us=140882
   1 caller=0x7bf768d6098c calls=6133 total_ms=2.436 avg_us=0.397 max_us=24
   2 caller=0x7bf768d6089c calls=2272 total_ms=1.955 avg_us=0.860 max_us=28
   3 caller=0x7bf768d5f852 calls=454 total_ms=1.001 avg_us=2.205 max_us=36
   4 caller=0x7bf768d60abd calls=2272 total_ms=0.920 avg_us=0.405 max_us=19
direct_cudaStreamSynchronize: calls=8300 total_ms=39.835 max_us=2586
by_direct_callsite (file:line):
   0 /opt/llama.cpp/ggml/src/ggml-cuda/ggml-cuda.cu:839 calls=7947 total_ms=33.471 avg_us=4.212 max_us=353
   1 /opt/llama.cpp/ggml/src/ggml-cuda/ggml-cuda.cu:900 calls=12 total_ms=5.896 avg_us=491.333 max_us=2586
   2 /opt/llama.cpp/ggml/src/ggml-cuda/ggml-cuda.cu:2665 calls=191 total_ms=0.313 avg_us=1.639 max_us=10
   3 /opt/llama.cpp/ggml/src/ggml-cuda/ggml-cuda.cu:847 calls=150 total_ms=0.155 avg_us=1.033 max_us=3
=== END CUDA SYNC PROFILE ===
backend-sync-trace: count=18800 backend=CUDA0 caller=ggml_backend_sched_graph_compute_async_ext+0xffd

=== CUDA SYNC PROFILE (instrumentation only) ===
total_syncs = 18800
total_wait_ms = 10572.237
max_wait_us = 140882
sites = 5
wait_hist_us = logarithmic buckets
  hist[0] = 17029
  hist[1] = 1013
  hist[2] = 59
  hist[3] = 9
  hist[4] = 9
  hist[5] = 1
  hist[9] = 131
  hist[10] = 267
  hist[11] = 55
  hist[14] = 79
  hist[15] = 126
  hist[16] = 21
  hist[17] = 1
by_callsite (caller PC; symbolize with addr2line):
   0 caller=0x7bf768d5c0d2 calls=7641 total_ms=10565.898 avg_us=1382.790 max_us=140882
   1 caller=0x7bf768d6098c calls=6147 total_ms=2.444 avg_us=0.398 max_us=24
   2 caller=0x7bf768d6089c calls=2278 total_ms=1.961 avg_us=0.861 max_us=28
   3 caller=0x7bf768d5f852 calls=456 total_ms=1.008 avg_us=2.211 max_us=36
   4 caller=0x7bf768d60abd calls=2278 total_ms=0.926 avg_us=0.406 max_us=19
direct_cudaStreamSynchronize: calls=8318 total_ms=39.916 max_us=2586
by_direct_callsite (file:line):
   0 /opt/llama.cpp/ggml/src/ggml-cuda/ggml-cuda.cu:839 calls=7965 total_ms=33.552 avg_us=4.212 max_us=353
   1 /opt/llama.cpp/ggml/src/ggml-cuda/ggml-cuda.cu:900 calls=12 total_ms=5.896 avg_us=491.333 max_us=2586
   2 /opt/llama.cpp/ggml/src/ggml-cuda/ggml-cuda.cu:2665 calls=191 total_ms=0.313 avg_us=1.639 max_us=10
   3 /opt/llama.cpp/ggml/src/ggml-cuda/ggml-cuda.cu:847 calls=150 total_ms=0.155 avg_us=1.033 max_us=3
=== END CUDA SYNC PROFILE ===
backend-sync-trace: count=18900 backend=CUDA0 caller=ggml_backend_sched_graph_compute_async_ext+0xecc

=== CUDA SYNC PROFILE (instrumentation only) ===
total_syncs = 18900
total_wait_ms = 10603.950
max_wait_us = 140882
sites = 5
wait_hist_us = logarithmic buckets
  hist[0] = 17112
  hist[1] = 1024
  hist[2] = 60
  hist[3] = 9
  hist[4] = 10
  hist[5] = 1
  hist[9] = 132
  hist[10] = 269
  hist[11] = 55
  hist[14] = 80
  hist[15] = 126
  hist[16] = 21
  hist[17] = 1
by_callsite (caller PC; symbolize with addr2line):
   0 caller=0x7bf768d5c0d2 calls=7673 total_ms=10597.561 avg_us=1381.150 max_us=140882
   1 caller=0x7bf768d6098c calls=6185 total_ms=2.466 avg_us=0.399 max_us=24
   2 caller=0x7bf768d6089c calls=2292 total_ms=1.979 avg_us=0.863 max_us=28
   3 caller=0x7bf768d5f852 calls=458 total_ms=1.013 avg_us=2.212 max_us=36
   4 caller=0x7bf768d60abd calls=2292 total_ms=0.931 avg_us=0.406 max_us=19
direct_cudaStreamSynchronize: calls=8367 total_ms=40.128 max_us=2586
by_direct_callsite (file:line):
   0 /opt/llama.cpp/ggml/src/ggml-cuda/ggml-cuda.cu:839 calls=8014 total_ms=33.764 avg_us=4.213 max_us=353
   1 /opt/llama.cpp/ggml/src/ggml-cuda/ggml-cuda.cu:900 calls=12 total_ms=5.896 avg_us=491.333 max_us=2586
   2 /opt/llama.cpp/ggml/src/ggml-cuda/ggml-cuda.cu:2665 calls=191 total_ms=0.313 avg_us=1.639 max_us=10
   3 /opt/llama.cpp/ggml/src/ggml-cuda/ggml-cuda.cu:847 calls=150 total_ms=0.155 avg_us=1.033 max_us=3
=== END CUDA SYNC PROFILE ===

=== CUDA SYNC PROFILE (instrumentation only) ===
total_syncs = 18977
total_wait_ms = 10630.231
max_wait_us = 140882
sites = 5
wait_hist_us = logarithmic buckets
  hist[0] = 17174
  hist[1] = 1036
  hist[2] = 60
  hist[3] = 9
  hist[4] = 10
  hist[5] = 1
  hist[9] = 133
  hist[10] = 270
  hist[11] = 55
  hist[14] = 81
  hist[15] = 126
  hist[16] = 21
  hist[17] = 1
by_callsite (caller PC; symbolize with addr2line):
   0 caller=0x7bf768d5c0d2 calls=7704 total_ms=10623.808 avg_us=1378.999 max_us=140882
   1 caller=0x7bf768d6098c calls=6209 total_ms=2.480 avg_us=0.399 max_us=24
   2 caller=0x7bf768d6089c calls=2302 total_ms=1.987 avg_us=0.863 max_us=28
   3 caller=0x7bf768d5f852 calls=460 total_ms=1.019 avg_us=2.215 max_us=36
   4 caller=0x7bf768d60abd calls=2302 total_ms=0.937 avg_us=0.407 max_us=19
direct_cudaStreamSynchronize: calls=8400 total_ms=40.270 max_us=2586
by_direct_callsite (file:line):
   0 /opt/llama.cpp/ggml/src/ggml-cuda/ggml-cuda.cu:839 calls=8047 total_ms=33.906 avg_us=4.213 max_us=353
   1 /opt/llama.cpp/ggml/src/ggml-cuda/ggml-cuda.cu:900 calls=12 total_ms=5.896 avg_us=491.333 max_us=2586
   2 /opt/llama.cpp/ggml/src/ggml-cuda/ggml-cuda.cu:2665 calls=191 total_ms=0.313 avg_us=1.639 max_us=10
   3 /opt/llama.cpp/ggml/src/ggml-cuda/ggml-cuda.cu:847 calls=150 total_ms=0.155 avg_us=1.033 max_us=3
=== END CUDA SYNC PROFILE ===
backend-sync-trace: count=19000 backend=CUDA0 caller=ggml_backend_sched_synchronize+0x62

=== CUDA SYNC PROFILE (instrumentation only) ===
total_syncs = 19000
total_wait_ms = 10655.149
max_wait_us = 140882
sites = 5
wait_hist_us = logarithmic buckets
  hist[0] = 17194
  hist[1] = 1038
  hist[2] = 60
  hist[3] = 9
  hist[4] = 10
  hist[5] = 1
  hist[9] = 133
  hist[10] = 270
  hist[11] = 55
  hist[14] = 82
  hist[15] = 126
  hist[16] = 21
  hist[17] = 1
by_callsite (caller PC; symbolize with addr2line):
   0 caller=0x7bf768d5c0d2 calls=7707 total_ms=10648.713 avg_us=1381.694 max_us=140882
   1 caller=0x7bf768d6098c calls=6224 total_ms=2.488 avg_us=0.400 max_us=24
   2 caller=0x7bf768d6089c calls=2304 total_ms=1.989 avg_us=0.863 max_us=28
   3 caller=0x7bf768d5f852 calls=461 total_ms=1.022 avg_us=2.217 max_us=36
   4 caller=0x7bf768d60abd calls=2304 total_ms=0.937 avg_us=0.407 max_us=19
direct_cudaStreamSynchronize: calls=8416 total_ms=40.347 max_us=2586
by_direct_callsite (file:line):
   0 /opt/llama.cpp/ggml/src/ggml-cuda/ggml-cuda.cu:839 calls=8063 total_ms=33.983 avg_us=4.215 max_us=353
   1 /opt/llama.cpp/ggml/src/ggml-cuda/ggml-cuda.cu:900 calls=12 total_ms=5.896 avg_us=491.333 max_us=2586
   2 /opt/llama.cpp/ggml/src/ggml-cuda/ggml-cuda.cu:2665 calls=191 total_ms=0.313 avg_us=1.639 max_us=10
   3 /opt/llama.cpp/ggml/src/ggml-cuda/ggml-cuda.cu:847 calls=150 total_ms=0.155 avg_us=1.033 max_us=3
=== END CUDA SYNC PROFILE ===
backend-sync-trace: count=19100 backend=CUDA0 caller=ggml_backend_sched_graph_compute_async_ext+0xecc

=== CUDA SYNC PROFILE (instrumentation only) ===
total_syncs = 19100
total_wait_ms = 10681.876
max_wait_us = 140882
sites = 5
wait_hist_us = logarithmic buckets
  hist[0] = 17276
  hist[1] = 1051
  hist[2] = 62
  hist[3] = 9
  hist[4] = 10
  hist[5] = 1
  hist[9] = 134
  hist[10] = 271
  hist[11] = 55
  hist[14] = 83
  hist[15] = 126
  hist[16] = 21
  hist[17] = 1
by_callsite (caller PC; symbolize with addr2line):
   0 caller=0x7bf768d5c0d2 calls=7752 total_ms=10675.391 avg_us=1377.114 max_us=140882
   1 caller=0x7bf768d6098c calls=6252 total_ms=2.509 avg_us=0.401 max_us=24
   2 caller=0x7bf768d6089c calls=2316 total_ms=2.004 avg_us=0.865 max_us=28
   3 caller=0x7bf768d5f852 calls=464 total_ms=1.031 avg_us=2.222 max_us=36
   4 caller=0x7bf768d60abd calls=2316 total_ms=0.941 avg_us=0.406 max_us=19
direct_cudaStreamSynchronize: calls=8453 total_ms=40.501 max_us=2586
by_direct_callsite (file:line):
   0 /opt/llama.cpp/ggml/src/ggml-cuda/ggml-cuda.cu:839 calls=8100 total_ms=34.137 avg_us=4.214 max_us=353
   1 /opt/llama.cpp/ggml/src/ggml-cuda/ggml-cuda.cu:900 calls=12 total_ms=5.896 avg_us=491.333 max_us=2586
   2 /opt/llama.cpp/ggml/src/ggml-cuda/ggml-cuda.cu:2665 calls=191 total_ms=0.313 avg_us=1.639 max_us=10
   3 /opt/llama.cpp/ggml/src/ggml-cuda/ggml-cuda.cu:847 calls=150 total_ms=0.155 avg_us=1.033 max_us=3
=== END CUDA SYNC PROFILE ===
backend-sync-trace: count=19200 backend=CUDA0 caller=ggml_backend_sched_synchronize+0x62

=== CUDA SYNC PROFILE (instrumentation only) ===
total_syncs = 19200
total_wait_ms = 10715.515
max_wait_us = 140882
sites = 5
wait_hist_us = logarithmic buckets
  hist[0] = 17358
  hist[1] = 1063
  hist[2] = 63
  hist[3] = 9
  hist[4] = 10
  hist[5] = 1
  hist[9] = 135
  hist[10] = 274
  hist[11] = 55
  hist[14] = 84
  hist[15] = 126
  hist[16] = 21
  hist[17] = 1
by_callsite (caller PC; symbolize with addr2line):
   0 caller=0x7bf768d5c0d2 calls=7792 total_ms=10708.981 avg_us=1374.356 max_us=140882
   1 caller=0x7bf768d6098c calls=6286 total_ms=2.532 avg_us=0.403 max_us=24
   2 caller=0x7bf768d6089c calls=2328 total_ms=2.016 avg_us=0.866 max_us=28
   3 caller=0x7bf768d5f852 calls=466 total_ms=1.037 avg_us=2.225 max_us=36
   4 caller=0x7bf768d60abd calls=2328 total_ms=0.949 avg_us=0.408 max_us=19
direct_cudaStreamSynchronize: calls=8498 total_ms=40.710 max_us=2586
by_direct_callsite (file:line):
   0 /opt/llama.cpp/ggml/src/ggml-cuda/ggml-cuda.cu:839 calls=8145 total_ms=34.346 avg_us=4.217 max_us=353
   1 /opt/llama.cpp/ggml/src/ggml-cuda/ggml-cuda.cu:900 calls=12 total_ms=5.896 avg_us=491.333 max_us=2586
   2 /opt/llama.cpp/ggml/src/ggml-cuda/ggml-cuda.cu:2665 calls=191 total_ms=0.313 avg_us=1.639 max_us=10
   3 /opt/llama.cpp/ggml/src/ggml-cuda/ggml-cuda.cu:847 calls=150 total_ms=0.155 avg_us=1.033 max_us=3
=== END CUDA SYNC PROFILE ===

=== CUDA SYNC PROFILE (instrumentation only) ===
total_syncs = 19209
total_wait_ms = 10715.526
max_wait_us = 140882
sites = 5
wait_hist_us = logarithmic buckets
  hist[0] = 17365
  hist[1] = 1065
  hist[2] = 63
  hist[3] = 9
  hist[4] = 10
  hist[5] = 1
  hist[9] = 135
  hist[10] = 274
  hist[11] = 55
  hist[14] = 84
  hist[15] = 126
  hist[16] = 21
  hist[17] = 1
by_callsite (caller PC; symbolize with addr2line):
   0 caller=0x7bf768d5c0d2 calls=7797 total_ms=10708.987 avg_us=1373.475 max_us=140882
   1 caller=0x7bf768d6098c calls=6286 total_ms=2.532 avg_us=0.403 max_us=24
   2 caller=0x7bf768d6089c calls=2330 total_ms=2.019 avg_us=0.867 max_us=28
   3 caller=0x7bf768d5f852 calls=466 total_ms=1.037 avg_us=2.225 max_us=36
   4 caller=0x7bf768d60abd calls=2330 total_ms=0.951 avg_us=0.408 max_us=19
direct_cudaStreamSynchronize: calls=8500 total_ms=40.718 max_us=2586
by_direct_callsite (file:line):
   0 /opt/llama.cpp/ggml/src/ggml-cuda/ggml-cuda.cu:839 calls=8147 total_ms=34.354 avg_us=4.217 max_us=353
   1 /opt/llama.cpp/ggml/src/ggml-cuda/ggml-cuda.cu:900 calls=12 total_ms=5.896 avg_us=491.333 max_us=2586
   2 /opt/llama.cpp/ggml/src/ggml-cuda/ggml-cuda.cu:2665 calls=191 total_ms=0.313 avg_us=1.639 max_us=10
   3 /opt/llama.cpp/ggml/src/ggml-cuda/ggml-cuda.cu:847 calls=150 total_ms=0.155 avg_us=1.033 max_us=3
=== END CUDA SYNC PROFILE ===
backend-sync-trace: count=19300 backend=CUDA0 caller=ggml_backend_sched_graph_compute_async_ext+0xecc

=== CUDA SYNC PROFILE (instrumentation only) ===
total_syncs = 19300
total_wait_ms = 10745.820
max_wait_us = 140882
sites = 5
wait_hist_us = logarithmic buckets
  hist[0] = 17444
  hist[1] = 1072
  hist[2] = 65
  hist[3] = 9
  hist[4] = 10
  hist[5] = 1
  hist[9] = 136
  hist[10] = 274
  hist[11] = 56
  hist[14] = 85
  hist[15] = 126
  hist[16] = 21
  hist[17] = 1
by_callsite (caller PC; symbolize with addr2line):
   0 caller=0x7bf768d5c0d2 calls=7822 total_ms=10739.231 avg_us=1372.952 max_us=140882
   1 caller=0x7bf768d6098c calls=6326 total_ms=2.557 avg_us=0.404 max_us=24
   2 caller=0x7bf768d6089c calls=2342 total_ms=2.032 avg_us=0.868 max_us=28
   3 caller=0x7bf768d5f852 calls=468 total_ms=1.044 avg_us=2.231 max_us=36
   4 caller=0x7bf768d60abd calls=2342 total_ms=0.956 avg_us=0.408 max_us=19
direct_cudaStreamSynchronize: calls=8548 total_ms=40.919 max_us=2586
by_direct_callsite (file:line):
   0 /opt/llama.cpp/ggml/src/ggml-cuda/ggml-cuda.cu:839 calls=8195 total_ms=34.555 avg_us=4.217 max_us=353
   1 /opt/llama.cpp/ggml/src/ggml-cuda/ggml-cuda.cu:900 calls=12 total_ms=5.896 avg_us=491.333 max_us=2586
   2 /opt/llama.cpp/ggml/src/ggml-cuda/ggml-cuda.cu:2665 calls=191 total_ms=0.313 avg_us=1.639 max_us=10
   3 /opt/llama.cpp/ggml/src/ggml-cuda/ggml-cuda.cu:847 calls=150 total_ms=0.155 avg_us=1.033 max_us=3
=== END CUDA SYNC PROFILE ===
backend-sync-trace: count=19400 backend=CUDA0 caller=ggml_backend_sched_synchronize+0x62

=== CUDA SYNC PROFILE (instrumentation only) ===
total_syncs = 19400
total_wait_ms = 10814.318
max_wait_us = 140882
sites = 5
wait_hist_us = logarithmic buckets
  hist[0] = 17522
  hist[1] = 1088
  hist[2] = 67
  hist[3] = 9
  hist[4] = 10
  hist[5] = 1
  hist[9] = 137
  hist[10] = 275
  hist[11] = 56
  hist[14] = 86
  hist[15] = 127
  hist[16] = 21
  hist[17] = 1
by_callsite (caller PC; symbolize with addr2line):
   0 caller=0x7bf768d5c0d2 calls=7862 total_ms=10807.684 avg_us=1374.674 max_us=140882
   1 caller=0x7bf768d6098c calls=6359 total_ms=2.573 avg_us=0.405 max_us=24
   2 caller=0x7bf768d6089c calls=2354 total_ms=2.047 avg_us=0.870 max_us=28
   3 caller=0x7bf768d5f852 calls=471 total_ms=1.051 avg_us=2.231 max_us=36
   4 caller=0x7bf768d60abd calls=2354 total_ms=0.963 avg_us=0.409 max_us=19
direct_cudaStreamSynchronize: calls=8591 total_ms=41.097 max_us=2586
by_direct_callsite (file:line):
   0 /opt/llama.cpp/ggml/src/ggml-cuda/ggml-cuda.cu:839 calls=8238 total_ms=34.733 avg_us=4.216 max_us=353
   1 /opt/llama.cpp/ggml/src/ggml-cuda/ggml-cuda.cu:900 calls=12 total_ms=5.896 avg_us=491.333 max_us=2586
   2 /opt/llama.cpp/ggml/src/ggml-cuda/ggml-cuda.cu:2665 calls=191 total_ms=0.313 avg_us=1.639 max_us=10
   3 /opt/llama.cpp/ggml/src/ggml-cuda/ggml-cuda.cu:847 calls=150 total_ms=0.155 avg_us=1.033 max_us=3
=== END CUDA SYNC PROFILE ===

=== CUDA SYNC PROFILE (instrumentation only) ===
total_syncs = 19429
total_wait_ms = 10815.509
max_wait_us = 140882
sites = 5
wait_hist_us = logarithmic buckets
  hist[0] = 17547
  hist[1] = 1091
  hist[2] = 67
  hist[3] = 9
  hist[4] = 10
  hist[5] = 1
  hist[9] = 137
  hist[10] = 276
  hist[11] = 56
  hist[14] = 86
  hist[15] = 127
  hist[16] = 21
  hist[17] = 1
by_callsite (caller PC; symbolize with addr2line):
   0 caller=0x7bf768d5c0d2 calls=7877 total_ms=10808.868 avg_us=1372.206 max_us=140882
   1 caller=0x7bf768d6098c calls=6364 total_ms=2.574 avg_us=0.404 max_us=24
   2 caller=0x7bf768d6089c calls=2358 total_ms=2.050 avg_us=0.869 max_us=28
   3 caller=0x7bf768d5f852 calls=472 total_ms=1.053 avg_us=2.231 max_us=36
   4 caller=0x7bf768d60abd calls=2358 total_ms=0.964 avg_us=0.409 max_us=19
direct_cudaStreamSynchronize: calls=8600 total_ms=41.127 max_us=2586
by_direct_callsite (file:line):
   0 /opt/llama.cpp/ggml/src/ggml-cuda/ggml-cuda.cu:839 calls=8247 total_ms=34.763 avg_us=4.215 max_us=353
   1 /opt/llama.cpp/ggml/src/ggml-cuda/ggml-cuda.cu:900 calls=12 total_ms=5.896 avg_us=491.333 max_us=2586
   2 /opt/llama.cpp/ggml/src/ggml-cuda/ggml-cuda.cu:2665 calls=191 total_ms=0.313 avg_us=1.639 max_us=10
   3 /opt/llama.cpp/ggml/src/ggml-cuda/ggml-cuda.cu:847 calls=150 total_ms=0.155 avg_us=1.033 max_us=3
=== END CUDA SYNC PROFILE ===
backend-sync-trace: count=19500 backend=CUDA0 caller=ggml_backend_sched_synchronize+0x62

=== CUDA SYNC PROFILE (instrumentation only) ===
total_syncs = 19500
total_wait_ms = 10878.536
max_wait_us = 140882
sites = 5
wait_hist_us = logarithmic buckets
  hist[0] = 17605
  hist[1] = 1098
  hist[2] = 69
  hist[3] = 10
  hist[4] = 10
  hist[5] = 1
  hist[9] = 137
  hist[10] = 277
  hist[11] = 57
  hist[14] = 86
  hist[15] = 128
  hist[16] = 21
  hist[17] = 1
by_callsite (caller PC; symbolize with addr2line):
   0 caller=0x7bf768d5c0d2 calls=7904 total_ms=10871.858 avg_us=1375.488 max_us=140882
   1 caller=0x7bf768d6098c calls=6390 total_ms=2.591 avg_us=0.405 max_us=24
   2 caller=0x7bf768d6089c calls=2366 total_ms=2.059 avg_us=0.870 max_us=28
   3 caller=0x7bf768d5f852 calls=474 total_ms=1.061 avg_us=2.238 max_us=36
   4 caller=0x7bf768d60abd calls=2366 total_ms=0.967 avg_us=0.409 max_us=19
direct_cudaStreamSynchronize: calls=8632 total_ms=41.259 max_us=2586
by_direct_callsite (file:line):
   0 /opt/llama.cpp/ggml/src/ggml-cuda/ggml-cuda.cu:839 calls=8279 total_ms=34.895 avg_us=4.215 max_us=353
   1 /opt/llama.cpp/ggml/src/ggml-cuda/ggml-cuda.cu:900 calls=12 total_ms=5.896 avg_us=491.333 max_us=2586
   2 /opt/llama.cpp/ggml/src/ggml-cuda/ggml-cuda.cu:2665 calls=191 total_ms=0.313 avg_us=1.639 max_us=10
   3 /opt/llama.cpp/ggml/src/ggml-cuda/ggml-cuda.cu:847 calls=150 total_ms=0.155 avg_us=1.033 max_us=3
=== END CUDA SYNC PROFILE ===
1.15.940.665 I slot print_timing: id  0 | task 0 | n_gen =    542, tg =  44.80 t/s, tg_3s =  49.45 t/s
backend-sync-trace: count=19600 backend=CUDA0 caller=ggml_backend_sched_graph_compute_async_ext+0xddc

=== CUDA SYNC PROFILE (instrumentation only) ===
total_syncs = 19600
total_wait_ms = 10952.673
max_wait_us = 140882
sites = 5
wait_hist_us = logarithmic buckets
  hist[0] = 17683
  hist[1] = 1113
  hist[2] = 72
  hist[3] = 10
  hist[4] = 10
  hist[5] = 1
  hist[9] = 137
  hist[10] = 280
  hist[11] = 57
  hist[14] = 86
  hist[15] = 128
  hist[16] = 22
  hist[17] = 1
by_callsite (caller PC; symbolize with addr2line):
   0 caller=0x7bf768d5c0d2 calls=7940 total_ms=10945.944 avg_us=1378.582 max_us=140882
   1 caller=0x7bf768d6098c calls=6421 total_ms=2.607 avg_us=0.406 max_us=24
   2 caller=0x7bf768d6089c calls=2382 total_ms=2.079 avg_us=0.873 max_us=28
   3 caller=0x7bf768d5f852 calls=476 total_ms=1.069 avg_us=2.246 max_us=36
   4 caller=0x7bf768d60abd calls=2381 total_ms=0.974 avg_us=0.409 max_us=19
direct_cudaStreamSynchronize: calls=8675 total_ms=41.432 max_us=2586
by_direct_callsite (file:line):
   0 /opt/llama.cpp/ggml/src/ggml-cuda/ggml-cuda.cu:839 calls=8322 total_ms=35.068 avg_us=4.214 max_us=353
   1 /opt/llama.cpp/ggml/src/ggml-cuda/ggml-cuda.cu:900 calls=12 total_ms=5.896 avg_us=491.333 max_us=2586
   2 /opt/llama.cpp/ggml/src/ggml-cuda/ggml-cuda.cu:2665 calls=191 total_ms=0.313 avg_us=1.639 max_us=10
   3 /opt/llama.cpp/ggml/src/ggml-cuda/ggml-cuda.cu:847 calls=150 total_ms=0.155 avg_us=1.033 max_us=3
=== END CUDA SYNC PROFILE ===

=== CUDA SYNC PROFILE (instrumentation only) ===
total_syncs = 19649
total_wait_ms = 11003.058
max_wait_us = 140882
sites = 5
wait_hist_us = logarithmic buckets
  hist[0] = 17725
  hist[1] = 1117
  hist[2] = 74
  hist[3] = 10
  hist[4] = 10
  hist[5] = 1
  hist[9] = 137
  hist[10] = 280
  hist[11] = 57
  hist[14] = 86
  hist[15] = 129
  hist[16] = 22
  hist[17] = 1
by_callsite (caller PC; symbolize with addr2line):
   0 caller=0x7bf768d5c0d2 calls=7957 total_ms=10996.305 avg_us=1381.966 max_us=140882
   1 caller=0x7bf768d6098c calls=6442 total_ms=2.618 avg_us=0.406 max_us=24
   2 caller=0x7bf768d6089c calls=2386 total_ms=2.082 avg_us=0.873 max_us=28
   3 caller=0x7bf768d5f852 calls=478 total_ms=1.076 avg_us=2.251 max_us=36
   4 caller=0x7bf768d60abd calls=2386 total_ms=0.977 avg_us=0.409 max_us=19
direct_cudaStreamSynchronize: calls=8700 total_ms=41.541 max_us=2586
by_direct_callsite (file:line):
   0 /opt/llama.cpp/ggml/src/ggml-cuda/ggml-cuda.cu:839 calls=8347 total_ms=35.177 avg_us=4.214 max_us=353
   1 /opt/llama.cpp/ggml/src/ggml-cuda/ggml-cuda.cu:900 calls=12 total_ms=5.896 avg_us=491.333 max_us=2586
   2 /opt/llama.cpp/ggml/src/ggml-cuda/ggml-cuda.cu:2665 calls=191 total_ms=0.313 avg_us=1.639 max_us=10
   3 /opt/llama.cpp/ggml/src/ggml-cuda/ggml-cuda.cu:847 calls=150 total_ms=0.155 avg_us=1.033 max_us=3
=== END CUDA SYNC PROFILE ===
backend-sync-trace: count=19700 backend=CUDA0 caller=ggml_backend_sched_graph_compute_async_ext+0xddc

=== CUDA SYNC PROFILE (instrumentation only) ===
total_syncs = 19700
total_wait_ms = 11067.567
max_wait_us = 140882
sites = 5
wait_hist_us = logarithmic buckets
  hist[0] = 17767
  hist[1] = 1120
  hist[2] = 77
  hist[3] = 10
  hist[4] = 10
  hist[5] = 1
  hist[9] = 137
  hist[10] = 282
  hist[11] = 57
  hist[14] = 86
  hist[15] = 130
  hist[16] = 22
  hist[17] = 1
by_callsite (caller PC; symbolize with addr2line):
   0 caller=0x7bf768d5c0d2 calls=7973 total_ms=11060.786 avg_us=1387.280 max_us=140882
   1 caller=0x7bf768d6098c calls=6463 total_ms=2.627 avg_us=0.406 max_us=24
   2 caller=0x7bf768d6089c calls=2393 total_ms=2.093 avg_us=0.875 max_us=28
   3 caller=0x7bf768d5f852 calls=479 total_ms=1.081 avg_us=2.257 max_us=36
   4 caller=0x7bf768d60abd calls=2392 total_ms=0.980 avg_us=0.410 max_us=19
direct_cudaStreamSynchronize: calls=8726 total_ms=41.646 max_us=2586
by_direct_callsite (file:line):
   0 /opt/llama.cpp/ggml/src/ggml-cuda/ggml-cuda.cu:839 calls=8373 total_ms=35.282 avg_us=4.214 max_us=353
   1 /opt/llama.cpp/ggml/src/ggml-cuda/ggml-cuda.cu:900 calls=12 total_ms=5.896 avg_us=491.333 max_us=2586
   2 /opt/llama.cpp/ggml/src/ggml-cuda/ggml-cuda.cu:2665 calls=191 total_ms=0.313 avg_us=1.639 max_us=10
   3 /opt/llama.cpp/ggml/src/ggml-cuda/ggml-cuda.cu:847 calls=150 total_ms=0.155 avg_us=1.033 max_us=3
=== END CUDA SYNC PROFILE ===
backend-sync-trace: count=19800 backend=CUDA0 caller=ggml_backend_sched_synchronize+0x62

=== CUDA SYNC PROFILE (instrumentation only) ===
total_syncs = 19800
total_wait_ms = 11136.608
max_wait_us = 140882
sites = 5
wait_hist_us = logarithmic buckets
  hist[0] = 17847
  hist[1] = 1133
  hist[2] = 80
  hist[3] = 11
  hist[4] = 10
  hist[5] = 1
  hist[9] = 137
  hist[10] = 284
  hist[11] = 57
  hist[14] = 86
  hist[15] = 131
  hist[16] = 22
  hist[17] = 1
by_callsite (caller PC; symbolize with addr2line):
   0 caller=0x7bf768d5c0d2 calls=8017 total_ms=11129.779 avg_us=1388.272 max_us=140882
   1 caller=0x7bf768d6098c calls=6494 total_ms=2.650 avg_us=0.408 max_us=24
   2 caller=0x7bf768d6089c calls=2404 total_ms=2.103 avg_us=0.875 max_us=28
   3 caller=0x7bf768d5f852 calls=481 total_ms=1.090 avg_us=2.266 max_us=36
   4 caller=0x7bf768d60abd calls=2404 total_ms=0.986 avg_us=0.410 max_us=19
direct_cudaStreamSynchronize: calls=8766 total_ms=41.814 max_us=2586
by_direct_callsite (file:line):
   0 /opt/llama.cpp/ggml/src/ggml-cuda/ggml-cuda.cu:839 calls=8413 total_ms=35.450 avg_us=4.214 max_us=353
   1 /opt/llama.cpp/ggml/src/ggml-cuda/ggml-cuda.cu:900 calls=12 total_ms=5.896 avg_us=491.333 max_us=2586
   2 /opt/llama.cpp/ggml/src/ggml-cuda/ggml-cuda.cu:2665 calls=191 total_ms=0.313 avg_us=1.639 max_us=10
   3 /opt/llama.cpp/ggml/src/ggml-cuda/ggml-cuda.cu:847 calls=150 total_ms=0.155 avg_us=1.033 max_us=3
=== END CUDA SYNC PROFILE ===

=== CUDA SYNC PROFILE (instrumentation only) ===
total_syncs = 19877
total_wait_ms = 11180.906
max_wait_us = 140882
sites = 5
wait_hist_us = logarithmic buckets
  hist[0] = 17909
  hist[1] = 1142
  hist[2] = 83
  hist[3] = 11
  hist[4] = 10
  hist[5] = 1
  hist[9] = 137
  hist[10] = 286
  hist[11] = 57
  hist[14] = 86
  hist[15] = 132
  hist[16] = 22
  hist[17] = 1
by_callsite (caller PC; symbolize with addr2line):
   0 caller=0x7bf768d5c0d2 calls=8047 total_ms=11174.043 avg_us=1388.597 max_us=140882
   1 caller=0x7bf768d6098c calls=6519 total_ms=2.661 avg_us=0.408 max_us=24
   2 caller=0x7bf768d6089c calls=2414 total_ms=2.114 avg_us=0.876 max_us=28
   3 caller=0x7bf768d5f852 calls=483 total_ms=1.099 avg_us=2.275 max_us=36
   4 caller=0x7bf768d60abd calls=2414 total_ms=0.989 avg_us=0.410 max_us=19
direct_cudaStreamSynchronize: calls=8800 total_ms=41.951 max_us=2586
by_direct_callsite (file:line):
   0 /opt/llama.cpp/ggml/src/ggml-cuda/ggml-cuda.cu:839 calls=8447 total_ms=35.587 avg_us=4.213 max_us=353
   1 /opt/llama.cpp/ggml/src/ggml-cuda/ggml-cuda.cu:900 calls=12 total_ms=5.896 avg_us=491.333 max_us=2586
   2 /opt/llama.cpp/ggml/src/ggml-cuda/ggml-cuda.cu:2665 calls=191 total_ms=0.313 avg_us=1.639 max_us=10
   3 /opt/llama.cpp/ggml/src/ggml-cuda/ggml-cuda.cu:847 calls=150 total_ms=0.155 avg_us=1.033 max_us=3
=== END CUDA SYNC PROFILE ===
backend-sync-trace: count=19900 backend=CUDA0 caller=ggml_backend_sched_synchronize+0x62

=== CUDA SYNC PROFILE (instrumentation only) ===
total_syncs = 19900
total_wait_ms = 11182.343
max_wait_us = 140882
sites = 5
wait_hist_us = logarithmic buckets
  hist[0] = 17927
  hist[1] = 1146
  hist[2] = 83
  hist[3] = 11
  hist[4] = 10
  hist[5] = 1
  hist[9] = 137
  hist[10] = 287
  hist[11] = 57
  hist[14] = 86
  hist[15] = 132
  hist[16] = 22
  hist[17] = 1
by_callsite (caller PC; symbolize with addr2line):
   0 caller=0x7bf768d5c0d2 calls=8059 total_ms=11175.472 avg_us=1386.707 max_us=140882
   1 caller=0x7bf768d6098c calls=6525 total_ms=2.665 avg_us=0.408 max_us=24
   2 caller=0x7bf768d6089c calls=2416 total_ms=2.115 avg_us=0.875 max_us=28
   3 caller=0x7bf768d5f852 calls=484 total_ms=1.102 avg_us=2.277 max_us=36
   4 caller=0x7bf768d60abd calls=2416 total_ms=0.989 avg_us=0.409 max_us=19
direct_cudaStreamSynchronize: calls=8807 total_ms=41.973 max_us=2586
by_direct_callsite (file:line):
   0 /opt/llama.cpp/ggml/src/ggml-cuda/ggml-cuda.cu:839 calls=8454 total_ms=35.609 avg_us=4.212 max_us=353
   1 /opt/llama.cpp/ggml/src/ggml-cuda/ggml-cuda.cu:900 calls=12 total_ms=5.896 avg_us=491.333 max_us=2586
   2 /opt/llama.cpp/ggml/src/ggml-cuda/ggml-cuda.cu:2665 calls=191 total_ms=0.313 avg_us=1.639 max_us=10
   3 /opt/llama.cpp/ggml/src/ggml-cuda/ggml-cuda.cu:847 calls=150 total_ms=0.155 avg_us=1.033 max_us=3
=== END CUDA SYNC PROFILE ===
backend-sync-trace: count=20000 backend=CUDA0 caller=ggml_backend_sched_graph_compute_async_ext+0xddc

=== CUDA SYNC PROFILE (instrumentation only) ===
total_syncs = 20000
total_wait_ms = 11220.899
max_wait_us = 140882
sites = 5
wait_hist_us = logarithmic buckets
  hist[0] = 18015
  hist[1] = 1153
  hist[2] = 84
  hist[3] = 11
  hist[4] = 10
  hist[5] = 1
  hist[9] = 138
  hist[10] = 289
  hist[11] = 57
  hist[14] = 86
  hist[15] = 133
  hist[16] = 22
  hist[17] = 1
by_callsite (caller PC; symbolize with addr2line):
   0 caller=0x7bf768d5c0d2 calls=8095 total_ms=11213.988 avg_us=1385.298 max_us=140882
   1 caller=0x7bf768d6098c calls=6556 total_ms=2.679 avg_us=0.409 max_us=24
   2 caller=0x7bf768d6089c calls=2432 total_ms=2.128 avg_us=0.875 max_us=28
   3 caller=0x7bf768d5f852 calls=486 total_ms=1.107 avg_us=2.278 max_us=36
   4 caller=0x7bf768d60abd calls=2431 total_ms=0.997 avg_us=0.410 max_us=19
direct_cudaStreamSynchronize: calls=8850 total_ms=42.144 max_us=2586
by_direct_callsite (file:line):
   0 /opt/llama.cpp/ggml/src/ggml-cuda/ggml-cuda.cu:839 calls=8497 total_ms=35.780 avg_us=4.211 max_us=353
   1 /opt/llama.cpp/ggml/src/ggml-cuda/ggml-cuda.cu:900 calls=12 total_ms=5.896 avg_us=491.333 max_us=2586
   2 /opt/llama.cpp/ggml/src/ggml-cuda/ggml-cuda.cu:2665 calls=191 total_ms=0.313 avg_us=1.639 max_us=10
   3 /opt/llama.cpp/ggml/src/ggml-cuda/ggml-cuda.cu:847 calls=150 total_ms=0.155 avg_us=1.033 max_us=3
=== END CUDA SYNC PROFILE ===

=== CUDA SYNC PROFILE (instrumentation only) ===
total_syncs = 20095
total_wait_ms = 11253.945
max_wait_us = 140882
sites = 5
wait_hist_us = logarithmic buckets
  hist[0] = 18104
  hist[1] = 1156
  hist[2] = 84
  hist[3] = 11
  hist[4] = 10
  hist[5] = 1
  hist[9] = 139
  hist[10] = 290
  hist[11] = 57
  hist[14] = 87
  hist[15] = 133
  hist[16] = 22
  hist[17] = 1
by_callsite (caller PC; symbolize with addr2line):
   0 caller=0x7bf768d5c0d2 calls=8126 total_ms=11247.004 avg_us=1384.076 max_us=140882
   1 caller=0x7bf768d6098c calls=6597 total_ms=2.696 avg_us=0.409 max_us=24
   2 caller=0x7bf768d6089c calls=2442 total_ms=2.135 avg_us=0.874 max_us=28
   3 caller=0x7bf768d5f852 calls=488 total_ms=1.111 avg_us=2.277 max_us=36
   4 caller=0x7bf768d60abd calls=2442 total_ms=0.999 avg_us=0.409 max_us=19
direct_cudaStreamSynchronize: calls=8900 total_ms=42.350 max_us=2586
by_direct_callsite (file:line):
   0 /opt/llama.cpp/ggml/src/ggml-cuda/ggml-cuda.cu:839 calls=8547 total_ms=35.986 avg_us=4.210 max_us=353
   1 /opt/llama.cpp/ggml/src/ggml-cuda/ggml-cuda.cu:900 calls=12 total_ms=5.896 avg_us=491.333 max_us=2586
   2 /opt/llama.cpp/ggml/src/ggml-cuda/ggml-cuda.cu:2665 calls=191 total_ms=0.313 avg_us=1.639 max_us=10
   3 /opt/llama.cpp/ggml/src/ggml-cuda/ggml-cuda.cu:847 calls=150 total_ms=0.155 avg_us=1.033 max_us=3
=== END CUDA SYNC PROFILE ===
backend-sync-trace: count=20100 backend=CUDA0 caller=ggml_backend_sched_graph_compute_async_ext+0xddc

=== CUDA SYNC PROFILE (instrumentation only) ===
total_syncs = 20100
total_wait_ms = 11297.110
max_wait_us = 140882
sites = 5
wait_hist_us = logarithmic buckets
  hist[0] = 18107
  hist[1] = 1157
  hist[2] = 84
  hist[3] = 11
  hist[4] = 10
  hist[5] = 1
  hist[9] = 139
  hist[10] = 290
  hist[11] = 57
  hist[14] = 87
  hist[15] = 134
  hist[16] = 22
  hist[17] = 1
by_callsite (caller PC; symbolize with addr2line):
   0 caller=0x7bf768d5c0d2 calls=8128 total_ms=11290.165 avg_us=1389.046 max_us=140882
   1 caller=0x7bf768d6098c calls=6598 total_ms=2.697 avg_us=0.409 max_us=24
   2 caller=0x7bf768d6089c calls=2443 total_ms=2.136 avg_us=0.874 max_us=28
   3 caller=0x7bf768d5f852 calls=489 total_ms=1.113 avg_us=2.276 max_us=36
   4 caller=0x7bf768d60abd calls=2442 total_ms=0.999 avg_us=0.409 max_us=19
direct_cudaStreamSynchronize: calls=8901 total_ms=42.353 max_us=2586
by_direct_callsite (file:line):
   0 /opt/llama.cpp/ggml/src/ggml-cuda/ggml-cuda.cu:839 calls=8548 total_ms=35.989 avg_us=4.210 max_us=353
   1 /opt/llama.cpp/ggml/src/ggml-cuda/ggml-cuda.cu:900 calls=12 total_ms=5.896 avg_us=491.333 max_us=2586
   2 /opt/llama.cpp/ggml/src/ggml-cuda/ggml-cuda.cu:2665 calls=191 total_ms=0.313 avg_us=1.639 max_us=10
   3 /opt/llama.cpp/ggml/src/ggml-cuda/ggml-cuda.cu:847 calls=150 total_ms=0.155 avg_us=1.033 max_us=3
=== END CUDA SYNC PROFILE ===
backend-sync-trace: count=20200 backend=CUDA0 caller=ggml_backend_sched_synchronize+0x62

=== CUDA SYNC PROFILE (instrumentation only) ===
total_syncs = 20200
total_wait_ms = 11332.205
max_wait_us = 140882
sites = 5
wait_hist_us = logarithmic buckets
  hist[0] = 18198
  hist[1] = 1161
  hist[2] = 84
  hist[3] = 11
  hist[4] = 11
  hist[5] = 1
  hist[9] = 141
  hist[10] = 291
  hist[11] = 57
  hist[14] = 88
  hist[15] = 134
  hist[16] = 22
  hist[17] = 1
by_callsite (caller PC; symbolize with addr2line):
   0 caller=0x7bf768d5c0d2 calls=8163 total_ms=11325.210 avg_us=1387.383 max_us=140882
   1 caller=0x7bf768d6098c calls=6633 total_ms=2.708 avg_us=0.408 max_us=24
   2 caller=0x7bf768d6089c calls=2456 total_ms=2.162 avg_us=0.880 max_us=28
   3 caller=0x7bf768d5f852 calls=492 total_ms=1.119 avg_us=2.274 max_us=36
   4 caller=0x7bf768d60abd calls=2456 total_ms=1.006 avg_us=0.410 max_us=19
direct_cudaStreamSynchronize: calls=8947 total_ms=42.536 max_us=2586
by_direct_callsite (file:line):
   0 /opt/llama.cpp/ggml/src/ggml-cuda/ggml-cuda.cu:839 calls=8594 total_ms=36.172 avg_us=4.209 max_us=353
   1 /opt/llama.cpp/ggml/src/ggml-cuda/ggml-cuda.cu:900 calls=12 total_ms=5.896 avg_us=491.333 max_us=2586
   2 /opt/llama.cpp/ggml/src/ggml-cuda/ggml-cuda.cu:2665 calls=191 total_ms=0.313 avg_us=1.639 max_us=10
   3 /opt/llama.cpp/ggml/src/ggml-cuda/ggml-cuda.cu:847 calls=150 total_ms=0.155 avg_us=1.033 max_us=3
=== END CUDA SYNC PROFILE ===
backend-sync-trace: count=20300 backend=CUDA0 caller=ggml_backend_sched_synchronize+0x62

=== CUDA SYNC PROFILE (instrumentation only) ===
total_syncs = 20300
total_wait_ms = 11370.961
max_wait_us = 140882
sites = 5
wait_hist_us = logarithmic buckets
  hist[0] = 18290
  hist[1] = 1165
  hist[2] = 84
  hist[3] = 11
  hist[4] = 11
  hist[5] = 1
  hist[9] = 143
  hist[10] = 292
  hist[11] = 57
  hist[14] = 88
  hist[15] = 135
  hist[16] = 22
  hist[17] = 1
by_callsite (caller PC; symbolize with addr2line):
   0 caller=0x7bf768d5c0d2 calls=8206 total_ms=11363.939 avg_us=1384.833 max_us=140882
   1 caller=0x7bf768d6098c calls=6664 total_ms=2.719 avg_us=0.408 max_us=24
   2 caller=0x7bf768d6089c calls=2468 total_ms=2.171 avg_us=0.880 max_us=28
   3 caller=0x7bf768d5f852 calls=494 total_ms=1.123 avg_us=2.273 max_us=36
   4 caller=0x7bf768d60abd calls=2468 total_ms=1.009 avg_us=0.409 max_us=19
direct_cudaStreamSynchronize: calls=8988 total_ms=42.700 max_us=2586
by_direct_callsite (file:line):
   0 /opt/llama.cpp/ggml/src/ggml-cuda/ggml-cuda.cu:839 calls=8635 total_ms=36.336 avg_us=4.208 max_us=353
   1 /opt/llama.cpp/ggml/src/ggml-cuda/ggml-cuda.cu:900 calls=12 total_ms=5.896 avg_us=491.333 max_us=2586
   2 /opt/llama.cpp/ggml/src/ggml-cuda/ggml-cuda.cu:2665 calls=191 total_ms=0.313 avg_us=1.639 max_us=10
   3 /opt/llama.cpp/ggml/src/ggml-cuda/ggml-cuda.cu:847 calls=150 total_ms=0.155 avg_us=1.033 max_us=3
=== END CUDA SYNC PROFILE ===

=== CUDA SYNC PROFILE (instrumentation only) ===
total_syncs = 20318
total_wait_ms = 11370.970
max_wait_us = 140882
sites = 5
wait_hist_us = logarithmic buckets
  hist[0] = 18307
  hist[1] = 1166
  hist[2] = 84
  hist[3] = 11
  hist[4] = 11
  hist[5] = 1
  hist[9] = 143
  hist[10] = 292
  hist[11] = 57
  hist[14] = 88
  hist[15] = 135
  hist[16] = 22
  hist[17] = 1
by_callsite (caller PC; symbolize with addr2line):
   0 caller=0x7bf768d5c0d2 calls=8207 total_ms=11363.940 avg_us=1384.664 max_us=140882
   1 caller=0x7bf768d6098c calls=6673 total_ms=2.723 avg_us=0.408 max_us=24
   2 caller=0x7bf768d6089c calls=2472 total_ms=2.174 avg_us=0.879 max_us=28
   3 caller=0x7bf768d5f852 calls=494 total_ms=1.123 avg_us=2.273 max_us=36
   4 caller=0x7bf768d60abd calls=2472 total_ms=1.010 avg_us=0.409 max_us=19
direct_cudaStreamSynchronize: calls=9000 total_ms=42.760 max_us=2586
by_direct_callsite (file:line):
   0 /opt/llama.cpp/ggml/src/ggml-cuda/ggml-cuda.cu:839 calls=8647 total_ms=36.396 avg_us=4.209 max_us=353
   1 /opt/llama.cpp/ggml/src/ggml-cuda/ggml-cuda.cu:900 calls=12 total_ms=5.896 avg_us=491.333 max_us=2586
   2 /opt/llama.cpp/ggml/src/ggml-cuda/ggml-cuda.cu:2665 calls=191 total_ms=0.313 avg_us=1.639 max_us=10
   3 /opt/llama.cpp/ggml/src/ggml-cuda/ggml-cuda.cu:847 calls=150 total_ms=0.155 avg_us=1.033 max_us=3
=== END CUDA SYNC PROFILE ===
backend-sync-trace: count=20400 backend=CUDA0 caller=ggml_backend_sched_graph_compute_async_ext+0xecc

=== CUDA SYNC PROFILE (instrumentation only) ===
total_syncs = 20400
total_wait_ms = 11406.663
max_wait_us = 140882
sites = 5
wait_hist_us = logarithmic buckets
  hist[0] = 18384
  hist[1] = 1168
  hist[2] = 84
  hist[3] = 11
  hist[4] = 11
  hist[5] = 1
  hist[9] = 143
  hist[10] = 293
  hist[11] = 58
  hist[14] = 89
  hist[15] = 135
  hist[16] = 22
  hist[17] = 1
by_callsite (caller PC; symbolize with addr2line):
   0 caller=0x7bf768d5c0d2 calls=8244 total_ms=11399.606 avg_us=1382.776 max_us=140882
   1 caller=0x7bf768d6098c calls=6696 total_ms=2.733 avg_us=0.408 max_us=24
   2 caller=0x7bf768d6089c calls=2482 total_ms=2.180 avg_us=0.878 max_us=28
   3 caller=0x7bf768d5f852 calls=496 total_ms=1.126 avg_us=2.270 max_us=36
   4 caller=0x7bf768d60abd calls=2482 total_ms=1.018 avg_us=0.410 max_us=19
direct_cudaStreamSynchronize: calls=9030 total_ms=42.889 max_us=2586
by_direct_callsite (file:line):
   0 /opt/llama.cpp/ggml/src/ggml-cuda/ggml-cuda.cu:839 calls=8677 total_ms=36.525 avg_us=4.209 max_us=353
   1 /opt/llama.cpp/ggml/src/ggml-cuda/ggml-cuda.cu:900 calls=12 total_ms=5.896 avg_us=491.333 max_us=2586
   2 /opt/llama.cpp/ggml/src/ggml-cuda/ggml-cuda.cu:2665 calls=191 total_ms=0.313 avg_us=1.639 max_us=10
   3 /opt/llama.cpp/ggml/src/ggml-cuda/ggml-cuda.cu:847 calls=150 total_ms=0.155 avg_us=1.033 max_us=3
=== END CUDA SYNC PROFILE ===
backend-sync-trace: count=20500 backend=CUDA0 caller=ggml_backend_sched_synchronize+0x62

=== CUDA SYNC PROFILE (instrumentation only) ===
total_syncs = 20500
total_wait_ms = 11506.470
max_wait_us = 140882
sites = 5
wait_hist_us = logarithmic buckets
  hist[0] = 18477
  hist[1] = 1170
  hist[2] = 85
  hist[3] = 11
  hist[4] = 11
  hist[5] = 1
  hist[9] = 144
  hist[10] = 294
  hist[11] = 58
  hist[14] = 89
  hist[15] = 137
  hist[16] = 22
  hist[17] = 1
by_callsite (caller PC; symbolize with addr2line):
   0 caller=0x7bf768d5c0d2 calls=8276 total_ms=11499.368 avg_us=1389.484 max_us=140882
   1 caller=0x7bf768d6098c calls=6737 total_ms=2.754 avg_us=0.409 max_us=24
   2 caller=0x7bf768d6089c calls=2494 total_ms=2.187 avg_us=0.877 max_us=28
   3 caller=0x7bf768d5f852 calls=499 total_ms=1.136 avg_us=2.277 max_us=36
   4 caller=0x7bf768d60abd calls=2494 total_ms=1.025 avg_us=0.411 max_us=19
direct_cudaStreamSynchronize: calls=9081 total_ms=43.085 max_us=2586
by_direct_callsite (file:line):
   0 /opt/llama.cpp/ggml/src/ggml-cuda/ggml-cuda.cu:839 calls=8728 total_ms=36.721 avg_us=4.207 max_us=353
   1 /opt/llama.cpp/ggml/src/ggml-cuda/ggml-cuda.cu:900 calls=12 total_ms=5.896 avg_us=491.333 max_us=2586
   2 /opt/llama.cpp/ggml/src/ggml-cuda/ggml-cuda.cu:2665 calls=191 total_ms=0.313 avg_us=1.639 max_us=10
   3 /opt/llama.cpp/ggml/src/ggml-cuda/ggml-cuda.cu:847 calls=150 total_ms=0.155 avg_us=1.033 max_us=3
=== END CUDA SYNC PROFILE ===

=== CUDA SYNC PROFILE (instrumentation only) ===
total_syncs = 20553
total_wait_ms = 11508.592
max_wait_us = 140882
sites = 5
wait_hist_us = logarithmic buckets
  hist[0] = 18526
  hist[1] = 1172
  hist[2] = 85
  hist[3] = 11
  hist[4] = 11
  hist[5] = 1
  hist[9] = 145
  hist[10] = 295
  hist[11] = 58
  hist[14] = 89
  hist[15] = 137
  hist[16] = 22
  hist[17] = 1
by_callsite (caller PC; symbolize with addr2line):
   0 caller=0x7bf768d5c0d2 calls=8300 total_ms=11501.473 avg_us=1385.720 max_us=140882
   1 caller=0x7bf768d6098c calls=6749 total_ms=2.759 avg_us=0.409 max_us=24
   2 caller=0x7bf768d6089c calls=2502 total_ms=2.194 avg_us=0.877 max_us=28
   3 caller=0x7bf768d5f852 calls=500 total_ms=1.138 avg_us=2.276 max_us=36
   4 caller=0x7bf768d60abd calls=2502 total_ms=1.028 avg_us=0.411 max_us=19
direct_cudaStreamSynchronize: calls=9100 total_ms=43.170 max_us=2586
by_direct_callsite (file:line):
   0 /opt/llama.cpp/ggml/src/ggml-cuda/ggml-cuda.cu:839 calls=8747 total_ms=36.806 avg_us=4.208 max_us=353
   1 /opt/llama.cpp/ggml/src/ggml-cuda/ggml-cuda.cu:900 calls=12 total_ms=5.896 avg_us=491.333 max_us=2586
   2 /opt/llama.cpp/ggml/src/ggml-cuda/ggml-cuda.cu:2665 calls=191 total_ms=0.313 avg_us=1.639 max_us=10
   3 /opt/llama.cpp/ggml/src/ggml-cuda/ggml-cuda.cu:847 calls=150 total_ms=0.155 avg_us=1.033 max_us=3
=== END CUDA SYNC PROFILE ===
backend-sync-trace: count=20600 backend=CUDA0 caller=ggml_backend_sched_graph_compute_async_ext+0xddc

=== CUDA SYNC PROFILE (instrumentation only) ===
total_syncs = 20600
total_wait_ms = 11543.960
max_wait_us = 140882
sites = 5
wait_hist_us = logarithmic buckets
  hist[0] = 18570
  hist[1] = 1174
  hist[2] = 85
  hist[3] = 11
  hist[4] = 11
  hist[5] = 1
  hist[9] = 145
  hist[10] = 295
  hist[11] = 58
  hist[14] = 89
  hist[15] = 138
  hist[16] = 22
  hist[17] = 1
by_callsite (caller PC; symbolize with addr2line):
   0 caller=0x7bf768d5c0d2 calls=8323 total_ms=11536.827 avg_us=1386.138 max_us=140882
   1 caller=0x7bf768d6098c calls=6764 total_ms=2.765 avg_us=0.409 max_us=24
   2 caller=0x7bf768d6089c calls=2506 total_ms=2.198 avg_us=0.877 max_us=28
   3 caller=0x7bf768d5f852 calls=502 total_ms=1.142 avg_us=2.275 max_us=36
   4 caller=0x7bf768d60abd calls=2505 total_ms=1.028 avg_us=0.410 max_us=19
direct_cudaStreamSynchronize: calls=9117 total_ms=43.230 max_us=2586
by_direct_callsite (file:line):
   0 /opt/llama.cpp/ggml/src/ggml-cuda/ggml-cuda.cu:839 calls=8764 total_ms=36.866 avg_us=4.207 max_us=353
   1 /opt/llama.cpp/ggml/src/ggml-cuda/ggml-cuda.cu:900 calls=12 total_ms=5.896 avg_us=491.333 max_us=2586
   2 /opt/llama.cpp/ggml/src/ggml-cuda/ggml-cuda.cu:2665 calls=191 total_ms=0.313 avg_us=1.639 max_us=10
   3 /opt/llama.cpp/ggml/src/ggml-cuda/ggml-cuda.cu:847 calls=150 total_ms=0.155 avg_us=1.033 max_us=3
=== END CUDA SYNC PROFILE ===
backend-sync-trace: count=20700 backend=CUDA0 caller=ggml_backend_sched_synchronize+0x62

=== CUDA SYNC PROFILE (instrumentation only) ===
total_syncs = 20700
total_wait_ms = 11580.309
max_wait_us = 140882
sites = 5
wait_hist_us = logarithmic buckets
  hist[0] = 18662
  hist[1] = 1177
  hist[2] = 85
  hist[3] = 11
  hist[4] = 11
  hist[5] = 1
  hist[9] = 147
  hist[10] = 297
  hist[11] = 58
  hist[14] = 90
  hist[15] = 138
  hist[16] = 22
  hist[17] = 1
by_callsite (caller PC; symbolize with addr2line):
   0 caller=0x7bf768d5c0d2 calls=8361 total_ms=11573.147 avg_us=1384.182 max_us=140882
   1 caller=0x7bf768d6098c calls=6799 total_ms=2.780 avg_us=0.409 max_us=24
   2 caller=0x7bf768d6089c calls=2518 total_ms=2.206 avg_us=0.876 max_us=28
   3 caller=0x7bf768d5f852 calls=504 total_ms=1.146 avg_us=2.274 max_us=36
   4 caller=0x7bf768d60abd calls=2518 total_ms=1.030 avg_us=0.409 max_us=19
direct_cudaStreamSynchronize: calls=9163 total_ms=43.404 max_us=2586
by_direct_callsite (file:line):
   0 /opt/llama.cpp/ggml/src/ggml-cuda/ggml-cuda.cu:839 calls=8810 total_ms=37.040 avg_us=4.204 max_us=353
   1 /opt/llama.cpp/ggml/src/ggml-cuda/ggml-cuda.cu:900 calls=12 total_ms=5.896 avg_us=491.333 max_us=2586
   2 /opt/llama.cpp/ggml/src/ggml-cuda/ggml-cuda.cu:2665 calls=191 total_ms=0.313 avg_us=1.639 max_us=10
   3 /opt/llama.cpp/ggml/src/ggml-cuda/ggml-cuda.cu:847 calls=150 total_ms=0.155 avg_us=1.033 max_us=3
=== END CUDA SYNC PROFILE ===

=== CUDA SYNC PROFILE (instrumentation only) ===
total_syncs = 20785
total_wait_ms = 11622.131
max_wait_us = 140882
sites = 5
wait_hist_us = logarithmic buckets
  hist[0] = 18740
  hist[1] = 1181
  hist[2] = 85
  hist[3] = 11
  hist[4] = 11
  hist[5] = 1
  hist[9] = 147
  hist[10] = 298
  hist[11] = 59
  hist[14] = 90
  hist[15] = 139
  hist[16] = 22
  hist[17] = 1
by_callsite (caller PC; symbolize with addr2line):
   0 caller=0x7bf768d5c0d2 calls=8393 total_ms=11614.944 avg_us=1383.885 max_us=140882
   1 caller=0x7bf768d6098c calls=6826 total_ms=2.788 avg_us=0.408 max_us=24
   2 caller=0x7bf768d6089c calls=2530 total_ms=2.218 avg_us=0.877 max_us=28
   3 caller=0x7bf768d5f852 calls=506 total_ms=1.149 avg_us=2.271 max_us=36
   4 caller=0x7bf768d60abd calls=2530 total_ms=1.032 avg_us=0.408 max_us=19
direct_cudaStreamSynchronize: calls=9200 total_ms=43.555 max_us=2586
by_direct_callsite (file:line):
   0 /opt/llama.cpp/ggml/src/ggml-cuda/ggml-cuda.cu:839 calls=8847 total_ms=37.191 avg_us=4.204 max_us=353
   1 /opt/llama.cpp/ggml/src/ggml-cuda/ggml-cuda.cu:900 calls=12 total_ms=5.896 avg_us=491.333 max_us=2586
   2 /opt/llama.cpp/ggml/src/ggml-cuda/ggml-cuda.cu:2665 calls=191 total_ms=0.313 avg_us=1.639 max_us=10
   3 /opt/llama.cpp/ggml/src/ggml-cuda/ggml-cuda.cu:847 calls=150 total_ms=0.155 avg_us=1.033 max_us=3
=== END CUDA SYNC PROFILE ===
backend-sync-trace: count=20800 backend=CUDA0 caller=ggml_backend_sched_graph_compute_async_ext+0xecc

=== CUDA SYNC PROFILE (instrumentation only) ===
total_syncs = 20800
total_wait_ms = 11622.137
max_wait_us = 140882
sites = 5
wait_hist_us = logarithmic buckets
  hist[0] = 18755
  hist[1] = 1181
  hist[2] = 85
  hist[3] = 11
  hist[4] = 11
  hist[5] = 1
  hist[9] = 147
  hist[10] = 298
  hist[11] = 59
  hist[14] = 90
  hist[15] = 139
  hist[16] = 22
  hist[17] = 1
by_callsite (caller PC; symbolize with addr2line):
   0 caller=0x7bf768d5c0d2 calls=8393 total_ms=11614.944 avg_us=1383.885 max_us=140882
   1 caller=0x7bf768d6098c calls=6837 total_ms=2.793 avg_us=0.409 max_us=24
   2 caller=0x7bf768d6089c calls=2532 total_ms=2.218 avg_us=0.876 max_us=28
   3 caller=0x7bf768d5f852 calls=506 total_ms=1.149 avg_us=2.271 max_us=36
   4 caller=0x7bf768d60abd calls=2532 total_ms=1.033 avg_us=0.408 max_us=19
direct_cudaStreamSynchronize: calls=9211 total_ms=43.608 max_us=2586
by_direct_callsite (file:line):
   0 /opt/llama.cpp/ggml/src/ggml-cuda/ggml-cuda.cu:839 calls=8858 total_ms=37.244 avg_us=4.205 max_us=353
   1 /opt/llama.cpp/ggml/src/ggml-cuda/ggml-cuda.cu:900 calls=12 total_ms=5.896 avg_us=491.333 max_us=2586
   2 /opt/llama.cpp/ggml/src/ggml-cuda/ggml-cuda.cu:2665 calls=191 total_ms=0.313 avg_us=1.639 max_us=10
   3 /opt/llama.cpp/ggml/src/ggml-cuda/ggml-cuda.cu:847 calls=150 total_ms=0.155 avg_us=1.033 max_us=3
=== END CUDA SYNC PROFILE ===
backend-sync-trace: count=20900 backend=CUDA0 caller=ggml_backend_sched_synchronize+0x62

=== CUDA SYNC PROFILE (instrumentation only) ===
total_syncs = 20900
total_wait_ms = 11682.506
max_wait_us = 140882
sites = 5
wait_hist_us = logarithmic buckets
  hist[0] = 18847
  hist[1] = 1185
  hist[2] = 85
  hist[3] = 11
  hist[4] = 11
  hist[5] = 1
  hist[9] = 147
  hist[10] = 300
  hist[11] = 59
  hist[14] = 92
  hist[15] = 139
  hist[16] = 22
  hist[17] = 1
by_callsite (caller PC; symbolize with addr2line):
   0 caller=0x7bf768d5c0d2 calls=8431 total_ms=11675.279 avg_us=1384.804 max_us=140882
   1 caller=0x7bf768d6098c calls=6872 total_ms=2.807 avg_us=0.408 max_us=24
   2 caller=0x7bf768d6089c calls=2544 total_ms=2.229 avg_us=0.876 max_us=28
   3 caller=0x7bf768d5f852 calls=509 total_ms=1.155 avg_us=2.269 max_us=36
   4 caller=0x7bf768d60abd calls=2544 total_ms=1.036 avg_us=0.407 max_us=19
direct_cudaStreamSynchronize: calls=9256 total_ms=43.790 max_us=2586
by_direct_callsite (file:line):
   0 /opt/llama.cpp/ggml/src/ggml-cuda/ggml-cuda.cu:839 calls=8903 total_ms=37.426 avg_us=4.204 max_us=353
   1 /opt/llama.cpp/ggml/src/ggml-cuda/ggml-cuda.cu:900 calls=12 total_ms=5.896 avg_us=491.333 max_us=2586
   2 /opt/llama.cpp/ggml/src/ggml-cuda/ggml-cuda.cu:2665 calls=191 total_ms=0.313 avg_us=1.639 max_us=10
   3 /opt/llama.cpp/ggml/src/ggml-cuda/ggml-cuda.cu:847 calls=150 total_ms=0.155 avg_us=1.033 max_us=3
=== END CUDA SYNC PROFILE ===
backend-sync-trace: count=21000 backend=CUDA0 caller=ggml_backend_sched_synchronize+0x62

=== CUDA SYNC PROFILE (instrumentation only) ===
total_syncs = 21000
total_wait_ms = 11718.853
max_wait_us = 140882
sites = 5
wait_hist_us = logarithmic buckets
  hist[0] = 18937
  hist[1] = 1191
  hist[2] = 85
  hist[3] = 11
  hist[4] = 11
  hist[5] = 1
  hist[9] = 148
  hist[10] = 302
  hist[11] = 59
  hist[14] = 93
  hist[15] = 139
  hist[16] = 22
  hist[17] = 1
by_callsite (caller PC; symbolize with addr2line):
   0 caller=0x7bf768d5c0d2 calls=8473 total_ms=11711.598 avg_us=1382.226 max_us=140882
   1 caller=0x7bf768d6098c calls=6903 total_ms=2.816 avg_us=0.408 max_us=24
   2 caller=0x7bf768d6089c calls=2556 total_ms=2.237 avg_us=0.875 max_us=28
   3 caller=0x7bf768d5f852 calls=512 total_ms=1.161 avg_us=2.268 max_us=36
   4 caller=0x7bf768d60abd calls=2556 total_ms=1.041 avg_us=0.407 max_us=19
direct_cudaStreamSynchronize: calls=9297 total_ms=43.953 max_us=2586
by_direct_callsite (file:line):
   0 /opt/llama.cpp/ggml/src/ggml-cuda/ggml-cuda.cu:839 calls=8944 total_ms=37.589 avg_us=4.203 max_us=353
   1 /opt/llama.cpp/ggml/src/ggml-cuda/ggml-cuda.cu:900 calls=12 total_ms=5.896 avg_us=491.333 max_us=2586
   2 /opt/llama.cpp/ggml/src/ggml-cuda/ggml-cuda.cu:2665 calls=191 total_ms=0.313 avg_us=1.639 max_us=10
   3 /opt/llama.cpp/ggml/src/ggml-cuda/ggml-cuda.cu:847 calls=150 total_ms=0.155 avg_us=1.033 max_us=3
=== END CUDA SYNC PROFILE ===

=== CUDA SYNC PROFILE (instrumentation only) ===
total_syncs = 21011
total_wait_ms = 11718.859
max_wait_us = 140882
sites = 5
wait_hist_us = logarithmic buckets
  hist[0] = 18947
  hist[1] = 1192
  hist[2] = 85
  hist[3] = 11
  hist[4] = 11
  hist[5] = 1
  hist[9] = 148
  hist[10] = 302
  hist[11] = 59
  hist[14] = 93
  hist[15] = 139
  hist[16] = 22
  hist[17] = 1
by_callsite (caller PC; symbolize with addr2line):
   0 caller=0x7bf768d5c0d2 calls=8479 total_ms=11711.602 avg_us=1381.248 max_us=140882
   1 caller=0x7bf768d6098c calls=6904 total_ms=2.816 avg_us=0.408 max_us=24
   2 caller=0x7bf768d6089c calls=2558 total_ms=2.239 avg_us=0.875 max_us=28
   3 caller=0x7bf768d5f852 calls=512 total_ms=1.161 avg_us=2.268 max_us=36
   4 caller=0x7bf768d60abd calls=2558 total_ms=1.041 avg_us=0.407 max_us=19
direct_cudaStreamSynchronize: calls=9300 total_ms=43.965 max_us=2586
by_direct_callsite (file:line):
   0 /opt/llama.cpp/ggml/src/ggml-cuda/ggml-cuda.cu:839 calls=8947 total_ms=37.601 avg_us=4.203 max_us=353
   1 /opt/llama.cpp/ggml/src/ggml-cuda/ggml-cuda.cu:900 calls=12 total_ms=5.896 avg_us=491.333 max_us=2586
   2 /opt/llama.cpp/ggml/src/ggml-cuda/ggml-cuda.cu:2665 calls=191 total_ms=0.313 avg_us=1.639 max_us=10
   3 /opt/llama.cpp/ggml/src/ggml-cuda/ggml-cuda.cu:847 calls=150 total_ms=0.155 avg_us=1.033 max_us=3
=== END CUDA SYNC PROFILE ===
backend-sync-trace: count=21100 backend=CUDA0 caller=ggml_backend_sched_graph_compute_async_ext+0xddc

=== CUDA SYNC PROFILE (instrumentation only) ===
total_syncs = 21100
total_wait_ms = 11751.670
max_wait_us = 140882
sites = 5
wait_hist_us = logarithmic buckets
  hist[0] = 19026
  hist[1] = 1197
  hist[2] = 85
  hist[3] = 11
  hist[4] = 12
  hist[5] = 1
  hist[9] = 149
  hist[10] = 304
  hist[11] = 59
  hist[14] = 94
  hist[15] = 139
  hist[16] = 22
  hist[17] = 1
by_callsite (caller PC; symbolize with addr2line):
   0 caller=0x7bf768d5c0d2 calls=8511 total_ms=11744.376 avg_us=1379.906 max_us=140882
   1 caller=0x7bf768d6098c calls=6934 total_ms=2.832 avg_us=0.408 max_us=24
   2 caller=0x7bf768d6089c calls=2571 total_ms=2.254 avg_us=0.877 max_us=28
   3 caller=0x7bf768d5f852 calls=514 total_ms=1.165 avg_us=2.267 max_us=36
   4 caller=0x7bf768d60abd calls=2570 total_ms=1.043 avg_us=0.406 max_us=19
direct_cudaStreamSynchronize: calls=9340 total_ms=44.127 max_us=2586
by_direct_callsite (file:line):
   0 /opt/llama.cpp/ggml/src/ggml-cuda/ggml-cuda.cu:839 calls=8987 total_ms=37.763 avg_us=4.202 max_us=353
   1 /opt/llama.cpp/ggml/src/ggml-cuda/ggml-cuda.cu:900 calls=12 total_ms=5.896 avg_us=491.333 max_us=2586
   2 /opt/llama.cpp/ggml/src/ggml-cuda/ggml-cuda.cu:2665 calls=191 total_ms=0.313 avg_us=1.639 max_us=10
   3 /opt/llama.cpp/ggml/src/ggml-cuda/ggml-cuda.cu:847 calls=150 total_ms=0.155 avg_us=1.033 max_us=3
=== END CUDA SYNC PROFILE ===
backend-sync-trace: count=21200 backend=CUDA0 caller=ggml_backend_sched_graph_compute_async_ext+0xecc

=== CUDA SYNC PROFILE (instrumentation only) ===
total_syncs = 21200
total_wait_ms = 11787.076
max_wait_us = 140882
sites = 5
wait_hist_us = logarithmic buckets
  hist[0] = 19120
  hist[1] = 1200
  hist[2] = 85
  hist[3] = 11
  hist[4] = 12
  hist[5] = 1
  hist[9] = 151
  hist[10] = 304
  hist[11] = 59
  hist[14] = 94
  hist[15] = 140
  hist[16] = 22
  hist[17] = 1
by_callsite (caller PC; symbolize with addr2line):
   0 caller=0x7bf768d5c0d2 calls=8548 total_ms=11779.749 avg_us=1378.071 max_us=140882
   1 caller=0x7bf768d6098c calls=6972 total_ms=2.848 avg_us=0.408 max_us=24
   2 caller=0x7bf768d6089c calls=2582 total_ms=2.262 avg_us=0.876 max_us=28
   3 caller=0x7bf768d5f852 calls=516 total_ms=1.168 avg_us=2.264 max_us=36
   4 caller=0x7bf768d60abd calls=2582 total_ms=1.049 avg_us=0.406 max_us=19
direct_cudaStreamSynchronize: calls=9386 total_ms=44.316 max_us=2586
by_direct_callsite (file:line):
   0 /opt/llama.cpp/ggml/src/ggml-cuda/ggml-cuda.cu:839 calls=9033 total_ms=37.952 avg_us=4.201 max_us=353
   1 /opt/llama.cpp/ggml/src/ggml-cuda/ggml-cuda.cu:900 calls=12 total_ms=5.896 avg_us=491.333 max_us=2586
   2 /opt/llama.cpp/ggml/src/ggml-cuda/ggml-cuda.cu:2665 calls=191 total_ms=0.313 avg_us=1.639 max_us=10
   3 /opt/llama.cpp/ggml/src/ggml-cuda/ggml-cuda.cu:847 calls=150 total_ms=0.155 avg_us=1.033 max_us=3
=== END CUDA SYNC PROFILE ===

=== CUDA SYNC PROFILE (instrumentation only) ===
total_syncs = 21243
total_wait_ms = 11815.977
max_wait_us = 140882
sites = 5
wait_hist_us = logarithmic buckets
  hist[0] = 19161
  hist[1] = 1201
  hist[2] = 85
  hist[3] = 11
  hist[4] = 12
  hist[5] = 1
  hist[9] = 151
  hist[10] = 304
  hist[11] = 59
  hist[14] = 95
  hist[15] = 140
  hist[16] = 22
  hist[17] = 1
by_callsite (caller PC; symbolize with addr2line):
   0 caller=0x7bf768d5c0d2 calls=8571 total_ms=11808.639 avg_us=1377.743 max_us=140882
   1 caller=0x7bf768d6098c calls=6982 total_ms=2.854 avg_us=0.409 max_us=24
   2 caller=0x7bf768d6089c calls=2586 total_ms=2.264 avg_us=0.875 max_us=28
   3 caller=0x7bf768d5f852 calls=518 total_ms=1.171 avg_us=2.261 max_us=36
   4 caller=0x7bf768d60abd calls=2586 total_ms=1.049 avg_us=0.406 max_us=19
direct_cudaStreamSynchronize: calls=9400 total_ms=44.370 max_us=2586
by_direct_callsite (file:line):
   0 /opt/llama.cpp/ggml/src/ggml-cuda/ggml-cuda.cu:839 calls=9047 total_ms=38.006 avg_us=4.201 max_us=353
   1 /opt/llama.cpp/ggml/src/ggml-cuda/ggml-cuda.cu:900 calls=12 total_ms=5.896 avg_us=491.333 max_us=2586
   2 /opt/llama.cpp/ggml/src/ggml-cuda/ggml-cuda.cu:2665 calls=191 total_ms=0.313 avg_us=1.639 max_us=10
   3 /opt/llama.cpp/ggml/src/ggml-cuda/ggml-cuda.cu:847 calls=150 total_ms=0.155 avg_us=1.033 max_us=3
=== END CUDA SYNC PROFILE ===
backend-sync-trace: count=21300 backend=CUDA0 caller=ggml_backend_sched_graph_compute_async_ext+0xecc

=== CUDA SYNC PROFILE (instrumentation only) ===
total_syncs = 21300
total_wait_ms = 11862.587
max_wait_us = 140882
sites = 5
wait_hist_us = logarithmic buckets
  hist[0] = 19212
  hist[1] = 1204
  hist[2] = 85
  hist[3] = 11
  hist[4] = 12
  hist[5] = 1
  hist[9] = 151
  hist[10] = 306
  hist[11] = 59
  hist[14] = 95
  hist[15] = 141
  hist[16] = 22
  hist[17] = 1
by_callsite (caller PC; symbolize with addr2line):
   0 caller=0x7bf768d5c0d2 calls=8587 total_ms=11855.228 avg_us=1380.602 max_us=140882
   1 caller=0x7bf768d6098c calls=7006 total_ms=2.862 avg_us=0.409 max_us=24
   2 caller=0x7bf768d6089c calls=2594 total_ms=2.271 avg_us=0.875 max_us=28
   3 caller=0x7bf768d5f852 calls=519 total_ms=1.173 avg_us=2.260 max_us=36
   4 caller=0x7bf768d60abd calls=2594 total_ms=1.053 avg_us=0.406 max_us=19
direct_cudaStreamSynchronize: calls=9430 total_ms=44.494 max_us=2586
by_direct_callsite (file:line):
   0 /opt/llama.cpp/ggml/src/ggml-cuda/ggml-cuda.cu:839 calls=9077 total_ms=38.130 avg_us=4.201 max_us=353
   1 /opt/llama.cpp/ggml/src/ggml-cuda/ggml-cuda.cu:900 calls=12 total_ms=5.896 avg_us=491.333 max_us=2586
   2 /opt/llama.cpp/ggml/src/ggml-cuda/ggml-cuda.cu:2665 calls=191 total_ms=0.313 avg_us=1.639 max_us=10
   3 /opt/llama.cpp/ggml/src/ggml-cuda/ggml-cuda.cu:847 calls=150 total_ms=0.155 avg_us=1.033 max_us=3
=== END CUDA SYNC PROFILE ===
backend-sync-trace: count=21400 backend=CUDA0 caller=ggml_backend_sched_graph_compute_async_ext+0xddc

=== CUDA SYNC PROFILE (instrumentation only) ===
total_syncs = 21400
total_wait_ms = 11920.601
max_wait_us = 140882
sites = 5
wait_hist_us = logarithmic buckets
  hist[0] = 19304
  hist[1] = 1209
  hist[2] = 85
  hist[3] = 11
  hist[4] = 12
  hist[5] = 1
  hist[9] = 151
  hist[10] = 308
  hist[11] = 59
  hist[14] = 95
  hist[15] = 142
  hist[16] = 22
  hist[17] = 1
by_callsite (caller PC; symbolize with addr2line):
   0 caller=0x7bf768d5c0d2 calls=8633 total_ms=11913.211 avg_us=1379.962 max_us=140882
   1 caller=0x7bf768d6098c calls=7034 total_ms=2.872 avg_us=0.408 max_us=24
   2 caller=0x7bf768d6089c calls=2606 total_ms=2.283 avg_us=0.876 max_us=28
   3 caller=0x7bf768d5f852 calls=522 total_ms=1.179 avg_us=2.259 max_us=36
   4 caller=0x7bf768d60abd calls=2605 total_ms=1.056 avg_us=0.405 max_us=19
direct_cudaStreamSynchronize: calls=9467 total_ms=44.640 max_us=2586
by_direct_callsite (file:line):
   0 /opt/llama.cpp/ggml/src/ggml-cuda/ggml-cuda.cu:839 calls=9114 total_ms=38.276 avg_us=4.200 max_us=353
   1 /opt/llama.cpp/ggml/src/ggml-cuda/ggml-cuda.cu:900 calls=12 total_ms=5.896 avg_us=491.333 max_us=2586
   2 /opt/llama.cpp/ggml/src/ggml-cuda/ggml-cuda.cu:2665 calls=191 total_ms=0.313 avg_us=1.639 max_us=10
   3 /opt/llama.cpp/ggml/src/ggml-cuda/ggml-cuda.cu:847 calls=150 total_ms=0.155 avg_us=1.033 max_us=3
=== END CUDA SYNC PROFILE ===

=== CUDA SYNC PROFILE (instrumentation only) ===
total_syncs = 21459
total_wait_ms = 11992.458
max_wait_us = 140882
sites = 5
wait_hist_us = logarithmic buckets
  hist[0] = 19358
  hist[1] = 1211
  hist[2] = 85
  hist[3] = 11
  hist[4] = 12
  hist[5] = 1
  hist[9] = 151
  hist[10] = 310
  hist[11] = 59
  hist[14] = 95
  hist[15] = 142
  hist[16] = 23
  hist[17] = 1
by_callsite (caller PC; symbolize with addr2line):
   0 caller=0x7bf768d5c0d2 calls=8649 total_ms=11985.048 avg_us=1385.715 max_us=140882
   1 caller=0x7bf768d6098c calls=7059 total_ms=2.880 avg_us=0.408 max_us=24
   2 caller=0x7bf768d6089c calls=2614 total_ms=2.290 avg_us=0.876 max_us=28
   3 caller=0x7bf768d5f852 calls=523 total_ms=1.181 avg_us=2.258 max_us=36
   4 caller=0x7bf768d60abd calls=2614 total_ms=1.059 avg_us=0.405 max_us=19
direct_cudaStreamSynchronize: calls=9500 total_ms=44.776 max_us=2586
by_direct_callsite (file:line):
   0 /opt/llama.cpp/ggml/src/ggml-cuda/ggml-cuda.cu:839 calls=9147 total_ms=38.412 avg_us=4.199 max_us=353
   1 /opt/llama.cpp/ggml/src/ggml-cuda/ggml-cuda.cu:900 calls=12 total_ms=5.896 avg_us=491.333 max_us=2586
   2 /opt/llama.cpp/ggml/src/ggml-cuda/ggml-cuda.cu:2665 calls=191 total_ms=0.313 avg_us=1.639 max_us=10
   3 /opt/llama.cpp/ggml/src/ggml-cuda/ggml-cuda.cu:847 calls=150 total_ms=0.155 avg_us=1.033 max_us=3
=== END CUDA SYNC PROFILE ===
backend-sync-trace: count=21500 backend=CUDA0 caller=ggml_backend_sched_graph_compute_async_ext+0xffd

=== CUDA SYNC PROFILE (instrumentation only) ===
total_syncs = 21500
total_wait_ms = 11993.925
max_wait_us = 140882
sites = 5
wait_hist_us = logarithmic buckets
  hist[0] = 19396
  hist[1] = 1213
  hist[2] = 85
  hist[3] = 11
  hist[4] = 12
  hist[5] = 1
  hist[9] = 151
  hist[10] = 311
  hist[11] = 59
  hist[14] = 95
  hist[15] = 142
  hist[16] = 23
  hist[17] = 1
by_callsite (caller PC; symbolize with addr2line):
   0 caller=0x7bf768d5c0d2 calls=8677 total_ms=11986.507 avg_us=1381.411 max_us=140882
   1 caller=0x7bf768d6098c calls=7065 total_ms=2.882 avg_us=0.408 max_us=24
   2 caller=0x7bf768d6089c calls=2617 total_ms=2.294 avg_us=0.877 max_us=28
   3 caller=0x7bf768d5f852 calls=524 total_ms=1.183 avg_us=2.258 max_us=36
   4 caller=0x7bf768d60abd calls=2617 total_ms=1.059 avg_us=0.405 max_us=19
direct_cudaStreamSynchronize: calls=9507 total_ms=44.797 max_us=2586
by_direct_callsite (file:line):
   0 /opt/llama.cpp/ggml/src/ggml-cuda/ggml-cuda.cu:839 calls=9154 total_ms=38.433 avg_us=4.198 max_us=353
   1 /opt/llama.cpp/ggml/src/ggml-cuda/ggml-cuda.cu:900 calls=12 total_ms=5.896 avg_us=491.333 max_us=2586
   2 /opt/llama.cpp/ggml/src/ggml-cuda/ggml-cuda.cu:2665 calls=191 total_ms=0.313 avg_us=1.639 max_us=10
   3 /opt/llama.cpp/ggml/src/ggml-cuda/ggml-cuda.cu:847 calls=150 total_ms=0.155 avg_us=1.033 max_us=3
=== END CUDA SYNC PROFILE ===
backend-sync-trace: count=21600 backend=CUDA0 caller=ggml_backend_sched_graph_compute_async_ext+0xddc

=== CUDA SYNC PROFILE (instrumentation only) ===
total_syncs = 21600
total_wait_ms = 12047.284
max_wait_us = 140882
sites = 5
wait_hist_us = logarithmic buckets
  hist[0] = 19488
  hist[1] = 1217
  hist[2] = 85
  hist[3] = 11
  hist[4] = 12
  hist[5] = 1
  hist[9] = 151
  hist[10] = 313
  hist[11] = 60
  hist[14] = 95
  hist[15] = 143
  hist[16] = 23
  hist[17] = 1
by_callsite (caller PC; symbolize with addr2line):
   0 caller=0x7bf768d5c0d2 calls=8715 total_ms=12039.829 avg_us=1381.506 max_us=140882
   1 caller=0x7bf768d6098c calls=7096 total_ms=2.897 avg_us=0.408 max_us=24
   2 caller=0x7bf768d6089c calls=2632 total_ms=2.307 avg_us=0.877 max_us=28
   3 caller=0x7bf768d5f852 calls=526 total_ms=1.187 avg_us=2.257 max_us=36
   4 caller=0x7bf768d60abd calls=2631 total_ms=1.064 avg_us=0.404 max_us=19
direct_cudaStreamSynchronize: calls=9550 total_ms=44.962 max_us=2586
by_direct_callsite (file:line):
   0 /opt/llama.cpp/ggml/src/ggml-cuda/ggml-cuda.cu:839 calls=9197 total_ms=38.598 avg_us=4.197 max_us=353
   1 /opt/llama.cpp/ggml/src/ggml-cuda/ggml-cuda.cu:900 calls=12 total_ms=5.896 avg_us=491.333 max_us=2586
   2 /opt/llama.cpp/ggml/src/ggml-cuda/ggml-cuda.cu:2665 calls=191 total_ms=0.313 avg_us=1.639 max_us=10
   3 /opt/llama.cpp/ggml/src/ggml-cuda/ggml-cuda.cu:847 calls=150 total_ms=0.155 avg_us=1.033 max_us=3
=== END CUDA SYNC PROFILE ===
backend-sync-trace: count=21700 backend=CUDA0 caller=ggml_backend_sched_graph_compute_async_ext+0xecc

=== CUDA SYNC PROFILE (instrumentation only) ===
total_syncs = 21700
total_wait_ms = 12129.300
max_wait_us = 140882
sites = 5
wait_hist_us = logarithmic buckets
  hist[0] = 19582
  hist[1] = 1220
  hist[2] = 85
  hist[3] = 11
  hist[4] = 12
  hist[5] = 1
  hist[9] = 151
  hist[10] = 315
  hist[11] = 60
  hist[14] = 95
  hist[15] = 143
  hist[16] = 24
  hist[17] = 1
by_callsite (caller PC; symbolize with addr2line):
   0 caller=0x7bf768d5c0d2 calls=8752 total_ms=12121.821 avg_us=1385.034 max_us=140882
   1 caller=0x7bf768d6098c calls=7136 total_ms=2.907 avg_us=0.407 max_us=24
   2 caller=0x7bf768d6089c calls=2642 total_ms=2.314 avg_us=0.876 max_us=28
   3 caller=0x7bf768d5f852 calls=528 total_ms=1.191 avg_us=2.256 max_us=36
   4 caller=0x7bf768d60abd calls=2642 total_ms=1.067 avg_us=0.404 max_us=19
direct_cudaStreamSynchronize: calls=9598 total_ms=45.161 max_us=2586
by_direct_callsite (file:line):
   0 /opt/llama.cpp/ggml/src/ggml-cuda/ggml-cuda.cu:839 calls=9245 total_ms=38.797 avg_us=4.197 max_us=353
   1 /opt/llama.cpp/ggml/src/ggml-cuda/ggml-cuda.cu:900 calls=12 total_ms=5.896 avg_us=491.333 max_us=2586
   2 /opt/llama.cpp/ggml/src/ggml-cuda/ggml-cuda.cu:2665 calls=191 total_ms=0.313 avg_us=1.639 max_us=10
   3 /opt/llama.cpp/ggml/src/ggml-cuda/ggml-cuda.cu:847 calls=150 total_ms=0.155 avg_us=1.033 max_us=3
=== END CUDA SYNC PROFILE ===

=== CUDA SYNC PROFILE (instrumentation only) ===
total_syncs = 21701
total_wait_ms = 12129.300
max_wait_us = 140882
sites = 5
wait_hist_us = logarithmic buckets
  hist[0] = 19583
  hist[1] = 1220
  hist[2] = 85
  hist[3] = 11
  hist[4] = 12
  hist[5] = 1
  hist[9] = 151
  hist[10] = 315
  hist[11] = 60
  hist[14] = 95
  hist[15] = 143
  hist[16] = 24
  hist[17] = 1
by_callsite (caller PC; symbolize with addr2line):
   0 caller=0x7bf768d5c0d2 calls=8752 total_ms=12121.821 avg_us=1385.034 max_us=140882
   1 caller=0x7bf768d6098c calls=7137 total_ms=2.907 avg_us=0.407 max_us=24
   2 caller=0x7bf768d6089c calls=2642 total_ms=2.314 avg_us=0.876 max_us=28
   3 caller=0x7bf768d5f852 calls=528 total_ms=1.191 avg_us=2.256 max_us=36
   4 caller=0x7bf768d60abd calls=2642 total_ms=1.067 avg_us=0.404 max_us=19
direct_cudaStreamSynchronize: calls=9600 total_ms=45.166 max_us=2586
by_direct_callsite (file:line):
   0 /opt/llama.cpp/ggml/src/ggml-cuda/ggml-cuda.cu:839 calls=9247 total_ms=38.802 avg_us=4.196 max_us=353
   1 /opt/llama.cpp/ggml/src/ggml-cuda/ggml-cuda.cu:900 calls=12 total_ms=5.896 avg_us=491.333 max_us=2586
   2 /opt/llama.cpp/ggml/src/ggml-cuda/ggml-cuda.cu:2665 calls=191 total_ms=0.313 avg_us=1.639 max_us=10
   3 /opt/llama.cpp/ggml/src/ggml-cuda/ggml-cuda.cu:847 calls=150 total_ms=0.155 avg_us=1.033 max_us=3
=== END CUDA SYNC PROFILE ===
backend-sync-trace: count=21800 backend=CUDA0 caller=ggml_backend_sched_synchronize+0x62

=== CUDA SYNC PROFILE (instrumentation only) ===
total_syncs = 21800
total_wait_ms = 12241.402
max_wait_us = 140882
sites = 5
wait_hist_us = logarithmic buckets
  hist[0] = 19675
  hist[1] = 1223
  hist[2] = 85
  hist[3] = 11
  hist[4] = 12
  hist[5] = 1
  hist[9] = 151
  hist[10] = 317
  hist[11] = 60
  hist[14] = 95
  hist[15] = 145
  hist[16] = 24
  hist[17] = 1
by_callsite (caller PC; symbolize with addr2line):
   0 caller=0x7bf768d5c0d2 calls=8792 total_ms=12233.893 avg_us=1391.480 max_us=140882
   1 caller=0x7bf768d6098c calls=7169 total_ms=2.919 avg_us=0.407 max_us=24
   2 caller=0x7bf768d6089c calls=2654 total_ms=2.321 avg_us=0.875 max_us=28
   3 caller=0x7bf768d5f852 calls=531 total_ms=1.195 avg_us=2.250 max_us=36
   4 caller=0x7bf768d60abd calls=2654 total_ms=1.074 avg_us=0.405 max_us=19
direct_cudaStreamSynchronize: calls=9641 total_ms=45.335 max_us=2586
by_direct_callsite (file:line):
   0 /opt/llama.cpp/ggml/src/ggml-cuda/ggml-cuda.cu:839 calls=9288 total_ms=38.971 avg_us=4.196 max_us=353
   1 /opt/llama.cpp/ggml/src/ggml-cuda/ggml-cuda.cu:900 calls=12 total_ms=5.896 avg_us=491.333 max_us=2586
   2 /opt/llama.cpp/ggml/src/ggml-cuda/ggml-cuda.cu:2665 calls=191 total_ms=0.313 avg_us=1.639 max_us=10
   3 /opt/llama.cpp/ggml/src/ggml-cuda/ggml-cuda.cu:847 calls=150 total_ms=0.155 avg_us=1.033 max_us=3
=== END CUDA SYNC PROFILE ===
backend-sync-trace: count=21900 backend=CUDA0 caller=ggml_backend_sched_synchronize+0x62

=== CUDA SYNC PROFILE (instrumentation only) ===
total_syncs = 21900
total_wait_ms = 12300.095
max_wait_us = 140882
sites = 5
wait_hist_us = logarithmic buckets
  hist[0] = 19754
  hist[1] = 1240
  hist[2] = 85
  hist[3] = 12
  hist[4] = 12
  hist[5] = 1
  hist[9] = 151
  hist[10] = 318
  hist[11] = 61
  hist[14] = 95
  hist[15] = 146
  hist[16] = 24
  hist[17] = 1
by_callsite (caller PC; symbolize with addr2line):
   0 caller=0x7bf768d5c0d2 calls=8843 total_ms=12292.523 avg_us=1390.085 max_us=140882
   1 caller=0x7bf768d6098c calls=7196 total_ms=2.948 avg_us=0.410 max_us=24
   2 caller=0x7bf768d6089c calls=2664 total_ms=2.342 avg_us=0.879 max_us=28
   3 caller=0x7bf768d5f852 calls=533 total_ms=1.198 avg_us=2.248 max_us=36
   4 caller=0x7bf768d60abd calls=2664 total_ms=1.084 avg_us=0.407 max_us=19
direct_cudaStreamSynchronize: calls=9676 total_ms=45.493 max_us=2586
by_direct_callsite (file:line):
   0 /opt/llama.cpp/ggml/src/ggml-cuda/ggml-cuda.cu:839 calls=9323 total_ms=39.129 avg_us=4.197 max_us=353
   1 /opt/llama.cpp/ggml/src/ggml-cuda/ggml-cuda.cu:900 calls=12 total_ms=5.896 avg_us=491.333 max_us=2586
   2 /opt/llama.cpp/ggml/src/ggml-cuda/ggml-cuda.cu:2665 calls=191 total_ms=0.313 avg_us=1.639 max_us=10
   3 /opt/llama.cpp/ggml/src/ggml-cuda/ggml-cuda.cu:847 calls=150 total_ms=0.155 avg_us=1.033 max_us=3
=== END CUDA SYNC PROFILE ===

=== CUDA SYNC PROFILE (instrumentation only) ===
total_syncs = 21954
total_wait_ms = 12304.399
max_wait_us = 140882
sites = 5
wait_hist_us = logarithmic buckets
  hist[0] = 19804
  hist[1] = 1242
  hist[2] = 85
  hist[3] = 12
  hist[4] = 12
  hist[5] = 1
  hist[9] = 151
  hist[10] = 319
  hist[11] = 62
  hist[14] = 95
  hist[15] = 146
  hist[16] = 24
  hist[17] = 1
by_callsite (caller PC; symbolize with addr2line):
   0 caller=0x7bf768d5c0d2 calls=8863 total_ms=12296.809 avg_us=1387.432 max_us=140882
   1 caller=0x7bf768d6098c calls=7213 total_ms=2.955 avg_us=0.410 max_us=24
   2 caller=0x7bf768d6089c calls=2672 total_ms=2.349 avg_us=0.879 max_us=28
   3 caller=0x7bf768d5f852 calls=534 total_ms=1.200 avg_us=2.247 max_us=36
   4 caller=0x7bf768d60abd calls=2672 total_ms=1.086 avg_us=0.406 max_us=19
direct_cudaStreamSynchronize: calls=9700 total_ms=45.592 max_us=2586
by_direct_callsite (file:line):
   0 /opt/llama.cpp/ggml/src/ggml-cuda/ggml-cuda.cu:839 calls=9347 total_ms=39.228 avg_us=4.197 max_us=353
   1 /opt/llama.cpp/ggml/src/ggml-cuda/ggml-cuda.cu:900 calls=12 total_ms=5.896 avg_us=491.333 max_us=2586
   2 /opt/llama.cpp/ggml/src/ggml-cuda/ggml-cuda.cu:2665 calls=191 total_ms=0.313 avg_us=1.639 max_us=10
   3 /opt/llama.cpp/ggml/src/ggml-cuda/ggml-cuda.cu:847 calls=150 total_ms=0.155 avg_us=1.033 max_us=3
=== END CUDA SYNC PROFILE ===
backend-sync-trace: count=22000 backend=CUDA0 caller=ggml_backend_sched_graph_compute_async_ext+0xecc

=== CUDA SYNC PROFILE (instrumentation only) ===
total_syncs = 22000
total_wait_ms = 12362.952
max_wait_us = 140882
sites = 5
wait_hist_us = logarithmic buckets
  hist[0] = 19847
  hist[1] = 1244
  hist[2] = 85
  hist[3] = 12
  hist[4] = 12
  hist[5] = 1
  hist[9] = 151
  hist[10] = 319
  hist[11] = 62
  hist[14] = 95
  hist[15] = 147
  hist[16] = 24
  hist[17] = 1
by_callsite (caller PC; symbolize with addr2line):
   0 caller=0x7bf768d5c0d2 calls=8886 total_ms=12355.348 avg_us=1390.429 max_us=140882
   1 caller=0x7bf768d6098c calls=7226 total_ms=2.961 avg_us=0.410 max_us=24
   2 caller=0x7bf768d6089c calls=2676 total_ms=2.352 avg_us=0.879 max_us=28
   3 caller=0x7bf768d5f852 calls=536 total_ms=1.204 avg_us=2.246 max_us=36
   4 caller=0x7bf768d60abd calls=2676 total_ms=1.087 avg_us=0.406 max_us=19
direct_cudaStreamSynchronize: calls=9715 total_ms=45.650 max_us=2586
by_direct_callsite (file:line):
   0 /opt/llama.cpp/ggml/src/ggml-cuda/ggml-cuda.cu:839 calls=9362 total_ms=39.286 avg_us=4.196 max_us=353
   1 /opt/llama.cpp/ggml/src/ggml-cuda/ggml-cuda.cu:900 calls=12 total_ms=5.896 avg_us=491.333 max_us=2586
   2 /opt/llama.cpp/ggml/src/ggml-cuda/ggml-cuda.cu:2665 calls=191 total_ms=0.313 avg_us=1.639 max_us=10
   3 /opt/llama.cpp/ggml/src/ggml-cuda/ggml-cuda.cu:847 calls=150 total_ms=0.155 avg_us=1.033 max_us=3
=== END CUDA SYNC PROFILE ===
backend-sync-trace: count=22100 backend=CUDA0 caller=ggml_backend_sched_graph_compute_async_ext+0xddc

=== CUDA SYNC PROFILE (instrumentation only) ===
total_syncs = 22100
total_wait_ms = 12406.309
max_wait_us = 140882
sites = 5
wait_hist_us = logarithmic buckets
  hist[0] = 19938
  hist[1] = 1248
  hist[2] = 85
  hist[3] = 12
  hist[4] = 12
  hist[5] = 1
  hist[9] = 152
  hist[10] = 321
  hist[11] = 63
  hist[14] = 95
  hist[15] = 148
  hist[16] = 24
  hist[17] = 1
by_callsite (caller PC; symbolize with addr2line):
   0 caller=0x7bf768d5c0d2 calls=8925 total_ms=12398.669 avg_us=1389.207 max_us=140882
   1 caller=0x7bf768d6098c calls=7258 total_ms=2.975 avg_us=0.410 max_us=24
   2 caller=0x7bf768d6089c calls=2690 total_ms=2.366 avg_us=0.880 max_us=28
   3 caller=0x7bf768d5f852 calls=538 total_ms=1.208 avg_us=2.245 max_us=36
   4 caller=0x7bf768d60abd calls=2689 total_ms=1.091 avg_us=0.406 max_us=19
direct_cudaStreamSynchronize: calls=9759 total_ms=45.823 max_us=2586
by_direct_callsite (file:line):
   0 /opt/llama.cpp/ggml/src/ggml-cuda/ggml-cuda.cu:839 calls=9406 total_ms=39.459 avg_us=4.195 max_us=353
   1 /opt/llama.cpp/ggml/src/ggml-cuda/ggml-cuda.cu:900 calls=12 total_ms=5.896 avg_us=491.333 max_us=2586
   2 /opt/llama.cpp/ggml/src/ggml-cuda/ggml-cuda.cu:2665 calls=191 total_ms=0.313 avg_us=1.639 max_us=10
   3 /opt/llama.cpp/ggml/src/ggml-cuda/ggml-cuda.cu:847 calls=150 total_ms=0.155 avg_us=1.033 max_us=3
=== END CUDA SYNC PROFILE ===

=== CUDA SYNC PROFILE (instrumentation only) ===
total_syncs = 22183
total_wait_ms = 12437.453
max_wait_us = 140882
sites = 5
wait_hist_us = logarithmic buckets
  hist[0] = 20013
  hist[1] = 1253
  hist[2] = 85
  hist[3] = 12
  hist[4] = 12
  hist[5] = 1
  hist[9] = 153
  hist[10] = 322
  hist[11] = 63
  hist[14] = 96
  hist[15] = 148
  hist[16] = 24
  hist[17] = 1
by_callsite (caller PC; symbolize with addr2line):
   0 caller=0x7bf768d5c0d2 calls=8950 total_ms=12429.786 avg_us=1388.803 max_us=140882
   1 caller=0x7bf768d6098c calls=7289 total_ms=2.985 avg_us=0.410 max_us=24
   2 caller=0x7bf768d6089c calls=2702 total_ms=2.374 avg_us=0.879 max_us=28
   3 caller=0x7bf768d5f852 calls=540 total_ms=1.212 avg_us=2.244 max_us=36
   4 caller=0x7bf768d60abd calls=2702 total_ms=1.096 avg_us=0.406 max_us=19
direct_cudaStreamSynchronize: calls=9800 total_ms=46.035 max_us=2586
by_direct_callsite (file:line):
   0 /opt/llama.cpp/ggml/src/ggml-cuda/ggml-cuda.cu:839 calls=9447 total_ms=39.671 avg_us=4.199 max_us=353
   1 /opt/llama.cpp/ggml/src/ggml-cuda/ggml-cuda.cu:900 calls=12 total_ms=5.896 avg_us=491.333 max_us=2586
   2 /opt/llama.cpp/ggml/src/ggml-cuda/ggml-cuda.cu:2665 calls=191 total_ms=0.313 avg_us=1.639 max_us=10
   3 /opt/llama.cpp/ggml/src/ggml-cuda/ggml-cuda.cu:847 calls=150 total_ms=0.155 avg_us=1.033 max_us=3
=== END CUDA SYNC PROFILE ===
backend-sync-trace: count=22200 backend=CUDA0 caller=ggml_backend_sched_graph_compute_async_ext+0xddc

=== CUDA SYNC PROFILE (instrumentation only) ===
total_syncs = 22200
total_wait_ms = 12464.217
max_wait_us = 140882
sites = 5
wait_hist_us = logarithmic buckets
  hist[0] = 20027
  hist[1] = 1255
  hist[2] = 85
  hist[3] = 12
  hist[4] = 12
  hist[5] = 1
  hist[9] = 153
  hist[10] = 322
  hist[11] = 63
  hist[14] = 97
  hist[15] = 148
  hist[16] = 24
  hist[17] = 1
by_callsite (caller PC; symbolize with addr2line):
   0 caller=0x7bf768d5c0d2 calls=8952 total_ms=12456.544 avg_us=1391.482 max_us=140882
   1 caller=0x7bf768d6098c calls=7300 total_ms=2.987 avg_us=0.409 max_us=24
   2 caller=0x7bf768d6089c calls=2704 total_ms=2.376 avg_us=0.879 max_us=28
   3 caller=0x7bf768d5f852 calls=541 total_ms=1.214 avg_us=2.244 max_us=36
   4 caller=0x7bf768d60abd calls=2703 total_ms=1.096 avg_us=0.405 max_us=19
direct_cudaStreamSynchronize: calls=9812 total_ms=46.098 max_us=2586
by_direct_callsite (file:line):
   0 /opt/llama.cpp/ggml/src/ggml-cuda/ggml-cuda.cu:839 calls=9459 total_ms=39.734 avg_us=4.201 max_us=353
   1 /opt/llama.cpp/ggml/src/ggml-cuda/ggml-cuda.cu:900 calls=12 total_ms=5.896 avg_us=491.333 max_us=2586
   2 /opt/llama.cpp/ggml/src/ggml-cuda/ggml-cuda.cu:2665 calls=191 total_ms=0.313 avg_us=1.639 max_us=10
   3 /opt/llama.cpp/ggml/src/ggml-cuda/ggml-cuda.cu:847 calls=150 total_ms=0.155 avg_us=1.033 max_us=3
=== END CUDA SYNC PROFILE ===
backend-sync-trace: count=22300 backend=CUDA0 caller=ggml_backend_sched_synchronize+0x62

=== CUDA SYNC PROFILE (instrumentation only) ===
total_syncs = 22300
total_wait_ms = 12493.845
max_wait_us = 140882
sites = 5
wait_hist_us = logarithmic buckets
  hist[0] = 20119
  hist[1] = 1260
  hist[2] = 85
  hist[3] = 12
  hist[4] = 12
  hist[5] = 1
  hist[9] = 154
  hist[10] = 323
  hist[11] = 63
  hist[14] = 98
  hist[15] = 148
  hist[16] = 24
  hist[17] = 1
by_callsite (caller PC; symbolize with addr2line):
   0 caller=0x7bf768d5c0d2 calls=8998 total_ms=12486.142 avg_us=1387.657 max_us=140882
   1 caller=0x7bf768d6098c calls=7331 total_ms=2.998 avg_us=0.409 max_us=24
   2 caller=0x7bf768d6089c calls=2714 total_ms=2.385 avg_us=0.879 max_us=28
   3 caller=0x7bf768d5f852 calls=543 total_ms=1.217 avg_us=2.241 max_us=36
   4 caller=0x7bf768d60abd calls=2714 total_ms=1.103 avg_us=0.406 max_us=19
direct_cudaStreamSynchronize: calls=9851 total_ms=46.260 max_us=2586
by_direct_callsite (file:line):
   0 /opt/llama.cpp/ggml/src/ggml-cuda/ggml-cuda.cu:839 calls=9498 total_ms=39.896 avg_us=4.200 max_us=353
   1 /opt/llama.cpp/ggml/src/ggml-cuda/ggml-cuda.cu:900 calls=12 total_ms=5.896 avg_us=491.333 max_us=2586
   2 /opt/llama.cpp/ggml/src/ggml-cuda/ggml-cuda.cu:2665 calls=191 total_ms=0.313 avg_us=1.639 max_us=10
   3 /opt/llama.cpp/ggml/src/ggml-cuda/ggml-cuda.cu:847 calls=150 total_ms=0.155 avg_us=1.033 max_us=3
=== END CUDA SYNC PROFILE ===
backend-sync-trace: count=22400 backend=CUDA0 caller=ggml_backend_sched_synchronize+0x62

=== CUDA SYNC PROFILE (instrumentation only) ===
total_syncs = 22400
total_wait_ms = 12537.246
max_wait_us = 140882
sites = 5
wait_hist_us = logarithmic buckets
  hist[0] = 20208
  hist[1] = 1266
  hist[2] = 85
  hist[3] = 12
  hist[4] = 12
  hist[5] = 1
  hist[9] = 154
  hist[10] = 327
  hist[11] = 63
  hist[14] = 98
  hist[15] = 149
  hist[16] = 24
  hist[17] = 1
by_callsite (caller PC; symbolize with addr2line):
   0 caller=0x7bf768d5c0d2 calls=9032 total_ms=12529.513 avg_us=1387.236 max_us=140882
   1 caller=0x7bf768d6098c calls=7366 total_ms=3.007 avg_us=0.408 max_us=24
   2 caller=0x7bf768d6089c calls=2728 total_ms=2.395 avg_us=0.878 max_us=28
   3 caller=0x7bf768d5f852 calls=546 total_ms=1.223 avg_us=2.240 max_us=36
   4 caller=0x7bf768d60abd calls=2728 total_ms=1.108 avg_us=0.406 max_us=19
direct_cudaStreamSynchronize: calls=9898 total_ms=46.443 max_us=2586
by_direct_callsite (file:line):
   0 /opt/llama.cpp/ggml/src/ggml-cuda/ggml-cuda.cu:839 calls=9545 total_ms=40.079 avg_us=4.199 max_us=353
   1 /opt/llama.cpp/ggml/src/ggml-cuda/ggml-cuda.cu:900 calls=12 total_ms=5.896 avg_us=491.333 max_us=2586
   2 /opt/llama.cpp/ggml/src/ggml-cuda/ggml-cuda.cu:2665 calls=191 total_ms=0.313 avg_us=1.639 max_us=10
   3 /opt/llama.cpp/ggml/src/ggml-cuda/ggml-cuda.cu:847 calls=150 total_ms=0.155 avg_us=1.033 max_us=3
=== END CUDA SYNC PROFILE ===

=== CUDA SYNC PROFILE (instrumentation only) ===
total_syncs = 22409
total_wait_ms = 12537.253
max_wait_us = 140882
sites = 5
wait_hist_us = logarithmic buckets
  hist[0] = 20216
  hist[1] = 1267
  hist[2] = 85
  hist[3] = 12
  hist[4] = 12
  hist[5] = 1
  hist[9] = 154
  hist[10] = 327
  hist[11] = 63
  hist[14] = 98
  hist[15] = 149
  hist[16] = 24
  hist[17] = 1
by_callsite (caller PC; symbolize with addr2line):
   0 caller=0x7bf768d5c0d2 calls=9037 total_ms=12529.516 avg_us=1386.469 max_us=140882
   1 caller=0x7bf768d6098c calls=7366 total_ms=3.007 avg_us=0.408 max_us=24
   2 caller=0x7bf768d6089c calls=2730 total_ms=2.398 avg_us=0.878 max_us=28
   3 caller=0x7bf768d5f852 calls=546 total_ms=1.223 avg_us=2.240 max_us=36
   4 caller=0x7bf768d60abd calls=2730 total_ms=1.109 avg_us=0.406 max_us=19
direct_cudaStreamSynchronize: calls=9900 total_ms=46.452 max_us=2586
by_direct_callsite (file:line):
   0 /opt/llama.cpp/ggml/src/ggml-cuda/ggml-cuda.cu:839 calls=9547 total_ms=40.088 avg_us=4.199 max_us=353
   1 /opt/llama.cpp/ggml/src/ggml-cuda/ggml-cuda.cu:900 calls=12 total_ms=5.896 avg_us=491.333 max_us=2586
   2 /opt/llama.cpp/ggml/src/ggml-cuda/ggml-cuda.cu:2665 calls=191 total_ms=0.313 avg_us=1.639 max_us=10
   3 /opt/llama.cpp/ggml/src/ggml-cuda/ggml-cuda.cu:847 calls=150 total_ms=0.155 avg_us=1.033 max_us=3
=== END CUDA SYNC PROFILE ===
backend-sync-trace: count=22500 backend=CUDA0 caller=ggml_backend_sched_graph_compute_async_ext+0xecc

=== CUDA SYNC PROFILE (instrumentation only) ===
total_syncs = 22500
total_wait_ms = 12573.698
max_wait_us = 140882
sites = 5
wait_hist_us = logarithmic buckets
  hist[0] = 20300
  hist[1] = 1271
  hist[2] = 85
  hist[3] = 12
  hist[4] = 12
  hist[5] = 1
  hist[9] = 155
  hist[10] = 328
  hist[11] = 63
  hist[14] = 98
  hist[15] = 150
  hist[16] = 24
  hist[17] = 1
by_callsite (caller PC; symbolize with addr2line):
   0 caller=0x7bf768d5c0d2 calls=9074 total_ms=12565.935 avg_us=1384.829 max_us=140882
   1 caller=0x7bf768d6098c calls=7394 total_ms=3.016 avg_us=0.408 max_us=24
   2 caller=0x7bf768d6089c calls=2742 total_ms=2.410 avg_us=0.879 max_us=28
   3 caller=0x7bf768d5f852 calls=548 total_ms=1.227 avg_us=2.239 max_us=36
   4 caller=0x7bf768d60abd calls=2742 total_ms=1.110 avg_us=0.405 max_us=19
direct_cudaStreamSynchronize: calls=9936 total_ms=46.615 max_us=2586
by_direct_callsite (file:line):
   0 /opt/llama.cpp/ggml/src/ggml-cuda/ggml-cuda.cu:839 calls=9583 total_ms=40.251 avg_us=4.200 max_us=353
   1 /opt/llama.cpp/ggml/src/ggml-cuda/ggml-cuda.cu:900 calls=12 total_ms=5.896 avg_us=491.333 max_us=2586
   2 /opt/llama.cpp/ggml/src/ggml-cuda/ggml-cuda.cu:2665 calls=191 total_ms=0.313 avg_us=1.639 max_us=10
   3 /opt/llama.cpp/ggml/src/ggml-cuda/ggml-cuda.cu:847 calls=150 total_ms=0.155 avg_us=1.033 max_us=3
=== END CUDA SYNC PROFILE ===
backend-sync-trace: count=22600 backend=CUDA0 caller=ggml_backend_sched_graph_compute_async_ext+0xecc

=== CUDA SYNC PROFILE (instrumentation only) ===
total_syncs = 22600
total_wait_ms = 12626.898
max_wait_us = 140882
sites = 5
wait_hist_us = logarithmic buckets
  hist[0] = 20393
  hist[1] = 1275
  hist[2] = 85
  hist[3] = 12
  hist[4] = 12
  hist[5] = 1
  hist[9] = 156
  hist[10] = 329
  hist[11] = 63
  hist[14] = 98
  hist[15] = 151
  hist[16] = 24
  hist[17] = 1
by_callsite (caller PC; symbolize with addr2line):
   0 caller=0x7bf768d5c0d2 calls=9111 total_ms=12619.102 avg_us=1385.040 max_us=140882
   1 caller=0x7bf768d6098c calls=7435 total_ms=3.033 avg_us=0.408 max_us=24
   2 caller=0x7bf768d6089c calls=2752 total_ms=2.418 avg_us=0.879 max_us=28
   3 caller=0x7bf768d5f852 calls=550 total_ms=1.231 avg_us=2.238 max_us=36
   4 caller=0x7bf768d60abd calls=2752 total_ms=1.114 avg_us=0.405 max_us=19
direct_cudaStreamSynchronize: calls=9985 total_ms=46.814 max_us=2586
by_direct_callsite (file:line):
   0 /opt/llama.cpp/ggml/src/ggml-cuda/ggml-cuda.cu:839 calls=9632 total_ms=40.450 avg_us=4.200 max_us=353
   1 /opt/llama.cpp/ggml/src/ggml-cuda/ggml-cuda.cu:900 calls=12 total_ms=5.896 avg_us=491.333 max_us=2586
   2 /opt/llama.cpp/ggml/src/ggml-cuda/ggml-cuda.cu:2665 calls=191 total_ms=0.313 avg_us=1.639 max_us=10
   3 /opt/llama.cpp/ggml/src/ggml-cuda/ggml-cuda.cu:847 calls=150 total_ms=0.155 avg_us=1.033 max_us=3
=== END CUDA SYNC PROFILE ===

=== CUDA SYNC PROFILE (instrumentation only) ===
total_syncs = 22653
total_wait_ms = 12674.249
max_wait_us = 140882
sites = 5
wait_hist_us = logarithmic buckets
  hist[0] = 20443
  hist[1] = 1276
  hist[2] = 85
  hist[3] = 12
  hist[4] = 12
  hist[5] = 1
  hist[9] = 156
  hist[10] = 330
  hist[11] = 63
  hist[14] = 98
  hist[15] = 152
  hist[16] = 24
  hist[17] = 1
by_callsite (caller PC; symbolize with addr2line):
   0 caller=0x7bf768d5c0d2 calls=9141 total_ms=12666.439 avg_us=1385.673 max_us=140882
   1 caller=0x7bf768d6098c calls=7444 total_ms=3.038 avg_us=0.408 max_us=24
   2 caller=0x7bf768d6089c calls=2758 total_ms=2.422 avg_us=0.878 max_us=28
   3 caller=0x7bf768d5f852 calls=552 total_ms=1.234 avg_us=2.236 max_us=36
   4 caller=0x7bf768d60abd calls=2758 total_ms=1.116 avg_us=0.405 max_us=19
direct_cudaStreamSynchronize: calls=10000 total_ms=46.871 max_us=2586
by_direct_callsite (file:line):
   0 /opt/llama.cpp/ggml/src/ggml-cuda/ggml-cuda.cu:839 calls=9647 total_ms=40.507 avg_us=4.199 max_us=353
   1 /opt/llama.cpp/ggml/src/ggml-cuda/ggml-cuda.cu:900 calls=12 total_ms=5.896 avg_us=491.333 max_us=2586
   2 /opt/llama.cpp/ggml/src/ggml-cuda/ggml-cuda.cu:2665 calls=191 total_ms=0.313 avg_us=1.639 max_us=10
   3 /opt/llama.cpp/ggml/src/ggml-cuda/ggml-cuda.cu:847 calls=150 total_ms=0.155 avg_us=1.033 max_us=3
=== END CUDA SYNC PROFILE ===
backend-sync-trace: count=22700 backend=CUDA0 caller=ggml_backend_sched_synchronize+0x62

=== CUDA SYNC PROFILE (instrumentation only) ===
total_syncs = 22700
total_wait_ms = 12716.159
max_wait_us = 140882
sites = 5
wait_hist_us = logarithmic buckets
  hist[0] = 20485
  hist[1] = 1279
  hist[2] = 85
  hist[3] = 12
  hist[4] = 12
  hist[5] = 1
  hist[9] = 157
  hist[10] = 330
  hist[11] = 63
  hist[14] = 98
  hist[15] = 153
  hist[16] = 24
  hist[17] = 1
by_callsite (caller PC; symbolize with addr2line):
   0 caller=0x7bf768d5c0d2 calls=9153 total_ms=12708.331 avg_us=1388.433 max_us=140882
   1 caller=0x7bf768d6098c calls=7466 total_ms=3.046 avg_us=0.408 max_us=24
   2 caller=0x7bf768d6089c calls=2764 total_ms=2.427 avg_us=0.878 max_us=28
   3 caller=0x7bf768d5f852 calls=553 total_ms=1.236 avg_us=2.235 max_us=36
   4 caller=0x7bf768d60abd calls=2764 total_ms=1.119 avg_us=0.405 max_us=19
direct_cudaStreamSynchronize: calls=10026 total_ms=46.979 max_us=2586
by_direct_callsite (file:line):
   0 /opt/llama.cpp/ggml/src/ggml-cuda/ggml-cuda.cu:839 calls=9673 total_ms=40.615 avg_us=4.199 max_us=353
   1 /opt/llama.cpp/ggml/src/ggml-cuda/ggml-cuda.cu:900 calls=12 total_ms=5.896 avg_us=491.333 max_us=2586
   2 /opt/llama.cpp/ggml/src/ggml-cuda/ggml-cuda.cu:2665 calls=191 total_ms=0.313 avg_us=1.639 max_us=10
   3 /opt/llama.cpp/ggml/src/ggml-cuda/ggml-cuda.cu:847 calls=150 total_ms=0.155 avg_us=1.033 max_us=3
=== END CUDA SYNC PROFILE ===
backend-sync-trace: count=22800 backend=CUDA0 caller=ggml_backend_sched_graph_compute_async_ext+0xecc

=== CUDA SYNC PROFILE (instrumentation only) ===
total_syncs = 22800
total_wait_ms = 12751.954
max_wait_us = 140882
sites = 5
wait_hist_us = logarithmic buckets
  hist[0] = 20579
  hist[1] = 1282
  hist[2] = 85
  hist[3] = 12
  hist[4] = 12
  hist[5] = 1
  hist[9] = 157
  hist[10] = 332
  hist[11] = 63
  hist[14] = 98
  hist[15] = 154
  hist[16] = 24
  hist[17] = 1
by_callsite (caller PC; symbolize with addr2line):
   0 caller=0x7bf768d5c0d2 calls=9196 total_ms=12744.097 avg_us=1385.830 max_us=140882
   1 caller=0x7bf768d6098c calls=7496 total_ms=3.058 avg_us=0.408 max_us=24
   2 caller=0x7bf768d6089c calls=2776 total_ms=2.435 avg_us=0.877 max_us=28
   3 caller=0x7bf768d5f852 calls=556 total_ms=1.242 avg_us=2.234 max_us=36
   4 caller=0x7bf768d60abd calls=2776 total_ms=1.122 avg_us=0.404 max_us=19
direct_cudaStreamSynchronize: calls=10065 total_ms=47.135 max_us=2586
by_direct_callsite (file:line):
   0 /opt/llama.cpp/ggml/src/ggml-cuda/ggml-cuda.cu:839 calls=9712 total_ms=40.771 avg_us=4.198 max_us=353
   1 /opt/llama.cpp/ggml/src/ggml-cuda/ggml-cuda.cu:900 calls=12 total_ms=5.896 avg_us=491.333 max_us=2586
   2 /opt/llama.cpp/ggml/src/ggml-cuda/ggml-cuda.cu:2665 calls=191 total_ms=0.313 avg_us=1.639 max_us=10
   3 /opt/llama.cpp/ggml/src/ggml-cuda/ggml-cuda.cu:847 calls=150 total_ms=0.155 avg_us=1.033 max_us=3
=== END CUDA SYNC PROFILE ===

=== CUDA SYNC PROFILE (instrumentation only) ===
total_syncs = 22885
total_wait_ms = 12790.456
max_wait_us = 140882
sites = 5
wait_hist_us = logarithmic buckets
  hist[0] = 20658
  hist[1] = 1285
  hist[2] = 85
  hist[3] = 12
  hist[4] = 12
  hist[5] = 1
  hist[9] = 158
  hist[10] = 333
  hist[11] = 63
  hist[14] = 98
  hist[15] = 155
  hist[16] = 24
  hist[17] = 1
by_callsite (caller PC; symbolize with addr2line):
   0 caller=0x7bf768d5c0d2 calls=9233 total_ms=12782.578 avg_us=1384.445 max_us=140882
   1 caller=0x7bf768d6098c calls=7522 total_ms=3.067 avg_us=0.408 max_us=24
   2 caller=0x7bf768d6089c calls=2786 total_ms=2.441 avg_us=0.876 max_us=28
   3 caller=0x7bf768d5f852 calls=558 total_ms=1.246 avg_us=2.233 max_us=36
   4 caller=0x7bf768d60abd calls=2786 total_ms=1.124 avg_us=0.403 max_us=19
direct_cudaStreamSynchronize: calls=10100 total_ms=47.272 max_us=2586
by_direct_callsite (file:line):
   0 /opt/llama.cpp/ggml/src/ggml-cuda/ggml-cuda.cu:839 calls=9747 total_ms=40.908 avg_us=4.197 max_us=353
   1 /opt/llama.cpp/ggml/src/ggml-cuda/ggml-cuda.cu:900 calls=12 total_ms=5.896 avg_us=491.333 max_us=2586
   2 /opt/llama.cpp/ggml/src/ggml-cuda/ggml-cuda.cu:2665 calls=191 total_ms=0.313 avg_us=1.639 max_us=10
   3 /opt/llama.cpp/ggml/src/ggml-cuda/ggml-cuda.cu:847 calls=150 total_ms=0.155 avg_us=1.033 max_us=3
=== END CUDA SYNC PROFILE ===
backend-sync-trace: count=22900 backend=CUDA0 caller=ggml_backend_sched_graph_compute_async_ext+0xecc

=== CUDA SYNC PROFILE (instrumentation only) ===
total_syncs = 22900
total_wait_ms = 12792.185
max_wait_us = 140882
sites = 5
wait_hist_us = logarithmic buckets
  hist[0] = 20671
  hist[1] = 1286
  hist[2] = 85
  hist[3] = 12
  hist[4] = 12
  hist[5] = 1
  hist[9] = 158
  hist[10] = 334
  hist[11] = 63
  hist[14] = 98
  hist[15] = 155
  hist[16] = 24
  hist[17] = 1
by_callsite (caller PC; symbolize with addr2line):
   0 caller=0x7bf768d5c0d2 calls=9240 total_ms=12784.303 avg_us=1383.583 max_us=140882
   1 caller=0x7bf768d6098c calls=7526 total_ms=3.068 avg_us=0.408 max_us=24
   2 caller=0x7bf768d6089c calls=2788 total_ms=2.443 avg_us=0.876 max_us=28
   3 caller=0x7bf768d5f852 calls=558 total_ms=1.246 avg_us=2.233 max_us=36
   4 caller=0x7bf768d60abd calls=2788 total_ms=1.125 avg_us=0.404 max_us=19
direct_cudaStreamSynchronize: calls=10105 total_ms=47.289 max_us=2586
by_direct_callsite (file:line):
   0 /opt/llama.cpp/ggml/src/ggml-cuda/ggml-cuda.cu:839 calls=9752 total_ms=40.925 avg_us=4.197 max_us=353
   1 /opt/llama.cpp/ggml/src/ggml-cuda/ggml-cuda.cu:900 calls=12 total_ms=5.896 avg_us=491.333 max_us=2586
   2 /opt/llama.cpp/ggml/src/ggml-cuda/ggml-cuda.cu:2665 calls=191 total_ms=0.313 avg_us=1.639 max_us=10
   3 /opt/llama.cpp/ggml/src/ggml-cuda/ggml-cuda.cu:847 calls=150 total_ms=0.155 avg_us=1.033 max_us=3
=== END CUDA SYNC PROFILE ===
backend-sync-trace: count=23000 backend=CUDA0 caller=ggml_backend_sched_graph_compute_async_ext+0xddc

=== CUDA SYNC PROFILE (instrumentation only) ===
total_syncs = 23000
total_wait_ms = 12830.789
max_wait_us = 140882
sites = 5
wait_hist_us = logarithmic buckets
  hist[0] = 20762
  hist[1] = 1291
  hist[2] = 85
  hist[3] = 12
  hist[4] = 12
  hist[5] = 1
  hist[9] = 159
  hist[10] = 336
  hist[11] = 63
  hist[14] = 98
  hist[15] = 156
  hist[16] = 24
  hist[17] = 1
by_callsite (caller PC; symbolize with addr2line):
   0 caller=0x7bf768d5c0d2 calls=9284 total_ms=12822.873 avg_us=1381.180 max_us=140882
   1 caller=0x7bf768d6098c calls=7555 total_ms=3.079 avg_us=0.408 max_us=24
   2 caller=0x7bf768d6089c calls=2801 total_ms=2.454 avg_us=0.876 max_us=28
   3 caller=0x7bf768d5f852 calls=560 total_ms=1.251 avg_us=2.234 max_us=36
   4 caller=0x7bf768d60abd calls=2800 total_ms=1.132 avg_us=0.404 max_us=19
direct_cudaStreamSynchronize: calls=10145 total_ms=47.450 max_us=2586
by_direct_callsite (file:line):
   0 /opt/llama.cpp/ggml/src/ggml-cuda/ggml-cuda.cu:839 calls=9792 total_ms=41.086 avg_us=4.196 max_us=353
   1 /opt/llama.cpp/ggml/src/ggml-cuda/ggml-cuda.cu:900 calls=12 total_ms=5.896 avg_us=491.333 max_us=2586
   2 /opt/llama.cpp/ggml/src/ggml-cuda/ggml-cuda.cu:2665 calls=191 total_ms=0.313 avg_us=1.639 max_us=10
   3 /opt/llama.cpp/ggml/src/ggml-cuda/ggml-cuda.cu:847 calls=150 total_ms=0.155 avg_us=1.033 max_us=3
=== END CUDA SYNC PROFILE ===
backend-sync-trace: count=23100 backend=CUDA0 caller=ggml_backend_sched_synchronize+0x62

=== CUDA SYNC PROFILE (instrumentation only) ===
total_syncs = 23100
total_wait_ms = 12943.074
max_wait_us = 140882
sites = 5
wait_hist_us = logarithmic buckets
  hist[0] = 20854
  hist[1] = 1295
  hist[2] = 85
  hist[3] = 12
  hist[4] = 12
  hist[5] = 1
  hist[9] = 159
  hist[10] = 337
  hist[11] = 64
  hist[14] = 99
  hist[15] = 156
  hist[16] = 25
  hist[17] = 1
by_callsite (caller PC; symbolize with addr2line):
   0 caller=0x7bf768d5c0d2 calls=9317 total_ms=12935.122 avg_us=1388.336 max_us=140882
   1 caller=0x7bf768d6098c calls=7597 total_ms=3.098 avg_us=0.408 max_us=24
   2 caller=0x7bf768d6089c calls=2812 total_ms=2.463 avg_us=0.876 max_us=28
   3 caller=0x7bf768d5f852 calls=562 total_ms=1.254 avg_us=2.231 max_us=36
   4 caller=0x7bf768d60abd calls=2812 total_ms=1.137 avg_us=0.404 max_us=19
direct_cudaStreamSynchronize: calls=10196 total_ms=47.660 max_us=2586
by_direct_callsite (file:line):
   0 /opt/llama.cpp/ggml/src/ggml-cuda/ggml-cuda.cu:839 calls=9843 total_ms=41.296 avg_us=4.195 max_us=353
   1 /opt/llama.cpp/ggml/src/ggml-cuda/ggml-cuda.cu:900 calls=12 total_ms=5.896 avg_us=491.333 max_us=2586
   2 /opt/llama.cpp/ggml/src/ggml-cuda/ggml-cuda.cu:2665 calls=191 total_ms=0.313 avg_us=1.639 max_us=10
   3 /opt/llama.cpp/ggml/src/ggml-cuda/ggml-cuda.cu:847 calls=150 total_ms=0.155 avg_us=1.033 max_us=3
=== END CUDA SYNC PROFILE ===

=== CUDA SYNC PROFILE (instrumentation only) ===
total_syncs = 23107
total_wait_ms = 12943.078
max_wait_us = 140882
sites = 5
wait_hist_us = logarithmic buckets
  hist[0] = 20860
  hist[1] = 1296
  hist[2] = 85
  hist[3] = 12
  hist[4] = 12
  hist[5] = 1
  hist[9] = 159
  hist[10] = 337
  hist[11] = 64
  hist[14] = 99
  hist[15] = 156
  hist[16] = 25
  hist[17] = 1
by_callsite (caller PC; symbolize with addr2line):
   0 caller=0x7bf768d5c0d2 calls=9317 total_ms=12935.122 avg_us=1388.336 max_us=140882
   1 caller=0x7bf768d6098c calls=7599 total_ms=3.098 avg_us=0.408 max_us=24
   2 caller=0x7bf768d6089c calls=2814 total_ms=2.464 avg_us=0.876 max_us=28
   3 caller=0x7bf768d5f852 calls=563 total_ms=1.257 avg_us=2.233 max_us=36
   4 caller=0x7bf768d60abd calls=2814 total_ms=1.137 avg_us=0.404 max_us=19
direct_cudaStreamSynchronize: calls=10200 total_ms=47.683 max_us=2586
by_direct_callsite (file:line):
   0 /opt/llama.cpp/ggml/src/ggml-cuda/ggml-cuda.cu:839 calls=9847 total_ms=41.319 avg_us=4.196 max_us=353
   1 /opt/llama.cpp/ggml/src/ggml-cuda/ggml-cuda.cu:900 calls=12 total_ms=5.896 avg_us=491.333 max_us=2586
   2 /opt/llama.cpp/ggml/src/ggml-cuda/ggml-cuda.cu:2665 calls=191 total_ms=0.313 avg_us=1.639 max_us=10
   3 /opt/llama.cpp/ggml/src/ggml-cuda/ggml-cuda.cu:847 calls=150 total_ms=0.155 avg_us=1.033 max_us=3
=== END CUDA SYNC PROFILE ===
backend-sync-trace: count=23200 backend=CUDA0 caller=ggml_backend_sched_synchronize+0x62

=== CUDA SYNC PROFILE (instrumentation only) ===
total_syncs = 23200
total_wait_ms = 13023.012
max_wait_us = 140882
sites = 5
wait_hist_us = logarithmic buckets
  hist[0] = 20945
  hist[1] = 1300
  hist[2] = 86
  hist[3] = 12
  hist[4] = 12
  hist[5] = 1
  hist[9] = 159
  hist[10] = 337
  hist[11] = 66
  hist[14] = 99
  hist[15] = 156
  hist[16] = 26
  hist[17] = 1
by_callsite (caller PC; symbolize with addr2line):
   0 caller=0x7bf768d5c0d2 calls=9359 total_ms=13015.030 avg_us=1390.643 max_us=140882
   1 caller=0x7bf768d6098c calls=7628 total_ms=3.106 avg_us=0.407 max_us=24
   2 caller=0x7bf768d6089c calls=2824 total_ms=2.472 avg_us=0.875 max_us=28
   3 caller=0x7bf768d5f852 calls=565 total_ms=1.262 avg_us=2.234 max_us=36
   4 caller=0x7bf768d60abd calls=2824 total_ms=1.142 avg_us=0.404 max_us=19
direct_cudaStreamSynchronize: calls=10236 total_ms=47.880 max_us=2586
by_direct_callsite (file:line):
   0 /opt/llama.cpp/ggml/src/ggml-cuda/ggml-cuda.cu:839 calls=9883 total_ms=41.516 avg_us=4.201 max_us=353
   1 /opt/llama.cpp/ggml/src/ggml-cuda/ggml-cuda.cu:900 calls=12 total_ms=5.896 avg_us=491.333 max_us=2586
   2 /opt/llama.cpp/ggml/src/ggml-cuda/ggml-cuda.cu:2665 calls=191 total_ms=0.313 avg_us=1.639 max_us=10
   3 /opt/llama.cpp/ggml/src/ggml-cuda/ggml-cuda.cu:847 calls=150 total_ms=0.155 avg_us=1.033 max_us=3
=== END CUDA SYNC PROFILE ===
backend-sync-trace: count=23300 backend=CUDA0 caller=ggml_backend_sched_synchronize+0x62

=== CUDA SYNC PROFILE (instrumentation only) ===
total_syncs = 23300
total_wait_ms = 13064.103
max_wait_us = 140882
sites = 5
wait_hist_us = logarithmic buckets
  hist[0] = 21037
  hist[1] = 1304
  hist[2] = 86
  hist[3] = 12
  hist[4] = 12
  hist[5] = 1
  hist[9] = 161
  hist[10] = 338
  hist[11] = 66
  hist[14] = 99
  hist[15] = 157
  hist[16] = 26
  hist[17] = 1
by_callsite (caller PC; symbolize with addr2line):
   0 caller=0x7bf768d5c0d2 calls=9401 total_ms=13056.090 avg_us=1388.798 max_us=140882
   1 caller=0x7bf768d6098c calls=7659 total_ms=3.115 avg_us=0.407 max_us=24
   2 caller=0x7bf768d6089c calls=2836 total_ms=2.481 avg_us=0.875 max_us=28
   3 caller=0x7bf768d5f852 calls=568 total_ms=1.269 avg_us=2.234 max_us=36
   4 caller=0x7bf768d60abd calls=2836 total_ms=1.148 avg_us=0.405 max_us=19
direct_cudaStreamSynchronize: calls=10277 total_ms=48.044 max_us=2586
by_direct_callsite (file:line):
   0 /opt/llama.cpp/ggml/src/ggml-cuda/ggml-cuda.cu:839 calls=9924 total_ms=41.680 avg_us=4.200 max_us=353
   1 /opt/llama.cpp/ggml/src/ggml-cuda/ggml-cuda.cu:900 calls=12 total_ms=5.896 avg_us=491.333 max_us=2586
   2 /opt/llama.cpp/ggml/src/ggml-cuda/ggml-cuda.cu:2665 calls=191 total_ms=0.313 avg_us=1.639 max_us=10
   3 /opt/llama.cpp/ggml/src/ggml-cuda/ggml-cuda.cu:847 calls=150 total_ms=0.155 avg_us=1.033 max_us=3
=== END CUDA SYNC PROFILE ===

=== CUDA SYNC PROFILE (instrumentation only) ===
total_syncs = 23343
total_wait_ms = 13065.859
max_wait_us = 140882
sites = 5
wait_hist_us = logarithmic buckets
  hist[0] = 21076
  hist[1] = 1307
  hist[2] = 86
  hist[3] = 12
  hist[4] = 12
  hist[5] = 1
  hist[9] = 161
  hist[10] = 339
  hist[11] = 66
  hist[14] = 99
  hist[15] = 157
  hist[16] = 26
  hist[17] = 1
by_callsite (caller PC; symbolize with addr2line):
   0 caller=0x7bf768d5c0d2 calls=9414 total_ms=13057.828 avg_us=1387.065 max_us=140882
   1 caller=0x7bf768d6098c calls=7677 total_ms=3.124 avg_us=0.407 max_us=24
   2 caller=0x7bf768d6089c calls=2842 total_ms=2.489 avg_us=0.876 max_us=28
   3 caller=0x7bf768d5f852 calls=568 total_ms=1.269 avg_us=2.234 max_us=36
   4 caller=0x7bf768d60abd calls=2842 total_ms=1.149 avg_us=0.404 max_us=19
direct_cudaStreamSynchronize: calls=10300 total_ms=48.137 max_us=2586
by_direct_callsite (file:line):
   0 /opt/llama.cpp/ggml/src/ggml-cuda/ggml-cuda.cu:839 calls=9947 total_ms=41.773 avg_us=4.200 max_us=353
   1 /opt/llama.cpp/ggml/src/ggml-cuda/ggml-cuda.cu:900 calls=12 total_ms=5.896 avg_us=491.333 max_us=2586
   2 /opt/llama.cpp/ggml/src/ggml-cuda/ggml-cuda.cu:2665 calls=191 total_ms=0.313 avg_us=1.639 max_us=10
   3 /opt/llama.cpp/ggml/src/ggml-cuda/ggml-cuda.cu:847 calls=150 total_ms=0.155 avg_us=1.033 max_us=3
=== END CUDA SYNC PROFILE ===
backend-sync-trace: count=23400 backend=CUDA0 caller=ggml_backend_sched_graph_compute_async_ext+0xddc

=== CUDA SYNC PROFILE (instrumentation only) ===
total_syncs = 23400
total_wait_ms = 13115.691
max_wait_us = 140882
sites = 5
wait_hist_us = logarithmic buckets
  hist[0] = 21125
  hist[1] = 1312
  hist[2] = 86
  hist[3] = 12
  hist[4] = 12
  hist[5] = 1
  hist[9] = 161
  hist[10] = 341
  hist[11] = 66
  hist[14] = 99
  hist[15] = 158
  hist[16] = 26
  hist[17] = 1
by_callsite (caller PC; symbolize with addr2line):
   0 caller=0x7bf768d5c0d2 calls=9439 total_ms=13107.640 avg_us=1388.668 max_us=140882
   1 caller=0x7bf768d6098c calls=7690 total_ms=3.128 avg_us=0.407 max_us=24
   2 caller=0x7bf768d6089c calls=2851 total_ms=2.497 avg_us=0.876 max_us=28
   3 caller=0x7bf768d5f852 calls=570 total_ms=1.273 avg_us=2.233 max_us=36
   4 caller=0x7bf768d60abd calls=2850 total_ms=1.153 avg_us=0.405 max_us=19
direct_cudaStreamSynchronize: calls=10320 total_ms=48.217 max_us=2586
by_direct_callsite (file:line):
   0 /opt/llama.cpp/ggml/src/ggml-cuda/ggml-cuda.cu:839 calls=9967 total_ms=41.853 avg_us=4.199 max_us=353
   1 /opt/llama.cpp/ggml/src/ggml-cuda/ggml-cuda.cu:900 calls=12 total_ms=5.896 avg_us=491.333 max_us=2586
   2 /opt/llama.cpp/ggml/src/ggml-cuda/ggml-cuda.cu:2665 calls=191 total_ms=0.313 avg_us=1.639 max_us=10
   3 /opt/llama.cpp/ggml/src/ggml-cuda/ggml-cuda.cu:847 calls=150 total_ms=0.155 avg_us=1.033 max_us=3
=== END CUDA SYNC PROFILE ===
backend-sync-trace: count=23500 backend=CUDA0 caller=ggml_backend_sched_graph_compute_async_ext+0xecc

=== CUDA SYNC PROFILE (instrumentation only) ===
total_syncs = 23500
total_wait_ms = 13182.010
max_wait_us = 140882
sites = 5
wait_hist_us = logarithmic buckets
  hist[0] = 21216
  hist[1] = 1317
  hist[2] = 86
  hist[3] = 12
  hist[4] = 12
  hist[5] = 1
  hist[9] = 161
  hist[10] = 343
  hist[11] = 66
  hist[14] = 101
  hist[15] = 158
  hist[16] = 26
  hist[17] = 1
by_callsite (caller PC; symbolize with addr2line):
   0 caller=0x7bf768d5c0d2 calls=9466 total_ms=13173.923 avg_us=1391.710 max_us=140882
   1 caller=0x7bf768d6098c calls=7733 total_ms=3.142 avg_us=0.406 max_us=24
   2 caller=0x7bf768d6089c calls=2864 total_ms=2.506 avg_us=0.875 max_us=28
   3 caller=0x7bf768d5f852 calls=573 total_ms=1.279 avg_us=2.232 max_us=36
   4 caller=0x7bf768d60abd calls=2864 total_ms=1.160 avg_us=0.405 max_us=19
direct_cudaStreamSynchronize: calls=10373 total_ms=48.442 max_us=2586
by_direct_callsite (file:line):
   0 /opt/llama.cpp/ggml/src/ggml-cuda/ggml-cuda.cu:839 calls=10020 total_ms=42.078 avg_us=4.199 max_us=353
   1 /opt/llama.cpp/ggml/src/ggml-cuda/ggml-cuda.cu:900 calls=12 total_ms=5.896 avg_us=491.333 max_us=2586
   2 /opt/llama.cpp/ggml/src/ggml-cuda/ggml-cuda.cu:2665 calls=191 total_ms=0.313 avg_us=1.639 max_us=10
   3 /opt/llama.cpp/ggml/src/ggml-cuda/ggml-cuda.cu:847 calls=150 total_ms=0.155 avg_us=1.033 max_us=3
=== END CUDA SYNC PROFILE ===

=== CUDA SYNC PROFILE (instrumentation only) ===
total_syncs = 23572
total_wait_ms = 13184.134
max_wait_us = 140882
sites = 5
wait_hist_us = logarithmic buckets
  hist[0] = 21283
  hist[1] = 1320
  hist[2] = 86
  hist[3] = 12
  hist[4] = 12
  hist[5] = 1
  hist[9] = 162
  hist[10] = 344
  hist[11] = 66
  hist[14] = 101
  hist[15] = 158
  hist[16] = 26
  hist[17] = 1
by_callsite (caller PC; symbolize with addr2line):
   0 caller=0x7bf768d5c0d2 calls=9501 total_ms=13176.026 avg_us=1386.804 max_us=140882
   1 caller=0x7bf768d6098c calls=7753 total_ms=3.148 avg_us=0.406 max_us=24
   2 caller=0x7bf768d6089c calls=2872 total_ms=2.515 avg_us=0.876 max_us=28
   3 caller=0x7bf768d5f852 calls=574 total_ms=1.281 avg_us=2.232 max_us=36
   4 caller=0x7bf768d60abd calls=2872 total_ms=1.164 avg_us=0.405 max_us=19
direct_cudaStreamSynchronize: calls=10400 total_ms=48.545 max_us=2586
by_direct_callsite (file:line):
   0 /opt/llama.cpp/ggml/src/ggml-cuda/ggml-cuda.cu:839 calls=10047 total_ms=42.181 avg_us=4.198 max_us=353
   1 /opt/llama.cpp/ggml/src/ggml-cuda/ggml-cuda.cu:900 calls=12 total_ms=5.896 avg_us=491.333 max_us=2586
   2 /opt/llama.cpp/ggml/src/ggml-cuda/ggml-cuda.cu:2665 calls=191 total_ms=0.313 avg_us=1.639 max_us=10
   3 /opt/llama.cpp/ggml/src/ggml-cuda/ggml-cuda.cu:847 calls=150 total_ms=0.155 avg_us=1.033 max_us=3
=== END CUDA SYNC PROFILE ===
backend-sync-trace: count=23600 backend=CUDA0 caller=ggml_backend_sched_synchronize+0x62

=== CUDA SYNC PROFILE (instrumentation only) ===
total_syncs = 23600
total_wait_ms = 13222.380
max_wait_us = 140882
sites = 5
wait_hist_us = logarithmic buckets
  hist[0] = 21310
  hist[1] = 1320
  hist[2] = 86
  hist[3] = 12
  hist[4] = 12
  hist[5] = 1
  hist[9] = 162
  hist[10] = 344
  hist[11] = 66
  hist[14] = 101
  hist[15] = 159
  hist[16] = 26
  hist[17] = 1
by_callsite (caller PC; symbolize with addr2line):
   0 caller=0x7bf768d5c0d2 calls=9514 total_ms=13214.265 avg_us=1388.928 max_us=140882
   1 caller=0x7bf768d6098c calls=7763 total_ms=3.152 avg_us=0.406 max_us=24
   2 caller=0x7bf768d6089c calls=2874 total_ms=2.516 avg_us=0.875 max_us=28
   3 caller=0x7bf768d5f852 calls=575 total_ms=1.282 avg_us=2.230 max_us=36
   4 caller=0x7bf768d60abd calls=2874 total_ms=1.165 avg_us=0.405 max_us=19
direct_cudaStreamSynchronize: calls=10411 total_ms=48.586 max_us=2586
by_direct_callsite (file:line):
   0 /opt/llama.cpp/ggml/src/ggml-cuda/ggml-cuda.cu:839 calls=10058 total_ms=42.222 avg_us=4.198 max_us=353
   1 /opt/llama.cpp/ggml/src/ggml-cuda/ggml-cuda.cu:900 calls=12 total_ms=5.896 avg_us=491.333 max_us=2586
   2 /opt/llama.cpp/ggml/src/ggml-cuda/ggml-cuda.cu:2665 calls=191 total_ms=0.313 avg_us=1.639 max_us=10
   3 /opt/llama.cpp/ggml/src/ggml-cuda/ggml-cuda.cu:847 calls=150 total_ms=0.155 avg_us=1.033 max_us=3
=== END CUDA SYNC PROFILE ===
backend-sync-trace: count=23700 backend=CUDA0 caller=ggml_backend_sched_synchronize+0x62

=== CUDA SYNC PROFILE (instrumentation only) ===
total_syncs = 23700
total_wait_ms = 13257.751
max_wait_us = 140882
sites = 5
wait_hist_us = logarithmic buckets
  hist[0] = 21402
  hist[1] = 1324
  hist[2] = 86
  hist[3] = 12
  hist[4] = 12
  hist[5] = 1
  hist[9] = 162
  hist[10] = 347
  hist[11] = 66
  hist[14] = 102
  hist[15] = 159
  hist[16] = 26
  hist[17] = 1
by_callsite (caller PC; symbolize with addr2line):
   0 caller=0x7bf768d5c0d2 calls=9556 total_ms=13249.605 avg_us=1386.522 max_us=140882
   1 caller=0x7bf768d6098c calls=7794 total_ms=3.160 avg_us=0.405 max_us=24
   2 caller=0x7bf768d6089c calls=2886 total_ms=2.526 avg_us=0.875 max_us=28
   3 caller=0x7bf768d5f852 calls=578 total_ms=1.288 avg_us=2.228 max_us=36
   4 caller=0x7bf768d60abd calls=2886 total_ms=1.172 avg_us=0.406 max_us=19
direct_cudaStreamSynchronize: calls=10452 total_ms=48.746 max_us=2586
by_direct_callsite (file:line):
   0 /opt/llama.cpp/ggml/src/ggml-cuda/ggml-cuda.cu:839 calls=10099 total_ms=42.382 avg_us=4.197 max_us=353
   1 /opt/llama.cpp/ggml/src/ggml-cuda/ggml-cuda.cu:900 calls=12 total_ms=5.896 avg_us=491.333 max_us=2586
   2 /opt/llama.cpp/ggml/src/ggml-cuda/ggml-cuda.cu:2665 calls=191 total_ms=0.313 avg_us=1.639 max_us=10
   3 /opt/llama.cpp/ggml/src/ggml-cuda/ggml-cuda.cu:847 calls=150 total_ms=0.155 avg_us=1.033 max_us=3
=== END CUDA SYNC PROFILE ===
backend-sync-trace: count=23800 backend=CUDA0 caller=ggml_backend_sched_synchronize+0x62

=== CUDA SYNC PROFILE (instrumentation only) ===
total_syncs = 23800
total_wait_ms = 13300.931
max_wait_us = 140882
sites = 5
wait_hist_us = logarithmic buckets
  hist[0] = 21496
  hist[1] = 1326
  hist[2] = 86
  hist[3] = 12
  hist[4] = 12
  hist[5] = 1
  hist[9] = 163
  hist[10] = 349
  hist[11] = 66
  hist[14] = 102
  hist[15] = 160
  hist[16] = 26
  hist[17] = 1
by_callsite (caller PC; symbolize with addr2line):
   0 caller=0x7bf768d5c0d2 calls=9599 total_ms=13292.758 avg_us=1384.807 max_us=140882
   1 caller=0x7bf768d6098c calls=7825 total_ms=3.167 avg_us=0.405 max_us=24
   2 caller=0x7bf768d6089c calls=2898 total_ms=2.535 avg_us=0.875 max_us=28
   3 caller=0x7bf768d5f852 calls=580 total_ms=1.290 avg_us=2.224 max_us=36
   4 caller=0x7bf768d60abd calls=2898 total_ms=1.181 avg_us=0.408 max_us=19
direct_cudaStreamSynchronize: calls=10493 total_ms=48.908 max_us=2586
by_direct_callsite (file:line):
   0 /opt/llama.cpp/ggml/src/ggml-cuda/ggml-cuda.cu:839 calls=10140 total_ms=42.544 avg_us=4.196 max_us=353
   1 /opt/llama.cpp/ggml/src/ggml-cuda/ggml-cuda.cu:900 calls=12 total_ms=5.896 avg_us=491.333 max_us=2586
   2 /opt/llama.cpp/ggml/src/ggml-cuda/ggml-cuda.cu:2665 calls=191 total_ms=0.313 avg_us=1.639 max_us=10
   3 /opt/llama.cpp/ggml/src/ggml-cuda/ggml-cuda.cu:847 calls=150 total_ms=0.155 avg_us=1.033 max_us=3
=== END CUDA SYNC PROFILE ===

=== CUDA SYNC PROFILE (instrumentation only) ===
total_syncs = 23813
total_wait_ms = 13300.937
max_wait_us = 140882
sites = 5
wait_hist_us = logarithmic buckets
  hist[0] = 21508
  hist[1] = 1327
  hist[2] = 86
  hist[3] = 12
  hist[4] = 12
  hist[5] = 1
  hist[9] = 163
  hist[10] = 349
  hist[11] = 66
  hist[14] = 102
  hist[15] = 160
  hist[16] = 26
  hist[17] = 1
by_callsite (caller PC; symbolize with addr2line):
   0 caller=0x7bf768d5c0d2 calls=9600 total_ms=13292.759 avg_us=1384.662 max_us=140882
   1 caller=0x7bf768d6098c calls=7829 total_ms=3.168 avg_us=0.405 max_us=24
   2 caller=0x7bf768d6089c calls=2902 total_ms=2.538 avg_us=0.875 max_us=28
   3 caller=0x7bf768d5f852 calls=580 total_ms=1.290 avg_us=2.224 max_us=36
   4 caller=0x7bf768d60abd calls=2902 total_ms=1.182 avg_us=0.407 max_us=19
direct_cudaStreamSynchronize: calls=10500 total_ms=48.954 max_us=2586
by_direct_callsite (file:line):
   0 /opt/llama.cpp/ggml/src/ggml-cuda/ggml-cuda.cu:839 calls=10147 total_ms=42.590 avg_us=4.197 max_us=353
   1 /opt/llama.cpp/ggml/src/ggml-cuda/ggml-cuda.cu:900 calls=12 total_ms=5.896 avg_us=491.333 max_us=2586
   2 /opt/llama.cpp/ggml/src/ggml-cuda/ggml-cuda.cu:2665 calls=191 total_ms=0.313 avg_us=1.639 max_us=10
   3 /opt/llama.cpp/ggml/src/ggml-cuda/ggml-cuda.cu:847 calls=150 total_ms=0.155 avg_us=1.033 max_us=3
=== END CUDA SYNC PROFILE ===
backend-sync-trace: count=23900 backend=CUDA0 caller=ggml_backend_sched_graph_compute_async_ext+0xecc

=== CUDA SYNC PROFILE (instrumentation only) ===
total_syncs = 23900
total_wait_ms = 13330.053
max_wait_us = 140882
sites = 5
wait_hist_us = logarithmic buckets
  hist[0] = 21587
  hist[1] = 1331
  hist[2] = 86
  hist[3] = 13
  hist[4] = 12
  hist[5] = 1
  hist[9] = 164
  hist[10] = 350
  hist[11] = 66
  hist[14] = 103
  hist[15] = 160
  hist[16] = 26
  hist[17] = 1
by_callsite (caller PC; symbolize with addr2line):
   0 caller=0x7bf768d5c0d2 calls=9637 total_ms=13321.837 avg_us=1382.363 max_us=140882
   1 caller=0x7bf768d6098c calls=7857 total_ms=3.191 avg_us=0.406 max_us=24
   2 caller=0x7bf768d6089c calls=2912 total_ms=2.546 avg_us=0.874 max_us=28
   3 caller=0x7bf768d5f852 calls=582 total_ms=1.294 avg_us=2.223 max_us=36
   4 caller=0x7bf768d60abd calls=2912 total_ms=1.185 avg_us=0.407 max_us=19
direct_cudaStreamSynchronize: calls=10535 total_ms=49.094 max_us=2586
by_direct_callsite (file:line):
   0 /opt/llama.cpp/ggml/src/ggml-cuda/ggml-cuda.cu:839 calls=10182 total_ms=42.730 avg_us=4.197 max_us=353
   1 /opt/llama.cpp/ggml/src/ggml-cuda/ggml-cuda.cu:900 calls=12 total_ms=5.896 avg_us=491.333 max_us=2586
   2 /opt/llama.cpp/ggml/src/ggml-cuda/ggml-cuda.cu:2665 calls=191 total_ms=0.313 avg_us=1.639 max_us=10
   3 /opt/llama.cpp/ggml/src/ggml-cuda/ggml-cuda.cu:847 calls=150 total_ms=0.155 avg_us=1.033 max_us=3
=== END CUDA SYNC PROFILE ===
backend-sync-trace: count=24000 backend=CUDA0 caller=ggml_backend_sched_graph_compute_async_ext+0xddc

=== CUDA SYNC PROFILE (instrumentation only) ===
total_syncs = 24000
total_wait_ms = 13413.381
max_wait_us = 140882
sites = 5
wait_hist_us = logarithmic buckets
  hist[0] = 21679
  hist[1] = 1335
  hist[2] = 86
  hist[3] = 13
  hist[4] = 12
  hist[5] = 1
  hist[9] = 164
  hist[10] = 352
  hist[11] = 66
  hist[14] = 103
  hist[15] = 162
  hist[16] = 26
  hist[17] = 1
by_callsite (caller PC; symbolize with addr2line):
   0 caller=0x7bf768d5c0d2 calls=9676 total_ms=13405.137 avg_us=1385.401 max_us=140882
   1 caller=0x7bf768d6098c calls=7894 total_ms=3.204 avg_us=0.406 max_us=24
   2 caller=0x7bf768d6089c calls=2923 total_ms=2.553 avg_us=0.873 max_us=28
   3 caller=0x7bf768d5f852 calls=585 total_ms=1.300 avg_us=2.222 max_us=36
   4 caller=0x7bf768d60abd calls=2922 total_ms=1.187 avg_us=0.406 max_us=19
direct_cudaStreamSynchronize: calls=10581 total_ms=49.284 max_us=2586
by_direct_callsite (file:line):
   0 /opt/llama.cpp/ggml/src/ggml-cuda/ggml-cuda.cu:839 calls=10228 total_ms=42.920 avg_us=4.196 max_us=353
   1 /opt/llama.cpp/ggml/src/ggml-cuda/ggml-cuda.cu:900 calls=12 total_ms=5.896 avg_us=491.333 max_us=2586
   2 /opt/llama.cpp/ggml/src/ggml-cuda/ggml-cuda.cu:2665 calls=191 total_ms=0.313 avg_us=1.639 max_us=10
   3 /opt/llama.cpp/ggml/src/ggml-cuda/ggml-cuda.cu:847 calls=150 total_ms=0.155 avg_us=1.033 max_us=3
=== END CUDA SYNC PROFILE ===

=== CUDA SYNC PROFILE (instrumentation only) ===
total_syncs = 24063
total_wait_ms = 13416.304
max_wait_us = 140882
sites = 5
wait_hist_us = logarithmic buckets
  hist[0] = 21736
  hist[1] = 1339
  hist[2] = 86
  hist[3] = 13
  hist[4] = 12
  hist[5] = 1
  hist[9] = 164
  hist[10] = 354
  hist[11] = 66
  hist[14] = 103
  hist[15] = 162
  hist[16] = 26
  hist[17] = 1
by_callsite (caller PC; symbolize with addr2line):
   0 caller=0x7bf768d5c0d2 calls=9711 total_ms=13408.043 avg_us=1380.707 max_us=140882
   1 caller=0x7bf768d6098c calls=7906 total_ms=3.208 avg_us=0.406 max_us=24
   2 caller=0x7bf768d6089c calls=2930 total_ms=2.561 avg_us=0.874 max_us=28
   3 caller=0x7bf768d5f852 calls=586 total_ms=1.303 avg_us=2.224 max_us=36
   4 caller=0x7bf768d60abd calls=2930 total_ms=1.189 avg_us=0.406 max_us=19
direct_cudaStreamSynchronize: calls=10600 total_ms=49.362 max_us=2586
by_direct_callsite (file:line):
   0 /opt/llama.cpp/ggml/src/ggml-cuda/ggml-cuda.cu:839 calls=10247 total_ms=42.998 avg_us=4.196 max_us=353
   1 /opt/llama.cpp/ggml/src/ggml-cuda/ggml-cuda.cu:900 calls=12 total_ms=5.896 avg_us=491.333 max_us=2586
   2 /opt/llama.cpp/ggml/src/ggml-cuda/ggml-cuda.cu:2665 calls=191 total_ms=0.313 avg_us=1.639 max_us=10
   3 /opt/llama.cpp/ggml/src/ggml-cuda/ggml-cuda.cu:847 calls=150 total_ms=0.155 avg_us=1.033 max_us=3
=== END CUDA SYNC PROFILE ===
backend-sync-trace: count=24100 backend=CUDA0 caller=ggml_backend_sched_synchronize+0x62

=== CUDA SYNC PROFILE (instrumentation only) ===
total_syncs = 24100
total_wait_ms = 13455.114
max_wait_us = 140882
sites = 5
wait_hist_us = logarithmic buckets
  hist[0] = 21769
  hist[1] = 1340
  hist[2] = 88
  hist[3] = 13
  hist[4] = 12
  hist[5] = 1
  hist[9] = 164
  hist[10] = 354
  hist[11] = 66
  hist[14] = 103
  hist[15] = 163
  hist[16] = 26
  hist[17] = 1
by_callsite (caller PC; symbolize with addr2line):
   0 caller=0x7bf768d5c0d2 calls=9720 total_ms=13446.842 avg_us=1383.420 max_us=140882
   1 caller=0x7bf768d6098c calls=7925 total_ms=3.213 avg_us=0.405 max_us=24
   2 caller=0x7bf768d6089c calls=2934 total_ms=2.564 avg_us=0.874 max_us=28
   3 caller=0x7bf768d5f852 calls=587 total_ms=1.306 avg_us=2.225 max_us=36
   4 caller=0x7bf768d60abd calls=2934 total_ms=1.189 avg_us=0.405 max_us=19
direct_cudaStreamSynchronize: calls=10621 total_ms=49.455 max_us=2586
by_direct_callsite (file:line):
   0 /opt/llama.cpp/ggml/src/ggml-cuda/ggml-cuda.cu:839 calls=10268 total_ms=43.091 avg_us=4.197 max_us=353
   1 /opt/llama.cpp/ggml/src/ggml-cuda/ggml-cuda.cu:900 calls=12 total_ms=5.896 avg_us=491.333 max_us=2586
   2 /opt/llama.cpp/ggml/src/ggml-cuda/ggml-cuda.cu:2665 calls=191 total_ms=0.313 avg_us=1.639 max_us=10
   3 /opt/llama.cpp/ggml/src/ggml-cuda/ggml-cuda.cu:847 calls=150 total_ms=0.155 avg_us=1.033 max_us=3
=== END CUDA SYNC PROFILE ===
backend-sync-trace: count=24200 backend=CUDA0 caller=ggml_backend_sched_graph_compute_async_ext+0xffd

=== CUDA SYNC PROFILE (instrumentation only) ===
total_syncs = 24200
total_wait_ms = 13524.754
max_wait_us = 140882
sites = 5
wait_hist_us = logarithmic buckets
  hist[0] = 21855
  hist[1] = 1347
  hist[2] = 90
  hist[3] = 13
  hist[4] = 13
  hist[5] = 1
  hist[9] = 165
  hist[10] = 355
  hist[11] = 67
  hist[14] = 103
  hist[15] = 164
  hist[16] = 26
  hist[17] = 1
by_callsite (caller PC; symbolize with addr2line):
   0 caller=0x7bf768d5c0d2 calls=9760 total_ms=13516.426 avg_us=1384.880 max_us=140882
   1 caller=0x7bf768d6098c calls=7956 total_ms=3.242 avg_us=0.407 max_us=24
   2 caller=0x7bf768d6089c calls=2947 total_ms=2.578 avg_us=0.875 max_us=28
   3 caller=0x7bf768d5f852 calls=590 total_ms=1.314 avg_us=2.227 max_us=36
   4 caller=0x7bf768d60abd calls=2947 total_ms=1.194 avg_us=0.405 max_us=19
direct_cudaStreamSynchronize: calls=10662 total_ms=49.645 max_us=2586
by_direct_callsite (file:line):
   0 /opt/llama.cpp/ggml/src/ggml-cuda/ggml-cuda.cu:839 calls=10309 total_ms=43.281 avg_us=4.198 max_us=353
   1 /opt/llama.cpp/ggml/src/ggml-cuda/ggml-cuda.cu:900 calls=12 total_ms=5.896 avg_us=491.333 max_us=2586
   2 /opt/llama.cpp/ggml/src/ggml-cuda/ggml-cuda.cu:2665 calls=191 total_ms=0.313 avg_us=1.639 max_us=10
   3 /opt/llama.cpp/ggml/src/ggml-cuda/ggml-cuda.cu:847 calls=150 total_ms=0.155 avg_us=1.033 max_us=3
=== END CUDA SYNC PROFILE ===

=== CUDA SYNC PROFILE (instrumentation only) ===
total_syncs = 24277
total_wait_ms = 13558.270
max_wait_us = 140882
sites = 5
wait_hist_us = logarithmic buckets
  hist[0] = 21925
  hist[1] = 1351
  hist[2] = 90
  hist[3] = 13
  hist[4] = 13
  hist[5] = 1
  hist[9] = 166
  hist[10] = 356
  hist[11] = 67
  hist[14] = 104
  hist[15] = 164
  hist[16] = 26
  hist[17] = 1
by_callsite (caller PC; symbolize with addr2line):
   0 caller=0x7bf768d5c0d2 calls=9785 total_ms=13549.920 avg_us=1384.764 max_us=140882
   1 caller=0x7bf768d6098c calls=7984 total_ms=3.250 avg_us=0.407 max_us=24
   2 caller=0x7bf768d6089c calls=2958 total_ms=2.585 avg_us=0.874 max_us=28
   3 caller=0x7bf768d5f852 calls=592 total_ms=1.318 avg_us=2.226 max_us=36
   4 caller=0x7bf768d60abd calls=2958 total_ms=1.197 avg_us=0.405 max_us=19
direct_cudaStreamSynchronize: calls=10700 total_ms=49.796 max_us=2586
by_direct_callsite (file:line):
   0 /opt/llama.cpp/ggml/src/ggml-cuda/ggml-cuda.cu:839 calls=10347 total_ms=43.432 avg_us=4.198 max_us=353
   1 /opt/llama.cpp/ggml/src/ggml-cuda/ggml-cuda.cu:900 calls=12 total_ms=5.896 avg_us=491.333 max_us=2586
   2 /opt/llama.cpp/ggml/src/ggml-cuda/ggml-cuda.cu:2665 calls=191 total_ms=0.313 avg_us=1.639 max_us=10
   3 /opt/llama.cpp/ggml/src/ggml-cuda/ggml-cuda.cu:847 calls=150 total_ms=0.155 avg_us=1.033 max_us=3
=== END CUDA SYNC PROFILE ===
backend-sync-trace: count=24300 backend=CUDA0 caller=ggml_backend_sched_graph_compute_async_ext+0xecc

=== CUDA SYNC PROFILE (instrumentation only) ===
total_syncs = 24300
total_wait_ms = 13560.317
max_wait_us = 140882
sites = 5
wait_hist_us = logarithmic buckets
  hist[0] = 21946
  hist[1] = 1352
  hist[2] = 90
  hist[3] = 13
  hist[4] = 13
  hist[5] = 1
  hist[9] = 166
  hist[10] = 357
  hist[11] = 67
  hist[14] = 104
  hist[15] = 164
  hist[16] = 26
  hist[17] = 1
by_callsite (caller PC; symbolize with addr2line):
   0 caller=0x7bf768d5c0d2 calls=9792 total_ms=13551.958 avg_us=1383.983 max_us=140882
   1 caller=0x7bf768d6098c calls=7992 total_ms=3.253 avg_us=0.407 max_us=24
   2 caller=0x7bf768d6089c calls=2962 total_ms=2.588 avg_us=0.874 max_us=28
   3 caller=0x7bf768d5f852 calls=592 total_ms=1.318 avg_us=2.226 max_us=36
   4 caller=0x7bf768d60abd calls=2962 total_ms=1.200 avg_us=0.405 max_us=19
direct_cudaStreamSynchronize: calls=10710 total_ms=49.851 max_us=2586
by_direct_callsite (file:line):
   0 /opt/llama.cpp/ggml/src/ggml-cuda/ggml-cuda.cu:839 calls=10357 total_ms=43.487 avg_us=4.199 max_us=353
   1 /opt/llama.cpp/ggml/src/ggml-cuda/ggml-cuda.cu:900 calls=12 total_ms=5.896 avg_us=491.333 max_us=2586
   2 /opt/llama.cpp/ggml/src/ggml-cuda/ggml-cuda.cu:2665 calls=191 total_ms=0.313 avg_us=1.639 max_us=10
   3 /opt/llama.cpp/ggml/src/ggml-cuda/ggml-cuda.cu:847 calls=150 total_ms=0.155 avg_us=1.033 max_us=3
=== END CUDA SYNC PROFILE ===
backend-sync-trace: count=24400 backend=CUDA0 caller=ggml_backend_sched_graph_compute_async_ext+0xddc

=== CUDA SYNC PROFILE (instrumentation only) ===
total_syncs = 24400
total_wait_ms = 13674.877
max_wait_us = 140882
sites = 5
wait_hist_us = logarithmic buckets
  hist[0] = 22035
  hist[1] = 1358
  hist[2] = 91
  hist[3] = 13
  hist[4] = 13
  hist[5] = 1
  hist[9] = 166
  hist[10] = 359
  hist[11] = 67
  hist[14] = 104
  hist[15] = 166
  hist[16] = 26
  hist[17] = 1
by_callsite (caller PC; symbolize with addr2line):
   0 caller=0x7bf768d5c0d2 calls=9831 total_ms=13666.484 avg_us=1390.142 max_us=140882
   1 caller=0x7bf768d6098c calls=8029 total_ms=3.267 avg_us=0.407 max_us=24
   2 caller=0x7bf768d6089c calls=2973 total_ms=2.600 avg_us=0.875 max_us=28
   3 caller=0x7bf768d5f852 calls=595 total_ms=1.324 avg_us=2.225 max_us=36
   4 caller=0x7bf768d60abd calls=2972 total_ms=1.202 avg_us=0.404 max_us=19
direct_cudaStreamSynchronize: calls=10756 total_ms=50.045 max_us=2586
by_direct_callsite (file:line):
   0 /opt/llama.cpp/ggml/src/ggml-cuda/ggml-cuda.cu:839 calls=10403 total_ms=43.681 avg_us=4.199 max_us=353
   1 /opt/llama.cpp/ggml/src/ggml-cuda/ggml-cuda.cu:900 calls=12 total_ms=5.896 avg_us=491.333 max_us=2586
   2 /opt/llama.cpp/ggml/src/ggml-cuda/ggml-cuda.cu:2665 calls=191 total_ms=0.313 avg_us=1.639 max_us=10
   3 /opt/llama.cpp/ggml/src/ggml-cuda/ggml-cuda.cu:847 calls=150 total_ms=0.155 avg_us=1.033 max_us=3
=== END CUDA SYNC PROFILE ===
backend-sync-trace: count=24500 backend=CUDA0 caller=ggml_backend_sched_synchronize+0x62

=== CUDA SYNC PROFILE (instrumentation only) ===
total_syncs = 24500
total_wait_ms = 13726.121
max_wait_us = 140882
sites = 5
wait_hist_us = logarithmic buckets
  hist[0] = 22129
  hist[1] = 1361
  hist[2] = 91
  hist[3] = 13
  hist[4] = 13
  hist[5] = 1
  hist[9] = 166
  hist[10] = 361
  hist[11] = 67
  hist[14] = 104
  hist[15] = 167
  hist[16] = 26
  hist[17] = 1
by_callsite (caller PC; symbolize with addr2line):
   0 caller=0x7bf768d5c0d2 calls=9875 total_ms=13717.706 avg_us=1389.135 max_us=140882
   1 caller=0x7bf768d6098c calls=8060 total_ms=3.277 avg_us=0.407 max_us=24
   2 caller=0x7bf768d6089c calls=2984 total_ms=2.605 avg_us=0.873 max_us=28
   3 caller=0x7bf768d5f852 calls=597 total_ms=1.328 avg_us=2.224 max_us=36
   4 caller=0x7bf768d60abd calls=2984 total_ms=1.205 avg_us=0.404 max_us=19
direct_cudaStreamSynchronize: calls=10796 total_ms=50.214 max_us=2586
by_direct_callsite (file:line):
   0 /opt/llama.cpp/ggml/src/ggml-cuda/ggml-cuda.cu:839 calls=10443 total_ms=43.850 avg_us=4.199 max_us=353
   1 /opt/llama.cpp/ggml/src/ggml-cuda/ggml-cuda.cu:900 calls=12 total_ms=5.896 avg_us=491.333 max_us=2586
   2 /opt/llama.cpp/ggml/src/ggml-cuda/ggml-cuda.cu:2665 calls=191 total_ms=0.313 avg_us=1.639 max_us=10
   3 /opt/llama.cpp/ggml/src/ggml-cuda/ggml-cuda.cu:847 calls=150 total_ms=0.155 avg_us=1.033 max_us=3
=== END CUDA SYNC PROFILE ===

=== CUDA SYNC PROFILE (instrumentation only) ===
total_syncs = 24521
total_wait_ms = 13726.134
max_wait_us = 140882
sites = 5
wait_hist_us = logarithmic buckets
  hist[0] = 22149
  hist[1] = 1362
  hist[2] = 91
  hist[3] = 13
  hist[4] = 13
  hist[5] = 1
  hist[9] = 166
  hist[10] = 361
  hist[11] = 67
  hist[14] = 104
  hist[15] = 167
  hist[16] = 26
  hist[17] = 1
by_callsite (caller PC; symbolize with addr2line):
   0 caller=0x7bf768d5c0d2 calls=9889 total_ms=13717.713 avg_us=1387.169 max_us=140882
   1 caller=0x7bf768d6098c calls=8062 total_ms=3.278 avg_us=0.407 max_us=24
   2 caller=0x7bf768d6089c calls=2986 total_ms=2.607 avg_us=0.873 max_us=28
   3 caller=0x7bf768d5f852 calls=598 total_ms=1.330 avg_us=2.224 max_us=36
   4 caller=0x7bf768d60abd calls=2986 total_ms=1.206 avg_us=0.404 max_us=19
direct_cudaStreamSynchronize: calls=10800 total_ms=50.229 max_us=2586
by_direct_callsite (file:line):
   0 /opt/llama.cpp/ggml/src/ggml-cuda/ggml-cuda.cu:839 calls=10447 total_ms=43.865 avg_us=4.199 max_us=353
   1 /opt/llama.cpp/ggml/src/ggml-cuda/ggml-cuda.cu:900 calls=12 total_ms=5.896 avg_us=491.333 max_us=2586
   2 /opt/llama.cpp/ggml/src/ggml-cuda/ggml-cuda.cu:2665 calls=191 total_ms=0.313 avg_us=1.639 max_us=10
   3 /opt/llama.cpp/ggml/src/ggml-cuda/ggml-cuda.cu:847 calls=150 total_ms=0.155 avg_us=1.033 max_us=3
=== END CUDA SYNC PROFILE ===
1.18.942.817 I slot print_timing: id  0 | task 0 | n_gen =    676, tg =  44.77 t/s, tg_3s =  44.63 t/s
backend-sync-trace: count=24600 backend=CUDA0 caller=ggml_backend_sched_synchronize+0x62

=== CUDA SYNC PROFILE (instrumentation only) ===
total_syncs = 24600
total_wait_ms = 13788.708
max_wait_us = 140882
sites = 5
wait_hist_us = logarithmic buckets
  hist[0] = 22221
  hist[1] = 1365
  hist[2] = 91
  hist[3] = 13
  hist[4] = 13
  hist[5] = 1
  hist[9] = 166
  hist[10] = 363
  hist[11] = 68
  hist[14] = 104
  hist[15] = 168
  hist[16] = 26
  hist[17] = 1
by_callsite (caller PC; symbolize with addr2line):
   0 caller=0x7bf768d5c0d2 calls=9917 total_ms=13780.265 avg_us=1389.560 max_us=140882
   1 caller=0x7bf768d6098c calls=8091 total_ms=3.284 avg_us=0.406 max_us=24
   2 caller=0x7bf768d6089c calls=2996 total_ms=2.616 avg_us=0.873 max_us=28
   3 caller=0x7bf768d5f852 calls=600 total_ms=1.334 avg_us=2.223 max_us=36
   4 caller=0x7bf768d60abd calls=2996 total_ms=1.209 avg_us=0.404 max_us=19
direct_cudaStreamSynchronize: calls=10837 total_ms=50.377 max_us=2586
by_direct_callsite (file:line):
   0 /opt/llama.cpp/ggml/src/ggml-cuda/ggml-cuda.cu:839 calls=10484 total_ms=44.013 avg_us=4.198 max_us=353
   1 /opt/llama.cpp/ggml/src/ggml-cuda/ggml-cuda.cu:900 calls=12 total_ms=5.896 avg_us=491.333 max_us=2586
   2 /opt/llama.cpp/ggml/src/ggml-cuda/ggml-cuda.cu:2665 calls=191 total_ms=0.313 avg_us=1.639 max_us=10
   3 /opt/llama.cpp/ggml/src/ggml-cuda/ggml-cuda.cu:847 calls=150 total_ms=0.155 avg_us=1.033 max_us=3
=== END CUDA SYNC PROFILE ===
backend-sync-trace: count=24700 backend=CUDA0 caller=ggml_backend_sched_graph_compute_async_ext+0xddc

=== CUDA SYNC PROFILE (instrumentation only) ===
total_syncs = 24700
total_wait_ms = 13832.629
max_wait_us = 140882
sites = 5
wait_hist_us = logarithmic buckets
  hist[0] = 22312
  hist[1] = 1370
  hist[2] = 91
  hist[3] = 13
  hist[4] = 13
  hist[5] = 1
  hist[9] = 166
  hist[10] = 365
  hist[11] = 69
  hist[14] = 104
  hist[15] = 169
  hist[16] = 26
  hist[17] = 1
by_callsite (caller PC; symbolize with addr2line):
   0 caller=0x7bf768d5c0d2 calls=9953 total_ms=13824.152 avg_us=1388.943 max_us=140882
   1 caller=0x7bf768d6098c calls=8122 total_ms=3.296 avg_us=0.406 max_us=24
   2 caller=0x7bf768d6089c calls=3012 total_ms=2.626 avg_us=0.872 max_us=28
   3 caller=0x7bf768d5f852 calls=602 total_ms=1.338 avg_us=2.223 max_us=36
   4 caller=0x7bf768d60abd calls=3011 total_ms=1.217 avg_us=0.404 max_us=19
direct_cudaStreamSynchronize: calls=10880 total_ms=50.551 max_us=2586
by_direct_callsite (file:line):
   0 /opt/llama.cpp/ggml/src/ggml-cuda/ggml-cuda.cu:839 calls=10527 total_ms=44.187 avg_us=4.197 max_us=353
   1 /opt/llama.cpp/ggml/src/ggml-cuda/ggml-cuda.cu:900 calls=12 total_ms=5.896 avg_us=491.333 max_us=2586
   2 /opt/llama.cpp/ggml/src/ggml-cuda/ggml-cuda.cu:2665 calls=191 total_ms=0.313 avg_us=1.639 max_us=10
   3 /opt/llama.cpp/ggml/src/ggml-cuda/ggml-cuda.cu:847 calls=150 total_ms=0.155 avg_us=1.033 max_us=3
=== END CUDA SYNC PROFILE ===

=== CUDA SYNC PROFILE (instrumentation only) ===
total_syncs = 24725
total_wait_ms = 13876.818
max_wait_us = 140882
sites = 5
wait_hist_us = logarithmic buckets
  hist[0] = 22335
  hist[1] = 1371
  hist[2] = 91
  hist[3] = 13
  hist[4] = 13
  hist[5] = 1
  hist[9] = 166
  hist[10] = 365
  hist[11] = 69
  hist[14] = 104
  hist[15] = 170
  hist[16] = 26
  hist[17] = 1
by_callsite (caller PC; symbolize with addr2line):
   0 caller=0x7bf768d5c0d2 calls=9955 total_ms=13868.331 avg_us=1393.102 max_us=140882
   1 caller=0x7bf768d6098c calls=8139 total_ms=3.303 avg_us=0.406 max_us=24
   2 caller=0x7bf768d6089c calls=3014 total_ms=2.627 avg_us=0.872 max_us=28
   3 caller=0x7bf768d5f852 calls=603 total_ms=1.340 avg_us=2.222 max_us=36
   4 caller=0x7bf768d60abd calls=3014 total_ms=1.217 avg_us=0.404 max_us=19
direct_cudaStreamSynchronize: calls=10900 total_ms=50.642 max_us=2586
by_direct_callsite (file:line):
   0 /opt/llama.cpp/ggml/src/ggml-cuda/ggml-cuda.cu:839 calls=10547 total_ms=44.278 avg_us=4.198 max_us=353
   1 /opt/llama.cpp/ggml/src/ggml-cuda/ggml-cuda.cu:900 calls=12 total_ms=5.896 avg_us=491.333 max_us=2586
   2 /opt/llama.cpp/ggml/src/ggml-cuda/ggml-cuda.cu:2665 calls=191 total_ms=0.313 avg_us=1.639 max_us=10
   3 /opt/llama.cpp/ggml/src/ggml-cuda/ggml-cuda.cu:847 calls=150 total_ms=0.155 avg_us=1.033 max_us=3
=== END CUDA SYNC PROFILE ===
backend-sync-trace: count=24800 backend=CUDA0 caller=ggml_backend_sched_graph_compute_async_ext+0xddc

=== CUDA SYNC PROFILE (instrumentation only) ===
total_syncs = 24800
total_wait_ms = 13926.544
max_wait_us = 140882
sites = 5
wait_hist_us = logarithmic buckets
  hist[0] = 22404
  hist[1] = 1374
  hist[2] = 91
  hist[3] = 13
  hist[4] = 13
  hist[5] = 1
  hist[9] = 166
  hist[10] = 367
  hist[11] = 69
  hist[14] = 104
  hist[15] = 171
  hist[16] = 26
  hist[17] = 1
by_callsite (caller PC; symbolize with addr2line):
   0 caller=0x7bf768d5c0d2 calls=9986 total_ms=13918.041 avg_us=1393.755 max_us=140882
   1 caller=0x7bf768d6098c calls=8164 total_ms=3.308 avg_us=0.405 max_us=24
   2 caller=0x7bf768d6089c calls=3023 total_ms=2.634 avg_us=0.871 max_us=28
   3 caller=0x7bf768d5f852 calls=605 total_ms=1.344 avg_us=2.221 max_us=36
   4 caller=0x7bf768d60abd calls=3022 total_ms=1.217 avg_us=0.403 max_us=19
direct_cudaStreamSynchronize: calls=10931 total_ms=50.758 max_us=2586
by_direct_callsite (file:line):
   0 /opt/llama.cpp/ggml/src/ggml-cuda/ggml-cuda.cu:839 calls=10578 total_ms=44.394 avg_us=4.197 max_us=353
   1 /opt/llama.cpp/ggml/src/ggml-cuda/ggml-cuda.cu:900 calls=12 total_ms=5.896 avg_us=491.333 max_us=2586
   2 /opt/llama.cpp/ggml/src/ggml-cuda/ggml-cuda.cu:2665 calls=191 total_ms=0.313 avg_us=1.639 max_us=10
   3 /opt/llama.cpp/ggml/src/ggml-cuda/ggml-cuda.cu:847 calls=150 total_ms=0.155 avg_us=1.033 max_us=3
=== END CUDA SYNC PROFILE ===
backend-sync-trace: count=24900 backend=CUDA0 caller=ggml_backend_sched_synchronize+0x62

=== CUDA SYNC PROFILE (instrumentation only) ===
total_syncs = 24900
total_wait_ms = 13961.301
max_wait_us = 140882
sites = 5
wait_hist_us = logarithmic buckets
  hist[0] = 22495
  hist[1] = 1379
  hist[2] = 91
  hist[3] = 13
  hist[4] = 14
  hist[5] = 1
  hist[9] = 167
  hist[10] = 368
  hist[11] = 69
  hist[14] = 105
  hist[15] = 171
  hist[16] = 26
  hist[17] = 1
by_callsite (caller PC; symbolize with addr2line):
   0 caller=0x7bf768d5c0d2 calls=10030 total_ms=13952.768 avg_us=1391.103 max_us=140882
   1 caller=0x7bf768d6098c calls=8195 total_ms=3.318 avg_us=0.405 max_us=24
   2 caller=0x7bf768d6089c calls=3034 total_ms=2.644 avg_us=0.871 max_us=28
   3 caller=0x7bf768d5f852 calls=607 total_ms=1.348 avg_us=2.221 max_us=36
   4 caller=0x7bf768d60abd calls=3034 total_ms=1.223 avg_us=0.403 max_us=19
direct_cudaStreamSynchronize: calls=10971 total_ms=50.924 max_us=2586
by_direct_callsite (file:line):
   0 /opt/llama.cpp/ggml/src/ggml-cuda/ggml-cuda.cu:839 calls=10618 total_ms=44.560 avg_us=4.197 max_us=353
   1 /opt/llama.cpp/ggml/src/ggml-cuda/ggml-cuda.cu:900 calls=12 total_ms=5.896 avg_us=491.333 max_us=2586
   2 /opt/llama.cpp/ggml/src/ggml-cuda/ggml-cuda.cu:2665 calls=191 total_ms=0.313 avg_us=1.639 max_us=10
   3 /opt/llama.cpp/ggml/src/ggml-cuda/ggml-cuda.cu:847 calls=150 total_ms=0.155 avg_us=1.033 max_us=3
=== END CUDA SYNC PROFILE ===

=== CUDA SYNC PROFILE (instrumentation only) ===
total_syncs = 24955
total_wait_ms = 13963.425
max_wait_us = 140882
sites = 5
wait_hist_us = logarithmic buckets
  hist[0] = 22546
  hist[1] = 1381
  hist[2] = 91
  hist[3] = 13
  hist[4] = 14
  hist[5] = 1
  hist[9] = 168
  hist[10] = 369
  hist[11] = 69
  hist[14] = 105
  hist[15] = 171
  hist[16] = 26
  hist[17] = 1
by_callsite (caller PC; symbolize with addr2line):
   0 caller=0x7bf768d5c0d2 calls=10046 total_ms=13954.870 avg_us=1389.097 max_us=140882
   1 caller=0x7bf768d6098c calls=8217 total_ms=3.327 avg_us=0.405 max_us=24
   2 caller=0x7bf768d6089c calls=3042 total_ms=2.652 avg_us=0.872 max_us=28
   3 caller=0x7bf768d5f852 calls=608 total_ms=1.350 avg_us=2.220 max_us=36
   4 caller=0x7bf768d60abd calls=3042 total_ms=1.226 avg_us=0.403 max_us=19
direct_cudaStreamSynchronize: calls=11000 total_ms=51.040 max_us=2586
by_direct_callsite (file:line):
   0 /opt/llama.cpp/ggml/src/ggml-cuda/ggml-cuda.cu:839 calls=10647 total_ms=44.676 avg_us=4.196 max_us=353
   1 /opt/llama.cpp/ggml/src/ggml-cuda/ggml-cuda.cu:900 calls=12 total_ms=5.896 avg_us=491.333 max_us=2586
   2 /opt/llama.cpp/ggml/src/ggml-cuda/ggml-cuda.cu:2665 calls=191 total_ms=0.313 avg_us=1.639 max_us=10
   3 /opt/llama.cpp/ggml/src/ggml-cuda/ggml-cuda.cu:847 calls=150 total_ms=0.155 avg_us=1.033 max_us=3
=== END CUDA SYNC PROFILE ===
backend-sync-trace: count=25000 backend=CUDA0 caller=ggml_backend_sched_synchronize+0x62

=== CUDA SYNC PROFILE (instrumentation only) ===
total_syncs = 25000
total_wait_ms = 13998.685
max_wait_us = 140882
sites = 5
wait_hist_us = logarithmic buckets
  hist[0] = 22585
  hist[1] = 1385
  hist[2] = 91
  hist[3] = 13
  hist[4] = 14
  hist[5] = 1
  hist[9] = 168
  hist[10] = 370
  hist[11] = 69
  hist[14] = 105
  hist[15] = 172
  hist[16] = 26
  hist[17] = 1
by_callsite (caller PC; symbolize with addr2line):
   0 caller=0x7bf768d5c0d2 calls=10072 total_ms=13990.123 avg_us=1389.011 max_us=140882
   1 caller=0x7bf768d6098c calls=8226 total_ms=3.328 avg_us=0.405 max_us=24
   2 caller=0x7bf768d6089c calls=3046 total_ms=2.654 avg_us=0.871 max_us=28
   3 caller=0x7bf768d5f852 calls=610 total_ms=1.354 avg_us=2.220 max_us=36
   4 caller=0x7bf768d60abd calls=3046 total_ms=1.226 avg_us=0.402 max_us=19
direct_cudaStreamSynchronize: calls=11012 total_ms=51.088 max_us=2586
by_direct_callsite (file:line):
   0 /opt/llama.cpp/ggml/src/ggml-cuda/ggml-cuda.cu:839 calls=10659 total_ms=44.724 avg_us=4.196 max_us=353
   1 /opt/llama.cpp/ggml/src/ggml-cuda/ggml-cuda.cu:900 calls=12 total_ms=5.896 avg_us=491.333 max_us=2586
   2 /opt/llama.cpp/ggml/src/ggml-cuda/ggml-cuda.cu:2665 calls=191 total_ms=0.313 avg_us=1.639 max_us=10
   3 /opt/llama.cpp/ggml/src/ggml-cuda/ggml-cuda.cu:847 calls=150 total_ms=0.155 avg_us=1.033 max_us=3
=== END CUDA SYNC PROFILE ===
backend-sync-trace: count=25100 backend=CUDA0 caller=ggml_backend_sched_graph_compute_async_ext+0xddc

=== CUDA SYNC PROFILE (instrumentation only) ===
total_syncs = 25100
total_wait_ms = 14044.985
max_wait_us = 140882
sites = 5
wait_hist_us = logarithmic buckets
  hist[0] = 22674
  hist[1] = 1392
  hist[2] = 91
  hist[3] = 13
  hist[4] = 14
  hist[5] = 1
  hist[9] = 168
  hist[10] = 373
  hist[11] = 69
  hist[14] = 105
  hist[15] = 173
  hist[16] = 26
  hist[17] = 1
by_callsite (caller PC; symbolize with addr2line):
   0 caller=0x7bf768d5c0d2 calls=10108 total_ms=14036.391 avg_us=1388.642 max_us=140882
   1 caller=0x7bf768d6098c calls=8257 total_ms=3.335 avg_us=0.404 max_us=24
   2 caller=0x7bf768d6089c calls=3062 total_ms=2.671 avg_us=0.872 max_us=28
   3 caller=0x7bf768d5f852 calls=612 total_ms=1.358 avg_us=2.219 max_us=36
   4 caller=0x7bf768d60abd calls=3061 total_ms=1.230 avg_us=0.402 max_us=19
direct_cudaStreamSynchronize: calls=11055 total_ms=51.259 max_us=2586
by_direct_callsite (file:line):
   0 /opt/llama.cpp/ggml/src/ggml-cuda/ggml-cuda.cu:839 calls=10702 total_ms=44.895 avg_us=4.195 max_us=353
   1 /opt/llama.cpp/ggml/src/ggml-cuda/ggml-cuda.cu:900 calls=12 total_ms=5.896 avg_us=491.333 max_us=2586
   2 /opt/llama.cpp/ggml/src/ggml-cuda/ggml-cuda.cu:2665 calls=191 total_ms=0.313 avg_us=1.639 max_us=10
   3 /opt/llama.cpp/ggml/src/ggml-cuda/ggml-cuda.cu:847 calls=150 total_ms=0.155 avg_us=1.033 max_us=3
=== END CUDA SYNC PROFILE ===

=== CUDA SYNC PROFILE (instrumentation only) ===
total_syncs = 25190
total_wait_ms = 14101.463
max_wait_us = 140882
sites = 5
wait_hist_us = logarithmic buckets
  hist[0] = 22756
  hist[1] = 1397
  hist[2] = 91
  hist[3] = 13
  hist[4] = 14
  hist[5] = 1
  hist[9] = 169
  hist[10] = 374
  hist[11] = 69
  hist[14] = 105
  hist[15] = 174
  hist[16] = 26
  hist[17] = 1
by_callsite (caller PC; symbolize with addr2line):
   0 caller=0x7bf768d5c0d2 calls=10139 total_ms=14092.839 avg_us=1389.963 max_us=140882
   1 caller=0x7bf768d6098c calls=8293 total_ms=3.348 avg_us=0.404 max_us=24
   2 caller=0x7bf768d6089c calls=3072 total_ms=2.681 avg_us=0.873 max_us=28
   3 caller=0x7bf768d5f852 calls=614 total_ms=1.362 avg_us=2.218 max_us=36
   4 caller=0x7bf768d60abd calls=3072 total_ms=1.233 avg_us=0.401 max_us=19
direct_cudaStreamSynchronize: calls=11100 total_ms=51.452 max_us=2586
by_direct_callsite (file:line):
   0 /opt/llama.cpp/ggml/src/ggml-cuda/ggml-cuda.cu:839 calls=10747 total_ms=45.088 avg_us=4.195 max_us=353
   1 /opt/llama.cpp/ggml/src/ggml-cuda/ggml-cuda.cu:900 calls=12 total_ms=5.896 avg_us=491.333 max_us=2586
   2 /opt/llama.cpp/ggml/src/ggml-cuda/ggml-cuda.cu:2665 calls=191 total_ms=0.313 avg_us=1.639 max_us=10
   3 /opt/llama.cpp/ggml/src/ggml-cuda/ggml-cuda.cu:847 calls=150 total_ms=0.155 avg_us=1.033 max_us=3
=== END CUDA SYNC PROFILE ===
backend-sync-trace: count=25200 backend=CUDA0 caller=ggml_backend_sched_graph_compute_async_ext+0xddc

=== CUDA SYNC PROFILE (instrumentation only) ===
total_syncs = 25200
total_wait_ms = 14144.039
max_wait_us = 140882
sites = 5
wait_hist_us = logarithmic buckets
  hist[0] = 22763
  hist[1] = 1399
  hist[2] = 91
  hist[3] = 13
  hist[4] = 14
  hist[5] = 1
  hist[9] = 169
  hist[10] = 374
  hist[11] = 69
  hist[14] = 105
  hist[15] = 175
  hist[16] = 26
  hist[17] = 1
by_callsite (caller PC; symbolize with addr2line):
   0 caller=0x7bf768d5c0d2 calls=10141 total_ms=14135.409 avg_us=1393.887 max_us=140882
   1 caller=0x7bf768d6098c calls=8299 total_ms=3.351 avg_us=0.404 max_us=24
   2 caller=0x7bf768d6089c calls=3073 total_ms=2.682 avg_us=0.873 max_us=28
   3 caller=0x7bf768d5f852 calls=615 total_ms=1.364 avg_us=2.218 max_us=36
   4 caller=0x7bf768d60abd calls=3072 total_ms=1.233 avg_us=0.401 max_us=19
direct_cudaStreamSynchronize: calls=11106 total_ms=51.467 max_us=2586
by_direct_callsite (file:line):
   0 /opt/llama.cpp/ggml/src/ggml-cuda/ggml-cuda.cu:839 calls=10753 total_ms=45.103 avg_us=4.194 max_us=353
   1 /opt/llama.cpp/ggml/src/ggml-cuda/ggml-cuda.cu:900 calls=12 total_ms=5.896 avg_us=491.333 max_us=2586
   2 /opt/llama.cpp/ggml/src/ggml-cuda/ggml-cuda.cu:2665 calls=191 total_ms=0.313 avg_us=1.639 max_us=10
   3 /opt/llama.cpp/ggml/src/ggml-cuda/ggml-cuda.cu:847 calls=150 total_ms=0.155 avg_us=1.033 max_us=3
=== END CUDA SYNC PROFILE ===
backend-sync-trace: count=25300 backend=CUDA0 caller=ggml_backend_sched_synchronize+0x62

=== CUDA SYNC PROFILE (instrumentation only) ===
total_syncs = 25300
total_wait_ms = 14186.120
max_wait_us = 140882
sites = 5
wait_hist_us = logarithmic buckets
  hist[0] = 22857
  hist[1] = 1402
  hist[2] = 91
  hist[3] = 13
  hist[4] = 14
  hist[5] = 1
  hist[9] = 170
  hist[10] = 375
  hist[11] = 69
  hist[14] = 105
  hist[15] = 176
  hist[16] = 26
  hist[17] = 1
by_callsite (caller PC; symbolize with addr2line):
   0 caller=0x7bf768d5c0d2 calls=10185 total_ms=14177.465 avg_us=1391.995 max_us=140882
   1 caller=0x7bf768d6098c calls=8330 total_ms=3.361 avg_us=0.403 max_us=24
   2 caller=0x7bf768d6089c calls=3084 total_ms=2.689 avg_us=0.872 max_us=28
   3 caller=0x7bf768d5f852 calls=617 total_ms=1.367 avg_us=2.216 max_us=36
   4 caller=0x7bf768d60abd calls=3084 total_ms=1.238 avg_us=0.401 max_us=19
direct_cudaStreamSynchronize: calls=11146 total_ms=51.635 max_us=2586
by_direct_callsite (file:line):
   0 /opt/llama.cpp/ggml/src/ggml-cuda/ggml-cuda.cu:839 calls=10793 total_ms=45.271 avg_us=4.194 max_us=353
   1 /opt/llama.cpp/ggml/src/ggml-cuda/ggml-cuda.cu:900 calls=12 total_ms=5.896 avg_us=491.333 max_us=2586
   2 /opt/llama.cpp/ggml/src/ggml-cuda/ggml-cuda.cu:2665 calls=191 total_ms=0.313 avg_us=1.639 max_us=10
   3 /opt/llama.cpp/ggml/src/ggml-cuda/ggml-cuda.cu:847 calls=150 total_ms=0.155 avg_us=1.033 max_us=3
=== END CUDA SYNC PROFILE ===
backend-sync-trace: count=25400 backend=CUDA0 caller=ggml_backend_sched_synchronize+0x62

=== CUDA SYNC PROFILE (instrumentation only) ===
total_syncs = 25400
total_wait_ms = 14250.621
max_wait_us = 140882
sites = 5
wait_hist_us = logarithmic buckets
  hist[0] = 22951
  hist[1] = 1405
  hist[2] = 91
  hist[3] = 13
  hist[4] = 14
  hist[5] = 1
  hist[9] = 170
  hist[10] = 376
  hist[11] = 70
  hist[14] = 105
  hist[15] = 177
  hist[16] = 26
  hist[17] = 1
by_callsite (caller PC; symbolize with addr2line):
   0 caller=0x7bf768d5c0d2 calls=10236 total_ms=14241.944 avg_us=1391.358 max_us=140882
   1 caller=0x7bf768d6098c calls=8357 total_ms=3.368 avg_us=0.403 max_us=24
   2 caller=0x7bf768d6089c calls=3094 total_ms=2.696 avg_us=0.871 max_us=28
   3 caller=0x7bf768d5f852 calls=619 total_ms=1.371 avg_us=2.215 max_us=36
   4 caller=0x7bf768d60abd calls=3094 total_ms=1.242 avg_us=0.401 max_us=19
direct_cudaStreamSynchronize: calls=11181 total_ms=51.777 max_us=2586
by_direct_callsite (file:line):
   0 /opt/llama.cpp/ggml/src/ggml-cuda/ggml-cuda.cu:839 calls=10828 total_ms=45.413 avg_us=4.194 max_us=353
   1 /opt/llama.cpp/ggml/src/ggml-cuda/ggml-cuda.cu:900 calls=12 total_ms=5.896 avg_us=491.333 max_us=2586
   2 /opt/llama.cpp/ggml/src/ggml-cuda/ggml-cuda.cu:2665 calls=191 total_ms=0.313 avg_us=1.639 max_us=10
   3 /opt/llama.cpp/ggml/src/ggml-cuda/ggml-cuda.cu:847 calls=150 total_ms=0.155 avg_us=1.033 max_us=3
=== END CUDA SYNC PROFILE ===

=== CUDA SYNC PROFILE (instrumentation only) ===
total_syncs = 25443
total_wait_ms = 14254.644
max_wait_us = 140882
sites = 5
wait_hist_us = logarithmic buckets
  hist[0] = 22990
  hist[1] = 1407
  hist[2] = 91
  hist[3] = 13
  hist[4] = 14
  hist[5] = 1
  hist[9] = 170
  hist[10] = 378
  hist[11] = 70
  hist[14] = 105
  hist[15] = 177
  hist[16] = 26
  hist[17] = 1
by_callsite (caller PC; symbolize with addr2line):
   0 caller=0x7bf768d5c0d2 calls=10250 total_ms=14245.952 avg_us=1389.849 max_us=140882
   1 caller=0x7bf768d6098c calls=8369 total_ms=3.372 avg_us=0.403 max_us=24
   2 caller=0x7bf768d6089c calls=3102 total_ms=2.701 avg_us=0.871 max_us=28
   3 caller=0x7bf768d5f852 calls=620 total_ms=1.373 avg_us=2.215 max_us=36
   4 caller=0x7bf768d60abd calls=3102 total_ms=1.246 avg_us=0.402 max_us=19
direct_cudaStreamSynchronize: calls=11200 total_ms=51.861 max_us=2586
by_direct_callsite (file:line):
   0 /opt/llama.cpp/ggml/src/ggml-cuda/ggml-cuda.cu:839 calls=10847 total_ms=45.497 avg_us=4.194 max_us=353
   1 /opt/llama.cpp/ggml/src/ggml-cuda/ggml-cuda.cu:900 calls=12 total_ms=5.896 avg_us=491.333 max_us=2586
   2 /opt/llama.cpp/ggml/src/ggml-cuda/ggml-cuda.cu:2665 calls=191 total_ms=0.313 avg_us=1.639 max_us=10
   3 /opt/llama.cpp/ggml/src/ggml-cuda/ggml-cuda.cu:847 calls=150 total_ms=0.155 avg_us=1.033 max_us=3
=== END CUDA SYNC PROFILE ===
backend-sync-trace: count=25500 backend=CUDA0 caller=ggml_backend_sched_synchronize+0x62

=== CUDA SYNC PROFILE (instrumentation only) ===
total_syncs = 25500
total_wait_ms = 14306.042
max_wait_us = 140882
sites = 5
wait_hist_us = logarithmic buckets
  hist[0] = 23041
  hist[1] = 1410
  hist[2] = 91
  hist[3] = 13
  hist[4] = 14
  hist[5] = 1
  hist[9] = 170
  hist[10] = 380
  hist[11] = 70
  hist[14] = 105
  hist[15] = 178
  hist[16] = 26
  hist[17] = 1
by_callsite (caller PC; symbolize with addr2line):
   0 caller=0x7bf768d5c0d2 calls=10270 total_ms=14297.337 avg_us=1392.146 max_us=140882
   1 caller=0x7bf768d6098c calls=8392 total_ms=3.379 avg_us=0.403 max_us=24
   2 caller=0x7bf768d6089c calls=3108 total_ms=2.704 avg_us=0.870 max_us=28
   3 caller=0x7bf768d5f852 calls=622 total_ms=1.376 avg_us=2.212 max_us=36
   4 caller=0x7bf768d60abd calls=3108 total_ms=1.246 avg_us=0.401 max_us=19
direct_cudaStreamSynchronize: calls=11228 total_ms=51.957 max_us=2586
by_direct_callsite (file:line):
   0 /opt/llama.cpp/ggml/src/ggml-cuda/ggml-cuda.cu:839 calls=10875 total_ms=45.593 avg_us=4.192 max_us=353
   1 /opt/llama.cpp/ggml/src/ggml-cuda/ggml-cuda.cu:900 calls=12 total_ms=5.896 avg_us=491.333 max_us=2586
   2 /opt/llama.cpp/ggml/src/ggml-cuda/ggml-cuda.cu:2665 calls=191 total_ms=0.313 avg_us=1.639 max_us=10
   3 /opt/llama.cpp/ggml/src/ggml-cuda/ggml-cuda.cu:847 calls=150 total_ms=0.155 avg_us=1.033 max_us=3
=== END CUDA SYNC PROFILE ===
backend-sync-trace: count=25600 backend=CUDA0 caller=ggml_backend_sched_graph_compute_async_ext+0xecc

=== CUDA SYNC PROFILE (instrumentation only) ===
total_syncs = 25600
total_wait_ms = 14341.754
max_wait_us = 140882
sites = 5
wait_hist_us = logarithmic buckets
  hist[0] = 23132
  hist[1] = 1416
  hist[2] = 91
  hist[3] = 13
  hist[4] = 14
  hist[5] = 1
  hist[9] = 170
  hist[10] = 381
  hist[11] = 71
  hist[14] = 106
  hist[15] = 178
  hist[16] = 26
  hist[17] = 1
by_callsite (caller PC; symbolize with addr2line):
   0 caller=0x7bf768d5c0d2 calls=10306 total_ms=14333.016 avg_us=1390.745 max_us=140882
   1 caller=0x7bf768d6098c calls=8426 total_ms=3.390 avg_us=0.402 max_us=24
   2 caller=0x7bf768d6089c calls=3122 total_ms=2.714 avg_us=0.869 max_us=28
   3 caller=0x7bf768d5f852 calls=624 total_ms=1.381 avg_us=2.213 max_us=36
   4 caller=0x7bf768d60abd calls=3122 total_ms=1.253 avg_us=0.401 max_us=19
direct_cudaStreamSynchronize: calls=11272 total_ms=52.152 max_us=2586
by_direct_callsite (file:line):
   0 /opt/llama.cpp/ggml/src/ggml-cuda/ggml-cuda.cu:839 calls=10919 total_ms=45.788 avg_us=4.193 max_us=353
   1 /opt/llama.cpp/ggml/src/ggml-cuda/ggml-cuda.cu:900 calls=12 total_ms=5.896 avg_us=491.333 max_us=2586
   2 /opt/llama.cpp/ggml/src/ggml-cuda/ggml-cuda.cu:2665 calls=191 total_ms=0.313 avg_us=1.639 max_us=10
   3 /opt/llama.cpp/ggml/src/ggml-cuda/ggml-cuda.cu:847 calls=150 total_ms=0.155 avg_us=1.033 max_us=3
=== END CUDA SYNC PROFILE ===

=== CUDA SYNC PROFILE (instrumentation only) ===
total_syncs = 25675
total_wait_ms = 14377.269
max_wait_us = 140882
sites = 5
wait_hist_us = logarithmic buckets
  hist[0] = 23200
  hist[1] = 1420
  hist[2] = 91
  hist[3] = 13
  hist[4] = 14
  hist[5] = 1
  hist[9] = 170
  hist[10] = 383
  hist[11] = 71
  hist[14] = 106
  hist[15] = 179
  hist[16] = 26
  hist[17] = 1
by_callsite (caller PC; symbolize with addr2line):
   0 caller=0x7bf768d5c0d2 calls=10343 total_ms=14368.503 avg_us=1389.201 max_us=140882
   1 caller=0x7bf768d6098c calls=8446 total_ms=3.400 avg_us=0.403 max_us=24
   2 caller=0x7bf768d6089c calls=3130 total_ms=2.720 avg_us=0.869 max_us=28
   3 caller=0x7bf768d5f852 calls=626 total_ms=1.385 avg_us=2.212 max_us=36
   4 caller=0x7bf768d60abd calls=3130 total_ms=1.261 avg_us=0.403 max_us=19
direct_cudaStreamSynchronize: calls=11300 total_ms=52.254 max_us=2586
by_direct_callsite (file:line):
   0 /opt/llama.cpp/ggml/src/ggml-cuda/ggml-cuda.cu:839 calls=10947 total_ms=45.890 avg_us=4.192 max_us=353
   1 /opt/llama.cpp/ggml/src/ggml-cuda/ggml-cuda.cu:900 calls=12 total_ms=5.896 avg_us=491.333 max_us=2586
   2 /opt/llama.cpp/ggml/src/ggml-cuda/ggml-cuda.cu:2665 calls=191 total_ms=0.313 avg_us=1.639 max_us=10
   3 /opt/llama.cpp/ggml/src/ggml-cuda/ggml-cuda.cu:847 calls=150 total_ms=0.155 avg_us=1.033 max_us=3
=== END CUDA SYNC PROFILE ===
backend-sync-trace: count=25700 backend=CUDA0 caller=ggml_backend_sched_graph_compute_async_ext+0xddc

=== CUDA SYNC PROFILE (instrumentation only) ===
total_syncs = 25700
total_wait_ms = 14408.318
max_wait_us = 140882
sites = 5
wait_hist_us = logarithmic buckets
  hist[0] = 23222
  hist[1] = 1422
  hist[2] = 91
  hist[3] = 13
  hist[4] = 14
  hist[5] = 1
  hist[9] = 170
  hist[10] = 383
  hist[11] = 71
  hist[14] = 107
  hist[15] = 179
  hist[16] = 26
  hist[17] = 1
by_callsite (caller PC; symbolize with addr2line):
   0 caller=0x7bf768d5c0d2 calls=10345 total_ms=14399.537 avg_us=1391.932 max_us=140882
   1 caller=0x7bf768d6098c calls=8461 total_ms=3.409 avg_us=0.403 max_us=24
   2 caller=0x7bf768d6089c calls=3134 total_ms=2.722 avg_us=0.869 max_us=28
   3 caller=0x7bf768d5f852 calls=627 total_ms=1.387 avg_us=2.212 max_us=36
   4 caller=0x7bf768d60abd calls=3133 total_ms=1.263 avg_us=0.403 max_us=19
direct_cudaStreamSynchronize: calls=11317 total_ms=52.326 max_us=2586
by_direct_callsite (file:line):
   0 /opt/llama.cpp/ggml/src/ggml-cuda/ggml-cuda.cu:839 calls=10964 total_ms=45.962 avg_us=4.192 max_us=353
   1 /opt/llama.cpp/ggml/src/ggml-cuda/ggml-cuda.cu:900 calls=12 total_ms=5.896 avg_us=491.333 max_us=2586
   2 /opt/llama.cpp/ggml/src/ggml-cuda/ggml-cuda.cu:2665 calls=191 total_ms=0.313 avg_us=1.639 max_us=10
   3 /opt/llama.cpp/ggml/src/ggml-cuda/ggml-cuda.cu:847 calls=150 total_ms=0.155 avg_us=1.033 max_us=3
=== END CUDA SYNC PROFILE ===
backend-sync-trace: count=25800 backend=CUDA0 caller=ggml_backend_sched_synchronize+0x62

=== CUDA SYNC PROFILE (instrumentation only) ===
total_syncs = 25800
total_wait_ms = 14439.586
max_wait_us = 140882
sites = 5
wait_hist_us = logarithmic buckets
  hist[0] = 23316
  hist[1] = 1425
  hist[2] = 91
  hist[3] = 13
  hist[4] = 14
  hist[5] = 1
  hist[9] = 171
  hist[10] = 384
  hist[11] = 71
  hist[14] = 108
  hist[15] = 179
  hist[16] = 26
  hist[17] = 1
by_callsite (caller PC; symbolize with addr2line):
   0 caller=0x7bf768d5c0d2 calls=10391 total_ms=14430.779 avg_us=1388.777 max_us=140882
   1 caller=0x7bf768d6098c calls=8492 total_ms=3.421 avg_us=0.403 max_us=24
   2 caller=0x7bf768d6089c calls=3144 total_ms=2.728 avg_us=0.868 max_us=28
   3 caller=0x7bf768d5f852 calls=629 total_ms=1.391 avg_us=2.211 max_us=36
   4 caller=0x7bf768d60abd calls=3144 total_ms=1.267 avg_us=0.403 max_us=19
direct_cudaStreamSynchronize: calls=11356 total_ms=52.495 max_us=2586
by_direct_callsite (file:line):
   0 /opt/llama.cpp/ggml/src/ggml-cuda/ggml-cuda.cu:839 calls=11003 total_ms=46.131 avg_us=4.193 max_us=353
   1 /opt/llama.cpp/ggml/src/ggml-cuda/ggml-cuda.cu:900 calls=12 total_ms=5.896 avg_us=491.333 max_us=2586
   2 /opt/llama.cpp/ggml/src/ggml-cuda/ggml-cuda.cu:2665 calls=191 total_ms=0.313 avg_us=1.639 max_us=10
   3 /opt/llama.cpp/ggml/src/ggml-cuda/ggml-cuda.cu:847 calls=150 total_ms=0.155 avg_us=1.033 max_us=3
=== END CUDA SYNC PROFILE ===
backend-sync-trace: count=25900 backend=CUDA0 caller=ggml_backend_sched_synchronize+0x62

=== CUDA SYNC PROFILE (instrumentation only) ===
total_syncs = 25900
total_wait_ms = 14475.997
max_wait_us = 140882
sites = 5
wait_hist_us = logarithmic buckets
  hist[0] = 23406
  hist[1] = 1429
  hist[2] = 91
  hist[3] = 14
  hist[4] = 15
  hist[5] = 1
  hist[9] = 173
  hist[10] = 384
  hist[11] = 72
  hist[14] = 109
  hist[15] = 179
  hist[16] = 26
  hist[17] = 1
by_callsite (caller PC; symbolize with addr2line):
   0 caller=0x7bf768d5c0d2 calls=10433 total_ms=14467.140 avg_us=1386.671 max_us=140882
   1 caller=0x7bf768d6098c calls=8523 total_ms=3.432 avg_us=0.403 max_us=24
   2 caller=0x7bf768d6089c calls=3156 total_ms=2.757 avg_us=0.874 max_us=28
   3 caller=0x7bf768d5f852 calls=632 total_ms=1.397 avg_us=2.210 max_us=36
   4 caller=0x7bf768d60abd calls=3156 total_ms=1.271 avg_us=0.403 max_us=19
direct_cudaStreamSynchronize: calls=11397 total_ms=52.660 max_us=2586
by_direct_callsite (file:line):
   0 /opt/llama.cpp/ggml/src/ggml-cuda/ggml-cuda.cu:839 calls=11044 total_ms=46.296 avg_us=4.192 max_us=353
   1 /opt/llama.cpp/ggml/src/ggml-cuda/ggml-cuda.cu:900 calls=12 total_ms=5.896 avg_us=491.333 max_us=2586
   2 /opt/llama.cpp/ggml/src/ggml-cuda/ggml-cuda.cu:2665 calls=191 total_ms=0.313 avg_us=1.639 max_us=10
   3 /opt/llama.cpp/ggml/src/ggml-cuda/ggml-cuda.cu:847 calls=150 total_ms=0.155 avg_us=1.033 max_us=3
=== END CUDA SYNC PROFILE ===

=== CUDA SYNC PROFILE (instrumentation only) ===
total_syncs = 25907
total_wait_ms = 14476.001
max_wait_us = 140882
sites = 5
wait_hist_us = logarithmic buckets
  hist[0] = 23413
  hist[1] = 1429
  hist[2] = 91
  hist[3] = 14
  hist[4] = 15
  hist[5] = 1
  hist[9] = 173
  hist[10] = 384
  hist[11] = 72
  hist[14] = 109
  hist[15] = 179
  hist[16] = 26
  hist[17] = 1
by_callsite (caller PC; symbolize with addr2line):
   0 caller=0x7bf768d5c0d2 calls=10435 total_ms=14467.142 avg_us=1386.406 max_us=140882
   1 caller=0x7bf768d6098c calls=8524 total_ms=3.432 avg_us=0.403 max_us=24
   2 caller=0x7bf768d6089c calls=3158 total_ms=2.758 avg_us=0.873 max_us=28
   3 caller=0x7bf768d5f852 calls=632 total_ms=1.397 avg_us=2.210 max_us=36
   4 caller=0x7bf768d60abd calls=3158 total_ms=1.272 avg_us=0.403 max_us=19
direct_cudaStreamSynchronize: calls=11400 total_ms=52.673 max_us=2586
by_direct_callsite (file:line):
   0 /opt/llama.cpp/ggml/src/ggml-cuda/ggml-cuda.cu:839 calls=11047 total_ms=46.309 avg_us=4.192 max_us=353
   1 /opt/llama.cpp/ggml/src/ggml-cuda/ggml-cuda.cu:900 calls=12 total_ms=5.896 avg_us=491.333 max_us=2586
   2 /opt/llama.cpp/ggml/src/ggml-cuda/ggml-cuda.cu:2665 calls=191 total_ms=0.313 avg_us=1.639 max_us=10
   3 /opt/llama.cpp/ggml/src/ggml-cuda/ggml-cuda.cu:847 calls=150 total_ms=0.155 avg_us=1.033 max_us=3
=== END CUDA SYNC PROFILE ===
backend-sync-trace: count=26000 backend=CUDA0 caller=ggml_backend_sched_synchronize+0x62

=== CUDA SYNC PROFILE (instrumentation only) ===
total_syncs = 26000
total_wait_ms = 14506.112
max_wait_us = 140882
sites = 5
wait_hist_us = logarithmic buckets
  hist[0] = 23497
  hist[1] = 1434
  hist[2] = 91
  hist[3] = 14
  hist[4] = 15
  hist[5] = 1
  hist[9] = 174
  hist[10] = 385
  hist[11] = 73
  hist[14] = 110
  hist[15] = 179
  hist[16] = 26
  hist[17] = 1
by_callsite (caller PC; symbolize with addr2line):
   0 caller=0x7bf768d5c0d2 calls=10476 total_ms=14497.231 avg_us=1383.852 max_us=140882
   1 caller=0x7bf768d6098c calls=8554 total_ms=3.439 avg_us=0.402 max_us=24
   2 caller=0x7bf768d6089c calls=3168 total_ms=2.764 avg_us=0.872 max_us=28
   3 caller=0x7bf768d5f852 calls=634 total_ms=1.401 avg_us=2.210 max_us=36
   4 caller=0x7bf768d60abd calls=3168 total_ms=1.277 avg_us=0.403 max_us=19
direct_cudaStreamSynchronize: calls=11438 total_ms=52.826 max_us=2586
by_direct_callsite (file:line):
   0 /opt/llama.cpp/ggml/src/ggml-cuda/ggml-cuda.cu:839 calls=11085 total_ms=46.462 avg_us=4.191 max_us=353
   1 /opt/llama.cpp/ggml/src/ggml-cuda/ggml-cuda.cu:900 calls=12 total_ms=5.896 avg_us=491.333 max_us=2586
   2 /opt/llama.cpp/ggml/src/ggml-cuda/ggml-cuda.cu:2665 calls=191 total_ms=0.313 avg_us=1.639 max_us=10
   3 /opt/llama.cpp/ggml/src/ggml-cuda/ggml-cuda.cu:847 calls=150 total_ms=0.155 avg_us=1.033 max_us=3
=== END CUDA SYNC PROFILE ===
backend-sync-trace: count=26100 backend=CUDA0 caller=ggml_backend_sched_graph_compute_async_ext+0xecc

=== CUDA SYNC PROFILE (instrumentation only) ===
total_syncs = 26100
total_wait_ms = 14551.483
max_wait_us = 140882
sites = 5
wait_hist_us = logarithmic buckets
  hist[0] = 23589
  hist[1] = 1439
  hist[2] = 91
  hist[3] = 14
  hist[4] = 15
  hist[5] = 1
  hist[9] = 174
  hist[10] = 387
  hist[11] = 73
  hist[14] = 110
  hist[15] = 180
  hist[16] = 26
  hist[17] = 1
by_callsite (caller PC; symbolize with addr2line):
   0 caller=0x7bf768d5c0d2 calls=10516 total_ms=14542.568 avg_us=1382.899 max_us=140882
   1 caller=0x7bf768d6098c calls=8584 total_ms=3.449 avg_us=0.402 max_us=24
   2 caller=0x7bf768d6089c calls=3182 total_ms=2.776 avg_us=0.872 max_us=28
   3 caller=0x7bf768d5f852 calls=636 total_ms=1.405 avg_us=2.209 max_us=36
   4 caller=0x7bf768d60abd calls=3182 total_ms=1.285 avg_us=0.404 max_us=19
direct_cudaStreamSynchronize: calls=11478 total_ms=52.988 max_us=2586
by_direct_callsite (file:line):
   0 /opt/llama.cpp/ggml/src/ggml-cuda/ggml-cuda.cu:839 calls=11125 total_ms=46.624 avg_us=4.191 max_us=353
   1 /opt/llama.cpp/ggml/src/ggml-cuda/ggml-cuda.cu:900 calls=12 total_ms=5.896 avg_us=491.333 max_us=2586
   2 /opt/llama.cpp/ggml/src/ggml-cuda/ggml-cuda.cu:2665 calls=191 total_ms=0.313 avg_us=1.639 max_us=10
   3 /opt/llama.cpp/ggml/src/ggml-cuda/ggml-cuda.cu:847 calls=150 total_ms=0.155 avg_us=1.033 max_us=3
=== END CUDA SYNC PROFILE ===

=== CUDA SYNC PROFILE (instrumentation only) ===
total_syncs = 26145
total_wait_ms = 14610.099
max_wait_us = 140882
sites = 5
wait_hist_us = logarithmic buckets
  hist[0] = 23631
  hist[1] = 1441
  hist[2] = 91
  hist[3] = 14
  hist[4] = 15
  hist[5] = 1
  hist[9] = 174
  hist[10] = 387
  hist[11] = 73
  hist[14] = 110
  hist[15] = 181
  hist[16] = 26
  hist[17] = 1
by_callsite (caller PC; symbolize with addr2line):
   0 caller=0x7bf768d5c0d2 calls=10533 total_ms=14601.167 avg_us=1386.231 max_us=140882
   1 caller=0x7bf768d6098c calls=8602 total_ms=3.457 avg_us=0.402 max_us=24
   2 caller=0x7bf768d6089c calls=3186 total_ms=2.780 avg_us=0.873 max_us=28
   3 caller=0x7bf768d5f852 calls=638 total_ms=1.409 avg_us=2.208 max_us=36
   4 caller=0x7bf768d60abd calls=3186 total_ms=1.286 avg_us=0.404 max_us=19
direct_cudaStreamSynchronize: calls=11500 total_ms=53.108 max_us=2586
by_direct_callsite (file:line):
   0 /opt/llama.cpp/ggml/src/ggml-cuda/ggml-cuda.cu:839 calls=11147 total_ms=46.744 avg_us=4.193 max_us=353
   1 /opt/llama.cpp/ggml/src/ggml-cuda/ggml-cuda.cu:900 calls=12 total_ms=5.896 avg_us=491.333 max_us=2586
   2 /opt/llama.cpp/ggml/src/ggml-cuda/ggml-cuda.cu:2665 calls=191 total_ms=0.313 avg_us=1.639 max_us=10
   3 /opt/llama.cpp/ggml/src/ggml-cuda/ggml-cuda.cu:847 calls=150 total_ms=0.155 avg_us=1.033 max_us=3
=== END CUDA SYNC PROFILE ===
backend-sync-trace: count=26200 backend=CUDA0 caller=ggml_backend_sched_graph_compute_async_ext+0xecc

=== CUDA SYNC PROFILE (instrumentation only) ===
total_syncs = 26200
total_wait_ms = 14660.925
max_wait_us = 140882
sites = 5
wait_hist_us = logarithmic buckets
  hist[0] = 23681
  hist[1] = 1443
  hist[2] = 91
  hist[3] = 14
  hist[4] = 15
  hist[5] = 1
  hist[9] = 174
  hist[10] = 389
  hist[11] = 73
  hist[14] = 110
  hist[15] = 182
  hist[16] = 26
  hist[17] = 1
by_callsite (caller PC; symbolize with addr2line):
   0 caller=0x7bf768d5c0d2 calls=10549 total_ms=14651.976 avg_us=1388.945 max_us=140882
   1 caller=0x7bf768d6098c calls=8624 total_ms=3.463 avg_us=0.402 max_us=24
   2 caller=0x7bf768d6089c calls=3194 total_ms=2.788 avg_us=0.873 max_us=28
   3 caller=0x7bf768d5f852 calls=639 total_ms=1.411 avg_us=2.208 max_us=36
   4 caller=0x7bf768d60abd calls=3194 total_ms=1.287 avg_us=0.403 max_us=19
direct_cudaStreamSynchronize: calls=11528 total_ms=53.228 max_us=2586
by_direct_callsite (file:line):
   0 /opt/llama.cpp/ggml/src/ggml-cuda/ggml-cuda.cu:839 calls=11175 total_ms=46.864 avg_us=4.194 max_us=353
   1 /opt/llama.cpp/ggml/src/ggml-cuda/ggml-cuda.cu:900 calls=12 total_ms=5.896 avg_us=491.333 max_us=2586
   2 /opt/llama.cpp/ggml/src/ggml-cuda/ggml-cuda.cu:2665 calls=191 total_ms=0.313 avg_us=1.639 max_us=10
   3 /opt/llama.cpp/ggml/src/ggml-cuda/ggml-cuda.cu:847 calls=150 total_ms=0.155 avg_us=1.033 max_us=3
=== END CUDA SYNC PROFILE ===
backend-sync-trace: count=26300 backend=CUDA0 caller=ggml_backend_sched_synchronize+0x62

=== CUDA SYNC PROFILE (instrumentation only) ===
total_syncs = 26300
total_wait_ms = 14706.902
max_wait_us = 140882
sites = 5
wait_hist_us = logarithmic buckets
  hist[0] = 23775
  hist[1] = 1446
  hist[2] = 91
  hist[3] = 14
  hist[4] = 15
  hist[5] = 1
  hist[9] = 174
  hist[10] = 391
  hist[11] = 73
  hist[14] = 110
  hist[15] = 183
  hist[16] = 26
  hist[17] = 1
by_callsite (caller PC; symbolize with addr2line):
   0 caller=0x7bf768d5c0d2 calls=10597 total_ms=14697.927 avg_us=1386.989 max_us=140882
   1 caller=0x7bf768d6098c calls=8654 total_ms=3.473 avg_us=0.401 max_us=24
   2 caller=0x7bf768d6089c calls=3204 total_ms=2.798 avg_us=0.873 max_us=28
   3 caller=0x7bf768d5f852 calls=641 total_ms=1.416 avg_us=2.209 max_us=36
   4 caller=0x7bf768d60abd calls=3204 total_ms=1.288 avg_us=0.402 max_us=19
direct_cudaStreamSynchronize: calls=11566 total_ms=53.375 max_us=2586
by_direct_callsite (file:line):
   0 /opt/llama.cpp/ggml/src/ggml-cuda/ggml-cuda.cu:839 calls=11213 total_ms=47.011 avg_us=4.193 max_us=353
   1 /opt/llama.cpp/ggml/src/ggml-cuda/ggml-cuda.cu:900 calls=12 total_ms=5.896 avg_us=491.333 max_us=2586
   2 /opt/llama.cpp/ggml/src/ggml-cuda/ggml-cuda.cu:2665 calls=191 total_ms=0.313 avg_us=1.639 max_us=10
   3 /opt/llama.cpp/ggml/src/ggml-cuda/ggml-cuda.cu:847 calls=150 total_ms=0.155 avg_us=1.033 max_us=3
=== END CUDA SYNC PROFILE ===

=== CUDA SYNC PROFILE (instrumentation only) ===
total_syncs = 26373
total_wait_ms = 14750.086
max_wait_us = 140882
sites = 5
wait_hist_us = logarithmic buckets
  hist[0] = 23842
  hist[1] = 1449
  hist[2] = 91
  hist[3] = 14
  hist[4] = 15
  hist[5] = 1
  hist[9] = 174
  hist[10] = 393
  hist[11] = 73
  hist[14] = 110
  hist[15] = 184
  hist[16] = 26
  hist[17] = 1
by_callsite (caller PC; symbolize with addr2line):
   0 caller=0x7bf768d5c0d2 calls=10623 total_ms=14741.087 avg_us=1387.658 max_us=140882
   1 caller=0x7bf768d6098c calls=8679 total_ms=3.481 avg_us=0.401 max_us=24
   2 caller=0x7bf768d6089c calls=3214 total_ms=2.807 avg_us=0.873 max_us=28
   3 caller=0x7bf768d5f852 calls=643 total_ms=1.419 avg_us=2.207 max_us=36
   4 caller=0x7bf768d60abd calls=3214 total_ms=1.292 avg_us=0.402 max_us=19
direct_cudaStreamSynchronize: calls=11600 total_ms=53.513 max_us=2586
by_direct_callsite (file:line):
   0 /opt/llama.cpp/ggml/src/ggml-cuda/ggml-cuda.cu:839 calls=11247 total_ms=47.149 avg_us=4.192 max_us=353
   1 /opt/llama.cpp/ggml/src/ggml-cuda/ggml-cuda.cu:900 calls=12 total_ms=5.896 avg_us=491.333 max_us=2586
   2 /opt/llama.cpp/ggml/src/ggml-cuda/ggml-cuda.cu:2665 calls=191 total_ms=0.313 avg_us=1.639 max_us=10
   3 /opt/llama.cpp/ggml/src/ggml-cuda/ggml-cuda.cu:847 calls=150 total_ms=0.155 avg_us=1.033 max_us=3
=== END CUDA SYNC PROFILE ===
backend-sync-trace: count=26400 backend=CUDA0 caller=ggml_backend_sched_synchronize+0x62

=== CUDA SYNC PROFILE (instrumentation only) ===
total_syncs = 26400
total_wait_ms = 14750.947
max_wait_us = 140882
sites = 5
wait_hist_us = logarithmic buckets
  hist[0] = 23867
  hist[1] = 1450
  hist[2] = 91
  hist[3] = 14
  hist[4] = 15
  hist[5] = 1
  hist[9] = 175
  hist[10] = 393
  hist[11] = 73
  hist[14] = 110
  hist[15] = 184
  hist[16] = 26
  hist[17] = 1
by_callsite (caller PC; symbolize with addr2line):
   0 caller=0x7bf768d5c0d2 calls=10639 total_ms=14741.940 avg_us=1385.651 max_us=140882
   1 caller=0x7bf768d6098c calls=8685 total_ms=3.485 avg_us=0.401 max_us=24
   2 caller=0x7bf768d6089c calls=3216 total_ms=2.808 avg_us=0.873 max_us=28
   3 caller=0x7bf768d5f852 calls=644 total_ms=1.421 avg_us=2.207 max_us=36
   4 caller=0x7bf768d60abd calls=3216 total_ms=1.293 avg_us=0.402 max_us=19
direct_cudaStreamSynchronize: calls=11607 total_ms=53.535 max_us=2586
by_direct_callsite (file:line):
   0 /opt/llama.cpp/ggml/src/ggml-cuda/ggml-cuda.cu:839 calls=11254 total_ms=47.171 avg_us=4.191 max_us=353
   1 /opt/llama.cpp/ggml/src/ggml-cuda/ggml-cuda.cu:900 calls=12 total_ms=5.896 avg_us=491.333 max_us=2586
   2 /opt/llama.cpp/ggml/src/ggml-cuda/ggml-cuda.cu:2665 calls=191 total_ms=0.313 avg_us=1.639 max_us=10
   3 /opt/llama.cpp/ggml/src/ggml-cuda/ggml-cuda.cu:847 calls=150 total_ms=0.155 avg_us=1.033 max_us=3
=== END CUDA SYNC PROFILE ===
backend-sync-trace: count=26500 backend=CUDA0 caller=ggml_backend_sched_graph_compute_async_ext+0xecc

=== CUDA SYNC PROFILE (instrumentation only) ===
total_syncs = 26500
total_wait_ms = 14794.982
max_wait_us = 140882
sites = 5
wait_hist_us = logarithmic buckets
  hist[0] = 23961
  hist[1] = 1453
  hist[2] = 91
  hist[3] = 14
  hist[4] = 15
  hist[5] = 1
  hist[9] = 176
  hist[10] = 394
  hist[11] = 73
  hist[14] = 110
  hist[15] = 185
  hist[16] = 26
  hist[17] = 1
by_callsite (caller PC; symbolize with addr2line):
   0 caller=0x7bf768d5c0d2 calls=10682 total_ms=14785.947 avg_us=1384.193 max_us=140882
   1 caller=0x7bf768d6098c calls=8716 total_ms=3.498 avg_us=0.401 max_us=24
   2 caller=0x7bf768d6089c calls=3228 total_ms=2.815 avg_us=0.872 max_us=28
   3 caller=0x7bf768d5f852 calls=646 total_ms=1.424 avg_us=2.204 max_us=36
   4 caller=0x7bf768d60abd calls=3228 total_ms=1.298 avg_us=0.402 max_us=19
direct_cudaStreamSynchronize: calls=11647 total_ms=53.695 max_us=2586
by_direct_callsite (file:line):
   0 /opt/llama.cpp/ggml/src/ggml-cuda/ggml-cuda.cu:839 calls=11294 total_ms=47.331 avg_us=4.191 max_us=353
   1 /opt/llama.cpp/ggml/src/ggml-cuda/ggml-cuda.cu:900 calls=12 total_ms=5.896 avg_us=491.333 max_us=2586
   2 /opt/llama.cpp/ggml/src/ggml-cuda/ggml-cuda.cu:2665 calls=191 total_ms=0.313 avg_us=1.639 max_us=10
   3 /opt/llama.cpp/ggml/src/ggml-cuda/ggml-cuda.cu:847 calls=150 total_ms=0.155 avg_us=1.033 max_us=3
=== END CUDA SYNC PROFILE ===
backend-sync-trace: count=26600 backend=CUDA0 caller=ggml_backend_sched_graph_compute_async_ext+0xddc

=== CUDA SYNC PROFILE (instrumentation only) ===
total_syncs = 26600
total_wait_ms = 14840.689
max_wait_us = 140882
sites = 5
wait_hist_us = logarithmic buckets
  hist[0] = 24053
  hist[1] = 1457
  hist[2] = 91
  hist[3] = 14
  hist[4] = 15
  hist[5] = 1
  hist[9] = 178
  hist[10] = 395
  hist[11] = 73
  hist[14] = 110
  hist[15] = 186
  hist[16] = 26
  hist[17] = 1
by_callsite (caller PC; symbolize with addr2line):
   0 caller=0x7bf768d5c0d2 calls=10726 total_ms=14831.627 avg_us=1382.773 max_us=140882
   1 caller=0x7bf768d6098c calls=8743 total_ms=3.505 avg_us=0.401 max_us=24
   2 caller=0x7bf768d6089c calls=3242 total_ms=2.826 avg_us=0.872 max_us=28
   3 caller=0x7bf768d5f852 calls=648 total_ms=1.428 avg_us=2.204 max_us=36
   4 caller=0x7bf768d60abd calls=3241 total_ms=1.303 avg_us=0.402 max_us=19
direct_cudaStreamSynchronize: calls=11685 total_ms=53.842 max_us=2586
by_direct_callsite (file:line):
   0 /opt/llama.cpp/ggml/src/ggml-cuda/ggml-cuda.cu:839 calls=11332 total_ms=47.478 avg_us=4.190 max_us=353
   1 /opt/llama.cpp/ggml/src/ggml-cuda/ggml-cuda.cu:900 calls=12 total_ms=5.896 avg_us=491.333 max_us=2586
   2 /opt/llama.cpp/ggml/src/ggml-cuda/ggml-cuda.cu:2665 calls=191 total_ms=0.313 avg_us=1.639 max_us=10
   3 /opt/llama.cpp/ggml/src/ggml-cuda/ggml-cuda.cu:847 calls=150 total_ms=0.155 avg_us=1.033 max_us=3
=== END CUDA SYNC PROFILE ===

=== CUDA SYNC PROFILE (instrumentation only) ===
total_syncs = 26615
total_wait_ms = 14840.691
max_wait_us = 140882
sites = 5
wait_hist_us = logarithmic buckets
  hist[0] = 24068
  hist[1] = 1457
  hist[2] = 91
  hist[3] = 14
  hist[4] = 15
  hist[5] = 1
  hist[9] = 178
  hist[10] = 395
  hist[11] = 73
  hist[14] = 110
  hist[15] = 186
  hist[16] = 26
  hist[17] = 1
by_callsite (caller PC; symbolize with addr2line):
   0 caller=0x7bf768d5c0d2 calls=10726 total_ms=14831.627 avg_us=1382.773 max_us=140882
   1 caller=0x7bf768d6098c calls=8757 total_ms=3.507 avg_us=0.400 max_us=24
   2 caller=0x7bf768d6089c calls=3242 total_ms=2.826 avg_us=0.872 max_us=28
   3 caller=0x7bf768d5f852 calls=648 total_ms=1.428 avg_us=2.204 max_us=36
   4 caller=0x7bf768d60abd calls=3242 total_ms=1.303 avg_us=0.402 max_us=19
direct_cudaStreamSynchronize: calls=11700 total_ms=53.903 max_us=2586
by_direct_callsite (file:line):
   0 /opt/llama.cpp/ggml/src/ggml-cuda/ggml-cuda.cu:839 calls=11347 total_ms=47.539 avg_us=4.190 max_us=353
   1 /opt/llama.cpp/ggml/src/ggml-cuda/ggml-cuda.cu:900 calls=12 total_ms=5.896 avg_us=491.333 max_us=2586
   2 /opt/llama.cpp/ggml/src/ggml-cuda/ggml-cuda.cu:2665 calls=191 total_ms=0.313 avg_us=1.639 max_us=10
   3 /opt/llama.cpp/ggml/src/ggml-cuda/ggml-cuda.cu:847 calls=150 total_ms=0.155 avg_us=1.033 max_us=3
=== END CUDA SYNC PROFILE ===
backend-sync-trace: count=26700 backend=CUDA0 caller=ggml_backend_sched_graph_compute_async_ext+0xecc

=== CUDA SYNC PROFILE (instrumentation only) ===
total_syncs = 26700
total_wait_ms = 14882.090
max_wait_us = 140882
sites = 5
wait_hist_us = logarithmic buckets
  hist[0] = 24144
  hist[1] = 1463
  hist[2] = 91
  hist[3] = 14
  hist[4] = 15
  hist[5] = 1
  hist[9] = 179
  hist[10] = 396
  hist[11] = 73
  hist[14] = 110
  hist[15] = 187
  hist[16] = 26
  hist[17] = 1
by_callsite (caller PC; symbolize with addr2line):
   0 caller=0x7bf768d5c0d2 calls=10763 total_ms=14872.997 avg_us=1381.864 max_us=140882
   1 caller=0x7bf768d6098c calls=8783 total_ms=3.518 avg_us=0.401 max_us=24
   2 caller=0x7bf768d6089c calls=3252 total_ms=2.837 avg_us=0.872 max_us=28
   3 caller=0x7bf768d5f852 calls=650 total_ms=1.432 avg_us=2.203 max_us=36
   4 caller=0x7bf768d60abd calls=3252 total_ms=1.306 avg_us=0.402 max_us=19
direct_cudaStreamSynchronize: calls=11733 total_ms=54.039 max_us=2586
by_direct_callsite (file:line):
   0 /opt/llama.cpp/ggml/src/ggml-cuda/ggml-cuda.cu:839 calls=11380 total_ms=47.675 avg_us=4.189 max_us=353
   1 /opt/llama.cpp/ggml/src/ggml-cuda/ggml-cuda.cu:900 calls=12 total_ms=5.896 avg_us=491.333 max_us=2586
   2 /opt/llama.cpp/ggml/src/ggml-cuda/ggml-cuda.cu:2665 calls=191 total_ms=0.313 avg_us=1.639 max_us=10
   3 /opt/llama.cpp/ggml/src/ggml-cuda/ggml-cuda.cu:847 calls=150 total_ms=0.155 avg_us=1.033 max_us=3
=== END CUDA SYNC PROFILE ===
backend-sync-trace: count=26800 backend=CUDA0 caller=ggml_backend_sched_synchronize+0x62

=== CUDA SYNC PROFILE (instrumentation only) ===
total_syncs = 26800
total_wait_ms = 14951.887
max_wait_us = 140882
sites = 5
wait_hist_us = logarithmic buckets
  hist[0] = 24235
  hist[1] = 1468
  hist[2] = 91
  hist[3] = 14
  hist[4] = 15
  hist[5] = 1
  hist[9] = 180
  hist[10] = 397
  hist[11] = 73
  hist[14] = 110
  hist[15] = 189
  hist[16] = 26
  hist[17] = 1
by_callsite (caller PC; symbolize with addr2line):
   0 caller=0x7bf768d5c0d2 calls=10803 total_ms=14942.762 avg_us=1383.205 max_us=140882
   1 caller=0x7bf768d6098c calls=8816 total_ms=3.530 avg_us=0.400 max_us=24
   2 caller=0x7bf768d6089c calls=3264 total_ms=2.847 avg_us=0.872 max_us=28
   3 caller=0x7bf768d5f852 calls=653 total_ms=1.438 avg_us=2.202 max_us=36
   4 caller=0x7bf768d60abd calls=3264 total_ms=1.310 avg_us=0.401 max_us=19
direct_cudaStreamSynchronize: calls=11776 total_ms=54.220 max_us=2586
by_direct_callsite (file:line):
   0 /opt/llama.cpp/ggml/src/ggml-cuda/ggml-cuda.cu:839 calls=11423 total_ms=47.856 avg_us=4.189 max_us=353
   1 /opt/llama.cpp/ggml/src/ggml-cuda/ggml-cuda.cu:900 calls=12 total_ms=5.896 avg_us=491.333 max_us=2586
   2 /opt/llama.cpp/ggml/src/ggml-cuda/ggml-cuda.cu:2665 calls=191 total_ms=0.313 avg_us=1.639 max_us=10
   3 /opt/llama.cpp/ggml/src/ggml-cuda/ggml-cuda.cu:847 calls=150 total_ms=0.155 avg_us=1.033 max_us=3
=== END CUDA SYNC PROFILE ===

=== CUDA SYNC PROFILE (instrumentation only) ===
total_syncs = 26868
total_wait_ms = 14953.712
max_wait_us = 140882
sites = 5
wait_hist_us = logarithmic buckets
  hist[0] = 24298
  hist[1] = 1471
  hist[2] = 91
  hist[3] = 14
  hist[4] = 15
  hist[5] = 1
  hist[9] = 182
  hist[10] = 397
  hist[11] = 73
  hist[14] = 110
  hist[15] = 189
  hist[16] = 26
  hist[17] = 1
by_callsite (caller PC; symbolize with addr2line):
   0 caller=0x7bf768d5c0d2 calls=10837 total_ms=14944.573 avg_us=1379.032 max_us=140882
   1 caller=0x7bf768d6098c calls=8833 total_ms=3.532 avg_us=0.400 max_us=24
   2 caller=0x7bf768d6089c calls=3272 total_ms=2.854 avg_us=0.872 max_us=28
   3 caller=0x7bf768d5f852 calls=654 total_ms=1.440 avg_us=2.202 max_us=36
   4 caller=0x7bf768d60abd calls=3272 total_ms=1.313 avg_us=0.401 max_us=19
direct_cudaStreamSynchronize: calls=11800 total_ms=54.322 max_us=2586
by_direct_callsite (file:line):
   0 /opt/llama.cpp/ggml/src/ggml-cuda/ggml-cuda.cu:839 calls=11447 total_ms=47.958 avg_us=4.190 max_us=353
   1 /opt/llama.cpp/ggml/src/ggml-cuda/ggml-cuda.cu:900 calls=12 total_ms=5.896 avg_us=491.333 max_us=2586
   2 /opt/llama.cpp/ggml/src/ggml-cuda/ggml-cuda.cu:2665 calls=191 total_ms=0.313 avg_us=1.639 max_us=10
   3 /opt/llama.cpp/ggml/src/ggml-cuda/ggml-cuda.cu:847 calls=150 total_ms=0.155 avg_us=1.033 max_us=3
=== END CUDA SYNC PROFILE ===
backend-sync-trace: count=26900 backend=CUDA0 caller=ggml_backend_sched_synchronize+0x62

=== CUDA SYNC PROFILE (instrumentation only) ===
total_syncs = 26900
total_wait_ms = 14983.054
max_wait_us = 140882
sites = 5
wait_hist_us = logarithmic buckets
  hist[0] = 24327
  hist[1] = 1473
  hist[2] = 91
  hist[3] = 14
  hist[4] = 15
  hist[5] = 1
  hist[9] = 182
  hist[10] = 397
  hist[11] = 73
  hist[14] = 111
  hist[15] = 189
  hist[16] = 26
  hist[17] = 1
by_callsite (caller PC; symbolize with addr2line):
   0 caller=0x7bf768d5c0d2 calls=10854 total_ms=14973.908 avg_us=1379.575 max_us=140882
   1 caller=0x7bf768d6098c calls=8843 total_ms=3.534 avg_us=0.400 max_us=24
   2 caller=0x7bf768d6089c calls=3274 total_ms=2.855 avg_us=0.872 max_us=28
   3 caller=0x7bf768d5f852 calls=655 total_ms=1.443 avg_us=2.203 max_us=36
   4 caller=0x7bf768d60abd calls=3274 total_ms=1.314 avg_us=0.401 max_us=19
direct_cudaStreamSynchronize: calls=11811 total_ms=54.363 max_us=2586
by_direct_callsite (file:line):
   0 /opt/llama.cpp/ggml/src/ggml-cuda/ggml-cuda.cu:839 calls=11458 total_ms=47.999 avg_us=4.189 max_us=353
   1 /opt/llama.cpp/ggml/src/ggml-cuda/ggml-cuda.cu:900 calls=12 total_ms=5.896 avg_us=491.333 max_us=2586
   2 /opt/llama.cpp/ggml/src/ggml-cuda/ggml-cuda.cu:2665 calls=191 total_ms=0.313 avg_us=1.639 max_us=10
   3 /opt/llama.cpp/ggml/src/ggml-cuda/ggml-cuda.cu:847 calls=150 total_ms=0.155 avg_us=1.033 max_us=3
=== END CUDA SYNC PROFILE ===
backend-sync-trace: count=27000 backend=CUDA0 caller=ggml_backend_sched_synchronize+0x62

=== CUDA SYNC PROFILE (instrumentation only) ===
total_syncs = 27000
total_wait_ms = 15016.742
max_wait_us = 140882
sites = 5
wait_hist_us = logarithmic buckets
  hist[0] = 24416
  hist[1] = 1479
  hist[2] = 91
  hist[3] = 14
  hist[4] = 16
  hist[5] = 1
  hist[9] = 182
  hist[10] = 400
  hist[11] = 73
  hist[14] = 112
  hist[15] = 189
  hist[16] = 26
  hist[17] = 1
by_callsite (caller PC; symbolize with addr2line):
   0 caller=0x7bf768d5c0d2 calls=10896 total_ms=15007.567 avg_us=1377.346 max_us=140882
   1 caller=0x7bf768d6098c calls=8874 total_ms=3.546 avg_us=0.400 max_us=24
   2 caller=0x7bf768d6089c calls=3286 total_ms=2.861 avg_us=0.871 max_us=28
   3 caller=0x7bf768d5f852 calls=658 total_ms=1.451 avg_us=2.205 max_us=36
   4 caller=0x7bf768d60abd calls=3286 total_ms=1.317 avg_us=0.401 max_us=19
direct_cudaStreamSynchronize: calls=11852 total_ms=54.526 max_us=2586
by_direct_callsite (file:line):
   0 /opt/llama.cpp/ggml/src/ggml-cuda/ggml-cuda.cu:839 calls=11499 total_ms=48.162 avg_us=4.188 max_us=353
   1 /opt/llama.cpp/ggml/src/ggml-cuda/ggml-cuda.cu:900 calls=12 total_ms=5.896 avg_us=491.333 max_us=2586
   2 /opt/llama.cpp/ggml/src/ggml-cuda/ggml-cuda.cu:2665 calls=191 total_ms=0.313 avg_us=1.639 max_us=10
   3 /opt/llama.cpp/ggml/src/ggml-cuda/ggml-cuda.cu:847 calls=150 total_ms=0.155 avg_us=1.033 max_us=3
=== END CUDA SYNC PROFILE ===
backend-sync-trace: count=27100 backend=CUDA0 caller=ggml_backend_sched_synchronize+0x62

=== CUDA SYNC PROFILE (instrumentation only) ===
total_syncs = 27100
total_wait_ms = 15057.622
max_wait_us = 140882
sites = 5
wait_hist_us = logarithmic buckets
  hist[0] = 24508
  hist[1] = 1482
  hist[2] = 92
  hist[3] = 14
  hist[4] = 16
  hist[5] = 1
  hist[9] = 183
  hist[10] = 402
  hist[11] = 73
  hist[14] = 112
  hist[15] = 190
  hist[16] = 26
  hist[17] = 1
by_callsite (caller PC; symbolize with addr2line):
   0 caller=0x7bf768d5c0d2 calls=10939 total_ms=15048.415 avg_us=1375.666 max_us=140882
   1 caller=0x7bf768d6098c calls=8905 total_ms=3.557 avg_us=0.399 max_us=24
   2 caller=0x7bf768d6089c calls=3298 total_ms=2.872 avg_us=0.871 max_us=28
   3 caller=0x7bf768d5f852 calls=660 total_ms=1.456 avg_us=2.206 max_us=36
   4 caller=0x7bf768d60abd calls=3298 total_ms=1.322 avg_us=0.401 max_us=19
direct_cudaStreamSynchronize: calls=11893 total_ms=54.684 max_us=2586
by_direct_callsite (file:line):
   0 /opt/llama.cpp/ggml/src/ggml-cuda/ggml-cuda.cu:839 calls=11540 total_ms=48.320 avg_us=4.187 max_us=353
   1 /opt/llama.cpp/ggml/src/ggml-cuda/ggml-cuda.cu:900 calls=12 total_ms=5.896 avg_us=491.333 max_us=2586
   2 /opt/llama.cpp/ggml/src/ggml-cuda/ggml-cuda.cu:2665 calls=191 total_ms=0.313 avg_us=1.639 max_us=10
   3 /opt/llama.cpp/ggml/src/ggml-cuda/ggml-cuda.cu:847 calls=150 total_ms=0.155 avg_us=1.033 max_us=3
=== END CUDA SYNC PROFILE ===

=== CUDA SYNC PROFILE (instrumentation only) ===
total_syncs = 27115
total_wait_ms = 15057.630
max_wait_us = 140882
sites = 5
wait_hist_us = logarithmic buckets
  hist[0] = 24522
  hist[1] = 1483
  hist[2] = 92
  hist[3] = 14
  hist[4] = 16
  hist[5] = 1
  hist[9] = 183
  hist[10] = 402
  hist[11] = 73
  hist[14] = 112
  hist[15] = 190
  hist[16] = 26
  hist[17] = 1
by_callsite (caller PC; symbolize with addr2line):
   0 caller=0x7bf768d5c0d2 calls=10942 total_ms=15048.417 avg_us=1375.289 max_us=140882
   1 caller=0x7bf768d6098c calls=8909 total_ms=3.559 avg_us=0.399 max_us=24
   2 caller=0x7bf768d6089c calls=3302 total_ms=2.875 avg_us=0.871 max_us=28
   3 caller=0x7bf768d5f852 calls=660 total_ms=1.456 avg_us=2.206 max_us=36
   4 caller=0x7bf768d60abd calls=3302 total_ms=1.323 avg_us=0.401 max_us=19
direct_cudaStreamSynchronize: calls=11900 total_ms=54.730 max_us=2586
by_direct_callsite (file:line):
   0 /opt/llama.cpp/ggml/src/ggml-cuda/ggml-cuda.cu:839 calls=11547 total_ms=48.366 avg_us=4.189 max_us=353
   1 /opt/llama.cpp/ggml/src/ggml-cuda/ggml-cuda.cu:900 calls=12 total_ms=5.896 avg_us=491.333 max_us=2586
   2 /opt/llama.cpp/ggml/src/ggml-cuda/ggml-cuda.cu:2665 calls=191 total_ms=0.313 avg_us=1.639 max_us=10
   3 /opt/llama.cpp/ggml/src/ggml-cuda/ggml-cuda.cu:847 calls=150 total_ms=0.155 avg_us=1.033 max_us=3
=== END CUDA SYNC PROFILE ===
backend-sync-trace: count=27200 backend=CUDA0 caller=ggml_backend_sched_graph_compute_async_ext+0xecc

=== CUDA SYNC PROFILE (instrumentation only) ===
total_syncs = 27200
total_wait_ms = 15123.205
max_wait_us = 140882
sites = 5
wait_hist_us = logarithmic buckets
  hist[0] = 24599
  hist[1] = 1488
  hist[2] = 92
  hist[3] = 14
  hist[4] = 16
  hist[5] = 1
  hist[9] = 184
  hist[10] = 403
  hist[11] = 73
  hist[14] = 112
  hist[15] = 191
  hist[16] = 26
  hist[17] = 1
by_callsite (caller PC; symbolize with addr2line):
   0 caller=0x7bf768d5c0d2 calls=10967 total_ms=15113.958 avg_us=1378.131 max_us=140882
   1 caller=0x7bf768d6098c calls=8947 total_ms=3.575 avg_us=0.400 max_us=24
   2 caller=0x7bf768d6089c calls=3312 total_ms=2.883 avg_us=0.870 max_us=28
   3 caller=0x7bf768d5f852 calls=662 total_ms=1.462 avg_us=2.208 max_us=36
   4 caller=0x7bf768d60abd calls=3312 total_ms=1.327 avg_us=0.401 max_us=19
direct_cudaStreamSynchronize: calls=11945 total_ms=54.895 max_us=2586
by_direct_callsite (file:line):
   0 /opt/llama.cpp/ggml/src/ggml-cuda/ggml-cuda.cu:839 calls=11592 total_ms=48.531 avg_us=4.187 max_us=353
   1 /opt/llama.cpp/ggml/src/ggml-cuda/ggml-cuda.cu:900 calls=12 total_ms=5.896 avg_us=491.333 max_us=2586
   2 /opt/llama.cpp/ggml/src/ggml-cuda/ggml-cuda.cu:2665 calls=191 total_ms=0.313 avg_us=1.639 max_us=10
   3 /opt/llama.cpp/ggml/src/ggml-cuda/ggml-cuda.cu:847 calls=150 total_ms=0.155 avg_us=1.033 max_us=3
=== END CUDA SYNC PROFILE ===
backend-sync-trace: count=27300 backend=CUDA0 caller=ggml_backend_sched_synchronize+0x62

=== CUDA SYNC PROFILE (instrumentation only) ===
total_syncs = 27300
total_wait_ms = 15187.605
max_wait_us = 140882
sites = 5
wait_hist_us = logarithmic buckets
  hist[0] = 24691
  hist[1] = 1492
  hist[2] = 92
  hist[3] = 14
  hist[4] = 16
  hist[5] = 1
  hist[9] = 185
  hist[10] = 404
  hist[11] = 73
  hist[14] = 114
  hist[15] = 191
  hist[16] = 26
  hist[17] = 1
by_callsite (caller PC; symbolize with addr2line):
   0 caller=0x7bf768d5c0d2 calls=11009 total_ms=15178.330 avg_us=1378.720 max_us=140882
   1 caller=0x7bf768d6098c calls=8978 total_ms=3.583 avg_us=0.399 max_us=24
   2 caller=0x7bf768d6089c calls=3324 total_ms=2.890 avg_us=0.869 max_us=28
   3 caller=0x7bf768d5f852 calls=665 total_ms=1.467 avg_us=2.206 max_us=36
   4 caller=0x7bf768d60abd calls=3324 total_ms=1.335 avg_us=0.402 max_us=19
direct_cudaStreamSynchronize: calls=11986 total_ms=55.071 max_us=2586
by_direct_callsite (file:line):
   0 /opt/llama.cpp/ggml/src/ggml-cuda/ggml-cuda.cu:839 calls=11633 total_ms=48.707 avg_us=4.187 max_us=353
   1 /opt/llama.cpp/ggml/src/ggml-cuda/ggml-cuda.cu:900 calls=12 total_ms=5.896 avg_us=491.333 max_us=2586
   2 /opt/llama.cpp/ggml/src/ggml-cuda/ggml-cuda.cu:2665 calls=191 total_ms=0.313 avg_us=1.639 max_us=10
   3 /opt/llama.cpp/ggml/src/ggml-cuda/ggml-cuda.cu:847 calls=150 total_ms=0.155 avg_us=1.033 max_us=3
=== END CUDA SYNC PROFILE ===

=== CUDA SYNC PROFILE (instrumentation only) ===
total_syncs = 27341
total_wait_ms = 15190.534
max_wait_us = 140882
sites = 5
wait_hist_us = logarithmic buckets
  hist[0] = 24728
  hist[1] = 1494
  hist[2] = 92
  hist[3] = 14
  hist[4] = 16
  hist[5] = 1
  hist[9] = 185
  hist[10] = 406
  hist[11] = 73
  hist[14] = 114
  hist[15] = 191
  hist[16] = 26
  hist[17] = 1
by_callsite (caller PC; symbolize with addr2line):
   0 caller=0x7bf768d5c0d2 calls=11029 total_ms=15181.245 avg_us=1376.484 max_us=140882
   1 caller=0x7bf768d6098c calls=8986 total_ms=3.587 avg_us=0.399 max_us=24
   2 caller=0x7bf768d6089c calls=3330 total_ms=2.897 avg_us=0.870 max_us=28
   3 caller=0x7bf768d5f852 calls=666 total_ms=1.469 avg_us=2.206 max_us=36
   4 caller=0x7bf768d60abd calls=3330 total_ms=1.336 avg_us=0.401 max_us=19
direct_cudaStreamSynchronize: calls=12000 total_ms=55.122 max_us=2586
by_direct_callsite (file:line):
   0 /opt/llama.cpp/ggml/src/ggml-cuda/ggml-cuda.cu:839 calls=11647 total_ms=48.758 avg_us=4.186 max_us=353
   1 /opt/llama.cpp/ggml/src/ggml-cuda/ggml-cuda.cu:900 calls=12 total_ms=5.896 avg_us=491.333 max_us=2586
   2 /opt/llama.cpp/ggml/src/ggml-cuda/ggml-cuda.cu:2665 calls=191 total_ms=0.313 avg_us=1.639 max_us=10
   3 /opt/llama.cpp/ggml/src/ggml-cuda/ggml-cuda.cu:847 calls=150 total_ms=0.155 avg_us=1.033 max_us=3
=== END CUDA SYNC PROFILE ===
backend-sync-trace: count=27400 backend=CUDA0 caller=ggml_backend_sched_graph_compute_async_ext+0xecc

=== CUDA SYNC PROFILE (instrumentation only) ===
total_syncs = 27400
total_wait_ms = 15224.105
max_wait_us = 140882
sites = 5
wait_hist_us = logarithmic buckets
  hist[0] = 24783
  hist[1] = 1497
  hist[2] = 92
  hist[3] = 14
  hist[4] = 16
  hist[5] = 1
  hist[9] = 185
  hist[10] = 406
  hist[11] = 73
  hist[14] = 114
  hist[15] = 192
  hist[16] = 26
  hist[17] = 1
by_callsite (caller PC; symbolize with addr2line):
   0 caller=0x7bf768d5c0d2 calls=11052 total_ms=15214.797 avg_us=1376.656 max_us=140882
   1 caller=0x7bf768d6098c calls=9008 total_ms=3.596 avg_us=0.399 max_us=24
   2 caller=0x7bf768d6089c calls=3336 total_ms=2.901 avg_us=0.870 max_us=28
   3 caller=0x7bf768d5f852 calls=668 total_ms=1.472 avg_us=2.204 max_us=36
   4 caller=0x7bf768d60abd calls=3336 total_ms=1.339 avg_us=0.401 max_us=19
direct_cudaStreamSynchronize: calls=12025 total_ms=55.228 max_us=2586
by_direct_callsite (file:line):
   0 /opt/llama.cpp/ggml/src/ggml-cuda/ggml-cuda.cu:839 calls=11672 total_ms=48.864 avg_us=4.186 max_us=353
   1 /opt/llama.cpp/ggml/src/ggml-cuda/ggml-cuda.cu:900 calls=12 total_ms=5.896 avg_us=491.333 max_us=2586
   2 /opt/llama.cpp/ggml/src/ggml-cuda/ggml-cuda.cu:2665 calls=191 total_ms=0.313 avg_us=1.639 max_us=10
   3 /opt/llama.cpp/ggml/src/ggml-cuda/ggml-cuda.cu:847 calls=150 total_ms=0.155 avg_us=1.033 max_us=3
=== END CUDA SYNC PROFILE ===
backend-sync-trace: count=27500 backend=CUDA0 caller=ggml_backend_sched_graph_compute_async_ext+0xddc

=== CUDA SYNC PROFILE (instrumentation only) ===
total_syncs = 27500
total_wait_ms = 15267.373
max_wait_us = 140882
sites = 5
wait_hist_us = logarithmic buckets
  hist[0] = 24874
  hist[1] = 1501
  hist[2] = 92
  hist[3] = 14
  hist[4] = 16
  hist[5] = 1
  hist[9] = 185
  hist[10] = 409
  hist[11] = 74
  hist[14] = 114
  hist[15] = 193
  hist[16] = 26
  hist[17] = 1
by_callsite (caller PC; symbolize with addr2line):
   0 caller=0x7bf768d5c0d2 calls=11091 total_ms=15258.029 avg_us=1375.713 max_us=140882
   1 caller=0x7bf768d6098c calls=9040 total_ms=3.608 avg_us=0.399 max_us=24
   2 caller=0x7bf768d6089c calls=3350 total_ms=2.917 avg_us=0.871 max_us=28
   3 caller=0x7bf768d5f852 calls=670 total_ms=1.476 avg_us=2.203 max_us=36
   4 caller=0x7bf768d60abd calls=3349 total_ms=1.343 avg_us=0.401 max_us=19
direct_cudaStreamSynchronize: calls=12069 total_ms=55.398 max_us=2586
by_direct_callsite (file:line):
   0 /opt/llama.cpp/ggml/src/ggml-cuda/ggml-cuda.cu:839 calls=11716 total_ms=49.034 avg_us=4.185 max_us=353
   1 /opt/llama.cpp/ggml/src/ggml-cuda/ggml-cuda.cu:900 calls=12 total_ms=5.896 avg_us=491.333 max_us=2586
   2 /opt/llama.cpp/ggml/src/ggml-cuda/ggml-cuda.cu:2665 calls=191 total_ms=0.313 avg_us=1.639 max_us=10
   3 /opt/llama.cpp/ggml/src/ggml-cuda/ggml-cuda.cu:847 calls=150 total_ms=0.155 avg_us=1.033 max_us=3
=== END CUDA SYNC PROFILE ===

=== CUDA SYNC PROFILE (instrumentation only) ===
total_syncs = 27573
total_wait_ms = 15343.072
max_wait_us = 140882
sites = 5
wait_hist_us = logarithmic buckets
  hist[0] = 24941
  hist[1] = 1505
  hist[2] = 92
  hist[3] = 14
  hist[4] = 16
  hist[5] = 1
  hist[9] = 186
  hist[10] = 409
  hist[11] = 74
  hist[14] = 114
  hist[15] = 193
  hist[16] = 27
  hist[17] = 1
by_callsite (caller PC; symbolize with addr2line):
   0 caller=0x7bf768d5c0d2 calls=11121 total_ms=15333.704 avg_us=1378.806 max_us=140882
   1 caller=0x7bf768d6098c calls=9064 total_ms=3.619 avg_us=0.399 max_us=24
   2 caller=0x7bf768d6089c calls=3358 total_ms=2.923 avg_us=0.870 max_us=28
   3 caller=0x7bf768d5f852 calls=672 total_ms=1.480 avg_us=2.202 max_us=36
   4 caller=0x7bf768d60abd calls=3358 total_ms=1.346 avg_us=0.401 max_us=19
direct_cudaStreamSynchronize: calls=12100 total_ms=55.526 max_us=2586
by_direct_callsite (file:line):
   0 /opt/llama.cpp/ggml/src/ggml-cuda/ggml-cuda.cu:839 calls=11747 total_ms=49.162 avg_us=4.185 max_us=353
   1 /opt/llama.cpp/ggml/src/ggml-cuda/ggml-cuda.cu:900 calls=12 total_ms=5.896 avg_us=491.333 max_us=2586
   2 /opt/llama.cpp/ggml/src/ggml-cuda/ggml-cuda.cu:2665 calls=191 total_ms=0.313 avg_us=1.639 max_us=10
   3 /opt/llama.cpp/ggml/src/ggml-cuda/ggml-cuda.cu:847 calls=150 total_ms=0.155 avg_us=1.033 max_us=3
=== END CUDA SYNC PROFILE ===
backend-sync-trace: count=27600 backend=CUDA0 caller=ggml_backend_sched_graph_compute_async_ext+0xecc

=== CUDA SYNC PROFILE (instrumentation only) ===
total_syncs = 27600
total_wait_ms = 15343.981
max_wait_us = 140882
sites = 5
wait_hist_us = logarithmic buckets
  hist[0] = 24966
  hist[1] = 1506
  hist[2] = 92
  hist[3] = 14
  hist[4] = 16
  hist[5] = 1
  hist[9] = 187
  hist[10] = 409
  hist[11] = 74
  hist[14] = 114
  hist[15] = 193
  hist[16] = 27
  hist[17] = 1
by_callsite (caller PC; symbolize with addr2line):
   0 caller=0x7bf768d5c0d2 calls=11128 total_ms=15334.606 avg_us=1378.020 max_us=140882
   1 caller=0x7bf768d6098c calls=9076 total_ms=3.621 avg_us=0.399 max_us=24
   2 caller=0x7bf768d6089c calls=3362 total_ms=2.927 avg_us=0.871 max_us=28
   3 caller=0x7bf768d5f852 calls=672 total_ms=1.480 avg_us=2.202 max_us=36
   4 caller=0x7bf768d60abd calls=3362 total_ms=1.347 avg_us=0.401 max_us=19
direct_cudaStreamSynchronize: calls=12114 total_ms=55.589 max_us=2586
by_direct_callsite (file:line):
   0 /opt/llama.cpp/ggml/src/ggml-cuda/ggml-cuda.cu:839 calls=11761 total_ms=49.225 avg_us=4.185 max_us=353
   1 /opt/llama.cpp/ggml/src/ggml-cuda/ggml-cuda.cu:900 calls=12 total_ms=5.896 avg_us=491.333 max_us=2586
   2 /opt/llama.cpp/ggml/src/ggml-cuda/ggml-cuda.cu:2665 calls=191 total_ms=0.313 avg_us=1.639 max_us=10
   3 /opt/llama.cpp/ggml/src/ggml-cuda/ggml-cuda.cu:847 calls=150 total_ms=0.155 avg_us=1.033 max_us=3
=== END CUDA SYNC PROFILE ===
backend-sync-trace: count=27700 backend=CUDA0 caller=ggml_backend_sched_graph_compute_async_ext+0xecc

=== CUDA SYNC PROFILE (instrumentation only) ===
total_syncs = 27700
total_wait_ms = 15419.306
max_wait_us = 140882
sites = 5
wait_hist_us = logarithmic buckets
  hist[0] = 25057
  hist[1] = 1511
  hist[2] = 92
  hist[3] = 14
  hist[4] = 16
  hist[5] = 1
  hist[9] = 188
  hist[10] = 410
  hist[11] = 74
  hist[14] = 114
  hist[15] = 195
  hist[16] = 27
  hist[17] = 1
by_callsite (caller PC; symbolize with addr2line):
   0 caller=0x7bf768d5c0d2 calls=11167 total_ms=15409.896 avg_us=1379.949 max_us=140882
   1 caller=0x7bf768d6098c calls=9110 total_ms=3.636 avg_us=0.399 max_us=24
   2 caller=0x7bf768d6089c calls=3374 total_ms=2.938 avg_us=0.871 max_us=28
   3 caller=0x7bf768d5f852 calls=675 total_ms=1.485 avg_us=2.200 max_us=36
   4 caller=0x7bf768d60abd calls=3374 total_ms=1.351 avg_us=0.400 max_us=19
direct_cudaStreamSynchronize: calls=12158 total_ms=55.763 max_us=2586
by_direct_callsite (file:line):
   0 /opt/llama.cpp/ggml/src/ggml-cuda/ggml-cuda.cu:839 calls=11805 total_ms=49.399 avg_us=4.185 max_us=353
   1 /opt/llama.cpp/ggml/src/ggml-cuda/ggml-cuda.cu:900 calls=12 total_ms=5.896 avg_us=491.333 max_us=2586
   2 /opt/llama.cpp/ggml/src/ggml-cuda/ggml-cuda.cu:2665 calls=191 total_ms=0.313 avg_us=1.639 max_us=10
   3 /opt/llama.cpp/ggml/src/ggml-cuda/ggml-cuda.cu:847 calls=150 total_ms=0.155 avg_us=1.033 max_us=3
=== END CUDA SYNC PROFILE ===
backend-sync-trace: count=27800 backend=CUDA0 caller=ggml_backend_sched_graph_compute_async_ext+0xddc

=== CUDA SYNC PROFILE (instrumentation only) ===
total_syncs = 27800
total_wait_ms = 15452.998
max_wait_us = 140882
sites = 5
wait_hist_us = logarithmic buckets
  hist[0] = 25150
  hist[1] = 1515
  hist[2] = 92
  hist[3] = 14
  hist[4] = 16
  hist[5] = 1
  hist[9] = 189
  hist[10] = 411
  hist[11] = 74
  hist[14] = 115
  hist[15] = 195
  hist[16] = 27
  hist[17] = 1
by_callsite (caller PC; symbolize with addr2line):
   0 caller=0x7bf768d5c0d2 calls=11213 total_ms=15443.558 avg_us=1377.290 max_us=140882
   1 caller=0x7bf768d6098c calls=9140 total_ms=3.648 avg_us=0.399 max_us=24
   2 caller=0x7bf768d6089c calls=3385 total_ms=2.945 avg_us=0.870 max_us=28
   3 caller=0x7bf768d5f852 calls=678 total_ms=1.490 avg_us=2.198 max_us=36
   4 caller=0x7bf768d60abd calls=3384 total_ms=1.357 avg_us=0.401 max_us=19
direct_cudaStreamSynchronize: calls=12196 total_ms=55.919 max_us=2586
by_direct_callsite (file:line):
   0 /opt/llama.cpp/ggml/src/ggml-cuda/ggml-cuda.cu:839 calls=11843 total_ms=49.555 avg_us=4.184 max_us=353
   1 /opt/llama.cpp/ggml/src/ggml-cuda/ggml-cuda.cu:900 calls=12 total_ms=5.896 avg_us=491.333 max_us=2586
   2 /opt/llama.cpp/ggml/src/ggml-cuda/ggml-cuda.cu:2665 calls=191 total_ms=0.313 avg_us=1.639 max_us=10
   3 /opt/llama.cpp/ggml/src/ggml-cuda/ggml-cuda.cu:847 calls=150 total_ms=0.155 avg_us=1.033 max_us=3
=== END CUDA SYNC PROFILE ===

=== CUDA SYNC PROFILE (instrumentation only) ===
total_syncs = 27805
total_wait_ms = 15453.001
max_wait_us = 140882
sites = 5
wait_hist_us = logarithmic buckets
  hist[0] = 25155
  hist[1] = 1515
  hist[2] = 92
  hist[3] = 14
  hist[4] = 16
  hist[5] = 1
  hist[9] = 189
  hist[10] = 411
  hist[11] = 74
  hist[14] = 115
  hist[15] = 195
  hist[16] = 27
  hist[17] = 1
by_callsite (caller PC; symbolize with addr2line):
   0 caller=0x7bf768d5c0d2 calls=11213 total_ms=15443.558 avg_us=1377.290 max_us=140882
   1 caller=0x7bf768d6098c calls=9142 total_ms=3.649 avg_us=0.399 max_us=24
   2 caller=0x7bf768d6089c calls=3386 total_ms=2.946 avg_us=0.870 max_us=28
   3 caller=0x7bf768d5f852 calls=678 total_ms=1.490 avg_us=2.198 max_us=36
   4 caller=0x7bf768d60abd calls=3386 total_ms=1.358 avg_us=0.401 max_us=19
direct_cudaStreamSynchronize: calls=12200 total_ms=55.948 max_us=2586
by_direct_callsite (file:line):
   0 /opt/llama.cpp/ggml/src/ggml-cuda/ggml-cuda.cu:839 calls=11847 total_ms=49.584 avg_us=4.185 max_us=353
   1 /opt/llama.cpp/ggml/src/ggml-cuda/ggml-cuda.cu:900 calls=12 total_ms=5.896 avg_us=491.333 max_us=2586
   2 /opt/llama.cpp/ggml/src/ggml-cuda/ggml-cuda.cu:2665 calls=191 total_ms=0.313 avg_us=1.639 max_us=10
   3 /opt/llama.cpp/ggml/src/ggml-cuda/ggml-cuda.cu:847 calls=150 total_ms=0.155 avg_us=1.033 max_us=3
=== END CUDA SYNC PROFILE ===
backend-sync-trace: count=27900 backend=CUDA0 caller=ggml_backend_sched_synchronize+0x62

=== CUDA SYNC PROFILE (instrumentation only) ===
total_syncs = 27900
total_wait_ms = 15488.688
max_wait_us = 140882
sites = 5
wait_hist_us = logarithmic buckets
  hist[0] = 25244
  hist[1] = 1517
  hist[2] = 92
  hist[3] = 14
  hist[4] = 16
  hist[5] = 1
  hist[9] = 191
  hist[10] = 412
  hist[11] = 74
  hist[14] = 116
  hist[15] = 195
  hist[16] = 27
  hist[17] = 1
by_callsite (caller PC; symbolize with addr2line):
   0 caller=0x7bf768d5c0d2 calls=11257 total_ms=15479.221 avg_us=1375.075 max_us=140882
   1 caller=0x7bf768d6098c calls=9171 total_ms=3.659 avg_us=0.399 max_us=24
   2 caller=0x7bf768d6089c calls=3396 total_ms=2.954 avg_us=0.870 max_us=28
   3 caller=0x7bf768d5f852 calls=680 total_ms=1.493 avg_us=2.196 max_us=36
   4 caller=0x7bf768d60abd calls=3396 total_ms=1.361 avg_us=0.401 max_us=19
direct_cudaStreamSynchronize: calls=12237 total_ms=56.096 max_us=2586
by_direct_callsite (file:line):
   0 /opt/llama.cpp/ggml/src/ggml-cuda/ggml-cuda.cu:839 calls=11884 total_ms=49.732 avg_us=4.185 max_us=353
   1 /opt/llama.cpp/ggml/src/ggml-cuda/ggml-cuda.cu:900 calls=12 total_ms=5.896 avg_us=491.333 max_us=2586
   2 /opt/llama.cpp/ggml/src/ggml-cuda/ggml-cuda.cu:2665 calls=191 total_ms=0.313 avg_us=1.639 max_us=10
   3 /opt/llama.cpp/ggml/src/ggml-cuda/ggml-cuda.cu:847 calls=150 total_ms=0.155 avg_us=1.033 max_us=3
=== END CUDA SYNC PROFILE ===
backend-sync-trace: count=28000 backend=CUDA0 caller=ggml_backend_sched_graph_compute_async_ext+0xecc

=== CUDA SYNC PROFILE (instrumentation only) ===
total_syncs = 28000
total_wait_ms = 15544.364
max_wait_us = 140882
sites = 5
wait_hist_us = logarithmic buckets
  hist[0] = 25335
  hist[1] = 1522
  hist[2] = 92
  hist[3] = 14
  hist[4] = 16
  hist[5] = 1
  hist[9] = 191
  hist[10] = 414
  hist[11] = 75
  hist[14] = 116
  hist[15] = 196
  hist[16] = 27
  hist[17] = 1
by_callsite (caller PC; symbolize with addr2line):
   0 caller=0x7bf768d5c0d2 calls=11289 total_ms=15534.860 avg_us=1376.106 max_us=140882
   1 caller=0x7bf768d6098c calls=9205 total_ms=3.673 avg_us=0.399 max_us=24
   2 caller=0x7bf768d6089c calls=3412 total_ms=2.966 avg_us=0.869 max_us=28
   3 caller=0x7bf768d5f852 calls=682 total_ms=1.497 avg_us=2.195 max_us=36
   4 caller=0x7bf768d60abd calls=3412 total_ms=1.368 avg_us=0.401 max_us=19
direct_cudaStreamSynchronize: calls=12283 total_ms=56.275 max_us=2586
by_direct_callsite (file:line):
   0 /opt/llama.cpp/ggml/src/ggml-cuda/ggml-cuda.cu:839 calls=11930 total_ms=49.911 avg_us=4.184 max_us=353
   1 /opt/llama.cpp/ggml/src/ggml-cuda/ggml-cuda.cu:900 calls=12 total_ms=5.896 avg_us=491.333 max_us=2586
   2 /opt/llama.cpp/ggml/src/ggml-cuda/ggml-cuda.cu:2665 calls=191 total_ms=0.313 avg_us=1.639 max_us=10
   3 /opt/llama.cpp/ggml/src/ggml-cuda/ggml-cuda.cu:847 calls=150 total_ms=0.155 avg_us=1.033 max_us=3
=== END CUDA SYNC PROFILE ===

=== CUDA SYNC PROFILE (instrumentation only) ===
total_syncs = 28021
total_wait_ms = 15585.601
max_wait_us = 140882
sites = 5
wait_hist_us = logarithmic buckets
  hist[0] = 25354
  hist[1] = 1523
  hist[2] = 92
  hist[3] = 14
  hist[4] = 16
  hist[5] = 1
  hist[9] = 191
  hist[10] = 414
  hist[11] = 75
  hist[14] = 116
  hist[15] = 197
  hist[16] = 27
  hist[17] = 1
by_callsite (caller PC; symbolize with addr2line):
   0 caller=0x7bf768d5c0d2 calls=11291 total_ms=15576.087 avg_us=1379.514 max_us=140882
   1 caller=0x7bf768d6098c calls=9219 total_ms=3.679 avg_us=0.399 max_us=24
   2 caller=0x7bf768d6089c calls=3414 total_ms=2.967 avg_us=0.869 max_us=28
   3 caller=0x7bf768d5f852 calls=683 total_ms=1.499 avg_us=2.195 max_us=36
   4 caller=0x7bf768d60abd calls=3414 total_ms=1.369 avg_us=0.401 max_us=19
direct_cudaStreamSynchronize: calls=12300 total_ms=56.357 max_us=2586
by_direct_callsite (file:line):
   0 /opt/llama.cpp/ggml/src/ggml-cuda/ggml-cuda.cu:839 calls=11947 total_ms=49.993 avg_us=4.185 max_us=353
   1 /opt/llama.cpp/ggml/src/ggml-cuda/ggml-cuda.cu:900 calls=12 total_ms=5.896 avg_us=491.333 max_us=2586
   2 /opt/llama.cpp/ggml/src/ggml-cuda/ggml-cuda.cu:2665 calls=191 total_ms=0.313 avg_us=1.639 max_us=10
   3 /opt/llama.cpp/ggml/src/ggml-cuda/ggml-cuda.cu:847 calls=150 total_ms=0.155 avg_us=1.033 max_us=3
=== END CUDA SYNC PROFILE ===
backend-sync-trace: count=28100 backend=CUDA0 caller=ggml_backend_sched_synchronize+0x62

=== CUDA SYNC PROFILE (instrumentation only) ===
total_syncs = 28100
total_wait_ms = 15645.143
max_wait_us = 140882
sites = 5
wait_hist_us = logarithmic buckets
  hist[0] = 25426
  hist[1] = 1527
  hist[2] = 92
  hist[3] = 14
  hist[4] = 16
  hist[5] = 1
  hist[9] = 191
  hist[10] = 416
  hist[11] = 75
  hist[14] = 116
  hist[15] = 198
  hist[16] = 27
  hist[17] = 1
by_callsite (caller PC; symbolize with addr2line):
   0 caller=0x7bf768d5c0d2 calls=11328 total_ms=15635.609 avg_us=1380.262 max_us=140882
   1 caller=0x7bf768d6098c calls=9244 total_ms=3.687 avg_us=0.399 max_us=24
   2 caller=0x7bf768d6089c calls=3422 total_ms=2.974 avg_us=0.869 max_us=28
   3 caller=0x7bf768d5f852 calls=684 total_ms=1.501 avg_us=2.194 max_us=36
   4 caller=0x7bf768d60abd calls=3422 total_ms=1.372 avg_us=0.401 max_us=19
direct_cudaStreamSynchronize: calls=12331 total_ms=56.480 max_us=2586
by_direct_callsite (file:line):
   0 /opt/llama.cpp/ggml/src/ggml-cuda/ggml-cuda.cu:839 calls=11978 total_ms=50.116 avg_us=4.184 max_us=353
   1 /opt/llama.cpp/ggml/src/ggml-cuda/ggml-cuda.cu:900 calls=12 total_ms=5.896 avg_us=491.333 max_us=2586
   2 /opt/llama.cpp/ggml/src/ggml-cuda/ggml-cuda.cu:2665 calls=191 total_ms=0.313 avg_us=1.639 max_us=10
   3 /opt/llama.cpp/ggml/src/ggml-cuda/ggml-cuda.cu:847 calls=150 total_ms=0.155 avg_us=1.033 max_us=3
=== END CUDA SYNC PROFILE ===
backend-sync-trace: count=28200 backend=CUDA0 caller=ggml_backend_sched_synchronize+0x62

=== CUDA SYNC PROFILE (instrumentation only) ===
total_syncs = 28200
total_wait_ms = 15688.586
max_wait_us = 140882
sites = 5
wait_hist_us = logarithmic buckets
  hist[0] = 25516
  hist[1] = 1534
  hist[2] = 92
  hist[3] = 14
  hist[4] = 16
  hist[5] = 1
  hist[9] = 192
  hist[10] = 417
  hist[11] = 75
  hist[14] = 116
  hist[15] = 199
  hist[16] = 27
  hist[17] = 1
by_callsite (caller PC; symbolize with addr2line):
   0 caller=0x7bf768d5c0d2 calls=11370 total_ms=15679.019 avg_us=1378.981 max_us=140882
   1 caller=0x7bf768d6098c calls=9275 total_ms=3.700 avg_us=0.399 max_us=24
   2 caller=0x7bf768d6089c calls=3434 total_ms=2.983 avg_us=0.869 max_us=28
   3 caller=0x7bf768d5f852 calls=687 total_ms=1.507 avg_us=2.194 max_us=36
   4 caller=0x7bf768d60abd calls=3434 total_ms=1.377 avg_us=0.401 max_us=19
direct_cudaStreamSynchronize: calls=12371 total_ms=56.644 max_us=2586
by_direct_callsite (file:line):
   0 /opt/llama.cpp/ggml/src/ggml-cuda/ggml-cuda.cu:839 calls=12018 total_ms=50.280 avg_us=4.184 max_us=353
   1 /opt/llama.cpp/ggml/src/ggml-cuda/ggml-cuda.cu:900 calls=12 total_ms=5.896 avg_us=491.333 max_us=2586
   2 /opt/llama.cpp/ggml/src/ggml-cuda/ggml-cuda.cu:2665 calls=191 total_ms=0.313 avg_us=1.639 max_us=10
   3 /opt/llama.cpp/ggml/src/ggml-cuda/ggml-cuda.cu:847 calls=150 total_ms=0.155 avg_us=1.033 max_us=3
=== END CUDA SYNC PROFILE ===

=== CUDA SYNC PROFILE (instrumentation only) ===
total_syncs = 28269
total_wait_ms = 15691.816
max_wait_us = 140882
sites = 5
wait_hist_us = logarithmic buckets
  hist[0] = 25580
  hist[1] = 1537
  hist[2] = 92
  hist[3] = 14
  hist[4] = 16
  hist[5] = 1
  hist[9] = 192
  hist[10] = 419
  hist[11] = 75
  hist[14] = 116
  hist[15] = 199
  hist[16] = 27
  hist[17] = 1
by_callsite (caller PC; symbolize with addr2line):
   0 caller=0x7bf768d5c0d2 calls=11400 total_ms=15682.226 avg_us=1375.634 max_us=140882
   1 caller=0x7bf768d6098c calls=9297 total_ms=3.710 avg_us=0.399 max_us=24
   2 caller=0x7bf768d6089c calls=3442 total_ms=2.992 avg_us=0.869 max_us=28
   3 caller=0x7bf768d5f852 calls=688 total_ms=1.509 avg_us=2.193 max_us=36
   4 caller=0x7bf768d60abd calls=3442 total_ms=1.379 avg_us=0.401 max_us=19
direct_cudaStreamSynchronize: calls=12400 total_ms=56.758 max_us=2586
by_direct_callsite (file:line):
   0 /opt/llama.cpp/ggml/src/ggml-cuda/ggml-cuda.cu:839 calls=12047 total_ms=50.394 avg_us=4.183 max_us=353
   1 /opt/llama.cpp/ggml/src/ggml-cuda/ggml-cuda.cu:900 calls=12 total_ms=5.896 avg_us=491.333 max_us=2586
   2 /opt/llama.cpp/ggml/src/ggml-cuda/ggml-cuda.cu:2665 calls=191 total_ms=0.313 avg_us=1.639 max_us=10
   3 /opt/llama.cpp/ggml/src/ggml-cuda/ggml-cuda.cu:847 calls=150 total_ms=0.155 avg_us=1.033 max_us=3
=== END CUDA SYNC PROFILE ===
backend-sync-trace: count=28300 backend=CUDA0 caller=ggml_backend_sched_synchronize+0x62

=== CUDA SYNC PROFILE (instrumentation only) ===
total_syncs = 28300
total_wait_ms = 15731.342
max_wait_us = 140882
sites = 5
wait_hist_us = logarithmic buckets
  hist[0] = 25608
  hist[1] = 1539
  hist[2] = 92
  hist[3] = 14
  hist[4] = 16
  hist[5] = 1
  hist[9] = 192
  hist[10] = 419
  hist[11] = 75
  hist[14] = 116
  hist[15] = 200
  hist[16] = 27
  hist[17] = 1
by_callsite (caller PC; symbolize with addr2line):
   0 caller=0x7bf768d5c0d2 calls=11421 total_ms=15721.744 avg_us=1376.565 max_us=140882
   1 caller=0x7bf768d6098c calls=9302 total_ms=3.714 avg_us=0.399 max_us=24
   2 caller=0x7bf768d6089c calls=3444 total_ms=2.993 avg_us=0.869 max_us=28
   3 caller=0x7bf768d5f852 calls=689 total_ms=1.511 avg_us=2.193 max_us=36
   4 caller=0x7bf768d60abd calls=3444 total_ms=1.380 avg_us=0.401 max_us=19
direct_cudaStreamSynchronize: calls=12406 total_ms=56.785 max_us=2586
by_direct_callsite (file:line):
   0 /opt/llama.cpp/ggml/src/ggml-cuda/ggml-cuda.cu:839 calls=12053 total_ms=50.421 avg_us=4.183 max_us=353
   1 /opt/llama.cpp/ggml/src/ggml-cuda/ggml-cuda.cu:900 calls=12 total_ms=5.896 avg_us=491.333 max_us=2586
   2 /opt/llama.cpp/ggml/src/ggml-cuda/ggml-cuda.cu:2665 calls=191 total_ms=0.313 avg_us=1.639 max_us=10
   3 /opt/llama.cpp/ggml/src/ggml-cuda/ggml-cuda.cu:847 calls=150 total_ms=0.155 avg_us=1.033 max_us=3
=== END CUDA SYNC PROFILE ===
backend-sync-trace: count=28400 backend=CUDA0 caller=ggml_backend_sched_synchronize+0x62

=== CUDA SYNC PROFILE (instrumentation only) ===
total_syncs = 28400
total_wait_ms = 15766.286
max_wait_us = 140882
sites = 5
wait_hist_us = logarithmic buckets
  hist[0] = 25700
  hist[1] = 1542
  hist[2] = 93
  hist[3] = 14
  hist[4] = 16
  hist[5] = 1
  hist[9] = 193
  hist[10] = 421
  hist[11] = 75
  hist[14] = 117
  hist[15] = 200
  hist[16] = 27
  hist[17] = 1
by_callsite (caller PC; symbolize with addr2line):
   0 caller=0x7bf768d5c0d2 calls=11463 total_ms=15756.652 avg_us=1374.566 max_us=140882
   1 caller=0x7bf768d6098c calls=9333 total_ms=3.726 avg_us=0.399 max_us=24
   2 caller=0x7bf768d6089c calls=3456 total_ms=3.003 avg_us=0.869 max_us=28
   3 caller=0x7bf768d5f852 calls=692 total_ms=1.521 avg_us=2.198 max_us=36
   4 caller=0x7bf768d60abd calls=3456 total_ms=1.384 avg_us=0.400 max_us=19
direct_cudaStreamSynchronize: calls=12447 total_ms=56.947 max_us=2586
by_direct_callsite (file:line):
   0 /opt/llama.cpp/ggml/src/ggml-cuda/ggml-cuda.cu:839 calls=12094 total_ms=50.583 avg_us=4.182 max_us=353
   1 /opt/llama.cpp/ggml/src/ggml-cuda/ggml-cuda.cu:900 calls=12 total_ms=5.896 avg_us=491.333 max_us=2586
   2 /opt/llama.cpp/ggml/src/ggml-cuda/ggml-cuda.cu:2665 calls=191 total_ms=0.313 avg_us=1.639 max_us=10
   3 /opt/llama.cpp/ggml/src/ggml-cuda/ggml-cuda.cu:847 calls=150 total_ms=0.155 avg_us=1.033 max_us=3
=== END CUDA SYNC PROFILE ===
backend-sync-trace: count=28500 backend=CUDA0 caller=ggml_backend_sched_graph_compute_async_ext+0xddc

=== CUDA SYNC PROFILE (instrumentation only) ===
total_syncs = 28500
total_wait_ms = 15812.193
max_wait_us = 140882
sites = 5
wait_hist_us = logarithmic buckets
  hist[0] = 25791
  hist[1] = 1547
  hist[2] = 93
  hist[3] = 14
  hist[4] = 16
  hist[5] = 1
  hist[9] = 193
  hist[10] = 423
  hist[11] = 76
  hist[14] = 117
  hist[15] = 201
  hist[16] = 27
  hist[17] = 1
by_callsite (caller PC; symbolize with addr2line):
   0 caller=0x7bf768d5c0d2 calls=11505 total_ms=15802.530 avg_us=1373.536 max_us=140882
   1 caller=0x7bf768d6098c calls=9364 total_ms=3.736 avg_us=0.399 max_us=24
   2 caller=0x7bf768d6089c calls=3469 total_ms=3.013 avg_us=0.869 max_us=28
   3 caller=0x7bf768d5f852 calls=694 total_ms=1.525 avg_us=2.197 max_us=36
   4 caller=0x7bf768d60abd calls=3468 total_ms=1.389 avg_us=0.401 max_us=19
direct_cudaStreamSynchronize: calls=12488 total_ms=57.110 max_us=2586
by_direct_callsite (file:line):
   0 /opt/llama.cpp/ggml/src/ggml-cuda/ggml-cuda.cu:839 calls=12135 total_ms=50.746 avg_us=4.182 max_us=353
   1 /opt/llama.cpp/ggml/src/ggml-cuda/ggml-cuda.cu:900 calls=12 total_ms=5.896 avg_us=491.333 max_us=2586
   2 /opt/llama.cpp/ggml/src/ggml-cuda/ggml-cuda.cu:2665 calls=191 total_ms=0.313 avg_us=1.639 max_us=10
   3 /opt/llama.cpp/ggml/src/ggml-cuda/ggml-cuda.cu:847 calls=150 total_ms=0.155 avg_us=1.033 max_us=3
=== END CUDA SYNC PROFILE ===

=== CUDA SYNC PROFILE (instrumentation only) ===
total_syncs = 28516
total_wait_ms = 15812.200
max_wait_us = 140882
sites = 5
wait_hist_us = logarithmic buckets
  hist[0] = 25807
  hist[1] = 1547
  hist[2] = 93
  hist[3] = 14
  hist[4] = 16
  hist[5] = 1
  hist[9] = 193
  hist[10] = 423
  hist[11] = 76
  hist[14] = 117
  hist[15] = 201
  hist[16] = 27
  hist[17] = 1
by_callsite (caller PC; symbolize with addr2line):
   0 caller=0x7bf768d5c0d2 calls=11505 total_ms=15802.530 avg_us=1373.536 max_us=140882
   1 caller=0x7bf768d6098c calls=9373 total_ms=3.740 avg_us=0.399 max_us=24
   2 caller=0x7bf768d6089c calls=3472 total_ms=3.015 avg_us=0.868 max_us=28
   3 caller=0x7bf768d5f852 calls=694 total_ms=1.525 avg_us=2.197 max_us=36
   4 caller=0x7bf768d60abd calls=3472 total_ms=1.390 avg_us=0.400 max_us=19
direct_cudaStreamSynchronize: calls=12500 total_ms=57.169 max_us=2586
by_direct_callsite (file:line):
   0 /opt/llama.cpp/ggml/src/ggml-cuda/ggml-cuda.cu:839 calls=12147 total_ms=50.805 avg_us=4.183 max_us=353
   1 /opt/llama.cpp/ggml/src/ggml-cuda/ggml-cuda.cu:900 calls=12 total_ms=5.896 avg_us=491.333 max_us=2586
   2 /opt/llama.cpp/ggml/src/ggml-cuda/ggml-cuda.cu:2665 calls=191 total_ms=0.313 avg_us=1.639 max_us=10
   3 /opt/llama.cpp/ggml/src/ggml-cuda/ggml-cuda.cu:847 calls=150 total_ms=0.155 avg_us=1.033 max_us=3
=== END CUDA SYNC PROFILE ===
backend-sync-trace: count=28600 backend=CUDA0 caller=ggml_backend_sched_graph_compute_async_ext+0xecc

=== CUDA SYNC PROFILE (instrumentation only) ===
total_syncs = 28600
total_wait_ms = 15857.759
max_wait_us = 140882
sites = 5
wait_hist_us = logarithmic buckets
  hist[0] = 25884
  hist[1] = 1551
  hist[2] = 93
  hist[3] = 14
  hist[4] = 16
  hist[5] = 1
  hist[9] = 193
  hist[10] = 423
  hist[11] = 78
  hist[14] = 117
  hist[15] = 202
  hist[16] = 27
  hist[17] = 1
by_callsite (caller PC; symbolize with addr2line):
   0 caller=0x7bf768d5c0d2 calls=11542 total_ms=15848.065 avg_us=1373.078 max_us=140882
   1 caller=0x7bf768d6098c calls=9398 total_ms=3.750 avg_us=0.399 max_us=24
   2 caller=0x7bf768d6089c calls=3482 total_ms=3.020 avg_us=0.867 max_us=28
   3 caller=0x7bf768d5f852 calls=696 total_ms=1.529 avg_us=2.197 max_us=36
   4 caller=0x7bf768d60abd calls=3482 total_ms=1.395 avg_us=0.401 max_us=19
direct_cudaStreamSynchronize: calls=12532 total_ms=57.319 max_us=2586
by_direct_callsite (file:line):
   0 /opt/llama.cpp/ggml/src/ggml-cuda/ggml-cuda.cu:839 calls=12179 total_ms=50.955 avg_us=4.184 max_us=353
   1 /opt/llama.cpp/ggml/src/ggml-cuda/ggml-cuda.cu:900 calls=12 total_ms=5.896 avg_us=491.333 max_us=2586
   2 /opt/llama.cpp/ggml/src/ggml-cuda/ggml-cuda.cu:2665 calls=191 total_ms=0.313 avg_us=1.639 max_us=10
   3 /opt/llama.cpp/ggml/src/ggml-cuda/ggml-cuda.cu:847 calls=150 total_ms=0.155 avg_us=1.033 max_us=3
=== END CUDA SYNC PROFILE ===
backend-sync-trace: count=28700 backend=CUDA0 caller=ggml_backend_sched_graph_compute_async_ext+0xddc

=== CUDA SYNC PROFILE (instrumentation only) ===
total_syncs = 28700
total_wait_ms = 16027.400
max_wait_us = 140882
sites = 5
wait_hist_us = logarithmic buckets
  hist[0] = 25976
  hist[1] = 1554
  hist[2] = 93
  hist[3] = 14
  hist[4] = 17
  hist[5] = 1
  hist[9] = 193
  hist[10] = 425
  hist[11] = 78
  hist[14] = 117
  hist[15] = 202
  hist[16] = 29
  hist[17] = 1
by_callsite (caller PC; symbolize with addr2line):
   0 caller=0x7bf768d5c0d2 calls=11581 total_ms=16017.654 avg_us=1383.098 max_us=140882
   1 caller=0x7bf768d6098c calls=9433 total_ms=3.784 avg_us=0.401 max_us=24
   2 caller=0x7bf768d6089c calls=3494 total_ms=3.031 avg_us=0.867 max_us=28
   3 caller=0x7bf768d5f852 calls=699 total_ms=1.534 avg_us=2.195 max_us=36
   4 caller=0x7bf768d60abd calls=3493 total_ms=1.397 avg_us=0.400 max_us=19
direct_cudaStreamSynchronize: calls=12577 total_ms=57.489 max_us=2586
by_direct_callsite (file:line):
   0 /opt/llama.cpp/ggml/src/ggml-cuda/ggml-cuda.cu:839 calls=12224 total_ms=51.125 avg_us=4.182 max_us=353
   1 /opt/llama.cpp/ggml/src/ggml-cuda/ggml-cuda.cu:900 calls=12 total_ms=5.896 avg_us=491.333 max_us=2586
   2 /opt/llama.cpp/ggml/src/ggml-cuda/ggml-cuda.cu:2665 calls=191 total_ms=0.313 avg_us=1.639 max_us=10
   3 /opt/llama.cpp/ggml/src/ggml-cuda/ggml-cuda.cu:847 calls=150 total_ms=0.155 avg_us=1.033 max_us=3
=== END CUDA SYNC PROFILE ===

=== CUDA SYNC PROFILE (instrumentation only) ===
total_syncs = 28769
total_wait_ms = 16031.149
max_wait_us = 140882
sites = 5
wait_hist_us = logarithmic buckets
  hist[0] = 26041
  hist[1] = 1556
  hist[2] = 93
  hist[3] = 14
  hist[4] = 17
  hist[5] = 1
  hist[9] = 193
  hist[10] = 426
  hist[11] = 79
  hist[14] = 117
  hist[15] = 202
  hist[16] = 29
  hist[17] = 1
by_callsite (caller PC; symbolize with addr2line):
   0 caller=0x7bf768d5c0d2 calls=11616 total_ms=16021.386 avg_us=1379.252 max_us=140882
   1 caller=0x7bf768d6098c calls=9449 total_ms=3.789 avg_us=0.401 max_us=24
   2 caller=0x7bf768d6089c calls=3502 total_ms=3.035 avg_us=0.867 max_us=28
   3 caller=0x7bf768d5f852 calls=700 total_ms=1.536 avg_us=2.194 max_us=36
   4 caller=0x7bf768d60abd calls=3502 total_ms=1.403 avg_us=0.401 max_us=19
direct_cudaStreamSynchronize: calls=12600 total_ms=57.597 max_us=2586
by_direct_callsite (file:line):
   0 /opt/llama.cpp/ggml/src/ggml-cuda/ggml-cuda.cu:839 calls=12247 total_ms=51.233 avg_us=4.183 max_us=353
   1 /opt/llama.cpp/ggml/src/ggml-cuda/ggml-cuda.cu:900 calls=12 total_ms=5.896 avg_us=491.333 max_us=2586
   2 /opt/llama.cpp/ggml/src/ggml-cuda/ggml-cuda.cu:2665 calls=191 total_ms=0.313 avg_us=1.639 max_us=10
   3 /opt/llama.cpp/ggml/src/ggml-cuda/ggml-cuda.cu:847 calls=150 total_ms=0.155 avg_us=1.033 max_us=3
=== END CUDA SYNC PROFILE ===
backend-sync-trace: count=28800 backend=CUDA0 caller=ggml_backend_sched_synchronize+0x62

=== CUDA SYNC PROFILE (instrumentation only) ===
total_syncs = 28800
total_wait_ms = 16076.775
max_wait_us = 140882
sites = 5
wait_hist_us = logarithmic buckets
  hist[0] = 26069
  hist[1] = 1558
  hist[2] = 93
  hist[3] = 14
  hist[4] = 17
  hist[5] = 1
  hist[9] = 193
  hist[10] = 426
  hist[11] = 79
  hist[14] = 117
  hist[15] = 203
  hist[16] = 29
  hist[17] = 1
by_callsite (caller PC; symbolize with addr2line):
   0 caller=0x7bf768d5c0d2 calls=11627 total_ms=16067.002 avg_us=1381.870 max_us=140882
   1 caller=0x7bf768d6098c calls=9464 total_ms=3.795 avg_us=0.401 max_us=24
   2 caller=0x7bf768d6089c calls=3504 total_ms=3.036 avg_us=0.866 max_us=28
   3 caller=0x7bf768d5f852 calls=701 total_ms=1.538 avg_us=2.194 max_us=36
   4 caller=0x7bf768d60abd calls=3504 total_ms=1.404 avg_us=0.401 max_us=19
direct_cudaStreamSynchronize: calls=12616 total_ms=57.653 max_us=2586
by_direct_callsite (file:line):
   0 /opt/llama.cpp/ggml/src/ggml-cuda/ggml-cuda.cu:839 calls=12263 total_ms=51.289 avg_us=4.182 max_us=353
   1 /opt/llama.cpp/ggml/src/ggml-cuda/ggml-cuda.cu:900 calls=12 total_ms=5.896 avg_us=491.333 max_us=2586
   2 /opt/llama.cpp/ggml/src/ggml-cuda/ggml-cuda.cu:2665 calls=191 total_ms=0.313 avg_us=1.639 max_us=10
   3 /opt/llama.cpp/ggml/src/ggml-cuda/ggml-cuda.cu:847 calls=150 total_ms=0.155 avg_us=1.033 max_us=3
=== END CUDA SYNC PROFILE ===
backend-sync-trace: count=28900 backend=CUDA0 caller=ggml_backend_sched_graph_compute_async_ext+0xecc

=== CUDA SYNC PROFILE (instrumentation only) ===
total_syncs = 28900
total_wait_ms = 16110.965
max_wait_us = 140882
sites = 5
wait_hist_us = logarithmic buckets
  hist[0] = 26162
  hist[1] = 1562
  hist[2] = 93
  hist[3] = 14
  hist[4] = 17
  hist[5] = 1
  hist[9] = 194
  hist[10] = 427
  hist[11] = 79
  hist[14] = 118
  hist[15] = 203
  hist[16] = 29
  hist[17] = 1
by_callsite (caller PC; symbolize with addr2line):
   0 caller=0x7bf768d5c0d2 calls=11670 total_ms=16101.169 avg_us=1379.706 max_us=140882
   1 caller=0x7bf768d6098c calls=9494 total_ms=3.801 avg_us=0.400 max_us=24
   2 caller=0x7bf768d6089c calls=3516 total_ms=3.044 avg_us=0.866 max_us=28
   3 caller=0x7bf768d5f852 calls=704 total_ms=1.544 avg_us=2.193 max_us=36
   4 caller=0x7bf768d60abd calls=3516 total_ms=1.407 avg_us=0.400 max_us=19
direct_cudaStreamSynchronize: calls=12655 total_ms=57.807 max_us=2586
by_direct_callsite (file:line):
   0 /opt/llama.cpp/ggml/src/ggml-cuda/ggml-cuda.cu:839 calls=12302 total_ms=51.443 avg_us=4.182 max_us=353
   1 /opt/llama.cpp/ggml/src/ggml-cuda/ggml-cuda.cu:900 calls=12 total_ms=5.896 avg_us=491.333 max_us=2586
   2 /opt/llama.cpp/ggml/src/ggml-cuda/ggml-cuda.cu:2665 calls=191 total_ms=0.313 avg_us=1.639 max_us=10
   3 /opt/llama.cpp/ggml/src/ggml-cuda/ggml-cuda.cu:847 calls=150 total_ms=0.155 avg_us=1.033 max_us=3
=== END CUDA SYNC PROFILE ===
backend-sync-trace: count=29000 backend=CUDA0 caller=ggml_backend_sched_synchronize+0x62

=== CUDA SYNC PROFILE (instrumentation only) ===
total_syncs = 29000
total_wait_ms = 16156.093
max_wait_us = 140882
sites = 5
wait_hist_us = logarithmic buckets
  hist[0] = 26253
  hist[1] = 1566
  hist[2] = 93
  hist[3] = 14
  hist[4] = 17
  hist[5] = 1
  hist[9] = 195
  hist[10] = 430
  hist[11] = 79
  hist[14] = 118
  hist[15] = 204
  hist[16] = 29
  hist[17] = 1
by_callsite (caller PC; symbolize with addr2line):
   0 caller=0x7bf768d5c0d2 calls=11712 total_ms=16146.264 avg_us=1378.609 max_us=140882
   1 caller=0x7bf768d6098c calls=9526 total_ms=3.812 avg_us=0.400 max_us=24
   2 caller=0x7bf768d6089c calls=3528 total_ms=3.052 avg_us=0.865 max_us=28
   3 caller=0x7bf768d5f852 calls=706 total_ms=1.548 avg_us=2.193 max_us=36
   4 caller=0x7bf768d60abd calls=3528 total_ms=1.417 avg_us=0.402 max_us=19
direct_cudaStreamSynchronize: calls=12698 total_ms=57.969 max_us=2586
by_direct_callsite (file:line):
   0 /opt/llama.cpp/ggml/src/ggml-cuda/ggml-cuda.cu:839 calls=12345 total_ms=51.605 avg_us=4.180 max_us=353
   1 /opt/llama.cpp/ggml/src/ggml-cuda/ggml-cuda.cu:900 calls=12 total_ms=5.896 avg_us=491.333 max_us=2586
   2 /opt/llama.cpp/ggml/src/ggml-cuda/ggml-cuda.cu:2665 calls=191 total_ms=0.313 avg_us=1.639 max_us=10
   3 /opt/llama.cpp/ggml/src/ggml-cuda/ggml-cuda.cu:847 calls=150 total_ms=0.155 avg_us=1.033 max_us=3
=== END CUDA SYNC PROFILE ===

=== CUDA SYNC PROFILE (instrumentation only) ===
total_syncs = 29007
total_wait_ms = 16156.098
max_wait_us = 140882
sites = 5
wait_hist_us = logarithmic buckets
  hist[0] = 26259
  hist[1] = 1567
  hist[2] = 93
  hist[3] = 14
  hist[4] = 17
  hist[5] = 1
  hist[9] = 195
  hist[10] = 430
  hist[11] = 79
  hist[14] = 118
  hist[15] = 204
  hist[16] = 29
  hist[17] = 1
by_callsite (caller PC; symbolize with addr2line):
   0 caller=0x7bf768d5c0d2 calls=11715 total_ms=16146.266 avg_us=1378.256 max_us=140882
   1 caller=0x7bf768d6098c calls=9526 total_ms=3.812 avg_us=0.400 max_us=24
   2 caller=0x7bf768d6089c calls=3530 total_ms=3.055 avg_us=0.865 max_us=28
   3 caller=0x7bf768d5f852 calls=706 total_ms=1.548 avg_us=2.193 max_us=36
   4 caller=0x7bf768d60abd calls=3530 total_ms=1.417 avg_us=0.401 max_us=19
direct_cudaStreamSynchronize: calls=12700 total_ms=57.978 max_us=2586
by_direct_callsite (file:line):
   0 /opt/llama.cpp/ggml/src/ggml-cuda/ggml-cuda.cu:839 calls=12347 total_ms=51.614 avg_us=4.180 max_us=353
   1 /opt/llama.cpp/ggml/src/ggml-cuda/ggml-cuda.cu:900 calls=12 total_ms=5.896 avg_us=491.333 max_us=2586
   2 /opt/llama.cpp/ggml/src/ggml-cuda/ggml-cuda.cu:2665 calls=191 total_ms=0.313 avg_us=1.639 max_us=10
   3 /opt/llama.cpp/ggml/src/ggml-cuda/ggml-cuda.cu:847 calls=150 total_ms=0.155 avg_us=1.033 max_us=3
=== END CUDA SYNC PROFILE ===
backend-sync-trace: count=29100 backend=CUDA0 caller=ggml_backend_sched_graph_compute_async_ext+0xecc

=== CUDA SYNC PROFILE (instrumentation only) ===
total_syncs = 29100
total_wait_ms = 16197.116
max_wait_us = 140882
sites = 5
wait_hist_us = logarithmic buckets
  hist[0] = 26345
  hist[1] = 1571
  hist[2] = 93
  hist[3] = 14
  hist[4] = 17
  hist[5] = 1
  hist[9] = 196
  hist[10] = 431
  hist[11] = 79
  hist[14] = 118
  hist[15] = 205
  hist[16] = 29
  hist[17] = 1
by_callsite (caller PC; symbolize with addr2line):
   0 caller=0x7bf768d5c0d2 calls=11752 total_ms=16187.256 avg_us=1377.404 max_us=140882
   1 caller=0x7bf768d6098c calls=9556 total_ms=3.822 avg_us=0.400 max_us=24
   2 caller=0x7bf768d6089c calls=3542 total_ms=3.065 avg_us=0.865 max_us=28
   3 caller=0x7bf768d5f852 calls=708 total_ms=1.552 avg_us=2.192 max_us=36
   4 caller=0x7bf768d60abd calls=3542 total_ms=1.421 avg_us=0.401 max_us=19
direct_cudaStreamSynchronize: calls=12738 total_ms=58.162 max_us=2586
by_direct_callsite (file:line):
   0 /opt/llama.cpp/ggml/src/ggml-cuda/ggml-cuda.cu:839 calls=12385 total_ms=51.798 avg_us=4.182 max_us=353
   1 /opt/llama.cpp/ggml/src/ggml-cuda/ggml-cuda.cu:900 calls=12 total_ms=5.896 avg_us=491.333 max_us=2586
   2 /opt/llama.cpp/ggml/src/ggml-cuda/ggml-cuda.cu:2665 calls=191 total_ms=0.313 avg_us=1.639 max_us=10
   3 /opt/llama.cpp/ggml/src/ggml-cuda/ggml-cuda.cu:847 calls=150 total_ms=0.155 avg_us=1.033 max_us=3
=== END CUDA SYNC PROFILE ===
backend-sync-trace: count=29200 backend=CUDA0 caller=ggml_backend_sched_synchronize+0x62

=== CUDA SYNC PROFILE (instrumentation only) ===
total_syncs = 29200
total_wait_ms = 16271.361
max_wait_us = 140882
sites = 5
wait_hist_us = logarithmic buckets
  hist[0] = 26437
  hist[1] = 1575
  hist[2] = 93
  hist[3] = 14
  hist[4] = 17
  hist[5] = 1
  hist[9] = 196
  hist[10] = 433
  hist[11] = 79
  hist[14] = 118
  hist[15] = 207
  hist[16] = 29
  hist[17] = 1
by_callsite (caller PC; symbolize with addr2line):
   0 caller=0x7bf768d5c0d2 calls=11791 total_ms=16261.471 avg_us=1379.143 max_us=140882
   1 caller=0x7bf768d6098c calls=9595 total_ms=3.836 avg_us=0.400 max_us=24
   2 caller=0x7bf768d6089c calls=3552 total_ms=3.074 avg_us=0.865 max_us=28
   3 caller=0x7bf768d5f852 calls=710 total_ms=1.556 avg_us=2.192 max_us=36
   4 caller=0x7bf768d60abd calls=3552 total_ms=1.424 avg_us=0.401 max_us=19
direct_cudaStreamSynchronize: calls=12786 total_ms=58.359 max_us=2586
by_direct_callsite (file:line):
   0 /opt/llama.cpp/ggml/src/ggml-cuda/ggml-cuda.cu:839 calls=12433 total_ms=51.995 avg_us=4.182 max_us=353
   1 /opt/llama.cpp/ggml/src/ggml-cuda/ggml-cuda.cu:900 calls=12 total_ms=5.896 avg_us=491.333 max_us=2586
   2 /opt/llama.cpp/ggml/src/ggml-cuda/ggml-cuda.cu:2665 calls=191 total_ms=0.313 avg_us=1.639 max_us=10
   3 /opt/llama.cpp/ggml/src/ggml-cuda/ggml-cuda.cu:847 calls=150 total_ms=0.155 avg_us=1.033 max_us=3
=== END CUDA SYNC PROFILE ===

=== CUDA SYNC PROFILE (instrumentation only) ===
total_syncs = 29239
total_wait_ms = 16272.257
max_wait_us = 140882
sites = 5
wait_hist_us = logarithmic buckets
  hist[0] = 26472
  hist[1] = 1578
  hist[2] = 93
  hist[3] = 14
  hist[4] = 17
  hist[5] = 1
  hist[9] = 197
  hist[10] = 433
  hist[11] = 79
  hist[14] = 118
  hist[15] = 207
  hist[16] = 29
  hist[17] = 1
by_callsite (caller PC; symbolize with addr2line):
   0 caller=0x7bf768d5c0d2 calls=11807 total_ms=16262.357 avg_us=1377.349 max_us=140882
   1 caller=0x7bf768d6098c calls=9604 total_ms=3.837 avg_us=0.400 max_us=24
   2 caller=0x7bf768d6089c calls=3558 total_ms=3.078 avg_us=0.865 max_us=28
   3 caller=0x7bf768d5f852 calls=712 total_ms=1.560 avg_us=2.191 max_us=36
   4 caller=0x7bf768d60abd calls=3558 total_ms=1.425 avg_us=0.401 max_us=19
direct_cudaStreamSynchronize: calls=12800 total_ms=58.422 max_us=2586
by_direct_callsite (file:line):
   0 /opt/llama.cpp/ggml/src/ggml-cuda/ggml-cuda.cu:839 calls=12447 total_ms=52.058 avg_us=4.182 max_us=353
   1 /opt/llama.cpp/ggml/src/ggml-cuda/ggml-cuda.cu:900 calls=12 total_ms=5.896 avg_us=491.333 max_us=2586
   2 /opt/llama.cpp/ggml/src/ggml-cuda/ggml-cuda.cu:2665 calls=191 total_ms=0.313 avg_us=1.639 max_us=10
   3 /opt/llama.cpp/ggml/src/ggml-cuda/ggml-cuda.cu:847 calls=150 total_ms=0.155 avg_us=1.033 max_us=3
=== END CUDA SYNC PROFILE ===
backend-sync-trace: count=29300 backend=CUDA0 caller=ggml_backend_sched_synchronize+0x62

=== CUDA SYNC PROFILE (instrumentation only) ===
total_syncs = 29300
total_wait_ms = 16309.043
max_wait_us = 140882
sites = 5
wait_hist_us = logarithmic buckets
  hist[0] = 26529
  hist[1] = 1580
  hist[2] = 93
  hist[3] = 14
  hist[4] = 17
  hist[5] = 1
  hist[9] = 198
  hist[10] = 433
  hist[11] = 79
  hist[14] = 118
  hist[15] = 208
  hist[16] = 29
  hist[17] = 1
by_callsite (caller PC; symbolize with addr2line):
   0 caller=0x7bf768d5c0d2 calls=11833 total_ms=16299.126 avg_us=1377.430 max_us=140882
   1 caller=0x7bf768d6098c calls=9626 total_ms=3.846 avg_us=0.400 max_us=24
   2 caller=0x7bf768d6089c calls=3564 total_ms=3.082 avg_us=0.865 max_us=28
   3 caller=0x7bf768d5f852 calls=713 total_ms=1.562 avg_us=2.191 max_us=36
   4 caller=0x7bf768d60abd calls=3564 total_ms=1.427 avg_us=0.400 max_us=19
direct_cudaStreamSynchronize: calls=12826 total_ms=58.530 max_us=2586
by_direct_callsite (file:line):
   0 /opt/llama.cpp/ggml/src/ggml-cuda/ggml-cuda.cu:839 calls=12473 total_ms=52.166 avg_us=4.182 max_us=353
   1 /opt/llama.cpp/ggml/src/ggml-cuda/ggml-cuda.cu:900 calls=12 total_ms=5.896 avg_us=491.333 max_us=2586
   2 /opt/llama.cpp/ggml/src/ggml-cuda/ggml-cuda.cu:2665 calls=191 total_ms=0.313 avg_us=1.639 max_us=10
   3 /opt/llama.cpp/ggml/src/ggml-cuda/ggml-cuda.cu:847 calls=150 total_ms=0.155 avg_us=1.033 max_us=3
=== END CUDA SYNC PROFILE ===
backend-sync-trace: count=29400 backend=CUDA0 caller=ggml_backend_sched_graph_compute_async_ext+0xecc

=== CUDA SYNC PROFILE (instrumentation only) ===
total_syncs = 29400
total_wait_ms = 16356.084
max_wait_us = 140882
sites = 5
wait_hist_us = logarithmic buckets
  hist[0] = 26620
  hist[1] = 1585
  hist[2] = 93
  hist[3] = 14
  hist[4] = 17
  hist[5] = 1
  hist[9] = 199
  hist[10] = 435
  hist[11] = 79
  hist[14] = 118
  hist[15] = 209
  hist[16] = 29
  hist[17] = 1
by_callsite (caller PC; symbolize with addr2line):
   0 caller=0x7bf768d5c0d2 calls=11869 total_ms=16346.128 avg_us=1377.212 max_us=140882
   1 caller=0x7bf768d6098c calls=9659 total_ms=3.860 avg_us=0.400 max_us=24
   2 caller=0x7bf768d6089c calls=3578 total_ms=3.094 avg_us=0.865 max_us=28
   3 caller=0x7bf768d5f852 calls=716 total_ms=1.569 avg_us=2.191 max_us=36
   4 caller=0x7bf768d60abd calls=3578 total_ms=1.433 avg_us=0.401 max_us=19
direct_cudaStreamSynchronize: calls=12870 total_ms=58.699 max_us=2586
by_direct_callsite (file:line):
   0 /opt/llama.cpp/ggml/src/ggml-cuda/ggml-cuda.cu:839 calls=12517 total_ms=52.335 avg_us=4.181 max_us=353
   1 /opt/llama.cpp/ggml/src/ggml-cuda/ggml-cuda.cu:900 calls=12 total_ms=5.896 avg_us=491.333 max_us=2586
   2 /opt/llama.cpp/ggml/src/ggml-cuda/ggml-cuda.cu:2665 calls=191 total_ms=0.313 avg_us=1.639 max_us=10
   3 /opt/llama.cpp/ggml/src/ggml-cuda/ggml-cuda.cu:847 calls=150 total_ms=0.155 avg_us=1.033 max_us=3
=== END CUDA SYNC PROFILE ===

=== CUDA SYNC PROFILE (instrumentation only) ===
total_syncs = 29471
total_wait_ms = 16408.539
max_wait_us = 140882
sites = 5
wait_hist_us = logarithmic buckets
  hist[0] = 26686
  hist[1] = 1588
  hist[2] = 93
  hist[3] = 14
  hist[4] = 17
  hist[5] = 1
  hist[9] = 200
  hist[10] = 435
  hist[11] = 79
  hist[14] = 118
  hist[15] = 210
  hist[16] = 29
  hist[17] = 1
by_callsite (caller PC; symbolize with addr2line):
   0 caller=0x7bf768d5c0d2 calls=11899 total_ms=16398.559 avg_us=1378.146 max_us=140882
   1 caller=0x7bf768d6098c calls=9682 total_ms=3.871 avg_us=0.400 max_us=24
   2 caller=0x7bf768d6089c calls=3586 total_ms=3.099 avg_us=0.864 max_us=28
   3 caller=0x7bf768d5f852 calls=718 total_ms=1.573 avg_us=2.191 max_us=36
   4 caller=0x7bf768d60abd calls=3586 total_ms=1.437 avg_us=0.401 max_us=19
direct_cudaStreamSynchronize: calls=12900 total_ms=58.822 max_us=2586
by_direct_callsite (file:line):
   0 /opt/llama.cpp/ggml/src/ggml-cuda/ggml-cuda.cu:839 calls=12547 total_ms=52.458 avg_us=4.181 max_us=353
   1 /opt/llama.cpp/ggml/src/ggml-cuda/ggml-cuda.cu:900 calls=12 total_ms=5.896 avg_us=491.333 max_us=2586
   2 /opt/llama.cpp/ggml/src/ggml-cuda/ggml-cuda.cu:2665 calls=191 total_ms=0.313 avg_us=1.639 max_us=10
   3 /opt/llama.cpp/ggml/src/ggml-cuda/ggml-cuda.cu:847 calls=150 total_ms=0.155 avg_us=1.033 max_us=3
=== END CUDA SYNC PROFILE ===
backend-sync-trace: count=29500 backend=CUDA0 caller=ggml_backend_sched_graph_compute_async_ext+0xddc

=== CUDA SYNC PROFILE (instrumentation only) ===
total_syncs = 29500
total_wait_ms = 16410.632
max_wait_us = 140882
sites = 5
wait_hist_us = logarithmic buckets
  hist[0] = 26712
  hist[1] = 1589
  hist[2] = 93
  hist[3] = 14
  hist[4] = 17
  hist[5] = 1
  hist[9] = 201
  hist[10] = 436
  hist[11] = 79
  hist[14] = 118
  hist[15] = 210
  hist[16] = 29
  hist[17] = 1
by_callsite (caller PC; symbolize with addr2line):
   0 caller=0x7bf768d5c0d2 calls=11913 total_ms=16400.641 avg_us=1376.701 max_us=140882
   1 caller=0x7bf768d6098c calls=9688 total_ms=3.875 avg_us=0.400 max_us=24
   2 caller=0x7bf768d6089c calls=3591 total_ms=3.105 avg_us=0.865 max_us=28
   3 caller=0x7bf768d5f852 calls=718 total_ms=1.573 avg_us=2.191 max_us=36
   4 caller=0x7bf768d60abd calls=3590 total_ms=1.438 avg_us=0.401 max_us=19
direct_cudaStreamSynchronize: calls=12910 total_ms=58.853 max_us=2586
by_direct_callsite (file:line):
   0 /opt/llama.cpp/ggml/src/ggml-cuda/ggml-cuda.cu:839 calls=12557 total_ms=52.489 avg_us=4.180 max_us=353
   1 /opt/llama.cpp/ggml/src/ggml-cuda/ggml-cuda.cu:900 calls=12 total_ms=5.896 avg_us=491.333 max_us=2586
   2 /opt/llama.cpp/ggml/src/ggml-cuda/ggml-cuda.cu:2665 calls=191 total_ms=0.313 avg_us=1.639 max_us=10
   3 /opt/llama.cpp/ggml/src/ggml-cuda/ggml-cuda.cu:847 calls=150 total_ms=0.155 avg_us=1.033 max_us=3
=== END CUDA SYNC PROFILE ===
backend-sync-trace: count=29600 backend=CUDA0 caller=ggml_backend_sched_graph_compute_async_ext+0xecc

=== CUDA SYNC PROFILE (instrumentation only) ===
total_syncs = 29600
total_wait_ms = 16452.176
max_wait_us = 140882
sites = 5
wait_hist_us = logarithmic buckets
  hist[0] = 26805
  hist[1] = 1593
  hist[2] = 93
  hist[3] = 14
  hist[4] = 17
  hist[5] = 1
  hist[9] = 202
  hist[10] = 437
  hist[11] = 79
  hist[14] = 118
  hist[15] = 211
  hist[16] = 29
  hist[17] = 1
by_callsite (caller PC; symbolize with addr2line):
   0 caller=0x7bf768d5c0d2 calls=11950 total_ms=16442.150 avg_us=1375.912 max_us=140882
   1 caller=0x7bf768d6098c calls=9726 total_ms=3.894 avg_us=0.400 max_us=24
   2 caller=0x7bf768d6089c calls=3602 total_ms=3.114 avg_us=0.865 max_us=28
   3 caller=0x7bf768d5f852 calls=720 total_ms=1.577 avg_us=2.190 max_us=36
   4 caller=0x7bf768d60abd calls=3602 total_ms=1.441 avg_us=0.400 max_us=19
direct_cudaStreamSynchronize: calls=12956 total_ms=59.049 max_us=2586
by_direct_callsite (file:line):
   0 /opt/llama.cpp/ggml/src/ggml-cuda/ggml-cuda.cu:839 calls=12603 total_ms=52.685 avg_us=4.180 max_us=353
   1 /opt/llama.cpp/ggml/src/ggml-cuda/ggml-cuda.cu:900 calls=12 total_ms=5.896 avg_us=491.333 max_us=2586
   2 /opt/llama.cpp/ggml/src/ggml-cuda/ggml-cuda.cu:2665 calls=191 total_ms=0.313 avg_us=1.639 max_us=10
   3 /opt/llama.cpp/ggml/src/ggml-cuda/ggml-cuda.cu:847 calls=150 total_ms=0.155 avg_us=1.033 max_us=3
=== END CUDA SYNC PROFILE ===

=== CUDA SYNC PROFILE (instrumentation only) ===
total_syncs = 29687
total_wait_ms = 16518.704
max_wait_us = 140882
sites = 5
wait_hist_us = logarithmic buckets
  hist[0] = 26884
  hist[1] = 1597
  hist[2] = 93
  hist[3] = 14
  hist[4] = 17
  hist[5] = 1
  hist[9] = 202
  hist[10] = 439
  hist[11] = 79
  hist[14] = 119
  hist[15] = 212
  hist[16] = 29
  hist[17] = 1
by_callsite (caller PC; symbolize with addr2line):
   0 caller=0x7bf768d5c0d2 calls=11977 total_ms=16508.649 avg_us=1378.363 max_us=140882
   1 caller=0x7bf768d6098c calls=9759 total_ms=3.904 avg_us=0.400 max_us=24
   2 caller=0x7bf768d6089c calls=3614 total_ms=3.122 avg_us=0.864 max_us=28
   3 caller=0x7bf768d5f852 calls=723 total_ms=1.583 avg_us=2.189 max_us=36
   4 caller=0x7bf768d60abd calls=3614 total_ms=1.446 avg_us=0.400 max_us=19
direct_cudaStreamSynchronize: calls=13000 total_ms=59.228 max_us=2586
by_direct_callsite (file:line):
   0 /opt/llama.cpp/ggml/src/ggml-cuda/ggml-cuda.cu:839 calls=12647 total_ms=52.864 avg_us=4.180 max_us=353
   1 /opt/llama.cpp/ggml/src/ggml-cuda/ggml-cuda.cu:900 calls=12 total_ms=5.896 avg_us=491.333 max_us=2586
   2 /opt/llama.cpp/ggml/src/ggml-cuda/ggml-cuda.cu:2665 calls=191 total_ms=0.313 avg_us=1.639 max_us=10
   3 /opt/llama.cpp/ggml/src/ggml-cuda/ggml-cuda.cu:847 calls=150 total_ms=0.155 avg_us=1.033 max_us=3
=== END CUDA SYNC PROFILE ===
backend-sync-trace: count=29700 backend=CUDA0 caller=ggml_backend_sched_synchronize+0x62

=== CUDA SYNC PROFILE (instrumentation only) ===
total_syncs = 29700
total_wait_ms = 16518.713
max_wait_us = 140882
sites = 5
wait_hist_us = logarithmic buckets
  hist[0] = 26896
  hist[1] = 1598
  hist[2] = 93
  hist[3] = 14
  hist[4] = 17
  hist[5] = 1
  hist[9] = 202
  hist[10] = 439
  hist[11] = 79
  hist[14] = 119
  hist[15] = 212
  hist[16] = 29
  hist[17] = 1
by_callsite (caller PC; symbolize with addr2line):
   0 caller=0x7bf768d5c0d2 calls=11988 total_ms=16508.656 avg_us=1377.098 max_us=140882
   1 caller=0x7bf768d6098c calls=9761 total_ms=3.906 avg_us=0.400 max_us=24
   2 caller=0x7bf768d6089c calls=3614 total_ms=3.122 avg_us=0.864 max_us=28
   3 caller=0x7bf768d5f852 calls=723 total_ms=1.583 avg_us=2.189 max_us=36
   4 caller=0x7bf768d60abd calls=3614 total_ms=1.446 avg_us=0.400 max_us=19
direct_cudaStreamSynchronize: calls=13001 total_ms=59.230 max_us=2586
by_direct_callsite (file:line):
   0 /opt/llama.cpp/ggml/src/ggml-cuda/ggml-cuda.cu:839 calls=12648 total_ms=52.866 avg_us=4.180 max_us=353
   1 /opt/llama.cpp/ggml/src/ggml-cuda/ggml-cuda.cu:900 calls=12 total_ms=5.896 avg_us=491.333 max_us=2586
   2 /opt/llama.cpp/ggml/src/ggml-cuda/ggml-cuda.cu:2665 calls=191 total_ms=0.313 avg_us=1.639 max_us=10
   3 /opt/llama.cpp/ggml/src/ggml-cuda/ggml-cuda.cu:847 calls=150 total_ms=0.155 avg_us=1.033 max_us=3
=== END CUDA SYNC PROFILE ===
1.21.952.856 I slot print_timing: id  0 | task 0 | n_gen =    827, tg =  45.67 t/s, tg_3s =  50.17 t/s
backend-sync-trace: count=29800 backend=CUDA0 caller=ggml_backend_sched_synchronize+0x62

=== CUDA SYNC PROFILE (instrumentation only) ===
total_syncs = 29800
total_wait_ms = 16579.526
max_wait_us = 140882
sites = 5
wait_hist_us = logarithmic buckets
  hist[0] = 26986
  hist[1] = 1604
  hist[2] = 93
  hist[3] = 14
  hist[4] = 17
  hist[5] = 1
  hist[9] = 202
  hist[10] = 442
  hist[11] = 79
  hist[14] = 119
  hist[15] = 213
  hist[16] = 29
  hist[17] = 1
by_callsite (caller PC; symbolize with addr2line):
   0 caller=0x7bf768d5c0d2 calls=12030 total_ms=16569.438 avg_us=1377.343 max_us=140882
   1 caller=0x7bf768d6098c calls=9792 total_ms=3.918 avg_us=0.400 max_us=24
   2 caller=0x7bf768d6089c calls=3626 total_ms=3.129 avg_us=0.863 max_us=28
   3 caller=0x7bf768d5f852 calls=726 total_ms=1.589 avg_us=2.189 max_us=36
   4 caller=0x7bf768d60abd calls=3626 total_ms=1.452 avg_us=0.400 max_us=19
direct_cudaStreamSynchronize: calls=13042 total_ms=59.392 max_us=2586
by_direct_callsite (file:line):
   0 /opt/llama.cpp/ggml/src/ggml-cuda/ggml-cuda.cu:839 calls=12689 total_ms=53.028 avg_us=4.179 max_us=353
   1 /opt/llama.cpp/ggml/src/ggml-cuda/ggml-cuda.cu:900 calls=12 total_ms=5.896 avg_us=491.333 max_us=2586
   2 /opt/llama.cpp/ggml/src/ggml-cuda/ggml-cuda.cu:2665 calls=191 total_ms=0.313 avg_us=1.639 max_us=10
   3 /opt/llama.cpp/ggml/src/ggml-cuda/ggml-cuda.cu:847 calls=150 total_ms=0.155 avg_us=1.033 max_us=3
=== END CUDA SYNC PROFILE ===
backend-sync-trace: count=29900 backend=CUDA0 caller=ggml_backend_sched_graph_compute_async_ext+0xecc

=== CUDA SYNC PROFILE (instrumentation only) ===
total_syncs = 29900
total_wait_ms = 16629.043
max_wait_us = 140882
sites = 5
wait_hist_us = logarithmic buckets
  hist[0] = 27081
  hist[1] = 1606
  hist[2] = 93
  hist[3] = 14
  hist[4] = 17
  hist[5] = 1
  hist[9] = 202
  hist[10] = 444
  hist[11] = 79
  hist[14] = 119
  hist[15] = 214
  hist[16] = 29
  hist[17] = 1
by_callsite (caller PC; symbolize with addr2line):
   0 caller=0x7bf768d5c0d2 calls=12073 total_ms=16618.928 avg_us=1376.537 max_us=140882
   1 caller=0x7bf768d6098c calls=9823 total_ms=3.930 avg_us=0.400 max_us=24
   2 caller=0x7bf768d6089c calls=3638 total_ms=3.140 avg_us=0.863 max_us=28
   3 caller=0x7bf768d5f852 calls=728 total_ms=1.592 avg_us=2.187 max_us=36
   4 caller=0x7bf768d60abd calls=3638 total_ms=1.453 avg_us=0.399 max_us=19
direct_cudaStreamSynchronize: calls=13082 total_ms=59.551 max_us=2586
by_direct_callsite (file:line):
   0 /opt/llama.cpp/ggml/src/ggml-cuda/ggml-cuda.cu:839 calls=12729 total_ms=53.187 avg_us=4.178 max_us=353
   1 /opt/llama.cpp/ggml/src/ggml-cuda/ggml-cuda.cu:900 calls=12 total_ms=5.896 avg_us=491.333 max_us=2586
   2 /opt/llama.cpp/ggml/src/ggml-cuda/ggml-cuda.cu:2665 calls=191 total_ms=0.313 avg_us=1.639 max_us=10
   3 /opt/llama.cpp/ggml/src/ggml-cuda/ggml-cuda.cu:847 calls=150 total_ms=0.155 avg_us=1.033 max_us=3
=== END CUDA SYNC PROFILE ===

=== CUDA SYNC PROFILE (instrumentation only) ===
total_syncs = 29929
total_wait_ms = 16630.522
max_wait_us = 140882
sites = 5
wait_hist_us = logarithmic buckets
  hist[0] = 27108
  hist[1] = 1607
  hist[2] = 93
  hist[3] = 14
  hist[4] = 17
  hist[5] = 1
  hist[9] = 202
  hist[10] = 445
  hist[11] = 79
  hist[14] = 119
  hist[15] = 214
  hist[16] = 29
  hist[17] = 1
by_callsite (caller PC; symbolize with addr2line):
   0 caller=0x7bf768d5c0d2 calls=12080 total_ms=16620.393 avg_us=1375.860 max_us=140882
   1 caller=0x7bf768d6098c calls=9837 total_ms=3.936 avg_us=0.400 max_us=24
   2 caller=0x7bf768d6089c calls=3642 total_ms=3.146 avg_us=0.864 max_us=28
   3 caller=0x7bf768d5f852 calls=728 total_ms=1.592 avg_us=2.187 max_us=36
   4 caller=0x7bf768d60abd calls=3642 total_ms=1.455 avg_us=0.400 max_us=19
direct_cudaStreamSynchronize: calls=13100 total_ms=59.629 max_us=2586
by_direct_callsite (file:line):
   0 /opt/llama.cpp/ggml/src/ggml-cuda/ggml-cuda.cu:839 calls=12747 total_ms=53.265 avg_us=4.179 max_us=353
   1 /opt/llama.cpp/ggml/src/ggml-cuda/ggml-cuda.cu:900 calls=12 total_ms=5.896 avg_us=491.333 max_us=2586
   2 /opt/llama.cpp/ggml/src/ggml-cuda/ggml-cuda.cu:2665 calls=191 total_ms=0.313 avg_us=1.639 max_us=10
   3 /opt/llama.cpp/ggml/src/ggml-cuda/ggml-cuda.cu:847 calls=150 total_ms=0.155 avg_us=1.033 max_us=3
=== END CUDA SYNC PROFILE ===
backend-sync-trace: count=30000 backend=CUDA0 caller=ggml_backend_sched_graph_compute_async_ext+0xddc

=== CUDA SYNC PROFILE (instrumentation only) ===
total_syncs = 30000
total_wait_ms = 16681.395
max_wait_us = 140882
sites = 5
wait_hist_us = logarithmic buckets
  hist[0] = 27173
  hist[1] = 1610
  hist[2] = 93
  hist[3] = 14
  hist[4] = 17
  hist[5] = 1
  hist[9] = 203
  hist[10] = 446
  hist[11] = 79
  hist[14] = 119
  hist[15] = 215
  hist[16] = 29
  hist[17] = 1
by_callsite (caller PC; symbolize with addr2line):
   0 caller=0x7bf768d5c0d2 calls=12117 total_ms=16671.245 avg_us=1375.856 max_us=140882
   1 caller=0x7bf768d6098c calls=9850 total_ms=3.941 avg_us=0.400 max_us=24
   2 caller=0x7bf768d6089c calls=3652 total_ms=3.154 avg_us=0.864 max_us=28
   3 caller=0x7bf768d5f852 calls=730 total_ms=1.596 avg_us=2.186 max_us=36
   4 caller=0x7bf768d60abd calls=3651 total_ms=1.459 avg_us=0.400 max_us=19
direct_cudaStreamSynchronize: calls=13120 total_ms=59.705 max_us=2586
by_direct_callsite (file:line):
   0 /opt/llama.cpp/ggml/src/ggml-cuda/ggml-cuda.cu:839 calls=12767 total_ms=53.341 avg_us=4.178 max_us=353
   1 /opt/llama.cpp/ggml/src/ggml-cuda/ggml-cuda.cu:900 calls=12 total_ms=5.896 avg_us=491.333 max_us=2586
   2 /opt/llama.cpp/ggml/src/ggml-cuda/ggml-cuda.cu:2665 calls=191 total_ms=0.313 avg_us=1.639 max_us=10
   3 /opt/llama.cpp/ggml/src/ggml-cuda/ggml-cuda.cu:847 calls=150 total_ms=0.155 avg_us=1.033 max_us=3
=== END CUDA SYNC PROFILE ===
backend-sync-trace: count=30100 backend=CUDA0 caller=ggml_backend_sched_graph_compute_async_ext+0xecc

=== CUDA SYNC PROFILE (instrumentation only) ===
total_syncs = 30100
total_wait_ms = 16722.473
max_wait_us = 140882
sites = 5
wait_hist_us = logarithmic buckets
  hist[0] = 27258
  hist[1] = 1621
  hist[2] = 93
  hist[3] = 15
  hist[4] = 17
  hist[5] = 1
  hist[9] = 204
  hist[10] = 447
  hist[11] = 79
  hist[14] = 119
  hist[15] = 216
  hist[16] = 29
  hist[17] = 1
by_callsite (caller PC; symbolize with addr2line):
   0 caller=0x7bf768d5c0d2 calls=12154 total_ms=16712.263 avg_us=1375.042 max_us=140882
   1 caller=0x7bf768d6098c calls=9890 total_ms=3.966 avg_us=0.401 max_us=24
   2 caller=0x7bf768d6089c calls=3662 total_ms=3.176 avg_us=0.867 max_us=28
   3 caller=0x7bf768d5f852 calls=732 total_ms=1.600 avg_us=2.186 max_us=36
   4 caller=0x7bf768d60abd calls=3662 total_ms=1.468 avg_us=0.401 max_us=19
direct_cudaStreamSynchronize: calls=13168 total_ms=59.938 max_us=2586
by_direct_callsite (file:line):
   0 /opt/llama.cpp/ggml/src/ggml-cuda/ggml-cuda.cu:839 calls=12815 total_ms=53.574 avg_us=4.181 max_us=353
   1 /opt/llama.cpp/ggml/src/ggml-cuda/ggml-cuda.cu:900 calls=12 total_ms=5.896 avg_us=491.333 max_us=2586
   2 /opt/llama.cpp/ggml/src/ggml-cuda/ggml-cuda.cu:2665 calls=191 total_ms=0.313 avg_us=1.639 max_us=10
   3 /opt/llama.cpp/ggml/src/ggml-cuda/ggml-cuda.cu:847 calls=150 total_ms=0.155 avg_us=1.033 max_us=3
=== END CUDA SYNC PROFILE ===

=== CUDA SYNC PROFILE (instrumentation only) ===
total_syncs = 30170
total_wait_ms = 16771.162
max_wait_us = 140882
sites = 5
wait_hist_us = logarithmic buckets
  hist[0] = 27318
  hist[1] = 1628
  hist[2] = 93
  hist[3] = 15
  hist[4] = 17
  hist[5] = 1
  hist[9] = 206
  hist[10] = 447
  hist[11] = 79
  hist[14] = 119
  hist[15] = 217
  hist[16] = 29
  hist[17] = 1
by_callsite (caller PC; symbolize with addr2line):
   0 caller=0x7bf768d5c0d2 calls=12179 total_ms=16760.925 avg_us=1376.215 max_us=140882
   1 caller=0x7bf768d6098c calls=9913 total_ms=3.978 avg_us=0.401 max_us=24
   2 caller=0x7bf768d6089c calls=3672 total_ms=3.185 avg_us=0.867 max_us=28
   3 caller=0x7bf768d5f852 calls=734 total_ms=1.604 avg_us=2.185 max_us=36
   4 caller=0x7bf768d60abd calls=3672 total_ms=1.470 avg_us=0.400 max_us=19
direct_cudaStreamSynchronize: calls=13200 total_ms=60.093 max_us=2586
by_direct_callsite (file:line):
   0 /opt/llama.cpp/ggml/src/ggml-cuda/ggml-cuda.cu:839 calls=12847 total_ms=53.729 avg_us=4.182 max_us=353
   1 /opt/llama.cpp/ggml/src/ggml-cuda/ggml-cuda.cu:900 calls=12 total_ms=5.896 avg_us=491.333 max_us=2586
   2 /opt/llama.cpp/ggml/src/ggml-cuda/ggml-cuda.cu:2665 calls=191 total_ms=0.313 avg_us=1.639 max_us=10
   3 /opt/llama.cpp/ggml/src/ggml-cuda/ggml-cuda.cu:847 calls=150 total_ms=0.155 avg_us=1.033 max_us=3
=== END CUDA SYNC PROFILE ===
backend-sync-trace: count=30200 backend=CUDA0 caller=ggml_backend_sched_synchronize+0x62

=== CUDA SYNC PROFILE (instrumentation only) ===
total_syncs = 30200
total_wait_ms = 16807.147
max_wait_us = 140882
sites = 5
wait_hist_us = logarithmic buckets
  hist[0] = 27346
  hist[1] = 1629
  hist[2] = 93
  hist[3] = 15
  hist[4] = 17
  hist[5] = 1
  hist[9] = 206
  hist[10] = 447
  hist[11] = 79
  hist[14] = 119
  hist[15] = 218
  hist[16] = 29
  hist[17] = 1
by_callsite (caller PC; symbolize with addr2line):
   0 caller=0x7bf768d5c0d2 calls=12194 total_ms=16796.905 avg_us=1377.473 max_us=140882
   1 caller=0x7bf768d6098c calls=9923 total_ms=3.980 avg_us=0.401 max_us=24
   2 caller=0x7bf768d6089c calls=3674 total_ms=3.187 avg_us=0.867 max_us=28
   3 caller=0x7bf768d5f852 calls=735 total_ms=1.605 avg_us=2.184 max_us=36
   4 caller=0x7bf768d60abd calls=3674 total_ms=1.470 avg_us=0.400 max_us=19
direct_cudaStreamSynchronize: calls=13211 total_ms=60.135 max_us=2586
by_direct_callsite (file:line):
   0 /opt/llama.cpp/ggml/src/ggml-cuda/ggml-cuda.cu:839 calls=12858 total_ms=53.771 avg_us=4.182 max_us=353
   1 /opt/llama.cpp/ggml/src/ggml-cuda/ggml-cuda.cu:900 calls=12 total_ms=5.896 avg_us=491.333 max_us=2586
   2 /opt/llama.cpp/ggml/src/ggml-cuda/ggml-cuda.cu:2665 calls=191 total_ms=0.313 avg_us=1.639 max_us=10
   3 /opt/llama.cpp/ggml/src/ggml-cuda/ggml-cuda.cu:847 calls=150 total_ms=0.155 avg_us=1.033 max_us=3
=== END CUDA SYNC PROFILE ===
backend-sync-trace: count=30300 backend=CUDA0 caller=ggml_backend_sched_graph_compute_async_ext+0xecc

=== CUDA SYNC PROFILE (instrumentation only) ===
total_syncs = 30300
total_wait_ms = 16844.294
max_wait_us = 140882
sites = 5
wait_hist_us = logarithmic buckets
  hist[0] = 27439
  hist[1] = 1633
  hist[2] = 93
  hist[3] = 15
  hist[4] = 17
  hist[5] = 1
  hist[9] = 207
  hist[10] = 448
  hist[11] = 79
  hist[14] = 119
  hist[15] = 219
  hist[16] = 29
  hist[17] = 1
by_callsite (caller PC; symbolize with addr2line):
   0 caller=0x7bf768d5c0d2 calls=12239 total_ms=16834.023 avg_us=1375.441 max_us=140882
   1 caller=0x7bf768d6098c calls=9951 total_ms=3.990 avg_us=0.401 max_us=24
   2 caller=0x7bf768d6089c calls=3686 total_ms=3.196 avg_us=0.867 max_us=28
   3 caller=0x7bf768d5f852 calls=738 total_ms=1.611 avg_us=2.183 max_us=36
   4 caller=0x7bf768d60abd calls=3686 total_ms=1.474 avg_us=0.400 max_us=19
direct_cudaStreamSynchronize: calls=13248 total_ms=60.287 max_us=2586
by_direct_callsite (file:line):
   0 /opt/llama.cpp/ggml/src/ggml-cuda/ggml-cuda.cu:839 calls=12895 total_ms=53.923 avg_us=4.182 max_us=353
   1 /opt/llama.cpp/ggml/src/ggml-cuda/ggml-cuda.cu:900 calls=12 total_ms=5.896 avg_us=491.333 max_us=2586
   2 /opt/llama.cpp/ggml/src/ggml-cuda/ggml-cuda.cu:2665 calls=191 total_ms=0.313 avg_us=1.639 max_us=10
   3 /opt/llama.cpp/ggml/src/ggml-cuda/ggml-cuda.cu:847 calls=150 total_ms=0.155 avg_us=1.033 max_us=3
=== END CUDA SYNC PROFILE ===
backend-sync-trace: count=30400 backend=CUDA0 caller=ggml_backend_sched_graph_compute_async_ext+0xffd

=== CUDA SYNC PROFILE (instrumentation only) ===
total_syncs = 30400
total_wait_ms = 16881.138
max_wait_us = 140882
sites = 5
wait_hist_us = logarithmic buckets
  hist[0] = 27531
  hist[1] = 1637
  hist[2] = 93
  hist[3] = 15
  hist[4] = 17
  hist[5] = 1
  hist[9] = 208
  hist[10] = 450
  hist[11] = 79
  hist[14] = 119
  hist[15] = 220
  hist[16] = 29
  hist[17] = 1
by_callsite (caller PC; symbolize with addr2line):
   0 caller=0x7bf768d5c0d2 calls=12283 total_ms=16870.841 avg_us=1373.511 max_us=140882
   1 caller=0x7bf768d6098c calls=9981 total_ms=3.997 avg_us=0.400 max_us=24
   2 caller=0x7bf768d6089c calls=3698 total_ms=3.204 avg_us=0.866 max_us=28
   3 caller=0x7bf768d5f852 calls=740 total_ms=1.614 avg_us=2.181 max_us=36
   4 caller=0x7bf768d60abd calls=3698 total_ms=1.482 avg_us=0.401 max_us=19
direct_cudaStreamSynchronize: calls=13288 total_ms=60.443 max_us=2586
by_direct_callsite (file:line):
   0 /opt/llama.cpp/ggml/src/ggml-cuda/ggml-cuda.cu:839 calls=12935 total_ms=54.079 avg_us=4.181 max_us=353
   1 /opt/llama.cpp/ggml/src/ggml-cuda/ggml-cuda.cu:900 calls=12 total_ms=5.896 avg_us=491.333 max_us=2586
   2 /opt/llama.cpp/ggml/src/ggml-cuda/ggml-cuda.cu:2665 calls=191 total_ms=0.313 avg_us=1.639 max_us=10
   3 /opt/llama.cpp/ggml/src/ggml-cuda/ggml-cuda.cu:847 calls=150 total_ms=0.155 avg_us=1.033 max_us=3
=== END CUDA SYNC PROFILE ===

=== CUDA SYNC PROFILE (instrumentation only) ===
total_syncs = 30423
total_wait_ms = 16882.322
max_wait_us = 140882
sites = 5
wait_hist_us = logarithmic buckets
  hist[0] = 27552
  hist[1] = 1638
  hist[2] = 93
  hist[3] = 15
  hist[4] = 17
  hist[5] = 1
  hist[9] = 208
  hist[10] = 451
  hist[11] = 79
  hist[14] = 119
  hist[15] = 220
  hist[16] = 29
  hist[17] = 1
by_callsite (caller PC; symbolize with addr2line):
   0 caller=0x7bf768d5c0d2 calls=12290 total_ms=16872.019 avg_us=1372.825 max_us=140882
   1 caller=0x7bf768d6098c calls=9989 total_ms=4.000 avg_us=0.400 max_us=24
   2 caller=0x7bf768d6089c calls=3702 total_ms=3.207 avg_us=0.866 max_us=28
   3 caller=0x7bf768d5f852 calls=740 total_ms=1.614 avg_us=2.181 max_us=36
   4 caller=0x7bf768d60abd calls=3702 total_ms=1.482 avg_us=0.400 max_us=19
direct_cudaStreamSynchronize: calls=13300 total_ms=60.507 max_us=2586
by_direct_callsite (file:line):
   0 /opt/llama.cpp/ggml/src/ggml-cuda/ggml-cuda.cu:839 calls=12947 total_ms=54.143 avg_us=4.182 max_us=353
   1 /opt/llama.cpp/ggml/src/ggml-cuda/ggml-cuda.cu:900 calls=12 total_ms=5.896 avg_us=491.333 max_us=2586
   2 /opt/llama.cpp/ggml/src/ggml-cuda/ggml-cuda.cu:2665 calls=191 total_ms=0.313 avg_us=1.639 max_us=10
   3 /opt/llama.cpp/ggml/src/ggml-cuda/ggml-cuda.cu:847 calls=150 total_ms=0.155 avg_us=1.033 max_us=3
=== END CUDA SYNC PROFILE ===
backend-sync-trace: count=30500 backend=CUDA0 caller=ggml_backend_sched_graph_compute_async_ext+0xddc

=== CUDA SYNC PROFILE (instrumentation only) ===
total_syncs = 30500
total_wait_ms = 16915.376
max_wait_us = 140882
sites = 5
wait_hist_us = logarithmic buckets
  hist[0] = 27622
  hist[1] = 1642
  hist[2] = 93
  hist[3] = 15
  hist[4] = 17
  hist[5] = 1
  hist[9] = 209
  hist[10] = 452
  hist[11] = 79
  hist[14] = 120
  hist[15] = 220
  hist[16] = 29
  hist[17] = 1
by_callsite (caller PC; symbolize with addr2line):
   0 caller=0x7bf768d5c0d2 calls=12327 total_ms=16905.052 avg_us=1371.384 max_us=140882
   1 caller=0x7bf768d6098c calls=10012 total_ms=4.008 avg_us=0.400 max_us=24
   2 caller=0x7bf768d6089c calls=3710 total_ms=3.215 avg_us=0.867 max_us=28
   3 caller=0x7bf768d5f852 calls=742 total_ms=1.617 avg_us=2.179 max_us=36
   4 caller=0x7bf768d60abd calls=3709 total_ms=1.484 avg_us=0.400 max_us=19
direct_cudaStreamSynchronize: calls=13329 total_ms=60.627 max_us=2586
by_direct_callsite (file:line):
   0 /opt/llama.cpp/ggml/src/ggml-cuda/ggml-cuda.cu:839 calls=12976 total_ms=54.263 avg_us=4.182 max_us=353
   1 /opt/llama.cpp/ggml/src/ggml-cuda/ggml-cuda.cu:900 calls=12 total_ms=5.896 avg_us=491.333 max_us=2586
   2 /opt/llama.cpp/ggml/src/ggml-cuda/ggml-cuda.cu:2665 calls=191 total_ms=0.313 avg_us=1.639 max_us=10
   3 /opt/llama.cpp/ggml/src/ggml-cuda/ggml-cuda.cu:847 calls=150 total_ms=0.155 avg_us=1.033 max_us=3
=== END CUDA SYNC PROFILE ===
backend-sync-trace: count=30600 backend=CUDA0 caller=ggml_backend_sched_graph_compute_async_ext+0xecc

=== CUDA SYNC PROFILE (instrumentation only) ===
total_syncs = 30600
total_wait_ms = 16952.813
max_wait_us = 140882
sites = 5
wait_hist_us = logarithmic buckets
  hist[0] = 27715
  hist[1] = 1646
  hist[2] = 93
  hist[3] = 15
  hist[4] = 17
  hist[5] = 1
  hist[9] = 210
  hist[10] = 453
  hist[11] = 79
  hist[14] = 120
  hist[15] = 221
  hist[16] = 29
  hist[17] = 1
by_callsite (caller PC; symbolize with addr2line):
   0 caller=0x7bf768d5c0d2 calls=12364 total_ms=16942.455 avg_us=1370.305 max_us=140882
   1 caller=0x7bf768d6098c calls=10048 total_ms=4.024 avg_us=0.400 max_us=24
   2 caller=0x7bf768d6089c calls=3722 total_ms=3.224 avg_us=0.866 max_us=28
   3 caller=0x7bf768d5f852 calls=744 total_ms=1.621 avg_us=2.179 max_us=36
   4 caller=0x7bf768d60abd calls=3722 total_ms=1.489 avg_us=0.400 max_us=19
direct_cudaStreamSynchronize: calls=13374 total_ms=60.819 max_us=2586
by_direct_callsite (file:line):
   0 /opt/llama.cpp/ggml/src/ggml-cuda/ggml-cuda.cu:839 calls=13021 total_ms=54.455 avg_us=4.182 max_us=353
   1 /opt/llama.cpp/ggml/src/ggml-cuda/ggml-cuda.cu:900 calls=12 total_ms=5.896 avg_us=491.333 max_us=2586
   2 /opt/llama.cpp/ggml/src/ggml-cuda/ggml-cuda.cu:2665 calls=191 total_ms=0.313 avg_us=1.639 max_us=10
   3 /opt/llama.cpp/ggml/src/ggml-cuda/ggml-cuda.cu:847 calls=150 total_ms=0.155 avg_us=1.033 max_us=3
=== END CUDA SYNC PROFILE ===

=== CUDA SYNC PROFILE (instrumentation only) ===
total_syncs = 30673
total_wait_ms = 16992.367
max_wait_us = 140882
sites = 5
wait_hist_us = logarithmic buckets
  hist[0] = 27782
  hist[1] = 1649
  hist[2] = 93
  hist[3] = 15
  hist[4] = 17
  hist[5] = 1
  hist[9] = 212
  hist[10] = 453
  hist[11] = 79
  hist[14] = 120
  hist[15] = 222
  hist[16] = 29
  hist[17] = 1
by_callsite (caller PC; symbolize with addr2line):
   0 caller=0x7bf768d5c0d2 calls=12401 total_ms=16981.992 avg_us=1369.405 max_us=140882
   1 caller=0x7bf768d6098c calls=10066 total_ms=4.029 avg_us=0.400 max_us=24
   2 caller=0x7bf768d6089c calls=3730 total_ms=3.231 avg_us=0.866 max_us=28
   3 caller=0x7bf768d5f852 calls=746 total_ms=1.624 avg_us=2.177 max_us=36
   4 caller=0x7bf768d60abd calls=3730 total_ms=1.491 avg_us=0.400 max_us=19
direct_cudaStreamSynchronize: calls=13400 total_ms=60.912 max_us=2586
by_direct_callsite (file:line):
   0 /opt/llama.cpp/ggml/src/ggml-cuda/ggml-cuda.cu:839 calls=13047 total_ms=54.548 avg_us=4.181 max_us=353
   1 /opt/llama.cpp/ggml/src/ggml-cuda/ggml-cuda.cu:900 calls=12 total_ms=5.896 avg_us=491.333 max_us=2586
   2 /opt/llama.cpp/ggml/src/ggml-cuda/ggml-cuda.cu:2665 calls=191 total_ms=0.313 avg_us=1.639 max_us=10
   3 /opt/llama.cpp/ggml/src/ggml-cuda/ggml-cuda.cu:847 calls=150 total_ms=0.155 avg_us=1.033 max_us=3
=== END CUDA SYNC PROFILE ===
backend-sync-trace: count=30700 backend=CUDA0 caller=ggml_backend_sched_graph_compute_async_ext+0xecc

=== CUDA SYNC PROFILE (instrumentation only) ===
total_syncs = 30700
total_wait_ms = 17022.069
max_wait_us = 140882
sites = 5
wait_hist_us = logarithmic buckets
  hist[0] = 27807
  hist[1] = 1650
  hist[2] = 93
  hist[3] = 15
  hist[4] = 17
  hist[5] = 1
  hist[9] = 212
  hist[10] = 453
  hist[11] = 79
  hist[14] = 121
  hist[15] = 222
  hist[16] = 29
  hist[17] = 1
by_callsite (caller PC; symbolize with addr2line):
   0 caller=0x7bf768d5c0d2 calls=12403 total_ms=17011.678 avg_us=1371.578 max_us=140882
   1 caller=0x7bf768d6098c calls=10082 total_ms=4.039 avg_us=0.401 max_us=24
   2 caller=0x7bf768d6089c calls=3734 total_ms=3.234 avg_us=0.866 max_us=28
   3 caller=0x7bf768d5f852 calls=747 total_ms=1.626 avg_us=2.177 max_us=36
   4 caller=0x7bf768d60abd calls=3734 total_ms=1.492 avg_us=0.400 max_us=19
direct_cudaStreamSynchronize: calls=13418 total_ms=60.998 max_us=2586
by_direct_callsite (file:line):
   0 /opt/llama.cpp/ggml/src/ggml-cuda/ggml-cuda.cu:839 calls=13065 total_ms=54.634 avg_us=4.182 max_us=353
   1 /opt/llama.cpp/ggml/src/ggml-cuda/ggml-cuda.cu:900 calls=12 total_ms=5.896 avg_us=491.333 max_us=2586
   2 /opt/llama.cpp/ggml/src/ggml-cuda/ggml-cuda.cu:2665 calls=191 total_ms=0.313 avg_us=1.639 max_us=10
   3 /opt/llama.cpp/ggml/src/ggml-cuda/ggml-cuda.cu:847 calls=150 total_ms=0.155 avg_us=1.033 max_us=3
=== END CUDA SYNC PROFILE ===
backend-sync-trace: count=30800 backend=CUDA0 caller=ggml_backend_sched_graph_compute_async_ext+0xecc

=== CUDA SYNC PROFILE (instrumentation only) ===
total_syncs = 30800
total_wait_ms = 17051.693
max_wait_us = 140882
sites = 5
wait_hist_us = logarithmic buckets
  hist[0] = 27898
  hist[1] = 1656
  hist[2] = 93
  hist[3] = 15
  hist[4] = 17
  hist[5] = 1
  hist[9] = 213
  hist[10] = 454
  hist[11] = 79
  hist[14] = 122
  hist[15] = 222
  hist[16] = 29
  hist[17] = 1
by_callsite (caller PC; symbolize with addr2line):
   0 caller=0x7bf768d5c0d2 calls=12443 total_ms=17041.267 avg_us=1369.546 max_us=140882
   1 caller=0x7bf768d6098c calls=10115 total_ms=4.053 avg_us=0.401 max_us=24
   2 caller=0x7bf768d6089c calls=3746 total_ms=3.243 avg_us=0.866 max_us=28
   3 caller=0x7bf768d5f852 calls=750 total_ms=1.632 avg_us=2.176 max_us=36
   4 caller=0x7bf768d60abd calls=3746 total_ms=1.498 avg_us=0.400 max_us=19
direct_cudaStreamSynchronize: calls=13460 total_ms=61.163 max_us=2586
by_direct_callsite (file:line):
   0 /opt/llama.cpp/ggml/src/ggml-cuda/ggml-cuda.cu:839 calls=13107 total_ms=54.799 avg_us=4.181 max_us=353
   1 /opt/llama.cpp/ggml/src/ggml-cuda/ggml-cuda.cu:900 calls=12 total_ms=5.896 avg_us=491.333 max_us=2586
   2 /opt/llama.cpp/ggml/src/ggml-cuda/ggml-cuda.cu:2665 calls=191 total_ms=0.313 avg_us=1.639 max_us=10
   3 /opt/llama.cpp/ggml/src/ggml-cuda/ggml-cuda.cu:847 calls=150 total_ms=0.155 avg_us=1.033 max_us=3
=== END CUDA SYNC PROFILE ===

=== CUDA SYNC PROFILE (instrumentation only) ===
total_syncs = 30899
total_wait_ms = 17086.601
max_wait_us = 140882
sites = 5
wait_hist_us = logarithmic buckets
  hist[0] = 27988
  hist[1] = 1661
  hist[2] = 93
  hist[3] = 15
  hist[4] = 17
  hist[5] = 1
  hist[9] = 214
  hist[10] = 456
  hist[11] = 79
  hist[14] = 123
  hist[15] = 222
  hist[16] = 29
  hist[17] = 1
by_callsite (caller PC; symbolize with addr2line):
   0 caller=0x7bf768d5c0d2 calls=12487 total_ms=17076.145 avg_us=1367.514 max_us=140882
   1 caller=0x7bf768d6098c calls=10144 total_ms=4.063 avg_us=0.401 max_us=24
   2 caller=0x7bf768d6089c calls=3758 total_ms=3.253 avg_us=0.866 max_us=28
   3 caller=0x7bf768d5f852 calls=752 total_ms=1.636 avg_us=2.176 max_us=36
   4 caller=0x7bf768d60abd calls=3758 total_ms=1.504 avg_us=0.400 max_us=19
direct_cudaStreamSynchronize: calls=13500 total_ms=61.341 max_us=2586
by_direct_callsite (file:line):
   0 /opt/llama.cpp/ggml/src/ggml-cuda/ggml-cuda.cu:839 calls=13147 total_ms=54.977 avg_us=4.182 max_us=353
   1 /opt/llama.cpp/ggml/src/ggml-cuda/ggml-cuda.cu:900 calls=12 total_ms=5.896 avg_us=491.333 max_us=2586
   2 /opt/llama.cpp/ggml/src/ggml-cuda/ggml-cuda.cu:2665 calls=191 total_ms=0.313 avg_us=1.639 max_us=10
   3 /opt/llama.cpp/ggml/src/ggml-cuda/ggml-cuda.cu:847 calls=150 total_ms=0.155 avg_us=1.033 max_us=3
=== END CUDA SYNC PROFILE ===
backend-sync-trace: count=30900 backend=CUDA0 caller=ggml_backend_sched_graph_compute_async_ext+0xecc

=== CUDA SYNC PROFILE (instrumentation only) ===
total_syncs = 30900
total_wait_ms = 17086.602
max_wait_us = 140882
sites = 5
wait_hist_us = logarithmic buckets
  hist[0] = 27989
  hist[1] = 1661
  hist[2] = 93
  hist[3] = 15
  hist[4] = 17
  hist[5] = 1
  hist[9] = 214
  hist[10] = 456
  hist[11] = 79
  hist[14] = 123
  hist[15] = 222
  hist[16] = 29
  hist[17] = 1
by_callsite (caller PC; symbolize with addr2line):
   0 caller=0x7bf768d5c0d2 calls=12487 total_ms=17076.145 avg_us=1367.514 max_us=140882
   1 caller=0x7bf768d6098c calls=10145 total_ms=4.064 avg_us=0.401 max_us=24
   2 caller=0x7bf768d6089c calls=3758 total_ms=3.253 avg_us=0.866 max_us=28
   3 caller=0x7bf768d5f852 calls=752 total_ms=1.636 avg_us=2.176 max_us=36
   4 caller=0x7bf768d60abd calls=3758 total_ms=1.504 avg_us=0.400 max_us=19
direct_cudaStreamSynchronize: calls=13500 total_ms=61.341 max_us=2586
by_direct_callsite (file:line):
   0 /opt/llama.cpp/ggml/src/ggml-cuda/ggml-cuda.cu:839 calls=13147 total_ms=54.977 avg_us=4.182 max_us=353
   1 /opt/llama.cpp/ggml/src/ggml-cuda/ggml-cuda.cu:900 calls=12 total_ms=5.896 avg_us=491.333 max_us=2586
   2 /opt/llama.cpp/ggml/src/ggml-cuda/ggml-cuda.cu:2665 calls=191 total_ms=0.313 avg_us=1.639 max_us=10
   3 /opt/llama.cpp/ggml/src/ggml-cuda/ggml-cuda.cu:847 calls=150 total_ms=0.155 avg_us=1.033 max_us=3
=== END CUDA SYNC PROFILE ===
backend-sync-trace: count=31000 backend=CUDA0 caller=ggml_backend_sched_synchronize+0x62

=== CUDA SYNC PROFILE (instrumentation only) ===
total_syncs = 31000
total_wait_ms = 17121.749
max_wait_us = 140882
sites = 5
wait_hist_us = logarithmic buckets
  hist[0] = 28077
  hist[1] = 1667
  hist[2] = 94
  hist[3] = 16
  hist[4] = 17
  hist[5] = 1
  hist[9] = 214
  hist[10] = 458
  hist[11] = 80
  hist[14] = 124
  hist[15] = 222
  hist[16] = 29
  hist[17] = 1
by_callsite (caller PC; symbolize with addr2line):
   0 caller=0x7bf768d5c0d2 calls=12536 total_ms=17111.257 avg_us=1364.969 max_us=140882
   1 caller=0x7bf768d6098c calls=10174 total_ms=4.075 avg_us=0.401 max_us=24
   2 caller=0x7bf768d6089c calls=3768 total_ms=3.268 avg_us=0.867 max_us=28
   3 caller=0x7bf768d5f852 calls=754 total_ms=1.640 avg_us=2.175 max_us=36
   4 caller=0x7bf768d60abd calls=3768 total_ms=1.509 avg_us=0.400 max_us=19
direct_cudaStreamSynchronize: calls=13538 total_ms=61.486 max_us=2586
by_direct_callsite (file:line):
   0 /opt/llama.cpp/ggml/src/ggml-cuda/ggml-cuda.cu:839 calls=13185 total_ms=55.122 avg_us=4.181 max_us=353
   1 /opt/llama.cpp/ggml/src/ggml-cuda/ggml-cuda.cu:900 calls=12 total_ms=5.896 avg_us=491.333 max_us=2586
   2 /opt/llama.cpp/ggml/src/ggml-cuda/ggml-cuda.cu:2665 calls=191 total_ms=0.313 avg_us=1.639 max_us=10
   3 /opt/llama.cpp/ggml/src/ggml-cuda/ggml-cuda.cu:847 calls=150 total_ms=0.155 avg_us=1.033 max_us=3
=== END CUDA SYNC PROFILE ===
backend-sync-trace: count=31100 backend=CUDA0 caller=ggml_backend_sched_graph_compute_async_ext+0xecc

=== CUDA SYNC PROFILE (instrumentation only) ===
total_syncs = 31100
total_wait_ms = 17160.933
max_wait_us = 140882
sites = 5
wait_hist_us = logarithmic buckets
  hist[0] = 28167
  hist[1] = 1674
  hist[2] = 94
  hist[3] = 16
  hist[4] = 17
  hist[5] = 1
  hist[9] = 214
  hist[10] = 460
  hist[11] = 80
  hist[14] = 124
  hist[15] = 223
  hist[16] = 29
  hist[17] = 1
by_callsite (caller PC; symbolize with addr2line):
   0 caller=0x7bf768d5c0d2 calls=12567 total_ms=17150.401 avg_us=1364.717 max_us=140882
   1 caller=0x7bf768d6098c calls=10213 total_ms=4.088 avg_us=0.400 max_us=24
   2 caller=0x7bf768d6089c calls=3782 total_ms=3.285 avg_us=0.869 max_us=28
   3 caller=0x7bf768d5f852 calls=756 total_ms=1.644 avg_us=2.175 max_us=36
   4 caller=0x7bf768d60abd calls=3782 total_ms=1.515 avg_us=0.401 max_us=19
direct_cudaStreamSynchronize: calls=13587 total_ms=61.694 max_us=2586
by_direct_callsite (file:line):
   0 /opt/llama.cpp/ggml/src/ggml-cuda/ggml-cuda.cu:839 calls=13234 total_ms=55.330 avg_us=4.181 max_us=353
   1 /opt/llama.cpp/ggml/src/ggml-cuda/ggml-cuda.cu:900 calls=12 total_ms=5.896 avg_us=491.333 max_us=2586
   2 /opt/llama.cpp/ggml/src/ggml-cuda/ggml-cuda.cu:2665 calls=191 total_ms=0.313 avg_us=1.639 max_us=10
   3 /opt/llama.cpp/ggml/src/ggml-cuda/ggml-cuda.cu:847 calls=150 total_ms=0.155 avg_us=1.033 max_us=3
=== END CUDA SYNC PROFILE ===

=== CUDA SYNC PROFILE (instrumentation only) ===
total_syncs = 31142
total_wait_ms = 17193.632
max_wait_us = 140882
sites = 5
wait_hist_us = logarithmic buckets
  hist[0] = 28205
  hist[1] = 1677
  hist[2] = 94
  hist[3] = 16
  hist[4] = 17
  hist[5] = 1
  hist[9] = 214
  hist[10] = 460
  hist[11] = 80
  hist[14] = 125
  hist[15] = 223
  hist[16] = 29
  hist[17] = 1
by_callsite (caller PC; symbolize with addr2line):
   0 caller=0x7bf768d5c0d2 calls=12590 total_ms=17183.089 avg_us=1364.820 max_us=140882
   1 caller=0x7bf768d6098c calls=10222 total_ms=4.092 avg_us=0.400 max_us=24
   2 caller=0x7bf768d6089c calls=3786 total_ms=3.288 avg_us=0.868 max_us=28
   3 caller=0x7bf768d5f852 calls=758 total_ms=1.648 avg_us=2.174 max_us=36
   4 caller=0x7bf768d60abd calls=3786 total_ms=1.515 avg_us=0.400 max_us=19
direct_cudaStreamSynchronize: calls=13600 total_ms=61.743 max_us=2586
by_direct_callsite (file:line):
   0 /opt/llama.cpp/ggml/src/ggml-cuda/ggml-cuda.cu:839 calls=13247 total_ms=55.379 avg_us=4.180 max_us=353
   1 /opt/llama.cpp/ggml/src/ggml-cuda/ggml-cuda.cu:900 calls=12 total_ms=5.896 avg_us=491.333 max_us=2586
   2 /opt/llama.cpp/ggml/src/ggml-cuda/ggml-cuda.cu:2665 calls=191 total_ms=0.313 avg_us=1.639 max_us=10
   3 /opt/llama.cpp/ggml/src/ggml-cuda/ggml-cuda.cu:847 calls=150 total_ms=0.155 avg_us=1.033 max_us=3
=== END CUDA SYNC PROFILE ===
backend-sync-trace: count=31200 backend=CUDA0 caller=ggml_backend_sched_graph_compute_async_ext+0xecc

=== CUDA SYNC PROFILE (instrumentation only) ===
total_syncs = 31200
total_wait_ms = 17233.656
max_wait_us = 140882
sites = 5
wait_hist_us = logarithmic buckets
  hist[0] = 28257
  hist[1] = 1680
  hist[2] = 94
  hist[3] = 16
  hist[4] = 17
  hist[5] = 1
  hist[9] = 215
  hist[10] = 461
  hist[11] = 80
  hist[14] = 125
  hist[15] = 224
  hist[16] = 29
  hist[17] = 1
by_callsite (caller PC; symbolize with addr2line):
   0 caller=0x7bf768d5c0d2 calls=12606 total_ms=17223.088 avg_us=1366.261 max_us=140882
   1 caller=0x7bf768d6098c calls=10247 total_ms=4.104 avg_us=0.401 max_us=24
   2 caller=0x7bf768d6089c calls=3794 total_ms=3.293 avg_us=0.868 max_us=28
   3 caller=0x7bf768d5f852 calls=759 total_ms=1.650 avg_us=2.174 max_us=36
   4 caller=0x7bf768d60abd calls=3794 total_ms=1.521 avg_us=0.401 max_us=19
direct_cudaStreamSynchronize: calls=13631 total_ms=61.868 max_us=2586
by_direct_callsite (file:line):
   0 /opt/llama.cpp/ggml/src/ggml-cuda/ggml-cuda.cu:839 calls=13278 total_ms=55.504 avg_us=4.180 max_us=353
   1 /opt/llama.cpp/ggml/src/ggml-cuda/ggml-cuda.cu:900 calls=12 total_ms=5.896 avg_us=491.333 max_us=2586
   2 /opt/llama.cpp/ggml/src/ggml-cuda/ggml-cuda.cu:2665 calls=191 total_ms=0.313 avg_us=1.639 max_us=10
   3 /opt/llama.cpp/ggml/src/ggml-cuda/ggml-cuda.cu:847 calls=150 total_ms=0.155 avg_us=1.033 max_us=3
=== END CUDA SYNC PROFILE ===
backend-sync-trace: count=31300 backend=CUDA0 caller=ggml_backend_sched_graph_compute_async_ext+0xffd

=== CUDA SYNC PROFILE (instrumentation only) ===
total_syncs = 31300
total_wait_ms = 17264.401
max_wait_us = 140882
sites = 5
wait_hist_us = logarithmic buckets
  hist[0] = 28348
  hist[1] = 1686
  hist[2] = 94
  hist[3] = 16
  hist[4] = 17
  hist[5] = 1
  hist[9] = 217
  hist[10] = 461
  hist[11] = 80
  hist[14] = 126
  hist[15] = 224
  hist[16] = 29
  hist[17] = 1
by_callsite (caller PC; symbolize with addr2line):
   0 caller=0x7bf768d5c0d2 calls=12652 total_ms=17253.798 avg_us=1363.721 max_us=140882
   1 caller=0x7bf768d6098c calls=10274 total_ms=4.116 avg_us=0.401 max_us=24
   2 caller=0x7bf768d6089c calls=3806 total_ms=3.303 avg_us=0.868 max_us=28
   3 caller=0x7bf768d5f852 calls=762 total_ms=1.658 avg_us=2.176 max_us=36
   4 caller=0x7bf768d60abd calls=3806 total_ms=1.526 avg_us=0.401 max_us=19
direct_cudaStreamSynchronize: calls=13667 total_ms=62.011 max_us=2586
by_direct_callsite (file:line):
   0 /opt/llama.cpp/ggml/src/ggml-cuda/ggml-cuda.cu:839 calls=13314 total_ms=55.647 avg_us=4.180 max_us=353
   1 /opt/llama.cpp/ggml/src/ggml-cuda/ggml-cuda.cu:900 calls=12 total_ms=5.896 avg_us=491.333 max_us=2586
   2 /opt/llama.cpp/ggml/src/ggml-cuda/ggml-cuda.cu:2665 calls=191 total_ms=0.313 avg_us=1.639 max_us=10
   3 /opt/llama.cpp/ggml/src/ggml-cuda/ggml-cuda.cu:847 calls=150 total_ms=0.155 avg_us=1.033 max_us=3
=== END CUDA SYNC PROFILE ===

=== CUDA SYNC PROFILE (instrumentation only) ===
total_syncs = 31358
total_wait_ms = 17305.975
max_wait_us = 140882
sites = 5
wait_hist_us = logarithmic buckets
  hist[0] = 28399
  hist[1] = 1690
  hist[2] = 94
  hist[3] = 16
  hist[4] = 17
  hist[5] = 1
  hist[9] = 218
  hist[10] = 462
  hist[11] = 80
  hist[14] = 126
  hist[15] = 225
  hist[16] = 29
  hist[17] = 1
by_callsite (caller PC; symbolize with addr2line):
   0 caller=0x7bf768d5c0d2 calls=12668 total_ms=17295.350 avg_us=1365.279 max_us=140882
   1 caller=0x7bf768d6098c calls=10299 total_ms=4.127 avg_us=0.401 max_us=24
   2 caller=0x7bf768d6089c calls=3814 total_ms=3.310 avg_us=0.868 max_us=28
   3 caller=0x7bf768d5f852 calls=763 total_ms=1.660 avg_us=2.176 max_us=36
   4 caller=0x7bf768d60abd calls=3814 total_ms=1.528 avg_us=0.401 max_us=19
direct_cudaStreamSynchronize: calls=13700 total_ms=62.149 max_us=2586
by_direct_callsite (file:line):
   0 /opt/llama.cpp/ggml/src/ggml-cuda/ggml-cuda.cu:839 calls=13347 total_ms=55.785 avg_us=4.180 max_us=353
   1 /opt/llama.cpp/ggml/src/ggml-cuda/ggml-cuda.cu:900 calls=12 total_ms=5.896 avg_us=491.333 max_us=2586
   2 /opt/llama.cpp/ggml/src/ggml-cuda/ggml-cuda.cu:2665 calls=191 total_ms=0.313 avg_us=1.639 max_us=10
   3 /opt/llama.cpp/ggml/src/ggml-cuda/ggml-cuda.cu:847 calls=150 total_ms=0.155 avg_us=1.033 max_us=3
=== END CUDA SYNC PROFILE ===
backend-sync-trace: count=31400 backend=CUDA0 caller=ggml_backend_sched_graph_compute_async_ext+0xddc

=== CUDA SYNC PROFILE (instrumentation only) ===
total_syncs = 31400
total_wait_ms = 17307.170
max_wait_us = 140882
sites = 5
wait_hist_us = logarithmic buckets
  hist[0] = 28438
  hist[1] = 1692
  hist[2] = 94
  hist[3] = 16
  hist[4] = 17
  hist[5] = 1
  hist[9] = 218
  hist[10] = 463
  hist[11] = 80
  hist[14] = 126
  hist[15] = 225
  hist[16] = 29
  hist[17] = 1
by_callsite (caller PC; symbolize with addr2line):
   0 caller=0x7bf768d5c0d2 calls=12696 total_ms=17296.538 avg_us=1362.361 max_us=140882
   1 caller=0x7bf768d6098c calls=10305 total_ms=4.129 avg_us=0.401 max_us=24
   2 caller=0x7bf768d6089c calls=3818 total_ms=3.313 avg_us=0.868 max_us=28
   3 caller=0x7bf768d5f852 calls=764 total_ms=1.662 avg_us=2.175 max_us=36
   4 caller=0x7bf768d60abd calls=3817 total_ms=1.528 avg_us=0.400 max_us=19
direct_cudaStreamSynchronize: calls=13708 total_ms=62.175 max_us=2586
by_direct_callsite (file:line):
   0 /opt/llama.cpp/ggml/src/ggml-cuda/ggml-cuda.cu:839 calls=13355 total_ms=55.811 avg_us=4.179 max_us=353
   1 /opt/llama.cpp/ggml/src/ggml-cuda/ggml-cuda.cu:900 calls=12 total_ms=5.896 avg_us=491.333 max_us=2586
   2 /opt/llama.cpp/ggml/src/ggml-cuda/ggml-cuda.cu:2665 calls=191 total_ms=0.313 avg_us=1.639 max_us=10
   3 /opt/llama.cpp/ggml/src/ggml-cuda/ggml-cuda.cu:847 calls=150 total_ms=0.155 avg_us=1.033 max_us=3
=== END CUDA SYNC PROFILE ===
backend-sync-trace: count=31500 backend=CUDA0 caller=ggml_backend_sched_graph_compute_async_ext+0xffd

=== CUDA SYNC PROFILE (instrumentation only) ===
total_syncs = 31500
total_wait_ms = 17353.853
max_wait_us = 140882
sites = 5
wait_hist_us = logarithmic buckets
  hist[0] = 28528
  hist[1] = 1698
  hist[2] = 94
  hist[3] = 16
  hist[4] = 17
  hist[5] = 1
  hist[9] = 218
  hist[10] = 466
  hist[11] = 80
  hist[14] = 126
  hist[15] = 226
  hist[16] = 29
  hist[17] = 1
by_callsite (caller PC; symbolize with addr2line):
   0 caller=0x7bf768d5c0d2 calls=12740 total_ms=17343.192 avg_us=1361.318 max_us=140882
   1 caller=0x7bf768d6098c calls=10336 total_ms=4.138 avg_us=0.400 max_us=24
   2 caller=0x7bf768d6089c calls=3829 total_ms=3.325 avg_us=0.868 max_us=28
   3 caller=0x7bf768d5f852 calls=766 total_ms=1.666 avg_us=2.175 max_us=36
   4 caller=0x7bf768d60abd calls=3829 total_ms=1.532 avg_us=0.400 max_us=19
direct_cudaStreamSynchronize: calls=13748 total_ms=62.337 max_us=2586
by_direct_callsite (file:line):
   0 /opt/llama.cpp/ggml/src/ggml-cuda/ggml-cuda.cu:839 calls=13395 total_ms=55.973 avg_us=4.179 max_us=353
   1 /opt/llama.cpp/ggml/src/ggml-cuda/ggml-cuda.cu:900 calls=12 total_ms=5.896 avg_us=491.333 max_us=2586
   2 /opt/llama.cpp/ggml/src/ggml-cuda/ggml-cuda.cu:2665 calls=191 total_ms=0.313 avg_us=1.639 max_us=10
   3 /opt/llama.cpp/ggml/src/ggml-cuda/ggml-cuda.cu:847 calls=150 total_ms=0.155 avg_us=1.033 max_us=3
=== END CUDA SYNC PROFILE ===
backend-sync-trace: count=31600 backend=CUDA0 caller=ggml_backend_sched_graph_compute_async_ext+0xecc

=== CUDA SYNC PROFILE (instrumentation only) ===
total_syncs = 31600
total_wait_ms = 17395.459
max_wait_us = 140882
sites = 5
wait_hist_us = logarithmic buckets
  hist[0] = 28621
  hist[1] = 1702
  hist[2] = 94
  hist[3] = 16
  hist[4] = 17
  hist[5] = 1
  hist[9] = 220
  hist[10] = 466
  hist[11] = 80
  hist[14] = 126
  hist[15] = 227
  hist[16] = 29
  hist[17] = 1
by_callsite (caller PC; symbolize with addr2line):
   0 caller=0x7bf768d5c0d2 calls=12777 total_ms=17384.764 avg_us=1360.630 max_us=140882
   1 caller=0x7bf768d6098c calls=10371 total_ms=4.154 avg_us=0.401 max_us=24
   2 caller=0x7bf768d6089c calls=3842 total_ms=3.334 avg_us=0.868 max_us=28
   3 caller=0x7bf768d5f852 calls=768 total_ms=1.670 avg_us=2.174 max_us=36
   4 caller=0x7bf768d60abd calls=3842 total_ms=1.537 avg_us=0.400 max_us=19
direct_cudaStreamSynchronize: calls=13793 total_ms=62.558 max_us=2586
by_direct_callsite (file:line):
   0 /opt/llama.cpp/ggml/src/ggml-cuda/ggml-cuda.cu:839 calls=13440 total_ms=56.194 avg_us=4.181 max_us=353
   1 /opt/llama.cpp/ggml/src/ggml-cuda/ggml-cuda.cu:900 calls=12 total_ms=5.896 avg_us=491.333 max_us=2586
   2 /opt/llama.cpp/ggml/src/ggml-cuda/ggml-cuda.cu:2665 calls=191 total_ms=0.313 avg_us=1.639 max_us=10
   3 /opt/llama.cpp/ggml/src/ggml-cuda/ggml-cuda.cu:847 calls=150 total_ms=0.155 avg_us=1.033 max_us=3
=== END CUDA SYNC PROFILE ===

=== CUDA SYNC PROFILE (instrumentation only) ===
total_syncs = 31606
total_wait_ms = 17395.461
max_wait_us = 140882
sites = 5
wait_hist_us = logarithmic buckets
  hist[0] = 28627
  hist[1] = 1702
  hist[2] = 94
  hist[3] = 16
  hist[4] = 17
  hist[5] = 1
  hist[9] = 220
  hist[10] = 466
  hist[11] = 80
  hist[14] = 126
  hist[15] = 227
  hist[16] = 29
  hist[17] = 1
by_callsite (caller PC; symbolize with addr2line):
   0 caller=0x7bf768d5c0d2 calls=12777 total_ms=17384.764 avg_us=1360.630 max_us=140882
   1 caller=0x7bf768d6098c calls=10377 total_ms=4.156 avg_us=0.401 max_us=24
   2 caller=0x7bf768d6089c calls=3842 total_ms=3.334 avg_us=0.868 max_us=28
   3 caller=0x7bf768d5f852 calls=768 total_ms=1.670 avg_us=2.174 max_us=36
   4 caller=0x7bf768d60abd calls=3842 total_ms=1.537 avg_us=0.400 max_us=19
direct_cudaStreamSynchronize: calls=13800 total_ms=62.580 max_us=2586
by_direct_callsite (file:line):
   0 /opt/llama.cpp/ggml/src/ggml-cuda/ggml-cuda.cu:839 calls=13447 total_ms=56.216 avg_us=4.181 max_us=353
   1 /opt/llama.cpp/ggml/src/ggml-cuda/ggml-cuda.cu:900 calls=12 total_ms=5.896 avg_us=491.333 max_us=2586
   2 /opt/llama.cpp/ggml/src/ggml-cuda/ggml-cuda.cu:2665 calls=191 total_ms=0.313 avg_us=1.639 max_us=10
   3 /opt/llama.cpp/ggml/src/ggml-cuda/ggml-cuda.cu:847 calls=150 total_ms=0.155 avg_us=1.033 max_us=3
=== END CUDA SYNC PROFILE ===
backend-sync-trace: count=31700 backend=CUDA0 caller=ggml_backend_sched_synchronize+0x62

=== CUDA SYNC PROFILE (instrumentation only) ===
total_syncs = 31700
total_wait_ms = 17455.982
max_wait_us = 140882
sites = 5
wait_hist_us = logarithmic buckets
  hist[0] = 28711
  hist[1] = 1708
  hist[2] = 94
  hist[3] = 16
  hist[4] = 17
  hist[5] = 1
  hist[9] = 222
  hist[10] = 466
  hist[11] = 80
  hist[14] = 128
  hist[15] = 227
  hist[16] = 29
  hist[17] = 1
by_callsite (caller PC; symbolize with addr2line):
   0 caller=0x7bf768d5c0d2 calls=12812 total_ms=17445.257 avg_us=1361.634 max_us=140882
   1 caller=0x7bf768d6098c calls=10409 total_ms=4.164 avg_us=0.400 max_us=24
   2 caller=0x7bf768d6089c calls=3854 total_ms=3.344 avg_us=0.868 max_us=28
   3 caller=0x7bf768d5f852 calls=771 total_ms=1.676 avg_us=2.174 max_us=36
   4 caller=0x7bf768d60abd calls=3854 total_ms=1.541 avg_us=0.400 max_us=19
direct_cudaStreamSynchronize: calls=13841 total_ms=62.752 max_us=2586
by_direct_callsite (file:line):
   0 /opt/llama.cpp/ggml/src/ggml-cuda/ggml-cuda.cu:839 calls=13488 total_ms=56.388 avg_us=4.181 max_us=353
   1 /opt/llama.cpp/ggml/src/ggml-cuda/ggml-cuda.cu:900 calls=12 total_ms=5.896 avg_us=491.333 max_us=2586
   2 /opt/llama.cpp/ggml/src/ggml-cuda/ggml-cuda.cu:2665 calls=191 total_ms=0.313 avg_us=1.639 max_us=10
   3 /opt/llama.cpp/ggml/src/ggml-cuda/ggml-cuda.cu:847 calls=150 total_ms=0.155 avg_us=1.033 max_us=3
=== END CUDA SYNC PROFILE ===
backend-sync-trace: count=31800 backend=CUDA0 caller=0x7bf768d5f852

=== CUDA SYNC PROFILE (instrumentation only) ===
total_syncs = 31800
total_wait_ms = 17485.023
max_wait_us = 140882
sites = 5
wait_hist_us = logarithmic buckets
  hist[0] = 28805
  hist[1] = 1711
  hist[2] = 94
  hist[3] = 16
  hist[4] = 17
  hist[5] = 1
  hist[9] = 222
  hist[10] = 468
  hist[11] = 80
  hist[14] = 129
  hist[15] = 227
  hist[16] = 29
  hist[17] = 1
by_callsite (caller PC; symbolize with addr2line):
   0 caller=0x7bf768d5c0d2 calls=12862 total_ms=17474.268 avg_us=1358.596 max_us=140882
   1 caller=0x7bf768d6098c calls=10436 total_ms=4.175 avg_us=0.400 max_us=24
   2 caller=0x7bf768d6089c calls=3864 total_ms=3.352 avg_us=0.867 max_us=28
   3 caller=0x7bf768d5f852 calls=774 total_ms=1.681 avg_us=2.172 max_us=36
   4 caller=0x7bf768d60abd calls=3864 total_ms=1.547 avg_us=0.400 max_us=19
direct_cudaStreamSynchronize: calls=13876 total_ms=62.896 max_us=2586
by_direct_callsite (file:line):
   0 /opt/llama.cpp/ggml/src/ggml-cuda/ggml-cuda.cu:839 calls=13523 total_ms=56.532 avg_us=4.180 max_us=353
   1 /opt/llama.cpp/ggml/src/ggml-cuda/ggml-cuda.cu:900 calls=12 total_ms=5.896 avg_us=491.333 max_us=2586
   2 /opt/llama.cpp/ggml/src/ggml-cuda/ggml-cuda.cu:2665 calls=191 total_ms=0.313 avg_us=1.639 max_us=10
   3 /opt/llama.cpp/ggml/src/ggml-cuda/ggml-cuda.cu:847 calls=150 total_ms=0.155 avg_us=1.033 max_us=3
=== END CUDA SYNC PROFILE ===

=== CUDA SYNC PROFILE (instrumentation only) ===
total_syncs = 31847
total_wait_ms = 17487.358
max_wait_us = 140882
sites = 5
wait_hist_us = logarithmic buckets
  hist[0] = 28849
  hist[1] = 1712
  hist[2] = 94
  hist[3] = 16
  hist[4] = 17
  hist[5] = 1
  hist[9] = 223
  hist[10] = 469
  hist[11] = 80
  hist[14] = 129
  hist[15] = 227
  hist[16] = 29
  hist[17] = 1
by_callsite (caller PC; symbolize with addr2line):
   0 caller=0x7bf768d5c0d2 calls=12876 total_ms=17476.590 avg_us=1357.300 max_us=140882
   1 caller=0x7bf768d6098c calls=10453 total_ms=4.181 avg_us=0.400 max_us=24
   2 caller=0x7bf768d6089c calls=3872 total_ms=3.359 avg_us=0.868 max_us=28
   3 caller=0x7bf768d5f852 calls=774 total_ms=1.681 avg_us=2.172 max_us=36
   4 caller=0x7bf768d60abd calls=3872 total_ms=1.547 avg_us=0.400 max_us=19
direct_cudaStreamSynchronize: calls=13900 total_ms=62.997 max_us=2586
by_direct_callsite (file:line):
   0 /opt/llama.cpp/ggml/src/ggml-cuda/ggml-cuda.cu:839 calls=13547 total_ms=56.633 avg_us=4.180 max_us=353
   1 /opt/llama.cpp/ggml/src/ggml-cuda/ggml-cuda.cu:900 calls=12 total_ms=5.896 avg_us=491.333 max_us=2586
   2 /opt/llama.cpp/ggml/src/ggml-cuda/ggml-cuda.cu:2665 calls=191 total_ms=0.313 avg_us=1.639 max_us=10
   3 /opt/llama.cpp/ggml/src/ggml-cuda/ggml-cuda.cu:847 calls=150 total_ms=0.155 avg_us=1.033 max_us=3
=== END CUDA SYNC PROFILE ===
backend-sync-trace: count=31900 backend=CUDA0 caller=ggml_backend_sched_synchronize+0x62

=== CUDA SYNC PROFILE (instrumentation only) ===
total_syncs = 31900
total_wait_ms = 17519.357
max_wait_us = 140882
sites = 5
wait_hist_us = logarithmic buckets
  hist[0] = 28896
  hist[1] = 1716
  hist[2] = 94
  hist[3] = 16
  hist[4] = 17
  hist[5] = 1
  hist[9] = 223
  hist[10] = 470
  hist[11] = 80
  hist[14] = 130
  hist[15] = 227
  hist[16] = 29
  hist[17] = 1
by_callsite (caller PC; symbolize with addr2line):
   0 caller=0x7bf768d5c0d2 calls=12905 total_ms=17508.578 avg_us=1356.728 max_us=140882
   1 caller=0x7bf768d6098c calls=10467 total_ms=4.184 avg_us=0.400 max_us=24
   2 caller=0x7bf768d6089c calls=3876 total_ms=3.363 avg_us=0.868 max_us=28
   3 caller=0x7bf768d5f852 calls=776 total_ms=1.685 avg_us=2.171 max_us=36
   4 caller=0x7bf768d60abd calls=3876 total_ms=1.547 avg_us=0.399 max_us=19
direct_cudaStreamSynchronize: calls=13917 total_ms=63.060 max_us=2586
by_direct_callsite (file:line):
   0 /opt/llama.cpp/ggml/src/ggml-cuda/ggml-cuda.cu:839 calls=13564 total_ms=56.696 avg_us=4.180 max_us=353
   1 /opt/llama.cpp/ggml/src/ggml-cuda/ggml-cuda.cu:900 calls=12 total_ms=5.896 avg_us=491.333 max_us=2586
   2 /opt/llama.cpp/ggml/src/ggml-cuda/ggml-cuda.cu:2665 calls=191 total_ms=0.313 avg_us=1.639 max_us=10
   3 /opt/llama.cpp/ggml/src/ggml-cuda/ggml-cuda.cu:847 calls=150 total_ms=0.155 avg_us=1.033 max_us=3
=== END CUDA SYNC PROFILE ===
backend-sync-trace: count=32000 backend=CUDA0 caller=ggml_backend_sched_synchronize+0x62

=== CUDA SYNC PROFILE (instrumentation only) ===
total_syncs = 32000
total_wait_ms = 17551.350
max_wait_us = 140882
sites = 5
wait_hist_us = logarithmic buckets
  hist[0] = 28990
  hist[1] = 1718
  hist[2] = 94
  hist[3] = 16
  hist[4] = 17
  hist[5] = 1
  hist[9] = 225
  hist[10] = 471
  hist[11] = 80
  hist[14] = 131
  hist[15] = 227
  hist[16] = 29
  hist[17] = 1
by_callsite (caller PC; symbolize with addr2line):
   0 caller=0x7bf768d5c0d2 calls=12948 total_ms=17540.539 avg_us=1354.691 max_us=140882
   1 caller=0x7bf768d6098c calls=10498 total_ms=4.196 avg_us=0.400 max_us=24
   2 caller=0x7bf768d6089c calls=3888 total_ms=3.373 avg_us=0.868 max_us=28
   3 caller=0x7bf768d5f852 calls=778 total_ms=1.688 avg_us=2.170 max_us=36
   4 caller=0x7bf768d60abd calls=3888 total_ms=1.554 avg_us=0.400 max_us=19
direct_cudaStreamSynchronize: calls=13958 total_ms=63.221 max_us=2586
by_direct_callsite (file:line):
   0 /opt/llama.cpp/ggml/src/ggml-cuda/ggml-cuda.cu:839 calls=13605 total_ms=56.857 avg_us=4.179 max_us=353
   1 /opt/llama.cpp/ggml/src/ggml-cuda/ggml-cuda.cu:900 calls=12 total_ms=5.896 avg_us=491.333 max_us=2586
   2 /opt/llama.cpp/ggml/src/ggml-cuda/ggml-cuda.cu:2665 calls=191 total_ms=0.313 avg_us=1.639 max_us=10
   3 /opt/llama.cpp/ggml/src/ggml-cuda/ggml-cuda.cu:847 calls=150 total_ms=0.155 avg_us=1.033 max_us=3
=== END CUDA SYNC PROFILE ===
backend-sync-trace: count=32100 backend=CUDA0 caller=ggml_backend_sched_graph_compute_async_ext+0xecc

=== CUDA SYNC PROFILE (instrumentation only) ===
total_syncs = 32100
total_wait_ms = 17587.495
max_wait_us = 140882
sites = 5
wait_hist_us = logarithmic buckets
  hist[0] = 29082
  hist[1] = 1723
  hist[2] = 94
  hist[3] = 16
  hist[4] = 17
  hist[5] = 1
  hist[9] = 226
  hist[10] = 472
  hist[11] = 80
  hist[14] = 131
  hist[15] = 228
  hist[16] = 29
  hist[17] = 1
by_callsite (caller PC; symbolize with addr2line):
   0 caller=0x7bf768d5c0d2 calls=12987 total_ms=17576.659 avg_us=1353.404 max_us=140882
   1 caller=0x7bf768d6098c calls=10529 total_ms=4.203 avg_us=0.399 max_us=24
   2 caller=0x7bf768d6089c calls=3902 total_ms=3.381 avg_us=0.866 max_us=28
   3 caller=0x7bf768d5f852 calls=780 total_ms=1.692 avg_us=2.169 max_us=36
   4 caller=0x7bf768d60abd calls=3902 total_ms=1.560 avg_us=0.400 max_us=19
direct_cudaStreamSynchronize: calls=13999 total_ms=63.406 max_us=2586
by_direct_callsite (file:line):
   0 /opt/llama.cpp/ggml/src/ggml-cuda/ggml-cuda.cu:839 calls=13646 total_ms=57.042 avg_us=4.180 max_us=353
   1 /opt/llama.cpp/ggml/src/ggml-cuda/ggml-cuda.cu:900 calls=12 total_ms=5.896 avg_us=491.333 max_us=2586
   2 /opt/llama.cpp/ggml/src/ggml-cuda/ggml-cuda.cu:2665 calls=191 total_ms=0.313 avg_us=1.639 max_us=10
   3 /opt/llama.cpp/ggml/src/ggml-cuda/ggml-cuda.cu:847 calls=150 total_ms=0.155 avg_us=1.033 max_us=3
=== END CUDA SYNC PROFILE ===

=== CUDA SYNC PROFILE (instrumentation only) ===
total_syncs = 32100
total_wait_ms = 17587.495
max_wait_us = 140882
sites = 5
wait_hist_us = logarithmic buckets
  hist[0] = 29082
  hist[1] = 1723
  hist[2] = 94
  hist[3] = 16
  hist[4] = 17
  hist[5] = 1
  hist[9] = 226
  hist[10] = 472
  hist[11] = 80
  hist[14] = 131
  hist[15] = 228
  hist[16] = 29
  hist[17] = 1
by_callsite (caller PC; symbolize with addr2line):
   0 caller=0x7bf768d5c0d2 calls=12987 total_ms=17576.659 avg_us=1353.404 max_us=140882
   1 caller=0x7bf768d6098c calls=10529 total_ms=4.203 avg_us=0.399 max_us=24
   2 caller=0x7bf768d6089c calls=3902 total_ms=3.381 avg_us=0.866 max_us=28
   3 caller=0x7bf768d5f852 calls=780 total_ms=1.692 avg_us=2.169 max_us=36
   4 caller=0x7bf768d60abd calls=3902 total_ms=1.560 avg_us=0.400 max_us=19
direct_cudaStreamSynchronize: calls=14000 total_ms=63.410 max_us=2586
by_direct_callsite (file:line):
   0 /opt/llama.cpp/ggml/src/ggml-cuda/ggml-cuda.cu:839 calls=13647 total_ms=57.046 avg_us=4.180 max_us=353
   1 /opt/llama.cpp/ggml/src/ggml-cuda/ggml-cuda.cu:900 calls=12 total_ms=5.896 avg_us=491.333 max_us=2586
   2 /opt/llama.cpp/ggml/src/ggml-cuda/ggml-cuda.cu:2665 calls=191 total_ms=0.313 avg_us=1.639 max_us=10
   3 /opt/llama.cpp/ggml/src/ggml-cuda/ggml-cuda.cu:847 calls=150 total_ms=0.155 avg_us=1.033 max_us=3
=== END CUDA SYNC PROFILE ===
backend-sync-trace: count=32200 backend=CUDA0 caller=0x7bf768d5f852

=== CUDA SYNC PROFILE (instrumentation only) ===
total_syncs = 32200
total_wait_ms = 17665.430
max_wait_us = 140882
sites = 5
wait_hist_us = logarithmic buckets
  hist[0] = 29172
  hist[1] = 1729
  hist[2] = 94
  hist[3] = 16
  hist[4] = 17
  hist[5] = 1
  hist[9] = 227
  hist[10] = 473
  hist[11] = 80
  hist[14] = 131
  hist[15] = 230
  hist[16] = 29
  hist[17] = 1
by_callsite (caller PC; symbolize with addr2line):
   0 caller=0x7bf768d5c0d2 calls=13026 total_ms=17654.563 avg_us=1355.333 max_us=140882
   1 caller=0x7bf768d6098c calls=10567 total_ms=4.217 avg_us=0.399 max_us=24
   2 caller=0x7bf768d6089c calls=3912 total_ms=3.390 avg_us=0.867 max_us=28
   3 caller=0x7bf768d5f852 calls=783 total_ms=1.698 avg_us=2.169 max_us=36
   4 caller=0x7bf768d60abd calls=3912 total_ms=1.562 avg_us=0.399 max_us=19
direct_cudaStreamSynchronize: calls=14046 total_ms=63.578 max_us=2586
by_direct_callsite (file:line):
   0 /opt/llama.cpp/ggml/src/ggml-cuda/ggml-cuda.cu:839 calls=13693 total_ms=57.214 avg_us=4.178 max_us=353
   1 /opt/llama.cpp/ggml/src/ggml-cuda/ggml-cuda.cu:900 calls=12 total_ms=5.896 avg_us=491.333 max_us=2586
   2 /opt/llama.cpp/ggml/src/ggml-cuda/ggml-cuda.cu:2665 calls=191 total_ms=0.313 avg_us=1.639 max_us=10
   3 /opt/llama.cpp/ggml/src/ggml-cuda/ggml-cuda.cu:847 calls=150 total_ms=0.155 avg_us=1.033 max_us=3
=== END CUDA SYNC PROFILE ===
backend-sync-trace: count=32300 backend=CUDA0 caller=ggml_backend_sched_synchronize+0x62

=== CUDA SYNC PROFILE (instrumentation only) ===
total_syncs = 32300
total_wait_ms = 17702.860
max_wait_us = 140882
sites = 5
wait_hist_us = logarithmic buckets
  hist[0] = 29265
  hist[1] = 1733
  hist[2] = 94
  hist[3] = 16
  hist[4] = 17
  hist[5] = 1
  hist[9] = 227
  hist[10] = 475
  hist[11] = 80
  hist[14] = 131
  hist[15] = 231
  hist[16] = 29
  hist[17] = 1
by_callsite (caller PC; symbolize with addr2line):
   0 caller=0x7bf768d5c0d2 calls=13069 total_ms=17691.965 avg_us=1353.735 max_us=140882
   1 caller=0x7bf768d6098c calls=10598 total_ms=4.229 avg_us=0.399 max_us=24
   2 caller=0x7bf768d6089c calls=3924 total_ms=3.401 avg_us=0.867 max_us=28
   3 caller=0x7bf768d5f852 calls=785 total_ms=1.701 avg_us=2.167 max_us=36
   4 caller=0x7bf768d60abd calls=3924 total_ms=1.564 avg_us=0.399 max_us=19
direct_cudaStreamSynchronize: calls=14086 total_ms=63.746 max_us=2586
by_direct_callsite (file:line):
   0 /opt/llama.cpp/ggml/src/ggml-cuda/ggml-cuda.cu:839 calls=13733 total_ms=57.382 avg_us=4.178 max_us=353
   1 /opt/llama.cpp/ggml/src/ggml-cuda/ggml-cuda.cu:900 calls=12 total_ms=5.896 avg_us=491.333 max_us=2586
   2 /opt/llama.cpp/ggml/src/ggml-cuda/ggml-cuda.cu:2665 calls=191 total_ms=0.313 avg_us=1.639 max_us=10
   3 /opt/llama.cpp/ggml/src/ggml-cuda/ggml-cuda.cu:847 calls=150 total_ms=0.155 avg_us=1.033 max_us=3
=== END CUDA SYNC PROFILE ===

=== CUDA SYNC PROFILE (instrumentation only) ===
total_syncs = 32344
total_wait_ms = 17704.688
max_wait_us = 140882
sites = 5
wait_hist_us = logarithmic buckets
  hist[0] = 29305
  hist[1] = 1735
  hist[2] = 94
  hist[3] = 16
  hist[4] = 17
  hist[5] = 1
  hist[9] = 229
  hist[10] = 475
  hist[11] = 80
  hist[14] = 131
  hist[15] = 231
  hist[16] = 29
  hist[17] = 1
by_callsite (caller PC; symbolize with addr2line):
   0 caller=0x7bf768d5c0d2 calls=13092 total_ms=17693.780 avg_us=1351.496 max_us=140882
   1 caller=0x7bf768d6098c calls=10606 total_ms=4.232 avg_us=0.399 max_us=24
   2 caller=0x7bf768d6089c calls=3930 total_ms=3.407 avg_us=0.867 max_us=28
   3 caller=0x7bf768d5f852 calls=786 total_ms=1.703 avg_us=2.167 max_us=36
   4 caller=0x7bf768d60abd calls=3930 total_ms=1.566 avg_us=0.398 max_us=19
direct_cudaStreamSynchronize: calls=14100 total_ms=63.794 max_us=2586
by_direct_callsite (file:line):
   0 /opt/llama.cpp/ggml/src/ggml-cuda/ggml-cuda.cu:839 calls=13747 total_ms=57.430 avg_us=4.178 max_us=353
   1 /opt/llama.cpp/ggml/src/ggml-cuda/ggml-cuda.cu:900 calls=12 total_ms=5.896 avg_us=491.333 max_us=2586
   2 /opt/llama.cpp/ggml/src/ggml-cuda/ggml-cuda.cu:2665 calls=191 total_ms=0.313 avg_us=1.639 max_us=10
   3 /opt/llama.cpp/ggml/src/ggml-cuda/ggml-cuda.cu:847 calls=150 total_ms=0.155 avg_us=1.033 max_us=3
=== END CUDA SYNC PROFILE ===
backend-sync-trace: count=32400 backend=CUDA0 caller=ggml_backend_sched_graph_compute_async_ext+0xddc

=== CUDA SYNC PROFILE (instrumentation only) ===
total_syncs = 32400
total_wait_ms = 17736.571
max_wait_us = 140882
sites = 5
wait_hist_us = logarithmic buckets
  hist[0] = 29356
  hist[1] = 1738
  hist[2] = 94
  hist[3] = 16
  hist[4] = 17
  hist[5] = 1
  hist[9] = 229
  hist[10] = 476
  hist[11] = 80
  hist[14] = 132
  hist[15] = 231
  hist[16] = 29
  hist[17] = 1
by_callsite (caller PC; symbolize with addr2line):
   0 caller=0x7bf768d5c0d2 calls=13110 total_ms=17725.644 avg_us=1352.070 max_us=140882
   1 caller=0x7bf768d6098c calls=10629 total_ms=4.238 avg_us=0.399 max_us=24
   2 caller=0x7bf768d6089c calls=3937 total_ms=3.412 avg_us=0.867 max_us=28
   3 caller=0x7bf768d5f852 calls=788 total_ms=1.707 avg_us=2.166 max_us=36
   4 caller=0x7bf768d60abd calls=3936 total_ms=1.570 avg_us=0.399 max_us=19
direct_cudaStreamSynchronize: calls=14127 total_ms=63.907 max_us=2586
by_direct_callsite (file:line):
   0 /opt/llama.cpp/ggml/src/ggml-cuda/ggml-cuda.cu:839 calls=13774 total_ms=57.543 avg_us=4.178 max_us=353
   1 /opt/llama.cpp/ggml/src/ggml-cuda/ggml-cuda.cu:900 calls=12 total_ms=5.896 avg_us=491.333 max_us=2586
   2 /opt/llama.cpp/ggml/src/ggml-cuda/ggml-cuda.cu:2665 calls=191 total_ms=0.313 avg_us=1.639 max_us=10
   3 /opt/llama.cpp/ggml/src/ggml-cuda/ggml-cuda.cu:847 calls=150 total_ms=0.155 avg_us=1.033 max_us=3
=== END CUDA SYNC PROFILE ===
backend-sync-trace: count=32500 backend=CUDA0 caller=ggml_backend_sched_graph_compute_async_ext+0xecc

=== CUDA SYNC PROFILE (instrumentation only) ===
total_syncs = 32500
total_wait_ms = 17773.851
max_wait_us = 140882
sites = 5
wait_hist_us = logarithmic buckets
  hist[0] = 29446
  hist[1] = 1744
  hist[2] = 94
  hist[3] = 16
  hist[4] = 17
  hist[5] = 1
  hist[9] = 231
  hist[10] = 477
  hist[11] = 80
  hist[14] = 132
  hist[15] = 232
  hist[16] = 29
  hist[17] = 1
by_callsite (caller PC; symbolize with addr2line):
   0 caller=0x7bf768d5c0d2 calls=13142 total_ms=17762.890 avg_us=1351.612 max_us=140882
   1 caller=0x7bf768d6098c calls=10664 total_ms=4.251 avg_us=0.399 max_us=24
   2 caller=0x7bf768d6089c calls=3952 total_ms=3.421 avg_us=0.866 max_us=28
   3 caller=0x7bf768d5f852 calls=790 total_ms=1.711 avg_us=2.166 max_us=36
   4 caller=0x7bf768d60abd calls=3952 total_ms=1.578 avg_us=0.399 max_us=19
direct_cudaStreamSynchronize: calls=14174 total_ms=64.111 max_us=2586
by_direct_callsite (file:line):
   0 /opt/llama.cpp/ggml/src/ggml-cuda/ggml-cuda.cu:839 calls=13821 total_ms=57.747 avg_us=4.178 max_us=353
   1 /opt/llama.cpp/ggml/src/ggml-cuda/ggml-cuda.cu:900 calls=12 total_ms=5.896 avg_us=491.333 max_us=2586
   2 /opt/llama.cpp/ggml/src/ggml-cuda/ggml-cuda.cu:2665 calls=191 total_ms=0.313 avg_us=1.639 max_us=10
   3 /opt/llama.cpp/ggml/src/ggml-cuda/ggml-cuda.cu:847 calls=150 total_ms=0.155 avg_us=1.033 max_us=3
=== END CUDA SYNC PROFILE ===

=== CUDA SYNC PROFILE (instrumentation only) ===
total_syncs = 32564
total_wait_ms = 17811.826
max_wait_us = 140882
sites = 5
wait_hist_us = logarithmic buckets
  hist[0] = 29505
  hist[1] = 1747
  hist[2] = 94
  hist[3] = 16
  hist[4] = 17
  hist[5] = 1
  hist[9] = 232
  hist[10] = 477
  hist[11] = 80
  hist[14] = 132
  hist[15] = 233
  hist[16] = 29
  hist[17] = 1
by_callsite (caller PC; symbolize with addr2line):
   0 caller=0x7bf768d5c0d2 calls=13172 total_ms=17800.851 avg_us=1351.416 max_us=140882
   1 caller=0x7bf768d6098c calls=10684 total_ms=4.254 avg_us=0.398 max_us=24
   2 caller=0x7bf768d6089c calls=3958 total_ms=3.426 avg_us=0.866 max_us=28
   3 caller=0x7bf768d5f852 calls=792 total_ms=1.715 avg_us=2.165 max_us=36
   4 caller=0x7bf768d60abd calls=3958 total_ms=1.580 avg_us=0.399 max_us=19
direct_cudaStreamSynchronize: calls=14200 total_ms=64.205 max_us=2586
by_direct_callsite (file:line):
   0 /opt/llama.cpp/ggml/src/ggml-cuda/ggml-cuda.cu:839 calls=13847 total_ms=57.841 avg_us=4.177 max_us=353
   1 /opt/llama.cpp/ggml/src/ggml-cuda/ggml-cuda.cu:900 calls=12 total_ms=5.896 avg_us=491.333 max_us=2586
   2 /opt/llama.cpp/ggml/src/ggml-cuda/ggml-cuda.cu:2665 calls=191 total_ms=0.313 avg_us=1.639 max_us=10
   3 /opt/llama.cpp/ggml/src/ggml-cuda/ggml-cuda.cu:847 calls=150 total_ms=0.155 avg_us=1.033 max_us=3
=== END CUDA SYNC PROFILE ===
backend-sync-trace: count=32600 backend=CUDA0 caller=0x7bf768d5f852

=== CUDA SYNC PROFILE (instrumentation only) ===
total_syncs = 32600
total_wait_ms = 17838.752
max_wait_us = 140882
sites = 5
wait_hist_us = logarithmic buckets
  hist[0] = 29538
  hist[1] = 1748
  hist[2] = 94
  hist[3] = 16
  hist[4] = 17
  hist[5] = 1
  hist[9] = 232
  hist[10] = 478
  hist[11] = 80
  hist[14] = 133
  hist[15] = 233
  hist[16] = 29
  hist[17] = 1
by_callsite (caller PC; symbolize with addr2line):
   0 caller=0x7bf768d5c0d2 calls=13181 total_ms=17827.761 avg_us=1352.535 max_us=140882
   1 caller=0x7bf768d6098c calls=10702 total_ms=4.263 avg_us=0.398 max_us=24
   2 caller=0x7bf768d6089c calls=3962 total_ms=3.430 avg_us=0.866 max_us=28
   3 caller=0x7bf768d5f852 calls=793 total_ms=1.716 avg_us=2.164 max_us=36
   4 caller=0x7bf768d60abd calls=3962 total_ms=1.582 avg_us=0.399 max_us=19
direct_cudaStreamSynchronize: calls=14221 total_ms=64.289 max_us=2586
by_direct_callsite (file:line):
   0 /opt/llama.cpp/ggml/src/ggml-cuda/ggml-cuda.cu:839 calls=13868 total_ms=57.925 avg_us=4.177 max_us=353
   1 /opt/llama.cpp/ggml/src/ggml-cuda/ggml-cuda.cu:900 calls=12 total_ms=5.896 avg_us=491.333 max_us=2586
   2 /opt/llama.cpp/ggml/src/ggml-cuda/ggml-cuda.cu:2665 calls=191 total_ms=0.313 avg_us=1.639 max_us=10
   3 /opt/llama.cpp/ggml/src/ggml-cuda/ggml-cuda.cu:847 calls=150 total_ms=0.155 avg_us=1.033 max_us=3
=== END CUDA SYNC PROFILE ===
backend-sync-trace: count=32700 backend=CUDA0 caller=ggml_backend_sched_synchronize+0x62

=== CUDA SYNC PROFILE (instrumentation only) ===
total_syncs = 32700
total_wait_ms = 17873.144
max_wait_us = 140882
sites = 5
wait_hist_us = logarithmic buckets
  hist[0] = 29631
  hist[1] = 1752
  hist[2] = 94
  hist[3] = 16
  hist[4] = 17
  hist[5] = 1
  hist[9] = 232
  hist[10] = 480
  hist[11] = 80
  hist[14] = 134
  hist[15] = 233
  hist[16] = 29
  hist[17] = 1
by_callsite (caller PC; symbolize with addr2line):
   0 caller=0x7bf768d5c0d2 calls=13224 total_ms=17862.124 avg_us=1350.735 max_us=140882
   1 caller=0x7bf768d6098c calls=10733 total_ms=4.274 avg_us=0.398 max_us=24
   2 caller=0x7bf768d6089c calls=3974 total_ms=3.440 avg_us=0.866 max_us=28
   3 caller=0x7bf768d5f852 calls=795 total_ms=1.719 avg_us=2.162 max_us=36
   4 caller=0x7bf768d60abd calls=3974 total_ms=1.587 avg_us=0.399 max_us=19
direct_cudaStreamSynchronize: calls=14261 total_ms=64.462 max_us=2586
by_direct_callsite (file:line):
   0 /opt/llama.cpp/ggml/src/ggml-cuda/ggml-cuda.cu:839 calls=13908 total_ms=58.098 avg_us=4.177 max_us=353
   1 /opt/llama.cpp/ggml/src/ggml-cuda/ggml-cuda.cu:900 calls=12 total_ms=5.896 avg_us=491.333 max_us=2586
   2 /opt/llama.cpp/ggml/src/ggml-cuda/ggml-cuda.cu:2665 calls=191 total_ms=0.313 avg_us=1.639 max_us=10
   3 /opt/llama.cpp/ggml/src/ggml-cuda/ggml-cuda.cu:847 calls=150 total_ms=0.155 avg_us=1.033 max_us=3
=== END CUDA SYNC PROFILE ===
backend-sync-trace: count=32800 backend=CUDA0 caller=ggml_backend_sched_graph_compute_async_ext+0xffd

=== CUDA SYNC PROFILE (instrumentation only) ===
total_syncs = 32800
total_wait_ms = 17902.646
max_wait_us = 140882
sites = 5
wait_hist_us = logarithmic buckets
  hist[0] = 29723
  hist[1] = 1757
  hist[2] = 94
  hist[3] = 16
  hist[4] = 17
  hist[5] = 1
  hist[9] = 233
  hist[10] = 481
  hist[11] = 80
  hist[14] = 135
  hist[15] = 233
  hist[16] = 29
  hist[17] = 1
by_callsite (caller PC; symbolize with addr2line):
   0 caller=0x7bf768d5c0d2 calls=13270 total_ms=17891.593 avg_us=1348.274 max_us=140882
   1 caller=0x7bf768d6098c calls=10760 total_ms=4.284 avg_us=0.398 max_us=24
   2 caller=0x7bf768d6089c calls=3986 total_ms=3.452 avg_us=0.866 max_us=28
   3 caller=0x7bf768d5f852 calls=798 total_ms=1.725 avg_us=2.162 max_us=36
   4 caller=0x7bf768d60abd calls=3986 total_ms=1.592 avg_us=0.399 max_us=19
direct_cudaStreamSynchronize: calls=14297 total_ms=64.610 max_us=2586
by_direct_callsite (file:line):
   0 /opt/llama.cpp/ggml/src/ggml-cuda/ggml-cuda.cu:839 calls=13944 total_ms=58.246 avg_us=4.177 max_us=353
   1 /opt/llama.cpp/ggml/src/ggml-cuda/ggml-cuda.cu:900 calls=12 total_ms=5.896 avg_us=491.333 max_us=2586
   2 /opt/llama.cpp/ggml/src/ggml-cuda/ggml-cuda.cu:2665 calls=191 total_ms=0.313 avg_us=1.639 max_us=10
   3 /opt/llama.cpp/ggml/src/ggml-cuda/ggml-cuda.cu:847 calls=150 total_ms=0.155 avg_us=1.033 max_us=3
=== END CUDA SYNC PROFILE ===

=== CUDA SYNC PROFILE (instrumentation only) ===
total_syncs = 32802
total_wait_ms = 17902.647
max_wait_us = 140882
sites = 5
wait_hist_us = logarithmic buckets
  hist[0] = 29725
  hist[1] = 1757
  hist[2] = 94
  hist[3] = 16
  hist[4] = 17
  hist[5] = 1
  hist[9] = 233
  hist[10] = 481
  hist[11] = 80
  hist[14] = 135
  hist[15] = 233
  hist[16] = 29
  hist[17] = 1
by_callsite (caller PC; symbolize with addr2line):
   0 caller=0x7bf768d5c0d2 calls=13270 total_ms=17891.593 avg_us=1348.274 max_us=140882
   1 caller=0x7bf768d6098c calls=10762 total_ms=4.285 avg_us=0.398 max_us=24
   2 caller=0x7bf768d6089c calls=3986 total_ms=3.452 avg_us=0.866 max_us=28
   3 caller=0x7bf768d5f852 calls=798 total_ms=1.725 avg_us=2.162 max_us=36
   4 caller=0x7bf768d60abd calls=3986 total_ms=1.592 avg_us=0.399 max_us=19
direct_cudaStreamSynchronize: calls=14300 total_ms=64.620 max_us=2586
by_direct_callsite (file:line):
   0 /opt/llama.cpp/ggml/src/ggml-cuda/ggml-cuda.cu:839 calls=13947 total_ms=58.256 avg_us=4.177 max_us=353
   1 /opt/llama.cpp/ggml/src/ggml-cuda/ggml-cuda.cu:900 calls=12 total_ms=5.896 avg_us=491.333 max_us=2586
   2 /opt/llama.cpp/ggml/src/ggml-cuda/ggml-cuda.cu:2665 calls=191 total_ms=0.313 avg_us=1.639 max_us=10
   3 /opt/llama.cpp/ggml/src/ggml-cuda/ggml-cuda.cu:847 calls=150 total_ms=0.155 avg_us=1.033 max_us=3
=== END CUDA SYNC PROFILE ===
backend-sync-trace: count=32900 backend=CUDA0 caller=ggml_backend_sched_graph_compute_async_ext+0xddc

=== CUDA SYNC PROFILE (instrumentation only) ===
total_syncs = 32900
total_wait_ms = 18001.482
max_wait_us = 140882
sites = 5
wait_hist_us = logarithmic buckets
  hist[0] = 29816
  hist[1] = 1760
  hist[2] = 94
  hist[3] = 16
  hist[4] = 17
  hist[5] = 1
  hist[9] = 233
  hist[10] = 482
  hist[11] = 82
  hist[14] = 135
  hist[15] = 233
  hist[16] = 30
  hist[17] = 1
by_callsite (caller PC; symbolize with addr2line):
   0 caller=0x7bf768d5c0d2 calls=13314 total_ms=17990.402 avg_us=1351.239 max_us=140882
   1 caller=0x7bf768d6098c calls=10791 total_ms=4.295 avg_us=0.398 max_us=24
   2 caller=0x7bf768d6089c calls=3998 total_ms=3.463 avg_us=0.866 max_us=28
   3 caller=0x7bf768d5f852 calls=800 total_ms=1.729 avg_us=2.161 max_us=36
   4 caller=0x7bf768d60abd calls=3997 total_ms=1.593 avg_us=0.399 max_us=19
direct_cudaStreamSynchronize: calls=14338 total_ms=64.768 max_us=2586
by_direct_callsite (file:line):
   0 /opt/llama.cpp/ggml/src/ggml-cuda/ggml-cuda.cu:839 calls=13985 total_ms=58.404 avg_us=4.176 max_us=353
   1 /opt/llama.cpp/ggml/src/ggml-cuda/ggml-cuda.cu:900 calls=12 total_ms=5.896 avg_us=491.333 max_us=2586
   2 /opt/llama.cpp/ggml/src/ggml-cuda/ggml-cuda.cu:2665 calls=191 total_ms=0.313 avg_us=1.639 max_us=10
   3 /opt/llama.cpp/ggml/src/ggml-cuda/ggml-cuda.cu:847 calls=150 total_ms=0.155 avg_us=1.033 max_us=3
=== END CUDA SYNC PROFILE ===
backend-sync-trace: count=33000 backend=CUDA0 caller=ggml_backend_sched_graph_compute_async_ext+0xecc

=== CUDA SYNC PROFILE (instrumentation only) ===
total_syncs = 33000
total_wait_ms = 18095.782
max_wait_us = 140882
sites = 5
wait_hist_us = logarithmic buckets
  hist[0] = 29909
  hist[1] = 1763
  hist[2] = 94
  hist[3] = 16
  hist[4] = 17
  hist[5] = 1
  hist[9] = 233
  hist[10] = 484
  hist[11] = 83
  hist[14] = 135
  hist[15] = 233
  hist[16] = 31
  hist[17] = 1
by_callsite (caller PC; symbolize with addr2line):
   0 caller=0x7bf768d5c0d2 calls=13346 total_ms=18084.669 avg_us=1355.063 max_us=140882
   1 caller=0x7bf768d6098c calls=10828 total_ms=4.309 avg_us=0.398 max_us=24
   2 caller=0x7bf768d6089c calls=4012 total_ms=3.473 avg_us=0.866 max_us=28
   3 caller=0x7bf768d5f852 calls=802 total_ms=1.732 avg_us=2.160 max_us=36
   4 caller=0x7bf768d60abd calls=4012 total_ms=1.599 avg_us=0.399 max_us=19
direct_cudaStreamSynchronize: calls=14386 total_ms=64.978 max_us=2586
by_direct_callsite (file:line):
   0 /opt/llama.cpp/ggml/src/ggml-cuda/ggml-cuda.cu:839 calls=14033 total_ms=58.614 avg_us=4.177 max_us=353
   1 /opt/llama.cpp/ggml/src/ggml-cuda/ggml-cuda.cu:900 calls=12 total_ms=5.896 avg_us=491.333 max_us=2586
   2 /opt/llama.cpp/ggml/src/ggml-cuda/ggml-cuda.cu:2665 calls=191 total_ms=0.313 avg_us=1.639 max_us=10
   3 /opt/llama.cpp/ggml/src/ggml-cuda/ggml-cuda.cu:847 calls=150 total_ms=0.155 avg_us=1.033 max_us=3
=== END CUDA SYNC PROFILE ===

=== CUDA SYNC PROFILE (instrumentation only) ===
total_syncs = 33018
total_wait_ms = 18141.579
max_wait_us = 140882
sites = 5
wait_hist_us = logarithmic buckets
  hist[0] = 29924
  hist[1] = 1765
  hist[2] = 94
  hist[3] = 16
  hist[4] = 17
  hist[5] = 1
  hist[9] = 233
  hist[10] = 484
  hist[11] = 83
  hist[14] = 135
  hist[15] = 234
  hist[16] = 31
  hist[17] = 1
by_callsite (caller PC; symbolize with addr2line):
   0 caller=0x7bf768d5c0d2 calls=13348 total_ms=18130.458 avg_us=1358.290 max_us=140882
   1 caller=0x7bf768d6098c calls=10839 total_ms=4.312 avg_us=0.398 max_us=24
   2 caller=0x7bf768d6089c calls=4014 total_ms=3.474 avg_us=0.865 max_us=28
   3 caller=0x7bf768d5f852 calls=803 total_ms=1.734 avg_us=2.159 max_us=36
   4 caller=0x7bf768d60abd calls=4014 total_ms=1.601 avg_us=0.399 max_us=19
direct_cudaStreamSynchronize: calls=14400 total_ms=65.030 max_us=2586
by_direct_callsite (file:line):
   0 /opt/llama.cpp/ggml/src/ggml-cuda/ggml-cuda.cu:839 calls=14047 total_ms=58.666 avg_us=4.176 max_us=353
   1 /opt/llama.cpp/ggml/src/ggml-cuda/ggml-cuda.cu:900 calls=12 total_ms=5.896 avg_us=491.333 max_us=2586
   2 /opt/llama.cpp/ggml/src/ggml-cuda/ggml-cuda.cu:2665 calls=191 total_ms=0.313 avg_us=1.639 max_us=10
   3 /opt/llama.cpp/ggml/src/ggml-cuda/ggml-cuda.cu:847 calls=150 total_ms=0.155 avg_us=1.033 max_us=3
=== END CUDA SYNC PROFILE ===
backend-sync-trace: count=33100 backend=CUDA0 caller=ggml_backend_sched_graph_compute_async_ext+0xffd

=== CUDA SYNC PROFILE (instrumentation only) ===
total_syncs = 33100
total_wait_ms = 18203.189
max_wait_us = 140882
sites = 5
wait_hist_us = logarithmic buckets
  hist[0] = 30000
  hist[1] = 1768
  hist[2] = 94
  hist[3] = 16
  hist[4] = 17
  hist[5] = 1
  hist[9] = 233
  hist[10] = 486
  hist[11] = 83
  hist[14] = 135
  hist[15] = 235
  hist[16] = 31
  hist[17] = 1
by_callsite (caller PC; symbolize with addr2line):
   0 caller=0x7bf768d5c0d2 calls=13385 total_ms=18192.043 avg_us=1359.137 max_us=140882
   1 caller=0x7bf768d6098c calls=10864 total_ms=4.322 avg_us=0.398 max_us=24
   2 caller=0x7bf768d6089c calls=4023 total_ms=3.483 avg_us=0.866 max_us=28
   3 caller=0x7bf768d5f852 calls=805 total_ms=1.738 avg_us=2.159 max_us=36
   4 caller=0x7bf768d60abd calls=4023 total_ms=1.603 avg_us=0.398 max_us=19
direct_cudaStreamSynchronize: calls=14431 total_ms=65.149 max_us=2586
by_direct_callsite (file:line):
   0 /opt/llama.cpp/ggml/src/ggml-cuda/ggml-cuda.cu:839 calls=14078 total_ms=58.785 avg_us=4.176 max_us=353
   1 /opt/llama.cpp/ggml/src/ggml-cuda/ggml-cuda.cu:900 calls=12 total_ms=5.896 avg_us=491.333 max_us=2586
   2 /opt/llama.cpp/ggml/src/ggml-cuda/ggml-cuda.cu:2665 calls=191 total_ms=0.313 avg_us=1.639 max_us=10
   3 /opt/llama.cpp/ggml/src/ggml-cuda/ggml-cuda.cu:847 calls=150 total_ms=0.155 avg_us=1.033 max_us=3
=== END CUDA SYNC PROFILE ===
backend-sync-trace: count=33200 backend=CUDA0 caller=ggml_backend_sched_graph_compute_async_ext+0xffd

=== CUDA SYNC PROFILE (instrumentation only) ===
total_syncs = 33200
total_wait_ms = 18293.504
max_wait_us = 140882
sites = 5
wait_hist_us = logarithmic buckets
  hist[0] = 30089
  hist[1] = 1776
  hist[2] = 94
  hist[3] = 16
  hist[4] = 17
  hist[5] = 1
  hist[9] = 233
  hist[10] = 487
  hist[11] = 84
  hist[14] = 135
  hist[15] = 235
  hist[16] = 32
  hist[17] = 1
by_callsite (caller PC; symbolize with addr2line):
   0 caller=0x7bf768d5c0d2 calls=13425 total_ms=18282.328 avg_us=1361.812 max_us=140882
   1 caller=0x7bf768d6098c calls=10895 total_ms=4.333 avg_us=0.398 max_us=24
   2 caller=0x7bf768d6089c calls=4036 total_ms=3.493 avg_us=0.865 max_us=28
   3 caller=0x7bf768d5f852 calls=808 total_ms=1.744 avg_us=2.158 max_us=36
   4 caller=0x7bf768d60abd calls=4036 total_ms=1.606 avg_us=0.398 max_us=19
direct_cudaStreamSynchronize: calls=14472 total_ms=65.319 max_us=2586
by_direct_callsite (file:line):
   0 /opt/llama.cpp/ggml/src/ggml-cuda/ggml-cuda.cu:839 calls=14119 total_ms=58.955 avg_us=4.176 max_us=353
   1 /opt/llama.cpp/ggml/src/ggml-cuda/ggml-cuda.cu:900 calls=12 total_ms=5.896 avg_us=491.333 max_us=2586
   2 /opt/llama.cpp/ggml/src/ggml-cuda/ggml-cuda.cu:2665 calls=191 total_ms=0.313 avg_us=1.639 max_us=10
   3 /opt/llama.cpp/ggml/src/ggml-cuda/ggml-cuda.cu:847 calls=150 total_ms=0.155 avg_us=1.033 max_us=3
=== END CUDA SYNC PROFILE ===

=== CUDA SYNC PROFILE (instrumentation only) ===
total_syncs = 33248
total_wait_ms = 18297.257
max_wait_us = 140882
sites = 5
wait_hist_us = logarithmic buckets
  hist[0] = 30134
  hist[1] = 1777
  hist[2] = 94
  hist[3] = 16
  hist[4] = 17
  hist[5] = 1
  hist[9] = 233
  hist[10] = 489
  hist[11] = 84
  hist[14] = 135
  hist[15] = 235
  hist[16] = 32
  hist[17] = 1
by_callsite (caller PC; symbolize with addr2line):
   0 caller=0x7bf768d5c0d2 calls=13439 total_ms=18286.065 avg_us=1360.672 max_us=140882
   1 caller=0x7bf768d6098c calls=10917 total_ms=4.343 avg_us=0.398 max_us=24
   2 caller=0x7bf768d6089c calls=4042 total_ms=3.496 avg_us=0.865 max_us=28
   3 caller=0x7bf768d5f852 calls=808 total_ms=1.744 avg_us=2.158 max_us=36
   4 caller=0x7bf768d60abd calls=4042 total_ms=1.609 avg_us=0.398 max_us=19
direct_cudaStreamSynchronize: calls=14500 total_ms=65.432 max_us=2586
by_direct_callsite (file:line):
   0 /opt/llama.cpp/ggml/src/ggml-cuda/ggml-cuda.cu:839 calls=14147 total_ms=59.068 avg_us=4.175 max_us=353
   1 /opt/llama.cpp/ggml/src/ggml-cuda/ggml-cuda.cu:900 calls=12 total_ms=5.896 avg_us=491.333 max_us=2586
   2 /opt/llama.cpp/ggml/src/ggml-cuda/ggml-cuda.cu:2665 calls=191 total_ms=0.313 avg_us=1.639 max_us=10
   3 /opt/llama.cpp/ggml/src/ggml-cuda/ggml-cuda.cu:847 calls=150 total_ms=0.155 avg_us=1.033 max_us=3
=== END CUDA SYNC PROFILE ===
backend-sync-trace: count=33300 backend=CUDA0 caller=ggml_backend_sched_graph_compute_async_ext+0xddc

=== CUDA SYNC PROFILE (instrumentation only) ===
total_syncs = 33300
total_wait_ms = 18368.524
max_wait_us = 140882
sites = 5
wait_hist_us = logarithmic buckets
  hist[0] = 30181
  hist[1] = 1780
  hist[2] = 94
  hist[3] = 16
  hist[4] = 17
  hist[5] = 1
  hist[9] = 233
  hist[10] = 489
  hist[11] = 85
  hist[14] = 135
  hist[15] = 235
  hist[16] = 33
  hist[17] = 1
by_callsite (caller PC; symbolize with addr2line):
   0 caller=0x7bf768d5c0d2 calls=13469 total_ms=18357.316 avg_us=1362.931 max_us=140882
   1 caller=0x7bf768d6098c calls=10926 total_ms=4.348 avg_us=0.398 max_us=24
   2 caller=0x7bf768d6089c calls=4048 total_ms=3.501 avg_us=0.865 max_us=28
   3 caller=0x7bf768d5f852 calls=810 total_ms=1.748 avg_us=2.158 max_us=36
   4 caller=0x7bf768d60abd calls=4047 total_ms=1.611 avg_us=0.398 max_us=19
direct_cudaStreamSynchronize: calls=14513 total_ms=65.482 max_us=2586
by_direct_callsite (file:line):
   0 /opt/llama.cpp/ggml/src/ggml-cuda/ggml-cuda.cu:839 calls=14160 total_ms=59.118 avg_us=4.175 max_us=353
   1 /opt/llama.cpp/ggml/src/ggml-cuda/ggml-cuda.cu:900 calls=12 total_ms=5.896 avg_us=491.333 max_us=2586
   2 /opt/llama.cpp/ggml/src/ggml-cuda/ggml-cuda.cu:2665 calls=191 total_ms=0.313 avg_us=1.639 max_us=10
   3 /opt/llama.cpp/ggml/src/ggml-cuda/ggml-cuda.cu:847 calls=150 total_ms=0.155 avg_us=1.033 max_us=3
=== END CUDA SYNC PROFILE ===
backend-sync-trace: count=33400 backend=CUDA0 caller=ggml_backend_sched_graph_compute_async_ext+0xffd

=== CUDA SYNC PROFILE (instrumentation only) ===
total_syncs = 33400
total_wait_ms = 18449.916
max_wait_us = 140882
sites = 5
wait_hist_us = logarithmic buckets
  hist[0] = 30273
  hist[1] = 1784
  hist[2] = 94
  hist[3] = 16
  hist[4] = 17
  hist[5] = 1
  hist[9] = 234
  hist[10] = 491
  hist[11] = 85
  hist[14] = 135
  hist[15] = 235
  hist[16] = 34
  hist[17] = 1
by_callsite (caller PC; symbolize with addr2line):
   0 caller=0x7bf768d5c0d2 calls=13513 total_ms=18438.679 avg_us=1364.514 max_us=140882
   1 caller=0x7bf768d6098c calls=10957 total_ms=4.359 avg_us=0.398 max_us=24
   2 caller=0x7bf768d6089c calls=4059 total_ms=3.513 avg_us=0.865 max_us=28
   3 caller=0x7bf768d5f852 calls=812 total_ms=1.751 avg_us=2.156 max_us=36
   4 caller=0x7bf768d60abd calls=4059 total_ms=1.614 avg_us=0.398 max_us=19
direct_cudaStreamSynchronize: calls=14553 total_ms=65.638 max_us=2586
by_direct_callsite (file:line):
   0 /opt/llama.cpp/ggml/src/ggml-cuda/ggml-cuda.cu:839 calls=14200 total_ms=59.274 avg_us=4.174 max_us=353
   1 /opt/llama.cpp/ggml/src/ggml-cuda/ggml-cuda.cu:900 calls=12 total_ms=5.896 avg_us=491.333 max_us=2586
   2 /opt/llama.cpp/ggml/src/ggml-cuda/ggml-cuda.cu:2665 calls=191 total_ms=0.313 avg_us=1.639 max_us=10
   3 /opt/llama.cpp/ggml/src/ggml-cuda/ggml-cuda.cu:847 calls=150 total_ms=0.155 avg_us=1.033 max_us=3
=== END CUDA SYNC PROFILE ===

=== CUDA SYNC PROFILE (instrumentation only) ===
total_syncs = 33489
total_wait_ms = 18499.072
max_wait_us = 140882
sites = 5
wait_hist_us = logarithmic buckets
  hist[0] = 30356
  hist[1] = 1787
  hist[2] = 94
  hist[3] = 16
  hist[4] = 17
  hist[5] = 1
  hist[9] = 235
  hist[10] = 492
  hist[11] = 85
  hist[14] = 135
  hist[15] = 236
  hist[16] = 34
  hist[17] = 1
by_callsite (caller PC; symbolize with addr2line):
   0 caller=0x7bf768d5c0d2 calls=13538 total_ms=18487.807 avg_us=1365.623 max_us=140882
   1 caller=0x7bf768d6098c calls=10993 total_ms=4.370 avg_us=0.398 max_us=24
   2 caller=0x7bf768d6089c calls=4072 total_ms=3.520 avg_us=0.864 max_us=28
   3 caller=0x7bf768d5f852 calls=814 total_ms=1.754 avg_us=2.155 max_us=36
   4 caller=0x7bf768d60abd calls=4072 total_ms=1.621 avg_us=0.398 max_us=19
direct_cudaStreamSynchronize: calls=14600 total_ms=65.842 max_us=2586
by_direct_callsite (file:line):
   0 /opt/llama.cpp/ggml/src/ggml-cuda/ggml-cuda.cu:839 calls=14247 total_ms=59.478 avg_us=4.175 max_us=353
   1 /opt/llama.cpp/ggml/src/ggml-cuda/ggml-cuda.cu:900 calls=12 total_ms=5.896 avg_us=491.333 max_us=2586
   2 /opt/llama.cpp/ggml/src/ggml-cuda/ggml-cuda.cu:2665 calls=191 total_ms=0.313 avg_us=1.639 max_us=10
   3 /opt/llama.cpp/ggml/src/ggml-cuda/ggml-cuda.cu:847 calls=150 total_ms=0.155 avg_us=1.033 max_us=3
=== END CUDA SYNC PROFILE ===
backend-sync-trace: count=33500 backend=CUDA0 caller=ggml_backend_sched_graph_compute_async_ext+0xffd

=== CUDA SYNC PROFILE (instrumentation only) ===
total_syncs = 33500
total_wait_ms = 18540.203
max_wait_us = 140882
sites = 5
wait_hist_us = logarithmic buckets
  hist[0] = 30364
  hist[1] = 1789
  hist[2] = 94
  hist[3] = 16
  hist[4] = 17
  hist[5] = 1
  hist[9] = 235
  hist[10] = 492
  hist[11] = 85
  hist[14] = 135
  hist[15] = 237
  hist[16] = 34
  hist[17] = 1
by_callsite (caller PC; symbolize with addr2line):
   0 caller=0x7bf768d5c0d2 calls=13540 total_ms=18528.931 avg_us=1368.459 max_us=140882
   1 caller=0x7bf768d6098c calls=10999 total_ms=4.373 avg_us=0.398 max_us=24
   2 caller=0x7bf768d6089c calls=4073 total_ms=3.521 avg_us=0.864 max_us=28
   3 caller=0x7bf768d5f852 calls=815 total_ms=1.756 avg_us=2.155 max_us=36
   4 caller=0x7bf768d60abd calls=4073 total_ms=1.622 avg_us=0.398 max_us=19
direct_cudaStreamSynchronize: calls=14606 total_ms=65.859 max_us=2586
by_direct_callsite (file:line):
   0 /opt/llama.cpp/ggml/src/ggml-cuda/ggml-cuda.cu:839 calls=14253 total_ms=59.495 avg_us=4.174 max_us=353
   1 /opt/llama.cpp/ggml/src/ggml-cuda/ggml-cuda.cu:900 calls=12 total_ms=5.896 avg_us=491.333 max_us=2586
   2 /opt/llama.cpp/ggml/src/ggml-cuda/ggml-cuda.cu:2665 calls=191 total_ms=0.313 avg_us=1.639 max_us=10
   3 /opt/llama.cpp/ggml/src/ggml-cuda/ggml-cuda.cu:847 calls=150 total_ms=0.155 avg_us=1.033 max_us=3
=== END CUDA SYNC PROFILE ===
backend-sync-trace: count=33600 backend=CUDA0 caller=ggml_backend_sched_synchronize+0x62

=== CUDA SYNC PROFILE (instrumentation only) ===
total_syncs = 33600
total_wait_ms = 18591.357
max_wait_us = 140882
sites = 5
wait_hist_us = logarithmic buckets
  hist[0] = 30456
  hist[1] = 1794
  hist[2] = 94
  hist[3] = 16
  hist[4] = 17
  hist[5] = 1
  hist[9] = 235
  hist[10] = 494
  hist[11] = 85
  hist[14] = 135
  hist[15] = 238
  hist[16] = 34
  hist[17] = 1
by_callsite (caller PC; symbolize with addr2line):
   0 caller=0x7bf768d5c0d2 calls=13585 total_ms=18580.058 avg_us=1367.689 max_us=140882
   1 caller=0x7bf768d6098c calls=11030 total_ms=4.384 avg_us=0.397 max_us=24
   2 caller=0x7bf768d6089c calls=4084 total_ms=3.530 avg_us=0.864 max_us=28
   3 caller=0x7bf768d5f852 calls=817 total_ms=1.760 avg_us=2.154 max_us=36
   4 caller=0x7bf768d60abd calls=4084 total_ms=1.625 avg_us=0.398 max_us=19
direct_cudaStreamSynchronize: calls=14646 total_ms=66.027 max_us=2586
by_direct_callsite (file:line):
   0 /opt/llama.cpp/ggml/src/ggml-cuda/ggml-cuda.cu:839 calls=14293 total_ms=59.663 avg_us=4.174 max_us=353
   1 /opt/llama.cpp/ggml/src/ggml-cuda/ggml-cuda.cu:900 calls=12 total_ms=5.896 avg_us=491.333 max_us=2586
   2 /opt/llama.cpp/ggml/src/ggml-cuda/ggml-cuda.cu:2665 calls=191 total_ms=0.313 avg_us=1.639 max_us=10
   3 /opt/llama.cpp/ggml/src/ggml-cuda/ggml-cuda.cu:847 calls=150 total_ms=0.155 avg_us=1.033 max_us=3
=== END CUDA SYNC PROFILE ===
backend-sync-trace: count=33700 backend=CUDA0 caller=0x7bf768d5f852

=== CUDA SYNC PROFILE (instrumentation only) ===
total_syncs = 33700
total_wait_ms = 18635.069
max_wait_us = 140882
sites = 5
wait_hist_us = logarithmic buckets
  hist[0] = 30548
  hist[1] = 1798
  hist[2] = 95
  hist[3] = 16
  hist[4] = 17
  hist[5] = 1
  hist[9] = 235
  hist[10] = 496
  hist[11] = 85
  hist[14] = 135
  hist[15] = 239
  hist[16] = 34
  hist[17] = 1
by_callsite (caller PC; symbolize with addr2line):
   0 caller=0x7bf768d5c0d2 calls=13635 total_ms=18623.744 avg_us=1365.878 max_us=140882
   1 caller=0x7bf768d6098c calls=11057 total_ms=4.390 avg_us=0.397 max_us=24
   2 caller=0x7bf768d6089c calls=4094 total_ms=3.537 avg_us=0.864 max_us=28
   3 caller=0x7bf768d5f852 calls=820 total_ms=1.766 avg_us=2.154 max_us=36
   4 caller=0x7bf768d60abd calls=4094 total_ms=1.632 avg_us=0.399 max_us=19
direct_cudaStreamSynchronize: calls=14681 total_ms=66.169 max_us=2586
by_direct_callsite (file:line):
   0 /opt/llama.cpp/ggml/src/ggml-cuda/ggml-cuda.cu:839 calls=14328 total_ms=59.805 avg_us=4.174 max_us=353
   1 /opt/llama.cpp/ggml/src/ggml-cuda/ggml-cuda.cu:900 calls=12 total_ms=5.896 avg_us=491.333 max_us=2586
   2 /opt/llama.cpp/ggml/src/ggml-cuda/ggml-cuda.cu:2665 calls=191 total_ms=0.313 avg_us=1.639 max_us=10
   3 /opt/llama.cpp/ggml/src/ggml-cuda/ggml-cuda.cu:847 calls=150 total_ms=0.155 avg_us=1.033 max_us=3
=== END CUDA SYNC PROFILE ===

=== CUDA SYNC PROFILE (instrumentation only) ===
total_syncs = 33742
total_wait_ms = 18638.826
max_wait_us = 140882
sites = 5
wait_hist_us = logarithmic buckets
  hist[0] = 30587
  hist[1] = 1799
  hist[2] = 95
  hist[3] = 16
  hist[4] = 17
  hist[5] = 1
  hist[9] = 235
  hist[10] = 498
  hist[11] = 85
  hist[14] = 135
  hist[15] = 239
  hist[16] = 34
  hist[17] = 1
by_callsite (caller PC; symbolize with addr2line):
   0 caller=0x7bf768d5c0d2 calls=13649 total_ms=18627.487 avg_us=1364.751 max_us=140882
   1 caller=0x7bf768d6098c calls=11069 total_ms=4.395 avg_us=0.397 max_us=24
   2 caller=0x7bf768d6089c calls=4102 total_ms=3.544 avg_us=0.864 max_us=28
   3 caller=0x7bf768d5f852 calls=820 total_ms=1.766 avg_us=2.154 max_us=36
   4 caller=0x7bf768d60abd calls=4102 total_ms=1.634 avg_us=0.398 max_us=19
direct_cudaStreamSynchronize: calls=14700 total_ms=66.254 max_us=2586
by_direct_callsite (file:line):
   0 /opt/llama.cpp/ggml/src/ggml-cuda/ggml-cuda.cu:839 calls=14347 total_ms=59.890 avg_us=4.174 max_us=353
   1 /opt/llama.cpp/ggml/src/ggml-cuda/ggml-cuda.cu:900 calls=12 total_ms=5.896 avg_us=491.333 max_us=2586
   2 /opt/llama.cpp/ggml/src/ggml-cuda/ggml-cuda.cu:2665 calls=191 total_ms=0.313 avg_us=1.639 max_us=10
   3 /opt/llama.cpp/ggml/src/ggml-cuda/ggml-cuda.cu:847 calls=150 total_ms=0.155 avg_us=1.033 max_us=3
=== END CUDA SYNC PROFILE ===
backend-sync-trace: count=33800 backend=CUDA0 caller=ggml_backend_sched_synchronize+0x62

=== CUDA SYNC PROFILE (instrumentation only) ===
total_syncs = 33800
total_wait_ms = 18697.793
max_wait_us = 140882
sites = 5
wait_hist_us = logarithmic buckets
  hist[0] = 30639
  hist[1] = 1803
  hist[2] = 95
  hist[3] = 16
  hist[4] = 17
  hist[5] = 1
  hist[9] = 236
  hist[10] = 498
  hist[11] = 85
  hist[14] = 135
  hist[15] = 240
  hist[16] = 34
  hist[17] = 1
by_callsite (caller PC; symbolize with addr2line):
   0 caller=0x7bf768d5c0d2 calls=13678 total_ms=18686.435 avg_us=1366.167 max_us=140882
   1 caller=0x7bf768d6098c calls=11088 total_ms=4.403 avg_us=0.397 max_us=24
   2 caller=0x7bf768d6089c calls=4106 total_ms=3.547 avg_us=0.864 max_us=28
   3 caller=0x7bf768d5f852 calls=822 total_ms=1.771 avg_us=2.155 max_us=36
   4 caller=0x7bf768d60abd calls=4106 total_ms=1.637 avg_us=0.399 max_us=19
direct_cudaStreamSynchronize: calls=14722 total_ms=66.328 max_us=2586
by_direct_callsite (file:line):
   0 /opt/llama.cpp/ggml/src/ggml-cuda/ggml-cuda.cu:839 calls=14369 total_ms=59.964 avg_us=4.173 max_us=353
   1 /opt/llama.cpp/ggml/src/ggml-cuda/ggml-cuda.cu:900 calls=12 total_ms=5.896 avg_us=491.333 max_us=2586
   2 /opt/llama.cpp/ggml/src/ggml-cuda/ggml-cuda.cu:2665 calls=191 total_ms=0.313 avg_us=1.639 max_us=10
   3 /opt/llama.cpp/ggml/src/ggml-cuda/ggml-cuda.cu:847 calls=150 total_ms=0.155 avg_us=1.033 max_us=3
=== END CUDA SYNC PROFILE ===
backend-sync-trace: count=33900 backend=CUDA0 caller=ggml_backend_sched_graph_compute_async_ext+0xecc

=== CUDA SYNC PROFILE (instrumentation only) ===
total_syncs = 33900
total_wait_ms = 18743.367
max_wait_us = 140882
sites = 5
wait_hist_us = logarithmic buckets
  hist[0] = 30732
  hist[1] = 1806
  hist[2] = 95
  hist[3] = 16
  hist[4] = 17
  hist[5] = 1
  hist[9] = 237
  hist[10] = 500
  hist[11] = 85
  hist[14] = 135
  hist[15] = 241
  hist[16] = 34
  hist[17] = 1
by_callsite (caller PC; symbolize with addr2line):
   0 caller=0x7bf768d5c0d2 calls=13711 total_ms=18731.972 avg_us=1366.200 max_us=140882
   1 caller=0x7bf768d6098c calls=11121 total_ms=4.416 avg_us=0.397 max_us=24
   2 caller=0x7bf768d6089c calls=4122 total_ms=3.561 avg_us=0.864 max_us=28
   3 caller=0x7bf768d5f852 calls=824 total_ms=1.774 avg_us=2.153 max_us=36
   4 caller=0x7bf768d60abd calls=4122 total_ms=1.644 avg_us=0.399 max_us=19
direct_cudaStreamSynchronize: calls=14767 total_ms=66.508 max_us=2586
by_direct_callsite (file:line):
   0 /opt/llama.cpp/ggml/src/ggml-cuda/ggml-cuda.cu:839 calls=14414 total_ms=60.144 avg_us=4.173 max_us=353
   1 /opt/llama.cpp/ggml/src/ggml-cuda/ggml-cuda.cu:900 calls=12 total_ms=5.896 avg_us=491.333 max_us=2586
   2 /opt/llama.cpp/ggml/src/ggml-cuda/ggml-cuda.cu:2665 calls=191 total_ms=0.313 avg_us=1.639 max_us=10
   3 /opt/llama.cpp/ggml/src/ggml-cuda/ggml-cuda.cu:847 calls=150 total_ms=0.155 avg_us=1.033 max_us=3
=== END CUDA SYNC PROFILE ===

=== CUDA SYNC PROFILE (instrumentation only) ===
total_syncs = 33980
total_wait_ms = 18782.654
max_wait_us = 140882
sites = 5
wait_hist_us = logarithmic buckets
  hist[0] = 30807
  hist[1] = 1808
  hist[2] = 95
  hist[3] = 16
  hist[4] = 17
  hist[5] = 1
  hist[9] = 237
  hist[10] = 501
  hist[11] = 86
  hist[14] = 135
  hist[15] = 242
  hist[16] = 34
  hist[17] = 1
by_callsite (caller PC; symbolize with addr2line):
   0 caller=0x7bf768d5c0d2 calls=13748 total_ms=18771.238 avg_us=1365.380 max_us=140882
   1 caller=0x7bf768d6098c calls=11146 total_ms=4.426 avg_us=0.397 max_us=24
   2 caller=0x7bf768d6089c calls=4130 total_ms=3.567 avg_us=0.864 max_us=28
   3 caller=0x7bf768d5f852 calls=826 total_ms=1.777 avg_us=2.151 max_us=36
   4 caller=0x7bf768d60abd calls=4130 total_ms=1.646 avg_us=0.399 max_us=19
direct_cudaStreamSynchronize: calls=14800 total_ms=66.642 max_us=2586
by_direct_callsite (file:line):
   0 /opt/llama.cpp/ggml/src/ggml-cuda/ggml-cuda.cu:839 calls=14447 total_ms=60.278 avg_us=4.172 max_us=353
   1 /opt/llama.cpp/ggml/src/ggml-cuda/ggml-cuda.cu:900 calls=12 total_ms=5.896 avg_us=491.333 max_us=2586
   2 /opt/llama.cpp/ggml/src/ggml-cuda/ggml-cuda.cu:2665 calls=191 total_ms=0.313 avg_us=1.639 max_us=10
   3 /opt/llama.cpp/ggml/src/ggml-cuda/ggml-cuda.cu:847 calls=150 total_ms=0.155 avg_us=1.033 max_us=3
=== END CUDA SYNC PROFILE ===
backend-sync-trace: count=34000 backend=CUDA0 caller=ggml_backend_sched_synchronize+0x62

=== CUDA SYNC PROFILE (instrumentation only) ===
total_syncs = 34000
total_wait_ms = 18811.121
max_wait_us = 140882
sites = 5
wait_hist_us = logarithmic buckets
  hist[0] = 30826
  hist[1] = 1808
  hist[2] = 95
  hist[3] = 16
  hist[4] = 17
  hist[5] = 1
  hist[9] = 237
  hist[10] = 501
  hist[11] = 86
  hist[14] = 136
  hist[15] = 242
  hist[16] = 34
  hist[17] = 1
by_callsite (caller PC; symbolize with addr2line):
   0 caller=0x7bf768d5c0d2 calls=13749 total_ms=18799.699 avg_us=1367.350 max_us=140882
   1 caller=0x7bf768d6098c calls=11161 total_ms=4.432 avg_us=0.397 max_us=24
   2 caller=0x7bf768d6089c calls=4132 total_ms=3.567 avg_us=0.863 max_us=28
   3 caller=0x7bf768d5f852 calls=826 total_ms=1.777 avg_us=2.151 max_us=36
   4 caller=0x7bf768d60abd calls=4132 total_ms=1.646 avg_us=0.398 max_us=19
direct_cudaStreamSynchronize: calls=14816 total_ms=66.711 max_us=2586
by_direct_callsite (file:line):
   0 /opt/llama.cpp/ggml/src/ggml-cuda/ggml-cuda.cu:839 calls=14463 total_ms=60.347 avg_us=4.173 max_us=353
   1 /opt/llama.cpp/ggml/src/ggml-cuda/ggml-cuda.cu:900 calls=12 total_ms=5.896 avg_us=491.333 max_us=2586
   2 /opt/llama.cpp/ggml/src/ggml-cuda/ggml-cuda.cu:2665 calls=191 total_ms=0.313 avg_us=1.639 max_us=10
   3 /opt/llama.cpp/ggml/src/ggml-cuda/ggml-cuda.cu:847 calls=150 total_ms=0.155 avg_us=1.033 max_us=3
=== END CUDA SYNC PROFILE ===
backend-sync-trace: count=34100 backend=CUDA0 caller=ggml_backend_sched_graph_compute_async_ext+0xecc

=== CUDA SYNC PROFILE (instrumentation only) ===
total_syncs = 34100
total_wait_ms = 18854.176
max_wait_us = 140882
sites = 5
wait_hist_us = logarithmic buckets
  hist[0] = 30918
  hist[1] = 1813
  hist[2] = 95
  hist[3] = 16
  hist[4] = 17
  hist[5] = 1
  hist[9] = 238
  hist[10] = 502
  hist[11] = 86
  hist[14] = 136
  hist[15] = 243
  hist[16] = 34
  hist[17] = 1
by_callsite (caller PC; symbolize with addr2line):
   0 caller=0x7bf768d5c0d2 calls=13784 total_ms=18842.720 avg_us=1366.999 max_us=140882
   1 caller=0x7bf768d6098c calls=11194 total_ms=4.441 avg_us=0.397 max_us=24
   2 caller=0x7bf768d6089c calls=4146 total_ms=3.577 avg_us=0.863 max_us=28
   3 caller=0x7bf768d5f852 calls=830 total_ms=1.785 avg_us=2.151 max_us=36
   4 caller=0x7bf768d60abd calls=4146 total_ms=1.653 avg_us=0.399 max_us=19
direct_cudaStreamSynchronize: calls=14859 total_ms=66.892 max_us=2586
by_direct_callsite (file:line):
   0 /opt/llama.cpp/ggml/src/ggml-cuda/ggml-cuda.cu:839 calls=14506 total_ms=60.528 avg_us=4.173 max_us=353
   1 /opt/llama.cpp/ggml/src/ggml-cuda/ggml-cuda.cu:900 calls=12 total_ms=5.896 avg_us=491.333 max_us=2586
   2 /opt/llama.cpp/ggml/src/ggml-cuda/ggml-cuda.cu:2665 calls=191 total_ms=0.313 avg_us=1.639 max_us=10
   3 /opt/llama.cpp/ggml/src/ggml-cuda/ggml-cuda.cu:847 calls=150 total_ms=0.155 avg_us=1.033 max_us=3
=== END CUDA SYNC PROFILE ===

=== CUDA SYNC PROFILE (instrumentation only) ===
total_syncs = 34194
total_wait_ms = 18892.035
max_wait_us = 140882
sites = 5
wait_hist_us = logarithmic buckets
  hist[0] = 31003
  hist[1] = 1818
  hist[2] = 95
  hist[3] = 16
  hist[4] = 17
  hist[5] = 1
  hist[9] = 239
  hist[10] = 504
  hist[11] = 86
  hist[14] = 136
  hist[15] = 244
  hist[16] = 34
  hist[17] = 1
by_callsite (caller PC; symbolize with addr2line):
   0 caller=0x7bf768d5c0d2 calls=13822 total_ms=18880.549 avg_us=1365.978 max_us=140882
   1 caller=0x7bf768d6098c calls=11224 total_ms=4.453 avg_us=0.397 max_us=24
   2 caller=0x7bf768d6089c calls=4158 total_ms=3.586 avg_us=0.862 max_us=28
   3 caller=0x7bf768d5f852 calls=832 total_ms=1.789 avg_us=2.150 max_us=36
   4 caller=0x7bf768d60abd calls=4158 total_ms=1.658 avg_us=0.399 max_us=19
direct_cudaStreamSynchronize: calls=14900 total_ms=67.059 max_us=2586
by_direct_callsite (file:line):
   0 /opt/llama.cpp/ggml/src/ggml-cuda/ggml-cuda.cu:839 calls=14547 total_ms=60.695 avg_us=4.172 max_us=353
   1 /opt/llama.cpp/ggml/src/ggml-cuda/ggml-cuda.cu:900 calls=12 total_ms=5.896 avg_us=491.333 max_us=2586
   2 /opt/llama.cpp/ggml/src/ggml-cuda/ggml-cuda.cu:2665 calls=191 total_ms=0.313 avg_us=1.639 max_us=10
   3 /opt/llama.cpp/ggml/src/ggml-cuda/ggml-cuda.cu:847 calls=150 total_ms=0.155 avg_us=1.033 max_us=3
=== END CUDA SYNC PROFILE ===
backend-sync-trace: count=34200 backend=CUDA0 caller=ggml_backend_sched_synchronize+0x62

=== CUDA SYNC PROFILE (instrumentation only) ===
total_syncs = 34200
total_wait_ms = 18893.463
max_wait_us = 140882
sites = 5
wait_hist_us = logarithmic buckets
  hist[0] = 31008
  hist[1] = 1818
  hist[2] = 95
  hist[3] = 16
  hist[4] = 17
  hist[5] = 1
  hist[9] = 239
  hist[10] = 505
  hist[11] = 86
  hist[14] = 136
  hist[15] = 244
  hist[16] = 34
  hist[17] = 1
by_callsite (caller PC; symbolize with addr2line):
   0 caller=0x7bf768d5c0d2 calls=13825 total_ms=18881.976 avg_us=1365.785 max_us=140882
   1 caller=0x7bf768d6098c calls=11227 total_ms=4.454 avg_us=0.397 max_us=24
   2 caller=0x7bf768d6089c calls=4158 total_ms=3.586 avg_us=0.862 max_us=28
   3 caller=0x7bf768d5f852 calls=832 total_ms=1.789 avg_us=2.150 max_us=36
   4 caller=0x7bf768d60abd calls=4158 total_ms=1.658 avg_us=0.399 max_us=19
direct_cudaStreamSynchronize: calls=14903 total_ms=67.067 max_us=2586
by_direct_callsite (file:line):
   0 /opt/llama.cpp/ggml/src/ggml-cuda/ggml-cuda.cu:839 calls=14550 total_ms=60.703 avg_us=4.172 max_us=353
   1 /opt/llama.cpp/ggml/src/ggml-cuda/ggml-cuda.cu:900 calls=12 total_ms=5.896 avg_us=491.333 max_us=2586
   2 /opt/llama.cpp/ggml/src/ggml-cuda/ggml-cuda.cu:2665 calls=191 total_ms=0.313 avg_us=1.639 max_us=10
   3 /opt/llama.cpp/ggml/src/ggml-cuda/ggml-cuda.cu:847 calls=150 total_ms=0.155 avg_us=1.033 max_us=3
=== END CUDA SYNC PROFILE ===
backend-sync-trace: count=34300 backend=CUDA0 caller=ggml_backend_sched_graph_compute_async_ext+0xecc

=== CUDA SYNC PROFILE (instrumentation only) ===
total_syncs = 34300
total_wait_ms = 18927.439
max_wait_us = 140882
sites = 5
wait_hist_us = logarithmic buckets
  hist[0] = 31100
  hist[1] = 1823
  hist[2] = 95
  hist[3] = 16
  hist[4] = 17
  hist[5] = 1
  hist[9] = 241
  hist[10] = 505
  hist[11] = 86
  hist[14] = 137
  hist[15] = 244
  hist[16] = 34
  hist[17] = 1
by_callsite (caller PC; symbolize with addr2line):
   0 caller=0x7bf768d5c0d2 calls=13854 total_ms=18915.919 avg_us=1365.376 max_us=140882
   1 caller=0x7bf768d6098c calls=11268 total_ms=4.467 avg_us=0.396 max_us=24
   2 caller=0x7bf768d6089c calls=4172 total_ms=3.597 avg_us=0.862 max_us=28
   3 caller=0x7bf768d5f852 calls=834 total_ms=1.793 avg_us=2.150 max_us=36
   4 caller=0x7bf768d60abd calls=4172 total_ms=1.663 avg_us=0.399 max_us=19
direct_cudaStreamSynchronize: calls=14954 total_ms=67.280 max_us=2586
by_direct_callsite (file:line):
   0 /opt/llama.cpp/ggml/src/ggml-cuda/ggml-cuda.cu:839 calls=14601 total_ms=60.916 avg_us=4.172 max_us=353
   1 /opt/llama.cpp/ggml/src/ggml-cuda/ggml-cuda.cu:900 calls=12 total_ms=5.896 avg_us=491.333 max_us=2586
   2 /opt/llama.cpp/ggml/src/ggml-cuda/ggml-cuda.cu:2665 calls=191 total_ms=0.313 avg_us=1.639 max_us=10
   3 /opt/llama.cpp/ggml/src/ggml-cuda/ggml-cuda.cu:847 calls=150 total_ms=0.155 avg_us=1.033 max_us=3
=== END CUDA SYNC PROFILE ===
backend-sync-trace: count=34400 backend=CUDA0 caller=ggml_backend_sched_synchronize+0x62

=== CUDA SYNC PROFILE (instrumentation only) ===
total_syncs = 34400
total_wait_ms = 18996.533
max_wait_us = 140882
sites = 5
wait_hist_us = logarithmic buckets
  hist[0] = 31194
  hist[1] = 1825
  hist[2] = 95
  hist[3] = 16
  hist[4] = 17
  hist[5] = 1
  hist[9] = 243
  hist[10] = 505
  hist[11] = 86
  hist[14] = 138
  hist[15] = 245
  hist[16] = 34
  hist[17] = 1
by_callsite (caller PC; symbolize with addr2line):
   0 caller=0x7bf768d5c0d2 calls=13895 total_ms=18984.984 avg_us=1366.318 max_us=140882
   1 caller=0x7bf768d6098c calls=11300 total_ms=4.476 avg_us=0.396 max_us=24
   2 caller=0x7bf768d6089c calls=4184 total_ms=3.609 avg_us=0.863 max_us=28
   3 caller=0x7bf768d5f852 calls=837 total_ms=1.797 avg_us=2.147 max_us=36
   4 caller=0x7bf768d60abd calls=4184 total_ms=1.667 avg_us=0.398 max_us=19
direct_cudaStreamSynchronize: calls=14996 total_ms=67.452 max_us=2586
by_direct_callsite (file:line):
   0 /opt/llama.cpp/ggml/src/ggml-cuda/ggml-cuda.cu:839 calls=14643 total_ms=61.088 avg_us=4.172 max_us=353
   1 /opt/llama.cpp/ggml/src/ggml-cuda/ggml-cuda.cu:900 calls=12 total_ms=5.896 avg_us=491.333 max_us=2586
   2 /opt/llama.cpp/ggml/src/ggml-cuda/ggml-cuda.cu:2665 calls=191 total_ms=0.313 avg_us=1.639 max_us=10
   3 /opt/llama.cpp/ggml/src/ggml-cuda/ggml-cuda.cu:847 calls=150 total_ms=0.155 avg_us=1.033 max_us=3
=== END CUDA SYNC PROFILE ===

=== CUDA SYNC PROFILE (instrumentation only) ===
total_syncs = 34414
total_wait_ms = 18996.548
max_wait_us = 140882
sites = 5
wait_hist_us = logarithmic buckets
  hist[0] = 31206
  hist[1] = 1827
  hist[2] = 95
  hist[3] = 16
  hist[4] = 17
  hist[5] = 1
  hist[9] = 243
  hist[10] = 505
  hist[11] = 86
  hist[14] = 138
  hist[15] = 245
  hist[16] = 34
  hist[17] = 1
by_callsite (caller PC; symbolize with addr2line):
   0 caller=0x7bf768d5c0d2 calls=13902 total_ms=18984.993 avg_us=1365.630 max_us=140882
   1 caller=0x7bf768d6098c calls=11302 total_ms=4.477 avg_us=0.396 max_us=24
   2 caller=0x7bf768d6089c calls=4186 total_ms=3.610 avg_us=0.862 max_us=28
   3 caller=0x7bf768d5f852 calls=838 total_ms=1.799 avg_us=2.147 max_us=36
   4 caller=0x7bf768d60abd calls=4186 total_ms=1.669 avg_us=0.399 max_us=19
direct_cudaStreamSynchronize: calls=15000 total_ms=67.467 max_us=2586
by_direct_callsite (file:line):
   0 /opt/llama.cpp/ggml/src/ggml-cuda/ggml-cuda.cu:839 calls=14647 total_ms=61.103 avg_us=4.172 max_us=353
   1 /opt/llama.cpp/ggml/src/ggml-cuda/ggml-cuda.cu:900 calls=12 total_ms=5.896 avg_us=491.333 max_us=2586
   2 /opt/llama.cpp/ggml/src/ggml-cuda/ggml-cuda.cu:2665 calls=191 total_ms=0.313 avg_us=1.639 max_us=10
   3 /opt/llama.cpp/ggml/src/ggml-cuda/ggml-cuda.cu:847 calls=150 total_ms=0.155 avg_us=1.033 max_us=3
=== END CUDA SYNC PROFILE ===
backend-sync-trace: count=34500 backend=CUDA0 caller=ggml_backend_sched_graph_compute_async_ext+0xddc

=== CUDA SYNC PROFILE (instrumentation only) ===
total_syncs = 34500
total_wait_ms = 19044.925
max_wait_us = 140882
sites = 5
wait_hist_us = logarithmic buckets
  hist[0] = 31284
  hist[1] = 1831
  hist[2] = 95
  hist[3] = 16
  hist[4] = 17
  hist[5] = 1
  hist[9] = 243
  hist[10] = 508
  hist[11] = 86
  hist[14] = 138
  hist[15] = 246
  hist[16] = 34
  hist[17] = 1
by_callsite (caller PC; symbolize with addr2line):
   0 caller=0x7bf768d5c0d2 calls=13934 total_ms=19033.338 avg_us=1365.964 max_us=140882
   1 caller=0x7bf768d6098c calls=11331 total_ms=4.489 avg_us=0.396 max_us=24
   2 caller=0x7bf768d6089c calls=4198 total_ms=3.621 avg_us=0.863 max_us=28
   3 caller=0x7bf768d5f852 calls=840 total_ms=1.803 avg_us=2.146 max_us=36
   4 caller=0x7bf768d60abd calls=4197 total_ms=1.674 avg_us=0.399 max_us=19
direct_cudaStreamSynchronize: calls=15038 total_ms=67.616 max_us=2586
by_direct_callsite (file:line):
   0 /opt/llama.cpp/ggml/src/ggml-cuda/ggml-cuda.cu:839 calls=14685 total_ms=61.252 avg_us=4.171 max_us=353
   1 /opt/llama.cpp/ggml/src/ggml-cuda/ggml-cuda.cu:900 calls=12 total_ms=5.896 avg_us=491.333 max_us=2586
   2 /opt/llama.cpp/ggml/src/ggml-cuda/ggml-cuda.cu:2665 calls=191 total_ms=0.313 avg_us=1.639 max_us=10
   3 /opt/llama.cpp/ggml/src/ggml-cuda/ggml-cuda.cu:847 calls=150 total_ms=0.155 avg_us=1.033 max_us=3
=== END CUDA SYNC PROFILE ===
backend-sync-trace: count=34600 backend=CUDA0 caller=ggml_backend_sched_graph_compute_async_ext+0xffd

=== CUDA SYNC PROFILE (instrumentation only) ===
total_syncs = 34600
total_wait_ms = 19084.703
max_wait_us = 140882
sites = 5
wait_hist_us = logarithmic buckets
  hist[0] = 31376
  hist[1] = 1835
  hist[2] = 95
  hist[3] = 16
  hist[4] = 17
  hist[5] = 1
  hist[9] = 244
  hist[10] = 510
  hist[11] = 86
  hist[14] = 138
  hist[15] = 247
  hist[16] = 34
  hist[17] = 1
by_callsite (caller PC; symbolize with addr2line):
   0 caller=0x7bf768d5c0d2 calls=13972 total_ms=19073.083 avg_us=1365.093 max_us=140882
   1 caller=0x7bf768d6098c calls=11362 total_ms=4.501 avg_us=0.396 max_us=24
   2 caller=0x7bf768d6089c calls=4212 total_ms=3.631 avg_us=0.862 max_us=28
   3 caller=0x7bf768d5f852 calls=842 total_ms=1.807 avg_us=2.146 max_us=36
   4 caller=0x7bf768d60abd calls=4212 total_ms=1.681 avg_us=0.399 max_us=19
direct_cudaStreamSynchronize: calls=15080 total_ms=67.777 max_us=2586
by_direct_callsite (file:line):
   0 /opt/llama.cpp/ggml/src/ggml-cuda/ggml-cuda.cu:839 calls=14727 total_ms=61.413 avg_us=4.170 max_us=353
   1 /opt/llama.cpp/ggml/src/ggml-cuda/ggml-cuda.cu:900 calls=12 total_ms=5.896 avg_us=491.333 max_us=2586
   2 /opt/llama.cpp/ggml/src/ggml-cuda/ggml-cuda.cu:2665 calls=191 total_ms=0.313 avg_us=1.639 max_us=10
   3 /opt/llama.cpp/ggml/src/ggml-cuda/ggml-cuda.cu:847 calls=150 total_ms=0.155 avg_us=1.033 max_us=3
=== END CUDA SYNC PROFILE ===

=== CUDA SYNC PROFILE (instrumentation only) ===
total_syncs = 34624
total_wait_ms = 19130.175
max_wait_us = 140882
sites = 5
wait_hist_us = logarithmic buckets
  hist[0] = 31397
  hist[1] = 1837
  hist[2] = 95
  hist[3] = 16
  hist[4] = 17
  hist[5] = 1
  hist[9] = 244
  hist[10] = 510
  hist[11] = 86
  hist[14] = 138
  hist[15] = 248
  hist[16] = 34
  hist[17] = 1
by_callsite (caller PC; symbolize with addr2line):
   0 caller=0x7bf768d5c0d2 calls=13974 total_ms=19118.542 avg_us=1368.151 max_us=140882
   1 caller=0x7bf768d6098c calls=11379 total_ms=4.510 avg_us=0.396 max_us=24
   2 caller=0x7bf768d6089c calls=4214 total_ms=3.632 avg_us=0.862 max_us=28
   3 caller=0x7bf768d5f852 calls=843 total_ms=1.809 avg_us=2.146 max_us=36
   4 caller=0x7bf768d60abd calls=4214 total_ms=1.682 avg_us=0.399 max_us=19
direct_cudaStreamSynchronize: calls=15100 total_ms=67.871 max_us=2586
by_direct_callsite (file:line):
   0 /opt/llama.cpp/ggml/src/ggml-cuda/ggml-cuda.cu:839 calls=14747 total_ms=61.507 avg_us=4.171 max_us=353
   1 /opt/llama.cpp/ggml/src/ggml-cuda/ggml-cuda.cu:900 calls=12 total_ms=5.896 avg_us=491.333 max_us=2586
   2 /opt/llama.cpp/ggml/src/ggml-cuda/ggml-cuda.cu:2665 calls=191 total_ms=0.313 avg_us=1.639 max_us=10
   3 /opt/llama.cpp/ggml/src/ggml-cuda/ggml-cuda.cu:847 calls=150 total_ms=0.155 avg_us=1.033 max_us=3
=== END CUDA SYNC PROFILE ===
backend-sync-trace: count=34700 backend=CUDA0 caller=ggml_backend_sched_graph_compute_async_ext+0xecc

=== CUDA SYNC PROFILE (instrumentation only) ===
total_syncs = 34700
total_wait_ms = 19133.416
max_wait_us = 140882
sites = 5
wait_hist_us = logarithmic buckets
  hist[0] = 31467
  hist[1] = 1840
  hist[2] = 95
  hist[3] = 16
  hist[4] = 18
  hist[5] = 1
  hist[9] = 244
  hist[10] = 512
  hist[11] = 86
  hist[14] = 138
  hist[15] = 248
  hist[16] = 34
  hist[17] = 1
by_callsite (caller PC; symbolize with addr2line):
   0 caller=0x7bf768d5c0d2 calls=14009 total_ms=19121.746 avg_us=1364.962 max_us=140882
   1 caller=0x7bf768d6098c calls=11403 total_ms=4.534 avg_us=0.398 max_us=24
   2 caller=0x7bf768d6089c calls=4222 total_ms=3.639 avg_us=0.862 max_us=28
   3 caller=0x7bf768d5f852 calls=844 total_ms=1.812 avg_us=2.147 max_us=36
   4 caller=0x7bf768d60abd calls=4222 total_ms=1.685 avg_us=0.399 max_us=19
direct_cudaStreamSynchronize: calls=15129 total_ms=67.983 max_us=2586
by_direct_callsite (file:line):
   0 /opt/llama.cpp/ggml/src/ggml-cuda/ggml-cuda.cu:839 calls=14776 total_ms=61.619 avg_us=4.170 max_us=353
   1 /opt/llama.cpp/ggml/src/ggml-cuda/ggml-cuda.cu:900 calls=12 total_ms=5.896 avg_us=491.333 max_us=2586
   2 /opt/llama.cpp/ggml/src/ggml-cuda/ggml-cuda.cu:2665 calls=191 total_ms=0.313 avg_us=1.639 max_us=10
   3 /opt/llama.cpp/ggml/src/ggml-cuda/ggml-cuda.cu:847 calls=150 total_ms=0.155 avg_us=1.033 max_us=3
=== END CUDA SYNC PROFILE ===
backend-sync-trace: count=34800 backend=CUDA0 caller=ggml_backend_sched_synchronize+0x62

=== CUDA SYNC PROFILE (instrumentation only) ===
total_syncs = 34800
total_wait_ms = 19244.049
max_wait_us = 140882
sites = 5
wait_hist_us = logarithmic buckets
  hist[0] = 31556
  hist[1] = 1846
  hist[2] = 96
  hist[3] = 16
  hist[4] = 18
  hist[5] = 1
  hist[9] = 244
  hist[10] = 513
  hist[11] = 87
  hist[14] = 138
  hist[15] = 250
  hist[16] = 34
  hist[17] = 1
by_callsite (caller PC; symbolize with addr2line):
   0 caller=0x7bf768d5c0d2 calls=14050 total_ms=19232.341 avg_us=1368.850 max_us=140882
   1 caller=0x7bf768d6098c calls=11435 total_ms=4.547 avg_us=0.398 max_us=24
   2 caller=0x7bf768d6089c calls=4234 total_ms=3.649 avg_us=0.862 max_us=28
   3 caller=0x7bf768d5f852 calls=847 total_ms=1.820 avg_us=2.149 max_us=36
   4 caller=0x7bf768d60abd calls=4234 total_ms=1.692 avg_us=0.400 max_us=19
direct_cudaStreamSynchronize: calls=15171 total_ms=68.156 max_us=2586
by_direct_callsite (file:line):
   0 /opt/llama.cpp/ggml/src/ggml-cuda/ggml-cuda.cu:839 calls=14818 total_ms=61.792 avg_us=4.170 max_us=353
   1 /opt/llama.cpp/ggml/src/ggml-cuda/ggml-cuda.cu:900 calls=12 total_ms=5.896 avg_us=491.333 max_us=2586
   2 /opt/llama.cpp/ggml/src/ggml-cuda/ggml-cuda.cu:2665 calls=191 total_ms=0.313 avg_us=1.639 max_us=10
   3 /opt/llama.cpp/ggml/src/ggml-cuda/ggml-cuda.cu:847 calls=150 total_ms=0.155 avg_us=1.033 max_us=3
=== END CUDA SYNC PROFILE ===

=== CUDA SYNC PROFILE (instrumentation only) ===
total_syncs = 34854
total_wait_ms = 19246.134
max_wait_us = 140882
sites = 5
wait_hist_us = logarithmic buckets
  hist[0] = 31606
  hist[1] = 1848
  hist[2] = 96
  hist[3] = 16
  hist[4] = 18
  hist[5] = 1
  hist[9] = 245
  hist[10] = 514
  hist[11] = 87
  hist[14] = 138
  hist[15] = 250
  hist[16] = 34
  hist[17] = 1
by_callsite (caller PC; symbolize with addr2line):
   0 caller=0x7bf768d5c0d2 calls=14065 total_ms=19234.405 avg_us=1367.537 max_us=140882
   1 caller=0x7bf768d6098c calls=11457 total_ms=4.554 avg_us=0.397 max_us=24
   2 caller=0x7bf768d6089c calls=4242 total_ms=3.655 avg_us=0.862 max_us=28
   3 caller=0x7bf768d5f852 calls=848 total_ms=1.823 avg_us=2.150 max_us=36
   4 caller=0x7bf768d60abd calls=4242 total_ms=1.697 avg_us=0.400 max_us=19
direct_cudaStreamSynchronize: calls=15200 total_ms=68.268 max_us=2586
by_direct_callsite (file:line):
   0 /opt/llama.cpp/ggml/src/ggml-cuda/ggml-cuda.cu:839 calls=14847 total_ms=61.904 avg_us=4.169 max_us=353
   1 /opt/llama.cpp/ggml/src/ggml-cuda/ggml-cuda.cu:900 calls=12 total_ms=5.896 avg_us=491.333 max_us=2586
   2 /opt/llama.cpp/ggml/src/ggml-cuda/ggml-cuda.cu:2665 calls=191 total_ms=0.313 avg_us=1.639 max_us=10
   3 /opt/llama.cpp/ggml/src/ggml-cuda/ggml-cuda.cu:847 calls=150 total_ms=0.155 avg_us=1.033 max_us=3
=== END CUDA SYNC PROFILE ===
1.24.958.188 I slot print_timing: id  0 | task 0 | n_gen =    975, tg =  46.18 t/s, tg_3s =  49.25 t/s
backend-sync-trace: count=34900 backend=CUDA0 caller=ggml_backend_sched_graph_compute_async_ext+0xddc

=== CUDA SYNC PROFILE (instrumentation only) ===
total_syncs = 34900
total_wait_ms = 19276.212
max_wait_us = 140882
sites = 5
wait_hist_us = logarithmic buckets
  hist[0] = 31648
  hist[1] = 1850
  hist[2] = 96
  hist[3] = 16
  hist[4] = 18
  hist[5] = 1
  hist[9] = 245
  hist[10] = 515
  hist[11] = 87
  hist[14] = 139
  hist[15] = 250
  hist[16] = 34
  hist[17] = 1
by_callsite (caller PC; symbolize with addr2line):
   0 caller=0x7bf768d5c0d2 calls=14089 total_ms=19264.469 avg_us=1367.341 max_us=140882
   1 caller=0x7bf768d6098c calls=11466 total_ms=4.558 avg_us=0.398 max_us=24
   2 caller=0x7bf768d6089c calls=4248 total_ms=3.659 avg_us=0.861 max_us=28
   3 caller=0x7bf768d5f852 calls=850 total_ms=1.826 avg_us=2.148 max_us=36
   4 caller=0x7bf768d60abd calls=4247 total_ms=1.700 avg_us=0.400 max_us=19
direct_cudaStreamSynchronize: calls=15213 total_ms=68.319 max_us=2586
by_direct_callsite (file:line):
   0 /opt/llama.cpp/ggml/src/ggml-cuda/ggml-cuda.cu:839 calls=14860 total_ms=61.955 avg_us=4.169 max_us=353
   1 /opt/llama.cpp/ggml/src/ggml-cuda/ggml-cuda.cu:900 calls=12 total_ms=5.896 avg_us=491.333 max_us=2586
   2 /opt/llama.cpp/ggml/src/ggml-cuda/ggml-cuda.cu:2665 calls=191 total_ms=0.313 avg_us=1.639 max_us=10
   3 /opt/llama.cpp/ggml/src/ggml-cuda/ggml-cuda.cu:847 calls=150 total_ms=0.155 avg_us=1.033 max_us=3
=== END CUDA SYNC PROFILE ===
backend-sync-trace: count=35000 backend=CUDA0 caller=ggml_backend_sched_graph_compute_async_ext+0xecc

=== CUDA SYNC PROFILE (instrumentation only) ===
total_syncs = 35000
total_wait_ms = 19337.549
max_wait_us = 140882
sites = 5
wait_hist_us = logarithmic buckets
  hist[0] = 31739
  hist[1] = 1855
  hist[2] = 96
  hist[3] = 16
  hist[4] = 18
  hist[5] = 1
  hist[9] = 245
  hist[10] = 516
  hist[11] = 89
  hist[14] = 139
  hist[15] = 251
  hist[16] = 34
  hist[17] = 1
by_callsite (caller PC; symbolize with addr2line):
   0 caller=0x7bf768d5c0d2 calls=14121 total_ms=19325.767 avg_us=1368.583 max_us=140882
   1 caller=0x7bf768d6098c calls=11503 total_ms=4.572 avg_us=0.397 max_us=24
   2 caller=0x7bf768d6089c calls=4262 total_ms=3.674 avg_us=0.862 max_us=28
   3 caller=0x7bf768d5f852 calls=852 total_ms=1.831 avg_us=2.149 max_us=36
   4 caller=0x7bf768d60abd calls=4262 total_ms=1.705 avg_us=0.400 max_us=19
direct_cudaStreamSynchronize: calls=15261 total_ms=68.529 max_us=2586
by_direct_callsite (file:line):
   0 /opt/llama.cpp/ggml/src/ggml-cuda/ggml-cuda.cu:839 calls=14908 total_ms=62.165 avg_us=4.170 max_us=353
   1 /opt/llama.cpp/ggml/src/ggml-cuda/ggml-cuda.cu:900 calls=12 total_ms=5.896 avg_us=491.333 max_us=2586
   2 /opt/llama.cpp/ggml/src/ggml-cuda/ggml-cuda.cu:2665 calls=191 total_ms=0.313 avg_us=1.639 max_us=10
   3 /opt/llama.cpp/ggml/src/ggml-cuda/ggml-cuda.cu:847 calls=150 total_ms=0.155 avg_us=1.033 max_us=3
=== END CUDA SYNC PROFILE ===

=== CUDA SYNC PROFILE (instrumentation only) ===
total_syncs = 35089
total_wait_ms = 19426.789
max_wait_us = 140882
sites = 5
wait_hist_us = logarithmic buckets
  hist[0] = 31822
  hist[1] = 1858
  hist[2] = 96
  hist[3] = 16
  hist[4] = 18
  hist[5] = 1
  hist[9] = 245
  hist[10] = 518
  hist[11] = 89
  hist[14] = 139
  hist[15] = 251
  hist[16] = 35
  hist[17] = 1
by_callsite (caller PC; symbolize with addr2line):
   0 caller=0x7bf768d5c0d2 calls=14158 total_ms=19414.978 avg_us=1371.308 max_us=140882
   1 caller=0x7bf768d6098c calls=11533 total_ms=4.586 avg_us=0.398 max_us=24
   2 caller=0x7bf768d6089c calls=4272 total_ms=3.680 avg_us=0.861 max_us=28
   3 caller=0x7bf768d5f852 calls=854 total_ms=1.835 avg_us=2.149 max_us=36
   4 caller=0x7bf768d60abd calls=4272 total_ms=1.710 avg_us=0.400 max_us=19
direct_cudaStreamSynchronize: calls=15300 total_ms=68.682 max_us=2586
by_direct_callsite (file:line):
   0 /opt/llama.cpp/ggml/src/ggml-cuda/ggml-cuda.cu:839 calls=14947 total_ms=62.318 avg_us=4.169 max_us=353
   1 /opt/llama.cpp/ggml/src/ggml-cuda/ggml-cuda.cu:900 calls=12 total_ms=5.896 avg_us=491.333 max_us=2586
   2 /opt/llama.cpp/ggml/src/ggml-cuda/ggml-cuda.cu:2665 calls=191 total_ms=0.313 avg_us=1.639 max_us=10
   3 /opt/llama.cpp/ggml/src/ggml-cuda/ggml-cuda.cu:847 calls=150 total_ms=0.155 avg_us=1.033 max_us=3
=== END CUDA SYNC PROFILE ===
backend-sync-trace: count=35100 backend=CUDA0 caller=ggml_backend_sched_graph_compute_async_ext+0xffd

=== CUDA SYNC PROFILE (instrumentation only) ===
total_syncs = 35100
total_wait_ms = 19480.791
max_wait_us = 140882
sites = 5
wait_hist_us = logarithmic buckets
  hist[0] = 31830
  hist[1] = 1860
  hist[2] = 96
  hist[3] = 16
  hist[4] = 18
  hist[5] = 1
  hist[9] = 245
  hist[10] = 518
  hist[11] = 89
  hist[14] = 139
  hist[15] = 252
  hist[16] = 35
  hist[17] = 1
by_callsite (caller PC; symbolize with addr2line):
   0 caller=0x7bf768d5c0d2 calls=14160 total_ms=19468.974 avg_us=1374.928 max_us=140882
   1 caller=0x7bf768d6098c calls=11539 total_ms=4.588 avg_us=0.398 max_us=24
   2 caller=0x7bf768d6089c calls=4273 total_ms=3.681 avg_us=0.861 max_us=28
   3 caller=0x7bf768d5f852 calls=855 total_ms=1.837 avg_us=2.149 max_us=36
   4 caller=0x7bf768d60abd calls=4273 total_ms=1.711 avg_us=0.400 max_us=19
direct_cudaStreamSynchronize: calls=15306 total_ms=68.699 max_us=2586
by_direct_callsite (file:line):
   0 /opt/llama.cpp/ggml/src/ggml-cuda/ggml-cuda.cu:839 calls=14953 total_ms=62.335 avg_us=4.169 max_us=353
   1 /opt/llama.cpp/ggml/src/ggml-cuda/ggml-cuda.cu:900 calls=12 total_ms=5.896 avg_us=491.333 max_us=2586
   2 /opt/llama.cpp/ggml/src/ggml-cuda/ggml-cuda.cu:2665 calls=191 total_ms=0.313 avg_us=1.639 max_us=10
   3 /opt/llama.cpp/ggml/src/ggml-cuda/ggml-cuda.cu:847 calls=150 total_ms=0.155 avg_us=1.033 max_us=3
=== END CUDA SYNC PROFILE ===
backend-sync-trace: count=35200 backend=CUDA0 caller=ggml_backend_sched_synchronize+0x62

=== CUDA SYNC PROFILE (instrumentation only) ===
total_syncs = 35200
total_wait_ms = 19538.352
max_wait_us = 140882
sites = 5
wait_hist_us = logarithmic buckets
  hist[0] = 31922
  hist[1] = 1865
  hist[2] = 96
  hist[3] = 16
  hist[4] = 18
  hist[5] = 1
  hist[9] = 245
  hist[10] = 520
  hist[11] = 89
  hist[14] = 139
  hist[15] = 253
  hist[16] = 35
  hist[17] = 1
by_callsite (caller PC; symbolize with addr2line):
   0 caller=0x7bf768d5c0d2 calls=14205 total_ms=19526.503 avg_us=1374.622 max_us=140882
   1 caller=0x7bf768d6098c calls=11570 total_ms=4.604 avg_us=0.398 max_us=24
   2 caller=0x7bf768d6089c calls=4284 total_ms=3.691 avg_us=0.862 max_us=28
   3 caller=0x7bf768d5f852 calls=857 total_ms=1.841 avg_us=2.148 max_us=36
   4 caller=0x7bf768d60abd calls=4284 total_ms=1.713 avg_us=0.400 max_us=19
direct_cudaStreamSynchronize: calls=15346 total_ms=68.866 max_us=2586
by_direct_callsite (file:line):
   0 /opt/llama.cpp/ggml/src/ggml-cuda/ggml-cuda.cu:839 calls=14993 total_ms=62.502 avg_us=4.169 max_us=353
   1 /opt/llama.cpp/ggml/src/ggml-cuda/ggml-cuda.cu:900 calls=12 total_ms=5.896 avg_us=491.333 max_us=2586
   2 /opt/llama.cpp/ggml/src/ggml-cuda/ggml-cuda.cu:2665 calls=191 total_ms=0.313 avg_us=1.639 max_us=10
   3 /opt/llama.cpp/ggml/src/ggml-cuda/ggml-cuda.cu:847 calls=150 total_ms=0.155 avg_us=1.033 max_us=3
=== END CUDA SYNC PROFILE ===
backend-sync-trace: count=35300 backend=CUDA0 caller=ggml_backend_sched_graph_compute_async_ext+0xecc

=== CUDA SYNC PROFILE (instrumentation only) ===
total_syncs = 35300
total_wait_ms = 19584.109
max_wait_us = 140882
sites = 5
wait_hist_us = logarithmic buckets
  hist[0] = 32015
  hist[1] = 1869
  hist[2] = 96
  hist[3] = 16
  hist[4] = 18
  hist[5] = 1
  hist[9] = 247
  hist[10] = 520
  hist[11] = 89
  hist[14] = 139
  hist[15] = 254
  hist[16] = 35
  hist[17] = 1
by_callsite (caller PC; symbolize with addr2line):
   0 caller=0x7bf768d5c0d2 calls=14249 total_ms=19572.234 avg_us=1373.586 max_us=140882
   1 caller=0x7bf768d6098c calls=11599 total_ms=4.613 avg_us=0.398 max_us=24
   2 caller=0x7bf768d6089c calls=4296 total_ms=3.699 avg_us=0.861 max_us=28
   3 caller=0x7bf768d5f852 calls=860 total_ms=1.848 avg_us=2.149 max_us=36
   4 caller=0x7bf768d60abd calls=4296 total_ms=1.715 avg_us=0.399 max_us=19
direct_cudaStreamSynchronize: calls=15384 total_ms=69.019 max_us=2586
by_direct_callsite (file:line):
   0 /opt/llama.cpp/ggml/src/ggml-cuda/ggml-cuda.cu:839 calls=15031 total_ms=62.655 avg_us=4.168 max_us=353
   1 /opt/llama.cpp/ggml/src/ggml-cuda/ggml-cuda.cu:900 calls=12 total_ms=5.896 avg_us=491.333 max_us=2586
   2 /opt/llama.cpp/ggml/src/ggml-cuda/ggml-cuda.cu:2665 calls=191 total_ms=0.313 avg_us=1.639 max_us=10
   3 /opt/llama.cpp/ggml/src/ggml-cuda/ggml-cuda.cu:847 calls=150 total_ms=0.155 avg_us=1.033 max_us=3
=== END CUDA SYNC PROFILE ===

=== CUDA SYNC PROFILE (instrumentation only) ===
total_syncs = 35336
total_wait_ms = 19586.472
max_wait_us = 140882
sites = 5
wait_hist_us = logarithmic buckets
  hist[0] = 32048
  hist[1] = 1870
  hist[2] = 96
  hist[3] = 16
  hist[4] = 18
  hist[5] = 1
  hist[9] = 248
  hist[10] = 521
  hist[11] = 89
  hist[14] = 139
  hist[15] = 254
  hist[16] = 35
  hist[17] = 1
by_callsite (caller PC; symbolize with addr2line):
   0 caller=0x7bf768d5c0d2 calls=14263 total_ms=19574.584 avg_us=1372.403 max_us=140882
   1 caller=0x7bf768d6098c calls=11609 total_ms=4.617 avg_us=0.398 max_us=24
   2 caller=0x7bf768d6089c calls=4302 total_ms=3.706 avg_us=0.861 max_us=28
   3 caller=0x7bf768d5f852 calls=860 total_ms=1.848 avg_us=2.149 max_us=36
   4 caller=0x7bf768d60abd calls=4302 total_ms=1.717 avg_us=0.399 max_us=19
direct_cudaStreamSynchronize: calls=15400 total_ms=69.091 max_us=2586
by_direct_callsite (file:line):
   0 /opt/llama.cpp/ggml/src/ggml-cuda/ggml-cuda.cu:839 calls=15047 total_ms=62.727 avg_us=4.169 max_us=353
   1 /opt/llama.cpp/ggml/src/ggml-cuda/ggml-cuda.cu:900 calls=12 total_ms=5.896 avg_us=491.333 max_us=2586
   2 /opt/llama.cpp/ggml/src/ggml-cuda/ggml-cuda.cu:2665 calls=191 total_ms=0.313 avg_us=1.639 max_us=10
   3 /opt/llama.cpp/ggml/src/ggml-cuda/ggml-cuda.cu:847 calls=150 total_ms=0.155 avg_us=1.033 max_us=3
=== END CUDA SYNC PROFILE ===
backend-sync-trace: count=35400 backend=CUDA0 caller=ggml_backend_sched_graph_compute_async_ext+0xffd

=== CUDA SYNC PROFILE (instrumentation only) ===
total_syncs = 35400
total_wait_ms = 19623.717
max_wait_us = 140882
sites = 5
wait_hist_us = logarithmic buckets
  hist[0] = 32106
  hist[1] = 1872
  hist[2] = 97
  hist[3] = 16
  hist[4] = 18
  hist[5] = 1
  hist[9] = 250
  hist[10] = 521
  hist[11] = 89
  hist[14] = 139
  hist[15] = 255
  hist[16] = 35
  hist[17] = 1
by_callsite (caller PC; symbolize with addr2line):
   0 caller=0x7bf768d5c0d2 calls=14288 total_ms=19611.805 avg_us=1372.607 max_us=140882
   1 caller=0x7bf768d6098c calls=11632 total_ms=4.623 avg_us=0.397 max_us=24
   2 caller=0x7bf768d6089c calls=4309 total_ms=3.714 avg_us=0.862 max_us=28
   3 caller=0x7bf768d5f852 calls=862 total_ms=1.856 avg_us=2.153 max_us=36
   4 caller=0x7bf768d60abd calls=4309 total_ms=1.719 avg_us=0.399 max_us=19
direct_cudaStreamSynchronize: calls=15428 total_ms=69.191 max_us=2586
by_direct_callsite (file:line):
   0 /opt/llama.cpp/ggml/src/ggml-cuda/ggml-cuda.cu:839 calls=15075 total_ms=62.827 avg_us=4.168 max_us=353
   1 /opt/llama.cpp/ggml/src/ggml-cuda/ggml-cuda.cu:900 calls=12 total_ms=5.896 avg_us=491.333 max_us=2586
   2 /opt/llama.cpp/ggml/src/ggml-cuda/ggml-cuda.cu:2665 calls=191 total_ms=0.313 avg_us=1.639 max_us=10
   3 /opt/llama.cpp/ggml/src/ggml-cuda/ggml-cuda.cu:847 calls=150 total_ms=0.155 avg_us=1.033 max_us=3
=== END CUDA SYNC PROFILE ===
backend-sync-trace: count=35500 backend=CUDA0 caller=ggml_backend_sched_graph_compute_async_ext+0xffd

=== CUDA SYNC PROFILE (instrumentation only) ===
total_syncs = 35500
total_wait_ms = 19703.098
max_wait_us = 140882
sites = 5
wait_hist_us = logarithmic buckets
  hist[0] = 32198
  hist[1] = 1876
  hist[2] = 97
  hist[3] = 16
  hist[4] = 18
  hist[5] = 1
  hist[9] = 252
  hist[10] = 521
  hist[11] = 89
  hist[14] = 139
  hist[15] = 257
  hist[16] = 35
  hist[17] = 1
by_callsite (caller PC; symbolize with addr2line):
   0 caller=0x7bf768d5c0d2 calls=14315 total_ms=19691.152 avg_us=1375.561 max_us=140882
   1 caller=0x7bf768d6098c calls=11674 total_ms=4.636 avg_us=0.397 max_us=24
   2 caller=0x7bf768d6089c calls=4323 total_ms=3.724 avg_us=0.861 max_us=28
   3 caller=0x7bf768d5f852 calls=865 total_ms=1.863 avg_us=2.154 max_us=36
   4 caller=0x7bf768d60abd calls=4323 total_ms=1.723 avg_us=0.399 max_us=19
direct_cudaStreamSynchronize: calls=15481 total_ms=69.405 max_us=2586
by_direct_callsite (file:line):
   0 /opt/llama.cpp/ggml/src/ggml-cuda/ggml-cuda.cu:839 calls=15128 total_ms=63.041 avg_us=4.167 max_us=353
   1 /opt/llama.cpp/ggml/src/ggml-cuda/ggml-cuda.cu:900 calls=12 total_ms=5.896 avg_us=491.333 max_us=2586
   2 /opt/llama.cpp/ggml/src/ggml-cuda/ggml-cuda.cu:2665 calls=191 total_ms=0.313 avg_us=1.639 max_us=10
   3 /opt/llama.cpp/ggml/src/ggml-cuda/ggml-cuda.cu:847 calls=150 total_ms=0.155 avg_us=1.033 max_us=3
=== END CUDA SYNC PROFILE ===

=== CUDA SYNC PROFILE (instrumentation only) ===
total_syncs = 35550
total_wait_ms = 19705.228
max_wait_us = 140882
sites = 5
wait_hist_us = logarithmic buckets
  hist[0] = 32244
  hist[1] = 1878
  hist[2] = 97
  hist[3] = 16
  hist[4] = 18
  hist[5] = 1
  hist[9] = 253
  hist[10] = 522
  hist[11] = 89
  hist[14] = 139
  hist[15] = 257
  hist[16] = 35
  hist[17] = 1
by_callsite (caller PC; symbolize with addr2line):
   0 caller=0x7bf768d5c0d2 calls=14338 total_ms=19693.269 avg_us=1373.502 max_us=140882
   1 caller=0x7bf768d6098c calls=11686 total_ms=4.640 avg_us=0.397 max_us=24
   2 caller=0x7bf768d6089c calls=4330 total_ms=3.730 avg_us=0.861 max_us=28
   3 caller=0x7bf768d5f852 calls=866 total_ms=1.865 avg_us=2.154 max_us=36
   4 caller=0x7bf768d60abd calls=4330 total_ms=1.724 avg_us=0.398 max_us=19
direct_cudaStreamSynchronize: calls=15500 total_ms=69.480 max_us=2586
by_direct_callsite (file:line):
   0 /opt/llama.cpp/ggml/src/ggml-cuda/ggml-cuda.cu:839 calls=15147 total_ms=63.116 avg_us=4.167 max_us=353
   1 /opt/llama.cpp/ggml/src/ggml-cuda/ggml-cuda.cu:900 calls=12 total_ms=5.896 avg_us=491.333 max_us=2586
   2 /opt/llama.cpp/ggml/src/ggml-cuda/ggml-cuda.cu:2665 calls=191 total_ms=0.313 avg_us=1.639 max_us=10
   3 /opt/llama.cpp/ggml/src/ggml-cuda/ggml-cuda.cu:847 calls=150 total_ms=0.155 avg_us=1.033 max_us=3
=== END CUDA SYNC PROFILE ===
backend-sync-trace: count=35600 backend=CUDA0 caller=ggml_backend_sched_synchronize+0x62

=== CUDA SYNC PROFILE (instrumentation only) ===
total_syncs = 35600
total_wait_ms = 19740.104
max_wait_us = 140882
sites = 5
wait_hist_us = logarithmic buckets
  hist[0] = 32290
  hist[1] = 1880
  hist[2] = 97
  hist[3] = 16
  hist[4] = 18
  hist[5] = 1
  hist[9] = 253
  hist[10] = 523
  hist[11] = 89
  hist[14] = 139
  hist[15] = 258
  hist[16] = 35
  hist[17] = 1
by_callsite (caller PC; symbolize with addr2line):
   0 caller=0x7bf768d5c0d2 calls=14351 total_ms=19728.129 avg_us=1374.687 max_us=140882
   1 caller=0x7bf768d6098c calls=11709 total_ms=4.646 avg_us=0.397 max_us=24
   2 caller=0x7bf768d6089c calls=4336 total_ms=3.734 avg_us=0.861 max_us=28
   3 caller=0x7bf768d5f852 calls=868 total_ms=1.869 avg_us=2.153 max_us=36
   4 caller=0x7bf768d60abd calls=4336 total_ms=1.726 avg_us=0.398 max_us=19
direct_cudaStreamSynchronize: calls=15527 total_ms=69.598 max_us=2586
by_direct_callsite (file:line):
   0 /opt/llama.cpp/ggml/src/ggml-cuda/ggml-cuda.cu:839 calls=15174 total_ms=63.234 avg_us=4.167 max_us=353
   1 /opt/llama.cpp/ggml/src/ggml-cuda/ggml-cuda.cu:900 calls=12 total_ms=5.896 avg_us=491.333 max_us=2586
   2 /opt/llama.cpp/ggml/src/ggml-cuda/ggml-cuda.cu:2665 calls=191 total_ms=0.313 avg_us=1.639 max_us=10
   3 /opt/llama.cpp/ggml/src/ggml-cuda/ggml-cuda.cu:847 calls=150 total_ms=0.155 avg_us=1.033 max_us=3
=== END CUDA SYNC PROFILE ===
backend-sync-trace: count=35700 backend=CUDA0 caller=ggml_backend_sched_synchronize+0x62

=== CUDA SYNC PROFILE (instrumentation only) ===
total_syncs = 35700
total_wait_ms = 19769.741
max_wait_us = 140882
sites = 5
wait_hist_us = logarithmic buckets
  hist[0] = 32382
  hist[1] = 1883
  hist[2] = 97
  hist[3] = 17
  hist[4] = 18
  hist[5] = 1
  hist[9] = 255
  hist[10] = 524
  hist[11] = 89
  hist[14] = 140
  hist[15] = 258
  hist[16] = 35
  hist[17] = 1
by_callsite (caller PC; symbolize with addr2line):
   0 caller=0x7bf768d5c0d2 calls=14394 total_ms=19757.721 avg_us=1372.636 max_us=140882
   1 caller=0x7bf768d6098c calls=11740 total_ms=4.658 avg_us=0.397 max_us=24
   2 caller=0x7bf768d6089c calls=4348 total_ms=3.754 avg_us=0.863 max_us=28
   3 caller=0x7bf768d5f852 calls=870 total_ms=1.872 avg_us=2.152 max_us=36
   4 caller=0x7bf768d60abd calls=4348 total_ms=1.736 avg_us=0.399 max_us=19
direct_cudaStreamSynchronize: calls=15568 total_ms=69.758 max_us=2586
by_direct_callsite (file:line):
   0 /opt/llama.cpp/ggml/src/ggml-cuda/ggml-cuda.cu:839 calls=15215 total_ms=63.394 avg_us=4.167 max_us=353
   1 /opt/llama.cpp/ggml/src/ggml-cuda/ggml-cuda.cu:900 calls=12 total_ms=5.896 avg_us=491.333 max_us=2586
   2 /opt/llama.cpp/ggml/src/ggml-cuda/ggml-cuda.cu:2665 calls=191 total_ms=0.313 avg_us=1.639 max_us=10
   3 /opt/llama.cpp/ggml/src/ggml-cuda/ggml-cuda.cu:847 calls=150 total_ms=0.155 avg_us=1.033 max_us=3
=== END CUDA SYNC PROFILE ===

=== CUDA SYNC PROFILE (instrumentation only) ===
total_syncs = 35764
total_wait_ms = 19805.011
max_wait_us = 140882
sites = 5
wait_hist_us = logarithmic buckets
  hist[0] = 32441
  hist[1] = 1886
  hist[2] = 97
  hist[3] = 17
  hist[4] = 18
  hist[5] = 1
  hist[9] = 256
  hist[10] = 524
  hist[11] = 89
  hist[14] = 140
  hist[15] = 259
  hist[16] = 35
  hist[17] = 1
by_callsite (caller PC; symbolize with addr2line):
   0 caller=0x7bf768d5c0d2 calls=14412 total_ms=19792.967 avg_us=1373.367 max_us=140882
   1 caller=0x7bf768d6098c calls=11764 total_ms=4.668 avg_us=0.397 max_us=24
   2 caller=0x7bf768d6089c calls=4358 total_ms=3.759 avg_us=0.863 max_us=28
   3 caller=0x7bf768d5f852 calls=872 total_ms=1.876 avg_us=2.151 max_us=36
   4 caller=0x7bf768d60abd calls=4358 total_ms=1.741 avg_us=0.399 max_us=19
direct_cudaStreamSynchronize: calls=15600 total_ms=69.891 max_us=2586
by_direct_callsite (file:line):
   0 /opt/llama.cpp/ggml/src/ggml-cuda/ggml-cuda.cu:839 calls=15247 total_ms=63.527 avg_us=4.167 max_us=353
   1 /opt/llama.cpp/ggml/src/ggml-cuda/ggml-cuda.cu:900 calls=12 total_ms=5.896 avg_us=491.333 max_us=2586
   2 /opt/llama.cpp/ggml/src/ggml-cuda/ggml-cuda.cu:2665 calls=191 total_ms=0.313 avg_us=1.639 max_us=10
   3 /opt/llama.cpp/ggml/src/ggml-cuda/ggml-cuda.cu:847 calls=150 total_ms=0.155 avg_us=1.033 max_us=3
=== END CUDA SYNC PROFILE ===
backend-sync-trace: count=35800 backend=CUDA0 caller=0x7bf768d5f852

=== CUDA SYNC PROFILE (instrumentation only) ===
total_syncs = 35800
total_wait_ms = 19834.182
max_wait_us = 140882
sites = 5
wait_hist_us = logarithmic buckets
  hist[0] = 32472
  hist[1] = 1889
  hist[2] = 97
  hist[3] = 17
  hist[4] = 18
  hist[5] = 1
  hist[9] = 257
  hist[10] = 524
  hist[11] = 89
  hist[14] = 141
  hist[15] = 259
  hist[16] = 35
  hist[17] = 1
by_callsite (caller PC; symbolize with addr2line):
   0 caller=0x7bf768d5c0d2 calls=14421 total_ms=19822.124 avg_us=1374.532 max_us=140882
   1 caller=0x7bf768d6098c calls=11782 total_ms=4.675 avg_us=0.397 max_us=24
   2 caller=0x7bf768d6089c calls=4362 total_ms=3.761 avg_us=0.862 max_us=28
   3 caller=0x7bf768d5f852 calls=873 total_ms=1.878 avg_us=2.151 max_us=36
   4 caller=0x7bf768d60abd calls=4362 total_ms=1.744 avg_us=0.400 max_us=19
direct_cudaStreamSynchronize: calls=15621 total_ms=69.974 max_us=2586
by_direct_callsite (file:line):
   0 /opt/llama.cpp/ggml/src/ggml-cuda/ggml-cuda.cu:839 calls=15268 total_ms=63.610 avg_us=4.166 max_us=353
   1 /opt/llama.cpp/ggml/src/ggml-cuda/ggml-cuda.cu:900 calls=12 total_ms=5.896 avg_us=491.333 max_us=2586
   2 /opt/llama.cpp/ggml/src/ggml-cuda/ggml-cuda.cu:2665 calls=191 total_ms=0.313 avg_us=1.639 max_us=10
   3 /opt/llama.cpp/ggml/src/ggml-cuda/ggml-cuda.cu:847 calls=150 total_ms=0.155 avg_us=1.033 max_us=3
=== END CUDA SYNC PROFILE ===
backend-sync-trace: count=35900 backend=CUDA0 caller=ggml_backend_sched_synchronize+0x62

=== CUDA SYNC PROFILE (instrumentation only) ===
total_syncs = 35900
total_wait_ms = 19866.301
max_wait_us = 140882
sites = 5
wait_hist_us = logarithmic buckets
  hist[0] = 32566
  hist[1] = 1892
  hist[2] = 97
  hist[3] = 17
  hist[4] = 18
  hist[5] = 1
  hist[9] = 258
  hist[10] = 525
  hist[11] = 89
  hist[14] = 142
  hist[15] = 259
  hist[16] = 35
  hist[17] = 1
by_callsite (caller PC; symbolize with addr2line):
   0 caller=0x7bf768d5c0d2 calls=14464 total_ms=19854.216 avg_us=1372.664 max_us=140882
   1 caller=0x7bf768d6098c calls=11813 total_ms=4.685 avg_us=0.397 max_us=24
   2 caller=0x7bf768d6089c calls=4374 total_ms=3.772 avg_us=0.862 max_us=28
   3 caller=0x7bf768d5f852 calls=875 total_ms=1.882 avg_us=2.151 max_us=36
   4 caller=0x7bf768d60abd calls=4374 total_ms=1.746 avg_us=0.399 max_us=19
direct_cudaStreamSynchronize: calls=15661 total_ms=70.138 max_us=2586
by_direct_callsite (file:line):
   0 /opt/llama.cpp/ggml/src/ggml-cuda/ggml-cuda.cu:839 calls=15308 total_ms=63.774 avg_us=4.166 max_us=353
   1 /opt/llama.cpp/ggml/src/ggml-cuda/ggml-cuda.cu:900 calls=12 total_ms=5.896 avg_us=491.333 max_us=2586
   2 /opt/llama.cpp/ggml/src/ggml-cuda/ggml-cuda.cu:2665 calls=191 total_ms=0.313 avg_us=1.639 max_us=10
   3 /opt/llama.cpp/ggml/src/ggml-cuda/ggml-cuda.cu:847 calls=150 total_ms=0.155 avg_us=1.033 max_us=3
=== END CUDA SYNC PROFILE ===
backend-sync-trace: count=36000 backend=CUDA0 caller=ggml_backend_sched_graph_compute_async_ext+0xffd

=== CUDA SYNC PROFILE (instrumentation only) ===
total_syncs = 36000
total_wait_ms = 19907.871
max_wait_us = 140882
sites = 5
wait_hist_us = logarithmic buckets
  hist[0] = 32658
  hist[1] = 1897
  hist[2] = 97
  hist[3] = 17
  hist[4] = 18
  hist[5] = 1
  hist[9] = 258
  hist[10] = 527
  hist[11] = 89
  hist[14] = 142
  hist[15] = 260
  hist[16] = 35
  hist[17] = 1
by_callsite (caller PC; symbolize with addr2line):
   0 caller=0x7bf768d5c0d2 calls=14510 total_ms=19895.754 avg_us=1371.175 max_us=140882
   1 caller=0x7bf768d6098c calls=11840 total_ms=4.693 avg_us=0.396 max_us=24
   2 caller=0x7bf768d6089c calls=4386 total_ms=3.785 avg_us=0.863 max_us=28
   3 caller=0x7bf768d5f852 calls=878 total_ms=1.889 avg_us=2.151 max_us=36
   4 caller=0x7bf768d60abd calls=4386 total_ms=1.750 avg_us=0.399 max_us=19
direct_cudaStreamSynchronize: calls=15697 total_ms=70.281 max_us=2586
by_direct_callsite (file:line):
   0 /opt/llama.cpp/ggml/src/ggml-cuda/ggml-cuda.cu:839 calls=15344 total_ms=63.917 avg_us=4.166 max_us=353
   1 /opt/llama.cpp/ggml/src/ggml-cuda/ggml-cuda.cu:900 calls=12 total_ms=5.896 avg_us=491.333 max_us=2586
   2 /opt/llama.cpp/ggml/src/ggml-cuda/ggml-cuda.cu:2665 calls=191 total_ms=0.313 avg_us=1.639 max_us=10
   3 /opt/llama.cpp/ggml/src/ggml-cuda/ggml-cuda.cu:847 calls=150 total_ms=0.155 avg_us=1.033 max_us=3
=== END CUDA SYNC PROFILE ===

=== CUDA SYNC PROFILE (instrumentation only) ===
total_syncs = 36002
total_wait_ms = 19907.872
max_wait_us = 140882
sites = 5
wait_hist_us = logarithmic buckets
  hist[0] = 32660
  hist[1] = 1897
  hist[2] = 97
  hist[3] = 17
  hist[4] = 18
  hist[5] = 1
  hist[9] = 258
  hist[10] = 527
  hist[11] = 89
  hist[14] = 142
  hist[15] = 260
  hist[16] = 35
  hist[17] = 1
by_callsite (caller PC; symbolize with addr2line):
   0 caller=0x7bf768d5c0d2 calls=14510 total_ms=19895.754 avg_us=1371.175 max_us=140882
   1 caller=0x7bf768d6098c calls=11842 total_ms=4.694 avg_us=0.396 max_us=24
   2 caller=0x7bf768d6089c calls=4386 total_ms=3.785 avg_us=0.863 max_us=28
   3 caller=0x7bf768d5f852 calls=878 total_ms=1.889 avg_us=2.151 max_us=36
   4 caller=0x7bf768d60abd calls=4386 total_ms=1.750 avg_us=0.399 max_us=19
direct_cudaStreamSynchronize: calls=15700 total_ms=70.291 max_us=2586
by_direct_callsite (file:line):
   0 /opt/llama.cpp/ggml/src/ggml-cuda/ggml-cuda.cu:839 calls=15347 total_ms=63.927 avg_us=4.165 max_us=353
   1 /opt/llama.cpp/ggml/src/ggml-cuda/ggml-cuda.cu:900 calls=12 total_ms=5.896 avg_us=491.333 max_us=2586
   2 /opt/llama.cpp/ggml/src/ggml-cuda/ggml-cuda.cu:2665 calls=191 total_ms=0.313 avg_us=1.639 max_us=10
   3 /opt/llama.cpp/ggml/src/ggml-cuda/ggml-cuda.cu:847 calls=150 total_ms=0.155 avg_us=1.033 max_us=3
=== END CUDA SYNC PROFILE ===
backend-sync-trace: count=36100 backend=CUDA0 caller=ggml_backend_sched_synchronize+0x62

=== CUDA SYNC PROFILE (instrumentation only) ===
total_syncs = 36100
total_wait_ms = 19966.342
max_wait_us = 140882
sites = 5
wait_hist_us = logarithmic buckets
  hist[0] = 32750
  hist[1] = 1900
  hist[2] = 97
  hist[3] = 17
  hist[4] = 18
  hist[5] = 1
  hist[9] = 258
  hist[10] = 531
  hist[11] = 89
  hist[14] = 142
  hist[15] = 261
  hist[16] = 35
  hist[17] = 1
by_callsite (caller PC; symbolize with addr2line):
   0 caller=0x7bf768d5c0d2 calls=14549 total_ms=19954.199 avg_us=1371.517 max_us=140882
   1 caller=0x7bf768d6098c calls=11875 total_ms=4.705 avg_us=0.396 max_us=24
   2 caller=0x7bf768d6089c calls=4398 total_ms=3.793 avg_us=0.862 max_us=28
   3 caller=0x7bf768d5f852 calls=880 total_ms=1.892 avg_us=2.150 max_us=36
   4 caller=0x7bf768d60abd calls=4398 total_ms=1.753 avg_us=0.399 max_us=19
direct_cudaStreamSynchronize: calls=15743 total_ms=70.459 max_us=2586
by_direct_callsite (file:line):
   0 /opt/llama.cpp/ggml/src/ggml-cuda/ggml-cuda.cu:839 calls=15390 total_ms=64.095 avg_us=4.165 max_us=353
   1 /opt/llama.cpp/ggml/src/ggml-cuda/ggml-cuda.cu:900 calls=12 total_ms=5.896 avg_us=491.333 max_us=2586
   2 /opt/llama.cpp/ggml/src/ggml-cuda/ggml-cuda.cu:2665 calls=191 total_ms=0.313 avg_us=1.639 max_us=10
   3 /opt/llama.cpp/ggml/src/ggml-cuda/ggml-cuda.cu:847 calls=150 total_ms=0.155 avg_us=1.033 max_us=3
=== END CUDA SYNC PROFILE ===
backend-sync-trace: count=36200 backend=CUDA0 caller=0x7bf768d5f852

=== CUDA SYNC PROFILE (instrumentation only) ===
total_syncs = 36200
total_wait_ms = 20043.458
max_wait_us = 140882
sites = 5
wait_hist_us = logarithmic buckets
  hist[0] = 32840
  hist[1] = 1906
  hist[2] = 97
  hist[3] = 17
  hist[4] = 18
  hist[5] = 1
  hist[9] = 258
  hist[10] = 532
  hist[11] = 90
  hist[14] = 142
  hist[15] = 263
  hist[16] = 35
  hist[17] = 1
by_callsite (caller PC; symbolize with addr2line):
   0 caller=0x7bf768d5c0d2 calls=14576 total_ms=20031.282 avg_us=1374.265 max_us=140882
   1 caller=0x7bf768d6098c calls=11917 total_ms=4.716 avg_us=0.396 max_us=24
   2 caller=0x7bf768d6089c calls=4412 total_ms=3.804 avg_us=0.862 max_us=28
   3 caller=0x7bf768d5f852 calls=883 total_ms=1.898 avg_us=2.149 max_us=36
   4 caller=0x7bf768d60abd calls=4412 total_ms=1.758 avg_us=0.398 max_us=19
direct_cudaStreamSynchronize: calls=15796 total_ms=70.677 max_us=2586
by_direct_callsite (file:line):
   0 /opt/llama.cpp/ggml/src/ggml-cuda/ggml-cuda.cu:839 calls=15443 total_ms=64.313 avg_us=4.165 max_us=353
   1 /opt/llama.cpp/ggml/src/ggml-cuda/ggml-cuda.cu:900 calls=12 total_ms=5.896 avg_us=491.333 max_us=2586
   2 /opt/llama.cpp/ggml/src/ggml-cuda/ggml-cuda.cu:2665 calls=191 total_ms=0.313 avg_us=1.639 max_us=10
   3 /opt/llama.cpp/ggml/src/ggml-cuda/ggml-cuda.cu:847 calls=150 total_ms=0.155 avg_us=1.033 max_us=3
=== END CUDA SYNC PROFILE ===

=== CUDA SYNC PROFILE (instrumentation only) ===
total_syncs = 36206
total_wait_ms = 20043.460
max_wait_us = 140882
sites = 5
wait_hist_us = logarithmic buckets
  hist[0] = 32846
  hist[1] = 1906
  hist[2] = 97
  hist[3] = 17
  hist[4] = 18
  hist[5] = 1
  hist[9] = 258
  hist[10] = 532
  hist[11] = 90
  hist[14] = 142
  hist[15] = 263
  hist[16] = 35
  hist[17] = 1
by_callsite (caller PC; symbolize with addr2line):
   0 caller=0x7bf768d5c0d2 calls=14576 total_ms=20031.282 avg_us=1374.265 max_us=140882
   1 caller=0x7bf768d6098c calls=11919 total_ms=4.716 avg_us=0.396 max_us=24
   2 caller=0x7bf768d6089c calls=4414 total_ms=3.806 avg_us=0.862 max_us=28
   3 caller=0x7bf768d5f852 calls=883 total_ms=1.898 avg_us=2.149 max_us=36
   4 caller=0x7bf768d60abd calls=4414 total_ms=1.758 avg_us=0.398 max_us=19
direct_cudaStreamSynchronize: calls=15800 total_ms=70.701 max_us=2586
by_direct_callsite (file:line):
   0 /opt/llama.cpp/ggml/src/ggml-cuda/ggml-cuda.cu:839 calls=15447 total_ms=64.337 avg_us=4.165 max_us=353
   1 /opt/llama.cpp/ggml/src/ggml-cuda/ggml-cuda.cu:900 calls=12 total_ms=5.896 avg_us=491.333 max_us=2586
   2 /opt/llama.cpp/ggml/src/ggml-cuda/ggml-cuda.cu:2665 calls=191 total_ms=0.313 avg_us=1.639 max_us=10
   3 /opt/llama.cpp/ggml/src/ggml-cuda/ggml-cuda.cu:847 calls=150 total_ms=0.155 avg_us=1.033 max_us=3
=== END CUDA SYNC PROFILE ===
backend-sync-trace: count=36300 backend=CUDA0 caller=ggml_backend_sched_synchronize+0x62

=== CUDA SYNC PROFILE (instrumentation only) ===
total_syncs = 36300
total_wait_ms = 20114.774
max_wait_us = 140882
sites = 5
wait_hist_us = logarithmic buckets
  hist[0] = 32933
  hist[1] = 1910
  hist[2] = 97
  hist[3] = 17
  hist[4] = 18
  hist[5] = 1
  hist[9] = 258
  hist[10] = 534
  hist[11] = 90
  hist[14] = 142
  hist[15] = 263
  hist[16] = 36
  hist[17] = 1
by_callsite (caller PC; symbolize with addr2line):
   0 caller=0x7bf768d5c0d2 calls=14619 total_ms=20102.570 avg_us=1375.099 max_us=140882
   1 caller=0x7bf768d6098c calls=11948 total_ms=4.729 avg_us=0.396 max_us=24
   2 caller=0x7bf768d6089c calls=4424 total_ms=3.812 avg_us=0.862 max_us=28
   3 caller=0x7bf768d5f852 calls=885 total_ms=1.903 avg_us=2.150 max_us=36
   4 caller=0x7bf768d60abd calls=4424 total_ms=1.760 avg_us=0.398 max_us=19
direct_cudaStreamSynchronize: calls=15836 total_ms=70.845 max_us=2586
by_direct_callsite (file:line):
   0 /opt/llama.cpp/ggml/src/ggml-cuda/ggml-cuda.cu:839 calls=15483 total_ms=64.481 avg_us=4.165 max_us=353
   1 /opt/llama.cpp/ggml/src/ggml-cuda/ggml-cuda.cu:900 calls=12 total_ms=5.896 avg_us=491.333 max_us=2586
   2 /opt/llama.cpp/ggml/src/ggml-cuda/ggml-cuda.cu:2665 calls=191 total_ms=0.313 avg_us=1.639 max_us=10
   3 /opt/llama.cpp/ggml/src/ggml-cuda/ggml-cuda.cu:847 calls=150 total_ms=0.155 avg_us=1.033 max_us=3
=== END CUDA SYNC PROFILE ===
backend-sync-trace: count=36400 backend=CUDA0 caller=ggml_backend_sched_synchronize+0x62

=== CUDA SYNC PROFILE (instrumentation only) ===
total_syncs = 36400
total_wait_ms = 20172.928
max_wait_us = 140882
sites = 5
wait_hist_us = logarithmic buckets
  hist[0] = 33025
  hist[1] = 1915
  hist[2] = 97
  hist[3] = 17
  hist[4] = 18
  hist[5] = 1
  hist[9] = 258
  hist[10] = 536
  hist[11] = 90
  hist[14] = 142
  hist[15] = 264
  hist[16] = 36
  hist[17] = 1
by_callsite (caller PC; symbolize with addr2line):
   0 caller=0x7bf768d5c0d2 calls=14670 total_ms=20160.696 avg_us=1374.281 max_us=140882
   1 caller=0x7bf768d6098c calls=11975 total_ms=4.743 avg_us=0.396 max_us=24
   2 caller=0x7bf768d6089c calls=4434 total_ms=3.818 avg_us=0.861 max_us=28
   3 caller=0x7bf768d5f852 calls=887 total_ms=1.908 avg_us=2.151 max_us=36
   4 caller=0x7bf768d60abd calls=4434 total_ms=1.763 avg_us=0.398 max_us=19
direct_cudaStreamSynchronize: calls=15871 total_ms=70.988 max_us=2586
by_direct_callsite (file:line):
   0 /opt/llama.cpp/ggml/src/ggml-cuda/ggml-cuda.cu:839 calls=15518 total_ms=64.624 avg_us=4.164 max_us=353
   1 /opt/llama.cpp/ggml/src/ggml-cuda/ggml-cuda.cu:900 calls=12 total_ms=5.896 avg_us=491.333 max_us=2586
   2 /opt/llama.cpp/ggml/src/ggml-cuda/ggml-cuda.cu:2665 calls=191 total_ms=0.313 avg_us=1.639 max_us=10
   3 /opt/llama.cpp/ggml/src/ggml-cuda/ggml-cuda.cu:847 calls=150 total_ms=0.155 avg_us=1.033 max_us=3
=== END CUDA SYNC PROFILE ===

=== CUDA SYNC PROFILE (instrumentation only) ===
total_syncs = 36454
total_wait_ms = 20176.114
max_wait_us = 140882
sites = 5
wait_hist_us = logarithmic buckets
  hist[0] = 33075
  hist[1] = 1917
  hist[2] = 97
  hist[3] = 17
  hist[4] = 18
  hist[5] = 1
  hist[9] = 259
  hist[10] = 536
  hist[11] = 91
  hist[14] = 142
  hist[15] = 264
  hist[16] = 36
  hist[17] = 1
by_callsite (caller PC; symbolize with addr2line):
   0 caller=0x7bf768d5c0d2 calls=14685 total_ms=20163.866 avg_us=1373.093 max_us=140882
   1 caller=0x7bf768d6098c calls=11997 total_ms=4.747 avg_us=0.396 max_us=24
   2 caller=0x7bf768d6089c calls=4442 total_ms=3.826 avg_us=0.861 max_us=28
   3 caller=0x7bf768d5f852 calls=888 total_ms=1.910 avg_us=2.151 max_us=36
   4 caller=0x7bf768d60abd calls=4442 total_ms=1.765 avg_us=0.397 max_us=19
direct_cudaStreamSynchronize: calls=15900 total_ms=71.100 max_us=2586
by_direct_callsite (file:line):
   0 /opt/llama.cpp/ggml/src/ggml-cuda/ggml-cuda.cu:839 calls=15547 total_ms=64.736 avg_us=4.164 max_us=353
   1 /opt/llama.cpp/ggml/src/ggml-cuda/ggml-cuda.cu:900 calls=12 total_ms=5.896 avg_us=491.333 max_us=2586
   2 /opt/llama.cpp/ggml/src/ggml-cuda/ggml-cuda.cu:2665 calls=191 total_ms=0.313 avg_us=1.639 max_us=10
   3 /opt/llama.cpp/ggml/src/ggml-cuda/ggml-cuda.cu:847 calls=150 total_ms=0.155 avg_us=1.033 max_us=3
=== END CUDA SYNC PROFILE ===
backend-sync-trace: count=36500 backend=CUDA0 caller=ggml_backend_sched_synchronize+0x62

=== CUDA SYNC PROFILE (instrumentation only) ===
total_syncs = 36500
total_wait_ms = 20224.229
max_wait_us = 140882
sites = 5
wait_hist_us = logarithmic buckets
  hist[0] = 33118
  hist[1] = 1918
  hist[2] = 97
  hist[3] = 17
  hist[4] = 18
  hist[5] = 1
  hist[9] = 259
  hist[10] = 537
  hist[11] = 91
  hist[14] = 142
  hist[15] = 265
  hist[16] = 36
  hist[17] = 1
by_callsite (caller PC; symbolize with addr2line):
   0 caller=0x7bf768d5c0d2 calls=14712 total_ms=20211.971 avg_us=1373.843 max_us=140882
   1 caller=0x7bf768d6098c calls=12006 total_ms=4.751 avg_us=0.396 max_us=24
   2 caller=0x7bf768d6089c calls=4446 total_ms=3.827 avg_us=0.861 max_us=28
   3 caller=0x7bf768d5f852 calls=890 total_ms=1.914 avg_us=2.151 max_us=36
   4 caller=0x7bf768d60abd calls=4446 total_ms=1.766 avg_us=0.397 max_us=19
direct_cudaStreamSynchronize: calls=15912 total_ms=71.148 max_us=2586
by_direct_callsite (file:line):
   0 /opt/llama.cpp/ggml/src/ggml-cuda/ggml-cuda.cu:839 calls=15559 total_ms=64.784 avg_us=4.164 max_us=353
   1 /opt/llama.cpp/ggml/src/ggml-cuda/ggml-cuda.cu:900 calls=12 total_ms=5.896 avg_us=491.333 max_us=2586
   2 /opt/llama.cpp/ggml/src/ggml-cuda/ggml-cuda.cu:2665 calls=191 total_ms=0.313 avg_us=1.639 max_us=10
   3 /opt/llama.cpp/ggml/src/ggml-cuda/ggml-cuda.cu:847 calls=150 total_ms=0.155 avg_us=1.033 max_us=3
=== END CUDA SYNC PROFILE ===
backend-sync-trace: count=36600 backend=CUDA0 caller=ggml_backend_sched_synchronize+0x62

=== CUDA SYNC PROFILE (instrumentation only) ===
total_syncs = 36600
total_wait_ms = 20283.156
max_wait_us = 140882
sites = 5
wait_hist_us = logarithmic buckets
  hist[0] = 33209
  hist[1] = 1923
  hist[2] = 97
  hist[3] = 17
  hist[4] = 18
  hist[5] = 1
  hist[9] = 259
  hist[10] = 540
  hist[11] = 91
  hist[14] = 142
  hist[15] = 266
  hist[16] = 36
  hist[17] = 1
by_callsite (caller PC; symbolize with addr2line):
   0 caller=0x7bf768d5c0d2 calls=14755 total_ms=20270.867 avg_us=1373.830 max_us=140882
   1 caller=0x7bf768d6098c calls=12037 total_ms=4.764 avg_us=0.396 max_us=24
   2 caller=0x7bf768d6089c calls=4458 total_ms=3.836 avg_us=0.860 max_us=28
   3 caller=0x7bf768d5f852 calls=892 total_ms=1.918 avg_us=2.150 max_us=36
   4 caller=0x7bf768d60abd calls=4458 total_ms=1.771 avg_us=0.397 max_us=19
direct_cudaStreamSynchronize: calls=15953 total_ms=71.316 max_us=2586
by_direct_callsite (file:line):
   0 /opt/llama.cpp/ggml/src/ggml-cuda/ggml-cuda.cu:839 calls=15600 total_ms=64.952 avg_us=4.164 max_us=353
   1 /opt/llama.cpp/ggml/src/ggml-cuda/ggml-cuda.cu:900 calls=12 total_ms=5.896 avg_us=491.333 max_us=2586
   2 /opt/llama.cpp/ggml/src/ggml-cuda/ggml-cuda.cu:2665 calls=191 total_ms=0.313 avg_us=1.639 max_us=10
   3 /opt/llama.cpp/ggml/src/ggml-cuda/ggml-cuda.cu:847 calls=150 total_ms=0.155 avg_us=1.033 max_us=3
=== END CUDA SYNC PROFILE ===

=== CUDA SYNC PROFILE (instrumentation only) ===
total_syncs = 36695
total_wait_ms = 20374.789
max_wait_us = 140882
sites = 5
wait_hist_us = logarithmic buckets
  hist[0] = 33296
  hist[1] = 1928
  hist[2] = 97
  hist[3] = 17
  hist[4] = 18
  hist[5] = 1
  hist[9] = 259
  hist[10] = 541
  hist[11] = 92
  hist[14] = 142
  hist[15] = 266
  hist[16] = 37
  hist[17] = 1
by_callsite (caller PC; symbolize with addr2line):
   0 caller=0x7bf768d5c0d2 calls=14784 total_ms=20362.468 avg_us=1377.331 max_us=140882
   1 caller=0x7bf768d6098c calls=12073 total_ms=4.779 avg_us=0.396 max_us=24
   2 caller=0x7bf768d6089c calls=4472 total_ms=3.847 avg_us=0.860 max_us=28
   3 caller=0x7bf768d5f852 calls=894 total_ms=1.922 avg_us=2.150 max_us=36
   4 caller=0x7bf768d60abd calls=4472 total_ms=1.773 avg_us=0.396 max_us=19
direct_cudaStreamSynchronize: calls=16000 total_ms=71.519 max_us=2586
by_direct_callsite (file:line):
   0 /opt/llama.cpp/ggml/src/ggml-cuda/ggml-cuda.cu:839 calls=15647 total_ms=65.155 avg_us=4.164 max_us=353
   1 /opt/llama.cpp/ggml/src/ggml-cuda/ggml-cuda.cu:900 calls=12 total_ms=5.896 avg_us=491.333 max_us=2586
   2 /opt/llama.cpp/ggml/src/ggml-cuda/ggml-cuda.cu:2665 calls=191 total_ms=0.313 avg_us=1.639 max_us=10
   3 /opt/llama.cpp/ggml/src/ggml-cuda/ggml-cuda.cu:847 calls=150 total_ms=0.155 avg_us=1.033 max_us=3
=== END CUDA SYNC PROFILE ===
backend-sync-trace: count=36700 backend=CUDA0 caller=ggml_backend_sched_graph_compute_async_ext+0xecc

=== CUDA SYNC PROFILE (instrumentation only) ===
total_syncs = 36700
total_wait_ms = 20374.791
max_wait_us = 140882
sites = 5
wait_hist_us = logarithmic buckets
  hist[0] = 33301
  hist[1] = 1928
  hist[2] = 97
  hist[3] = 17
  hist[4] = 18
  hist[5] = 1
  hist[9] = 259
  hist[10] = 541
  hist[11] = 92
  hist[14] = 142
  hist[15] = 266
  hist[16] = 37
  hist[17] = 1
by_callsite (caller PC; symbolize with addr2line):
   0 caller=0x7bf768d5c0d2 calls=14784 total_ms=20362.468 avg_us=1377.331 max_us=140882
   1 caller=0x7bf768d6098c calls=12078 total_ms=4.781 avg_us=0.396 max_us=24
   2 caller=0x7bf768d6089c calls=4472 total_ms=3.847 avg_us=0.860 max_us=28
   3 caller=0x7bf768d5f852 calls=894 total_ms=1.922 avg_us=2.150 max_us=36
   4 caller=0x7bf768d60abd calls=4472 total_ms=1.773 avg_us=0.396 max_us=19
direct_cudaStreamSynchronize: calls=16004 total_ms=71.531 max_us=2586
by_direct_callsite (file:line):
   0 /opt/llama.cpp/ggml/src/ggml-cuda/ggml-cuda.cu:839 calls=15651 total_ms=65.167 avg_us=4.164 max_us=353
   1 /opt/llama.cpp/ggml/src/ggml-cuda/ggml-cuda.cu:900 calls=12 total_ms=5.896 avg_us=491.333 max_us=2586
   2 /opt/llama.cpp/ggml/src/ggml-cuda/ggml-cuda.cu:2665 calls=191 total_ms=0.313 avg_us=1.639 max_us=10
   3 /opt/llama.cpp/ggml/src/ggml-cuda/ggml-cuda.cu:847 calls=150 total_ms=0.155 avg_us=1.033 max_us=3
=== END CUDA SYNC PROFILE ===
1.26.224.230 I slot print_timing: id  0 | task 0 | prompt eval time =    2717.02 ms /   159 tokens (   17.09 ms per token,    58.52 tokens per second)
1.26.224.233 I slot print_timing: id  0 | task 0 |        eval time =   22359.69 ms /  1024 tokens (   21.86 ms per token,    45.75 tokens per second)
1.26.224.234 I slot print_timing: id  0 | task 0 |       total time =   25076.70 ms /  1183 tokens
1.26.224.236 I slot print_timing: id  0 | task 0 |    graphs reused =        440
1.26.224.238 I slot print_timing: id  0 | task 0 | draft acceptance = 0.64831 (  577 accepted /   890 generated), mean len =  2.30
moe-grouped-decode: registered=49 covered=49 plan_calls=1337 plan_compiles=453 plan_reuses=884 calls=22299 ready=22299 ready_min=446 ready_max=891 completed=22299 completed_min=446 completed_max=891 admitted_banks=66897 fallback=0 rollback=0 host_calls=0 host_ops=0 host_split_ops=0 strategy_switches=0 required_unsupported=0 prepare_error=0 finish_error=0 h2d_banks=172314 h2d_bytes=133564211200
moe-cache-experts: tensors=144 experts=73728 unique=29313 unique_pct=39.76 accesses=96832 first_touches=29313 first_touch_pct=30.27 touched_once=3968 touched_ge2=25345 reuse_le_l1=61964 reuse_le_l1_pct=91.77 reuse_gt_l1=5555 reuse_gt_l1_pct=8.23 top1_pct=6.80 top5_pct=26.06 top10_pct=43.56
moe-cache-experts-hot: tensor=blk.3.ffn_down_exps.weight experts=512 unique=195 unique_pct=38.09 accesses=876 touched_once=0 touched_ge2=195 top10_pct=40.75 reuse_gt_l1_pct=2.94
moe-cache-tensor-hot-decode-miss: tensor=blk.47.ffn_down_exps.weight l1_hits=20 l1_misses=10 l1_evictions=0 l1_hit_rate=66.67% h2d_copies=10 h2d_mib=16.60 h2d_enqueue_ms=0.014 prefetch_used=10 prefetch_h2d_copies=10 prefetch_h2d_mib=16.60 reuse_gt_l1_pct=0.00
moe-cache-tensor-top-decode-miss: rank=1 tensor=blk.47.ffn_down_exps.weight phase=decode l1_hits=20 l1_misses=10 l1_hit_rate=66.67% l1_evictions=0 h2d_copies=10 h2d_mib=16.60 reuse_gt_l1_pct=0.00 reuse_le_l1_pct=100.00 unique_experts=10 unique_pct=1.95 touched_once=0 touched_ge2=10 top1_pct=60.00 top5_pct=100.00 top10_pct=100.00 demand_h2d_copies=0 prefetch_h2d_copies=10 prefetch_used=10 prefetch_unused=0 prefetch_use_rate=100.00% demand_evictions=0 prefetch_evictions=0 evicted_prefetched=0 evicted_hit_count_le1=0 evicted_hit_count_ge2=0 evicted_age_le_l1=0 evicted_age_gt_l1=0 rd_first_touch=10 rd_le8=0 rd_le16=20 rd_le32=0 rd_le_l1=0 rd_le_2xl1=0 rd_gt_2xl1=0
moe-cache-tensor-top-decode-miss: rank=2 tensor=blk.47.ffn_up_exps.weight phase=decode l1_hits=20 l1_misses=10 l1_hit_rate=66.67% l1_evictions=0 h2d_copies=10 h2d_mib=5.98 reuse_gt_l1_pct=0.00 reuse_le_l1_pct=100.00 unique_experts=10 unique_pct=1.95 touched_once=0 touched_ge2=10 top1_pct=60.00 top5_pct=100.00 top10_pct=100.00 demand_h2d_copies=0 prefetch_h2d_copies=10 prefetch_used=10 prefetch_unused=0 prefetch_use_rate=100.00% demand_evictions=0 prefetch_evictions=0 evicted_prefetched=0 evicted_hit_count_le1=0 evicted_hit_count_ge2=0 evicted_age_le_l1=0 evicted_age_gt_l1=0 rd_first_touch=10 rd_le8=0 rd_le16=20 rd_le32=0 rd_le_l1=0 rd_le_2xl1=0 rd_gt_2xl1=0
moe-cache-tensor-top-decode-miss: rank=3 tensor=blk.47.ffn_gate_exps.weight phase=decode l1_hits=20 l1_misses=10 l1_hit_rate=66.67% l1_evictions=0 h2d_copies=10 h2d_mib=5.98 reuse_gt_l1_pct=0.00 reuse_le_l1_pct=100.00 unique_experts=10 unique_pct=1.95 touched_once=0 touched_ge2=10 top1_pct=60.00 top5_pct=100.00 top10_pct=100.00 demand_h2d_copies=10 prefetch_h2d_copies=0 prefetch_used=0 prefetch_unused=0 prefetch_use_rate=0.00% demand_evictions=0 prefetch_evictions=0 evicted_prefetched=0 evicted_hit_count_le1=0 evicted_hit_count_ge2=0 evicted_age_le_l1=0 evicted_age_gt_l1=0 rd_first_touch=10 rd_le8=0 rd_le16=20 rd_le32=0 rd_le_l1=0 rd_le_2xl1=0 rd_gt_2xl1=0
moe-cache-tensor-donor-candidate: rank=1 tensor=blk.47.ffn_up_exps.weight l1_hit_rate=66.67% h2d_mib=5.98 l1_misses=10 reuse_gt_l1_pct=0.00 unique_pct=1.95 top10_pct=100.00
moe-cache-tensor-donor-candidate: rank=2 tensor=blk.47.ffn_gate_exps.weight l1_hit_rate=66.67% h2d_mib=5.98 l1_misses=10 reuse_gt_l1_pct=0.00 unique_pct=1.95 top10_pct=100.00
moe-cache-tensor-donor-candidate: rank=3 tensor=blk.47.ffn_down_exps.weight l1_hit_rate=66.67% h2d_mib=16.60 l1_misses=10 reuse_gt_l1_pct=0.00 unique_pct=1.95 top10_pct=100.00
moe-cache-phase: phase=prefill ops=573 staged_ops=156 split_staged_ops=156 overflow_ops=156 unique_avg=87.58 unique_max=276 ids_mib=44.17 ids_d2h_mib=44.17 ids_d2h_ms=900.055 ids_d2h_syncs=139 ids_cache_hits=382 acquire_ms=84.741 remap_ms=0.657 copy_wait_events=417 copy_wait_event_ms=0.639 op_cpu_ms=1234.865 l1_hits=65983 l1_misses=30759 l1_evictions=8901 l1_hit_rate=68.21% h2d_copies=30759 h2d_mib=22274.44 h2d_enqueue_ms=50.405 prefetch_hits=51134 prefetch_misses=21378 prefetch_used=11591 prefetch_h2d_copies=21378 prefetch_h2d_mib=16615.00 prefetch_h2d_enqueue_ms=36.431 upload_calls=36777 upload_mib=26630.52 staging_tiles=0 pipeline_tiles=0 tile_wait_calls=0 tile_wait_ms=0.000 cpu_pack_mib=0.00 cpu_pack_ms=0.000 pre_sync_calls=0 pre_sync_ms=0.000 h2d_submit_calls=36777 h2d_submit_mib=26630.52 h2d_submit_ms=51.212 post_sync_calls=0 post_sync_ms=0.000 upload_errors=0
moe-cache-phase: phase=decode ops=3 staged_ops=0 split_staged_ops=0 overflow_ops=0 unique_avg=10.00 unique_max=10 ids_mib=0.00 ids_d2h_mib=0.00 ids_d2h_ms=0.000 ids_d2h_syncs=0 ids_cache_hits=2 acquire_ms=0.755 remap_ms=0.007 copy_wait_events=3 copy_wait_event_ms=0.004 op_cpu_ms=5.309 l1_hits=60 l1_misses=30 l1_evictions=0 l1_hit_rate=66.67% h2d_copies=30 h2d_mib=28.56 h2d_enqueue_ms=0.046 prefetch_hits=40 prefetch_misses=20 prefetch_used=20 prefetch_h2d_copies=20 prefetch_h2d_mib=22.58 prefetch_h2d_enqueue_ms=0.031 upload_calls=30 upload_mib=28.56 staging_tiles=0 pipeline_tiles=0 tile_wait_calls=0 tile_wait_ms=0.000 cpu_pack_mib=0.00 cpu_pack_ms=0.000 pre_sync_calls=0 pre_sync_ms=0.000 h2d_submit_calls=30 h2d_submit_mib=28.56 h2d_submit_ms=0.043 post_sync_calls=0 post_sync_ms=0.000 upload_errors=0
moe-cache-mm: h2d_copies=30789 h2d_mib=22303.00 h2d_enqueue_ms=50.451 mincore_sampled=481 resident_pages=89650/89650 resident_pct=100.00 nonresident_experts=0 mincore_fail=0 proc_minflt=0 proc_majflt=0 vm_pswpin=0 vm_pswpout=0 vm_pgfault=0 vm_pgmajfault=0 vm_pgpgin=0 vm_pgpgout=0 vm_refault_file=0 vm_refault_anon=0
1.26.229.249 I slot      release: id  0 | task 0 | stop processing: n_tokens = 1182, truncated = 0
1.27.236.818 I srv    operator(): operator(): cleaning up before exit...
1.27.241.842 I spec ~common_spec: MTP decode overlap: queued = 444, reused = 444, discarded = 0

=== CUDA SYNC PROFILE (instrumentation only) ===
total_syncs = 36776
total_wait_ms = 20428.925
max_wait_us = 140882
sites = 5
wait_hist_us = logarithmic buckets
  hist[0] = 33363
  hist[1] = 1939
  hist[2] = 98
  hist[3] = 17
  hist[4] = 18
  hist[5] = 1
  hist[9] = 259
  hist[10] = 541
  hist[11] = 92
  hist[12] = 1
  hist[14] = 142
  hist[15] = 267
  hist[16] = 37
  hist[17] = 1
by_callsite (caller PC; symbolize with addr2line):
   0 caller=0x7bf768d5c0d2 calls=14820 total_ms=20416.576 avg_us=1377.637 max_us=140882
   1 caller=0x7bf768d6098c calls=12100 total_ms=4.790 avg_us=0.396 max_us=24
   2 caller=0x7bf768d6089c calls=4480 total_ms=3.854 avg_us=0.860 max_us=28
   3 caller=0x7bf768d5f852 calls=896 total_ms=1.926 avg_us=2.150 max_us=36
   4 caller=0x7bf768d60abd calls=4480 total_ms=1.779 avg_us=0.397 max_us=19
direct_cudaStreamSynchronize: calls=16034 total_ms=71.644 max_us=2586
by_direct_callsite (file:line):
   0 /opt/llama.cpp/ggml/src/ggml-cuda/ggml-cuda.cu:839 calls=15679 total_ms=65.280 avg_us=4.164 max_us=353
   1 /opt/llama.cpp/ggml/src/ggml-cuda/ggml-cuda.cu:900 calls=12 total_ms=5.896 avg_us=491.333 max_us=2586
   2 /opt/llama.cpp/ggml/src/ggml-cuda/ggml-cuda.cu:2665 calls=191 total_ms=0.313 avg_us=1.639 max_us=10
   3 /opt/llama.cpp/ggml/src/ggml-cuda/ggml-cuda.cu:847 calls=150 total_ms=0.155 avg_us=1.033 max_us=3
   4 /opt/llama.cpp/ggml/src/ggml-cuda/ggml-cuda.cu:741 calls=2 total_ms=0.000 avg_us=0.000 max_us=0
=== END CUDA SYNC PROFILE ===

=== CUDA SYNC PROFILE (instrumentation only) ===
total_syncs = 36776
total_wait_ms = 20428.925
max_wait_us = 140882
sites = 5
wait_hist_us = logarithmic buckets
  hist[0] = 33363
  hist[1] = 1939
  hist[2] = 98
  hist[3] = 17
  hist[4] = 18
  hist[5] = 1
  hist[9] = 259
  hist[10] = 541
  hist[11] = 92
  hist[12] = 1
  hist[14] = 142
  hist[15] = 267
  hist[16] = 37
  hist[17] = 1
by_callsite (caller PC; symbolize with addr2line):
   0 caller=0x7bf768d5c0d2 calls=14820 total_ms=20416.576 avg_us=1377.637 max_us=140882
   1 caller=0x7bf768d6098c calls=12100 total_ms=4.790 avg_us=0.396 max_us=24
   2 caller=0x7bf768d6089c calls=4480 total_ms=3.854 avg_us=0.860 max_us=28
   3 caller=0x7bf768d5f852 calls=896 total_ms=1.926 avg_us=2.150 max_us=36
   4 caller=0x7bf768d60abd calls=4480 total_ms=1.779 avg_us=0.397 max_us=19
direct_cudaStreamSynchronize: calls=16034 total_ms=71.644 max_us=2586
by_direct_callsite (file:line):
   0 /opt/llama.cpp/ggml/src/ggml-cuda/ggml-cuda.cu:839 calls=15679 total_ms=65.280 avg_us=4.164 max_us=353
   1 /opt/llama.cpp/ggml/src/ggml-cuda/ggml-cuda.cu:900 calls=12 total_ms=5.896 avg_us=491.333 max_us=2586
   2 /opt/llama.cpp/ggml/src/ggml-cuda/ggml-cuda.cu:2665 calls=191 total_ms=0.313 avg_us=1.639 max_us=10
   3 /opt/llama.cpp/ggml/src/ggml-cuda/ggml-cuda.cu:847 calls=150 total_ms=0.155 avg_us=1.033 max_us=3
   4 /opt/llama.cpp/ggml/src/ggml-cuda/ggml-cuda.cu:741 calls=2 total_ms=0.000 avg_us=0.000 max_us=0
=== END CUDA SYNC PROFILE ===
moe-grouped-decode: registered=49 covered=0 plan_calls=0 plan_compiles=0 plan_reuses=0 calls=0 ready=0 ready_min=0 ready_max=0 completed=0 completed_min=0 completed_max=0 admitted_banks=0 fallback=0 rollback=0 host_calls=0 host_ops=0 host_split_ops=0 strategy_switches=0 required_unsupported=0 prepare_error=0 finish_error=0 h2d_banks=0 h2d_bytes=0
moe-cache-experts: tensors=144 experts=73728 unique=0 unique_pct=0.00 accesses=0 first_touches=0 first_touch_pct=0.00 touched_once=0 touched_ge2=0 reuse_le_l1=0 reuse_le_l1_pct=0.00 reuse_gt_l1=0 reuse_gt_l1_pct=0.00 top1_pct=0.00 top5_pct=0.00 top10_pct=0.00
moe-cache-experts-hot: tensor=? experts=0 unique=0 unique_pct=0.00 accesses=0 touched_once=0 touched_ge2=0 top10_pct=0.00 reuse_gt_l1_pct=0.00
moe-cache-tensor-hot-decode-miss: tensor=? l1_hits=0 l1_misses=0 l1_evictions=0 l1_hit_rate=0.00% h2d_copies=0 h2d_mib=0.00 h2d_enqueue_ms=0.000 prefetch_used=0 prefetch_h2d_copies=0 prefetch_h2d_mib=0.00 reuse_gt_l1_pct=0.00
moe-cache-phase: phase=prefill ops=0 staged_ops=0 split_staged_ops=0 overflow_ops=0 unique_avg=0.00 unique_max=0 ids_mib=0.00 ids_d2h_mib=0.00 ids_d2h_ms=0.000 ids_d2h_syncs=0 ids_cache_hits=0 acquire_ms=0.000 remap_ms=0.000 copy_wait_events=0 copy_wait_event_ms=0.000 op_cpu_ms=0.000 l1_hits=0 l1_misses=0 l1_evictions=0 l1_hit_rate=0.00% h2d_copies=0 h2d_mib=0.00 h2d_enqueue_ms=0.000 prefetch_hits=0 prefetch_misses=0 prefetch_used=0 prefetch_h2d_copies=0 prefetch_h2d_mib=0.00 prefetch_h2d_enqueue_ms=0.000 upload_calls=0 upload_mib=0.00 staging_tiles=0 pipeline_tiles=0 tile_wait_calls=0 tile_wait_ms=0.000 cpu_pack_mib=0.00 cpu_pack_ms=0.000 pre_sync_calls=0 pre_sync_ms=0.000 h2d_submit_calls=0 h2d_submit_mib=0.00 h2d_submit_ms=0.000 post_sync_calls=0 post_sync_ms=0.000 upload_errors=0
moe-cache-phase: phase=decode ops=0 staged_ops=0 split_staged_ops=0 overflow_ops=0 unique_avg=0.00 unique_max=0 ids_mib=0.00 ids_d2h_mib=0.00 ids_d2h_ms=0.000 ids_d2h_syncs=0 ids_cache_hits=0 acquire_ms=0.000 remap_ms=0.000 copy_wait_events=0 copy_wait_event_ms=0.000 op_cpu_ms=0.000 l1_hits=0 l1_misses=0 l1_evictions=0 l1_hit_rate=0.00% h2d_copies=0 h2d_mib=0.00 h2d_enqueue_ms=0.000 prefetch_hits=0 prefetch_misses=0 prefetch_used=0 prefetch_h2d_copies=0 prefetch_h2d_mib=0.00 prefetch_h2d_enqueue_ms=0.000 upload_calls=0 upload_mib=0.00 staging_tiles=0 pipeline_tiles=0 tile_wait_calls=0 tile_wait_ms=0.000 cpu_pack_mib=0.00 cpu_pack_ms=0.000 pre_sync_calls=0 pre_sync_ms=0.000 h2d_submit_calls=0 h2d_submit_mib=0.00 h2d_submit_ms=0.000 post_sync_calls=0 post_sync_ms=0.000 upload_errors=0
moe-cache-mm: h2d_copies=0 h2d_mib=0.00 h2d_enqueue_ms=0.000 mincore_sampled=0 resident_pages=0/0 resident_pct=0.00 nonresident_experts=0 mincore_fail=0 proc_minflt=11 proc_majflt=4 vm_pswpin=0 vm_pswpout=0 vm_pgfault=18941 vm_pgmajfault=4 vm_pgpgin=172 vm_pgpgout=0 vm_refault_file=4 vm_refault_anon=0

=== CUDA SYNC PROFILE (instrumentation only) ===
total_syncs = 36777
total_wait_ms = 20428.935
max_wait_us = 140882
sites = 5
wait_hist_us = logarithmic buckets
  hist[0] = 33363
  hist[1] = 1939
  hist[2] = 98
  hist[3] = 18
  hist[4] = 18
  hist[5] = 1
  hist[9] = 259
  hist[10] = 541
  hist[11] = 92
  hist[12] = 1
  hist[14] = 142
  hist[15] = 267
  hist[16] = 37
  hist[17] = 1
by_callsite (caller PC; symbolize with addr2line):
   0 caller=0x7bf768d5c0d2 calls=14821 total_ms=20416.586 avg_us=1377.544 max_us=140882
   1 caller=0x7bf768d6098c calls=12100 total_ms=4.790 avg_us=0.396 max_us=24
   2 caller=0x7bf768d6089c calls=4480 total_ms=3.854 avg_us=0.860 max_us=28
   3 caller=0x7bf768d5f852 calls=896 total_ms=1.926 avg_us=2.150 max_us=36
   4 caller=0x7bf768d60abd calls=4480 total_ms=1.779 avg_us=0.397 max_us=19
direct_cudaStreamSynchronize: calls=16034 total_ms=71.644 max_us=2586
by_direct_callsite (file:line):
   0 /opt/llama.cpp/ggml/src/ggml-cuda/ggml-cuda.cu:839 calls=15679 total_ms=65.280 avg_us=4.164 max_us=353
   1 /opt/llama.cpp/ggml/src/ggml-cuda/ggml-cuda.cu:900 calls=12 total_ms=5.896 avg_us=491.333 max_us=2586
   2 /opt/llama.cpp/ggml/src/ggml-cuda/ggml-cuda.cu:2665 calls=191 total_ms=0.313 avg_us=1.639 max_us=10
   3 /opt/llama.cpp/ggml/src/ggml-cuda/ggml-cuda.cu:847 calls=150 total_ms=0.155 avg_us=1.033 max_us=3
   4 /opt/llama.cpp/ggml/src/ggml-cuda/ggml-cuda.cu:741 calls=2 total_ms=0.000 avg_us=0.000 max_us=0
=== END CUDA SYNC PROFILE ===

=== CUDA SYNC PROFILE (instrumentation only) ===
total_syncs = 36777
total_wait_ms = 20428.935
max_wait_us = 140882
sites = 5
wait_hist_us = logarithmic buckets
  hist[0] = 33363
  hist[1] = 1939
  hist[2] = 98
  hist[3] = 18
  hist[4] = 18
  hist[5] = 1
  hist[9] = 259
  hist[10] = 541
  hist[11] = 92
  hist[12] = 1
  hist[14] = 142
  hist[15] = 267
  hist[16] = 37
  hist[17] = 1
by_callsite (caller PC; symbolize with addr2line):
   0 caller=0x7bf768d5c0d2 calls=14821 total_ms=20416.586 avg_us=1377.544 max_us=140882
   1 caller=0x7bf768d6098c calls=12100 total_ms=4.790 avg_us=0.396 max_us=24
   2 caller=0x7bf768d6089c calls=4480 total_ms=3.854 avg_us=0.860 max_us=28
   3 caller=0x7bf768d5f852 calls=896 total_ms=1.926 avg_us=2.150 max_us=36
   4 caller=0x7bf768d60abd calls=4480 total_ms=1.779 avg_us=0.397 max_us=19
direct_cudaStreamSynchronize: calls=16035 total_ms=71.645 max_us=2586
by_direct_callsite (file:line):
   0 /opt/llama.cpp/ggml/src/ggml-cuda/ggml-cuda.cu:839 calls=15679 total_ms=65.280 avg_us=4.164 max_us=353
   1 /opt/llama.cpp/ggml/src/ggml-cuda/ggml-cuda.cu:900 calls=12 total_ms=5.896 avg_us=491.333 max_us=2586
   2 /opt/llama.cpp/ggml/src/ggml-cuda/ggml-cuda.cu:2665 calls=191 total_ms=0.313 avg_us=1.639 max_us=10
   3 /opt/llama.cpp/ggml/src/ggml-cuda/ggml-cuda.cu:847 calls=150 total_ms=0.155 avg_us=1.033 max_us=3
   4 /opt/llama.cpp/ggml/src/ggml-cuda/ggml-cuda.cu:2366 calls=1 total_ms=0.001 avg_us=1.000 max_us=1
   5 /opt/llama.cpp/ggml/src/ggml-cuda/ggml-cuda.cu:741 calls=2 total_ms=0.000 avg_us=0.000 max_us=0
=== END CUDA SYNC PROFILE ===
moe-grouped-decode: registered=48 covered=0 plan_calls=0 plan_compiles=0 plan_reuses=0 calls=0 ready=0 ready_min=0 ready_max=0 completed=0 completed_min=0 completed_max=0 admitted_banks=0 fallback=0 rollback=0 host_calls=0 host_ops=0 host_split_ops=0 strategy_switches=0 required_unsupported=0 prepare_error=0 finish_error=0 h2d_banks=0 h2d_bytes=0
moe-cache-experts: tensors=144 experts=73728 unique=0 unique_pct=0.00 accesses=0 first_touches=0 first_touch_pct=0.00 touched_once=0 touched_ge2=0 reuse_le_l1=0 reuse_le_l1_pct=0.00 reuse_gt_l1=0 reuse_gt_l1_pct=0.00 top1_pct=0.00 top5_pct=0.00 top10_pct=0.00
moe-cache-experts-hot: tensor=? experts=0 unique=0 unique_pct=0.00 accesses=0 touched_once=0 touched_ge2=0 top10_pct=0.00 reuse_gt_l1_pct=0.00
moe-cache-tensor-hot-decode-miss: tensor=? l1_hits=0 l1_misses=0 l1_evictions=0 l1_hit_rate=0.00% h2d_copies=0 h2d_mib=0.00 h2d_enqueue_ms=0.000 prefetch_used=0 prefetch_h2d_copies=0 prefetch_h2d_mib=0.00 reuse_gt_l1_pct=0.00
moe-cache-phase: phase=prefill ops=0 staged_ops=0 split_staged_ops=0 overflow_ops=0 unique_avg=0.00 unique_max=0 ids_mib=0.00 ids_d2h_mib=0.00 ids_d2h_ms=0.000 ids_d2h_syncs=0 ids_cache_hits=0 acquire_ms=0.000 remap_ms=0.000 copy_wait_events=0 copy_wait_event_ms=0.000 op_cpu_ms=0.000 l1_hits=0 l1_misses=0 l1_evictions=0 l1_hit_rate=0.00% h2d_copies=0 h2d_mib=0.00 h2d_enqueue_ms=0.000 prefetch_hits=0 prefetch_misses=0 prefetch_used=0 prefetch_h2d_copies=0 prefetch_h2d_mib=0.00 prefetch_h2d_enqueue_ms=0.000 upload_calls=0 upload_mib=0.00 staging_tiles=0 pipeline_tiles=0 tile_wait_calls=0 tile_wait_ms=0.000 cpu_pack_mib=0.00 cpu_pack_ms=0.000 pre_sync_calls=0 pre_sync_ms=0.000 h2d_submit_calls=0 h2d_submit_mib=0.00 h2d_submit_ms=0.000 post_sync_calls=0 post_sync_ms=0.000 upload_errors=0
moe-cache-phase: phase=decode ops=0 staged_ops=0 split_staged_ops=0 overflow_ops=0 unique_avg=0.00 unique_max=0 ids_mib=0.00 ids_d2h_mib=0.00 ids_d2h_ms=0.000 ids_d2h_syncs=0 ids_cache_hits=0 acquire_ms=0.000 remap_ms=0.000 copy_wait_events=0 copy_wait_event_ms=0.000 op_cpu_ms=0.000 l1_hits=0 l1_misses=0 l1_evictions=0 l1_hit_rate=0.00% h2d_copies=0 h2d_mib=0.00 h2d_enqueue_ms=0.000 prefetch_hits=0 prefetch_misses=0 prefetch_used=0 prefetch_h2d_copies=0 prefetch_h2d_mib=0.00 prefetch_h2d_enqueue_ms=0.000 upload_calls=0 upload_mib=0.00 staging_tiles=0 pipeline_tiles=0 tile_wait_calls=0 tile_wait_ms=0.000 cpu_pack_mib=0.00 cpu_pack_ms=0.000 pre_sync_calls=0 pre_sync_ms=0.000 h2d_submit_calls=0 h2d_submit_mib=0.00 h2d_submit_ms=0.000 post_sync_calls=0 post_sync_ms=0.000 upload_errors=0
moe-cache-mm: h2d_copies=0 h2d_mib=0.00 h2d_enqueue_ms=0.000 mincore_sampled=0 resident_pages=0/0 resident_pct=0.00 nonresident_experts=0 mincore_fail=0 proc_minflt=0 proc_majflt=0 vm_pswpin=0 vm_pswpout=0 vm_pgfault=666 vm_pgmajfault=0 vm_pgpgin=0 vm_pgpgout=0 vm_refault_file=39 vm_refault_anon=0

=== CUDA SYNC PROFILE (instrumentation only) ===
total_syncs = 36777
total_wait_ms = 20428.935
max_wait_us = 140882
sites = 5
wait_hist_us = logarithmic buckets
  hist[0] = 33363
  hist[1] = 1939
  hist[2] = 98
  hist[3] = 18
  hist[4] = 18
  hist[5] = 1
  hist[9] = 259
  hist[10] = 541
  hist[11] = 92
  hist[12] = 1
  hist[14] = 142
  hist[15] = 267
  hist[16] = 37
  hist[17] = 1
by_callsite (caller PC; symbolize with addr2line):
   0 caller=0x7bf768d5c0d2 calls=14821 total_ms=20416.586 avg_us=1377.544 max_us=140882
   1 caller=0x7bf768d6098c calls=12100 total_ms=4.790 avg_us=0.396 max_us=24
   2 caller=0x7bf768d6089c calls=4480 total_ms=3.854 avg_us=0.860 max_us=28
   3 caller=0x7bf768d5f852 calls=896 total_ms=1.926 avg_us=2.150 max_us=36
   4 caller=0x7bf768d60abd calls=4480 total_ms=1.779 avg_us=0.397 max_us=19
direct_cudaStreamSynchronize: calls=16035 total_ms=71.645 max_us=2586
by_direct_callsite (file:line):
   0 /opt/llama.cpp/ggml/src/ggml-cuda/ggml-cuda.cu:839 calls=15679 total_ms=65.280 avg_us=4.164 max_us=353
   1 /opt/llama.cpp/ggml/src/ggml-cuda/ggml-cuda.cu:900 calls=12 total_ms=5.896 avg_us=491.333 max_us=2586
   2 /opt/llama.cpp/ggml/src/ggml-cuda/ggml-cuda.cu:2665 calls=191 total_ms=0.313 avg_us=1.639 max_us=10
   3 /opt/llama.cpp/ggml/src/ggml-cuda/ggml-cuda.cu:847 calls=150 total_ms=0.155 avg_us=1.033 max_us=3
   4 /opt/llama.cpp/ggml/src/ggml-cuda/ggml-cuda.cu:2366 calls=1 total_ms=0.001 avg_us=1.000 max_us=1
   5 /opt/llama.cpp/ggml/src/ggml-cuda/ggml-cuda.cu:741 calls=2 total_ms=0.000 avg_us=0.000 max_us=0
=== END CUDA SYNC PROFILE ===

=== CUDA SYNC PROFILE (instrumentation only) ===
total_syncs = 36777
total_wait_ms = 20428.935
max_wait_us = 140882
sites = 5
wait_hist_us = logarithmic buckets
  hist[0] = 33363
  hist[1] = 1939
  hist[2] = 98
  hist[3] = 18
  hist[4] = 18
  hist[5] = 1
  hist[9] = 259
  hist[10] = 541
  hist[11] = 92
  hist[12] = 1
  hist[14] = 142
  hist[15] = 267
  hist[16] = 37
  hist[17] = 1
by_callsite (caller PC; symbolize with addr2line):
   0 caller=0x7bf768d5c0d2 calls=14821 total_ms=20416.586 avg_us=1377.544 max_us=140882
   1 caller=0x7bf768d6098c calls=12100 total_ms=4.790 avg_us=0.396 max_us=24
   2 caller=0x7bf768d6089c calls=4480 total_ms=3.854 avg_us=0.860 max_us=28
   3 caller=0x7bf768d5f852 calls=896 total_ms=1.926 avg_us=2.150 max_us=36
   4 caller=0x7bf768d60abd calls=4480 total_ms=1.779 avg_us=0.397 max_us=19
direct_cudaStreamSynchronize: calls=16035 total_ms=71.645 max_us=2586
by_direct_callsite (file:line):
   0 /opt/llama.cpp/ggml/src/ggml-cuda/ggml-cuda.cu:839 calls=15679 total_ms=65.280 avg_us=4.164 max_us=353
   1 /opt/llama.cpp/ggml/src/ggml-cuda/ggml-cuda.cu:900 calls=12 total_ms=5.896 avg_us=491.333 max_us=2586
   2 /opt/llama.cpp/ggml/src/ggml-cuda/ggml-cuda.cu:2665 calls=191 total_ms=0.313 avg_us=1.639 max_us=10
   3 /opt/llama.cpp/ggml/src/ggml-cuda/ggml-cuda.cu:847 calls=150 total_ms=0.155 avg_us=1.033 max_us=3
   4 /opt/llama.cpp/ggml/src/ggml-cuda/ggml-cuda.cu:2366 calls=1 total_ms=0.001 avg_us=1.000 max_us=1
   5 /opt/llama.cpp/ggml/src/ggml-cuda/ggml-cuda.cu:741 calls=2 total_ms=0.000 avg_us=0.000 max_us=0
=== END CUDA SYNC PROFILE ===
=== SCHEDULER SYNC PROFILE ===
site=sched_synchronize calls=29642 total_ms=20423.147 avg_us=688.994 max_us=140882
site=alloc_splits.realloc calls=1792 total_ms=2.314 avg_us=1.291 max_us=37
site=compute_splits.input_reuse calls=4480 total_ms=5.994 avg_us=1.338 max_us=74
site=compute_splits.input_copy_src calls=4480 total_ms=0.100 avg_us=0.022 max_us=1
site=compute_splits.input_copy_dst calls=4480 total_ms=3.211 avg_us=0.717 max_us=61
site=compute_splits.user_input calls=12100 total_ms=9.078 avg_us=0.750 max_us=122
--- SCHEDULER SYNC CALLERS ---
caller=ggml_backend_sched_reserve calls=18\ncaller=_ZN13llama_context11synchronizeEv calls=14803\n=== END SCHEDULER SYNC PROFILE ===
