0.00.122.632 I cmn  common_param: common_params_print_info: verbosity = 3 (adjust with the `-lv N` CLI arg)
0.00.122.970 W srv  llama_server: -----------------
0.00.122.971 W srv  llama_server: CORS is set to allow all origins ('*') and no API key is set
0.00.122.972 W srv  llama_server: this can be a security risk (cross-origin attacks)
0.00.122.972 W srv  llama_server: more info: https://github.com/ggml-org/llama.cpp/pull/25655
0.00.122.972 W srv  llama_server: -----------------
0.00.124.241 I srv    load_model: loading model '/opt/models/Qwen3.8-Flash-Next/UD-Q3_K_XL/Qwen3.8-Flash-Next-UD-Q3_K_XL-00001-of-00003.gguf'
0.58.224.576 I cmn          init: llama threadpool init, n_threads = 12
0.58.224.663 I common_speculative_init_result: loading draft model '/opt/models/Qwen3.8-Flash-Next/MTP/mtp-Qwen3.8-Flash-Next-Q4_K_M.gguf'

=== CUDA SYNC PROFILE (instrumentation only) ===
total_syncs = 2
total_wait_ms = 0.024
max_wait_us = 17
sites = 1
wait_hist_us = logarithmic buckets
  hist[2] = 1
  hist[4] = 1
by_callsite (caller PC; symbolize with addr2line):
   0 caller=0x7cb3f512e0c2 calls=2 total_ms=0.024 avg_us=12.000 max_us=17
direct_cudaStreamSynchronize: calls=3 total_ms=1.044 max_us=569
by_direct_callsite (file:line):
   0 /opt/llama.cpp/ggml/src/ggml-cuda/ggml-cuda.cu:900 calls=3 total_ms=1.044 avg_us=348.000 max_us=569
=== END CUDA SYNC PROFILE ===

=== CUDA SYNC PROFILE (instrumentation only) ===
total_syncs = 2
total_wait_ms = 0.024
max_wait_us = 17
sites = 1
wait_hist_us = logarithmic buckets
  hist[2] = 1
  hist[4] = 1
by_callsite (caller PC; symbolize with addr2line):
   0 caller=0x7cb3f512e0c2 calls=2 total_ms=0.024 avg_us=12.000 max_us=17
direct_cudaStreamSynchronize: calls=3 total_ms=1.044 max_us=569
by_direct_callsite (file:line):
   0 /opt/llama.cpp/ggml/src/ggml-cuda/ggml-cuda.cu:900 calls=3 total_ms=1.044 avg_us=348.000 max_us=569
=== END CUDA SYNC PROFILE ===
1.01.200.892 I srv    load_model: MTP recurrent-plane policy: draft depth = 2, total planes = 3, direct rollback horizon = 2, full-shape GPU replay = disabled
1.01.200.895 I srv    load_model: initializing, n_slots = 1, n_ctx_slot = 65536, kv_unified = 'false'
1.01.209.226 W srv          init: --cache-idle-slots requires --cache-ram, disabling
1.01.215.433 W srv          init: chat template supports preserving reasoning, it is enabled by default (may use more tokens, disable via --no-reasoning-preserve)
1.01.215.458 I srv  llama_server: model loaded
1.01.215.460 I srv  llama_server: listening on http://127.0.0.1:8080
1.01.215.460 W srv  llama_server: NOTICE: server default port will be changed to :9931 in a future release
1.01.215.460 W srv  llama_server:         ref: https://github.com/ggml-org/llama.cpp/pull/26508
1.03.200.464 I slot get_availabl: id  0 | task -1 | selected slot by LRU, t_last = -1
1.03.200.567 I slot launch_slot_: id  0 | task -1 | decode overlap: MTP draft enabled after target acceptance
1.03.200.570 I slot launch_slot_: id  0 | task 0 | processing task, is_child = 0

=== CUDA SYNC PROFILE (instrumentation only) ===
total_syncs = 70
total_wait_ms = 0.860
max_wait_us = 714
sites = 5
wait_hist_us = logarithmic buckets
  hist[0] = 52
  hist[1] = 6
  hist[2] = 2
  hist[3] = 7
  hist[4] = 2
  hist[9] = 1
by_callsite (caller PC; symbolize with addr2line):
   0 caller=0x7cb3f512e0c2 calls=18 total_ms=0.812 avg_us=45.111 max_us=714
   1 caller=0x7cb3f513277c calls=10 total_ms=0.017 avg_us=1.700 max_us=8
   2 caller=0x7cb3f513286c calls=30 total_ms=0.014 avg_us=0.467 max_us=1
   3 caller=0x7cb3f5131732 calls=2 total_ms=0.011 avg_us=5.500 max_us=9
   4 caller=0x7cb3f513299d calls=10 total_ms=0.006 avg_us=0.600 max_us=1
direct_cudaStreamSynchronize: calls=100 total_ms=6.067 max_us=2480
by_direct_callsite (file:line):
   0 /opt/llama.cpp/ggml/src/ggml-cuda/ggml-cuda.cu:900 calls=12 total_ms=5.793 avg_us=482.750 max_us=2480
   1 /opt/llama.cpp/ggml/src/ggml-cuda/ggml-cuda.cu:839 calls=37 total_ms=0.224 avg_us=6.054 max_us=39
   2 /opt/llama.cpp/ggml/src/ggml-cuda/ggml-cuda.cu:2665 calls=51 total_ms=0.050 avg_us=0.980 max_us=4
=== END CUDA SYNC PROFILE ===
backend-sync-trace: count=100 backend=CUDA0 caller=ggml_backend_sched_synchronize+0x52

=== CUDA SYNC PROFILE (instrumentation only) ===
total_syncs = 100
total_wait_ms = 30.608
max_wait_us = 29722
sites = 5
wait_hist_us = logarithmic buckets
  hist[0] = 77
  hist[1] = 10
  hist[2] = 2
  hist[3] = 7
  hist[4] = 2
  hist[9] = 1
  hist[14] = 1
by_callsite (caller PC; symbolize with addr2line):
   0 caller=0x7cb3f512e0c2 calls=39 total_ms=30.552 avg_us=783.385 max_us=29722
   1 caller=0x7cb3f513277c calls=12 total_ms=0.020 avg_us=1.667 max_us=8
   2 caller=0x7cb3f513286c calls=34 total_ms=0.015 avg_us=0.441 max_us=1
   3 caller=0x7cb3f5131732 calls=3 total_ms=0.014 avg_us=4.667 max_us=9
   4 caller=0x7cb3f513299d calls=12 total_ms=0.007 avg_us=0.583 max_us=1
direct_cudaStreamSynchronize: calls=149 total_ms=6.298 max_us=2480
by_direct_callsite (file:line):
   0 /opt/llama.cpp/ggml/src/ggml-cuda/ggml-cuda.cu:900 calls=12 total_ms=5.793 avg_us=482.750 max_us=2480
   1 /opt/llama.cpp/ggml/src/ggml-cuda/ggml-cuda.cu:839 calls=42 total_ms=0.403 avg_us=9.595 max_us=133
   2 /opt/llama.cpp/ggml/src/ggml-cuda/ggml-cuda.cu:2665 calls=95 total_ms=0.102 avg_us=1.074 max_us=4
=== END CUDA SYNC PROFILE ===

=== CUDA SYNC PROFILE (instrumentation only) ===
total_syncs = 126
total_wait_ms = 30.625
max_wait_us = 29722
sites = 5
wait_hist_us = logarithmic buckets
  hist[0] = 102
  hist[1] = 10
  hist[2] = 3
  hist[3] = 7
  hist[4] = 2
  hist[9] = 1
  hist[14] = 1
by_callsite (caller PC; symbolize with addr2line):
   0 caller=0x7cb3f512e0c2 calls=65 total_ms=30.569 avg_us=470.292 max_us=29722
   1 caller=0x7cb3f513277c calls=12 total_ms=0.020 avg_us=1.667 max_us=8
   2 caller=0x7cb3f513286c calls=34 total_ms=0.015 avg_us=0.441 max_us=1
   3 caller=0x7cb3f5131732 calls=3 total_ms=0.014 avg_us=4.667 max_us=9
   4 caller=0x7cb3f513299d calls=12 total_ms=0.007 avg_us=0.583 max_us=1
direct_cudaStreamSynchronize: calls=200 total_ms=6.336 max_us=2480
by_direct_callsite (file:line):
   0 /opt/llama.cpp/ggml/src/ggml-cuda/ggml-cuda.cu:900 calls=12 total_ms=5.793 avg_us=482.750 max_us=2480
   1 /opt/llama.cpp/ggml/src/ggml-cuda/ggml-cuda.cu:839 calls=42 total_ms=0.403 avg_us=9.595 max_us=133
   2 /opt/llama.cpp/ggml/src/ggml-cuda/ggml-cuda.cu:2665 calls=95 total_ms=0.102 avg_us=1.074 max_us=4
   3 /opt/llama.cpp/ggml/src/ggml-cuda/ggml-cuda.cu:847 calls=51 total_ms=0.038 avg_us=0.745 max_us=1
=== END CUDA SYNC PROFILE ===
backend-sync-trace: count=200 backend=CUDA0 caller=ggml_backend_sched_synchronize+0x52

=== CUDA SYNC PROFILE (instrumentation only) ===
total_syncs = 200
total_wait_ms = 54.798
max_wait_us = 29722
sites = 5
wait_hist_us = logarithmic buckets
  hist[0] = 168
  hist[1] = 15
  hist[2] = 5
  hist[3] = 7
  hist[4] = 2
  hist[9] = 1
  hist[14] = 2
by_callsite (caller PC; symbolize with addr2line):
   0 caller=0x7cb3f512e0c2 calls=108 total_ms=54.714 avg_us=506.611 max_us=29722
   1 caller=0x7cb3f513277c calls=18 total_ms=0.030 avg_us=1.667 max_us=8
   2 caller=0x7cb3f513286c calls=51 total_ms=0.022 avg_us=0.431 max_us=1
   3 caller=0x7cb3f5131732 calls=5 total_ms=0.021 avg_us=4.200 max_us=9
   4 caller=0x7cb3f513299d calls=18 total_ms=0.011 avg_us=0.611 max_us=1
direct_cudaStreamSynchronize: calls=292 total_ms=7.122 max_us=2480
by_direct_callsite (file:line):
   0 /opt/llama.cpp/ggml/src/ggml-cuda/ggml-cuda.cu:900 calls=12 total_ms=5.793 avg_us=482.750 max_us=2480
   1 /opt/llama.cpp/ggml/src/ggml-cuda/ggml-cuda.cu:839 calls=62 total_ms=1.103 avg_us=17.790 max_us=354
   2 /opt/llama.cpp/ggml/src/ggml-cuda/ggml-cuda.cu:2665 calls=143 total_ms=0.166 avg_us=1.161 max_us=5
   3 /opt/llama.cpp/ggml/src/ggml-cuda/ggml-cuda.cu:847 calls=75 total_ms=0.060 avg_us=0.800 max_us=1
=== END CUDA SYNC PROFILE ===

=== CUDA SYNC PROFILE (instrumentation only) ===
total_syncs = 276
total_wait_ms = 54.832
max_wait_us = 29722
sites = 5
wait_hist_us = logarithmic buckets
  hist[0] = 243
  hist[1] = 15
  hist[2] = 6
  hist[3] = 7
  hist[4] = 2
  hist[9] = 1
  hist[14] = 2
by_callsite (caller PC; symbolize with addr2line):
   0 caller=0x7cb3f512e0c2 calls=184 total_ms=54.748 avg_us=297.543 max_us=29722
   1 caller=0x7cb3f513277c calls=18 total_ms=0.030 avg_us=1.667 max_us=8
   2 caller=0x7cb3f513286c calls=51 total_ms=0.022 avg_us=0.431 max_us=1
   3 caller=0x7cb3f5131732 calls=5 total_ms=0.021 avg_us=4.200 max_us=9
   4 caller=0x7cb3f513299d calls=18 total_ms=0.011 avg_us=0.611 max_us=1
direct_cudaStreamSynchronize: calls=300 total_ms=7.127 max_us=2480
by_direct_callsite (file:line):
   0 /opt/llama.cpp/ggml/src/ggml-cuda/ggml-cuda.cu:900 calls=12 total_ms=5.793 avg_us=482.750 max_us=2480
   1 /opt/llama.cpp/ggml/src/ggml-cuda/ggml-cuda.cu:839 calls=62 total_ms=1.103 avg_us=17.790 max_us=354
   2 /opt/llama.cpp/ggml/src/ggml-cuda/ggml-cuda.cu:2665 calls=143 total_ms=0.166 avg_us=1.161 max_us=5
   3 /opt/llama.cpp/ggml/src/ggml-cuda/ggml-cuda.cu:847 calls=83 total_ms=0.065 avg_us=0.783 max_us=1
=== END CUDA SYNC PROFILE ===

=== CUDA SYNC PROFILE (instrumentation only) ===
total_syncs = 299
total_wait_ms = 54.851
max_wait_us = 29722
sites = 5
wait_hist_us = logarithmic buckets
  hist[0] = 263
  hist[1] = 18
  hist[2] = 6
  hist[3] = 7
  hist[4] = 2
  hist[9] = 1
  hist[14] = 2
by_callsite (caller PC; symbolize with addr2line):
   0 caller=0x7cb3f512e0c2 calls=185 total_ms=54.750 avg_us=295.946 max_us=29722
   1 caller=0x7cb3f513277c calls=22 total_ms=0.034 avg_us=1.545 max_us=8
   2 caller=0x7cb3f513286c calls=64 total_ms=0.029 avg_us=0.453 max_us=1
   3 caller=0x7cb3f5131732 calls=6 total_ms=0.024 avg_us=4.000 max_us=9
   4 caller=0x7cb3f513299d calls=22 total_ms=0.014 avg_us=0.636 max_us=1
direct_cudaStreamSynchronize: calls=400 total_ms=7.266 max_us=2480
by_direct_callsite (file:line):
   0 /opt/llama.cpp/ggml/src/ggml-cuda/ggml-cuda.cu:900 calls=12 total_ms=5.793 avg_us=482.750 max_us=2480
   1 /opt/llama.cpp/ggml/src/ggml-cuda/ggml-cuda.cu:839 calls=78 total_ms=1.173 avg_us=15.038 max_us=354
   2 /opt/llama.cpp/ggml/src/ggml-cuda/ggml-cuda.cu:2665 calls=160 total_ms=0.182 avg_us=1.137 max_us=5
   3 /opt/llama.cpp/ggml/src/ggml-cuda/ggml-cuda.cu:847 calls=150 total_ms=0.118 avg_us=0.787 max_us=2
=== END CUDA SYNC PROFILE ===
backend-sync-trace: count=300 backend=CUDA0 caller=ggml_backend_sched_synchronize+0x52

=== CUDA SYNC PROFILE (instrumentation only) ===
total_syncs = 300
total_wait_ms = 57.374
max_wait_us = 29722
sites = 5
wait_hist_us = logarithmic buckets
  hist[0] = 263
  hist[1] = 18
  hist[2] = 6
  hist[3] = 7
  hist[4] = 2
  hist[9] = 1
  hist[11] = 1
  hist[14] = 2
by_callsite (caller PC; symbolize with addr2line):
   0 caller=0x7cb3f512e0c2 calls=186 total_ms=57.273 avg_us=307.919 max_us=29722
   1 caller=0x7cb3f513277c calls=22 total_ms=0.034 avg_us=1.545 max_us=8
   2 caller=0x7cb3f513286c calls=64 total_ms=0.029 avg_us=0.453 max_us=1
   3 caller=0x7cb3f5131732 calls=6 total_ms=0.024 avg_us=4.000 max_us=9
   4 caller=0x7cb3f513299d calls=22 total_ms=0.014 avg_us=0.636 max_us=1
direct_cudaStreamSynchronize: calls=431 total_ms=7.298 max_us=2480
by_direct_callsite (file:line):
   0 /opt/llama.cpp/ggml/src/ggml-cuda/ggml-cuda.cu:900 calls=12 total_ms=5.793 avg_us=482.750 max_us=2480
   1 /opt/llama.cpp/ggml/src/ggml-cuda/ggml-cuda.cu:839 calls=78 total_ms=1.173 avg_us=15.038 max_us=354
   2 /opt/llama.cpp/ggml/src/ggml-cuda/ggml-cuda.cu:2665 calls=191 total_ms=0.214 avg_us=1.120 max_us=5
   3 /opt/llama.cpp/ggml/src/ggml-cuda/ggml-cuda.cu:847 calls=150 total_ms=0.118 avg_us=0.787 max_us=2
=== END CUDA SYNC PROFILE ===
backend-sync-trace: count=400 backend=CUDA0 caller=ggml_backend_sched_synchronize+0x52

=== CUDA SYNC PROFILE (instrumentation only) ===
total_syncs = 400
total_wait_ms = 104.432
max_wait_us = 40131
sites = 5
wait_hist_us = logarithmic buckets
  hist[0] = 351
  hist[1] = 26
  hist[2] = 6
  hist[3] = 7
  hist[4] = 3
  hist[9] = 1
  hist[11] = 3
  hist[14] = 2
  hist[15] = 1
by_callsite (caller PC; symbolize with addr2line):
   0 caller=0x7cb3f512e0c2 calls=230 total_ms=104.279 avg_us=453.387 max_us=40131
   1 caller=0x7cb3f513277c calls=34 total_ms=0.060 avg_us=1.765 max_us=17
   2 caller=0x7cb3f513286c calls=95 total_ms=0.046 avg_us=0.484 max_us=1
   3 caller=0x7cb3f5131732 calls=7 total_ms=0.025 avg_us=3.571 max_us=9
   4 caller=0x7cb3f513299d calls=34 total_ms=0.022 avg_us=0.647 max_us=1
direct_cudaStreamSynchronize: calls=471 total_ms=7.472 max_us=2480
by_direct_callsite (file:line):
   0 /opt/llama.cpp/ggml/src/ggml-cuda/ggml-cuda.cu:900 calls=12 total_ms=5.793 avg_us=482.750 max_us=2480
   1 /opt/llama.cpp/ggml/src/ggml-cuda/ggml-cuda.cu:839 calls=118 total_ms=1.347 avg_us=11.415 max_us=354
   2 /opt/llama.cpp/ggml/src/ggml-cuda/ggml-cuda.cu:2665 calls=191 total_ms=0.214 avg_us=1.120 max_us=5
   3 /opt/llama.cpp/ggml/src/ggml-cuda/ggml-cuda.cu:847 calls=150 total_ms=0.118 avg_us=0.787 max_us=2
=== END CUDA SYNC PROFILE ===

=== CUDA SYNC PROFILE (instrumentation only) ===
total_syncs = 465
total_wait_ms = 110.745
max_wait_us = 40131
sites = 5
wait_hist_us = logarithmic buckets
  hist[0] = 412
  hist[1] = 28
  hist[2] = 6
  hist[3] = 7
  hist[4] = 3
  hist[9] = 1
  hist[11] = 5
  hist[14] = 2
  hist[15] = 1
by_callsite (caller PC; symbolize with addr2line):
   0 caller=0x7cb3f512e0c2 calls=256 total_ms=110.575 avg_us=431.934 max_us=40131
   1 caller=0x7cb3f513277c calls=42 total_ms=0.065 avg_us=1.548 max_us=17
   2 caller=0x7cb3f513286c calls=117 total_ms=0.054 avg_us=0.462 max_us=1
   3 caller=0x7cb3f5131732 calls=8 total_ms=0.027 avg_us=3.375 max_us=9
   4 caller=0x7cb3f513299d calls=42 total_ms=0.024 avg_us=0.571 max_us=1
direct_cudaStreamSynchronize: calls=500 total_ms=7.585 max_us=2480
by_direct_callsite (file:line):
   0 /opt/llama.cpp/ggml/src/ggml-cuda/ggml-cuda.cu:900 calls=12 total_ms=5.793 avg_us=482.750 max_us=2480
   1 /opt/llama.cpp/ggml/src/ggml-cuda/ggml-cuda.cu:839 calls=147 total_ms=1.460 avg_us=9.932 max_us=354
   2 /opt/llama.cpp/ggml/src/ggml-cuda/ggml-cuda.cu:2665 calls=191 total_ms=0.214 avg_us=1.120 max_us=5
   3 /opt/llama.cpp/ggml/src/ggml-cuda/ggml-cuda.cu:847 calls=150 total_ms=0.118 avg_us=0.787 max_us=2
=== END CUDA SYNC PROFILE ===
backend-sync-trace: count=500 backend=CUDA0 caller=ggml_backend_sched_graph_compute_async_ext+0xddc

=== CUDA SYNC PROFILE (instrumentation only) ===
total_syncs = 500
total_wait_ms = 225.355
max_wait_us = 114591
sites = 5
wait_hist_us = logarithmic buckets
  hist[0] = 442
  hist[1] = 32
  hist[2] = 6
  hist[3] = 7
  hist[4] = 3
  hist[9] = 1
  hist[11] = 5
  hist[14] = 2
  hist[15] = 1
  hist[16] = 1
by_callsite (caller PC; symbolize with addr2line):
   0 caller=0x7cb3f512e0c2 calls=279 total_ms=225.177 avg_us=807.086 max_us=114591
   1 caller=0x7cb3f513277c calls=45 total_ms=0.067 avg_us=1.489 max_us=17
   2 caller=0x7cb3f513286c calls=122 total_ms=0.056 avg_us=0.459 max_us=1
   3 caller=0x7cb3f5131732 calls=10 total_ms=0.031 avg_us=3.100 max_us=9
   4 caller=0x7cb3f513299d calls=44 total_ms=0.024 avg_us=0.545 max_us=1
direct_cudaStreamSynchronize: calls=506 total_ms=7.611 max_us=2480
by_direct_callsite (file:line):
   0 /opt/llama.cpp/ggml/src/ggml-cuda/ggml-cuda.cu:900 calls=12 total_ms=5.793 avg_us=482.750 max_us=2480
   1 /opt/llama.cpp/ggml/src/ggml-cuda/ggml-cuda.cu:839 calls=153 total_ms=1.486 avg_us=9.712 max_us=354
   2 /opt/llama.cpp/ggml/src/ggml-cuda/ggml-cuda.cu:2665 calls=191 total_ms=0.214 avg_us=1.120 max_us=5
   3 /opt/llama.cpp/ggml/src/ggml-cuda/ggml-cuda.cu:847 calls=150 total_ms=0.118 avg_us=0.787 max_us=2
=== END CUDA SYNC PROFILE ===
backend-sync-trace: count=600 backend=CUDA0 caller=ggml_backend_sched_graph_compute_async_ext+0xecc

=== CUDA SYNC PROFILE (instrumentation only) ===
total_syncs = 600
total_wait_ms = 331.910
max_wait_us = 114591
sites = 5
wait_hist_us = logarithmic buckets
  hist[0] = 529
  hist[1] = 40
  hist[2] = 6
  hist[3] = 8
  hist[4] = 3
  hist[9] = 1
  hist[10] = 1
  hist[11] = 7
  hist[14] = 2
  hist[15] = 1
  hist[16] = 2
by_callsite (caller PC; symbolize with addr2line):
   0 caller=0x7cb3f512e0c2 calls=317 total_ms=331.672 avg_us=1046.284 max_us=114591
   1 caller=0x7cb3f513277c calls=58 total_ms=0.087 avg_us=1.500 max_us=17
   2 caller=0x7cb3f513286c calls=155 total_ms=0.083 avg_us=0.535 max_us=2
   3 caller=0x7cb3f5131732 calls=12 total_ms=0.035 avg_us=2.917 max_us=9
   4 caller=0x7cb3f513299d calls=58 total_ms=0.033 avg_us=0.569 max_us=1
direct_cudaStreamSynchronize: calls=550 total_ms=7.797 max_us=2480
by_direct_callsite (file:line):
   0 /opt/llama.cpp/ggml/src/ggml-cuda/ggml-cuda.cu:900 calls=12 total_ms=5.793 avg_us=482.750 max_us=2480
   1 /opt/llama.cpp/ggml/src/ggml-cuda/ggml-cuda.cu:839 calls=197 total_ms=1.672 avg_us=8.487 max_us=354
   2 /opt/llama.cpp/ggml/src/ggml-cuda/ggml-cuda.cu:2665 calls=191 total_ms=0.214 avg_us=1.120 max_us=5
   3 /opt/llama.cpp/ggml/src/ggml-cuda/ggml-cuda.cu:847 calls=150 total_ms=0.118 avg_us=0.787 max_us=2
=== END CUDA SYNC PROFILE ===
backend-sync-trace: count=700 backend=CUDA0 caller=ggml_backend_sched_graph_compute_async_ext+0xddc

=== CUDA SYNC PROFILE (instrumentation only) ===
total_syncs = 700
total_wait_ms = 480.448
max_wait_us = 140454
sites = 5
wait_hist_us = logarithmic buckets
  hist[0] = 617
  hist[1] = 46
  hist[2] = 8
  hist[3] = 8
  hist[4] = 3
  hist[9] = 1
  hist[10] = 2
  hist[11] = 9
  hist[14] = 2
  hist[15] = 1
  hist[16] = 2
  hist[17] = 1
by_callsite (caller PC; symbolize with addr2line):
   0 caller=0x7cb3f512e0c2 calls=361 total_ms=480.169 avg_us=1330.108 max_us=140454
   1 caller=0x7cb3f513277c calls=71 total_ms=0.105 avg_us=1.479 max_us=17
   2 caller=0x7cb3f513286c calls=184 total_ms=0.096 avg_us=0.522 max_us=2
   3 caller=0x7cb3f5131732 calls=14 total_ms=0.039 avg_us=2.786 max_us=9
   4 caller=0x7cb3f513299d calls=70 total_ms=0.039 avg_us=0.557 max_us=1
direct_cudaStreamSynchronize: calls=590 total_ms=7.952 max_us=2480
by_direct_callsite (file:line):
   0 /opt/llama.cpp/ggml/src/ggml-cuda/ggml-cuda.cu:900 calls=12 total_ms=5.793 avg_us=482.750 max_us=2480
   1 /opt/llama.cpp/ggml/src/ggml-cuda/ggml-cuda.cu:839 calls=237 total_ms=1.827 avg_us=7.709 max_us=354
   2 /opt/llama.cpp/ggml/src/ggml-cuda/ggml-cuda.cu:2665 calls=191 total_ms=0.214 avg_us=1.120 max_us=5
   3 /opt/llama.cpp/ggml/src/ggml-cuda/ggml-cuda.cu:847 calls=150 total_ms=0.118 avg_us=0.787 max_us=2
=== END CUDA SYNC PROFILE ===

=== CUDA SYNC PROFILE (instrumentation only) ===
total_syncs = 712
total_wait_ms = 480.456
max_wait_us = 140454
sites = 5
wait_hist_us = logarithmic buckets
  hist[0] = 629
  hist[1] = 46
  hist[2] = 8
  hist[3] = 8
  hist[4] = 3
  hist[9] = 1
  hist[10] = 2
  hist[11] = 9
  hist[14] = 2
  hist[15] = 1
  hist[16] = 2
  hist[17] = 1
by_callsite (caller PC; symbolize with addr2line):
   0 caller=0x7cb3f512e0c2 calls=361 total_ms=480.169 avg_us=1330.108 max_us=140454
   1 caller=0x7cb3f513277c calls=72 total_ms=0.105 avg_us=1.458 max_us=17
   2 caller=0x7cb3f513286c calls=193 total_ms=0.102 avg_us=0.528 max_us=2
   3 caller=0x7cb3f513299d calls=72 total_ms=0.041 avg_us=0.569 max_us=1
   4 caller=0x7cb3f5131732 calls=14 total_ms=0.039 avg_us=2.786 max_us=9
direct_cudaStreamSynchronize: calls=600 total_ms=8.004 max_us=2480
by_direct_callsite (file:line):
   0 /opt/llama.cpp/ggml/src/ggml-cuda/ggml-cuda.cu:900 calls=12 total_ms=5.793 avg_us=482.750 max_us=2480
   1 /opt/llama.cpp/ggml/src/ggml-cuda/ggml-cuda.cu:839 calls=247 total_ms=1.879 avg_us=7.607 max_us=354
   2 /opt/llama.cpp/ggml/src/ggml-cuda/ggml-cuda.cu:2665 calls=191 total_ms=0.214 avg_us=1.120 max_us=5
   3 /opt/llama.cpp/ggml/src/ggml-cuda/ggml-cuda.cu:847 calls=150 total_ms=0.118 avg_us=0.787 max_us=2
=== END CUDA SYNC PROFILE ===
backend-sync-trace: count=800 backend=CUDA0 caller=ggml_backend_sched_synchronize+0x52

=== CUDA SYNC PROFILE (instrumentation only) ===
total_syncs = 800
total_wait_ms = 621.376
max_wait_us = 140454
sites = 5
wait_hist_us = logarithmic buckets
  hist[0] = 705
  hist[1] = 51
  hist[2] = 11
  hist[3] = 8
  hist[4] = 3
  hist[9] = 2
  hist[10] = 2
  hist[11] = 10
  hist[14] = 2
  hist[15] = 2
  hist[16] = 3
  hist[17] = 1
by_callsite (caller PC; symbolize with addr2line):
   0 caller=0x7cb3f512e0c2 calls=394 total_ms=621.040 avg_us=1576.244 max_us=140454
   1 caller=0x7cb3f513286c calls=226 total_ms=0.125 avg_us=0.553 max_us=2
   2 caller=0x7cb3f513277c calls=82 total_ms=0.116 avg_us=1.415 max_us=17
   3 caller=0x7cb3f513299d calls=82 total_ms=0.048 avg_us=0.585 max_us=2
   4 caller=0x7cb3f5131732 calls=16 total_ms=0.047 avg_us=2.938 max_us=9
direct_cudaStreamSynchronize: calls=641 total_ms=8.159 max_us=2480
by_direct_callsite (file:line):
   0 /opt/llama.cpp/ggml/src/ggml-cuda/ggml-cuda.cu:900 calls=12 total_ms=5.793 avg_us=482.750 max_us=2480
   1 /opt/llama.cpp/ggml/src/ggml-cuda/ggml-cuda.cu:839 calls=288 total_ms=2.034 avg_us=7.062 max_us=354
   2 /opt/llama.cpp/ggml/src/ggml-cuda/ggml-cuda.cu:2665 calls=191 total_ms=0.214 avg_us=1.120 max_us=5
   3 /opt/llama.cpp/ggml/src/ggml-cuda/ggml-cuda.cu:847 calls=150 total_ms=0.118 avg_us=0.787 max_us=2
=== END CUDA SYNC PROFILE ===
backend-sync-trace: count=900 backend=CUDA0 caller=ggml_backend_sched_synchronize+0x52

=== CUDA SYNC PROFILE (instrumentation only) ===
total_syncs = 900
total_wait_ms = 740.491
max_wait_us = 140454
sites = 5
wait_hist_us = logarithmic buckets
  hist[0] = 793
  hist[1] = 57
  hist[2] = 14
  hist[3] = 8
  hist[4] = 3
  hist[9] = 2
  hist[10] = 3
  hist[11] = 11
  hist[14] = 2
  hist[15] = 2
  hist[16] = 4
  hist[17] = 1
by_callsite (caller PC; symbolize with addr2line):
   0 caller=0x7cb3f512e0c2 calls=436 total_ms=740.115 avg_us=1697.511 max_us=140454
   1 caller=0x7cb3f513286c calls=257 total_ms=0.137 avg_us=0.533 max_us=2
   2 caller=0x7cb3f513277c calls=94 total_ms=0.130 avg_us=1.383 max_us=17
   3 caller=0x7cb3f5131732 calls=19 total_ms=0.055 avg_us=2.895 max_us=9
   4 caller=0x7cb3f513299d calls=94 total_ms=0.054 avg_us=0.574 max_us=2
direct_cudaStreamSynchronize: calls=681 total_ms=8.324 max_us=2480
by_direct_callsite (file:line):
   0 /opt/llama.cpp/ggml/src/ggml-cuda/ggml-cuda.cu:900 calls=12 total_ms=5.793 avg_us=482.750 max_us=2480
   1 /opt/llama.cpp/ggml/src/ggml-cuda/ggml-cuda.cu:839 calls=328 total_ms=2.199 avg_us=6.704 max_us=354
   2 /opt/llama.cpp/ggml/src/ggml-cuda/ggml-cuda.cu:2665 calls=191 total_ms=0.214 avg_us=1.120 max_us=5
   3 /opt/llama.cpp/ggml/src/ggml-cuda/ggml-cuda.cu:847 calls=150 total_ms=0.118 avg_us=0.787 max_us=2
=== END CUDA SYNC PROFILE ===

=== CUDA SYNC PROFILE (instrumentation only) ===
total_syncs = 959
total_wait_ms = 745.205
max_wait_us = 140454
sites = 5
wait_hist_us = logarithmic buckets
  hist[0] = 845
  hist[1] = 61
  hist[2] = 15
  hist[3] = 8
  hist[4] = 3
  hist[9] = 2
  hist[10] = 3
  hist[11] = 13
  hist[14] = 2
  hist[15] = 2
  hist[16] = 4
  hist[17] = 1
by_callsite (caller PC; symbolize with addr2line):
   0 caller=0x7cb3f512e0c2 calls=466 total_ms=744.803 avg_us=1598.290 max_us=140454
   1 caller=0x7cb3f513286c calls=269 total_ms=0.145 avg_us=0.539 max_us=2
   2 caller=0x7cb3f513277c calls=102 total_ms=0.140 avg_us=1.373 max_us=17
   3 caller=0x7cb3f5131732 calls=20 total_ms=0.060 avg_us=3.000 max_us=9
   4 caller=0x7cb3f513299d calls=102 total_ms=0.057 avg_us=0.559 max_us=2
direct_cudaStreamSynchronize: calls=700 total_ms=8.407 max_us=2480
by_direct_callsite (file:line):
   0 /opt/llama.cpp/ggml/src/ggml-cuda/ggml-cuda.cu:900 calls=12 total_ms=5.793 avg_us=482.750 max_us=2480
   1 /opt/llama.cpp/ggml/src/ggml-cuda/ggml-cuda.cu:839 calls=347 total_ms=2.282 avg_us=6.576 max_us=354
   2 /opt/llama.cpp/ggml/src/ggml-cuda/ggml-cuda.cu:2665 calls=191 total_ms=0.214 avg_us=1.120 max_us=5
   3 /opt/llama.cpp/ggml/src/ggml-cuda/ggml-cuda.cu:847 calls=150 total_ms=0.118 avg_us=0.787 max_us=2
=== END CUDA SYNC PROFILE ===
backend-sync-trace: count=1000 backend=CUDA0 caller=ggml_backend_sched_synchronize+0x52

=== CUDA SYNC PROFILE (instrumentation only) ===
total_syncs = 1000
total_wait_ms = 848.666
max_wait_us = 140454
sites = 5
wait_hist_us = logarithmic buckets
  hist[0] = 881
  hist[1] = 64
  hist[2] = 16
  hist[3] = 8
  hist[4] = 3
  hist[9] = 2
  hist[10] = 3
  hist[11] = 13
  hist[14] = 2
  hist[15] = 2
  hist[16] = 5
  hist[17] = 1
by_callsite (caller PC; symbolize with addr2line):
   0 caller=0x7cb3f512e0c2 calls=487 total_ms=848.249 avg_us=1741.784 max_us=140454
   1 caller=0x7cb3f513286c calls=284 total_ms=0.155 avg_us=0.546 max_us=2
   2 caller=0x7cb3f513277c calls=104 total_ms=0.142 avg_us=1.365 max_us=17
   3 caller=0x7cb3f5131732 calls=21 total_ms=0.063 avg_us=3.000 max_us=9
   4 caller=0x7cb3f513299d calls=104 total_ms=0.057 avg_us=0.548 max_us=2
direct_cudaStreamSynchronize: calls=716 total_ms=8.458 max_us=2480
by_direct_callsite (file:line):
   0 /opt/llama.cpp/ggml/src/ggml-cuda/ggml-cuda.cu:900 calls=12 total_ms=5.793 avg_us=482.750 max_us=2480
   1 /opt/llama.cpp/ggml/src/ggml-cuda/ggml-cuda.cu:839 calls=363 total_ms=2.333 avg_us=6.427 max_us=354
   2 /opt/llama.cpp/ggml/src/ggml-cuda/ggml-cuda.cu:2665 calls=191 total_ms=0.214 avg_us=1.120 max_us=5
   3 /opt/llama.cpp/ggml/src/ggml-cuda/ggml-cuda.cu:847 calls=150 total_ms=0.118 avg_us=0.787 max_us=2
=== END CUDA SYNC PROFILE ===
backend-sync-trace: count=1100 backend=CUDA0 caller=ggml_backend_sched_synchronize+0x52

=== CUDA SYNC PROFILE (instrumentation only) ===
total_syncs = 1100
total_wait_ms = 923.709
max_wait_us = 140454
sites = 5
wait_hist_us = logarithmic buckets
  hist[0] = 970
  hist[1] = 69
  hist[2] = 18
  hist[3] = 8
  hist[4] = 3
  hist[9] = 2
  hist[10] = 5
  hist[11] = 14
  hist[14] = 2
  hist[15] = 2
  hist[16] = 6
  hist[17] = 1
by_callsite (caller PC; symbolize with addr2line):
   0 caller=0x7cb3f512e0c2 calls=529 total_ms=923.247 avg_us=1745.268 max_us=140454
   1 caller=0x7cb3f513286c calls=315 total_ms=0.171 avg_us=0.543 max_us=2
   2 caller=0x7cb3f513277c calls=116 total_ms=0.155 avg_us=1.336 max_us=17
   3 caller=0x7cb3f5131732 calls=24 total_ms=0.072 avg_us=3.000 max_us=9
   4 caller=0x7cb3f513299d calls=116 total_ms=0.064 avg_us=0.552 max_us=2
direct_cudaStreamSynchronize: calls=757 total_ms=8.620 max_us=2480
by_direct_callsite (file:line):
   0 /opt/llama.cpp/ggml/src/ggml-cuda/ggml-cuda.cu:900 calls=12 total_ms=5.793 avg_us=482.750 max_us=2480
   1 /opt/llama.cpp/ggml/src/ggml-cuda/ggml-cuda.cu:839 calls=404 total_ms=2.495 avg_us=6.176 max_us=354
   2 /opt/llama.cpp/ggml/src/ggml-cuda/ggml-cuda.cu:2665 calls=191 total_ms=0.214 avg_us=1.120 max_us=5
   3 /opt/llama.cpp/ggml/src/ggml-cuda/ggml-cuda.cu:847 calls=150 total_ms=0.118 avg_us=0.787 max_us=2
=== END CUDA SYNC PROFILE ===
backend-sync-trace: count=1200 backend=CUDA0 caller=ggml_backend_sched_synchronize+0x52

=== CUDA SYNC PROFILE (instrumentation only) ===
total_syncs = 1200
total_wait_ms = 1005.840
max_wait_us = 140454
sites = 5
wait_hist_us = logarithmic buckets
  hist[0] = 1058
  hist[1] = 77
  hist[2] = 18
  hist[3] = 8
  hist[4] = 3
  hist[9] = 2
  hist[10] = 8
  hist[11] = 14
  hist[14] = 2
  hist[15] = 2
  hist[16] = 7
  hist[17] = 1
by_callsite (caller PC; symbolize with addr2line):
   0 caller=0x7cb3f512e0c2 calls=572 total_ms=1005.346 avg_us=1757.598 max_us=140454
   1 caller=0x7cb3f513286c calls=346 total_ms=0.185 avg_us=0.535 max_us=2
   2 caller=0x7cb3f513277c calls=128 total_ms=0.163 avg_us=1.273 max_us=17
   3 caller=0x7cb3f5131732 calls=26 total_ms=0.076 avg_us=2.923 max_us=9
   4 caller=0x7cb3f513299d calls=128 total_ms=0.070 avg_us=0.547 max_us=2
direct_cudaStreamSynchronize: calls=798 total_ms=8.773 max_us=2480
by_direct_callsite (file:line):
   0 /opt/llama.cpp/ggml/src/ggml-cuda/ggml-cuda.cu:900 calls=12 total_ms=5.793 avg_us=482.750 max_us=2480
   1 /opt/llama.cpp/ggml/src/ggml-cuda/ggml-cuda.cu:839 calls=445 total_ms=2.648 avg_us=5.951 max_us=354
   2 /opt/llama.cpp/ggml/src/ggml-cuda/ggml-cuda.cu:2665 calls=191 total_ms=0.214 avg_us=1.120 max_us=5
   3 /opt/llama.cpp/ggml/src/ggml-cuda/ggml-cuda.cu:847 calls=150 total_ms=0.118 avg_us=0.787 max_us=2
=== END CUDA SYNC PROFILE ===

=== CUDA SYNC PROFILE (instrumentation only) ===
total_syncs = 1209
total_wait_ms = 1005.847
max_wait_us = 140454
sites = 5
wait_hist_us = logarithmic buckets
  hist[0] = 1066
  hist[1] = 78
  hist[2] = 18
  hist[3] = 8
  hist[4] = 3
  hist[9] = 2
  hist[10] = 8
  hist[11] = 14
  hist[14] = 2
  hist[15] = 2
  hist[16] = 7
  hist[17] = 1
by_callsite (caller PC; symbolize with addr2line):
   0 caller=0x7cb3f512e0c2 calls=577 total_ms=1005.350 avg_us=1742.374 max_us=140454
   1 caller=0x7cb3f513286c calls=346 total_ms=0.185 avg_us=0.535 max_us=2
   2 caller=0x7cb3f513277c calls=130 total_ms=0.166 avg_us=1.277 max_us=17
   3 caller=0x7cb3f5131732 calls=26 total_ms=0.076 avg_us=2.923 max_us=9
   4 caller=0x7cb3f513299d calls=130 total_ms=0.070 avg_us=0.538 max_us=2
direct_cudaStreamSynchronize: calls=800 total_ms=8.782 max_us=2480
by_direct_callsite (file:line):
   0 /opt/llama.cpp/ggml/src/ggml-cuda/ggml-cuda.cu:900 calls=12 total_ms=5.793 avg_us=482.750 max_us=2480
   1 /opt/llama.cpp/ggml/src/ggml-cuda/ggml-cuda.cu:839 calls=447 total_ms=2.657 avg_us=5.944 max_us=354
   2 /opt/llama.cpp/ggml/src/ggml-cuda/ggml-cuda.cu:2665 calls=191 total_ms=0.214 avg_us=1.120 max_us=5
   3 /opt/llama.cpp/ggml/src/ggml-cuda/ggml-cuda.cu:847 calls=150 total_ms=0.118 avg_us=0.787 max_us=2
=== END CUDA SYNC PROFILE ===
backend-sync-trace: count=1300 backend=CUDA0 caller=ggml_backend_sched_graph_compute_async_ext+0xecc

=== CUDA SYNC PROFILE (instrumentation only) ===
total_syncs = 1300
total_wait_ms = 1058.969
max_wait_us = 140454
sites = 5
wait_hist_us = logarithmic buckets
  hist[0] = 1149
  hist[1] = 82
  hist[2] = 19
  hist[3] = 8
  hist[4] = 3
  hist[9] = 2
  hist[10] = 10
  hist[11] = 14
  hist[14] = 2
  hist[15] = 3
  hist[16] = 7
  hist[17] = 1
by_callsite (caller PC; symbolize with addr2line):
   0 caller=0x7cb3f512e0c2 calls=614 total_ms=1058.430 avg_us=1723.827 max_us=140454
   1 caller=0x7cb3f513286c calls=374 total_ms=0.200 avg_us=0.535 max_us=2
   2 caller=0x7cb3f513277c calls=142 total_ms=0.179 avg_us=1.261 max_us=17
   3 caller=0x7cb3f5131732 calls=28 total_ms=0.082 avg_us=2.929 max_us=9
   4 caller=0x7cb3f513299d calls=142 total_ms=0.078 avg_us=0.549 max_us=2
direct_cudaStreamSynchronize: calls=836 total_ms=8.967 max_us=2480
by_direct_callsite (file:line):
   0 /opt/llama.cpp/ggml/src/ggml-cuda/ggml-cuda.cu:900 calls=12 total_ms=5.793 avg_us=482.750 max_us=2480
   1 /opt/llama.cpp/ggml/src/ggml-cuda/ggml-cuda.cu:839 calls=483 total_ms=2.842 avg_us=5.884 max_us=354
   2 /opt/llama.cpp/ggml/src/ggml-cuda/ggml-cuda.cu:2665 calls=191 total_ms=0.214 avg_us=1.120 max_us=5
   3 /opt/llama.cpp/ggml/src/ggml-cuda/ggml-cuda.cu:847 calls=150 total_ms=0.118 avg_us=0.787 max_us=2
=== END CUDA SYNC PROFILE ===
backend-sync-trace: count=1400 backend=CUDA0 caller=ggml_backend_sched_graph_compute_async_ext+0xecc

=== CUDA SYNC PROFILE (instrumentation only) ===
total_syncs = 1400
total_wait_ms = 1128.320
max_wait_us = 140454
sites = 5
wait_hist_us = logarithmic buckets
  hist[0] = 1240
  hist[1] = 85
  hist[2] = 22
  hist[3] = 8
  hist[4] = 3
  hist[9] = 2
  hist[10] = 12
  hist[11] = 14
  hist[14] = 2
  hist[15] = 4
  hist[16] = 7
  hist[17] = 1
by_callsite (caller PC; symbolize with addr2line):
   0 caller=0x7cb3f512e0c2 calls=651 total_ms=1127.736 avg_us=1732.313 max_us=140454
   1 caller=0x7cb3f513286c calls=415 total_ms=0.221 avg_us=0.533 max_us=2
   2 caller=0x7cb3f513277c calls=152 total_ms=0.192 avg_us=1.263 max_us=17
   3 caller=0x7cb3f5131732 calls=30 total_ms=0.090 avg_us=3.000 max_us=9
   4 caller=0x7cb3f513299d calls=152 total_ms=0.081 avg_us=0.533 max_us=2
direct_cudaStreamSynchronize: calls=885 total_ms=9.166 max_us=2480
by_direct_callsite (file:line):
   0 /opt/llama.cpp/ggml/src/ggml-cuda/ggml-cuda.cu:900 calls=12 total_ms=5.793 avg_us=482.750 max_us=2480
   1 /opt/llama.cpp/ggml/src/ggml-cuda/ggml-cuda.cu:839 calls=532 total_ms=3.041 avg_us=5.716 max_us=354
   2 /opt/llama.cpp/ggml/src/ggml-cuda/ggml-cuda.cu:2665 calls=191 total_ms=0.214 avg_us=1.120 max_us=5
   3 /opt/llama.cpp/ggml/src/ggml-cuda/ggml-cuda.cu:847 calls=150 total_ms=0.118 avg_us=0.787 max_us=2
=== END CUDA SYNC PROFILE ===

=== CUDA SYNC PROFILE (instrumentation only) ===
total_syncs = 1453
total_wait_ms = 1209.597
max_wait_us = 140454
sites = 5
wait_hist_us = logarithmic buckets
  hist[0] = 1287
  hist[1] = 88
  hist[2] = 23
  hist[3] = 8
  hist[4] = 3
  hist[9] = 2
  hist[10] = 13
  hist[11] = 14
  hist[14] = 2
  hist[15] = 4
  hist[16] = 8
  hist[17] = 1
by_callsite (caller PC; symbolize with addr2line):
   0 caller=0x7cb3f512e0c2 calls=681 total_ms=1209.001 avg_us=1775.332 max_us=140454
   1 caller=0x7cb3f513286c calls=424 total_ms=0.224 avg_us=0.528 max_us=2
   2 caller=0x7cb3f513277c calls=158 total_ms=0.196 avg_us=1.241 max_us=17
   3 caller=0x7cb3f5131732 calls=32 total_ms=0.095 avg_us=2.969 max_us=9
   4 caller=0x7cb3f513299d calls=158 total_ms=0.081 avg_us=0.513 max_us=2
direct_cudaStreamSynchronize: calls=900 total_ms=9.225 max_us=2480
by_direct_callsite (file:line):
   0 /opt/llama.cpp/ggml/src/ggml-cuda/ggml-cuda.cu:900 calls=12 total_ms=5.793 avg_us=482.750 max_us=2480
   1 /opt/llama.cpp/ggml/src/ggml-cuda/ggml-cuda.cu:839 calls=547 total_ms=3.100 avg_us=5.667 max_us=354
   2 /opt/llama.cpp/ggml/src/ggml-cuda/ggml-cuda.cu:2665 calls=191 total_ms=0.214 avg_us=1.120 max_us=5
   3 /opt/llama.cpp/ggml/src/ggml-cuda/ggml-cuda.cu:847 calls=150 total_ms=0.118 avg_us=0.787 max_us=2
=== END CUDA SYNC PROFILE ===
backend-sync-trace: count=1500 backend=CUDA0 caller=ggml_backend_sched_synchronize+0x52

=== CUDA SYNC PROFILE (instrumentation only) ===
total_syncs = 1500
total_wait_ms = 1269.868
max_wait_us = 140454
sites = 5
wait_hist_us = logarithmic buckets
  hist[0] = 1327
  hist[1] = 93
  hist[2] = 23
  hist[3] = 8
  hist[4] = 3
  hist[9] = 2
  hist[10] = 14
  hist[11] = 14
  hist[14] = 2
  hist[15] = 5
  hist[16] = 8
  hist[17] = 1
by_callsite (caller PC; symbolize with addr2line):
   0 caller=0x7cb3f512e0c2 calls=693 total_ms=1269.253 avg_us=1831.534 max_us=140454
   1 caller=0x7cb3f513286c calls=446 total_ms=0.231 avg_us=0.518 max_us=2
   2 caller=0x7cb3f513277c calls=164 total_ms=0.201 avg_us=1.226 max_us=17
   3 caller=0x7cb3f5131732 calls=33 total_ms=0.098 avg_us=2.970 max_us=9
   4 caller=0x7cb3f513299d calls=164 total_ms=0.085 avg_us=0.518 max_us=2
direct_cudaStreamSynchronize: calls=926 total_ms=9.337 max_us=2480
by_direct_callsite (file:line):
   0 /opt/llama.cpp/ggml/src/ggml-cuda/ggml-cuda.cu:900 calls=12 total_ms=5.793 avg_us=482.750 max_us=2480
   1 /opt/llama.cpp/ggml/src/ggml-cuda/ggml-cuda.cu:839 calls=573 total_ms=3.212 avg_us=5.606 max_us=354
   2 /opt/llama.cpp/ggml/src/ggml-cuda/ggml-cuda.cu:2665 calls=191 total_ms=0.214 avg_us=1.120 max_us=5
   3 /opt/llama.cpp/ggml/src/ggml-cuda/ggml-cuda.cu:847 calls=150 total_ms=0.118 avg_us=0.787 max_us=2
=== END CUDA SYNC PROFILE ===
backend-sync-trace: count=1600 backend=CUDA0 caller=ggml_backend_sched_synchronize+0x52

=== CUDA SYNC PROFILE (instrumentation only) ===
total_syncs = 1600
total_wait_ms = 1317.987
max_wait_us = 140454
sites = 5
wait_hist_us = logarithmic buckets
  hist[0] = 1418
  hist[1] = 98
  hist[2] = 24
  hist[3] = 8
  hist[4] = 3
  hist[9] = 3
  hist[10] = 15
  hist[11] = 14
  hist[14] = 2
  hist[15] = 6
  hist[16] = 8
  hist[17] = 1
by_callsite (caller PC; symbolize with addr2line):
   0 caller=0x7cb3f512e0c2 calls=744 total_ms=1317.337 avg_us=1770.614 max_us=140454
   1 caller=0x7cb3f513286c calls=473 total_ms=0.246 avg_us=0.520 max_us=2
   2 caller=0x7cb3f513277c calls=174 total_ms=0.212 avg_us=1.218 max_us=17
   3 caller=0x7cb3f5131732 calls=35 total_ms=0.103 avg_us=2.943 max_us=9
   4 caller=0x7cb3f513299d calls=174 total_ms=0.089 avg_us=0.511 max_us=2
direct_cudaStreamSynchronize: calls=961 total_ms=9.479 max_us=2480
by_direct_callsite (file:line):
   0 /opt/llama.cpp/ggml/src/ggml-cuda/ggml-cuda.cu:900 calls=12 total_ms=5.793 avg_us=482.750 max_us=2480
   1 /opt/llama.cpp/ggml/src/ggml-cuda/ggml-cuda.cu:839 calls=608 total_ms=3.354 avg_us=5.516 max_us=354
   2 /opt/llama.cpp/ggml/src/ggml-cuda/ggml-cuda.cu:2665 calls=191 total_ms=0.214 avg_us=1.120 max_us=5
   3 /opt/llama.cpp/ggml/src/ggml-cuda/ggml-cuda.cu:847 calls=150 total_ms=0.118 avg_us=0.787 max_us=2
=== END CUDA SYNC PROFILE ===

=== CUDA SYNC PROFILE (instrumentation only) ===
total_syncs = 1697
total_wait_ms = 1386.429
max_wait_us = 140454
sites = 5
wait_hist_us = logarithmic buckets
  hist[0] = 1502
  hist[1] = 105
  hist[2] = 27
  hist[3] = 8
  hist[4] = 3
  hist[9] = 3
  hist[10] = 17
  hist[11] = 14
  hist[14] = 2
  hist[15] = 7
  hist[16] = 8
  hist[17] = 1
by_callsite (caller PC; symbolize with addr2line):
   0 caller=0x7cb3f512e0c2 calls=785 total_ms=1385.732 avg_us=1765.264 max_us=140454
   1 caller=0x7cb3f513286c calls=502 total_ms=0.264 avg_us=0.526 max_us=2
   2 caller=0x7cb3f513277c calls=186 total_ms=0.226 avg_us=1.215 max_us=17
   3 caller=0x7cb3f5131732 calls=38 total_ms=0.112 avg_us=2.947 max_us=9
   4 caller=0x7cb3f513299d calls=186 total_ms=0.095 avg_us=0.511 max_us=2
direct_cudaStreamSynchronize: calls=1000 total_ms=9.636 max_us=2480
by_direct_callsite (file:line):
   0 /opt/llama.cpp/ggml/src/ggml-cuda/ggml-cuda.cu:900 calls=12 total_ms=5.793 avg_us=482.750 max_us=2480
   1 /opt/llama.cpp/ggml/src/ggml-cuda/ggml-cuda.cu:839 calls=647 total_ms=3.511 avg_us=5.427 max_us=354
   2 /opt/llama.cpp/ggml/src/ggml-cuda/ggml-cuda.cu:2665 calls=191 total_ms=0.214 avg_us=1.120 max_us=5
   3 /opt/llama.cpp/ggml/src/ggml-cuda/ggml-cuda.cu:847 calls=150 total_ms=0.118 avg_us=0.787 max_us=2
=== END CUDA SYNC PROFILE ===
backend-sync-trace: count=1700 backend=CUDA0 caller=ggml_backend_sched_synchronize+0x52

=== CUDA SYNC PROFILE (instrumentation only) ===
total_syncs = 1700
total_wait_ms = 1387.881
max_wait_us = 140454
sites = 5
wait_hist_us = logarithmic buckets
  hist[0] = 1504
  hist[1] = 105
  hist[2] = 27
  hist[3] = 8
  hist[4] = 3
  hist[9] = 3
  hist[10] = 18
  hist[11] = 14
  hist[14] = 2
  hist[15] = 7
  hist[16] = 8
  hist[17] = 1
by_callsite (caller PC; symbolize with addr2line):
   0 caller=0x7cb3f512e0c2 calls=786 total_ms=1387.182 avg_us=1764.863 max_us=140454
   1 caller=0x7cb3f513286c calls=504 total_ms=0.266 avg_us=0.528 max_us=2
   2 caller=0x7cb3f513277c calls=186 total_ms=0.226 avg_us=1.215 max_us=17
   3 caller=0x7cb3f5131732 calls=38 total_ms=0.112 avg_us=2.947 max_us=9
   4 caller=0x7cb3f513299d calls=186 total_ms=0.095 avg_us=0.511 max_us=2
direct_cudaStreamSynchronize: calls=1002 total_ms=9.641 max_us=2480
by_direct_callsite (file:line):
   0 /opt/llama.cpp/ggml/src/ggml-cuda/ggml-cuda.cu:900 calls=12 total_ms=5.793 avg_us=482.750 max_us=2480
   1 /opt/llama.cpp/ggml/src/ggml-cuda/ggml-cuda.cu:839 calls=649 total_ms=3.516 avg_us=5.418 max_us=354
   2 /opt/llama.cpp/ggml/src/ggml-cuda/ggml-cuda.cu:2665 calls=191 total_ms=0.214 avg_us=1.120 max_us=5
   3 /opt/llama.cpp/ggml/src/ggml-cuda/ggml-cuda.cu:847 calls=150 total_ms=0.118 avg_us=0.787 max_us=2
=== END CUDA SYNC PROFILE ===
backend-sync-trace: count=1800 backend=CUDA0 caller=ggml_backend_sched_graph_compute_async_ext+0xecc

=== CUDA SYNC PROFILE (instrumentation only) ===
total_syncs = 1800
total_wait_ms = 1478.513
max_wait_us = 140454
sites = 5
wait_hist_us = logarithmic buckets
  hist[0] = 1595
  hist[1] = 109
  hist[2] = 29
  hist[3] = 8
  hist[4] = 3
  hist[9] = 4
  hist[10] = 19
  hist[11] = 14
  hist[14] = 2
  hist[15] = 7
  hist[16] = 9
  hist[17] = 1
by_callsite (caller PC; symbolize with addr2line):
   0 caller=0x7cb3f512e0c2 calls=829 total_ms=1477.777 avg_us=1782.602 max_us=140454
   1 caller=0x7cb3f513286c calls=535 total_ms=0.284 avg_us=0.531 max_us=2
   2 caller=0x7cb3f513277c calls=198 total_ms=0.238 avg_us=1.202 max_us=17
   3 caller=0x7cb3f5131732 calls=40 total_ms=0.116 avg_us=2.900 max_us=9
   4 caller=0x7cb3f513299d calls=198 total_ms=0.098 avg_us=0.495 max_us=2
direct_cudaStreamSynchronize: calls=1042 total_ms=9.804 max_us=2480
by_direct_callsite (file:line):
   0 /opt/llama.cpp/ggml/src/ggml-cuda/ggml-cuda.cu:900 calls=12 total_ms=5.793 avg_us=482.750 max_us=2480
   1 /opt/llama.cpp/ggml/src/ggml-cuda/ggml-cuda.cu:839 calls=689 total_ms=3.679 avg_us=5.340 max_us=354
   2 /opt/llama.cpp/ggml/src/ggml-cuda/ggml-cuda.cu:2665 calls=191 total_ms=0.214 avg_us=1.120 max_us=5
   3 /opt/llama.cpp/ggml/src/ggml-cuda/ggml-cuda.cu:847 calls=150 total_ms=0.118 avg_us=0.787 max_us=2
=== END CUDA SYNC PROFILE ===
backend-sync-trace: count=1900 backend=CUDA0 caller=ggml_backend_sched_graph_compute_async_ext+0xddc

=== CUDA SYNC PROFILE (instrumentation only) ===
total_syncs = 1900
total_wait_ms = 1536.346
max_wait_us = 140454
sites = 5
wait_hist_us = logarithmic buckets
  hist[0] = 1683
  hist[1] = 114
  hist[2] = 30
  hist[3] = 9
  hist[4] = 4
  hist[9] = 5
  hist[10] = 21
  hist[11] = 14
  hist[14] = 2
  hist[15] = 8
  hist[16] = 9
  hist[17] = 1
by_callsite (caller PC; symbolize with addr2line):
   0 caller=0x7cb3f512e0c2 calls=873 total_ms=1535.548 avg_us=1758.932 max_us=140454
   1 caller=0x7cb3f513286c calls=562 total_ms=0.299 avg_us=0.532 max_us=2
   2 caller=0x7cb3f513277c calls=212 total_ms=0.271 avg_us=1.278 max_us=20
   3 caller=0x7cb3f5131732 calls=42 total_ms=0.122 avg_us=2.905 max_us=9
   4 caller=0x7cb3f513299d calls=211 total_ms=0.106 avg_us=0.502 max_us=2
direct_cudaStreamSynchronize: calls=1080 total_ms=9.960 max_us=2480
by_direct_callsite (file:line):
   0 /opt/llama.cpp/ggml/src/ggml-cuda/ggml-cuda.cu:900 calls=12 total_ms=5.793 avg_us=482.750 max_us=2480
   1 /opt/llama.cpp/ggml/src/ggml-cuda/ggml-cuda.cu:839 calls=727 total_ms=3.835 avg_us=5.275 max_us=354
   2 /opt/llama.cpp/ggml/src/ggml-cuda/ggml-cuda.cu:2665 calls=191 total_ms=0.214 avg_us=1.120 max_us=5
   3 /opt/llama.cpp/ggml/src/ggml-cuda/ggml-cuda.cu:847 calls=150 total_ms=0.118 avg_us=0.787 max_us=2
=== END CUDA SYNC PROFILE ===

=== CUDA SYNC PROFILE (instrumentation only) ===
total_syncs = 1925
total_wait_ms = 1598.966
max_wait_us = 140454
sites = 5
wait_hist_us = logarithmic buckets
  hist[0] = 1704
  hist[1] = 115
  hist[2] = 32
  hist[3] = 9
  hist[4] = 4
  hist[9] = 5
  hist[10] = 21
  hist[11] = 14
  hist[14] = 2
  hist[15] = 9
  hist[16] = 9
  hist[17] = 1
by_callsite (caller PC; symbolize with addr2line):
   0 caller=0x7cb3f512e0c2 calls=875 total_ms=1598.145 avg_us=1826.451 max_us=140454
   1 caller=0x7cb3f513286c calls=579 total_ms=0.312 avg_us=0.539 max_us=2
   2 caller=0x7cb3f513277c calls=214 total_ms=0.274 avg_us=1.280 max_us=20
   3 caller=0x7cb3f5131732 calls=43 total_ms=0.126 avg_us=2.930 max_us=9
   4 caller=0x7cb3f513299d calls=214 total_ms=0.109 avg_us=0.509 max_us=2
direct_cudaStreamSynchronize: calls=1100 total_ms=10.049 max_us=2480
by_direct_callsite (file:line):
   0 /opt/llama.cpp/ggml/src/ggml-cuda/ggml-cuda.cu:900 calls=12 total_ms=5.793 avg_us=482.750 max_us=2480
   1 /opt/llama.cpp/ggml/src/ggml-cuda/ggml-cuda.cu:839 calls=747 total_ms=3.924 avg_us=5.253 max_us=354
   2 /opt/llama.cpp/ggml/src/ggml-cuda/ggml-cuda.cu:2665 calls=191 total_ms=0.214 avg_us=1.120 max_us=5
   3 /opt/llama.cpp/ggml/src/ggml-cuda/ggml-cuda.cu:847 calls=150 total_ms=0.118 avg_us=0.787 max_us=2
=== END CUDA SYNC PROFILE ===
backend-sync-trace: count=2000 backend=CUDA0 caller=ggml_backend_sched_graph_compute_async_ext+0xecc

=== CUDA SYNC PROFILE (instrumentation only) ===
total_syncs = 2000
total_wait_ms = 1604.699
max_wait_us = 140454
sites = 5
wait_hist_us = logarithmic buckets
  hist[0] = 1772
  hist[1] = 119
  hist[2] = 33
  hist[3] = 9
  hist[4] = 4
  hist[9] = 5
  hist[10] = 21
  hist[11] = 16
  hist[14] = 2
  hist[15] = 9
  hist[16] = 9
  hist[17] = 1
by_callsite (caller PC; symbolize with addr2line):
   0 caller=0x7cb3f512e0c2 calls=910 total_ms=1603.850 avg_us=1762.473 max_us=140454
   1 caller=0x7cb3f513286c calls=602 total_ms=0.325 avg_us=0.540 max_us=2
   2 caller=0x7cb3f513277c calls=222 total_ms=0.284 avg_us=1.279 max_us=20
   3 caller=0x7cb3f5131732 calls=44 total_ms=0.128 avg_us=2.909 max_us=9
   4 caller=0x7cb3f513299d calls=222 total_ms=0.112 avg_us=0.505 max_us=2
direct_cudaStreamSynchronize: calls=1128 total_ms=10.158 max_us=2480
by_direct_callsite (file:line):
   0 /opt/llama.cpp/ggml/src/ggml-cuda/ggml-cuda.cu:900 calls=12 total_ms=5.793 avg_us=482.750 max_us=2480
   1 /opt/llama.cpp/ggml/src/ggml-cuda/ggml-cuda.cu:839 calls=775 total_ms=4.033 avg_us=5.204 max_us=354
   2 /opt/llama.cpp/ggml/src/ggml-cuda/ggml-cuda.cu:2665 calls=191 total_ms=0.214 avg_us=1.120 max_us=5
   3 /opt/llama.cpp/ggml/src/ggml-cuda/ggml-cuda.cu:847 calls=150 total_ms=0.118 avg_us=0.787 max_us=2
=== END CUDA SYNC PROFILE ===
backend-sync-trace: count=2100 backend=CUDA0 caller=ggml_backend_sched_synchronize+0x52

=== CUDA SYNC PROFILE (instrumentation only) ===
total_syncs = 2100
total_wait_ms = 1758.166
max_wait_us = 140454
sites = 5
wait_hist_us = logarithmic buckets
  hist[0] = 1858
  hist[1] = 126
  hist[2] = 36
  hist[3] = 9
  hist[4] = 4
  hist[9] = 6
  hist[10] = 22
  hist[11] = 16
  hist[14] = 2
  hist[15] = 10
  hist[16] = 10
  hist[17] = 1
by_callsite (caller PC; symbolize with addr2line):
   0 caller=0x7cb3f512e0c2 calls=950 total_ms=1757.274 avg_us=1849.762 max_us=140454
   1 caller=0x7cb3f513286c calls=635 total_ms=0.342 avg_us=0.539 max_us=2
   2 caller=0x7cb3f513277c calls=234 total_ms=0.298 avg_us=1.274 max_us=20
   3 caller=0x7cb3f5131732 calls=47 total_ms=0.135 avg_us=2.872 max_us=9
   4 caller=0x7cb3f513299d calls=234 total_ms=0.117 avg_us=0.500 max_us=2
direct_cudaStreamSynchronize: calls=1171 total_ms=10.330 max_us=2480
by_direct_callsite (file:line):
   0 /opt/llama.cpp/ggml/src/ggml-cuda/ggml-cuda.cu:900 calls=12 total_ms=5.793 avg_us=482.750 max_us=2480
   1 /opt/llama.cpp/ggml/src/ggml-cuda/ggml-cuda.cu:839 calls=818 total_ms=4.205 avg_us=5.141 max_us=354
   2 /opt/llama.cpp/ggml/src/ggml-cuda/ggml-cuda.cu:2665 calls=191 total_ms=0.214 avg_us=1.120 max_us=5
   3 /opt/llama.cpp/ggml/src/ggml-cuda/ggml-cuda.cu:847 calls=150 total_ms=0.118 avg_us=0.787 max_us=2
=== END CUDA SYNC PROFILE ===

=== CUDA SYNC PROFILE (instrumentation only) ===
total_syncs = 2173
total_wait_ms = 1760.018
max_wait_us = 140454
sites = 5
wait_hist_us = logarithmic buckets
  hist[0] = 1925
  hist[1] = 129
  hist[2] = 37
  hist[3] = 9
  hist[4] = 4
  hist[9] = 8
  hist[10] = 22
  hist[11] = 16
  hist[14] = 2
  hist[15] = 10
  hist[16] = 10
  hist[17] = 1
by_callsite (caller PC; symbolize with addr2line):
   0 caller=0x7cb3f512e0c2 calls=984 total_ms=1759.093 avg_us=1787.696 max_us=140454
   1 caller=0x7cb3f513286c calls=657 total_ms=0.358 avg_us=0.545 max_us=2
   2 caller=0x7cb3f513277c calls=242 total_ms=0.309 avg_us=1.277 max_us=20
   3 caller=0x7cb3f5131732 calls=48 total_ms=0.138 avg_us=2.875 max_us=9
   4 caller=0x7cb3f513299d calls=242 total_ms=0.120 avg_us=0.496 max_us=2
direct_cudaStreamSynchronize: calls=1200 total_ms=10.447 max_us=2480
by_direct_callsite (file:line):
   0 /opt/llama.cpp/ggml/src/ggml-cuda/ggml-cuda.cu:900 calls=12 total_ms=5.793 avg_us=482.750 max_us=2480
   1 /opt/llama.cpp/ggml/src/ggml-cuda/ggml-cuda.cu:839 calls=847 total_ms=4.322 avg_us=5.103 max_us=354
   2 /opt/llama.cpp/ggml/src/ggml-cuda/ggml-cuda.cu:2665 calls=191 total_ms=0.214 avg_us=1.120 max_us=5
   3 /opt/llama.cpp/ggml/src/ggml-cuda/ggml-cuda.cu:847 calls=150 total_ms=0.118 avg_us=0.787 max_us=2
=== END CUDA SYNC PROFILE ===
backend-sync-trace: count=2200 backend=CUDA0 caller=ggml_backend_sched_synchronize+0x52

=== CUDA SYNC PROFILE (instrumentation only) ===
total_syncs = 2200
total_wait_ms = 1803.842
max_wait_us = 140454
sites = 5
wait_hist_us = logarithmic buckets
  hist[0] = 1946
  hist[1] = 134
  hist[2] = 37
  hist[3] = 9
  hist[4] = 4
  hist[9] = 8
  hist[10] = 22
  hist[11] = 16
  hist[14] = 2
  hist[15] = 11
  hist[16] = 10
  hist[17] = 1
by_callsite (caller PC; symbolize with addr2line):
   0 caller=0x7cb3f512e0c2 calls=1001 total_ms=1802.910 avg_us=1801.109 max_us=140454
   1 caller=0x7cb3f513286c calls=662 total_ms=0.359 avg_us=0.542 max_us=2
   2 caller=0x7cb3f513277c calls=244 total_ms=0.312 avg_us=1.279 max_us=20
   3 caller=0x7cb3f5131732 calls=49 total_ms=0.141 avg_us=2.878 max_us=9
   4 caller=0x7cb3f513299d calls=244 total_ms=0.120 avg_us=0.492 max_us=2
direct_cudaStreamSynchronize: calls=1206 total_ms=10.477 max_us=2480
by_direct_callsite (file:line):
   0 /opt/llama.cpp/ggml/src/ggml-cuda/ggml-cuda.cu:900 calls=12 total_ms=5.793 avg_us=482.750 max_us=2480
   1 /opt/llama.cpp/ggml/src/ggml-cuda/ggml-cuda.cu:839 calls=853 total_ms=4.352 avg_us=5.102 max_us=354
   2 /opt/llama.cpp/ggml/src/ggml-cuda/ggml-cuda.cu:2665 calls=191 total_ms=0.214 avg_us=1.120 max_us=5
   3 /opt/llama.cpp/ggml/src/ggml-cuda/ggml-cuda.cu:847 calls=150 total_ms=0.118 avg_us=0.787 max_us=2
=== END CUDA SYNC PROFILE ===
backend-sync-trace: count=2300 backend=CUDA0 caller=ggml_backend_sched_graph_compute_async_ext+0xecc

=== CUDA SYNC PROFILE (instrumentation only) ===
total_syncs = 2300
total_wait_ms = 1850.175
max_wait_us = 140454
sites = 5
wait_hist_us = logarithmic buckets
  hist[0] = 2036
  hist[1] = 140
  hist[2] = 38
  hist[3] = 9
  hist[4] = 4
  hist[9] = 9
  hist[10] = 23
  hist[11] = 16
  hist[14] = 2
  hist[15] = 12
  hist[16] = 10
  hist[17] = 1
by_callsite (caller PC; symbolize with addr2line):
   0 caller=0x7cb3f512e0c2 calls=1044 total_ms=1849.210 avg_us=1771.274 max_us=140454
   1 caller=0x7cb3f513286c calls=692 total_ms=0.369 avg_us=0.533 max_us=2
   2 caller=0x7cb3f513277c calls=256 total_ms=0.322 avg_us=1.258 max_us=20
   3 caller=0x7cb3f5131732 calls=52 total_ms=0.149 avg_us=2.865 max_us=9
   4 caller=0x7cb3f513299d calls=256 total_ms=0.125 avg_us=0.488 max_us=2
direct_cudaStreamSynchronize: calls=1245 total_ms=10.633 max_us=2480
by_direct_callsite (file:line):
   0 /opt/llama.cpp/ggml/src/ggml-cuda/ggml-cuda.cu:900 calls=12 total_ms=5.793 avg_us=482.750 max_us=2480
   1 /opt/llama.cpp/ggml/src/ggml-cuda/ggml-cuda.cu:839 calls=892 total_ms=4.508 avg_us=5.054 max_us=354
   2 /opt/llama.cpp/ggml/src/ggml-cuda/ggml-cuda.cu:2665 calls=191 total_ms=0.214 avg_us=1.120 max_us=5
   3 /opt/llama.cpp/ggml/src/ggml-cuda/ggml-cuda.cu:847 calls=150 total_ms=0.118 avg_us=0.787 max_us=2
=== END CUDA SYNC PROFILE ===
backend-sync-trace: count=2400 backend=CUDA0 caller=ggml_backend_sched_graph_compute_async_ext+0xecc

=== CUDA SYNC PROFILE (instrumentation only) ===
total_syncs = 2400
total_wait_ms = 1930.245
max_wait_us = 140454
sites = 5
wait_hist_us = logarithmic buckets
  hist[0] = 2125
  hist[1] = 145
  hist[2] = 40
  hist[3] = 9
  hist[4] = 4
  hist[9] = 10
  hist[10] = 25
  hist[11] = 16
  hist[14] = 2
  hist[15] = 12
  hist[16] = 11
  hist[17] = 1
by_callsite (caller PC; symbolize with addr2line):
   0 caller=0x7cb3f512e0c2 calls=1088 total_ms=1929.245 avg_us=1773.203 max_us=140454
   1 caller=0x7cb3f513286c calls=722 total_ms=0.382 avg_us=0.529 max_us=2
   2 caller=0x7cb3f513277c calls=268 total_ms=0.334 avg_us=1.246 max_us=20
   3 caller=0x7cb3f5131732 calls=54 total_ms=0.154 avg_us=2.852 max_us=9
   4 caller=0x7cb3f513299d calls=268 total_ms=0.130 avg_us=0.485 max_us=2
direct_cudaStreamSynchronize: calls=1285 total_ms=10.793 max_us=2480
by_direct_callsite (file:line):
   0 /opt/llama.cpp/ggml/src/ggml-cuda/ggml-cuda.cu:900 calls=12 total_ms=5.793 avg_us=482.750 max_us=2480
   1 /opt/llama.cpp/ggml/src/ggml-cuda/ggml-cuda.cu:839 calls=932 total_ms=4.668 avg_us=5.009 max_us=354
   2 /opt/llama.cpp/ggml/src/ggml-cuda/ggml-cuda.cu:2665 calls=191 total_ms=0.214 avg_us=1.120 max_us=5
   3 /opt/llama.cpp/ggml/src/ggml-cuda/ggml-cuda.cu:847 calls=150 total_ms=0.118 avg_us=0.787 max_us=2
=== END CUDA SYNC PROFILE ===

=== CUDA SYNC PROFILE (instrumentation only) ===
total_syncs = 2426
total_wait_ms = 1931.766
max_wait_us = 140454
sites = 5
wait_hist_us = logarithmic buckets
  hist[0] = 2149
  hist[1] = 146
  hist[2] = 40
  hist[3] = 9
  hist[4] = 4
  hist[9] = 10
  hist[10] = 26
  hist[11] = 16
  hist[14] = 2
  hist[15] = 12
  hist[16] = 11
  hist[17] = 1
by_callsite (caller PC; symbolize with addr2line):
   0 caller=0x7cb3f512e0c2 calls=1095 total_ms=1930.757 avg_us=1763.248 max_us=140454
   1 caller=0x7cb3f513286c calls=733 total_ms=0.387 avg_us=0.528 max_us=2
   2 caller=0x7cb3f513277c calls=272 total_ms=0.336 avg_us=1.235 max_us=20
   3 caller=0x7cb3f5131732 calls=54 total_ms=0.154 avg_us=2.852 max_us=9
   4 caller=0x7cb3f513299d calls=272 total_ms=0.132 avg_us=0.485 max_us=2
direct_cudaStreamSynchronize: calls=1300 total_ms=10.861 max_us=2480
by_direct_callsite (file:line):
   0 /opt/llama.cpp/ggml/src/ggml-cuda/ggml-cuda.cu:900 calls=12 total_ms=5.793 avg_us=482.750 max_us=2480
   1 /opt/llama.cpp/ggml/src/ggml-cuda/ggml-cuda.cu:839 calls=947 total_ms=4.736 avg_us=5.001 max_us=354
   2 /opt/llama.cpp/ggml/src/ggml-cuda/ggml-cuda.cu:2665 calls=191 total_ms=0.214 avg_us=1.120 max_us=5
   3 /opt/llama.cpp/ggml/src/ggml-cuda/ggml-cuda.cu:847 calls=150 total_ms=0.118 avg_us=0.787 max_us=2
=== END CUDA SYNC PROFILE ===
backend-sync-trace: count=2500 backend=CUDA0 caller=ggml_backend_sched_graph_compute_async_ext+0xddc

=== CUDA SYNC PROFILE (instrumentation only) ===
total_syncs = 2500
total_wait_ms = 1972.841
max_wait_us = 140454
sites = 5
wait_hist_us = logarithmic buckets
  hist[0] = 2214
  hist[1] = 149
  hist[2] = 42
  hist[3] = 9
  hist[4] = 5
  hist[9] = 10
  hist[10] = 28
  hist[11] = 16
  hist[14] = 2
  hist[15] = 13
  hist[16] = 11
  hist[17] = 1
by_callsite (caller PC; symbolize with addr2line):
   0 caller=0x7cb3f512e0c2 calls=1132 total_ms=1971.784 avg_us=1741.859 max_us=140454
   1 caller=0x7cb3f513286c calls=751 total_ms=0.416 avg_us=0.554 max_us=21
   2 caller=0x7cb3f513277c calls=281 total_ms=0.346 avg_us=1.231 max_us=20
   3 caller=0x7cb3f5131732 calls=56 total_ms=0.159 avg_us=2.839 max_us=9
   4 caller=0x7cb3f513299d calls=280 total_ms=0.136 avg_us=0.486 max_us=2
direct_cudaStreamSynchronize: calls=1325 total_ms=10.953 max_us=2480
by_direct_callsite (file:line):
   0 /opt/llama.cpp/ggml/src/ggml-cuda/ggml-cuda.cu:900 calls=12 total_ms=5.793 avg_us=482.750 max_us=2480
   1 /opt/llama.cpp/ggml/src/ggml-cuda/ggml-cuda.cu:839 calls=972 total_ms=4.828 avg_us=4.967 max_us=354
   2 /opt/llama.cpp/ggml/src/ggml-cuda/ggml-cuda.cu:2665 calls=191 total_ms=0.214 avg_us=1.120 max_us=5
   3 /opt/llama.cpp/ggml/src/ggml-cuda/ggml-cuda.cu:847 calls=150 total_ms=0.118 avg_us=0.787 max_us=2
=== END CUDA SYNC PROFILE ===
backend-sync-trace: count=2600 backend=CUDA0 caller=ggml_backend_sched_graph_compute_async_ext+0xecc

=== CUDA SYNC PROFILE (instrumentation only) ===
total_syncs = 2600
total_wait_ms = 2030.463
max_wait_us = 140454
sites = 5
wait_hist_us = logarithmic buckets
  hist[0] = 2307
  hist[1] = 151
  hist[2] = 43
  hist[3] = 10
  hist[4] = 5
  hist[9] = 10
  hist[10] = 30
  hist[11] = 16
  hist[14] = 2
  hist[15] = 14
  hist[16] = 11
  hist[17] = 1
by_callsite (caller PC; symbolize with addr2line):
   0 caller=0x7cb3f512e0c2 calls=1169 total_ms=2029.365 avg_us=1735.984 max_us=140454
   1 caller=0x7cb3f513286c calls=789 total_ms=0.434 avg_us=0.550 max_us=21
   2 caller=0x7cb3f513277c calls=292 total_ms=0.355 avg_us=1.216 max_us=20
   3 caller=0x7cb3f5131732 calls=58 total_ms=0.166 avg_us=2.862 max_us=9
   4 caller=0x7cb3f513299d calls=292 total_ms=0.143 avg_us=0.490 max_us=2
direct_cudaStreamSynchronize: calls=1371 total_ms=11.145 max_us=2480
by_direct_callsite (file:line):
   0 /opt/llama.cpp/ggml/src/ggml-cuda/ggml-cuda.cu:900 calls=12 total_ms=5.793 avg_us=482.750 max_us=2480
   1 /opt/llama.cpp/ggml/src/ggml-cuda/ggml-cuda.cu:839 calls=1018 total_ms=5.020 avg_us=4.931 max_us=354
   2 /opt/llama.cpp/ggml/src/ggml-cuda/ggml-cuda.cu:2665 calls=191 total_ms=0.214 avg_us=1.120 max_us=5
   3 /opt/llama.cpp/ggml/src/ggml-cuda/ggml-cuda.cu:847 calls=150 total_ms=0.118 avg_us=0.787 max_us=2
=== END CUDA SYNC PROFILE ===

=== CUDA SYNC PROFILE (instrumentation only) ===
total_syncs = 2679
total_wait_ms = 2099.989
max_wait_us = 140454
sites = 5
wait_hist_us = logarithmic buckets
  hist[0] = 2377
  hist[1] = 154
  hist[2] = 45
  hist[3] = 11
  hist[4] = 5
  hist[9] = 10
  hist[10] = 32
  hist[11] = 16
  hist[14] = 2
  hist[15] = 14
  hist[16] = 12
  hist[17] = 1
by_callsite (caller PC; symbolize with addr2line):
   0 caller=0x7cb3f512e0c2 calls=1206 total_ms=2098.855 avg_us=1740.344 max_us=140454
   1 caller=0x7cb3f513286c calls=809 total_ms=0.447 avg_us=0.553 max_us=21
   2 caller=0x7cb3f513277c calls=302 total_ms=0.366 avg_us=1.212 max_us=20
   3 caller=0x7cb3f5131732 calls=60 total_ms=0.173 avg_us=2.883 max_us=9
   4 caller=0x7cb3f513299d calls=302 total_ms=0.148 avg_us=0.490 max_us=2
direct_cudaStreamSynchronize: calls=1400 total_ms=11.273 max_us=2480
by_direct_callsite (file:line):
   0 /opt/llama.cpp/ggml/src/ggml-cuda/ggml-cuda.cu:900 calls=12 total_ms=5.793 avg_us=482.750 max_us=2480
   1 /opt/llama.cpp/ggml/src/ggml-cuda/ggml-cuda.cu:839 calls=1047 total_ms=5.148 avg_us=4.917 max_us=354
   2 /opt/llama.cpp/ggml/src/ggml-cuda/ggml-cuda.cu:2665 calls=191 total_ms=0.214 avg_us=1.120 max_us=5
   3 /opt/llama.cpp/ggml/src/ggml-cuda/ggml-cuda.cu:847 calls=150 total_ms=0.118 avg_us=0.787 max_us=2
=== END CUDA SYNC PROFILE ===
backend-sync-trace: count=2700 backend=CUDA0 caller=ggml_backend_sched_graph_compute_async_ext+0xecc

=== CUDA SYNC PROFILE (instrumentation only) ===
total_syncs = 2700
total_wait_ms = 2152.718
max_wait_us = 140454
sites = 5
wait_hist_us = logarithmic buckets
  hist[0] = 2394
  hist[1] = 156
  hist[2] = 46
  hist[3] = 11
  hist[4] = 5
  hist[9] = 10
  hist[10] = 32
  hist[11] = 16
  hist[14] = 2
  hist[15] = 15
  hist[16] = 12
  hist[17] = 1
by_callsite (caller PC; symbolize with addr2line):
   0 caller=0x7cb3f512e0c2 calls=1208 total_ms=2151.569 avg_us=1781.100 max_us=140454
   1 caller=0x7cb3f513286c calls=823 total_ms=0.459 avg_us=0.558 max_us=21
   2 caller=0x7cb3f513277c calls=304 total_ms=0.367 avg_us=1.207 max_us=20
   3 caller=0x7cb3f5131732 calls=61 total_ms=0.175 avg_us=2.869 max_us=9
   4 caller=0x7cb3f513299d calls=304 total_ms=0.148 avg_us=0.487 max_us=2
direct_cudaStreamSynchronize: calls=1415 total_ms=11.325 max_us=2480
by_direct_callsite (file:line):
   0 /opt/llama.cpp/ggml/src/ggml-cuda/ggml-cuda.cu:900 calls=12 total_ms=5.793 avg_us=482.750 max_us=2480
   1 /opt/llama.cpp/ggml/src/ggml-cuda/ggml-cuda.cu:839 calls=1062 total_ms=5.200 avg_us=4.896 max_us=354
   2 /opt/llama.cpp/ggml/src/ggml-cuda/ggml-cuda.cu:2665 calls=191 total_ms=0.214 avg_us=1.120 max_us=5
   3 /opt/llama.cpp/ggml/src/ggml-cuda/ggml-cuda.cu:847 calls=150 total_ms=0.118 avg_us=0.787 max_us=2
=== END CUDA SYNC PROFILE ===
backend-sync-trace: count=2800 backend=CUDA0 caller=ggml_backend_sched_graph_compute_async_ext+0xddc

=== CUDA SYNC PROFILE (instrumentation only) ===
total_syncs = 2800
total_wait_ms = 2184.706
max_wait_us = 140454
sites = 5
wait_hist_us = logarithmic buckets
  hist[0] = 2481
  hist[1] = 164
  hist[2] = 48
  hist[3] = 11
  hist[4] = 5
  hist[9] = 11
  hist[10] = 33
  hist[11] = 16
  hist[14] = 3
  hist[15] = 15
  hist[16] = 12
  hist[17] = 1
by_callsite (caller PC; symbolize with addr2line):
   0 caller=0x7cb3f512e0c2 calls=1254 total_ms=2183.509 avg_us=1741.235 max_us=140454
   1 caller=0x7cb3f513286c calls=851 total_ms=0.474 avg_us=0.557 max_us=21
   2 caller=0x7cb3f513277c calls=316 total_ms=0.382 avg_us=1.209 max_us=20
   3 caller=0x7cb3f5131732 calls=64 total_ms=0.183 avg_us=2.859 max_us=9
   4 caller=0x7cb3f513299d calls=315 total_ms=0.158 avg_us=0.502 max_us=2
direct_cudaStreamSynchronize: calls=1452 total_ms=11.466 max_us=2480
by_direct_callsite (file:line):
   0 /opt/llama.cpp/ggml/src/ggml-cuda/ggml-cuda.cu:900 calls=12 total_ms=5.793 avg_us=482.750 max_us=2480
   1 /opt/llama.cpp/ggml/src/ggml-cuda/ggml-cuda.cu:839 calls=1099 total_ms=5.341 avg_us=4.860 max_us=354
   2 /opt/llama.cpp/ggml/src/ggml-cuda/ggml-cuda.cu:2665 calls=191 total_ms=0.214 avg_us=1.120 max_us=5
   3 /opt/llama.cpp/ggml/src/ggml-cuda/ggml-cuda.cu:847 calls=150 total_ms=0.118 avg_us=0.787 max_us=2
=== END CUDA SYNC PROFILE ===
backend-sync-trace: count=2900 backend=CUDA0 caller=ggml_backend_sched_graph_compute_async_ext+0xffd

=== CUDA SYNC PROFILE (instrumentation only) ===
total_syncs = 2900
total_wait_ms = 2232.664
max_wait_us = 140454
sites = 5
wait_hist_us = logarithmic buckets
  hist[0] = 2569
  hist[1] = 172
  hist[2] = 48
  hist[3] = 11
  hist[4] = 5
  hist[9] = 13
  hist[10] = 34
  hist[11] = 16
  hist[14] = 3
  hist[15] = 16
  hist[16] = 12
  hist[17] = 1
by_callsite (caller PC; symbolize with addr2line):
   0 caller=0x7cb3f512e0c2 calls=1298 total_ms=2231.436 avg_us=1719.134 max_us=140454
   1 caller=0x7cb3f513286c calls=882 total_ms=0.484 avg_us=0.549 max_us=21
   2 caller=0x7cb3f513277c calls=327 total_ms=0.393 avg_us=1.202 max_us=20
   3 caller=0x7cb3f5131732 calls=66 total_ms=0.188 avg_us=2.848 max_us=9
   4 caller=0x7cb3f513299d calls=327 total_ms=0.163 avg_us=0.498 max_us=2
direct_cudaStreamSynchronize: calls=1492 total_ms=11.622 max_us=2480
by_direct_callsite (file:line):
   0 /opt/llama.cpp/ggml/src/ggml-cuda/ggml-cuda.cu:900 calls=12 total_ms=5.793 avg_us=482.750 max_us=2480
   1 /opt/llama.cpp/ggml/src/ggml-cuda/ggml-cuda.cu:839 calls=1139 total_ms=5.497 avg_us=4.826 max_us=354
   2 /opt/llama.cpp/ggml/src/ggml-cuda/ggml-cuda.cu:2665 calls=191 total_ms=0.214 avg_us=1.120 max_us=5
   3 /opt/llama.cpp/ggml/src/ggml-cuda/ggml-cuda.cu:847 calls=150 total_ms=0.118 avg_us=0.787 max_us=2
=== END CUDA SYNC PROFILE ===

=== CUDA SYNC PROFILE (instrumentation only) ===
total_syncs = 2917
total_wait_ms = 2234.217
max_wait_us = 140454
sites = 5
wait_hist_us = logarithmic buckets
  hist[0] = 2584
  hist[1] = 172
  hist[2] = 49
  hist[3] = 11
  hist[4] = 5
  hist[9] = 13
  hist[10] = 35
  hist[11] = 16
  hist[14] = 3
  hist[15] = 16
  hist[16] = 12
  hist[17] = 1
by_callsite (caller PC; symbolize with addr2line):
   0 caller=0x7cb3f512e0c2 calls=1305 total_ms=2232.981 avg_us=1711.097 max_us=140454
   1 caller=0x7cb3f513286c calls=886 total_ms=0.485 avg_us=0.547 max_us=21
   2 caller=0x7cb3f513277c calls=330 total_ms=0.398 avg_us=1.206 max_us=20
   3 caller=0x7cb3f5131732 calls=66 total_ms=0.188 avg_us=2.848 max_us=9
   4 caller=0x7cb3f513299d calls=330 total_ms=0.165 avg_us=0.500 max_us=2
direct_cudaStreamSynchronize: calls=1500 total_ms=11.650 max_us=2480
by_direct_callsite (file:line):
   0 /opt/llama.cpp/ggml/src/ggml-cuda/ggml-cuda.cu:900 calls=12 total_ms=5.793 avg_us=482.750 max_us=2480
   1 /opt/llama.cpp/ggml/src/ggml-cuda/ggml-cuda.cu:839 calls=1147 total_ms=5.525 avg_us=4.817 max_us=354
   2 /opt/llama.cpp/ggml/src/ggml-cuda/ggml-cuda.cu:2665 calls=191 total_ms=0.214 avg_us=1.120 max_us=5
   3 /opt/llama.cpp/ggml/src/ggml-cuda/ggml-cuda.cu:847 calls=150 total_ms=0.118 avg_us=0.787 max_us=2
=== END CUDA SYNC PROFILE ===
backend-sync-trace: count=3000 backend=CUDA0 caller=ggml_backend_sched_graph_compute_async_ext+0xddc

=== CUDA SYNC PROFILE (instrumentation only) ===
total_syncs = 3000
total_wait_ms = 2279.657
max_wait_us = 140454
sites = 5
wait_hist_us = logarithmic buckets
  hist[0] = 2659
  hist[1] = 174
  hist[2] = 52
  hist[3] = 11
  hist[4] = 5
  hist[9] = 13
  hist[10] = 37
  hist[11] = 16
  hist[14] = 3
  hist[15] = 17
  hist[16] = 12
  hist[17] = 1
by_callsite (caller PC; symbolize with addr2line):
   0 caller=0x7cb3f512e0c2 calls=1342 total_ms=2278.383 avg_us=1697.752 max_us=140454
   1 caller=0x7cb3f513286c calls=913 total_ms=0.499 avg_us=0.547 max_us=21
   2 caller=0x7cb3f513277c calls=339 total_ms=0.409 avg_us=1.206 max_us=20
   3 caller=0x7cb3f5131732 calls=68 total_ms=0.196 avg_us=2.882 max_us=9
   4 caller=0x7cb3f513299d calls=338 total_ms=0.170 avg_us=0.503 max_us=2
direct_cudaStreamSynchronize: calls=1533 total_ms=11.786 max_us=2480
by_direct_callsite (file:line):
   0 /opt/llama.cpp/ggml/src/ggml-cuda/ggml-cuda.cu:900 calls=12 total_ms=5.793 avg_us=482.750 max_us=2480
   1 /opt/llama.cpp/ggml/src/ggml-cuda/ggml-cuda.cu:839 calls=1180 total_ms=5.661 avg_us=4.797 max_us=354
   2 /opt/llama.cpp/ggml/src/ggml-cuda/ggml-cuda.cu:2665 calls=191 total_ms=0.214 avg_us=1.120 max_us=5
   3 /opt/llama.cpp/ggml/src/ggml-cuda/ggml-cuda.cu:847 calls=150 total_ms=0.118 avg_us=0.787 max_us=2
=== END CUDA SYNC PROFILE ===
backend-sync-trace: count=3100 backend=CUDA0 caller=ggml_backend_sched_graph_compute_async_ext+0xecc

=== CUDA SYNC PROFILE (instrumentation only) ===
total_syncs = 3100
total_wait_ms = 2337.366
max_wait_us = 140454
sites = 5
wait_hist_us = logarithmic buckets
  hist[0] = 2750
  hist[1] = 178
  hist[2] = 54
  hist[3] = 11
  hist[4] = 5
  hist[9] = 15
  hist[10] = 37
  hist[11] = 16
  hist[14] = 3
  hist[15] = 18
  hist[16] = 12
  hist[17] = 1
by_callsite (caller PC; symbolize with addr2line):
   0 caller=0x7cb3f512e0c2 calls=1379 total_ms=2336.041 avg_us=1694.011 max_us=140454
   1 caller=0x7cb3f513286c calls=947 total_ms=0.522 avg_us=0.551 max_us=21
   2 caller=0x7cb3f513277c calls=352 total_ms=0.422 avg_us=1.199 max_us=20
   3 caller=0x7cb3f5131732 calls=70 total_ms=0.202 avg_us=2.886 max_us=9
   4 caller=0x7cb3f513299d calls=352 total_ms=0.179 avg_us=0.509 max_us=2
direct_cudaStreamSynchronize: calls=1577 total_ms=11.976 max_us=2480
by_direct_callsite (file:line):
   0 /opt/llama.cpp/ggml/src/ggml-cuda/ggml-cuda.cu:839 calls=1224 total_ms=5.851 avg_us=4.780 max_us=354
   1 /opt/llama.cpp/ggml/src/ggml-cuda/ggml-cuda.cu:900 calls=12 total_ms=5.793 avg_us=482.750 max_us=2480
   2 /opt/llama.cpp/ggml/src/ggml-cuda/ggml-cuda.cu:2665 calls=191 total_ms=0.214 avg_us=1.120 max_us=5
   3 /opt/llama.cpp/ggml/src/ggml-cuda/ggml-cuda.cu:847 calls=150 total_ms=0.118 avg_us=0.787 max_us=2
=== END CUDA SYNC PROFILE ===

=== CUDA SYNC PROFILE (instrumentation only) ===
total_syncs = 3161
total_wait_ms = 2379.423
max_wait_us = 140454
sites = 5
wait_hist_us = logarithmic buckets
  hist[0] = 2802
  hist[1] = 185
  hist[2] = 54
  hist[3] = 11
  hist[4] = 5
  hist[9] = 16
  hist[10] = 37
  hist[11] = 16
  hist[14] = 3
  hist[15] = 19
  hist[16] = 12
  hist[17] = 1
by_callsite (caller PC; symbolize with addr2line):
   0 caller=0x7cb3f512e0c2 calls=1409 total_ms=2378.071 avg_us=1687.772 max_us=140454
   1 caller=0x7cb3f513286c calls=964 total_ms=0.533 avg_us=0.553 max_us=21
   2 caller=0x7cb3f513277c calls=358 total_ms=0.429 avg_us=1.198 max_us=20
   3 caller=0x7cb3f5131732 calls=72 total_ms=0.208 avg_us=2.889 max_us=9
   4 caller=0x7cb3f513299d calls=358 total_ms=0.182 avg_us=0.508 max_us=2
direct_cudaStreamSynchronize: calls=1600 total_ms=12.057 max_us=2480
by_direct_callsite (file:line):
   0 /opt/llama.cpp/ggml/src/ggml-cuda/ggml-cuda.cu:839 calls=1247 total_ms=5.932 avg_us=4.757 max_us=354
   1 /opt/llama.cpp/ggml/src/ggml-cuda/ggml-cuda.cu:900 calls=12 total_ms=5.793 avg_us=482.750 max_us=2480
   2 /opt/llama.cpp/ggml/src/ggml-cuda/ggml-cuda.cu:2665 calls=191 total_ms=0.214 avg_us=1.120 max_us=5
   3 /opt/llama.cpp/ggml/src/ggml-cuda/ggml-cuda.cu:847 calls=150 total_ms=0.118 avg_us=0.787 max_us=2
=== END CUDA SYNC PROFILE ===
backend-sync-trace: count=3200 backend=CUDA0 caller=ggml_backend_sched_synchronize+0x52

=== CUDA SYNC PROFILE (instrumentation only) ===
total_syncs = 3200
total_wait_ms = 2419.260
max_wait_us = 140454
sites = 5
wait_hist_us = logarithmic buckets
  hist[0] = 2832
  hist[1] = 189
  hist[2] = 54
  hist[3] = 12
  hist[4] = 5
  hist[5] = 2
  hist[9] = 17
  hist[10] = 37
  hist[11] = 16
  hist[14] = 3
  hist[15] = 20
  hist[16] = 12
  hist[17] = 1
by_callsite (caller PC; symbolize with addr2line):
   0 caller=0x7cb3f512e0c2 calls=1422 total_ms=2417.892 avg_us=1700.346 max_us=140454
   1 caller=0x7cb3f513286c calls=982 total_ms=0.539 avg_us=0.549 max_us=21
   2 caller=0x7cb3f513277c calls=362 total_ms=0.438 avg_us=1.210 max_us=20
   3 caller=0x7cb3f5131732 calls=72 total_ms=0.208 avg_us=2.889 max_us=9
   4 caller=0x7cb3f513299d calls=362 total_ms=0.183 avg_us=0.506 max_us=2
direct_cudaStreamSynchronize: calls=1621 total_ms=12.137 max_us=2480
by_direct_callsite (file:line):
   0 /opt/llama.cpp/ggml/src/ggml-cuda/ggml-cuda.cu:839 calls=1268 total_ms=6.012 avg_us=4.741 max_us=354
   1 /opt/llama.cpp/ggml/src/ggml-cuda/ggml-cuda.cu:900 calls=12 total_ms=5.793 avg_us=482.750 max_us=2480
   2 /opt/llama.cpp/ggml/src/ggml-cuda/ggml-cuda.cu:2665 calls=191 total_ms=0.214 avg_us=1.120 max_us=5
   3 /opt/llama.cpp/ggml/src/ggml-cuda/ggml-cuda.cu:847 calls=150 total_ms=0.118 avg_us=0.787 max_us=2
=== END CUDA SYNC PROFILE ===
backend-sync-trace: count=3300 backend=CUDA0 caller=ggml_backend_sched_synchronize+0x52

=== CUDA SYNC PROFILE (instrumentation only) ===
total_syncs = 3300
total_wait_ms = 2494.357
max_wait_us = 140454
sites = 5
wait_hist_us = logarithmic buckets
  hist[0] = 2920
  hist[1] = 196
  hist[2] = 55
  hist[3] = 13
  hist[4] = 5
  hist[5] = 2
  hist[9] = 17
  hist[10] = 39
  hist[11] = 16
  hist[14] = 3
  hist[15] = 20
  hist[16] = 13
  hist[17] = 1
by_callsite (caller PC; symbolize with addr2line):
   0 caller=0x7cb3f512e0c2 calls=1464 total_ms=2492.955 avg_us=1702.838 max_us=140454
   1 caller=0x7cb3f513286c calls=1013 total_ms=0.551 avg_us=0.544 max_us=21
   2 caller=0x7cb3f513277c calls=374 total_ms=0.446 avg_us=1.193 max_us=20
   3 caller=0x7cb3f5131732 calls=75 total_ms=0.215 avg_us=2.867 max_us=9
   4 caller=0x7cb3f513299d calls=374 total_ms=0.190 avg_us=0.508 max_us=2
direct_cudaStreamSynchronize: calls=1661 total_ms=12.299 max_us=2480
by_direct_callsite (file:line):
   0 /opt/llama.cpp/ggml/src/ggml-cuda/ggml-cuda.cu:839 calls=1308 total_ms=6.174 avg_us=4.720 max_us=354
   1 /opt/llama.cpp/ggml/src/ggml-cuda/ggml-cuda.cu:900 calls=12 total_ms=5.793 avg_us=482.750 max_us=2480
   2 /opt/llama.cpp/ggml/src/ggml-cuda/ggml-cuda.cu:2665 calls=191 total_ms=0.214 avg_us=1.120 max_us=5
   3 /opt/llama.cpp/ggml/src/ggml-cuda/ggml-cuda.cu:847 calls=150 total_ms=0.118 avg_us=0.787 max_us=2
=== END CUDA SYNC PROFILE ===
backend-sync-trace: count=3400 backend=CUDA0 caller=ggml_backend_sched_synchronize+0x52

=== CUDA SYNC PROFILE (instrumentation only) ===
total_syncs = 3400
total_wait_ms = 2561.626
max_wait_us = 140454
sites = 5
wait_hist_us = logarithmic buckets
  hist[0] = 3010
  hist[1] = 201
  hist[2] = 57
  hist[3] = 13
  hist[4] = 5
  hist[5] = 2
  hist[9] = 18
  hist[10] = 39
  hist[11] = 17
  hist[14] = 3
  hist[15] = 21
  hist[16] = 13
  hist[17] = 1
by_callsite (caller PC; symbolize with addr2line):
   0 caller=0x7cb3f512e0c2 calls=1515 total_ms=2560.185 avg_us=1689.891 max_us=140454
   1 caller=0x7cb3f513286c calls=1040 total_ms=0.565 avg_us=0.543 max_us=21
   2 caller=0x7cb3f513277c calls=384 total_ms=0.457 avg_us=1.190 max_us=20
   3 caller=0x7cb3f5131732 calls=77 total_ms=0.222 avg_us=2.883 max_us=9
   4 caller=0x7cb3f513299d calls=384 total_ms=0.197 avg_us=0.513 max_us=2
direct_cudaStreamSynchronize: calls=1696 total_ms=12.437 max_us=2480
by_direct_callsite (file:line):
   0 /opt/llama.cpp/ggml/src/ggml-cuda/ggml-cuda.cu:839 calls=1343 total_ms=6.312 avg_us=4.700 max_us=354
   1 /opt/llama.cpp/ggml/src/ggml-cuda/ggml-cuda.cu:900 calls=12 total_ms=5.793 avg_us=482.750 max_us=2480
   2 /opt/llama.cpp/ggml/src/ggml-cuda/ggml-cuda.cu:2665 calls=191 total_ms=0.214 avg_us=1.120 max_us=5
   3 /opt/llama.cpp/ggml/src/ggml-cuda/ggml-cuda.cu:847 calls=150 total_ms=0.118 avg_us=0.787 max_us=2
=== END CUDA SYNC PROFILE ===

=== CUDA SYNC PROFILE (instrumentation only) ===
total_syncs = 3410
total_wait_ms = 2561.633
max_wait_us = 140454
sites = 5
wait_hist_us = logarithmic buckets
  hist[0] = 3018
  hist[1] = 203
  hist[2] = 57
  hist[3] = 13
  hist[4] = 5
  hist[5] = 2
  hist[9] = 18
  hist[10] = 39
  hist[11] = 17
  hist[14] = 3
  hist[15] = 21
  hist[16] = 13
  hist[17] = 1
by_callsite (caller PC; symbolize with addr2line):
   0 caller=0x7cb3f512e0c2 calls=1518 total_ms=2560.186 avg_us=1686.552 max_us=140454
   1 caller=0x7cb3f513286c calls=1042 total_ms=0.566 avg_us=0.543 max_us=21
   2 caller=0x7cb3f513277c calls=386 total_ms=0.459 avg_us=1.189 max_us=20
   3 caller=0x7cb3f5131732 calls=78 total_ms=0.224 avg_us=2.872 max_us=9
   4 caller=0x7cb3f513299d calls=386 total_ms=0.198 avg_us=0.513 max_us=2
direct_cudaStreamSynchronize: calls=1700 total_ms=12.451 max_us=2480
by_direct_callsite (file:line):
   0 /opt/llama.cpp/ggml/src/ggml-cuda/ggml-cuda.cu:839 calls=1347 total_ms=6.326 avg_us=4.696 max_us=354
   1 /opt/llama.cpp/ggml/src/ggml-cuda/ggml-cuda.cu:900 calls=12 total_ms=5.793 avg_us=482.750 max_us=2480
   2 /opt/llama.cpp/ggml/src/ggml-cuda/ggml-cuda.cu:2665 calls=191 total_ms=0.214 avg_us=1.120 max_us=5
   3 /opt/llama.cpp/ggml/src/ggml-cuda/ggml-cuda.cu:847 calls=150 total_ms=0.118 avg_us=0.787 max_us=2
=== END CUDA SYNC PROFILE ===
backend-sync-trace: count=3500 backend=CUDA0 caller=ggml_backend_sched_synchronize+0x52

=== CUDA SYNC PROFILE (instrumentation only) ===
total_syncs = 3500
total_wait_ms = 2622.816
max_wait_us = 140454
sites = 5
wait_hist_us = logarithmic buckets
  hist[0] = 3094
  hist[1] = 208
  hist[2] = 60
  hist[3] = 14
  hist[4] = 6
  hist[5] = 2
  hist[9] = 18
  hist[10] = 41
  hist[11] = 18
  hist[14] = 3
  hist[15] = 22
  hist[16] = 13
  hist[17] = 1
by_callsite (caller PC; symbolize with addr2line):
   0 caller=0x7cb3f512e0c2 calls=1557 total_ms=2621.309 avg_us=1683.564 max_us=140454
   1 caller=0x7cb3f513286c calls=1071 total_ms=0.583 avg_us=0.544 max_us=21
   2 caller=0x7cb3f513277c calls=396 total_ms=0.469 avg_us=1.184 max_us=20
   3 caller=0x7cb3f5131732 calls=80 total_ms=0.232 avg_us=2.900 max_us=9
   4 caller=0x7cb3f513299d calls=396 total_ms=0.223 avg_us=0.563 max_us=20
direct_cudaStreamSynchronize: calls=1737 total_ms=12.686 max_us=2480
by_direct_callsite (file:line):
   0 /opt/llama.cpp/ggml/src/ggml-cuda/ggml-cuda.cu:839 calls=1384 total_ms=6.561 avg_us=4.741 max_us=354
   1 /opt/llama.cpp/ggml/src/ggml-cuda/ggml-cuda.cu:900 calls=12 total_ms=5.793 avg_us=482.750 max_us=2480
   2 /opt/llama.cpp/ggml/src/ggml-cuda/ggml-cuda.cu:2665 calls=191 total_ms=0.214 avg_us=1.120 max_us=5
   3 /opt/llama.cpp/ggml/src/ggml-cuda/ggml-cuda.cu:847 calls=150 total_ms=0.118 avg_us=0.787 max_us=2
=== END CUDA SYNC PROFILE ===
1.08.964.130 I slot print_timing: id  0 | task 0 | n_gen =    111, tg =  36.19 t/s, tg_3s =  36.51 t/s
backend-sync-trace: count=3600 backend=CUDA0 caller=ggml_backend_sched_synchronize+0x52

=== CUDA SYNC PROFILE (instrumentation only) ===
total_syncs = 3600
total_wait_ms = 2678.880
max_wait_us = 140454
sites = 5
wait_hist_us = logarithmic buckets
  hist[0] = 3187
  hist[1] = 210
  hist[2] = 61
  hist[3] = 14
  hist[4] = 6
  hist[5] = 2
  hist[9] = 18
  hist[10] = 44
  hist[11] = 18
  hist[14] = 3
  hist[15] = 23
  hist[16] = 13
  hist[17] = 1
by_callsite (caller PC; symbolize with addr2line):
   0 caller=0x7cb3f512e0c2 calls=1600 total_ms=2677.347 avg_us=1673.342 max_us=140454
   1 caller=0x7cb3f513286c calls=1102 total_ms=0.594 avg_us=0.539 max_us=21
   2 caller=0x7cb3f513277c calls=408 total_ms=0.478 avg_us=1.172 max_us=20
   3 caller=0x7cb3f5131732 calls=82 total_ms=0.235 avg_us=2.866 max_us=9
   4 caller=0x7cb3f513299d calls=408 total_ms=0.226 avg_us=0.554 max_us=20
direct_cudaStreamSynchronize: calls=1778 total_ms=12.851 max_us=2480
by_direct_callsite (file:line):
   0 /opt/llama.cpp/ggml/src/ggml-cuda/ggml-cuda.cu:839 calls=1425 total_ms=6.726 avg_us=4.720 max_us=354
   1 /opt/llama.cpp/ggml/src/ggml-cuda/ggml-cuda.cu:900 calls=12 total_ms=5.793 avg_us=482.750 max_us=2480
   2 /opt/llama.cpp/ggml/src/ggml-cuda/ggml-cuda.cu:2665 calls=191 total_ms=0.214 avg_us=1.120 max_us=5
   3 /opt/llama.cpp/ggml/src/ggml-cuda/ggml-cuda.cu:847 calls=150 total_ms=0.118 avg_us=0.787 max_us=2
=== END CUDA SYNC PROFILE ===

=== CUDA SYNC PROFILE (instrumentation only) ===
total_syncs = 3638
total_wait_ms = 2721.411
max_wait_us = 140454
sites = 5
wait_hist_us = logarithmic buckets
  hist[0] = 3221
  hist[1] = 213
  hist[2] = 61
  hist[3] = 14
  hist[4] = 6
  hist[5] = 2
  hist[9] = 18
  hist[10] = 44
  hist[11] = 18
  hist[14] = 3
  hist[15] = 24
  hist[16] = 13
  hist[17] = 1
by_callsite (caller PC; symbolize with addr2line):
   0 caller=0x7cb3f512e0c2 calls=1608 total_ms=2719.865 avg_us=1691.458 max_us=140454
   1 caller=0x7cb3f513286c calls=1119 total_ms=0.599 avg_us=0.535 max_us=21
   2 caller=0x7cb3f513277c calls=414 total_ms=0.483 avg_us=1.167 max_us=20
   3 caller=0x7cb3f5131732 calls=83 total_ms=0.237 avg_us=2.855 max_us=9
   4 caller=0x7cb3f513299d calls=414 total_ms=0.227 avg_us=0.548 max_us=20
direct_cudaStreamSynchronize: calls=1800 total_ms=12.947 max_us=2480
by_direct_callsite (file:line):
   0 /opt/llama.cpp/ggml/src/ggml-cuda/ggml-cuda.cu:839 calls=1447 total_ms=6.822 avg_us=4.715 max_us=354
   1 /opt/llama.cpp/ggml/src/ggml-cuda/ggml-cuda.cu:900 calls=12 total_ms=5.793 avg_us=482.750 max_us=2480
   2 /opt/llama.cpp/ggml/src/ggml-cuda/ggml-cuda.cu:2665 calls=191 total_ms=0.214 avg_us=1.120 max_us=5
   3 /opt/llama.cpp/ggml/src/ggml-cuda/ggml-cuda.cu:847 calls=150 total_ms=0.118 avg_us=0.787 max_us=2
=== END CUDA SYNC PROFILE ===
backend-sync-trace: count=3700 backend=CUDA0 caller=ggml_backend_sched_graph_compute_async_ext+0xecc

=== CUDA SYNC PROFILE (instrumentation only) ===
total_syncs = 3700
total_wait_ms = 2723.571
max_wait_us = 140454
sites = 5
wait_hist_us = logarithmic buckets
  hist[0] = 3278
  hist[1] = 216
  hist[2] = 61
  hist[3] = 14
  hist[4] = 6
  hist[5] = 2
  hist[9] = 19
  hist[10] = 45
  hist[11] = 18
  hist[14] = 3
  hist[15] = 24
  hist[16] = 13
  hist[17] = 1
by_callsite (caller PC; symbolize with addr2line):
   0 caller=0x7cb3f512e0c2 calls=1631 total_ms=2722.004 avg_us=1668.917 max_us=140454
   1 caller=0x7cb3f513286c calls=1141 total_ms=0.608 avg_us=0.533 max_us=21
   2 caller=0x7cb3f513277c calls=422 total_ms=0.489 avg_us=1.159 max_us=20
   3 caller=0x7cb3f5131732 calls=84 total_ms=0.239 avg_us=2.845 max_us=9
   4 caller=0x7cb3f513299d calls=422 total_ms=0.231 avg_us=0.547 max_us=20
direct_cudaStreamSynchronize: calls=1827 total_ms=13.052 max_us=2480
by_direct_callsite (file:line):
   0 /opt/llama.cpp/ggml/src/ggml-cuda/ggml-cuda.cu:839 calls=1474 total_ms=6.927 avg_us=4.699 max_us=354
   1 /opt/llama.cpp/ggml/src/ggml-cuda/ggml-cuda.cu:900 calls=12 total_ms=5.793 avg_us=482.750 max_us=2480
   2 /opt/llama.cpp/ggml/src/ggml-cuda/ggml-cuda.cu:2665 calls=191 total_ms=0.214 avg_us=1.120 max_us=5
   3 /opt/llama.cpp/ggml/src/ggml-cuda/ggml-cuda.cu:847 calls=150 total_ms=0.118 avg_us=0.787 max_us=2
=== END CUDA SYNC PROFILE ===
backend-sync-trace: count=3800 backend=CUDA0 caller=ggml_backend_sched_synchronize+0x52

=== CUDA SYNC PROFILE (instrumentation only) ===
total_syncs = 3800
total_wait_ms = 2796.938
max_wait_us = 140454
sites = 5
wait_hist_us = logarithmic buckets
  hist[0] = 3371
  hist[1] = 219
  hist[2] = 61
  hist[3] = 14
  hist[4] = 6
  hist[5] = 2
  hist[9] = 19
  hist[10] = 47
  hist[11] = 18
  hist[14] = 4
  hist[15] = 25
  hist[16] = 13
  hist[17] = 1
by_callsite (caller PC; symbolize with addr2line):
   0 caller=0x7cb3f512e0c2 calls=1670 total_ms=2795.340 avg_us=1673.856 max_us=140454
   1 caller=0x7cb3f513286c calls=1175 total_ms=0.624 avg_us=0.531 max_us=21
   2 caller=0x7cb3f513277c calls=434 total_ms=0.498 avg_us=1.147 max_us=20
   3 caller=0x7cb3f5131732 calls=87 total_ms=0.243 avg_us=2.793 max_us=9
   4 caller=0x7cb3f513299d calls=434 total_ms=0.233 avg_us=0.537 max_us=20
direct_cudaStreamSynchronize: calls=1871 total_ms=13.228 max_us=2480
by_direct_callsite (file:line):
   0 /opt/llama.cpp/ggml/src/ggml-cuda/ggml-cuda.cu:839 calls=1518 total_ms=7.103 avg_us=4.679 max_us=354
   1 /opt/llama.cpp/ggml/src/ggml-cuda/ggml-cuda.cu:900 calls=12 total_ms=5.793 avg_us=482.750 max_us=2480
   2 /opt/llama.cpp/ggml/src/ggml-cuda/ggml-cuda.cu:2665 calls=191 total_ms=0.214 avg_us=1.120 max_us=5
   3 /opt/llama.cpp/ggml/src/ggml-cuda/ggml-cuda.cu:847 calls=150 total_ms=0.118 avg_us=0.787 max_us=2
=== END CUDA SYNC PROFILE ===

=== CUDA SYNC PROFILE (instrumentation only) ===
total_syncs = 3862
total_wait_ms = 2798.816
max_wait_us = 140454
sites = 5
wait_hist_us = logarithmic buckets
  hist[0] = 3429
  hist[1] = 221
  hist[2] = 61
  hist[3] = 14
  hist[4] = 6
  hist[5] = 2
  hist[9] = 21
  hist[10] = 47
  hist[11] = 18
  hist[14] = 4
  hist[15] = 25
  hist[16] = 13
  hist[17] = 1
by_callsite (caller PC; symbolize with addr2line):
   0 caller=0x7cb3f512e0c2 calls=1693 total_ms=2797.200 avg_us=1652.215 max_us=140454
   1 caller=0x7cb3f513286c calls=1197 total_ms=0.630 avg_us=0.526 max_us=21
   2 caller=0x7cb3f513277c calls=442 total_ms=0.506 avg_us=1.145 max_us=20
   3 caller=0x7cb3f5131732 calls=88 total_ms=0.245 avg_us=2.784 max_us=9
   4 caller=0x7cb3f513299d calls=442 total_ms=0.235 avg_us=0.532 max_us=20
direct_cudaStreamSynchronize: calls=1900 total_ms=13.338 max_us=2480
by_direct_callsite (file:line):
   0 /opt/llama.cpp/ggml/src/ggml-cuda/ggml-cuda.cu:839 calls=1547 total_ms=7.213 avg_us=4.663 max_us=354
   1 /opt/llama.cpp/ggml/src/ggml-cuda/ggml-cuda.cu:900 calls=12 total_ms=5.793 avg_us=482.750 max_us=2480
   2 /opt/llama.cpp/ggml/src/ggml-cuda/ggml-cuda.cu:2665 calls=191 total_ms=0.214 avg_us=1.120 max_us=5
   3 /opt/llama.cpp/ggml/src/ggml-cuda/ggml-cuda.cu:847 calls=150 total_ms=0.118 avg_us=0.787 max_us=2
=== END CUDA SYNC PROFILE ===
backend-sync-trace: count=3900 backend=CUDA0 caller=ggml_backend_sched_graph_compute_async_ext+0xffd

=== CUDA SYNC PROFILE (instrumentation only) ===
total_syncs = 3900
total_wait_ms = 2823.313
max_wait_us = 140454
sites = 5
wait_hist_us = logarithmic buckets
  hist[0] = 3464
  hist[1] = 223
  hist[2] = 61
  hist[3] = 14
  hist[4] = 6
  hist[5] = 2
  hist[9] = 21
  hist[10] = 47
  hist[11] = 18
  hist[14] = 5
  hist[15] = 25
  hist[16] = 13
  hist[17] = 1
by_callsite (caller PC; symbolize with addr2line):
   0 caller=0x7cb3f512e0c2 calls=1716 total_ms=2821.685 avg_us=1644.339 max_us=140454
   1 caller=0x7cb3f513286c calls=1202 total_ms=0.633 avg_us=0.527 max_us=21
   2 caller=0x7cb3f513277c calls=446 total_ms=0.508 avg_us=1.139 max_us=20
   3 caller=0x7cb3f5131732 calls=90 total_ms=0.249 avg_us=2.767 max_us=9
   4 caller=0x7cb3f513299d calls=446 total_ms=0.238 avg_us=0.534 max_us=20
direct_cudaStreamSynchronize: calls=1907 total_ms=13.369 max_us=2480
by_direct_callsite (file:line):
   0 /opt/llama.cpp/ggml/src/ggml-cuda/ggml-cuda.cu:839 calls=1554 total_ms=7.244 avg_us=4.662 max_us=354
   1 /opt/llama.cpp/ggml/src/ggml-cuda/ggml-cuda.cu:900 calls=12 total_ms=5.793 avg_us=482.750 max_us=2480
   2 /opt/llama.cpp/ggml/src/ggml-cuda/ggml-cuda.cu:2665 calls=191 total_ms=0.214 avg_us=1.120 max_us=5
   3 /opt/llama.cpp/ggml/src/ggml-cuda/ggml-cuda.cu:847 calls=150 total_ms=0.118 avg_us=0.787 max_us=2
=== END CUDA SYNC PROFILE ===
backend-sync-trace: count=4000 backend=CUDA0 caller=ggml_backend_sched_synchronize+0x52

=== CUDA SYNC PROFILE (instrumentation only) ===
total_syncs = 4000
total_wait_ms = 2880.022
max_wait_us = 140454
sites = 5
wait_hist_us = logarithmic buckets
  hist[0] = 3555
  hist[1] = 227
  hist[2] = 61
  hist[3] = 14
  hist[4] = 6
  hist[5] = 2
  hist[9] = 23
  hist[10] = 49
  hist[11] = 18
  hist[14] = 5
  hist[15] = 26
  hist[16] = 13
  hist[17] = 1
by_callsite (caller PC; symbolize with addr2line):
   0 caller=0x7cb3f512e0c2 calls=1755 total_ms=2878.363 avg_us=1640.093 max_us=140454
   1 caller=0x7cb3f513286c calls=1237 total_ms=0.649 avg_us=0.525 max_us=21
   2 caller=0x7cb3f513277c calls=458 total_ms=0.518 avg_us=1.131 max_us=20
   3 caller=0x7cb3f5131732 calls=92 total_ms=0.253 avg_us=2.750 max_us=9
   4 caller=0x7cb3f513299d calls=458 total_ms=0.239 avg_us=0.522 max_us=20
direct_cudaStreamSynchronize: calls=1953 total_ms=13.541 max_us=2480
by_direct_callsite (file:line):
   0 /opt/llama.cpp/ggml/src/ggml-cuda/ggml-cuda.cu:839 calls=1600 total_ms=7.416 avg_us=4.635 max_us=354
   1 /opt/llama.cpp/ggml/src/ggml-cuda/ggml-cuda.cu:900 calls=12 total_ms=5.793 avg_us=482.750 max_us=2480
   2 /opt/llama.cpp/ggml/src/ggml-cuda/ggml-cuda.cu:2665 calls=191 total_ms=0.214 avg_us=1.120 max_us=5
   3 /opt/llama.cpp/ggml/src/ggml-cuda/ggml-cuda.cu:847 calls=150 total_ms=0.118 avg_us=0.787 max_us=2
=== END CUDA SYNC PROFILE ===

=== CUDA SYNC PROFILE (instrumentation only) ===
total_syncs = 4097
total_wait_ms = 2916.836
max_wait_us = 140454
sites = 5
wait_hist_us = logarithmic buckets
  hist[0] = 3646
  hist[1] = 230
  hist[2] = 61
  hist[3] = 14
  hist[4] = 6
  hist[5] = 2
  hist[9] = 23
  hist[10] = 51
  hist[11] = 18
  hist[14] = 5
  hist[15] = 27
  hist[16] = 13
  hist[17] = 1
by_callsite (caller PC; symbolize with addr2line):
   0 caller=0x7cb3f512e0c2 calls=1786 total_ms=2915.143 avg_us=1632.219 max_us=140454
   1 caller=0x7cb3f513286c calls=1273 total_ms=0.666 avg_us=0.523 max_us=21
   2 caller=0x7cb3f513277c calls=472 total_ms=0.527 avg_us=1.117 max_us=20
   3 caller=0x7cb3f5131732 calls=94 total_ms=0.256 avg_us=2.723 max_us=9
   4 caller=0x7cb3f513299d calls=472 total_ms=0.244 avg_us=0.517 max_us=20
direct_cudaStreamSynchronize: calls=2000 total_ms=13.737 max_us=2480
by_direct_callsite (file:line):
   0 /opt/llama.cpp/ggml/src/ggml-cuda/ggml-cuda.cu:839 calls=1647 total_ms=7.612 avg_us=4.622 max_us=354
   1 /opt/llama.cpp/ggml/src/ggml-cuda/ggml-cuda.cu:900 calls=12 total_ms=5.793 avg_us=482.750 max_us=2480
   2 /opt/llama.cpp/ggml/src/ggml-cuda/ggml-cuda.cu:2665 calls=191 total_ms=0.214 avg_us=1.120 max_us=5
   3 /opt/llama.cpp/ggml/src/ggml-cuda/ggml-cuda.cu:847 calls=150 total_ms=0.118 avg_us=0.787 max_us=2
=== END CUDA SYNC PROFILE ===
backend-sync-trace: count=4100 backend=CUDA0 caller=ggml_backend_sched_graph_compute_async_ext+0xecc

=== CUDA SYNC PROFILE (instrumentation only) ===
total_syncs = 4100
total_wait_ms = 2916.837
max_wait_us = 140454
sites = 5
wait_hist_us = logarithmic buckets
  hist[0] = 3649
  hist[1] = 230
  hist[2] = 61
  hist[3] = 14
  hist[4] = 6
  hist[5] = 2
  hist[9] = 23
  hist[10] = 51
  hist[11] = 18
  hist[14] = 5
  hist[15] = 27
  hist[16] = 13
  hist[17] = 1
by_callsite (caller PC; symbolize with addr2line):
   0 caller=0x7cb3f512e0c2 calls=1786 total_ms=2915.143 avg_us=1632.219 max_us=140454
   1 caller=0x7cb3f513286c calls=1276 total_ms=0.667 avg_us=0.523 max_us=21
   2 caller=0x7cb3f513277c calls=472 total_ms=0.527 avg_us=1.117 max_us=20
   3 caller=0x7cb3f5131732 calls=94 total_ms=0.256 avg_us=2.723 max_us=9
   4 caller=0x7cb3f513299d calls=472 total_ms=0.244 avg_us=0.517 max_us=20
direct_cudaStreamSynchronize: calls=2002 total_ms=13.743 max_us=2480
by_direct_callsite (file:line):
   0 /opt/llama.cpp/ggml/src/ggml-cuda/ggml-cuda.cu:839 calls=1649 total_ms=7.618 avg_us=4.620 max_us=354
   1 /opt/llama.cpp/ggml/src/ggml-cuda/ggml-cuda.cu:900 calls=12 total_ms=5.793 avg_us=482.750 max_us=2480
   2 /opt/llama.cpp/ggml/src/ggml-cuda/ggml-cuda.cu:2665 calls=191 total_ms=0.214 avg_us=1.120 max_us=5
   3 /opt/llama.cpp/ggml/src/ggml-cuda/ggml-cuda.cu:847 calls=150 total_ms=0.118 avg_us=0.787 max_us=2
=== END CUDA SYNC PROFILE ===
backend-sync-trace: count=4200 backend=CUDA0 caller=ggml_backend_sched_graph_compute_async_ext+0xecc

=== CUDA SYNC PROFILE (instrumentation only) ===
total_syncs = 4200
total_wait_ms = 3011.249
max_wait_us = 140454
sites = 5
wait_hist_us = logarithmic buckets
  hist[0] = 3742
  hist[1] = 233
  hist[2] = 61
  hist[3] = 14
  hist[4] = 6
  hist[5] = 2
  hist[9] = 23
  hist[10] = 53
  hist[11] = 18
  hist[14] = 5
  hist[15] = 29
  hist[16] = 13
  hist[17] = 1
by_callsite (caller PC; symbolize with addr2line):
   0 caller=0x7cb3f512e0c2 calls=1825 total_ms=3009.524 avg_us=1649.054 max_us=140454
   1 caller=0x7cb3f513286c calls=1310 total_ms=0.680 avg_us=0.519 max_us=21
   2 caller=0x7cb3f513277c calls=484 total_ms=0.535 avg_us=1.105 max_us=20
   3 caller=0x7cb3f5131732 calls=97 total_ms=0.260 avg_us=2.680 max_us=9
   4 caller=0x7cb3f513299d calls=484 total_ms=0.250 avg_us=0.517 max_us=20
direct_cudaStreamSynchronize: calls=2046 total_ms=13.918 max_us=2480
by_direct_callsite (file:line):
   0 /opt/llama.cpp/ggml/src/ggml-cuda/ggml-cuda.cu:839 calls=1693 total_ms=7.793 avg_us=4.603 max_us=354
   1 /opt/llama.cpp/ggml/src/ggml-cuda/ggml-cuda.cu:900 calls=12 total_ms=5.793 avg_us=482.750 max_us=2480
   2 /opt/llama.cpp/ggml/src/ggml-cuda/ggml-cuda.cu:2665 calls=191 total_ms=0.214 avg_us=1.120 max_us=5
   3 /opt/llama.cpp/ggml/src/ggml-cuda/ggml-cuda.cu:847 calls=150 total_ms=0.118 avg_us=0.787 max_us=2
=== END CUDA SYNC PROFILE ===
backend-sync-trace: count=4300 backend=CUDA0 caller=ggml_backend_sched_synchronize+0x52

=== CUDA SYNC PROFILE (instrumentation only) ===
total_syncs = 4300
total_wait_ms = 3063.506
max_wait_us = 140454
sites = 5
wait_hist_us = logarithmic buckets
  hist[0] = 3834
  hist[1] = 237
  hist[2] = 61
  hist[3] = 14
  hist[4] = 6
  hist[5] = 2
  hist[9] = 23
  hist[10] = 55
  hist[11] = 19
  hist[14] = 5
  hist[15] = 30
  hist[16] = 13
  hist[17] = 1
by_callsite (caller PC; symbolize with addr2line):
   0 caller=0x7cb3f512e0c2 calls=1867 total_ms=3061.753 avg_us=1639.932 max_us=140454
   1 caller=0x7cb3f513286c calls=1341 total_ms=0.689 avg_us=0.514 max_us=21
   2 caller=0x7cb3f513277c calls=496 total_ms=0.544 avg_us=1.097 max_us=20
   3 caller=0x7cb3f5131732 calls=100 total_ms=0.265 avg_us=2.650 max_us=9
   4 caller=0x7cb3f513299d calls=496 total_ms=0.255 avg_us=0.514 max_us=20
direct_cudaStreamSynchronize: calls=2087 total_ms=14.081 max_us=2480
by_direct_callsite (file:line):
   0 /opt/llama.cpp/ggml/src/ggml-cuda/ggml-cuda.cu:839 calls=1734 total_ms=7.956 avg_us=4.588 max_us=354
   1 /opt/llama.cpp/ggml/src/ggml-cuda/ggml-cuda.cu:900 calls=12 total_ms=5.793 avg_us=482.750 max_us=2480
   2 /opt/llama.cpp/ggml/src/ggml-cuda/ggml-cuda.cu:2665 calls=191 total_ms=0.214 avg_us=1.120 max_us=5
   3 /opt/llama.cpp/ggml/src/ggml-cuda/ggml-cuda.cu:847 calls=150 total_ms=0.118 avg_us=0.787 max_us=2
=== END CUDA SYNC PROFILE ===

=== CUDA SYNC PROFILE (instrumentation only) ===
total_syncs = 4332
total_wait_ms = 3065.287
max_wait_us = 140454
sites = 5
wait_hist_us = logarithmic buckets
  hist[0] = 3864
  hist[1] = 238
  hist[2] = 61
  hist[3] = 14
  hist[4] = 6
  hist[5] = 2
  hist[9] = 23
  hist[10] = 56
  hist[11] = 19
  hist[14] = 5
  hist[15] = 30
  hist[16] = 13
  hist[17] = 1
by_callsite (caller PC; symbolize with addr2line):
   0 caller=0x7cb3f512e0c2 calls=1879 total_ms=3063.526 avg_us=1630.402 max_us=140454
   1 caller=0x7cb3f513286c calls=1349 total_ms=0.691 avg_us=0.512 max_us=21
   2 caller=0x7cb3f513277c calls=502 total_ms=0.549 avg_us=1.094 max_us=20
   3 caller=0x7cb3f5131732 calls=100 total_ms=0.265 avg_us=2.650 max_us=9
   4 caller=0x7cb3f513299d calls=502 total_ms=0.256 avg_us=0.510 max_us=20
direct_cudaStreamSynchronize: calls=2100 total_ms=14.147 max_us=2480
by_direct_callsite (file:line):
   0 /opt/llama.cpp/ggml/src/ggml-cuda/ggml-cuda.cu:839 calls=1747 total_ms=8.022 avg_us=4.592 max_us=354
   1 /opt/llama.cpp/ggml/src/ggml-cuda/ggml-cuda.cu:900 calls=12 total_ms=5.793 avg_us=482.750 max_us=2480
   2 /opt/llama.cpp/ggml/src/ggml-cuda/ggml-cuda.cu:2665 calls=191 total_ms=0.214 avg_us=1.120 max_us=5
   3 /opt/llama.cpp/ggml/src/ggml-cuda/ggml-cuda.cu:847 calls=150 total_ms=0.118 avg_us=0.787 max_us=2
=== END CUDA SYNC PROFILE ===
backend-sync-trace: count=4400 backend=CUDA0 caller=ggml_backend_sched_synchronize+0x52

=== CUDA SYNC PROFILE (instrumentation only) ===
total_syncs = 4400
total_wait_ms = 3100.687
max_wait_us = 140454
sites = 5
wait_hist_us = logarithmic buckets
  hist[0] = 3927
  hist[1] = 240
  hist[2] = 61
  hist[3] = 14
  hist[4] = 6
  hist[5] = 2
  hist[9] = 23
  hist[10] = 57
  hist[11] = 20
  hist[14] = 6
  hist[15] = 30
  hist[16] = 13
  hist[17] = 1
by_callsite (caller PC; symbolize with addr2line):
   0 caller=0x7cb3f512e0c2 calls=1910 total_ms=3098.909 avg_us=1622.465 max_us=140454
   1 caller=0x7cb3f513286c calls=1372 total_ms=0.699 avg_us=0.509 max_us=21
   2 caller=0x7cb3f513277c calls=508 total_ms=0.552 avg_us=1.087 max_us=20
   3 caller=0x7cb3f5131732 calls=102 total_ms=0.269 avg_us=2.637 max_us=9
   4 caller=0x7cb3f513299d calls=508 total_ms=0.258 avg_us=0.508 max_us=20
direct_cudaStreamSynchronize: calls=2128 total_ms=14.244 max_us=2480
by_direct_callsite (file:line):
   0 /opt/llama.cpp/ggml/src/ggml-cuda/ggml-cuda.cu:839 calls=1775 total_ms=8.119 avg_us=4.574 max_us=354
   1 /opt/llama.cpp/ggml/src/ggml-cuda/ggml-cuda.cu:900 calls=12 total_ms=5.793 avg_us=482.750 max_us=2480
   2 /opt/llama.cpp/ggml/src/ggml-cuda/ggml-cuda.cu:2665 calls=191 total_ms=0.214 avg_us=1.120 max_us=5
   3 /opt/llama.cpp/ggml/src/ggml-cuda/ggml-cuda.cu:847 calls=150 total_ms=0.118 avg_us=0.787 max_us=2
=== END CUDA SYNC PROFILE ===
backend-sync-trace: count=4500 backend=CUDA0 caller=0x7cb3f5131732

=== CUDA SYNC PROFILE (instrumentation only) ===
total_syncs = 4500
total_wait_ms = 3201.912
max_wait_us = 140454
sites = 5
wait_hist_us = logarithmic buckets
  hist[0] = 4017
  hist[1] = 246
  hist[2] = 61
  hist[3] = 14
  hist[4] = 6
  hist[5] = 2
  hist[9] = 23
  hist[10] = 59
  hist[11] = 20
  hist[14] = 6
  hist[15] = 32
  hist[16] = 13
  hist[17] = 1
by_callsite (caller PC; symbolize with addr2line):
   0 caller=0x7cb3f512e0c2 calls=1937 total_ms=3200.094 avg_us=1652.088 max_us=140454
   1 caller=0x7cb3f513286c calls=1414 total_ms=0.715 avg_us=0.506 max_us=21
   2 caller=0x7cb3f513277c calls=522 total_ms=0.565 avg_us=1.082 max_us=20
   3 caller=0x7cb3f5131732 calls=105 total_ms=0.274 avg_us=2.610 max_us=9
   4 caller=0x7cb3f513299d calls=522 total_ms=0.264 avg_us=0.506 max_us=20
direct_cudaStreamSynchronize: calls=2181 total_ms=14.457 max_us=2480
by_direct_callsite (file:line):
   0 /opt/llama.cpp/ggml/src/ggml-cuda/ggml-cuda.cu:839 calls=1828 total_ms=8.332 avg_us=4.558 max_us=354
   1 /opt/llama.cpp/ggml/src/ggml-cuda/ggml-cuda.cu:900 calls=12 total_ms=5.793 avg_us=482.750 max_us=2480
   2 /opt/llama.cpp/ggml/src/ggml-cuda/ggml-cuda.cu:2665 calls=191 total_ms=0.214 avg_us=1.120 max_us=5
   3 /opt/llama.cpp/ggml/src/ggml-cuda/ggml-cuda.cu:847 calls=150 total_ms=0.118 avg_us=0.787 max_us=2
=== END CUDA SYNC PROFILE ===

=== CUDA SYNC PROFILE (instrumentation only) ===
total_syncs = 4564
total_wait_ms = 3204.659
max_wait_us = 140454
sites = 5
wait_hist_us = logarithmic buckets
  hist[0] = 4078
  hist[1] = 247
  hist[2] = 61
  hist[3] = 14
  hist[4] = 6
  hist[5] = 2
  hist[9] = 23
  hist[10] = 61
  hist[11] = 20
  hist[14] = 6
  hist[15] = 32
  hist[16] = 13
  hist[17] = 1
by_callsite (caller PC; symbolize with addr2line):
   0 caller=0x7cb3f512e0c2 calls=1972 total_ms=3202.826 avg_us=1624.151 max_us=140454
   1 caller=0x7cb3f513286c calls=1426 total_ms=0.720 avg_us=0.505 max_us=21
   2 caller=0x7cb3f513277c calls=530 total_ms=0.570 avg_us=1.075 max_us=20
   3 caller=0x7cb3f5131732 calls=106 total_ms=0.275 avg_us=2.594 max_us=9
   4 caller=0x7cb3f513299d calls=530 total_ms=0.268 avg_us=0.506 max_us=20
direct_cudaStreamSynchronize: calls=2200 total_ms=14.530 max_us=2480
by_direct_callsite (file:line):
   0 /opt/llama.cpp/ggml/src/ggml-cuda/ggml-cuda.cu:839 calls=1847 total_ms=8.405 avg_us=4.551 max_us=354
   1 /opt/llama.cpp/ggml/src/ggml-cuda/ggml-cuda.cu:900 calls=12 total_ms=5.793 avg_us=482.750 max_us=2480
   2 /opt/llama.cpp/ggml/src/ggml-cuda/ggml-cuda.cu:2665 calls=191 total_ms=0.214 avg_us=1.120 max_us=5
   3 /opt/llama.cpp/ggml/src/ggml-cuda/ggml-cuda.cu:847 calls=150 total_ms=0.118 avg_us=0.787 max_us=2
=== END CUDA SYNC PROFILE ===
backend-sync-trace: count=4600 backend=CUDA0 caller=ggml_backend_sched_synchronize+0x52

=== CUDA SYNC PROFILE (instrumentation only) ===
total_syncs = 4600
total_wait_ms = 3240.250
max_wait_us = 140454
sites = 5
wait_hist_us = logarithmic buckets
  hist[0] = 4111
  hist[1] = 249
  hist[2] = 61
  hist[3] = 14
  hist[4] = 6
  hist[5] = 2
  hist[9] = 23
  hist[10] = 61
  hist[11] = 20
  hist[14] = 6
  hist[15] = 33
  hist[16] = 13
  hist[17] = 1
by_callsite (caller PC; symbolize with addr2line):
   0 caller=0x7cb3f512e0c2 calls=1980 total_ms=3238.403 avg_us=1635.557 max_us=140454
   1 caller=0x7cb3f513286c calls=1445 total_ms=0.729 avg_us=0.504 max_us=21
   2 caller=0x7cb3f513277c calls=534 total_ms=0.571 avg_us=1.069 max_us=20
   3 caller=0x7cb3f5131732 calls=107 total_ms=0.277 avg_us=2.589 max_us=9
   4 caller=0x7cb3f513299d calls=534 total_ms=0.270 avg_us=0.506 max_us=20
direct_cudaStreamSynchronize: calls=2221 total_ms=14.620 max_us=2480
by_direct_callsite (file:line):
   0 /opt/llama.cpp/ggml/src/ggml-cuda/ggml-cuda.cu:839 calls=1868 total_ms=8.495 avg_us=4.548 max_us=354
   1 /opt/llama.cpp/ggml/src/ggml-cuda/ggml-cuda.cu:900 calls=12 total_ms=5.793 avg_us=482.750 max_us=2480
   2 /opt/llama.cpp/ggml/src/ggml-cuda/ggml-cuda.cu:2665 calls=191 total_ms=0.214 avg_us=1.120 max_us=5
   3 /opt/llama.cpp/ggml/src/ggml-cuda/ggml-cuda.cu:847 calls=150 total_ms=0.118 avg_us=0.787 max_us=2
=== END CUDA SYNC PROFILE ===
backend-sync-trace: count=4700 backend=CUDA0 caller=ggml_backend_sched_synchronize+0x52

=== CUDA SYNC PROFILE (instrumentation only) ===
total_syncs = 4700
total_wait_ms = 3298.450
max_wait_us = 140454
sites = 5
wait_hist_us = logarithmic buckets
  hist[0] = 4201
  hist[1] = 255
  hist[2] = 61
  hist[3] = 14
  hist[4] = 6
  hist[5] = 2
  hist[9] = 24
  hist[10] = 63
  hist[11] = 20
  hist[14] = 6
  hist[15] = 34
  hist[16] = 13
  hist[17] = 1
by_callsite (caller PC; symbolize with addr2line):
   0 caller=0x7cb3f512e0c2 calls=2022 total_ms=3296.573 avg_us=1630.353 max_us=140454
   1 caller=0x7cb3f513286c calls=1476 total_ms=0.740 avg_us=0.501 max_us=21
   2 caller=0x7cb3f513277c calls=546 total_ms=0.582 avg_us=1.066 max_us=20
   3 caller=0x7cb3f5131732 calls=110 total_ms=0.283 avg_us=2.573 max_us=9
   4 caller=0x7cb3f513299d calls=546 total_ms=0.272 avg_us=0.498 max_us=20
direct_cudaStreamSynchronize: calls=2262 total_ms=14.776 max_us=2480
by_direct_callsite (file:line):
   0 /opt/llama.cpp/ggml/src/ggml-cuda/ggml-cuda.cu:839 calls=1909 total_ms=8.651 avg_us=4.532 max_us=354
   1 /opt/llama.cpp/ggml/src/ggml-cuda/ggml-cuda.cu:900 calls=12 total_ms=5.793 avg_us=482.750 max_us=2480
   2 /opt/llama.cpp/ggml/src/ggml-cuda/ggml-cuda.cu:2665 calls=191 total_ms=0.214 avg_us=1.120 max_us=5
   3 /opt/llama.cpp/ggml/src/ggml-cuda/ggml-cuda.cu:847 calls=150 total_ms=0.118 avg_us=0.787 max_us=2
=== END CUDA SYNC PROFILE ===

=== CUDA SYNC PROFILE (instrumentation only) ===
total_syncs = 4784
total_wait_ms = 3336.188
max_wait_us = 140454
sites = 5
wait_hist_us = logarithmic buckets
  hist[0] = 4279
  hist[1] = 258
  hist[2] = 61
  hist[3] = 14
  hist[4] = 6
  hist[5] = 2
  hist[9] = 25
  hist[10] = 64
  hist[11] = 20
  hist[14] = 6
  hist[15] = 35
  hist[16] = 13
  hist[17] = 1
by_callsite (caller PC; symbolize with addr2line):
   0 caller=0x7cb3f512e0c2 calls=2052 total_ms=3334.284 avg_us=1624.895 max_us=140454
   1 caller=0x7cb3f513286c calls=1504 total_ms=0.748 avg_us=0.497 max_us=21
   2 caller=0x7cb3f513277c calls=558 total_ms=0.591 avg_us=1.059 max_us=20
   3 caller=0x7cb3f5131732 calls=112 total_ms=0.286 avg_us=2.554 max_us=9
   4 caller=0x7cb3f513299d calls=558 total_ms=0.279 avg_us=0.500 max_us=20
direct_cudaStreamSynchronize: calls=2300 total_ms=14.929 max_us=2480
by_direct_callsite (file:line):
   0 /opt/llama.cpp/ggml/src/ggml-cuda/ggml-cuda.cu:839 calls=1947 total_ms=8.804 avg_us=4.522 max_us=354
   1 /opt/llama.cpp/ggml/src/ggml-cuda/ggml-cuda.cu:900 calls=12 total_ms=5.793 avg_us=482.750 max_us=2480
   2 /opt/llama.cpp/ggml/src/ggml-cuda/ggml-cuda.cu:2665 calls=191 total_ms=0.214 avg_us=1.120 max_us=5
   3 /opt/llama.cpp/ggml/src/ggml-cuda/ggml-cuda.cu:847 calls=150 total_ms=0.118 avg_us=0.787 max_us=2
=== END CUDA SYNC PROFILE ===
backend-sync-trace: count=4800 backend=CUDA0 caller=ggml_backend_sched_graph_compute_async_ext+0xffd

=== CUDA SYNC PROFILE (instrumentation only) ===
total_syncs = 4800
total_wait_ms = 3338.525
max_wait_us = 140454
sites = 5
wait_hist_us = logarithmic buckets
  hist[0] = 4293
  hist[1] = 259
  hist[2] = 61
  hist[3] = 14
  hist[4] = 6
  hist[5] = 2
  hist[9] = 25
  hist[10] = 64
  hist[11] = 21
  hist[14] = 6
  hist[15] = 35
  hist[16] = 13
  hist[17] = 1
by_callsite (caller PC; symbolize with addr2line):
   0 caller=0x7cb3f512e0c2 calls=2059 total_ms=3336.615 avg_us=1620.503 max_us=140454
   1 caller=0x7cb3f513286c calls=1507 total_ms=0.749 avg_us=0.497 max_us=21
   2 caller=0x7cb3f513277c calls=561 total_ms=0.595 avg_us=1.061 max_us=20
   3 caller=0x7cb3f5131732 calls=112 total_ms=0.286 avg_us=2.554 max_us=9
   4 caller=0x7cb3f513299d calls=561 total_ms=0.280 avg_us=0.499 max_us=20
direct_cudaStreamSynchronize: calls=2305 total_ms=14.945 max_us=2480
by_direct_callsite (file:line):
   0 /opt/llama.cpp/ggml/src/ggml-cuda/ggml-cuda.cu:839 calls=1952 total_ms=8.820 avg_us=4.518 max_us=354
   1 /opt/llama.cpp/ggml/src/ggml-cuda/ggml-cuda.cu:900 calls=12 total_ms=5.793 avg_us=482.750 max_us=2480
   2 /opt/llama.cpp/ggml/src/ggml-cuda/ggml-cuda.cu:2665 calls=191 total_ms=0.214 avg_us=1.120 max_us=5
   3 /opt/llama.cpp/ggml/src/ggml-cuda/ggml-cuda.cu:847 calls=150 total_ms=0.118 avg_us=0.787 max_us=2
=== END CUDA SYNC PROFILE ===
backend-sync-trace: count=4900 backend=CUDA0 caller=ggml_backend_sched_graph_compute_async_ext+0xecc

=== CUDA SYNC PROFILE (instrumentation only) ===
total_syncs = 4900
total_wait_ms = 3379.795
max_wait_us = 140454
sites = 5
wait_hist_us = logarithmic buckets
  hist[0] = 4387
  hist[1] = 262
  hist[2] = 61
  hist[3] = 14
  hist[4] = 6
  hist[5] = 2
  hist[9] = 26
  hist[10] = 65
  hist[11] = 21
  hist[14] = 6
  hist[15] = 36
  hist[16] = 13
  hist[17] = 1
by_callsite (caller PC; symbolize with addr2line):
   0 caller=0x7cb3f512e0c2 calls=2096 total_ms=3377.853 avg_us=1611.571 max_us=140454
   1 caller=0x7cb3f513286c calls=1546 total_ms=0.764 avg_us=0.494 max_us=21
   2 caller=0x7cb3f513277c calls=572 total_ms=0.604 avg_us=1.056 max_us=20
   3 caller=0x7cb3f5131732 calls=114 total_ms=0.290 avg_us=2.544 max_us=9
   4 caller=0x7cb3f513299d calls=572 total_ms=0.284 avg_us=0.497 max_us=20
direct_cudaStreamSynchronize: calls=2352 total_ms=15.170 max_us=2480
by_direct_callsite (file:line):
   0 /opt/llama.cpp/ggml/src/ggml-cuda/ggml-cuda.cu:839 calls=1999 total_ms=9.045 avg_us=4.525 max_us=354
   1 /opt/llama.cpp/ggml/src/ggml-cuda/ggml-cuda.cu:900 calls=12 total_ms=5.793 avg_us=482.750 max_us=2480
   2 /opt/llama.cpp/ggml/src/ggml-cuda/ggml-cuda.cu:2665 calls=191 total_ms=0.214 avg_us=1.120 max_us=5
   3 /opt/llama.cpp/ggml/src/ggml-cuda/ggml-cuda.cu:847 calls=150 total_ms=0.118 avg_us=0.787 max_us=2
=== END CUDA SYNC PROFILE ===
backend-sync-trace: count=5000 backend=CUDA0 caller=ggml_backend_sched_graph_compute_async_ext+0xecc

=== CUDA SYNC PROFILE (instrumentation only) ===
total_syncs = 5000
total_wait_ms = 3443.913
max_wait_us = 140454
sites = 5
wait_hist_us = logarithmic buckets
  hist[0] = 4479
  hist[1] = 266
  hist[2] = 61
  hist[3] = 14
  hist[4] = 6
  hist[5] = 2
  hist[9] = 27
  hist[10] = 66
  hist[11] = 21
  hist[14] = 7
  hist[15] = 37
  hist[16] = 13
  hist[17] = 1
by_callsite (caller PC; symbolize with addr2line):
   0 caller=0x7cb3f512e0c2 calls=2135 total_ms=3441.938 avg_us=1612.149 max_us=140454
   1 caller=0x7cb3f513286c calls=1580 total_ms=0.777 avg_us=0.492 max_us=21
   2 caller=0x7cb3f513277c calls=584 total_ms=0.613 avg_us=1.050 max_us=20
   3 caller=0x7cb3f5131732 calls=117 total_ms=0.296 avg_us=2.530 max_us=9
   4 caller=0x7cb3f513299d calls=584 total_ms=0.289 avg_us=0.495 max_us=20
direct_cudaStreamSynchronize: calls=2396 total_ms=15.348 max_us=2480
by_direct_callsite (file:line):
   0 /opt/llama.cpp/ggml/src/ggml-cuda/ggml-cuda.cu:839 calls=2043 total_ms=9.223 avg_us=4.514 max_us=354
   1 /opt/llama.cpp/ggml/src/ggml-cuda/ggml-cuda.cu:900 calls=12 total_ms=5.793 avg_us=482.750 max_us=2480
   2 /opt/llama.cpp/ggml/src/ggml-cuda/ggml-cuda.cu:2665 calls=191 total_ms=0.214 avg_us=1.120 max_us=5
   3 /opt/llama.cpp/ggml/src/ggml-cuda/ggml-cuda.cu:847 calls=150 total_ms=0.118 avg_us=0.787 max_us=2
=== END CUDA SYNC PROFILE ===

=== CUDA SYNC PROFILE (instrumentation only) ===
total_syncs = 5022
total_wait_ms = 3443.924
max_wait_us = 140454
sites = 5
wait_hist_us = logarithmic buckets
  hist[0] = 4500
  hist[1] = 267
  hist[2] = 61
  hist[3] = 14
  hist[4] = 6
  hist[5] = 2
  hist[9] = 27
  hist[10] = 66
  hist[11] = 21
  hist[14] = 7
  hist[15] = 37
  hist[16] = 13
  hist[17] = 1
by_callsite (caller PC; symbolize with addr2line):
   0 caller=0x7cb3f512e0c2 calls=2150 total_ms=3441.943 avg_us=1600.904 max_us=140454
   1 caller=0x7cb3f513286c calls=1582 total_ms=0.778 avg_us=0.492 max_us=21
   2 caller=0x7cb3f513277c calls=586 total_ms=0.615 avg_us=1.049 max_us=20
   3 caller=0x7cb3f5131732 calls=118 total_ms=0.298 avg_us=2.525 max_us=9
   4 caller=0x7cb3f513299d calls=586 total_ms=0.290 avg_us=0.495 max_us=20
direct_cudaStreamSynchronize: calls=2400 total_ms=15.361 max_us=2480
by_direct_callsite (file:line):
   0 /opt/llama.cpp/ggml/src/ggml-cuda/ggml-cuda.cu:839 calls=2047 total_ms=9.236 avg_us=4.512 max_us=354
   1 /opt/llama.cpp/ggml/src/ggml-cuda/ggml-cuda.cu:900 calls=12 total_ms=5.793 avg_us=482.750 max_us=2480
   2 /opt/llama.cpp/ggml/src/ggml-cuda/ggml-cuda.cu:2665 calls=191 total_ms=0.214 avg_us=1.120 max_us=5
   3 /opt/llama.cpp/ggml/src/ggml-cuda/ggml-cuda.cu:847 calls=150 total_ms=0.118 avg_us=0.787 max_us=2
=== END CUDA SYNC PROFILE ===
backend-sync-trace: count=5100 backend=CUDA0 caller=ggml_backend_sched_synchronize+0x52

=== CUDA SYNC PROFILE (instrumentation only) ===
total_syncs = 5100
total_wait_ms = 3480.415
max_wait_us = 140454
sites = 5
wait_hist_us = logarithmic buckets
  hist[0] = 4574
  hist[1] = 268
  hist[2] = 61
  hist[3] = 14
  hist[4] = 6
  hist[5] = 2
  hist[9] = 27
  hist[10] = 68
  hist[11] = 21
  hist[14] = 7
  hist[15] = 38
  hist[16] = 13
  hist[17] = 1
by_callsite (caller PC; symbolize with addr2line):
   0 caller=0x7cb3f512e0c2 calls=2186 total_ms=3478.417 avg_us=1591.225 max_us=140454
   1 caller=0x7cb3f513286c calls=1607 total_ms=0.785 avg_us=0.488 max_us=21
   2 caller=0x7cb3f513277c calls=594 total_ms=0.622 avg_us=1.047 max_us=20
   3 caller=0x7cb3f5131732 calls=119 total_ms=0.299 avg_us=2.513 max_us=9
   4 caller=0x7cb3f513299d calls=594 total_ms=0.292 avg_us=0.492 max_us=20
direct_cudaStreamSynchronize: calls=2431 total_ms=15.486 max_us=2480
by_direct_callsite (file:line):
   0 /opt/llama.cpp/ggml/src/ggml-cuda/ggml-cuda.cu:839 calls=2078 total_ms=9.361 avg_us=4.505 max_us=354
   1 /opt/llama.cpp/ggml/src/ggml-cuda/ggml-cuda.cu:900 calls=12 total_ms=5.793 avg_us=482.750 max_us=2480
   2 /opt/llama.cpp/ggml/src/ggml-cuda/ggml-cuda.cu:2665 calls=191 total_ms=0.214 avg_us=1.120 max_us=5
   3 /opt/llama.cpp/ggml/src/ggml-cuda/ggml-cuda.cu:847 calls=150 total_ms=0.118 avg_us=0.787 max_us=2
=== END CUDA SYNC PROFILE ===
backend-sync-trace: count=5200 backend=CUDA0 caller=ggml_backend_sched_graph_compute_async_ext+0xddc

=== CUDA SYNC PROFILE (instrumentation only) ===
total_syncs = 5200
total_wait_ms = 3509.360
max_wait_us = 140454
sites = 5
wait_hist_us = logarithmic buckets
  hist[0] = 4666
  hist[1] = 272
  hist[2] = 61
  hist[3] = 14
  hist[4] = 6
  hist[5] = 2
  hist[9] = 29
  hist[10] = 68
  hist[11] = 22
  hist[14] = 8
  hist[15] = 38
  hist[16] = 13
  hist[17] = 1
by_callsite (caller PC; symbolize with addr2line):
   0 caller=0x7cb3f512e0c2 calls=2225 total_ms=3507.328 avg_us=1576.327 max_us=140454
   1 caller=0x7cb3f513286c calls=1638 total_ms=0.797 avg_us=0.487 max_us=21
   2 caller=0x7cb3f513277c calls=608 total_ms=0.636 avg_us=1.046 max_us=20
   3 caller=0x7cb3f5131732 calls=122 total_ms=0.304 avg_us=2.492 max_us=9
   4 caller=0x7cb3f513299d calls=607 total_ms=0.295 avg_us=0.486 max_us=20
direct_cudaStreamSynchronize: calls=2473 total_ms=15.649 max_us=2480
by_direct_callsite (file:line):
   0 /opt/llama.cpp/ggml/src/ggml-cuda/ggml-cuda.cu:839 calls=2120 total_ms=9.524 avg_us=4.492 max_us=354
   1 /opt/llama.cpp/ggml/src/ggml-cuda/ggml-cuda.cu:900 calls=12 total_ms=5.793 avg_us=482.750 max_us=2480
   2 /opt/llama.cpp/ggml/src/ggml-cuda/ggml-cuda.cu:2665 calls=191 total_ms=0.214 avg_us=1.120 max_us=5
   3 /opt/llama.cpp/ggml/src/ggml-cuda/ggml-cuda.cu:847 calls=150 total_ms=0.118 avg_us=0.787 max_us=2
=== END CUDA SYNC PROFILE ===

=== CUDA SYNC PROFILE (instrumentation only) ===
total_syncs = 5244
total_wait_ms = 3544.915
max_wait_us = 140454
sites = 5
wait_hist_us = logarithmic buckets
  hist[0] = 4705
  hist[1] = 273
  hist[2] = 63
  hist[3] = 14
  hist[4] = 6
  hist[5] = 2
  hist[9] = 29
  hist[10] = 69
  hist[11] = 22
  hist[14] = 8
  hist[15] = 39
  hist[16] = 13
  hist[17] = 1
by_callsite (caller PC; symbolize with addr2line):
   0 caller=0x7cb3f512e0c2 calls=2234 total_ms=3542.860 avg_us=1585.882 max_us=140454
   1 caller=0x7cb3f513286c calls=1659 total_ms=0.807 avg_us=0.486 max_us=21
   2 caller=0x7cb3f513277c calls=614 total_ms=0.641 avg_us=1.044 max_us=20
   3 caller=0x7cb3f5131732 calls=123 total_ms=0.308 avg_us=2.504 max_us=9
   4 caller=0x7cb3f513299d calls=614 total_ms=0.299 avg_us=0.487 max_us=20
direct_cudaStreamSynchronize: calls=2500 total_ms=15.776 max_us=2480
by_direct_callsite (file:line):
   0 /opt/llama.cpp/ggml/src/ggml-cuda/ggml-cuda.cu:839 calls=2147 total_ms=9.651 avg_us=4.495 max_us=354
   1 /opt/llama.cpp/ggml/src/ggml-cuda/ggml-cuda.cu:900 calls=12 total_ms=5.793 avg_us=482.750 max_us=2480
   2 /opt/llama.cpp/ggml/src/ggml-cuda/ggml-cuda.cu:2665 calls=191 total_ms=0.214 avg_us=1.120 max_us=5
   3 /opt/llama.cpp/ggml/src/ggml-cuda/ggml-cuda.cu:847 calls=150 total_ms=0.118 avg_us=0.787 max_us=2
=== END CUDA SYNC PROFILE ===
backend-sync-trace: count=5300 backend=CUDA0 caller=ggml_backend_sched_graph_compute_async_ext+0xecc

=== CUDA SYNC PROFILE (instrumentation only) ===
total_syncs = 5300
total_wait_ms = 3547.106
max_wait_us = 140454
sites = 5
wait_hist_us = logarithmic buckets
  hist[0] = 4757
  hist[1] = 275
  hist[2] = 63
  hist[3] = 14
  hist[4] = 6
  hist[5] = 2
  hist[9] = 30
  hist[10] = 70
  hist[11] = 22
  hist[14] = 8
  hist[15] = 39
  hist[16] = 13
  hist[17] = 1
by_callsite (caller PC; symbolize with addr2line):
   0 caller=0x7cb3f512e0c2 calls=2257 total_ms=3545.027 avg_us=1570.681 max_us=140454
   1 caller=0x7cb3f513286c calls=1675 total_ms=0.817 avg_us=0.488 max_us=21
   2 caller=0x7cb3f513277c calls=622 total_ms=0.648 avg_us=1.042 max_us=20
   3 caller=0x7cb3f5131732 calls=124 total_ms=0.310 avg_us=2.500 max_us=9
   4 caller=0x7cb3f513299d calls=622 total_ms=0.304 avg_us=0.489 max_us=20
direct_cudaStreamSynchronize: calls=2521 total_ms=15.865 max_us=2480
by_direct_callsite (file:line):
   0 /opt/llama.cpp/ggml/src/ggml-cuda/ggml-cuda.cu:839 calls=2168 total_ms=9.740 avg_us=4.493 max_us=354
   1 /opt/llama.cpp/ggml/src/ggml-cuda/ggml-cuda.cu:900 calls=12 total_ms=5.793 avg_us=482.750 max_us=2480
   2 /opt/llama.cpp/ggml/src/ggml-cuda/ggml-cuda.cu:2665 calls=191 total_ms=0.214 avg_us=1.120 max_us=5
   3 /opt/llama.cpp/ggml/src/ggml-cuda/ggml-cuda.cu:847 calls=150 total_ms=0.118 avg_us=0.787 max_us=2
=== END CUDA SYNC PROFILE ===
backend-sync-trace: count=5400 backend=CUDA0 caller=ggml_backend_sched_graph_compute_async_ext+0xffd

=== CUDA SYNC PROFILE (instrumentation only) ===
total_syncs = 5400
total_wait_ms = 3626.422
max_wait_us = 140454
sites = 5
wait_hist_us = logarithmic buckets
  hist[0] = 4847
  hist[1] = 279
  hist[2] = 65
  hist[3] = 14
  hist[4] = 6
  hist[5] = 2
  hist[9] = 30
  hist[10] = 72
  hist[11] = 22
  hist[14] = 8
  hist[15] = 41
  hist[16] = 13
  hist[17] = 1
by_callsite (caller PC; symbolize with addr2line):
   0 caller=0x7cb3f512e0c2 calls=2296 total_ms=3624.310 avg_us=1578.532 max_us=140454
   1 caller=0x7cb3f513286c calls=1711 total_ms=0.829 avg_us=0.485 max_us=21
   2 caller=0x7cb3f513277c calls=633 total_ms=0.657 avg_us=1.038 max_us=20
   3 caller=0x7cb3f5131732 calls=127 total_ms=0.317 avg_us=2.496 max_us=9
   4 caller=0x7cb3f513299d calls=633 total_ms=0.309 avg_us=0.488 max_us=20
direct_cudaStreamSynchronize: calls=2566 total_ms=16.033 max_us=2480
by_direct_callsite (file:line):
   0 /opt/llama.cpp/ggml/src/ggml-cuda/ggml-cuda.cu:839 calls=2213 total_ms=9.908 avg_us=4.477 max_us=354
   1 /opt/llama.cpp/ggml/src/ggml-cuda/ggml-cuda.cu:900 calls=12 total_ms=5.793 avg_us=482.750 max_us=2480
   2 /opt/llama.cpp/ggml/src/ggml-cuda/ggml-cuda.cu:2665 calls=191 total_ms=0.214 avg_us=1.120 max_us=5
   3 /opt/llama.cpp/ggml/src/ggml-cuda/ggml-cuda.cu:847 calls=150 total_ms=0.118 avg_us=0.787 max_us=2
=== END CUDA SYNC PROFILE ===

=== CUDA SYNC PROFILE (instrumentation only) ===
total_syncs = 5480
total_wait_ms = 3629.425
max_wait_us = 140454
sites = 5
wait_hist_us = logarithmic buckets
  hist[0] = 4922
  hist[1] = 282
  hist[2] = 65
  hist[3] = 14
  hist[4] = 6
  hist[5] = 2
  hist[9] = 30
  hist[10] = 74
  hist[11] = 22
  hist[14] = 8
  hist[15] = 41
  hist[16] = 13
  hist[17] = 1
by_callsite (caller PC; symbolize with addr2line):
   0 caller=0x7cb3f512e0c2 calls=2331 total_ms=3627.292 avg_us=1556.110 max_us=140454
   1 caller=0x7cb3f513286c calls=1737 total_ms=0.838 avg_us=0.482 max_us=21
   2 caller=0x7cb3f513277c calls=642 total_ms=0.664 avg_us=1.034 max_us=20
   3 caller=0x7cb3f5131732 calls=128 total_ms=0.320 avg_us=2.500 max_us=9
   4 caller=0x7cb3f513299d calls=642 total_ms=0.311 avg_us=0.484 max_us=20
direct_cudaStreamSynchronize: calls=2600 total_ms=16.169 max_us=2480
by_direct_callsite (file:line):
   0 /opt/llama.cpp/ggml/src/ggml-cuda/ggml-cuda.cu:839 calls=2247 total_ms=10.044 avg_us=4.470 max_us=354
   1 /opt/llama.cpp/ggml/src/ggml-cuda/ggml-cuda.cu:900 calls=12 total_ms=5.793 avg_us=482.750 max_us=2480
   2 /opt/llama.cpp/ggml/src/ggml-cuda/ggml-cuda.cu:2665 calls=191 total_ms=0.214 avg_us=1.120 max_us=5
   3 /opt/llama.cpp/ggml/src/ggml-cuda/ggml-cuda.cu:847 calls=150 total_ms=0.118 avg_us=0.787 max_us=2
=== END CUDA SYNC PROFILE ===
backend-sync-trace: count=5500 backend=CUDA0 caller=ggml_backend_sched_synchronize+0x52

=== CUDA SYNC PROFILE (instrumentation only) ===
total_syncs = 5500
total_wait_ms = 3671.117
max_wait_us = 140454
sites = 5
wait_hist_us = logarithmic buckets
  hist[0] = 4939
  hist[1] = 283
  hist[2] = 66
  hist[3] = 14
  hist[4] = 6
  hist[5] = 2
  hist[9] = 30
  hist[10] = 74
  hist[11] = 22
  hist[14] = 8
  hist[15] = 42
  hist[16] = 13
  hist[17] = 1
by_callsite (caller PC; symbolize with addr2line):
   0 caller=0x7cb3f512e0c2 calls=2341 total_ms=3668.977 avg_us=1567.269 max_us=140454
   1 caller=0x7cb3f513286c calls=1742 total_ms=0.840 avg_us=0.482 max_us=21
   2 caller=0x7cb3f513277c calls=644 total_ms=0.666 avg_us=1.034 max_us=20
   3 caller=0x7cb3f5131732 calls=129 total_ms=0.322 avg_us=2.496 max_us=9
   4 caller=0x7cb3f513299d calls=644 total_ms=0.312 avg_us=0.484 max_us=20
direct_cudaStreamSynchronize: calls=2606 total_ms=16.198 max_us=2480
by_direct_callsite (file:line):
   0 /opt/llama.cpp/ggml/src/ggml-cuda/ggml-cuda.cu:839 calls=2253 total_ms=10.073 avg_us=4.471 max_us=354
   1 /opt/llama.cpp/ggml/src/ggml-cuda/ggml-cuda.cu:900 calls=12 total_ms=5.793 avg_us=482.750 max_us=2480
   2 /opt/llama.cpp/ggml/src/ggml-cuda/ggml-cuda.cu:2665 calls=191 total_ms=0.214 avg_us=1.120 max_us=5
   3 /opt/llama.cpp/ggml/src/ggml-cuda/ggml-cuda.cu:847 calls=150 total_ms=0.118 avg_us=0.787 max_us=2
=== END CUDA SYNC PROFILE ===
backend-sync-trace: count=5600 backend=CUDA0 caller=ggml_backend_sched_graph_compute_async_ext+0xecc

=== CUDA SYNC PROFILE (instrumentation only) ===
total_syncs = 5600
total_wait_ms = 3723.663
max_wait_us = 140454
sites = 5
wait_hist_us = logarithmic buckets
  hist[0] = 5023
  hist[1] = 295
  hist[2] = 67
  hist[3] = 14
  hist[4] = 6
  hist[5] = 2
  hist[9] = 30
  hist[10] = 76
  hist[11] = 22
  hist[14] = 8
  hist[15] = 43
  hist[16] = 13
  hist[17] = 1
by_callsite (caller PC; symbolize with addr2line):
   0 caller=0x7cb3f512e0c2 calls=2385 total_ms=3721.473 avg_us=1560.366 max_us=140454
   1 caller=0x7cb3f513286c calls=1771 total_ms=0.859 avg_us=0.485 max_us=21
   2 caller=0x7cb3f513277c calls=656 total_ms=0.683 avg_us=1.041 max_us=20
   3 caller=0x7cb3f5131732 calls=132 total_ms=0.327 avg_us=2.477 max_us=9
   4 caller=0x7cb3f513299d calls=656 total_ms=0.321 avg_us=0.489 max_us=20
direct_cudaStreamSynchronize: calls=2644 total_ms=16.354 max_us=2480
by_direct_callsite (file:line):
   0 /opt/llama.cpp/ggml/src/ggml-cuda/ggml-cuda.cu:839 calls=2291 total_ms=10.229 avg_us=4.465 max_us=354
   1 /opt/llama.cpp/ggml/src/ggml-cuda/ggml-cuda.cu:900 calls=12 total_ms=5.793 avg_us=482.750 max_us=2480
   2 /opt/llama.cpp/ggml/src/ggml-cuda/ggml-cuda.cu:2665 calls=191 total_ms=0.214 avg_us=1.120 max_us=5
   3 /opt/llama.cpp/ggml/src/ggml-cuda/ggml-cuda.cu:847 calls=150 total_ms=0.118 avg_us=0.787 max_us=2
=== END CUDA SYNC PROFILE ===
backend-sync-trace: count=5700 backend=CUDA0 caller=ggml_backend_sched_graph_compute_async_ext+0xecc

=== CUDA SYNC PROFILE (instrumentation only) ===
total_syncs = 5700
total_wait_ms = 3754.958
max_wait_us = 140454
sites = 5
wait_hist_us = logarithmic buckets
  hist[0] = 5114
  hist[1] = 300
  hist[2] = 67
  hist[3] = 14
  hist[4] = 6
  hist[5] = 2
  hist[9] = 32
  hist[10] = 77
  hist[11] = 22
  hist[14] = 9
  hist[15] = 43
  hist[16] = 13
  hist[17] = 1
by_callsite (caller PC; symbolize with addr2line):
   0 caller=0x7cb3f512e0c2 calls=2429 total_ms=3752.742 avg_us=1544.974 max_us=140454
   1 caller=0x7cb3f513286c calls=1801 total_ms=0.866 avg_us=0.481 max_us=21
   2 caller=0x7cb3f513277c calls=668 total_ms=0.694 avg_us=1.039 max_us=20
   3 caller=0x7cb3f5131732 calls=134 total_ms=0.331 avg_us=2.470 max_us=9
   4 caller=0x7cb3f513299d calls=668 total_ms=0.325 avg_us=0.487 max_us=20
direct_cudaStreamSynchronize: calls=2684 total_ms=16.516 max_us=2480
by_direct_callsite (file:line):
   0 /opt/llama.cpp/ggml/src/ggml-cuda/ggml-cuda.cu:839 calls=2331 total_ms=10.391 avg_us=4.458 max_us=354
   1 /opt/llama.cpp/ggml/src/ggml-cuda/ggml-cuda.cu:900 calls=12 total_ms=5.793 avg_us=482.750 max_us=2480
   2 /opt/llama.cpp/ggml/src/ggml-cuda/ggml-cuda.cu:2665 calls=191 total_ms=0.214 avg_us=1.120 max_us=5
   3 /opt/llama.cpp/ggml/src/ggml-cuda/ggml-cuda.cu:847 calls=150 total_ms=0.118 avg_us=0.787 max_us=2
=== END CUDA SYNC PROFILE ===

=== CUDA SYNC PROFILE (instrumentation only) ===
total_syncs = 5727
total_wait_ms = 3757.294
max_wait_us = 140454
sites = 5
wait_hist_us = logarithmic buckets
  hist[0] = 5138
  hist[1] = 302
  hist[2] = 67
  hist[3] = 14
  hist[4] = 6
  hist[5] = 2
  hist[9] = 32
  hist[10] = 77
  hist[11] = 23
  hist[14] = 9
  hist[15] = 43
  hist[16] = 13
  hist[17] = 1
by_callsite (caller PC; symbolize with addr2line):
   0 caller=0x7cb3f512e0c2 calls=2436 total_ms=3755.069 avg_us=1541.490 max_us=140454
   1 caller=0x7cb3f513286c calls=1813 total_ms=0.870 avg_us=0.480 max_us=21
   2 caller=0x7cb3f513277c calls=672 total_ms=0.698 avg_us=1.039 max_us=20
   3 caller=0x7cb3f5131732 calls=134 total_ms=0.331 avg_us=2.470 max_us=9
   4 caller=0x7cb3f513299d calls=672 total_ms=0.326 avg_us=0.485 max_us=20
direct_cudaStreamSynchronize: calls=2700 total_ms=16.585 max_us=2480
by_direct_callsite (file:line):
   0 /opt/llama.cpp/ggml/src/ggml-cuda/ggml-cuda.cu:839 calls=2347 total_ms=10.460 avg_us=4.457 max_us=354
   1 /opt/llama.cpp/ggml/src/ggml-cuda/ggml-cuda.cu:900 calls=12 total_ms=5.793 avg_us=482.750 max_us=2480
   2 /opt/llama.cpp/ggml/src/ggml-cuda/ggml-cuda.cu:2665 calls=191 total_ms=0.214 avg_us=1.120 max_us=5
   3 /opt/llama.cpp/ggml/src/ggml-cuda/ggml-cuda.cu:847 calls=150 total_ms=0.118 avg_us=0.787 max_us=2
=== END CUDA SYNC PROFILE ===
backend-sync-trace: count=5800 backend=CUDA0 caller=ggml_backend_sched_graph_compute_async_ext+0xecc

=== CUDA SYNC PROFILE (instrumentation only) ===
total_syncs = 5800
total_wait_ms = 3805.951
max_wait_us = 140454
sites = 5
wait_hist_us = logarithmic buckets
  hist[0] = 5205
  hist[1] = 305
  hist[2] = 67
  hist[3] = 14
  hist[4] = 6
  hist[5] = 2
  hist[9] = 32
  hist[10] = 79
  hist[11] = 23
  hist[14] = 9
  hist[15] = 44
  hist[16] = 13
  hist[17] = 1
by_callsite (caller PC; symbolize with addr2line):
   0 caller=0x7cb3f512e0c2 calls=2461 total_ms=3803.706 avg_us=1545.594 max_us=140454
   1 caller=0x7cb3f513286c calls=1839 total_ms=0.877 avg_us=0.477 max_us=21
   2 caller=0x7cb3f513277c calls=682 total_ms=0.704 avg_us=1.032 max_us=20
   3 caller=0x7cb3f5131732 calls=136 total_ms=0.334 avg_us=2.456 max_us=9
   4 caller=0x7cb3f513299d calls=682 total_ms=0.330 avg_us=0.484 max_us=20
direct_cudaStreamSynchronize: calls=2733 total_ms=16.722 max_us=2480
by_direct_callsite (file:line):
   0 /opt/llama.cpp/ggml/src/ggml-cuda/ggml-cuda.cu:839 calls=2380 total_ms=10.597 avg_us=4.453 max_us=354
   1 /opt/llama.cpp/ggml/src/ggml-cuda/ggml-cuda.cu:900 calls=12 total_ms=5.793 avg_us=482.750 max_us=2480
   2 /opt/llama.cpp/ggml/src/ggml-cuda/ggml-cuda.cu:2665 calls=191 total_ms=0.214 avg_us=1.120 max_us=5
   3 /opt/llama.cpp/ggml/src/ggml-cuda/ggml-cuda.cu:847 calls=150 total_ms=0.118 avg_us=0.787 max_us=2
=== END CUDA SYNC PROFILE ===
backend-sync-trace: count=5900 backend=CUDA0 caller=ggml_backend_sched_synchronize+0x52

=== CUDA SYNC PROFILE (instrumentation only) ===
total_syncs = 5900
total_wait_ms = 3904.168
max_wait_us = 140454
sites = 5
wait_hist_us = logarithmic buckets
  hist[0] = 5296
  hist[1] = 309
  hist[2] = 67
  hist[3] = 14
  hist[4] = 7
  hist[5] = 2
  hist[9] = 32
  hist[10] = 80
  hist[11] = 24
  hist[14] = 10
  hist[15] = 45
  hist[16] = 13
  hist[17] = 1
by_callsite (caller PC; symbolize with addr2line):
   0 caller=0x7cb3f512e0c2 calls=2496 total_ms=3901.874 avg_us=1563.251 max_us=140454
   1 caller=0x7cb3f513286c calls=1877 total_ms=0.907 avg_us=0.483 max_us=21
   2 caller=0x7cb3f513277c calls=694 total_ms=0.712 avg_us=1.026 max_us=20
   3 caller=0x7cb3f5131732 calls=139 total_ms=0.339 avg_us=2.439 max_us=9
   4 caller=0x7cb3f513299d calls=694 total_ms=0.336 avg_us=0.484 max_us=20
direct_cudaStreamSynchronize: calls=2781 total_ms=16.910 max_us=2480
by_direct_callsite (file:line):
   0 /opt/llama.cpp/ggml/src/ggml-cuda/ggml-cuda.cu:839 calls=2428 total_ms=10.785 avg_us=4.442 max_us=354
   1 /opt/llama.cpp/ggml/src/ggml-cuda/ggml-cuda.cu:900 calls=12 total_ms=5.793 avg_us=482.750 max_us=2480
   2 /opt/llama.cpp/ggml/src/ggml-cuda/ggml-cuda.cu:2665 calls=191 total_ms=0.214 avg_us=1.120 max_us=5
   3 /opt/llama.cpp/ggml/src/ggml-cuda/ggml-cuda.cu:847 calls=150 total_ms=0.118 avg_us=0.787 max_us=2
=== END CUDA SYNC PROFILE ===

=== CUDA SYNC PROFILE (instrumentation only) ===
total_syncs = 5962
total_wait_ms = 3908.554
max_wait_us = 140454
sites = 5
wait_hist_us = logarithmic buckets
  hist[0] = 5351
  hist[1] = 314
  hist[2] = 67
  hist[3] = 14
  hist[4] = 7
  hist[5] = 2
  hist[9] = 32
  hist[10] = 81
  hist[11] = 25
  hist[14] = 10
  hist[15] = 45
  hist[16] = 13
  hist[17] = 1
by_callsite (caller PC; symbolize with addr2line):
   0 caller=0x7cb3f512e0c2 calls=2529 total_ms=3906.244 avg_us=1544.580 max_us=140454
   1 caller=0x7cb3f513286c calls=1889 total_ms=0.910 avg_us=0.482 max_us=21
   2 caller=0x7cb3f513277c calls=702 total_ms=0.719 avg_us=1.024 max_us=20
   3 caller=0x7cb3f5131732 calls=140 total_ms=0.341 avg_us=2.436 max_us=9
   4 caller=0x7cb3f513299d calls=702 total_ms=0.340 avg_us=0.484 max_us=20
direct_cudaStreamSynchronize: calls=2800 total_ms=16.996 max_us=2480
by_direct_callsite (file:line):
   0 /opt/llama.cpp/ggml/src/ggml-cuda/ggml-cuda.cu:839 calls=2447 total_ms=10.871 avg_us=4.443 max_us=354
   1 /opt/llama.cpp/ggml/src/ggml-cuda/ggml-cuda.cu:900 calls=12 total_ms=5.793 avg_us=482.750 max_us=2480
   2 /opt/llama.cpp/ggml/src/ggml-cuda/ggml-cuda.cu:2665 calls=191 total_ms=0.214 avg_us=1.120 max_us=5
   3 /opt/llama.cpp/ggml/src/ggml-cuda/ggml-cuda.cu:847 calls=150 total_ms=0.118 avg_us=0.787 max_us=2
=== END CUDA SYNC PROFILE ===
backend-sync-trace: count=6000 backend=CUDA0 caller=ggml_backend_sched_synchronize+0x52

=== CUDA SYNC PROFILE (instrumentation only) ===
total_syncs = 6000
total_wait_ms = 3974.231
max_wait_us = 140454
sites = 5
wait_hist_us = logarithmic buckets
  hist[0] = 5386
  hist[1] = 316
  hist[2] = 67
  hist[3] = 14
  hist[4] = 7
  hist[5] = 2
  hist[9] = 32
  hist[10] = 81
  hist[11] = 25
  hist[14] = 10
  hist[15] = 45
  hist[16] = 14
  hist[17] = 1
by_callsite (caller PC; symbolize with addr2line):
   0 caller=0x7cb3f512e0c2 calls=2547 total_ms=3971.911 avg_us=1559.447 max_us=140454
   1 caller=0x7cb3f513286c calls=1904 total_ms=0.916 avg_us=0.481 max_us=21
   2 caller=0x7cb3f513277c calls=704 total_ms=0.721 avg_us=1.024 max_us=20
   3 caller=0x7cb3f5131732 calls=141 total_ms=0.343 avg_us=2.433 max_us=9
   4 caller=0x7cb3f513299d calls=704 total_ms=0.340 avg_us=0.483 max_us=20
direct_cudaStreamSynchronize: calls=2816 total_ms=17.049 max_us=2480
by_direct_callsite (file:line):
   0 /opt/llama.cpp/ggml/src/ggml-cuda/ggml-cuda.cu:839 calls=2463 total_ms=10.924 avg_us=4.435 max_us=354
   1 /opt/llama.cpp/ggml/src/ggml-cuda/ggml-cuda.cu:900 calls=12 total_ms=5.793 avg_us=482.750 max_us=2480
   2 /opt/llama.cpp/ggml/src/ggml-cuda/ggml-cuda.cu:2665 calls=191 total_ms=0.214 avg_us=1.120 max_us=5
   3 /opt/llama.cpp/ggml/src/ggml-cuda/ggml-cuda.cu:847 calls=150 total_ms=0.118 avg_us=0.787 max_us=2
=== END CUDA SYNC PROFILE ===
backend-sync-trace: count=6100 backend=CUDA0 caller=ggml_backend_sched_graph_compute_async_ext+0xecc

=== CUDA SYNC PROFILE (instrumentation only) ===
total_syncs = 6100
total_wait_ms = 4020.993
max_wait_us = 140454
sites = 5
wait_hist_us = logarithmic buckets
  hist[0] = 5477
  hist[1] = 321
  hist[2] = 67
  hist[3] = 14
  hist[4] = 7
  hist[5] = 2
  hist[9] = 33
  hist[10] = 83
  hist[11] = 25
  hist[14] = 10
  hist[15] = 46
  hist[16] = 14
  hist[17] = 1
by_callsite (caller PC; symbolize with addr2line):
   0 caller=0x7cb3f512e0c2 calls=2584 total_ms=4018.647 avg_us=1555.204 max_us=140454
   1 caller=0x7cb3f513286c calls=1936 total_ms=0.925 avg_us=0.478 max_us=21
   2 caller=0x7cb3f513277c calls=718 total_ms=0.730 avg_us=1.017 max_us=20
   3 caller=0x7cb3f5131732 calls=144 total_ms=0.348 avg_us=2.417 max_us=9
   4 caller=0x7cb3f513299d calls=718 total_ms=0.343 avg_us=0.478 max_us=20
direct_cudaStreamSynchronize: calls=2859 total_ms=17.216 max_us=2480
by_direct_callsite (file:line):
   0 /opt/llama.cpp/ggml/src/ggml-cuda/ggml-cuda.cu:839 calls=2506 total_ms=11.091 avg_us=4.426 max_us=354
   1 /opt/llama.cpp/ggml/src/ggml-cuda/ggml-cuda.cu:900 calls=12 total_ms=5.793 avg_us=482.750 max_us=2480
   2 /opt/llama.cpp/ggml/src/ggml-cuda/ggml-cuda.cu:2665 calls=191 total_ms=0.214 avg_us=1.120 max_us=5
   3 /opt/llama.cpp/ggml/src/ggml-cuda/ggml-cuda.cu:847 calls=150 total_ms=0.118 avg_us=0.787 max_us=2
=== END CUDA SYNC PROFILE ===

=== CUDA SYNC PROFILE (instrumentation only) ===
total_syncs = 6194
total_wait_ms = 4049.737
max_wait_us = 140454
sites = 5
wait_hist_us = logarithmic buckets
  hist[0] = 5561
  hist[1] = 327
  hist[2] = 67
  hist[3] = 14
  hist[4] = 7
  hist[5] = 2
  hist[9] = 34
  hist[10] = 84
  hist[11] = 26
  hist[14] = 11
  hist[15] = 46
  hist[16] = 14
  hist[17] = 1
by_callsite (caller PC; symbolize with addr2line):
   0 caller=0x7cb3f512e0c2 calls=2622 total_ms=4047.362 avg_us=1543.616 max_us=140454
   1 caller=0x7cb3f513286c calls=1966 total_ms=0.933 avg_us=0.475 max_us=21
   2 caller=0x7cb3f513277c calls=730 total_ms=0.742 avg_us=1.016 max_us=20
   3 caller=0x7cb3f5131732 calls=146 total_ms=0.353 avg_us=2.418 max_us=9
   4 caller=0x7cb3f513299d calls=730 total_ms=0.347 avg_us=0.475 max_us=20
direct_cudaStreamSynchronize: calls=2900 total_ms=17.376 max_us=2480
by_direct_callsite (file:line):
   0 /opt/llama.cpp/ggml/src/ggml-cuda/ggml-cuda.cu:839 calls=2547 total_ms=11.251 avg_us=4.417 max_us=354
   1 /opt/llama.cpp/ggml/src/ggml-cuda/ggml-cuda.cu:900 calls=12 total_ms=5.793 avg_us=482.750 max_us=2480
   2 /opt/llama.cpp/ggml/src/ggml-cuda/ggml-cuda.cu:2665 calls=191 total_ms=0.214 avg_us=1.120 max_us=5
   3 /opt/llama.cpp/ggml/src/ggml-cuda/ggml-cuda.cu:847 calls=150 total_ms=0.118 avg_us=0.787 max_us=2
=== END CUDA SYNC PROFILE ===
backend-sync-trace: count=6200 backend=CUDA0 caller=ggml_backend_sched_graph_compute_async_ext+0xecc

=== CUDA SYNC PROFILE (instrumentation only) ===
total_syncs = 6200
total_wait_ms = 4049.739
max_wait_us = 140454
sites = 5
wait_hist_us = logarithmic buckets
  hist[0] = 5567
  hist[1] = 327
  hist[2] = 67
  hist[3] = 14
  hist[4] = 7
  hist[5] = 2
  hist[9] = 34
  hist[10] = 84
  hist[11] = 26
  hist[14] = 11
  hist[15] = 46
  hist[16] = 14
  hist[17] = 1
by_callsite (caller PC; symbolize with addr2line):
   0 caller=0x7cb3f512e0c2 calls=2622 total_ms=4047.362 avg_us=1543.616 max_us=140454
   1 caller=0x7cb3f513286c calls=1968 total_ms=0.934 avg_us=0.475 max_us=21
   2 caller=0x7cb3f513277c calls=732 total_ms=0.743 avg_us=1.015 max_us=20
   3 caller=0x7cb3f5131732 calls=146 total_ms=0.353 avg_us=2.418 max_us=9
   4 caller=0x7cb3f513299d calls=732 total_ms=0.347 avg_us=0.474 max_us=20
direct_cudaStreamSynchronize: calls=2902 total_ms=17.384 max_us=2480
by_direct_callsite (file:line):
   0 /opt/llama.cpp/ggml/src/ggml-cuda/ggml-cuda.cu:839 calls=2549 total_ms=11.259 avg_us=4.417 max_us=354
   1 /opt/llama.cpp/ggml/src/ggml-cuda/ggml-cuda.cu:900 calls=12 total_ms=5.793 avg_us=482.750 max_us=2480
   2 /opt/llama.cpp/ggml/src/ggml-cuda/ggml-cuda.cu:2665 calls=191 total_ms=0.214 avg_us=1.120 max_us=5
   3 /opt/llama.cpp/ggml/src/ggml-cuda/ggml-cuda.cu:847 calls=150 total_ms=0.118 avg_us=0.787 max_us=2
=== END CUDA SYNC PROFILE ===
backend-sync-trace: count=6300 backend=CUDA0 caller=ggml_backend_sched_synchronize+0x52

=== CUDA SYNC PROFILE (instrumentation only) ===
total_syncs = 6300
total_wait_ms = 4147.601
max_wait_us = 140454
sites = 5
wait_hist_us = logarithmic buckets
  hist[0] = 5659
  hist[1] = 330
  hist[2] = 67
  hist[3] = 14
  hist[4] = 8
  hist[5] = 2
  hist[9] = 35
  hist[10] = 85
  hist[11] = 26
  hist[14] = 11
  hist[15] = 48
  hist[16] = 14
  hist[17] = 1
by_callsite (caller PC; symbolize with addr2line):
   0 caller=0x7cb3f512e0c2 calls=2660 total_ms=4145.199 avg_us=1558.345 max_us=140454
   1 caller=0x7cb3f513286c calls=2008 total_ms=0.945 avg_us=0.471 max_us=21
   2 caller=0x7cb3f513277c calls=742 total_ms=0.752 avg_us=1.013 max_us=20
   3 caller=0x7cb3f5131732 calls=148 total_ms=0.357 avg_us=2.412 max_us=9
   4 caller=0x7cb3f513299d calls=742 total_ms=0.348 avg_us=0.469 max_us=20
direct_cudaStreamSynchronize: calls=2951 total_ms=17.624 max_us=2480
by_direct_callsite (file:line):
   0 /opt/llama.cpp/ggml/src/ggml-cuda/ggml-cuda.cu:839 calls=2598 total_ms=11.499 avg_us=4.426 max_us=354
   1 /opt/llama.cpp/ggml/src/ggml-cuda/ggml-cuda.cu:900 calls=12 total_ms=5.793 avg_us=482.750 max_us=2480
   2 /opt/llama.cpp/ggml/src/ggml-cuda/ggml-cuda.cu:2665 calls=191 total_ms=0.214 avg_us=1.120 max_us=5
   3 /opt/llama.cpp/ggml/src/ggml-cuda/ggml-cuda.cu:847 calls=150 total_ms=0.118 avg_us=0.787 max_us=2
=== END CUDA SYNC PROFILE ===
backend-sync-trace: count=6400 backend=CUDA0 caller=ggml_backend_sched_synchronize+0x52

=== CUDA SYNC PROFILE (instrumentation only) ===
total_syncs = 6400
total_wait_ms = 4181.570
max_wait_us = 140454
sites = 5
wait_hist_us = logarithmic buckets
  hist[0] = 5750
  hist[1] = 336
  hist[2] = 67
  hist[3] = 14
  hist[4] = 8
  hist[5] = 2
  hist[9] = 36
  hist[10] = 86
  hist[11] = 26
  hist[14] = 12
  hist[15] = 48
  hist[16] = 14
  hist[17] = 1
by_callsite (caller PC; symbolize with addr2line):
   0 caller=0x7cb3f512e0c2 calls=2702 total_ms=4179.138 avg_us=1546.683 max_us=140454
   1 caller=0x7cb3f513286c calls=2039 total_ms=0.957 avg_us=0.469 max_us=21
   2 caller=0x7cb3f513277c calls=754 total_ms=0.759 avg_us=1.007 max_us=20
   3 caller=0x7cb3f5131732 calls=151 total_ms=0.363 avg_us=2.404 max_us=9
   4 caller=0x7cb3f513299d calls=754 total_ms=0.353 avg_us=0.468 max_us=20
direct_cudaStreamSynchronize: calls=2991 total_ms=17.789 max_us=2480
by_direct_callsite (file:line):
   0 /opt/llama.cpp/ggml/src/ggml-cuda/ggml-cuda.cu:839 calls=2638 total_ms=11.664 avg_us=4.422 max_us=354
   1 /opt/llama.cpp/ggml/src/ggml-cuda/ggml-cuda.cu:900 calls=12 total_ms=5.793 avg_us=482.750 max_us=2480
   2 /opt/llama.cpp/ggml/src/ggml-cuda/ggml-cuda.cu:2665 calls=191 total_ms=0.214 avg_us=1.120 max_us=5
   3 /opt/llama.cpp/ggml/src/ggml-cuda/ggml-cuda.cu:847 calls=150 total_ms=0.118 avg_us=0.787 max_us=2
=== END CUDA SYNC PROFILE ===

=== CUDA SYNC PROFILE (instrumentation only) ===
total_syncs = 6432
total_wait_ms = 4182.512
max_wait_us = 140454
sites = 5
wait_hist_us = logarithmic buckets
  hist[0] = 5780
  hist[1] = 337
  hist[2] = 67
  hist[3] = 14
  hist[4] = 8
  hist[5] = 2
  hist[9] = 37
  hist[10] = 86
  hist[11] = 26
  hist[14] = 12
  hist[15] = 48
  hist[16] = 14
  hist[17] = 1
by_callsite (caller PC; symbolize with addr2line):
   0 caller=0x7cb3f512e0c2 calls=2720 total_ms=4180.073 avg_us=1536.792 max_us=140454
   1 caller=0x7cb3f513286c calls=2044 total_ms=0.958 avg_us=0.469 max_us=21
   2 caller=0x7cb3f513277c calls=758 total_ms=0.762 avg_us=1.005 max_us=20
   3 caller=0x7cb3f5131732 calls=152 total_ms=0.365 avg_us=2.401 max_us=9
   4 caller=0x7cb3f513299d calls=758 total_ms=0.354 avg_us=0.467 max_us=20
direct_cudaStreamSynchronize: calls=3000 total_ms=17.820 max_us=2480
by_direct_callsite (file:line):
   0 /opt/llama.cpp/ggml/src/ggml-cuda/ggml-cuda.cu:839 calls=2647 total_ms=11.695 avg_us=4.418 max_us=354
   1 /opt/llama.cpp/ggml/src/ggml-cuda/ggml-cuda.cu:900 calls=12 total_ms=5.793 avg_us=482.750 max_us=2480
   2 /opt/llama.cpp/ggml/src/ggml-cuda/ggml-cuda.cu:2665 calls=191 total_ms=0.214 avg_us=1.120 max_us=5
   3 /opt/llama.cpp/ggml/src/ggml-cuda/ggml-cuda.cu:847 calls=150 total_ms=0.118 avg_us=0.787 max_us=2
=== END CUDA SYNC PROFILE ===
backend-sync-trace: count=6500 backend=CUDA0 caller=ggml_backend_sched_graph_compute_async_ext+0xffd

=== CUDA SYNC PROFILE (instrumentation only) ===
total_syncs = 6500
total_wait_ms = 4216.800
max_wait_us = 140454
sites = 5
wait_hist_us = logarithmic buckets
  hist[0] = 5844
  hist[1] = 339
  hist[2] = 67
  hist[3] = 14
  hist[4] = 8
  hist[5] = 2
  hist[9] = 37
  hist[10] = 86
  hist[11] = 27
  hist[14] = 13
  hist[15] = 48
  hist[16] = 14
  hist[17] = 1
by_callsite (caller PC; symbolize with addr2line):
   0 caller=0x7cb3f512e0c2 calls=2750 total_ms=4214.347 avg_us=1532.490 max_us=140454
   1 caller=0x7cb3f513286c calls=2066 total_ms=0.964 avg_us=0.467 max_us=21
   2 caller=0x7cb3f513277c calls=765 total_ms=0.766 avg_us=1.001 max_us=20
   3 caller=0x7cb3f5131732 calls=154 total_ms=0.368 avg_us=2.390 max_us=9
   4 caller=0x7cb3f513299d calls=765 total_ms=0.355 avg_us=0.464 max_us=20
direct_cudaStreamSynchronize: calls=3026 total_ms=17.927 max_us=2480
by_direct_callsite (file:line):
   0 /opt/llama.cpp/ggml/src/ggml-cuda/ggml-cuda.cu:839 calls=2673 total_ms=11.802 avg_us=4.415 max_us=354
   1 /opt/llama.cpp/ggml/src/ggml-cuda/ggml-cuda.cu:900 calls=12 total_ms=5.793 avg_us=482.750 max_us=2480
   2 /opt/llama.cpp/ggml/src/ggml-cuda/ggml-cuda.cu:2665 calls=191 total_ms=0.214 avg_us=1.120 max_us=5
   3 /opt/llama.cpp/ggml/src/ggml-cuda/ggml-cuda.cu:847 calls=150 total_ms=0.118 avg_us=0.787 max_us=2
=== END CUDA SYNC PROFILE ===
backend-sync-trace: count=6600 backend=CUDA0 caller=ggml_backend_sched_synchronize+0x52

=== CUDA SYNC PROFILE (instrumentation only) ===
total_syncs = 6600
total_wait_ms = 4254.297
max_wait_us = 140454
sites = 5
wait_hist_us = logarithmic buckets
  hist[0] = 5935
  hist[1] = 343
  hist[2] = 67
  hist[3] = 14
  hist[4] = 8
  hist[5] = 2
  hist[9] = 38
  hist[10] = 89
  hist[11] = 27
  hist[14] = 14
  hist[15] = 48
  hist[16] = 14
  hist[17] = 1
by_callsite (caller PC; symbolize with addr2line):
   0 caller=0x7cb3f512e0c2 calls=2787 total_ms=4251.818 avg_us=1525.590 max_us=140454
   1 caller=0x7cb3f513286c calls=2101 total_ms=0.975 avg_us=0.464 max_us=21
   2 caller=0x7cb3f513277c calls=778 total_ms=0.774 avg_us=0.995 max_us=20
   3 caller=0x7cb3f5131732 calls=156 total_ms=0.372 avg_us=2.385 max_us=9
   4 caller=0x7cb3f513299d calls=778 total_ms=0.358 avg_us=0.460 max_us=20
direct_cudaStreamSynchronize: calls=3073 total_ms=18.112 max_us=2480
by_direct_callsite (file:line):
   0 /opt/llama.cpp/ggml/src/ggml-cuda/ggml-cuda.cu:839 calls=2720 total_ms=11.987 avg_us=4.407 max_us=354
   1 /opt/llama.cpp/ggml/src/ggml-cuda/ggml-cuda.cu:900 calls=12 total_ms=5.793 avg_us=482.750 max_us=2480
   2 /opt/llama.cpp/ggml/src/ggml-cuda/ggml-cuda.cu:2665 calls=191 total_ms=0.214 avg_us=1.120 max_us=5
   3 /opt/llama.cpp/ggml/src/ggml-cuda/ggml-cuda.cu:847 calls=150 total_ms=0.118 avg_us=0.787 max_us=2
=== END CUDA SYNC PROFILE ===

=== CUDA SYNC PROFILE (instrumentation only) ===
total_syncs = 6664
total_wait_ms = 4281.356
max_wait_us = 140454
sites = 5
wait_hist_us = logarithmic buckets
  hist[0] = 5995
  hist[1] = 346
  hist[2] = 67
  hist[3] = 14
  hist[4] = 8
  hist[5] = 2
  hist[9] = 38
  hist[10] = 89
  hist[11] = 27
  hist[14] = 15
  hist[15] = 48
  hist[16] = 14
  hist[17] = 1
by_callsite (caller PC; symbolize with addr2line):
   0 caller=0x7cb3f512e0c2 calls=2812 total_ms=4278.861 avg_us=1521.643 max_us=140454
   1 caller=0x7cb3f513286c calls=2122 total_ms=0.980 avg_us=0.462 max_us=21
   2 caller=0x7cb3f513277c calls=786 total_ms=0.780 avg_us=0.992 max_us=20
   3 caller=0x7cb3f5131732 calls=158 total_ms=0.376 avg_us=2.380 max_us=9
   4 caller=0x7cb3f513299d calls=786 total_ms=0.359 avg_us=0.457 max_us=20
direct_cudaStreamSynchronize: calls=3100 total_ms=18.223 max_us=2480
by_direct_callsite (file:line):
   0 /opt/llama.cpp/ggml/src/ggml-cuda/ggml-cuda.cu:839 calls=2747 total_ms=12.098 avg_us=4.404 max_us=354
   1 /opt/llama.cpp/ggml/src/ggml-cuda/ggml-cuda.cu:900 calls=12 total_ms=5.793 avg_us=482.750 max_us=2480
   2 /opt/llama.cpp/ggml/src/ggml-cuda/ggml-cuda.cu:2665 calls=191 total_ms=0.214 avg_us=1.120 max_us=5
   3 /opt/llama.cpp/ggml/src/ggml-cuda/ggml-cuda.cu:847 calls=150 total_ms=0.118 avg_us=0.787 max_us=2
=== END CUDA SYNC PROFILE ===
backend-sync-trace: count=6700 backend=CUDA0 caller=ggml_backend_sched_graph_compute_async_ext+0xecc

=== CUDA SYNC PROFILE (instrumentation only) ===
total_syncs = 6700
total_wait_ms = 4284.340
max_wait_us = 140454
sites = 5
wait_hist_us = logarithmic buckets
  hist[0] = 6028
  hist[1] = 347
  hist[2] = 67
  hist[3] = 14
  hist[4] = 8
  hist[5] = 2
  hist[9] = 38
  hist[10] = 91
  hist[11] = 27
  hist[14] = 15
  hist[15] = 48
  hist[16] = 14
  hist[17] = 1
by_callsite (caller PC; symbolize with addr2line):
   0 caller=0x7cb3f512e0c2 calls=2826 total_ms=4281.835 avg_us=1515.157 max_us=140454
   1 caller=0x7cb3f513286c calls=2132 total_ms=0.982 avg_us=0.461 max_us=21
   2 caller=0x7cb3f513277c calls=792 total_ms=0.785 avg_us=0.991 max_us=20
   3 caller=0x7cb3f5131732 calls=158 total_ms=0.376 avg_us=2.380 max_us=9
   4 caller=0x7cb3f513299d calls=792 total_ms=0.362 avg_us=0.457 max_us=20
direct_cudaStreamSynchronize: calls=3114 total_ms=18.293 max_us=2480
by_direct_callsite (file:line):
   0 /opt/llama.cpp/ggml/src/ggml-cuda/ggml-cuda.cu:839 calls=2761 total_ms=12.168 avg_us=4.407 max_us=354
   1 /opt/llama.cpp/ggml/src/ggml-cuda/ggml-cuda.cu:900 calls=12 total_ms=5.793 avg_us=482.750 max_us=2480
   2 /opt/llama.cpp/ggml/src/ggml-cuda/ggml-cuda.cu:2665 calls=191 total_ms=0.214 avg_us=1.120 max_us=5
   3 /opt/llama.cpp/ggml/src/ggml-cuda/ggml-cuda.cu:847 calls=150 total_ms=0.118 avg_us=0.787 max_us=2
=== END CUDA SYNC PROFILE ===
backend-sync-trace: count=6800 backend=CUDA0 caller=0x7cb3f5131732

=== CUDA SYNC PROFILE (instrumentation only) ===
total_syncs = 6800
total_wait_ms = 4378.295
max_wait_us = 140454
sites = 5
wait_hist_us = logarithmic buckets
  hist[0] = 6122
  hist[1] = 349
  hist[2] = 67
  hist[3] = 14
  hist[4] = 8
  hist[5] = 2
  hist[9] = 38
  hist[10] = 92
  hist[11] = 28
  hist[14] = 15
  hist[15] = 50
  hist[16] = 14
  hist[17] = 1
by_callsite (caller PC; symbolize with addr2line):
   0 caller=0x7cb3f512e0c2 calls=2865 total_ms=4375.762 avg_us=1527.317 max_us=140454
   1 caller=0x7cb3f513286c calls=2170 total_ms=0.998 avg_us=0.460 max_us=21
   2 caller=0x7cb3f513277c calls=802 total_ms=0.792 avg_us=0.988 max_us=20
   3 caller=0x7cb3f5131732 calls=161 total_ms=0.380 avg_us=2.360 max_us=9
   4 caller=0x7cb3f513299d calls=802 total_ms=0.363 avg_us=0.453 max_us=20
direct_cudaStreamSynchronize: calls=3161 total_ms=18.463 max_us=2480
by_direct_callsite (file:line):
   0 /opt/llama.cpp/ggml/src/ggml-cuda/ggml-cuda.cu:839 calls=2808 total_ms=12.338 avg_us=4.394 max_us=354
   1 /opt/llama.cpp/ggml/src/ggml-cuda/ggml-cuda.cu:900 calls=12 total_ms=5.793 avg_us=482.750 max_us=2480
   2 /opt/llama.cpp/ggml/src/ggml-cuda/ggml-cuda.cu:2665 calls=191 total_ms=0.214 avg_us=1.120 max_us=5
   3 /opt/llama.cpp/ggml/src/ggml-cuda/ggml-cuda.cu:847 calls=150 total_ms=0.118 avg_us=0.787 max_us=2
=== END CUDA SYNC PROFILE ===

=== CUDA SYNC PROFILE (instrumentation only) ===
total_syncs = 6892
total_wait_ms = 4415.937
max_wait_us = 140454
sites = 5
wait_hist_us = logarithmic buckets
  hist[0] = 6208
  hist[1] = 352
  hist[2] = 67
  hist[3] = 14
  hist[4] = 8
  hist[5] = 2
  hist[9] = 39
  hist[10] = 93
  hist[11] = 28
  hist[14] = 15
  hist[15] = 51
  hist[16] = 14
  hist[17] = 1
by_callsite (caller PC; symbolize with addr2line):
   0 caller=0x7cb3f512e0c2 calls=2902 total_ms=4413.376 avg_us=1520.805 max_us=140454
   1 caller=0x7cb3f513286c calls=2199 total_ms=1.008 avg_us=0.458 max_us=21
   2 caller=0x7cb3f513277c calls=814 total_ms=0.802 avg_us=0.985 max_us=20
   3 caller=0x7cb3f5131732 calls=163 total_ms=0.383 avg_us=2.350 max_us=9
   4 caller=0x7cb3f513299d calls=814 total_ms=0.368 avg_us=0.452 max_us=20
direct_cudaStreamSynchronize: calls=3200 total_ms=18.634 max_us=2480
by_direct_callsite (file:line):
   0 /opt/llama.cpp/ggml/src/ggml-cuda/ggml-cuda.cu:839 calls=2847 total_ms=12.509 avg_us=4.394 max_us=354
   1 /opt/llama.cpp/ggml/src/ggml-cuda/ggml-cuda.cu:900 calls=12 total_ms=5.793 avg_us=482.750 max_us=2480
   2 /opt/llama.cpp/ggml/src/ggml-cuda/ggml-cuda.cu:2665 calls=191 total_ms=0.214 avg_us=1.120 max_us=5
   3 /opt/llama.cpp/ggml/src/ggml-cuda/ggml-cuda.cu:847 calls=150 total_ms=0.118 avg_us=0.787 max_us=2
=== END CUDA SYNC PROFILE ===
backend-sync-trace: count=6900 backend=CUDA0 caller=ggml_backend_sched_synchronize+0x52

=== CUDA SYNC PROFILE (instrumentation only) ===
total_syncs = 6900
total_wait_ms = 4415.944
max_wait_us = 140454
sites = 5
wait_hist_us = logarithmic buckets
  hist[0] = 6216
  hist[1] = 352
  hist[2] = 67
  hist[3] = 14
  hist[4] = 8
  hist[5] = 2
  hist[9] = 39
  hist[10] = 93
  hist[11] = 28
  hist[14] = 15
  hist[15] = 51
  hist[16] = 14
  hist[17] = 1
by_callsite (caller PC; symbolize with addr2line):
   0 caller=0x7cb3f512e0c2 calls=2908 total_ms=4413.381 avg_us=1517.669 max_us=140454
   1 caller=0x7cb3f513286c calls=2201 total_ms=1.010 avg_us=0.459 max_us=21
   2 caller=0x7cb3f513277c calls=814 total_ms=0.802 avg_us=0.985 max_us=20
   3 caller=0x7cb3f5131732 calls=163 total_ms=0.383 avg_us=2.350 max_us=9
   4 caller=0x7cb3f513299d calls=814 total_ms=0.368 avg_us=0.452 max_us=20
direct_cudaStreamSynchronize: calls=3201 total_ms=18.636 max_us=2480
by_direct_callsite (file:line):
   0 /opt/llama.cpp/ggml/src/ggml-cuda/ggml-cuda.cu:839 calls=2848 total_ms=12.511 avg_us=4.393 max_us=354
   1 /opt/llama.cpp/ggml/src/ggml-cuda/ggml-cuda.cu:900 calls=12 total_ms=5.793 avg_us=482.750 max_us=2480
   2 /opt/llama.cpp/ggml/src/ggml-cuda/ggml-cuda.cu:2665 calls=191 total_ms=0.214 avg_us=1.120 max_us=5
   3 /opt/llama.cpp/ggml/src/ggml-cuda/ggml-cuda.cu:847 calls=150 total_ms=0.118 avg_us=0.787 max_us=2
=== END CUDA SYNC PROFILE ===
backend-sync-trace: count=7000 backend=CUDA0 caller=ggml_backend_sched_synchronize+0x52

=== CUDA SYNC PROFILE (instrumentation only) ===
total_syncs = 7000
total_wait_ms = 4463.217
max_wait_us = 140454
sites = 5
wait_hist_us = logarithmic buckets
  hist[0] = 6308
  hist[1] = 355
  hist[2] = 68
  hist[3] = 14
  hist[4] = 8
  hist[5] = 2
  hist[9] = 39
  hist[10] = 96
  hist[11] = 28
  hist[14] = 15
  hist[15] = 52
  hist[16] = 14
  hist[17] = 1
by_callsite (caller PC; symbolize with addr2line):
   0 caller=0x7cb3f512e0c2 calls=2950 total_ms=4460.621 avg_us=1512.075 max_us=140454
   1 caller=0x7cb3f513286c calls=2232 total_ms=1.024 avg_us=0.459 max_us=21
   2 caller=0x7cb3f513277c calls=826 total_ms=0.815 avg_us=0.987 max_us=20
   3 caller=0x7cb3f5131732 calls=166 total_ms=0.388 avg_us=2.337 max_us=9
   4 caller=0x7cb3f513299d calls=826 total_ms=0.369 avg_us=0.447 max_us=20
direct_cudaStreamSynchronize: calls=3242 total_ms=18.795 max_us=2480
by_direct_callsite (file:line):
   0 /opt/llama.cpp/ggml/src/ggml-cuda/ggml-cuda.cu:839 calls=2889 total_ms=12.670 avg_us=4.386 max_us=354
   1 /opt/llama.cpp/ggml/src/ggml-cuda/ggml-cuda.cu:900 calls=12 total_ms=5.793 avg_us=482.750 max_us=2480
   2 /opt/llama.cpp/ggml/src/ggml-cuda/ggml-cuda.cu:2665 calls=191 total_ms=0.214 avg_us=1.120 max_us=5
   3 /opt/llama.cpp/ggml/src/ggml-cuda/ggml-cuda.cu:847 calls=150 total_ms=0.118 avg_us=0.787 max_us=2
=== END CUDA SYNC PROFILE ===
backend-sync-trace: count=7100 backend=CUDA0 caller=ggml_backend_sched_synchronize+0x52

=== CUDA SYNC PROFILE (instrumentation only) ===
total_syncs = 7100
total_wait_ms = 4496.481
max_wait_us = 140454
sites = 5
wait_hist_us = logarithmic buckets
  hist[0] = 6402
  hist[1] = 357
  hist[2] = 68
  hist[3] = 14
  hist[4] = 8
  hist[5] = 2
  hist[9] = 40
  hist[10] = 98
  hist[11] = 28
  hist[14] = 16
  hist[15] = 52
  hist[16] = 14
  hist[17] = 1
by_callsite (caller PC; symbolize with addr2line):
   0 caller=0x7cb3f512e0c2 calls=2993 total_ms=4493.861 avg_us=1501.457 max_us=140454
   1 caller=0x7cb3f513286c calls=2263 total_ms=1.032 avg_us=0.456 max_us=21
   2 caller=0x7cb3f513277c calls=838 total_ms=0.825 avg_us=0.984 max_us=20
   3 caller=0x7cb3f5131732 calls=168 total_ms=0.391 avg_us=2.327 max_us=9
   4 caller=0x7cb3f513299d calls=838 total_ms=0.372 avg_us=0.444 max_us=20
direct_cudaStreamSynchronize: calls=3283 total_ms=18.954 max_us=2480
by_direct_callsite (file:line):
   0 /opt/llama.cpp/ggml/src/ggml-cuda/ggml-cuda.cu:839 calls=2930 total_ms=12.829 avg_us=4.378 max_us=354
   1 /opt/llama.cpp/ggml/src/ggml-cuda/ggml-cuda.cu:900 calls=12 total_ms=5.793 avg_us=482.750 max_us=2480
   2 /opt/llama.cpp/ggml/src/ggml-cuda/ggml-cuda.cu:2665 calls=191 total_ms=0.214 avg_us=1.120 max_us=5
   3 /opt/llama.cpp/ggml/src/ggml-cuda/ggml-cuda.cu:847 calls=150 total_ms=0.118 avg_us=0.787 max_us=2
=== END CUDA SYNC PROFILE ===

=== CUDA SYNC PROFILE (instrumentation only) ===
total_syncs = 7128
total_wait_ms = 4496.490
max_wait_us = 140454
sites = 5
wait_hist_us = logarithmic buckets
  hist[0] = 6429
  hist[1] = 358
  hist[2] = 68
  hist[3] = 14
  hist[4] = 8
  hist[5] = 2
  hist[9] = 40
  hist[10] = 98
  hist[11] = 28
  hist[14] = 16
  hist[15] = 52
  hist[16] = 14
  hist[17] = 1
by_callsite (caller PC; symbolize with addr2line):
   0 caller=0x7cb3f512e0c2 calls=2999 total_ms=4493.863 avg_us=1498.454 max_us=140454
   1 caller=0x7cb3f513286c calls=2277 total_ms=1.036 avg_us=0.455 max_us=21
   2 caller=0x7cb3f513277c calls=842 total_ms=0.828 avg_us=0.983 max_us=20
   3 caller=0x7cb3f5131732 calls=168 total_ms=0.391 avg_us=2.327 max_us=9
   4 caller=0x7cb3f513299d calls=842 total_ms=0.372 avg_us=0.442 max_us=20
direct_cudaStreamSynchronize: calls=3300 total_ms=19.027 max_us=2480
by_direct_callsite (file:line):
   0 /opt/llama.cpp/ggml/src/ggml-cuda/ggml-cuda.cu:839 calls=2947 total_ms=12.902 avg_us=4.378 max_us=354
   1 /opt/llama.cpp/ggml/src/ggml-cuda/ggml-cuda.cu:900 calls=12 total_ms=5.793 avg_us=482.750 max_us=2480
   2 /opt/llama.cpp/ggml/src/ggml-cuda/ggml-cuda.cu:2665 calls=191 total_ms=0.214 avg_us=1.120 max_us=5
   3 /opt/llama.cpp/ggml/src/ggml-cuda/ggml-cuda.cu:847 calls=150 total_ms=0.118 avg_us=0.787 max_us=2
=== END CUDA SYNC PROFILE ===
backend-sync-trace: count=7200 backend=CUDA0 caller=ggml_backend_sched_graph_compute_async_ext+0xffd

=== CUDA SYNC PROFILE (instrumentation only) ===
total_syncs = 7200
total_wait_ms = 4532.785
max_wait_us = 140454
sites = 5
wait_hist_us = logarithmic buckets
  hist[0] = 6494
  hist[1] = 362
  hist[2] = 68
  hist[3] = 14
  hist[4] = 8
  hist[5] = 2
  hist[9] = 41
  hist[10] = 99
  hist[11] = 28
  hist[14] = 16
  hist[15] = 53
  hist[16] = 14
  hist[17] = 1
by_callsite (caller PC; symbolize with addr2line):
   0 caller=0x7cb3f512e0c2 calls=3036 total_ms=4530.133 avg_us=1492.139 max_us=140454
   1 caller=0x7cb3f513286c calls=2290 total_ms=1.044 avg_us=0.456 max_us=21
   2 caller=0x7cb3f513277c calls=852 total_ms=0.835 avg_us=0.980 max_us=20
   3 caller=0x7cb3f5131732 calls=170 total_ms=0.395 avg_us=2.324 max_us=9
   4 caller=0x7cb3f513299d calls=852 total_ms=0.378 avg_us=0.444 max_us=20
direct_cudaStreamSynchronize: calls=3320 total_ms=19.103 max_us=2480
by_direct_callsite (file:line):
   0 /opt/llama.cpp/ggml/src/ggml-cuda/ggml-cuda.cu:839 calls=2967 total_ms=12.978 avg_us=4.374 max_us=354
   1 /opt/llama.cpp/ggml/src/ggml-cuda/ggml-cuda.cu:900 calls=12 total_ms=5.793 avg_us=482.750 max_us=2480
   2 /opt/llama.cpp/ggml/src/ggml-cuda/ggml-cuda.cu:2665 calls=191 total_ms=0.214 avg_us=1.120 max_us=5
   3 /opt/llama.cpp/ggml/src/ggml-cuda/ggml-cuda.cu:847 calls=150 total_ms=0.118 avg_us=0.787 max_us=2
=== END CUDA SYNC PROFILE ===
backend-sync-trace: count=7300 backend=CUDA0 caller=ggml_backend_sched_graph_compute_async_ext+0xecc

=== CUDA SYNC PROFILE (instrumentation only) ===
total_syncs = 7300
total_wait_ms = 4595.376
max_wait_us = 140454
sites = 5
wait_hist_us = logarithmic buckets
  hist[0] = 6585
  hist[1] = 367
  hist[2] = 68
  hist[3] = 14
  hist[4] = 8
  hist[5] = 2
  hist[9] = 42
  hist[10] = 100
  hist[11] = 28
  hist[14] = 17
  hist[15] = 54
  hist[16] = 14
  hist[17] = 1
by_callsite (caller PC; symbolize with addr2line):
   0 caller=0x7cb3f512e0c2 calls=3063 total_ms=4592.692 avg_us=1499.410 max_us=140454
   1 caller=0x7cb3f513286c calls=2336 total_ms=1.059 avg_us=0.453 max_us=21
   2 caller=0x7cb3f513277c calls=864 total_ms=0.843 avg_us=0.976 max_us=20
   3 caller=0x7cb3f5131732 calls=173 total_ms=0.401 avg_us=2.318 max_us=9
   4 caller=0x7cb3f513299d calls=864 total_ms=0.381 avg_us=0.441 max_us=20
direct_cudaStreamSynchronize: calls=3376 total_ms=19.336 max_us=2480
by_direct_callsite (file:line):
   0 /opt/llama.cpp/ggml/src/ggml-cuda/ggml-cuda.cu:839 calls=3023 total_ms=13.211 avg_us=4.370 max_us=354
   1 /opt/llama.cpp/ggml/src/ggml-cuda/ggml-cuda.cu:900 calls=12 total_ms=5.793 avg_us=482.750 max_us=2480
   2 /opt/llama.cpp/ggml/src/ggml-cuda/ggml-cuda.cu:2665 calls=191 total_ms=0.214 avg_us=1.120 max_us=5
   3 /opt/llama.cpp/ggml/src/ggml-cuda/ggml-cuda.cu:847 calls=150 total_ms=0.118 avg_us=0.787 max_us=2
=== END CUDA SYNC PROFILE ===

=== CUDA SYNC PROFILE (instrumentation only) ===
total_syncs = 7369
total_wait_ms = 4597.254
max_wait_us = 140454
sites = 5
wait_hist_us = logarithmic buckets
  hist[0] = 6650
  hist[1] = 369
  hist[2] = 68
  hist[3] = 14
  hist[4] = 8
  hist[5] = 2
  hist[9] = 44
  hist[10] = 100
  hist[11] = 28
  hist[14] = 17
  hist[15] = 54
  hist[16] = 14
  hist[17] = 1
by_callsite (caller PC; symbolize with addr2line):
   0 caller=0x7cb3f512e0c2 calls=3098 total_ms=4594.552 avg_us=1483.070 max_us=140454
   1 caller=0x7cb3f513286c calls=2353 total_ms=1.065 avg_us=0.453 max_us=21
   2 caller=0x7cb3f513277c calls=872 total_ms=0.849 avg_us=0.974 max_us=20
   3 caller=0x7cb3f5131732 calls=174 total_ms=0.403 avg_us=2.316 max_us=9
   4 caller=0x7cb3f513299d calls=872 total_ms=0.385 avg_us=0.442 max_us=20
direct_cudaStreamSynchronize: calls=3400 total_ms=19.439 max_us=2480
by_direct_callsite (file:line):
   0 /opt/llama.cpp/ggml/src/ggml-cuda/ggml-cuda.cu:839 calls=3047 total_ms=13.314 avg_us=4.370 max_us=354
   1 /opt/llama.cpp/ggml/src/ggml-cuda/ggml-cuda.cu:900 calls=12 total_ms=5.793 avg_us=482.750 max_us=2480
   2 /opt/llama.cpp/ggml/src/ggml-cuda/ggml-cuda.cu:2665 calls=191 total_ms=0.214 avg_us=1.120 max_us=5
   3 /opt/llama.cpp/ggml/src/ggml-cuda/ggml-cuda.cu:847 calls=150 total_ms=0.118 avg_us=0.787 max_us=2
=== END CUDA SYNC PROFILE ===
backend-sync-trace: count=7400 backend=CUDA0 caller=ggml_backend_sched_graph_compute_async_ext+0xffd

=== CUDA SYNC PROFILE (instrumentation only) ===
total_syncs = 7400
total_wait_ms = 4624.710
max_wait_us = 140454
sites = 5
wait_hist_us = logarithmic buckets
  hist[0] = 6678
  hist[1] = 371
  hist[2] = 68
  hist[3] = 14
  hist[4] = 8
  hist[5] = 2
  hist[9] = 44
  hist[10] = 100
  hist[11] = 28
  hist[14] = 18
  hist[15] = 54
  hist[16] = 14
  hist[17] = 1
by_callsite (caller PC; symbolize with addr2line):
   0 caller=0x7cb3f512e0c2 calls=3109 total_ms=4621.999 avg_us=1486.651 max_us=140454
   1 caller=0x7cb3f513286c calls=2363 total_ms=1.070 avg_us=0.453 max_us=21
   2 caller=0x7cb3f513277c calls=876 total_ms=0.850 avg_us=0.970 max_us=20
   3 caller=0x7cb3f5131732 calls=176 total_ms=0.406 avg_us=2.307 max_us=9
   4 caller=0x7cb3f513299d calls=876 total_ms=0.385 avg_us=0.439 max_us=20
direct_cudaStreamSynchronize: calls=3412 total_ms=19.503 max_us=2480
by_direct_callsite (file:line):
   0 /opt/llama.cpp/ggml/src/ggml-cuda/ggml-cuda.cu:839 calls=3059 total_ms=13.378 avg_us=4.373 max_us=354
   1 /opt/llama.cpp/ggml/src/ggml-cuda/ggml-cuda.cu:900 calls=12 total_ms=5.793 avg_us=482.750 max_us=2480
   2 /opt/llama.cpp/ggml/src/ggml-cuda/ggml-cuda.cu:2665 calls=191 total_ms=0.214 avg_us=1.120 max_us=5
   3 /opt/llama.cpp/ggml/src/ggml-cuda/ggml-cuda.cu:847 calls=150 total_ms=0.118 avg_us=0.787 max_us=2
=== END CUDA SYNC PROFILE ===
backend-sync-trace: count=7500 backend=CUDA0 caller=ggml_backend_sched_graph_compute_async_ext+0xddc

=== CUDA SYNC PROFILE (instrumentation only) ===
total_syncs = 7500
total_wait_ms = 4661.111
max_wait_us = 140454
sites = 5
wait_hist_us = logarithmic buckets
  hist[0] = 6771
  hist[1] = 374
  hist[2] = 68
  hist[3] = 14
  hist[4] = 8
  hist[5] = 2
  hist[9] = 44
  hist[10] = 103
  hist[11] = 28
  hist[14] = 19
  hist[15] = 54
  hist[16] = 14
  hist[17] = 1
by_callsite (caller PC; symbolize with addr2line):
   0 caller=0x7cb3f512e0c2 calls=3153 total_ms=4658.368 avg_us=1477.440 max_us=140454
   1 caller=0x7cb3f513286c calls=2394 total_ms=1.082 avg_us=0.452 max_us=21
   2 caller=0x7cb3f513277c calls=888 total_ms=0.862 avg_us=0.971 max_us=20
   3 caller=0x7cb3f5131732 calls=178 total_ms=0.410 avg_us=2.303 max_us=9
   4 caller=0x7cb3f513299d calls=887 total_ms=0.389 avg_us=0.439 max_us=20
direct_cudaStreamSynchronize: calls=3453 total_ms=19.664 max_us=2480
by_direct_callsite (file:line):
   0 /opt/llama.cpp/ggml/src/ggml-cuda/ggml-cuda.cu:839 calls=3100 total_ms=13.539 avg_us=4.367 max_us=354
   1 /opt/llama.cpp/ggml/src/ggml-cuda/ggml-cuda.cu:900 calls=12 total_ms=5.793 avg_us=482.750 max_us=2480
   2 /opt/llama.cpp/ggml/src/ggml-cuda/ggml-cuda.cu:2665 calls=191 total_ms=0.214 avg_us=1.120 max_us=5
   3 /opt/llama.cpp/ggml/src/ggml-cuda/ggml-cuda.cu:847 calls=150 total_ms=0.118 avg_us=0.787 max_us=2
=== END CUDA SYNC PROFILE ===
backend-sync-trace: count=7600 backend=CUDA0 caller=ggml_backend_sched_graph_compute_async_ext+0xffd

=== CUDA SYNC PROFILE (instrumentation only) ===
total_syncs = 7600
total_wait_ms = 4690.143
max_wait_us = 140454
sites = 5
wait_hist_us = logarithmic buckets
  hist[0] = 6860
  hist[1] = 379
  hist[2] = 68
  hist[3] = 15
  hist[4] = 9
  hist[5] = 2
  hist[9] = 45
  hist[10] = 105
  hist[11] = 28
  hist[14] = 20
  hist[15] = 54
  hist[16] = 14
  hist[17] = 1
by_callsite (caller PC; symbolize with addr2line):
   0 caller=0x7cb3f512e0c2 calls=3191 total_ms=4687.338 avg_us=1468.924 max_us=140454
   1 caller=0x7cb3f513286c calls=2425 total_ms=1.124 avg_us=0.464 max_us=21
   2 caller=0x7cb3f513277c calls=902 total_ms=0.875 avg_us=0.970 max_us=20
   3 caller=0x7cb3f5131732 calls=180 total_ms=0.414 avg_us=2.300 max_us=9
   4 caller=0x7cb3f513299d calls=902 total_ms=0.392 avg_us=0.435 max_us=20
direct_cudaStreamSynchronize: calls=3495 total_ms=19.831 max_us=2480
by_direct_callsite (file:line):
   0 /opt/llama.cpp/ggml/src/ggml-cuda/ggml-cuda.cu:839 calls=3142 total_ms=13.706 avg_us=4.362 max_us=354
   1 /opt/llama.cpp/ggml/src/ggml-cuda/ggml-cuda.cu:900 calls=12 total_ms=5.793 avg_us=482.750 max_us=2480
   2 /opt/llama.cpp/ggml/src/ggml-cuda/ggml-cuda.cu:2665 calls=191 total_ms=0.214 avg_us=1.120 max_us=5
   3 /opt/llama.cpp/ggml/src/ggml-cuda/ggml-cuda.cu:847 calls=150 total_ms=0.118 avg_us=0.787 max_us=2
=== END CUDA SYNC PROFILE ===

=== CUDA SYNC PROFILE (instrumentation only) ===
total_syncs = 7604
total_wait_ms = 4690.145
max_wait_us = 140454
sites = 5
wait_hist_us = logarithmic buckets
  hist[0] = 6864
  hist[1] = 379
  hist[2] = 68
  hist[3] = 15
  hist[4] = 9
  hist[5] = 2
  hist[9] = 45
  hist[10] = 105
  hist[11] = 28
  hist[14] = 20
  hist[15] = 54
  hist[16] = 14
  hist[17] = 1
by_callsite (caller PC; symbolize with addr2line):
   0 caller=0x7cb3f512e0c2 calls=3191 total_ms=4687.338 avg_us=1468.924 max_us=140454
   1 caller=0x7cb3f513286c calls=2429 total_ms=1.126 avg_us=0.464 max_us=21
   2 caller=0x7cb3f513277c calls=902 total_ms=0.875 avg_us=0.970 max_us=20
   3 caller=0x7cb3f5131732 calls=180 total_ms=0.414 avg_us=2.300 max_us=9
   4 caller=0x7cb3f513299d calls=902 total_ms=0.392 avg_us=0.435 max_us=20
direct_cudaStreamSynchronize: calls=3500 total_ms=19.868 max_us=2480
by_direct_callsite (file:line):
   0 /opt/llama.cpp/ggml/src/ggml-cuda/ggml-cuda.cu:839 calls=3147 total_ms=13.743 avg_us=4.367 max_us=354
   1 /opt/llama.cpp/ggml/src/ggml-cuda/ggml-cuda.cu:900 calls=12 total_ms=5.793 avg_us=482.750 max_us=2480
   2 /opt/llama.cpp/ggml/src/ggml-cuda/ggml-cuda.cu:2665 calls=191 total_ms=0.214 avg_us=1.120 max_us=5
   3 /opt/llama.cpp/ggml/src/ggml-cuda/ggml-cuda.cu:847 calls=150 total_ms=0.118 avg_us=0.787 max_us=2
=== END CUDA SYNC PROFILE ===
backend-sync-trace: count=7700 backend=CUDA0 caller=ggml_backend_sched_graph_compute_async_ext+0xecc

=== CUDA SYNC PROFILE (instrumentation only) ===
total_syncs = 7700
total_wait_ms = 4760.691
max_wait_us = 140454
sites = 5
wait_hist_us = logarithmic buckets
  hist[0] = 6951
  hist[1] = 384
  hist[2] = 68
  hist[3] = 15
  hist[4] = 9
  hist[5] = 2
  hist[9] = 45
  hist[10] = 107
  hist[11] = 28
  hist[14] = 21
  hist[15] = 55
  hist[16] = 14
  hist[17] = 1
by_callsite (caller PC; symbolize with addr2line):
   0 caller=0x7cb3f512e0c2 calls=3218 total_ms=4757.845 avg_us=1478.510 max_us=140454
   1 caller=0x7cb3f513286c calls=2471 total_ms=1.144 avg_us=0.463 max_us=21
   2 caller=0x7cb3f513277c calls=914 total_ms=0.883 avg_us=0.966 max_us=20
   3 caller=0x7cb3f5131732 calls=183 total_ms=0.420 avg_us=2.295 max_us=9
   4 caller=0x7cb3f513299d calls=914 total_ms=0.399 avg_us=0.437 max_us=20
direct_cudaStreamSynchronize: calls=3551 total_ms=20.081 max_us=2480
by_direct_callsite (file:line):
   0 /opt/llama.cpp/ggml/src/ggml-cuda/ggml-cuda.cu:839 calls=3198 total_ms=13.956 avg_us=4.364 max_us=354
   1 /opt/llama.cpp/ggml/src/ggml-cuda/ggml-cuda.cu:900 calls=12 total_ms=5.793 avg_us=482.750 max_us=2480
   2 /opt/llama.cpp/ggml/src/ggml-cuda/ggml-cuda.cu:2665 calls=191 total_ms=0.214 avg_us=1.120 max_us=5
   3 /opt/llama.cpp/ggml/src/ggml-cuda/ggml-cuda.cu:847 calls=150 total_ms=0.118 avg_us=0.787 max_us=2
=== END CUDA SYNC PROFILE ===
backend-sync-trace: count=7800 backend=CUDA0 caller=ggml_backend_sched_graph_compute_async_ext+0xffd

=== CUDA SYNC PROFILE (instrumentation only) ===
total_syncs = 7800
total_wait_ms = 4792.089
max_wait_us = 140454
sites = 5
wait_hist_us = logarithmic buckets
  hist[0] = 7044
  hist[1] = 388
  hist[2] = 68
  hist[3] = 15
  hist[4] = 9
  hist[5] = 2
  hist[9] = 45
  hist[10] = 109
  hist[11] = 28
  hist[14] = 22
  hist[15] = 55
  hist[16] = 14
  hist[17] = 1
by_callsite (caller PC; symbolize with addr2line):
   0 caller=0x7cb3f512e0c2 calls=3264 total_ms=4789.216 avg_us=1467.284 max_us=140454
   1 caller=0x7cb3f513286c calls=2498 total_ms=1.153 avg_us=0.462 max_us=21
   2 caller=0x7cb3f513277c calls=926 total_ms=0.893 avg_us=0.964 max_us=20
   3 caller=0x7cb3f5131732 calls=186 total_ms=0.425 avg_us=2.285 max_us=9
   4 caller=0x7cb3f513299d calls=926 total_ms=0.402 avg_us=0.434 max_us=20
direct_cudaStreamSynchronize: calls=3587 total_ms=20.226 max_us=2480
by_direct_callsite (file:line):
   0 /opt/llama.cpp/ggml/src/ggml-cuda/ggml-cuda.cu:839 calls=3234 total_ms=14.101 avg_us=4.360 max_us=354
   1 /opt/llama.cpp/ggml/src/ggml-cuda/ggml-cuda.cu:900 calls=12 total_ms=5.793 avg_us=482.750 max_us=2480
   2 /opt/llama.cpp/ggml/src/ggml-cuda/ggml-cuda.cu:2665 calls=191 total_ms=0.214 avg_us=1.120 max_us=5
   3 /opt/llama.cpp/ggml/src/ggml-cuda/ggml-cuda.cu:847 calls=150 total_ms=0.118 avg_us=0.787 max_us=2
=== END CUDA SYNC PROFILE ===

=== CUDA SYNC PROFILE (instrumentation only) ===
total_syncs = 7830
total_wait_ms = 4795.602
max_wait_us = 140454
sites = 5
wait_hist_us = logarithmic buckets
  hist[0] = 7071
  hist[1] = 389
  hist[2] = 68
  hist[3] = 15
  hist[4] = 9
  hist[5] = 2
  hist[9] = 46
  hist[10] = 109
  hist[11] = 29
  hist[14] = 22
  hist[15] = 55
  hist[16] = 14
  hist[17] = 1
by_callsite (caller PC; symbolize with addr2line):
   0 caller=0x7cb3f512e0c2 calls=3278 total_ms=4792.722 avg_us=1462.087 max_us=140454
   1 caller=0x7cb3f513286c calls=2506 total_ms=1.155 avg_us=0.461 max_us=21
   2 caller=0x7cb3f513277c calls=930 total_ms=0.897 avg_us=0.965 max_us=20
   3 caller=0x7cb3f5131732 calls=186 total_ms=0.425 avg_us=2.285 max_us=9
   4 caller=0x7cb3f513299d calls=930 total_ms=0.403 avg_us=0.433 max_us=20
direct_cudaStreamSynchronize: calls=3600 total_ms=20.271 max_us=2480
by_direct_callsite (file:line):
   0 /opt/llama.cpp/ggml/src/ggml-cuda/ggml-cuda.cu:839 calls=3247 total_ms=14.146 avg_us=4.357 max_us=354
   1 /opt/llama.cpp/ggml/src/ggml-cuda/ggml-cuda.cu:900 calls=12 total_ms=5.793 avg_us=482.750 max_us=2480
   2 /opt/llama.cpp/ggml/src/ggml-cuda/ggml-cuda.cu:2665 calls=191 total_ms=0.214 avg_us=1.120 max_us=5
   3 /opt/llama.cpp/ggml/src/ggml-cuda/ggml-cuda.cu:847 calls=150 total_ms=0.118 avg_us=0.787 max_us=2
=== END CUDA SYNC PROFILE ===
backend-sync-trace: count=7900 backend=CUDA0 caller=ggml_backend_sched_synchronize+0x52

=== CUDA SYNC PROFILE (instrumentation only) ===
total_syncs = 7900
total_wait_ms = 4830.120
max_wait_us = 140454
sites = 5
wait_hist_us = logarithmic buckets
  hist[0] = 7136
  hist[1] = 391
  hist[2] = 68
  hist[3] = 15
  hist[4] = 9
  hist[5] = 2
  hist[9] = 46
  hist[10] = 110
  hist[11] = 30
  hist[14] = 23
  hist[15] = 55
  hist[16] = 14
  hist[17] = 1
by_callsite (caller PC; symbolize with addr2line):
   0 caller=0x7cb3f512e0c2 calls=3303 total_ms=4827.222 avg_us=1461.466 max_us=140454
   1 caller=0x7cb3f513286c calls=2533 total_ms=1.163 avg_us=0.459 max_us=21
   2 caller=0x7cb3f513277c calls=938 total_ms=0.902 avg_us=0.962 max_us=20
   3 caller=0x7cb3f5131732 calls=188 total_ms=0.428 avg_us=2.277 max_us=9
   4 caller=0x7cb3f513299d calls=938 total_ms=0.405 avg_us=0.432 max_us=20
direct_cudaStreamSynchronize: calls=3633 total_ms=20.397 max_us=2480
by_direct_callsite (file:line):
   0 /opt/llama.cpp/ggml/src/ggml-cuda/ggml-cuda.cu:839 calls=3280 total_ms=14.272 avg_us=4.351 max_us=354
   1 /opt/llama.cpp/ggml/src/ggml-cuda/ggml-cuda.cu:900 calls=12 total_ms=5.793 avg_us=482.750 max_us=2480
   2 /opt/llama.cpp/ggml/src/ggml-cuda/ggml-cuda.cu:2665 calls=191 total_ms=0.214 avg_us=1.120 max_us=5
   3 /opt/llama.cpp/ggml/src/ggml-cuda/ggml-cuda.cu:847 calls=150 total_ms=0.118 avg_us=0.787 max_us=2
=== END CUDA SYNC PROFILE ===
backend-sync-trace: count=8000 backend=CUDA0 caller=ggml_backend_sched_graph_compute_async_ext+0xecc

=== CUDA SYNC PROFILE (instrumentation only) ===
total_syncs = 8000
total_wait_ms = 4863.749
max_wait_us = 140454
sites = 5
wait_hist_us = logarithmic buckets
  hist[0] = 7228
  hist[1] = 396
  hist[2] = 68
  hist[3] = 15
  hist[4] = 9
  hist[5] = 2
  hist[9] = 47
  hist[10] = 111
  hist[11] = 30
  hist[14] = 24
  hist[15] = 55
  hist[16] = 14
  hist[17] = 1
by_callsite (caller PC; symbolize with addr2line):
   0 caller=0x7cb3f512e0c2 calls=3340 total_ms=4860.818 avg_us=1455.335 max_us=140454
   1 caller=0x7cb3f513286c calls=2566 total_ms=1.177 avg_us=0.459 max_us=21
   2 caller=0x7cb3f513277c calls=952 total_ms=0.913 avg_us=0.959 max_us=20
   3 caller=0x7cb3f5131732 calls=190 total_ms=0.432 avg_us=2.274 max_us=9
   4 caller=0x7cb3f513299d calls=952 total_ms=0.409 avg_us=0.430 max_us=20
direct_cudaStreamSynchronize: calls=3676 total_ms=20.581 max_us=2480
by_direct_callsite (file:line):
   0 /opt/llama.cpp/ggml/src/ggml-cuda/ggml-cuda.cu:839 calls=3323 total_ms=14.456 avg_us=4.350 max_us=354
   1 /opt/llama.cpp/ggml/src/ggml-cuda/ggml-cuda.cu:900 calls=12 total_ms=5.793 avg_us=482.750 max_us=2480
   2 /opt/llama.cpp/ggml/src/ggml-cuda/ggml-cuda.cu:2665 calls=191 total_ms=0.214 avg_us=1.120 max_us=5
   3 /opt/llama.cpp/ggml/src/ggml-cuda/ggml-cuda.cu:847 calls=150 total_ms=0.118 avg_us=0.787 max_us=2
=== END CUDA SYNC PROFILE ===

=== CUDA SYNC PROFILE (instrumentation only) ===
total_syncs = 8062
total_wait_ms = 4889.340
max_wait_us = 140454
sites = 5
wait_hist_us = logarithmic buckets
  hist[0] = 7285
  hist[1] = 399
  hist[2] = 68
  hist[3] = 15
  hist[4] = 9
  hist[5] = 2
  hist[9] = 47
  hist[10] = 112
  hist[11] = 30
  hist[14] = 25
  hist[15] = 55
  hist[16] = 14
  hist[17] = 1
by_callsite (caller PC; symbolize with addr2line):
   0 caller=0x7cb3f512e0c2 calls=3370 total_ms=4886.392 avg_us=1449.968 max_us=140454
   1 caller=0x7cb3f513286c calls=2584 total_ms=1.183 avg_us=0.458 max_us=21
   2 caller=0x7cb3f513277c calls=958 total_ms=0.917 avg_us=0.957 max_us=20
   3 caller=0x7cb3f5131732 calls=192 total_ms=0.437 avg_us=2.276 max_us=9
   4 caller=0x7cb3f513299d calls=958 total_ms=0.411 avg_us=0.429 max_us=20
direct_cudaStreamSynchronize: calls=3700 total_ms=20.662 max_us=2480
by_direct_callsite (file:line):
   0 /opt/llama.cpp/ggml/src/ggml-cuda/ggml-cuda.cu:839 calls=3347 total_ms=14.537 avg_us=4.343 max_us=354
   1 /opt/llama.cpp/ggml/src/ggml-cuda/ggml-cuda.cu:900 calls=12 total_ms=5.793 avg_us=482.750 max_us=2480
   2 /opt/llama.cpp/ggml/src/ggml-cuda/ggml-cuda.cu:2665 calls=191 total_ms=0.214 avg_us=1.120 max_us=5
   3 /opt/llama.cpp/ggml/src/ggml-cuda/ggml-cuda.cu:847 calls=150 total_ms=0.118 avg_us=0.787 max_us=2
=== END CUDA SYNC PROFILE ===
backend-sync-trace: count=8100 backend=CUDA0 caller=ggml_backend_sched_graph_compute_async_ext+0xffd

=== CUDA SYNC PROFILE (instrumentation only) ===
total_syncs = 8100
total_wait_ms = 4927.703
max_wait_us = 140454
sites = 5
wait_hist_us = logarithmic buckets
  hist[0] = 7320
  hist[1] = 400
  hist[2] = 68
  hist[3] = 15
  hist[4] = 9
  hist[5] = 2
  hist[9] = 47
  hist[10] = 113
  hist[11] = 30
  hist[14] = 25
  hist[15] = 56
  hist[16] = 14
  hist[17] = 1
by_callsite (caller PC; symbolize with addr2line):
   0 caller=0x7cb3f512e0c2 calls=3379 total_ms=4924.739 avg_us=1457.455 max_us=140454
   1 caller=0x7cb3f513286c calls=2602 total_ms=1.190 avg_us=0.457 max_us=21
   2 caller=0x7cb3f513277c calls=963 total_ms=0.923 avg_us=0.958 max_us=20
   3 caller=0x7cb3f5131732 calls=193 total_ms=0.438 avg_us=2.269 max_us=9
   4 caller=0x7cb3f513299d calls=963 total_ms=0.413 avg_us=0.429 max_us=20
direct_cudaStreamSynchronize: calls=3721 total_ms=20.742 max_us=2480
by_direct_callsite (file:line):
   0 /opt/llama.cpp/ggml/src/ggml-cuda/ggml-cuda.cu:839 calls=3368 total_ms=14.617 avg_us=4.340 max_us=354
   1 /opt/llama.cpp/ggml/src/ggml-cuda/ggml-cuda.cu:900 calls=12 total_ms=5.793 avg_us=482.750 max_us=2480
   2 /opt/llama.cpp/ggml/src/ggml-cuda/ggml-cuda.cu:2665 calls=191 total_ms=0.214 avg_us=1.120 max_us=5
   3 /opt/llama.cpp/ggml/src/ggml-cuda/ggml-cuda.cu:847 calls=150 total_ms=0.118 avg_us=0.787 max_us=2
=== END CUDA SYNC PROFILE ===
backend-sync-trace: count=8200 backend=CUDA0 caller=ggml_backend_sched_graph_compute_async_ext+0xffd

=== CUDA SYNC PROFILE (instrumentation only) ===
total_syncs = 8200
total_wait_ms = 4961.926
max_wait_us = 140454
sites = 5
wait_hist_us = logarithmic buckets
  hist[0] = 7414
  hist[1] = 403
  hist[2] = 68
  hist[3] = 15
  hist[4] = 9
  hist[5] = 2
  hist[9] = 48
  hist[10] = 114
  hist[11] = 30
  hist[14] = 26
  hist[15] = 56
  hist[16] = 14
  hist[17] = 1
by_callsite (caller PC; symbolize with addr2line):
   0 caller=0x7cb3f512e0c2 calls=3419 total_ms=4958.934 avg_us=1450.405 max_us=140454
   1 caller=0x7cb3f513286c calls=2633 total_ms=1.199 avg_us=0.455 max_us=21
   2 caller=0x7cb3f513277c calls=976 total_ms=0.932 avg_us=0.955 max_us=20
   3 caller=0x7cb3f5131732 calls=196 total_ms=0.443 avg_us=2.260 max_us=9
   4 caller=0x7cb3f513299d calls=976 total_ms=0.418 avg_us=0.428 max_us=20
direct_cudaStreamSynchronize: calls=3762 total_ms=20.912 max_us=2480
by_direct_callsite (file:line):
   0 /opt/llama.cpp/ggml/src/ggml-cuda/ggml-cuda.cu:839 calls=3409 total_ms=14.787 avg_us=4.338 max_us=354
   1 /opt/llama.cpp/ggml/src/ggml-cuda/ggml-cuda.cu:900 calls=12 total_ms=5.793 avg_us=482.750 max_us=2480
   2 /opt/llama.cpp/ggml/src/ggml-cuda/ggml-cuda.cu:2665 calls=191 total_ms=0.214 avg_us=1.120 max_us=5
   3 /opt/llama.cpp/ggml/src/ggml-cuda/ggml-cuda.cu:847 calls=150 total_ms=0.118 avg_us=0.787 max_us=2
=== END CUDA SYNC PROFILE ===

=== CUDA SYNC PROFILE (instrumentation only) ===
total_syncs = 8276
total_wait_ms = 5002.778
max_wait_us = 140454
sites = 5
wait_hist_us = logarithmic buckets
  hist[0] = 7483
  hist[1] = 407
  hist[2] = 68
  hist[3] = 15
  hist[4] = 9
  hist[5] = 2
  hist[9] = 48
  hist[10] = 116
  hist[11] = 30
  hist[14] = 26
  hist[15] = 57
  hist[16] = 14
  hist[17] = 1
by_callsite (caller PC; symbolize with addr2line):
   0 caller=0x7cb3f512e0c2 calls=3444 total_ms=4999.758 avg_us=1451.730 max_us=140454
   1 caller=0x7cb3f513286c calls=2662 total_ms=1.209 avg_us=0.454 max_us=21
   2 caller=0x7cb3f513277c calls=986 total_ms=0.938 avg_us=0.951 max_us=20
   3 caller=0x7cb3f5131732 calls=198 total_ms=0.447 avg_us=2.258 max_us=9
   4 caller=0x7cb3f513299d calls=986 total_ms=0.426 avg_us=0.432 max_us=20
direct_cudaStreamSynchronize: calls=3800 total_ms=21.064 max_us=2480
by_direct_callsite (file:line):
   0 /opt/llama.cpp/ggml/src/ggml-cuda/ggml-cuda.cu:839 calls=3447 total_ms=14.939 avg_us=4.334 max_us=354
   1 /opt/llama.cpp/ggml/src/ggml-cuda/ggml-cuda.cu:900 calls=12 total_ms=5.793 avg_us=482.750 max_us=2480
   2 /opt/llama.cpp/ggml/src/ggml-cuda/ggml-cuda.cu:2665 calls=191 total_ms=0.214 avg_us=1.120 max_us=5
   3 /opt/llama.cpp/ggml/src/ggml-cuda/ggml-cuda.cu:847 calls=150 total_ms=0.118 avg_us=0.787 max_us=2
=== END CUDA SYNC PROFILE ===
backend-sync-trace: count=8300 backend=CUDA0 caller=ggml_backend_sched_synchronize+0x52

=== CUDA SYNC PROFILE (instrumentation only) ===
total_syncs = 8300
total_wait_ms = 5005.438
max_wait_us = 140454
sites = 5
wait_hist_us = logarithmic buckets
  hist[0] = 7505
  hist[1] = 407
  hist[2] = 68
  hist[3] = 15
  hist[4] = 9
  hist[5] = 2
  hist[9] = 49
  hist[10] = 117
  hist[11] = 30
  hist[14] = 26
  hist[15] = 57
  hist[16] = 14
  hist[17] = 1
by_callsite (caller PC; symbolize with addr2line):
   0 caller=0x7cb3f512e0c2 calls=3458 total_ms=5002.412 avg_us=1446.620 max_us=140454
   1 caller=0x7cb3f513286c calls=2668 total_ms=1.213 avg_us=0.455 max_us=21
   2 caller=0x7cb3f513277c calls=988 total_ms=0.940 avg_us=0.951 max_us=20
   3 caller=0x7cb3f5131732 calls=198 total_ms=0.447 avg_us=2.258 max_us=9
   4 caller=0x7cb3f513299d calls=988 total_ms=0.426 avg_us=0.431 max_us=20
direct_cudaStreamSynchronize: calls=3808 total_ms=21.087 max_us=2480
by_direct_callsite (file:line):
   0 /opt/llama.cpp/ggml/src/ggml-cuda/ggml-cuda.cu:839 calls=3455 total_ms=14.962 avg_us=4.331 max_us=354
   1 /opt/llama.cpp/ggml/src/ggml-cuda/ggml-cuda.cu:900 calls=12 total_ms=5.793 avg_us=482.750 max_us=2480
   2 /opt/llama.cpp/ggml/src/ggml-cuda/ggml-cuda.cu:2665 calls=191 total_ms=0.214 avg_us=1.120 max_us=5
   3 /opt/llama.cpp/ggml/src/ggml-cuda/ggml-cuda.cu:847 calls=150 total_ms=0.118 avg_us=0.787 max_us=2
=== END CUDA SYNC PROFILE ===
backend-sync-trace: count=8400 backend=CUDA0 caller=ggml_backend_sched_graph_compute_async_ext+0xecc

=== CUDA SYNC PROFILE (instrumentation only) ===
total_syncs = 8400
total_wait_ms = 5039.129
max_wait_us = 140454
sites = 5
wait_hist_us = logarithmic buckets
  hist[0] = 7598
  hist[1] = 411
  hist[2] = 68
  hist[3] = 15
  hist[4] = 9
  hist[5] = 2
  hist[9] = 51
  hist[10] = 117
  hist[11] = 30
  hist[14] = 27
  hist[15] = 57
  hist[16] = 14
  hist[17] = 1
by_callsite (caller PC; symbolize with addr2line):
   0 caller=0x7cb3f512e0c2 calls=3495 total_ms=5036.074 avg_us=1440.937 max_us=140454
   1 caller=0x7cb3f513286c calls=2701 total_ms=1.224 avg_us=0.453 max_us=21
   2 caller=0x7cb3f513277c calls=1002 total_ms=0.953 avg_us=0.951 max_us=20
   3 caller=0x7cb3f5131732 calls=200 total_ms=0.450 avg_us=2.250 max_us=9
   4 caller=0x7cb3f513299d calls=1002 total_ms=0.428 avg_us=0.427 max_us=20
direct_cudaStreamSynchronize: calls=3851 total_ms=21.278 max_us=2480
by_direct_callsite (file:line):
   0 /opt/llama.cpp/ggml/src/ggml-cuda/ggml-cuda.cu:839 calls=3498 total_ms=15.153 avg_us=4.332 max_us=354
   1 /opt/llama.cpp/ggml/src/ggml-cuda/ggml-cuda.cu:900 calls=12 total_ms=5.793 avg_us=482.750 max_us=2480
   2 /opt/llama.cpp/ggml/src/ggml-cuda/ggml-cuda.cu:2665 calls=191 total_ms=0.214 avg_us=1.120 max_us=5
   3 /opt/llama.cpp/ggml/src/ggml-cuda/ggml-cuda.cu:847 calls=150 total_ms=0.118 avg_us=0.787 max_us=2
=== END CUDA SYNC PROFILE ===

=== CUDA SYNC PROFILE (instrumentation only) ===
total_syncs = 8498
total_wait_ms = 5100.250
max_wait_us = 140454
sites = 5
wait_hist_us = logarithmic buckets
  hist[0] = 7689
  hist[1] = 413
  hist[2] = 69
  hist[3] = 15
  hist[4] = 9
  hist[5] = 2
  hist[9] = 52
  hist[10] = 118
  hist[11] = 30
  hist[14] = 29
  hist[15] = 57
  hist[16] = 14
  hist[17] = 1
by_callsite (caller PC; symbolize with addr2line):
   0 caller=0x7cb3f512e0c2 calls=3528 total_ms=5097.158 avg_us=1444.773 max_us=140454
   1 caller=0x7cb3f513286c calls=2739 total_ms=1.238 avg_us=0.452 max_us=21
   2 caller=0x7cb3f513277c calls=1014 total_ms=0.961 avg_us=0.948 max_us=20
   3 caller=0x7cb3f5131732 calls=203 total_ms=0.454 avg_us=2.236 max_us=9
   4 caller=0x7cb3f513299d calls=1014 total_ms=0.439 avg_us=0.433 max_us=20
direct_cudaStreamSynchronize: calls=3900 total_ms=21.472 max_us=2480
by_direct_callsite (file:line):
   0 /opt/llama.cpp/ggml/src/ggml-cuda/ggml-cuda.cu:839 calls=3547 total_ms=15.347 avg_us=4.327 max_us=354
   1 /opt/llama.cpp/ggml/src/ggml-cuda/ggml-cuda.cu:900 calls=12 total_ms=5.793 avg_us=482.750 max_us=2480
   2 /opt/llama.cpp/ggml/src/ggml-cuda/ggml-cuda.cu:2665 calls=191 total_ms=0.214 avg_us=1.120 max_us=5
   3 /opt/llama.cpp/ggml/src/ggml-cuda/ggml-cuda.cu:847 calls=150 total_ms=0.118 avg_us=0.787 max_us=2
=== END CUDA SYNC PROFILE ===
backend-sync-trace: count=8500 backend=CUDA0 caller=ggml_backend_sched_graph_compute_async_ext+0xecc

=== CUDA SYNC PROFILE (instrumentation only) ===
total_syncs = 8500
total_wait_ms = 5100.251
max_wait_us = 140454
sites = 5
wait_hist_us = logarithmic buckets
  hist[0] = 7691
  hist[1] = 413
  hist[2] = 69
  hist[3] = 15
  hist[4] = 9
  hist[5] = 2
  hist[9] = 52
  hist[10] = 118
  hist[11] = 30
  hist[14] = 29
  hist[15] = 57
  hist[16] = 14
  hist[17] = 1
by_callsite (caller PC; symbolize with addr2line):
   0 caller=0x7cb3f512e0c2 calls=3528 total_ms=5097.158 avg_us=1444.773 max_us=140454
   1 caller=0x7cb3f513286c calls=2741 total_ms=1.239 avg_us=0.452 max_us=21
   2 caller=0x7cb3f513277c calls=1014 total_ms=0.961 avg_us=0.948 max_us=20
   3 caller=0x7cb3f5131732 calls=203 total_ms=0.454 avg_us=2.236 max_us=9
   4 caller=0x7cb3f513299d calls=1014 total_ms=0.439 avg_us=0.433 max_us=20
direct_cudaStreamSynchronize: calls=3901 total_ms=21.474 max_us=2480
by_direct_callsite (file:line):
   0 /opt/llama.cpp/ggml/src/ggml-cuda/ggml-cuda.cu:839 calls=3548 total_ms=15.349 avg_us=4.326 max_us=354
   1 /opt/llama.cpp/ggml/src/ggml-cuda/ggml-cuda.cu:900 calls=12 total_ms=5.793 avg_us=482.750 max_us=2480
   2 /opt/llama.cpp/ggml/src/ggml-cuda/ggml-cuda.cu:2665 calls=191 total_ms=0.214 avg_us=1.120 max_us=5
   3 /opt/llama.cpp/ggml/src/ggml-cuda/ggml-cuda.cu:847 calls=150 total_ms=0.118 avg_us=0.787 max_us=2
=== END CUDA SYNC PROFILE ===
backend-sync-trace: count=8600 backend=CUDA0 caller=ggml_backend_sched_synchronize+0x52

=== CUDA SYNC PROFILE (instrumentation only) ===
total_syncs = 8600
total_wait_ms = 5127.015
max_wait_us = 140454
sites = 5
wait_hist_us = logarithmic buckets
  hist[0] = 7785
  hist[1] = 416
  hist[2] = 69
  hist[3] = 15
  hist[4] = 9
  hist[5] = 2
  hist[9] = 52
  hist[10] = 120
  hist[11] = 30
  hist[14] = 30
  hist[15] = 57
  hist[16] = 14
  hist[17] = 1
by_callsite (caller PC; symbolize with addr2line):
   0 caller=0x7cb3f512e0c2 calls=3579 total_ms=5123.898 avg_us=1431.656 max_us=140454
   1 caller=0x7cb3f513286c calls=2768 total_ms=1.249 avg_us=0.451 max_us=21
   2 caller=0x7cb3f513277c calls=1024 total_ms=0.969 avg_us=0.946 max_us=20
   3 caller=0x7cb3f5131732 calls=205 total_ms=0.457 avg_us=2.229 max_us=9
   4 caller=0x7cb3f513299d calls=1024 total_ms=0.442 avg_us=0.432 max_us=20
direct_cudaStreamSynchronize: calls=3936 total_ms=21.615 max_us=2480
by_direct_callsite (file:line):
   0 /opt/llama.cpp/ggml/src/ggml-cuda/ggml-cuda.cu:839 calls=3583 total_ms=15.490 avg_us=4.323 max_us=354
   1 /opt/llama.cpp/ggml/src/ggml-cuda/ggml-cuda.cu:900 calls=12 total_ms=5.793 avg_us=482.750 max_us=2480
   2 /opt/llama.cpp/ggml/src/ggml-cuda/ggml-cuda.cu:2665 calls=191 total_ms=0.214 avg_us=1.120 max_us=5
   3 /opt/llama.cpp/ggml/src/ggml-cuda/ggml-cuda.cu:847 calls=150 total_ms=0.118 avg_us=0.787 max_us=2
=== END CUDA SYNC PROFILE ===
backend-sync-trace: count=8700 backend=CUDA0 caller=ggml_backend_sched_synchronize+0x52

=== CUDA SYNC PROFILE (instrumentation only) ===
total_syncs = 8700
total_wait_ms = 5162.023
max_wait_us = 140454
sites = 5
wait_hist_us = logarithmic buckets
  hist[0] = 7878
  hist[1] = 419
  hist[2] = 69
  hist[3] = 15
  hist[4] = 9
  hist[5] = 2
  hist[9] = 52
  hist[10] = 122
  hist[11] = 31
  hist[14] = 31
  hist[15] = 57
  hist[16] = 14
  hist[17] = 1
by_callsite (caller PC; symbolize with addr2line):
   0 caller=0x7cb3f512e0c2 calls=3621 total_ms=5158.876 avg_us=1424.710 max_us=140454
   1 caller=0x7cb3f513286c calls=2799 total_ms=1.262 avg_us=0.451 max_us=21
   2 caller=0x7cb3f513277c calls=1036 total_ms=0.978 avg_us=0.944 max_us=20
   3 caller=0x7cb3f5131732 calls=208 total_ms=0.462 avg_us=2.221 max_us=9
   4 caller=0x7cb3f513299d calls=1036 total_ms=0.445 avg_us=0.430 max_us=20
direct_cudaStreamSynchronize: calls=3977 total_ms=21.773 max_us=2480
by_direct_callsite (file:line):
   0 /opt/llama.cpp/ggml/src/ggml-cuda/ggml-cuda.cu:839 calls=3624 total_ms=15.648 avg_us=4.318 max_us=354
   1 /opt/llama.cpp/ggml/src/ggml-cuda/ggml-cuda.cu:900 calls=12 total_ms=5.793 avg_us=482.750 max_us=2480
   2 /opt/llama.cpp/ggml/src/ggml-cuda/ggml-cuda.cu:2665 calls=191 total_ms=0.214 avg_us=1.120 max_us=5
   3 /opt/llama.cpp/ggml/src/ggml-cuda/ggml-cuda.cu:847 calls=150 total_ms=0.118 avg_us=0.787 max_us=2
=== END CUDA SYNC PROFILE ===

=== CUDA SYNC PROFILE (instrumentation only) ===
total_syncs = 8740
total_wait_ms = 5162.967
max_wait_us = 140454
sites = 5
wait_hist_us = logarithmic buckets
  hist[0] = 7915
  hist[1] = 421
  hist[2] = 69
  hist[3] = 15
  hist[4] = 9
  hist[5] = 2
  hist[9] = 53
  hist[10] = 122
  hist[11] = 31
  hist[14] = 31
  hist[15] = 57
  hist[16] = 14
  hist[17] = 1
by_callsite (caller PC; symbolize with addr2line):
   0 caller=0x7cb3f512e0c2 calls=3631 total_ms=5159.808 avg_us=1421.043 max_us=140454
   1 caller=0x7cb3f513286c calls=2817 total_ms=1.267 avg_us=0.450 max_us=21
   2 caller=0x7cb3f513277c calls=1042 total_ms=0.983 avg_us=0.943 max_us=20
   3 caller=0x7cb3f5131732 calls=208 total_ms=0.462 avg_us=2.221 max_us=9
   4 caller=0x7cb3f513299d calls=1042 total_ms=0.447 avg_us=0.429 max_us=20
direct_cudaStreamSynchronize: calls=4000 total_ms=21.868 max_us=2480
by_direct_callsite (file:line):
   0 /opt/llama.cpp/ggml/src/ggml-cuda/ggml-cuda.cu:839 calls=3647 total_ms=15.743 avg_us=4.317 max_us=354
   1 /opt/llama.cpp/ggml/src/ggml-cuda/ggml-cuda.cu:900 calls=12 total_ms=5.793 avg_us=482.750 max_us=2480
   2 /opt/llama.cpp/ggml/src/ggml-cuda/ggml-cuda.cu:2665 calls=191 total_ms=0.214 avg_us=1.120 max_us=5
   3 /opt/llama.cpp/ggml/src/ggml-cuda/ggml-cuda.cu:847 calls=150 total_ms=0.118 avg_us=0.787 max_us=2
=== END CUDA SYNC PROFILE ===
backend-sync-trace: count=8800 backend=CUDA0 caller=ggml_backend_sched_synchronize+0x52

=== CUDA SYNC PROFILE (instrumentation only) ===
total_syncs = 8800
total_wait_ms = 5188.970
max_wait_us = 140454
sites = 5
wait_hist_us = logarithmic buckets
  hist[0] = 7970
  hist[1] = 423
  hist[2] = 69
  hist[3] = 15
  hist[4] = 9
  hist[5] = 2
  hist[9] = 55
  hist[10] = 122
  hist[11] = 31
  hist[14] = 32
  hist[15] = 57
  hist[16] = 14
  hist[17] = 1
by_callsite (caller PC; symbolize with addr2line):
   0 caller=0x7cb3f512e0c2 calls=3664 total_ms=5185.796 avg_us=1415.337 max_us=140454
   1 caller=0x7cb3f513286c calls=2830 total_ms=1.273 avg_us=0.450 max_us=21
   2 caller=0x7cb3f513277c calls=1048 total_ms=0.987 avg_us=0.942 max_us=20
   3 caller=0x7cb3f5131732 calls=210 total_ms=0.465 avg_us=2.214 max_us=9
   4 caller=0x7cb3f513299d calls=1048 total_ms=0.449 avg_us=0.428 max_us=20
direct_cudaStreamSynchronize: calls=4018 total_ms=21.937 max_us=2480
by_direct_callsite (file:line):
   0 /opt/llama.cpp/ggml/src/ggml-cuda/ggml-cuda.cu:839 calls=3665 total_ms=15.812 avg_us=4.314 max_us=354
   1 /opt/llama.cpp/ggml/src/ggml-cuda/ggml-cuda.cu:900 calls=12 total_ms=5.793 avg_us=482.750 max_us=2480
   2 /opt/llama.cpp/ggml/src/ggml-cuda/ggml-cuda.cu:2665 calls=191 total_ms=0.214 avg_us=1.120 max_us=5
   3 /opt/llama.cpp/ggml/src/ggml-cuda/ggml-cuda.cu:847 calls=150 total_ms=0.118 avg_us=0.787 max_us=2
=== END CUDA SYNC PROFILE ===
backend-sync-trace: count=8900 backend=CUDA0 caller=ggml_backend_sched_graph_compute_async_ext+0xecc

=== CUDA SYNC PROFILE (instrumentation only) ===
total_syncs = 8900
total_wait_ms = 5218.866
max_wait_us = 140454
sites = 5
wait_hist_us = logarithmic buckets
  hist[0] = 8063
  hist[1] = 427
  hist[2] = 69
  hist[3] = 15
  hist[4] = 9
  hist[5] = 2
  hist[9] = 55
  hist[10] = 123
  hist[11] = 32
  hist[14] = 33
  hist[15] = 57
  hist[16] = 14
  hist[17] = 1
by_callsite (caller PC; symbolize with addr2line):
   0 caller=0x7cb3f512e0c2 calls=3693 total_ms=5215.653 avg_us=1412.308 max_us=140454
   1 caller=0x7cb3f513286c calls=2871 total_ms=1.292 avg_us=0.450 max_us=21
   2 caller=0x7cb3f513277c calls=1062 total_ms=0.998 avg_us=0.940 max_us=20
   3 caller=0x7cb3f5131732 calls=212 total_ms=0.469 avg_us=2.212 max_us=9
   4 caller=0x7cb3f513299d calls=1062 total_ms=0.454 avg_us=0.427 max_us=20
direct_cudaStreamSynchronize: calls=4069 total_ms=22.141 max_us=2480
by_direct_callsite (file:line):
   0 /opt/llama.cpp/ggml/src/ggml-cuda/ggml-cuda.cu:839 calls=3716 total_ms=16.016 avg_us=4.310 max_us=354
   1 /opt/llama.cpp/ggml/src/ggml-cuda/ggml-cuda.cu:900 calls=12 total_ms=5.793 avg_us=482.750 max_us=2480
   2 /opt/llama.cpp/ggml/src/ggml-cuda/ggml-cuda.cu:2665 calls=191 total_ms=0.214 avg_us=1.120 max_us=5
   3 /opt/llama.cpp/ggml/src/ggml-cuda/ggml-cuda.cu:847 calls=150 total_ms=0.118 avg_us=0.787 max_us=2
=== END CUDA SYNC PROFILE ===

=== CUDA SYNC PROFILE (instrumentation only) ===
total_syncs = 8981
total_wait_ms = 5256.798
max_wait_us = 140454
sites = 5
wait_hist_us = logarithmic buckets
  hist[0] = 8138
  hist[1] = 430
  hist[2] = 69
  hist[3] = 15
  hist[4] = 9
  hist[5] = 2
  hist[9] = 57
  hist[10] = 123
  hist[11] = 32
  hist[14] = 33
  hist[15] = 58
  hist[16] = 14
  hist[17] = 1
by_callsite (caller PC; symbolize with addr2line):
   0 caller=0x7cb3f512e0c2 calls=3730 total_ms=5253.564 avg_us=1408.462 max_us=140454
   1 caller=0x7cb3f513286c calls=2893 total_ms=1.299 avg_us=0.449 max_us=21
   2 caller=0x7cb3f513277c calls=1072 total_ms=1.006 avg_us=0.938 max_us=20
   3 caller=0x7cb3f5131732 calls=214 total_ms=0.472 avg_us=2.206 max_us=9
   4 caller=0x7cb3f513299d calls=1072 total_ms=0.457 avg_us=0.426 max_us=20
direct_cudaStreamSynchronize: calls=4100 total_ms=22.268 max_us=2480
by_direct_callsite (file:line):
   0 /opt/llama.cpp/ggml/src/ggml-cuda/ggml-cuda.cu:839 calls=3747 total_ms=16.143 avg_us=4.308 max_us=354
   1 /opt/llama.cpp/ggml/src/ggml-cuda/ggml-cuda.cu:900 calls=12 total_ms=5.793 avg_us=482.750 max_us=2480
   2 /opt/llama.cpp/ggml/src/ggml-cuda/ggml-cuda.cu:2665 calls=191 total_ms=0.214 avg_us=1.120 max_us=5
   3 /opt/llama.cpp/ggml/src/ggml-cuda/ggml-cuda.cu:847 calls=150 total_ms=0.118 avg_us=0.787 max_us=2
=== END CUDA SYNC PROFILE ===
backend-sync-trace: count=9000 backend=CUDA0 caller=ggml_backend_sched_synchronize+0x52

=== CUDA SYNC PROFILE (instrumentation only) ===
total_syncs = 9000
total_wait_ms = 5292.926
max_wait_us = 140454
sites = 5
wait_hist_us = logarithmic buckets
  hist[0] = 8155
  hist[1] = 431
  hist[2] = 69
  hist[3] = 15
  hist[4] = 9
  hist[5] = 2
  hist[9] = 57
  hist[10] = 123
  hist[11] = 32
  hist[14] = 33
  hist[15] = 59
  hist[16] = 14
  hist[17] = 1
by_callsite (caller PC; symbolize with addr2line):
   0 caller=0x7cb3f512e0c2 calls=3734 total_ms=5289.685 avg_us=1416.627 max_us=140454
   1 caller=0x7cb3f513286c calls=2903 total_ms=1.302 avg_us=0.449 max_us=21
   2 caller=0x7cb3f513277c calls=1074 total_ms=1.007 avg_us=0.938 max_us=20
   3 caller=0x7cb3f5131732 calls=215 total_ms=0.473 avg_us=2.200 max_us=9
   4 caller=0x7cb3f513299d calls=1074 total_ms=0.459 avg_us=0.427 max_us=20
direct_cudaStreamSynchronize: calls=4111 total_ms=22.308 max_us=2480
by_direct_callsite (file:line):
   0 /opt/llama.cpp/ggml/src/ggml-cuda/ggml-cuda.cu:839 calls=3758 total_ms=16.183 avg_us=4.306 max_us=354
   1 /opt/llama.cpp/ggml/src/ggml-cuda/ggml-cuda.cu:900 calls=12 total_ms=5.793 avg_us=482.750 max_us=2480
   2 /opt/llama.cpp/ggml/src/ggml-cuda/ggml-cuda.cu:2665 calls=191 total_ms=0.214 avg_us=1.120 max_us=5
   3 /opt/llama.cpp/ggml/src/ggml-cuda/ggml-cuda.cu:847 calls=150 total_ms=0.118 avg_us=0.787 max_us=2
=== END CUDA SYNC PROFILE ===
backend-sync-trace: count=9100 backend=CUDA0 caller=ggml_backend_sched_synchronize+0x52

=== CUDA SYNC PROFILE (instrumentation only) ===
total_syncs = 9100
total_wait_ms = 5326.121
max_wait_us = 140454
sites = 5
wait_hist_us = logarithmic buckets
  hist[0] = 8247
  hist[1] = 434
  hist[2] = 70
  hist[3] = 15
  hist[4] = 9
  hist[5] = 2
  hist[9] = 57
  hist[10] = 126
  hist[11] = 32
  hist[14] = 34
  hist[15] = 59
  hist[16] = 14
  hist[17] = 1
by_callsite (caller PC; symbolize with addr2line):
   0 caller=0x7cb3f512e0c2 calls=3776 total_ms=5322.853 avg_us=1409.654 max_us=140454
   1 caller=0x7cb3f513286c calls=2934 total_ms=1.311 avg_us=0.447 max_us=21
   2 caller=0x7cb3f513277c calls=1086 total_ms=1.017 avg_us=0.936 max_us=20
   3 caller=0x7cb3f5131732 calls=218 total_ms=0.477 avg_us=2.188 max_us=9
   4 caller=0x7cb3f513299d calls=1086 total_ms=0.463 avg_us=0.426 max_us=20
direct_cudaStreamSynchronize: calls=4152 total_ms=22.469 max_us=2480
by_direct_callsite (file:line):
   0 /opt/llama.cpp/ggml/src/ggml-cuda/ggml-cuda.cu:839 calls=3799 total_ms=16.344 avg_us=4.302 max_us=354
   1 /opt/llama.cpp/ggml/src/ggml-cuda/ggml-cuda.cu:900 calls=12 total_ms=5.793 avg_us=482.750 max_us=2480
   2 /opt/llama.cpp/ggml/src/ggml-cuda/ggml-cuda.cu:2665 calls=191 total_ms=0.214 avg_us=1.120 max_us=5
   3 /opt/llama.cpp/ggml/src/ggml-cuda/ggml-cuda.cu:847 calls=150 total_ms=0.118 avg_us=0.787 max_us=2
=== END CUDA SYNC PROFILE ===
backend-sync-trace: count=9200 backend=CUDA0 caller=ggml_backend_sched_graph_compute_async_ext+0xffd

=== CUDA SYNC PROFILE (instrumentation only) ===
total_syncs = 9200
total_wait_ms = 5355.269
max_wait_us = 140454
sites = 5
wait_hist_us = logarithmic buckets
  hist[0] = 8338
  hist[1] = 439
  hist[2] = 70
  hist[3] = 15
  hist[4] = 9
  hist[5] = 2
  hist[9] = 58
  hist[10] = 128
  hist[11] = 32
  hist[14] = 35
  hist[15] = 59
  hist[16] = 14
  hist[17] = 1
by_callsite (caller PC; symbolize with addr2line):
   0 caller=0x7cb3f512e0c2 calls=3817 total_ms=5351.974 avg_us=1402.141 max_us=140454
   1 caller=0x7cb3f513286c calls=2965 total_ms=1.321 avg_us=0.446 max_us=21
   2 caller=0x7cb3f513277c calls=1099 total_ms=1.029 avg_us=0.936 max_us=20
   3 caller=0x7cb3f5131732 calls=220 total_ms=0.481 avg_us=2.186 max_us=9
   4 caller=0x7cb3f513299d calls=1099 total_ms=0.464 avg_us=0.422 max_us=20
direct_cudaStreamSynchronize: calls=4193 total_ms=22.629 max_us=2480
by_direct_callsite (file:line):
   0 /opt/llama.cpp/ggml/src/ggml-cuda/ggml-cuda.cu:839 calls=3840 total_ms=16.504 avg_us=4.298 max_us=354
   1 /opt/llama.cpp/ggml/src/ggml-cuda/ggml-cuda.cu:900 calls=12 total_ms=5.793 avg_us=482.750 max_us=2480
   2 /opt/llama.cpp/ggml/src/ggml-cuda/ggml-cuda.cu:2665 calls=191 total_ms=0.214 avg_us=1.120 max_us=5
   3 /opt/llama.cpp/ggml/src/ggml-cuda/ggml-cuda.cu:847 calls=150 total_ms=0.118 avg_us=0.787 max_us=2
=== END CUDA SYNC PROFILE ===

=== CUDA SYNC PROFILE (instrumentation only) ===
total_syncs = 9210
total_wait_ms = 5355.272
max_wait_us = 140454
sites = 5
wait_hist_us = logarithmic buckets
  hist[0] = 8348
  hist[1] = 439
  hist[2] = 70
  hist[3] = 15
  hist[4] = 9
  hist[5] = 2
  hist[9] = 58
  hist[10] = 128
  hist[11] = 32
  hist[14] = 35
  hist[15] = 59
  hist[16] = 14
  hist[17] = 1
by_callsite (caller PC; symbolize with addr2line):
   0 caller=0x7cb3f512e0c2 calls=3817 total_ms=5351.974 avg_us=1402.141 max_us=140454
   1 caller=0x7cb3f513286c calls=2969 total_ms=1.322 avg_us=0.445 max_us=21
   2 caller=0x7cb3f513277c calls=1102 total_ms=1.031 avg_us=0.936 max_us=20
   3 caller=0x7cb3f5131732 calls=220 total_ms=0.481 avg_us=2.186 max_us=9
   4 caller=0x7cb3f513299d calls=1102 total_ms=0.464 avg_us=0.421 max_us=20
direct_cudaStreamSynchronize: calls=4200 total_ms=22.674 max_us=2480
by_direct_callsite (file:line):
   0 /opt/llama.cpp/ggml/src/ggml-cuda/ggml-cuda.cu:839 calls=3847 total_ms=16.549 avg_us=4.302 max_us=354
   1 /opt/llama.cpp/ggml/src/ggml-cuda/ggml-cuda.cu:900 calls=12 total_ms=5.793 avg_us=482.750 max_us=2480
   2 /opt/llama.cpp/ggml/src/ggml-cuda/ggml-cuda.cu:2665 calls=191 total_ms=0.214 avg_us=1.120 max_us=5
   3 /opt/llama.cpp/ggml/src/ggml-cuda/ggml-cuda.cu:847 calls=150 total_ms=0.118 avg_us=0.787 max_us=2
=== END CUDA SYNC PROFILE ===
backend-sync-trace: count=9300 backend=CUDA0 caller=ggml_backend_sched_graph_compute_async_ext+0xffd

=== CUDA SYNC PROFILE (instrumentation only) ===
total_syncs = 9300
total_wait_ms = 5420.336
max_wait_us = 140454
sites = 5
wait_hist_us = logarithmic buckets
  hist[0] = 8429
  hist[1] = 443
  hist[2] = 71
  hist[3] = 15
  hist[4] = 9
  hist[5] = 2
  hist[9] = 59
  hist[10] = 129
  hist[11] = 32
  hist[14] = 37
  hist[15] = 59
  hist[16] = 14
  hist[17] = 1
by_callsite (caller PC; symbolize with addr2line):
   0 caller=0x7cb3f512e0c2 calls=3844 total_ms=5417.004 avg_us=1409.210 max_us=140454
   1 caller=0x7cb3f513286c calls=3007 total_ms=1.334 avg_us=0.444 max_us=21
   2 caller=0x7cb3f513277c calls=1113 total_ms=1.044 avg_us=0.938 max_us=20
   3 caller=0x7cb3f5131732 calls=223 total_ms=0.486 avg_us=2.179 max_us=9
   4 caller=0x7cb3f513299d calls=1113 total_ms=0.468 avg_us=0.420 max_us=20
direct_cudaStreamSynchronize: calls=4246 total_ms=22.862 max_us=2480
by_direct_callsite (file:line):
   0 /opt/llama.cpp/ggml/src/ggml-cuda/ggml-cuda.cu:839 calls=3893 total_ms=16.737 avg_us=4.299 max_us=354
   1 /opt/llama.cpp/ggml/src/ggml-cuda/ggml-cuda.cu:900 calls=12 total_ms=5.793 avg_us=482.750 max_us=2480
   2 /opt/llama.cpp/ggml/src/ggml-cuda/ggml-cuda.cu:2665 calls=191 total_ms=0.214 avg_us=1.120 max_us=5
   3 /opt/llama.cpp/ggml/src/ggml-cuda/ggml-cuda.cu:847 calls=150 total_ms=0.118 avg_us=0.787 max_us=2
=== END CUDA SYNC PROFILE ===
backend-sync-trace: count=9400 backend=CUDA0 caller=ggml_backend_sched_synchronize+0x52

=== CUDA SYNC PROFILE (instrumentation only) ===
total_syncs = 9400
total_wait_ms = 5451.634
max_wait_us = 140454
sites = 5
wait_hist_us = logarithmic buckets
  hist[0] = 8523
  hist[1] = 446
  hist[2] = 71
  hist[3] = 15
  hist[4] = 9
  hist[5] = 2
  hist[9] = 60
  hist[10] = 130
  hist[11] = 32
  hist[14] = 38
  hist[15] = 59
  hist[16] = 14
  hist[17] = 1
by_callsite (caller PC; symbolize with addr2line):
   0 caller=0x7cb3f512e0c2 calls=3889 total_ms=5448.285 avg_us=1400.948 max_us=140454
   1 caller=0x7cb3f513286c calls=3038 total_ms=1.340 avg_us=0.441 max_us=21
   2 caller=0x7cb3f513277c calls=1124 total_ms=1.050 avg_us=0.934 max_us=20
   3 caller=0x7cb3f5131732 calls=225 total_ms=0.489 avg_us=2.173 max_us=9
   4 caller=0x7cb3f513299d calls=1124 total_ms=0.470 avg_us=0.418 max_us=20
direct_cudaStreamSynchronize: calls=4286 total_ms=23.069 max_us=2480
by_direct_callsite (file:line):
   0 /opt/llama.cpp/ggml/src/ggml-cuda/ggml-cuda.cu:839 calls=3933 total_ms=16.944 avg_us=4.308 max_us=354
   1 /opt/llama.cpp/ggml/src/ggml-cuda/ggml-cuda.cu:900 calls=12 total_ms=5.793 avg_us=482.750 max_us=2480
   2 /opt/llama.cpp/ggml/src/ggml-cuda/ggml-cuda.cu:2665 calls=191 total_ms=0.214 avg_us=1.120 max_us=5
   3 /opt/llama.cpp/ggml/src/ggml-cuda/ggml-cuda.cu:847 calls=150 total_ms=0.118 avg_us=0.787 max_us=2
=== END CUDA SYNC PROFILE ===

=== CUDA SYNC PROFILE (instrumentation only) ===
total_syncs = 9436
total_wait_ms = 5455.452
max_wait_us = 140454
sites = 5
wait_hist_us = logarithmic buckets
  hist[0] = 8556
  hist[1] = 447
  hist[2] = 71
  hist[3] = 15
  hist[4] = 9
  hist[5] = 2
  hist[9] = 60
  hist[10] = 131
  hist[11] = 33
  hist[14] = 38
  hist[15] = 59
  hist[16] = 14
  hist[17] = 1
by_callsite (caller PC; symbolize with addr2line):
   0 caller=0x7cb3f512e0c2 calls=3904 total_ms=5452.093 avg_us=1396.540 max_us=140454
   1 caller=0x7cb3f513286c calls=3046 total_ms=1.343 avg_us=0.441 max_us=21
   2 caller=0x7cb3f513277c calls=1130 total_ms=1.055 avg_us=0.934 max_us=20
   3 caller=0x7cb3f5131732 calls=226 total_ms=0.490 avg_us=2.168 max_us=9
   4 caller=0x7cb3f513299d calls=1130 total_ms=0.471 avg_us=0.417 max_us=20
direct_cudaStreamSynchronize: calls=4300 total_ms=23.115 max_us=2480
by_direct_callsite (file:line):
   0 /opt/llama.cpp/ggml/src/ggml-cuda/ggml-cuda.cu:839 calls=3947 total_ms=16.990 avg_us=4.305 max_us=354
   1 /opt/llama.cpp/ggml/src/ggml-cuda/ggml-cuda.cu:900 calls=12 total_ms=5.793 avg_us=482.750 max_us=2480
   2 /opt/llama.cpp/ggml/src/ggml-cuda/ggml-cuda.cu:2665 calls=191 total_ms=0.214 avg_us=1.120 max_us=5
   3 /opt/llama.cpp/ggml/src/ggml-cuda/ggml-cuda.cu:847 calls=150 total_ms=0.118 avg_us=0.787 max_us=2
=== END CUDA SYNC PROFILE ===
backend-sync-trace: count=9500 backend=CUDA0 caller=ggml_backend_sched_synchronize+0x52

=== CUDA SYNC PROFILE (instrumentation only) ===
total_syncs = 9500
total_wait_ms = 5486.552
max_wait_us = 140454
sites = 5
wait_hist_us = logarithmic buckets
  hist[0] = 8615
  hist[1] = 449
  hist[2] = 71
  hist[3] = 15
  hist[4] = 9
  hist[5] = 2
  hist[9] = 60
  hist[10] = 133
  hist[11] = 33
  hist[14] = 39
  hist[15] = 59
  hist[16] = 14
  hist[17] = 1
by_callsite (caller PC; symbolize with addr2line):
   0 caller=0x7cb3f512e0c2 calls=3923 total_ms=5483.171 avg_us=1397.698 max_us=140454
   1 caller=0x7cb3f513286c calls=3073 total_ms=1.355 avg_us=0.441 max_us=21
   2 caller=0x7cb3f513277c calls=1138 total_ms=1.059 avg_us=0.931 max_us=20
   3 caller=0x7cb3f5131732 calls=228 total_ms=0.493 avg_us=2.162 max_us=9
   4 caller=0x7cb3f513299d calls=1138 total_ms=0.474 avg_us=0.417 max_us=20
direct_cudaStreamSynchronize: calls=4333 total_ms=23.244 max_us=2480
by_direct_callsite (file:line):
   0 /opt/llama.cpp/ggml/src/ggml-cuda/ggml-cuda.cu:839 calls=3980 total_ms=17.119 avg_us=4.301 max_us=354
   1 /opt/llama.cpp/ggml/src/ggml-cuda/ggml-cuda.cu:900 calls=12 total_ms=5.793 avg_us=482.750 max_us=2480
   2 /opt/llama.cpp/ggml/src/ggml-cuda/ggml-cuda.cu:2665 calls=191 total_ms=0.214 avg_us=1.120 max_us=5
   3 /opt/llama.cpp/ggml/src/ggml-cuda/ggml-cuda.cu:847 calls=150 total_ms=0.118 avg_us=0.787 max_us=2
=== END CUDA SYNC PROFILE ===
backend-sync-trace: count=9600 backend=CUDA0 caller=ggml_backend_sched_graph_compute_async_ext+0xffd

=== CUDA SYNC PROFILE (instrumentation only) ===
total_syncs = 9600
total_wait_ms = 5523.332
max_wait_us = 140454
sites = 5
wait_hist_us = logarithmic buckets
  hist[0] = 8708
  hist[1] = 453
  hist[2] = 71
  hist[3] = 15
  hist[4] = 9
  hist[5] = 2
  hist[9] = 60
  hist[10] = 134
  hist[11] = 34
  hist[14] = 40
  hist[15] = 59
  hist[16] = 14
  hist[17] = 1
by_callsite (caller PC; symbolize with addr2line):
   0 caller=0x7cb3f512e0c2 calls=3966 total_ms=5519.921 avg_us=1391.811 max_us=140454
   1 caller=0x7cb3f513286c calls=3100 total_ms=1.363 avg_us=0.440 max_us=21
   2 caller=0x7cb3f513277c calls=1152 total_ms=1.069 avg_us=0.928 max_us=20
   3 caller=0x7cb3f5131732 calls=230 total_ms=0.496 avg_us=2.157 max_us=9
   4 caller=0x7cb3f513299d calls=1152 total_ms=0.483 avg_us=0.419 max_us=20
direct_cudaStreamSynchronize: calls=4370 total_ms=23.391 max_us=2480
by_direct_callsite (file:line):
   0 /opt/llama.cpp/ggml/src/ggml-cuda/ggml-cuda.cu:839 calls=4017 total_ms=17.266 avg_us=4.298 max_us=354
   1 /opt/llama.cpp/ggml/src/ggml-cuda/ggml-cuda.cu:900 calls=12 total_ms=5.793 avg_us=482.750 max_us=2480
   2 /opt/llama.cpp/ggml/src/ggml-cuda/ggml-cuda.cu:2665 calls=191 total_ms=0.214 avg_us=1.120 max_us=5
   3 /opt/llama.cpp/ggml/src/ggml-cuda/ggml-cuda.cu:847 calls=150 total_ms=0.118 avg_us=0.787 max_us=2
=== END CUDA SYNC PROFILE ===
1.12.049.524 I slot print_timing: id  0 | task 0 | n_gen =    271, tg =  44.08 t/s, tg_3s =  51.86 t/s

=== CUDA SYNC PROFILE (instrumentation only) ===
total_syncs = 9656
total_wait_ms = 5609.281
max_wait_us = 140454
sites = 5
wait_hist_us = logarithmic buckets
  hist[0] = 8759
  hist[1] = 456
  hist[2] = 71
  hist[3] = 15
  hist[4] = 9
  hist[5] = 2
  hist[9] = 60
  hist[10] = 134
  hist[11] = 35
  hist[14] = 40
  hist[15] = 59
  hist[16] = 15
  hist[17] = 1
by_callsite (caller PC; symbolize with addr2line):
   0 caller=0x7cb3f512e0c2 calls=3984 total_ms=5605.850 avg_us=1407.091 max_us=140454
   1 caller=0x7cb3f513286c calls=3124 total_ms=1.371 avg_us=0.439 max_us=21
   2 caller=0x7cb3f513277c calls=1158 total_ms=1.073 avg_us=0.927 max_us=20
   3 caller=0x7cb3f5131732 calls=232 total_ms=0.500 avg_us=2.155 max_us=9
   4 caller=0x7cb3f513299d calls=1158 total_ms=0.487 avg_us=0.421 max_us=20
direct_cudaStreamSynchronize: calls=4400 total_ms=23.514 max_us=2480
by_direct_callsite (file:line):
   0 /opt/llama.cpp/ggml/src/ggml-cuda/ggml-cuda.cu:839 calls=4047 total_ms=17.389 avg_us=4.297 max_us=354
   1 /opt/llama.cpp/ggml/src/ggml-cuda/ggml-cuda.cu:900 calls=12 total_ms=5.793 avg_us=482.750 max_us=2480
   2 /opt/llama.cpp/ggml/src/ggml-cuda/ggml-cuda.cu:2665 calls=191 total_ms=0.214 avg_us=1.120 max_us=5
   3 /opt/llama.cpp/ggml/src/ggml-cuda/ggml-cuda.cu:847 calls=150 total_ms=0.118 avg_us=0.787 max_us=2
=== END CUDA SYNC PROFILE ===
backend-sync-trace: count=9700 backend=CUDA0 caller=ggml_backend_sched_graph_compute_async_ext+0xecc

=== CUDA SYNC PROFILE (instrumentation only) ===
total_syncs = 9700
total_wait_ms = 5659.929
max_wait_us = 140454
sites = 5
wait_hist_us = logarithmic buckets
  hist[0] = 8799
  hist[1] = 458
  hist[2] = 71
  hist[3] = 15
  hist[4] = 9
  hist[5] = 2
  hist[9] = 60
  hist[10] = 135
  hist[11] = 35
  hist[14] = 40
  hist[15] = 60
  hist[16] = 15
  hist[17] = 1
by_callsite (caller PC; symbolize with addr2line):
   0 caller=0x7cb3f512e0c2 calls=3993 total_ms=5656.481 avg_us=1416.599 max_us=140454
   1 caller=0x7cb3f513286c calls=3146 total_ms=1.379 avg_us=0.438 max_us=21
   2 caller=0x7cb3f513277c calls=1164 total_ms=1.079 avg_us=0.927 max_us=20
   3 caller=0x7cb3f5131732 calls=233 total_ms=0.501 avg_us=2.150 max_us=9
   4 caller=0x7cb3f513299d calls=1164 total_ms=0.489 avg_us=0.420 max_us=20
direct_cudaStreamSynchronize: calls=4426 total_ms=23.622 max_us=2480
by_direct_callsite (file:line):
   0 /opt/llama.cpp/ggml/src/ggml-cuda/ggml-cuda.cu:839 calls=4073 total_ms=17.497 avg_us=4.296 max_us=354
   1 /opt/llama.cpp/ggml/src/ggml-cuda/ggml-cuda.cu:900 calls=12 total_ms=5.793 avg_us=482.750 max_us=2480
   2 /opt/llama.cpp/ggml/src/ggml-cuda/ggml-cuda.cu:2665 calls=191 total_ms=0.214 avg_us=1.120 max_us=5
   3 /opt/llama.cpp/ggml/src/ggml-cuda/ggml-cuda.cu:847 calls=150 total_ms=0.118 avg_us=0.787 max_us=2
=== END CUDA SYNC PROFILE ===
backend-sync-trace: count=9800 backend=CUDA0 caller=ggml_backend_sched_graph_compute_async_ext+0xffd

=== CUDA SYNC PROFILE (instrumentation only) ===
total_syncs = 9800
total_wait_ms = 5734.643
max_wait_us = 140454
sites = 5
wait_hist_us = logarithmic buckets
  hist[0] = 8891
  hist[1] = 462
  hist[2] = 72
  hist[3] = 15
  hist[4] = 9
  hist[5] = 2
  hist[9] = 60
  hist[10] = 135
  hist[11] = 37
  hist[14] = 40
  hist[15] = 60
  hist[16] = 16
  hist[17] = 1
by_callsite (caller PC; symbolize with addr2line):
   0 caller=0x7cb3f512e0c2 calls=4039 total_ms=5731.166 avg_us=1418.957 max_us=140454
   1 caller=0x7cb3f513286c calls=3173 total_ms=1.386 avg_us=0.437 max_us=21
   2 caller=0x7cb3f513277c calls=1176 total_ms=1.087 avg_us=0.924 max_us=20
   3 caller=0x7cb3f5131732 calls=236 total_ms=0.508 avg_us=2.153 max_us=9
   4 caller=0x7cb3f513299d calls=1176 total_ms=0.496 avg_us=0.422 max_us=20
direct_cudaStreamSynchronize: calls=4462 total_ms=23.766 max_us=2480
by_direct_callsite (file:line):
   0 /opt/llama.cpp/ggml/src/ggml-cuda/ggml-cuda.cu:839 calls=4109 total_ms=17.641 avg_us=4.293 max_us=354
   1 /opt/llama.cpp/ggml/src/ggml-cuda/ggml-cuda.cu:900 calls=12 total_ms=5.793 avg_us=482.750 max_us=2480
   2 /opt/llama.cpp/ggml/src/ggml-cuda/ggml-cuda.cu:2665 calls=191 total_ms=0.214 avg_us=1.120 max_us=5
   3 /opt/llama.cpp/ggml/src/ggml-cuda/ggml-cuda.cu:847 calls=150 total_ms=0.118 avg_us=0.787 max_us=2
=== END CUDA SYNC PROFILE ===

=== CUDA SYNC PROFILE (instrumentation only) ===
total_syncs = 9882
total_wait_ms = 5764.651
max_wait_us = 140454
sites = 5
wait_hist_us = logarithmic buckets
  hist[0] = 8966
  hist[1] = 465
  hist[2] = 73
  hist[3] = 15
  hist[4] = 9
  hist[5] = 2
  hist[9] = 60
  hist[10] = 137
  hist[11] = 37
  hist[14] = 41
  hist[15] = 60
  hist[16] = 16
  hist[17] = 1
by_callsite (caller PC; symbolize with addr2line):
   0 caller=0x7cb3f512e0c2 calls=4070 total_ms=5761.149 avg_us=1415.516 max_us=140454
   1 caller=0x7cb3f513286c calls=3202 total_ms=1.394 avg_us=0.435 max_us=21
   2 caller=0x7cb3f513277c calls=1186 total_ms=1.093 avg_us=0.922 max_us=20
   3 caller=0x7cb3f5131732 calls=238 total_ms=0.514 avg_us=2.160 max_us=9
   4 caller=0x7cb3f513299d calls=1186 total_ms=0.501 avg_us=0.422 max_us=20
direct_cudaStreamSynchronize: calls=4500 total_ms=23.967 max_us=2480
by_direct_callsite (file:line):
   0 /opt/llama.cpp/ggml/src/ggml-cuda/ggml-cuda.cu:839 calls=4147 total_ms=17.842 avg_us=4.302 max_us=354
   1 /opt/llama.cpp/ggml/src/ggml-cuda/ggml-cuda.cu:900 calls=12 total_ms=5.793 avg_us=482.750 max_us=2480
   2 /opt/llama.cpp/ggml/src/ggml-cuda/ggml-cuda.cu:2665 calls=191 total_ms=0.214 avg_us=1.120 max_us=5
   3 /opt/llama.cpp/ggml/src/ggml-cuda/ggml-cuda.cu:847 calls=150 total_ms=0.118 avg_us=0.787 max_us=2
=== END CUDA SYNC PROFILE ===
backend-sync-trace: count=9900 backend=CUDA0 caller=ggml_backend_sched_synchronize+0x52

=== CUDA SYNC PROFILE (instrumentation only) ===
total_syncs = 9900
total_wait_ms = 5767.637
max_wait_us = 140454
sites = 5
wait_hist_us = logarithmic buckets
  hist[0] = 8982
  hist[1] = 465
  hist[2] = 73
  hist[3] = 15
  hist[4] = 9
  hist[5] = 2
  hist[9] = 60
  hist[10] = 139
  hist[11] = 37
  hist[14] = 41
  hist[15] = 60
  hist[16] = 16
  hist[17] = 1
by_callsite (caller PC; symbolize with addr2line):
   0 caller=0x7cb3f512e0c2 calls=4078 total_ms=5764.130 avg_us=1413.470 max_us=140454
   1 caller=0x7cb3f513286c calls=3208 total_ms=1.396 avg_us=0.435 max_us=21
   2 caller=0x7cb3f513277c calls=1188 total_ms=1.095 avg_us=0.922 max_us=20
   3 caller=0x7cb3f5131732 calls=238 total_ms=0.514 avg_us=2.160 max_us=9
   4 caller=0x7cb3f513299d calls=1188 total_ms=0.502 avg_us=0.423 max_us=20
direct_cudaStreamSynchronize: calls=4508 total_ms=23.991 max_us=2480
by_direct_callsite (file:line):
   0 /opt/llama.cpp/ggml/src/ggml-cuda/ggml-cuda.cu:839 calls=4155 total_ms=17.866 avg_us=4.300 max_us=354
   1 /opt/llama.cpp/ggml/src/ggml-cuda/ggml-cuda.cu:900 calls=12 total_ms=5.793 avg_us=482.750 max_us=2480
   2 /opt/llama.cpp/ggml/src/ggml-cuda/ggml-cuda.cu:2665 calls=191 total_ms=0.214 avg_us=1.120 max_us=5
   3 /opt/llama.cpp/ggml/src/ggml-cuda/ggml-cuda.cu:847 calls=150 total_ms=0.118 avg_us=0.787 max_us=2
=== END CUDA SYNC PROFILE ===
backend-sync-trace: count=10000 backend=CUDA0 caller=ggml_backend_sched_graph_compute_async_ext+0xecc

=== CUDA SYNC PROFILE (instrumentation only) ===
total_syncs = 10000
total_wait_ms = 5804.643
max_wait_us = 140454
sites = 5
wait_hist_us = logarithmic buckets
  hist[0] = 9074
  hist[1] = 469
  hist[2] = 74
  hist[3] = 15
  hist[4] = 9
  hist[5] = 2
  hist[9] = 61
  hist[10] = 140
  hist[11] = 37
  hist[14] = 41
  hist[15] = 61
  hist[16] = 16
  hist[17] = 1
by_callsite (caller PC; symbolize with addr2line):
   0 caller=0x7cb3f512e0c2 calls=4115 total_ms=5801.100 avg_us=1409.745 max_us=140454
   1 caller=0x7cb3f513286c calls=3241 total_ms=1.409 avg_us=0.435 max_us=21
   2 caller=0x7cb3f513277c calls=1202 total_ms=1.108 avg_us=0.922 max_us=20
   3 caller=0x7cb3f5131732 calls=240 total_ms=0.518 avg_us=2.158 max_us=9
   4 caller=0x7cb3f513299d calls=1202 total_ms=0.508 avg_us=0.423 max_us=20
direct_cudaStreamSynchronize: calls=4551 total_ms=24.180 max_us=2480
by_direct_callsite (file:line):
   0 /opt/llama.cpp/ggml/src/ggml-cuda/ggml-cuda.cu:839 calls=4198 total_ms=18.055 avg_us=4.301 max_us=354
   1 /opt/llama.cpp/ggml/src/ggml-cuda/ggml-cuda.cu:900 calls=12 total_ms=5.793 avg_us=482.750 max_us=2480
   2 /opt/llama.cpp/ggml/src/ggml-cuda/ggml-cuda.cu:2665 calls=191 total_ms=0.214 avg_us=1.120 max_us=5
   3 /opt/llama.cpp/ggml/src/ggml-cuda/ggml-cuda.cu:847 calls=150 total_ms=0.118 avg_us=0.787 max_us=2
=== END CUDA SYNC PROFILE ===

=== CUDA SYNC PROFILE (instrumentation only) ===
total_syncs = 10092
total_wait_ms = 5878.054
max_wait_us = 140454
sites = 5
wait_hist_us = logarithmic buckets
  hist[0] = 9157
  hist[1] = 474
  hist[2] = 74
  hist[3] = 15
  hist[4] = 9
  hist[5] = 2
  hist[9] = 61
  hist[10] = 142
  hist[11] = 37
  hist[14] = 42
  hist[15] = 62
  hist[16] = 16
  hist[17] = 1
by_callsite (caller PC; symbolize with addr2line):
   0 caller=0x7cb3f512e0c2 calls=4142 total_ms=5874.475 avg_us=1418.270 max_us=140454
   1 caller=0x7cb3f513286c calls=3279 total_ms=1.424 avg_us=0.434 max_us=21
   2 caller=0x7cb3f513277c calls=1214 total_ms=1.117 avg_us=0.920 max_us=20
   3 caller=0x7cb3f5131732 calls=243 total_ms=0.524 avg_us=2.156 max_us=9
   4 caller=0x7cb3f513299d calls=1214 total_ms=0.514 avg_us=0.423 max_us=20
direct_cudaStreamSynchronize: calls=4600 total_ms=24.370 max_us=2480
by_direct_callsite (file:line):
   0 /opt/llama.cpp/ggml/src/ggml-cuda/ggml-cuda.cu:839 calls=4247 total_ms=18.245 avg_us=4.296 max_us=354
   1 /opt/llama.cpp/ggml/src/ggml-cuda/ggml-cuda.cu:900 calls=12 total_ms=5.793 avg_us=482.750 max_us=2480
   2 /opt/llama.cpp/ggml/src/ggml-cuda/ggml-cuda.cu:2665 calls=191 total_ms=0.214 avg_us=1.120 max_us=5
   3 /opt/llama.cpp/ggml/src/ggml-cuda/ggml-cuda.cu:847 calls=150 total_ms=0.118 avg_us=0.787 max_us=2
=== END CUDA SYNC PROFILE ===
backend-sync-trace: count=10100 backend=CUDA0 caller=ggml_backend_sched_synchronize+0x52

=== CUDA SYNC PROFILE (instrumentation only) ===
total_syncs = 10100
total_wait_ms = 5878.060
max_wait_us = 140454
sites = 5
wait_hist_us = logarithmic buckets
  hist[0] = 9165
  hist[1] = 474
  hist[2] = 74
  hist[3] = 15
  hist[4] = 9
  hist[5] = 2
  hist[9] = 61
  hist[10] = 142
  hist[11] = 37
  hist[14] = 42
  hist[15] = 62
  hist[16] = 16
  hist[17] = 1
by_callsite (caller PC; symbolize with addr2line):
   0 caller=0x7cb3f512e0c2 calls=4148 total_ms=5874.480 avg_us=1416.220 max_us=140454
   1 caller=0x7cb3f513286c calls=3281 total_ms=1.425 avg_us=0.434 max_us=21
   2 caller=0x7cb3f513277c calls=1214 total_ms=1.117 avg_us=0.920 max_us=20
   3 caller=0x7cb3f5131732 calls=243 total_ms=0.524 avg_us=2.156 max_us=9
   4 caller=0x7cb3f513299d calls=1214 total_ms=0.514 avg_us=0.423 max_us=20
direct_cudaStreamSynchronize: calls=4601 total_ms=24.373 max_us=2480
by_direct_callsite (file:line):
   0 /opt/llama.cpp/ggml/src/ggml-cuda/ggml-cuda.cu:839 calls=4248 total_ms=18.248 avg_us=4.296 max_us=354
   1 /opt/llama.cpp/ggml/src/ggml-cuda/ggml-cuda.cu:900 calls=12 total_ms=5.793 avg_us=482.750 max_us=2480
   2 /opt/llama.cpp/ggml/src/ggml-cuda/ggml-cuda.cu:2665 calls=191 total_ms=0.214 avg_us=1.120 max_us=5
   3 /opt/llama.cpp/ggml/src/ggml-cuda/ggml-cuda.cu:847 calls=150 total_ms=0.118 avg_us=0.787 max_us=2
=== END CUDA SYNC PROFILE ===
backend-sync-trace: count=10200 backend=CUDA0 caller=ggml_backend_sched_synchronize+0x52

=== CUDA SYNC PROFILE (instrumentation only) ===
total_syncs = 10200
total_wait_ms = 5941.886
max_wait_us = 140454
sites = 5
wait_hist_us = logarithmic buckets
  hist[0] = 9256
  hist[1] = 479
  hist[2] = 74
  hist[3] = 15
  hist[4] = 9
  hist[5] = 2
  hist[9] = 61
  hist[10] = 144
  hist[11] = 38
  hist[14] = 42
  hist[15] = 63
  hist[16] = 16
  hist[17] = 1
by_callsite (caller PC; symbolize with addr2line):
   0 caller=0x7cb3f512e0c2 calls=4190 total_ms=5938.276 avg_us=1417.250 max_us=140454
   1 caller=0x7cb3f513286c calls=3312 total_ms=1.435 avg_us=0.433 max_us=21
   2 caller=0x7cb3f513277c calls=1226 total_ms=1.123 avg_us=0.916 max_us=20
   3 caller=0x7cb3f5131732 calls=246 total_ms=0.530 avg_us=2.154 max_us=9
   4 caller=0x7cb3f513299d calls=1226 total_ms=0.522 avg_us=0.426 max_us=20
direct_cudaStreamSynchronize: calls=4642 total_ms=24.533 max_us=2480
by_direct_callsite (file:line):
   0 /opt/llama.cpp/ggml/src/ggml-cuda/ggml-cuda.cu:839 calls=4289 total_ms=18.408 avg_us=4.292 max_us=354
   1 /opt/llama.cpp/ggml/src/ggml-cuda/ggml-cuda.cu:900 calls=12 total_ms=5.793 avg_us=482.750 max_us=2480
   2 /opt/llama.cpp/ggml/src/ggml-cuda/ggml-cuda.cu:2665 calls=191 total_ms=0.214 avg_us=1.120 max_us=5
   3 /opt/llama.cpp/ggml/src/ggml-cuda/ggml-cuda.cu:847 calls=150 total_ms=0.118 avg_us=0.787 max_us=2
=== END CUDA SYNC PROFILE ===
backend-sync-trace: count=10300 backend=CUDA0 caller=ggml_backend_sched_synchronize+0x52

=== CUDA SYNC PROFILE (instrumentation only) ===
total_syncs = 10300
total_wait_ms = 5983.619
max_wait_us = 140454
sites = 5
wait_hist_us = logarithmic buckets
  hist[0] = 9349
  hist[1] = 482
  hist[2] = 74
  hist[3] = 15
  hist[4] = 9
  hist[5] = 2
  hist[9] = 62
  hist[10] = 146
  hist[11] = 38
  hist[14] = 42
  hist[15] = 64
  hist[16] = 16
  hist[17] = 1
by_callsite (caller PC; symbolize with addr2line):
   0 caller=0x7cb3f512e0c2 calls=4233 total_ms=5979.981 avg_us=1412.705 max_us=140454
   1 caller=0x7cb3f513286c calls=3343 total_ms=1.445 avg_us=0.432 max_us=21
   2 caller=0x7cb3f513277c calls=1238 total_ms=1.133 avg_us=0.915 max_us=20
   3 caller=0x7cb3f5131732 calls=248 total_ms=0.534 avg_us=2.153 max_us=9
   4 caller=0x7cb3f513299d calls=1238 total_ms=0.526 avg_us=0.425 max_us=20
direct_cudaStreamSynchronize: calls=4683 total_ms=24.697 max_us=2480
by_direct_callsite (file:line):
   0 /opt/llama.cpp/ggml/src/ggml-cuda/ggml-cuda.cu:839 calls=4330 total_ms=18.572 avg_us=4.289 max_us=354
   1 /opt/llama.cpp/ggml/src/ggml-cuda/ggml-cuda.cu:900 calls=12 total_ms=5.793 avg_us=482.750 max_us=2480
   2 /opt/llama.cpp/ggml/src/ggml-cuda/ggml-cuda.cu:2665 calls=191 total_ms=0.214 avg_us=1.120 max_us=5
   3 /opt/llama.cpp/ggml/src/ggml-cuda/ggml-cuda.cu:847 calls=150 total_ms=0.118 avg_us=0.787 max_us=2
=== END CUDA SYNC PROFILE ===

=== CUDA SYNC PROFILE (instrumentation only) ===
total_syncs = 10328
total_wait_ms = 5983.631
max_wait_us = 140454
sites = 5
wait_hist_us = logarithmic buckets
  hist[0] = 9376
  hist[1] = 483
  hist[2] = 74
  hist[3] = 15
  hist[4] = 9
  hist[5] = 2
  hist[9] = 62
  hist[10] = 146
  hist[11] = 38
  hist[14] = 42
  hist[15] = 64
  hist[16] = 16
  hist[17] = 1
by_callsite (caller PC; symbolize with addr2line):
   0 caller=0x7cb3f512e0c2 calls=4239 total_ms=5979.985 avg_us=1410.707 max_us=140454
   1 caller=0x7cb3f513286c calls=3357 total_ms=1.449 avg_us=0.432 max_us=21
   2 caller=0x7cb3f513277c calls=1242 total_ms=1.136 avg_us=0.915 max_us=20
   3 caller=0x7cb3f5131732 calls=248 total_ms=0.534 avg_us=2.153 max_us=9
   4 caller=0x7cb3f513299d calls=1242 total_ms=0.527 avg_us=0.424 max_us=20
direct_cudaStreamSynchronize: calls=4700 total_ms=24.770 max_us=2480
by_direct_callsite (file:line):
   0 /opt/llama.cpp/ggml/src/ggml-cuda/ggml-cuda.cu:839 calls=4347 total_ms=18.645 avg_us=4.289 max_us=354
   1 /opt/llama.cpp/ggml/src/ggml-cuda/ggml-cuda.cu:900 calls=12 total_ms=5.793 avg_us=482.750 max_us=2480
   2 /opt/llama.cpp/ggml/src/ggml-cuda/ggml-cuda.cu:2665 calls=191 total_ms=0.214 avg_us=1.120 max_us=5
   3 /opt/llama.cpp/ggml/src/ggml-cuda/ggml-cuda.cu:847 calls=150 total_ms=0.118 avg_us=0.787 max_us=2
=== END CUDA SYNC PROFILE ===
backend-sync-trace: count=10400 backend=CUDA0 caller=ggml_backend_sched_graph_compute_async_ext+0xecc

=== CUDA SYNC PROFILE (instrumentation only) ===
total_syncs = 10400
total_wait_ms = 6014.539
max_wait_us = 140454
sites = 5
wait_hist_us = logarithmic buckets
  hist[0] = 9440
  hist[1] = 488
  hist[2] = 74
  hist[3] = 15
  hist[4] = 9
  hist[5] = 2
  hist[9] = 63
  hist[10] = 147
  hist[11] = 38
  hist[14] = 43
  hist[15] = 64
  hist[16] = 16
  hist[17] = 1
by_callsite (caller PC; symbolize with addr2line):
   0 caller=0x7cb3f512e0c2 calls=4264 total_ms=6010.868 avg_us=1409.678 max_us=140454
   1 caller=0x7cb3f513286c calls=3382 total_ms=1.457 avg_us=0.431 max_us=21
   2 caller=0x7cb3f513277c calls=1252 total_ms=1.145 avg_us=0.915 max_us=20
   3 caller=0x7cb3f5131732 calls=250 total_ms=0.537 avg_us=2.148 max_us=9
   4 caller=0x7cb3f513299d calls=1252 total_ms=0.532 avg_us=0.425 max_us=20
direct_cudaStreamSynchronize: calls=4732 total_ms=24.906 max_us=2480
by_direct_callsite (file:line):
   0 /opt/llama.cpp/ggml/src/ggml-cuda/ggml-cuda.cu:839 calls=4379 total_ms=18.781 avg_us=4.289 max_us=354
   1 /opt/llama.cpp/ggml/src/ggml-cuda/ggml-cuda.cu:900 calls=12 total_ms=5.793 avg_us=482.750 max_us=2480
   2 /opt/llama.cpp/ggml/src/ggml-cuda/ggml-cuda.cu:2665 calls=191 total_ms=0.214 avg_us=1.120 max_us=5
   3 /opt/llama.cpp/ggml/src/ggml-cuda/ggml-cuda.cu:847 calls=150 total_ms=0.118 avg_us=0.787 max_us=2
=== END CUDA SYNC PROFILE ===
backend-sync-trace: count=10500 backend=CUDA0 caller=ggml_backend_sched_synchronize+0x52

=== CUDA SYNC PROFILE (instrumentation only) ===
total_syncs = 10500
total_wait_ms = 6077.280
max_wait_us = 140454
sites = 5
wait_hist_us = logarithmic buckets
  hist[0] = 9533
  hist[1] = 491
  hist[2] = 74
  hist[3] = 15
  hist[4] = 9
  hist[5] = 2
  hist[9] = 64
  hist[10] = 148
  hist[11] = 38
  hist[14] = 45
  hist[15] = 64
  hist[16] = 16
  hist[17] = 1
by_callsite (caller PC; symbolize with addr2line):
   0 caller=0x7cb3f512e0c2 calls=4303 total_ms=6073.577 avg_us=1411.475 max_us=140454
   1 caller=0x7cb3f513286c calls=3416 total_ms=1.469 avg_us=0.430 max_us=21
   2 caller=0x7cb3f513277c calls=1264 total_ms=1.154 avg_us=0.913 max_us=20
   3 caller=0x7cb3f5131732 calls=253 total_ms=0.542 avg_us=2.142 max_us=9
   4 caller=0x7cb3f513299d calls=1264 total_ms=0.538 avg_us=0.426 max_us=20
direct_cudaStreamSynchronize: calls=4776 total_ms=25.087 max_us=2480
by_direct_callsite (file:line):
   0 /opt/llama.cpp/ggml/src/ggml-cuda/ggml-cuda.cu:839 calls=4423 total_ms=18.962 avg_us=4.287 max_us=354
   1 /opt/llama.cpp/ggml/src/ggml-cuda/ggml-cuda.cu:900 calls=12 total_ms=5.793 avg_us=482.750 max_us=2480
   2 /opt/llama.cpp/ggml/src/ggml-cuda/ggml-cuda.cu:2665 calls=191 total_ms=0.214 avg_us=1.120 max_us=5
   3 /opt/llama.cpp/ggml/src/ggml-cuda/ggml-cuda.cu:847 calls=150 total_ms=0.118 avg_us=0.787 max_us=2
=== END CUDA SYNC PROFILE ===

=== CUDA SYNC PROFILE (instrumentation only) ===
total_syncs = 10563
total_wait_ms = 6080.583
max_wait_us = 140454
sites = 5
wait_hist_us = logarithmic buckets
  hist[0] = 9592
  hist[1] = 493
  hist[2] = 74
  hist[3] = 15
  hist[4] = 9
  hist[5] = 2
  hist[9] = 64
  hist[10] = 150
  hist[11] = 38
  hist[14] = 45
  hist[15] = 64
  hist[16] = 16
  hist[17] = 1
by_callsite (caller PC; symbolize with addr2line):
   0 caller=0x7cb3f512e0c2 calls=4332 total_ms=6076.863 avg_us=1402.785 max_us=140454
   1 caller=0x7cb3f513286c calls=3433 total_ms=1.475 avg_us=0.430 max_us=21
   2 caller=0x7cb3f513277c calls=1272 total_ms=1.162 avg_us=0.914 max_us=20
   3 caller=0x7cb3f5131732 calls=254 total_ms=0.544 avg_us=2.142 max_us=9
   4 caller=0x7cb3f513299d calls=1272 total_ms=0.539 avg_us=0.424 max_us=20
direct_cudaStreamSynchronize: calls=4800 total_ms=25.185 max_us=2480
by_direct_callsite (file:line):
   0 /opt/llama.cpp/ggml/src/ggml-cuda/ggml-cuda.cu:839 calls=4447 total_ms=19.060 avg_us=4.286 max_us=354
   1 /opt/llama.cpp/ggml/src/ggml-cuda/ggml-cuda.cu:900 calls=12 total_ms=5.793 avg_us=482.750 max_us=2480
   2 /opt/llama.cpp/ggml/src/ggml-cuda/ggml-cuda.cu:2665 calls=191 total_ms=0.214 avg_us=1.120 max_us=5
   3 /opt/llama.cpp/ggml/src/ggml-cuda/ggml-cuda.cu:847 calls=150 total_ms=0.118 avg_us=0.787 max_us=2
=== END CUDA SYNC PROFILE ===
backend-sync-trace: count=10600 backend=CUDA0 caller=ggml_backend_sched_synchronize+0x52

=== CUDA SYNC PROFILE (instrumentation only) ===
total_syncs = 10600
total_wait_ms = 6129.584
max_wait_us = 140454
sites = 5
wait_hist_us = logarithmic buckets
  hist[0] = 9624
  hist[1] = 496
  hist[2] = 74
  hist[3] = 15
  hist[4] = 9
  hist[5] = 2
  hist[9] = 64
  hist[10] = 150
  hist[11] = 39
  hist[14] = 45
  hist[15] = 65
  hist[16] = 16
  hist[17] = 1
by_callsite (caller PC; symbolize with addr2line):
   0 caller=0x7cb3f512e0c2 calls=4345 total_ms=6125.850 avg_us=1409.862 max_us=140454
   1 caller=0x7cb3f513286c calls=3447 total_ms=1.481 avg_us=0.430 max_us=21
   2 caller=0x7cb3f513277c calls=1276 total_ms=1.165 avg_us=0.913 max_us=20
   3 caller=0x7cb3f5131732 calls=256 total_ms=0.548 avg_us=2.141 max_us=9
   4 caller=0x7cb3f513299d calls=1276 total_ms=0.540 avg_us=0.423 max_us=20
direct_cudaStreamSynchronize: calls=4817 total_ms=25.248 max_us=2480
by_direct_callsite (file:line):
   0 /opt/llama.cpp/ggml/src/ggml-cuda/ggml-cuda.cu:839 calls=4464 total_ms=19.123 avg_us=4.284 max_us=354
   1 /opt/llama.cpp/ggml/src/ggml-cuda/ggml-cuda.cu:900 calls=12 total_ms=5.793 avg_us=482.750 max_us=2480
   2 /opt/llama.cpp/ggml/src/ggml-cuda/ggml-cuda.cu:2665 calls=191 total_ms=0.214 avg_us=1.120 max_us=5
   3 /opt/llama.cpp/ggml/src/ggml-cuda/ggml-cuda.cu:847 calls=150 total_ms=0.118 avg_us=0.787 max_us=2
=== END CUDA SYNC PROFILE ===
backend-sync-trace: count=10700 backend=CUDA0 caller=ggml_backend_sched_synchronize+0x52

=== CUDA SYNC PROFILE (instrumentation only) ===
total_syncs = 10700
total_wait_ms = 6167.465
max_wait_us = 140454
sites = 5
wait_hist_us = logarithmic buckets
  hist[0] = 9716
  hist[1] = 500
  hist[2] = 74
  hist[3] = 15
  hist[4] = 9
  hist[5] = 2
  hist[9] = 66
  hist[10] = 151
  hist[11] = 39
  hist[14] = 45
  hist[15] = 66
  hist[16] = 16
  hist[17] = 1
by_callsite (caller PC; symbolize with addr2line):
   0 caller=0x7cb3f512e0c2 calls=4388 total_ms=6163.704 avg_us=1404.673 max_us=140454
   1 caller=0x7cb3f513286c calls=3478 total_ms=1.488 avg_us=0.428 max_us=21
   2 caller=0x7cb3f513277c calls=1288 total_ms=1.177 avg_us=0.914 max_us=20
   3 caller=0x7cb3f5131732 calls=258 total_ms=0.552 avg_us=2.140 max_us=9
   4 caller=0x7cb3f513299d calls=1288 total_ms=0.544 avg_us=0.422 max_us=20
direct_cudaStreamSynchronize: calls=4858 total_ms=25.408 max_us=2480
by_direct_callsite (file:line):
   0 /opt/llama.cpp/ggml/src/ggml-cuda/ggml-cuda.cu:839 calls=4505 total_ms=19.283 avg_us=4.280 max_us=354
   1 /opt/llama.cpp/ggml/src/ggml-cuda/ggml-cuda.cu:900 calls=12 total_ms=5.793 avg_us=482.750 max_us=2480
   2 /opt/llama.cpp/ggml/src/ggml-cuda/ggml-cuda.cu:2665 calls=191 total_ms=0.214 avg_us=1.120 max_us=5
   3 /opt/llama.cpp/ggml/src/ggml-cuda/ggml-cuda.cu:847 calls=150 total_ms=0.118 avg_us=0.787 max_us=2
=== END CUDA SYNC PROFILE ===
backend-sync-trace: count=10800 backend=CUDA0 caller=ggml_backend_sched_graph_compute_async_ext+0xffd

=== CUDA SYNC PROFILE (instrumentation only) ===
total_syncs = 10800
total_wait_ms = 6194.041
max_wait_us = 140454
sites = 5
wait_hist_us = logarithmic buckets
  hist[0] = 9808
  hist[1] = 505
  hist[2] = 74
  hist[3] = 15
  hist[4] = 9
  hist[5] = 2
  hist[9] = 67
  hist[10] = 152
  hist[11] = 39
  hist[14] = 46
  hist[15] = 66
  hist[16] = 16
  hist[17] = 1
by_callsite (caller PC; symbolize with addr2line):
   0 caller=0x7cb3f512e0c2 calls=4431 total_ms=6190.250 avg_us=1397.032 max_us=140454
   1 caller=0x7cb3f513286c calls=3505 total_ms=1.500 avg_us=0.428 max_us=21
   2 caller=0x7cb3f513277c calls=1302 total_ms=1.186 avg_us=0.911 max_us=20
   3 caller=0x7cb3f5131732 calls=260 total_ms=0.556 avg_us=2.138 max_us=9
   4 caller=0x7cb3f513299d calls=1302 total_ms=0.549 avg_us=0.422 max_us=20
direct_cudaStreamSynchronize: calls=4895 total_ms=25.551 max_us=2480
by_direct_callsite (file:line):
   0 /opt/llama.cpp/ggml/src/ggml-cuda/ggml-cuda.cu:839 calls=4542 total_ms=19.426 avg_us=4.277 max_us=354
   1 /opt/llama.cpp/ggml/src/ggml-cuda/ggml-cuda.cu:900 calls=12 total_ms=5.793 avg_us=482.750 max_us=2480
   2 /opt/llama.cpp/ggml/src/ggml-cuda/ggml-cuda.cu:2665 calls=191 total_ms=0.214 avg_us=1.120 max_us=5
   3 /opt/llama.cpp/ggml/src/ggml-cuda/ggml-cuda.cu:847 calls=150 total_ms=0.118 avg_us=0.787 max_us=2
=== END CUDA SYNC PROFILE ===

=== CUDA SYNC PROFILE (instrumentation only) ===
total_syncs = 10804
total_wait_ms = 6194.042
max_wait_us = 140454
sites = 5
wait_hist_us = logarithmic buckets
  hist[0] = 9812
  hist[1] = 505
  hist[2] = 74
  hist[3] = 15
  hist[4] = 9
  hist[5] = 2
  hist[9] = 67
  hist[10] = 152
  hist[11] = 39
  hist[14] = 46
  hist[15] = 66
  hist[16] = 16
  hist[17] = 1
by_callsite (caller PC; symbolize with addr2line):
   0 caller=0x7cb3f512e0c2 calls=4431 total_ms=6190.250 avg_us=1397.032 max_us=140454
   1 caller=0x7cb3f513286c calls=3509 total_ms=1.501 avg_us=0.428 max_us=21
   2 caller=0x7cb3f513277c calls=1302 total_ms=1.186 avg_us=0.911 max_us=20
   3 caller=0x7cb3f5131732 calls=260 total_ms=0.556 avg_us=2.138 max_us=9
   4 caller=0x7cb3f513299d calls=1302 total_ms=0.549 avg_us=0.422 max_us=20
direct_cudaStreamSynchronize: calls=4900 total_ms=25.589 max_us=2480
by_direct_callsite (file:line):
   0 /opt/llama.cpp/ggml/src/ggml-cuda/ggml-cuda.cu:839 calls=4547 total_ms=19.464 avg_us=4.281 max_us=354
   1 /opt/llama.cpp/ggml/src/ggml-cuda/ggml-cuda.cu:900 calls=12 total_ms=5.793 avg_us=482.750 max_us=2480
   2 /opt/llama.cpp/ggml/src/ggml-cuda/ggml-cuda.cu:2665 calls=191 total_ms=0.214 avg_us=1.120 max_us=5
   3 /opt/llama.cpp/ggml/src/ggml-cuda/ggml-cuda.cu:847 calls=150 total_ms=0.118 avg_us=0.787 max_us=2
=== END CUDA SYNC PROFILE ===
backend-sync-trace: count=10900 backend=CUDA0 caller=ggml_backend_sched_graph_compute_async_ext+0xecc

=== CUDA SYNC PROFILE (instrumentation only) ===
total_syncs = 10900
total_wait_ms = 6263.343
max_wait_us = 140454
sites = 5
wait_hist_us = logarithmic buckets
  hist[0] = 9899
  hist[1] = 510
  hist[2] = 74
  hist[3] = 15
  hist[4] = 9
  hist[5] = 2
  hist[9] = 67
  hist[10] = 153
  hist[11] = 40
  hist[14] = 47
  hist[15] = 67
  hist[16] = 16
  hist[17] = 1
by_callsite (caller PC; symbolize with addr2line):
   0 caller=0x7cb3f512e0c2 calls=4458 total_ms=6259.520 avg_us=1404.109 max_us=140454
   1 caller=0x7cb3f513286c calls=3551 total_ms=1.514 avg_us=0.426 max_us=21
   2 caller=0x7cb3f513277c calls=1314 total_ms=1.195 avg_us=0.909 max_us=20
   3 caller=0x7cb3f5131732 calls=263 total_ms=0.561 avg_us=2.133 max_us=9
   4 caller=0x7cb3f513299d calls=1314 total_ms=0.553 avg_us=0.421 max_us=20
direct_cudaStreamSynchronize: calls=4951 total_ms=25.786 max_us=2480
by_direct_callsite (file:line):
   0 /opt/llama.cpp/ggml/src/ggml-cuda/ggml-cuda.cu:839 calls=4598 total_ms=19.661 avg_us=4.276 max_us=354
   1 /opt/llama.cpp/ggml/src/ggml-cuda/ggml-cuda.cu:900 calls=12 total_ms=5.793 avg_us=482.750 max_us=2480
   2 /opt/llama.cpp/ggml/src/ggml-cuda/ggml-cuda.cu:2665 calls=191 total_ms=0.214 avg_us=1.120 max_us=5
   3 /opt/llama.cpp/ggml/src/ggml-cuda/ggml-cuda.cu:847 calls=150 total_ms=0.118 avg_us=0.787 max_us=2
=== END CUDA SYNC PROFILE ===
backend-sync-trace: count=11000 backend=CUDA0 caller=ggml_backend_sched_synchronize+0x52

=== CUDA SYNC PROFILE (instrumentation only) ===
total_syncs = 11000
total_wait_ms = 6319.652
max_wait_us = 140454
sites = 5
wait_hist_us = logarithmic buckets
  hist[0] = 9992
  hist[1] = 514
  hist[2] = 74
  hist[3] = 15
  hist[4] = 9
  hist[5] = 2
  hist[9] = 67
  hist[10] = 155
  hist[11] = 40
  hist[14] = 47
  hist[15] = 68
  hist[16] = 16
  hist[17] = 1
by_callsite (caller PC; symbolize with addr2line):
   0 caller=0x7cb3f512e0c2 calls=4509 total_ms=6315.804 avg_us=1400.711 max_us=140454
   1 caller=0x7cb3f513286c calls=3578 total_ms=1.524 avg_us=0.426 max_us=21
   2 caller=0x7cb3f513277c calls=1324 total_ms=1.202 avg_us=0.908 max_us=20
   3 caller=0x7cb3f5131732 calls=265 total_ms=0.565 avg_us=2.132 max_us=9
   4 caller=0x7cb3f513299d calls=1324 total_ms=0.557 avg_us=0.421 max_us=20
direct_cudaStreamSynchronize: calls=4986 total_ms=25.926 max_us=2480
by_direct_callsite (file:line):
   0 /opt/llama.cpp/ggml/src/ggml-cuda/ggml-cuda.cu:839 calls=4633 total_ms=19.801 avg_us=4.274 max_us=354
   1 /opt/llama.cpp/ggml/src/ggml-cuda/ggml-cuda.cu:900 calls=12 total_ms=5.793 avg_us=482.750 max_us=2480
   2 /opt/llama.cpp/ggml/src/ggml-cuda/ggml-cuda.cu:2665 calls=191 total_ms=0.214 avg_us=1.120 max_us=5
   3 /opt/llama.cpp/ggml/src/ggml-cuda/ggml-cuda.cu:847 calls=150 total_ms=0.118 avg_us=0.787 max_us=2
=== END CUDA SYNC PROFILE ===

=== CUDA SYNC PROFILE (instrumentation only) ===
total_syncs = 11042
total_wait_ms = 6324.871
max_wait_us = 140454
sites = 5
wait_hist_us = logarithmic buckets
  hist[0] = 10030
  hist[1] = 516
  hist[2] = 74
  hist[3] = 15
  hist[4] = 9
  hist[5] = 2
  hist[9] = 67
  hist[10] = 155
  hist[11] = 42
  hist[14] = 47
  hist[15] = 68
  hist[16] = 16
  hist[17] = 1
by_callsite (caller PC; symbolize with addr2line):
   0 caller=0x7cb3f512e0c2 calls=4530 total_ms=6321.011 avg_us=1395.367 max_us=140454
   1 caller=0x7cb3f513286c calls=3586 total_ms=1.525 avg_us=0.425 max_us=21
   2 caller=0x7cb3f513277c calls=1330 total_ms=1.209 avg_us=0.909 max_us=20
   3 caller=0x7cb3f5131732 calls=266 total_ms=0.567 avg_us=2.132 max_us=9
   4 caller=0x7cb3f513299d calls=1330 total_ms=0.559 avg_us=0.420 max_us=20
direct_cudaStreamSynchronize: calls=5000 total_ms=25.973 max_us=2480
by_direct_callsite (file:line):
   0 /opt/llama.cpp/ggml/src/ggml-cuda/ggml-cuda.cu:839 calls=4647 total_ms=19.848 avg_us=4.271 max_us=354
   1 /opt/llama.cpp/ggml/src/ggml-cuda/ggml-cuda.cu:900 calls=12 total_ms=5.793 avg_us=482.750 max_us=2480
   2 /opt/llama.cpp/ggml/src/ggml-cuda/ggml-cuda.cu:2665 calls=191 total_ms=0.214 avg_us=1.120 max_us=5
   3 /opt/llama.cpp/ggml/src/ggml-cuda/ggml-cuda.cu:847 calls=150 total_ms=0.118 avg_us=0.787 max_us=2
=== END CUDA SYNC PROFILE ===
backend-sync-trace: count=11100 backend=CUDA0 caller=ggml_backend_sched_synchronize+0x52

=== CUDA SYNC PROFILE (instrumentation only) ===
total_syncs = 11100
total_wait_ms = 6423.915
max_wait_us = 140454
sites = 5
wait_hist_us = logarithmic buckets
  hist[0] = 10084
  hist[1] = 518
  hist[2] = 74
  hist[3] = 15
  hist[4] = 9
  hist[5] = 2
  hist[9] = 67
  hist[10] = 156
  hist[11] = 42
  hist[14] = 47
  hist[15] = 68
  hist[16] = 17
  hist[17] = 1
by_callsite (caller PC; symbolize with addr2line):
   0 caller=0x7cb3f512e0c2 calls=4551 total_ms=6420.039 avg_us=1410.688 max_us=140454
   1 caller=0x7cb3f513286c calls=3609 total_ms=1.533 avg_us=0.425 max_us=21
   2 caller=0x7cb3f513277c calls=1336 total_ms=1.212 avg_us=0.907 max_us=20
   3 caller=0x7cb3f5131732 calls=268 total_ms=0.570 avg_us=2.127 max_us=9
   4 caller=0x7cb3f513299d calls=1336 total_ms=0.561 avg_us=0.420 max_us=20
direct_cudaStreamSynchronize: calls=5027 total_ms=26.085 max_us=2480
by_direct_callsite (file:line):
   0 /opt/llama.cpp/ggml/src/ggml-cuda/ggml-cuda.cu:839 calls=4674 total_ms=19.960 avg_us=4.270 max_us=354
   1 /opt/llama.cpp/ggml/src/ggml-cuda/ggml-cuda.cu:900 calls=12 total_ms=5.793 avg_us=482.750 max_us=2480
   2 /opt/llama.cpp/ggml/src/ggml-cuda/ggml-cuda.cu:2665 calls=191 total_ms=0.214 avg_us=1.120 max_us=5
   3 /opt/llama.cpp/ggml/src/ggml-cuda/ggml-cuda.cu:847 calls=150 total_ms=0.118 avg_us=0.787 max_us=2
=== END CUDA SYNC PROFILE ===
backend-sync-trace: count=11200 backend=CUDA0 caller=ggml_backend_sched_synchronize+0x52

=== CUDA SYNC PROFILE (instrumentation only) ===
total_syncs = 11200
total_wait_ms = 6475.974
max_wait_us = 140454
sites = 5
wait_hist_us = logarithmic buckets
  hist[0] = 10178
  hist[1] = 520
  hist[2] = 74
  hist[3] = 15
  hist[4] = 9
  hist[5] = 2
  hist[9] = 68
  hist[10] = 158
  hist[11] = 42
  hist[14] = 47
  hist[15] = 69
  hist[16] = 17
  hist[17] = 1
by_callsite (caller PC; symbolize with addr2line):
   0 caller=0x7cb3f512e0c2 calls=4594 total_ms=6472.070 avg_us=1408.809 max_us=140454
   1 caller=0x7cb3f513286c calls=3640 total_ms=1.544 avg_us=0.424 max_us=21
   2 caller=0x7cb3f513277c calls=1348 total_ms=1.219 avg_us=0.904 max_us=20
   3 caller=0x7cb3f5131732 calls=270 total_ms=0.573 avg_us=2.122 max_us=9
   4 caller=0x7cb3f513299d calls=1348 total_ms=0.568 avg_us=0.421 max_us=20
direct_cudaStreamSynchronize: calls=5068 total_ms=26.244 max_us=2480
by_direct_callsite (file:line):
   0 /opt/llama.cpp/ggml/src/ggml-cuda/ggml-cuda.cu:839 calls=4715 total_ms=20.119 avg_us=4.267 max_us=354
   1 /opt/llama.cpp/ggml/src/ggml-cuda/ggml-cuda.cu:900 calls=12 total_ms=5.793 avg_us=482.750 max_us=2480
   2 /opt/llama.cpp/ggml/src/ggml-cuda/ggml-cuda.cu:2665 calls=191 total_ms=0.214 avg_us=1.120 max_us=5
   3 /opt/llama.cpp/ggml/src/ggml-cuda/ggml-cuda.cu:847 calls=150 total_ms=0.118 avg_us=0.787 max_us=2
=== END CUDA SYNC PROFILE ===

=== CUDA SYNC PROFILE (instrumentation only) ===
total_syncs = 11280
total_wait_ms = 6519.299
max_wait_us = 140454
sites = 5
wait_hist_us = logarithmic buckets
  hist[0] = 10254
  hist[1] = 522
  hist[2] = 74
  hist[3] = 15
  hist[4] = 9
  hist[5] = 2
  hist[9] = 69
  hist[10] = 158
  hist[11] = 42
  hist[14] = 47
  hist[15] = 70
  hist[16] = 17
  hist[17] = 1
by_callsite (caller PC; symbolize with addr2line):
   0 caller=0x7cb3f512e0c2 calls=4628 total_ms=6515.372 avg_us=1407.816 max_us=140454
   1 caller=0x7cb3f513286c calls=3664 total_ms=1.553 avg_us=0.424 max_us=21
   2 caller=0x7cb3f513277c calls=1358 total_ms=1.225 avg_us=0.902 max_us=20
   3 caller=0x7cb3f5131732 calls=272 total_ms=0.576 avg_us=2.118 max_us=9
   4 caller=0x7cb3f513299d calls=1358 total_ms=0.573 avg_us=0.422 max_us=20
direct_cudaStreamSynchronize: calls=5100 total_ms=26.378 max_us=2480
by_direct_callsite (file:line):
   0 /opt/llama.cpp/ggml/src/ggml-cuda/ggml-cuda.cu:839 calls=4747 total_ms=20.253 avg_us=4.266 max_us=354
   1 /opt/llama.cpp/ggml/src/ggml-cuda/ggml-cuda.cu:900 calls=12 total_ms=5.793 avg_us=482.750 max_us=2480
   2 /opt/llama.cpp/ggml/src/ggml-cuda/ggml-cuda.cu:2665 calls=191 total_ms=0.214 avg_us=1.120 max_us=5
   3 /opt/llama.cpp/ggml/src/ggml-cuda/ggml-cuda.cu:847 calls=150 total_ms=0.118 avg_us=0.787 max_us=2
=== END CUDA SYNC PROFILE ===
backend-sync-trace: count=11300 backend=CUDA0 caller=ggml_backend_sched_graph_compute_async_ext+0xecc

=== CUDA SYNC PROFILE (instrumentation only) ===
total_syncs = 11300
total_wait_ms = 6521.074
max_wait_us = 140454
sites = 5
wait_hist_us = logarithmic buckets
  hist[0] = 10272
  hist[1] = 523
  hist[2] = 74
  hist[3] = 15
  hist[4] = 9
  hist[5] = 2
  hist[9] = 69
  hist[10] = 159
  hist[11] = 42
  hist[14] = 47
  hist[15] = 70
  hist[16] = 17
  hist[17] = 1
by_callsite (caller PC; symbolize with addr2line):
   0 caller=0x7cb3f512e0c2 calls=4635 total_ms=6517.137 avg_us=1406.071 max_us=140454
   1 caller=0x7cb3f513286c calls=3669 total_ms=1.558 avg_us=0.425 max_us=21
   2 caller=0x7cb3f513277c calls=1362 total_ms=1.229 avg_us=0.902 max_us=20
   3 caller=0x7cb3f5131732 calls=272 total_ms=0.576 avg_us=2.118 max_us=9
   4 caller=0x7cb3f513299d calls=1362 total_ms=0.574 avg_us=0.421 max_us=20
direct_cudaStreamSynchronize: calls=5107 total_ms=26.401 max_us=2480
by_direct_callsite (file:line):
   0 /opt/llama.cpp/ggml/src/ggml-cuda/ggml-cuda.cu:839 calls=4754 total_ms=20.276 avg_us=4.265 max_us=354
   1 /opt/llama.cpp/ggml/src/ggml-cuda/ggml-cuda.cu:900 calls=12 total_ms=5.793 avg_us=482.750 max_us=2480
   2 /opt/llama.cpp/ggml/src/ggml-cuda/ggml-cuda.cu:2665 calls=191 total_ms=0.214 avg_us=1.120 max_us=5
   3 /opt/llama.cpp/ggml/src/ggml-cuda/ggml-cuda.cu:847 calls=150 total_ms=0.118 avg_us=0.787 max_us=2
=== END CUDA SYNC PROFILE ===
backend-sync-trace: count=11400 backend=CUDA0 caller=ggml_backend_sched_graph_compute_async_ext+0xffd

=== CUDA SYNC PROFILE (instrumentation only) ===
total_syncs = 11400
total_wait_ms = 6604.659
max_wait_us = 140454
sites = 5
wait_hist_us = logarithmic buckets
  hist[0] = 10365
  hist[1] = 526
  hist[2] = 74
  hist[3] = 15
  hist[4] = 9
  hist[5] = 2
  hist[9] = 69
  hist[10] = 161
  hist[11] = 42
  hist[14] = 47
  hist[15] = 72
  hist[16] = 17
  hist[17] = 1
by_callsite (caller PC; symbolize with addr2line):
   0 caller=0x7cb3f512e0c2 calls=4668 total_ms=6600.686 avg_us=1414.029 max_us=140454
   1 caller=0x7cb3f513286c calls=3709 total_ms=1.575 avg_us=0.425 max_us=21
   2 caller=0x7cb3f513277c calls=1374 total_ms=1.239 avg_us=0.902 max_us=20
   3 caller=0x7cb3f5131732 calls=275 total_ms=0.581 avg_us=2.113 max_us=9
   4 caller=0x7cb3f513299d calls=1374 total_ms=0.578 avg_us=0.421 max_us=20
direct_cudaStreamSynchronize: calls=5157 total_ms=26.674 max_us=2480
by_direct_callsite (file:line):
   0 /opt/llama.cpp/ggml/src/ggml-cuda/ggml-cuda.cu:839 calls=4804 total_ms=20.549 avg_us=4.277 max_us=354
   1 /opt/llama.cpp/ggml/src/ggml-cuda/ggml-cuda.cu:900 calls=12 total_ms=5.793 avg_us=482.750 max_us=2480
   2 /opt/llama.cpp/ggml/src/ggml-cuda/ggml-cuda.cu:2665 calls=191 total_ms=0.214 avg_us=1.120 max_us=5
   3 /opt/llama.cpp/ggml/src/ggml-cuda/ggml-cuda.cu:847 calls=150 total_ms=0.118 avg_us=0.787 max_us=2
=== END CUDA SYNC PROFILE ===
backend-sync-trace: count=11500 backend=CUDA0 caller=ggml_backend_sched_synchronize+0x52

=== CUDA SYNC PROFILE (instrumentation only) ===
total_syncs = 11500
total_wait_ms = 6636.288
max_wait_us = 140454
sites = 5
wait_hist_us = logarithmic buckets
  hist[0] = 10459
  hist[1] = 529
  hist[2] = 74
  hist[3] = 15
  hist[4] = 9
  hist[5] = 2
  hist[9] = 69
  hist[10] = 163
  hist[11] = 42
  hist[14] = 48
  hist[15] = 72
  hist[16] = 17
  hist[17] = 1
by_callsite (caller PC; symbolize with addr2line):
   0 caller=0x7cb3f512e0c2 calls=4715 total_ms=6632.290 avg_us=1406.636 max_us=140454
   1 caller=0x7cb3f513286c calls=3740 total_ms=1.584 avg_us=0.424 max_us=21
   2 caller=0x7cb3f513277c calls=1384 total_ms=1.248 avg_us=0.902 max_us=20
   3 caller=0x7cb3f5131732 calls=277 total_ms=0.584 avg_us=2.108 max_us=9
   4 caller=0x7cb3f513299d calls=1384 total_ms=0.582 avg_us=0.421 max_us=20
direct_cudaStreamSynchronize: calls=5196 total_ms=26.831 max_us=2480
by_direct_callsite (file:line):
   0 /opt/llama.cpp/ggml/src/ggml-cuda/ggml-cuda.cu:839 calls=4843 total_ms=20.706 avg_us=4.275 max_us=354
   1 /opt/llama.cpp/ggml/src/ggml-cuda/ggml-cuda.cu:900 calls=12 total_ms=5.793 avg_us=482.750 max_us=2480
   2 /opt/llama.cpp/ggml/src/ggml-cuda/ggml-cuda.cu:2665 calls=191 total_ms=0.214 avg_us=1.120 max_us=5
   3 /opt/llama.cpp/ggml/src/ggml-cuda/ggml-cuda.cu:847 calls=150 total_ms=0.118 avg_us=0.787 max_us=2
=== END CUDA SYNC PROFILE ===

=== CUDA SYNC PROFILE (instrumentation only) ===
total_syncs = 11518
total_wait_ms = 6636.299
max_wait_us = 140454
sites = 5
wait_hist_us = logarithmic buckets
  hist[0] = 10476
  hist[1] = 530
  hist[2] = 74
  hist[3] = 15
  hist[4] = 9
  hist[5] = 2
  hist[9] = 69
  hist[10] = 163
  hist[11] = 42
  hist[14] = 48
  hist[15] = 72
  hist[16] = 17
  hist[17] = 1
by_callsite (caller PC; symbolize with addr2line):
   0 caller=0x7cb3f512e0c2 calls=4726 total_ms=6632.296 avg_us=1403.364 max_us=140454
   1 caller=0x7cb3f513286c calls=3742 total_ms=1.586 avg_us=0.424 max_us=21
   2 caller=0x7cb3f513277c calls=1386 total_ms=1.249 avg_us=0.901 max_us=20
   3 caller=0x7cb3f5131732 calls=278 total_ms=0.586 avg_us=2.108 max_us=9
   4 caller=0x7cb3f513299d calls=1386 total_ms=0.582 avg_us=0.420 max_us=20
direct_cudaStreamSynchronize: calls=5200 total_ms=26.845 max_us=2480
by_direct_callsite (file:line):
   0 /opt/llama.cpp/ggml/src/ggml-cuda/ggml-cuda.cu:839 calls=4847 total_ms=20.720 avg_us=4.275 max_us=354
   1 /opt/llama.cpp/ggml/src/ggml-cuda/ggml-cuda.cu:900 calls=12 total_ms=5.793 avg_us=482.750 max_us=2480
   2 /opt/llama.cpp/ggml/src/ggml-cuda/ggml-cuda.cu:2665 calls=191 total_ms=0.214 avg_us=1.120 max_us=5
   3 /opt/llama.cpp/ggml/src/ggml-cuda/ggml-cuda.cu:847 calls=150 total_ms=0.118 avg_us=0.787 max_us=2
=== END CUDA SYNC PROFILE ===
backend-sync-trace: count=11600 backend=CUDA0 caller=ggml_backend_sched_graph_compute_async_ext+0xecc

=== CUDA SYNC PROFILE (instrumentation only) ===
total_syncs = 11600
total_wait_ms = 6666.266
max_wait_us = 140454
sites = 5
wait_hist_us = logarithmic buckets
  hist[0] = 10537
  hist[1] = 547
  hist[2] = 74
  hist[3] = 16
  hist[4] = 9
  hist[5] = 2
  hist[9] = 69
  hist[10] = 165
  hist[11] = 42
  hist[14] = 49
  hist[15] = 72
  hist[16] = 17
  hist[17] = 1
by_callsite (caller PC; symbolize with addr2line):
   0 caller=0x7cb3f512e0c2 calls=4757 total_ms=6662.194 avg_us=1400.503 max_us=140454
   1 caller=0x7cb3f513286c calls=3771 total_ms=1.619 avg_us=0.429 max_us=21
   2 caller=0x7cb3f513277c calls=1396 total_ms=1.271 avg_us=0.910 max_us=20
   3 caller=0x7cb3f5131732 calls=280 total_ms=0.591 avg_us=2.111 max_us=9
   4 caller=0x7cb3f513299d calls=1396 total_ms=0.591 avg_us=0.423 max_us=20
direct_cudaStreamSynchronize: calls=5236 total_ms=27.005 max_us=2480
by_direct_callsite (file:line):
   0 /opt/llama.cpp/ggml/src/ggml-cuda/ggml-cuda.cu:839 calls=4883 total_ms=20.880 avg_us=4.276 max_us=354
   1 /opt/llama.cpp/ggml/src/ggml-cuda/ggml-cuda.cu:900 calls=12 total_ms=5.793 avg_us=482.750 max_us=2480
   2 /opt/llama.cpp/ggml/src/ggml-cuda/ggml-cuda.cu:2665 calls=191 total_ms=0.214 avg_us=1.120 max_us=5
   3 /opt/llama.cpp/ggml/src/ggml-cuda/ggml-cuda.cu:847 calls=150 total_ms=0.118 avg_us=0.787 max_us=2
=== END CUDA SYNC PROFILE ===
backend-sync-trace: count=11700 backend=CUDA0 caller=ggml_backend_sched_graph_compute_async_ext+0xecc

=== CUDA SYNC PROFILE (instrumentation only) ===
total_syncs = 11700
total_wait_ms = 6704.970
max_wait_us = 140454
sites = 5
wait_hist_us = logarithmic buckets
  hist[0] = 10629
  hist[1] = 551
  hist[2] = 74
  hist[3] = 16
  hist[4] = 9
  hist[5] = 2
  hist[9] = 70
  hist[10] = 167
  hist[11] = 42
  hist[14] = 49
  hist[15] = 73
  hist[16] = 17
  hist[17] = 1
by_callsite (caller PC; symbolize with addr2line):
   0 caller=0x7cb3f512e0c2 calls=4801 total_ms=6700.871 avg_us=1395.724 max_us=140454
   1 caller=0x7cb3f513286c calls=3801 total_ms=1.628 avg_us=0.428 max_us=21
   2 caller=0x7cb3f513277c calls=1408 total_ms=1.282 avg_us=0.911 max_us=20
   3 caller=0x7cb3f5131732 calls=282 total_ms=0.595 avg_us=2.110 max_us=9
   4 caller=0x7cb3f513299d calls=1408 total_ms=0.594 avg_us=0.422 max_us=20
direct_cudaStreamSynchronize: calls=5276 total_ms=27.163 max_us=2480
by_direct_callsite (file:line):
   0 /opt/llama.cpp/ggml/src/ggml-cuda/ggml-cuda.cu:839 calls=4923 total_ms=21.038 avg_us=4.273 max_us=354
   1 /opt/llama.cpp/ggml/src/ggml-cuda/ggml-cuda.cu:900 calls=12 total_ms=5.793 avg_us=482.750 max_us=2480
   2 /opt/llama.cpp/ggml/src/ggml-cuda/ggml-cuda.cu:2665 calls=191 total_ms=0.214 avg_us=1.120 max_us=5
   3 /opt/llama.cpp/ggml/src/ggml-cuda/ggml-cuda.cu:847 calls=150 total_ms=0.118 avg_us=0.787 max_us=2
=== END CUDA SYNC PROFILE ===

=== CUDA SYNC PROFILE (instrumentation only) ===
total_syncs = 11740
total_wait_ms = 6736.218
max_wait_us = 140454
sites = 5
wait_hist_us = logarithmic buckets
  hist[0] = 10665
  hist[1] = 553
  hist[2] = 74
  hist[3] = 16
  hist[4] = 9
  hist[5] = 2
  hist[9] = 71
  hist[10] = 167
  hist[11] = 42
  hist[14] = 50
  hist[15] = 73
  hist[16] = 17
  hist[17] = 1
by_callsite (caller PC; symbolize with addr2line):
   0 caller=0x7cb3f512e0c2 calls=4810 total_ms=6732.104 avg_us=1399.606 max_us=140454
   1 caller=0x7cb3f513286c calls=3819 total_ms=1.635 avg_us=0.428 max_us=21
   2 caller=0x7cb3f513277c calls=1414 total_ms=1.286 avg_us=0.909 max_us=20
   3 caller=0x7cb3f5131732 calls=283 total_ms=0.597 avg_us=2.110 max_us=9
   4 caller=0x7cb3f513299d calls=1414 total_ms=0.596 avg_us=0.421 max_us=20
direct_cudaStreamSynchronize: calls=5300 total_ms=27.268 max_us=2480
by_direct_callsite (file:line):
   0 /opt/llama.cpp/ggml/src/ggml-cuda/ggml-cuda.cu:839 calls=4947 total_ms=21.143 avg_us=4.274 max_us=354
   1 /opt/llama.cpp/ggml/src/ggml-cuda/ggml-cuda.cu:900 calls=12 total_ms=5.793 avg_us=482.750 max_us=2480
   2 /opt/llama.cpp/ggml/src/ggml-cuda/ggml-cuda.cu:2665 calls=191 total_ms=0.214 avg_us=1.120 max_us=5
   3 /opt/llama.cpp/ggml/src/ggml-cuda/ggml-cuda.cu:847 calls=150 total_ms=0.118 avg_us=0.787 max_us=2
=== END CUDA SYNC PROFILE ===
backend-sync-trace: count=11800 backend=CUDA0 caller=ggml_backend_sched_graph_compute_async_ext+0xecc

=== CUDA SYNC PROFILE (instrumentation only) ===
total_syncs = 11800
total_wait_ms = 6740.611
max_wait_us = 140454
sites = 5
wait_hist_us = logarithmic buckets
  hist[0] = 10721
  hist[1] = 555
  hist[2] = 74
  hist[3] = 16
  hist[4] = 9
  hist[5] = 2
  hist[9] = 71
  hist[10] = 167
  hist[11] = 44
  hist[14] = 50
  hist[15] = 73
  hist[16] = 17
  hist[17] = 1
by_callsite (caller PC; symbolize with addr2line):
   0 caller=0x7cb3f512e0c2 calls=4833 total_ms=6736.477 avg_us=1393.850 max_us=140454
   1 caller=0x7cb3f513286c calls=3839 total_ms=1.641 avg_us=0.427 max_us=21
   2 caller=0x7cb3f513277c calls=1422 total_ms=1.293 avg_us=0.909 max_us=20
   3 caller=0x7cb3f513299d calls=1422 total_ms=0.601 avg_us=0.423 max_us=20
   4 caller=0x7cb3f5131732 calls=284 total_ms=0.599 avg_us=2.109 max_us=9
direct_cudaStreamSynchronize: calls=5325 total_ms=27.367 max_us=2480
by_direct_callsite (file:line):
   0 /opt/llama.cpp/ggml/src/ggml-cuda/ggml-cuda.cu:839 calls=4972 total_ms=21.242 avg_us=4.272 max_us=354
   1 /opt/llama.cpp/ggml/src/ggml-cuda/ggml-cuda.cu:900 calls=12 total_ms=5.793 avg_us=482.750 max_us=2480
   2 /opt/llama.cpp/ggml/src/ggml-cuda/ggml-cuda.cu:2665 calls=191 total_ms=0.214 avg_us=1.120 max_us=5
   3 /opt/llama.cpp/ggml/src/ggml-cuda/ggml-cuda.cu:847 calls=150 total_ms=0.118 avg_us=0.787 max_us=2
=== END CUDA SYNC PROFILE ===
backend-sync-trace: count=11900 backend=CUDA0 caller=ggml_backend_sched_synchronize+0x52

=== CUDA SYNC PROFILE (instrumentation only) ===
total_syncs = 11900
total_wait_ms = 6861.330
max_wait_us = 140454
sites = 5
wait_hist_us = logarithmic buckets
  hist[0] = 10812
  hist[1] = 560
  hist[2] = 74
  hist[3] = 16
  hist[4] = 9
  hist[5] = 2
  hist[9] = 72
  hist[10] = 168
  hist[11] = 44
  hist[14] = 50
  hist[15] = 75
  hist[16] = 17
  hist[17] = 1
by_callsite (caller PC; symbolize with addr2line):
   0 caller=0x7cb3f512e0c2 calls=4870 total_ms=6857.164 avg_us=1408.042 max_us=140454
   1 caller=0x7cb3f513286c calls=3875 total_ms=1.656 avg_us=0.427 max_us=21
   2 caller=0x7cb3f513277c calls=1434 total_ms=1.301 avg_us=0.907 max_us=20
   3 caller=0x7cb3f513299d calls=1434 total_ms=0.605 avg_us=0.422 max_us=20
   4 caller=0x7cb3f5131732 calls=287 total_ms=0.604 avg_us=2.105 max_us=9
direct_cudaStreamSynchronize: calls=5371 total_ms=27.548 max_us=2480
by_direct_callsite (file:line):
   0 /opt/llama.cpp/ggml/src/ggml-cuda/ggml-cuda.cu:839 calls=5018 total_ms=21.423 avg_us=4.269 max_us=354
   1 /opt/llama.cpp/ggml/src/ggml-cuda/ggml-cuda.cu:900 calls=12 total_ms=5.793 avg_us=482.750 max_us=2480
   2 /opt/llama.cpp/ggml/src/ggml-cuda/ggml-cuda.cu:2665 calls=191 total_ms=0.214 avg_us=1.120 max_us=5
   3 /opt/llama.cpp/ggml/src/ggml-cuda/ggml-cuda.cu:847 calls=150 total_ms=0.118 avg_us=0.787 max_us=2
=== END CUDA SYNC PROFILE ===

=== CUDA SYNC PROFILE (instrumentation only) ===
total_syncs = 11964
total_wait_ms = 6864.059
max_wait_us = 140454
sites = 5
wait_hist_us = logarithmic buckets
  hist[0] = 10872
  hist[1] = 562
  hist[2] = 74
  hist[3] = 16
  hist[4] = 9
  hist[5] = 2
  hist[9] = 73
  hist[10] = 169
  hist[11] = 44
  hist[14] = 50
  hist[15] = 75
  hist[16] = 17
  hist[17] = 1
by_callsite (caller PC; symbolize with addr2line):
   0 caller=0x7cb3f512e0c2 calls=4895 total_ms=6859.874 avg_us=1401.404 max_us=140454
   1 caller=0x7cb3f513286c calls=3897 total_ms=1.664 avg_us=0.427 max_us=21
   2 caller=0x7cb3f513277c calls=1442 total_ms=1.308 avg_us=0.907 max_us=20
   3 caller=0x7cb3f513299d calls=1442 total_ms=0.607 avg_us=0.421 max_us=20
   4 caller=0x7cb3f5131732 calls=288 total_ms=0.606 avg_us=2.104 max_us=9
direct_cudaStreamSynchronize: calls=5400 total_ms=27.658 max_us=2480
by_direct_callsite (file:line):
   0 /opt/llama.cpp/ggml/src/ggml-cuda/ggml-cuda.cu:839 calls=5047 total_ms=21.533 avg_us=4.266 max_us=354
   1 /opt/llama.cpp/ggml/src/ggml-cuda/ggml-cuda.cu:900 calls=12 total_ms=5.793 avg_us=482.750 max_us=2480
   2 /opt/llama.cpp/ggml/src/ggml-cuda/ggml-cuda.cu:2665 calls=191 total_ms=0.214 avg_us=1.120 max_us=5
   3 /opt/llama.cpp/ggml/src/ggml-cuda/ggml-cuda.cu:847 calls=150 total_ms=0.118 avg_us=0.787 max_us=2
=== END CUDA SYNC PROFILE ===
backend-sync-trace: count=12000 backend=CUDA0 caller=ggml_backend_sched_graph_compute_async_ext+0xffd

=== CUDA SYNC PROFILE (instrumentation only) ===
total_syncs = 12000
total_wait_ms = 6913.214
max_wait_us = 140454
sites = 5
wait_hist_us = logarithmic buckets
  hist[0] = 10906
  hist[1] = 563
  hist[2] = 74
  hist[3] = 16
  hist[4] = 9
  hist[5] = 2
  hist[9] = 73
  hist[10] = 169
  hist[11] = 44
  hist[14] = 50
  hist[15] = 76
  hist[16] = 17
  hist[17] = 1
by_callsite (caller PC; symbolize with addr2line):
   0 caller=0x7cb3f512e0c2 calls=4918 total_ms=6909.020 avg_us=1404.843 max_us=140454
   1 caller=0x7cb3f513286c calls=3902 total_ms=1.665 avg_us=0.427 max_us=21
   2 caller=0x7cb3f513277c calls=1445 total_ms=1.311 avg_us=0.907 max_us=20
   3 caller=0x7cb3f5131732 calls=290 total_ms=0.609 avg_us=2.100 max_us=9
   4 caller=0x7cb3f513299d calls=1445 total_ms=0.609 avg_us=0.421 max_us=20
direct_cudaStreamSynchronize: calls=5406 total_ms=27.687 max_us=2480
by_direct_callsite (file:line):
   0 /opt/llama.cpp/ggml/src/ggml-cuda/ggml-cuda.cu:839 calls=5053 total_ms=21.562 avg_us=4.267 max_us=354
   1 /opt/llama.cpp/ggml/src/ggml-cuda/ggml-cuda.cu:900 calls=12 total_ms=5.793 avg_us=482.750 max_us=2480
   2 /opt/llama.cpp/ggml/src/ggml-cuda/ggml-cuda.cu:2665 calls=191 total_ms=0.214 avg_us=1.120 max_us=5
   3 /opt/llama.cpp/ggml/src/ggml-cuda/ggml-cuda.cu:847 calls=150 total_ms=0.118 avg_us=0.787 max_us=2
=== END CUDA SYNC PROFILE ===
backend-sync-trace: count=12100 backend=CUDA0 caller=ggml_backend_sched_synchronize+0x52

=== CUDA SYNC PROFILE (instrumentation only) ===
total_syncs = 12100
total_wait_ms = 6972.029
max_wait_us = 140454
sites = 5
wait_hist_us = logarithmic buckets
  hist[0] = 10997
  hist[1] = 567
  hist[2] = 74
  hist[3] = 16
  hist[4] = 9
  hist[5] = 2
  hist[9] = 73
  hist[10] = 172
  hist[11] = 45
  hist[14] = 50
  hist[15] = 77
  hist[16] = 17
  hist[17] = 1
by_callsite (caller PC; symbolize with addr2line):
   0 caller=0x7cb3f512e0c2 calls=4955 total_ms=6967.809 avg_us=1406.218 max_us=140454
   1 caller=0x7cb3f513286c calls=3937 total_ms=1.673 avg_us=0.425 max_us=21
   2 caller=0x7cb3f513277c calls=1458 total_ms=1.323 avg_us=0.907 max_us=20
   3 caller=0x7cb3f5131732 calls=292 total_ms=0.613 avg_us=2.099 max_us=9
   4 caller=0x7cb3f513299d calls=1458 total_ms=0.611 avg_us=0.419 max_us=20
direct_cudaStreamSynchronize: calls=5453 total_ms=27.863 max_us=2480
by_direct_callsite (file:line):
   0 /opt/llama.cpp/ggml/src/ggml-cuda/ggml-cuda.cu:839 calls=5100 total_ms=21.738 avg_us=4.262 max_us=354
   1 /opt/llama.cpp/ggml/src/ggml-cuda/ggml-cuda.cu:900 calls=12 total_ms=5.793 avg_us=482.750 max_us=2480
   2 /opt/llama.cpp/ggml/src/ggml-cuda/ggml-cuda.cu:2665 calls=191 total_ms=0.214 avg_us=1.120 max_us=5
   3 /opt/llama.cpp/ggml/src/ggml-cuda/ggml-cuda.cu:847 calls=150 total_ms=0.118 avg_us=0.787 max_us=2
=== END CUDA SYNC PROFILE ===

=== CUDA SYNC PROFILE (instrumentation only) ===
total_syncs = 12199
total_wait_ms = 7014.245
max_wait_us = 140454
sites = 5
wait_hist_us = logarithmic buckets
  hist[0] = 11090
  hist[1] = 570
  hist[2] = 74
  hist[3] = 16
  hist[4] = 9
  hist[5] = 2
  hist[9] = 73
  hist[10] = 174
  hist[11] = 45
  hist[14] = 50
  hist[15] = 78
  hist[16] = 17
  hist[17] = 1
by_callsite (caller PC; symbolize with addr2line):
   0 caller=0x7cb3f512e0c2 calls=4988 total_ms=7009.994 avg_us=1405.372 max_us=140454
   1 caller=0x7cb3f513286c calls=3973 total_ms=1.686 avg_us=0.424 max_us=21
   2 caller=0x7cb3f513277c calls=1472 total_ms=1.330 avg_us=0.904 max_us=20
   3 caller=0x7cb3f513299d calls=1472 total_ms=0.619 avg_us=0.421 max_us=20
   4 caller=0x7cb3f5131732 calls=294 total_ms=0.616 avg_us=2.095 max_us=9
direct_cudaStreamSynchronize: calls=5500 total_ms=28.058 max_us=2480
by_direct_callsite (file:line):
   0 /opt/llama.cpp/ggml/src/ggml-cuda/ggml-cuda.cu:839 calls=5147 total_ms=21.933 avg_us=4.261 max_us=354
   1 /opt/llama.cpp/ggml/src/ggml-cuda/ggml-cuda.cu:900 calls=12 total_ms=5.793 avg_us=482.750 max_us=2480
   2 /opt/llama.cpp/ggml/src/ggml-cuda/ggml-cuda.cu:2665 calls=191 total_ms=0.214 avg_us=1.120 max_us=5
   3 /opt/llama.cpp/ggml/src/ggml-cuda/ggml-cuda.cu:847 calls=150 total_ms=0.118 avg_us=0.787 max_us=2
=== END CUDA SYNC PROFILE ===
backend-sync-trace: count=12200 backend=CUDA0 caller=ggml_backend_sched_graph_compute_async_ext+0xecc

=== CUDA SYNC PROFILE (instrumentation only) ===
total_syncs = 12200
total_wait_ms = 7014.246
max_wait_us = 140454
sites = 5
wait_hist_us = logarithmic buckets
  hist[0] = 11091
  hist[1] = 570
  hist[2] = 74
  hist[3] = 16
  hist[4] = 9
  hist[5] = 2
  hist[9] = 73
  hist[10] = 174
  hist[11] = 45
  hist[14] = 50
  hist[15] = 78
  hist[16] = 17
  hist[17] = 1
by_callsite (caller PC; symbolize with addr2line):
   0 caller=0x7cb3f512e0c2 calls=4988 total_ms=7009.994 avg_us=1405.372 max_us=140454
   1 caller=0x7cb3f513286c calls=3974 total_ms=1.687 avg_us=0.425 max_us=21
   2 caller=0x7cb3f513277c calls=1472 total_ms=1.330 avg_us=0.904 max_us=20
   3 caller=0x7cb3f513299d calls=1472 total_ms=0.619 avg_us=0.421 max_us=20
   4 caller=0x7cb3f5131732 calls=294 total_ms=0.616 avg_us=2.095 max_us=9
direct_cudaStreamSynchronize: calls=5500 total_ms=28.058 max_us=2480
by_direct_callsite (file:line):
   0 /opt/llama.cpp/ggml/src/ggml-cuda/ggml-cuda.cu:839 calls=5147 total_ms=21.933 avg_us=4.261 max_us=354
   1 /opt/llama.cpp/ggml/src/ggml-cuda/ggml-cuda.cu:900 calls=12 total_ms=5.793 avg_us=482.750 max_us=2480
   2 /opt/llama.cpp/ggml/src/ggml-cuda/ggml-cuda.cu:2665 calls=191 total_ms=0.214 avg_us=1.120 max_us=5
   3 /opt/llama.cpp/ggml/src/ggml-cuda/ggml-cuda.cu:847 calls=150 total_ms=0.118 avg_us=0.787 max_us=2
=== END CUDA SYNC PROFILE ===
backend-sync-trace: count=12300 backend=CUDA0 caller=ggml_backend_sched_synchronize+0x52

=== CUDA SYNC PROFILE (instrumentation only) ===
total_syncs = 12300
total_wait_ms = 7098.540
max_wait_us = 140454
sites = 5
wait_hist_us = logarithmic buckets
  hist[0] = 11181
  hist[1] = 576
  hist[2] = 74
  hist[3] = 16
  hist[4] = 9
  hist[5] = 2
  hist[9] = 73
  hist[10] = 176
  hist[11] = 45
  hist[14] = 50
  hist[15] = 80
  hist[16] = 17
  hist[17] = 1
by_callsite (caller PC; symbolize with addr2line):
   0 caller=0x7cb3f512e0c2 calls=5025 total_ms=7094.258 avg_us=1411.793 max_us=140454
   1 caller=0x7cb3f513286c calls=4010 total_ms=1.699 avg_us=0.424 max_us=21
   2 caller=0x7cb3f513277c calls=1484 total_ms=1.340 avg_us=0.903 max_us=20
   3 caller=0x7cb3f513299d calls=1484 total_ms=0.622 avg_us=0.419 max_us=20
   4 caller=0x7cb3f5131732 calls=297 total_ms=0.621 avg_us=2.091 max_us=9
direct_cudaStreamSynchronize: calls=5546 total_ms=28.240 max_us=2480
by_direct_callsite (file:line):
   0 /opt/llama.cpp/ggml/src/ggml-cuda/ggml-cuda.cu:839 calls=5193 total_ms=22.115 avg_us=4.259 max_us=354
   1 /opt/llama.cpp/ggml/src/ggml-cuda/ggml-cuda.cu:900 calls=12 total_ms=5.793 avg_us=482.750 max_us=2480
   2 /opt/llama.cpp/ggml/src/ggml-cuda/ggml-cuda.cu:2665 calls=191 total_ms=0.214 avg_us=1.120 max_us=5
   3 /opt/llama.cpp/ggml/src/ggml-cuda/ggml-cuda.cu:847 calls=150 total_ms=0.118 avg_us=0.787 max_us=2
=== END CUDA SYNC PROFILE ===
backend-sync-trace: count=12400 backend=CUDA0 caller=ggml_backend_sched_graph_compute_async_ext+0xffd

=== CUDA SYNC PROFILE (instrumentation only) ===
total_syncs = 12400
total_wait_ms = 7132.998
max_wait_us = 140454
sites = 5
wait_hist_us = logarithmic buckets
  hist[0] = 11276
  hist[1] = 578
  hist[2] = 74
  hist[3] = 16
  hist[4] = 9
  hist[5] = 2
  hist[9] = 74
  hist[10] = 176
  hist[11] = 46
  hist[14] = 51
  hist[15] = 80
  hist[16] = 17
  hist[17] = 1
by_callsite (caller PC; symbolize with addr2line):
   0 caller=0x7cb3f512e0c2 calls=5073 total_ms=7128.691 avg_us=1405.222 max_us=140454
   1 caller=0x7cb3f513286c calls=4037 total_ms=1.706 avg_us=0.423 max_us=21
   2 caller=0x7cb3f513277c calls=1495 total_ms=1.349 avg_us=0.902 max_us=20
   3 caller=0x7cb3f5131732 calls=300 total_ms=0.626 avg_us=2.087 max_us=9
   4 caller=0x7cb3f513299d calls=1495 total_ms=0.626 avg_us=0.419 max_us=20
direct_cudaStreamSynchronize: calls=5581 total_ms=28.379 max_us=2480
by_direct_callsite (file:line):
   0 /opt/llama.cpp/ggml/src/ggml-cuda/ggml-cuda.cu:839 calls=5228 total_ms=22.254 avg_us=4.257 max_us=354
   1 /opt/llama.cpp/ggml/src/ggml-cuda/ggml-cuda.cu:900 calls=12 total_ms=5.793 avg_us=482.750 max_us=2480
   2 /opt/llama.cpp/ggml/src/ggml-cuda/ggml-cuda.cu:2665 calls=191 total_ms=0.214 avg_us=1.120 max_us=5
   3 /opt/llama.cpp/ggml/src/ggml-cuda/ggml-cuda.cu:847 calls=150 total_ms=0.118 avg_us=0.787 max_us=2
=== END CUDA SYNC PROFILE ===

=== CUDA SYNC PROFILE (instrumentation only) ===
total_syncs = 12440
total_wait_ms = 7134.869
max_wait_us = 140454
sites = 5
wait_hist_us = logarithmic buckets
  hist[0] = 11313
  hist[1] = 579
  hist[2] = 74
  hist[3] = 16
  hist[4] = 9
  hist[5] = 2
  hist[9] = 76
  hist[10] = 176
  hist[11] = 46
  hist[14] = 51
  hist[15] = 80
  hist[16] = 17
  hist[17] = 1
by_callsite (caller PC; symbolize with addr2line):
   0 caller=0x7cb3f512e0c2 calls=5087 total_ms=7130.548 avg_us=1401.720 max_us=140454
   1 caller=0x7cb3f513286c calls=4049 total_ms=1.712 avg_us=0.423 max_us=21
   2 caller=0x7cb3f513277c calls=1502 total_ms=1.355 avg_us=0.902 max_us=20
   3 caller=0x7cb3f513299d calls=1502 total_ms=0.628 avg_us=0.418 max_us=20
   4 caller=0x7cb3f5131732 calls=300 total_ms=0.626 avg_us=2.087 max_us=9
direct_cudaStreamSynchronize: calls=5600 total_ms=28.466 max_us=2480
by_direct_callsite (file:line):
   0 /opt/llama.cpp/ggml/src/ggml-cuda/ggml-cuda.cu:839 calls=5247 total_ms=22.341 avg_us=4.258 max_us=354
   1 /opt/llama.cpp/ggml/src/ggml-cuda/ggml-cuda.cu:900 calls=12 total_ms=5.793 avg_us=482.750 max_us=2480
   2 /opt/llama.cpp/ggml/src/ggml-cuda/ggml-cuda.cu:2665 calls=191 total_ms=0.214 avg_us=1.120 max_us=5
   3 /opt/llama.cpp/ggml/src/ggml-cuda/ggml-cuda.cu:847 calls=150 total_ms=0.118 avg_us=0.787 max_us=2
=== END CUDA SYNC PROFILE ===
backend-sync-trace: count=12500 backend=CUDA0 caller=ggml_backend_sched_graph_compute_async_ext+0xecc

=== CUDA SYNC PROFILE (instrumentation only) ===
total_syncs = 12500
total_wait_ms = 7165.708
max_wait_us = 140454
sites = 5
wait_hist_us = logarithmic buckets
  hist[0] = 11370
  hist[1] = 580
  hist[2] = 74
  hist[3] = 16
  hist[4] = 9
  hist[5] = 2
  hist[9] = 76
  hist[10] = 177
  hist[11] = 46
  hist[14] = 52
  hist[15] = 80
  hist[16] = 17
  hist[17] = 1
by_callsite (caller PC; symbolize with addr2line):
   0 caller=0x7cb3f512e0c2 calls=5111 total_ms=7161.367 avg_us=1401.167 max_us=140454
   1 caller=0x7cb3f513286c calls=4071 total_ms=1.721 avg_us=0.423 max_us=21
   2 caller=0x7cb3f513277c calls=1508 total_ms=1.359 avg_us=0.901 max_us=20
   3 caller=0x7cb3f513299d calls=1508 total_ms=0.632 avg_us=0.419 max_us=20
   4 caller=0x7cb3f5131732 calls=302 total_ms=0.629 avg_us=2.083 max_us=9
direct_cudaStreamSynchronize: calls=5626 total_ms=28.551 max_us=2480
by_direct_callsite (file:line):
   0 /opt/llama.cpp/ggml/src/ggml-cuda/ggml-cuda.cu:839 calls=5273 total_ms=22.426 avg_us=4.253 max_us=354
   1 /opt/llama.cpp/ggml/src/ggml-cuda/ggml-cuda.cu:900 calls=12 total_ms=5.793 avg_us=482.750 max_us=2480
   2 /opt/llama.cpp/ggml/src/ggml-cuda/ggml-cuda.cu:2665 calls=191 total_ms=0.214 avg_us=1.120 max_us=5
   3 /opt/llama.cpp/ggml/src/ggml-cuda/ggml-cuda.cu:847 calls=150 total_ms=0.118 avg_us=0.787 max_us=2
=== END CUDA SYNC PROFILE ===
backend-sync-trace: count=12600 backend=CUDA0 caller=ggml_backend_sched_graph_compute_async_ext+0xffd

=== CUDA SYNC PROFILE (instrumentation only) ===
total_syncs = 12600
total_wait_ms = 7216.409
max_wait_us = 140454
sites = 5
wait_hist_us = logarithmic buckets
  hist[0] = 11461
  hist[1] = 585
  hist[2] = 74
  hist[3] = 16
  hist[4] = 9
  hist[5] = 2
  hist[9] = 76
  hist[10] = 180
  hist[11] = 46
  hist[14] = 52
  hist[15] = 81
  hist[16] = 17
  hist[17] = 1
by_callsite (caller PC; symbolize with addr2line):
   0 caller=0x7cb3f512e0c2 calls=5155 total_ms=7212.043 avg_us=1399.038 max_us=140454
   1 caller=0x7cb3f513286c calls=4099 total_ms=1.732 avg_us=0.423 max_us=21
   2 caller=0x7cb3f513277c calls=1521 total_ms=1.366 avg_us=0.898 max_us=20
   3 caller=0x7cb3f513299d calls=1521 total_ms=0.635 avg_us=0.417 max_us=20
   4 caller=0x7cb3f5131732 calls=304 total_ms=0.633 avg_us=2.082 max_us=9
direct_cudaStreamSynchronize: calls=5665 total_ms=28.707 max_us=2480
by_direct_callsite (file:line):
   0 /opt/llama.cpp/ggml/src/ggml-cuda/ggml-cuda.cu:839 calls=5312 total_ms=22.582 avg_us=4.251 max_us=354
   1 /opt/llama.cpp/ggml/src/ggml-cuda/ggml-cuda.cu:900 calls=12 total_ms=5.793 avg_us=482.750 max_us=2480
   2 /opt/llama.cpp/ggml/src/ggml-cuda/ggml-cuda.cu:2665 calls=191 total_ms=0.214 avg_us=1.120 max_us=5
   3 /opt/llama.cpp/ggml/src/ggml-cuda/ggml-cuda.cu:847 calls=150 total_ms=0.118 avg_us=0.787 max_us=2
=== END CUDA SYNC PROFILE ===

=== CUDA SYNC PROFILE (instrumentation only) ===
total_syncs = 12674
total_wait_ms = 7270.345
max_wait_us = 140454
sites = 5
wait_hist_us = logarithmic buckets
  hist[0] = 11527
  hist[1] = 589
  hist[2] = 75
  hist[3] = 16
  hist[4] = 9
  hist[5] = 2
  hist[9] = 76
  hist[10] = 181
  hist[11] = 47
  hist[14] = 52
  hist[15] = 82
  hist[16] = 17
  hist[17] = 1
by_callsite (caller PC; symbolize with addr2line):
   0 caller=0x7cb3f512e0c2 calls=5182 total_ms=7265.953 avg_us=1402.152 max_us=140454
   1 caller=0x7cb3f513286c calls=4126 total_ms=1.740 avg_us=0.422 max_us=21
   2 caller=0x7cb3f513277c calls=1530 total_ms=1.375 avg_us=0.899 max_us=20
   3 caller=0x7cb3f513299d calls=1530 total_ms=0.639 avg_us=0.418 max_us=20
   4 caller=0x7cb3f5131732 calls=306 total_ms=0.638 avg_us=2.085 max_us=9
direct_cudaStreamSynchronize: calls=5700 total_ms=28.843 max_us=2480
by_direct_callsite (file:line):
   0 /opt/llama.cpp/ggml/src/ggml-cuda/ggml-cuda.cu:839 calls=5347 total_ms=22.718 avg_us=4.249 max_us=354
   1 /opt/llama.cpp/ggml/src/ggml-cuda/ggml-cuda.cu:900 calls=12 total_ms=5.793 avg_us=482.750 max_us=2480
   2 /opt/llama.cpp/ggml/src/ggml-cuda/ggml-cuda.cu:2665 calls=191 total_ms=0.214 avg_us=1.120 max_us=5
   3 /opt/llama.cpp/ggml/src/ggml-cuda/ggml-cuda.cu:847 calls=150 total_ms=0.118 avg_us=0.787 max_us=2
=== END CUDA SYNC PROFILE ===
backend-sync-trace: count=12700 backend=CUDA0 caller=ggml_backend_sched_graph_compute_async_ext+0xddc

=== CUDA SYNC PROFILE (instrumentation only) ===
total_syncs = 12700
total_wait_ms = 7343.077
max_wait_us = 140454
sites = 5
wait_hist_us = logarithmic buckets
  hist[0] = 11550
  hist[1] = 591
  hist[2] = 75
  hist[3] = 16
  hist[4] = 9
  hist[5] = 2
  hist[9] = 76
  hist[10] = 181
  hist[11] = 47
  hist[14] = 52
  hist[15] = 82
  hist[16] = 18
  hist[17] = 1
by_callsite (caller PC; symbolize with addr2line):
   0 caller=0x7cb3f512e0c2 calls=5187 total_ms=7338.677 avg_us=1414.821 max_us=140454
   1 caller=0x7cb3f513286c calls=4141 total_ms=1.743 avg_us=0.421 max_us=21
   2 caller=0x7cb3f513277c calls=1533 total_ms=1.378 avg_us=0.899 max_us=20
   3 caller=0x7cb3f5131732 calls=307 total_ms=0.640 avg_us=2.085 max_us=9
   4 caller=0x7cb3f513299d calls=1532 total_ms=0.639 avg_us=0.417 max_us=20
direct_cudaStreamSynchronize: calls=5716 total_ms=28.909 max_us=2480
by_direct_callsite (file:line):
   0 /opt/llama.cpp/ggml/src/ggml-cuda/ggml-cuda.cu:839 calls=5363 total_ms=22.784 avg_us=4.248 max_us=354
   1 /opt/llama.cpp/ggml/src/ggml-cuda/ggml-cuda.cu:900 calls=12 total_ms=5.793 avg_us=482.750 max_us=2480
   2 /opt/llama.cpp/ggml/src/ggml-cuda/ggml-cuda.cu:2665 calls=191 total_ms=0.214 avg_us=1.120 max_us=5
   3 /opt/llama.cpp/ggml/src/ggml-cuda/ggml-cuda.cu:847 calls=150 total_ms=0.118 avg_us=0.787 max_us=2
=== END CUDA SYNC PROFILE ===
backend-sync-trace: count=12800 backend=CUDA0 caller=ggml_backend_sched_synchronize+0x52

=== CUDA SYNC PROFILE (instrumentation only) ===
total_syncs = 12800
total_wait_ms = 7426.944
max_wait_us = 140454
sites = 5
wait_hist_us = logarithmic buckets
  hist[0] = 11644
  hist[1] = 594
  hist[2] = 75
  hist[3] = 16
  hist[4] = 9
  hist[5] = 2
  hist[9] = 76
  hist[10] = 181
  hist[11] = 49
  hist[14] = 52
  hist[15] = 82
  hist[16] = 19
  hist[17] = 1
by_callsite (caller PC; symbolize with addr2line):
   0 caller=0x7cb3f512e0c2 calls=5231 total_ms=7422.519 avg_us=1418.948 max_us=140454
   1 caller=0x7cb3f513286c calls=4172 total_ms=1.752 avg_us=0.420 max_us=21
   2 caller=0x7cb3f513277c calls=1544 total_ms=1.386 avg_us=0.898 max_us=20
   3 caller=0x7cb3f513299d calls=1544 total_ms=0.644 avg_us=0.417 max_us=20
   4 caller=0x7cb3f5131732 calls=309 total_ms=0.643 avg_us=2.081 max_us=9
direct_cudaStreamSynchronize: calls=5756 total_ms=29.074 max_us=2480
by_direct_callsite (file:line):
   0 /opt/llama.cpp/ggml/src/ggml-cuda/ggml-cuda.cu:839 calls=5403 total_ms=22.949 avg_us=4.247 max_us=354
   1 /opt/llama.cpp/ggml/src/ggml-cuda/ggml-cuda.cu:900 calls=12 total_ms=5.793 avg_us=482.750 max_us=2480
   2 /opt/llama.cpp/ggml/src/ggml-cuda/ggml-cuda.cu:2665 calls=191 total_ms=0.214 avg_us=1.120 max_us=5
   3 /opt/llama.cpp/ggml/src/ggml-cuda/ggml-cuda.cu:847 calls=150 total_ms=0.118 avg_us=0.787 max_us=2
=== END CUDA SYNC PROFILE ===
backend-sync-trace: count=12900 backend=CUDA0 caller=ggml_backend_sched_synchronize+0x52

=== CUDA SYNC PROFILE (instrumentation only) ===
total_syncs = 12900
total_wait_ms = 7473.697
max_wait_us = 140454
sites = 5
wait_hist_us = logarithmic buckets
  hist[0] = 11736
  hist[1] = 597
  hist[2] = 75
  hist[3] = 16
  hist[4] = 10
  hist[5] = 2
  hist[9] = 77
  hist[10] = 183
  hist[11] = 49
  hist[14] = 52
  hist[15] = 83
  hist[16] = 19
  hist[17] = 1
by_callsite (caller PC; symbolize with addr2line):
   0 caller=0x7cb3f512e0c2 calls=5273 total_ms=7469.243 avg_us=1416.507 max_us=140454
   1 caller=0x7cb3f513286c calls=4203 total_ms=1.760 avg_us=0.419 max_us=21
   2 caller=0x7cb3f513277c calls=1556 total_ms=1.394 avg_us=0.896 max_us=20
   3 caller=0x7cb3f513299d calls=1556 total_ms=0.652 avg_us=0.419 max_us=20
   4 caller=0x7cb3f5131732 calls=312 total_ms=0.648 avg_us=2.077 max_us=9
direct_cudaStreamSynchronize: calls=5797 total_ms=29.233 max_us=2480
by_direct_callsite (file:line):
   0 /opt/llama.cpp/ggml/src/ggml-cuda/ggml-cuda.cu:839 calls=5444 total_ms=23.108 avg_us=4.245 max_us=354
   1 /opt/llama.cpp/ggml/src/ggml-cuda/ggml-cuda.cu:900 calls=12 total_ms=5.793 avg_us=482.750 max_us=2480
   2 /opt/llama.cpp/ggml/src/ggml-cuda/ggml-cuda.cu:2665 calls=191 total_ms=0.214 avg_us=1.120 max_us=5
   3 /opt/llama.cpp/ggml/src/ggml-cuda/ggml-cuda.cu:847 calls=150 total_ms=0.118 avg_us=0.787 max_us=2
=== END CUDA SYNC PROFILE ===

=== CUDA SYNC PROFILE (instrumentation only) ===
total_syncs = 12909
total_wait_ms = 7473.701
max_wait_us = 140454
sites = 5
wait_hist_us = logarithmic buckets
  hist[0] = 11745
  hist[1] = 597
  hist[2] = 75
  hist[3] = 16
  hist[4] = 10
  hist[5] = 2
  hist[9] = 77
  hist[10] = 183
  hist[11] = 49
  hist[14] = 52
  hist[15] = 83
  hist[16] = 19
  hist[17] = 1
by_callsite (caller PC; symbolize with addr2line):
   0 caller=0x7cb3f512e0c2 calls=5277 total_ms=7469.244 avg_us=1415.434 max_us=140454
   1 caller=0x7cb3f513286c calls=4204 total_ms=1.760 avg_us=0.419 max_us=21
   2 caller=0x7cb3f513277c calls=1558 total_ms=1.396 avg_us=0.896 max_us=20
   3 caller=0x7cb3f513299d calls=1558 total_ms=0.653 avg_us=0.419 max_us=20
   4 caller=0x7cb3f5131732 calls=312 total_ms=0.648 avg_us=2.077 max_us=9
direct_cudaStreamSynchronize: calls=5800 total_ms=29.244 max_us=2480
by_direct_callsite (file:line):
   0 /opt/llama.cpp/ggml/src/ggml-cuda/ggml-cuda.cu:839 calls=5447 total_ms=23.119 avg_us=4.244 max_us=354
   1 /opt/llama.cpp/ggml/src/ggml-cuda/ggml-cuda.cu:900 calls=12 total_ms=5.793 avg_us=482.750 max_us=2480
   2 /opt/llama.cpp/ggml/src/ggml-cuda/ggml-cuda.cu:2665 calls=191 total_ms=0.214 avg_us=1.120 max_us=5
   3 /opt/llama.cpp/ggml/src/ggml-cuda/ggml-cuda.cu:847 calls=150 total_ms=0.118 avg_us=0.787 max_us=2
=== END CUDA SYNC PROFILE ===
backend-sync-trace: count=13000 backend=CUDA0 caller=ggml_backend_sched_synchronize+0x52

=== CUDA SYNC PROFILE (instrumentation only) ===
total_syncs = 13000
total_wait_ms = 7525.232
max_wait_us = 140454
sites = 5
wait_hist_us = logarithmic buckets
  hist[0] = 11828
  hist[1] = 601
  hist[2] = 75
  hist[3] = 16
  hist[4] = 10
  hist[5] = 2
  hist[9] = 79
  hist[10] = 184
  hist[11] = 49
  hist[14] = 52
  hist[15] = 84
  hist[16] = 19
  hist[17] = 1
by_callsite (caller PC; symbolize with addr2line):
   0 caller=0x7cb3f512e0c2 calls=5316 total_ms=7520.743 avg_us=1414.737 max_us=140454
   1 caller=0x7cb3f513286c calls=4234 total_ms=1.775 avg_us=0.419 max_us=21
   2 caller=0x7cb3f513277c calls=1568 total_ms=1.404 avg_us=0.895 max_us=20
   3 caller=0x7cb3f513299d calls=1568 total_ms=0.658 avg_us=0.420 max_us=20
   4 caller=0x7cb3f5131732 calls=314 total_ms=0.652 avg_us=2.076 max_us=9
direct_cudaStreamSynchronize: calls=5838 total_ms=29.391 max_us=2480
by_direct_callsite (file:line):
   0 /opt/llama.cpp/ggml/src/ggml-cuda/ggml-cuda.cu:839 calls=5485 total_ms=23.266 avg_us=4.242 max_us=354
   1 /opt/llama.cpp/ggml/src/ggml-cuda/ggml-cuda.cu:900 calls=12 total_ms=5.793 avg_us=482.750 max_us=2480
   2 /opt/llama.cpp/ggml/src/ggml-cuda/ggml-cuda.cu:2665 calls=191 total_ms=0.214 avg_us=1.120 max_us=5
   3 /opt/llama.cpp/ggml/src/ggml-cuda/ggml-cuda.cu:847 calls=150 total_ms=0.118 avg_us=0.787 max_us=2
=== END CUDA SYNC PROFILE ===
backend-sync-trace: count=13100 backend=CUDA0 caller=ggml_backend_sched_graph_compute_async_ext+0xecc

=== CUDA SYNC PROFILE (instrumentation only) ===
total_syncs = 13100
total_wait_ms = 7579.289
max_wait_us = 140454
sites = 5
wait_hist_us = logarithmic buckets
  hist[0] = 11919
  hist[1] = 606
  hist[2] = 76
  hist[3] = 16
  hist[4] = 10
  hist[5] = 2
  hist[9] = 79
  hist[10] = 185
  hist[11] = 50
  hist[14] = 52
  hist[15] = 85
  hist[16] = 19
  hist[17] = 1
by_callsite (caller PC; symbolize with addr2line):
   0 caller=0x7cb3f512e0c2 calls=5358 total_ms=7574.765 avg_us=1413.730 max_us=140454
   1 caller=0x7cb3f513286c calls=4262 total_ms=1.787 avg_us=0.419 max_us=21
   2 caller=0x7cb3f513277c calls=1582 total_ms=1.418 avg_us=0.896 max_us=20
   3 caller=0x7cb3f513299d calls=1582 total_ms=0.663 avg_us=0.419 max_us=20
   4 caller=0x7cb3f5131732 calls=316 total_ms=0.656 avg_us=2.076 max_us=9
direct_cudaStreamSynchronize: calls=5876 total_ms=29.548 max_us=2480
by_direct_callsite (file:line):
   0 /opt/llama.cpp/ggml/src/ggml-cuda/ggml-cuda.cu:839 calls=5523 total_ms=23.423 avg_us=4.241 max_us=354
   1 /opt/llama.cpp/ggml/src/ggml-cuda/ggml-cuda.cu:900 calls=12 total_ms=5.793 avg_us=482.750 max_us=2480
   2 /opt/llama.cpp/ggml/src/ggml-cuda/ggml-cuda.cu:2665 calls=191 total_ms=0.214 avg_us=1.120 max_us=5
   3 /opt/llama.cpp/ggml/src/ggml-cuda/ggml-cuda.cu:847 calls=150 total_ms=0.118 avg_us=0.787 max_us=2
=== END CUDA SYNC PROFILE ===

=== CUDA SYNC PROFILE (instrumentation only) ===
total_syncs = 13153
total_wait_ms = 7647.605
max_wait_us = 140454
sites = 5
wait_hist_us = logarithmic buckets
  hist[0] = 11968
  hist[1] = 609
  hist[2] = 76
  hist[3] = 16
  hist[4] = 10
  hist[5] = 2
  hist[9] = 79
  hist[10] = 185
  hist[11] = 50
  hist[14] = 52
  hist[15] = 85
  hist[16] = 20
  hist[17] = 1
by_callsite (caller PC; symbolize with addr2line):
   0 caller=0x7cb3f512e0c2 calls=5381 total_ms=7643.063 avg_us=1420.380 max_us=140454
   1 caller=0x7cb3f513286c calls=4282 total_ms=1.797 avg_us=0.420 max_us=21
   2 caller=0x7cb3f513277c calls=1586 total_ms=1.421 avg_us=0.896 max_us=20
   3 caller=0x7cb3f513299d calls=1586 total_ms=0.664 avg_us=0.419 max_us=20
   4 caller=0x7cb3f5131732 calls=318 total_ms=0.660 avg_us=2.075 max_us=9
direct_cudaStreamSynchronize: calls=5900 total_ms=29.647 max_us=2480
by_direct_callsite (file:line):
   0 /opt/llama.cpp/ggml/src/ggml-cuda/ggml-cuda.cu:839 calls=5547 total_ms=23.522 avg_us=4.240 max_us=354
   1 /opt/llama.cpp/ggml/src/ggml-cuda/ggml-cuda.cu:900 calls=12 total_ms=5.793 avg_us=482.750 max_us=2480
   2 /opt/llama.cpp/ggml/src/ggml-cuda/ggml-cuda.cu:2665 calls=191 total_ms=0.214 avg_us=1.120 max_us=5
   3 /opt/llama.cpp/ggml/src/ggml-cuda/ggml-cuda.cu:847 calls=150 total_ms=0.118 avg_us=0.787 max_us=2
=== END CUDA SYNC PROFILE ===
backend-sync-trace: count=13200 backend=CUDA0 caller=ggml_backend_sched_graph_compute_async_ext+0xecc

=== CUDA SYNC PROFILE (instrumentation only) ===
total_syncs = 13200
total_wait_ms = 7650.322
max_wait_us = 140454
sites = 5
wait_hist_us = logarithmic buckets
  hist[0] = 12012
  hist[1] = 610
  hist[2] = 76
  hist[3] = 16
  hist[4] = 10
  hist[5] = 2
  hist[9] = 79
  hist[10] = 187
  hist[11] = 50
  hist[14] = 52
  hist[15] = 85
  hist[16] = 20
  hist[17] = 1
by_callsite (caller PC; symbolize with addr2line):
   0 caller=0x7cb3f512e0c2 calls=5395 total_ms=7645.765 avg_us=1417.195 max_us=140454
   1 caller=0x7cb3f513286c calls=4303 total_ms=1.805 avg_us=0.419 max_us=21
   2 caller=0x7cb3f513277c calls=1592 total_ms=1.424 avg_us=0.894 max_us=20
   3 caller=0x7cb3f513299d calls=1592 total_ms=0.668 avg_us=0.420 max_us=20
   4 caller=0x7cb3f5131732 calls=318 total_ms=0.660 avg_us=2.075 max_us=9
direct_cudaStreamSynchronize: calls=5925 total_ms=29.746 max_us=2480
by_direct_callsite (file:line):
   0 /opt/llama.cpp/ggml/src/ggml-cuda/ggml-cuda.cu:839 calls=5572 total_ms=23.621 avg_us=4.239 max_us=354
   1 /opt/llama.cpp/ggml/src/ggml-cuda/ggml-cuda.cu:900 calls=12 total_ms=5.793 avg_us=482.750 max_us=2480
   2 /opt/llama.cpp/ggml/src/ggml-cuda/ggml-cuda.cu:2665 calls=191 total_ms=0.214 avg_us=1.120 max_us=5
   3 /opt/llama.cpp/ggml/src/ggml-cuda/ggml-cuda.cu:847 calls=150 total_ms=0.118 avg_us=0.787 max_us=2
=== END CUDA SYNC PROFILE ===
backend-sync-trace: count=13300 backend=CUDA0 caller=ggml_backend_sched_synchronize+0x52

=== CUDA SYNC PROFILE (instrumentation only) ===
total_syncs = 13300
total_wait_ms = 7765.699
max_wait_us = 140454
sites = 5
wait_hist_us = logarithmic buckets
  hist[0] = 12104
  hist[1] = 614
  hist[2] = 76
  hist[3] = 16
  hist[4] = 10
  hist[5] = 2
  hist[9] = 80
  hist[10] = 188
  hist[11] = 50
  hist[14] = 52
  hist[15] = 87
  hist[16] = 20
  hist[17] = 1
by_callsite (caller PC; symbolize with addr2line):
   0 caller=0x7cb3f512e0c2 calls=5437 total_ms=7761.116 avg_us=1427.463 max_us=140454
   1 caller=0x7cb3f513286c calls=4334 total_ms=1.814 avg_us=0.419 max_us=21
   2 caller=0x7cb3f513277c calls=1604 total_ms=1.432 avg_us=0.893 max_us=20
   3 caller=0x7cb3f513299d calls=1604 total_ms=0.672 avg_us=0.419 max_us=20
   4 caller=0x7cb3f5131732 calls=321 total_ms=0.665 avg_us=2.072 max_us=9
direct_cudaStreamSynchronize: calls=5966 total_ms=29.916 max_us=2480
by_direct_callsite (file:line):
   0 /opt/llama.cpp/ggml/src/ggml-cuda/ggml-cuda.cu:839 calls=5613 total_ms=23.791 avg_us=4.239 max_us=354
   1 /opt/llama.cpp/ggml/src/ggml-cuda/ggml-cuda.cu:900 calls=12 total_ms=5.793 avg_us=482.750 max_us=2480
   2 /opt/llama.cpp/ggml/src/ggml-cuda/ggml-cuda.cu:2665 calls=191 total_ms=0.214 avg_us=1.120 max_us=5
   3 /opt/llama.cpp/ggml/src/ggml-cuda/ggml-cuda.cu:847 calls=150 total_ms=0.118 avg_us=0.787 max_us=2
=== END CUDA SYNC PROFILE ===

=== CUDA SYNC PROFILE (instrumentation only) ===
total_syncs = 13381
total_wait_ms = 7800.276
max_wait_us = 140454
sites = 5
wait_hist_us = logarithmic buckets
  hist[0] = 12178
  hist[1] = 618
  hist[2] = 76
  hist[3] = 16
  hist[4] = 10
  hist[5] = 2
  hist[9] = 82
  hist[10] = 188
  hist[11] = 50
  hist[14] = 53
  hist[15] = 87
  hist[16] = 20
  hist[17] = 1
by_callsite (caller PC; symbolize with addr2line):
   0 caller=0x7cb3f512e0c2 calls=5471 total_ms=7795.677 avg_us=1424.909 max_us=140454
   1 caller=0x7cb3f513286c calls=4359 total_ms=1.820 avg_us=0.418 max_us=21
   2 caller=0x7cb3f513277c calls=1614 total_ms=1.438 avg_us=0.891 max_us=20
   3 caller=0x7cb3f513299d calls=1614 total_ms=0.673 avg_us=0.417 max_us=20
   4 caller=0x7cb3f5131732 calls=323 total_ms=0.668 avg_us=2.068 max_us=9
direct_cudaStreamSynchronize: calls=6000 total_ms=30.052 max_us=2480
by_direct_callsite (file:line):
   0 /opt/llama.cpp/ggml/src/ggml-cuda/ggml-cuda.cu:839 calls=5647 total_ms=23.927 avg_us=4.237 max_us=354
   1 /opt/llama.cpp/ggml/src/ggml-cuda/ggml-cuda.cu:900 calls=12 total_ms=5.793 avg_us=482.750 max_us=2480
   2 /opt/llama.cpp/ggml/src/ggml-cuda/ggml-cuda.cu:2665 calls=191 total_ms=0.214 avg_us=1.120 max_us=5
   3 /opt/llama.cpp/ggml/src/ggml-cuda/ggml-cuda.cu:847 calls=150 total_ms=0.118 avg_us=0.787 max_us=2
=== END CUDA SYNC PROFILE ===
backend-sync-trace: count=13400 backend=CUDA0 caller=ggml_backend_sched_synchronize+0x52

=== CUDA SYNC PROFILE (instrumentation only) ===
total_syncs = 13400
total_wait_ms = 7800.287
max_wait_us = 140454
sites = 5
wait_hist_us = logarithmic buckets
  hist[0] = 12196
  hist[1] = 619
  hist[2] = 76
  hist[3] = 16
  hist[4] = 10
  hist[5] = 2
  hist[9] = 82
  hist[10] = 188
  hist[11] = 50
  hist[14] = 53
  hist[15] = 87
  hist[16] = 20
  hist[17] = 1
by_callsite (caller PC; symbolize with addr2line):
   0 caller=0x7cb3f512e0c2 calls=5488 total_ms=7795.686 avg_us=1420.497 max_us=140454
   1 caller=0x7cb3f513286c calls=4361 total_ms=1.822 avg_us=0.418 max_us=21
   2 caller=0x7cb3f513277c calls=1614 total_ms=1.438 avg_us=0.891 max_us=20
   3 caller=0x7cb3f513299d calls=1614 total_ms=0.673 avg_us=0.417 max_us=20
   4 caller=0x7cb3f5131732 calls=323 total_ms=0.668 avg_us=2.068 max_us=9
direct_cudaStreamSynchronize: calls=6001 total_ms=30.055 max_us=2480
by_direct_callsite (file:line):
   0 /opt/llama.cpp/ggml/src/ggml-cuda/ggml-cuda.cu:839 calls=5648 total_ms=23.930 avg_us=4.237 max_us=354
   1 /opt/llama.cpp/ggml/src/ggml-cuda/ggml-cuda.cu:900 calls=12 total_ms=5.793 avg_us=482.750 max_us=2480
   2 /opt/llama.cpp/ggml/src/ggml-cuda/ggml-cuda.cu:2665 calls=191 total_ms=0.214 avg_us=1.120 max_us=5
   3 /opt/llama.cpp/ggml/src/ggml-cuda/ggml-cuda.cu:847 calls=150 total_ms=0.118 avg_us=0.787 max_us=2
=== END CUDA SYNC PROFILE ===
backend-sync-trace: count=13500 backend=CUDA0 caller=ggml_backend_sched_synchronize+0x52

=== CUDA SYNC PROFILE (instrumentation only) ===
total_syncs = 13500
total_wait_ms = 7855.429
max_wait_us = 140454
sites = 5
wait_hist_us = logarithmic buckets
  hist[0] = 12286
  hist[1] = 625
  hist[2] = 76
  hist[3] = 16
  hist[4] = 10
  hist[5] = 2
  hist[9] = 83
  hist[10] = 188
  hist[11] = 52
  hist[14] = 53
  hist[15] = 88
  hist[16] = 20
  hist[17] = 1
by_callsite (caller PC; symbolize with addr2line):
   0 caller=0x7cb3f512e0c2 calls=5530 total_ms=7850.796 avg_us=1419.674 max_us=140454
   1 caller=0x7cb3f513286c calls=4392 total_ms=1.834 avg_us=0.418 max_us=21
   2 caller=0x7cb3f513277c calls=1626 total_ms=1.450 avg_us=0.892 max_us=20
   3 caller=0x7cb3f5131732 calls=326 total_ms=0.675 avg_us=2.071 max_us=9
   4 caller=0x7cb3f513299d calls=1626 total_ms=0.674 avg_us=0.415 max_us=20
direct_cudaStreamSynchronize: calls=6042 total_ms=30.226 max_us=2480
by_direct_callsite (file:line):
   0 /opt/llama.cpp/ggml/src/ggml-cuda/ggml-cuda.cu:839 calls=5689 total_ms=24.101 avg_us=4.236 max_us=354
   1 /opt/llama.cpp/ggml/src/ggml-cuda/ggml-cuda.cu:900 calls=12 total_ms=5.793 avg_us=482.750 max_us=2480
   2 /opt/llama.cpp/ggml/src/ggml-cuda/ggml-cuda.cu:2665 calls=191 total_ms=0.214 avg_us=1.120 max_us=5
   3 /opt/llama.cpp/ggml/src/ggml-cuda/ggml-cuda.cu:847 calls=150 total_ms=0.118 avg_us=0.787 max_us=2
=== END CUDA SYNC PROFILE ===
backend-sync-trace: count=13600 backend=CUDA0 caller=ggml_backend_sched_graph_compute_async_ext+0xddc

=== CUDA SYNC PROFILE (instrumentation only) ===
total_syncs = 13600
total_wait_ms = 7907.224
max_wait_us = 140454
sites = 5
wait_hist_us = logarithmic buckets
  hist[0] = 12376
  hist[1] = 630
  hist[2] = 77
  hist[3] = 16
  hist[4] = 10
  hist[5] = 2
  hist[9] = 83
  hist[10] = 191
  hist[11] = 52
  hist[14] = 53
  hist[15] = 89
  hist[16] = 20
  hist[17] = 1
by_callsite (caller PC; symbolize with addr2line):
   0 caller=0x7cb3f512e0c2 calls=5568 total_ms=7902.557 avg_us=1419.281 max_us=140454
   1 caller=0x7cb3f513286c calls=4423 total_ms=1.842 avg_us=0.416 max_us=21
   2 caller=0x7cb3f513277c calls=1641 total_ms=1.466 avg_us=0.893 max_us=20
   3 caller=0x7cb3f5131732 calls=328 total_ms=0.680 avg_us=2.073 max_us=9
   4 caller=0x7cb3f513299d calls=1640 total_ms=0.679 avg_us=0.414 max_us=20
direct_cudaStreamSynchronize: calls=6085 total_ms=30.411 max_us=2480
by_direct_callsite (file:line):
   0 /opt/llama.cpp/ggml/src/ggml-cuda/ggml-cuda.cu:839 calls=5732 total_ms=24.286 avg_us=4.237 max_us=354
   1 /opt/llama.cpp/ggml/src/ggml-cuda/ggml-cuda.cu:900 calls=12 total_ms=5.793 avg_us=482.750 max_us=2480
   2 /opt/llama.cpp/ggml/src/ggml-cuda/ggml-cuda.cu:2665 calls=191 total_ms=0.214 avg_us=1.120 max_us=5
   3 /opt/llama.cpp/ggml/src/ggml-cuda/ggml-cuda.cu:847 calls=150 total_ms=0.118 avg_us=0.787 max_us=2
=== END CUDA SYNC PROFILE ===

=== CUDA SYNC PROFILE (instrumentation only) ===
total_syncs = 13617
total_wait_ms = 7907.233
max_wait_us = 140454
sites = 5
wait_hist_us = logarithmic buckets
  hist[0] = 12393
  hist[1] = 630
  hist[2] = 77
  hist[3] = 16
  hist[4] = 10
  hist[5] = 2
  hist[9] = 83
  hist[10] = 191
  hist[11] = 52
  hist[14] = 53
  hist[15] = 89
  hist[16] = 20
  hist[17] = 1
by_callsite (caller PC; symbolize with addr2line):
   0 caller=0x7cb3f512e0c2 calls=5568 total_ms=7902.557 avg_us=1419.281 max_us=140454
   1 caller=0x7cb3f513286c calls=4437 total_ms=1.850 avg_us=0.417 max_us=21
   2 caller=0x7cb3f513277c calls=1642 total_ms=1.466 avg_us=0.893 max_us=20
   3 caller=0x7cb3f5131732 calls=328 total_ms=0.680 avg_us=2.073 max_us=9
   4 caller=0x7cb3f513299d calls=1642 total_ms=0.680 avg_us=0.414 max_us=20
direct_cudaStreamSynchronize: calls=6100 total_ms=30.489 max_us=2480
by_direct_callsite (file:line):
   0 /opt/llama.cpp/ggml/src/ggml-cuda/ggml-cuda.cu:839 calls=5747 total_ms=24.364 avg_us=4.239 max_us=354
   1 /opt/llama.cpp/ggml/src/ggml-cuda/ggml-cuda.cu:900 calls=12 total_ms=5.793 avg_us=482.750 max_us=2480
   2 /opt/llama.cpp/ggml/src/ggml-cuda/ggml-cuda.cu:2665 calls=191 total_ms=0.214 avg_us=1.120 max_us=5
   3 /opt/llama.cpp/ggml/src/ggml-cuda/ggml-cuda.cu:847 calls=150 total_ms=0.118 avg_us=0.787 max_us=2
=== END CUDA SYNC PROFILE ===
backend-sync-trace: count=13700 backend=CUDA0 caller=ggml_backend_sched_graph_compute_async_ext+0xecc

=== CUDA SYNC PROFILE (instrumentation only) ===
total_syncs = 13700
total_wait_ms = 7971.222
max_wait_us = 140454
sites = 5
wait_hist_us = logarithmic buckets
  hist[0] = 12469
  hist[1] = 633
  hist[2] = 78
  hist[3] = 16
  hist[4] = 10
  hist[5] = 2
  hist[9] = 83
  hist[10] = 192
  hist[11] = 53
  hist[14] = 53
  hist[15] = 90
  hist[16] = 20
  hist[17] = 1
by_callsite (caller PC; symbolize with addr2line):
   0 caller=0x7cb3f512e0c2 calls=5605 total_ms=7966.520 avg_us=1421.324 max_us=140454
   1 caller=0x7cb3f513286c calls=4461 total_ms=1.859 avg_us=0.417 max_us=21
   2 caller=0x7cb3f513277c calls=1652 total_ms=1.475 avg_us=0.893 max_us=20
   3 caller=0x7cb3f5131732 calls=330 total_ms=0.684 avg_us=2.073 max_us=9
   4 caller=0x7cb3f513299d calls=1652 total_ms=0.684 avg_us=0.414 max_us=20
direct_cudaStreamSynchronize: calls=6131 total_ms=30.616 max_us=2480
by_direct_callsite (file:line):
   0 /opt/llama.cpp/ggml/src/ggml-cuda/ggml-cuda.cu:839 calls=5778 total_ms=24.491 avg_us=4.239 max_us=354
   1 /opt/llama.cpp/ggml/src/ggml-cuda/ggml-cuda.cu:900 calls=12 total_ms=5.793 avg_us=482.750 max_us=2480
   2 /opt/llama.cpp/ggml/src/ggml-cuda/ggml-cuda.cu:2665 calls=191 total_ms=0.214 avg_us=1.120 max_us=5
   3 /opt/llama.cpp/ggml/src/ggml-cuda/ggml-cuda.cu:847 calls=150 total_ms=0.118 avg_us=0.787 max_us=2
=== END CUDA SYNC PROFILE ===
backend-sync-trace: count=13800 backend=CUDA0 caller=ggml_backend_sched_graph_compute_async_ext+0xecc

=== CUDA SYNC PROFILE (instrumentation only) ===
total_syncs = 13800
total_wait_ms = 8110.277
max_wait_us = 140454
sites = 5
wait_hist_us = logarithmic buckets
  hist[0] = 12563
  hist[1] = 635
  hist[2] = 78
  hist[3] = 16
  hist[4] = 10
  hist[5] = 2
  hist[9] = 83
  hist[10] = 193
  hist[11] = 54
  hist[14] = 53
  hist[15] = 91
  hist[16] = 21
  hist[17] = 1
by_callsite (caller PC; symbolize with addr2line):
   0 caller=0x7cb3f512e0c2 calls=5644 total_ms=8105.542 avg_us=1436.134 max_us=140454
   1 caller=0x7cb3f513286c calls=4495 total_ms=1.874 avg_us=0.417 max_us=21
   2 caller=0x7cb3f513277c calls=1664 total_ms=1.485 avg_us=0.892 max_us=20
   3 caller=0x7cb3f5131732 calls=333 total_ms=0.688 avg_us=2.066 max_us=9
   4 caller=0x7cb3f513299d calls=1664 total_ms=0.688 avg_us=0.413 max_us=20
direct_cudaStreamSynchronize: calls=6175 total_ms=30.796 max_us=2480
by_direct_callsite (file:line):
   0 /opt/llama.cpp/ggml/src/ggml-cuda/ggml-cuda.cu:839 calls=5822 total_ms=24.671 avg_us=4.238 max_us=354
   1 /opt/llama.cpp/ggml/src/ggml-cuda/ggml-cuda.cu:900 calls=12 total_ms=5.793 avg_us=482.750 max_us=2480
   2 /opt/llama.cpp/ggml/src/ggml-cuda/ggml-cuda.cu:2665 calls=191 total_ms=0.214 avg_us=1.120 max_us=5
   3 /opt/llama.cpp/ggml/src/ggml-cuda/ggml-cuda.cu:847 calls=150 total_ms=0.118 avg_us=0.787 max_us=2
=== END CUDA SYNC PROFILE ===

=== CUDA SYNC PROFILE (instrumentation only) ===
total_syncs = 13870
total_wait_ms = 8113.306
max_wait_us = 140454
sites = 5
wait_hist_us = logarithmic buckets
  hist[0] = 12629
  hist[1] = 637
  hist[2] = 78
  hist[3] = 16
  hist[4] = 10
  hist[5] = 2
  hist[9] = 83
  hist[10] = 195
  hist[11] = 54
  hist[14] = 53
  hist[15] = 91
  hist[16] = 21
  hist[17] = 1
by_callsite (caller PC; symbolize with addr2line):
   0 caller=0x7cb3f512e0c2 calls=5679 total_ms=8108.553 avg_us=1427.814 max_us=140454
   1 caller=0x7cb3f513286c calls=4513 total_ms=1.881 avg_us=0.417 max_us=21
   2 caller=0x7cb3f513277c calls=1672 total_ms=1.491 avg_us=0.892 max_us=20
   3 caller=0x7cb3f513299d calls=1672 total_ms=0.691 avg_us=0.413 max_us=20
   4 caller=0x7cb3f5131732 calls=334 total_ms=0.690 avg_us=2.066 max_us=9
direct_cudaStreamSynchronize: calls=6200 total_ms=30.897 max_us=2480
by_direct_callsite (file:line):
   0 /opt/llama.cpp/ggml/src/ggml-cuda/ggml-cuda.cu:839 calls=5847 total_ms=24.772 avg_us=4.237 max_us=354
   1 /opt/llama.cpp/ggml/src/ggml-cuda/ggml-cuda.cu:900 calls=12 total_ms=5.793 avg_us=482.750 max_us=2480
   2 /opt/llama.cpp/ggml/src/ggml-cuda/ggml-cuda.cu:2665 calls=191 total_ms=0.214 avg_us=1.120 max_us=5
   3 /opt/llama.cpp/ggml/src/ggml-cuda/ggml-cuda.cu:847 calls=150 total_ms=0.118 avg_us=0.787 max_us=2
=== END CUDA SYNC PROFILE ===
backend-sync-trace: count=13900 backend=CUDA0 caller=ggml_backend_sched_synchronize+0x52

=== CUDA SYNC PROFILE (instrumentation only) ===
total_syncs = 13900
total_wait_ms = 8157.116
max_wait_us = 140454
sites = 5
wait_hist_us = logarithmic buckets
  hist[0] = 12656
  hist[1] = 639
  hist[2] = 78
  hist[3] = 16
  hist[4] = 10
  hist[5] = 2
  hist[9] = 83
  hist[10] = 195
  hist[11] = 54
  hist[14] = 53
  hist[15] = 92
  hist[16] = 21
  hist[17] = 1
by_callsite (caller PC; symbolize with addr2line):
   0 caller=0x7cb3f512e0c2 calls=5694 total_ms=8152.355 avg_us=1431.745 max_us=140454
   1 caller=0x7cb3f513286c calls=4523 total_ms=1.885 avg_us=0.417 max_us=21
   2 caller=0x7cb3f513277c calls=1674 total_ms=1.492 avg_us=0.891 max_us=20
   3 caller=0x7cb3f5131732 calls=335 total_ms=0.692 avg_us=2.066 max_us=9
   4 caller=0x7cb3f513299d calls=1674 total_ms=0.692 avg_us=0.413 max_us=20
direct_cudaStreamSynchronize: calls=6211 total_ms=30.940 max_us=2480
by_direct_callsite (file:line):
   0 /opt/llama.cpp/ggml/src/ggml-cuda/ggml-cuda.cu:839 calls=5858 total_ms=24.815 avg_us=4.236 max_us=354
   1 /opt/llama.cpp/ggml/src/ggml-cuda/ggml-cuda.cu:900 calls=12 total_ms=5.793 avg_us=482.750 max_us=2480
   2 /opt/llama.cpp/ggml/src/ggml-cuda/ggml-cuda.cu:2665 calls=191 total_ms=0.214 avg_us=1.120 max_us=5
   3 /opt/llama.cpp/ggml/src/ggml-cuda/ggml-cuda.cu:847 calls=150 total_ms=0.118 avg_us=0.787 max_us=2
=== END CUDA SYNC PROFILE ===
backend-sync-trace: count=14000 backend=CUDA0 caller=ggml_backend_sched_graph_compute_async_ext+0xecc

=== CUDA SYNC PROFILE (instrumentation only) ===
total_syncs = 14000
total_wait_ms = 8220.892
max_wait_us = 140454
sites = 5
wait_hist_us = logarithmic buckets
  hist[0] = 12747
  hist[1] = 644
  hist[2] = 78
  hist[3] = 16
  hist[4] = 10
  hist[5] = 2
  hist[9] = 83
  hist[10] = 198
  hist[11] = 54
  hist[14] = 53
  hist[15] = 93
  hist[16] = 21
  hist[17] = 1
by_callsite (caller PC; symbolize with addr2line):
   0 caller=0x7cb3f512e0c2 calls=5728 total_ms=8216.098 avg_us=1434.375 max_us=140454
   1 caller=0x7cb3f513286c calls=4558 total_ms=1.899 avg_us=0.417 max_us=21
   2 caller=0x7cb3f513277c calls=1688 total_ms=1.501 avg_us=0.889 max_us=20
   3 caller=0x7cb3f5131732 calls=338 total_ms=0.698 avg_us=2.065 max_us=9
   4 caller=0x7cb3f513299d calls=1688 total_ms=0.696 avg_us=0.412 max_us=20
direct_cudaStreamSynchronize: calls=6257 total_ms=31.139 max_us=2480
by_direct_callsite (file:line):
   0 /opt/llama.cpp/ggml/src/ggml-cuda/ggml-cuda.cu:839 calls=5904 total_ms=25.014 avg_us=4.237 max_us=354
   1 /opt/llama.cpp/ggml/src/ggml-cuda/ggml-cuda.cu:900 calls=12 total_ms=5.793 avg_us=482.750 max_us=2480
   2 /opt/llama.cpp/ggml/src/ggml-cuda/ggml-cuda.cu:2665 calls=191 total_ms=0.214 avg_us=1.120 max_us=5
   3 /opt/llama.cpp/ggml/src/ggml-cuda/ggml-cuda.cu:847 calls=150 total_ms=0.118 avg_us=0.787 max_us=2
=== END CUDA SYNC PROFILE ===
backend-sync-trace: count=14100 backend=CUDA0 caller=ggml_backend_sched_graph_compute_async_ext+0xddc

=== CUDA SYNC PROFILE (instrumentation only) ===
total_syncs = 14100
total_wait_ms = 8270.683
max_wait_us = 140454
sites = 5
wait_hist_us = logarithmic buckets
  hist[0] = 12838
  hist[1] = 649
  hist[2] = 78
  hist[3] = 16
  hist[4] = 10
  hist[5] = 2
  hist[9] = 84
  hist[10] = 200
  hist[11] = 54
  hist[14] = 53
  hist[15] = 94
  hist[16] = 21
  hist[17] = 1
by_callsite (caller PC; symbolize with addr2line):
   0 caller=0x7cb3f512e0c2 calls=5772 total_ms=8265.864 avg_us=1432.062 max_us=140454
   1 caller=0x7cb3f513286c calls=4585 total_ms=1.904 avg_us=0.415 max_us=21
   2 caller=0x7cb3f513277c calls=1702 total_ms=1.512 avg_us=0.888 max_us=20
   3 caller=0x7cb3f513299d calls=1701 total_ms=0.702 avg_us=0.413 max_us=20
   4 caller=0x7cb3f5131732 calls=340 total_ms=0.701 avg_us=2.062 max_us=9
direct_cudaStreamSynchronize: calls=6295 total_ms=31.293 max_us=2480
by_direct_callsite (file:line):
   0 /opt/llama.cpp/ggml/src/ggml-cuda/ggml-cuda.cu:839 calls=5942 total_ms=25.168 avg_us=4.236 max_us=354
   1 /opt/llama.cpp/ggml/src/ggml-cuda/ggml-cuda.cu:900 calls=12 total_ms=5.793 avg_us=482.750 max_us=2480
   2 /opt/llama.cpp/ggml/src/ggml-cuda/ggml-cuda.cu:2665 calls=191 total_ms=0.214 avg_us=1.120 max_us=5
   3 /opt/llama.cpp/ggml/src/ggml-cuda/ggml-cuda.cu:847 calls=150 total_ms=0.118 avg_us=0.787 max_us=2
=== END CUDA SYNC PROFILE ===

=== CUDA SYNC PROFILE (instrumentation only) ===
total_syncs = 14105
total_wait_ms = 8270.686
max_wait_us = 140454
sites = 5
wait_hist_us = logarithmic buckets
  hist[0] = 12843
  hist[1] = 649
  hist[2] = 78
  hist[3] = 16
  hist[4] = 10
  hist[5] = 2
  hist[9] = 84
  hist[10] = 200
  hist[11] = 54
  hist[14] = 53
  hist[15] = 94
  hist[16] = 21
  hist[17] = 1
by_callsite (caller PC; symbolize with addr2line):
   0 caller=0x7cb3f512e0c2 calls=5772 total_ms=8265.864 avg_us=1432.062 max_us=140454
   1 caller=0x7cb3f513286c calls=4589 total_ms=1.906 avg_us=0.415 max_us=21
   2 caller=0x7cb3f513277c calls=1702 total_ms=1.512 avg_us=0.888 max_us=20
   3 caller=0x7cb3f513299d calls=1702 total_ms=0.703 avg_us=0.413 max_us=20
   4 caller=0x7cb3f5131732 calls=340 total_ms=0.701 avg_us=2.062 max_us=9
direct_cudaStreamSynchronize: calls=6300 total_ms=31.330 max_us=2480
by_direct_callsite (file:line):
   0 /opt/llama.cpp/ggml/src/ggml-cuda/ggml-cuda.cu:839 calls=5947 total_ms=25.205 avg_us=4.238 max_us=354
   1 /opt/llama.cpp/ggml/src/ggml-cuda/ggml-cuda.cu:900 calls=12 total_ms=5.793 avg_us=482.750 max_us=2480
   2 /opt/llama.cpp/ggml/src/ggml-cuda/ggml-cuda.cu:2665 calls=191 total_ms=0.214 avg_us=1.120 max_us=5
   3 /opt/llama.cpp/ggml/src/ggml-cuda/ggml-cuda.cu:847 calls=150 total_ms=0.118 avg_us=0.787 max_us=2
=== END CUDA SYNC PROFILE ===
backend-sync-trace: count=14200 backend=CUDA0 caller=ggml_backend_sched_graph_compute_async_ext+0xecc

=== CUDA SYNC PROFILE (instrumentation only) ===
total_syncs = 14200
total_wait_ms = 8312.725
max_wait_us = 140454
sites = 5
wait_hist_us = logarithmic buckets
  hist[0] = 12932
  hist[1] = 652
  hist[2] = 78
  hist[3] = 16
  hist[4] = 10
  hist[5] = 2
  hist[9] = 84
  hist[10] = 201
  hist[11] = 55
  hist[14] = 53
  hist[15] = 95
  hist[16] = 21
  hist[17] = 1
by_callsite (caller PC; symbolize with addr2line):
   0 caller=0x7cb3f512e0c2 calls=5809 total_ms=8307.879 avg_us=1430.174 max_us=140454
   1 caller=0x7cb3f513286c calls=4625 total_ms=1.917 avg_us=0.414 max_us=21
   2 caller=0x7cb3f513277c calls=1712 total_ms=1.519 avg_us=0.887 max_us=20
   3 caller=0x7cb3f513299d calls=1712 total_ms=0.706 avg_us=0.412 max_us=20
   4 caller=0x7cb3f5131732 calls=342 total_ms=0.704 avg_us=2.058 max_us=9
direct_cudaStreamSynchronize: calls=6343 total_ms=31.516 max_us=2480
by_direct_callsite (file:line):
   0 /opt/llama.cpp/ggml/src/ggml-cuda/ggml-cuda.cu:839 calls=5990 total_ms=25.391 avg_us=4.239 max_us=354
   1 /opt/llama.cpp/ggml/src/ggml-cuda/ggml-cuda.cu:900 calls=12 total_ms=5.793 avg_us=482.750 max_us=2480
   2 /opt/llama.cpp/ggml/src/ggml-cuda/ggml-cuda.cu:2665 calls=191 total_ms=0.214 avg_us=1.120 max_us=5
   3 /opt/llama.cpp/ggml/src/ggml-cuda/ggml-cuda.cu:847 calls=150 total_ms=0.118 avg_us=0.787 max_us=2
=== END CUDA SYNC PROFILE ===
backend-sync-trace: count=14300 backend=CUDA0 caller=ggml_backend_sched_synchronize+0x52

=== CUDA SYNC PROFILE (instrumentation only) ===
total_syncs = 14300
total_wait_ms = 8458.404
max_wait_us = 140454
sites = 5
wait_hist_us = logarithmic buckets
  hist[0] = 13025
  hist[1] = 655
  hist[2] = 78
  hist[3] = 16
  hist[4] = 10
  hist[5] = 2
  hist[9] = 84
  hist[10] = 202
  hist[11] = 56
  hist[14] = 53
  hist[15] = 96
  hist[16] = 22
  hist[17] = 1
by_callsite (caller PC; symbolize with addr2line):
   0 caller=0x7cb3f512e0c2 calls=5849 total_ms=8453.522 avg_us=1445.294 max_us=140454
   1 caller=0x7cb3f513286c calls=4658 total_ms=1.935 avg_us=0.415 max_us=21
   2 caller=0x7cb3f513277c calls=1724 total_ms=1.527 avg_us=0.886 max_us=20
   3 caller=0x7cb3f513299d calls=1724 total_ms=0.711 avg_us=0.412 max_us=20
   4 caller=0x7cb3f5131732 calls=345 total_ms=0.709 avg_us=2.055 max_us=9
direct_cudaStreamSynchronize: calls=6386 total_ms=31.689 max_us=2480
by_direct_callsite (file:line):
   0 /opt/llama.cpp/ggml/src/ggml-cuda/ggml-cuda.cu:839 calls=6033 total_ms=25.564 avg_us=4.237 max_us=354
   1 /opt/llama.cpp/ggml/src/ggml-cuda/ggml-cuda.cu:900 calls=12 total_ms=5.793 avg_us=482.750 max_us=2480
   2 /opt/llama.cpp/ggml/src/ggml-cuda/ggml-cuda.cu:2665 calls=191 total_ms=0.214 avg_us=1.120 max_us=5
   3 /opt/llama.cpp/ggml/src/ggml-cuda/ggml-cuda.cu:847 calls=150 total_ms=0.118 avg_us=0.787 max_us=2
=== END CUDA SYNC PROFILE ===

=== CUDA SYNC PROFILE (instrumentation only) ===
total_syncs = 14349
total_wait_ms = 8460.579
max_wait_us = 140454
sites = 5
wait_hist_us = logarithmic buckets
  hist[0] = 13067
  hist[1] = 659
  hist[2] = 78
  hist[3] = 17
  hist[4] = 10
  hist[5] = 2
  hist[9] = 85
  hist[10] = 203
  hist[11] = 56
  hist[14] = 53
  hist[15] = 96
  hist[16] = 22
  hist[17] = 1
by_callsite (caller PC; symbolize with addr2line):
   0 caller=0x7cb3f512e0c2 calls=5877 total_ms=8455.669 avg_us=1438.773 max_us=140454
   1 caller=0x7cb3f513286c calls=4666 total_ms=1.938 avg_us=0.415 max_us=21
   2 caller=0x7cb3f513277c calls=1730 total_ms=1.546 avg_us=0.894 max_us=20
   3 caller=0x7cb3f513299d calls=1730 total_ms=0.715 avg_us=0.413 max_us=20
   4 caller=0x7cb3f5131732 calls=346 total_ms=0.711 avg_us=2.055 max_us=9
direct_cudaStreamSynchronize: calls=6400 total_ms=31.738 max_us=2480
by_direct_callsite (file:line):
   0 /opt/llama.cpp/ggml/src/ggml-cuda/ggml-cuda.cu:839 calls=6047 total_ms=25.613 avg_us=4.236 max_us=354
   1 /opt/llama.cpp/ggml/src/ggml-cuda/ggml-cuda.cu:900 calls=12 total_ms=5.793 avg_us=482.750 max_us=2480
   2 /opt/llama.cpp/ggml/src/ggml-cuda/ggml-cuda.cu:2665 calls=191 total_ms=0.214 avg_us=1.120 max_us=5
   3 /opt/llama.cpp/ggml/src/ggml-cuda/ggml-cuda.cu:847 calls=150 total_ms=0.118 avg_us=0.787 max_us=2
=== END CUDA SYNC PROFILE ===
backend-sync-trace: count=14400 backend=CUDA0 caller=ggml_backend_sched_graph_compute_async_ext+0xecc

=== CUDA SYNC PROFILE (instrumentation only) ===
total_syncs = 14400
total_wait_ms = 8508.569
max_wait_us = 140454
sites = 5
wait_hist_us = logarithmic buckets
  hist[0] = 13104
  hist[1] = 672
  hist[2] = 78
  hist[3] = 17
  hist[4] = 10
  hist[5] = 2
  hist[9] = 85
  hist[10] = 203
  hist[11] = 56
  hist[14] = 53
  hist[15] = 97
  hist[16] = 22
  hist[17] = 1
by_callsite (caller PC; symbolize with addr2line):
   0 caller=0x7cb3f512e0c2 calls=5894 total_ms=8503.620 avg_us=1442.759 max_us=140454
   1 caller=0x7cb3f513286c calls=4686 total_ms=1.962 avg_us=0.419 max_us=21
   2 caller=0x7cb3f513277c calls=1736 total_ms=1.552 avg_us=0.894 max_us=20
   3 caller=0x7cb3f513299d calls=1736 total_ms=0.720 avg_us=0.415 max_us=20
   4 caller=0x7cb3f5131732 calls=348 total_ms=0.715 avg_us=2.055 max_us=9
direct_cudaStreamSynchronize: calls=6423 total_ms=31.858 max_us=2480
by_direct_callsite (file:line):
   0 /opt/llama.cpp/ggml/src/ggml-cuda/ggml-cuda.cu:839 calls=6070 total_ms=25.733 avg_us=4.239 max_us=354
   1 /opt/llama.cpp/ggml/src/ggml-cuda/ggml-cuda.cu:900 calls=12 total_ms=5.793 avg_us=482.750 max_us=2480
   2 /opt/llama.cpp/ggml/src/ggml-cuda/ggml-cuda.cu:2665 calls=191 total_ms=0.214 avg_us=1.120 max_us=5
   3 /opt/llama.cpp/ggml/src/ggml-cuda/ggml-cuda.cu:847 calls=150 total_ms=0.118 avg_us=0.787 max_us=2
=== END CUDA SYNC PROFILE ===
1.15.101.181 I slot print_timing: id  0 | task 0 | n_gen =    406, tg =  44.13 t/s, tg_3s =  44.24 t/s
backend-sync-trace: count=14500 backend=CUDA0 caller=ggml_backend_sched_graph_compute_async_ext+0xffd

=== CUDA SYNC PROFILE (instrumentation only) ===
total_syncs = 14500
total_wait_ms = 8546.657
max_wait_us = 140454
sites = 5
wait_hist_us = logarithmic buckets
  hist[0] = 13195
  hist[1] = 677
  hist[2] = 78
  hist[3] = 17
  hist[4] = 10
  hist[5] = 2
  hist[9] = 85
  hist[10] = 206
  hist[11] = 56
  hist[14] = 53
  hist[15] = 98
  hist[16] = 22
  hist[17] = 1
by_callsite (caller PC; symbolize with addr2line):
   0 caller=0x7cb3f512e0c2 calls=5938 total_ms=8541.675 avg_us=1438.477 max_us=140454
   1 caller=0x7cb3f513286c calls=4716 total_ms=1.979 avg_us=0.420 max_us=21
   2 caller=0x7cb3f513277c calls=1748 total_ms=1.560 avg_us=0.892 max_us=20
   3 caller=0x7cb3f513299d calls=1748 total_ms=0.724 avg_us=0.414 max_us=20
   4 caller=0x7cb3f5131732 calls=350 total_ms=0.719 avg_us=2.054 max_us=9
direct_cudaStreamSynchronize: calls=6463 total_ms=32.012 max_us=2480
by_direct_callsite (file:line):
   0 /opt/llama.cpp/ggml/src/ggml-cuda/ggml-cuda.cu:839 calls=6110 total_ms=25.887 avg_us=4.237 max_us=354
   1 /opt/llama.cpp/ggml/src/ggml-cuda/ggml-cuda.cu:900 calls=12 total_ms=5.793 avg_us=482.750 max_us=2480
   2 /opt/llama.cpp/ggml/src/ggml-cuda/ggml-cuda.cu:2665 calls=191 total_ms=0.214 avg_us=1.120 max_us=5
   3 /opt/llama.cpp/ggml/src/ggml-cuda/ggml-cuda.cu:847 calls=150 total_ms=0.118 avg_us=0.787 max_us=2
=== END CUDA SYNC PROFILE ===

=== CUDA SYNC PROFILE (instrumentation only) ===
total_syncs = 14575
total_wait_ms = 8601.891
max_wait_us = 140454
sites = 5
wait_hist_us = logarithmic buckets
  hist[0] = 13264
  hist[1] = 680
  hist[2] = 78
  hist[3] = 17
  hist[4] = 10
  hist[5] = 2
  hist[9] = 86
  hist[10] = 207
  hist[11] = 56
  hist[14] = 53
  hist[15] = 99
  hist[16] = 22
  hist[17] = 1
by_callsite (caller PC; symbolize with addr2line):
   0 caller=0x7cb3f512e0c2 calls=5963 total_ms=8596.889 avg_us=1441.705 max_us=140454
   1 caller=0x7cb3f513286c calls=4744 total_ms=1.988 avg_us=0.419 max_us=21
   2 caller=0x7cb3f513277c calls=1758 total_ms=1.567 avg_us=0.891 max_us=20
   3 caller=0x7cb3f513299d calls=1758 total_ms=0.725 avg_us=0.412 max_us=20
   4 caller=0x7cb3f5131732 calls=352 total_ms=0.722 avg_us=2.051 max_us=9
direct_cudaStreamSynchronize: calls=6500 total_ms=32.163 max_us=2480
by_direct_callsite (file:line):
   0 /opt/llama.cpp/ggml/src/ggml-cuda/ggml-cuda.cu:839 calls=6147 total_ms=26.038 avg_us=4.236 max_us=354
   1 /opt/llama.cpp/ggml/src/ggml-cuda/ggml-cuda.cu:900 calls=12 total_ms=5.793 avg_us=482.750 max_us=2480
   2 /opt/llama.cpp/ggml/src/ggml-cuda/ggml-cuda.cu:2665 calls=191 total_ms=0.214 avg_us=1.120 max_us=5
   3 /opt/llama.cpp/ggml/src/ggml-cuda/ggml-cuda.cu:847 calls=150 total_ms=0.118 avg_us=0.787 max_us=2
=== END CUDA SYNC PROFILE ===
backend-sync-trace: count=14600 backend=CUDA0 caller=ggml_backend_sched_graph_compute_async_ext+0xecc

=== CUDA SYNC PROFILE (instrumentation only) ===
total_syncs = 14600
total_wait_ms = 8603.953
max_wait_us = 140454
sites = 5
wait_hist_us = logarithmic buckets
  hist[0] = 13287
  hist[1] = 681
  hist[2] = 78
  hist[3] = 17
  hist[4] = 10
  hist[5] = 2
  hist[9] = 86
  hist[10] = 207
  hist[11] = 57
  hist[14] = 53
  hist[15] = 99
  hist[16] = 22
  hist[17] = 1
by_callsite (caller PC; symbolize with addr2line):
   0 caller=0x7cb3f512e0c2 calls=5970 total_ms=8598.945 avg_us=1440.359 max_us=140454
   1 caller=0x7cb3f513286c calls=4754 total_ms=1.990 avg_us=0.419 max_us=21
   2 caller=0x7cb3f513277c calls=1762 total_ms=1.571 avg_us=0.892 max_us=20
   3 caller=0x7cb3f513299d calls=1762 total_ms=0.725 avg_us=0.411 max_us=20
   4 caller=0x7cb3f5131732 calls=352 total_ms=0.722 avg_us=2.051 max_us=9
direct_cudaStreamSynchronize: calls=6512 total_ms=32.248 max_us=2480
by_direct_callsite (file:line):
   0 /opt/llama.cpp/ggml/src/ggml-cuda/ggml-cuda.cu:839 calls=6159 total_ms=26.123 avg_us=4.241 max_us=354
   1 /opt/llama.cpp/ggml/src/ggml-cuda/ggml-cuda.cu:900 calls=12 total_ms=5.793 avg_us=482.750 max_us=2480
   2 /opt/llama.cpp/ggml/src/ggml-cuda/ggml-cuda.cu:2665 calls=191 total_ms=0.214 avg_us=1.120 max_us=5
   3 /opt/llama.cpp/ggml/src/ggml-cuda/ggml-cuda.cu:847 calls=150 total_ms=0.118 avg_us=0.787 max_us=2
=== END CUDA SYNC PROFILE ===
backend-sync-trace: count=14700 backend=CUDA0 caller=ggml_backend_sched_synchronize+0x52

=== CUDA SYNC PROFILE (instrumentation only) ===
total_syncs = 14700
total_wait_ms = 8715.579
max_wait_us = 140454
sites = 5
wait_hist_us = logarithmic buckets
  hist[0] = 13378
  hist[1] = 685
  hist[2] = 79
  hist[3] = 17
  hist[4] = 10
  hist[5] = 2
  hist[9] = 87
  hist[10] = 208
  hist[11] = 57
  hist[14] = 53
  hist[15] = 100
  hist[16] = 23
  hist[17] = 1
by_callsite (caller PC; symbolize with addr2line):
   0 caller=0x7cb3f512e0c2 calls=6004 total_ms=8710.536 avg_us=1450.789 max_us=140454
   1 caller=0x7cb3f513286c calls=4793 total_ms=2.003 avg_us=0.418 max_us=21
   2 caller=0x7cb3f513277c calls=1774 total_ms=1.581 avg_us=0.891 max_us=20
   3 caller=0x7cb3f513299d calls=1774 total_ms=0.732 avg_us=0.413 max_us=20
   4 caller=0x7cb3f5131732 calls=355 total_ms=0.727 avg_us=2.048 max_us=9
direct_cudaStreamSynchronize: calls=6561 total_ms=32.451 max_us=2480
by_direct_callsite (file:line):
   0 /opt/llama.cpp/ggml/src/ggml-cuda/ggml-cuda.cu:839 calls=6208 total_ms=26.326 avg_us=4.241 max_us=354
   1 /opt/llama.cpp/ggml/src/ggml-cuda/ggml-cuda.cu:900 calls=12 total_ms=5.793 avg_us=482.750 max_us=2480
   2 /opt/llama.cpp/ggml/src/ggml-cuda/ggml-cuda.cu:2665 calls=191 total_ms=0.214 avg_us=1.120 max_us=5
   3 /opt/llama.cpp/ggml/src/ggml-cuda/ggml-cuda.cu:847 calls=150 total_ms=0.118 avg_us=0.787 max_us=2
=== END CUDA SYNC PROFILE ===

=== CUDA SYNC PROFILE (instrumentation only) ===
total_syncs = 14795
total_wait_ms = 8755.591
max_wait_us = 140454
sites = 5
wait_hist_us = logarithmic buckets
  hist[0] = 13466
  hist[1] = 689
  hist[2] = 79
  hist[3] = 17
  hist[4] = 10
  hist[5] = 2
  hist[9] = 89
  hist[10] = 208
  hist[11] = 57
  hist[14] = 53
  hist[15] = 101
  hist[16] = 23
  hist[17] = 1
by_callsite (caller PC; symbolize with addr2line):
   0 caller=0x7cb3f512e0c2 calls=6043 total_ms=8750.521 avg_us=1448.043 max_us=140454
   1 caller=0x7cb3f513286c calls=4822 total_ms=2.010 avg_us=0.417 max_us=21
   2 caller=0x7cb3f513277c calls=1786 total_ms=1.591 avg_us=0.891 max_us=20
   3 caller=0x7cb3f513299d calls=1786 total_ms=0.737 avg_us=0.413 max_us=20
   4 caller=0x7cb3f5131732 calls=358 total_ms=0.732 avg_us=2.045 max_us=9
direct_cudaStreamSynchronize: calls=6600 total_ms=32.607 max_us=2480
by_direct_callsite (file:line):
   0 /opt/llama.cpp/ggml/src/ggml-cuda/ggml-cuda.cu:839 calls=6247 total_ms=26.482 avg_us=4.239 max_us=354
   1 /opt/llama.cpp/ggml/src/ggml-cuda/ggml-cuda.cu:900 calls=12 total_ms=5.793 avg_us=482.750 max_us=2480
   2 /opt/llama.cpp/ggml/src/ggml-cuda/ggml-cuda.cu:2665 calls=191 total_ms=0.214 avg_us=1.120 max_us=5
   3 /opt/llama.cpp/ggml/src/ggml-cuda/ggml-cuda.cu:847 calls=150 total_ms=0.118 avg_us=0.787 max_us=2
=== END CUDA SYNC PROFILE ===
backend-sync-trace: count=14800 backend=CUDA0 caller=ggml_backend_sched_synchronize+0x52

=== CUDA SYNC PROFILE (instrumentation only) ===
total_syncs = 14800
total_wait_ms = 8756.527
max_wait_us = 140454
sites = 5
wait_hist_us = logarithmic buckets
  hist[0] = 13470
  hist[1] = 689
  hist[2] = 79
  hist[3] = 17
  hist[4] = 10
  hist[5] = 2
  hist[9] = 90
  hist[10] = 208
  hist[11] = 57
  hist[14] = 53
  hist[15] = 101
  hist[16] = 23
  hist[17] = 1
by_callsite (caller PC; symbolize with addr2line):
   0 caller=0x7cb3f512e0c2 calls=6046 total_ms=8751.456 avg_us=1447.479 max_us=140454
   1 caller=0x7cb3f513286c calls=4824 total_ms=2.011 avg_us=0.417 max_us=21
   2 caller=0x7cb3f513277c calls=1786 total_ms=1.591 avg_us=0.891 max_us=20
   3 caller=0x7cb3f513299d calls=1786 total_ms=0.737 avg_us=0.413 max_us=20
   4 caller=0x7cb3f5131732 calls=358 total_ms=0.732 avg_us=2.045 max_us=9
direct_cudaStreamSynchronize: calls=6602 total_ms=32.613 max_us=2480
by_direct_callsite (file:line):
   0 /opt/llama.cpp/ggml/src/ggml-cuda/ggml-cuda.cu:839 calls=6249 total_ms=26.488 avg_us=4.239 max_us=354
   1 /opt/llama.cpp/ggml/src/ggml-cuda/ggml-cuda.cu:900 calls=12 total_ms=5.793 avg_us=482.750 max_us=2480
   2 /opt/llama.cpp/ggml/src/ggml-cuda/ggml-cuda.cu:2665 calls=191 total_ms=0.214 avg_us=1.120 max_us=5
   3 /opt/llama.cpp/ggml/src/ggml-cuda/ggml-cuda.cu:847 calls=150 total_ms=0.118 avg_us=0.787 max_us=2
=== END CUDA SYNC PROFILE ===
backend-sync-trace: count=14900 backend=CUDA0 caller=ggml_backend_sched_synchronize+0x52

=== CUDA SYNC PROFILE (instrumentation only) ===
total_syncs = 14900
total_wait_ms = 8788.028
max_wait_us = 140454
sites = 5
wait_hist_us = logarithmic buckets
  hist[0] = 13562
  hist[1] = 693
  hist[2] = 79
  hist[3] = 17
  hist[4] = 10
  hist[5] = 2
  hist[9] = 92
  hist[10] = 209
  hist[11] = 57
  hist[14] = 54
  hist[15] = 101
  hist[16] = 23
  hist[17] = 1
by_callsite (caller PC; symbolize with addr2line):
   0 caller=0x7cb3f512e0c2 calls=6089 total_ms=8782.932 avg_us=1442.426 max_us=140454
   1 caller=0x7cb3f513286c calls=4855 total_ms=2.022 avg_us=0.416 max_us=21
   2 caller=0x7cb3f513277c calls=1798 total_ms=1.599 avg_us=0.889 max_us=20
   3 caller=0x7cb3f513299d calls=1798 total_ms=0.740 avg_us=0.412 max_us=20
   4 caller=0x7cb3f5131732 calls=360 total_ms=0.735 avg_us=2.042 max_us=9
direct_cudaStreamSynchronize: calls=6643 total_ms=32.769 max_us=2480
by_direct_callsite (file:line):
   0 /opt/llama.cpp/ggml/src/ggml-cuda/ggml-cuda.cu:839 calls=6290 total_ms=26.644 avg_us=4.236 max_us=354
   1 /opt/llama.cpp/ggml/src/ggml-cuda/ggml-cuda.cu:900 calls=12 total_ms=5.793 avg_us=482.750 max_us=2480
   2 /opt/llama.cpp/ggml/src/ggml-cuda/ggml-cuda.cu:2665 calls=191 total_ms=0.214 avg_us=1.120 max_us=5
   3 /opt/llama.cpp/ggml/src/ggml-cuda/ggml-cuda.cu:847 calls=150 total_ms=0.118 avg_us=0.787 max_us=2
=== END CUDA SYNC PROFILE ===
backend-sync-trace: count=15000 backend=CUDA0 caller=ggml_backend_sched_graph_compute_async_ext+0xecc

=== CUDA SYNC PROFILE (instrumentation only) ===
total_syncs = 15000
total_wait_ms = 8835.849
max_wait_us = 140454
sites = 5
wait_hist_us = logarithmic buckets
  hist[0] = 13655
  hist[1] = 697
  hist[2] = 79
  hist[3] = 17
  hist[4] = 10
  hist[5] = 2
  hist[9] = 93
  hist[10] = 210
  hist[11] = 57
  hist[14] = 54
  hist[15] = 102
  hist[16] = 23
  hist[17] = 1
by_callsite (caller PC; symbolize with addr2line):
   0 caller=0x7cb3f512e0c2 calls=6119 total_ms=8830.715 avg_us=1443.163 max_us=140454
   1 caller=0x7cb3f513286c calls=4895 total_ms=2.039 avg_us=0.417 max_us=21
   2 caller=0x7cb3f513277c calls=1812 total_ms=1.611 avg_us=0.889 max_us=20
   3 caller=0x7cb3f513299d calls=1812 total_ms=0.745 avg_us=0.411 max_us=20
   4 caller=0x7cb3f5131732 calls=362 total_ms=0.739 avg_us=2.041 max_us=9
direct_cudaStreamSynchronize: calls=6693 total_ms=32.971 max_us=2480
by_direct_callsite (file:line):
   0 /opt/llama.cpp/ggml/src/ggml-cuda/ggml-cuda.cu:839 calls=6340 total_ms=26.846 avg_us=4.234 max_us=354
   1 /opt/llama.cpp/ggml/src/ggml-cuda/ggml-cuda.cu:900 calls=12 total_ms=5.793 avg_us=482.750 max_us=2480
   2 /opt/llama.cpp/ggml/src/ggml-cuda/ggml-cuda.cu:2665 calls=191 total_ms=0.214 avg_us=1.120 max_us=5
   3 /opt/llama.cpp/ggml/src/ggml-cuda/ggml-cuda.cu:847 calls=150 total_ms=0.118 avg_us=0.787 max_us=2
=== END CUDA SYNC PROFILE ===

=== CUDA SYNC PROFILE (instrumentation only) ===
total_syncs = 15011
total_wait_ms = 8883.143
max_wait_us = 140454
sites = 5
wait_hist_us = logarithmic buckets
  hist[0] = 13665
  hist[1] = 697
  hist[2] = 79
  hist[3] = 17
  hist[4] = 10
  hist[5] = 2
  hist[9] = 93
  hist[10] = 210
  hist[11] = 57
  hist[14] = 54
  hist[15] = 103
  hist[16] = 23
  hist[17] = 1
by_callsite (caller PC; symbolize with addr2line):
   0 caller=0x7cb3f512e0c2 calls=6121 total_ms=8878.006 avg_us=1450.418 max_us=140454
   1 caller=0x7cb3f513286c calls=4899 total_ms=2.041 avg_us=0.417 max_us=21
   2 caller=0x7cb3f513277c calls=1814 total_ms=1.611 avg_us=0.888 max_us=20
   3 caller=0x7cb3f513299d calls=1814 total_ms=0.745 avg_us=0.411 max_us=20
   4 caller=0x7cb3f5131732 calls=363 total_ms=0.740 avg_us=2.039 max_us=9
direct_cudaStreamSynchronize: calls=6700 total_ms=33.001 max_us=2480
by_direct_callsite (file:line):
   0 /opt/llama.cpp/ggml/src/ggml-cuda/ggml-cuda.cu:839 calls=6347 total_ms=26.876 avg_us=4.234 max_us=354
   1 /opt/llama.cpp/ggml/src/ggml-cuda/ggml-cuda.cu:900 calls=12 total_ms=5.793 avg_us=482.750 max_us=2480
   2 /opt/llama.cpp/ggml/src/ggml-cuda/ggml-cuda.cu:2665 calls=191 total_ms=0.214 avg_us=1.120 max_us=5
   3 /opt/llama.cpp/ggml/src/ggml-cuda/ggml-cuda.cu:847 calls=150 total_ms=0.118 avg_us=0.787 max_us=2
=== END CUDA SYNC PROFILE ===
backend-sync-trace: count=15100 backend=CUDA0 caller=ggml_backend_sched_synchronize+0x52

=== CUDA SYNC PROFILE (instrumentation only) ===
total_syncs = 15100
total_wait_ms = 8915.455
max_wait_us = 140454
sites = 5
wait_hist_us = logarithmic buckets
  hist[0] = 13747
  hist[1] = 700
  hist[2] = 80
  hist[3] = 17
  hist[4] = 10
  hist[5] = 2
  hist[9] = 95
  hist[10] = 210
  hist[11] = 57
  hist[14] = 55
  hist[15] = 103
  hist[16] = 23
  hist[17] = 1
by_callsite (caller PC; symbolize with addr2line):
   0 caller=0x7cb3f512e0c2 calls=6159 total_ms=8910.289 avg_us=1446.710 max_us=140454
   1 caller=0x7cb3f513286c calls=4928 total_ms=2.052 avg_us=0.416 max_us=21
   2 caller=0x7cb3f513277c calls=1824 total_ms=1.618 avg_us=0.887 max_us=20
   3 caller=0x7cb3f513299d calls=1824 total_ms=0.752 avg_us=0.412 max_us=20
   4 caller=0x7cb3f5131732 calls=365 total_ms=0.744 avg_us=2.038 max_us=9
direct_cudaStreamSynchronize: calls=6736 total_ms=33.139 max_us=2480
by_direct_callsite (file:line):
   0 /opt/llama.cpp/ggml/src/ggml-cuda/ggml-cuda.cu:839 calls=6383 total_ms=27.014 avg_us=4.232 max_us=354
   1 /opt/llama.cpp/ggml/src/ggml-cuda/ggml-cuda.cu:900 calls=12 total_ms=5.793 avg_us=482.750 max_us=2480
   2 /opt/llama.cpp/ggml/src/ggml-cuda/ggml-cuda.cu:2665 calls=191 total_ms=0.214 avg_us=1.120 max_us=5
   3 /opt/llama.cpp/ggml/src/ggml-cuda/ggml-cuda.cu:847 calls=150 total_ms=0.118 avg_us=0.787 max_us=2
=== END CUDA SYNC PROFILE ===
backend-sync-trace: count=15200 backend=CUDA0 caller=ggml_backend_sched_synchronize+0x52

=== CUDA SYNC PROFILE (instrumentation only) ===
total_syncs = 15200
total_wait_ms = 8951.681
max_wait_us = 140454
sites = 5
wait_hist_us = logarithmic buckets
  hist[0] = 13839
  hist[1] = 704
  hist[2] = 80
  hist[3] = 17
  hist[4] = 10
  hist[5] = 2
  hist[9] = 96
  hist[10] = 212
  hist[11] = 57
  hist[14] = 56
  hist[15] = 103
  hist[16] = 23
  hist[17] = 1
by_callsite (caller PC; symbolize with addr2line):
   0 caller=0x7cb3f512e0c2 calls=6201 total_ms=8946.486 avg_us=1442.749 max_us=140454
   1 caller=0x7cb3f513286c calls=4959 total_ms=2.064 avg_us=0.416 max_us=21
   2 caller=0x7cb3f513277c calls=1836 total_ms=1.626 avg_us=0.886 max_us=20
   3 caller=0x7cb3f513299d calls=1836 total_ms=0.755 avg_us=0.411 max_us=20
   4 caller=0x7cb3f5131732 calls=368 total_ms=0.750 avg_us=2.038 max_us=9
direct_cudaStreamSynchronize: calls=6777 total_ms=33.294 max_us=2480
by_direct_callsite (file:line):
   0 /opt/llama.cpp/ggml/src/ggml-cuda/ggml-cuda.cu:839 calls=6424 total_ms=27.169 avg_us=4.229 max_us=354
   1 /opt/llama.cpp/ggml/src/ggml-cuda/ggml-cuda.cu:900 calls=12 total_ms=5.793 avg_us=482.750 max_us=2480
   2 /opt/llama.cpp/ggml/src/ggml-cuda/ggml-cuda.cu:2665 calls=191 total_ms=0.214 avg_us=1.120 max_us=5
   3 /opt/llama.cpp/ggml/src/ggml-cuda/ggml-cuda.cu:847 calls=150 total_ms=0.118 avg_us=0.787 max_us=2
=== END CUDA SYNC PROFILE ===

=== CUDA SYNC PROFILE (instrumentation only) ===
total_syncs = 15241
total_wait_ms = 8952.627
max_wait_us = 140454
sites = 5
wait_hist_us = logarithmic buckets
  hist[0] = 13878
  hist[1] = 705
  hist[2] = 80
  hist[3] = 17
  hist[4] = 10
  hist[5] = 2
  hist[9] = 97
  hist[10] = 212
  hist[11] = 57
  hist[14] = 56
  hist[15] = 103
  hist[16] = 23
  hist[17] = 1
by_callsite (caller PC; symbolize with addr2line):
   0 caller=0x7cb3f512e0c2 calls=6212 total_ms=8947.419 avg_us=1440.344 max_us=140454
   1 caller=0x7cb3f513286c calls=4977 total_ms=2.070 avg_us=0.416 max_us=21
   2 caller=0x7cb3f513277c calls=1842 total_ms=1.631 avg_us=0.885 max_us=20
   3 caller=0x7cb3f513299d calls=1842 total_ms=0.757 avg_us=0.411 max_us=20
   4 caller=0x7cb3f5131732 calls=368 total_ms=0.750 avg_us=2.038 max_us=9
direct_cudaStreamSynchronize: calls=6800 total_ms=33.384 max_us=2480
by_direct_callsite (file:line):
   0 /opt/llama.cpp/ggml/src/ggml-cuda/ggml-cuda.cu:839 calls=6447 total_ms=27.259 avg_us=4.228 max_us=354
   1 /opt/llama.cpp/ggml/src/ggml-cuda/ggml-cuda.cu:900 calls=12 total_ms=5.793 avg_us=482.750 max_us=2480
   2 /opt/llama.cpp/ggml/src/ggml-cuda/ggml-cuda.cu:2665 calls=191 total_ms=0.214 avg_us=1.120 max_us=5
   3 /opt/llama.cpp/ggml/src/ggml-cuda/ggml-cuda.cu:847 calls=150 total_ms=0.118 avg_us=0.787 max_us=2
=== END CUDA SYNC PROFILE ===
backend-sync-trace: count=15300 backend=CUDA0 caller=ggml_backend_sched_synchronize+0x52

=== CUDA SYNC PROFILE (instrumentation only) ===
total_syncs = 15300
total_wait_ms = 8985.174
max_wait_us = 140454
sites = 5
wait_hist_us = logarithmic buckets
  hist[0] = 13931
  hist[1] = 708
  hist[2] = 80
  hist[3] = 17
  hist[4] = 10
  hist[5] = 2
  hist[9] = 98
  hist[10] = 213
  hist[11] = 57
  hist[14] = 57
  hist[15] = 103
  hist[16] = 23
  hist[17] = 1
by_callsite (caller PC; symbolize with addr2line):
   0 caller=0x7cb3f512e0c2 calls=6244 total_ms=8979.949 avg_us=1438.172 max_us=140454
   1 caller=0x7cb3f513286c calls=4990 total_ms=2.075 avg_us=0.416 max_us=21
   2 caller=0x7cb3f513277c calls=1848 total_ms=1.636 avg_us=0.885 max_us=20
   3 caller=0x7cb3f513299d calls=1848 total_ms=0.760 avg_us=0.411 max_us=20
   4 caller=0x7cb3f5131732 calls=370 total_ms=0.754 avg_us=2.038 max_us=9
direct_cudaStreamSynchronize: calls=6818 total_ms=33.453 max_us=2480
by_direct_callsite (file:line):
   0 /opt/llama.cpp/ggml/src/ggml-cuda/ggml-cuda.cu:839 calls=6465 total_ms=27.328 avg_us=4.227 max_us=354
   1 /opt/llama.cpp/ggml/src/ggml-cuda/ggml-cuda.cu:900 calls=12 total_ms=5.793 avg_us=482.750 max_us=2480
   2 /opt/llama.cpp/ggml/src/ggml-cuda/ggml-cuda.cu:2665 calls=191 total_ms=0.214 avg_us=1.120 max_us=5
   3 /opt/llama.cpp/ggml/src/ggml-cuda/ggml-cuda.cu:847 calls=150 total_ms=0.118 avg_us=0.787 max_us=2
=== END CUDA SYNC PROFILE ===
backend-sync-trace: count=15400 backend=CUDA0 caller=ggml_backend_sched_graph_compute_async_ext+0xecc

=== CUDA SYNC PROFILE (instrumentation only) ===
total_syncs = 15400
total_wait_ms = 9029.872
max_wait_us = 140454
sites = 5
wait_hist_us = logarithmic buckets
  hist[0] = 14023
  hist[1] = 713
  hist[2] = 80
  hist[3] = 17
  hist[4] = 10
  hist[5] = 2
  hist[9] = 98
  hist[10] = 214
  hist[11] = 58
  hist[14] = 57
  hist[15] = 104
  hist[16] = 23
  hist[17] = 1
by_callsite (caller PC; symbolize with addr2line):
   0 caller=0x7cb3f512e0c2 calls=6286 total_ms=9024.619 avg_us=1435.670 max_us=140454
   1 caller=0x7cb3f513286c calls=5018 total_ms=2.085 avg_us=0.416 max_us=21
   2 caller=0x7cb3f513277c calls=1862 total_ms=1.645 avg_us=0.883 max_us=20
   3 caller=0x7cb3f513299d calls=1862 total_ms=0.765 avg_us=0.411 max_us=20
   4 caller=0x7cb3f5131732 calls=372 total_ms=0.758 avg_us=2.038 max_us=9
direct_cudaStreamSynchronize: calls=6856 total_ms=33.602 max_us=2480
by_direct_callsite (file:line):
   0 /opt/llama.cpp/ggml/src/ggml-cuda/ggml-cuda.cu:839 calls=6503 total_ms=27.477 avg_us=4.225 max_us=354
   1 /opt/llama.cpp/ggml/src/ggml-cuda/ggml-cuda.cu:900 calls=12 total_ms=5.793 avg_us=482.750 max_us=2480
   2 /opt/llama.cpp/ggml/src/ggml-cuda/ggml-cuda.cu:2665 calls=191 total_ms=0.214 avg_us=1.120 max_us=5
   3 /opt/llama.cpp/ggml/src/ggml-cuda/ggml-cuda.cu:847 calls=150 total_ms=0.118 avg_us=0.787 max_us=2
=== END CUDA SYNC PROFILE ===

=== CUDA SYNC PROFILE (instrumentation only) ===
total_syncs = 15494
total_wait_ms = 9085.923
max_wait_us = 140454
sites = 5
wait_hist_us = logarithmic buckets
  hist[0] = 14112
  hist[1] = 715
  hist[2] = 80
  hist[3] = 17
  hist[4] = 10
  hist[5] = 2
  hist[9] = 98
  hist[10] = 216
  hist[11] = 58
  hist[14] = 57
  hist[15] = 105
  hist[16] = 23
  hist[17] = 1
by_callsite (caller PC; symbolize with addr2line):
   0 caller=0x7cb3f512e0c2 calls=6323 total_ms=9080.642 avg_us=1436.129 max_us=140454
   1 caller=0x7cb3f513286c calls=5053 total_ms=2.098 avg_us=0.415 max_us=21
   2 caller=0x7cb3f513277c calls=1872 total_ms=1.654 avg_us=0.884 max_us=20
   3 caller=0x7cb3f513299d calls=1872 total_ms=0.768 avg_us=0.410 max_us=20
   4 caller=0x7cb3f5131732 calls=374 total_ms=0.761 avg_us=2.035 max_us=9
direct_cudaStreamSynchronize: calls=6900 total_ms=33.791 max_us=2480
by_direct_callsite (file:line):
   0 /opt/llama.cpp/ggml/src/ggml-cuda/ggml-cuda.cu:839 calls=6547 total_ms=27.666 avg_us=4.226 max_us=354
   1 /opt/llama.cpp/ggml/src/ggml-cuda/ggml-cuda.cu:900 calls=12 total_ms=5.793 avg_us=482.750 max_us=2480
   2 /opt/llama.cpp/ggml/src/ggml-cuda/ggml-cuda.cu:2665 calls=191 total_ms=0.214 avg_us=1.120 max_us=5
   3 /opt/llama.cpp/ggml/src/ggml-cuda/ggml-cuda.cu:847 calls=150 total_ms=0.118 avg_us=0.787 max_us=2
=== END CUDA SYNC PROFILE ===
backend-sync-trace: count=15500 backend=CUDA0 caller=ggml_backend_sched_graph_compute_async_ext+0xecc

=== CUDA SYNC PROFILE (instrumentation only) ===
total_syncs = 15500
total_wait_ms = 9085.926
max_wait_us = 140454
sites = 5
wait_hist_us = logarithmic buckets
  hist[0] = 14118
  hist[1] = 715
  hist[2] = 80
  hist[3] = 17
  hist[4] = 10
  hist[5] = 2
  hist[9] = 98
  hist[10] = 216
  hist[11] = 58
  hist[14] = 57
  hist[15] = 105
  hist[16] = 23
  hist[17] = 1
by_callsite (caller PC; symbolize with addr2line):
   0 caller=0x7cb3f512e0c2 calls=6323 total_ms=9080.642 avg_us=1436.129 max_us=140454
   1 caller=0x7cb3f513286c calls=5059 total_ms=2.101 avg_us=0.415 max_us=21
   2 caller=0x7cb3f513277c calls=1872 total_ms=1.654 avg_us=0.884 max_us=20
   3 caller=0x7cb3f513299d calls=1872 total_ms=0.768 avg_us=0.410 max_us=20
   4 caller=0x7cb3f5131732 calls=374 total_ms=0.761 avg_us=2.035 max_us=9
direct_cudaStreamSynchronize: calls=6905 total_ms=33.805 max_us=2480
by_direct_callsite (file:line):
   0 /opt/llama.cpp/ggml/src/ggml-cuda/ggml-cuda.cu:839 calls=6552 total_ms=27.680 avg_us=4.225 max_us=354
   1 /opt/llama.cpp/ggml/src/ggml-cuda/ggml-cuda.cu:900 calls=12 total_ms=5.793 avg_us=482.750 max_us=2480
   2 /opt/llama.cpp/ggml/src/ggml-cuda/ggml-cuda.cu:2665 calls=191 total_ms=0.214 avg_us=1.120 max_us=5
   3 /opt/llama.cpp/ggml/src/ggml-cuda/ggml-cuda.cu:847 calls=150 total_ms=0.118 avg_us=0.787 max_us=2
=== END CUDA SYNC PROFILE ===
backend-sync-trace: count=15600 backend=CUDA0 caller=ggml_backend_sched_synchronize+0x52

=== CUDA SYNC PROFILE (instrumentation only) ===
total_syncs = 15600
total_wait_ms = 9189.923
max_wait_us = 140454
sites = 5
wait_hist_us = logarithmic buckets
  hist[0] = 14210
  hist[1] = 719
  hist[2] = 80
  hist[3] = 17
  hist[4] = 10
  hist[5] = 2
  hist[9] = 99
  hist[10] = 217
  hist[11] = 58
  hist[14] = 57
  hist[15] = 107
  hist[16] = 23
  hist[17] = 1
by_callsite (caller PC; symbolize with addr2line):
   0 caller=0x7cb3f512e0c2 calls=6365 total_ms=9184.610 avg_us=1442.987 max_us=140454
   1 caller=0x7cb3f513286c calls=5090 total_ms=2.113 avg_us=0.415 max_us=21
   2 caller=0x7cb3f513277c calls=1884 total_ms=1.665 avg_us=0.884 max_us=20
   3 caller=0x7cb3f513299d calls=1884 total_ms=0.769 avg_us=0.408 max_us=20
   4 caller=0x7cb3f5131732 calls=377 total_ms=0.766 avg_us=2.032 max_us=9
direct_cudaStreamSynchronize: calls=6946 total_ms=33.993 max_us=2480
by_direct_callsite (file:line):
   0 /opt/llama.cpp/ggml/src/ggml-cuda/ggml-cuda.cu:839 calls=6593 total_ms=27.868 avg_us=4.227 max_us=354
   1 /opt/llama.cpp/ggml/src/ggml-cuda/ggml-cuda.cu:900 calls=12 total_ms=5.793 avg_us=482.750 max_us=2480
   2 /opt/llama.cpp/ggml/src/ggml-cuda/ggml-cuda.cu:2665 calls=191 total_ms=0.214 avg_us=1.120 max_us=5
   3 /opt/llama.cpp/ggml/src/ggml-cuda/ggml-cuda.cu:847 calls=150 total_ms=0.118 avg_us=0.787 max_us=2
=== END CUDA SYNC PROFILE ===
backend-sync-trace: count=15700 backend=CUDA0 caller=ggml_backend_sched_graph_compute_async_ext+0xffd

=== CUDA SYNC PROFILE (instrumentation only) ===
total_syncs = 15700
total_wait_ms = 9223.987
max_wait_us = 140454
sites = 5
wait_hist_us = logarithmic buckets
  hist[0] = 14302
  hist[1] = 723
  hist[2] = 80
  hist[3] = 17
  hist[4] = 10
  hist[5] = 2
  hist[9] = 99
  hist[10] = 220
  hist[11] = 58
  hist[14] = 58
  hist[15] = 107
  hist[16] = 23
  hist[17] = 1
by_callsite (caller PC; symbolize with addr2line):
   0 caller=0x7cb3f512e0c2 calls=6403 total_ms=9218.645 avg_us=1439.738 max_us=140454
   1 caller=0x7cb3f513286c calls=5121 total_ms=2.124 avg_us=0.415 max_us=21
   2 caller=0x7cb3f513277c calls=1898 total_ms=1.673 avg_us=0.881 max_us=20
   3 caller=0x7cb3f513299d calls=1898 total_ms=0.774 avg_us=0.408 max_us=20
   4 caller=0x7cb3f5131732 calls=380 total_ms=0.771 avg_us=2.029 max_us=9
direct_cudaStreamSynchronize: calls=6988 total_ms=34.157 max_us=2480
by_direct_callsite (file:line):
   0 /opt/llama.cpp/ggml/src/ggml-cuda/ggml-cuda.cu:839 calls=6635 total_ms=28.032 avg_us=4.225 max_us=354
   1 /opt/llama.cpp/ggml/src/ggml-cuda/ggml-cuda.cu:900 calls=12 total_ms=5.793 avg_us=482.750 max_us=2480
   2 /opt/llama.cpp/ggml/src/ggml-cuda/ggml-cuda.cu:2665 calls=191 total_ms=0.214 avg_us=1.120 max_us=5
   3 /opt/llama.cpp/ggml/src/ggml-cuda/ggml-cuda.cu:847 calls=150 total_ms=0.118 avg_us=0.787 max_us=2
=== END CUDA SYNC PROFILE ===

=== CUDA SYNC PROFILE (instrumentation only) ===
total_syncs = 15723
total_wait_ms = 9224.925
max_wait_us = 140454
sites = 5
wait_hist_us = logarithmic buckets
  hist[0] = 14323
  hist[1] = 724
  hist[2] = 80
  hist[3] = 17
  hist[4] = 10
  hist[5] = 2
  hist[9] = 100
  hist[10] = 220
  hist[11] = 58
  hist[14] = 58
  hist[15] = 107
  hist[16] = 23
  hist[17] = 1
by_callsite (caller PC; symbolize with addr2line):
   0 caller=0x7cb3f512e0c2 calls=6410 total_ms=9219.577 avg_us=1438.312 max_us=140454
   1 caller=0x7cb3f513286c calls=5129 total_ms=2.127 avg_us=0.415 max_us=21
   2 caller=0x7cb3f513277c calls=1902 total_ms=1.675 avg_us=0.881 max_us=20
   3 caller=0x7cb3f513299d calls=1902 total_ms=0.775 avg_us=0.407 max_us=20
   4 caller=0x7cb3f5131732 calls=380 total_ms=0.771 avg_us=2.029 max_us=9
direct_cudaStreamSynchronize: calls=7000 total_ms=34.217 max_us=2480
by_direct_callsite (file:line):
   0 /opt/llama.cpp/ggml/src/ggml-cuda/ggml-cuda.cu:839 calls=6647 total_ms=28.092 avg_us=4.226 max_us=354
   1 /opt/llama.cpp/ggml/src/ggml-cuda/ggml-cuda.cu:900 calls=12 total_ms=5.793 avg_us=482.750 max_us=2480
   2 /opt/llama.cpp/ggml/src/ggml-cuda/ggml-cuda.cu:2665 calls=191 total_ms=0.214 avg_us=1.120 max_us=5
   3 /opt/llama.cpp/ggml/src/ggml-cuda/ggml-cuda.cu:847 calls=150 total_ms=0.118 avg_us=0.787 max_us=2
=== END CUDA SYNC PROFILE ===
backend-sync-trace: count=15800 backend=CUDA0 caller=ggml_backend_sched_graph_compute_async_ext+0xecc

=== CUDA SYNC PROFILE (instrumentation only) ===
total_syncs = 15800
total_wait_ms = 9255.579
max_wait_us = 140454
sites = 5
wait_hist_us = logarithmic buckets
  hist[0] = 14395
  hist[1] = 726
  hist[2] = 80
  hist[3] = 17
  hist[4] = 10
  hist[5] = 2
  hist[9] = 101
  hist[10] = 221
  hist[11] = 58
  hist[14] = 59
  hist[15] = 107
  hist[16] = 23
  hist[17] = 1
by_callsite (caller PC; symbolize with addr2line):
   0 caller=0x7cb3f512e0c2 calls=6441 total_ms=9250.208 avg_us=1436.145 max_us=140454
   1 caller=0x7cb3f513286c calls=5153 total_ms=2.137 avg_us=0.415 max_us=21
   2 caller=0x7cb3f513277c calls=1912 total_ms=1.681 avg_us=0.879 max_us=20
   3 caller=0x7cb3f513299d calls=1912 total_ms=0.779 avg_us=0.407 max_us=20
   4 caller=0x7cb3f5131732 calls=382 total_ms=0.774 avg_us=2.026 max_us=9
direct_cudaStreamSynchronize: calls=7031 total_ms=34.369 max_us=2480
by_direct_callsite (file:line):
   0 /opt/llama.cpp/ggml/src/ggml-cuda/ggml-cuda.cu:839 calls=6678 total_ms=28.244 avg_us=4.229 max_us=354
   1 /opt/llama.cpp/ggml/src/ggml-cuda/ggml-cuda.cu:900 calls=12 total_ms=5.793 avg_us=482.750 max_us=2480
   2 /opt/llama.cpp/ggml/src/ggml-cuda/ggml-cuda.cu:2665 calls=191 total_ms=0.214 avg_us=1.120 max_us=5
   3 /opt/llama.cpp/ggml/src/ggml-cuda/ggml-cuda.cu:847 calls=150 total_ms=0.118 avg_us=0.787 max_us=2
=== END CUDA SYNC PROFILE ===
backend-sync-trace: count=15900 backend=CUDA0 caller=ggml_backend_sched_graph_compute_async_ext+0xecc

=== CUDA SYNC PROFILE (instrumentation only) ===
total_syncs = 15900
total_wait_ms = 9293.354
max_wait_us = 140454
sites = 5
wait_hist_us = logarithmic buckets
  hist[0] = 14490
  hist[1] = 727
  hist[2] = 81
  hist[3] = 17
  hist[4] = 10
  hist[5] = 2
  hist[9] = 101
  hist[10] = 223
  hist[11] = 58
  hist[14] = 59
  hist[15] = 108
  hist[16] = 23
  hist[17] = 1
by_callsite (caller PC; symbolize with addr2line):
   0 caller=0x7cb3f512e0c2 calls=6478 total_ms=9287.952 avg_us=1433.768 max_us=140454
   1 caller=0x7cb3f513286c calls=5194 total_ms=2.151 avg_us=0.414 max_us=21
   2 caller=0x7cb3f513277c calls=1922 total_ms=1.693 avg_us=0.881 max_us=20
   3 caller=0x7cb3f513299d calls=1922 total_ms=0.781 avg_us=0.406 max_us=20
   4 caller=0x7cb3f5131732 calls=384 total_ms=0.777 avg_us=2.023 max_us=9
direct_cudaStreamSynchronize: calls=7080 total_ms=34.571 max_us=2480
by_direct_callsite (file:line):
   0 /opt/llama.cpp/ggml/src/ggml-cuda/ggml-cuda.cu:839 calls=6727 total_ms=28.446 avg_us=4.229 max_us=354
   1 /opt/llama.cpp/ggml/src/ggml-cuda/ggml-cuda.cu:900 calls=12 total_ms=5.793 avg_us=482.750 max_us=2480
   2 /opt/llama.cpp/ggml/src/ggml-cuda/ggml-cuda.cu:2665 calls=191 total_ms=0.214 avg_us=1.120 max_us=5
   3 /opt/llama.cpp/ggml/src/ggml-cuda/ggml-cuda.cu:847 calls=150 total_ms=0.118 avg_us=0.787 max_us=2
=== END CUDA SYNC PROFILE ===

=== CUDA SYNC PROFILE (instrumentation only) ===
total_syncs = 15961
total_wait_ms = 9323.897
max_wait_us = 140454
sites = 5
wait_hist_us = logarithmic buckets
  hist[0] = 14545
  hist[1] = 730
  hist[2] = 81
  hist[3] = 17
  hist[4] = 10
  hist[5] = 2
  hist[9] = 101
  hist[10] = 225
  hist[11] = 58
  hist[14] = 60
  hist[15] = 108
  hist[16] = 23
  hist[17] = 1
by_callsite (caller PC; symbolize with addr2line):
   0 caller=0x7cb3f512e0c2 calls=6509 total_ms=9318.475 avg_us=1431.629 max_us=140454
   1 caller=0x7cb3f513286c calls=5206 total_ms=2.155 avg_us=0.414 max_us=21
   2 caller=0x7cb3f513277c calls=1930 total_ms=1.703 avg_us=0.882 max_us=20
   3 caller=0x7cb3f513299d calls=1930 total_ms=0.783 avg_us=0.406 max_us=20
   4 caller=0x7cb3f5131732 calls=386 total_ms=0.781 avg_us=2.023 max_us=9
direct_cudaStreamSynchronize: calls=7100 total_ms=34.649 max_us=2480
by_direct_callsite (file:line):
   0 /opt/llama.cpp/ggml/src/ggml-cuda/ggml-cuda.cu:839 calls=6747 total_ms=28.524 avg_us=4.228 max_us=354
   1 /opt/llama.cpp/ggml/src/ggml-cuda/ggml-cuda.cu:900 calls=12 total_ms=5.793 avg_us=482.750 max_us=2480
   2 /opt/llama.cpp/ggml/src/ggml-cuda/ggml-cuda.cu:2665 calls=191 total_ms=0.214 avg_us=1.120 max_us=5
   3 /opt/llama.cpp/ggml/src/ggml-cuda/ggml-cuda.cu:847 calls=150 total_ms=0.118 avg_us=0.787 max_us=2
=== END CUDA SYNC PROFILE ===
backend-sync-trace: count=16000 backend=CUDA0 caller=ggml_backend_sched_synchronize+0x52

=== CUDA SYNC PROFILE (instrumentation only) ===
total_syncs = 16000
total_wait_ms = 9356.892
max_wait_us = 140454
sites = 5
wait_hist_us = logarithmic buckets
  hist[0] = 14583
  hist[1] = 730
  hist[2] = 81
  hist[3] = 17
  hist[4] = 10
  hist[5] = 2
  hist[9] = 101
  hist[10] = 225
  hist[11] = 58
  hist[14] = 60
  hist[15] = 109
  hist[16] = 23
  hist[17] = 1
by_callsite (caller PC; symbolize with addr2line):
   0 caller=0x7cb3f512e0c2 calls=6520 total_ms=9351.459 avg_us=1434.273 max_us=140454
   1 caller=0x7cb3f513286c calls=5225 total_ms=2.161 avg_us=0.414 max_us=21
   2 caller=0x7cb3f513277c calls=1934 total_ms=1.705 avg_us=0.882 max_us=20
   3 caller=0x7cb3f513299d calls=1934 total_ms=0.785 avg_us=0.406 max_us=20
   4 caller=0x7cb3f5131732 calls=387 total_ms=0.782 avg_us=2.021 max_us=9
direct_cudaStreamSynchronize: calls=7121 total_ms=34.745 max_us=2480
by_direct_callsite (file:line):
   0 /opt/llama.cpp/ggml/src/ggml-cuda/ggml-cuda.cu:839 calls=6768 total_ms=28.620 avg_us=4.229 max_us=354
   1 /opt/llama.cpp/ggml/src/ggml-cuda/ggml-cuda.cu:900 calls=12 total_ms=5.793 avg_us=482.750 max_us=2480
   2 /opt/llama.cpp/ggml/src/ggml-cuda/ggml-cuda.cu:2665 calls=191 total_ms=0.214 avg_us=1.120 max_us=5
   3 /opt/llama.cpp/ggml/src/ggml-cuda/ggml-cuda.cu:847 calls=150 total_ms=0.118 avg_us=0.787 max_us=2
=== END CUDA SYNC PROFILE ===
backend-sync-trace: count=16100 backend=CUDA0 caller=ggml_backend_sched_graph_compute_async_ext+0xecc

=== CUDA SYNC PROFILE (instrumentation only) ===
total_syncs = 16100
total_wait_ms = 9386.564
max_wait_us = 140454
sites = 5
wait_hist_us = logarithmic buckets
  hist[0] = 14675
  hist[1] = 735
  hist[2] = 81
  hist[3] = 17
  hist[4] = 10
  hist[5] = 2
  hist[9] = 102
  hist[10] = 226
  hist[11] = 58
  hist[14] = 61
  hist[15] = 109
  hist[16] = 23
  hist[17] = 1
by_callsite (caller PC; symbolize with addr2line):
   0 caller=0x7cb3f512e0c2 calls=6563 total_ms=9381.100 avg_us=1429.392 max_us=140454
   1 caller=0x7cb3f513286c calls=5255 total_ms=2.172 avg_us=0.413 max_us=21
   2 caller=0x7cb3f513277c calls=1946 total_ms=1.715 avg_us=0.881 max_us=20
   3 caller=0x7cb3f513299d calls=1946 total_ms=0.789 avg_us=0.405 max_us=20
   4 caller=0x7cb3f5131732 calls=390 total_ms=0.788 avg_us=2.021 max_us=9
direct_cudaStreamSynchronize: calls=7160 total_ms=34.903 max_us=2480
by_direct_callsite (file:line):
   0 /opt/llama.cpp/ggml/src/ggml-cuda/ggml-cuda.cu:839 calls=6807 total_ms=28.778 avg_us=4.228 max_us=354
   1 /opt/llama.cpp/ggml/src/ggml-cuda/ggml-cuda.cu:900 calls=12 total_ms=5.793 avg_us=482.750 max_us=2480
   2 /opt/llama.cpp/ggml/src/ggml-cuda/ggml-cuda.cu:2665 calls=191 total_ms=0.214 avg_us=1.120 max_us=5
   3 /opt/llama.cpp/ggml/src/ggml-cuda/ggml-cuda.cu:847 calls=150 total_ms=0.118 avg_us=0.787 max_us=2
=== END CUDA SYNC PROFILE ===

=== CUDA SYNC PROFILE (instrumentation only) ===
total_syncs = 16199
total_wait_ms = 9422.618
max_wait_us = 140454
sites = 5
wait_hist_us = logarithmic buckets
  hist[0] = 14766
  hist[1] = 738
  hist[2] = 82
  hist[3] = 17
  hist[4] = 10
  hist[5] = 2
  hist[9] = 102
  hist[10] = 228
  hist[11] = 59
  hist[14] = 62
  hist[15] = 109
  hist[16] = 23
  hist[17] = 1
by_callsite (caller PC; symbolize with addr2line):
   0 caller=0x7cb3f512e0c2 calls=6607 total_ms=9417.131 avg_us=1425.326 max_us=140454
   1 caller=0x7cb3f513286c calls=5284 total_ms=2.180 avg_us=0.413 max_us=21
   2 caller=0x7cb3f513277c calls=1958 total_ms=1.723 avg_us=0.880 max_us=20
   3 caller=0x7cb3f513299d calls=1958 total_ms=0.793 avg_us=0.405 max_us=20
   4 caller=0x7cb3f5131732 calls=392 total_ms=0.791 avg_us=2.018 max_us=9
direct_cudaStreamSynchronize: calls=7200 total_ms=35.064 max_us=2480
by_direct_callsite (file:line):
   0 /opt/llama.cpp/ggml/src/ggml-cuda/ggml-cuda.cu:839 calls=6847 total_ms=28.939 avg_us=4.227 max_us=354
   1 /opt/llama.cpp/ggml/src/ggml-cuda/ggml-cuda.cu:900 calls=12 total_ms=5.793 avg_us=482.750 max_us=2480
   2 /opt/llama.cpp/ggml/src/ggml-cuda/ggml-cuda.cu:2665 calls=191 total_ms=0.214 avg_us=1.120 max_us=5
   3 /opt/llama.cpp/ggml/src/ggml-cuda/ggml-cuda.cu:847 calls=150 total_ms=0.118 avg_us=0.787 max_us=2
=== END CUDA SYNC PROFILE ===
backend-sync-trace: count=16200 backend=CUDA0 caller=ggml_backend_sched_graph_compute_async_ext+0xecc

=== CUDA SYNC PROFILE (instrumentation only) ===
total_syncs = 16200
total_wait_ms = 9422.619
max_wait_us = 140454
sites = 5
wait_hist_us = logarithmic buckets
  hist[0] = 14767
  hist[1] = 738
  hist[2] = 82
  hist[3] = 17
  hist[4] = 10
  hist[5] = 2
  hist[9] = 102
  hist[10] = 228
  hist[11] = 59
  hist[14] = 62
  hist[15] = 109
  hist[16] = 23
  hist[17] = 1
by_callsite (caller PC; symbolize with addr2line):
   0 caller=0x7cb3f512e0c2 calls=6607 total_ms=9417.131 avg_us=1425.326 max_us=140454
   1 caller=0x7cb3f513286c calls=5285 total_ms=2.181 avg_us=0.413 max_us=21
   2 caller=0x7cb3f513277c calls=1958 total_ms=1.723 avg_us=0.880 max_us=20
   3 caller=0x7cb3f513299d calls=1958 total_ms=0.793 avg_us=0.405 max_us=20
   4 caller=0x7cb3f5131732 calls=392 total_ms=0.791 avg_us=2.018 max_us=9
direct_cudaStreamSynchronize: calls=7200 total_ms=35.064 max_us=2480
by_direct_callsite (file:line):
   0 /opt/llama.cpp/ggml/src/ggml-cuda/ggml-cuda.cu:839 calls=6847 total_ms=28.939 avg_us=4.227 max_us=354
   1 /opt/llama.cpp/ggml/src/ggml-cuda/ggml-cuda.cu:900 calls=12 total_ms=5.793 avg_us=482.750 max_us=2480
   2 /opt/llama.cpp/ggml/src/ggml-cuda/ggml-cuda.cu:2665 calls=191 total_ms=0.214 avg_us=1.120 max_us=5
   3 /opt/llama.cpp/ggml/src/ggml-cuda/ggml-cuda.cu:847 calls=150 total_ms=0.118 avg_us=0.787 max_us=2
=== END CUDA SYNC PROFILE ===
backend-sync-trace: count=16300 backend=CUDA0 caller=ggml_backend_sched_graph_compute_async_ext+0xddc

=== CUDA SYNC PROFILE (instrumentation only) ===
total_syncs = 16300
total_wait_ms = 9460.137
max_wait_us = 140454
sites = 5
wait_hist_us = logarithmic buckets
  hist[0] = 14859
  hist[1] = 742
  hist[2] = 82
  hist[3] = 17
  hist[4] = 10
  hist[5] = 2
  hist[9] = 103
  hist[10] = 229
  hist[11] = 60
  hist[14] = 62
  hist[15] = 110
  hist[16] = 23
  hist[17] = 1
by_callsite (caller PC; symbolize with addr2line):
   0 caller=0x7cb3f512e0c2 calls=6651 total_ms=9454.618 avg_us=1421.533 max_us=140454
   1 caller=0x7cb3f513286c calls=5314 total_ms=2.194 avg_us=0.413 max_us=21
   2 caller=0x7cb3f513277c calls=1971 total_ms=1.733 avg_us=0.879 max_us=20
   3 caller=0x7cb3f513299d calls=1970 total_ms=0.797 avg_us=0.405 max_us=20
   4 caller=0x7cb3f5131732 calls=394 total_ms=0.795 avg_us=2.018 max_us=9
direct_cudaStreamSynchronize: calls=7240 total_ms=35.220 max_us=2480
by_direct_callsite (file:line):
   0 /opt/llama.cpp/ggml/src/ggml-cuda/ggml-cuda.cu:839 calls=6887 total_ms=29.095 avg_us=4.225 max_us=354
   1 /opt/llama.cpp/ggml/src/ggml-cuda/ggml-cuda.cu:900 calls=12 total_ms=5.793 avg_us=482.750 max_us=2480
   2 /opt/llama.cpp/ggml/src/ggml-cuda/ggml-cuda.cu:2665 calls=191 total_ms=0.214 avg_us=1.120 max_us=5
   3 /opt/llama.cpp/ggml/src/ggml-cuda/ggml-cuda.cu:847 calls=150 total_ms=0.118 avg_us=0.787 max_us=2
=== END CUDA SYNC PROFILE ===
backend-sync-trace: count=16400 backend=CUDA0 caller=ggml_backend_sched_synchronize+0x52

=== CUDA SYNC PROFILE (instrumentation only) ===
total_syncs = 16400
total_wait_ms = 9557.039
max_wait_us = 140454
sites = 5
wait_hist_us = logarithmic buckets
  hist[0] = 14950
  hist[1] = 746
  hist[2] = 83
  hist[3] = 17
  hist[4] = 10
  hist[5] = 2
  hist[9] = 104
  hist[10] = 230
  hist[11] = 60
  hist[14] = 62
  hist[15] = 112
  hist[16] = 23
  hist[17] = 1
by_callsite (caller PC; symbolize with addr2line):
   0 caller=0x7cb3f512e0c2 calls=6684 total_ms=9551.494 avg_us=1429.009 max_us=140454
   1 caller=0x7cb3f513286c calls=5356 total_ms=2.205 avg_us=0.412 max_us=21
   2 caller=0x7cb3f513277c calls=1982 total_ms=1.739 avg_us=0.877 max_us=20
   3 caller=0x7cb3f513299d calls=1982 total_ms=0.803 avg_us=0.405 max_us=20
   4 caller=0x7cb3f5131732 calls=396 total_ms=0.798 avg_us=2.015 max_us=9
direct_cudaStreamSynchronize: calls=7291 total_ms=35.430 max_us=2480
by_direct_callsite (file:line):
   0 /opt/llama.cpp/ggml/src/ggml-cuda/ggml-cuda.cu:839 calls=6938 total_ms=29.305 avg_us=4.224 max_us=354
   1 /opt/llama.cpp/ggml/src/ggml-cuda/ggml-cuda.cu:900 calls=12 total_ms=5.793 avg_us=482.750 max_us=2480
   2 /opt/llama.cpp/ggml/src/ggml-cuda/ggml-cuda.cu:2665 calls=191 total_ms=0.214 avg_us=1.120 max_us=5
   3 /opt/llama.cpp/ggml/src/ggml-cuda/ggml-cuda.cu:847 calls=150 total_ms=0.118 avg_us=0.787 max_us=2
=== END CUDA SYNC PROFILE ===

=== CUDA SYNC PROFILE (instrumentation only) ===
total_syncs = 16437
total_wait_ms = 9557.055
max_wait_us = 140454
sites = 5
wait_hist_us = logarithmic buckets
  hist[0] = 14985
  hist[1] = 748
  hist[2] = 83
  hist[3] = 17
  hist[4] = 10
  hist[5] = 2
  hist[9] = 104
  hist[10] = 230
  hist[11] = 60
  hist[14] = 62
  hist[15] = 112
  hist[16] = 23
  hist[17] = 1
by_callsite (caller PC; symbolize with addr2line):
   0 caller=0x7cb3f512e0c2 calls=6705 total_ms=9551.502 avg_us=1424.534 max_us=140454
   1 caller=0x7cb3f513286c calls=5362 total_ms=2.207 avg_us=0.412 max_us=21
   2 caller=0x7cb3f513277c calls=1986 total_ms=1.740 avg_us=0.876 max_us=20
   3 caller=0x7cb3f513299d calls=1986 total_ms=0.804 avg_us=0.405 max_us=20
   4 caller=0x7cb3f5131732 calls=398 total_ms=0.802 avg_us=2.015 max_us=9
direct_cudaStreamSynchronize: calls=7300 total_ms=35.469 max_us=2480
by_direct_callsite (file:line):
   0 /opt/llama.cpp/ggml/src/ggml-cuda/ggml-cuda.cu:839 calls=6947 total_ms=29.344 avg_us=4.224 max_us=354
   1 /opt/llama.cpp/ggml/src/ggml-cuda/ggml-cuda.cu:900 calls=12 total_ms=5.793 avg_us=482.750 max_us=2480
   2 /opt/llama.cpp/ggml/src/ggml-cuda/ggml-cuda.cu:2665 calls=191 total_ms=0.214 avg_us=1.120 max_us=5
   3 /opt/llama.cpp/ggml/src/ggml-cuda/ggml-cuda.cu:847 calls=150 total_ms=0.118 avg_us=0.787 max_us=2
=== END CUDA SYNC PROFILE ===
backend-sync-trace: count=16500 backend=CUDA0 caller=ggml_backend_sched_synchronize+0x52

=== CUDA SYNC PROFILE (instrumentation only) ===
total_syncs = 16500
total_wait_ms = 9595.844
max_wait_us = 140454
sites = 5
wait_hist_us = logarithmic buckets
  hist[0] = 15043
  hist[1] = 750
  hist[2] = 83
  hist[3] = 17
  hist[4] = 10
  hist[5] = 2
  hist[9] = 104
  hist[10] = 232
  hist[11] = 60
  hist[14] = 62
  hist[15] = 113
  hist[16] = 23
  hist[17] = 1
by_callsite (caller PC; symbolize with addr2line):
   0 caller=0x7cb3f512e0c2 calls=6726 total_ms=9590.274 avg_us=1425.851 max_us=140454
   1 caller=0x7cb3f513286c calls=5387 total_ms=2.214 avg_us=0.411 max_us=21
   2 caller=0x7cb3f513277c calls=1994 total_ms=1.747 avg_us=0.876 max_us=20
   3 caller=0x7cb3f513299d calls=1994 total_ms=0.805 avg_us=0.404 max_us=20
   4 caller=0x7cb3f5131732 calls=399 total_ms=0.804 avg_us=2.015 max_us=9
direct_cudaStreamSynchronize: calls=7331 total_ms=35.613 max_us=2480
by_direct_callsite (file:line):
   0 /opt/llama.cpp/ggml/src/ggml-cuda/ggml-cuda.cu:839 calls=6978 total_ms=29.488 avg_us=4.226 max_us=354
   1 /opt/llama.cpp/ggml/src/ggml-cuda/ggml-cuda.cu:900 calls=12 total_ms=5.793 avg_us=482.750 max_us=2480
   2 /opt/llama.cpp/ggml/src/ggml-cuda/ggml-cuda.cu:2665 calls=191 total_ms=0.214 avg_us=1.120 max_us=5
   3 /opt/llama.cpp/ggml/src/ggml-cuda/ggml-cuda.cu:847 calls=150 total_ms=0.118 avg_us=0.787 max_us=2
=== END CUDA SYNC PROFILE ===
backend-sync-trace: count=16600 backend=CUDA0 caller=ggml_backend_sched_synchronize+0x52

=== CUDA SYNC PROFILE (instrumentation only) ===
total_syncs = 16600
total_wait_ms = 9628.575
max_wait_us = 140454
sites = 5
wait_hist_us = logarithmic buckets
  hist[0] = 15134
  hist[1] = 755
  hist[2] = 83
  hist[3] = 17
  hist[4] = 10
  hist[5] = 2
  hist[9] = 106
  hist[10] = 233
  hist[11] = 60
  hist[14] = 63
  hist[15] = 113
  hist[16] = 23
  hist[17] = 1
by_callsite (caller PC; symbolize with addr2line):
   0 caller=0x7cb3f512e0c2 calls=6768 total_ms=9622.974 avg_us=1421.834 max_us=140454
   1 caller=0x7cb3f513286c calls=5418 total_ms=2.226 avg_us=0.411 max_us=21
   2 caller=0x7cb3f513277c calls=2006 total_ms=1.757 avg_us=0.876 max_us=20
   3 caller=0x7cb3f5131732 calls=402 total_ms=0.810 avg_us=2.015 max_us=9
   4 caller=0x7cb3f513299d calls=2006 total_ms=0.808 avg_us=0.403 max_us=20
direct_cudaStreamSynchronize: calls=7372 total_ms=35.773 max_us=2480
by_direct_callsite (file:line):
   0 /opt/llama.cpp/ggml/src/ggml-cuda/ggml-cuda.cu:839 calls=7019 total_ms=29.648 avg_us=4.224 max_us=354
   1 /opt/llama.cpp/ggml/src/ggml-cuda/ggml-cuda.cu:900 calls=12 total_ms=5.793 avg_us=482.750 max_us=2480
   2 /opt/llama.cpp/ggml/src/ggml-cuda/ggml-cuda.cu:2665 calls=191 total_ms=0.214 avg_us=1.120 max_us=5
   3 /opt/llama.cpp/ggml/src/ggml-cuda/ggml-cuda.cu:847 calls=150 total_ms=0.118 avg_us=0.787 max_us=2
=== END CUDA SYNC PROFILE ===

=== CUDA SYNC PROFILE (instrumentation only) ===
total_syncs = 16653
total_wait_ms = 9663.134
max_wait_us = 140454
sites = 5
wait_hist_us = logarithmic buckets
  hist[0] = 15183
  hist[1] = 757
  hist[2] = 83
  hist[3] = 17
  hist[4] = 10
  hist[5] = 2
  hist[9] = 106
  hist[10] = 234
  hist[11] = 60
  hist[14] = 63
  hist[15] = 114
  hist[16] = 23
  hist[17] = 1
by_callsite (caller PC; symbolize with addr2line):
   0 caller=0x7cb3f512e0c2 calls=6783 total_ms=9657.517 avg_us=1423.783 max_us=140454
   1 caller=0x7cb3f513286c calls=5439 total_ms=2.233 avg_us=0.411 max_us=21
   2 caller=0x7cb3f513277c calls=2014 total_ms=1.762 avg_us=0.875 max_us=20
   3 caller=0x7cb3f5131732 calls=403 total_ms=0.812 avg_us=2.015 max_us=9
   4 caller=0x7cb3f513299d calls=2014 total_ms=0.810 avg_us=0.402 max_us=20
direct_cudaStreamSynchronize: calls=7400 total_ms=35.888 max_us=2480
by_direct_callsite (file:line):
   0 /opt/llama.cpp/ggml/src/ggml-cuda/ggml-cuda.cu:839 calls=7047 total_ms=29.763 avg_us=4.223 max_us=354
   1 /opt/llama.cpp/ggml/src/ggml-cuda/ggml-cuda.cu:900 calls=12 total_ms=5.793 avg_us=482.750 max_us=2480
   2 /opt/llama.cpp/ggml/src/ggml-cuda/ggml-cuda.cu:2665 calls=191 total_ms=0.214 avg_us=1.120 max_us=5
   3 /opt/llama.cpp/ggml/src/ggml-cuda/ggml-cuda.cu:847 calls=150 total_ms=0.118 avg_us=0.787 max_us=2
=== END CUDA SYNC PROFILE ===
backend-sync-trace: count=16700 backend=CUDA0 caller=ggml_backend_sched_graph_compute_async_ext+0xddc

=== CUDA SYNC PROFILE (instrumentation only) ===
total_syncs = 16700
total_wait_ms = 9665.297
max_wait_us = 140454
sites = 5
wait_hist_us = logarithmic buckets
  hist[0] = 15226
  hist[1] = 759
  hist[2] = 83
  hist[3] = 17
  hist[4] = 10
  hist[5] = 2
  hist[9] = 107
  hist[10] = 235
  hist[11] = 60
  hist[14] = 63
  hist[15] = 114
  hist[16] = 23
  hist[17] = 1
by_callsite (caller PC; symbolize with addr2line):
   0 caller=0x7cb3f512e0c2 calls=6806 total_ms=9659.665 avg_us=1419.287 max_us=140454
   1 caller=0x7cb3f513286c calls=5449 total_ms=2.238 avg_us=0.411 max_us=21
   2 caller=0x7cb3f513277c calls=2021 total_ms=1.769 avg_us=0.875 max_us=20
   3 caller=0x7cb3f5131732 calls=404 total_ms=0.814 avg_us=2.015 max_us=9
   4 caller=0x7cb3f513299d calls=2020 total_ms=0.811 avg_us=0.401 max_us=20
direct_cudaStreamSynchronize: calls=7415 total_ms=35.938 max_us=2480
by_direct_callsite (file:line):
   0 /opt/llama.cpp/ggml/src/ggml-cuda/ggml-cuda.cu:839 calls=7062 total_ms=29.813 avg_us=4.222 max_us=354
   1 /opt/llama.cpp/ggml/src/ggml-cuda/ggml-cuda.cu:900 calls=12 total_ms=5.793 avg_us=482.750 max_us=2480
   2 /opt/llama.cpp/ggml/src/ggml-cuda/ggml-cuda.cu:2665 calls=191 total_ms=0.214 avg_us=1.120 max_us=5
   3 /opt/llama.cpp/ggml/src/ggml-cuda/ggml-cuda.cu:847 calls=150 total_ms=0.118 avg_us=0.787 max_us=2
=== END CUDA SYNC PROFILE ===
backend-sync-trace: count=16800 backend=CUDA0 caller=ggml_backend_sched_graph_compute_async_ext+0xecc

=== CUDA SYNC PROFILE (instrumentation only) ===
total_syncs = 16800
total_wait_ms = 9692.982
max_wait_us = 140454
sites = 5
wait_hist_us = logarithmic buckets
  hist[0] = 15320
  hist[1] = 762
  hist[2] = 83
  hist[3] = 17
  hist[4] = 10
  hist[5] = 2
  hist[9] = 109
  hist[10] = 235
  hist[11] = 60
  hist[14] = 64
  hist[15] = 114
  hist[16] = 23
  hist[17] = 1
by_callsite (caller PC; symbolize with addr2line):
   0 caller=0x7cb3f512e0c2 calls=6843 total_ms=9687.317 avg_us=1415.654 max_us=140454
   1 caller=0x7cb3f513286c calls=5487 total_ms=2.256 avg_us=0.411 max_us=21
   2 caller=0x7cb3f513277c calls=2032 total_ms=1.776 avg_us=0.874 max_us=20
   3 caller=0x7cb3f5131732 calls=406 total_ms=0.818 avg_us=2.015 max_us=9
   4 caller=0x7cb3f513299d calls=2032 total_ms=0.815 avg_us=0.401 max_us=20
direct_cudaStreamSynchronize: calls=7461 total_ms=36.165 max_us=2480
by_direct_callsite (file:line):
   0 /opt/llama.cpp/ggml/src/ggml-cuda/ggml-cuda.cu:839 calls=7108 total_ms=30.040 avg_us=4.226 max_us=354
   1 /opt/llama.cpp/ggml/src/ggml-cuda/ggml-cuda.cu:900 calls=12 total_ms=5.793 avg_us=482.750 max_us=2480
   2 /opt/llama.cpp/ggml/src/ggml-cuda/ggml-cuda.cu:2665 calls=191 total_ms=0.214 avg_us=1.120 max_us=5
   3 /opt/llama.cpp/ggml/src/ggml-cuda/ggml-cuda.cu:847 calls=150 total_ms=0.118 avg_us=0.787 max_us=2
=== END CUDA SYNC PROFILE ===

=== CUDA SYNC PROFILE (instrumentation only) ===
total_syncs = 16877
total_wait_ms = 9725.277
max_wait_us = 140454
sites = 5
wait_hist_us = logarithmic buckets
  hist[0] = 15391
  hist[1] = 765
  hist[2] = 83
  hist[3] = 17
  hist[4] = 10
  hist[5] = 2
  hist[9] = 109
  hist[10] = 237
  hist[11] = 60
  hist[14] = 65
  hist[15] = 114
  hist[16] = 23
  hist[17] = 1
by_callsite (caller PC; symbolize with addr2line):
   0 caller=0x7cb3f512e0c2 calls=6868 total_ms=9719.587 avg_us=1415.199 max_us=140454
   1 caller=0x7cb3f513286c calls=5517 total_ms=2.267 avg_us=0.411 max_us=21
   2 caller=0x7cb3f513277c calls=2042 total_ms=1.784 avg_us=0.874 max_us=20
   3 caller=0x7cb3f5131732 calls=408 total_ms=0.821 avg_us=2.012 max_us=9
   4 caller=0x7cb3f513299d calls=2042 total_ms=0.818 avg_us=0.401 max_us=20
direct_cudaStreamSynchronize: calls=7500 total_ms=36.319 max_us=2480
by_direct_callsite (file:line):
   0 /opt/llama.cpp/ggml/src/ggml-cuda/ggml-cuda.cu:839 calls=7147 total_ms=30.194 avg_us=4.225 max_us=354
   1 /opt/llama.cpp/ggml/src/ggml-cuda/ggml-cuda.cu:900 calls=12 total_ms=5.793 avg_us=482.750 max_us=2480
   2 /opt/llama.cpp/ggml/src/ggml-cuda/ggml-cuda.cu:2665 calls=191 total_ms=0.214 avg_us=1.120 max_us=5
   3 /opt/llama.cpp/ggml/src/ggml-cuda/ggml-cuda.cu:847 calls=150 total_ms=0.118 avg_us=0.787 max_us=2
=== END CUDA SYNC PROFILE ===
backend-sync-trace: count=16900 backend=CUDA0 caller=ggml_backend_sched_synchronize+0x52

=== CUDA SYNC PROFILE (instrumentation only) ===
total_syncs = 16900
total_wait_ms = 9750.536
max_wait_us = 140454
sites = 5
wait_hist_us = logarithmic buckets
  hist[0] = 15412
  hist[1] = 766
  hist[2] = 83
  hist[3] = 17
  hist[4] = 10
  hist[5] = 2
  hist[9] = 109
  hist[10] = 237
  hist[11] = 60
  hist[14] = 66
  hist[15] = 114
  hist[16] = 23
  hist[17] = 1
by_callsite (caller PC; symbolize with addr2line):
   0 caller=0x7cb3f512e0c2 calls=6881 total_ms=9744.844 avg_us=1416.196 max_us=140454
   1 caller=0x7cb3f513286c calls=5522 total_ms=2.268 avg_us=0.411 max_us=21
   2 caller=0x7cb3f513277c calls=2044 total_ms=1.784 avg_us=0.873 max_us=20
   3 caller=0x7cb3f5131732 calls=409 total_ms=0.822 avg_us=2.010 max_us=9
   4 caller=0x7cb3f513299d calls=2044 total_ms=0.818 avg_us=0.400 max_us=20
direct_cudaStreamSynchronize: calls=7506 total_ms=36.347 max_us=2480
by_direct_callsite (file:line):
   0 /opt/llama.cpp/ggml/src/ggml-cuda/ggml-cuda.cu:839 calls=7153 total_ms=30.222 avg_us=4.225 max_us=354
   1 /opt/llama.cpp/ggml/src/ggml-cuda/ggml-cuda.cu:900 calls=12 total_ms=5.793 avg_us=482.750 max_us=2480
   2 /opt/llama.cpp/ggml/src/ggml-cuda/ggml-cuda.cu:2665 calls=191 total_ms=0.214 avg_us=1.120 max_us=5
   3 /opt/llama.cpp/ggml/src/ggml-cuda/ggml-cuda.cu:847 calls=150 total_ms=0.118 avg_us=0.787 max_us=2
=== END CUDA SYNC PROFILE ===
backend-sync-trace: count=17000 backend=CUDA0 caller=ggml_backend_sched_graph_compute_async_ext+0xecc

=== CUDA SYNC PROFILE (instrumentation only) ===
total_syncs = 17000
total_wait_ms = 9779.227
max_wait_us = 140454
sites = 5
wait_hist_us = logarithmic buckets
  hist[0] = 15504
  hist[1] = 770
  hist[2] = 83
  hist[3] = 17
  hist[4] = 10
  hist[5] = 2
  hist[9] = 111
  hist[10] = 238
  hist[11] = 60
  hist[14] = 67
  hist[15] = 114
  hist[16] = 23
  hist[17] = 1
by_callsite (caller PC; symbolize with addr2line):
   0 caller=0x7cb3f512e0c2 calls=6917 total_ms=9773.504 avg_us=1412.969 max_us=140454
   1 caller=0x7cb3f513286c calls=5555 total_ms=2.282 avg_us=0.411 max_us=21
   2 caller=0x7cb3f513277c calls=2058 total_ms=1.794 avg_us=0.872 max_us=20
   3 caller=0x7cb3f5131732 calls=412 total_ms=0.828 avg_us=2.010 max_us=9
   4 caller=0x7cb3f513299d calls=2058 total_ms=0.819 avg_us=0.398 max_us=20
direct_cudaStreamSynchronize: calls=7550 total_ms=36.517 max_us=2480
by_direct_callsite (file:line):
   0 /opt/llama.cpp/ggml/src/ggml-cuda/ggml-cuda.cu:839 calls=7197 total_ms=30.392 avg_us=4.223 max_us=354
   1 /opt/llama.cpp/ggml/src/ggml-cuda/ggml-cuda.cu:900 calls=12 total_ms=5.793 avg_us=482.750 max_us=2480
   2 /opt/llama.cpp/ggml/src/ggml-cuda/ggml-cuda.cu:2665 calls=191 total_ms=0.214 avg_us=1.120 max_us=5
   3 /opt/llama.cpp/ggml/src/ggml-cuda/ggml-cuda.cu:847 calls=150 total_ms=0.118 avg_us=0.787 max_us=2
=== END CUDA SYNC PROFILE ===
backend-sync-trace: count=17100 backend=CUDA0 caller=ggml_backend_sched_graph_compute_async_ext+0xecc

=== CUDA SYNC PROFILE (instrumentation only) ===
total_syncs = 17100
total_wait_ms = 9808.731
max_wait_us = 140454
sites = 5
wait_hist_us = logarithmic buckets
  hist[0] = 15596
  hist[1] = 774
  hist[2] = 83
  hist[3] = 17
  hist[4] = 10
  hist[5] = 2
  hist[9] = 112
  hist[10] = 240
  hist[11] = 60
  hist[14] = 68
  hist[15] = 114
  hist[16] = 23
  hist[17] = 1
by_callsite (caller PC; symbolize with addr2line):
   0 caller=0x7cb3f512e0c2 calls=6955 total_ms=9802.969 avg_us=1409.485 max_us=140454
   1 caller=0x7cb3f513286c calls=5587 total_ms=2.297 avg_us=0.411 max_us=21
   2 caller=0x7cb3f513277c calls=2072 total_ms=1.806 avg_us=0.872 max_us=20
   3 caller=0x7cb3f5131732 calls=414 total_ms=0.832 avg_us=2.010 max_us=9
   4 caller=0x7cb3f513299d calls=2072 total_ms=0.827 avg_us=0.399 max_us=20
direct_cudaStreamSynchronize: calls=7593 total_ms=36.687 max_us=2480
by_direct_callsite (file:line):
   0 /opt/llama.cpp/ggml/src/ggml-cuda/ggml-cuda.cu:839 calls=7240 total_ms=30.562 avg_us=4.221 max_us=354
   1 /opt/llama.cpp/ggml/src/ggml-cuda/ggml-cuda.cu:900 calls=12 total_ms=5.793 avg_us=482.750 max_us=2480
   2 /opt/llama.cpp/ggml/src/ggml-cuda/ggml-cuda.cu:2665 calls=191 total_ms=0.214 avg_us=1.120 max_us=5
   3 /opt/llama.cpp/ggml/src/ggml-cuda/ggml-cuda.cu:847 calls=150 total_ms=0.118 avg_us=0.787 max_us=2
=== END CUDA SYNC PROFILE ===

=== CUDA SYNC PROFILE (instrumentation only) ===
total_syncs = 17106
total_wait_ms = 9808.732
max_wait_us = 140454
sites = 5
wait_hist_us = logarithmic buckets
  hist[0] = 15602
  hist[1] = 774
  hist[2] = 83
  hist[3] = 17
  hist[4] = 10
  hist[5] = 2
  hist[9] = 112
  hist[10] = 240
  hist[11] = 60
  hist[14] = 68
  hist[15] = 114
  hist[16] = 23
  hist[17] = 1
by_callsite (caller PC; symbolize with addr2line):
   0 caller=0x7cb3f512e0c2 calls=6955 total_ms=9802.969 avg_us=1409.485 max_us=140454
   1 caller=0x7cb3f513286c calls=5593 total_ms=2.298 avg_us=0.411 max_us=21
   2 caller=0x7cb3f513277c calls=2072 total_ms=1.806 avg_us=0.872 max_us=20
   3 caller=0x7cb3f5131732 calls=414 total_ms=0.832 avg_us=2.010 max_us=9
   4 caller=0x7cb3f513299d calls=2072 total_ms=0.827 avg_us=0.399 max_us=20
direct_cudaStreamSynchronize: calls=7600 total_ms=36.728 max_us=2480
by_direct_callsite (file:line):
   0 /opt/llama.cpp/ggml/src/ggml-cuda/ggml-cuda.cu:839 calls=7247 total_ms=30.603 avg_us=4.223 max_us=354
   1 /opt/llama.cpp/ggml/src/ggml-cuda/ggml-cuda.cu:900 calls=12 total_ms=5.793 avg_us=482.750 max_us=2480
   2 /opt/llama.cpp/ggml/src/ggml-cuda/ggml-cuda.cu:2665 calls=191 total_ms=0.214 avg_us=1.120 max_us=5
   3 /opt/llama.cpp/ggml/src/ggml-cuda/ggml-cuda.cu:847 calls=150 total_ms=0.118 avg_us=0.787 max_us=2
=== END CUDA SYNC PROFILE ===
backend-sync-trace: count=17200 backend=CUDA0 caller=ggml_backend_sched_synchronize+0x52

=== CUDA SYNC PROFILE (instrumentation only) ===
total_syncs = 17200
total_wait_ms = 9872.302
max_wait_us = 140454
sites = 5
wait_hist_us = logarithmic buckets
  hist[0] = 15688
  hist[1] = 778
  hist[2] = 83
  hist[3] = 17
  hist[4] = 10
  hist[5] = 2
  hist[9] = 114
  hist[10] = 240
  hist[11] = 60
  hist[14] = 70
  hist[15] = 114
  hist[16] = 23
  hist[17] = 1
by_callsite (caller PC; symbolize with addr2line):
   0 caller=0x7cb3f512e0c2 calls=6985 total_ms=9866.513 avg_us=1412.529 max_us=140454
   1 caller=0x7cb3f513286c calls=5630 total_ms=2.307 avg_us=0.410 max_us=21
   2 caller=0x7cb3f513277c calls=2084 total_ms=1.817 avg_us=0.872 max_us=20
   3 caller=0x7cb3f5131732 calls=417 total_ms=0.837 avg_us=2.007 max_us=9
   4 caller=0x7cb3f513299d calls=2084 total_ms=0.828 avg_us=0.397 max_us=20
direct_cudaStreamSynchronize: calls=7646 total_ms=36.912 max_us=2480
by_direct_callsite (file:line):
   0 /opt/llama.cpp/ggml/src/ggml-cuda/ggml-cuda.cu:839 calls=7293 total_ms=30.787 avg_us=4.221 max_us=354
   1 /opt/llama.cpp/ggml/src/ggml-cuda/ggml-cuda.cu:900 calls=12 total_ms=5.793 avg_us=482.750 max_us=2480
   2 /opt/llama.cpp/ggml/src/ggml-cuda/ggml-cuda.cu:2665 calls=191 total_ms=0.214 avg_us=1.120 max_us=5
   3 /opt/llama.cpp/ggml/src/ggml-cuda/ggml-cuda.cu:847 calls=150 total_ms=0.118 avg_us=0.787 max_us=2
=== END CUDA SYNC PROFILE ===
backend-sync-trace: count=17300 backend=CUDA0 caller=ggml_backend_sched_synchronize+0x52

=== CUDA SYNC PROFILE (instrumentation only) ===
total_syncs = 17300
total_wait_ms = 9911.944
max_wait_us = 140454
sites = 5
wait_hist_us = logarithmic buckets
  hist[0] = 15783
  hist[1] = 780
  hist[2] = 83
  hist[3] = 17
  hist[4] = 10
  hist[5] = 2
  hist[9] = 116
  hist[10] = 240
  hist[11] = 60
  hist[14] = 70
  hist[15] = 115
  hist[16] = 23
  hist[17] = 1
by_callsite (caller PC; symbolize with addr2line):
   0 caller=0x7cb3f512e0c2 calls=7036 total_ms=9906.129 avg_us=1407.921 max_us=140454
   1 caller=0x7cb3f513286c calls=5657 total_ms=2.315 avg_us=0.409 max_us=21
   2 caller=0x7cb3f513277c calls=2094 total_ms=1.825 avg_us=0.872 max_us=20
   3 caller=0x7cb3f5131732 calls=419 total_ms=0.840 avg_us=2.005 max_us=9
   4 caller=0x7cb3f513299d calls=2094 total_ms=0.835 avg_us=0.399 max_us=20
direct_cudaStreamSynchronize: calls=7681 total_ms=37.055 max_us=2480
by_direct_callsite (file:line):
   0 /opt/llama.cpp/ggml/src/ggml-cuda/ggml-cuda.cu:839 calls=7328 total_ms=30.930 avg_us=4.221 max_us=354
   1 /opt/llama.cpp/ggml/src/ggml-cuda/ggml-cuda.cu:900 calls=12 total_ms=5.793 avg_us=482.750 max_us=2480
   2 /opt/llama.cpp/ggml/src/ggml-cuda/ggml-cuda.cu:2665 calls=191 total_ms=0.214 avg_us=1.120 max_us=5
   3 /opt/llama.cpp/ggml/src/ggml-cuda/ggml-cuda.cu:847 calls=150 total_ms=0.118 avg_us=0.787 max_us=2
=== END CUDA SYNC PROFILE ===

=== CUDA SYNC PROFILE (instrumentation only) ===
total_syncs = 17347
total_wait_ms = 9913.825
max_wait_us = 140454
sites = 5
wait_hist_us = logarithmic buckets
  hist[0] = 15827
  hist[1] = 781
  hist[2] = 83
  hist[3] = 17
  hist[4] = 10
  hist[5] = 2
  hist[9] = 118
  hist[10] = 240
  hist[11] = 60
  hist[14] = 70
  hist[15] = 115
  hist[16] = 23
  hist[17] = 1
by_callsite (caller PC; symbolize with addr2line):
   0 caller=0x7cb3f512e0c2 calls=7054 total_ms=9907.998 avg_us=1404.593 max_us=140454
   1 caller=0x7cb3f513286c calls=5669 total_ms=2.317 avg_us=0.409 max_us=21
   2 caller=0x7cb3f513277c calls=2102 total_ms=1.832 avg_us=0.872 max_us=20
   3 caller=0x7cb3f5131732 calls=420 total_ms=0.841 avg_us=2.002 max_us=9
   4 caller=0x7cb3f513299d calls=2102 total_ms=0.837 avg_us=0.398 max_us=20
direct_cudaStreamSynchronize: calls=7700 total_ms=37.139 max_us=2480
by_direct_callsite (file:line):
   0 /opt/llama.cpp/ggml/src/ggml-cuda/ggml-cuda.cu:839 calls=7347 total_ms=31.014 avg_us=4.221 max_us=354
   1 /opt/llama.cpp/ggml/src/ggml-cuda/ggml-cuda.cu:900 calls=12 total_ms=5.793 avg_us=482.750 max_us=2480
   2 /opt/llama.cpp/ggml/src/ggml-cuda/ggml-cuda.cu:2665 calls=191 total_ms=0.214 avg_us=1.120 max_us=5
   3 /opt/llama.cpp/ggml/src/ggml-cuda/ggml-cuda.cu:847 calls=150 total_ms=0.118 avg_us=0.787 max_us=2
=== END CUDA SYNC PROFILE ===
backend-sync-trace: count=17400 backend=CUDA0 caller=ggml_backend_sched_synchronize+0x52

=== CUDA SYNC PROFILE (instrumentation only) ===
total_syncs = 17400
total_wait_ms = 9944.141
max_wait_us = 140454
sites = 5
wait_hist_us = logarithmic buckets
  hist[0] = 15874
  hist[1] = 783
  hist[2] = 85
  hist[3] = 17
  hist[4] = 10
  hist[5] = 2
  hist[9] = 118
  hist[10] = 241
  hist[11] = 60
  hist[14] = 71
  hist[15] = 115
  hist[16] = 23
  hist[17] = 1
by_callsite (caller PC; symbolize with addr2line):
   0 caller=0x7cb3f512e0c2 calls=7078 total_ms=9938.294 avg_us=1404.110 max_us=140454
   1 caller=0x7cb3f513286c calls=5688 total_ms=2.324 avg_us=0.409 max_us=21
   2 caller=0x7cb3f513277c calls=2106 total_ms=1.836 avg_us=0.872 max_us=20
   3 caller=0x7cb3f5131732 calls=422 total_ms=0.850 avg_us=2.014 max_us=9
   4 caller=0x7cb3f513299d calls=2106 total_ms=0.837 avg_us=0.397 max_us=20
direct_cudaStreamSynchronize: calls=7722 total_ms=37.216 max_us=2480
by_direct_callsite (file:line):
   0 /opt/llama.cpp/ggml/src/ggml-cuda/ggml-cuda.cu:839 calls=7369 total_ms=31.091 avg_us=4.219 max_us=354
   1 /opt/llama.cpp/ggml/src/ggml-cuda/ggml-cuda.cu:900 calls=12 total_ms=5.793 avg_us=482.750 max_us=2480
   2 /opt/llama.cpp/ggml/src/ggml-cuda/ggml-cuda.cu:2665 calls=191 total_ms=0.214 avg_us=1.120 max_us=5
   3 /opt/llama.cpp/ggml/src/ggml-cuda/ggml-cuda.cu:847 calls=150 total_ms=0.118 avg_us=0.787 max_us=2
=== END CUDA SYNC PROFILE ===
backend-sync-trace: count=17500 backend=CUDA0 caller=ggml_backend_sched_graph_compute_async_ext+0xecc

=== CUDA SYNC PROFILE (instrumentation only) ===
total_syncs = 17500
total_wait_ms = 9975.551
max_wait_us = 140454
sites = 5
wait_hist_us = logarithmic buckets
  hist[0] = 15965
  hist[1] = 788
  hist[2] = 85
  hist[3] = 17
  hist[4] = 10
  hist[5] = 2
  hist[9] = 120
  hist[10] = 242
  hist[11] = 60
  hist[14] = 72
  hist[15] = 115
  hist[16] = 23
  hist[17] = 1
by_callsite (caller PC; symbolize with addr2line):
   0 caller=0x7cb3f512e0c2 calls=7110 total_ms=9969.666 avg_us=1402.203 max_us=140454
   1 caller=0x7cb3f513286c calls=5722 total_ms=2.336 avg_us=0.408 max_us=21
   2 caller=0x7cb3f513277c calls=2122 total_ms=1.851 avg_us=0.872 max_us=20
   3 caller=0x7cb3f5131732 calls=424 total_ms=0.855 avg_us=2.017 max_us=9
   4 caller=0x7cb3f513299d calls=2122 total_ms=0.843 avg_us=0.397 max_us=20
direct_cudaStreamSynchronize: calls=7768 total_ms=37.392 max_us=2480
by_direct_callsite (file:line):
   0 /opt/llama.cpp/ggml/src/ggml-cuda/ggml-cuda.cu:839 calls=7415 total_ms=31.267 avg_us=4.217 max_us=354
   1 /opt/llama.cpp/ggml/src/ggml-cuda/ggml-cuda.cu:900 calls=12 total_ms=5.793 avg_us=482.750 max_us=2480
   2 /opt/llama.cpp/ggml/src/ggml-cuda/ggml-cuda.cu:2665 calls=191 total_ms=0.214 avg_us=1.120 max_us=5
   3 /opt/llama.cpp/ggml/src/ggml-cuda/ggml-cuda.cu:847 calls=150 total_ms=0.118 avg_us=0.787 max_us=2
=== END CUDA SYNC PROFILE ===

=== CUDA SYNC PROFILE (instrumentation only) ===
total_syncs = 17573
total_wait_ms = 10016.459
max_wait_us = 140454
sites = 5
wait_hist_us = logarithmic buckets
  hist[0] = 16031
  hist[1] = 791
  hist[2] = 86
  hist[3] = 17
  hist[4] = 10
  hist[5] = 2
  hist[9] = 121
  hist[10] = 243
  hist[11] = 60
  hist[14] = 72
  hist[15] = 116
  hist[16] = 23
  hist[17] = 1
by_callsite (caller PC; symbolize with addr2line):
   0 caller=0x7cb3f512e0c2 calls=7141 total_ms=10010.549 avg_us=1401.841 max_us=140454
   1 caller=0x7cb3f513286c calls=5746 total_ms=2.345 avg_us=0.408 max_us=21
   2 caller=0x7cb3f513277c calls=2130 total_ms=1.858 avg_us=0.872 max_us=20
   3 caller=0x7cb3f5131732 calls=426 total_ms=0.860 avg_us=2.019 max_us=9
   4 caller=0x7cb3f513299d calls=2130 total_ms=0.847 avg_us=0.398 max_us=20
direct_cudaStreamSynchronize: calls=7800 total_ms=37.518 max_us=2480
by_direct_callsite (file:line):
   0 /opt/llama.cpp/ggml/src/ggml-cuda/ggml-cuda.cu:839 calls=7447 total_ms=31.393 avg_us=4.216 max_us=354
   1 /opt/llama.cpp/ggml/src/ggml-cuda/ggml-cuda.cu:900 calls=12 total_ms=5.793 avg_us=482.750 max_us=2480
   2 /opt/llama.cpp/ggml/src/ggml-cuda/ggml-cuda.cu:2665 calls=191 total_ms=0.214 avg_us=1.120 max_us=5
   3 /opt/llama.cpp/ggml/src/ggml-cuda/ggml-cuda.cu:847 calls=150 total_ms=0.118 avg_us=0.787 max_us=2
=== END CUDA SYNC PROFILE ===
backend-sync-trace: count=17600 backend=CUDA0 caller=ggml_backend_sched_graph_compute_async_ext+0xecc

=== CUDA SYNC PROFILE (instrumentation only) ===
total_syncs = 17600
total_wait_ms = 10041.477
max_wait_us = 140454
sites = 5
wait_hist_us = logarithmic buckets
  hist[0] = 16055
  hist[1] = 792
  hist[2] = 87
  hist[3] = 17
  hist[4] = 10
  hist[5] = 2
  hist[9] = 121
  hist[10] = 243
  hist[11] = 60
  hist[14] = 73
  hist[15] = 116
  hist[16] = 23
  hist[17] = 1
by_callsite (caller PC; symbolize with addr2line):
   0 caller=0x7cb3f512e0c2 calls=7143 total_ms=10035.553 avg_us=1404.949 max_us=140454
   1 caller=0x7cb3f513286c calls=5762 total_ms=2.352 avg_us=0.408 max_us=21
   2 caller=0x7cb3f513277c calls=2134 total_ms=1.860 avg_us=0.872 max_us=20
   3 caller=0x7cb3f5131732 calls=427 total_ms=0.863 avg_us=2.021 max_us=9
   4 caller=0x7cb3f513299d calls=2134 total_ms=0.849 avg_us=0.398 max_us=20
direct_cudaStreamSynchronize: calls=7818 total_ms=37.603 max_us=2480
by_direct_callsite (file:line):
   0 /opt/llama.cpp/ggml/src/ggml-cuda/ggml-cuda.cu:839 calls=7465 total_ms=31.478 avg_us=4.217 max_us=354
   1 /opt/llama.cpp/ggml/src/ggml-cuda/ggml-cuda.cu:900 calls=12 total_ms=5.793 avg_us=482.750 max_us=2480
   2 /opt/llama.cpp/ggml/src/ggml-cuda/ggml-cuda.cu:2665 calls=191 total_ms=0.214 avg_us=1.120 max_us=5
   3 /opt/llama.cpp/ggml/src/ggml-cuda/ggml-cuda.cu:847 calls=150 total_ms=0.118 avg_us=0.787 max_us=2
=== END CUDA SYNC PROFILE ===
backend-sync-trace: count=17700 backend=CUDA0 caller=ggml_backend_sched_synchronize+0x52

=== CUDA SYNC PROFILE (instrumentation only) ===
total_syncs = 17700
total_wait_ms = 10068.365
max_wait_us = 140454
sites = 5
wait_hist_us = logarithmic buckets
  hist[0] = 16148
  hist[1] = 796
  hist[2] = 87
  hist[3] = 17
  hist[4] = 10
  hist[5] = 2
  hist[9] = 122
  hist[10] = 244
  hist[11] = 60
  hist[14] = 74
  hist[15] = 116
  hist[16] = 23
  hist[17] = 1
by_callsite (caller PC; symbolize with addr2line):
   0 caller=0x7cb3f512e0c2 calls=7191 total_ms=10062.410 avg_us=1399.306 max_us=140454
   1 caller=0x7cb3f513286c calls=5792 total_ms=2.367 avg_us=0.409 max_us=21
   2 caller=0x7cb3f513277c calls=2144 total_ms=1.868 avg_us=0.871 max_us=20
   3 caller=0x7cb3f5131732 calls=429 total_ms=0.867 avg_us=2.021 max_us=9
   4 caller=0x7cb3f513299d calls=2144 total_ms=0.853 avg_us=0.398 max_us=20
direct_cudaStreamSynchronize: calls=7856 total_ms=37.748 max_us=2480
by_direct_callsite (file:line):
   0 /opt/llama.cpp/ggml/src/ggml-cuda/ggml-cuda.cu:839 calls=7503 total_ms=31.623 avg_us=4.215 max_us=354
   1 /opt/llama.cpp/ggml/src/ggml-cuda/ggml-cuda.cu:900 calls=12 total_ms=5.793 avg_us=482.750 max_us=2480
   2 /opt/llama.cpp/ggml/src/ggml-cuda/ggml-cuda.cu:2665 calls=191 total_ms=0.214 avg_us=1.120 max_us=5
   3 /opt/llama.cpp/ggml/src/ggml-cuda/ggml-cuda.cu:847 calls=150 total_ms=0.118 avg_us=0.787 max_us=2
=== END CUDA SYNC PROFILE ===
backend-sync-trace: count=17800 backend=CUDA0 caller=ggml_backend_sched_graph_compute_async_ext+0xddc

=== CUDA SYNC PROFILE (instrumentation only) ===
total_syncs = 17800
total_wait_ms = 10110.316
max_wait_us = 140454
sites = 5
wait_hist_us = logarithmic buckets
  hist[0] = 16240
  hist[1] = 801
  hist[2] = 87
  hist[3] = 17
  hist[4] = 10
  hist[5] = 2
  hist[9] = 122
  hist[10] = 246
  hist[11] = 60
  hist[14] = 74
  hist[15] = 117
  hist[16] = 23
  hist[17] = 1
by_callsite (caller PC; symbolize with addr2line):
   0 caller=0x7cb3f512e0c2 calls=7238 total_ms=10104.332 avg_us=1396.012 max_us=140454
   1 caller=0x7cb3f513286c calls=5819 total_ms=2.377 avg_us=0.408 max_us=21
   2 caller=0x7cb3f513277c calls=2156 total_ms=1.878 avg_us=0.871 max_us=20
   3 caller=0x7cb3f5131732 calls=432 total_ms=0.873 avg_us=2.021 max_us=9
   4 caller=0x7cb3f513299d calls=2155 total_ms=0.856 avg_us=0.397 max_us=20
direct_cudaStreamSynchronize: calls=7892 total_ms=37.893 max_us=2480
by_direct_callsite (file:line):
   0 /opt/llama.cpp/ggml/src/ggml-cuda/ggml-cuda.cu:839 calls=7539 total_ms=31.768 avg_us=4.214 max_us=354
   1 /opt/llama.cpp/ggml/src/ggml-cuda/ggml-cuda.cu:900 calls=12 total_ms=5.793 avg_us=482.750 max_us=2480
   2 /opt/llama.cpp/ggml/src/ggml-cuda/ggml-cuda.cu:2665 calls=191 total_ms=0.214 avg_us=1.120 max_us=5
   3 /opt/llama.cpp/ggml/src/ggml-cuda/ggml-cuda.cu:847 calls=150 total_ms=0.118 avg_us=0.787 max_us=2
=== END CUDA SYNC PROFILE ===

=== CUDA SYNC PROFILE (instrumentation only) ===
total_syncs = 17817
total_wait_ms = 10111.250
max_wait_us = 140454
sites = 5
wait_hist_us = logarithmic buckets
  hist[0] = 16256
  hist[1] = 801
  hist[2] = 87
  hist[3] = 17
  hist[4] = 10
  hist[5] = 2
  hist[9] = 123
  hist[10] = 246
  hist[11] = 60
  hist[14] = 74
  hist[15] = 117
  hist[16] = 23
  hist[17] = 1
by_callsite (caller PC; symbolize with addr2line):
   0 caller=0x7cb3f512e0c2 calls=7245 total_ms=10105.261 avg_us=1394.791 max_us=140454
   1 caller=0x7cb3f513286c calls=5824 total_ms=2.379 avg_us=0.408 max_us=21
   2 caller=0x7cb3f513277c calls=2158 total_ms=1.880 avg_us=0.871 max_us=20
   3 caller=0x7cb3f5131732 calls=432 total_ms=0.873 avg_us=2.021 max_us=9
   4 caller=0x7cb3f513299d calls=2158 total_ms=0.857 avg_us=0.397 max_us=20
direct_cudaStreamSynchronize: calls=7900 total_ms=37.920 max_us=2480
by_direct_callsite (file:line):
   0 /opt/llama.cpp/ggml/src/ggml-cuda/ggml-cuda.cu:839 calls=7547 total_ms=31.795 avg_us=4.213 max_us=354
   1 /opt/llama.cpp/ggml/src/ggml-cuda/ggml-cuda.cu:900 calls=12 total_ms=5.793 avg_us=482.750 max_us=2480
   2 /opt/llama.cpp/ggml/src/ggml-cuda/ggml-cuda.cu:2665 calls=191 total_ms=0.214 avg_us=1.120 max_us=5
   3 /opt/llama.cpp/ggml/src/ggml-cuda/ggml-cuda.cu:847 calls=150 total_ms=0.118 avg_us=0.787 max_us=2
=== END CUDA SYNC PROFILE ===
backend-sync-trace: count=17900 backend=CUDA0 caller=ggml_backend_sched_graph_compute_async_ext+0xecc

=== CUDA SYNC PROFILE (instrumentation only) ===
total_syncs = 17900
total_wait_ms = 10139.709
max_wait_us = 140454
sites = 5
wait_hist_us = logarithmic buckets
  hist[0] = 16334
  hist[1] = 803
  hist[2] = 87
  hist[3] = 17
  hist[4] = 10
  hist[5] = 2
  hist[9] = 124
  hist[10] = 246
  hist[11] = 61
  hist[14] = 75
  hist[15] = 117
  hist[16] = 23
  hist[17] = 1
by_callsite (caller PC; symbolize with addr2line):
   0 caller=0x7cb3f512e0c2 calls=7276 total_ms=10133.692 avg_us=1392.756 max_us=140454
   1 caller=0x7cb3f513286c calls=5854 total_ms=2.392 avg_us=0.409 max_us=21
   2 caller=0x7cb3f513277c calls=2168 total_ms=1.889 avg_us=0.871 max_us=20
   3 caller=0x7cb3f5131732 calls=434 total_ms=0.876 avg_us=2.018 max_us=9
   4 caller=0x7cb3f513299d calls=2168 total_ms=0.860 avg_us=0.397 max_us=20
direct_cudaStreamSynchronize: calls=7937 total_ms=38.065 max_us=2480
by_direct_callsite (file:line):
   0 /opt/llama.cpp/ggml/src/ggml-cuda/ggml-cuda.cu:839 calls=7584 total_ms=31.940 avg_us=4.211 max_us=354
   1 /opt/llama.cpp/ggml/src/ggml-cuda/ggml-cuda.cu:900 calls=12 total_ms=5.793 avg_us=482.750 max_us=2480
   2 /opt/llama.cpp/ggml/src/ggml-cuda/ggml-cuda.cu:2665 calls=191 total_ms=0.214 avg_us=1.120 max_us=5
   3 /opt/llama.cpp/ggml/src/ggml-cuda/ggml-cuda.cu:847 calls=150 total_ms=0.118 avg_us=0.787 max_us=2
=== END CUDA SYNC PROFILE ===
backend-sync-trace: count=18000 backend=CUDA0 caller=ggml_backend_sched_graph_compute_async_ext+0xecc

=== CUDA SYNC PROFILE (instrumentation only) ===
total_syncs = 18000
total_wait_ms = 10183.669
max_wait_us = 140454
sites = 5
wait_hist_us = logarithmic buckets
  hist[0] = 16424
  hist[1] = 809
  hist[2] = 87
  hist[3] = 17
  hist[4] = 10
  hist[5] = 2
  hist[9] = 125
  hist[10] = 248
  hist[11] = 61
  hist[14] = 75
  hist[15] = 118
  hist[16] = 23
  hist[17] = 1
by_callsite (caller PC; symbolize with addr2line):
   0 caller=0x7cb3f512e0c2 calls=7308 total_ms=10177.617 avg_us=1392.668 max_us=140454
   1 caller=0x7cb3f513286c calls=5892 total_ms=2.405 avg_us=0.408 max_us=21
   2 caller=0x7cb3f513277c calls=2182 total_ms=1.901 avg_us=0.871 max_us=20
   3 caller=0x7cb3f5131732 calls=436 total_ms=0.880 avg_us=2.018 max_us=9
   4 caller=0x7cb3f513299d calls=2182 total_ms=0.866 avg_us=0.397 max_us=20
direct_cudaStreamSynchronize: calls=7986 total_ms=38.271 max_us=2480
by_direct_callsite (file:line):
   0 /opt/llama.cpp/ggml/src/ggml-cuda/ggml-cuda.cu:839 calls=7633 total_ms=32.146 avg_us=4.211 max_us=354
   1 /opt/llama.cpp/ggml/src/ggml-cuda/ggml-cuda.cu:900 calls=12 total_ms=5.793 avg_us=482.750 max_us=2480
   2 /opt/llama.cpp/ggml/src/ggml-cuda/ggml-cuda.cu:2665 calls=191 total_ms=0.214 avg_us=1.120 max_us=5
   3 /opt/llama.cpp/ggml/src/ggml-cuda/ggml-cuda.cu:847 calls=150 total_ms=0.118 avg_us=0.787 max_us=2
=== END CUDA SYNC PROFILE ===

=== CUDA SYNC PROFILE (instrumentation only) ===
total_syncs = 18031
total_wait_ms = 10206.158
max_wait_us = 140454
sites = 5
wait_hist_us = logarithmic buckets
  hist[0] = 16452
  hist[1] = 811
  hist[2] = 87
  hist[3] = 17
  hist[4] = 10
  hist[5] = 2
  hist[9] = 125
  hist[10] = 248
  hist[11] = 61
  hist[14] = 76
  hist[15] = 118
  hist[16] = 23
  hist[17] = 1
by_callsite (caller PC; symbolize with addr2line):
   0 caller=0x7cb3f512e0c2 calls=7319 total_ms=10200.096 avg_us=1393.646 max_us=140454
   1 caller=0x7cb3f513286c calls=5902 total_ms=2.408 avg_us=0.408 max_us=21
   2 caller=0x7cb3f513277c calls=2186 total_ms=1.904 avg_us=0.871 max_us=20
   3 caller=0x7cb3f5131732 calls=438 total_ms=0.883 avg_us=2.016 max_us=9
   4 caller=0x7cb3f513299d calls=2186 total_ms=0.867 avg_us=0.397 max_us=20
direct_cudaStreamSynchronize: calls=8000 total_ms=38.324 max_us=2480
by_direct_callsite (file:line):
   0 /opt/llama.cpp/ggml/src/ggml-cuda/ggml-cuda.cu:839 calls=7647 total_ms=32.199 avg_us=4.211 max_us=354
   1 /opt/llama.cpp/ggml/src/ggml-cuda/ggml-cuda.cu:900 calls=12 total_ms=5.793 avg_us=482.750 max_us=2480
   2 /opt/llama.cpp/ggml/src/ggml-cuda/ggml-cuda.cu:2665 calls=191 total_ms=0.214 avg_us=1.120 max_us=5
   3 /opt/llama.cpp/ggml/src/ggml-cuda/ggml-cuda.cu:847 calls=150 total_ms=0.118 avg_us=0.787 max_us=2
=== END CUDA SYNC PROFILE ===
backend-sync-trace: count=18100 backend=CUDA0 caller=ggml_backend_sched_synchronize+0x52

=== CUDA SYNC PROFILE (instrumentation only) ===
total_syncs = 18100
total_wait_ms = 10250.615
max_wait_us = 140454
sites = 5
wait_hist_us = logarithmic buckets
  hist[0] = 16515
  hist[1] = 814
  hist[2] = 87
  hist[3] = 17
  hist[4] = 10
  hist[5] = 2
  hist[9] = 126
  hist[10] = 249
  hist[11] = 61
  hist[14] = 76
  hist[15] = 119
  hist[16] = 23
  hist[17] = 1
by_callsite (caller PC; symbolize with addr2line):
   0 caller=0x7cb3f512e0c2 calls=7346 total_ms=10244.530 avg_us=1394.573 max_us=140454
   1 caller=0x7cb3f513286c calls=5927 total_ms=2.419 avg_us=0.408 max_us=21
   2 caller=0x7cb3f513277c calls=2194 total_ms=1.909 avg_us=0.870 max_us=20
   3 caller=0x7cb3f5131732 calls=439 total_ms=0.885 avg_us=2.016 max_us=9
   4 caller=0x7cb3f513299d calls=2194 total_ms=0.872 avg_us=0.397 max_us=20
direct_cudaStreamSynchronize: calls=8031 total_ms=38.449 max_us=2480
by_direct_callsite (file:line):
   0 /opt/llama.cpp/ggml/src/ggml-cuda/ggml-cuda.cu:839 calls=7678 total_ms=32.324 avg_us=4.210 max_us=354
   1 /opt/llama.cpp/ggml/src/ggml-cuda/ggml-cuda.cu:900 calls=12 total_ms=5.793 avg_us=482.750 max_us=2480
   2 /opt/llama.cpp/ggml/src/ggml-cuda/ggml-cuda.cu:2665 calls=191 total_ms=0.214 avg_us=1.120 max_us=5
   3 /opt/llama.cpp/ggml/src/ggml-cuda/ggml-cuda.cu:847 calls=150 total_ms=0.118 avg_us=0.787 max_us=2
=== END CUDA SYNC PROFILE ===
backend-sync-trace: count=18200 backend=CUDA0 caller=ggml_backend_sched_graph_compute_async_ext+0xddc

=== CUDA SYNC PROFILE (instrumentation only) ===
total_syncs = 18200
total_wait_ms = 10287.993
max_wait_us = 140454
sites = 5
wait_hist_us = logarithmic buckets
  hist[0] = 16608
  hist[1] = 818
  hist[2] = 87
  hist[3] = 17
  hist[4] = 10
  hist[5] = 2
  hist[9] = 126
  hist[10] = 251
  hist[11] = 61
  hist[14] = 76
  hist[15] = 120
  hist[16] = 23
  hist[17] = 1
by_callsite (caller PC; symbolize with addr2line):
   0 caller=0x7cb3f512e0c2 calls=7393 total_ms=10281.880 avg_us=1390.759 max_us=140454
   1 caller=0x7cb3f513286c calls=5954 total_ms=2.430 avg_us=0.408 max_us=21
   2 caller=0x7cb3f513277c calls=2206 total_ms=1.917 avg_us=0.869 max_us=20
   3 caller=0x7cb3f5131732 calls=442 total_ms=0.890 avg_us=2.014 max_us=9
   4 caller=0x7cb3f513299d calls=2205 total_ms=0.876 avg_us=0.397 max_us=20
direct_cudaStreamSynchronize: calls=8067 total_ms=38.592 max_us=2480
by_direct_callsite (file:line):
   0 /opt/llama.cpp/ggml/src/ggml-cuda/ggml-cuda.cu:839 calls=7714 total_ms=32.467 avg_us=4.209 max_us=354
   1 /opt/llama.cpp/ggml/src/ggml-cuda/ggml-cuda.cu:900 calls=12 total_ms=5.793 avg_us=482.750 max_us=2480
   2 /opt/llama.cpp/ggml/src/ggml-cuda/ggml-cuda.cu:2665 calls=191 total_ms=0.214 avg_us=1.120 max_us=5
   3 /opt/llama.cpp/ggml/src/ggml-cuda/ggml-cuda.cu:847 calls=150 total_ms=0.118 avg_us=0.787 max_us=2
=== END CUDA SYNC PROFILE ===

=== CUDA SYNC PROFILE (instrumentation only) ===
total_syncs = 18259
total_wait_ms = 10354.207
max_wait_us = 140454
sites = 5
wait_hist_us = logarithmic buckets
  hist[0] = 16663
  hist[1] = 819
  hist[2] = 87
  hist[3] = 17
  hist[4] = 10
  hist[5] = 2
  hist[9] = 126
  hist[10] = 252
  hist[11] = 62
  hist[14] = 76
  hist[15] = 121
  hist[16] = 23
  hist[17] = 1
by_callsite (caller PC; symbolize with addr2line):
   0 caller=0x7cb3f512e0c2 calls=7409 total_ms=10348.076 avg_us=1396.690 max_us=140454
   1 caller=0x7cb3f513286c calls=5979 total_ms=2.437 avg_us=0.408 max_us=21
   2 caller=0x7cb3f513277c calls=2214 total_ms=1.923 avg_us=0.869 max_us=20
   3 caller=0x7cb3f5131732 calls=443 total_ms=0.891 avg_us=2.011 max_us=9
   4 caller=0x7cb3f513299d calls=2214 total_ms=0.880 avg_us=0.397 max_us=20
direct_cudaStreamSynchronize: calls=8100 total_ms=38.727 max_us=2480
by_direct_callsite (file:line):
   0 /opt/llama.cpp/ggml/src/ggml-cuda/ggml-cuda.cu:839 calls=7747 total_ms=32.602 avg_us=4.208 max_us=354
   1 /opt/llama.cpp/ggml/src/ggml-cuda/ggml-cuda.cu:900 calls=12 total_ms=5.793 avg_us=482.750 max_us=2480
   2 /opt/llama.cpp/ggml/src/ggml-cuda/ggml-cuda.cu:2665 calls=191 total_ms=0.214 avg_us=1.120 max_us=5
   3 /opt/llama.cpp/ggml/src/ggml-cuda/ggml-cuda.cu:847 calls=150 total_ms=0.118 avg_us=0.787 max_us=2
=== END CUDA SYNC PROFILE ===
backend-sync-trace: count=18300 backend=CUDA0 caller=ggml_backend_sched_graph_compute_async_ext+0xffd

=== CUDA SYNC PROFILE (instrumentation only) ===
total_syncs = 18300
total_wait_ms = 10355.759
max_wait_us = 140454
sites = 5
wait_hist_us = logarithmic buckets
  hist[0] = 16702
  hist[1] = 820
  hist[2] = 87
  hist[3] = 17
  hist[4] = 10
  hist[5] = 2
  hist[9] = 126
  hist[10] = 253
  hist[11] = 62
  hist[14] = 76
  hist[15] = 121
  hist[16] = 23
  hist[17] = 1
by_callsite (caller PC; symbolize with addr2line):
   0 caller=0x7cb3f512e0c2 calls=7437 total_ms=10349.620 avg_us=1391.639 max_us=140454
   1 caller=0x7cb3f513286c calls=5985 total_ms=2.439 avg_us=0.408 max_us=21
   2 caller=0x7cb3f513277c calls=2217 total_ms=1.925 avg_us=0.868 max_us=20
   3 caller=0x7cb3f5131732 calls=444 total_ms=0.893 avg_us=2.011 max_us=9
   4 caller=0x7cb3f513299d calls=2217 total_ms=0.882 avg_us=0.398 max_us=20
direct_cudaStreamSynchronize: calls=8107 total_ms=38.748 max_us=2480
by_direct_callsite (file:line):
   0 /opt/llama.cpp/ggml/src/ggml-cuda/ggml-cuda.cu:839 calls=7754 total_ms=32.623 avg_us=4.207 max_us=354
   1 /opt/llama.cpp/ggml/src/ggml-cuda/ggml-cuda.cu:900 calls=12 total_ms=5.793 avg_us=482.750 max_us=2480
   2 /opt/llama.cpp/ggml/src/ggml-cuda/ggml-cuda.cu:2665 calls=191 total_ms=0.214 avg_us=1.120 max_us=5
   3 /opt/llama.cpp/ggml/src/ggml-cuda/ggml-cuda.cu:847 calls=150 total_ms=0.118 avg_us=0.787 max_us=2
=== END CUDA SYNC PROFILE ===
backend-sync-trace: count=18400 backend=CUDA0 caller=ggml_backend_sched_graph_compute_async_ext+0xddc

=== CUDA SYNC PROFILE (instrumentation only) ===
total_syncs = 18400
total_wait_ms = 10424.369
max_wait_us = 140454
sites = 5
wait_hist_us = logarithmic buckets
  hist[0] = 16794
  hist[1] = 824
  hist[2] = 87
  hist[3] = 17
  hist[4] = 10
  hist[5] = 2
  hist[9] = 128
  hist[10] = 254
  hist[11] = 62
  hist[14] = 76
  hist[15] = 122
  hist[16] = 23
  hist[17] = 1
by_callsite (caller PC; symbolize with addr2line):
   0 caller=0x7cb3f512e0c2 calls=7481 total_ms=10418.204 avg_us=1392.622 max_us=140454
   1 caller=0x7cb3f513286c calls=6016 total_ms=2.449 avg_us=0.407 max_us=21
   2 caller=0x7cb3f513277c calls=2229 total_ms=1.934 avg_us=0.868 max_us=20
   3 caller=0x7cb3f5131732 calls=446 total_ms=0.896 avg_us=2.009 max_us=9
   4 caller=0x7cb3f513299d calls=2228 total_ms=0.886 avg_us=0.398 max_us=20
direct_cudaStreamSynchronize: calls=8148 total_ms=38.909 max_us=2480
by_direct_callsite (file:line):
   0 /opt/llama.cpp/ggml/src/ggml-cuda/ggml-cuda.cu:839 calls=7795 total_ms=32.784 avg_us=4.206 max_us=354
   1 /opt/llama.cpp/ggml/src/ggml-cuda/ggml-cuda.cu:900 calls=12 total_ms=5.793 avg_us=482.750 max_us=2480
   2 /opt/llama.cpp/ggml/src/ggml-cuda/ggml-cuda.cu:2665 calls=191 total_ms=0.214 avg_us=1.120 max_us=5
   3 /opt/llama.cpp/ggml/src/ggml-cuda/ggml-cuda.cu:847 calls=150 total_ms=0.118 avg_us=0.787 max_us=2
=== END CUDA SYNC PROFILE ===
backend-sync-trace: count=18500 backend=CUDA0 caller=ggml_backend_sched_graph_compute_async_ext+0xecc

=== CUDA SYNC PROFILE (instrumentation only) ===
total_syncs = 18500
total_wait_ms = 10465.797
max_wait_us = 140454
sites = 5
wait_hist_us = logarithmic buckets
  hist[0] = 16888
  hist[1] = 827
  hist[2] = 87
  hist[3] = 17
  hist[4] = 10
  hist[5] = 2
  hist[9] = 128
  hist[10] = 256
  hist[11] = 62
  hist[14] = 76
  hist[15] = 123
  hist[16] = 23
  hist[17] = 1
by_callsite (caller PC; symbolize with addr2line):
   0 caller=0x7cb3f512e0c2 calls=7518 total_ms=10459.605 avg_us=1391.275 max_us=140454
   1 caller=0x7cb3f513286c calls=6050 total_ms=2.459 avg_us=0.406 max_us=21
   2 caller=0x7cb3f513277c calls=2242 total_ms=1.943 avg_us=0.867 max_us=20
   3 caller=0x7cb3f5131732 calls=448 total_ms=0.899 avg_us=2.007 max_us=9
   4 caller=0x7cb3f513299d calls=2242 total_ms=0.891 avg_us=0.397 max_us=20
direct_cudaStreamSynchronize: calls=8192 total_ms=39.104 max_us=2480
by_direct_callsite (file:line):
   0 /opt/llama.cpp/ggml/src/ggml-cuda/ggml-cuda.cu:839 calls=7839 total_ms=32.979 avg_us=4.207 max_us=354
   1 /opt/llama.cpp/ggml/src/ggml-cuda/ggml-cuda.cu:900 calls=12 total_ms=5.793 avg_us=482.750 max_us=2480
   2 /opt/llama.cpp/ggml/src/ggml-cuda/ggml-cuda.cu:2665 calls=191 total_ms=0.214 avg_us=1.120 max_us=5
   3 /opt/llama.cpp/ggml/src/ggml-cuda/ggml-cuda.cu:847 calls=150 total_ms=0.118 avg_us=0.787 max_us=2
=== END CUDA SYNC PROFILE ===

=== CUDA SYNC PROFILE (instrumentation only) ===
total_syncs = 18507
total_wait_ms = 10465.800
max_wait_us = 140454
sites = 5
wait_hist_us = logarithmic buckets
  hist[0] = 16895
  hist[1] = 827
  hist[2] = 87
  hist[3] = 17
  hist[4] = 10
  hist[5] = 2
  hist[9] = 128
  hist[10] = 256
  hist[11] = 62
  hist[14] = 76
  hist[15] = 123
  hist[16] = 23
  hist[17] = 1
by_callsite (caller PC; symbolize with addr2line):
   0 caller=0x7cb3f512e0c2 calls=7518 total_ms=10459.605 avg_us=1391.275 max_us=140454
   1 caller=0x7cb3f513286c calls=6057 total_ms=2.462 avg_us=0.406 max_us=21
   2 caller=0x7cb3f513277c calls=2242 total_ms=1.943 avg_us=0.867 max_us=20
   3 caller=0x7cb3f5131732 calls=448 total_ms=0.899 avg_us=2.007 max_us=9
   4 caller=0x7cb3f513299d calls=2242 total_ms=0.891 avg_us=0.397 max_us=20
direct_cudaStreamSynchronize: calls=8200 total_ms=39.126 max_us=2480
by_direct_callsite (file:line):
   0 /opt/llama.cpp/ggml/src/ggml-cuda/ggml-cuda.cu:839 calls=7847 total_ms=33.001 avg_us=4.206 max_us=354
   1 /opt/llama.cpp/ggml/src/ggml-cuda/ggml-cuda.cu:900 calls=12 total_ms=5.793 avg_us=482.750 max_us=2480
   2 /opt/llama.cpp/ggml/src/ggml-cuda/ggml-cuda.cu:2665 calls=191 total_ms=0.214 avg_us=1.120 max_us=5
   3 /opt/llama.cpp/ggml/src/ggml-cuda/ggml-cuda.cu:847 calls=150 total_ms=0.118 avg_us=0.787 max_us=2
=== END CUDA SYNC PROFILE ===
backend-sync-trace: count=18600 backend=CUDA0 caller=ggml_backend_sched_graph_compute_async_ext+0xddc

=== CUDA SYNC PROFILE (instrumentation only) ===
total_syncs = 18600
total_wait_ms = 10535.651
max_wait_us = 140454
sites = 5
wait_hist_us = logarithmic buckets
  hist[0] = 16981
  hist[1] = 830
  hist[2] = 87
  hist[3] = 17
  hist[4] = 10
  hist[5] = 2
  hist[9] = 129
  hist[10] = 257
  hist[11] = 62
  hist[14] = 77
  hist[15] = 124
  hist[16] = 23
  hist[17] = 1
by_callsite (caller PC; symbolize with addr2line):
   0 caller=0x7cb3f512e0c2 calls=7557 total_ms=10529.431 avg_us=1393.335 max_us=140454
   1 caller=0x7cb3f513286c calls=6085 total_ms=2.471 avg_us=0.406 max_us=21
   2 caller=0x7cb3f513277c calls=2254 total_ms=1.951 avg_us=0.866 max_us=20
   3 caller=0x7cb3f5131732 calls=451 total_ms=0.905 avg_us=2.007 max_us=9
   4 caller=0x7cb3f513299d calls=2253 total_ms=0.893 avg_us=0.396 max_us=20
direct_cudaStreamSynchronize: calls=8237 total_ms=39.317 max_us=2480
by_direct_callsite (file:line):
   0 /opt/llama.cpp/ggml/src/ggml-cuda/ggml-cuda.cu:839 calls=7884 total_ms=33.192 avg_us=4.210 max_us=354
   1 /opt/llama.cpp/ggml/src/ggml-cuda/ggml-cuda.cu:900 calls=12 total_ms=5.793 avg_us=482.750 max_us=2480
   2 /opt/llama.cpp/ggml/src/ggml-cuda/ggml-cuda.cu:2665 calls=191 total_ms=0.214 avg_us=1.120 max_us=5
   3 /opt/llama.cpp/ggml/src/ggml-cuda/ggml-cuda.cu:847 calls=150 total_ms=0.118 avg_us=0.787 max_us=2
=== END CUDA SYNC PROFILE ===
backend-sync-trace: count=18700 backend=CUDA0 caller=ggml_backend_sched_graph_compute_async_ext+0xecc

=== CUDA SYNC PROFILE (instrumentation only) ===
total_syncs = 18700
total_wait_ms = 10565.380
max_wait_us = 140454
sites = 5
wait_hist_us = logarithmic buckets
  hist[0] = 17074
  hist[1] = 834
  hist[2] = 87
  hist[3] = 17
  hist[4] = 10
  hist[5] = 2
  hist[9] = 129
  hist[10] = 259
  hist[11] = 62
  hist[14] = 78
  hist[15] = 124
  hist[16] = 23
  hist[17] = 1
by_callsite (caller PC; symbolize with addr2line):
   0 caller=0x7cb3f512e0c2 calls=7597 total_ms=10559.126 avg_us=1389.907 max_us=140454
   1 caller=0x7cb3f513286c calls=6117 total_ms=2.486 avg_us=0.406 max_us=21
   2 caller=0x7cb3f513277c calls=2266 total_ms=1.961 avg_us=0.865 max_us=20
   3 caller=0x7cb3f5131732 calls=454 total_ms=0.911 avg_us=2.007 max_us=9
   4 caller=0x7cb3f513299d calls=2266 total_ms=0.896 avg_us=0.395 max_us=20
direct_cudaStreamSynchronize: calls=8278 total_ms=39.486 max_us=2480
by_direct_callsite (file:line):
   0 /opt/llama.cpp/ggml/src/ggml-cuda/ggml-cuda.cu:839 calls=7925 total_ms=33.361 avg_us=4.210 max_us=354
   1 /opt/llama.cpp/ggml/src/ggml-cuda/ggml-cuda.cu:900 calls=12 total_ms=5.793 avg_us=482.750 max_us=2480
   2 /opt/llama.cpp/ggml/src/ggml-cuda/ggml-cuda.cu:2665 calls=191 total_ms=0.214 avg_us=1.120 max_us=5
   3 /opt/llama.cpp/ggml/src/ggml-cuda/ggml-cuda.cu:847 calls=150 total_ms=0.118 avg_us=0.787 max_us=2
=== END CUDA SYNC PROFILE ===

=== CUDA SYNC PROFILE (instrumentation only) ===
total_syncs = 18742
total_wait_ms = 10567.251
max_wait_us = 140454
sites = 5
wait_hist_us = logarithmic buckets
  hist[0] = 17113
  hist[1] = 835
  hist[2] = 87
  hist[3] = 17
  hist[4] = 10
  hist[5] = 2
  hist[9] = 131
  hist[10] = 259
  hist[11] = 62
  hist[14] = 78
  hist[15] = 124
  hist[16] = 23
  hist[17] = 1
by_callsite (caller PC; symbolize with addr2line):
   0 caller=0x7cb3f512e0c2 calls=7611 total_ms=10560.983 avg_us=1387.595 max_us=140454
   1 caller=0x7cb3f513286c calls=6133 total_ms=2.493 avg_us=0.406 max_us=21
   2 caller=0x7cb3f513277c calls=2272 total_ms=1.965 avg_us=0.865 max_us=20
   3 caller=0x7cb3f5131732 calls=454 total_ms=0.911 avg_us=2.007 max_us=9
   4 caller=0x7cb3f513299d calls=2272 total_ms=0.899 avg_us=0.396 max_us=20
direct_cudaStreamSynchronize: calls=8300 total_ms=39.575 max_us=2480
by_direct_callsite (file:line):
   0 /opt/llama.cpp/ggml/src/ggml-cuda/ggml-cuda.cu:839 calls=7947 total_ms=33.450 avg_us=4.209 max_us=354
   1 /opt/llama.cpp/ggml/src/ggml-cuda/ggml-cuda.cu:900 calls=12 total_ms=5.793 avg_us=482.750 max_us=2480
   2 /opt/llama.cpp/ggml/src/ggml-cuda/ggml-cuda.cu:2665 calls=191 total_ms=0.214 avg_us=1.120 max_us=5
   3 /opt/llama.cpp/ggml/src/ggml-cuda/ggml-cuda.cu:847 calls=150 total_ms=0.118 avg_us=0.787 max_us=2
=== END CUDA SYNC PROFILE ===
backend-sync-trace: count=18800 backend=CUDA0 caller=ggml_backend_sched_graph_compute_async_ext+0xffd

=== CUDA SYNC PROFILE (instrumentation only) ===
total_syncs = 18800
total_wait_ms = 10599.863
max_wait_us = 140454
sites = 5
wait_hist_us = logarithmic buckets
  hist[0] = 17166
  hist[1] = 838
  hist[2] = 87
  hist[3] = 17
  hist[4] = 10
  hist[5] = 2
  hist[9] = 131
  hist[10] = 260
  hist[11] = 62
  hist[14] = 79
  hist[15] = 124
  hist[16] = 23
  hist[17] = 1
by_callsite (caller PC; symbolize with addr2line):
   0 caller=0x7cb3f512e0c2 calls=7641 total_ms=10593.581 avg_us=1386.413 max_us=140454
   1 caller=0x7cb3f513286c calls=6147 total_ms=2.498 avg_us=0.406 max_us=21
   2 caller=0x7cb3f513277c calls=2278 total_ms=1.968 avg_us=0.864 max_us=20
   3 caller=0x7cb3f5131732 calls=456 total_ms=0.915 avg_us=2.007 max_us=9
   4 caller=0x7cb3f513299d calls=2278 total_ms=0.901 avg_us=0.396 max_us=20
direct_cudaStreamSynchronize: calls=8318 total_ms=39.639 max_us=2480
by_direct_callsite (file:line):
   0 /opt/llama.cpp/ggml/src/ggml-cuda/ggml-cuda.cu:839 calls=7965 total_ms=33.514 avg_us=4.208 max_us=354
   1 /opt/llama.cpp/ggml/src/ggml-cuda/ggml-cuda.cu:900 calls=12 total_ms=5.793 avg_us=482.750 max_us=2480
   2 /opt/llama.cpp/ggml/src/ggml-cuda/ggml-cuda.cu:2665 calls=191 total_ms=0.214 avg_us=1.120 max_us=5
   3 /opt/llama.cpp/ggml/src/ggml-cuda/ggml-cuda.cu:847 calls=150 total_ms=0.118 avg_us=0.787 max_us=2
=== END CUDA SYNC PROFILE ===
backend-sync-trace: count=18900 backend=CUDA0 caller=ggml_backend_sched_graph_compute_async_ext+0xecc

=== CUDA SYNC PROFILE (instrumentation only) ===
total_syncs = 18900
total_wait_ms = 10631.809
max_wait_us = 140454
sites = 5
wait_hist_us = logarithmic buckets
  hist[0] = 17257
  hist[1] = 843
  hist[2] = 87
  hist[3] = 17
  hist[4] = 10
  hist[5] = 2
  hist[9] = 132
  hist[10] = 262
  hist[11] = 62
  hist[14] = 80
  hist[15] = 124
  hist[16] = 23
  hist[17] = 1
by_callsite (caller PC; symbolize with addr2line):
   0 caller=0x7cb3f512e0c2 calls=7673 total_ms=10625.497 avg_us=1384.790 max_us=140454
   1 caller=0x7cb3f513286c calls=6185 total_ms=2.511 avg_us=0.406 max_us=21
   2 caller=0x7cb3f513277c calls=2292 total_ms=1.976 avg_us=0.862 max_us=20
   3 caller=0x7cb3f5131732 calls=458 total_ms=0.919 avg_us=2.007 max_us=9
   4 caller=0x7cb3f513299d calls=2292 total_ms=0.906 avg_us=0.395 max_us=20
direct_cudaStreamSynchronize: calls=8367 total_ms=39.849 max_us=2480
by_direct_callsite (file:line):
   0 /opt/llama.cpp/ggml/src/ggml-cuda/ggml-cuda.cu:839 calls=8014 total_ms=33.724 avg_us=4.208 max_us=354
   1 /opt/llama.cpp/ggml/src/ggml-cuda/ggml-cuda.cu:900 calls=12 total_ms=5.793 avg_us=482.750 max_us=2480
   2 /opt/llama.cpp/ggml/src/ggml-cuda/ggml-cuda.cu:2665 calls=191 total_ms=0.214 avg_us=1.120 max_us=5
   3 /opt/llama.cpp/ggml/src/ggml-cuda/ggml-cuda.cu:847 calls=150 total_ms=0.118 avg_us=0.787 max_us=2
=== END CUDA SYNC PROFILE ===

=== CUDA SYNC PROFILE (instrumentation only) ===
total_syncs = 18977
total_wait_ms = 10658.323
max_wait_us = 140454
sites = 5
wait_hist_us = logarithmic buckets
  hist[0] = 17328
  hist[1] = 846
  hist[2] = 87
  hist[3] = 17
  hist[4] = 10
  hist[5] = 2
  hist[9] = 133
  hist[10] = 263
  hist[11] = 62
  hist[14] = 81
  hist[15] = 124
  hist[16] = 23
  hist[17] = 1
by_callsite (caller PC; symbolize with addr2line):
   0 caller=0x7cb3f512e0c2 calls=7704 total_ms=10651.990 avg_us=1382.657 max_us=140454
   1 caller=0x7cb3f513286c calls=6209 total_ms=2.519 avg_us=0.406 max_us=21
   2 caller=0x7cb3f513277c calls=2302 total_ms=1.982 avg_us=0.861 max_us=20
   3 caller=0x7cb3f5131732 calls=460 total_ms=0.922 avg_us=2.004 max_us=9
   4 caller=0x7cb3f513299d calls=2302 total_ms=0.910 avg_us=0.395 max_us=20
direct_cudaStreamSynchronize: calls=8400 total_ms=39.981 max_us=2480
by_direct_callsite (file:line):
   0 /opt/llama.cpp/ggml/src/ggml-cuda/ggml-cuda.cu:839 calls=8047 total_ms=33.856 avg_us=4.207 max_us=354
   1 /opt/llama.cpp/ggml/src/ggml-cuda/ggml-cuda.cu:900 calls=12 total_ms=5.793 avg_us=482.750 max_us=2480
   2 /opt/llama.cpp/ggml/src/ggml-cuda/ggml-cuda.cu:2665 calls=191 total_ms=0.214 avg_us=1.120 max_us=5
   3 /opt/llama.cpp/ggml/src/ggml-cuda/ggml-cuda.cu:847 calls=150 total_ms=0.118 avg_us=0.787 max_us=2
=== END CUDA SYNC PROFILE ===
backend-sync-trace: count=19000 backend=CUDA0 caller=ggml_backend_sched_synchronize+0x52

=== CUDA SYNC PROFILE (instrumentation only) ===
total_syncs = 19000
total_wait_ms = 10683.576
max_wait_us = 140454
sites = 5
wait_hist_us = logarithmic buckets
  hist[0] = 17349
  hist[1] = 847
  hist[2] = 87
  hist[3] = 17
  hist[4] = 10
  hist[5] = 2
  hist[9] = 133
  hist[10] = 263
  hist[11] = 62
  hist[14] = 82
  hist[15] = 124
  hist[16] = 23
  hist[17] = 1
by_callsite (caller PC; symbolize with addr2line):
   0 caller=0x7cb3f512e0c2 calls=7707 total_ms=10677.235 avg_us=1385.394 max_us=140454
   1 caller=0x7cb3f513286c calls=6224 total_ms=2.525 avg_us=0.406 max_us=21
   2 caller=0x7cb3f513277c calls=2304 total_ms=1.983 avg_us=0.861 max_us=20
   3 caller=0x7cb3f5131732 calls=461 total_ms=0.923 avg_us=2.002 max_us=9
   4 caller=0x7cb3f513299d calls=2304 total_ms=0.910 avg_us=0.395 max_us=20
direct_cudaStreamSynchronize: calls=8416 total_ms=40.037 max_us=2480
by_direct_callsite (file:line):
   0 /opt/llama.cpp/ggml/src/ggml-cuda/ggml-cuda.cu:839 calls=8063 total_ms=33.912 avg_us=4.206 max_us=354
   1 /opt/llama.cpp/ggml/src/ggml-cuda/ggml-cuda.cu:900 calls=12 total_ms=5.793 avg_us=482.750 max_us=2480
   2 /opt/llama.cpp/ggml/src/ggml-cuda/ggml-cuda.cu:2665 calls=191 total_ms=0.214 avg_us=1.120 max_us=5
   3 /opt/llama.cpp/ggml/src/ggml-cuda/ggml-cuda.cu:847 calls=150 total_ms=0.118 avg_us=0.787 max_us=2
=== END CUDA SYNC PROFILE ===
backend-sync-trace: count=19100 backend=CUDA0 caller=ggml_backend_sched_graph_compute_async_ext+0xecc

=== CUDA SYNC PROFILE (instrumentation only) ===
total_syncs = 19100
total_wait_ms = 10710.473
max_wait_us = 140454
sites = 5
wait_hist_us = logarithmic buckets
  hist[0] = 17442
  hist[1] = 851
  hist[2] = 87
  hist[3] = 17
  hist[4] = 10
  hist[5] = 2
  hist[9] = 134
  hist[10] = 264
  hist[11] = 62
  hist[14] = 83
  hist[15] = 124
  hist[16] = 23
  hist[17] = 1
by_callsite (caller PC; symbolize with addr2line):
   0 caller=0x7cb3f512e0c2 calls=7752 total_ms=10704.104 avg_us=1380.818 max_us=140454
   1 caller=0x7cb3f513286c calls=6252 total_ms=2.535 avg_us=0.405 max_us=21
   2 caller=0x7cb3f513277c calls=2316 total_ms=1.991 avg_us=0.860 max_us=20
   3 caller=0x7cb3f5131732 calls=464 total_ms=0.928 avg_us=2.000 max_us=9
   4 caller=0x7cb3f513299d calls=2316 total_ms=0.915 avg_us=0.395 max_us=20
direct_cudaStreamSynchronize: calls=8453 total_ms=40.189 max_us=2480
by_direct_callsite (file:line):
   0 /opt/llama.cpp/ggml/src/ggml-cuda/ggml-cuda.cu:839 calls=8100 total_ms=34.064 avg_us=4.205 max_us=354
   1 /opt/llama.cpp/ggml/src/ggml-cuda/ggml-cuda.cu:900 calls=12 total_ms=5.793 avg_us=482.750 max_us=2480
   2 /opt/llama.cpp/ggml/src/ggml-cuda/ggml-cuda.cu:2665 calls=191 total_ms=0.214 avg_us=1.120 max_us=5
   3 /opt/llama.cpp/ggml/src/ggml-cuda/ggml-cuda.cu:847 calls=150 total_ms=0.118 avg_us=0.787 max_us=2
=== END CUDA SYNC PROFILE ===
backend-sync-trace: count=19200 backend=CUDA0 caller=ggml_backend_sched_synchronize+0x52

=== CUDA SYNC PROFILE (instrumentation only) ===
total_syncs = 19200
total_wait_ms = 10744.432
max_wait_us = 140454
sites = 5
wait_hist_us = logarithmic buckets
  hist[0] = 17533
  hist[1] = 855
  hist[2] = 87
  hist[3] = 17
  hist[4] = 10
  hist[5] = 2
  hist[9] = 135
  hist[10] = 267
  hist[11] = 62
  hist[14] = 84
  hist[15] = 124
  hist[16] = 23
  hist[17] = 1
by_callsite (caller PC; symbolize with addr2line):
   0 caller=0x7cb3f512e0c2 calls=7792 total_ms=10738.032 avg_us=1378.084 max_us=140454
   1 caller=0x7cb3f513286c calls=6286 total_ms=2.550 avg_us=0.406 max_us=21
   2 caller=0x7cb3f513277c calls=2328 total_ms=1.998 avg_us=0.858 max_us=20
   3 caller=0x7cb3f5131732 calls=466 total_ms=0.932 avg_us=2.000 max_us=9
   4 caller=0x7cb3f513299d calls=2328 total_ms=0.920 avg_us=0.395 max_us=20
direct_cudaStreamSynchronize: calls=8498 total_ms=40.360 max_us=2480
by_direct_callsite (file:line):
   0 /opt/llama.cpp/ggml/src/ggml-cuda/ggml-cuda.cu:839 calls=8145 total_ms=34.235 avg_us=4.203 max_us=354
   1 /opt/llama.cpp/ggml/src/ggml-cuda/ggml-cuda.cu:900 calls=12 total_ms=5.793 avg_us=482.750 max_us=2480
   2 /opt/llama.cpp/ggml/src/ggml-cuda/ggml-cuda.cu:2665 calls=191 total_ms=0.214 avg_us=1.120 max_us=5
   3 /opt/llama.cpp/ggml/src/ggml-cuda/ggml-cuda.cu:847 calls=150 total_ms=0.118 avg_us=0.787 max_us=2
=== END CUDA SYNC PROFILE ===

=== CUDA SYNC PROFILE (instrumentation only) ===
total_syncs = 19209
total_wait_ms = 10744.439
max_wait_us = 140454
sites = 5
wait_hist_us = logarithmic buckets
  hist[0] = 17541
  hist[1] = 856
  hist[2] = 87
  hist[3] = 17
  hist[4] = 10
  hist[5] = 2
  hist[9] = 135
  hist[10] = 267
  hist[11] = 62
  hist[14] = 84
  hist[15] = 124
  hist[16] = 23
  hist[17] = 1
by_callsite (caller PC; symbolize with addr2line):
   0 caller=0x7cb3f512e0c2 calls=7797 total_ms=10738.034 avg_us=1377.201 max_us=140454
   1 caller=0x7cb3f513286c calls=6286 total_ms=2.550 avg_us=0.406 max_us=21
   2 caller=0x7cb3f513277c calls=2330 total_ms=2.002 avg_us=0.859 max_us=20
   3 caller=0x7cb3f5131732 calls=466 total_ms=0.932 avg_us=2.000 max_us=9
   4 caller=0x7cb3f513299d calls=2330 total_ms=0.921 avg_us=0.395 max_us=20
direct_cudaStreamSynchronize: calls=8500 total_ms=40.368 max_us=2480
by_direct_callsite (file:line):
   0 /opt/llama.cpp/ggml/src/ggml-cuda/ggml-cuda.cu:839 calls=8147 total_ms=34.243 avg_us=4.203 max_us=354
   1 /opt/llama.cpp/ggml/src/ggml-cuda/ggml-cuda.cu:900 calls=12 total_ms=5.793 avg_us=482.750 max_us=2480
   2 /opt/llama.cpp/ggml/src/ggml-cuda/ggml-cuda.cu:2665 calls=191 total_ms=0.214 avg_us=1.120 max_us=5
   3 /opt/llama.cpp/ggml/src/ggml-cuda/ggml-cuda.cu:847 calls=150 total_ms=0.118 avg_us=0.787 max_us=2
=== END CUDA SYNC PROFILE ===
backend-sync-trace: count=19300 backend=CUDA0 caller=ggml_backend_sched_graph_compute_async_ext+0xecc

=== CUDA SYNC PROFILE (instrumentation only) ===
total_syncs = 19300
total_wait_ms = 10774.745
max_wait_us = 140454
sites = 5
wait_hist_us = logarithmic buckets
  hist[0] = 17626
  hist[1] = 859
  hist[2] = 87
  hist[3] = 17
  hist[4] = 10
  hist[5] = 2
  hist[9] = 136
  hist[10] = 267
  hist[11] = 63
  hist[14] = 85
  hist[15] = 124
  hist[16] = 23
  hist[17] = 1
by_callsite (caller PC; symbolize with addr2line):
   0 caller=0x7cb3f512e0c2 calls=7822 total_ms=10768.304 avg_us=1376.669 max_us=140454
   1 caller=0x7cb3f513286c calls=6326 total_ms=2.566 avg_us=0.406 max_us=21
   2 caller=0x7cb3f513277c calls=2342 total_ms=2.013 avg_us=0.860 max_us=20
   3 caller=0x7cb3f5131732 calls=468 total_ms=0.935 avg_us=1.998 max_us=9
   4 caller=0x7cb3f513299d calls=2342 total_ms=0.927 avg_us=0.396 max_us=20
direct_cudaStreamSynchronize: calls=8548 total_ms=40.565 max_us=2480
by_direct_callsite (file:line):
   0 /opt/llama.cpp/ggml/src/ggml-cuda/ggml-cuda.cu:839 calls=8195 total_ms=34.440 avg_us=4.203 max_us=354
   1 /opt/llama.cpp/ggml/src/ggml-cuda/ggml-cuda.cu:900 calls=12 total_ms=5.793 avg_us=482.750 max_us=2480
   2 /opt/llama.cpp/ggml/src/ggml-cuda/ggml-cuda.cu:2665 calls=191 total_ms=0.214 avg_us=1.120 max_us=5
   3 /opt/llama.cpp/ggml/src/ggml-cuda/ggml-cuda.cu:847 calls=150 total_ms=0.118 avg_us=0.787 max_us=2
=== END CUDA SYNC PROFILE ===
backend-sync-trace: count=19400 backend=CUDA0 caller=ggml_backend_sched_synchronize+0x52

=== CUDA SYNC PROFILE (instrumentation only) ===
total_syncs = 19400
total_wait_ms = 10843.440
max_wait_us = 140454
sites = 5
wait_hist_us = logarithmic buckets
  hist[0] = 17719
  hist[1] = 862
  hist[2] = 87
  hist[3] = 17
  hist[4] = 10
  hist[5] = 2
  hist[9] = 137
  hist[10] = 268
  hist[11] = 63
  hist[14] = 86
  hist[15] = 125
  hist[16] = 23
  hist[17] = 1
by_callsite (caller PC; symbolize with addr2line):
   0 caller=0x7cb3f512e0c2 calls=7862 total_ms=10836.971 avg_us=1378.399 max_us=140454
   1 caller=0x7cb3f513286c calls=6359 total_ms=2.578 avg_us=0.405 max_us=21
   2 caller=0x7cb3f513277c calls=2354 total_ms=2.023 avg_us=0.859 max_us=20
   3 caller=0x7cb3f5131732 calls=471 total_ms=0.938 avg_us=1.992 max_us=9
   4 caller=0x7cb3f513299d calls=2354 total_ms=0.930 avg_us=0.395 max_us=20
direct_cudaStreamSynchronize: calls=8591 total_ms=40.745 max_us=2480
by_direct_callsite (file:line):
   0 /opt/llama.cpp/ggml/src/ggml-cuda/ggml-cuda.cu:839 calls=8238 total_ms=34.620 avg_us=4.202 max_us=354
   1 /opt/llama.cpp/ggml/src/ggml-cuda/ggml-cuda.cu:900 calls=12 total_ms=5.793 avg_us=482.750 max_us=2480
   2 /opt/llama.cpp/ggml/src/ggml-cuda/ggml-cuda.cu:2665 calls=191 total_ms=0.214 avg_us=1.120 max_us=5
   3 /opt/llama.cpp/ggml/src/ggml-cuda/ggml-cuda.cu:847 calls=150 total_ms=0.118 avg_us=0.787 max_us=2
=== END CUDA SYNC PROFILE ===

=== CUDA SYNC PROFILE (instrumentation only) ===
total_syncs = 19429
total_wait_ms = 10844.661
max_wait_us = 140454
sites = 5
wait_hist_us = logarithmic buckets
  hist[0] = 17746
  hist[1] = 863
  hist[2] = 87
  hist[3] = 17
  hist[4] = 10
  hist[5] = 2
  hist[9] = 137
  hist[10] = 269
  hist[11] = 63
  hist[14] = 86
  hist[15] = 125
  hist[16] = 23
  hist[17] = 1
by_callsite (caller PC; symbolize with addr2line):
   0 caller=0x7cb3f512e0c2 calls=7877 total_ms=10838.185 avg_us=1375.928 max_us=140454
   1 caller=0x7cb3f513286c calls=6364 total_ms=2.581 avg_us=0.406 max_us=21
   2 caller=0x7cb3f513277c calls=2358 total_ms=2.025 avg_us=0.859 max_us=20
   3 caller=0x7cb3f5131732 calls=472 total_ms=0.940 avg_us=1.992 max_us=9
   4 caller=0x7cb3f513299d calls=2358 total_ms=0.930 avg_us=0.394 max_us=20
direct_cudaStreamSynchronize: calls=8600 total_ms=40.775 max_us=2480
by_direct_callsite (file:line):
   0 /opt/llama.cpp/ggml/src/ggml-cuda/ggml-cuda.cu:839 calls=8247 total_ms=34.650 avg_us=4.202 max_us=354
   1 /opt/llama.cpp/ggml/src/ggml-cuda/ggml-cuda.cu:900 calls=12 total_ms=5.793 avg_us=482.750 max_us=2480
   2 /opt/llama.cpp/ggml/src/ggml-cuda/ggml-cuda.cu:2665 calls=191 total_ms=0.214 avg_us=1.120 max_us=5
   3 /opt/llama.cpp/ggml/src/ggml-cuda/ggml-cuda.cu:847 calls=150 total_ms=0.118 avg_us=0.787 max_us=2
=== END CUDA SYNC PROFILE ===
backend-sync-trace: count=19500 backend=CUDA0 caller=ggml_backend_sched_synchronize+0x52

=== CUDA SYNC PROFILE (instrumentation only) ===
total_syncs = 19500
total_wait_ms = 10906.906
max_wait_us = 140454
sites = 5
wait_hist_us = logarithmic buckets
  hist[0] = 17811
  hist[1] = 866
  hist[2] = 87
  hist[3] = 17
  hist[4] = 10
  hist[5] = 2
  hist[9] = 137
  hist[10] = 270
  hist[11] = 64
  hist[14] = 86
  hist[15] = 126
  hist[16] = 23
  hist[17] = 1
by_callsite (caller PC; symbolize with addr2line):
   0 caller=0x7cb3f512e0c2 calls=7904 total_ms=10900.410 avg_us=1379.100 max_us=140454
   1 caller=0x7cb3f513286c calls=6390 total_ms=2.590 avg_us=0.405 max_us=21
   2 caller=0x7cb3f513277c calls=2366 total_ms=2.031 avg_us=0.858 max_us=20
   3 caller=0x7cb3f5131732 calls=474 total_ms=0.943 avg_us=1.989 max_us=9
   4 caller=0x7cb3f513299d calls=2366 total_ms=0.932 avg_us=0.394 max_us=20
direct_cudaStreamSynchronize: calls=8632 total_ms=40.905 max_us=2480
by_direct_callsite (file:line):
   0 /opt/llama.cpp/ggml/src/ggml-cuda/ggml-cuda.cu:839 calls=8279 total_ms=34.780 avg_us=4.201 max_us=354
   1 /opt/llama.cpp/ggml/src/ggml-cuda/ggml-cuda.cu:900 calls=12 total_ms=5.793 avg_us=482.750 max_us=2480
   2 /opt/llama.cpp/ggml/src/ggml-cuda/ggml-cuda.cu:2665 calls=191 total_ms=0.214 avg_us=1.120 max_us=5
   3 /opt/llama.cpp/ggml/src/ggml-cuda/ggml-cuda.cu:847 calls=150 total_ms=0.118 avg_us=0.787 max_us=2
=== END CUDA SYNC PROFILE ===
backend-sync-trace: count=19600 backend=CUDA0 caller=ggml_backend_sched_graph_compute_async_ext+0xddc

=== CUDA SYNC PROFILE (instrumentation only) ===
total_syncs = 19600
total_wait_ms = 10980.412
max_wait_us = 140454
sites = 5
wait_hist_us = logarithmic buckets
  hist[0] = 17904
  hist[1] = 869
  hist[2] = 87
  hist[3] = 17
  hist[4] = 10
  hist[5] = 2
  hist[9] = 137
  hist[10] = 273
  hist[11] = 64
  hist[14] = 86
  hist[15] = 126
  hist[16] = 24
  hist[17] = 1
by_callsite (caller PC; symbolize with addr2line):
   0 caller=0x7cb3f512e0c2 calls=7940 total_ms=10973.887 avg_us=1382.102 max_us=140454
   1 caller=0x7cb3f513286c calls=6421 total_ms=2.600 avg_us=0.405 max_us=21
   2 caller=0x7cb3f513277c calls=2382 total_ms=2.043 avg_us=0.858 max_us=20
   3 caller=0x7cb3f5131732 calls=476 total_ms=0.946 avg_us=1.987 max_us=9
   4 caller=0x7cb3f513299d calls=2381 total_ms=0.936 avg_us=0.393 max_us=20
direct_cudaStreamSynchronize: calls=8675 total_ms=41.077 max_us=2480
by_direct_callsite (file:line):
   0 /opt/llama.cpp/ggml/src/ggml-cuda/ggml-cuda.cu:839 calls=8322 total_ms=34.952 avg_us=4.200 max_us=354
   1 /opt/llama.cpp/ggml/src/ggml-cuda/ggml-cuda.cu:900 calls=12 total_ms=5.793 avg_us=482.750 max_us=2480
   2 /opt/llama.cpp/ggml/src/ggml-cuda/ggml-cuda.cu:2665 calls=191 total_ms=0.214 avg_us=1.120 max_us=5
   3 /opt/llama.cpp/ggml/src/ggml-cuda/ggml-cuda.cu:847 calls=150 total_ms=0.118 avg_us=0.787 max_us=2
=== END CUDA SYNC PROFILE ===

=== CUDA SYNC PROFILE (instrumentation only) ===
total_syncs = 19649
total_wait_ms = 11030.862
max_wait_us = 140454
sites = 5
wait_hist_us = logarithmic buckets
  hist[0] = 17949
  hist[1] = 872
  hist[2] = 87
  hist[3] = 17
  hist[4] = 10
  hist[5] = 2
  hist[9] = 137
  hist[10] = 273
  hist[11] = 64
  hist[14] = 86
  hist[15] = 127
  hist[16] = 24
  hist[17] = 1
by_callsite (caller PC; symbolize with addr2line):
   0 caller=0x7cb3f512e0c2 calls=7957 total_ms=11024.325 avg_us=1385.488 max_us=140454
   1 caller=0x7cb3f513286c calls=6442 total_ms=2.604 avg_us=0.404 max_us=21
   2 caller=0x7cb3f513277c calls=2386 total_ms=2.046 avg_us=0.858 max_us=20
   3 caller=0x7cb3f5131732 calls=478 total_ms=0.950 avg_us=1.987 max_us=9
   4 caller=0x7cb3f513299d calls=2386 total_ms=0.937 avg_us=0.393 max_us=20
direct_cudaStreamSynchronize: calls=8700 total_ms=41.186 max_us=2480
by_direct_callsite (file:line):
   0 /opt/llama.cpp/ggml/src/ggml-cuda/ggml-cuda.cu:839 calls=8347 total_ms=35.061 avg_us=4.200 max_us=354
   1 /opt/llama.cpp/ggml/src/ggml-cuda/ggml-cuda.cu:900 calls=12 total_ms=5.793 avg_us=482.750 max_us=2480
   2 /opt/llama.cpp/ggml/src/ggml-cuda/ggml-cuda.cu:2665 calls=191 total_ms=0.214 avg_us=1.120 max_us=5
   3 /opt/llama.cpp/ggml/src/ggml-cuda/ggml-cuda.cu:847 calls=150 total_ms=0.118 avg_us=0.787 max_us=2
=== END CUDA SYNC PROFILE ===
backend-sync-trace: count=19700 backend=CUDA0 caller=ggml_backend_sched_graph_compute_async_ext+0xddc

=== CUDA SYNC PROFILE (instrumentation only) ===
total_syncs = 19700
total_wait_ms = 11095.587
max_wait_us = 140454
sites = 5
wait_hist_us = logarithmic buckets
  hist[0] = 17993
  hist[1] = 876
  hist[2] = 87
  hist[3] = 17
  hist[4] = 10
  hist[5] = 2
  hist[9] = 137
  hist[10] = 274
  hist[11] = 65
  hist[14] = 86
  hist[15] = 128
  hist[16] = 24
  hist[17] = 1
by_callsite (caller PC; symbolize with addr2line):
   0 caller=0x7cb3f512e0c2 calls=7973 total_ms=11089.031 avg_us=1390.823 max_us=140454
   1 caller=0x7cb3f513286c calls=6463 total_ms=2.611 avg_us=0.404 max_us=21
   2 caller=0x7cb3f513277c calls=2393 total_ms=2.053 avg_us=0.858 max_us=20
   3 caller=0x7cb3f5131732 calls=479 total_ms=0.952 avg_us=1.987 max_us=9
   4 caller=0x7cb3f513299d calls=2392 total_ms=0.940 avg_us=0.393 max_us=20
direct_cudaStreamSynchronize: calls=8726 total_ms=41.286 max_us=2480
by_direct_callsite (file:line):
   0 /opt/llama.cpp/ggml/src/ggml-cuda/ggml-cuda.cu:839 calls=8373 total_ms=35.161 avg_us=4.199 max_us=354
   1 /opt/llama.cpp/ggml/src/ggml-cuda/ggml-cuda.cu:900 calls=12 total_ms=5.793 avg_us=482.750 max_us=2480
   2 /opt/llama.cpp/ggml/src/ggml-cuda/ggml-cuda.cu:2665 calls=191 total_ms=0.214 avg_us=1.120 max_us=5
   3 /opt/llama.cpp/ggml/src/ggml-cuda/ggml-cuda.cu:847 calls=150 total_ms=0.118 avg_us=0.787 max_us=2
=== END CUDA SYNC PROFILE ===
backend-sync-trace: count=19800 backend=CUDA0 caller=ggml_backend_sched_synchronize+0x52

=== CUDA SYNC PROFILE (instrumentation only) ===
total_syncs = 19800
total_wait_ms = 11164.211
max_wait_us = 140454
sites = 5
wait_hist_us = logarithmic buckets
  hist[0] = 18083
  hist[1] = 883
  hist[2] = 87
  hist[3] = 17
  hist[4] = 10
  hist[5] = 2
  hist[9] = 137
  hist[10] = 276
  hist[11] = 65
  hist[14] = 86
  hist[15] = 129
  hist[16] = 24
  hist[17] = 1
by_callsite (caller PC; symbolize with addr2line):
   0 caller=0x7cb3f512e0c2 calls=8017 total_ms=11157.631 avg_us=1391.746 max_us=140454
   1 caller=0x7cb3f513286c calls=6494 total_ms=2.620 avg_us=0.403 max_us=21
   2 caller=0x7cb3f513277c calls=2404 total_ms=2.062 avg_us=0.858 max_us=20
   3 caller=0x7cb3f5131732 calls=481 total_ms=0.956 avg_us=1.988 max_us=9
   4 caller=0x7cb3f513299d calls=2404 total_ms=0.942 avg_us=0.392 max_us=20
direct_cudaStreamSynchronize: calls=8766 total_ms=41.452 max_us=2480
by_direct_callsite (file:line):
   0 /opt/llama.cpp/ggml/src/ggml-cuda/ggml-cuda.cu:839 calls=8413 total_ms=35.327 avg_us=4.199 max_us=354
   1 /opt/llama.cpp/ggml/src/ggml-cuda/ggml-cuda.cu:900 calls=12 total_ms=5.793 avg_us=482.750 max_us=2480
   2 /opt/llama.cpp/ggml/src/ggml-cuda/ggml-cuda.cu:2665 calls=191 total_ms=0.214 avg_us=1.120 max_us=5
   3 /opt/llama.cpp/ggml/src/ggml-cuda/ggml-cuda.cu:847 calls=150 total_ms=0.118 avg_us=0.787 max_us=2
=== END CUDA SYNC PROFILE ===

=== CUDA SYNC PROFILE (instrumentation only) ===
total_syncs = 19877
total_wait_ms = 11208.261
max_wait_us = 140454
sites = 5
wait_hist_us = logarithmic buckets
  hist[0] = 18155
  hist[1] = 885
  hist[2] = 87
  hist[3] = 17
  hist[4] = 10
  hist[5] = 2
  hist[9] = 137
  hist[10] = 278
  hist[11] = 65
  hist[14] = 86
  hist[15] = 130
  hist[16] = 24
  hist[17] = 1
by_callsite (caller PC; symbolize with addr2line):
   0 caller=0x7cb3f512e0c2 calls=8047 total_ms=11201.662 avg_us=1392.030 max_us=140454
   1 caller=0x7cb3f513286c calls=6519 total_ms=2.627 avg_us=0.403 max_us=21
   2 caller=0x7cb3f513277c calls=2414 total_ms=2.067 avg_us=0.856 max_us=20
   3 caller=0x7cb3f5131732 calls=483 total_ms=0.958 avg_us=1.983 max_us=9
   4 caller=0x7cb3f513299d calls=2414 total_ms=0.947 avg_us=0.392 max_us=20
direct_cudaStreamSynchronize: calls=8800 total_ms=41.593 max_us=2480
by_direct_callsite (file:line):
   0 /opt/llama.cpp/ggml/src/ggml-cuda/ggml-cuda.cu:839 calls=8447 total_ms=35.468 avg_us=4.199 max_us=354
   1 /opt/llama.cpp/ggml/src/ggml-cuda/ggml-cuda.cu:900 calls=12 total_ms=5.793 avg_us=482.750 max_us=2480
   2 /opt/llama.cpp/ggml/src/ggml-cuda/ggml-cuda.cu:2665 calls=191 total_ms=0.214 avg_us=1.120 max_us=5
   3 /opt/llama.cpp/ggml/src/ggml-cuda/ggml-cuda.cu:847 calls=150 total_ms=0.118 avg_us=0.787 max_us=2
=== END CUDA SYNC PROFILE ===
backend-sync-trace: count=19900 backend=CUDA0 caller=ggml_backend_sched_synchronize+0x52

=== CUDA SYNC PROFILE (instrumentation only) ===
total_syncs = 19900
total_wait_ms = 11209.764
max_wait_us = 140454
sites = 5
wait_hist_us = logarithmic buckets
  hist[0] = 18176
  hist[1] = 886
  hist[2] = 87
  hist[3] = 17
  hist[4] = 10
  hist[5] = 2
  hist[9] = 137
  hist[10] = 279
  hist[11] = 65
  hist[14] = 86
  hist[15] = 130
  hist[16] = 24
  hist[17] = 1
by_callsite (caller PC; symbolize with addr2line):
   0 caller=0x7cb3f512e0c2 calls=8059 total_ms=11203.157 avg_us=1390.142 max_us=140454
   1 caller=0x7cb3f513286c calls=6525 total_ms=2.630 avg_us=0.403 max_us=21
   2 caller=0x7cb3f513277c calls=2416 total_ms=2.068 avg_us=0.856 max_us=20
   3 caller=0x7cb3f5131732 calls=484 total_ms=0.960 avg_us=1.983 max_us=9
   4 caller=0x7cb3f513299d calls=2416 total_ms=0.949 avg_us=0.393 max_us=20
direct_cudaStreamSynchronize: calls=8807 total_ms=41.615 max_us=2480
by_direct_callsite (file:line):
   0 /opt/llama.cpp/ggml/src/ggml-cuda/ggml-cuda.cu:839 calls=8454 total_ms=35.490 avg_us=4.198 max_us=354
   1 /opt/llama.cpp/ggml/src/ggml-cuda/ggml-cuda.cu:900 calls=12 total_ms=5.793 avg_us=482.750 max_us=2480
   2 /opt/llama.cpp/ggml/src/ggml-cuda/ggml-cuda.cu:2665 calls=191 total_ms=0.214 avg_us=1.120 max_us=5
   3 /opt/llama.cpp/ggml/src/ggml-cuda/ggml-cuda.cu:847 calls=150 total_ms=0.118 avg_us=0.787 max_us=2
=== END CUDA SYNC PROFILE ===
backend-sync-trace: count=20000 backend=CUDA0 caller=ggml_backend_sched_graph_compute_async_ext+0xddc

=== CUDA SYNC PROFILE (instrumentation only) ===
total_syncs = 20000
total_wait_ms = 11248.584
max_wait_us = 140454
sites = 5
wait_hist_us = logarithmic buckets
  hist[0] = 18267
  hist[1] = 891
  hist[2] = 87
  hist[3] = 17
  hist[4] = 10
  hist[5] = 2
  hist[9] = 138
  hist[10] = 280
  hist[11] = 66
  hist[14] = 86
  hist[15] = 131
  hist[16] = 24
  hist[17] = 1
by_callsite (caller PC; symbolize with addr2line):
   0 caller=0x7cb3f512e0c2 calls=8095 total_ms=11241.946 avg_us=1388.752 max_us=140454
   1 caller=0x7cb3f513286c calls=6556 total_ms=2.637 avg_us=0.402 max_us=21
   2 caller=0x7cb3f513277c calls=2432 total_ms=2.081 avg_us=0.856 max_us=20
   3 caller=0x7cb3f5131732 calls=486 total_ms=0.964 avg_us=1.984 max_us=9
   4 caller=0x7cb3f513299d calls=2431 total_ms=0.956 avg_us=0.393 max_us=20
direct_cudaStreamSynchronize: calls=8850 total_ms=41.788 max_us=2480
by_direct_callsite (file:line):
   0 /opt/llama.cpp/ggml/src/ggml-cuda/ggml-cuda.cu:839 calls=8497 total_ms=35.663 avg_us=4.197 max_us=354
   1 /opt/llama.cpp/ggml/src/ggml-cuda/ggml-cuda.cu:900 calls=12 total_ms=5.793 avg_us=482.750 max_us=2480
   2 /opt/llama.cpp/ggml/src/ggml-cuda/ggml-cuda.cu:2665 calls=191 total_ms=0.214 avg_us=1.120 max_us=5
   3 /opt/llama.cpp/ggml/src/ggml-cuda/ggml-cuda.cu:847 calls=150 total_ms=0.118 avg_us=0.787 max_us=2
=== END CUDA SYNC PROFILE ===

=== CUDA SYNC PROFILE (instrumentation only) ===
total_syncs = 20095
total_wait_ms = 11281.781
max_wait_us = 140454
sites = 5
wait_hist_us = logarithmic buckets
  hist[0] = 18356
  hist[1] = 894
  hist[2] = 87
  hist[3] = 17
  hist[4] = 10
  hist[5] = 2
  hist[9] = 139
  hist[10] = 281
  hist[11] = 66
  hist[14] = 87
  hist[15] = 131
  hist[16] = 24
  hist[17] = 1
by_callsite (caller PC; symbolize with addr2line):
   0 caller=0x7cb3f512e0c2 calls=8126 total_ms=11275.116 avg_us=1387.536 max_us=140454
   1 caller=0x7cb3f513286c calls=6597 total_ms=2.650 avg_us=0.402 max_us=21
   2 caller=0x7cb3f513277c calls=2442 total_ms=2.089 avg_us=0.855 max_us=20
   3 caller=0x7cb3f5131732 calls=488 total_ms=0.967 avg_us=1.982 max_us=9
   4 caller=0x7cb3f513299d calls=2442 total_ms=0.959 avg_us=0.393 max_us=20
direct_cudaStreamSynchronize: calls=8900 total_ms=41.998 max_us=2480
by_direct_callsite (file:line):
   0 /opt/llama.cpp/ggml/src/ggml-cuda/ggml-cuda.cu:839 calls=8547 total_ms=35.873 avg_us=4.197 max_us=354
   1 /opt/llama.cpp/ggml/src/ggml-cuda/ggml-cuda.cu:900 calls=12 total_ms=5.793 avg_us=482.750 max_us=2480
   2 /opt/llama.cpp/ggml/src/ggml-cuda/ggml-cuda.cu:2665 calls=191 total_ms=0.214 avg_us=1.120 max_us=5
   3 /opt/llama.cpp/ggml/src/ggml-cuda/ggml-cuda.cu:847 calls=150 total_ms=0.118 avg_us=0.787 max_us=2
=== END CUDA SYNC PROFILE ===
backend-sync-trace: count=20100 backend=CUDA0 caller=ggml_backend_sched_graph_compute_async_ext+0xddc

=== CUDA SYNC PROFILE (instrumentation only) ===
total_syncs = 20100
total_wait_ms = 11325.060
max_wait_us = 140454
sites = 5
wait_hist_us = logarithmic buckets
  hist[0] = 18358
  hist[1] = 896
  hist[2] = 87
  hist[3] = 17
  hist[4] = 10
  hist[5] = 2
  hist[9] = 139
  hist[10] = 281
  hist[11] = 66
  hist[14] = 87
  hist[15] = 132
  hist[16] = 24
  hist[17] = 1
by_callsite (caller PC; symbolize with addr2line):
   0 caller=0x7cb3f512e0c2 calls=8128 total_ms=11318.391 avg_us=1392.519 max_us=140454
   1 caller=0x7cb3f513286c calls=6598 total_ms=2.651 avg_us=0.402 max_us=21
   2 caller=0x7cb3f513277c calls=2443 total_ms=2.090 avg_us=0.856 max_us=20
   3 caller=0x7cb3f5131732 calls=489 total_ms=0.969 avg_us=1.982 max_us=9
   4 caller=0x7cb3f513299d calls=2442 total_ms=0.959 avg_us=0.393 max_us=20
direct_cudaStreamSynchronize: calls=8901 total_ms=42.001 max_us=2480
by_direct_callsite (file:line):
   0 /opt/llama.cpp/ggml/src/ggml-cuda/ggml-cuda.cu:839 calls=8548 total_ms=35.876 avg_us=4.197 max_us=354
   1 /opt/llama.cpp/ggml/src/ggml-cuda/ggml-cuda.cu:900 calls=12 total_ms=5.793 avg_us=482.750 max_us=2480
   2 /opt/llama.cpp/ggml/src/ggml-cuda/ggml-cuda.cu:2665 calls=191 total_ms=0.214 avg_us=1.120 max_us=5
   3 /opt/llama.cpp/ggml/src/ggml-cuda/ggml-cuda.cu:847 calls=150 total_ms=0.118 avg_us=0.787 max_us=2
=== END CUDA SYNC PROFILE ===
backend-sync-trace: count=20200 backend=CUDA0 caller=ggml_backend_sched_synchronize+0x52

=== CUDA SYNC PROFILE (instrumentation only) ===
total_syncs = 20200
total_wait_ms = 11360.378
max_wait_us = 140454
sites = 5
wait_hist_us = logarithmic buckets
  hist[0] = 18450
  hist[1] = 900
  hist[2] = 87
  hist[3] = 17
  hist[4] = 10
  hist[5] = 2
  hist[9] = 141
  hist[10] = 282
  hist[11] = 66
  hist[14] = 88
  hist[15] = 132
  hist[16] = 24
  hist[17] = 1
by_callsite (caller PC; symbolize with addr2line):
   0 caller=0x7cb3f512e0c2 calls=8163 total_ms=11353.683 avg_us=1390.871 max_us=140454
   1 caller=0x7cb3f513286c calls=6633 total_ms=2.659 avg_us=0.401 max_us=21
   2 caller=0x7cb3f513277c calls=2456 total_ms=2.097 avg_us=0.854 max_us=20
   3 caller=0x7cb3f5131732 calls=492 total_ms=0.974 avg_us=1.980 max_us=9
   4 caller=0x7cb3f513299d calls=2456 total_ms=0.965 avg_us=0.393 max_us=20
direct_cudaStreamSynchronize: calls=8947 total_ms=42.184 max_us=2480
by_direct_callsite (file:line):
   0 /opt/llama.cpp/ggml/src/ggml-cuda/ggml-cuda.cu:839 calls=8594 total_ms=36.059 avg_us=4.196 max_us=354
   1 /opt/llama.cpp/ggml/src/ggml-cuda/ggml-cuda.cu:900 calls=12 total_ms=5.793 avg_us=482.750 max_us=2480
   2 /opt/llama.cpp/ggml/src/ggml-cuda/ggml-cuda.cu:2665 calls=191 total_ms=0.214 avg_us=1.120 max_us=5
   3 /opt/llama.cpp/ggml/src/ggml-cuda/ggml-cuda.cu:847 calls=150 total_ms=0.118 avg_us=0.787 max_us=2
=== END CUDA SYNC PROFILE ===
1.18.137.537 I slot print_timing: id  0 | task 0 | n_gen =    558, tg =  45.61 t/s, tg_3s =  50.06 t/s
backend-sync-trace: count=20300 backend=CUDA0 caller=ggml_backend_sched_synchronize+0x52

=== CUDA SYNC PROFILE (instrumentation only) ===
total_syncs = 20300
total_wait_ms = 11399.329
max_wait_us = 140454
sites = 5
wait_hist_us = logarithmic buckets
  hist[0] = 18543
  hist[1] = 903
  hist[2] = 87
  hist[3] = 17
  hist[4] = 10
  hist[5] = 2
  hist[9] = 143
  hist[10] = 283
  hist[11] = 66
  hist[14] = 88
  hist[15] = 133
  hist[16] = 24
  hist[17] = 1
by_callsite (caller PC; symbolize with addr2line):
   0 caller=0x7cb3f512e0c2 calls=8206 total_ms=11392.607 avg_us=1388.326 max_us=140454
   1 caller=0x7cb3f513286c calls=6664 total_ms=2.668 avg_us=0.400 max_us=21
   2 caller=0x7cb3f513277c calls=2468 total_ms=2.109 avg_us=0.855 max_us=20
   3 caller=0x7cb3f5131732 calls=494 total_ms=0.977 avg_us=1.978 max_us=9
   4 caller=0x7cb3f513299d calls=2468 total_ms=0.968 avg_us=0.392 max_us=20
direct_cudaStreamSynchronize: calls=8988 total_ms=42.344 max_us=2480
by_direct_callsite (file:line):
   0 /opt/llama.cpp/ggml/src/ggml-cuda/ggml-cuda.cu:839 calls=8635 total_ms=36.219 avg_us=4.194 max_us=354
   1 /opt/llama.cpp/ggml/src/ggml-cuda/ggml-cuda.cu:900 calls=12 total_ms=5.793 avg_us=482.750 max_us=2480
   2 /opt/llama.cpp/ggml/src/ggml-cuda/ggml-cuda.cu:2665 calls=191 total_ms=0.214 avg_us=1.120 max_us=5
   3 /opt/llama.cpp/ggml/src/ggml-cuda/ggml-cuda.cu:847 calls=150 total_ms=0.118 avg_us=0.787 max_us=2
=== END CUDA SYNC PROFILE ===

=== CUDA SYNC PROFILE (instrumentation only) ===
total_syncs = 20318
total_wait_ms = 11399.340
max_wait_us = 140454
sites = 5
wait_hist_us = logarithmic buckets
  hist[0] = 18560
  hist[1] = 904
  hist[2] = 87
  hist[3] = 17
  hist[4] = 10
  hist[5] = 2
  hist[9] = 143
  hist[10] = 283
  hist[11] = 66
  hist[14] = 88
  hist[15] = 133
  hist[16] = 24
  hist[17] = 1
by_callsite (caller PC; symbolize with addr2line):
   0 caller=0x7cb3f512e0c2 calls=8207 total_ms=11392.608 avg_us=1388.157 max_us=140454
   1 caller=0x7cb3f513286c calls=6673 total_ms=2.673 avg_us=0.401 max_us=21
   2 caller=0x7cb3f513277c calls=2472 total_ms=2.113 avg_us=0.855 max_us=20
   3 caller=0x7cb3f5131732 calls=494 total_ms=0.977 avg_us=1.978 max_us=9
   4 caller=0x7cb3f513299d calls=2472 total_ms=0.969 avg_us=0.392 max_us=20
direct_cudaStreamSynchronize: calls=9000 total_ms=42.401 max_us=2480
by_direct_callsite (file:line):
   0 /opt/llama.cpp/ggml/src/ggml-cuda/ggml-cuda.cu:839 calls=8647 total_ms=36.276 avg_us=4.195 max_us=354
   1 /opt/llama.cpp/ggml/src/ggml-cuda/ggml-cuda.cu:900 calls=12 total_ms=5.793 avg_us=482.750 max_us=2480
   2 /opt/llama.cpp/ggml/src/ggml-cuda/ggml-cuda.cu:2665 calls=191 total_ms=0.214 avg_us=1.120 max_us=5
   3 /opt/llama.cpp/ggml/src/ggml-cuda/ggml-cuda.cu:847 calls=150 total_ms=0.118 avg_us=0.787 max_us=2
=== END CUDA SYNC PROFILE ===
backend-sync-trace: count=20400 backend=CUDA0 caller=ggml_backend_sched_graph_compute_async_ext+0xecc

=== CUDA SYNC PROFILE (instrumentation only) ===
total_syncs = 20400
total_wait_ms = 11435.108
max_wait_us = 140454
sites = 5
wait_hist_us = logarithmic buckets
  hist[0] = 18636
  hist[1] = 907
  hist[2] = 87
  hist[3] = 17
  hist[4] = 10
  hist[5] = 2
  hist[9] = 143
  hist[10] = 284
  hist[11] = 67
  hist[14] = 89
  hist[15] = 133
  hist[16] = 24
  hist[17] = 1
by_callsite (caller PC; symbolize with addr2line):
   0 caller=0x7cb3f512e0c2 calls=8244 total_ms=11428.353 avg_us=1386.263 max_us=140454
   1 caller=0x7cb3f513286c calls=6696 total_ms=2.681 avg_us=0.400 max_us=21
   2 caller=0x7cb3f513277c calls=2482 total_ms=2.122 avg_us=0.855 max_us=20
   3 caller=0x7cb3f5131732 calls=496 total_ms=0.980 avg_us=1.976 max_us=9
   4 caller=0x7cb3f513299d calls=2482 total_ms=0.972 avg_us=0.392 max_us=20
direct_cudaStreamSynchronize: calls=9030 total_ms=42.545 max_us=2480
by_direct_callsite (file:line):
   0 /opt/llama.cpp/ggml/src/ggml-cuda/ggml-cuda.cu:839 calls=8677 total_ms=36.420 avg_us=4.197 max_us=354
   1 /opt/llama.cpp/ggml/src/ggml-cuda/ggml-cuda.cu:900 calls=12 total_ms=5.793 avg_us=482.750 max_us=2480
   2 /opt/llama.cpp/ggml/src/ggml-cuda/ggml-cuda.cu:2665 calls=191 total_ms=0.214 avg_us=1.120 max_us=5
   3 /opt/llama.cpp/ggml/src/ggml-cuda/ggml-cuda.cu:847 calls=150 total_ms=0.118 avg_us=0.787 max_us=2
=== END CUDA SYNC PROFILE ===
backend-sync-trace: count=20500 backend=CUDA0 caller=ggml_backend_sched_synchronize+0x52

=== CUDA SYNC PROFILE (instrumentation only) ===
total_syncs = 20500
total_wait_ms = 11535.144
max_wait_us = 140454
sites = 5
wait_hist_us = logarithmic buckets
  hist[0] = 18728
  hist[1] = 911
  hist[2] = 87
  hist[3] = 17
  hist[4] = 10
  hist[5] = 2
  hist[9] = 144
  hist[10] = 285
  hist[11] = 67
  hist[14] = 89
  hist[15] = 135
  hist[16] = 24
  hist[17] = 1
by_callsite (caller PC; symbolize with addr2line):
   0 caller=0x7cb3f512e0c2 calls=8276 total_ms=11528.357 avg_us=1392.987 max_us=140454
   1 caller=0x7cb3f513286c calls=6737 total_ms=2.696 avg_us=0.400 max_us=21
   2 caller=0x7cb3f513277c calls=2494 total_ms=2.129 avg_us=0.854 max_us=20
   3 caller=0x7cb3f5131732 calls=499 total_ms=0.985 avg_us=1.974 max_us=9
   4 caller=0x7cb3f513299d calls=2494 total_ms=0.977 avg_us=0.392 max_us=20
direct_cudaStreamSynchronize: calls=9081 total_ms=42.739 max_us=2480
by_direct_callsite (file:line):
   0 /opt/llama.cpp/ggml/src/ggml-cuda/ggml-cuda.cu:839 calls=8728 total_ms=36.614 avg_us=4.195 max_us=354
   1 /opt/llama.cpp/ggml/src/ggml-cuda/ggml-cuda.cu:900 calls=12 total_ms=5.793 avg_us=482.750 max_us=2480
   2 /opt/llama.cpp/ggml/src/ggml-cuda/ggml-cuda.cu:2665 calls=191 total_ms=0.214 avg_us=1.120 max_us=5
   3 /opt/llama.cpp/ggml/src/ggml-cuda/ggml-cuda.cu:847 calls=150 total_ms=0.118 avg_us=0.787 max_us=2
=== END CUDA SYNC PROFILE ===

=== CUDA SYNC PROFILE (instrumentation only) ===
total_syncs = 20553
total_wait_ms = 11537.358
max_wait_us = 140454
sites = 5
wait_hist_us = logarithmic buckets
  hist[0] = 18777
  hist[1] = 913
  hist[2] = 87
  hist[3] = 17
  hist[4] = 10
  hist[5] = 2
  hist[9] = 145
  hist[10] = 286
  hist[11] = 67
  hist[14] = 89
  hist[15] = 135
  hist[16] = 24
  hist[17] = 1
by_callsite (caller PC; symbolize with addr2line):
   0 caller=0x7cb3f512e0c2 calls=8300 total_ms=11530.555 avg_us=1389.223 max_us=140454
   1 caller=0x7cb3f513286c calls=6749 total_ms=2.699 avg_us=0.400 max_us=21
   2 caller=0x7cb3f513277c calls=2502 total_ms=2.135 avg_us=0.853 max_us=20
   3 caller=0x7cb3f5131732 calls=500 total_ms=0.987 avg_us=1.974 max_us=9
   4 caller=0x7cb3f513299d calls=2502 total_ms=0.982 avg_us=0.392 max_us=20
direct_cudaStreamSynchronize: calls=9100 total_ms=42.825 max_us=2480
by_direct_callsite (file:line):
   0 /opt/llama.cpp/ggml/src/ggml-cuda/ggml-cuda.cu:839 calls=8747 total_ms=36.700 avg_us=4.196 max_us=354
   1 /opt/llama.cpp/ggml/src/ggml-cuda/ggml-cuda.cu:900 calls=12 total_ms=5.793 avg_us=482.750 max_us=2480
   2 /opt/llama.cpp/ggml/src/ggml-cuda/ggml-cuda.cu:2665 calls=191 total_ms=0.214 avg_us=1.120 max_us=5
   3 /opt/llama.cpp/ggml/src/ggml-cuda/ggml-cuda.cu:847 calls=150 total_ms=0.118 avg_us=0.787 max_us=2
=== END CUDA SYNC PROFILE ===
backend-sync-trace: count=20600 backend=CUDA0 caller=ggml_backend_sched_graph_compute_async_ext+0xddc

=== CUDA SYNC PROFILE (instrumentation only) ===
total_syncs = 20600
total_wait_ms = 11572.732
max_wait_us = 140454
sites = 5
wait_hist_us = logarithmic buckets
  hist[0] = 18823
  hist[1] = 913
  hist[2] = 87
  hist[3] = 17
  hist[4] = 10
  hist[5] = 2
  hist[9] = 145
  hist[10] = 286
  hist[11] = 67
  hist[14] = 89
  hist[15] = 136
  hist[16] = 24
  hist[17] = 1
by_callsite (caller PC; symbolize with addr2line):
   0 caller=0x7cb3f512e0c2 calls=8323 total_ms=11565.917 avg_us=1389.633 max_us=140454
   1 caller=0x7cb3f513286c calls=6764 total_ms=2.705 avg_us=0.400 max_us=21
   2 caller=0x7cb3f513277c calls=2506 total_ms=2.137 avg_us=0.853 max_us=20
   3 caller=0x7cb3f5131732 calls=502 total_ms=0.989 avg_us=1.970 max_us=9
   4 caller=0x7cb3f513299d calls=2505 total_ms=0.984 avg_us=0.393 max_us=20
direct_cudaStreamSynchronize: calls=9117 total_ms=42.880 max_us=2480
by_direct_callsite (file:line):
   0 /opt/llama.cpp/ggml/src/ggml-cuda/ggml-cuda.cu:839 calls=8764 total_ms=36.755 avg_us=4.194 max_us=354
   1 /opt/llama.cpp/ggml/src/ggml-cuda/ggml-cuda.cu:900 calls=12 total_ms=5.793 avg_us=482.750 max_us=2480
   2 /opt/llama.cpp/ggml/src/ggml-cuda/ggml-cuda.cu:2665 calls=191 total_ms=0.214 avg_us=1.120 max_us=5
   3 /opt/llama.cpp/ggml/src/ggml-cuda/ggml-cuda.cu:847 calls=150 total_ms=0.118 avg_us=0.787 max_us=2
=== END CUDA SYNC PROFILE ===
backend-sync-trace: count=20700 backend=CUDA0 caller=ggml_backend_sched_synchronize+0x52

=== CUDA SYNC PROFILE (instrumentation only) ===
total_syncs = 20700
total_wait_ms = 11609.283
max_wait_us = 140454
sites = 5
wait_hist_us = logarithmic buckets
  hist[0] = 18914
  hist[1] = 917
  hist[2] = 87
  hist[3] = 17
  hist[4] = 10
  hist[5] = 2
  hist[9] = 147
  hist[10] = 288
  hist[11] = 67
  hist[14] = 90
  hist[15] = 136
  hist[16] = 24
  hist[17] = 1
by_callsite (caller PC; symbolize with addr2line):
   0 caller=0x7cb3f512e0c2 calls=8361 total_ms=11602.437 avg_us=1387.685 max_us=140454
   1 caller=0x7cb3f513286c calls=6799 total_ms=2.720 avg_us=0.400 max_us=21
   2 caller=0x7cb3f513277c calls=2518 total_ms=2.146 avg_us=0.852 max_us=20
   3 caller=0x7cb3f5131732 calls=504 total_ms=0.993 avg_us=1.970 max_us=9
   4 caller=0x7cb3f513299d calls=2518 total_ms=0.987 avg_us=0.392 max_us=20
direct_cudaStreamSynchronize: calls=9163 total_ms=43.054 max_us=2480
by_direct_callsite (file:line):
   0 /opt/llama.cpp/ggml/src/ggml-cuda/ggml-cuda.cu:839 calls=8810 total_ms=36.929 avg_us=4.192 max_us=354
   1 /opt/llama.cpp/ggml/src/ggml-cuda/ggml-cuda.cu:900 calls=12 total_ms=5.793 avg_us=482.750 max_us=2480
   2 /opt/llama.cpp/ggml/src/ggml-cuda/ggml-cuda.cu:2665 calls=191 total_ms=0.214 avg_us=1.120 max_us=5
   3 /opt/llama.cpp/ggml/src/ggml-cuda/ggml-cuda.cu:847 calls=150 total_ms=0.118 avg_us=0.787 max_us=2
=== END CUDA SYNC PROFILE ===

=== CUDA SYNC PROFILE (instrumentation only) ===
total_syncs = 20785
total_wait_ms = 11651.175
max_wait_us = 140454
sites = 5
wait_hist_us = logarithmic buckets
  hist[0] = 18992
  hist[1] = 921
  hist[2] = 87
  hist[3] = 17
  hist[4] = 10
  hist[5] = 2
  hist[9] = 147
  hist[10] = 289
  hist[11] = 68
  hist[14] = 90
  hist[15] = 137
  hist[16] = 24
  hist[17] = 1
by_callsite (caller PC; symbolize with addr2line):
   0 caller=0x7cb3f512e0c2 calls=8393 total_ms=11644.301 avg_us=1387.382 max_us=140454
   1 caller=0x7cb3f513286c calls=6826 total_ms=2.728 avg_us=0.400 max_us=21
   2 caller=0x7cb3f513277c calls=2530 total_ms=2.158 avg_us=0.853 max_us=20
   3 caller=0x7cb3f5131732 calls=506 total_ms=0.996 avg_us=1.968 max_us=9
   4 caller=0x7cb3f513299d calls=2530 total_ms=0.992 avg_us=0.392 max_us=20
direct_cudaStreamSynchronize: calls=9200 total_ms=43.202 max_us=2480
by_direct_callsite (file:line):
   0 /opt/llama.cpp/ggml/src/ggml-cuda/ggml-cuda.cu:839 calls=8847 total_ms=37.077 avg_us=4.191 max_us=354
   1 /opt/llama.cpp/ggml/src/ggml-cuda/ggml-cuda.cu:900 calls=12 total_ms=5.793 avg_us=482.750 max_us=2480
   2 /opt/llama.cpp/ggml/src/ggml-cuda/ggml-cuda.cu:2665 calls=191 total_ms=0.214 avg_us=1.120 max_us=5
   3 /opt/llama.cpp/ggml/src/ggml-cuda/ggml-cuda.cu:847 calls=150 total_ms=0.118 avg_us=0.787 max_us=2
=== END CUDA SYNC PROFILE ===
backend-sync-trace: count=20800 backend=CUDA0 caller=ggml_backend_sched_graph_compute_async_ext+0xecc

=== CUDA SYNC PROFILE (instrumentation only) ===
total_syncs = 20800
total_wait_ms = 11651.178
max_wait_us = 140454
sites = 5
wait_hist_us = logarithmic buckets
  hist[0] = 19007
  hist[1] = 921
  hist[2] = 87
  hist[3] = 17
  hist[4] = 10
  hist[5] = 2
  hist[9] = 147
  hist[10] = 289
  hist[11] = 68
  hist[14] = 90
  hist[15] = 137
  hist[16] = 24
  hist[17] = 1
by_callsite (caller PC; symbolize with addr2line):
   0 caller=0x7cb3f512e0c2 calls=8393 total_ms=11644.301 avg_us=1387.382 max_us=140454
   1 caller=0x7cb3f513286c calls=6837 total_ms=2.730 avg_us=0.399 max_us=21
   2 caller=0x7cb3f513277c calls=2532 total_ms=2.159 avg_us=0.853 max_us=20
   3 caller=0x7cb3f5131732 calls=506 total_ms=0.996 avg_us=1.968 max_us=9
   4 caller=0x7cb3f513299d calls=2532 total_ms=0.992 avg_us=0.392 max_us=20
direct_cudaStreamSynchronize: calls=9211 total_ms=43.256 max_us=2480
by_direct_callsite (file:line):
   0 /opt/llama.cpp/ggml/src/ggml-cuda/ggml-cuda.cu:839 calls=8858 total_ms=37.131 avg_us=4.192 max_us=354
   1 /opt/llama.cpp/ggml/src/ggml-cuda/ggml-cuda.cu:900 calls=12 total_ms=5.793 avg_us=482.750 max_us=2480
   2 /opt/llama.cpp/ggml/src/ggml-cuda/ggml-cuda.cu:2665 calls=191 total_ms=0.214 avg_us=1.120 max_us=5
   3 /opt/llama.cpp/ggml/src/ggml-cuda/ggml-cuda.cu:847 calls=150 total_ms=0.118 avg_us=0.787 max_us=2
=== END CUDA SYNC PROFILE ===
backend-sync-trace: count=20900 backend=CUDA0 caller=ggml_backend_sched_synchronize+0x52

=== CUDA SYNC PROFILE (instrumentation only) ===
total_syncs = 20900
total_wait_ms = 11711.734
max_wait_us = 140454
sites = 5
wait_hist_us = logarithmic buckets
  hist[0] = 19098
  hist[1] = 926
  hist[2] = 87
  hist[3] = 17
  hist[4] = 10
  hist[5] = 2
  hist[9] = 147
  hist[10] = 291
  hist[11] = 68
  hist[14] = 92
  hist[15] = 137
  hist[16] = 24
  hist[17] = 1
by_callsite (caller PC; symbolize with addr2line):
   0 caller=0x7cb3f512e0c2 calls=8431 total_ms=11704.829 avg_us=1388.309 max_us=140454
   1 caller=0x7cb3f513286c calls=6872 total_ms=2.741 avg_us=0.399 max_us=21
   2 caller=0x7cb3f513277c calls=2544 total_ms=2.165 avg_us=0.851 max_us=20
   3 caller=0x7cb3f5131732 calls=509 total_ms=1.001 avg_us=1.967 max_us=9
   4 caller=0x7cb3f513299d calls=2544 total_ms=0.998 avg_us=0.392 max_us=20
direct_cudaStreamSynchronize: calls=9256 total_ms=43.434 max_us=2480
by_direct_callsite (file:line):
   0 /opt/llama.cpp/ggml/src/ggml-cuda/ggml-cuda.cu:839 calls=8903 total_ms=37.309 avg_us=4.191 max_us=354
   1 /opt/llama.cpp/ggml/src/ggml-cuda/ggml-cuda.cu:900 calls=12 total_ms=5.793 avg_us=482.750 max_us=2480
   2 /opt/llama.cpp/ggml/src/ggml-cuda/ggml-cuda.cu:2665 calls=191 total_ms=0.214 avg_us=1.120 max_us=5
   3 /opt/llama.cpp/ggml/src/ggml-cuda/ggml-cuda.cu:847 calls=150 total_ms=0.118 avg_us=0.787 max_us=2
=== END CUDA SYNC PROFILE ===
backend-sync-trace: count=21000 backend=CUDA0 caller=ggml_backend_sched_synchronize+0x52

=== CUDA SYNC PROFILE (instrumentation only) ===
total_syncs = 21000
total_wait_ms = 11748.270
max_wait_us = 140454
sites = 5
wait_hist_us = logarithmic buckets
  hist[0] = 19190
  hist[1] = 930
  hist[2] = 87
  hist[3] = 17
  hist[4] = 10
  hist[5] = 2
  hist[9] = 148
  hist[10] = 293
  hist[11] = 68
  hist[14] = 93
  hist[15] = 137
  hist[16] = 24
  hist[17] = 1
by_callsite (caller PC; symbolize with addr2line):
   0 caller=0x7cb3f512e0c2 calls=8473 total_ms=11741.336 avg_us=1385.735 max_us=140454
   1 caller=0x7cb3f513286c calls=6903 total_ms=2.751 avg_us=0.399 max_us=21
   2 caller=0x7cb3f513277c calls=2556 total_ms=2.175 avg_us=0.851 max_us=20
   3 caller=0x7cb3f5131732 calls=512 total_ms=1.007 avg_us=1.967 max_us=9
   4 caller=0x7cb3f513299d calls=2556 total_ms=1.001 avg_us=0.392 max_us=20
direct_cudaStreamSynchronize: calls=9297 total_ms=43.593 max_us=2480
by_direct_callsite (file:line):
   0 /opt/llama.cpp/ggml/src/ggml-cuda/ggml-cuda.cu:839 calls=8944 total_ms=37.468 avg_us=4.189 max_us=354
   1 /opt/llama.cpp/ggml/src/ggml-cuda/ggml-cuda.cu:900 calls=12 total_ms=5.793 avg_us=482.750 max_us=2480
   2 /opt/llama.cpp/ggml/src/ggml-cuda/ggml-cuda.cu:2665 calls=191 total_ms=0.214 avg_us=1.120 max_us=5
   3 /opt/llama.cpp/ggml/src/ggml-cuda/ggml-cuda.cu:847 calls=150 total_ms=0.118 avg_us=0.787 max_us=2
=== END CUDA SYNC PROFILE ===

=== CUDA SYNC PROFILE (instrumentation only) ===
total_syncs = 21011
total_wait_ms = 11748.274
max_wait_us = 140454
sites = 5
wait_hist_us = logarithmic buckets
  hist[0] = 19201
  hist[1] = 930
  hist[2] = 87
  hist[3] = 17
  hist[4] = 10
  hist[5] = 2
  hist[9] = 148
  hist[10] = 293
  hist[11] = 68
  hist[14] = 93
  hist[15] = 137
  hist[16] = 24
  hist[17] = 1
by_callsite (caller PC; symbolize with addr2line):
   0 caller=0x7cb3f512e0c2 calls=8479 total_ms=11741.337 avg_us=1384.755 max_us=140454
   1 caller=0x7cb3f513286c calls=6904 total_ms=2.752 avg_us=0.399 max_us=21
   2 caller=0x7cb3f513277c calls=2558 total_ms=2.177 avg_us=0.851 max_us=20
   3 caller=0x7cb3f5131732 calls=512 total_ms=1.007 avg_us=1.967 max_us=9
   4 caller=0x7cb3f513299d calls=2558 total_ms=1.001 avg_us=0.391 max_us=20
direct_cudaStreamSynchronize: calls=9300 total_ms=43.605 max_us=2480
by_direct_callsite (file:line):
   0 /opt/llama.cpp/ggml/src/ggml-cuda/ggml-cuda.cu:839 calls=8947 total_ms=37.480 avg_us=4.189 max_us=354
   1 /opt/llama.cpp/ggml/src/ggml-cuda/ggml-cuda.cu:900 calls=12 total_ms=5.793 avg_us=482.750 max_us=2480
   2 /opt/llama.cpp/ggml/src/ggml-cuda/ggml-cuda.cu:2665 calls=191 total_ms=0.214 avg_us=1.120 max_us=5
   3 /opt/llama.cpp/ggml/src/ggml-cuda/ggml-cuda.cu:847 calls=150 total_ms=0.118 avg_us=0.787 max_us=2
=== END CUDA SYNC PROFILE ===
backend-sync-trace: count=21100 backend=CUDA0 caller=ggml_backend_sched_graph_compute_async_ext+0xddc

=== CUDA SYNC PROFILE (instrumentation only) ===
total_syncs = 21100
total_wait_ms = 11781.313
max_wait_us = 140454
sites = 5
wait_hist_us = logarithmic buckets
  hist[0] = 19282
  hist[1] = 934
  hist[2] = 87
  hist[3] = 17
  hist[4] = 10
  hist[5] = 2
  hist[9] = 149
  hist[10] = 295
  hist[11] = 68
  hist[14] = 94
  hist[15] = 137
  hist[16] = 24
  hist[17] = 1
by_callsite (caller PC; symbolize with addr2line):
   0 caller=0x7cb3f512e0c2 calls=8511 total_ms=11774.340 avg_us=1383.426 max_us=140454
   1 caller=0x7cb3f513286c calls=6934 total_ms=2.771 avg_us=0.400 max_us=21
   2 caller=0x7cb3f513277c calls=2571 total_ms=2.187 avg_us=0.851 max_us=20
   3 caller=0x7cb3f5131732 calls=514 total_ms=1.010 avg_us=1.965 max_us=9
   4 caller=0x7cb3f513299d calls=2570 total_ms=1.005 avg_us=0.391 max_us=20
direct_cudaStreamSynchronize: calls=9340 total_ms=43.783 max_us=2480
by_direct_callsite (file:line):
   0 /opt/llama.cpp/ggml/src/ggml-cuda/ggml-cuda.cu:839 calls=8987 total_ms=37.658 avg_us=4.190 max_us=354
   1 /opt/llama.cpp/ggml/src/ggml-cuda/ggml-cuda.cu:900 calls=12 total_ms=5.793 avg_us=482.750 max_us=2480
   2 /opt/llama.cpp/ggml/src/ggml-cuda/ggml-cuda.cu:2665 calls=191 total_ms=0.214 avg_us=1.120 max_us=5
   3 /opt/llama.cpp/ggml/src/ggml-cuda/ggml-cuda.cu:847 calls=150 total_ms=0.118 avg_us=0.787 max_us=2
=== END CUDA SYNC PROFILE ===
backend-sync-trace: count=21200 backend=CUDA0 caller=ggml_backend_sched_graph_compute_async_ext+0xecc

=== CUDA SYNC PROFILE (instrumentation only) ===
total_syncs = 21200
total_wait_ms = 11817.009
max_wait_us = 140454
sites = 5
wait_hist_us = logarithmic buckets
  hist[0] = 19377
  hist[1] = 936
  hist[2] = 87
  hist[3] = 17
  hist[4] = 10
  hist[5] = 2
  hist[9] = 151
  hist[10] = 295
  hist[11] = 68
  hist[14] = 94
  hist[15] = 138
  hist[16] = 24
  hist[17] = 1
by_callsite (caller PC; symbolize with addr2line):
   0 caller=0x7cb3f512e0c2 calls=8548 total_ms=11810.011 avg_us=1381.611 max_us=140454
   1 caller=0x7cb3f513286c calls=6972 total_ms=2.783 avg_us=0.399 max_us=21
   2 caller=0x7cb3f513277c calls=2582 total_ms=2.195 avg_us=0.850 max_us=20
   3 caller=0x7cb3f5131732 calls=516 total_ms=1.012 avg_us=1.961 max_us=9
   4 caller=0x7cb3f513299d calls=2582 total_ms=1.008 avg_us=0.390 max_us=20
direct_cudaStreamSynchronize: calls=9386 total_ms=43.983 max_us=2480
by_direct_callsite (file:line):
   0 /opt/llama.cpp/ggml/src/ggml-cuda/ggml-cuda.cu:839 calls=9033 total_ms=37.858 avg_us=4.191 max_us=354
   1 /opt/llama.cpp/ggml/src/ggml-cuda/ggml-cuda.cu:900 calls=12 total_ms=5.793 avg_us=482.750 max_us=2480
   2 /opt/llama.cpp/ggml/src/ggml-cuda/ggml-cuda.cu:2665 calls=191 total_ms=0.214 avg_us=1.120 max_us=5
   3 /opt/llama.cpp/ggml/src/ggml-cuda/ggml-cuda.cu:847 calls=150 total_ms=0.118 avg_us=0.787 max_us=2
=== END CUDA SYNC PROFILE ===

=== CUDA SYNC PROFILE (instrumentation only) ===
total_syncs = 21243
total_wait_ms = 11846.055
max_wait_us = 140454
sites = 5
wait_hist_us = logarithmic buckets
  hist[0] = 19415
  hist[1] = 940
  hist[2] = 87
  hist[3] = 17
  hist[4] = 10
  hist[5] = 2
  hist[9] = 151
  hist[10] = 295
  hist[11] = 68
  hist[14] = 95
  hist[15] = 138
  hist[16] = 24
  hist[17] = 1
by_callsite (caller PC; symbolize with addr2line):
   0 caller=0x7cb3f512e0c2 calls=8571 total_ms=11839.046 avg_us=1381.291 max_us=140454
   1 caller=0x7cb3f513286c calls=6982 total_ms=2.786 avg_us=0.399 max_us=21
   2 caller=0x7cb3f513277c calls=2586 total_ms=2.199 avg_us=0.850 max_us=20
   3 caller=0x7cb3f5131732 calls=518 total_ms=1.016 avg_us=1.961 max_us=9
   4 caller=0x7cb3f513299d calls=2586 total_ms=1.008 avg_us=0.390 max_us=20
direct_cudaStreamSynchronize: calls=9400 total_ms=44.035 max_us=2480
by_direct_callsite (file:line):
   0 /opt/llama.cpp/ggml/src/ggml-cuda/ggml-cuda.cu:839 calls=9047 total_ms=37.910 avg_us=4.190 max_us=354
   1 /opt/llama.cpp/ggml/src/ggml-cuda/ggml-cuda.cu:900 calls=12 total_ms=5.793 avg_us=482.750 max_us=2480
   2 /opt/llama.cpp/ggml/src/ggml-cuda/ggml-cuda.cu:2665 calls=191 total_ms=0.214 avg_us=1.120 max_us=5
   3 /opt/llama.cpp/ggml/src/ggml-cuda/ggml-cuda.cu:847 calls=150 total_ms=0.118 avg_us=0.787 max_us=2
=== END CUDA SYNC PROFILE ===
backend-sync-trace: count=21300 backend=CUDA0 caller=ggml_backend_sched_graph_compute_async_ext+0xecc

=== CUDA SYNC PROFILE (instrumentation only) ===
total_syncs = 21300
total_wait_ms = 11892.673
max_wait_us = 140454
sites = 5
wait_hist_us = logarithmic buckets
  hist[0] = 19467
  hist[1] = 942
  hist[2] = 87
  hist[3] = 17
  hist[4] = 10
  hist[5] = 2
  hist[9] = 151
  hist[10] = 297
  hist[11] = 68
  hist[14] = 95
  hist[15] = 139
  hist[16] = 24
  hist[17] = 1
by_callsite (caller PC; symbolize with addr2line):
   0 caller=0x7cb3f512e0c2 calls=8587 total_ms=11885.646 avg_us=1384.144 max_us=140454
   1 caller=0x7cb3f513286c calls=7006 total_ms=2.795 avg_us=0.399 max_us=21
   2 caller=0x7cb3f513277c calls=2594 total_ms=2.205 avg_us=0.850 max_us=20
   3 caller=0x7cb3f5131732 calls=519 total_ms=1.017 avg_us=1.960 max_us=9
   4 caller=0x7cb3f513299d calls=2594 total_ms=1.010 avg_us=0.389 max_us=20
direct_cudaStreamSynchronize: calls=9430 total_ms=44.157 max_us=2480
by_direct_callsite (file:line):
   0 /opt/llama.cpp/ggml/src/ggml-cuda/ggml-cuda.cu:839 calls=9077 total_ms=38.032 avg_us=4.190 max_us=354
   1 /opt/llama.cpp/ggml/src/ggml-cuda/ggml-cuda.cu:900 calls=12 total_ms=5.793 avg_us=482.750 max_us=2480
   2 /opt/llama.cpp/ggml/src/ggml-cuda/ggml-cuda.cu:2665 calls=191 total_ms=0.214 avg_us=1.120 max_us=5
   3 /opt/llama.cpp/ggml/src/ggml-cuda/ggml-cuda.cu:847 calls=150 total_ms=0.118 avg_us=0.787 max_us=2
=== END CUDA SYNC PROFILE ===
backend-sync-trace: count=21400 backend=CUDA0 caller=ggml_backend_sched_graph_compute_async_ext+0xddc

=== CUDA SYNC PROFILE (instrumentation only) ===
total_syncs = 21400
total_wait_ms = 11950.833
max_wait_us = 140454
sites = 5
wait_hist_us = logarithmic buckets
  hist[0] = 19560
  hist[1] = 946
  hist[2] = 87
  hist[3] = 17
  hist[4] = 10
  hist[5] = 2
  hist[9] = 151
  hist[10] = 299
  hist[11] = 68
  hist[14] = 95
  hist[15] = 140
  hist[16] = 24
  hist[17] = 1
by_callsite (caller PC; symbolize with addr2line):
   0 caller=0x7cb3f512e0c2 calls=8633 total_ms=11943.774 avg_us=1383.502 max_us=140454
   1 caller=0x7cb3f513286c calls=7034 total_ms=2.805 avg_us=0.399 max_us=21
   2 caller=0x7cb3f513277c calls=2606 total_ms=2.216 avg_us=0.850 max_us=20
   3 caller=0x7cb3f5131732 calls=522 total_ms=1.023 avg_us=1.960 max_us=9
   4 caller=0x7cb3f513299d calls=2605 total_ms=1.015 avg_us=0.390 max_us=20
direct_cudaStreamSynchronize: calls=9467 total_ms=44.304 max_us=2480
by_direct_callsite (file:line):
   0 /opt/llama.cpp/ggml/src/ggml-cuda/ggml-cuda.cu:839 calls=9114 total_ms=38.179 avg_us=4.189 max_us=354
   1 /opt/llama.cpp/ggml/src/ggml-cuda/ggml-cuda.cu:900 calls=12 total_ms=5.793 avg_us=482.750 max_us=2480
   2 /opt/llama.cpp/ggml/src/ggml-cuda/ggml-cuda.cu:2665 calls=191 total_ms=0.214 avg_us=1.120 max_us=5
   3 /opt/llama.cpp/ggml/src/ggml-cuda/ggml-cuda.cu:847 calls=150 total_ms=0.118 avg_us=0.787 max_us=2
=== END CUDA SYNC PROFILE ===

=== CUDA SYNC PROFILE (instrumentation only) ===
total_syncs = 21459
total_wait_ms = 12022.906
max_wait_us = 140454
sites = 5
wait_hist_us = logarithmic buckets
  hist[0] = 19615
  hist[1] = 947
  hist[2] = 87
  hist[3] = 17
  hist[4] = 10
  hist[5] = 2
  hist[9] = 151
  hist[10] = 300
  hist[11] = 69
  hist[14] = 95
  hist[15] = 140
  hist[16] = 25
  hist[17] = 1
by_callsite (caller PC; symbolize with addr2line):
   0 caller=0x7cb3f512e0c2 calls=8649 total_ms=12015.829 avg_us=1389.274 max_us=140454
   1 caller=0x7cb3f513286c calls=7059 total_ms=2.815 avg_us=0.399 max_us=21
   2 caller=0x7cb3f513277c calls=2614 total_ms=2.222 avg_us=0.850 max_us=20
   3 caller=0x7cb3f5131732 calls=523 total_ms=1.024 avg_us=1.958 max_us=9
   4 caller=0x7cb3f513299d calls=2614 total_ms=1.016 avg_us=0.389 max_us=20
direct_cudaStreamSynchronize: calls=9500 total_ms=44.436 max_us=2480
by_direct_callsite (file:line):
   0 /opt/llama.cpp/ggml/src/ggml-cuda/ggml-cuda.cu:839 calls=9147 total_ms=38.311 avg_us=4.188 max_us=354
   1 /opt/llama.cpp/ggml/src/ggml-cuda/ggml-cuda.cu:900 calls=12 total_ms=5.793 avg_us=482.750 max_us=2480
   2 /opt/llama.cpp/ggml/src/ggml-cuda/ggml-cuda.cu:2665 calls=191 total_ms=0.214 avg_us=1.120 max_us=5
   3 /opt/llama.cpp/ggml/src/ggml-cuda/ggml-cuda.cu:847 calls=150 total_ms=0.118 avg_us=0.787 max_us=2
=== END CUDA SYNC PROFILE ===
backend-sync-trace: count=21500 backend=CUDA0 caller=ggml_backend_sched_graph_compute_async_ext+0xffd

=== CUDA SYNC PROFILE (instrumentation only) ===
total_syncs = 21500
total_wait_ms = 12024.407
max_wait_us = 140454
sites = 5
wait_hist_us = logarithmic buckets
  hist[0] = 19654
  hist[1] = 948
  hist[2] = 87
  hist[3] = 17
  hist[4] = 10
  hist[5] = 2
  hist[9] = 151
  hist[10] = 301
  hist[11] = 69
  hist[14] = 95
  hist[15] = 140
  hist[16] = 25
  hist[17] = 1
by_callsite (caller PC; symbolize with addr2line):
   0 caller=0x7cb3f512e0c2 calls=8677 total_ms=12017.322 avg_us=1384.963 max_us=140454
   1 caller=0x7cb3f513286c calls=7065 total_ms=2.818 avg_us=0.399 max_us=21
   2 caller=0x7cb3f513277c calls=2617 total_ms=2.224 avg_us=0.850 max_us=20
   3 caller=0x7cb3f5131732 calls=524 total_ms=1.026 avg_us=1.958 max_us=9
   4 caller=0x7cb3f513299d calls=2617 total_ms=1.017 avg_us=0.389 max_us=20
direct_cudaStreamSynchronize: calls=9507 total_ms=44.457 max_us=2480
by_direct_callsite (file:line):
   0 /opt/llama.cpp/ggml/src/ggml-cuda/ggml-cuda.cu:839 calls=9154 total_ms=38.332 avg_us=4.187 max_us=354
   1 /opt/llama.cpp/ggml/src/ggml-cuda/ggml-cuda.cu:900 calls=12 total_ms=5.793 avg_us=482.750 max_us=2480
   2 /opt/llama.cpp/ggml/src/ggml-cuda/ggml-cuda.cu:2665 calls=191 total_ms=0.214 avg_us=1.120 max_us=5
   3 /opt/llama.cpp/ggml/src/ggml-cuda/ggml-cuda.cu:847 calls=150 total_ms=0.118 avg_us=0.787 max_us=2
=== END CUDA SYNC PROFILE ===
backend-sync-trace: count=21600 backend=CUDA0 caller=ggml_backend_sched_graph_compute_async_ext+0xddc

=== CUDA SYNC PROFILE (instrumentation only) ===
total_syncs = 21600
total_wait_ms = 12078.103
max_wait_us = 140454
sites = 5
wait_hist_us = logarithmic buckets
  hist[0] = 19747
  hist[1] = 951
  hist[2] = 87
  hist[3] = 17
  hist[4] = 10
  hist[5] = 2
  hist[9] = 151
  hist[10] = 302
  hist[11] = 71
  hist[14] = 95
  hist[15] = 141
  hist[16] = 25
  hist[17] = 1
by_callsite (caller PC; symbolize with addr2line):
   0 caller=0x7cb3f512e0c2 calls=8715 total_ms=12070.988 avg_us=1385.082 max_us=140454
   1 caller=0x7cb3f513286c calls=7096 total_ms=2.831 avg_us=0.399 max_us=21
   2 caller=0x7cb3f513277c calls=2632 total_ms=2.233 avg_us=0.848 max_us=20
   3 caller=0x7cb3f5131732 calls=526 total_ms=1.029 avg_us=1.956 max_us=9
   4 caller=0x7cb3f513299d calls=2631 total_ms=1.022 avg_us=0.388 max_us=20
direct_cudaStreamSynchronize: calls=9550 total_ms=44.639 max_us=2480
by_direct_callsite (file:line):
   0 /opt/llama.cpp/ggml/src/ggml-cuda/ggml-cuda.cu:839 calls=9197 total_ms=38.514 avg_us=4.188 max_us=354
   1 /opt/llama.cpp/ggml/src/ggml-cuda/ggml-cuda.cu:900 calls=12 total_ms=5.793 avg_us=482.750 max_us=2480
   2 /opt/llama.cpp/ggml/src/ggml-cuda/ggml-cuda.cu:2665 calls=191 total_ms=0.214 avg_us=1.120 max_us=5
   3 /opt/llama.cpp/ggml/src/ggml-cuda/ggml-cuda.cu:847 calls=150 total_ms=0.118 avg_us=0.787 max_us=2
=== END CUDA SYNC PROFILE ===
backend-sync-trace: count=21700 backend=CUDA0 caller=ggml_backend_sched_graph_compute_async_ext+0xecc

=== CUDA SYNC PROFILE (instrumentation only) ===
total_syncs = 21700
total_wait_ms = 12162.120
max_wait_us = 140454
sites = 5
wait_hist_us = logarithmic buckets
  hist[0] = 19838
  hist[1] = 956
  hist[2] = 88
  hist[3] = 17
  hist[4] = 10
  hist[5] = 2
  hist[9] = 151
  hist[10] = 304
  hist[11] = 71
  hist[14] = 95
  hist[15] = 141
  hist[16] = 26
  hist[17] = 1
by_callsite (caller PC; symbolize with addr2line):
   0 caller=0x7cb3f512e0c2 calls=8752 total_ms=12154.974 avg_us=1388.822 max_us=140454
   1 caller=0x7cb3f513286c calls=7136 total_ms=2.845 avg_us=0.399 max_us=21
   2 caller=0x7cb3f513277c calls=2642 total_ms=2.241 avg_us=0.848 max_us=20
   3 caller=0x7cb3f5131732 calls=528 total_ms=1.033 avg_us=1.956 max_us=9
   4 caller=0x7cb3f513299d calls=2642 total_ms=1.027 avg_us=0.389 max_us=20
direct_cudaStreamSynchronize: calls=9598 total_ms=44.872 max_us=2480
by_direct_callsite (file:line):
   0 /opt/llama.cpp/ggml/src/ggml-cuda/ggml-cuda.cu:839 calls=9245 total_ms=38.747 avg_us=4.191 max_us=354
   1 /opt/llama.cpp/ggml/src/ggml-cuda/ggml-cuda.cu:900 calls=12 total_ms=5.793 avg_us=482.750 max_us=2480
   2 /opt/llama.cpp/ggml/src/ggml-cuda/ggml-cuda.cu:2665 calls=191 total_ms=0.214 avg_us=1.120 max_us=5
   3 /opt/llama.cpp/ggml/src/ggml-cuda/ggml-cuda.cu:847 calls=150 total_ms=0.118 avg_us=0.787 max_us=2
=== END CUDA SYNC PROFILE ===

=== CUDA SYNC PROFILE (instrumentation only) ===
total_syncs = 21701
total_wait_ms = 12162.120
max_wait_us = 140454
sites = 5
wait_hist_us = logarithmic buckets
  hist[0] = 19839
  hist[1] = 956
  hist[2] = 88
  hist[3] = 17
  hist[4] = 10
  hist[5] = 2
  hist[9] = 151
  hist[10] = 304
  hist[11] = 71
  hist[14] = 95
  hist[15] = 141
  hist[16] = 26
  hist[17] = 1
by_callsite (caller PC; symbolize with addr2line):
   0 caller=0x7cb3f512e0c2 calls=8752 total_ms=12154.974 avg_us=1388.822 max_us=140454
   1 caller=0x7cb3f513286c calls=7137 total_ms=2.845 avg_us=0.399 max_us=21
   2 caller=0x7cb3f513277c calls=2642 total_ms=2.241 avg_us=0.848 max_us=20
   3 caller=0x7cb3f5131732 calls=528 total_ms=1.033 avg_us=1.956 max_us=9
   4 caller=0x7cb3f513299d calls=2642 total_ms=1.027 avg_us=0.389 max_us=20
direct_cudaStreamSynchronize: calls=9600 total_ms=44.877 max_us=2480
by_direct_callsite (file:line):
   0 /opt/llama.cpp/ggml/src/ggml-cuda/ggml-cuda.cu:839 calls=9247 total_ms=38.752 avg_us=4.191 max_us=354
   1 /opt/llama.cpp/ggml/src/ggml-cuda/ggml-cuda.cu:900 calls=12 total_ms=5.793 avg_us=482.750 max_us=2480
   2 /opt/llama.cpp/ggml/src/ggml-cuda/ggml-cuda.cu:2665 calls=191 total_ms=0.214 avg_us=1.120 max_us=5
   3 /opt/llama.cpp/ggml/src/ggml-cuda/ggml-cuda.cu:847 calls=150 total_ms=0.118 avg_us=0.787 max_us=2
=== END CUDA SYNC PROFILE ===
backend-sync-trace: count=21800 backend=CUDA0 caller=ggml_backend_sched_synchronize+0x52

=== CUDA SYNC PROFILE (instrumentation only) ===
total_syncs = 21800
total_wait_ms = 12274.580
max_wait_us = 140454
sites = 5
wait_hist_us = logarithmic buckets
  hist[0] = 19929
  hist[1] = 959
  hist[2] = 90
  hist[3] = 17
  hist[4] = 10
  hist[5] = 2
  hist[9] = 151
  hist[10] = 306
  hist[11] = 71
  hist[14] = 95
  hist[15] = 143
  hist[16] = 26
  hist[17] = 1
by_callsite (caller PC; symbolize with addr2line):
   0 caller=0x7cb3f512e0c2 calls=8792 total_ms=12267.401 avg_us=1395.291 max_us=140454
   1 caller=0x7cb3f513286c calls=7169 total_ms=2.860 avg_us=0.399 max_us=21
   2 caller=0x7cb3f513277c calls=2654 total_ms=2.250 avg_us=0.848 max_us=20
   3 caller=0x7cb3f5131732 calls=531 total_ms=1.039 avg_us=1.957 max_us=9
   4 caller=0x7cb3f513299d calls=2654 total_ms=1.030 avg_us=0.388 max_us=20
direct_cudaStreamSynchronize: calls=9641 total_ms=45.044 max_us=2480
by_direct_callsite (file:line):
   0 /opt/llama.cpp/ggml/src/ggml-cuda/ggml-cuda.cu:839 calls=9288 total_ms=38.919 avg_us=4.190 max_us=354
   1 /opt/llama.cpp/ggml/src/ggml-cuda/ggml-cuda.cu:900 calls=12 total_ms=5.793 avg_us=482.750 max_us=2480
   2 /opt/llama.cpp/ggml/src/ggml-cuda/ggml-cuda.cu:2665 calls=191 total_ms=0.214 avg_us=1.120 max_us=5
   3 /opt/llama.cpp/ggml/src/ggml-cuda/ggml-cuda.cu:847 calls=150 total_ms=0.118 avg_us=0.787 max_us=2
=== END CUDA SYNC PROFILE ===
backend-sync-trace: count=21900 backend=CUDA0 caller=ggml_backend_sched_synchronize+0x52

=== CUDA SYNC PROFILE (instrumentation only) ===
total_syncs = 21900
total_wait_ms = 12333.662
max_wait_us = 140454
sites = 5
wait_hist_us = logarithmic buckets
  hist[0] = 20024
  hist[1] = 961
  hist[2] = 90
  hist[3] = 17
  hist[4] = 10
  hist[5] = 2
  hist[9] = 151
  hist[10] = 307
  hist[11] = 72
  hist[14] = 95
  hist[15] = 144
  hist[16] = 26
  hist[17] = 1
by_callsite (caller PC; symbolize with addr2line):
   0 caller=0x7cb3f512e0c2 calls=8843 total_ms=12326.458 avg_us=1393.923 max_us=140454
   1 caller=0x7cb3f513286c calls=7196 total_ms=2.869 avg_us=0.399 max_us=21
   2 caller=0x7cb3f513277c calls=2664 total_ms=2.259 avg_us=0.848 max_us=20
   3 caller=0x7cb3f5131732 calls=533 total_ms=1.041 avg_us=1.953 max_us=9
   4 caller=0x7cb3f513299d calls=2664 total_ms=1.035 avg_us=0.389 max_us=20
direct_cudaStreamSynchronize: calls=9676 total_ms=45.184 max_us=2480
by_direct_callsite (file:line):
   0 /opt/llama.cpp/ggml/src/ggml-cuda/ggml-cuda.cu:839 calls=9323 total_ms=39.059 avg_us=4.190 max_us=354
   1 /opt/llama.cpp/ggml/src/ggml-cuda/ggml-cuda.cu:900 calls=12 total_ms=5.793 avg_us=482.750 max_us=2480
   2 /opt/llama.cpp/ggml/src/ggml-cuda/ggml-cuda.cu:2665 calls=191 total_ms=0.214 avg_us=1.120 max_us=5
   3 /opt/llama.cpp/ggml/src/ggml-cuda/ggml-cuda.cu:847 calls=150 total_ms=0.118 avg_us=0.787 max_us=2
=== END CUDA SYNC PROFILE ===

=== CUDA SYNC PROFILE (instrumentation only) ===
total_syncs = 21954
total_wait_ms = 12338.056
max_wait_us = 140454
sites = 5
wait_hist_us = logarithmic buckets
  hist[0] = 20074
  hist[1] = 963
  hist[2] = 90
  hist[3] = 17
  hist[4] = 10
  hist[5] = 2
  hist[9] = 151
  hist[10] = 308
  hist[11] = 73
  hist[14] = 95
  hist[15] = 144
  hist[16] = 26
  hist[17] = 1
by_callsite (caller PC; symbolize with addr2line):
   0 caller=0x7cb3f512e0c2 calls=8863 total_ms=12330.835 avg_us=1391.271 max_us=140454
   1 caller=0x7cb3f513286c calls=7213 total_ms=2.873 avg_us=0.398 max_us=21
   2 caller=0x7cb3f513277c calls=2672 total_ms=2.266 avg_us=0.848 max_us=20
   3 caller=0x7cb3f5131732 calls=534 total_ms=1.043 avg_us=1.953 max_us=9
   4 caller=0x7cb3f513299d calls=2672 total_ms=1.039 avg_us=0.389 max_us=20
direct_cudaStreamSynchronize: calls=9700 total_ms=45.281 max_us=2480
by_direct_callsite (file:line):
   0 /opt/llama.cpp/ggml/src/ggml-cuda/ggml-cuda.cu:839 calls=9347 total_ms=39.156 avg_us=4.189 max_us=354
   1 /opt/llama.cpp/ggml/src/ggml-cuda/ggml-cuda.cu:900 calls=12 total_ms=5.793 avg_us=482.750 max_us=2480
   2 /opt/llama.cpp/ggml/src/ggml-cuda/ggml-cuda.cu:2665 calls=191 total_ms=0.214 avg_us=1.120 max_us=5
   3 /opt/llama.cpp/ggml/src/ggml-cuda/ggml-cuda.cu:847 calls=150 total_ms=0.118 avg_us=0.787 max_us=2
=== END CUDA SYNC PROFILE ===
backend-sync-trace: count=22000 backend=CUDA0 caller=ggml_backend_sched_graph_compute_async_ext+0xecc

=== CUDA SYNC PROFILE (instrumentation only) ===
total_syncs = 22000
total_wait_ms = 12396.715
max_wait_us = 140454
sites = 5
wait_hist_us = logarithmic buckets
  hist[0] = 20116
  hist[1] = 965
  hist[2] = 90
  hist[3] = 17
  hist[4] = 11
  hist[5] = 2
  hist[9] = 151
  hist[10] = 308
  hist[11] = 73
  hist[14] = 95
  hist[15] = 145
  hist[16] = 26
  hist[17] = 1
by_callsite (caller PC; symbolize with addr2line):
   0 caller=0x7cb3f512e0c2 calls=8886 total_ms=12389.458 avg_us=1394.267 max_us=140454
   1 caller=0x7cb3f513286c calls=7226 total_ms=2.901 avg_us=0.401 max_us=23
   2 caller=0x7cb3f513277c calls=2676 total_ms=2.269 avg_us=0.848 max_us=20
   3 caller=0x7cb3f5131732 calls=536 total_ms=1.046 avg_us=1.951 max_us=9
   4 caller=0x7cb3f513299d calls=2676 total_ms=1.041 avg_us=0.389 max_us=20
direct_cudaStreamSynchronize: calls=9715 total_ms=45.348 max_us=2480
by_direct_callsite (file:line):
   0 /opt/llama.cpp/ggml/src/ggml-cuda/ggml-cuda.cu:839 calls=9362 total_ms=39.223 avg_us=4.190 max_us=354
   1 /opt/llama.cpp/ggml/src/ggml-cuda/ggml-cuda.cu:900 calls=12 total_ms=5.793 avg_us=482.750 max_us=2480
   2 /opt/llama.cpp/ggml/src/ggml-cuda/ggml-cuda.cu:2665 calls=191 total_ms=0.214 avg_us=1.120 max_us=5
   3 /opt/llama.cpp/ggml/src/ggml-cuda/ggml-cuda.cu:847 calls=150 total_ms=0.118 avg_us=0.787 max_us=2
=== END CUDA SYNC PROFILE ===
backend-sync-trace: count=22100 backend=CUDA0 caller=ggml_backend_sched_graph_compute_async_ext+0xddc

=== CUDA SYNC PROFILE (instrumentation only) ===
total_syncs = 22100
total_wait_ms = 12440.360
max_wait_us = 140454
sites = 5
wait_hist_us = logarithmic buckets
  hist[0] = 20205
  hist[1] = 971
  hist[2] = 90
  hist[3] = 17
  hist[4] = 11
  hist[5] = 2
  hist[9] = 152
  hist[10] = 310
  hist[11] = 74
  hist[14] = 95
  hist[15] = 146
  hist[16] = 26
  hist[17] = 1
by_callsite (caller PC; symbolize with addr2line):
   0 caller=0x7cb3f512e0c2 calls=8925 total_ms=12433.068 avg_us=1393.061 max_us=140454
   1 caller=0x7cb3f513286c calls=7258 total_ms=2.913 avg_us=0.401 max_us=23
   2 caller=0x7cb3f513277c calls=2690 total_ms=2.281 avg_us=0.848 max_us=20
   3 caller=0x7cb3f5131732 calls=538 total_ms=1.050 avg_us=1.952 max_us=9
   4 caller=0x7cb3f513299d calls=2689 total_ms=1.048 avg_us=0.390 max_us=20
direct_cudaStreamSynchronize: calls=9759 total_ms=45.518 max_us=2480
by_direct_callsite (file:line):
   0 /opt/llama.cpp/ggml/src/ggml-cuda/ggml-cuda.cu:839 calls=9406 total_ms=39.393 avg_us=4.188 max_us=354
   1 /opt/llama.cpp/ggml/src/ggml-cuda/ggml-cuda.cu:900 calls=12 total_ms=5.793 avg_us=482.750 max_us=2480
   2 /opt/llama.cpp/ggml/src/ggml-cuda/ggml-cuda.cu:2665 calls=191 total_ms=0.214 avg_us=1.120 max_us=5
   3 /opt/llama.cpp/ggml/src/ggml-cuda/ggml-cuda.cu:847 calls=150 total_ms=0.118 avg_us=0.787 max_us=2
=== END CUDA SYNC PROFILE ===

=== CUDA SYNC PROFILE (instrumentation only) ===
total_syncs = 22183
total_wait_ms = 12471.655
max_wait_us = 140454
sites = 5
wait_hist_us = logarithmic buckets
  hist[0] = 20281
  hist[1] = 975
  hist[2] = 90
  hist[3] = 17
  hist[4] = 11
  hist[5] = 2
  hist[9] = 153
  hist[10] = 311
  hist[11] = 74
  hist[14] = 96
  hist[15] = 146
  hist[16] = 26
  hist[17] = 1
by_callsite (caller PC; symbolize with addr2line):
   0 caller=0x7cb3f512e0c2 calls=8950 total_ms=12464.332 avg_us=1392.663 max_us=140454
   1 caller=0x7cb3f513286c calls=7289 total_ms=2.927 avg_us=0.402 max_us=23
   2 caller=0x7cb3f513277c calls=2702 total_ms=2.289 avg_us=0.847 max_us=20
   3 caller=0x7cb3f513299d calls=2702 total_ms=1.054 avg_us=0.390 max_us=20
   4 caller=0x7cb3f5131732 calls=540 total_ms=1.053 avg_us=1.950 max_us=9
direct_cudaStreamSynchronize: calls=9800 total_ms=45.702 max_us=2480
by_direct_callsite (file:line):
   0 /opt/llama.cpp/ggml/src/ggml-cuda/ggml-cuda.cu:839 calls=9447 total_ms=39.577 avg_us=4.189 max_us=354
   1 /opt/llama.cpp/ggml/src/ggml-cuda/ggml-cuda.cu:900 calls=12 total_ms=5.793 avg_us=482.750 max_us=2480
   2 /opt/llama.cpp/ggml/src/ggml-cuda/ggml-cuda.cu:2665 calls=191 total_ms=0.214 avg_us=1.120 max_us=5
   3 /opt/llama.cpp/ggml/src/ggml-cuda/ggml-cuda.cu:847 calls=150 total_ms=0.118 avg_us=0.787 max_us=2
=== END CUDA SYNC PROFILE ===
backend-sync-trace: count=22200 backend=CUDA0 caller=ggml_backend_sched_graph_compute_async_ext+0xddc

=== CUDA SYNC PROFILE (instrumentation only) ===
total_syncs = 22200
total_wait_ms = 12498.443
max_wait_us = 140454
sites = 5
wait_hist_us = logarithmic buckets
  hist[0] = 20295
  hist[1] = 977
  hist[2] = 90
  hist[3] = 17
  hist[4] = 11
  hist[5] = 2
  hist[9] = 153
  hist[10] = 311
  hist[11] = 74
  hist[14] = 97
  hist[15] = 146
  hist[16] = 26
  hist[17] = 1
by_callsite (caller PC; symbolize with addr2line):
   0 caller=0x7cb3f512e0c2 calls=8952 total_ms=12491.112 avg_us=1395.343 max_us=140454
   1 caller=0x7cb3f513286c calls=7300 total_ms=2.931 avg_us=0.402 max_us=23
   2 caller=0x7cb3f513277c calls=2704 total_ms=2.291 avg_us=0.847 max_us=20
   3 caller=0x7cb3f5131732 calls=541 total_ms=1.055 avg_us=1.950 max_us=9
   4 caller=0x7cb3f513299d calls=2703 total_ms=1.054 avg_us=0.390 max_us=20
direct_cudaStreamSynchronize: calls=9812 total_ms=45.742 max_us=2480
by_direct_callsite (file:line):
   0 /opt/llama.cpp/ggml/src/ggml-cuda/ggml-cuda.cu:839 calls=9459 total_ms=39.617 avg_us=4.188 max_us=354
   1 /opt/llama.cpp/ggml/src/ggml-cuda/ggml-cuda.cu:900 calls=12 total_ms=5.793 avg_us=482.750 max_us=2480
   2 /opt/llama.cpp/ggml/src/ggml-cuda/ggml-cuda.cu:2665 calls=191 total_ms=0.214 avg_us=1.120 max_us=5
   3 /opt/llama.cpp/ggml/src/ggml-cuda/ggml-cuda.cu:847 calls=150 total_ms=0.118 avg_us=0.787 max_us=2
=== END CUDA SYNC PROFILE ===
backend-sync-trace: count=22300 backend=CUDA0 caller=ggml_backend_sched_synchronize+0x52

=== CUDA SYNC PROFILE (instrumentation only) ===
total_syncs = 22300
total_wait_ms = 12528.218
max_wait_us = 140454
sites = 5
wait_hist_us = logarithmic buckets
  hist[0] = 20389
  hist[1] = 980
  hist[2] = 90
  hist[3] = 17
  hist[4] = 11
  hist[5] = 2
  hist[9] = 154
  hist[10] = 312
  hist[11] = 74
  hist[14] = 98
  hist[15] = 146
  hist[16] = 26
  hist[17] = 1
by_callsite (caller PC; symbolize with addr2line):
   0 caller=0x7cb3f512e0c2 calls=8998 total_ms=12520.860 avg_us=1391.516 max_us=140454
   1 caller=0x7cb3f513286c calls=7331 total_ms=2.943 avg_us=0.401 max_us=23
   2 caller=0x7cb3f513277c calls=2714 total_ms=2.299 avg_us=0.847 max_us=20
   3 caller=0x7cb3f5131732 calls=543 total_ms=1.058 avg_us=1.948 max_us=9
   4 caller=0x7cb3f513299d calls=2714 total_ms=1.058 avg_us=0.390 max_us=20
direct_cudaStreamSynchronize: calls=9851 total_ms=45.901 max_us=2480
by_direct_callsite (file:line):
   0 /opt/llama.cpp/ggml/src/ggml-cuda/ggml-cuda.cu:839 calls=9498 total_ms=39.776 avg_us=4.188 max_us=354
   1 /opt/llama.cpp/ggml/src/ggml-cuda/ggml-cuda.cu:900 calls=12 total_ms=5.793 avg_us=482.750 max_us=2480
   2 /opt/llama.cpp/ggml/src/ggml-cuda/ggml-cuda.cu:2665 calls=191 total_ms=0.214 avg_us=1.120 max_us=5
   3 /opt/llama.cpp/ggml/src/ggml-cuda/ggml-cuda.cu:847 calls=150 total_ms=0.118 avg_us=0.787 max_us=2
=== END CUDA SYNC PROFILE ===
backend-sync-trace: count=22400 backend=CUDA0 caller=ggml_backend_sched_synchronize+0x52

=== CUDA SYNC PROFILE (instrumentation only) ===
total_syncs = 22400
total_wait_ms = 12571.728
max_wait_us = 140454
sites = 5
wait_hist_us = logarithmic buckets
  hist[0] = 20481
  hist[1] = 983
  hist[2] = 90
  hist[3] = 17
  hist[4] = 11
  hist[5] = 2
  hist[9] = 154
  hist[10] = 316
  hist[11] = 74
  hist[14] = 98
  hist[15] = 147
  hist[16] = 26
  hist[17] = 1
by_callsite (caller PC; symbolize with addr2line):
   0 caller=0x7cb3f512e0c2 calls=9032 total_ms=12564.342 avg_us=1391.092 max_us=140454
   1 caller=0x7cb3f513286c calls=7366 total_ms=2.953 avg_us=0.401 max_us=23
   2 caller=0x7cb3f513277c calls=2728 total_ms=2.307 avg_us=0.846 max_us=20
   3 caller=0x7cb3f513299d calls=2728 total_ms=1.064 avg_us=0.390 max_us=20
   4 caller=0x7cb3f5131732 calls=546 total_ms=1.062 avg_us=1.945 max_us=9
direct_cudaStreamSynchronize: calls=9898 total_ms=46.080 max_us=2480
by_direct_callsite (file:line):
   0 /opt/llama.cpp/ggml/src/ggml-cuda/ggml-cuda.cu:839 calls=9545 total_ms=39.955 avg_us=4.186 max_us=354
   1 /opt/llama.cpp/ggml/src/ggml-cuda/ggml-cuda.cu:900 calls=12 total_ms=5.793 avg_us=482.750 max_us=2480
   2 /opt/llama.cpp/ggml/src/ggml-cuda/ggml-cuda.cu:2665 calls=191 total_ms=0.214 avg_us=1.120 max_us=5
   3 /opt/llama.cpp/ggml/src/ggml-cuda/ggml-cuda.cu:847 calls=150 total_ms=0.118 avg_us=0.787 max_us=2
=== END CUDA SYNC PROFILE ===

=== CUDA SYNC PROFILE (instrumentation only) ===
total_syncs = 22409
total_wait_ms = 12571.734
max_wait_us = 140454
sites = 5
wait_hist_us = logarithmic buckets
  hist[0] = 20489
  hist[1] = 984
  hist[2] = 90
  hist[3] = 17
  hist[4] = 11
  hist[5] = 2
  hist[9] = 154
  hist[10] = 316
  hist[11] = 74
  hist[14] = 98
  hist[15] = 147
  hist[16] = 26
  hist[17] = 1
by_callsite (caller PC; symbolize with addr2line):
   0 caller=0x7cb3f512e0c2 calls=9037 total_ms=12564.344 avg_us=1390.322 max_us=140454
   1 caller=0x7cb3f513286c calls=7366 total_ms=2.953 avg_us=0.401 max_us=23
   2 caller=0x7cb3f513277c calls=2730 total_ms=2.311 avg_us=0.847 max_us=20
   3 caller=0x7cb3f513299d calls=2730 total_ms=1.064 avg_us=0.390 max_us=20
   4 caller=0x7cb3f5131732 calls=546 total_ms=1.062 avg_us=1.945 max_us=9
direct_cudaStreamSynchronize: calls=9900 total_ms=46.089 max_us=2480
by_direct_callsite (file:line):
   0 /opt/llama.cpp/ggml/src/ggml-cuda/ggml-cuda.cu:839 calls=9547 total_ms=39.964 avg_us=4.186 max_us=354
   1 /opt/llama.cpp/ggml/src/ggml-cuda/ggml-cuda.cu:900 calls=12 total_ms=5.793 avg_us=482.750 max_us=2480
   2 /opt/llama.cpp/ggml/src/ggml-cuda/ggml-cuda.cu:2665 calls=191 total_ms=0.214 avg_us=1.120 max_us=5
   3 /opt/llama.cpp/ggml/src/ggml-cuda/ggml-cuda.cu:847 calls=150 total_ms=0.118 avg_us=0.787 max_us=2
=== END CUDA SYNC PROFILE ===
backend-sync-trace: count=22500 backend=CUDA0 caller=ggml_backend_sched_graph_compute_async_ext+0xecc

=== CUDA SYNC PROFILE (instrumentation only) ===
total_syncs = 22500
total_wait_ms = 12608.321
max_wait_us = 140454
sites = 5
wait_hist_us = logarithmic buckets
  hist[0] = 20575
  hist[1] = 986
  hist[2] = 90
  hist[3] = 17
  hist[4] = 11
  hist[5] = 2
  hist[9] = 155
  hist[10] = 317
  hist[11] = 74
  hist[14] = 98
  hist[15] = 148
  hist[16] = 26
  hist[17] = 1
by_callsite (caller PC; symbolize with addr2line):
   0 caller=0x7cb3f512e0c2 calls=9074 total_ms=12600.912 avg_us=1388.683 max_us=140454
   1 caller=0x7cb3f513286c calls=7394 total_ms=2.959 avg_us=0.400 max_us=23
   2 caller=0x7cb3f513277c calls=2742 total_ms=2.318 avg_us=0.845 max_us=20
   3 caller=0x7cb3f513299d calls=2742 total_ms=1.067 avg_us=0.389 max_us=20
   4 caller=0x7cb3f5131732 calls=548 total_ms=1.065 avg_us=1.943 max_us=9
direct_cudaStreamSynchronize: calls=9936 total_ms=46.270 max_us=2480
by_direct_callsite (file:line):
   0 /opt/llama.cpp/ggml/src/ggml-cuda/ggml-cuda.cu:839 calls=9583 total_ms=40.145 avg_us=4.189 max_us=354
   1 /opt/llama.cpp/ggml/src/ggml-cuda/ggml-cuda.cu:900 calls=12 total_ms=5.793 avg_us=482.750 max_us=2480
   2 /opt/llama.cpp/ggml/src/ggml-cuda/ggml-cuda.cu:2665 calls=191 total_ms=0.214 avg_us=1.120 max_us=5
   3 /opt/llama.cpp/ggml/src/ggml-cuda/ggml-cuda.cu:847 calls=150 total_ms=0.118 avg_us=0.787 max_us=2
=== END CUDA SYNC PROFILE ===
backend-sync-trace: count=22600 backend=CUDA0 caller=ggml_backend_sched_graph_compute_async_ext+0xecc

=== CUDA SYNC PROFILE (instrumentation only) ===
total_syncs = 22600
total_wait_ms = 12661.484
max_wait_us = 140454
sites = 5
wait_hist_us = logarithmic buckets
  hist[0] = 20670
  hist[1] = 988
  hist[2] = 90
  hist[3] = 17
  hist[4] = 11
  hist[5] = 2
  hist[9] = 156
  hist[10] = 318
  hist[11] = 74
  hist[14] = 98
  hist[15] = 149
  hist[16] = 26
  hist[17] = 1
by_callsite (caller PC; symbolize with addr2line):
   0 caller=0x7cb3f512e0c2 calls=9111 total_ms=12654.045 avg_us=1388.876 max_us=140454
   1 caller=0x7cb3f513286c calls=7435 total_ms=2.976 avg_us=0.400 max_us=23
   2 caller=0x7cb3f513277c calls=2752 total_ms=2.324 avg_us=0.844 max_us=20
   3 caller=0x7cb3f513299d calls=2752 total_ms=1.071 avg_us=0.389 max_us=20
   4 caller=0x7cb3f5131732 calls=550 total_ms=1.068 avg_us=1.942 max_us=9
direct_cudaStreamSynchronize: calls=9985 total_ms=46.468 max_us=2480
by_direct_callsite (file:line):
   0 /opt/llama.cpp/ggml/src/ggml-cuda/ggml-cuda.cu:839 calls=9632 total_ms=40.343 avg_us=4.188 max_us=354
   1 /opt/llama.cpp/ggml/src/ggml-cuda/ggml-cuda.cu:900 calls=12 total_ms=5.793 avg_us=482.750 max_us=2480
   2 /opt/llama.cpp/ggml/src/ggml-cuda/ggml-cuda.cu:2665 calls=191 total_ms=0.214 avg_us=1.120 max_us=5
   3 /opt/llama.cpp/ggml/src/ggml-cuda/ggml-cuda.cu:847 calls=150 total_ms=0.118 avg_us=0.787 max_us=2
=== END CUDA SYNC PROFILE ===

=== CUDA SYNC PROFILE (instrumentation only) ===
total_syncs = 22653
total_wait_ms = 12708.876
max_wait_us = 140454
sites = 5
wait_hist_us = logarithmic buckets
  hist[0] = 20721
  hist[1] = 988
  hist[2] = 90
  hist[3] = 17
  hist[4] = 11
  hist[5] = 2
  hist[9] = 156
  hist[10] = 319
  hist[11] = 74
  hist[14] = 98
  hist[15] = 150
  hist[16] = 26
  hist[17] = 1
by_callsite (caller PC; symbolize with addr2line):
   0 caller=0x7cb3f512e0c2 calls=9141 total_ms=12701.425 avg_us=1389.501 max_us=140454
   1 caller=0x7cb3f513286c calls=7444 total_ms=2.980 avg_us=0.400 max_us=23
   2 caller=0x7cb3f513277c calls=2758 total_ms=2.328 avg_us=0.844 max_us=20
   3 caller=0x7cb3f513299d calls=2758 total_ms=1.073 avg_us=0.389 max_us=20
   4 caller=0x7cb3f5131732 calls=552 total_ms=1.070 avg_us=1.938 max_us=9
direct_cudaStreamSynchronize: calls=10000 total_ms=46.527 max_us=2480
by_direct_callsite (file:line):
   0 /opt/llama.cpp/ggml/src/ggml-cuda/ggml-cuda.cu:839 calls=9647 total_ms=40.402 avg_us=4.188 max_us=354
   1 /opt/llama.cpp/ggml/src/ggml-cuda/ggml-cuda.cu:900 calls=12 total_ms=5.793 avg_us=482.750 max_us=2480
   2 /opt/llama.cpp/ggml/src/ggml-cuda/ggml-cuda.cu:2665 calls=191 total_ms=0.214 avg_us=1.120 max_us=5
   3 /opt/llama.cpp/ggml/src/ggml-cuda/ggml-cuda.cu:847 calls=150 total_ms=0.118 avg_us=0.787 max_us=2
=== END CUDA SYNC PROFILE ===
backend-sync-trace: count=22700 backend=CUDA0 caller=ggml_backend_sched_synchronize+0x52

=== CUDA SYNC PROFILE (instrumentation only) ===
total_syncs = 22700
total_wait_ms = 12750.854
max_wait_us = 140454
sites = 5
wait_hist_us = logarithmic buckets
  hist[0] = 20764
  hist[1] = 990
  hist[2] = 90
  hist[3] = 17
  hist[4] = 11
  hist[5] = 2
  hist[9] = 157
  hist[10] = 319
  hist[11] = 74
  hist[14] = 98
  hist[15] = 151
  hist[16] = 26
  hist[17] = 1
by_callsite (caller PC; symbolize with addr2line):
   0 caller=0x7cb3f512e0c2 calls=9153 total_ms=12743.389 avg_us=1392.264 max_us=140454
   1 caller=0x7cb3f513286c calls=7466 total_ms=2.987 avg_us=0.400 max_us=23
   2 caller=0x7cb3f513277c calls=2764 total_ms=2.332 avg_us=0.844 max_us=20
   3 caller=0x7cb3f513299d calls=2764 total_ms=1.074 avg_us=0.389 max_us=20
   4 caller=0x7cb3f5131732 calls=553 total_ms=1.072 avg_us=1.939 max_us=9
direct_cudaStreamSynchronize: calls=10026 total_ms=46.634 max_us=2480
by_direct_callsite (file:line):
   0 /opt/llama.cpp/ggml/src/ggml-cuda/ggml-cuda.cu:839 calls=9673 total_ms=40.509 avg_us=4.188 max_us=354
   1 /opt/llama.cpp/ggml/src/ggml-cuda/ggml-cuda.cu:900 calls=12 total_ms=5.793 avg_us=482.750 max_us=2480
   2 /opt/llama.cpp/ggml/src/ggml-cuda/ggml-cuda.cu:2665 calls=191 total_ms=0.214 avg_us=1.120 max_us=5
   3 /opt/llama.cpp/ggml/src/ggml-cuda/ggml-cuda.cu:847 calls=150 total_ms=0.118 avg_us=0.787 max_us=2
=== END CUDA SYNC PROFILE ===
backend-sync-trace: count=22800 backend=CUDA0 caller=ggml_backend_sched_graph_compute_async_ext+0xecc

=== CUDA SYNC PROFILE (instrumentation only) ===
total_syncs = 22800
total_wait_ms = 12786.864
max_wait_us = 140454
sites = 5
wait_hist_us = logarithmic buckets
  hist[0] = 20856
  hist[1] = 994
  hist[2] = 90
  hist[3] = 18
  hist[4] = 11
  hist[5] = 2
  hist[9] = 157
  hist[10] = 321
  hist[11] = 74
  hist[14] = 98
  hist[15] = 152
  hist[16] = 26
  hist[17] = 1
by_callsite (caller PC; symbolize with addr2line):
   0 caller=0x7cb3f512e0c2 calls=9196 total_ms=12779.367 avg_us=1389.666 max_us=140454
   1 caller=0x7cb3f513286c calls=7496 total_ms=3.000 avg_us=0.400 max_us=23
   2 caller=0x7cb3f513277c calls=2776 total_ms=2.339 avg_us=0.843 max_us=20
   3 caller=0x7cb3f513299d calls=2776 total_ms=1.081 avg_us=0.389 max_us=20
   4 caller=0x7cb3f5131732 calls=556 total_ms=1.077 avg_us=1.937 max_us=9
direct_cudaStreamSynchronize: calls=10065 total_ms=46.784 max_us=2480
by_direct_callsite (file:line):
   0 /opt/llama.cpp/ggml/src/ggml-cuda/ggml-cuda.cu:839 calls=9712 total_ms=40.659 avg_us=4.186 max_us=354
   1 /opt/llama.cpp/ggml/src/ggml-cuda/ggml-cuda.cu:900 calls=12 total_ms=5.793 avg_us=482.750 max_us=2480
   2 /opt/llama.cpp/ggml/src/ggml-cuda/ggml-cuda.cu:2665 calls=191 total_ms=0.214 avg_us=1.120 max_us=5
   3 /opt/llama.cpp/ggml/src/ggml-cuda/ggml-cuda.cu:847 calls=150 total_ms=0.118 avg_us=0.787 max_us=2
=== END CUDA SYNC PROFILE ===

=== CUDA SYNC PROFILE (instrumentation only) ===
total_syncs = 22885
total_wait_ms = 12825.570
max_wait_us = 140454
sites = 5
wait_hist_us = logarithmic buckets
  hist[0] = 20935
  hist[1] = 997
  hist[2] = 90
  hist[3] = 18
  hist[4] = 11
  hist[5] = 2
  hist[9] = 158
  hist[10] = 322
  hist[11] = 74
  hist[14] = 98
  hist[15] = 153
  hist[16] = 26
  hist[17] = 1
by_callsite (caller PC; symbolize with addr2line):
   0 caller=0x7cb3f512e0c2 calls=9233 total_ms=12818.043 avg_us=1388.286 max_us=140454
   1 caller=0x7cb3f513286c calls=7522 total_ms=3.012 avg_us=0.400 max_us=23
   2 caller=0x7cb3f513277c calls=2786 total_ms=2.348 avg_us=0.843 max_us=20
   3 caller=0x7cb3f513299d calls=2786 total_ms=1.087 avg_us=0.390 max_us=20
   4 caller=0x7cb3f5131732 calls=558 total_ms=1.080 avg_us=1.935 max_us=9
direct_cudaStreamSynchronize: calls=10100 total_ms=46.932 max_us=2480
by_direct_callsite (file:line):
   0 /opt/llama.cpp/ggml/src/ggml-cuda/ggml-cuda.cu:839 calls=9747 total_ms=40.807 avg_us=4.187 max_us=354
   1 /opt/llama.cpp/ggml/src/ggml-cuda/ggml-cuda.cu:900 calls=12 total_ms=5.793 avg_us=482.750 max_us=2480
   2 /opt/llama.cpp/ggml/src/ggml-cuda/ggml-cuda.cu:2665 calls=191 total_ms=0.214 avg_us=1.120 max_us=5
   3 /opt/llama.cpp/ggml/src/ggml-cuda/ggml-cuda.cu:847 calls=150 total_ms=0.118 avg_us=0.787 max_us=2
=== END CUDA SYNC PROFILE ===
backend-sync-trace: count=22900 backend=CUDA0 caller=ggml_backend_sched_graph_compute_async_ext+0xecc

=== CUDA SYNC PROFILE (instrumentation only) ===
total_syncs = 22900
total_wait_ms = 12827.341
max_wait_us = 140454
sites = 5
wait_hist_us = logarithmic buckets
  hist[0] = 20949
  hist[1] = 997
  hist[2] = 90
  hist[3] = 18
  hist[4] = 11
  hist[5] = 2
  hist[9] = 158
  hist[10] = 323
  hist[11] = 74
  hist[14] = 98
  hist[15] = 153
  hist[16] = 26
  hist[17] = 1
by_callsite (caller PC; symbolize with addr2line):
   0 caller=0x7cb3f512e0c2 calls=9240 total_ms=12819.810 avg_us=1387.425 max_us=140454
   1 caller=0x7cb3f513286c calls=7526 total_ms=3.014 avg_us=0.400 max_us=23
   2 caller=0x7cb3f513277c calls=2788 total_ms=2.349 avg_us=0.843 max_us=20
   3 caller=0x7cb3f513299d calls=2788 total_ms=1.088 avg_us=0.390 max_us=20
   4 caller=0x7cb3f5131732 calls=558 total_ms=1.080 avg_us=1.935 max_us=9
direct_cudaStreamSynchronize: calls=10105 total_ms=46.950 max_us=2480
by_direct_callsite (file:line):
   0 /opt/llama.cpp/ggml/src/ggml-cuda/ggml-cuda.cu:839 calls=9752 total_ms=40.825 avg_us=4.186 max_us=354
   1 /opt/llama.cpp/ggml/src/ggml-cuda/ggml-cuda.cu:900 calls=12 total_ms=5.793 avg_us=482.750 max_us=2480
   2 /opt/llama.cpp/ggml/src/ggml-cuda/ggml-cuda.cu:2665 calls=191 total_ms=0.214 avg_us=1.120 max_us=5
   3 /opt/llama.cpp/ggml/src/ggml-cuda/ggml-cuda.cu:847 calls=150 total_ms=0.118 avg_us=0.787 max_us=2
=== END CUDA SYNC PROFILE ===
backend-sync-trace: count=23000 backend=CUDA0 caller=ggml_backend_sched_graph_compute_async_ext+0xddc

=== CUDA SYNC PROFILE (instrumentation only) ===
total_syncs = 23000
total_wait_ms = 12866.050
max_wait_us = 140454
sites = 5
wait_hist_us = logarithmic buckets
  hist[0] = 21041
  hist[1] = 1001
  hist[2] = 90
  hist[3] = 18
  hist[4] = 11
  hist[5] = 2
  hist[9] = 159
  hist[10] = 325
  hist[11] = 74
  hist[14] = 98
  hist[15] = 154
  hist[16] = 26
  hist[17] = 1
by_callsite (caller PC; symbolize with addr2line):
   0 caller=0x7cb3f512e0c2 calls=9284 total_ms=12858.494 avg_us=1385.017 max_us=140454
   1 caller=0x7cb3f513286c calls=7555 total_ms=3.019 avg_us=0.400 max_us=23
   2 caller=0x7cb3f513277c calls=2801 total_ms=2.360 avg_us=0.843 max_us=20
   3 caller=0x7cb3f513299d calls=2800 total_ms=1.094 avg_us=0.391 max_us=20
   4 caller=0x7cb3f5131732 calls=560 total_ms=1.083 avg_us=1.934 max_us=9
direct_cudaStreamSynchronize: calls=10145 total_ms=47.112 max_us=2480
by_direct_callsite (file:line):
   0 /opt/llama.cpp/ggml/src/ggml-cuda/ggml-cuda.cu:839 calls=9792 total_ms=40.987 avg_us=4.186 max_us=354
   1 /opt/llama.cpp/ggml/src/ggml-cuda/ggml-cuda.cu:900 calls=12 total_ms=5.793 avg_us=482.750 max_us=2480
   2 /opt/llama.cpp/ggml/src/ggml-cuda/ggml-cuda.cu:2665 calls=191 total_ms=0.214 avg_us=1.120 max_us=5
   3 /opt/llama.cpp/ggml/src/ggml-cuda/ggml-cuda.cu:847 calls=150 total_ms=0.118 avg_us=0.787 max_us=2
=== END CUDA SYNC PROFILE ===
backend-sync-trace: count=23100 backend=CUDA0 caller=ggml_backend_sched_synchronize+0x52

=== CUDA SYNC PROFILE (instrumentation only) ===
total_syncs = 23100
total_wait_ms = 12976.414
max_wait_us = 140454
sites = 5
wait_hist_us = logarithmic buckets
  hist[0] = 21134
  hist[1] = 1004
  hist[2] = 90
  hist[3] = 18
  hist[4] = 11
  hist[5] = 2
  hist[9] = 159
  hist[10] = 326
  hist[11] = 75
  hist[14] = 99
  hist[15] = 154
  hist[16] = 27
  hist[17] = 1
by_callsite (caller PC; symbolize with addr2line):
   0 caller=0x7cb3f512e0c2 calls=9317 total_ms=12968.832 avg_us=1391.954 max_us=140454
   1 caller=0x7cb3f513286c calls=7597 total_ms=3.031 avg_us=0.399 max_us=23
   2 caller=0x7cb3f513277c calls=2812 total_ms=2.365 avg_us=0.841 max_us=20
   3 caller=0x7cb3f513299d calls=2812 total_ms=1.099 avg_us=0.391 max_us=20
   4 caller=0x7cb3f5131732 calls=562 total_ms=1.087 avg_us=1.934 max_us=9
direct_cudaStreamSynchronize: calls=10196 total_ms=47.316 max_us=2480
by_direct_callsite (file:line):
   0 /opt/llama.cpp/ggml/src/ggml-cuda/ggml-cuda.cu:839 calls=9843 total_ms=41.191 avg_us=4.185 max_us=354
   1 /opt/llama.cpp/ggml/src/ggml-cuda/ggml-cuda.cu:900 calls=12 total_ms=5.793 avg_us=482.750 max_us=2480
   2 /opt/llama.cpp/ggml/src/ggml-cuda/ggml-cuda.cu:2665 calls=191 total_ms=0.214 avg_us=1.120 max_us=5
   3 /opt/llama.cpp/ggml/src/ggml-cuda/ggml-cuda.cu:847 calls=150 total_ms=0.118 avg_us=0.787 max_us=2
=== END CUDA SYNC PROFILE ===

=== CUDA SYNC PROFILE (instrumentation only) ===
total_syncs = 23107
total_wait_ms = 12976.418
max_wait_us = 140454
sites = 5
wait_hist_us = logarithmic buckets
  hist[0] = 21140
  hist[1] = 1005
  hist[2] = 90
  hist[3] = 18
  hist[4] = 11
  hist[5] = 2
  hist[9] = 159
  hist[10] = 326
  hist[11] = 75
  hist[14] = 99
  hist[15] = 154
  hist[16] = 27
  hist[17] = 1
by_callsite (caller PC; symbolize with addr2line):
   0 caller=0x7cb3f512e0c2 calls=9317 total_ms=12968.832 avg_us=1391.954 max_us=140454
   1 caller=0x7cb3f513286c calls=7599 total_ms=3.031 avg_us=0.399 max_us=23
   2 caller=0x7cb3f513277c calls=2814 total_ms=2.367 avg_us=0.841 max_us=20
   3 caller=0x7cb3f513299d calls=2814 total_ms=1.099 avg_us=0.391 max_us=20
   4 caller=0x7cb3f5131732 calls=563 total_ms=1.089 avg_us=1.934 max_us=9
direct_cudaStreamSynchronize: calls=10200 total_ms=47.339 max_us=2480
by_direct_callsite (file:line):
   0 /opt/llama.cpp/ggml/src/ggml-cuda/ggml-cuda.cu:839 calls=9847 total_ms=41.214 avg_us=4.185 max_us=354
   1 /opt/llama.cpp/ggml/src/ggml-cuda/ggml-cuda.cu:900 calls=12 total_ms=5.793 avg_us=482.750 max_us=2480
   2 /opt/llama.cpp/ggml/src/ggml-cuda/ggml-cuda.cu:2665 calls=191 total_ms=0.214 avg_us=1.120 max_us=5
   3 /opt/llama.cpp/ggml/src/ggml-cuda/ggml-cuda.cu:847 calls=150 total_ms=0.118 avg_us=0.787 max_us=2
=== END CUDA SYNC PROFILE ===
backend-sync-trace: count=23200 backend=CUDA0 caller=ggml_backend_sched_synchronize+0x52

=== CUDA SYNC PROFILE (instrumentation only) ===
total_syncs = 23200
total_wait_ms = 13054.554
max_wait_us = 140454
sites = 5
wait_hist_us = logarithmic buckets
  hist[0] = 21226
  hist[1] = 1009
  hist[2] = 90
  hist[3] = 18
  hist[4] = 11
  hist[5] = 2
  hist[9] = 159
  hist[10] = 326
  hist[11] = 77
  hist[14] = 99
  hist[15] = 154
  hist[16] = 28
  hist[17] = 1
by_callsite (caller PC; symbolize with addr2line):
   0 caller=0x7cb3f512e0c2 calls=9359 total_ms=13046.944 avg_us=1394.053 max_us=140454
   1 caller=0x7cb3f513286c calls=7628 total_ms=3.036 avg_us=0.398 max_us=23
   2 caller=0x7cb3f513277c calls=2824 total_ms=2.376 avg_us=0.841 max_us=20
   3 caller=0x7cb3f513299d calls=2824 total_ms=1.106 avg_us=0.392 max_us=20
   4 caller=0x7cb3f5131732 calls=565 total_ms=1.092 avg_us=1.933 max_us=9
direct_cudaStreamSynchronize: calls=10236 total_ms=47.485 max_us=2480
by_direct_callsite (file:line):
   0 /opt/llama.cpp/ggml/src/ggml-cuda/ggml-cuda.cu:839 calls=9883 total_ms=41.360 avg_us=4.185 max_us=354
   1 /opt/llama.cpp/ggml/src/ggml-cuda/ggml-cuda.cu:900 calls=12 total_ms=5.793 avg_us=482.750 max_us=2480
   2 /opt/llama.cpp/ggml/src/ggml-cuda/ggml-cuda.cu:2665 calls=191 total_ms=0.214 avg_us=1.120 max_us=5
   3 /opt/llama.cpp/ggml/src/ggml-cuda/ggml-cuda.cu:847 calls=150 total_ms=0.118 avg_us=0.787 max_us=2
=== END CUDA SYNC PROFILE ===
backend-sync-trace: count=23300 backend=CUDA0 caller=ggml_backend_sched_synchronize+0x52

=== CUDA SYNC PROFILE (instrumentation only) ===
total_syncs = 23300
total_wait_ms = 13095.820
max_wait_us = 140454
sites = 5
wait_hist_us = logarithmic buckets
  hist[0] = 21318
  hist[1] = 1013
  hist[2] = 90
  hist[3] = 18
  hist[4] = 11
  hist[5] = 2
  hist[9] = 161
  hist[10] = 327
  hist[11] = 77
  hist[14] = 99
  hist[15] = 155
  hist[16] = 28
  hist[17] = 1
by_callsite (caller PC; symbolize with addr2line):
   0 caller=0x7cb3f512e0c2 calls=9401 total_ms=13088.181 avg_us=1392.212 max_us=140454
   1 caller=0x7cb3f513286c calls=7659 total_ms=3.046 avg_us=0.398 max_us=23
   2 caller=0x7cb3f513277c calls=2836 total_ms=2.386 avg_us=0.841 max_us=20
   3 caller=0x7cb3f513299d calls=2836 total_ms=1.110 avg_us=0.391 max_us=20
   4 caller=0x7cb3f5131732 calls=568 total_ms=1.097 avg_us=1.931 max_us=9
direct_cudaStreamSynchronize: calls=10277 total_ms=47.644 max_us=2480
by_direct_callsite (file:line):
   0 /opt/llama.cpp/ggml/src/ggml-cuda/ggml-cuda.cu:839 calls=9924 total_ms=41.519 avg_us=4.184 max_us=354
   1 /opt/llama.cpp/ggml/src/ggml-cuda/ggml-cuda.cu:900 calls=12 total_ms=5.793 avg_us=482.750 max_us=2480
   2 /opt/llama.cpp/ggml/src/ggml-cuda/ggml-cuda.cu:2665 calls=191 total_ms=0.214 avg_us=1.120 max_us=5
   3 /opt/llama.cpp/ggml/src/ggml-cuda/ggml-cuda.cu:847 calls=150 total_ms=0.118 avg_us=0.787 max_us=2
=== END CUDA SYNC PROFILE ===

=== CUDA SYNC PROFILE (instrumentation only) ===
total_syncs = 23343
total_wait_ms = 13097.654
max_wait_us = 140454
sites = 5
wait_hist_us = logarithmic buckets
  hist[0] = 21359
  hist[1] = 1014
  hist[2] = 90
  hist[3] = 18
  hist[4] = 11
  hist[5] = 2
  hist[9] = 161
  hist[10] = 328
  hist[11] = 77
  hist[14] = 99
  hist[15] = 155
  hist[16] = 28
  hist[17] = 1
by_callsite (caller PC; symbolize with addr2line):
   0 caller=0x7cb3f512e0c2 calls=9414 total_ms=13089.999 avg_us=1390.482 max_us=140454
   1 caller=0x7cb3f513286c calls=7677 total_ms=3.054 avg_us=0.398 max_us=23
   2 caller=0x7cb3f513277c calls=2842 total_ms=2.391 avg_us=0.841 max_us=20
   3 caller=0x7cb3f513299d calls=2842 total_ms=1.113 avg_us=0.392 max_us=20
   4 caller=0x7cb3f5131732 calls=568 total_ms=1.097 avg_us=1.931 max_us=9
direct_cudaStreamSynchronize: calls=10300 total_ms=47.735 max_us=2480
by_direct_callsite (file:line):
   0 /opt/llama.cpp/ggml/src/ggml-cuda/ggml-cuda.cu:839 calls=9947 total_ms=41.610 avg_us=4.183 max_us=354
   1 /opt/llama.cpp/ggml/src/ggml-cuda/ggml-cuda.cu:900 calls=12 total_ms=5.793 avg_us=482.750 max_us=2480
   2 /opt/llama.cpp/ggml/src/ggml-cuda/ggml-cuda.cu:2665 calls=191 total_ms=0.214 avg_us=1.120 max_us=5
   3 /opt/llama.cpp/ggml/src/ggml-cuda/ggml-cuda.cu:847 calls=150 total_ms=0.118 avg_us=0.787 max_us=2
=== END CUDA SYNC PROFILE ===
backend-sync-trace: count=23400 backend=CUDA0 caller=ggml_backend_sched_graph_compute_async_ext+0xddc

=== CUDA SYNC PROFILE (instrumentation only) ===
total_syncs = 23400
total_wait_ms = 13147.629
max_wait_us = 140454
sites = 5
wait_hist_us = logarithmic buckets
  hist[0] = 21411
  hist[1] = 1016
  hist[2] = 90
  hist[3] = 18
  hist[4] = 11
  hist[5] = 2
  hist[9] = 161
  hist[10] = 330
  hist[11] = 77
  hist[14] = 99
  hist[15] = 156
  hist[16] = 28
  hist[17] = 1
by_callsite (caller PC; symbolize with addr2line):
   0 caller=0x7cb3f512e0c2 calls=9439 total_ms=13139.961 avg_us=1392.092 max_us=140454
   1 caller=0x7cb3f513286c calls=7690 total_ms=3.058 avg_us=0.398 max_us=23
   2 caller=0x7cb3f513277c calls=2851 total_ms=2.396 avg_us=0.840 max_us=20
   3 caller=0x7cb3f513299d calls=2850 total_ms=1.114 avg_us=0.391 max_us=20
   4 caller=0x7cb3f5131732 calls=570 total_ms=1.100 avg_us=1.930 max_us=9
direct_cudaStreamSynchronize: calls=10320 total_ms=47.812 max_us=2480
by_direct_callsite (file:line):
   0 /opt/llama.cpp/ggml/src/ggml-cuda/ggml-cuda.cu:839 calls=9967 total_ms=41.687 avg_us=4.183 max_us=354
   1 /opt/llama.cpp/ggml/src/ggml-cuda/ggml-cuda.cu:900 calls=12 total_ms=5.793 avg_us=482.750 max_us=2480
   2 /opt/llama.cpp/ggml/src/ggml-cuda/ggml-cuda.cu:2665 calls=191 total_ms=0.214 avg_us=1.120 max_us=5
   3 /opt/llama.cpp/ggml/src/ggml-cuda/ggml-cuda.cu:847 calls=150 total_ms=0.118 avg_us=0.787 max_us=2
=== END CUDA SYNC PROFILE ===
backend-sync-trace: count=23500 backend=CUDA0 caller=ggml_backend_sched_graph_compute_async_ext+0xecc

=== CUDA SYNC PROFILE (instrumentation only) ===
total_syncs = 23500
total_wait_ms = 13214.362
max_wait_us = 140454
sites = 5
wait_hist_us = logarithmic buckets
  hist[0] = 21502
  hist[1] = 1021
  hist[2] = 90
  hist[3] = 18
  hist[4] = 11
  hist[5] = 2
  hist[9] = 161
  hist[10] = 332
  hist[11] = 77
  hist[14] = 101
  hist[15] = 156
  hist[16] = 28
  hist[17] = 1
by_callsite (caller PC; symbolize with addr2line):
   0 caller=0x7cb3f512e0c2 calls=9466 total_ms=13206.657 avg_us=1395.168 max_us=140454
   1 caller=0x7cb3f513286c calls=7733 total_ms=3.072 avg_us=0.397 max_us=23
   2 caller=0x7cb3f513277c calls=2864 total_ms=2.404 avg_us=0.839 max_us=20
   3 caller=0x7cb3f513299d calls=2864 total_ms=1.123 avg_us=0.392 max_us=20
   4 caller=0x7cb3f5131732 calls=573 total_ms=1.106 avg_us=1.930 max_us=9
direct_cudaStreamSynchronize: calls=10373 total_ms=48.038 max_us=2480
by_direct_callsite (file:line):
   0 /opt/llama.cpp/ggml/src/ggml-cuda/ggml-cuda.cu:839 calls=10020 total_ms=41.913 avg_us=4.183 max_us=354
   1 /opt/llama.cpp/ggml/src/ggml-cuda/ggml-cuda.cu:900 calls=12 total_ms=5.793 avg_us=482.750 max_us=2480
   2 /opt/llama.cpp/ggml/src/ggml-cuda/ggml-cuda.cu:2665 calls=191 total_ms=0.214 avg_us=1.120 max_us=5
   3 /opt/llama.cpp/ggml/src/ggml-cuda/ggml-cuda.cu:847 calls=150 total_ms=0.118 avg_us=0.787 max_us=2
=== END CUDA SYNC PROFILE ===

=== CUDA SYNC PROFILE (instrumentation only) ===
total_syncs = 23572
total_wait_ms = 13216.541
max_wait_us = 140454
sites = 5
wait_hist_us = logarithmic buckets
  hist[0] = 21570
  hist[1] = 1023
  hist[2] = 90
  hist[3] = 18
  hist[4] = 11
  hist[5] = 2
  hist[9] = 162
  hist[10] = 333
  hist[11] = 77
  hist[14] = 101
  hist[15] = 156
  hist[16] = 28
  hist[17] = 1
by_callsite (caller PC; symbolize with addr2line):
   0 caller=0x7cb3f512e0c2 calls=9501 total_ms=13208.817 avg_us=1390.255 max_us=140454
   1 caller=0x7cb3f513286c calls=7753 total_ms=3.080 avg_us=0.397 max_us=23
   2 caller=0x7cb3f513277c calls=2872 total_ms=2.410 avg_us=0.839 max_us=20
   3 caller=0x7cb3f513299d calls=2872 total_ms=1.126 avg_us=0.392 max_us=20
   4 caller=0x7cb3f5131732 calls=574 total_ms=1.108 avg_us=1.930 max_us=9
direct_cudaStreamSynchronize: calls=10400 total_ms=48.148 max_us=2480
by_direct_callsite (file:line):
   0 /opt/llama.cpp/ggml/src/ggml-cuda/ggml-cuda.cu:839 calls=10047 total_ms=42.023 avg_us=4.183 max_us=354
   1 /opt/llama.cpp/ggml/src/ggml-cuda/ggml-cuda.cu:900 calls=12 total_ms=5.793 avg_us=482.750 max_us=2480
   2 /opt/llama.cpp/ggml/src/ggml-cuda/ggml-cuda.cu:2665 calls=191 total_ms=0.214 avg_us=1.120 max_us=5
   3 /opt/llama.cpp/ggml/src/ggml-cuda/ggml-cuda.cu:847 calls=150 total_ms=0.118 avg_us=0.787 max_us=2
=== END CUDA SYNC PROFILE ===
backend-sync-trace: count=23600 backend=CUDA0 caller=ggml_backend_sched_synchronize+0x52

=== CUDA SYNC PROFILE (instrumentation only) ===
total_syncs = 23600
total_wait_ms = 13254.957
max_wait_us = 140454
sites = 5
wait_hist_us = logarithmic buckets
  hist[0] = 21595
  hist[1] = 1025
  hist[2] = 90
  hist[3] = 18
  hist[4] = 11
  hist[5] = 2
  hist[9] = 162
  hist[10] = 333
  hist[11] = 77
  hist[14] = 101
  hist[15] = 157
  hist[16] = 28
  hist[17] = 1
by_callsite (caller PC; symbolize with addr2line):
   0 caller=0x7cb3f512e0c2 calls=9514 total_ms=13247.225 avg_us=1392.393 max_us=140454
   1 caller=0x7cb3f513286c calls=7763 total_ms=3.084 avg_us=0.397 max_us=23
   2 caller=0x7cb3f513277c calls=2874 total_ms=2.411 avg_us=0.839 max_us=20
   3 caller=0x7cb3f513299d calls=2874 total_ms=1.127 avg_us=0.392 max_us=20
   4 caller=0x7cb3f5131732 calls=575 total_ms=1.110 avg_us=1.930 max_us=9
direct_cudaStreamSynchronize: calls=10411 total_ms=48.195 max_us=2480
by_direct_callsite (file:line):
   0 /opt/llama.cpp/ggml/src/ggml-cuda/ggml-cuda.cu:839 calls=10058 total_ms=42.070 avg_us=4.183 max_us=354
   1 /opt/llama.cpp/ggml/src/ggml-cuda/ggml-cuda.cu:900 calls=12 total_ms=5.793 avg_us=482.750 max_us=2480
   2 /opt/llama.cpp/ggml/src/ggml-cuda/ggml-cuda.cu:2665 calls=191 total_ms=0.214 avg_us=1.120 max_us=5
   3 /opt/llama.cpp/ggml/src/ggml-cuda/ggml-cuda.cu:847 calls=150 total_ms=0.118 avg_us=0.787 max_us=2
=== END CUDA SYNC PROFILE ===
backend-sync-trace: count=23700 backend=CUDA0 caller=ggml_backend_sched_synchronize+0x52

=== CUDA SYNC PROFILE (instrumentation only) ===
total_syncs = 23700
total_wait_ms = 13290.506
max_wait_us = 140454
sites = 5
wait_hist_us = logarithmic buckets
  hist[0] = 21688
  hist[1] = 1028
  hist[2] = 90
  hist[3] = 18
  hist[4] = 11
  hist[5] = 2
  hist[9] = 162
  hist[10] = 336
  hist[11] = 77
  hist[14] = 102
  hist[15] = 157
  hist[16] = 28
  hist[17] = 1
by_callsite (caller PC; symbolize with addr2line):
   0 caller=0x7cb3f512e0c2 calls=9556 total_ms=13282.747 avg_us=1389.990 max_us=140454
   1 caller=0x7cb3f513286c calls=7794 total_ms=3.094 avg_us=0.397 max_us=23
   2 caller=0x7cb3f513277c calls=2886 total_ms=2.422 avg_us=0.839 max_us=20
   3 caller=0x7cb3f513299d calls=2886 total_ms=1.128 avg_us=0.391 max_us=20
   4 caller=0x7cb3f5131732 calls=578 total_ms=1.115 avg_us=1.929 max_us=9
direct_cudaStreamSynchronize: calls=10452 total_ms=48.358 max_us=2480
by_direct_callsite (file:line):
   0 /opt/llama.cpp/ggml/src/ggml-cuda/ggml-cuda.cu:839 calls=10099 total_ms=42.233 avg_us=4.182 max_us=354
   1 /opt/llama.cpp/ggml/src/ggml-cuda/ggml-cuda.cu:900 calls=12 total_ms=5.793 avg_us=482.750 max_us=2480
   2 /opt/llama.cpp/ggml/src/ggml-cuda/ggml-cuda.cu:2665 calls=191 total_ms=0.214 avg_us=1.120 max_us=5
   3 /opt/llama.cpp/ggml/src/ggml-cuda/ggml-cuda.cu:847 calls=150 total_ms=0.118 avg_us=0.787 max_us=2
=== END CUDA SYNC PROFILE ===
backend-sync-trace: count=23800 backend=CUDA0 caller=ggml_backend_sched_synchronize+0x52

=== CUDA SYNC PROFILE (instrumentation only) ===
total_syncs = 23800
total_wait_ms = 13333.888
max_wait_us = 140454
sites = 5
wait_hist_us = logarithmic buckets
  hist[0] = 21781
  hist[1] = 1031
  hist[2] = 90
  hist[3] = 18
  hist[4] = 11
  hist[5] = 2
  hist[9] = 163
  hist[10] = 338
  hist[11] = 77
  hist[14] = 102
  hist[15] = 158
  hist[16] = 28
  hist[17] = 1
by_callsite (caller PC; symbolize with addr2line):
   0 caller=0x7cb3f512e0c2 calls=9599 total_ms=13326.100 avg_us=1388.280 max_us=140454
   1 caller=0x7cb3f513286c calls=7825 total_ms=3.105 avg_us=0.397 max_us=23
   2 caller=0x7cb3f513277c calls=2898 total_ms=2.432 avg_us=0.839 max_us=20
   3 caller=0x7cb3f513299d calls=2898 total_ms=1.133 avg_us=0.391 max_us=20
   4 caller=0x7cb3f5131732 calls=580 total_ms=1.118 avg_us=1.928 max_us=9
direct_cudaStreamSynchronize: calls=10493 total_ms=48.521 max_us=2480
by_direct_callsite (file:line):
   0 /opt/llama.cpp/ggml/src/ggml-cuda/ggml-cuda.cu:839 calls=10140 total_ms=42.396 avg_us=4.181 max_us=354
   1 /opt/llama.cpp/ggml/src/ggml-cuda/ggml-cuda.cu:900 calls=12 total_ms=5.793 avg_us=482.750 max_us=2480
   2 /opt/llama.cpp/ggml/src/ggml-cuda/ggml-cuda.cu:2665 calls=191 total_ms=0.214 avg_us=1.120 max_us=5
   3 /opt/llama.cpp/ggml/src/ggml-cuda/ggml-cuda.cu:847 calls=150 total_ms=0.118 avg_us=0.787 max_us=2
=== END CUDA SYNC PROFILE ===

=== CUDA SYNC PROFILE (instrumentation only) ===
total_syncs = 23813
total_wait_ms = 13333.892
max_wait_us = 140454
sites = 5
wait_hist_us = logarithmic buckets
  hist[0] = 21793
  hist[1] = 1032
  hist[2] = 90
  hist[3] = 18
  hist[4] = 11
  hist[5] = 2
  hist[9] = 163
  hist[10] = 338
  hist[11] = 77
  hist[14] = 102
  hist[15] = 158
  hist[16] = 28
  hist[17] = 1
by_callsite (caller PC; symbolize with addr2line):
   0 caller=0x7cb3f512e0c2 calls=9600 total_ms=13326.100 avg_us=1388.135 max_us=140454
   1 caller=0x7cb3f513286c calls=7829 total_ms=3.106 avg_us=0.397 max_us=23
   2 caller=0x7cb3f513277c calls=2902 total_ms=2.435 avg_us=0.839 max_us=20
   3 caller=0x7cb3f513299d calls=2902 total_ms=1.133 avg_us=0.390 max_us=20
   4 caller=0x7cb3f5131732 calls=580 total_ms=1.118 avg_us=1.928 max_us=9
direct_cudaStreamSynchronize: calls=10500 total_ms=48.566 max_us=2480
by_direct_callsite (file:line):
   0 /opt/llama.cpp/ggml/src/ggml-cuda/ggml-cuda.cu:839 calls=10147 total_ms=42.441 avg_us=4.183 max_us=354
   1 /opt/llama.cpp/ggml/src/ggml-cuda/ggml-cuda.cu:900 calls=12 total_ms=5.793 avg_us=482.750 max_us=2480
   2 /opt/llama.cpp/ggml/src/ggml-cuda/ggml-cuda.cu:2665 calls=191 total_ms=0.214 avg_us=1.120 max_us=5
   3 /opt/llama.cpp/ggml/src/ggml-cuda/ggml-cuda.cu:847 calls=150 total_ms=0.118 avg_us=0.787 max_us=2
=== END CUDA SYNC PROFILE ===
backend-sync-trace: count=23900 backend=CUDA0 caller=ggml_backend_sched_graph_compute_async_ext+0xecc

=== CUDA SYNC PROFILE (instrumentation only) ===
total_syncs = 23900
total_wait_ms = 13363.128
max_wait_us = 140454
sites = 5
wait_hist_us = logarithmic buckets
  hist[0] = 21874
  hist[1] = 1035
  hist[2] = 90
  hist[3] = 18
  hist[4] = 11
  hist[5] = 2
  hist[9] = 164
  hist[10] = 339
  hist[11] = 77
  hist[14] = 103
  hist[15] = 158
  hist[16] = 28
  hist[17] = 1
by_callsite (caller PC; symbolize with addr2line):
   0 caller=0x7cb3f512e0c2 calls=9637 total_ms=13355.313 avg_us=1385.837 max_us=140454
   1 caller=0x7cb3f513286c calls=7857 total_ms=3.116 avg_us=0.397 max_us=23
   2 caller=0x7cb3f513277c calls=2912 total_ms=2.442 avg_us=0.839 max_us=20
   3 caller=0x7cb3f513299d calls=2912 total_ms=1.135 avg_us=0.390 max_us=20
   4 caller=0x7cb3f5131732 calls=582 total_ms=1.122 avg_us=1.928 max_us=9
direct_cudaStreamSynchronize: calls=10535 total_ms=48.721 max_us=2480
by_direct_callsite (file:line):
   0 /opt/llama.cpp/ggml/src/ggml-cuda/ggml-cuda.cu:839 calls=10182 total_ms=42.596 avg_us=4.183 max_us=354
   1 /opt/llama.cpp/ggml/src/ggml-cuda/ggml-cuda.cu:900 calls=12 total_ms=5.793 avg_us=482.750 max_us=2480
   2 /opt/llama.cpp/ggml/src/ggml-cuda/ggml-cuda.cu:2665 calls=191 total_ms=0.214 avg_us=1.120 max_us=5
   3 /opt/llama.cpp/ggml/src/ggml-cuda/ggml-cuda.cu:847 calls=150 total_ms=0.118 avg_us=0.787 max_us=2
=== END CUDA SYNC PROFILE ===
backend-sync-trace: count=24000 backend=CUDA0 caller=ggml_backend_sched_graph_compute_async_ext+0xddc

=== CUDA SYNC PROFILE (instrumentation only) ===
total_syncs = 24000
total_wait_ms = 13446.612
max_wait_us = 140454
sites = 5
wait_hist_us = logarithmic buckets
  hist[0] = 21968
  hist[1] = 1037
  hist[2] = 90
  hist[3] = 18
  hist[4] = 11
  hist[5] = 2
  hist[9] = 164
  hist[10] = 341
  hist[11] = 77
  hist[14] = 103
  hist[15] = 160
  hist[16] = 28
  hist[17] = 1
by_callsite (caller PC; symbolize with addr2line):
   0 caller=0x7cb3f512e0c2 calls=9676 total_ms=13438.768 avg_us=1388.876 max_us=140454
   1 caller=0x7cb3f513286c calls=7894 total_ms=3.129 avg_us=0.396 max_us=23
   2 caller=0x7cb3f513277c calls=2923 total_ms=2.453 avg_us=0.839 max_us=20
   3 caller=0x7cb3f513299d calls=2922 total_ms=1.136 avg_us=0.389 max_us=20
   4 caller=0x7cb3f5131732 calls=585 total_ms=1.126 avg_us=1.925 max_us=9
direct_cudaStreamSynchronize: calls=10581 total_ms=48.893 max_us=2480
by_direct_callsite (file:line):
   0 /opt/llama.cpp/ggml/src/ggml-cuda/ggml-cuda.cu:839 calls=10228 total_ms=42.768 avg_us=4.181 max_us=354
   1 /opt/llama.cpp/ggml/src/ggml-cuda/ggml-cuda.cu:900 calls=12 total_ms=5.793 avg_us=482.750 max_us=2480
   2 /opt/llama.cpp/ggml/src/ggml-cuda/ggml-cuda.cu:2665 calls=191 total_ms=0.214 avg_us=1.120 max_us=5
   3 /opt/llama.cpp/ggml/src/ggml-cuda/ggml-cuda.cu:847 calls=150 total_ms=0.118 avg_us=0.787 max_us=2
=== END CUDA SYNC PROFILE ===

=== CUDA SYNC PROFILE (instrumentation only) ===
total_syncs = 24063
total_wait_ms = 13449.609
max_wait_us = 140454
sites = 5
wait_hist_us = logarithmic buckets
  hist[0] = 22027
  hist[1] = 1039
  hist[2] = 90
  hist[3] = 18
  hist[4] = 11
  hist[5] = 2
  hist[9] = 164
  hist[10] = 343
  hist[11] = 77
  hist[14] = 103
  hist[15] = 160
  hist[16] = 28
  hist[17] = 1
by_callsite (caller PC; symbolize with addr2line):
   0 caller=0x7cb3f512e0c2 calls=9711 total_ms=13441.750 avg_us=1384.178 max_us=140454
   1 caller=0x7cb3f513286c calls=7906 total_ms=3.133 avg_us=0.396 max_us=23
   2 caller=0x7cb3f513277c calls=2930 total_ms=2.457 avg_us=0.839 max_us=20
   3 caller=0x7cb3f513299d calls=2930 total_ms=1.141 avg_us=0.389 max_us=20
   4 caller=0x7cb3f5131732 calls=586 total_ms=1.128 avg_us=1.925 max_us=9
direct_cudaStreamSynchronize: calls=10600 total_ms=48.968 max_us=2480
by_direct_callsite (file:line):
   0 /opt/llama.cpp/ggml/src/ggml-cuda/ggml-cuda.cu:839 calls=10247 total_ms=42.843 avg_us=4.181 max_us=354
   1 /opt/llama.cpp/ggml/src/ggml-cuda/ggml-cuda.cu:900 calls=12 total_ms=5.793 avg_us=482.750 max_us=2480
   2 /opt/llama.cpp/ggml/src/ggml-cuda/ggml-cuda.cu:2665 calls=191 total_ms=0.214 avg_us=1.120 max_us=5
   3 /opt/llama.cpp/ggml/src/ggml-cuda/ggml-cuda.cu:847 calls=150 total_ms=0.118 avg_us=0.787 max_us=2
=== END CUDA SYNC PROFILE ===
backend-sync-trace: count=24100 backend=CUDA0 caller=ggml_backend_sched_synchronize+0x52

=== CUDA SYNC PROFILE (instrumentation only) ===
total_syncs = 24100
total_wait_ms = 13488.001
max_wait_us = 140454
sites = 5
wait_hist_us = logarithmic buckets
  hist[0] = 22062
  hist[1] = 1040
  hist[2] = 90
  hist[3] = 18
  hist[4] = 11
  hist[5] = 2
  hist[9] = 164
  hist[10] = 343
  hist[11] = 77
  hist[14] = 103
  hist[15] = 161
  hist[16] = 28
  hist[17] = 1
by_callsite (caller PC; symbolize with addr2line):
   0 caller=0x7cb3f512e0c2 calls=9720 total_ms=13480.133 avg_us=1386.845 max_us=140454
   1 caller=0x7cb3f513286c calls=7925 total_ms=3.136 avg_us=0.396 max_us=23
   2 caller=0x7cb3f513277c calls=2934 total_ms=2.459 avg_us=0.838 max_us=20
   3 caller=0x7cb3f513299d calls=2934 total_ms=1.143 avg_us=0.390 max_us=20
   4 caller=0x7cb3f5131732 calls=587 total_ms=1.130 avg_us=1.925 max_us=9
direct_cudaStreamSynchronize: calls=10621 total_ms=49.060 max_us=2480
by_direct_callsite (file:line):
   0 /opt/llama.cpp/ggml/src/ggml-cuda/ggml-cuda.cu:839 calls=10268 total_ms=42.935 avg_us=4.181 max_us=354
   1 /opt/llama.cpp/ggml/src/ggml-cuda/ggml-cuda.cu:900 calls=12 total_ms=5.793 avg_us=482.750 max_us=2480
   2 /opt/llama.cpp/ggml/src/ggml-cuda/ggml-cuda.cu:2665 calls=191 total_ms=0.214 avg_us=1.120 max_us=5
   3 /opt/llama.cpp/ggml/src/ggml-cuda/ggml-cuda.cu:847 calls=150 total_ms=0.118 avg_us=0.787 max_us=2
=== END CUDA SYNC PROFILE ===
backend-sync-trace: count=24200 backend=CUDA0 caller=ggml_backend_sched_graph_compute_async_ext+0xffd

=== CUDA SYNC PROFILE (instrumentation only) ===
total_syncs = 24200
total_wait_ms = 13557.236
max_wait_us = 140454
sites = 5
wait_hist_us = logarithmic buckets
  hist[0] = 22153
  hist[1] = 1045
  hist[2] = 90
  hist[3] = 18
  hist[4] = 11
  hist[5] = 2
  hist[9] = 165
  hist[10] = 344
  hist[11] = 78
  hist[14] = 103
  hist[15] = 162
  hist[16] = 28
  hist[17] = 1
by_callsite (caller PC; symbolize with addr2line):
   0 caller=0x7cb3f512e0c2 calls=9760 total_ms=13549.331 avg_us=1388.251 max_us=140454
   1 caller=0x7cb3f513286c calls=7956 total_ms=3.151 avg_us=0.396 max_us=23
   2 caller=0x7cb3f513277c calls=2947 total_ms=2.469 avg_us=0.838 max_us=20
   3 caller=0x7cb3f513299d calls=2947 total_ms=1.149 avg_us=0.390 max_us=20
   4 caller=0x7cb3f5131732 calls=590 total_ms=1.136 avg_us=1.925 max_us=9
direct_cudaStreamSynchronize: calls=10662 total_ms=49.219 max_us=2480
by_direct_callsite (file:line):
   0 /opt/llama.cpp/ggml/src/ggml-cuda/ggml-cuda.cu:839 calls=10309 total_ms=43.094 avg_us=4.180 max_us=354
   1 /opt/llama.cpp/ggml/src/ggml-cuda/ggml-cuda.cu:900 calls=12 total_ms=5.793 avg_us=482.750 max_us=2480
   2 /opt/llama.cpp/ggml/src/ggml-cuda/ggml-cuda.cu:2665 calls=191 total_ms=0.214 avg_us=1.120 max_us=5
   3 /opt/llama.cpp/ggml/src/ggml-cuda/ggml-cuda.cu:847 calls=150 total_ms=0.118 avg_us=0.787 max_us=2
=== END CUDA SYNC PROFILE ===

=== CUDA SYNC PROFILE (instrumentation only) ===
total_syncs = 24277
total_wait_ms = 13590.909
max_wait_us = 140454
sites = 5
wait_hist_us = logarithmic buckets
  hist[0] = 22224
  hist[1] = 1048
  hist[2] = 90
  hist[3] = 18
  hist[4] = 11
  hist[5] = 2
  hist[9] = 166
  hist[10] = 345
  hist[11] = 78
  hist[14] = 104
  hist[15] = 162
  hist[16] = 28
  hist[17] = 1
by_callsite (caller PC; symbolize with addr2line):
   0 caller=0x7cb3f512e0c2 calls=9785 total_ms=13582.984 avg_us=1388.143 max_us=140454
   1 caller=0x7cb3f513286c calls=7984 total_ms=3.160 avg_us=0.396 max_us=23
   2 caller=0x7cb3f513277c calls=2958 total_ms=2.477 avg_us=0.837 max_us=20
   3 caller=0x7cb3f513299d calls=2958 total_ms=1.149 avg_us=0.388 max_us=20
   4 caller=0x7cb3f5131732 calls=592 total_ms=1.139 avg_us=1.924 max_us=9
direct_cudaStreamSynchronize: calls=10700 total_ms=49.371 max_us=2480
by_direct_callsite (file:line):
   0 /opt/llama.cpp/ggml/src/ggml-cuda/ggml-cuda.cu:839 calls=10347 total_ms=43.246 avg_us=4.180 max_us=354
   1 /opt/llama.cpp/ggml/src/ggml-cuda/ggml-cuda.cu:900 calls=12 total_ms=5.793 avg_us=482.750 max_us=2480
   2 /opt/llama.cpp/ggml/src/ggml-cuda/ggml-cuda.cu:2665 calls=191 total_ms=0.214 avg_us=1.120 max_us=5
   3 /opt/llama.cpp/ggml/src/ggml-cuda/ggml-cuda.cu:847 calls=150 total_ms=0.118 avg_us=0.787 max_us=2
=== END CUDA SYNC PROFILE ===
backend-sync-trace: count=24300 backend=CUDA0 caller=ggml_backend_sched_graph_compute_async_ext+0xecc

=== CUDA SYNC PROFILE (instrumentation only) ===
total_syncs = 24300
total_wait_ms = 13592.969
max_wait_us = 140454
sites = 5
wait_hist_us = logarithmic buckets
  hist[0] = 22245
  hist[1] = 1049
  hist[2] = 90
  hist[3] = 18
  hist[4] = 11
  hist[5] = 2
  hist[9] = 166
  hist[10] = 345
  hist[11] = 79
  hist[14] = 104
  hist[15] = 162
  hist[16] = 28
  hist[17] = 1
by_callsite (caller PC; symbolize with addr2line):
   0 caller=0x7cb3f512e0c2 calls=9792 total_ms=13585.037 avg_us=1387.361 max_us=140454
   1 caller=0x7cb3f513286c calls=7992 total_ms=3.164 avg_us=0.396 max_us=23
   2 caller=0x7cb3f513277c calls=2962 total_ms=2.480 avg_us=0.837 max_us=20
   3 caller=0x7cb3f513299d calls=2962 total_ms=1.149 avg_us=0.388 max_us=20
   4 caller=0x7cb3f5131732 calls=592 total_ms=1.139 avg_us=1.924 max_us=9
direct_cudaStreamSynchronize: calls=10710 total_ms=49.425 max_us=2480
by_direct_callsite (file:line):
   0 /opt/llama.cpp/ggml/src/ggml-cuda/ggml-cuda.cu:839 calls=10357 total_ms=43.300 avg_us=4.181 max_us=354
   1 /opt/llama.cpp/ggml/src/ggml-cuda/ggml-cuda.cu:900 calls=12 total_ms=5.793 avg_us=482.750 max_us=2480
   2 /opt/llama.cpp/ggml/src/ggml-cuda/ggml-cuda.cu:2665 calls=191 total_ms=0.214 avg_us=1.120 max_us=5
   3 /opt/llama.cpp/ggml/src/ggml-cuda/ggml-cuda.cu:847 calls=150 total_ms=0.118 avg_us=0.787 max_us=2
=== END CUDA SYNC PROFILE ===
backend-sync-trace: count=24400 backend=CUDA0 caller=ggml_backend_sched_graph_compute_async_ext+0xddc

=== CUDA SYNC PROFILE (instrumentation only) ===
total_syncs = 24400
total_wait_ms = 13707.570
max_wait_us = 140454
sites = 5
wait_hist_us = logarithmic buckets
  hist[0] = 22336
  hist[1] = 1054
  hist[2] = 90
  hist[3] = 18
  hist[4] = 11
  hist[5] = 2
  hist[9] = 166
  hist[10] = 347
  hist[11] = 79
  hist[14] = 104
  hist[15] = 164
  hist[16] = 28
  hist[17] = 1
by_callsite (caller PC; symbolize with addr2line):
   0 caller=0x7cb3f512e0c2 calls=9831 total_ms=13699.608 avg_us=1393.511 max_us=140454
   1 caller=0x7cb3f513286c calls=8029 total_ms=3.176 avg_us=0.396 max_us=23
   2 caller=0x7cb3f513277c calls=2973 total_ms=2.489 avg_us=0.837 max_us=20
   3 caller=0x7cb3f513299d calls=2972 total_ms=1.153 avg_us=0.388 max_us=20
   4 caller=0x7cb3f5131732 calls=595 total_ms=1.144 avg_us=1.923 max_us=9
direct_cudaStreamSynchronize: calls=10756 total_ms=49.612 max_us=2480
by_direct_callsite (file:line):
   0 /opt/llama.cpp/ggml/src/ggml-cuda/ggml-cuda.cu:839 calls=10403 total_ms=43.487 avg_us=4.180 max_us=354
   1 /opt/llama.cpp/ggml/src/ggml-cuda/ggml-cuda.cu:900 calls=12 total_ms=5.793 avg_us=482.750 max_us=2480
   2 /opt/llama.cpp/ggml/src/ggml-cuda/ggml-cuda.cu:2665 calls=191 total_ms=0.214 avg_us=1.120 max_us=5
   3 /opt/llama.cpp/ggml/src/ggml-cuda/ggml-cuda.cu:847 calls=150 total_ms=0.118 avg_us=0.787 max_us=2
=== END CUDA SYNC PROFILE ===
backend-sync-trace: count=24500 backend=CUDA0 caller=ggml_backend_sched_synchronize+0x52

=== CUDA SYNC PROFILE (instrumentation only) ===
total_syncs = 24500
total_wait_ms = 13759.036
max_wait_us = 140454
sites = 5
wait_hist_us = logarithmic buckets
  hist[0] = 22429
  hist[1] = 1058
  hist[2] = 90
  hist[3] = 18
  hist[4] = 11
  hist[5] = 2
  hist[9] = 166
  hist[10] = 348
  hist[11] = 80
  hist[14] = 104
  hist[15] = 165
  hist[16] = 28
  hist[17] = 1
by_callsite (caller PC; symbolize with addr2line):
   0 caller=0x7cb3f512e0c2 calls=9875 total_ms=13751.046 avg_us=1392.511 max_us=140454
   1 caller=0x7cb3f513286c calls=8060 total_ms=3.190 avg_us=0.396 max_us=23
   2 caller=0x7cb3f513277c calls=2984 total_ms=2.496 avg_us=0.836 max_us=20
   3 caller=0x7cb3f513299d calls=2984 total_ms=1.156 avg_us=0.387 max_us=20
   4 caller=0x7cb3f5131732 calls=597 total_ms=1.148 avg_us=1.923 max_us=9
direct_cudaStreamSynchronize: calls=10796 total_ms=49.779 max_us=2480
by_direct_callsite (file:line):
   0 /opt/llama.cpp/ggml/src/ggml-cuda/ggml-cuda.cu:839 calls=10443 total_ms=43.654 avg_us=4.180 max_us=354
   1 /opt/llama.cpp/ggml/src/ggml-cuda/ggml-cuda.cu:900 calls=12 total_ms=5.793 avg_us=482.750 max_us=2480
   2 /opt/llama.cpp/ggml/src/ggml-cuda/ggml-cuda.cu:2665 calls=191 total_ms=0.214 avg_us=1.120 max_us=5
   3 /opt/llama.cpp/ggml/src/ggml-cuda/ggml-cuda.cu:847 calls=150 total_ms=0.118 avg_us=0.787 max_us=2
=== END CUDA SYNC PROFILE ===

=== CUDA SYNC PROFILE (instrumentation only) ===
total_syncs = 24521
total_wait_ms = 13759.046
max_wait_us = 140454
sites = 5
wait_hist_us = logarithmic buckets
  hist[0] = 22449
  hist[1] = 1059
  hist[2] = 90
  hist[3] = 18
  hist[4] = 11
  hist[5] = 2
  hist[9] = 166
  hist[10] = 348
  hist[11] = 80
  hist[14] = 104
  hist[15] = 165
  hist[16] = 28
  hist[17] = 1
by_callsite (caller PC; symbolize with addr2line):
   0 caller=0x7cb3f512e0c2 calls=9889 total_ms=13751.052 avg_us=1390.540 max_us=140454
   1 caller=0x7cb3f513286c calls=8062 total_ms=3.191 avg_us=0.396 max_us=23
   2 caller=0x7cb3f513277c calls=2986 total_ms=2.497 avg_us=0.836 max_us=20
   3 caller=0x7cb3f513299d calls=2986 total_ms=1.156 avg_us=0.387 max_us=20
   4 caller=0x7cb3f5131732 calls=598 total_ms=1.150 avg_us=1.923 max_us=9
direct_cudaStreamSynchronize: calls=10800 total_ms=49.794 max_us=2480
by_direct_callsite (file:line):
   0 /opt/llama.cpp/ggml/src/ggml-cuda/ggml-cuda.cu:839 calls=10447 total_ms=43.669 avg_us=4.180 max_us=354
   1 /opt/llama.cpp/ggml/src/ggml-cuda/ggml-cuda.cu:900 calls=12 total_ms=5.793 avg_us=482.750 max_us=2480
   2 /opt/llama.cpp/ggml/src/ggml-cuda/ggml-cuda.cu:2665 calls=191 total_ms=0.214 avg_us=1.120 max_us=5
   3 /opt/llama.cpp/ggml/src/ggml-cuda/ggml-cuda.cu:847 calls=150 total_ms=0.118 avg_us=0.787 max_us=2
=== END CUDA SYNC PROFILE ===
backend-sync-trace: count=24600 backend=CUDA0 caller=ggml_backend_sched_synchronize+0x52

=== CUDA SYNC PROFILE (instrumentation only) ===
total_syncs = 24600
total_wait_ms = 13821.852
max_wait_us = 140454
sites = 5
wait_hist_us = logarithmic buckets
  hist[0] = 22521
  hist[1] = 1062
  hist[2] = 90
  hist[3] = 18
  hist[4] = 11
  hist[5] = 2
  hist[9] = 166
  hist[10] = 350
  hist[11] = 81
  hist[14] = 104
  hist[15] = 166
  hist[16] = 28
  hist[17] = 1
by_callsite (caller PC; symbolize with addr2line):
   0 caller=0x7cb3f512e0c2 calls=9917 total_ms=13813.834 avg_us=1392.945 max_us=140454
   1 caller=0x7cb3f513286c calls=8091 total_ms=3.200 avg_us=0.396 max_us=23
   2 caller=0x7cb3f513277c calls=2996 total_ms=2.506 avg_us=0.836 max_us=20
   3 caller=0x7cb3f513299d calls=2996 total_ms=1.159 avg_us=0.387 max_us=20
   4 caller=0x7cb3f5131732 calls=600 total_ms=1.153 avg_us=1.922 max_us=9
direct_cudaStreamSynchronize: calls=10837 total_ms=49.939 max_us=2480
by_direct_callsite (file:line):
   0 /opt/llama.cpp/ggml/src/ggml-cuda/ggml-cuda.cu:839 calls=10484 total_ms=43.814 avg_us=4.179 max_us=354
   1 /opt/llama.cpp/ggml/src/ggml-cuda/ggml-cuda.cu:900 calls=12 total_ms=5.793 avg_us=482.750 max_us=2480
   2 /opt/llama.cpp/ggml/src/ggml-cuda/ggml-cuda.cu:2665 calls=191 total_ms=0.214 avg_us=1.120 max_us=5
   3 /opt/llama.cpp/ggml/src/ggml-cuda/ggml-cuda.cu:847 calls=150 total_ms=0.118 avg_us=0.787 max_us=2
=== END CUDA SYNC PROFILE ===
backend-sync-trace: count=24700 backend=CUDA0 caller=ggml_backend_sched_graph_compute_async_ext+0xddc

=== CUDA SYNC PROFILE (instrumentation only) ===
total_syncs = 24700
total_wait_ms = 13866.120
max_wait_us = 140454
sites = 5
wait_hist_us = logarithmic buckets
  hist[0] = 22611
  hist[1] = 1068
  hist[2] = 90
  hist[3] = 18
  hist[4] = 11
  hist[5] = 2
  hist[9] = 166
  hist[10] = 352
  hist[11] = 82
  hist[14] = 104
  hist[15] = 167
  hist[16] = 28
  hist[17] = 1
by_callsite (caller PC; symbolize with addr2line):
   0 caller=0x7cb3f512e0c2 calls=9953 total_ms=13858.070 avg_us=1392.351 max_us=140454
   1 caller=0x7cb3f513286c calls=8122 total_ms=3.210 avg_us=0.395 max_us=23
   2 caller=0x7cb3f513277c calls=3012 total_ms=2.518 avg_us=0.836 max_us=20
   3 caller=0x7cb3f513299d calls=3011 total_ms=1.165 avg_us=0.387 max_us=20
   4 caller=0x7cb3f5131732 calls=602 total_ms=1.157 avg_us=1.922 max_us=9
direct_cudaStreamSynchronize: calls=10880 total_ms=50.108 max_us=2480
by_direct_callsite (file:line):
   0 /opt/llama.cpp/ggml/src/ggml-cuda/ggml-cuda.cu:839 calls=10527 total_ms=43.983 avg_us=4.178 max_us=354
   1 /opt/llama.cpp/ggml/src/ggml-cuda/ggml-cuda.cu:900 calls=12 total_ms=5.793 avg_us=482.750 max_us=2480
   2 /opt/llama.cpp/ggml/src/ggml-cuda/ggml-cuda.cu:2665 calls=191 total_ms=0.214 avg_us=1.120 max_us=5
   3 /opt/llama.cpp/ggml/src/ggml-cuda/ggml-cuda.cu:847 calls=150 total_ms=0.118 avg_us=0.787 max_us=2
=== END CUDA SYNC PROFILE ===

=== CUDA SYNC PROFILE (instrumentation only) ===
total_syncs = 24725
total_wait_ms = 13910.462
max_wait_us = 140454
sites = 5
wait_hist_us = logarithmic buckets
  hist[0] = 22633
  hist[1] = 1070
  hist[2] = 90
  hist[3] = 18
  hist[4] = 11
  hist[5] = 2
  hist[9] = 166
  hist[10] = 352
  hist[11] = 82
  hist[14] = 104
  hist[15] = 168
  hist[16] = 28
  hist[17] = 1
by_callsite (caller PC; symbolize with addr2line):
   0 caller=0x7cb3f512e0c2 calls=9955 total_ms=13902.400 avg_us=1396.524 max_us=140454
   1 caller=0x7cb3f513286c calls=8139 total_ms=3.216 avg_us=0.395 max_us=23
   2 caller=0x7cb3f513277c calls=3014 total_ms=2.520 avg_us=0.836 max_us=20
   3 caller=0x7cb3f513299d calls=3014 total_ms=1.167 avg_us=0.387 max_us=20
   4 caller=0x7cb3f5131732 calls=603 total_ms=1.159 avg_us=1.922 max_us=9
direct_cudaStreamSynchronize: calls=10900 total_ms=50.200 max_us=2480
by_direct_callsite (file:line):
   0 /opt/llama.cpp/ggml/src/ggml-cuda/ggml-cuda.cu:839 calls=10547 total_ms=44.075 avg_us=4.179 max_us=354
   1 /opt/llama.cpp/ggml/src/ggml-cuda/ggml-cuda.cu:900 calls=12 total_ms=5.793 avg_us=482.750 max_us=2480
   2 /opt/llama.cpp/ggml/src/ggml-cuda/ggml-cuda.cu:2665 calls=191 total_ms=0.214 avg_us=1.120 max_us=5
   3 /opt/llama.cpp/ggml/src/ggml-cuda/ggml-cuda.cu:847 calls=150 total_ms=0.118 avg_us=0.787 max_us=2
=== END CUDA SYNC PROFILE ===
backend-sync-trace: count=24800 backend=CUDA0 caller=ggml_backend_sched_graph_compute_async_ext+0xddc

=== CUDA SYNC PROFILE (instrumentation only) ===
total_syncs = 24800
total_wait_ms = 13960.365
max_wait_us = 140454
sites = 5
wait_hist_us = logarithmic buckets
  hist[0] = 22702
  hist[1] = 1073
  hist[2] = 90
  hist[3] = 18
  hist[4] = 11
  hist[5] = 2
  hist[9] = 166
  hist[10] = 354
  hist[11] = 82
  hist[14] = 104
  hist[15] = 169
  hist[16] = 28
  hist[17] = 1
by_callsite (caller PC; symbolize with addr2line):
   0 caller=0x7cb3f512e0c2 calls=9986 total_ms=13952.278 avg_us=1397.184 max_us=140454
   1 caller=0x7cb3f513286c calls=8164 total_ms=3.227 avg_us=0.395 max_us=23
   2 caller=0x7cb3f513277c calls=3023 total_ms=2.528 avg_us=0.836 max_us=20
   3 caller=0x7cb3f513299d calls=3022 total_ms=1.170 avg_us=0.387 max_us=20
   4 caller=0x7cb3f5131732 calls=605 total_ms=1.162 avg_us=1.921 max_us=9
direct_cudaStreamSynchronize: calls=10931 total_ms=50.320 max_us=2480
by_direct_callsite (file:line):
   0 /opt/llama.cpp/ggml/src/ggml-cuda/ggml-cuda.cu:839 calls=10578 total_ms=44.195 avg_us=4.178 max_us=354
   1 /opt/llama.cpp/ggml/src/ggml-cuda/ggml-cuda.cu:900 calls=12 total_ms=5.793 avg_us=482.750 max_us=2480
   2 /opt/llama.cpp/ggml/src/ggml-cuda/ggml-cuda.cu:2665 calls=191 total_ms=0.214 avg_us=1.120 max_us=5
   3 /opt/llama.cpp/ggml/src/ggml-cuda/ggml-cuda.cu:847 calls=150 total_ms=0.118 avg_us=0.787 max_us=2
=== END CUDA SYNC PROFILE ===
backend-sync-trace: count=24900 backend=CUDA0 caller=ggml_backend_sched_synchronize+0x52

=== CUDA SYNC PROFILE (instrumentation only) ===
total_syncs = 24900
total_wait_ms = 13995.211
max_wait_us = 140454
sites = 5
wait_hist_us = logarithmic buckets
  hist[0] = 22796
  hist[1] = 1076
  hist[2] = 90
  hist[3] = 18
  hist[4] = 11
  hist[5] = 2
  hist[9] = 167
  hist[10] = 355
  hist[11] = 82
  hist[14] = 105
  hist[15] = 169
  hist[16] = 28
  hist[17] = 1
by_callsite (caller PC; symbolize with addr2line):
   0 caller=0x7cb3f512e0c2 calls=10030 total_ms=13987.098 avg_us=1394.526 max_us=140454
   1 caller=0x7cb3f513286c calls=8195 total_ms=3.235 avg_us=0.395 max_us=23
   2 caller=0x7cb3f513277c calls=3034 total_ms=2.536 avg_us=0.836 max_us=20
   3 caller=0x7cb3f513299d calls=3034 total_ms=1.176 avg_us=0.388 max_us=20
   4 caller=0x7cb3f5131732 calls=607 total_ms=1.166 avg_us=1.921 max_us=9
direct_cudaStreamSynchronize: calls=10971 total_ms=50.488 max_us=2480
by_direct_callsite (file:line):
   0 /opt/llama.cpp/ggml/src/ggml-cuda/ggml-cuda.cu:839 calls=10618 total_ms=44.363 avg_us=4.178 max_us=354
   1 /opt/llama.cpp/ggml/src/ggml-cuda/ggml-cuda.cu:900 calls=12 total_ms=5.793 avg_us=482.750 max_us=2480
   2 /opt/llama.cpp/ggml/src/ggml-cuda/ggml-cuda.cu:2665 calls=191 total_ms=0.214 avg_us=1.120 max_us=5
   3 /opt/llama.cpp/ggml/src/ggml-cuda/ggml-cuda.cu:847 calls=150 total_ms=0.118 avg_us=0.787 max_us=2
=== END CUDA SYNC PROFILE ===

=== CUDA SYNC PROFILE (instrumentation only) ===
total_syncs = 24955
total_wait_ms = 13997.378
max_wait_us = 140454
sites = 5
wait_hist_us = logarithmic buckets
  hist[0] = 22848
  hist[1] = 1077
  hist[2] = 90
  hist[3] = 18
  hist[4] = 11
  hist[5] = 2
  hist[9] = 168
  hist[10] = 356
  hist[11] = 82
  hist[14] = 105
  hist[15] = 169
  hist[16] = 28
  hist[17] = 1
by_callsite (caller PC; symbolize with addr2line):
   0 caller=0x7cb3f512e0c2 calls=10046 total_ms=13989.250 avg_us=1392.519 max_us=140454
   1 caller=0x7cb3f513286c calls=8217 total_ms=3.241 avg_us=0.394 max_us=23
   2 caller=0x7cb3f513277c calls=3042 total_ms=2.542 avg_us=0.836 max_us=20
   3 caller=0x7cb3f513299d calls=3042 total_ms=1.178 avg_us=0.387 max_us=20
   4 caller=0x7cb3f5131732 calls=608 total_ms=1.167 avg_us=1.919 max_us=9
direct_cudaStreamSynchronize: calls=11000 total_ms=50.603 max_us=2480
by_direct_callsite (file:line):
   0 /opt/llama.cpp/ggml/src/ggml-cuda/ggml-cuda.cu:839 calls=10647 total_ms=44.478 avg_us=4.178 max_us=354
   1 /opt/llama.cpp/ggml/src/ggml-cuda/ggml-cuda.cu:900 calls=12 total_ms=5.793 avg_us=482.750 max_us=2480
   2 /opt/llama.cpp/ggml/src/ggml-cuda/ggml-cuda.cu:2665 calls=191 total_ms=0.214 avg_us=1.120 max_us=5
   3 /opt/llama.cpp/ggml/src/ggml-cuda/ggml-cuda.cu:847 calls=150 total_ms=0.118 avg_us=0.787 max_us=2
=== END CUDA SYNC PROFILE ===
backend-sync-trace: count=25000 backend=CUDA0 caller=ggml_backend_sched_synchronize+0x52

=== CUDA SYNC PROFILE (instrumentation only) ===
total_syncs = 25000
total_wait_ms = 14032.763
max_wait_us = 140454
sites = 5
wait_hist_us = logarithmic buckets
  hist[0] = 22890
  hist[1] = 1078
  hist[2] = 90
  hist[3] = 18
  hist[4] = 11
  hist[5] = 2
  hist[9] = 168
  hist[10] = 357
  hist[11] = 82
  hist[14] = 105
  hist[15] = 170
  hist[16] = 28
  hist[17] = 1
by_callsite (caller PC; symbolize with addr2line):
   0 caller=0x7cb3f512e0c2 calls=10072 total_ms=14024.621 avg_us=1392.437 max_us=140454
   1 caller=0x7cb3f513286c calls=8226 total_ms=3.247 avg_us=0.395 max_us=23
   2 caller=0x7cb3f513277c calls=3046 total_ms=2.545 avg_us=0.836 max_us=20
   3 caller=0x7cb3f513299d calls=3046 total_ms=1.180 avg_us=0.387 max_us=20
   4 caller=0x7cb3f5131732 calls=610 total_ms=1.170 avg_us=1.918 max_us=9
direct_cudaStreamSynchronize: calls=11012 total_ms=50.651 max_us=2480
by_direct_callsite (file:line):
   0 /opt/llama.cpp/ggml/src/ggml-cuda/ggml-cuda.cu:839 calls=10659 total_ms=44.526 avg_us=4.177 max_us=354
   1 /opt/llama.cpp/ggml/src/ggml-cuda/ggml-cuda.cu:900 calls=12 total_ms=5.793 avg_us=482.750 max_us=2480
   2 /opt/llama.cpp/ggml/src/ggml-cuda/ggml-cuda.cu:2665 calls=191 total_ms=0.214 avg_us=1.120 max_us=5
   3 /opt/llama.cpp/ggml/src/ggml-cuda/ggml-cuda.cu:847 calls=150 total_ms=0.118 avg_us=0.787 max_us=2
=== END CUDA SYNC PROFILE ===
backend-sync-trace: count=25100 backend=CUDA0 caller=ggml_backend_sched_graph_compute_async_ext+0xddc

=== CUDA SYNC PROFILE (instrumentation only) ===
total_syncs = 25100
total_wait_ms = 14079.068
max_wait_us = 140454
sites = 5
wait_hist_us = logarithmic buckets
  hist[0] = 22981
  hist[1] = 1083
  hist[2] = 90
  hist[3] = 18
  hist[4] = 11
  hist[5] = 2
  hist[9] = 168
  hist[10] = 360
  hist[11] = 82
  hist[14] = 105
  hist[15] = 171
  hist[16] = 28
  hist[17] = 1
by_callsite (caller PC; symbolize with addr2line):
   0 caller=0x7cb3f512e0c2 calls=10108 total_ms=14070.895 avg_us=1392.055 max_us=140454
   1 caller=0x7cb3f513286c calls=8257 total_ms=3.258 avg_us=0.395 max_us=23
   2 caller=0x7cb3f513277c calls=3062 total_ms=2.559 avg_us=0.836 max_us=20
   3 caller=0x7cb3f513299d calls=3061 total_ms=1.182 avg_us=0.386 max_us=20
   4 caller=0x7cb3f5131732 calls=612 total_ms=1.174 avg_us=1.918 max_us=9
direct_cudaStreamSynchronize: calls=11055 total_ms=50.816 max_us=2480
by_direct_callsite (file:line):
   0 /opt/llama.cpp/ggml/src/ggml-cuda/ggml-cuda.cu:839 calls=10702 total_ms=44.691 avg_us=4.176 max_us=354
   1 /opt/llama.cpp/ggml/src/ggml-cuda/ggml-cuda.cu:900 calls=12 total_ms=5.793 avg_us=482.750 max_us=2480
   2 /opt/llama.cpp/ggml/src/ggml-cuda/ggml-cuda.cu:2665 calls=191 total_ms=0.214 avg_us=1.120 max_us=5
   3 /opt/llama.cpp/ggml/src/ggml-cuda/ggml-cuda.cu:847 calls=150 total_ms=0.118 avg_us=0.787 max_us=2
=== END CUDA SYNC PROFILE ===

=== CUDA SYNC PROFILE (instrumentation only) ===
total_syncs = 25190
total_wait_ms = 14135.720
max_wait_us = 140454
sites = 5
wait_hist_us = logarithmic buckets
  hist[0] = 23065
  hist[1] = 1086
  hist[2] = 90
  hist[3] = 18
  hist[4] = 11
  hist[5] = 2
  hist[9] = 169
  hist[10] = 361
  hist[11] = 82
  hist[14] = 105
  hist[15] = 172
  hist[16] = 28
  hist[17] = 1
by_callsite (caller PC; symbolize with addr2line):
   0 caller=0x7cb3f512e0c2 calls=10139 total_ms=14127.514 avg_us=1393.383 max_us=140454
   1 caller=0x7cb3f513286c calls=8293 total_ms=3.276 avg_us=0.395 max_us=23
   2 caller=0x7cb3f513277c calls=3072 total_ms=2.567 avg_us=0.836 max_us=20
   3 caller=0x7cb3f513299d calls=3072 total_ms=1.186 avg_us=0.386 max_us=20
   4 caller=0x7cb3f5131732 calls=614 total_ms=1.177 avg_us=1.917 max_us=9
direct_cudaStreamSynchronize: calls=11100 total_ms=51.014 max_us=2480
by_direct_callsite (file:line):
   0 /opt/llama.cpp/ggml/src/ggml-cuda/ggml-cuda.cu:839 calls=10747 total_ms=44.889 avg_us=4.177 max_us=354
   1 /opt/llama.cpp/ggml/src/ggml-cuda/ggml-cuda.cu:900 calls=12 total_ms=5.793 avg_us=482.750 max_us=2480
   2 /opt/llama.cpp/ggml/src/ggml-cuda/ggml-cuda.cu:2665 calls=191 total_ms=0.214 avg_us=1.120 max_us=5
   3 /opt/llama.cpp/ggml/src/ggml-cuda/ggml-cuda.cu:847 calls=150 total_ms=0.118 avg_us=0.787 max_us=2
=== END CUDA SYNC PROFILE ===
backend-sync-trace: count=25200 backend=CUDA0 caller=ggml_backend_sched_graph_compute_async_ext+0xddc

=== CUDA SYNC PROFILE (instrumentation only) ===
total_syncs = 25200
total_wait_ms = 14178.347
max_wait_us = 140454
sites = 5
wait_hist_us = logarithmic buckets
  hist[0] = 23072
  hist[1] = 1088
  hist[2] = 90
  hist[3] = 18
  hist[4] = 11
  hist[5] = 2
  hist[9] = 169
  hist[10] = 361
  hist[11] = 82
  hist[14] = 105
  hist[15] = 173
  hist[16] = 28
  hist[17] = 1
by_callsite (caller PC; symbolize with addr2line):
   0 caller=0x7cb3f512e0c2 calls=10141 total_ms=14170.136 avg_us=1397.312 max_us=140454
   1 caller=0x7cb3f513286c calls=8299 total_ms=3.278 avg_us=0.395 max_us=23
   2 caller=0x7cb3f513277c calls=3073 total_ms=2.568 avg_us=0.836 max_us=20
   3 caller=0x7cb3f513299d calls=3072 total_ms=1.186 avg_us=0.386 max_us=20
   4 caller=0x7cb3f5131732 calls=615 total_ms=1.179 avg_us=1.917 max_us=9
direct_cudaStreamSynchronize: calls=11106 total_ms=51.030 max_us=2480
by_direct_callsite (file:line):
   0 /opt/llama.cpp/ggml/src/ggml-cuda/ggml-cuda.cu:839 calls=10753 total_ms=44.905 avg_us=4.176 max_us=354
   1 /opt/llama.cpp/ggml/src/ggml-cuda/ggml-cuda.cu:900 calls=12 total_ms=5.793 avg_us=482.750 max_us=2480
   2 /opt/llama.cpp/ggml/src/ggml-cuda/ggml-cuda.cu:2665 calls=191 total_ms=0.214 avg_us=1.120 max_us=5
   3 /opt/llama.cpp/ggml/src/ggml-cuda/ggml-cuda.cu:847 calls=150 total_ms=0.118 avg_us=0.787 max_us=2
=== END CUDA SYNC PROFILE ===
backend-sync-trace: count=25300 backend=CUDA0 caller=ggml_backend_sched_synchronize+0x52

=== CUDA SYNC PROFILE (instrumentation only) ===
total_syncs = 25300
total_wait_ms = 14220.842
max_wait_us = 140454
sites = 5
wait_hist_us = logarithmic buckets
  hist[0] = 23166
  hist[1] = 1091
  hist[2] = 90
  hist[3] = 18
  hist[4] = 11
  hist[5] = 2
  hist[9] = 170
  hist[10] = 362
  hist[11] = 82
  hist[14] = 105
  hist[15] = 174
  hist[16] = 28
  hist[17] = 1
by_callsite (caller PC; symbolize with addr2line):
   0 caller=0x7cb3f512e0c2 calls=10185 total_ms=14212.607 avg_us=1395.445 max_us=140454
   1 caller=0x7cb3f513286c calls=8330 total_ms=3.288 avg_us=0.395 max_us=23
   2 caller=0x7cb3f513277c calls=3084 total_ms=2.573 avg_us=0.834 max_us=20
   3 caller=0x7cb3f513299d calls=3084 total_ms=1.192 avg_us=0.387 max_us=20
   4 caller=0x7cb3f5131732 calls=617 total_ms=1.182 avg_us=1.916 max_us=9
direct_cudaStreamSynchronize: calls=11146 total_ms=51.210 max_us=2480
by_direct_callsite (file:line):
   0 /opt/llama.cpp/ggml/src/ggml-cuda/ggml-cuda.cu:839 calls=10793 total_ms=45.085 avg_us=4.177 max_us=354
   1 /opt/llama.cpp/ggml/src/ggml-cuda/ggml-cuda.cu:900 calls=12 total_ms=5.793 avg_us=482.750 max_us=2480
   2 /opt/llama.cpp/ggml/src/ggml-cuda/ggml-cuda.cu:2665 calls=191 total_ms=0.214 avg_us=1.120 max_us=5
   3 /opt/llama.cpp/ggml/src/ggml-cuda/ggml-cuda.cu:847 calls=150 total_ms=0.118 avg_us=0.787 max_us=2
=== END CUDA SYNC PROFILE ===
backend-sync-trace: count=25400 backend=CUDA0 caller=ggml_backend_sched_synchronize+0x52

=== CUDA SYNC PROFILE (instrumentation only) ===
total_syncs = 25400
total_wait_ms = 14287.421
max_wait_us = 140454
sites = 5
wait_hist_us = logarithmic buckets
  hist[0] = 23257
  hist[1] = 1095
  hist[2] = 91
  hist[3] = 18
  hist[4] = 12
  hist[5] = 2
  hist[9] = 170
  hist[10] = 363
  hist[11] = 83
  hist[14] = 105
  hist[15] = 175
  hist[16] = 28
  hist[17] = 1
by_callsite (caller PC; symbolize with addr2line):
   0 caller=0x7cb3f512e0c2 calls=10236 total_ms=14279.166 avg_us=1394.995 max_us=140454
   1 caller=0x7cb3f513286c calls=8357 total_ms=3.295 avg_us=0.394 max_us=23
   2 caller=0x7cb3f513277c calls=3094 total_ms=2.581 avg_us=0.834 max_us=20
   3 caller=0x7cb3f513299d calls=3094 total_ms=1.193 avg_us=0.386 max_us=20
   4 caller=0x7cb3f5131732 calls=619 total_ms=1.186 avg_us=1.916 max_us=9
direct_cudaStreamSynchronize: calls=11181 total_ms=51.393 max_us=2480
by_direct_callsite (file:line):
   0 /opt/llama.cpp/ggml/src/ggml-cuda/ggml-cuda.cu:839 calls=10828 total_ms=45.268 avg_us=4.181 max_us=354
   1 /opt/llama.cpp/ggml/src/ggml-cuda/ggml-cuda.cu:900 calls=12 total_ms=5.793 avg_us=482.750 max_us=2480
   2 /opt/llama.cpp/ggml/src/ggml-cuda/ggml-cuda.cu:2665 calls=191 total_ms=0.214 avg_us=1.120 max_us=5
   3 /opt/llama.cpp/ggml/src/ggml-cuda/ggml-cuda.cu:847 calls=150 total_ms=0.118 avg_us=0.787 max_us=2
=== END CUDA SYNC PROFILE ===
1.21.175.199 I slot print_timing: id  0 | task 0 | n_gen =    699, tg =  45.77 t/s, tg_3s =  46.42 t/s

=== CUDA SYNC PROFILE (instrumentation only) ===
total_syncs = 25443
total_wait_ms = 14291.562
max_wait_us = 140454
sites = 5
wait_hist_us = logarithmic buckets
  hist[0] = 23295
  hist[1] = 1097
  hist[2] = 92
  hist[3] = 18
  hist[4] = 12
  hist[5] = 2
  hist[9] = 170
  hist[10] = 364
  hist[11] = 84
  hist[14] = 105
  hist[15] = 175
  hist[16] = 28
  hist[17] = 1
by_callsite (caller PC; symbolize with addr2line):
   0 caller=0x7cb3f512e0c2 calls=10250 total_ms=14283.287 avg_us=1393.491 max_us=140454
   1 caller=0x7cb3f513286c calls=8369 total_ms=3.300 avg_us=0.394 max_us=23
   2 caller=0x7cb3f513277c calls=3102 total_ms=2.591 avg_us=0.835 max_us=20
   3 caller=0x7cb3f513299d calls=3102 total_ms=1.195 avg_us=0.385 max_us=20
   4 caller=0x7cb3f5131732 calls=620 total_ms=1.189 avg_us=1.918 max_us=9
direct_cudaStreamSynchronize: calls=11200 total_ms=51.477 max_us=2480
by_direct_callsite (file:line):
   0 /opt/llama.cpp/ggml/src/ggml-cuda/ggml-cuda.cu:839 calls=10847 total_ms=45.352 avg_us=4.181 max_us=354
   1 /opt/llama.cpp/ggml/src/ggml-cuda/ggml-cuda.cu:900 calls=12 total_ms=5.793 avg_us=482.750 max_us=2480
   2 /opt/llama.cpp/ggml/src/ggml-cuda/ggml-cuda.cu:2665 calls=191 total_ms=0.214 avg_us=1.120 max_us=5
   3 /opt/llama.cpp/ggml/src/ggml-cuda/ggml-cuda.cu:847 calls=150 total_ms=0.118 avg_us=0.787 max_us=2
=== END CUDA SYNC PROFILE ===
backend-sync-trace: count=25500 backend=CUDA0 caller=ggml_backend_sched_synchronize+0x52

=== CUDA SYNC PROFILE (instrumentation only) ===
total_syncs = 25500
total_wait_ms = 14344.156
max_wait_us = 140454
sites = 5
wait_hist_us = logarithmic buckets
  hist[0] = 23345
  hist[1] = 1100
  hist[2] = 92
  hist[3] = 19
  hist[4] = 12
  hist[5] = 2
  hist[9] = 170
  hist[10] = 365
  hist[11] = 85
  hist[14] = 105
  hist[15] = 176
  hist[16] = 28
  hist[17] = 1
by_callsite (caller PC; symbolize with addr2line):
   0 caller=0x7cb3f512e0c2 calls=10270 total_ms=14335.863 avg_us=1395.897 max_us=140454
   1 caller=0x7cb3f513286c calls=8392 total_ms=3.308 avg_us=0.394 max_us=23
   2 caller=0x7cb3f513277c calls=3108 total_ms=2.595 avg_us=0.835 max_us=20
   3 caller=0x7cb3f513299d calls=3108 total_ms=1.197 avg_us=0.385 max_us=20
   4 caller=0x7cb3f5131732 calls=622 total_ms=1.193 avg_us=1.918 max_us=9
direct_cudaStreamSynchronize: calls=11228 total_ms=51.571 max_us=2480
by_direct_callsite (file:line):
   0 /opt/llama.cpp/ggml/src/ggml-cuda/ggml-cuda.cu:839 calls=10875 total_ms=45.446 avg_us=4.179 max_us=354
   1 /opt/llama.cpp/ggml/src/ggml-cuda/ggml-cuda.cu:900 calls=12 total_ms=5.793 avg_us=482.750 max_us=2480
   2 /opt/llama.cpp/ggml/src/ggml-cuda/ggml-cuda.cu:2665 calls=191 total_ms=0.214 avg_us=1.120 max_us=5
   3 /opt/llama.cpp/ggml/src/ggml-cuda/ggml-cuda.cu:847 calls=150 total_ms=0.118 avg_us=0.787 max_us=2
=== END CUDA SYNC PROFILE ===
backend-sync-trace: count=25600 backend=CUDA0 caller=ggml_backend_sched_graph_compute_async_ext+0xecc

=== CUDA SYNC PROFILE (instrumentation only) ===
total_syncs = 25600
total_wait_ms = 14379.985
max_wait_us = 140454
sites = 5
wait_hist_us = logarithmic buckets
  hist[0] = 23438
  hist[1] = 1103
  hist[2] = 93
  hist[3] = 19
  hist[4] = 12
  hist[5] = 2
  hist[9] = 170
  hist[10] = 366
  hist[11] = 86
  hist[14] = 106
  hist[15] = 176
  hist[16] = 28
  hist[17] = 1
by_callsite (caller PC; symbolize with addr2line):
   0 caller=0x7cb3f512e0c2 calls=10306 total_ms=14371.656 avg_us=1394.494 max_us=140454
   1 caller=0x7cb3f513286c calls=8426 total_ms=3.321 avg_us=0.394 max_us=23
   2 caller=0x7cb3f513277c calls=3122 total_ms=2.611 avg_us=0.836 max_us=20
   3 caller=0x7cb3f513299d calls=3122 total_ms=1.201 avg_us=0.385 max_us=20
   4 caller=0x7cb3f5131732 calls=624 total_ms=1.196 avg_us=1.917 max_us=9
direct_cudaStreamSynchronize: calls=11272 total_ms=51.760 max_us=2480
by_direct_callsite (file:line):
   0 /opt/llama.cpp/ggml/src/ggml-cuda/ggml-cuda.cu:839 calls=10919 total_ms=45.635 avg_us=4.179 max_us=354
   1 /opt/llama.cpp/ggml/src/ggml-cuda/ggml-cuda.cu:900 calls=12 total_ms=5.793 avg_us=482.750 max_us=2480
   2 /opt/llama.cpp/ggml/src/ggml-cuda/ggml-cuda.cu:2665 calls=191 total_ms=0.214 avg_us=1.120 max_us=5
   3 /opt/llama.cpp/ggml/src/ggml-cuda/ggml-cuda.cu:847 calls=150 total_ms=0.118 avg_us=0.787 max_us=2
=== END CUDA SYNC PROFILE ===

=== CUDA SYNC PROFILE (instrumentation only) ===
total_syncs = 25675
total_wait_ms = 14415.596
max_wait_us = 140454
sites = 5
wait_hist_us = logarithmic buckets
  hist[0] = 23507
  hist[1] = 1106
  hist[2] = 93
  hist[3] = 19
  hist[4] = 12
  hist[5] = 2
  hist[9] = 170
  hist[10] = 368
  hist[11] = 86
  hist[14] = 106
  hist[15] = 177
  hist[16] = 28
  hist[17] = 1
by_callsite (caller PC; symbolize with addr2line):
   0 caller=0x7cb3f512e0c2 calls=10343 total_ms=14407.246 avg_us=1392.947 max_us=140454
   1 caller=0x7cb3f513286c calls=8446 total_ms=3.328 avg_us=0.394 max_us=23
   2 caller=0x7cb3f513277c calls=3130 total_ms=2.618 avg_us=0.836 max_us=20
   3 caller=0x7cb3f513299d calls=3130 total_ms=1.205 avg_us=0.385 max_us=20
   4 caller=0x7cb3f5131732 calls=626 total_ms=1.199 avg_us=1.915 max_us=9
direct_cudaStreamSynchronize: calls=11300 total_ms=51.862 max_us=2480
by_direct_callsite (file:line):
   0 /opt/llama.cpp/ggml/src/ggml-cuda/ggml-cuda.cu:839 calls=10947 total_ms=45.737 avg_us=4.178 max_us=354
   1 /opt/llama.cpp/ggml/src/ggml-cuda/ggml-cuda.cu:900 calls=12 total_ms=5.793 avg_us=482.750 max_us=2480
   2 /opt/llama.cpp/ggml/src/ggml-cuda/ggml-cuda.cu:2665 calls=191 total_ms=0.214 avg_us=1.120 max_us=5
   3 /opt/llama.cpp/ggml/src/ggml-cuda/ggml-cuda.cu:847 calls=150 total_ms=0.118 avg_us=0.787 max_us=2
=== END CUDA SYNC PROFILE ===
backend-sync-trace: count=25700 backend=CUDA0 caller=ggml_backend_sched_graph_compute_async_ext+0xddc

=== CUDA SYNC PROFILE (instrumentation only) ===
total_syncs = 25700
total_wait_ms = 14446.610
max_wait_us = 140454
sites = 5
wait_hist_us = logarithmic buckets
  hist[0] = 23530
  hist[1] = 1106
  hist[2] = 94
  hist[3] = 19
  hist[4] = 12
  hist[5] = 2
  hist[9] = 170
  hist[10] = 368
  hist[11] = 86
  hist[14] = 107
  hist[15] = 177
  hist[16] = 28
  hist[17] = 1
by_callsite (caller PC; symbolize with addr2line):
   0 caller=0x7cb3f512e0c2 calls=10345 total_ms=14438.245 avg_us=1395.674 max_us=140454
   1 caller=0x7cb3f513286c calls=8461 total_ms=3.335 avg_us=0.394 max_us=23
   2 caller=0x7cb3f513277c calls=3134 total_ms=2.623 avg_us=0.837 max_us=20
   3 caller=0x7cb3f513299d calls=3133 total_ms=1.207 avg_us=0.385 max_us=20
   4 caller=0x7cb3f5131732 calls=627 total_ms=1.200 avg_us=1.914 max_us=9
direct_cudaStreamSynchronize: calls=11317 total_ms=51.933 max_us=2480
by_direct_callsite (file:line):
   0 /opt/llama.cpp/ggml/src/ggml-cuda/ggml-cuda.cu:839 calls=10964 total_ms=45.808 avg_us=4.178 max_us=354
   1 /opt/llama.cpp/ggml/src/ggml-cuda/ggml-cuda.cu:900 calls=12 total_ms=5.793 avg_us=482.750 max_us=2480
   2 /opt/llama.cpp/ggml/src/ggml-cuda/ggml-cuda.cu:2665 calls=191 total_ms=0.214 avg_us=1.120 max_us=5
   3 /opt/llama.cpp/ggml/src/ggml-cuda/ggml-cuda.cu:847 calls=150 total_ms=0.118 avg_us=0.787 max_us=2
=== END CUDA SYNC PROFILE ===
backend-sync-trace: count=25800 backend=CUDA0 caller=ggml_backend_sched_synchronize+0x52

=== CUDA SYNC PROFILE (instrumentation only) ===
total_syncs = 25800
total_wait_ms = 14478.097
max_wait_us = 140454
sites = 5
wait_hist_us = logarithmic buckets
  hist[0] = 23625
  hist[1] = 1108
  hist[2] = 94
  hist[3] = 19
  hist[4] = 12
  hist[5] = 2
  hist[9] = 171
  hist[10] = 369
  hist[11] = 86
  hist[14] = 108
  hist[15] = 177
  hist[16] = 28
  hist[17] = 1
by_callsite (caller PC; symbolize with addr2line):
   0 caller=0x7cb3f512e0c2 calls=10391 total_ms=14469.709 avg_us=1392.523 max_us=140454
   1 caller=0x7cb3f513286c calls=8492 total_ms=3.342 avg_us=0.394 max_us=23
   2 caller=0x7cb3f513277c calls=3144 total_ms=2.632 avg_us=0.837 max_us=20
   3 caller=0x7cb3f513299d calls=3144 total_ms=1.211 avg_us=0.385 max_us=20
   4 caller=0x7cb3f5131732 calls=629 total_ms=1.203 avg_us=1.913 max_us=9
direct_cudaStreamSynchronize: calls=11356 total_ms=52.094 max_us=2480
by_direct_callsite (file:line):
   0 /opt/llama.cpp/ggml/src/ggml-cuda/ggml-cuda.cu:839 calls=11003 total_ms=45.969 avg_us=4.178 max_us=354
   1 /opt/llama.cpp/ggml/src/ggml-cuda/ggml-cuda.cu:900 calls=12 total_ms=5.793 avg_us=482.750 max_us=2480
   2 /opt/llama.cpp/ggml/src/ggml-cuda/ggml-cuda.cu:2665 calls=191 total_ms=0.214 avg_us=1.120 max_us=5
   3 /opt/llama.cpp/ggml/src/ggml-cuda/ggml-cuda.cu:847 calls=150 total_ms=0.118 avg_us=0.787 max_us=2
=== END CUDA SYNC PROFILE ===
backend-sync-trace: count=25900 backend=CUDA0 caller=ggml_backend_sched_synchronize+0x52

=== CUDA SYNC PROFILE (instrumentation only) ===
total_syncs = 25900
total_wait_ms = 14514.541
max_wait_us = 140454
sites = 5
wait_hist_us = logarithmic buckets
  hist[0] = 23718
  hist[1] = 1111
  hist[2] = 94
  hist[3] = 19
  hist[4] = 12
  hist[5] = 2
  hist[9] = 173
  hist[10] = 369
  hist[11] = 87
  hist[14] = 109
  hist[15] = 177
  hist[16] = 28
  hist[17] = 1
by_callsite (caller PC; symbolize with addr2line):
   0 caller=0x7cb3f512e0c2 calls=10433 total_ms=14506.131 avg_us=1390.408 max_us=140454
   1 caller=0x7cb3f513286c calls=8523 total_ms=3.350 avg_us=0.393 max_us=23
   2 caller=0x7cb3f513277c calls=3156 total_ms=2.641 avg_us=0.837 max_us=20
   3 caller=0x7cb3f513299d calls=3156 total_ms=1.211 avg_us=0.384 max_us=20
   4 caller=0x7cb3f5131732 calls=632 total_ms=1.208 avg_us=1.911 max_us=9
direct_cudaStreamSynchronize: calls=11397 total_ms=52.252 max_us=2480
by_direct_callsite (file:line):
   0 /opt/llama.cpp/ggml/src/ggml-cuda/ggml-cuda.cu:839 calls=11044 total_ms=46.127 avg_us=4.177 max_us=354
   1 /opt/llama.cpp/ggml/src/ggml-cuda/ggml-cuda.cu:900 calls=12 total_ms=5.793 avg_us=482.750 max_us=2480
   2 /opt/llama.cpp/ggml/src/ggml-cuda/ggml-cuda.cu:2665 calls=191 total_ms=0.214 avg_us=1.120 max_us=5
   3 /opt/llama.cpp/ggml/src/ggml-cuda/ggml-cuda.cu:847 calls=150 total_ms=0.118 avg_us=0.787 max_us=2
=== END CUDA SYNC PROFILE ===

=== CUDA SYNC PROFILE (instrumentation only) ===
total_syncs = 25907
total_wait_ms = 14514.543
max_wait_us = 140454
sites = 5
wait_hist_us = logarithmic buckets
  hist[0] = 23725
  hist[1] = 1111
  hist[2] = 94
  hist[3] = 19
  hist[4] = 12
  hist[5] = 2
  hist[9] = 173
  hist[10] = 369
  hist[11] = 87
  hist[14] = 109
  hist[15] = 177
  hist[16] = 28
  hist[17] = 1
by_callsite (caller PC; symbolize with addr2line):
   0 caller=0x7cb3f512e0c2 calls=10435 total_ms=14506.131 avg_us=1390.142 max_us=140454
   1 caller=0x7cb3f513286c calls=8524 total_ms=3.351 avg_us=0.393 max_us=23
   2 caller=0x7cb3f513277c calls=3158 total_ms=2.642 avg_us=0.837 max_us=20
   3 caller=0x7cb3f513299d calls=3158 total_ms=1.211 avg_us=0.383 max_us=20
   4 caller=0x7cb3f5131732 calls=632 total_ms=1.208 avg_us=1.911 max_us=9
direct_cudaStreamSynchronize: calls=11400 total_ms=52.264 max_us=2480
by_direct_callsite (file:line):
   0 /opt/llama.cpp/ggml/src/ggml-cuda/ggml-cuda.cu:839 calls=11047 total_ms=46.139 avg_us=4.177 max_us=354
   1 /opt/llama.cpp/ggml/src/ggml-cuda/ggml-cuda.cu:900 calls=12 total_ms=5.793 avg_us=482.750 max_us=2480
   2 /opt/llama.cpp/ggml/src/ggml-cuda/ggml-cuda.cu:2665 calls=191 total_ms=0.214 avg_us=1.120 max_us=5
   3 /opt/llama.cpp/ggml/src/ggml-cuda/ggml-cuda.cu:847 calls=150 total_ms=0.118 avg_us=0.787 max_us=2
=== END CUDA SYNC PROFILE ===
backend-sync-trace: count=26000 backend=CUDA0 caller=ggml_backend_sched_synchronize+0x52

=== CUDA SYNC PROFILE (instrumentation only) ===
total_syncs = 26000
total_wait_ms = 14544.753
max_wait_us = 140454
sites = 5
wait_hist_us = logarithmic buckets
  hist[0] = 23812
  hist[1] = 1113
  hist[2] = 94
  hist[3] = 19
  hist[4] = 12
  hist[5] = 2
  hist[9] = 174
  hist[10] = 370
  hist[11] = 88
  hist[14] = 110
  hist[15] = 177
  hist[16] = 28
  hist[17] = 1
by_callsite (caller PC; symbolize with addr2line):
   0 caller=0x7cb3f512e0c2 calls=10476 total_ms=14536.318 avg_us=1387.583 max_us=140454
   1 caller=0x7cb3f513286c calls=8554 total_ms=3.362 avg_us=0.393 max_us=23
   2 caller=0x7cb3f513277c calls=3168 total_ms=2.648 avg_us=0.836 max_us=20
   3 caller=0x7cb3f513299d calls=3168 total_ms=1.214 avg_us=0.383 max_us=20
   4 caller=0x7cb3f5131732 calls=634 total_ms=1.211 avg_us=1.910 max_us=9
direct_cudaStreamSynchronize: calls=11438 total_ms=52.411 max_us=2480
by_direct_callsite (file:line):
   0 /opt/llama.cpp/ggml/src/ggml-cuda/ggml-cuda.cu:839 calls=11085 total_ms=46.286 avg_us=4.176 max_us=354
   1 /opt/llama.cpp/ggml/src/ggml-cuda/ggml-cuda.cu:900 calls=12 total_ms=5.793 avg_us=482.750 max_us=2480
   2 /opt/llama.cpp/ggml/src/ggml-cuda/ggml-cuda.cu:2665 calls=191 total_ms=0.214 avg_us=1.120 max_us=5
   3 /opt/llama.cpp/ggml/src/ggml-cuda/ggml-cuda.cu:847 calls=150 total_ms=0.118 avg_us=0.787 max_us=2
=== END CUDA SYNC PROFILE ===
backend-sync-trace: count=26100 backend=CUDA0 caller=ggml_backend_sched_graph_compute_async_ext+0xecc

=== CUDA SYNC PROFILE (instrumentation only) ===
total_syncs = 26100
total_wait_ms = 14590.498
max_wait_us = 140454
sites = 5
wait_hist_us = logarithmic buckets
  hist[0] = 23905
  hist[1] = 1117
  hist[2] = 94
  hist[3] = 19
  hist[4] = 12
  hist[5] = 2
  hist[9] = 174
  hist[10] = 371
  hist[11] = 89
  hist[14] = 110
  hist[15] = 178
  hist[16] = 28
  hist[17] = 1
by_callsite (caller PC; symbolize with addr2line):
   0 caller=0x7cb3f512e0c2 calls=10516 total_ms=14582.034 avg_us=1386.652 max_us=140454
   1 caller=0x7cb3f513286c calls=8584 total_ms=3.371 avg_us=0.393 max_us=23
   2 caller=0x7cb3f513277c calls=3182 total_ms=2.661 avg_us=0.836 max_us=20
   3 caller=0x7cb3f513299d calls=3182 total_ms=1.217 avg_us=0.382 max_us=20
   4 caller=0x7cb3f5131732 calls=636 total_ms=1.215 avg_us=1.910 max_us=9
direct_cudaStreamSynchronize: calls=11478 total_ms=52.568 max_us=2480
by_direct_callsite (file:line):
   0 /opt/llama.cpp/ggml/src/ggml-cuda/ggml-cuda.cu:839 calls=11125 total_ms=46.443 avg_us=4.175 max_us=354
   1 /opt/llama.cpp/ggml/src/ggml-cuda/ggml-cuda.cu:900 calls=12 total_ms=5.793 avg_us=482.750 max_us=2480
   2 /opt/llama.cpp/ggml/src/ggml-cuda/ggml-cuda.cu:2665 calls=191 total_ms=0.214 avg_us=1.120 max_us=5
   3 /opt/llama.cpp/ggml/src/ggml-cuda/ggml-cuda.cu:847 calls=150 total_ms=0.118 avg_us=0.787 max_us=2
=== END CUDA SYNC PROFILE ===

=== CUDA SYNC PROFILE (instrumentation only) ===
total_syncs = 26145
total_wait_ms = 14649.146
max_wait_us = 140454
sites = 5
wait_hist_us = logarithmic buckets
  hist[0] = 23947
  hist[1] = 1119
  hist[2] = 94
  hist[3] = 19
  hist[4] = 12
  hist[5] = 2
  hist[9] = 174
  hist[10] = 371
  hist[11] = 89
  hist[14] = 110
  hist[15] = 179
  hist[16] = 28
  hist[17] = 1
by_callsite (caller PC; symbolize with addr2line):
   0 caller=0x7cb3f512e0c2 calls=10533 total_ms=14640.665 avg_us=1389.981 max_us=140454
   1 caller=0x7cb3f513286c calls=8602 total_ms=3.379 avg_us=0.393 max_us=23
   2 caller=0x7cb3f513277c calls=3186 total_ms=2.664 avg_us=0.836 max_us=20
   3 caller=0x7cb3f5131732 calls=638 total_ms=1.219 avg_us=1.911 max_us=9
   4 caller=0x7cb3f513299d calls=3186 total_ms=1.219 avg_us=0.383 max_us=20
direct_cudaStreamSynchronize: calls=11500 total_ms=52.664 max_us=2480
by_direct_callsite (file:line):
   0 /opt/llama.cpp/ggml/src/ggml-cuda/ggml-cuda.cu:839 calls=11147 total_ms=46.539 avg_us=4.175 max_us=354
   1 /opt/llama.cpp/ggml/src/ggml-cuda/ggml-cuda.cu:900 calls=12 total_ms=5.793 avg_us=482.750 max_us=2480
   2 /opt/llama.cpp/ggml/src/ggml-cuda/ggml-cuda.cu:2665 calls=191 total_ms=0.214 avg_us=1.120 max_us=5
   3 /opt/llama.cpp/ggml/src/ggml-cuda/ggml-cuda.cu:847 calls=150 total_ms=0.118 avg_us=0.787 max_us=2
=== END CUDA SYNC PROFILE ===
backend-sync-trace: count=26200 backend=CUDA0 caller=ggml_backend_sched_graph_compute_async_ext+0xecc

=== CUDA SYNC PROFILE (instrumentation only) ===
total_syncs = 26200
total_wait_ms = 14700.160
max_wait_us = 140454
sites = 5
wait_hist_us = logarithmic buckets
  hist[0] = 23998
  hist[1] = 1120
  hist[2] = 94
  hist[3] = 19
  hist[4] = 12
  hist[5] = 2
  hist[9] = 174
  hist[10] = 373
  hist[11] = 89
  hist[14] = 110
  hist[15] = 180
  hist[16] = 28
  hist[17] = 1
by_callsite (caller PC; symbolize with addr2line):
   0 caller=0x7cb3f512e0c2 calls=10549 total_ms=14691.662 avg_us=1392.707 max_us=140454
   1 caller=0x7cb3f513286c calls=8624 total_ms=3.388 avg_us=0.393 max_us=23
   2 caller=0x7cb3f513277c calls=3194 total_ms=2.669 avg_us=0.836 max_us=20
   3 caller=0x7cb3f513299d calls=3194 total_ms=1.221 avg_us=0.382 max_us=20
   4 caller=0x7cb3f5131732 calls=639 total_ms=1.220 avg_us=1.909 max_us=9
direct_cudaStreamSynchronize: calls=11528 total_ms=52.783 max_us=2480
by_direct_callsite (file:line):
   0 /opt/llama.cpp/ggml/src/ggml-cuda/ggml-cuda.cu:839 calls=11175 total_ms=46.658 avg_us=4.175 max_us=354
   1 /opt/llama.cpp/ggml/src/ggml-cuda/ggml-cuda.cu:900 calls=12 total_ms=5.793 avg_us=482.750 max_us=2480
   2 /opt/llama.cpp/ggml/src/ggml-cuda/ggml-cuda.cu:2665 calls=191 total_ms=0.214 avg_us=1.120 max_us=5
   3 /opt/llama.cpp/ggml/src/ggml-cuda/ggml-cuda.cu:847 calls=150 total_ms=0.118 avg_us=0.787 max_us=2
=== END CUDA SYNC PROFILE ===
backend-sync-trace: count=26300 backend=CUDA0 caller=ggml_backend_sched_synchronize+0x52

=== CUDA SYNC PROFILE (instrumentation only) ===
total_syncs = 26300
total_wait_ms = 14746.363
max_wait_us = 140454
sites = 5
wait_hist_us = logarithmic buckets
  hist[0] = 24092
  hist[1] = 1122
  hist[2] = 95
  hist[3] = 19
  hist[4] = 12
  hist[5] = 2
  hist[9] = 174
  hist[10] = 375
  hist[11] = 89
  hist[14] = 110
  hist[15] = 181
  hist[16] = 28
  hist[17] = 1
by_callsite (caller PC; symbolize with addr2line):
   0 caller=0x7cb3f512e0c2 calls=10597 total_ms=14737.836 avg_us=1390.755 max_us=140454
   1 caller=0x7cb3f513286c calls=8654 total_ms=3.398 avg_us=0.393 max_us=23
   2 caller=0x7cb3f513277c calls=3204 total_ms=2.676 avg_us=0.835 max_us=20
   3 caller=0x7cb3f513299d calls=3204 total_ms=1.230 avg_us=0.384 max_us=20
   4 caller=0x7cb3f5131732 calls=641 total_ms=1.223 avg_us=1.908 max_us=9
direct_cudaStreamSynchronize: calls=11566 total_ms=52.932 max_us=2480
by_direct_callsite (file:line):
   0 /opt/llama.cpp/ggml/src/ggml-cuda/ggml-cuda.cu:839 calls=11213 total_ms=46.807 avg_us=4.174 max_us=354
   1 /opt/llama.cpp/ggml/src/ggml-cuda/ggml-cuda.cu:900 calls=12 total_ms=5.793 avg_us=482.750 max_us=2480
   2 /opt/llama.cpp/ggml/src/ggml-cuda/ggml-cuda.cu:2665 calls=191 total_ms=0.214 avg_us=1.120 max_us=5
   3 /opt/llama.cpp/ggml/src/ggml-cuda/ggml-cuda.cu:847 calls=150 total_ms=0.118 avg_us=0.787 max_us=2
=== END CUDA SYNC PROFILE ===

=== CUDA SYNC PROFILE (instrumentation only) ===
total_syncs = 26373
total_wait_ms = 14789.780
max_wait_us = 140454
sites = 5
wait_hist_us = logarithmic buckets
  hist[0] = 24159
  hist[1] = 1125
  hist[2] = 95
  hist[3] = 19
  hist[4] = 12
  hist[5] = 2
  hist[9] = 174
  hist[10] = 377
  hist[11] = 89
  hist[14] = 110
  hist[15] = 182
  hist[16] = 28
  hist[17] = 1
by_callsite (caller PC; symbolize with addr2line):
   0 caller=0x7cb3f512e0c2 calls=10623 total_ms=14781.226 avg_us=1391.436 max_us=140454
   1 caller=0x7cb3f513286c calls=8679 total_ms=3.408 avg_us=0.393 max_us=23
   2 caller=0x7cb3f513277c calls=3214 total_ms=2.685 avg_us=0.835 max_us=20
   3 caller=0x7cb3f513299d calls=3214 total_ms=1.234 avg_us=0.384 max_us=20
   4 caller=0x7cb3f5131732 calls=643 total_ms=1.227 avg_us=1.908 max_us=9
direct_cudaStreamSynchronize: calls=11600 total_ms=53.071 max_us=2480
by_direct_callsite (file:line):
   0 /opt/llama.cpp/ggml/src/ggml-cuda/ggml-cuda.cu:839 calls=11247 total_ms=46.946 avg_us=4.174 max_us=354
   1 /opt/llama.cpp/ggml/src/ggml-cuda/ggml-cuda.cu:900 calls=12 total_ms=5.793 avg_us=482.750 max_us=2480
   2 /opt/llama.cpp/ggml/src/ggml-cuda/ggml-cuda.cu:2665 calls=191 total_ms=0.214 avg_us=1.120 max_us=5
   3 /opt/llama.cpp/ggml/src/ggml-cuda/ggml-cuda.cu:847 calls=150 total_ms=0.118 avg_us=0.787 max_us=2
=== END CUDA SYNC PROFILE ===
backend-sync-trace: count=26400 backend=CUDA0 caller=ggml_backend_sched_synchronize+0x52

=== CUDA SYNC PROFILE (instrumentation only) ===
total_syncs = 26400
total_wait_ms = 14790.708
max_wait_us = 140454
sites = 5
wait_hist_us = logarithmic buckets
  hist[0] = 24185
  hist[1] = 1125
  hist[2] = 95
  hist[3] = 19
  hist[4] = 12
  hist[5] = 2
  hist[9] = 175
  hist[10] = 377
  hist[11] = 89
  hist[14] = 110
  hist[15] = 182
  hist[16] = 28
  hist[17] = 1
by_callsite (caller PC; symbolize with addr2line):
   0 caller=0x7cb3f512e0c2 calls=10639 total_ms=14782.150 avg_us=1389.430 max_us=140454
   1 caller=0x7cb3f513286c calls=8685 total_ms=3.410 avg_us=0.393 max_us=23
   2 caller=0x7cb3f513277c calls=3216 total_ms=2.685 avg_us=0.835 max_us=20
   3 caller=0x7cb3f513299d calls=3216 total_ms=1.235 avg_us=0.384 max_us=20
   4 caller=0x7cb3f5131732 calls=644 total_ms=1.228 avg_us=1.907 max_us=9
direct_cudaStreamSynchronize: calls=11607 total_ms=53.093 max_us=2480
by_direct_callsite (file:line):
   0 /opt/llama.cpp/ggml/src/ggml-cuda/ggml-cuda.cu:839 calls=11254 total_ms=46.968 avg_us=4.173 max_us=354
   1 /opt/llama.cpp/ggml/src/ggml-cuda/ggml-cuda.cu:900 calls=12 total_ms=5.793 avg_us=482.750 max_us=2480
   2 /opt/llama.cpp/ggml/src/ggml-cuda/ggml-cuda.cu:2665 calls=191 total_ms=0.214 avg_us=1.120 max_us=5
   3 /opt/llama.cpp/ggml/src/ggml-cuda/ggml-cuda.cu:847 calls=150 total_ms=0.118 avg_us=0.787 max_us=2
=== END CUDA SYNC PROFILE ===
backend-sync-trace: count=26500 backend=CUDA0 caller=ggml_backend_sched_graph_compute_async_ext+0xecc

=== CUDA SYNC PROFILE (instrumentation only) ===
total_syncs = 26500
total_wait_ms = 14834.820
max_wait_us = 140454
sites = 5
wait_hist_us = logarithmic buckets
  hist[0] = 24279
  hist[1] = 1128
  hist[2] = 95
  hist[3] = 19
  hist[4] = 12
  hist[5] = 2
  hist[9] = 176
  hist[10] = 378
  hist[11] = 89
  hist[14] = 110
  hist[15] = 183
  hist[16] = 28
  hist[17] = 1
by_callsite (caller PC; symbolize with addr2line):
   0 caller=0x7cb3f512e0c2 calls=10682 total_ms=14826.235 avg_us=1387.964 max_us=140454
   1 caller=0x7cb3f513286c calls=8716 total_ms=3.421 avg_us=0.392 max_us=23
   2 caller=0x7cb3f513277c calls=3228 total_ms=2.693 avg_us=0.834 max_us=20
   3 caller=0x7cb3f513299d calls=3228 total_ms=1.241 avg_us=0.384 max_us=20
   4 caller=0x7cb3f5131732 calls=646 total_ms=1.230 avg_us=1.904 max_us=9
direct_cudaStreamSynchronize: calls=11647 total_ms=53.271 max_us=2480
by_direct_callsite (file:line):
   0 /opt/llama.cpp/ggml/src/ggml-cuda/ggml-cuda.cu:839 calls=11294 total_ms=47.146 avg_us=4.174 max_us=354
   1 /opt/llama.cpp/ggml/src/ggml-cuda/ggml-cuda.cu:900 calls=12 total_ms=5.793 avg_us=482.750 max_us=2480
   2 /opt/llama.cpp/ggml/src/ggml-cuda/ggml-cuda.cu:2665 calls=191 total_ms=0.214 avg_us=1.120 max_us=5
   3 /opt/llama.cpp/ggml/src/ggml-cuda/ggml-cuda.cu:847 calls=150 total_ms=0.118 avg_us=0.787 max_us=2
=== END CUDA SYNC PROFILE ===
backend-sync-trace: count=26600 backend=CUDA0 caller=ggml_backend_sched_graph_compute_async_ext+0xddc

=== CUDA SYNC PROFILE (instrumentation only) ===
total_syncs = 26600
total_wait_ms = 14880.734
max_wait_us = 140454
sites = 5
wait_hist_us = logarithmic buckets
  hist[0] = 24372
  hist[1] = 1131
  hist[2] = 95
  hist[3] = 19
  hist[4] = 12
  hist[5] = 2
  hist[9] = 178
  hist[10] = 379
  hist[11] = 89
  hist[14] = 110
  hist[15] = 184
  hist[16] = 28
  hist[17] = 1
by_callsite (caller PC; symbolize with addr2line):
   0 caller=0x7cb3f512e0c2 calls=10726 total_ms=14872.122 avg_us=1386.549 max_us=140454
   1 caller=0x7cb3f513286c calls=8743 total_ms=3.430 avg_us=0.392 max_us=23
   2 caller=0x7cb3f513277c calls=3242 total_ms=2.704 avg_us=0.834 max_us=20
   3 caller=0x7cb3f513299d calls=3241 total_ms=1.245 avg_us=0.384 max_us=20
   4 caller=0x7cb3f5131732 calls=648 total_ms=1.233 avg_us=1.903 max_us=9
direct_cudaStreamSynchronize: calls=11685 total_ms=53.423 max_us=2480
by_direct_callsite (file:line):
   0 /opt/llama.cpp/ggml/src/ggml-cuda/ggml-cuda.cu:839 calls=11332 total_ms=47.298 avg_us=4.174 max_us=354
   1 /opt/llama.cpp/ggml/src/ggml-cuda/ggml-cuda.cu:900 calls=12 total_ms=5.793 avg_us=482.750 max_us=2480
   2 /opt/llama.cpp/ggml/src/ggml-cuda/ggml-cuda.cu:2665 calls=191 total_ms=0.214 avg_us=1.120 max_us=5
   3 /opt/llama.cpp/ggml/src/ggml-cuda/ggml-cuda.cu:847 calls=150 total_ms=0.118 avg_us=0.787 max_us=2
=== END CUDA SYNC PROFILE ===

=== CUDA SYNC PROFILE (instrumentation only) ===
total_syncs = 26615
total_wait_ms = 14880.738
max_wait_us = 140454
sites = 5
wait_hist_us = logarithmic buckets
  hist[0] = 24387
  hist[1] = 1131
  hist[2] = 95
  hist[3] = 19
  hist[4] = 12
  hist[5] = 2
  hist[9] = 178
  hist[10] = 379
  hist[11] = 89
  hist[14] = 110
  hist[15] = 184
  hist[16] = 28
  hist[17] = 1
by_callsite (caller PC; symbolize with addr2line):
   0 caller=0x7cb3f512e0c2 calls=10726 total_ms=14872.122 avg_us=1386.549 max_us=140454
   1 caller=0x7cb3f513286c calls=8757 total_ms=3.434 avg_us=0.392 max_us=23
   2 caller=0x7cb3f513277c calls=3242 total_ms=2.704 avg_us=0.834 max_us=20
   3 caller=0x7cb3f513299d calls=3242 total_ms=1.245 avg_us=0.384 max_us=20
   4 caller=0x7cb3f5131732 calls=648 total_ms=1.233 avg_us=1.903 max_us=9
direct_cudaStreamSynchronize: calls=11700 total_ms=53.487 max_us=2480
by_direct_callsite (file:line):
   0 /opt/llama.cpp/ggml/src/ggml-cuda/ggml-cuda.cu:839 calls=11347 total_ms=47.362 avg_us=4.174 max_us=354
   1 /opt/llama.cpp/ggml/src/ggml-cuda/ggml-cuda.cu:900 calls=12 total_ms=5.793 avg_us=482.750 max_us=2480
   2 /opt/llama.cpp/ggml/src/ggml-cuda/ggml-cuda.cu:2665 calls=191 total_ms=0.214 avg_us=1.120 max_us=5
   3 /opt/llama.cpp/ggml/src/ggml-cuda/ggml-cuda.cu:847 calls=150 total_ms=0.118 avg_us=0.787 max_us=2
=== END CUDA SYNC PROFILE ===
backend-sync-trace: count=26700 backend=CUDA0 caller=ggml_backend_sched_graph_compute_async_ext+0xecc

=== CUDA SYNC PROFILE (instrumentation only) ===
total_syncs = 26700
total_wait_ms = 14922.427
max_wait_us = 140454
sites = 5
wait_hist_us = logarithmic buckets
  hist[0] = 24465
  hist[1] = 1135
  hist[2] = 95
  hist[3] = 19
  hist[4] = 12
  hist[5] = 2
  hist[9] = 179
  hist[10] = 380
  hist[11] = 89
  hist[14] = 110
  hist[15] = 185
  hist[16] = 28
  hist[17] = 1
by_callsite (caller PC; symbolize with addr2line):
   0 caller=0x7cb3f512e0c2 calls=10763 total_ms=14913.790 avg_us=1385.654 max_us=140454
   1 caller=0x7cb3f513286c calls=8783 total_ms=3.443 avg_us=0.392 max_us=23
   2 caller=0x7cb3f513277c calls=3252 total_ms=2.710 avg_us=0.833 max_us=20
   3 caller=0x7cb3f513299d calls=3252 total_ms=1.247 avg_us=0.383 max_us=20
   4 caller=0x7cb3f5131732 calls=650 total_ms=1.237 avg_us=1.903 max_us=9
direct_cudaStreamSynchronize: calls=11733 total_ms=53.623 max_us=2480
by_direct_callsite (file:line):
   0 /opt/llama.cpp/ggml/src/ggml-cuda/ggml-cuda.cu:839 calls=11380 total_ms=47.498 avg_us=4.174 max_us=354
   1 /opt/llama.cpp/ggml/src/ggml-cuda/ggml-cuda.cu:900 calls=12 total_ms=5.793 avg_us=482.750 max_us=2480
   2 /opt/llama.cpp/ggml/src/ggml-cuda/ggml-cuda.cu:2665 calls=191 total_ms=0.214 avg_us=1.120 max_us=5
   3 /opt/llama.cpp/ggml/src/ggml-cuda/ggml-cuda.cu:847 calls=150 total_ms=0.118 avg_us=0.787 max_us=2
=== END CUDA SYNC PROFILE ===
backend-sync-trace: count=26800 backend=CUDA0 caller=ggml_backend_sched_synchronize+0x52

=== CUDA SYNC PROFILE (instrumentation only) ===
total_syncs = 26800
total_wait_ms = 14992.678
max_wait_us = 140454
sites = 5
wait_hist_us = logarithmic buckets
  hist[0] = 24557
  hist[1] = 1139
  hist[2] = 95
  hist[3] = 19
  hist[4] = 12
  hist[5] = 2
  hist[9] = 180
  hist[10] = 381
  hist[11] = 89
  hist[14] = 110
  hist[15] = 187
  hist[16] = 28
  hist[17] = 1
by_callsite (caller PC; symbolize with addr2line):
   0 caller=0x7cb3f512e0c2 calls=10803 total_ms=14984.008 avg_us=1387.023 max_us=140454
   1 caller=0x7cb3f513286c calls=8816 total_ms=3.456 avg_us=0.392 max_us=23
   2 caller=0x7cb3f513277c calls=3264 total_ms=2.719 avg_us=0.833 max_us=20
   3 caller=0x7cb3f513299d calls=3264 total_ms=1.253 avg_us=0.384 max_us=20
   4 caller=0x7cb3f5131732 calls=653 total_ms=1.242 avg_us=1.902 max_us=9
direct_cudaStreamSynchronize: calls=11776 total_ms=53.798 max_us=2480
by_direct_callsite (file:line):
   0 /opt/llama.cpp/ggml/src/ggml-cuda/ggml-cuda.cu:839 calls=11423 total_ms=47.673 avg_us=4.173 max_us=354
   1 /opt/llama.cpp/ggml/src/ggml-cuda/ggml-cuda.cu:900 calls=12 total_ms=5.793 avg_us=482.750 max_us=2480
   2 /opt/llama.cpp/ggml/src/ggml-cuda/ggml-cuda.cu:2665 calls=191 total_ms=0.214 avg_us=1.120 max_us=5
   3 /opt/llama.cpp/ggml/src/ggml-cuda/ggml-cuda.cu:847 calls=150 total_ms=0.118 avg_us=0.787 max_us=2
=== END CUDA SYNC PROFILE ===

=== CUDA SYNC PROFILE (instrumentation only) ===
total_syncs = 26868
total_wait_ms = 14994.574
max_wait_us = 140454
sites = 5
wait_hist_us = logarithmic buckets
  hist[0] = 24620
  hist[1] = 1142
  hist[2] = 95
  hist[3] = 19
  hist[4] = 12
  hist[5] = 2
  hist[9] = 182
  hist[10] = 381
  hist[11] = 89
  hist[14] = 110
  hist[15] = 187
  hist[16] = 28
  hist[17] = 1
by_callsite (caller PC; symbolize with addr2line):
   0 caller=0x7cb3f512e0c2 calls=10837 total_ms=14985.885 avg_us=1382.844 max_us=140454
   1 caller=0x7cb3f513286c calls=8833 total_ms=3.464 avg_us=0.392 max_us=23
   2 caller=0x7cb3f513277c calls=3272 total_ms=2.726 avg_us=0.833 max_us=20
   3 caller=0x7cb3f513299d calls=3272 total_ms=1.255 avg_us=0.384 max_us=20
   4 caller=0x7cb3f5131732 calls=654 total_ms=1.244 avg_us=1.902 max_us=9
direct_cudaStreamSynchronize: calls=11800 total_ms=53.894 max_us=2480
by_direct_callsite (file:line):
   0 /opt/llama.cpp/ggml/src/ggml-cuda/ggml-cuda.cu:839 calls=11447 total_ms=47.769 avg_us=4.173 max_us=354
   1 /opt/llama.cpp/ggml/src/ggml-cuda/ggml-cuda.cu:900 calls=12 total_ms=5.793 avg_us=482.750 max_us=2480
   2 /opt/llama.cpp/ggml/src/ggml-cuda/ggml-cuda.cu:2665 calls=191 total_ms=0.214 avg_us=1.120 max_us=5
   3 /opt/llama.cpp/ggml/src/ggml-cuda/ggml-cuda.cu:847 calls=150 total_ms=0.118 avg_us=0.787 max_us=2
=== END CUDA SYNC PROFILE ===
backend-sync-trace: count=26900 backend=CUDA0 caller=ggml_backend_sched_synchronize+0x52

=== CUDA SYNC PROFILE (instrumentation only) ===
total_syncs = 26900
total_wait_ms = 15023.724
max_wait_us = 140454
sites = 5
wait_hist_us = logarithmic buckets
  hist[0] = 24651
  hist[1] = 1142
  hist[2] = 95
  hist[3] = 19
  hist[4] = 12
  hist[5] = 2
  hist[9] = 182
  hist[10] = 381
  hist[11] = 89
  hist[14] = 111
  hist[15] = 187
  hist[16] = 28
  hist[17] = 1
by_callsite (caller PC; symbolize with addr2line):
   0 caller=0x7cb3f512e0c2 calls=10854 total_ms=15015.026 avg_us=1383.363 max_us=140454
   1 caller=0x7cb3f513286c calls=8843 total_ms=3.469 avg_us=0.392 max_us=23
   2 caller=0x7cb3f513277c calls=3274 total_ms=2.727 avg_us=0.833 max_us=20
   3 caller=0x7cb3f513299d calls=3274 total_ms=1.257 avg_us=0.384 max_us=20
   4 caller=0x7cb3f5131732 calls=655 total_ms=1.245 avg_us=1.901 max_us=9
direct_cudaStreamSynchronize: calls=11811 total_ms=53.951 max_us=2480
by_direct_callsite (file:line):
   0 /opt/llama.cpp/ggml/src/ggml-cuda/ggml-cuda.cu:839 calls=11458 total_ms=47.826 avg_us=4.174 max_us=354
   1 /opt/llama.cpp/ggml/src/ggml-cuda/ggml-cuda.cu:900 calls=12 total_ms=5.793 avg_us=482.750 max_us=2480
   2 /opt/llama.cpp/ggml/src/ggml-cuda/ggml-cuda.cu:2665 calls=191 total_ms=0.214 avg_us=1.120 max_us=5
   3 /opt/llama.cpp/ggml/src/ggml-cuda/ggml-cuda.cu:847 calls=150 total_ms=0.118 avg_us=0.787 max_us=2
=== END CUDA SYNC PROFILE ===
backend-sync-trace: count=27000 backend=CUDA0 caller=ggml_backend_sched_synchronize+0x52

=== CUDA SYNC PROFILE (instrumentation only) ===
total_syncs = 27000
total_wait_ms = 15057.217
max_wait_us = 140454
sites = 5
wait_hist_us = logarithmic buckets
  hist[0] = 24743
  hist[1] = 1146
  hist[2] = 95
  hist[3] = 19
  hist[4] = 12
  hist[5] = 2
  hist[9] = 182
  hist[10] = 384
  hist[11] = 89
  hist[14] = 112
  hist[15] = 187
  hist[16] = 28
  hist[17] = 1
by_callsite (caller PC; symbolize with addr2line):
   0 caller=0x7cb3f512e0c2 calls=10896 total_ms=15048.495 avg_us=1381.103 max_us=140454
   1 caller=0x7cb3f513286c calls=8874 total_ms=3.476 avg_us=0.392 max_us=23
   2 caller=0x7cb3f513277c calls=3286 total_ms=2.736 avg_us=0.833 max_us=20
   3 caller=0x7cb3f513299d calls=3286 total_ms=1.260 avg_us=0.383 max_us=20
   4 caller=0x7cb3f5131732 calls=658 total_ms=1.250 avg_us=1.900 max_us=9
direct_cudaStreamSynchronize: calls=11852 total_ms=54.112 max_us=2480
by_direct_callsite (file:line):
   0 /opt/llama.cpp/ggml/src/ggml-cuda/ggml-cuda.cu:839 calls=11499 total_ms=47.987 avg_us=4.173 max_us=354
   1 /opt/llama.cpp/ggml/src/ggml-cuda/ggml-cuda.cu:900 calls=12 total_ms=5.793 avg_us=482.750 max_us=2480
   2 /opt/llama.cpp/ggml/src/ggml-cuda/ggml-cuda.cu:2665 calls=191 total_ms=0.214 avg_us=1.120 max_us=5
   3 /opt/llama.cpp/ggml/src/ggml-cuda/ggml-cuda.cu:847 calls=150 total_ms=0.118 avg_us=0.787 max_us=2
=== END CUDA SYNC PROFILE ===
backend-sync-trace: count=27100 backend=CUDA0 caller=ggml_backend_sched_synchronize+0x52

=== CUDA SYNC PROFILE (instrumentation only) ===
total_syncs = 27100
total_wait_ms = 15097.981
max_wait_us = 140454
sites = 5
wait_hist_us = logarithmic buckets
  hist[0] = 24837
  hist[1] = 1148
  hist[2] = 95
  hist[3] = 19
  hist[4] = 12
  hist[5] = 2
  hist[9] = 183
  hist[10] = 386
  hist[11] = 89
  hist[14] = 112
  hist[15] = 188
  hist[16] = 28
  hist[17] = 1
by_callsite (caller PC; symbolize with addr2line):
   0 caller=0x7cb3f512e0c2 calls=10939 total_ms=15089.235 avg_us=1379.398 max_us=140454
   1 caller=0x7cb3f513286c calls=8905 total_ms=3.485 avg_us=0.391 max_us=23
   2 caller=0x7cb3f513277c calls=3298 total_ms=2.744 avg_us=0.832 max_us=20
   3 caller=0x7cb3f513299d calls=3298 total_ms=1.264 avg_us=0.383 max_us=20
   4 caller=0x7cb3f5131732 calls=660 total_ms=1.253 avg_us=1.898 max_us=9
direct_cudaStreamSynchronize: calls=11893 total_ms=54.279 max_us=2480
by_direct_callsite (file:line):
   0 /opt/llama.cpp/ggml/src/ggml-cuda/ggml-cuda.cu:839 calls=11540 total_ms=48.154 avg_us=4.173 max_us=354
   1 /opt/llama.cpp/ggml/src/ggml-cuda/ggml-cuda.cu:900 calls=12 total_ms=5.793 avg_us=482.750 max_us=2480
   2 /opt/llama.cpp/ggml/src/ggml-cuda/ggml-cuda.cu:2665 calls=191 total_ms=0.214 avg_us=1.120 max_us=5
   3 /opt/llama.cpp/ggml/src/ggml-cuda/ggml-cuda.cu:847 calls=150 total_ms=0.118 avg_us=0.787 max_us=2
=== END CUDA SYNC PROFILE ===

=== CUDA SYNC PROFILE (instrumentation only) ===
total_syncs = 27115
total_wait_ms = 15097.988
max_wait_us = 140454
sites = 5
wait_hist_us = logarithmic buckets
  hist[0] = 24851
  hist[1] = 1149
  hist[2] = 95
  hist[3] = 19
  hist[4] = 12
  hist[5] = 2
  hist[9] = 183
  hist[10] = 386
  hist[11] = 89
  hist[14] = 112
  hist[15] = 188
  hist[16] = 28
  hist[17] = 1
by_callsite (caller PC; symbolize with addr2line):
   0 caller=0x7cb3f512e0c2 calls=10942 total_ms=15089.236 avg_us=1379.020 max_us=140454
   1 caller=0x7cb3f513286c calls=8909 total_ms=3.486 avg_us=0.391 max_us=23
   2 caller=0x7cb3f513277c calls=3302 total_ms=2.748 avg_us=0.832 max_us=20
   3 caller=0x7cb3f513299d calls=3302 total_ms=1.265 avg_us=0.383 max_us=20
   4 caller=0x7cb3f5131732 calls=660 total_ms=1.253 avg_us=1.898 max_us=9
direct_cudaStreamSynchronize: calls=11900 total_ms=54.325 max_us=2480
by_direct_callsite (file:line):
   0 /opt/llama.cpp/ggml/src/ggml-cuda/ggml-cuda.cu:839 calls=11547 total_ms=48.200 avg_us=4.174 max_us=354
   1 /opt/llama.cpp/ggml/src/ggml-cuda/ggml-cuda.cu:900 calls=12 total_ms=5.793 avg_us=482.750 max_us=2480
   2 /opt/llama.cpp/ggml/src/ggml-cuda/ggml-cuda.cu:2665 calls=191 total_ms=0.214 avg_us=1.120 max_us=5
   3 /opt/llama.cpp/ggml/src/ggml-cuda/ggml-cuda.cu:847 calls=150 total_ms=0.118 avg_us=0.787 max_us=2
=== END CUDA SYNC PROFILE ===
backend-sync-trace: count=27200 backend=CUDA0 caller=ggml_backend_sched_graph_compute_async_ext+0xecc

=== CUDA SYNC PROFILE (instrumentation only) ===
total_syncs = 27200
total_wait_ms = 15163.384
max_wait_us = 140454
sites = 5
wait_hist_us = logarithmic buckets
  hist[0] = 24930
  hist[1] = 1152
  hist[2] = 95
  hist[3] = 19
  hist[4] = 12
  hist[5] = 2
  hist[9] = 184
  hist[10] = 387
  hist[11] = 89
  hist[14] = 112
  hist[15] = 189
  hist[16] = 28
  hist[17] = 1
by_callsite (caller PC; symbolize with addr2line):
   0 caller=0x7cb3f512e0c2 calls=10967 total_ms=15154.599 avg_us=1381.836 max_us=140454
   1 caller=0x7cb3f513286c calls=8947 total_ms=3.504 avg_us=0.392 max_us=23
   2 caller=0x7cb3f513277c calls=3312 total_ms=2.756 avg_us=0.832 max_us=20
   3 caller=0x7cb3f513299d calls=3312 total_ms=1.268 avg_us=0.383 max_us=20
   4 caller=0x7cb3f5131732 calls=662 total_ms=1.257 avg_us=1.899 max_us=9
direct_cudaStreamSynchronize: calls=11945 total_ms=54.497 max_us=2480
by_direct_callsite (file:line):
   0 /opt/llama.cpp/ggml/src/ggml-cuda/ggml-cuda.cu:839 calls=11592 total_ms=48.372 avg_us=4.173 max_us=354
   1 /opt/llama.cpp/ggml/src/ggml-cuda/ggml-cuda.cu:900 calls=12 total_ms=5.793 avg_us=482.750 max_us=2480
   2 /opt/llama.cpp/ggml/src/ggml-cuda/ggml-cuda.cu:2665 calls=191 total_ms=0.214 avg_us=1.120 max_us=5
   3 /opt/llama.cpp/ggml/src/ggml-cuda/ggml-cuda.cu:847 calls=150 total_ms=0.118 avg_us=0.787 max_us=2
=== END CUDA SYNC PROFILE ===
backend-sync-trace: count=27300 backend=CUDA0 caller=ggml_backend_sched_synchronize+0x52

=== CUDA SYNC PROFILE (instrumentation only) ===
total_syncs = 27300
total_wait_ms = 15227.980
max_wait_us = 140454
sites = 5
wait_hist_us = logarithmic buckets
  hist[0] = 25023
  hist[1] = 1155
  hist[2] = 95
  hist[3] = 19
  hist[4] = 12
  hist[5] = 2
  hist[9] = 185
  hist[10] = 388
  hist[11] = 89
  hist[14] = 114
  hist[15] = 189
  hist[16] = 28
  hist[17] = 1
by_callsite (caller PC; symbolize with addr2line):
   0 caller=0x7cb3f512e0c2 calls=11009 total_ms=15219.164 avg_us=1382.429 max_us=140454
   1 caller=0x7cb3f513286c calls=8978 total_ms=3.516 avg_us=0.392 max_us=23
   2 caller=0x7cb3f513277c calls=3324 total_ms=2.765 avg_us=0.832 max_us=20
   3 caller=0x7cb3f513299d calls=3324 total_ms=1.273 avg_us=0.383 max_us=20
   4 caller=0x7cb3f5131732 calls=665 total_ms=1.262 avg_us=1.898 max_us=9
direct_cudaStreamSynchronize: calls=11986 total_ms=54.664 max_us=2480
by_direct_callsite (file:line):
   0 /opt/llama.cpp/ggml/src/ggml-cuda/ggml-cuda.cu:839 calls=11633 total_ms=48.539 avg_us=4.173 max_us=354
   1 /opt/llama.cpp/ggml/src/ggml-cuda/ggml-cuda.cu:900 calls=12 total_ms=5.793 avg_us=482.750 max_us=2480
   2 /opt/llama.cpp/ggml/src/ggml-cuda/ggml-cuda.cu:2665 calls=191 total_ms=0.214 avg_us=1.120 max_us=5
   3 /opt/llama.cpp/ggml/src/ggml-cuda/ggml-cuda.cu:847 calls=150 total_ms=0.118 avg_us=0.787 max_us=2
=== END CUDA SYNC PROFILE ===

=== CUDA SYNC PROFILE (instrumentation only) ===
total_syncs = 27341
total_wait_ms = 15230.998
max_wait_us = 140454
sites = 5
wait_hist_us = logarithmic buckets
  hist[0] = 25060
  hist[1] = 1157
  hist[2] = 95
  hist[3] = 19
  hist[4] = 12
  hist[5] = 2
  hist[9] = 185
  hist[10] = 390
  hist[11] = 89
  hist[14] = 114
  hist[15] = 189
  hist[16] = 28
  hist[17] = 1
by_callsite (caller PC; symbolize with addr2line):
   0 caller=0x7cb3f512e0c2 calls=11029 total_ms=15222.174 avg_us=1380.195 max_us=140454
   1 caller=0x7cb3f513286c calls=8986 total_ms=3.516 avg_us=0.391 max_us=23
   2 caller=0x7cb3f513277c calls=3330 total_ms=2.769 avg_us=0.832 max_us=20
   3 caller=0x7cb3f513299d calls=3330 total_ms=1.275 avg_us=0.383 max_us=20
   4 caller=0x7cb3f5131732 calls=666 total_ms=1.264 avg_us=1.898 max_us=9
direct_cudaStreamSynchronize: calls=12000 total_ms=54.713 max_us=2480
by_direct_callsite (file:line):
   0 /opt/llama.cpp/ggml/src/ggml-cuda/ggml-cuda.cu:839 calls=11647 total_ms=48.588 avg_us=4.172 max_us=354
   1 /opt/llama.cpp/ggml/src/ggml-cuda/ggml-cuda.cu:900 calls=12 total_ms=5.793 avg_us=482.750 max_us=2480
   2 /opt/llama.cpp/ggml/src/ggml-cuda/ggml-cuda.cu:2665 calls=191 total_ms=0.214 avg_us=1.120 max_us=5
   3 /opt/llama.cpp/ggml/src/ggml-cuda/ggml-cuda.cu:847 calls=150 total_ms=0.118 avg_us=0.787 max_us=2
=== END CUDA SYNC PROFILE ===
backend-sync-trace: count=27400 backend=CUDA0 caller=ggml_backend_sched_graph_compute_async_ext+0xecc

=== CUDA SYNC PROFILE (instrumentation only) ===
total_syncs = 27400
total_wait_ms = 15264.559
max_wait_us = 140454
sites = 5
wait_hist_us = logarithmic buckets
  hist[0] = 25117
  hist[1] = 1158
  hist[2] = 95
  hist[3] = 19
  hist[4] = 12
  hist[5] = 2
  hist[9] = 185
  hist[10] = 390
  hist[11] = 89
  hist[14] = 114
  hist[15] = 190
  hist[16] = 28
  hist[17] = 1
by_callsite (caller PC; symbolize with addr2line):
   0 caller=0x7cb3f512e0c2 calls=11052 total_ms=15255.721 avg_us=1380.358 max_us=140454
   1 caller=0x7cb3f513286c calls=9008 total_ms=3.525 avg_us=0.391 max_us=23
   2 caller=0x7cb3f513277c calls=3336 total_ms=2.771 avg_us=0.831 max_us=20
   3 caller=0x7cb3f513299d calls=3336 total_ms=1.276 avg_us=0.382 max_us=20
   4 caller=0x7cb3f5131732 calls=668 total_ms=1.266 avg_us=1.895 max_us=9
direct_cudaStreamSynchronize: calls=12025 total_ms=54.822 max_us=2480
by_direct_callsite (file:line):
   0 /opt/llama.cpp/ggml/src/ggml-cuda/ggml-cuda.cu:839 calls=11672 total_ms=48.697 avg_us=4.172 max_us=354
   1 /opt/llama.cpp/ggml/src/ggml-cuda/ggml-cuda.cu:900 calls=12 total_ms=5.793 avg_us=482.750 max_us=2480
   2 /opt/llama.cpp/ggml/src/ggml-cuda/ggml-cuda.cu:2665 calls=191 total_ms=0.214 avg_us=1.120 max_us=5
   3 /opt/llama.cpp/ggml/src/ggml-cuda/ggml-cuda.cu:847 calls=150 total_ms=0.118 avg_us=0.787 max_us=2
=== END CUDA SYNC PROFILE ===
backend-sync-trace: count=27500 backend=CUDA0 caller=ggml_backend_sched_graph_compute_async_ext+0xddc

=== CUDA SYNC PROFILE (instrumentation only) ===
total_syncs = 27500
total_wait_ms = 15307.997
max_wait_us = 140454
sites = 5
wait_hist_us = logarithmic buckets
  hist[0] = 25208
  hist[1] = 1162
  hist[2] = 95
  hist[3] = 19
  hist[4] = 12
  hist[5] = 2
  hist[9] = 185
  hist[10] = 393
  hist[11] = 90
  hist[14] = 114
  hist[15] = 191
  hist[16] = 28
  hist[17] = 1
by_callsite (caller PC; symbolize with addr2line):
   0 caller=0x7cb3f512e0c2 calls=11091 total_ms=15299.126 avg_us=1379.418 max_us=140454
   1 caller=0x7cb3f513286c calls=9040 total_ms=3.540 avg_us=0.392 max_us=23
   2 caller=0x7cb3f513277c calls=3350 total_ms=2.782 avg_us=0.830 max_us=20
   3 caller=0x7cb3f513299d calls=3349 total_ms=1.279 avg_us=0.382 max_us=20
   4 caller=0x7cb3f5131732 calls=670 total_ms=1.270 avg_us=1.896 max_us=9
direct_cudaStreamSynchronize: calls=12069 total_ms=54.996 max_us=2480
by_direct_callsite (file:line):
   0 /opt/llama.cpp/ggml/src/ggml-cuda/ggml-cuda.cu:839 calls=11716 total_ms=48.871 avg_us=4.171 max_us=354
   1 /opt/llama.cpp/ggml/src/ggml-cuda/ggml-cuda.cu:900 calls=12 total_ms=5.793 avg_us=482.750 max_us=2480
   2 /opt/llama.cpp/ggml/src/ggml-cuda/ggml-cuda.cu:2665 calls=191 total_ms=0.214 avg_us=1.120 max_us=5
   3 /opt/llama.cpp/ggml/src/ggml-cuda/ggml-cuda.cu:847 calls=150 total_ms=0.118 avg_us=0.787 max_us=2
=== END CUDA SYNC PROFILE ===

=== CUDA SYNC PROFILE (instrumentation only) ===
total_syncs = 27573
total_wait_ms = 15383.886
max_wait_us = 140454
sites = 5
wait_hist_us = logarithmic buckets
  hist[0] = 25277
  hist[1] = 1164
  hist[2] = 95
  hist[3] = 19
  hist[4] = 12
  hist[5] = 2
  hist[9] = 186
  hist[10] = 393
  hist[11] = 90
  hist[14] = 114
  hist[15] = 191
  hist[16] = 29
  hist[17] = 1
by_callsite (caller PC; symbolize with addr2line):
   0 caller=0x7cb3f512e0c2 calls=11121 total_ms=15374.994 avg_us=1382.519 max_us=140454
   1 caller=0x7cb3f513286c calls=9064 total_ms=3.549 avg_us=0.392 max_us=23
   2 caller=0x7cb3f513277c calls=3358 total_ms=2.786 avg_us=0.830 max_us=20
   3 caller=0x7cb3f513299d calls=3358 total_ms=1.283 avg_us=0.382 max_us=20
   4 caller=0x7cb3f5131732 calls=672 total_ms=1.274 avg_us=1.896 max_us=9
direct_cudaStreamSynchronize: calls=12100 total_ms=55.124 max_us=2480
by_direct_callsite (file:line):
   0 /opt/llama.cpp/ggml/src/ggml-cuda/ggml-cuda.cu:839 calls=11747 total_ms=48.999 avg_us=4.171 max_us=354
   1 /opt/llama.cpp/ggml/src/ggml-cuda/ggml-cuda.cu:900 calls=12 total_ms=5.793 avg_us=482.750 max_us=2480
   2 /opt/llama.cpp/ggml/src/ggml-cuda/ggml-cuda.cu:2665 calls=191 total_ms=0.214 avg_us=1.120 max_us=5
   3 /opt/llama.cpp/ggml/src/ggml-cuda/ggml-cuda.cu:847 calls=150 total_ms=0.118 avg_us=0.787 max_us=2
=== END CUDA SYNC PROFILE ===
backend-sync-trace: count=27600 backend=CUDA0 caller=ggml_backend_sched_graph_compute_async_ext+0xecc

=== CUDA SYNC PROFILE (instrumentation only) ===
total_syncs = 27600
total_wait_ms = 15384.828
max_wait_us = 140454
sites = 5
wait_hist_us = logarithmic buckets
  hist[0] = 25302
  hist[1] = 1165
  hist[2] = 95
  hist[3] = 19
  hist[4] = 12
  hist[5] = 2
  hist[9] = 187
  hist[10] = 393
  hist[11] = 90
  hist[14] = 114
  hist[15] = 191
  hist[16] = 29
  hist[17] = 1
by_callsite (caller PC; symbolize with addr2line):
   0 caller=0x7cb3f512e0c2 calls=11128 total_ms=15375.925 avg_us=1381.733 max_us=140454
   1 caller=0x7cb3f513286c calls=9076 total_ms=3.554 avg_us=0.392 max_us=23
   2 caller=0x7cb3f513277c calls=3362 total_ms=2.791 avg_us=0.830 max_us=20
   3 caller=0x7cb3f513299d calls=3362 total_ms=1.284 avg_us=0.382 max_us=20
   4 caller=0x7cb3f5131732 calls=672 total_ms=1.274 avg_us=1.896 max_us=9
direct_cudaStreamSynchronize: calls=12114 total_ms=55.188 max_us=2480
by_direct_callsite (file:line):
   0 /opt/llama.cpp/ggml/src/ggml-cuda/ggml-cuda.cu:839 calls=11761 total_ms=49.063 avg_us=4.172 max_us=354
   1 /opt/llama.cpp/ggml/src/ggml-cuda/ggml-cuda.cu:900 calls=12 total_ms=5.793 avg_us=482.750 max_us=2480
   2 /opt/llama.cpp/ggml/src/ggml-cuda/ggml-cuda.cu:2665 calls=191 total_ms=0.214 avg_us=1.120 max_us=5
   3 /opt/llama.cpp/ggml/src/ggml-cuda/ggml-cuda.cu:847 calls=150 total_ms=0.118 avg_us=0.787 max_us=2
=== END CUDA SYNC PROFILE ===
backend-sync-trace: count=27700 backend=CUDA0 caller=ggml_backend_sched_graph_compute_async_ext+0xecc

=== CUDA SYNC PROFILE (instrumentation only) ===
total_syncs = 27700
total_wait_ms = 15460.314
max_wait_us = 140454
sites = 5
wait_hist_us = logarithmic buckets
  hist[0] = 25394
  hist[1] = 1169
  hist[2] = 95
  hist[3] = 19
  hist[4] = 12
  hist[5] = 2
  hist[9] = 188
  hist[10] = 394
  hist[11] = 90
  hist[14] = 114
  hist[15] = 193
  hist[16] = 29
  hist[17] = 1
by_callsite (caller PC; symbolize with addr2line):
   0 caller=0x7cb3f512e0c2 calls=11167 total_ms=15451.380 avg_us=1383.664 max_us=140454
   1 caller=0x7cb3f513286c calls=9110 total_ms=3.568 avg_us=0.392 max_us=23
   2 caller=0x7cb3f513277c calls=3374 total_ms=2.799 avg_us=0.830 max_us=20
   3 caller=0x7cb3f513299d calls=3374 total_ms=1.288 avg_us=0.382 max_us=20
   4 caller=0x7cb3f5131732 calls=675 total_ms=1.279 avg_us=1.895 max_us=9
direct_cudaStreamSynchronize: calls=12158 total_ms=55.371 max_us=2480
by_direct_callsite (file:line):
   0 /opt/llama.cpp/ggml/src/ggml-cuda/ggml-cuda.cu:839 calls=11805 total_ms=49.246 avg_us=4.172 max_us=354
   1 /opt/llama.cpp/ggml/src/ggml-cuda/ggml-cuda.cu:900 calls=12 total_ms=5.793 avg_us=482.750 max_us=2480
   2 /opt/llama.cpp/ggml/src/ggml-cuda/ggml-cuda.cu:2665 calls=191 total_ms=0.214 avg_us=1.120 max_us=5
   3 /opt/llama.cpp/ggml/src/ggml-cuda/ggml-cuda.cu:847 calls=150 total_ms=0.118 avg_us=0.787 max_us=2
=== END CUDA SYNC PROFILE ===
backend-sync-trace: count=27800 backend=CUDA0 caller=ggml_backend_sched_graph_compute_async_ext+0xddc

=== CUDA SYNC PROFILE (instrumentation only) ===
total_syncs = 27800
total_wait_ms = 15494.072
max_wait_us = 140454
sites = 5
wait_hist_us = logarithmic buckets
  hist[0] = 25488
  hist[1] = 1172
  hist[2] = 95
  hist[3] = 19
  hist[4] = 12
  hist[5] = 2
  hist[9] = 189
  hist[10] = 395
  hist[11] = 90
  hist[14] = 115
  hist[15] = 193
  hist[16] = 29
  hist[17] = 1
by_callsite (caller PC; symbolize with addr2line):
   0 caller=0x7cb3f512e0c2 calls=11213 total_ms=15485.108 avg_us=1380.996 max_us=140454
   1 caller=0x7cb3f513286c calls=9140 total_ms=3.579 avg_us=0.392 max_us=23
   2 caller=0x7cb3f513277c calls=3385 total_ms=2.808 avg_us=0.830 max_us=20
   3 caller=0x7cb3f513299d calls=3384 total_ms=1.293 avg_us=0.382 max_us=20
   4 caller=0x7cb3f5131732 calls=678 total_ms=1.284 avg_us=1.894 max_us=9
direct_cudaStreamSynchronize: calls=12196 total_ms=55.520 max_us=2480
by_direct_callsite (file:line):
   0 /opt/llama.cpp/ggml/src/ggml-cuda/ggml-cuda.cu:839 calls=11843 total_ms=49.395 avg_us=4.171 max_us=354
   1 /opt/llama.cpp/ggml/src/ggml-cuda/ggml-cuda.cu:900 calls=12 total_ms=5.793 avg_us=482.750 max_us=2480
   2 /opt/llama.cpp/ggml/src/ggml-cuda/ggml-cuda.cu:2665 calls=191 total_ms=0.214 avg_us=1.120 max_us=5
   3 /opt/llama.cpp/ggml/src/ggml-cuda/ggml-cuda.cu:847 calls=150 total_ms=0.118 avg_us=0.787 max_us=2
=== END CUDA SYNC PROFILE ===

=== CUDA SYNC PROFILE (instrumentation only) ===
total_syncs = 27805
total_wait_ms = 15494.074
max_wait_us = 140454
sites = 5
wait_hist_us = logarithmic buckets
  hist[0] = 25493
  hist[1] = 1172
  hist[2] = 95
  hist[3] = 19
  hist[4] = 12
  hist[5] = 2
  hist[9] = 189
  hist[10] = 395
  hist[11] = 90
  hist[14] = 115
  hist[15] = 193
  hist[16] = 29
  hist[17] = 1
by_callsite (caller PC; symbolize with addr2line):
   0 caller=0x7cb3f512e0c2 calls=11213 total_ms=15485.108 avg_us=1380.996 max_us=140454
   1 caller=0x7cb3f513286c calls=9142 total_ms=3.580 avg_us=0.392 max_us=23
   2 caller=0x7cb3f513277c calls=3386 total_ms=2.809 avg_us=0.830 max_us=20
   3 caller=0x7cb3f513299d calls=3386 total_ms=1.293 avg_us=0.382 max_us=20
   4 caller=0x7cb3f5131732 calls=678 total_ms=1.284 avg_us=1.894 max_us=9
direct_cudaStreamSynchronize: calls=12200 total_ms=55.535 max_us=2480
by_direct_callsite (file:line):
   0 /opt/llama.cpp/ggml/src/ggml-cuda/ggml-cuda.cu:839 calls=11847 total_ms=49.410 avg_us=4.171 max_us=354
   1 /opt/llama.cpp/ggml/src/ggml-cuda/ggml-cuda.cu:900 calls=12 total_ms=5.793 avg_us=482.750 max_us=2480
   2 /opt/llama.cpp/ggml/src/ggml-cuda/ggml-cuda.cu:2665 calls=191 total_ms=0.214 avg_us=1.120 max_us=5
   3 /opt/llama.cpp/ggml/src/ggml-cuda/ggml-cuda.cu:847 calls=150 total_ms=0.118 avg_us=0.787 max_us=2
=== END CUDA SYNC PROFILE ===
backend-sync-trace: count=27900 backend=CUDA0 caller=ggml_backend_sched_synchronize+0x52

=== CUDA SYNC PROFILE (instrumentation only) ===
total_syncs = 27900
total_wait_ms = 15529.929
max_wait_us = 140454
sites = 5
wait_hist_us = logarithmic buckets
  hist[0] = 25581
  hist[1] = 1175
  hist[2] = 95
  hist[3] = 19
  hist[4] = 12
  hist[5] = 2
  hist[9] = 191
  hist[10] = 396
  hist[11] = 90
  hist[14] = 116
  hist[15] = 193
  hist[16] = 29
  hist[17] = 1
by_callsite (caller PC; symbolize with addr2line):
   0 caller=0x7cb3f512e0c2 calls=11257 total_ms=15520.939 avg_us=1378.781 max_us=140454
   1 caller=0x7cb3f513286c calls=9171 total_ms=3.591 avg_us=0.392 max_us=23
   2 caller=0x7cb3f513277c calls=3396 total_ms=2.817 avg_us=0.830 max_us=20
   3 caller=0x7cb3f513299d calls=3396 total_ms=1.294 avg_us=0.381 max_us=20
   4 caller=0x7cb3f5131732 calls=680 total_ms=1.288 avg_us=1.894 max_us=9
direct_cudaStreamSynchronize: calls=12237 total_ms=55.680 max_us=2480
by_direct_callsite (file:line):
   0 /opt/llama.cpp/ggml/src/ggml-cuda/ggml-cuda.cu:839 calls=11884 total_ms=49.555 avg_us=4.170 max_us=354
   1 /opt/llama.cpp/ggml/src/ggml-cuda/ggml-cuda.cu:900 calls=12 total_ms=5.793 avg_us=482.750 max_us=2480
   2 /opt/llama.cpp/ggml/src/ggml-cuda/ggml-cuda.cu:2665 calls=191 total_ms=0.214 avg_us=1.120 max_us=5
   3 /opt/llama.cpp/ggml/src/ggml-cuda/ggml-cuda.cu:847 calls=150 total_ms=0.118 avg_us=0.787 max_us=2
=== END CUDA SYNC PROFILE ===
backend-sync-trace: count=28000 backend=CUDA0 caller=ggml_backend_sched_graph_compute_async_ext+0xecc

=== CUDA SYNC PROFILE (instrumentation only) ===
total_syncs = 28000
total_wait_ms = 15585.978
max_wait_us = 140454
sites = 5
wait_hist_us = logarithmic buckets
  hist[0] = 25674
  hist[1] = 1178
  hist[2] = 95
  hist[3] = 19
  hist[4] = 12
  hist[5] = 2
  hist[9] = 191
  hist[10] = 398
  hist[11] = 91
  hist[14] = 116
  hist[15] = 194
  hist[16] = 29
  hist[17] = 1
by_callsite (caller PC; symbolize with addr2line):
   0 caller=0x7cb3f512e0c2 calls=11289 total_ms=15576.952 avg_us=1379.835 max_us=140454
   1 caller=0x7cb3f513286c calls=9205 total_ms=3.606 avg_us=0.392 max_us=23
   2 caller=0x7cb3f513277c calls=3412 total_ms=2.829 avg_us=0.829 max_us=20
   3 caller=0x7cb3f513299d calls=3412 total_ms=1.300 avg_us=0.381 max_us=20
   4 caller=0x7cb3f5131732 calls=682 total_ms=1.291 avg_us=1.893 max_us=9
direct_cudaStreamSynchronize: calls=12283 total_ms=55.860 max_us=2480
by_direct_callsite (file:line):
   0 /opt/llama.cpp/ggml/src/ggml-cuda/ggml-cuda.cu:839 calls=11930 total_ms=49.735 avg_us=4.169 max_us=354
   1 /opt/llama.cpp/ggml/src/ggml-cuda/ggml-cuda.cu:900 calls=12 total_ms=5.793 avg_us=482.750 max_us=2480
   2 /opt/llama.cpp/ggml/src/ggml-cuda/ggml-cuda.cu:2665 calls=191 total_ms=0.214 avg_us=1.120 max_us=5
   3 /opt/llama.cpp/ggml/src/ggml-cuda/ggml-cuda.cu:847 calls=150 total_ms=0.118 avg_us=0.787 max_us=2
=== END CUDA SYNC PROFILE ===

=== CUDA SYNC PROFILE (instrumentation only) ===
total_syncs = 28021
total_wait_ms = 15627.275
max_wait_us = 140454
sites = 5
wait_hist_us = logarithmic buckets
  hist[0] = 25694
  hist[1] = 1178
  hist[2] = 95
  hist[3] = 19
  hist[4] = 12
  hist[5] = 2
  hist[9] = 191
  hist[10] = 398
  hist[11] = 91
  hist[14] = 116
  hist[15] = 195
  hist[16] = 29
  hist[17] = 1
by_callsite (caller PC; symbolize with addr2line):
   0 caller=0x7cb3f512e0c2 calls=11291 total_ms=15618.242 avg_us=1383.247 max_us=140454
   1 caller=0x7cb3f513286c calls=9219 total_ms=3.611 avg_us=0.392 max_us=23
   2 caller=0x7cb3f513277c calls=3414 total_ms=2.830 avg_us=0.829 max_us=20
   3 caller=0x7cb3f513299d calls=3414 total_ms=1.300 avg_us=0.381 max_us=20
   4 caller=0x7cb3f5131732 calls=683 total_ms=1.292 avg_us=1.892 max_us=9
direct_cudaStreamSynchronize: calls=12300 total_ms=55.940 max_us=2480
by_direct_callsite (file:line):
   0 /opt/llama.cpp/ggml/src/ggml-cuda/ggml-cuda.cu:839 calls=11947 total_ms=49.815 avg_us=4.170 max_us=354
   1 /opt/llama.cpp/ggml/src/ggml-cuda/ggml-cuda.cu:900 calls=12 total_ms=5.793 avg_us=482.750 max_us=2480
   2 /opt/llama.cpp/ggml/src/ggml-cuda/ggml-cuda.cu:2665 calls=191 total_ms=0.214 avg_us=1.120 max_us=5
   3 /opt/llama.cpp/ggml/src/ggml-cuda/ggml-cuda.cu:847 calls=150 total_ms=0.118 avg_us=0.787 max_us=2
=== END CUDA SYNC PROFILE ===
backend-sync-trace: count=28100 backend=CUDA0 caller=ggml_backend_sched_synchronize+0x52

=== CUDA SYNC PROFILE (instrumentation only) ===
total_syncs = 28100
total_wait_ms = 15687.056
max_wait_us = 140454
sites = 5
wait_hist_us = logarithmic buckets
  hist[0] = 25766
  hist[1] = 1182
  hist[2] = 95
  hist[3] = 19
  hist[4] = 12
  hist[5] = 2
  hist[9] = 191
  hist[10] = 399
  hist[11] = 92
  hist[14] = 116
  hist[15] = 196
  hist[16] = 29
  hist[17] = 1
by_callsite (caller PC; symbolize with addr2line):
   0 caller=0x7cb3f512e0c2 calls=11328 total_ms=15678.002 avg_us=1384.004 max_us=140454
   1 caller=0x7cb3f513286c calls=9244 total_ms=3.619 avg_us=0.391 max_us=23
   2 caller=0x7cb3f513277c calls=3422 total_ms=2.840 avg_us=0.830 max_us=20
   3 caller=0x7cb3f513299d calls=3422 total_ms=1.301 avg_us=0.380 max_us=20
   4 caller=0x7cb3f5131732 calls=684 total_ms=1.294 avg_us=1.892 max_us=9
direct_cudaStreamSynchronize: calls=12331 total_ms=56.054 max_us=2480
by_direct_callsite (file:line):
   0 /opt/llama.cpp/ggml/src/ggml-cuda/ggml-cuda.cu:839 calls=11978 total_ms=49.929 avg_us=4.168 max_us=354
   1 /opt/llama.cpp/ggml/src/ggml-cuda/ggml-cuda.cu:900 calls=12 total_ms=5.793 avg_us=482.750 max_us=2480
   2 /opt/llama.cpp/ggml/src/ggml-cuda/ggml-cuda.cu:2665 calls=191 total_ms=0.214 avg_us=1.120 max_us=5
   3 /opt/llama.cpp/ggml/src/ggml-cuda/ggml-cuda.cu:847 calls=150 total_ms=0.118 avg_us=0.787 max_us=2
=== END CUDA SYNC PROFILE ===
backend-sync-trace: count=28200 backend=CUDA0 caller=ggml_backend_sched_synchronize+0x52

=== CUDA SYNC PROFILE (instrumentation only) ===
total_syncs = 28200
total_wait_ms = 15730.648
max_wait_us = 140454
sites = 5
wait_hist_us = logarithmic buckets
  hist[0] = 25860
  hist[1] = 1185
  hist[2] = 95
  hist[3] = 19
  hist[4] = 12
  hist[5] = 2
  hist[9] = 192
  hist[10] = 400
  hist[11] = 92
  hist[14] = 116
  hist[15] = 197
  hist[16] = 29
  hist[17] = 1
by_callsite (caller PC; symbolize with addr2line):
   0 caller=0x7cb3f512e0c2 calls=11370 total_ms=15721.563 avg_us=1382.723 max_us=140454
   1 caller=0x7cb3f513286c calls=9275 total_ms=3.633 avg_us=0.392 max_us=23
   2 caller=0x7cb3f513277c calls=3434 total_ms=2.850 avg_us=0.830 max_us=20
   3 caller=0x7cb3f513299d calls=3434 total_ms=1.303 avg_us=0.379 max_us=20
   4 caller=0x7cb3f5131732 calls=687 total_ms=1.299 avg_us=1.891 max_us=9
direct_cudaStreamSynchronize: calls=12371 total_ms=56.229 max_us=2480
by_direct_callsite (file:line):
   0 /opt/llama.cpp/ggml/src/ggml-cuda/ggml-cuda.cu:839 calls=12018 total_ms=50.104 avg_us=4.169 max_us=354
   1 /opt/llama.cpp/ggml/src/ggml-cuda/ggml-cuda.cu:900 calls=12 total_ms=5.793 avg_us=482.750 max_us=2480
   2 /opt/llama.cpp/ggml/src/ggml-cuda/ggml-cuda.cu:2665 calls=191 total_ms=0.214 avg_us=1.120 max_us=5
   3 /opt/llama.cpp/ggml/src/ggml-cuda/ggml-cuda.cu:847 calls=150 total_ms=0.118 avg_us=0.787 max_us=2
=== END CUDA SYNC PROFILE ===

=== CUDA SYNC PROFILE (instrumentation only) ===
total_syncs = 28269
total_wait_ms = 15733.992
max_wait_us = 140454
sites = 5
wait_hist_us = logarithmic buckets
  hist[0] = 25925
  hist[1] = 1187
  hist[2] = 95
  hist[3] = 19
  hist[4] = 12
  hist[5] = 2
  hist[9] = 192
  hist[10] = 401
  hist[11] = 93
  hist[14] = 116
  hist[15] = 197
  hist[16] = 29
  hist[17] = 1
by_callsite (caller PC; symbolize with addr2line):
   0 caller=0x7cb3f512e0c2 calls=11400 total_ms=15724.887 avg_us=1379.376 max_us=140454
   1 caller=0x7cb3f513286c calls=9297 total_ms=3.640 avg_us=0.392 max_us=23
   2 caller=0x7cb3f513277c calls=3442 total_ms=2.857 avg_us=0.830 max_us=20
   3 caller=0x7cb3f513299d calls=3442 total_ms=1.307 avg_us=0.380 max_us=20
   4 caller=0x7cb3f5131732 calls=688 total_ms=1.301 avg_us=1.891 max_us=9
direct_cudaStreamSynchronize: calls=12400 total_ms=56.340 max_us=2480
by_direct_callsite (file:line):
   0 /opt/llama.cpp/ggml/src/ggml-cuda/ggml-cuda.cu:839 calls=12047 total_ms=50.215 avg_us=4.168 max_us=354
   1 /opt/llama.cpp/ggml/src/ggml-cuda/ggml-cuda.cu:900 calls=12 total_ms=5.793 avg_us=482.750 max_us=2480
   2 /opt/llama.cpp/ggml/src/ggml-cuda/ggml-cuda.cu:2665 calls=191 total_ms=0.214 avg_us=1.120 max_us=5
   3 /opt/llama.cpp/ggml/src/ggml-cuda/ggml-cuda.cu:847 calls=150 total_ms=0.118 avg_us=0.787 max_us=2
=== END CUDA SYNC PROFILE ===
backend-sync-trace: count=28300 backend=CUDA0 caller=ggml_backend_sched_synchronize+0x52

=== CUDA SYNC PROFILE (instrumentation only) ===
total_syncs = 28300
total_wait_ms = 15773.592
max_wait_us = 140454
sites = 5
wait_hist_us = logarithmic buckets
  hist[0] = 25953
  hist[1] = 1189
  hist[2] = 95
  hist[3] = 19
  hist[4] = 12
  hist[5] = 2
  hist[9] = 192
  hist[10] = 401
  hist[11] = 93
  hist[14] = 116
  hist[15] = 198
  hist[16] = 29
  hist[17] = 1
by_callsite (caller PC; symbolize with addr2line):
   0 caller=0x7cb3f512e0c2 calls=11421 total_ms=15764.481 avg_us=1380.307 max_us=140454
   1 caller=0x7cb3f513286c calls=9302 total_ms=3.643 avg_us=0.392 max_us=23
   2 caller=0x7cb3f513277c calls=3444 total_ms=2.858 avg_us=0.830 max_us=20
   3 caller=0x7cb3f513299d calls=3444 total_ms=1.307 avg_us=0.380 max_us=20
   4 caller=0x7cb3f5131732 calls=689 total_ms=1.303 avg_us=1.891 max_us=9
direct_cudaStreamSynchronize: calls=12406 total_ms=56.369 max_us=2480
by_direct_callsite (file:line):
   0 /opt/llama.cpp/ggml/src/ggml-cuda/ggml-cuda.cu:839 calls=12053 total_ms=50.244 avg_us=4.169 max_us=354
   1 /opt/llama.cpp/ggml/src/ggml-cuda/ggml-cuda.cu:900 calls=12 total_ms=5.793 avg_us=482.750 max_us=2480
   2 /opt/llama.cpp/ggml/src/ggml-cuda/ggml-cuda.cu:2665 calls=191 total_ms=0.214 avg_us=1.120 max_us=5
   3 /opt/llama.cpp/ggml/src/ggml-cuda/ggml-cuda.cu:847 calls=150 total_ms=0.118 avg_us=0.787 max_us=2
=== END CUDA SYNC PROFILE ===
backend-sync-trace: count=28400 backend=CUDA0 caller=ggml_backend_sched_synchronize+0x52

=== CUDA SYNC PROFILE (instrumentation only) ===
total_syncs = 28400
total_wait_ms = 15808.759
max_wait_us = 140454
sites = 5
wait_hist_us = logarithmic buckets
  hist[0] = 26046
  hist[1] = 1192
  hist[2] = 95
  hist[3] = 19
  hist[4] = 12
  hist[5] = 2
  hist[9] = 193
  hist[10] = 403
  hist[11] = 93
  hist[14] = 117
  hist[15] = 198
  hist[16] = 29
  hist[17] = 1
by_callsite (caller PC; symbolize with addr2line):
   0 caller=0x7cb3f512e0c2 calls=11463 total_ms=15799.621 avg_us=1378.315 max_us=140454
   1 caller=0x7cb3f513286c calls=9333 total_ms=3.650 avg_us=0.391 max_us=23
   2 caller=0x7cb3f513277c calls=3456 total_ms=2.870 avg_us=0.830 max_us=20
   3 caller=0x7cb3f513299d calls=3456 total_ms=1.310 avg_us=0.379 max_us=20
   4 caller=0x7cb3f5131732 calls=692 total_ms=1.308 avg_us=1.890 max_us=9
direct_cudaStreamSynchronize: calls=12447 total_ms=56.529 max_us=2480
by_direct_callsite (file:line):
   0 /opt/llama.cpp/ggml/src/ggml-cuda/ggml-cuda.cu:839 calls=12094 total_ms=50.404 avg_us=4.168 max_us=354
   1 /opt/llama.cpp/ggml/src/ggml-cuda/ggml-cuda.cu:900 calls=12 total_ms=5.793 avg_us=482.750 max_us=2480
   2 /opt/llama.cpp/ggml/src/ggml-cuda/ggml-cuda.cu:2665 calls=191 total_ms=0.214 avg_us=1.120 max_us=5
   3 /opt/llama.cpp/ggml/src/ggml-cuda/ggml-cuda.cu:847 calls=150 total_ms=0.118 avg_us=0.787 max_us=2
=== END CUDA SYNC PROFILE ===
backend-sync-trace: count=28500 backend=CUDA0 caller=ggml_backend_sched_graph_compute_async_ext+0xddc

=== CUDA SYNC PROFILE (instrumentation only) ===
total_syncs = 28500
total_wait_ms = 15854.893
max_wait_us = 140454
sites = 5
wait_hist_us = logarithmic buckets
  hist[0] = 26137
  hist[1] = 1197
  hist[2] = 95
  hist[3] = 19
  hist[4] = 12
  hist[5] = 2
  hist[9] = 193
  hist[10] = 405
  hist[11] = 94
  hist[14] = 117
  hist[15] = 199
  hist[16] = 29
  hist[17] = 1
by_callsite (caller PC; symbolize with addr2line):
   0 caller=0x7cb3f512e0c2 calls=11505 total_ms=15845.724 avg_us=1377.290 max_us=140454
   1 caller=0x7cb3f513286c calls=9364 total_ms=3.661 avg_us=0.391 max_us=23
   2 caller=0x7cb3f513277c calls=3469 total_ms=2.882 avg_us=0.831 max_us=20
   3 caller=0x7cb3f513299d calls=3468 total_ms=1.314 avg_us=0.379 max_us=20
   4 caller=0x7cb3f5131732 calls=694 total_ms=1.312 avg_us=1.890 max_us=9
direct_cudaStreamSynchronize: calls=12488 total_ms=56.703 max_us=2480
by_direct_callsite (file:line):
   0 /opt/llama.cpp/ggml/src/ggml-cuda/ggml-cuda.cu:839 calls=12135 total_ms=50.578 avg_us=4.168 max_us=354
   1 /opt/llama.cpp/ggml/src/ggml-cuda/ggml-cuda.cu:900 calls=12 total_ms=5.793 avg_us=482.750 max_us=2480
   2 /opt/llama.cpp/ggml/src/ggml-cuda/ggml-cuda.cu:2665 calls=191 total_ms=0.214 avg_us=1.120 max_us=5
   3 /opt/llama.cpp/ggml/src/ggml-cuda/ggml-cuda.cu:847 calls=150 total_ms=0.118 avg_us=0.787 max_us=2
=== END CUDA SYNC PROFILE ===

=== CUDA SYNC PROFILE (instrumentation only) ===
total_syncs = 28516
total_wait_ms = 15854.898
max_wait_us = 140454
sites = 5
wait_hist_us = logarithmic buckets
  hist[0] = 26153
  hist[1] = 1197
  hist[2] = 95
  hist[3] = 19
  hist[4] = 12
  hist[5] = 2
  hist[9] = 193
  hist[10] = 405
  hist[11] = 94
  hist[14] = 117
  hist[15] = 199
  hist[16] = 29
  hist[17] = 1
by_callsite (caller PC; symbolize with addr2line):
   0 caller=0x7cb3f512e0c2 calls=11505 total_ms=15845.724 avg_us=1377.290 max_us=140454
   1 caller=0x7cb3f513286c calls=9373 total_ms=3.664 avg_us=0.391 max_us=23
   2 caller=0x7cb3f513277c calls=3472 total_ms=2.884 avg_us=0.831 max_us=20
   3 caller=0x7cb3f513299d calls=3472 total_ms=1.314 avg_us=0.378 max_us=20
   4 caller=0x7cb3f5131732 calls=694 total_ms=1.312 avg_us=1.890 max_us=9
direct_cudaStreamSynchronize: calls=12500 total_ms=56.762 max_us=2480
by_direct_callsite (file:line):
   0 /opt/llama.cpp/ggml/src/ggml-cuda/ggml-cuda.cu:839 calls=12147 total_ms=50.637 avg_us=4.169 max_us=354
   1 /opt/llama.cpp/ggml/src/ggml-cuda/ggml-cuda.cu:900 calls=12 total_ms=5.793 avg_us=482.750 max_us=2480
   2 /opt/llama.cpp/ggml/src/ggml-cuda/ggml-cuda.cu:2665 calls=191 total_ms=0.214 avg_us=1.120 max_us=5
   3 /opt/llama.cpp/ggml/src/ggml-cuda/ggml-cuda.cu:847 calls=150 total_ms=0.118 avg_us=0.787 max_us=2
=== END CUDA SYNC PROFILE ===
backend-sync-trace: count=28600 backend=CUDA0 caller=ggml_backend_sched_graph_compute_async_ext+0xecc

=== CUDA SYNC PROFILE (instrumentation only) ===
total_syncs = 28600
total_wait_ms = 15900.695
max_wait_us = 140454
sites = 5
wait_hist_us = logarithmic buckets
  hist[0] = 26231
  hist[1] = 1200
  hist[2] = 95
  hist[3] = 19
  hist[4] = 12
  hist[5] = 2
  hist[9] = 193
  hist[10] = 405
  hist[11] = 96
  hist[14] = 117
  hist[15] = 200
  hist[16] = 29
  hist[17] = 1
by_callsite (caller PC; symbolize with addr2line):
   0 caller=0x7cb3f512e0c2 calls=11542 total_ms=15891.495 avg_us=1376.841 max_us=140454
   1 caller=0x7cb3f513286c calls=9398 total_ms=3.675 avg_us=0.391 max_us=23
   2 caller=0x7cb3f513277c calls=3482 total_ms=2.893 avg_us=0.831 max_us=20
   3 caller=0x7cb3f5131732 calls=696 total_ms=1.316 avg_us=1.891 max_us=9
   4 caller=0x7cb3f513299d calls=3482 total_ms=1.316 avg_us=0.378 max_us=20
direct_cudaStreamSynchronize: calls=12532 total_ms=56.910 max_us=2480
by_direct_callsite (file:line):
   0 /opt/llama.cpp/ggml/src/ggml-cuda/ggml-cuda.cu:839 calls=12179 total_ms=50.785 avg_us=4.170 max_us=354
   1 /opt/llama.cpp/ggml/src/ggml-cuda/ggml-cuda.cu:900 calls=12 total_ms=5.793 avg_us=482.750 max_us=2480
   2 /opt/llama.cpp/ggml/src/ggml-cuda/ggml-cuda.cu:2665 calls=191 total_ms=0.214 avg_us=1.120 max_us=5
   3 /opt/llama.cpp/ggml/src/ggml-cuda/ggml-cuda.cu:847 calls=150 total_ms=0.118 avg_us=0.787 max_us=2
=== END CUDA SYNC PROFILE ===
backend-sync-trace: count=28700 backend=CUDA0 caller=ggml_backend_sched_graph_compute_async_ext+0xddc

=== CUDA SYNC PROFILE (instrumentation only) ===
total_syncs = 28700
total_wait_ms = 16070.379
max_wait_us = 140454
sites = 5
wait_hist_us = logarithmic buckets
  hist[0] = 26325
  hist[1] = 1202
  hist[2] = 95
  hist[3] = 19
  hist[4] = 12
  hist[5] = 2
  hist[9] = 193
  hist[10] = 406
  hist[11] = 97
  hist[14] = 117
  hist[15] = 200
  hist[16] = 31
  hist[17] = 1
by_callsite (caller PC; symbolize with addr2line):
   0 caller=0x7cb3f512e0c2 calls=11581 total_ms=16061.150 avg_us=1386.853 max_us=140454
   1 caller=0x7cb3f513286c calls=9433 total_ms=3.688 avg_us=0.391 max_us=23
   2 caller=0x7cb3f513277c calls=3494 total_ms=2.901 avg_us=0.830 max_us=20
   3 caller=0x7cb3f5131732 calls=699 total_ms=1.320 avg_us=1.888 max_us=9
   4 caller=0x7cb3f513299d calls=3493 total_ms=1.320 avg_us=0.378 max_us=20
direct_cudaStreamSynchronize: calls=12577 total_ms=57.084 max_us=2480
by_direct_callsite (file:line):
   0 /opt/llama.cpp/ggml/src/ggml-cuda/ggml-cuda.cu:839 calls=12224 total_ms=50.959 avg_us=4.169 max_us=354
   1 /opt/llama.cpp/ggml/src/ggml-cuda/ggml-cuda.cu:900 calls=12 total_ms=5.793 avg_us=482.750 max_us=2480
   2 /opt/llama.cpp/ggml/src/ggml-cuda/ggml-cuda.cu:2665 calls=191 total_ms=0.214 avg_us=1.120 max_us=5
   3 /opt/llama.cpp/ggml/src/ggml-cuda/ggml-cuda.cu:847 calls=150 total_ms=0.118 avg_us=0.787 max_us=2
=== END CUDA SYNC PROFILE ===

=== CUDA SYNC PROFILE (instrumentation only) ===
total_syncs = 28769
total_wait_ms = 16074.207
max_wait_us = 140454
sites = 5
wait_hist_us = logarithmic buckets
  hist[0] = 26390
  hist[1] = 1204
  hist[2] = 95
  hist[3] = 19
  hist[4] = 12
  hist[5] = 2
  hist[9] = 193
  hist[10] = 407
  hist[11] = 98
  hist[14] = 117
  hist[15] = 200
  hist[16] = 31
  hist[17] = 1
by_callsite (caller PC; symbolize with addr2line):
   0 caller=0x7cb3f512e0c2 calls=11616 total_ms=16064.958 avg_us=1383.003 max_us=140454
   1 caller=0x7cb3f513286c calls=9449 total_ms=3.698 avg_us=0.391 max_us=23
   2 caller=0x7cb3f513277c calls=3502 total_ms=2.906 avg_us=0.830 max_us=20
   3 caller=0x7cb3f513299d calls=3502 total_ms=1.323 avg_us=0.378 max_us=20
   4 caller=0x7cb3f5131732 calls=700 total_ms=1.322 avg_us=1.889 max_us=9
direct_cudaStreamSynchronize: calls=12600 total_ms=57.188 max_us=2480
by_direct_callsite (file:line):
   0 /opt/llama.cpp/ggml/src/ggml-cuda/ggml-cuda.cu:839 calls=12247 total_ms=51.063 avg_us=4.169 max_us=354
   1 /opt/llama.cpp/ggml/src/ggml-cuda/ggml-cuda.cu:900 calls=12 total_ms=5.793 avg_us=482.750 max_us=2480
   2 /opt/llama.cpp/ggml/src/ggml-cuda/ggml-cuda.cu:2665 calls=191 total_ms=0.214 avg_us=1.120 max_us=5
   3 /opt/llama.cpp/ggml/src/ggml-cuda/ggml-cuda.cu:847 calls=150 total_ms=0.118 avg_us=0.787 max_us=2
=== END CUDA SYNC PROFILE ===
backend-sync-trace: count=28800 backend=CUDA0 caller=ggml_backend_sched_synchronize+0x52

=== CUDA SYNC PROFILE (instrumentation only) ===
total_syncs = 28800
total_wait_ms = 16120.046
max_wait_us = 140454
sites = 5
wait_hist_us = logarithmic buckets
  hist[0] = 26419
  hist[1] = 1205
  hist[2] = 95
  hist[3] = 19
  hist[4] = 12
  hist[5] = 2
  hist[9] = 193
  hist[10] = 407
  hist[11] = 98
  hist[14] = 117
  hist[15] = 201
  hist[16] = 31
  hist[17] = 1
by_callsite (caller PC; symbolize with addr2line):
   0 caller=0x7cb3f512e0c2 calls=11627 total_ms=16110.787 avg_us=1385.636 max_us=140454
   1 caller=0x7cb3f513286c calls=9464 total_ms=3.704 avg_us=0.391 max_us=23
   2 caller=0x7cb3f513277c calls=3504 total_ms=2.908 avg_us=0.830 max_us=20
   3 caller=0x7cb3f5131732 calls=701 total_ms=1.324 avg_us=1.889 max_us=9
   4 caller=0x7cb3f513299d calls=3504 total_ms=1.323 avg_us=0.378 max_us=20
direct_cudaStreamSynchronize: calls=12616 total_ms=57.245 max_us=2480
by_direct_callsite (file:line):
   0 /opt/llama.cpp/ggml/src/ggml-cuda/ggml-cuda.cu:839 calls=12263 total_ms=51.120 avg_us=4.169 max_us=354
   1 /opt/llama.cpp/ggml/src/ggml-cuda/ggml-cuda.cu:900 calls=12 total_ms=5.793 avg_us=482.750 max_us=2480
   2 /opt/llama.cpp/ggml/src/ggml-cuda/ggml-cuda.cu:2665 calls=191 total_ms=0.214 avg_us=1.120 max_us=5
   3 /opt/llama.cpp/ggml/src/ggml-cuda/ggml-cuda.cu:847 calls=150 total_ms=0.118 avg_us=0.787 max_us=2
=== END CUDA SYNC PROFILE ===
backend-sync-trace: count=28900 backend=CUDA0 caller=ggml_backend_sched_graph_compute_async_ext+0xecc

=== CUDA SYNC PROFILE (instrumentation only) ===
total_syncs = 28900
total_wait_ms = 16154.421
max_wait_us = 140454
sites = 5
wait_hist_us = logarithmic buckets
  hist[0] = 26512
  hist[1] = 1208
  hist[2] = 95
  hist[3] = 19
  hist[4] = 13
  hist[5] = 2
  hist[9] = 194
  hist[10] = 408
  hist[11] = 98
  hist[14] = 118
  hist[15] = 201
  hist[16] = 31
  hist[17] = 1
by_callsite (caller PC; symbolize with addr2line):
   0 caller=0x7cb3f512e0c2 calls=11670 total_ms=16145.116 avg_us=1383.472 max_us=140454
   1 caller=0x7cb3f513286c calls=9494 total_ms=3.716 avg_us=0.391 max_us=23
   2 caller=0x7cb3f513277c calls=3516 total_ms=2.917 avg_us=0.830 max_us=20
   3 caller=0x7cb3f5131732 calls=704 total_ms=1.344 avg_us=1.909 max_us=16
   4 caller=0x7cb3f513299d calls=3516 total_ms=1.328 avg_us=0.378 max_us=20
direct_cudaStreamSynchronize: calls=12655 total_ms=57.404 max_us=2480
by_direct_callsite (file:line):
   0 /opt/llama.cpp/ggml/src/ggml-cuda/ggml-cuda.cu:839 calls=12302 total_ms=51.279 avg_us=4.168 max_us=354
   1 /opt/llama.cpp/ggml/src/ggml-cuda/ggml-cuda.cu:900 calls=12 total_ms=5.793 avg_us=482.750 max_us=2480
   2 /opt/llama.cpp/ggml/src/ggml-cuda/ggml-cuda.cu:2665 calls=191 total_ms=0.214 avg_us=1.120 max_us=5
   3 /opt/llama.cpp/ggml/src/ggml-cuda/ggml-cuda.cu:847 calls=150 total_ms=0.118 avg_us=0.787 max_us=2
=== END CUDA SYNC PROFILE ===
backend-sync-trace: count=29000 backend=CUDA0 caller=ggml_backend_sched_synchronize+0x52

=== CUDA SYNC PROFILE (instrumentation only) ===
total_syncs = 29000
total_wait_ms = 16199.634
max_wait_us = 140454
sites = 5
wait_hist_us = logarithmic buckets
  hist[0] = 26605
  hist[1] = 1210
  hist[2] = 95
  hist[3] = 19
  hist[4] = 13
  hist[5] = 2
  hist[9] = 195
  hist[10] = 411
  hist[11] = 98
  hist[14] = 118
  hist[15] = 202
  hist[16] = 31
  hist[17] = 1
by_callsite (caller PC; symbolize with addr2line):
   0 caller=0x7cb3f512e0c2 calls=11712 total_ms=16190.301 avg_us=1382.369 max_us=140454
   1 caller=0x7cb3f513286c calls=9526 total_ms=3.727 avg_us=0.391 max_us=23
   2 caller=0x7cb3f513277c calls=3528 total_ms=2.926 avg_us=0.829 max_us=20
   3 caller=0x7cb3f5131732 calls=706 total_ms=1.347 avg_us=1.908 max_us=16
   4 caller=0x7cb3f513299d calls=3528 total_ms=1.333 avg_us=0.378 max_us=20
direct_cudaStreamSynchronize: calls=12698 total_ms=57.570 max_us=2480
by_direct_callsite (file:line):
   0 /opt/llama.cpp/ggml/src/ggml-cuda/ggml-cuda.cu:839 calls=12345 total_ms=51.445 avg_us=4.167 max_us=354
   1 /opt/llama.cpp/ggml/src/ggml-cuda/ggml-cuda.cu:900 calls=12 total_ms=5.793 avg_us=482.750 max_us=2480
   2 /opt/llama.cpp/ggml/src/ggml-cuda/ggml-cuda.cu:2665 calls=191 total_ms=0.214 avg_us=1.120 max_us=5
   3 /opt/llama.cpp/ggml/src/ggml-cuda/ggml-cuda.cu:847 calls=150 total_ms=0.118 avg_us=0.787 max_us=2
=== END CUDA SYNC PROFILE ===

=== CUDA SYNC PROFILE (instrumentation only) ===
total_syncs = 29007
total_wait_ms = 16199.640
max_wait_us = 140454
sites = 5
wait_hist_us = logarithmic buckets
  hist[0] = 26611
  hist[1] = 1211
  hist[2] = 95
  hist[3] = 19
  hist[4] = 13
  hist[5] = 2
  hist[9] = 195
  hist[10] = 411
  hist[11] = 98
  hist[14] = 118
  hist[15] = 202
  hist[16] = 31
  hist[17] = 1
by_callsite (caller PC; symbolize with addr2line):
   0 caller=0x7cb3f512e0c2 calls=11715 total_ms=16190.302 avg_us=1382.015 max_us=140454
   1 caller=0x7cb3f513286c calls=9526 total_ms=3.727 avg_us=0.391 max_us=23
   2 caller=0x7cb3f513277c calls=3530 total_ms=2.929 avg_us=0.830 max_us=20
   3 caller=0x7cb3f5131732 calls=706 total_ms=1.347 avg_us=1.908 max_us=16
   4 caller=0x7cb3f513299d calls=3530 total_ms=1.335 avg_us=0.378 max_us=20
direct_cudaStreamSynchronize: calls=12700 total_ms=57.577 max_us=2480
by_direct_callsite (file:line):
   0 /opt/llama.cpp/ggml/src/ggml-cuda/ggml-cuda.cu:839 calls=12347 total_ms=51.452 avg_us=4.167 max_us=354
   1 /opt/llama.cpp/ggml/src/ggml-cuda/ggml-cuda.cu:900 calls=12 total_ms=5.793 avg_us=482.750 max_us=2480
   2 /opt/llama.cpp/ggml/src/ggml-cuda/ggml-cuda.cu:2665 calls=191 total_ms=0.214 avg_us=1.120 max_us=5
   3 /opt/llama.cpp/ggml/src/ggml-cuda/ggml-cuda.cu:847 calls=150 total_ms=0.118 avg_us=0.787 max_us=2
=== END CUDA SYNC PROFILE ===
backend-sync-trace: count=29100 backend=CUDA0 caller=ggml_backend_sched_graph_compute_async_ext+0xecc

=== CUDA SYNC PROFILE (instrumentation only) ===
total_syncs = 29100
total_wait_ms = 16240.786
max_wait_us = 140454
sites = 5
wait_hist_us = logarithmic buckets
  hist[0] = 26698
  hist[1] = 1214
  hist[2] = 95
  hist[3] = 19
  hist[4] = 13
  hist[5] = 2
  hist[9] = 196
  hist[10] = 412
  hist[11] = 98
  hist[14] = 118
  hist[15] = 203
  hist[16] = 31
  hist[17] = 1
by_callsite (caller PC; symbolize with addr2line):
   0 caller=0x7cb3f512e0c2 calls=11752 total_ms=16231.418 avg_us=1381.162 max_us=140454
   1 caller=0x7cb3f513286c calls=9556 total_ms=3.742 avg_us=0.392 max_us=23
   2 caller=0x7cb3f513277c calls=3542 total_ms=2.935 avg_us=0.829 max_us=20
   3 caller=0x7cb3f5131732 calls=708 total_ms=1.351 avg_us=1.908 max_us=16
   4 caller=0x7cb3f513299d calls=3542 total_ms=1.340 avg_us=0.378 max_us=20
direct_cudaStreamSynchronize: calls=12738 total_ms=57.753 max_us=2480
by_direct_callsite (file:line):
   0 /opt/llama.cpp/ggml/src/ggml-cuda/ggml-cuda.cu:839 calls=12385 total_ms=51.628 avg_us=4.169 max_us=354
   1 /opt/llama.cpp/ggml/src/ggml-cuda/ggml-cuda.cu:900 calls=12 total_ms=5.793 avg_us=482.750 max_us=2480
   2 /opt/llama.cpp/ggml/src/ggml-cuda/ggml-cuda.cu:2665 calls=191 total_ms=0.214 avg_us=1.120 max_us=5
   3 /opt/llama.cpp/ggml/src/ggml-cuda/ggml-cuda.cu:847 calls=150 total_ms=0.118 avg_us=0.787 max_us=2
=== END CUDA SYNC PROFILE ===
backend-sync-trace: count=29200 backend=CUDA0 caller=ggml_backend_sched_synchronize+0x52

=== CUDA SYNC PROFILE (instrumentation only) ===
total_syncs = 29200
total_wait_ms = 16315.245
max_wait_us = 140454
sites = 5
wait_hist_us = logarithmic buckets
  hist[0] = 26791
  hist[1] = 1217
  hist[2] = 95
  hist[3] = 19
  hist[4] = 13
  hist[5] = 2
  hist[9] = 196
  hist[10] = 414
  hist[11] = 98
  hist[14] = 118
  hist[15] = 205
  hist[16] = 31
  hist[17] = 1
by_callsite (caller PC; symbolize with addr2line):
   0 caller=0x7cb3f512e0c2 calls=11791 total_ms=16305.846 avg_us=1382.906 max_us=140454
   1 caller=0x7cb3f513286c calls=9595 total_ms=3.757 avg_us=0.392 max_us=23
   2 caller=0x7cb3f513277c calls=3552 total_ms=2.944 avg_us=0.829 max_us=20
   3 caller=0x7cb3f5131732 calls=710 total_ms=1.354 avg_us=1.907 max_us=16
   4 caller=0x7cb3f513299d calls=3552 total_ms=1.344 avg_us=0.378 max_us=20
direct_cudaStreamSynchronize: calls=12786 total_ms=57.949 max_us=2480
by_direct_callsite (file:line):
   0 /opt/llama.cpp/ggml/src/ggml-cuda/ggml-cuda.cu:839 calls=12433 total_ms=51.824 avg_us=4.168 max_us=354
   1 /opt/llama.cpp/ggml/src/ggml-cuda/ggml-cuda.cu:900 calls=12 total_ms=5.793 avg_us=482.750 max_us=2480
   2 /opt/llama.cpp/ggml/src/ggml-cuda/ggml-cuda.cu:2665 calls=191 total_ms=0.214 avg_us=1.120 max_us=5
   3 /opt/llama.cpp/ggml/src/ggml-cuda/ggml-cuda.cu:847 calls=150 total_ms=0.118 avg_us=0.787 max_us=2
=== END CUDA SYNC PROFILE ===

=== CUDA SYNC PROFILE (instrumentation only) ===
total_syncs = 29239
total_wait_ms = 16316.207
max_wait_us = 140454
sites = 5
wait_hist_us = logarithmic buckets
  hist[0] = 26827
  hist[1] = 1219
  hist[2] = 95
  hist[3] = 19
  hist[4] = 13
  hist[5] = 2
  hist[9] = 197
  hist[10] = 414
  hist[11] = 98
  hist[14] = 118
  hist[15] = 205
  hist[16] = 31
  hist[17] = 1
by_callsite (caller PC; symbolize with addr2line):
   0 caller=0x7cb3f512e0c2 calls=11807 total_ms=16306.794 avg_us=1381.112 max_us=140454
   1 caller=0x7cb3f513286c calls=9604 total_ms=3.761 avg_us=0.392 max_us=23
   2 caller=0x7cb3f513277c calls=3558 total_ms=2.948 avg_us=0.829 max_us=20
   3 caller=0x7cb3f5131732 calls=712 total_ms=1.358 avg_us=1.907 max_us=16
   4 caller=0x7cb3f513299d calls=3558 total_ms=1.346 avg_us=0.378 max_us=20
direct_cudaStreamSynchronize: calls=12800 total_ms=58.007 max_us=2480
by_direct_callsite (file:line):
   0 /opt/llama.cpp/ggml/src/ggml-cuda/ggml-cuda.cu:839 calls=12447 total_ms=51.882 avg_us=4.168 max_us=354
   1 /opt/llama.cpp/ggml/src/ggml-cuda/ggml-cuda.cu:900 calls=12 total_ms=5.793 avg_us=482.750 max_us=2480
   2 /opt/llama.cpp/ggml/src/ggml-cuda/ggml-cuda.cu:2665 calls=191 total_ms=0.214 avg_us=1.120 max_us=5
   3 /opt/llama.cpp/ggml/src/ggml-cuda/ggml-cuda.cu:847 calls=150 total_ms=0.118 avg_us=0.787 max_us=2
=== END CUDA SYNC PROFILE ===
backend-sync-trace: count=29300 backend=CUDA0 caller=ggml_backend_sched_synchronize+0x52

=== CUDA SYNC PROFILE (instrumentation only) ===
total_syncs = 29300
total_wait_ms = 16353.271
max_wait_us = 140454
sites = 5
wait_hist_us = logarithmic buckets
  hist[0] = 26883
  hist[1] = 1222
  hist[2] = 95
  hist[3] = 19
  hist[4] = 13
  hist[5] = 2
  hist[9] = 198
  hist[10] = 414
  hist[11] = 98
  hist[14] = 118
  hist[15] = 206
  hist[16] = 31
  hist[17] = 1
by_callsite (caller PC; symbolize with addr2line):
   0 caller=0x7cb3f512e0c2 calls=11833 total_ms=16343.842 avg_us=1381.209 max_us=140454
   1 caller=0x7cb3f513286c calls=9626 total_ms=3.767 avg_us=0.391 max_us=23
   2 caller=0x7cb3f513277c calls=3564 total_ms=2.955 avg_us=0.829 max_us=20
   3 caller=0x7cb3f5131732 calls=713 total_ms=1.360 avg_us=1.907 max_us=16
   4 caller=0x7cb3f513299d calls=3564 total_ms=1.347 avg_us=0.378 max_us=20
direct_cudaStreamSynchronize: calls=12826 total_ms=58.115 max_us=2480
by_direct_callsite (file:line):
   0 /opt/llama.cpp/ggml/src/ggml-cuda/ggml-cuda.cu:839 calls=12473 total_ms=51.990 avg_us=4.168 max_us=354
   1 /opt/llama.cpp/ggml/src/ggml-cuda/ggml-cuda.cu:900 calls=12 total_ms=5.793 avg_us=482.750 max_us=2480
   2 /opt/llama.cpp/ggml/src/ggml-cuda/ggml-cuda.cu:2665 calls=191 total_ms=0.214 avg_us=1.120 max_us=5
   3 /opt/llama.cpp/ggml/src/ggml-cuda/ggml-cuda.cu:847 calls=150 total_ms=0.118 avg_us=0.787 max_us=2
=== END CUDA SYNC PROFILE ===
backend-sync-trace: count=29400 backend=CUDA0 caller=ggml_backend_sched_graph_compute_async_ext+0xecc

=== CUDA SYNC PROFILE (instrumentation only) ===
total_syncs = 29400
total_wait_ms = 16401.220
max_wait_us = 140454
sites = 5
wait_hist_us = logarithmic buckets
  hist[0] = 26974
  hist[1] = 1227
  hist[2] = 95
  hist[3] = 19
  hist[4] = 13
  hist[5] = 2
  hist[9] = 199
  hist[10] = 415
  hist[11] = 99
  hist[14] = 118
  hist[15] = 207
  hist[16] = 31
  hist[17] = 1
by_callsite (caller PC; symbolize with addr2line):
   0 caller=0x7cb3f512e0c2 calls=11869 total_ms=16391.758 avg_us=1381.056 max_us=140454
   1 caller=0x7cb3f513286c calls=9659 total_ms=3.780 avg_us=0.391 max_us=23
   2 caller=0x7cb3f513277c calls=3578 total_ms=2.966 avg_us=0.829 max_us=20
   3 caller=0x7cb3f5131732 calls=716 total_ms=1.366 avg_us=1.908 max_us=16
   4 caller=0x7cb3f513299d calls=3578 total_ms=1.350 avg_us=0.377 max_us=20
direct_cudaStreamSynchronize: calls=12870 total_ms=58.284 max_us=2480
by_direct_callsite (file:line):
   0 /opt/llama.cpp/ggml/src/ggml-cuda/ggml-cuda.cu:839 calls=12517 total_ms=52.159 avg_us=4.167 max_us=354
   1 /opt/llama.cpp/ggml/src/ggml-cuda/ggml-cuda.cu:900 calls=12 total_ms=5.793 avg_us=482.750 max_us=2480
   2 /opt/llama.cpp/ggml/src/ggml-cuda/ggml-cuda.cu:2665 calls=191 total_ms=0.214 avg_us=1.120 max_us=5
   3 /opt/llama.cpp/ggml/src/ggml-cuda/ggml-cuda.cu:847 calls=150 total_ms=0.118 avg_us=0.787 max_us=2
=== END CUDA SYNC PROFILE ===

=== CUDA SYNC PROFILE (instrumentation only) ===
total_syncs = 29471
total_wait_ms = 16455.018
max_wait_us = 140454
sites = 5
wait_hist_us = logarithmic buckets
  hist[0] = 27038
  hist[1] = 1231
  hist[2] = 96
  hist[3] = 19
  hist[4] = 13
  hist[5] = 2
  hist[9] = 200
  hist[10] = 415
  hist[11] = 99
  hist[14] = 118
  hist[15] = 208
  hist[16] = 31
  hist[17] = 1
by_callsite (caller PC; symbolize with addr2line):
   0 caller=0x7cb3f512e0c2 calls=11899 total_ms=16445.535 avg_us=1382.094 max_us=140454
   1 caller=0x7cb3f513286c calls=9682 total_ms=3.787 avg_us=0.391 max_us=23
   2 caller=0x7cb3f513277c calls=3586 total_ms=2.973 avg_us=0.829 max_us=20
   3 caller=0x7cb3f5131732 calls=718 total_ms=1.371 avg_us=1.909 max_us=16
   4 caller=0x7cb3f513299d calls=3586 total_ms=1.352 avg_us=0.377 max_us=20
direct_cudaStreamSynchronize: calls=12900 total_ms=58.406 max_us=2480
by_direct_callsite (file:line):
   0 /opt/llama.cpp/ggml/src/ggml-cuda/ggml-cuda.cu:839 calls=12547 total_ms=52.281 avg_us=4.167 max_us=354
   1 /opt/llama.cpp/ggml/src/ggml-cuda/ggml-cuda.cu:900 calls=12 total_ms=5.793 avg_us=482.750 max_us=2480
   2 /opt/llama.cpp/ggml/src/ggml-cuda/ggml-cuda.cu:2665 calls=191 total_ms=0.214 avg_us=1.120 max_us=5
   3 /opt/llama.cpp/ggml/src/ggml-cuda/ggml-cuda.cu:847 calls=150 total_ms=0.118 avg_us=0.787 max_us=2
=== END CUDA SYNC PROFILE ===
backend-sync-trace: count=29500 backend=CUDA0 caller=ggml_backend_sched_graph_compute_async_ext+0xddc

=== CUDA SYNC PROFILE (instrumentation only) ===
total_syncs = 29500
total_wait_ms = 16457.190
max_wait_us = 140454
sites = 5
wait_hist_us = logarithmic buckets
  hist[0] = 27064
  hist[1] = 1232
  hist[2] = 96
  hist[3] = 19
  hist[4] = 13
  hist[5] = 2
  hist[9] = 201
  hist[10] = 416
  hist[11] = 99
  hist[14] = 118
  hist[15] = 208
  hist[16] = 31
  hist[17] = 1
by_callsite (caller PC; symbolize with addr2line):
   0 caller=0x7cb3f512e0c2 calls=11913 total_ms=16447.697 avg_us=1380.651 max_us=140454
   1 caller=0x7cb3f513286c calls=9688 total_ms=3.791 avg_us=0.391 max_us=23
   2 caller=0x7cb3f513277c calls=3591 total_ms=2.978 avg_us=0.829 max_us=20
   3 caller=0x7cb3f5131732 calls=718 total_ms=1.371 avg_us=1.909 max_us=16
   4 caller=0x7cb3f513299d calls=3590 total_ms=1.353 avg_us=0.377 max_us=20
direct_cudaStreamSynchronize: calls=12910 total_ms=58.437 max_us=2480
by_direct_callsite (file:line):
   0 /opt/llama.cpp/ggml/src/ggml-cuda/ggml-cuda.cu:839 calls=12557 total_ms=52.312 avg_us=4.166 max_us=354
   1 /opt/llama.cpp/ggml/src/ggml-cuda/ggml-cuda.cu:900 calls=12 total_ms=5.793 avg_us=482.750 max_us=2480
   2 /opt/llama.cpp/ggml/src/ggml-cuda/ggml-cuda.cu:2665 calls=191 total_ms=0.214 avg_us=1.120 max_us=5
   3 /opt/llama.cpp/ggml/src/ggml-cuda/ggml-cuda.cu:847 calls=150 total_ms=0.118 avg_us=0.787 max_us=2
=== END CUDA SYNC PROFILE ===
backend-sync-trace: count=29600 backend=CUDA0 caller=ggml_backend_sched_graph_compute_async_ext+0xecc

=== CUDA SYNC PROFILE (instrumentation only) ===
total_syncs = 29600
total_wait_ms = 16499.422
max_wait_us = 140454
sites = 5
wait_hist_us = logarithmic buckets
  hist[0] = 27156
  hist[1] = 1235
  hist[2] = 97
  hist[3] = 19
  hist[4] = 14
  hist[5] = 2
  hist[9] = 202
  hist[10] = 417
  hist[11] = 99
  hist[14] = 118
  hist[15] = 209
  hist[16] = 31
  hist[17] = 1
by_callsite (caller PC; symbolize with addr2line):
   0 caller=0x7cb3f512e0c2 calls=11950 total_ms=16489.896 avg_us=1379.908 max_us=140454
   1 caller=0x7cb3f513286c calls=9726 total_ms=3.806 avg_us=0.391 max_us=23
   2 caller=0x7cb3f513277c calls=3602 total_ms=2.986 avg_us=0.829 max_us=20
   3 caller=0x7cb3f5131732 calls=720 total_ms=1.376 avg_us=1.911 max_us=16
   4 caller=0x7cb3f513299d calls=3602 total_ms=1.358 avg_us=0.377 max_us=20
direct_cudaStreamSynchronize: calls=12956 total_ms=58.641 max_us=2480
by_direct_callsite (file:line):
   0 /opt/llama.cpp/ggml/src/ggml-cuda/ggml-cuda.cu:839 calls=12603 total_ms=52.516 avg_us=4.167 max_us=354
   1 /opt/llama.cpp/ggml/src/ggml-cuda/ggml-cuda.cu:900 calls=12 total_ms=5.793 avg_us=482.750 max_us=2480
   2 /opt/llama.cpp/ggml/src/ggml-cuda/ggml-cuda.cu:2665 calls=191 total_ms=0.214 avg_us=1.120 max_us=5
   3 /opt/llama.cpp/ggml/src/ggml-cuda/ggml-cuda.cu:847 calls=150 total_ms=0.118 avg_us=0.787 max_us=2
=== END CUDA SYNC PROFILE ===

=== CUDA SYNC PROFILE (instrumentation only) ===
total_syncs = 29687
total_wait_ms = 16566.312
max_wait_us = 140454
sites = 5
wait_hist_us = logarithmic buckets
  hist[0] = 27235
  hist[1] = 1239
  hist[2] = 97
  hist[3] = 19
  hist[4] = 14
  hist[5] = 2
  hist[9] = 202
  hist[10] = 419
  hist[11] = 99
  hist[14] = 119
  hist[15] = 210
  hist[16] = 31
  hist[17] = 1
by_callsite (caller PC; symbolize with addr2line):
   0 caller=0x7cb3f512e0c2 calls=11977 total_ms=16556.754 avg_us=1382.379 max_us=140454
   1 caller=0x7cb3f513286c calls=9759 total_ms=3.819 avg_us=0.391 max_us=23
   2 caller=0x7cb3f513277c calls=3614 total_ms=2.994 avg_us=0.828 max_us=20
   3 caller=0x7cb3f5131732 calls=723 total_ms=1.381 avg_us=1.910 max_us=16
   4 caller=0x7cb3f513299d calls=3614 total_ms=1.364 avg_us=0.377 max_us=20
direct_cudaStreamSynchronize: calls=13000 total_ms=58.822 max_us=2480
by_direct_callsite (file:line):
   0 /opt/llama.cpp/ggml/src/ggml-cuda/ggml-cuda.cu:839 calls=12647 total_ms=52.697 avg_us=4.167 max_us=354
   1 /opt/llama.cpp/ggml/src/ggml-cuda/ggml-cuda.cu:900 calls=12 total_ms=5.793 avg_us=482.750 max_us=2480
   2 /opt/llama.cpp/ggml/src/ggml-cuda/ggml-cuda.cu:2665 calls=191 total_ms=0.214 avg_us=1.120 max_us=5
   3 /opt/llama.cpp/ggml/src/ggml-cuda/ggml-cuda.cu:847 calls=150 total_ms=0.118 avg_us=0.787 max_us=2
=== END CUDA SYNC PROFILE ===
backend-sync-trace: count=29700 backend=CUDA0 caller=ggml_backend_sched_synchronize+0x52

=== CUDA SYNC PROFILE (instrumentation only) ===
total_syncs = 29700
total_wait_ms = 16566.317
max_wait_us = 140454
sites = 5
wait_hist_us = logarithmic buckets
  hist[0] = 27248
  hist[1] = 1239
  hist[2] = 97
  hist[3] = 19
  hist[4] = 14
  hist[5] = 2
  hist[9] = 202
  hist[10] = 419
  hist[11] = 99
  hist[14] = 119
  hist[15] = 210
  hist[16] = 31
  hist[17] = 1
by_callsite (caller PC; symbolize with addr2line):
   0 caller=0x7cb3f512e0c2 calls=11988 total_ms=16556.758 avg_us=1381.111 max_us=140454
   1 caller=0x7cb3f513286c calls=9761 total_ms=3.820 avg_us=0.391 max_us=23
   2 caller=0x7cb3f513277c calls=3614 total_ms=2.994 avg_us=0.828 max_us=20
   3 caller=0x7cb3f5131732 calls=723 total_ms=1.381 avg_us=1.910 max_us=16
   4 caller=0x7cb3f513299d calls=3614 total_ms=1.364 avg_us=0.377 max_us=20
direct_cudaStreamSynchronize: calls=13001 total_ms=58.825 max_us=2480
by_direct_callsite (file:line):
   0 /opt/llama.cpp/ggml/src/ggml-cuda/ggml-cuda.cu:839 calls=12648 total_ms=52.700 avg_us=4.167 max_us=354
   1 /opt/llama.cpp/ggml/src/ggml-cuda/ggml-cuda.cu:900 calls=12 total_ms=5.793 avg_us=482.750 max_us=2480
   2 /opt/llama.cpp/ggml/src/ggml-cuda/ggml-cuda.cu:2665 calls=191 total_ms=0.214 avg_us=1.120 max_us=5
   3 /opt/llama.cpp/ggml/src/ggml-cuda/ggml-cuda.cu:847 calls=150 total_ms=0.118 avg_us=0.787 max_us=2
=== END CUDA SYNC PROFILE ===
backend-sync-trace: count=29800 backend=CUDA0 caller=ggml_backend_sched_synchronize+0x52

=== CUDA SYNC PROFILE (instrumentation only) ===
total_syncs = 29800
total_wait_ms = 16627.354
max_wait_us = 140454
sites = 5
wait_hist_us = logarithmic buckets
  hist[0] = 27339
  hist[1] = 1244
  hist[2] = 97
  hist[3] = 19
  hist[4] = 14
  hist[5] = 2
  hist[9] = 202
  hist[10] = 422
  hist[11] = 99
  hist[14] = 119
  hist[15] = 211
  hist[16] = 31
  hist[17] = 1
by_callsite (caller PC; symbolize with addr2line):
   0 caller=0x7cb3f512e0c2 calls=12030 total_ms=16617.767 avg_us=1381.361 max_us=140454
   1 caller=0x7cb3f513286c calls=9792 total_ms=3.829 avg_us=0.391 max_us=23
   2 caller=0x7cb3f513277c calls=3626 total_ms=3.003 avg_us=0.828 max_us=20
   3 caller=0x7cb3f5131732 calls=726 total_ms=1.387 avg_us=1.910 max_us=16
   4 caller=0x7cb3f513299d calls=3626 total_ms=1.368 avg_us=0.377 max_us=20
direct_cudaStreamSynchronize: calls=13042 total_ms=58.984 max_us=2480
by_direct_callsite (file:line):
   0 /opt/llama.cpp/ggml/src/ggml-cuda/ggml-cuda.cu:839 calls=12689 total_ms=52.859 avg_us=4.166 max_us=354
   1 /opt/llama.cpp/ggml/src/ggml-cuda/ggml-cuda.cu:900 calls=12 total_ms=5.793 avg_us=482.750 max_us=2480
   2 /opt/llama.cpp/ggml/src/ggml-cuda/ggml-cuda.cu:2665 calls=191 total_ms=0.214 avg_us=1.120 max_us=5
   3 /opt/llama.cpp/ggml/src/ggml-cuda/ggml-cuda.cu:847 calls=150 total_ms=0.118 avg_us=0.787 max_us=2
=== END CUDA SYNC PROFILE ===
backend-sync-trace: count=29900 backend=CUDA0 caller=ggml_backend_sched_graph_compute_async_ext+0xecc

=== CUDA SYNC PROFILE (instrumentation only) ===
total_syncs = 29900
total_wait_ms = 16676.918
max_wait_us = 140454
sites = 5
wait_hist_us = logarithmic buckets
  hist[0] = 27432
  hist[1] = 1248
  hist[2] = 97
  hist[3] = 19
  hist[4] = 14
  hist[5] = 2
  hist[9] = 202
  hist[10] = 424
  hist[11] = 99
  hist[14] = 119
  hist[15] = 212
  hist[16] = 31
  hist[17] = 1
by_callsite (caller PC; symbolize with addr2line):
   0 caller=0x7cb3f512e0c2 calls=12073 total_ms=16667.303 avg_us=1380.544 max_us=140454
   1 caller=0x7cb3f513286c calls=9823 total_ms=3.840 avg_us=0.391 max_us=23
   2 caller=0x7cb3f513277c calls=3638 total_ms=3.012 avg_us=0.828 max_us=20
   3 caller=0x7cb3f5131732 calls=728 total_ms=1.391 avg_us=1.911 max_us=16
   4 caller=0x7cb3f513299d calls=3638 total_ms=1.372 avg_us=0.377 max_us=20
direct_cudaStreamSynchronize: calls=13082 total_ms=59.145 max_us=2480
by_direct_callsite (file:line):
   0 /opt/llama.cpp/ggml/src/ggml-cuda/ggml-cuda.cu:839 calls=12729 total_ms=53.020 avg_us=4.165 max_us=354
   1 /opt/llama.cpp/ggml/src/ggml-cuda/ggml-cuda.cu:900 calls=12 total_ms=5.793 avg_us=482.750 max_us=2480
   2 /opt/llama.cpp/ggml/src/ggml-cuda/ggml-cuda.cu:2665 calls=191 total_ms=0.214 avg_us=1.120 max_us=5
   3 /opt/llama.cpp/ggml/src/ggml-cuda/ggml-cuda.cu:847 calls=150 total_ms=0.118 avg_us=0.787 max_us=2
=== END CUDA SYNC PROFILE ===

=== CUDA SYNC PROFILE (instrumentation only) ===
total_syncs = 29929
total_wait_ms = 16678.425
max_wait_us = 140454
sites = 5
wait_hist_us = logarithmic buckets
  hist[0] = 27459
  hist[1] = 1249
  hist[2] = 97
  hist[3] = 19
  hist[4] = 14
  hist[5] = 2
  hist[9] = 202
  hist[10] = 425
  hist[11] = 99
  hist[14] = 119
  hist[15] = 212
  hist[16] = 31
  hist[17] = 1
by_callsite (caller PC; symbolize with addr2line):
   0 caller=0x7cb3f512e0c2 calls=12080 total_ms=16668.802 avg_us=1379.868 max_us=140454
   1 caller=0x7cb3f513286c calls=9837 total_ms=3.844 avg_us=0.391 max_us=23
   2 caller=0x7cb3f513277c calls=3642 total_ms=3.015 avg_us=0.828 max_us=20
   3 caller=0x7cb3f5131732 calls=728 total_ms=1.391 avg_us=1.911 max_us=16
   4 caller=0x7cb3f513299d calls=3642 total_ms=1.373 avg_us=0.377 max_us=20
direct_cudaStreamSynchronize: calls=13100 total_ms=59.223 max_us=2480
by_direct_callsite (file:line):
   0 /opt/llama.cpp/ggml/src/ggml-cuda/ggml-cuda.cu:839 calls=12747 total_ms=53.098 avg_us=4.166 max_us=354
   1 /opt/llama.cpp/ggml/src/ggml-cuda/ggml-cuda.cu:900 calls=12 total_ms=5.793 avg_us=482.750 max_us=2480
   2 /opt/llama.cpp/ggml/src/ggml-cuda/ggml-cuda.cu:2665 calls=191 total_ms=0.214 avg_us=1.120 max_us=5
   3 /opt/llama.cpp/ggml/src/ggml-cuda/ggml-cuda.cu:847 calls=150 total_ms=0.118 avg_us=0.787 max_us=2
=== END CUDA SYNC PROFILE ===
backend-sync-trace: count=30000 backend=CUDA0 caller=ggml_backend_sched_graph_compute_async_ext+0xddc

=== CUDA SYNC PROFILE (instrumentation only) ===
total_syncs = 30000
total_wait_ms = 16729.383
max_wait_us = 140454
sites = 5
wait_hist_us = logarithmic buckets
  hist[0] = 27524
  hist[1] = 1252
  hist[2] = 97
  hist[3] = 19
  hist[4] = 14
  hist[5] = 2
  hist[9] = 203
  hist[10] = 426
  hist[11] = 99
  hist[14] = 119
  hist[15] = 213
  hist[16] = 31
  hist[17] = 1
by_callsite (caller PC; symbolize with addr2line):
   0 caller=0x7cb3f512e0c2 calls=12117 total_ms=16719.743 avg_us=1379.858 max_us=140454
   1 caller=0x7cb3f513286c calls=9850 total_ms=3.849 avg_us=0.391 max_us=23
   2 caller=0x7cb3f513277c calls=3652 total_ms=3.021 avg_us=0.827 max_us=20
   3 caller=0x7cb3f5131732 calls=730 total_ms=1.394 avg_us=1.910 max_us=16
   4 caller=0x7cb3f513299d calls=3651 total_ms=1.376 avg_us=0.377 max_us=20
direct_cudaStreamSynchronize: calls=13120 total_ms=59.299 max_us=2480
by_direct_callsite (file:line):
   0 /opt/llama.cpp/ggml/src/ggml-cuda/ggml-cuda.cu:839 calls=12767 total_ms=53.174 avg_us=4.165 max_us=354
   1 /opt/llama.cpp/ggml/src/ggml-cuda/ggml-cuda.cu:900 calls=12 total_ms=5.793 avg_us=482.750 max_us=2480
   2 /opt/llama.cpp/ggml/src/ggml-cuda/ggml-cuda.cu:2665 calls=191 total_ms=0.214 avg_us=1.120 max_us=5
   3 /opt/llama.cpp/ggml/src/ggml-cuda/ggml-cuda.cu:847 calls=150 total_ms=0.118 avg_us=0.787 max_us=2
=== END CUDA SYNC PROFILE ===
backend-sync-trace: count=30100 backend=CUDA0 caller=ggml_backend_sched_graph_compute_async_ext+0xecc

=== CUDA SYNC PROFILE (instrumentation only) ===
total_syncs = 30100
total_wait_ms = 16770.461
max_wait_us = 140454
sites = 5
wait_hist_us = logarithmic buckets
  hist[0] = 27617
  hist[1] = 1256
  hist[2] = 97
  hist[3] = 19
  hist[4] = 14
  hist[5] = 2
  hist[9] = 204
  hist[10] = 427
  hist[11] = 99
  hist[14] = 119
  hist[15] = 214
  hist[16] = 31
  hist[17] = 1
by_callsite (caller PC; symbolize with addr2line):
   0 caller=0x7cb3f512e0c2 calls=12154 total_ms=16760.786 avg_us=1379.035 max_us=140454
   1 caller=0x7cb3f513286c calls=9890 total_ms=3.866 avg_us=0.391 max_us=23
   2 caller=0x7cb3f513277c calls=3662 total_ms=3.028 avg_us=0.827 max_us=20
   3 caller=0x7cb3f5131732 calls=732 total_ms=1.398 avg_us=1.910 max_us=16
   4 caller=0x7cb3f513299d calls=3662 total_ms=1.383 avg_us=0.378 max_us=20
direct_cudaStreamSynchronize: calls=13168 total_ms=59.503 max_us=2480
by_direct_callsite (file:line):
   0 /opt/llama.cpp/ggml/src/ggml-cuda/ggml-cuda.cu:839 calls=12815 total_ms=53.378 avg_us=4.165 max_us=354
   1 /opt/llama.cpp/ggml/src/ggml-cuda/ggml-cuda.cu:900 calls=12 total_ms=5.793 avg_us=482.750 max_us=2480
   2 /opt/llama.cpp/ggml/src/ggml-cuda/ggml-cuda.cu:2665 calls=191 total_ms=0.214 avg_us=1.120 max_us=5
   3 /opt/llama.cpp/ggml/src/ggml-cuda/ggml-cuda.cu:847 calls=150 total_ms=0.118 avg_us=0.787 max_us=2
=== END CUDA SYNC PROFILE ===

=== CUDA SYNC PROFILE (instrumentation only) ===
total_syncs = 30170
total_wait_ms = 16819.593
max_wait_us = 140454
sites = 5
wait_hist_us = logarithmic buckets
  hist[0] = 27680
  hist[1] = 1260
  hist[2] = 97
  hist[3] = 19
  hist[4] = 14
  hist[5] = 2
  hist[9] = 206
  hist[10] = 427
  hist[11] = 99
  hist[14] = 119
  hist[15] = 215
  hist[16] = 31
  hist[17] = 1
by_callsite (caller PC; symbolize with addr2line):
   0 caller=0x7cb3f512e0c2 calls=12179 total_ms=16809.895 avg_us=1380.236 max_us=140454
   1 caller=0x7cb3f513286c calls=9913 total_ms=3.874 avg_us=0.391 max_us=23
   2 caller=0x7cb3f513277c calls=3672 total_ms=3.038 avg_us=0.827 max_us=20
   3 caller=0x7cb3f5131732 calls=734 total_ms=1.402 avg_us=1.910 max_us=16
   4 caller=0x7cb3f513299d calls=3672 total_ms=1.384 avg_us=0.377 max_us=20
direct_cudaStreamSynchronize: calls=13200 total_ms=59.636 max_us=2480
by_direct_callsite (file:line):
   0 /opt/llama.cpp/ggml/src/ggml-cuda/ggml-cuda.cu:839 calls=12847 total_ms=53.511 avg_us=4.165 max_us=354
   1 /opt/llama.cpp/ggml/src/ggml-cuda/ggml-cuda.cu:900 calls=12 total_ms=5.793 avg_us=482.750 max_us=2480
   2 /opt/llama.cpp/ggml/src/ggml-cuda/ggml-cuda.cu:2665 calls=191 total_ms=0.214 avg_us=1.120 max_us=5
   3 /opt/llama.cpp/ggml/src/ggml-cuda/ggml-cuda.cu:847 calls=150 total_ms=0.118 avg_us=0.787 max_us=2
=== END CUDA SYNC PROFILE ===
backend-sync-trace: count=30200 backend=CUDA0 caller=ggml_backend_sched_synchronize+0x52

=== CUDA SYNC PROFILE (instrumentation only) ===
total_syncs = 30200
total_wait_ms = 16855.629
max_wait_us = 140454
sites = 5
wait_hist_us = logarithmic buckets
  hist[0] = 27706
  hist[1] = 1262
  hist[2] = 98
  hist[3] = 19
  hist[4] = 14
  hist[5] = 2
  hist[9] = 206
  hist[10] = 427
  hist[11] = 99
  hist[14] = 119
  hist[15] = 216
  hist[16] = 31
  hist[17] = 1
by_callsite (caller PC; symbolize with addr2line):
   0 caller=0x7cb3f512e0c2 calls=12194 total_ms=16845.921 avg_us=1381.493 max_us=140454
   1 caller=0x7cb3f513286c calls=9923 total_ms=3.876 avg_us=0.391 max_us=23
   2 caller=0x7cb3f513277c calls=3674 total_ms=3.044 avg_us=0.829 max_us=20
   3 caller=0x7cb3f5131732 calls=735 total_ms=1.404 avg_us=1.910 max_us=16
   4 caller=0x7cb3f513299d calls=3674 total_ms=1.384 avg_us=0.377 max_us=20
direct_cudaStreamSynchronize: calls=13211 total_ms=59.679 max_us=2480
by_direct_callsite (file:line):
   0 /opt/llama.cpp/ggml/src/ggml-cuda/ggml-cuda.cu:839 calls=12858 total_ms=53.554 avg_us=4.165 max_us=354
   1 /opt/llama.cpp/ggml/src/ggml-cuda/ggml-cuda.cu:900 calls=12 total_ms=5.793 avg_us=482.750 max_us=2480
   2 /opt/llama.cpp/ggml/src/ggml-cuda/ggml-cuda.cu:2665 calls=191 total_ms=0.214 avg_us=1.120 max_us=5
   3 /opt/llama.cpp/ggml/src/ggml-cuda/ggml-cuda.cu:847 calls=150 total_ms=0.118 avg_us=0.787 max_us=2
=== END CUDA SYNC PROFILE ===
backend-sync-trace: count=30300 backend=CUDA0 caller=ggml_backend_sched_graph_compute_async_ext+0xecc

=== CUDA SYNC PROFILE (instrumentation only) ===
total_syncs = 30300
total_wait_ms = 16892.810
max_wait_us = 140454
sites = 5
wait_hist_us = logarithmic buckets
  hist[0] = 27799
  hist[1] = 1266
  hist[2] = 98
  hist[3] = 19
  hist[4] = 14
  hist[5] = 2
  hist[9] = 207
  hist[10] = 428
  hist[11] = 99
  hist[14] = 119
  hist[15] = 217
  hist[16] = 31
  hist[17] = 1
by_callsite (caller PC; symbolize with addr2line):
   0 caller=0x7cb3f512e0c2 calls=12239 total_ms=16883.071 avg_us=1379.449 max_us=140454
   1 caller=0x7cb3f513286c calls=9951 total_ms=3.886 avg_us=0.391 max_us=23
   2 caller=0x7cb3f513277c calls=3686 total_ms=3.055 avg_us=0.829 max_us=20
   3 caller=0x7cb3f5131732 calls=738 total_ms=1.410 avg_us=1.911 max_us=16
   4 caller=0x7cb3f513299d calls=3686 total_ms=1.388 avg_us=0.377 max_us=20
direct_cudaStreamSynchronize: calls=13248 total_ms=59.828 max_us=2480
by_direct_callsite (file:line):
   0 /opt/llama.cpp/ggml/src/ggml-cuda/ggml-cuda.cu:839 calls=12895 total_ms=53.703 avg_us=4.165 max_us=354
   1 /opt/llama.cpp/ggml/src/ggml-cuda/ggml-cuda.cu:900 calls=12 total_ms=5.793 avg_us=482.750 max_us=2480
   2 /opt/llama.cpp/ggml/src/ggml-cuda/ggml-cuda.cu:2665 calls=191 total_ms=0.214 avg_us=1.120 max_us=5
   3 /opt/llama.cpp/ggml/src/ggml-cuda/ggml-cuda.cu:847 calls=150 total_ms=0.118 avg_us=0.787 max_us=2
=== END CUDA SYNC PROFILE ===
backend-sync-trace: count=30400 backend=CUDA0 caller=ggml_backend_sched_graph_compute_async_ext+0xffd

=== CUDA SYNC PROFILE (instrumentation only) ===
total_syncs = 30400
total_wait_ms = 16929.811
max_wait_us = 140454
sites = 5
wait_hist_us = logarithmic buckets
  hist[0] = 27894
  hist[1] = 1267
  hist[2] = 98
  hist[3] = 19
  hist[4] = 14
  hist[5] = 2
  hist[9] = 208
  hist[10] = 430
  hist[11] = 99
  hist[14] = 119
  hist[15] = 218
  hist[16] = 31
  hist[17] = 1
by_callsite (caller PC; symbolize with addr2line):
   0 caller=0x7cb3f512e0c2 calls=12283 total_ms=16920.047 avg_us=1377.517 max_us=140454
   1 caller=0x7cb3f513286c calls=9981 total_ms=3.895 avg_us=0.390 max_us=23
   2 caller=0x7cb3f513277c calls=3698 total_ms=3.065 avg_us=0.829 max_us=20
   3 caller=0x7cb3f5131732 calls=740 total_ms=1.412 avg_us=1.908 max_us=16
   4 caller=0x7cb3f513299d calls=3698 total_ms=1.392 avg_us=0.376 max_us=20
direct_cudaStreamSynchronize: calls=13288 total_ms=59.990 max_us=2480
by_direct_callsite (file:line):
   0 /opt/llama.cpp/ggml/src/ggml-cuda/ggml-cuda.cu:839 calls=12935 total_ms=53.865 avg_us=4.164 max_us=354
   1 /opt/llama.cpp/ggml/src/ggml-cuda/ggml-cuda.cu:900 calls=12 total_ms=5.793 avg_us=482.750 max_us=2480
   2 /opt/llama.cpp/ggml/src/ggml-cuda/ggml-cuda.cu:2665 calls=191 total_ms=0.214 avg_us=1.120 max_us=5
   3 /opt/llama.cpp/ggml/src/ggml-cuda/ggml-cuda.cu:847 calls=150 total_ms=0.118 avg_us=0.787 max_us=2
=== END CUDA SYNC PROFILE ===

=== CUDA SYNC PROFILE (instrumentation only) ===
total_syncs = 30423
total_wait_ms = 16931.034
max_wait_us = 140454
sites = 5
wait_hist_us = logarithmic buckets
  hist[0] = 27915
  hist[1] = 1268
  hist[2] = 98
  hist[3] = 19
  hist[4] = 14
  hist[5] = 2
  hist[9] = 208
  hist[10] = 431
  hist[11] = 99
  hist[14] = 119
  hist[15] = 218
  hist[16] = 31
  hist[17] = 1
by_callsite (caller PC; symbolize with addr2line):
   0 caller=0x7cb3f512e0c2 calls=12290 total_ms=16921.262 avg_us=1376.832 max_us=140454
   1 caller=0x7cb3f513286c calls=9989 total_ms=3.900 avg_us=0.390 max_us=23
   2 caller=0x7cb3f513277c calls=3702 total_ms=3.067 avg_us=0.828 max_us=20
   3 caller=0x7cb3f5131732 calls=740 total_ms=1.412 avg_us=1.908 max_us=16
   4 caller=0x7cb3f513299d calls=3702 total_ms=1.393 avg_us=0.376 max_us=20
direct_cudaStreamSynchronize: calls=13300 total_ms=60.065 max_us=2480
by_direct_callsite (file:line):
   0 /opt/llama.cpp/ggml/src/ggml-cuda/ggml-cuda.cu:839 calls=12947 total_ms=53.940 avg_us=4.166 max_us=354
   1 /opt/llama.cpp/ggml/src/ggml-cuda/ggml-cuda.cu:900 calls=12 total_ms=5.793 avg_us=482.750 max_us=2480
   2 /opt/llama.cpp/ggml/src/ggml-cuda/ggml-cuda.cu:2665 calls=191 total_ms=0.214 avg_us=1.120 max_us=5
   3 /opt/llama.cpp/ggml/src/ggml-cuda/ggml-cuda.cu:847 calls=150 total_ms=0.118 avg_us=0.787 max_us=2
=== END CUDA SYNC PROFILE ===
backend-sync-trace: count=30500 backend=CUDA0 caller=ggml_backend_sched_graph_compute_async_ext+0xddc

=== CUDA SYNC PROFILE (instrumentation only) ===
total_syncs = 30500
total_wait_ms = 16964.215
max_wait_us = 140454
sites = 5
wait_hist_us = logarithmic buckets
  hist[0] = 27988
  hist[1] = 1269
  hist[2] = 98
  hist[3] = 19
  hist[4] = 14
  hist[5] = 2
  hist[9] = 209
  hist[10] = 432
  hist[11] = 99
  hist[14] = 120
  hist[15] = 218
  hist[16] = 31
  hist[17] = 1
by_callsite (caller PC; symbolize with addr2line):
   0 caller=0x7cb3f512e0c2 calls=12327 total_ms=16954.423 avg_us=1375.389 max_us=140454
   1 caller=0x7cb3f513286c calls=10012 total_ms=3.908 avg_us=0.390 max_us=23
   2 caller=0x7cb3f513277c calls=3710 total_ms=3.073 avg_us=0.828 max_us=20
   3 caller=0x7cb3f5131732 calls=742 total_ms=1.414 avg_us=1.906 max_us=16
   4 caller=0x7cb3f513299d calls=3709 total_ms=1.397 avg_us=0.377 max_us=20
direct_cudaStreamSynchronize: calls=13329 total_ms=60.178 max_us=2480
by_direct_callsite (file:line):
   0 /opt/llama.cpp/ggml/src/ggml-cuda/ggml-cuda.cu:839 calls=12976 total_ms=54.053 avg_us=4.166 max_us=354
   1 /opt/llama.cpp/ggml/src/ggml-cuda/ggml-cuda.cu:900 calls=12 total_ms=5.793 avg_us=482.750 max_us=2480
   2 /opt/llama.cpp/ggml/src/ggml-cuda/ggml-cuda.cu:2665 calls=191 total_ms=0.214 avg_us=1.120 max_us=5
   3 /opt/llama.cpp/ggml/src/ggml-cuda/ggml-cuda.cu:847 calls=150 total_ms=0.118 avg_us=0.787 max_us=2
=== END CUDA SYNC PROFILE ===
backend-sync-trace: count=30600 backend=CUDA0 caller=ggml_backend_sched_graph_compute_async_ext+0xecc

=== CUDA SYNC PROFILE (instrumentation only) ===
total_syncs = 30600
total_wait_ms = 17001.857
max_wait_us = 140454
sites = 5
wait_hist_us = logarithmic buckets
  hist[0] = 28083
  hist[1] = 1271
  hist[2] = 98
  hist[3] = 19
  hist[4] = 14
  hist[5] = 2
  hist[9] = 210
  hist[10] = 433
  hist[11] = 99
  hist[14] = 120
  hist[15] = 219
  hist[16] = 31
  hist[17] = 1
by_callsite (caller PC; symbolize with addr2line):
   0 caller=0x7cb3f512e0c2 calls=12364 total_ms=16992.037 avg_us=1374.316 max_us=140454
   1 caller=0x7cb3f513286c calls=10048 total_ms=3.921 avg_us=0.390 max_us=23
   2 caller=0x7cb3f513277c calls=3722 total_ms=3.081 avg_us=0.828 max_us=20
   3 caller=0x7cb3f5131732 calls=744 total_ms=1.417 avg_us=1.905 max_us=16
   4 caller=0x7cb3f513299d calls=3722 total_ms=1.401 avg_us=0.376 max_us=20
direct_cudaStreamSynchronize: calls=13374 total_ms=60.369 max_us=2480
by_direct_callsite (file:line):
   0 /opt/llama.cpp/ggml/src/ggml-cuda/ggml-cuda.cu:839 calls=13021 total_ms=54.244 avg_us=4.166 max_us=354
   1 /opt/llama.cpp/ggml/src/ggml-cuda/ggml-cuda.cu:900 calls=12 total_ms=5.793 avg_us=482.750 max_us=2480
   2 /opt/llama.cpp/ggml/src/ggml-cuda/ggml-cuda.cu:2665 calls=191 total_ms=0.214 avg_us=1.120 max_us=5
   3 /opt/llama.cpp/ggml/src/ggml-cuda/ggml-cuda.cu:847 calls=150 total_ms=0.118 avg_us=0.787 max_us=2
=== END CUDA SYNC PROFILE ===

=== CUDA SYNC PROFILE (instrumentation only) ===
total_syncs = 30673
total_wait_ms = 17041.653
max_wait_us = 140454
sites = 5
wait_hist_us = logarithmic buckets
  hist[0] = 28150
  hist[1] = 1274
  hist[2] = 98
  hist[3] = 19
  hist[4] = 14
  hist[5] = 2
  hist[9] = 212
  hist[10] = 433
  hist[11] = 99
  hist[14] = 120
  hist[15] = 220
  hist[16] = 31
  hist[17] = 1
by_callsite (caller PC; symbolize with addr2line):
   0 caller=0x7cb3f512e0c2 calls=12401 total_ms=17031.813 avg_us=1373.423 max_us=140454
   1 caller=0x7cb3f513286c calls=10066 total_ms=3.927 avg_us=0.390 max_us=23
   2 caller=0x7cb3f513277c calls=3730 total_ms=3.087 avg_us=0.828 max_us=20
   3 caller=0x7cb3f5131732 calls=746 total_ms=1.421 avg_us=1.905 max_us=16
   4 caller=0x7cb3f513299d calls=3730 total_ms=1.405 avg_us=0.377 max_us=20
direct_cudaStreamSynchronize: calls=13400 total_ms=60.458 max_us=2480
by_direct_callsite (file:line):
   0 /opt/llama.cpp/ggml/src/ggml-cuda/ggml-cuda.cu:839 calls=13047 total_ms=54.333 avg_us=4.164 max_us=354
   1 /opt/llama.cpp/ggml/src/ggml-cuda/ggml-cuda.cu:900 calls=12 total_ms=5.793 avg_us=482.750 max_us=2480
   2 /opt/llama.cpp/ggml/src/ggml-cuda/ggml-cuda.cu:2665 calls=191 total_ms=0.214 avg_us=1.120 max_us=5
   3 /opt/llama.cpp/ggml/src/ggml-cuda/ggml-cuda.cu:847 calls=150 total_ms=0.118 avg_us=0.787 max_us=2
=== END CUDA SYNC PROFILE ===
backend-sync-trace: count=30700 backend=CUDA0 caller=ggml_backend_sched_graph_compute_async_ext+0xecc

=== CUDA SYNC PROFILE (instrumentation only) ===
total_syncs = 30700
total_wait_ms = 17071.379
max_wait_us = 140454
sites = 5
wait_hist_us = logarithmic buckets
  hist[0] = 28174
  hist[1] = 1274
  hist[2] = 99
  hist[3] = 20
  hist[4] = 14
  hist[5] = 2
  hist[9] = 212
  hist[10] = 433
  hist[11] = 99
  hist[14] = 121
  hist[15] = 220
  hist[16] = 31
  hist[17] = 1
by_callsite (caller PC; symbolize with addr2line):
   0 caller=0x7cb3f512e0c2 calls=12403 total_ms=17061.507 avg_us=1375.595 max_us=140454
   1 caller=0x7cb3f513286c calls=10082 total_ms=3.953 avg_us=0.392 max_us=23
   2 caller=0x7cb3f513277c calls=3734 total_ms=3.091 avg_us=0.828 max_us=20
   3 caller=0x7cb3f5131732 calls=747 total_ms=1.422 avg_us=1.904 max_us=16
   4 caller=0x7cb3f513299d calls=3734 total_ms=1.406 avg_us=0.377 max_us=20
direct_cudaStreamSynchronize: calls=13418 total_ms=60.559 max_us=2480
by_direct_callsite (file:line):
   0 /opt/llama.cpp/ggml/src/ggml-cuda/ggml-cuda.cu:839 calls=13065 total_ms=54.434 avg_us=4.166 max_us=354
   1 /opt/llama.cpp/ggml/src/ggml-cuda/ggml-cuda.cu:900 calls=12 total_ms=5.793 avg_us=482.750 max_us=2480
   2 /opt/llama.cpp/ggml/src/ggml-cuda/ggml-cuda.cu:2665 calls=191 total_ms=0.214 avg_us=1.120 max_us=5
   3 /opt/llama.cpp/ggml/src/ggml-cuda/ggml-cuda.cu:847 calls=150 total_ms=0.118 avg_us=0.787 max_us=2
=== END CUDA SYNC PROFILE ===
backend-sync-trace: count=30800 backend=CUDA0 caller=ggml_backend_sched_graph_compute_async_ext+0xecc

=== CUDA SYNC PROFILE (instrumentation only) ===
total_syncs = 30800
total_wait_ms = 17100.998
max_wait_us = 140454
sites = 5
wait_hist_us = logarithmic buckets
  hist[0] = 28268
  hist[1] = 1277
  hist[2] = 99
  hist[3] = 20
  hist[4] = 14
  hist[5] = 2
  hist[9] = 213
  hist[10] = 434
  hist[11] = 99
  hist[14] = 122
  hist[15] = 220
  hist[16] = 31
  hist[17] = 1
by_callsite (caller PC; symbolize with addr2line):
   0 caller=0x7cb3f512e0c2 calls=12443 total_ms=17091.096 avg_us=1373.551 max_us=140454
   1 caller=0x7cb3f513286c calls=10115 total_ms=3.966 avg_us=0.392 max_us=23
   2 caller=0x7cb3f513277c calls=3746 total_ms=3.100 avg_us=0.828 max_us=20
   3 caller=0x7cb3f5131732 calls=750 total_ms=1.427 avg_us=1.903 max_us=16
   4 caller=0x7cb3f513299d calls=3746 total_ms=1.409 avg_us=0.376 max_us=20
direct_cudaStreamSynchronize: calls=13460 total_ms=60.724 max_us=2480
by_direct_callsite (file:line):
   0 /opt/llama.cpp/ggml/src/ggml-cuda/ggml-cuda.cu:839 calls=13107 total_ms=54.599 avg_us=4.166 max_us=354
   1 /opt/llama.cpp/ggml/src/ggml-cuda/ggml-cuda.cu:900 calls=12 total_ms=5.793 avg_us=482.750 max_us=2480
   2 /opt/llama.cpp/ggml/src/ggml-cuda/ggml-cuda.cu:2665 calls=191 total_ms=0.214 avg_us=1.120 max_us=5
   3 /opt/llama.cpp/ggml/src/ggml-cuda/ggml-cuda.cu:847 calls=150 total_ms=0.118 avg_us=0.787 max_us=2
=== END CUDA SYNC PROFILE ===

=== CUDA SYNC PROFILE (instrumentation only) ===
total_syncs = 30899
total_wait_ms = 17135.733
max_wait_us = 140454
sites = 5
wait_hist_us = logarithmic buckets
  hist[0] = 28362
  hist[1] = 1278
  hist[2] = 99
  hist[3] = 20
  hist[4] = 14
  hist[5] = 2
  hist[9] = 214
  hist[10] = 436
  hist[11] = 99
  hist[14] = 123
  hist[15] = 220
  hist[16] = 31
  hist[17] = 1
by_callsite (caller PC; symbolize with addr2line):
   0 caller=0x7cb3f512e0c2 calls=12487 total_ms=17125.809 avg_us=1371.491 max_us=140454
   1 caller=0x7cb3f513286c calls=10144 total_ms=3.973 avg_us=0.392 max_us=23
   2 caller=0x7cb3f513277c calls=3758 total_ms=3.109 avg_us=0.827 max_us=20
   3 caller=0x7cb3f5131732 calls=752 total_ms=1.429 avg_us=1.900 max_us=16
   4 caller=0x7cb3f513299d calls=3758 total_ms=1.413 avg_us=0.376 max_us=20
direct_cudaStreamSynchronize: calls=13500 total_ms=60.887 max_us=2480
by_direct_callsite (file:line):
   0 /opt/llama.cpp/ggml/src/ggml-cuda/ggml-cuda.cu:839 calls=13147 total_ms=54.762 avg_us=4.165 max_us=354
   1 /opt/llama.cpp/ggml/src/ggml-cuda/ggml-cuda.cu:900 calls=12 total_ms=5.793 avg_us=482.750 max_us=2480
   2 /opt/llama.cpp/ggml/src/ggml-cuda/ggml-cuda.cu:2665 calls=191 total_ms=0.214 avg_us=1.120 max_us=5
   3 /opt/llama.cpp/ggml/src/ggml-cuda/ggml-cuda.cu:847 calls=150 total_ms=0.118 avg_us=0.787 max_us=2
=== END CUDA SYNC PROFILE ===
backend-sync-trace: count=30900 backend=CUDA0 caller=ggml_backend_sched_graph_compute_async_ext+0xecc

=== CUDA SYNC PROFILE (instrumentation only) ===
total_syncs = 30900
total_wait_ms = 17135.734
max_wait_us = 140454
sites = 5
wait_hist_us = logarithmic buckets
  hist[0] = 28363
  hist[1] = 1278
  hist[2] = 99
  hist[3] = 20
  hist[4] = 14
  hist[5] = 2
  hist[9] = 214
  hist[10] = 436
  hist[11] = 99
  hist[14] = 123
  hist[15] = 220
  hist[16] = 31
  hist[17] = 1
by_callsite (caller PC; symbolize with addr2line):
   0 caller=0x7cb3f512e0c2 calls=12487 total_ms=17125.809 avg_us=1371.491 max_us=140454
   1 caller=0x7cb3f513286c calls=10145 total_ms=3.974 avg_us=0.392 max_us=23
   2 caller=0x7cb3f513277c calls=3758 total_ms=3.109 avg_us=0.827 max_us=20
   3 caller=0x7cb3f5131732 calls=752 total_ms=1.429 avg_us=1.900 max_us=16
   4 caller=0x7cb3f513299d calls=3758 total_ms=1.413 avg_us=0.376 max_us=20
direct_cudaStreamSynchronize: calls=13500 total_ms=60.887 max_us=2480
by_direct_callsite (file:line):
   0 /opt/llama.cpp/ggml/src/ggml-cuda/ggml-cuda.cu:839 calls=13147 total_ms=54.762 avg_us=4.165 max_us=354
   1 /opt/llama.cpp/ggml/src/ggml-cuda/ggml-cuda.cu:900 calls=12 total_ms=5.793 avg_us=482.750 max_us=2480
   2 /opt/llama.cpp/ggml/src/ggml-cuda/ggml-cuda.cu:2665 calls=191 total_ms=0.214 avg_us=1.120 max_us=5
   3 /opt/llama.cpp/ggml/src/ggml-cuda/ggml-cuda.cu:847 calls=150 total_ms=0.118 avg_us=0.787 max_us=2
=== END CUDA SYNC PROFILE ===
1.24.226.109 I slot print_timing: id  0 | task 0 | n_gen =    867, tg =  47.32 t/s, tg_3s =  55.07 t/s
backend-sync-trace: count=31000 backend=CUDA0 caller=ggml_backend_sched_synchronize+0x52

=== CUDA SYNC PROFILE (instrumentation only) ===
total_syncs = 31000
total_wait_ms = 17170.753
max_wait_us = 140454
sites = 5
wait_hist_us = logarithmic buckets
  hist[0] = 28454
  hist[1] = 1282
  hist[2] = 100
  hist[3] = 20
  hist[4] = 14
  hist[5] = 2
  hist[9] = 214
  hist[10] = 439
  hist[11] = 99
  hist[14] = 124
  hist[15] = 220
  hist[16] = 31
  hist[17] = 1
by_callsite (caller PC; symbolize with addr2line):
   0 caller=0x7cb3f512e0c2 calls=12536 total_ms=17160.802 avg_us=1368.922 max_us=140454
   1 caller=0x7cb3f513286c calls=10174 total_ms=3.983 avg_us=0.391 max_us=23
   2 caller=0x7cb3f513277c calls=3768 total_ms=3.122 avg_us=0.829 max_us=20
   3 caller=0x7cb3f5131732 calls=754 total_ms=1.433 avg_us=1.901 max_us=16
   4 caller=0x7cb3f513299d calls=3768 total_ms=1.413 avg_us=0.375 max_us=20
direct_cudaStreamSynchronize: calls=13538 total_ms=61.040 max_us=2480
by_direct_callsite (file:line):
   0 /opt/llama.cpp/ggml/src/ggml-cuda/ggml-cuda.cu:839 calls=13185 total_ms=54.915 avg_us=4.165 max_us=354
   1 /opt/llama.cpp/ggml/src/ggml-cuda/ggml-cuda.cu:900 calls=12 total_ms=5.793 avg_us=482.750 max_us=2480
   2 /opt/llama.cpp/ggml/src/ggml-cuda/ggml-cuda.cu:2665 calls=191 total_ms=0.214 avg_us=1.120 max_us=5
   3 /opt/llama.cpp/ggml/src/ggml-cuda/ggml-cuda.cu:847 calls=150 total_ms=0.118 avg_us=0.787 max_us=2
=== END CUDA SYNC PROFILE ===
backend-sync-trace: count=31100 backend=CUDA0 caller=ggml_backend_sched_graph_compute_async_ext+0xecc

=== CUDA SYNC PROFILE (instrumentation only) ===
total_syncs = 31100
total_wait_ms = 17209.626
max_wait_us = 140454
sites = 5
wait_hist_us = logarithmic buckets
  hist[0] = 28546
  hist[1] = 1287
  hist[2] = 100
  hist[3] = 20
  hist[4] = 14
  hist[5] = 2
  hist[9] = 214
  hist[10] = 441
  hist[11] = 99
  hist[14] = 124
  hist[15] = 221
  hist[16] = 31
  hist[17] = 1
by_callsite (caller PC; symbolize with addr2line):
   0 caller=0x7cb3f512e0c2 calls=12567 total_ms=17199.646 avg_us=1368.636 max_us=140454
   1 caller=0x7cb3f513286c calls=10213 total_ms=3.996 avg_us=0.391 max_us=23
   2 caller=0x7cb3f513277c calls=3782 total_ms=3.132 avg_us=0.828 max_us=20
   3 caller=0x7cb3f5131732 calls=756 total_ms=1.437 avg_us=1.901 max_us=16
   4 caller=0x7cb3f513299d calls=3782 total_ms=1.415 avg_us=0.374 max_us=20
direct_cudaStreamSynchronize: calls=13587 total_ms=61.252 max_us=2480
by_direct_callsite (file:line):
   0 /opt/llama.cpp/ggml/src/ggml-cuda/ggml-cuda.cu:839 calls=13234 total_ms=55.127 avg_us=4.166 max_us=354
   1 /opt/llama.cpp/ggml/src/ggml-cuda/ggml-cuda.cu:900 calls=12 total_ms=5.793 avg_us=482.750 max_us=2480
   2 /opt/llama.cpp/ggml/src/ggml-cuda/ggml-cuda.cu:2665 calls=191 total_ms=0.214 avg_us=1.120 max_us=5
   3 /opt/llama.cpp/ggml/src/ggml-cuda/ggml-cuda.cu:847 calls=150 total_ms=0.118 avg_us=0.787 max_us=2
=== END CUDA SYNC PROFILE ===

=== CUDA SYNC PROFILE (instrumentation only) ===
total_syncs = 31142
total_wait_ms = 17242.418
max_wait_us = 140454
sites = 5
wait_hist_us = logarithmic buckets
  hist[0] = 28586
  hist[1] = 1288
  hist[2] = 100
  hist[3] = 20
  hist[4] = 14
  hist[5] = 2
  hist[9] = 214
  hist[10] = 441
  hist[11] = 99
  hist[14] = 124
  hist[15] = 222
  hist[16] = 31
  hist[17] = 1
by_callsite (caller PC; symbolize with addr2line):
   0 caller=0x7cb3f512e0c2 calls=12590 total_ms=17232.427 avg_us=1368.739 max_us=140454
   1 caller=0x7cb3f513286c calls=10222 total_ms=3.999 avg_us=0.391 max_us=23
   2 caller=0x7cb3f513277c calls=3786 total_ms=3.134 avg_us=0.828 max_us=20
   3 caller=0x7cb3f5131732 calls=758 total_ms=1.440 avg_us=1.900 max_us=16
   4 caller=0x7cb3f513299d calls=3786 total_ms=1.418 avg_us=0.375 max_us=20
direct_cudaStreamSynchronize: calls=13600 total_ms=61.301 max_us=2480
by_direct_callsite (file:line):
   0 /opt/llama.cpp/ggml/src/ggml-cuda/ggml-cuda.cu:839 calls=13247 total_ms=55.176 avg_us=4.165 max_us=354
   1 /opt/llama.cpp/ggml/src/ggml-cuda/ggml-cuda.cu:900 calls=12 total_ms=5.793 avg_us=482.750 max_us=2480
   2 /opt/llama.cpp/ggml/src/ggml-cuda/ggml-cuda.cu:2665 calls=191 total_ms=0.214 avg_us=1.120 max_us=5
   3 /opt/llama.cpp/ggml/src/ggml-cuda/ggml-cuda.cu:847 calls=150 total_ms=0.118 avg_us=0.787 max_us=2
=== END CUDA SYNC PROFILE ===
backend-sync-trace: count=31200 backend=CUDA0 caller=ggml_backend_sched_graph_compute_async_ext+0xecc

=== CUDA SYNC PROFILE (instrumentation only) ===
total_syncs = 31200
total_wait_ms = 17282.638
max_wait_us = 140454
sites = 5
wait_hist_us = logarithmic buckets
  hist[0] = 28640
  hist[1] = 1289
  hist[2] = 100
  hist[3] = 20
  hist[4] = 14
  hist[5] = 2
  hist[9] = 215
  hist[10] = 442
  hist[11] = 99
  hist[14] = 124
  hist[15] = 223
  hist[16] = 31
  hist[17] = 1
by_callsite (caller PC; symbolize with addr2line):
   0 caller=0x7cb3f512e0c2 calls=12606 total_ms=17272.630 avg_us=1370.191 max_us=140454
   1 caller=0x7cb3f513286c calls=10247 total_ms=4.006 avg_us=0.391 max_us=23
   2 caller=0x7cb3f513277c calls=3794 total_ms=3.139 avg_us=0.827 max_us=20
   3 caller=0x7cb3f5131732 calls=759 total_ms=1.441 avg_us=1.899 max_us=16
   4 caller=0x7cb3f513299d calls=3794 total_ms=1.422 avg_us=0.375 max_us=20
direct_cudaStreamSynchronize: calls=13631 total_ms=61.432 max_us=2480
by_direct_callsite (file:line):
   0 /opt/llama.cpp/ggml/src/ggml-cuda/ggml-cuda.cu:839 calls=13278 total_ms=55.307 avg_us=4.165 max_us=354
   1 /opt/llama.cpp/ggml/src/ggml-cuda/ggml-cuda.cu:900 calls=12 total_ms=5.793 avg_us=482.750 max_us=2480
   2 /opt/llama.cpp/ggml/src/ggml-cuda/ggml-cuda.cu:2665 calls=191 total_ms=0.214 avg_us=1.120 max_us=5
   3 /opt/llama.cpp/ggml/src/ggml-cuda/ggml-cuda.cu:847 calls=150 total_ms=0.118 avg_us=0.787 max_us=2
=== END CUDA SYNC PROFILE ===
backend-sync-trace: count=31300 backend=CUDA0 caller=ggml_backend_sched_graph_compute_async_ext+0xffd

=== CUDA SYNC PROFILE (instrumentation only) ===
total_syncs = 31300
total_wait_ms = 17313.461
max_wait_us = 140454
sites = 5
wait_hist_us = logarithmic buckets
  hist[0] = 28733
  hist[1] = 1292
  hist[2] = 100
  hist[3] = 20
  hist[4] = 15
  hist[5] = 2
  hist[9] = 217
  hist[10] = 442
  hist[11] = 99
  hist[14] = 125
  hist[15] = 223
  hist[16] = 31
  hist[17] = 1
by_callsite (caller PC; symbolize with addr2line):
   0 caller=0x7cb3f512e0c2 calls=12652 total_ms=17303.408 avg_us=1367.642 max_us=140454
   1 caller=0x7cb3f513286c calls=10274 total_ms=4.016 avg_us=0.391 max_us=23
   2 caller=0x7cb3f513277c calls=3806 total_ms=3.163 avg_us=0.831 max_us=20
   3 caller=0x7cb3f5131732 calls=762 total_ms=1.446 avg_us=1.898 max_us=16
   4 caller=0x7cb3f513299d calls=3806 total_ms=1.428 avg_us=0.375 max_us=20
direct_cudaStreamSynchronize: calls=13667 total_ms=61.580 max_us=2480
by_direct_callsite (file:line):
   0 /opt/llama.cpp/ggml/src/ggml-cuda/ggml-cuda.cu:839 calls=13314 total_ms=55.455 avg_us=4.165 max_us=354
   1 /opt/llama.cpp/ggml/src/ggml-cuda/ggml-cuda.cu:900 calls=12 total_ms=5.793 avg_us=482.750 max_us=2480
   2 /opt/llama.cpp/ggml/src/ggml-cuda/ggml-cuda.cu:2665 calls=191 total_ms=0.214 avg_us=1.120 max_us=5
   3 /opt/llama.cpp/ggml/src/ggml-cuda/ggml-cuda.cu:847 calls=150 total_ms=0.118 avg_us=0.787 max_us=2
=== END CUDA SYNC PROFILE ===

=== CUDA SYNC PROFILE (instrumentation only) ===
total_syncs = 31358
total_wait_ms = 17355.172
max_wait_us = 140454
sites = 5
wait_hist_us = logarithmic buckets
  hist[0] = 28786
  hist[1] = 1294
  hist[2] = 100
  hist[3] = 20
  hist[4] = 15
  hist[5] = 2
  hist[9] = 218
  hist[10] = 443
  hist[11] = 99
  hist[14] = 125
  hist[15] = 224
  hist[16] = 31
  hist[17] = 1
by_callsite (caller PC; symbolize with addr2line):
   0 caller=0x7cb3f512e0c2 calls=12668 total_ms=17345.101 avg_us=1369.206 max_us=140454
   1 caller=0x7cb3f513286c calls=10299 total_ms=4.023 avg_us=0.391 max_us=23
   2 caller=0x7cb3f513277c calls=3814 total_ms=3.169 avg_us=0.831 max_us=20
   3 caller=0x7cb3f5131732 calls=763 total_ms=1.448 avg_us=1.898 max_us=16
   4 caller=0x7cb3f513299d calls=3814 total_ms=1.431 avg_us=0.375 max_us=20
direct_cudaStreamSynchronize: calls=13700 total_ms=61.717 max_us=2480
by_direct_callsite (file:line):
   0 /opt/llama.cpp/ggml/src/ggml-cuda/ggml-cuda.cu:839 calls=13347 total_ms=55.592 avg_us=4.165 max_us=354
   1 /opt/llama.cpp/ggml/src/ggml-cuda/ggml-cuda.cu:900 calls=12 total_ms=5.793 avg_us=482.750 max_us=2480
   2 /opt/llama.cpp/ggml/src/ggml-cuda/ggml-cuda.cu:2665 calls=191 total_ms=0.214 avg_us=1.120 max_us=5
   3 /opt/llama.cpp/ggml/src/ggml-cuda/ggml-cuda.cu:847 calls=150 total_ms=0.118 avg_us=0.787 max_us=2
=== END CUDA SYNC PROFILE ===
backend-sync-trace: count=31400 backend=CUDA0 caller=ggml_backend_sched_graph_compute_async_ext+0xddc

=== CUDA SYNC PROFILE (instrumentation only) ===
total_syncs = 31400
total_wait_ms = 17356.404
max_wait_us = 140454
sites = 5
wait_hist_us = logarithmic buckets
  hist[0] = 28826
  hist[1] = 1295
  hist[2] = 100
  hist[3] = 20
  hist[4] = 15
  hist[5] = 2
  hist[9] = 218
  hist[10] = 444
  hist[11] = 99
  hist[14] = 125
  hist[15] = 224
  hist[16] = 31
  hist[17] = 1
by_callsite (caller PC; symbolize with addr2line):
   0 caller=0x7cb3f512e0c2 calls=12696 total_ms=17346.325 avg_us=1366.283 max_us=140454
   1 caller=0x7cb3f513286c calls=10305 total_ms=4.025 avg_us=0.391 max_us=23
   2 caller=0x7cb3f513277c calls=3818 total_ms=3.172 avg_us=0.831 max_us=20
   3 caller=0x7cb3f5131732 calls=764 total_ms=1.450 avg_us=1.898 max_us=16
   4 caller=0x7cb3f513299d calls=3817 total_ms=1.432 avg_us=0.375 max_us=20
direct_cudaStreamSynchronize: calls=13708 total_ms=61.743 max_us=2480
by_direct_callsite (file:line):
   0 /opt/llama.cpp/ggml/src/ggml-cuda/ggml-cuda.cu:839 calls=13355 total_ms=55.618 avg_us=4.165 max_us=354
   1 /opt/llama.cpp/ggml/src/ggml-cuda/ggml-cuda.cu:900 calls=12 total_ms=5.793 avg_us=482.750 max_us=2480
   2 /opt/llama.cpp/ggml/src/ggml-cuda/ggml-cuda.cu:2665 calls=191 total_ms=0.214 avg_us=1.120 max_us=5
   3 /opt/llama.cpp/ggml/src/ggml-cuda/ggml-cuda.cu:847 calls=150 total_ms=0.118 avg_us=0.787 max_us=2
=== END CUDA SYNC PROFILE ===
backend-sync-trace: count=31500 backend=CUDA0 caller=ggml_backend_sched_graph_compute_async_ext+0xffd

=== CUDA SYNC PROFILE (instrumentation only) ===
total_syncs = 31500
total_wait_ms = 17403.299
max_wait_us = 140454
sites = 5
wait_hist_us = logarithmic buckets
  hist[0] = 28917
  hist[1] = 1300
  hist[2] = 100
  hist[3] = 20
  hist[4] = 15
  hist[5] = 2
  hist[9] = 218
  hist[10] = 447
  hist[11] = 99
  hist[14] = 125
  hist[15] = 225
  hist[16] = 31
  hist[17] = 1
by_callsite (caller PC; symbolize with addr2line):
   0 caller=0x7cb3f512e0c2 calls=12740 total_ms=17393.191 avg_us=1365.243 max_us=140454
   1 caller=0x7cb3f513286c calls=10336 total_ms=4.036 avg_us=0.390 max_us=23
   2 caller=0x7cb3f513277c calls=3829 total_ms=3.183 avg_us=0.831 max_us=20
   3 caller=0x7cb3f5131732 calls=766 total_ms=1.454 avg_us=1.898 max_us=16
   4 caller=0x7cb3f513299d calls=3829 total_ms=1.435 avg_us=0.375 max_us=20
direct_cudaStreamSynchronize: calls=13748 total_ms=61.921 max_us=2480
by_direct_callsite (file:line):
   0 /opt/llama.cpp/ggml/src/ggml-cuda/ggml-cuda.cu:839 calls=13395 total_ms=55.796 avg_us=4.165 max_us=354
   1 /opt/llama.cpp/ggml/src/ggml-cuda/ggml-cuda.cu:900 calls=12 total_ms=5.793 avg_us=482.750 max_us=2480
   2 /opt/llama.cpp/ggml/src/ggml-cuda/ggml-cuda.cu:2665 calls=191 total_ms=0.214 avg_us=1.120 max_us=5
   3 /opt/llama.cpp/ggml/src/ggml-cuda/ggml-cuda.cu:847 calls=150 total_ms=0.118 avg_us=0.787 max_us=2
=== END CUDA SYNC PROFILE ===
backend-sync-trace: count=31600 backend=CUDA0 caller=ggml_backend_sched_graph_compute_async_ext+0xecc

=== CUDA SYNC PROFILE (instrumentation only) ===
total_syncs = 31600
total_wait_ms = 17444.982
max_wait_us = 140454
sites = 5
wait_hist_us = logarithmic buckets
  hist[0] = 29012
  hist[1] = 1302
  hist[2] = 100
  hist[3] = 20
  hist[4] = 15
  hist[5] = 2
  hist[9] = 220
  hist[10] = 447
  hist[11] = 99
  hist[14] = 125
  hist[15] = 226
  hist[16] = 31
  hist[17] = 1
by_callsite (caller PC; symbolize with addr2line):
   0 caller=0x7cb3f512e0c2 calls=12777 total_ms=17434.838 avg_us=1364.549 max_us=140454
   1 caller=0x7cb3f513286c calls=10371 total_ms=4.052 avg_us=0.391 max_us=23
   2 caller=0x7cb3f513277c calls=3842 total_ms=3.192 avg_us=0.831 max_us=20
   3 caller=0x7cb3f5131732 calls=768 total_ms=1.457 avg_us=1.897 max_us=16
   4 caller=0x7cb3f513299d calls=3842 total_ms=1.443 avg_us=0.376 max_us=20
direct_cudaStreamSynchronize: calls=13793 total_ms=62.116 max_us=2480
by_direct_callsite (file:line):
   0 /opt/llama.cpp/ggml/src/ggml-cuda/ggml-cuda.cu:839 calls=13440 total_ms=55.991 avg_us=4.166 max_us=354
   1 /opt/llama.cpp/ggml/src/ggml-cuda/ggml-cuda.cu:900 calls=12 total_ms=5.793 avg_us=482.750 max_us=2480
   2 /opt/llama.cpp/ggml/src/ggml-cuda/ggml-cuda.cu:2665 calls=191 total_ms=0.214 avg_us=1.120 max_us=5
   3 /opt/llama.cpp/ggml/src/ggml-cuda/ggml-cuda.cu:847 calls=150 total_ms=0.118 avg_us=0.787 max_us=2
=== END CUDA SYNC PROFILE ===

=== CUDA SYNC PROFILE (instrumentation only) ===
total_syncs = 31606
total_wait_ms = 17444.984
max_wait_us = 140454
sites = 5
wait_hist_us = logarithmic buckets
  hist[0] = 29018
  hist[1] = 1302
  hist[2] = 100
  hist[3] = 20
  hist[4] = 15
  hist[5] = 2
  hist[9] = 220
  hist[10] = 447
  hist[11] = 99
  hist[14] = 125
  hist[15] = 226
  hist[16] = 31
  hist[17] = 1
by_callsite (caller PC; symbolize with addr2line):
   0 caller=0x7cb3f512e0c2 calls=12777 total_ms=17434.838 avg_us=1364.549 max_us=140454
   1 caller=0x7cb3f513286c calls=10377 total_ms=4.054 avg_us=0.391 max_us=23
   2 caller=0x7cb3f513277c calls=3842 total_ms=3.192 avg_us=0.831 max_us=20
   3 caller=0x7cb3f5131732 calls=768 total_ms=1.457 avg_us=1.897 max_us=16
   4 caller=0x7cb3f513299d calls=3842 total_ms=1.443 avg_us=0.376 max_us=20
direct_cudaStreamSynchronize: calls=13800 total_ms=62.135 max_us=2480
by_direct_callsite (file:line):
   0 /opt/llama.cpp/ggml/src/ggml-cuda/ggml-cuda.cu:839 calls=13447 total_ms=56.010 avg_us=4.165 max_us=354
   1 /opt/llama.cpp/ggml/src/ggml-cuda/ggml-cuda.cu:900 calls=12 total_ms=5.793 avg_us=482.750 max_us=2480
   2 /opt/llama.cpp/ggml/src/ggml-cuda/ggml-cuda.cu:2665 calls=191 total_ms=0.214 avg_us=1.120 max_us=5
   3 /opt/llama.cpp/ggml/src/ggml-cuda/ggml-cuda.cu:847 calls=150 total_ms=0.118 avg_us=0.787 max_us=2
=== END CUDA SYNC PROFILE ===
backend-sync-trace: count=31700 backend=CUDA0 caller=ggml_backend_sched_synchronize+0x52

=== CUDA SYNC PROFILE (instrumentation only) ===
total_syncs = 31700
total_wait_ms = 17505.737
max_wait_us = 140454
sites = 5
wait_hist_us = logarithmic buckets
  hist[0] = 29104
  hist[1] = 1306
  hist[2] = 100
  hist[3] = 20
  hist[4] = 15
  hist[5] = 2
  hist[9] = 222
  hist[10] = 447
  hist[11] = 99
  hist[14] = 127
  hist[15] = 226
  hist[16] = 31
  hist[17] = 1
by_callsite (caller PC; symbolize with addr2line):
   0 caller=0x7cb3f512e0c2 calls=12812 total_ms=17495.561 avg_us=1365.560 max_us=140454
   1 caller=0x7cb3f513286c calls=10409 total_ms=4.068 avg_us=0.391 max_us=23
   2 caller=0x7cb3f513277c calls=3854 total_ms=3.201 avg_us=0.831 max_us=20
   3 caller=0x7cb3f5131732 calls=771 total_ms=1.462 avg_us=1.896 max_us=16
   4 caller=0x7cb3f513299d calls=3854 total_ms=1.445 avg_us=0.375 max_us=20
direct_cudaStreamSynchronize: calls=13841 total_ms=62.303 max_us=2480
by_direct_callsite (file:line):
   0 /opt/llama.cpp/ggml/src/ggml-cuda/ggml-cuda.cu:839 calls=13488 total_ms=56.178 avg_us=4.165 max_us=354
   1 /opt/llama.cpp/ggml/src/ggml-cuda/ggml-cuda.cu:900 calls=12 total_ms=5.793 avg_us=482.750 max_us=2480
   2 /opt/llama.cpp/ggml/src/ggml-cuda/ggml-cuda.cu:2665 calls=191 total_ms=0.214 avg_us=1.120 max_us=5
   3 /opt/llama.cpp/ggml/src/ggml-cuda/ggml-cuda.cu:847 calls=150 total_ms=0.118 avg_us=0.787 max_us=2
=== END CUDA SYNC PROFILE ===
backend-sync-trace: count=31800 backend=CUDA0 caller=0x7cb3f5131732

=== CUDA SYNC PROFILE (instrumentation only) ===
total_syncs = 31800
total_wait_ms = 17535.042
max_wait_us = 140454
sites = 5
wait_hist_us = logarithmic buckets
  hist[0] = 29199
  hist[1] = 1308
  hist[2] = 100
  hist[3] = 20
  hist[4] = 15
  hist[5] = 2
  hist[9] = 222
  hist[10] = 448
  hist[11] = 100
  hist[14] = 128
  hist[15] = 226
  hist[16] = 31
  hist[17] = 1
by_callsite (caller PC; symbolize with addr2line):
   0 caller=0x7cb3f512e0c2 calls=12862 total_ms=17524.840 avg_us=1362.528 max_us=140454
   1 caller=0x7cb3f513286c calls=10436 total_ms=4.079 avg_us=0.391 max_us=23
   2 caller=0x7cb3f513277c calls=3864 total_ms=3.208 avg_us=0.830 max_us=20
   3 caller=0x7cb3f5131732 calls=774 total_ms=1.467 avg_us=1.895 max_us=16
   4 caller=0x7cb3f513299d calls=3864 total_ms=1.448 avg_us=0.375 max_us=20
direct_cudaStreamSynchronize: calls=13876 total_ms=62.447 max_us=2480
by_direct_callsite (file:line):
   0 /opt/llama.cpp/ggml/src/ggml-cuda/ggml-cuda.cu:839 calls=13523 total_ms=56.322 avg_us=4.165 max_us=354
   1 /opt/llama.cpp/ggml/src/ggml-cuda/ggml-cuda.cu:900 calls=12 total_ms=5.793 avg_us=482.750 max_us=2480
   2 /opt/llama.cpp/ggml/src/ggml-cuda/ggml-cuda.cu:2665 calls=191 total_ms=0.214 avg_us=1.120 max_us=5
   3 /opt/llama.cpp/ggml/src/ggml-cuda/ggml-cuda.cu:847 calls=150 total_ms=0.118 avg_us=0.787 max_us=2
=== END CUDA SYNC PROFILE ===

=== CUDA SYNC PROFILE (instrumentation only) ===
total_syncs = 31847
total_wait_ms = 17537.483
max_wait_us = 140454
sites = 5
wait_hist_us = logarithmic buckets
  hist[0] = 29243
  hist[1] = 1309
  hist[2] = 100
  hist[3] = 20
  hist[4] = 15
  hist[5] = 2
  hist[9] = 223
  hist[10] = 449
  hist[11] = 100
  hist[14] = 128
  hist[15] = 226
  hist[16] = 31
  hist[17] = 1
by_callsite (caller PC; symbolize with addr2line):
   0 caller=0x7cb3f512e0c2 calls=12876 total_ms=17527.265 avg_us=1361.235 max_us=140454
   1 caller=0x7cb3f513286c calls=10453 total_ms=4.087 avg_us=0.391 max_us=23
   2 caller=0x7cb3f513277c calls=3872 total_ms=3.215 avg_us=0.830 max_us=20
   3 caller=0x7cb3f5131732 calls=774 total_ms=1.467 avg_us=1.895 max_us=16
   4 caller=0x7cb3f513299d calls=3872 total_ms=1.449 avg_us=0.374 max_us=20
direct_cudaStreamSynchronize: calls=13900 total_ms=62.546 max_us=2480
by_direct_callsite (file:line):
   0 /opt/llama.cpp/ggml/src/ggml-cuda/ggml-cuda.cu:839 calls=13547 total_ms=56.421 avg_us=4.165 max_us=354
   1 /opt/llama.cpp/ggml/src/ggml-cuda/ggml-cuda.cu:900 calls=12 total_ms=5.793 avg_us=482.750 max_us=2480
   2 /opt/llama.cpp/ggml/src/ggml-cuda/ggml-cuda.cu:2665 calls=191 total_ms=0.214 avg_us=1.120 max_us=5
   3 /opt/llama.cpp/ggml/src/ggml-cuda/ggml-cuda.cu:847 calls=150 total_ms=0.118 avg_us=0.787 max_us=2
=== END CUDA SYNC PROFILE ===
backend-sync-trace: count=31900 backend=CUDA0 caller=ggml_backend_sched_synchronize+0x52

=== CUDA SYNC PROFILE (instrumentation only) ===
total_syncs = 31900
total_wait_ms = 17569.613
max_wait_us = 140454
sites = 5
wait_hist_us = logarithmic buckets
  hist[0] = 29292
  hist[1] = 1311
  hist[2] = 100
  hist[3] = 20
  hist[4] = 15
  hist[5] = 2
  hist[9] = 223
  hist[10] = 450
  hist[11] = 100
  hist[14] = 129
  hist[15] = 226
  hist[16] = 31
  hist[17] = 1
by_callsite (caller PC; symbolize with addr2line):
   0 caller=0x7cb3f512e0c2 calls=12905 total_ms=17559.379 avg_us=1360.665 max_us=140454
   1 caller=0x7cb3f513286c calls=10467 total_ms=4.094 avg_us=0.391 max_us=23
   2 caller=0x7cb3f513277c calls=3876 total_ms=3.218 avg_us=0.830 max_us=20
   3 caller=0x7cb3f5131732 calls=776 total_ms=1.471 avg_us=1.896 max_us=16
   4 caller=0x7cb3f513299d calls=3876 total_ms=1.451 avg_us=0.374 max_us=20
direct_cudaStreamSynchronize: calls=13917 total_ms=62.624 max_us=2480
by_direct_callsite (file:line):
   0 /opt/llama.cpp/ggml/src/ggml-cuda/ggml-cuda.cu:839 calls=13564 total_ms=56.499 avg_us=4.165 max_us=354
   1 /opt/llama.cpp/ggml/src/ggml-cuda/ggml-cuda.cu:900 calls=12 total_ms=5.793 avg_us=482.750 max_us=2480
   2 /opt/llama.cpp/ggml/src/ggml-cuda/ggml-cuda.cu:2665 calls=191 total_ms=0.214 avg_us=1.120 max_us=5
   3 /opt/llama.cpp/ggml/src/ggml-cuda/ggml-cuda.cu:847 calls=150 total_ms=0.118 avg_us=0.787 max_us=2
=== END CUDA SYNC PROFILE ===
backend-sync-trace: count=32000 backend=CUDA0 caller=ggml_backend_sched_synchronize+0x52

=== CUDA SYNC PROFILE (instrumentation only) ===
total_syncs = 32000
total_wait_ms = 17601.784
max_wait_us = 140454
sites = 5
wait_hist_us = logarithmic buckets
  hist[0] = 29386
  hist[1] = 1313
  hist[2] = 100
  hist[3] = 20
  hist[4] = 15
  hist[5] = 2
  hist[9] = 225
  hist[10] = 451
  hist[11] = 100
  hist[14] = 130
  hist[15] = 226
  hist[16] = 31
  hist[17] = 1
by_callsite (caller PC; symbolize with addr2line):
   0 caller=0x7cb3f512e0c2 calls=12948 total_ms=17591.526 avg_us=1358.629 max_us=140454
   1 caller=0x7cb3f513286c calls=10498 total_ms=4.103 avg_us=0.391 max_us=23
   2 caller=0x7cb3f513277c calls=3888 total_ms=3.225 avg_us=0.829 max_us=20
   3 caller=0x7cb3f5131732 calls=778 total_ms=1.474 avg_us=1.895 max_us=16
   4 caller=0x7cb3f513299d calls=3888 total_ms=1.456 avg_us=0.374 max_us=20
direct_cudaStreamSynchronize: calls=13958 total_ms=62.790 max_us=2480
by_direct_callsite (file:line):
   0 /opt/llama.cpp/ggml/src/ggml-cuda/ggml-cuda.cu:839 calls=13605 total_ms=56.665 avg_us=4.165 max_us=354
   1 /opt/llama.cpp/ggml/src/ggml-cuda/ggml-cuda.cu:900 calls=12 total_ms=5.793 avg_us=482.750 max_us=2480
   2 /opt/llama.cpp/ggml/src/ggml-cuda/ggml-cuda.cu:2665 calls=191 total_ms=0.214 avg_us=1.120 max_us=5
   3 /opt/llama.cpp/ggml/src/ggml-cuda/ggml-cuda.cu:847 calls=150 total_ms=0.118 avg_us=0.787 max_us=2
=== END CUDA SYNC PROFILE ===
backend-sync-trace: count=32100 backend=CUDA0 caller=ggml_backend_sched_graph_compute_async_ext+0xecc

=== CUDA SYNC PROFILE (instrumentation only) ===
total_syncs = 32100
total_wait_ms = 17638.104
max_wait_us = 140454
sites = 5
wait_hist_us = logarithmic buckets
  hist[0] = 29478
  hist[1] = 1318
  hist[2] = 100
  hist[3] = 20
  hist[4] = 15
  hist[5] = 2
  hist[9] = 226
  hist[10] = 452
  hist[11] = 100
  hist[14] = 130
  hist[15] = 227
  hist[16] = 31
  hist[17] = 1
by_callsite (caller PC; symbolize with addr2line):
   0 caller=0x7cb3f512e0c2 calls=12987 total_ms=17627.817 avg_us=1357.343 max_us=140454
   1 caller=0x7cb3f513286c calls=10529 total_ms=4.115 avg_us=0.391 max_us=23
   2 caller=0x7cb3f513277c calls=3902 total_ms=3.233 avg_us=0.829 max_us=20
   3 caller=0x7cb3f5131732 calls=780 total_ms=1.478 avg_us=1.895 max_us=16
   4 caller=0x7cb3f513299d calls=3902 total_ms=1.461 avg_us=0.374 max_us=20
direct_cudaStreamSynchronize: calls=13999 total_ms=62.974 max_us=2480
by_direct_callsite (file:line):
   0 /opt/llama.cpp/ggml/src/ggml-cuda/ggml-cuda.cu:839 calls=13646 total_ms=56.849 avg_us=4.166 max_us=354
   1 /opt/llama.cpp/ggml/src/ggml-cuda/ggml-cuda.cu:900 calls=12 total_ms=5.793 avg_us=482.750 max_us=2480
   2 /opt/llama.cpp/ggml/src/ggml-cuda/ggml-cuda.cu:2665 calls=191 total_ms=0.214 avg_us=1.120 max_us=5
   3 /opt/llama.cpp/ggml/src/ggml-cuda/ggml-cuda.cu:847 calls=150 total_ms=0.118 avg_us=0.787 max_us=2
=== END CUDA SYNC PROFILE ===

=== CUDA SYNC PROFILE (instrumentation only) ===
total_syncs = 32100
total_wait_ms = 17638.104
max_wait_us = 140454
sites = 5
wait_hist_us = logarithmic buckets
  hist[0] = 29478
  hist[1] = 1318
  hist[2] = 100
  hist[3] = 20
  hist[4] = 15
  hist[5] = 2
  hist[9] = 226
  hist[10] = 452
  hist[11] = 100
  hist[14] = 130
  hist[15] = 227
  hist[16] = 31
  hist[17] = 1
by_callsite (caller PC; symbolize with addr2line):
   0 caller=0x7cb3f512e0c2 calls=12987 total_ms=17627.817 avg_us=1357.343 max_us=140454
   1 caller=0x7cb3f513286c calls=10529 total_ms=4.115 avg_us=0.391 max_us=23
   2 caller=0x7cb3f513277c calls=3902 total_ms=3.233 avg_us=0.829 max_us=20
   3 caller=0x7cb3f5131732 calls=780 total_ms=1.478 avg_us=1.895 max_us=16
   4 caller=0x7cb3f513299d calls=3902 total_ms=1.461 avg_us=0.374 max_us=20
direct_cudaStreamSynchronize: calls=14000 total_ms=62.977 max_us=2480
by_direct_callsite (file:line):
   0 /opt/llama.cpp/ggml/src/ggml-cuda/ggml-cuda.cu:839 calls=13647 total_ms=56.852 avg_us=4.166 max_us=354
   1 /opt/llama.cpp/ggml/src/ggml-cuda/ggml-cuda.cu:900 calls=12 total_ms=5.793 avg_us=482.750 max_us=2480
   2 /opt/llama.cpp/ggml/src/ggml-cuda/ggml-cuda.cu:2665 calls=191 total_ms=0.214 avg_us=1.120 max_us=5
   3 /opt/llama.cpp/ggml/src/ggml-cuda/ggml-cuda.cu:847 calls=150 total_ms=0.118 avg_us=0.787 max_us=2
=== END CUDA SYNC PROFILE ===
backend-sync-trace: count=32200 backend=CUDA0 caller=0x7cb3f5131732

=== CUDA SYNC PROFILE (instrumentation only) ===
total_syncs = 32200
total_wait_ms = 17716.330
max_wait_us = 140454
sites = 5
wait_hist_us = logarithmic buckets
  hist[0] = 29570
  hist[1] = 1322
  hist[2] = 100
  hist[3] = 20
  hist[4] = 15
  hist[5] = 2
  hist[9] = 227
  hist[10] = 453
  hist[11] = 100
  hist[14] = 130
  hist[15] = 229
  hist[16] = 31
  hist[17] = 1
by_callsite (caller PC; symbolize with addr2line):
   0 caller=0x7cb3f512e0c2 calls=13026 total_ms=17706.009 avg_us=1359.282 max_us=140454
   1 caller=0x7cb3f513286c calls=10567 total_ms=4.133 avg_us=0.391 max_us=23
   2 caller=0x7cb3f513277c calls=3912 total_ms=3.239 avg_us=0.828 max_us=20
   3 caller=0x7cb3f5131732 calls=783 total_ms=1.483 avg_us=1.894 max_us=16
   4 caller=0x7cb3f513299d calls=3912 total_ms=1.466 avg_us=0.375 max_us=20
direct_cudaStreamSynchronize: calls=14046 total_ms=63.177 max_us=2480
by_direct_callsite (file:line):
   0 /opt/llama.cpp/ggml/src/ggml-cuda/ggml-cuda.cu:839 calls=13693 total_ms=57.052 avg_us=4.167 max_us=354
   1 /opt/llama.cpp/ggml/src/ggml-cuda/ggml-cuda.cu:900 calls=12 total_ms=5.793 avg_us=482.750 max_us=2480
   2 /opt/llama.cpp/ggml/src/ggml-cuda/ggml-cuda.cu:2665 calls=191 total_ms=0.214 avg_us=1.120 max_us=5
   3 /opt/llama.cpp/ggml/src/ggml-cuda/ggml-cuda.cu:847 calls=150 total_ms=0.118 avg_us=0.787 max_us=2
=== END CUDA SYNC PROFILE ===
backend-sync-trace: count=32300 backend=CUDA0 caller=ggml_backend_sched_synchronize+0x52

=== CUDA SYNC PROFILE (instrumentation only) ===
total_syncs = 32300
total_wait_ms = 17753.888
max_wait_us = 140454
sites = 5
wait_hist_us = logarithmic buckets
  hist[0] = 29666
  hist[1] = 1323
  hist[2] = 100
  hist[3] = 20
  hist[4] = 15
  hist[5] = 2
  hist[9] = 227
  hist[10] = 455
  hist[11] = 100
  hist[14] = 130
  hist[15] = 230
  hist[16] = 31
  hist[17] = 1
by_callsite (caller PC; symbolize with addr2line):
   0 caller=0x7cb3f512e0c2 calls=13069 total_ms=17743.536 avg_us=1357.681 max_us=140454
   1 caller=0x7cb3f513286c calls=10598 total_ms=4.144 avg_us=0.391 max_us=23
   2 caller=0x7cb3f513277c calls=3924 total_ms=3.248 avg_us=0.828 max_us=20
   3 caller=0x7cb3f5131732 calls=785 total_ms=1.485 avg_us=1.892 max_us=16
   4 caller=0x7cb3f513299d calls=3924 total_ms=1.475 avg_us=0.376 max_us=20
direct_cudaStreamSynchronize: calls=14086 total_ms=63.347 max_us=2480
by_direct_callsite (file:line):
   0 /opt/llama.cpp/ggml/src/ggml-cuda/ggml-cuda.cu:839 calls=13733 total_ms=57.222 avg_us=4.167 max_us=354
   1 /opt/llama.cpp/ggml/src/ggml-cuda/ggml-cuda.cu:900 calls=12 total_ms=5.793 avg_us=482.750 max_us=2480
   2 /opt/llama.cpp/ggml/src/ggml-cuda/ggml-cuda.cu:2665 calls=191 total_ms=0.214 avg_us=1.120 max_us=5
   3 /opt/llama.cpp/ggml/src/ggml-cuda/ggml-cuda.cu:847 calls=150 total_ms=0.118 avg_us=0.787 max_us=2
=== END CUDA SYNC PROFILE ===

=== CUDA SYNC PROFILE (instrumentation only) ===
total_syncs = 32344
total_wait_ms = 17755.779
max_wait_us = 140454
sites = 5
wait_hist_us = logarithmic buckets
  hist[0] = 29706
  hist[1] = 1325
  hist[2] = 100
  hist[3] = 20
  hist[4] = 15
  hist[5] = 2
  hist[9] = 229
  hist[10] = 455
  hist[11] = 100
  hist[14] = 130
  hist[15] = 230
  hist[16] = 31
  hist[17] = 1
by_callsite (caller PC; symbolize with addr2line):
   0 caller=0x7cb3f512e0c2 calls=13092 total_ms=17745.414 avg_us=1355.440 max_us=140454
   1 caller=0x7cb3f513286c calls=10606 total_ms=4.148 avg_us=0.391 max_us=23
   2 caller=0x7cb3f513277c calls=3930 total_ms=3.254 avg_us=0.828 max_us=20
   3 caller=0x7cb3f5131732 calls=786 total_ms=1.487 avg_us=1.892 max_us=16
   4 caller=0x7cb3f513299d calls=3930 total_ms=1.476 avg_us=0.376 max_us=20
direct_cudaStreamSynchronize: calls=14100 total_ms=63.393 max_us=2480
by_direct_callsite (file:line):
   0 /opt/llama.cpp/ggml/src/ggml-cuda/ggml-cuda.cu:839 calls=13747 total_ms=57.268 avg_us=4.166 max_us=354
   1 /opt/llama.cpp/ggml/src/ggml-cuda/ggml-cuda.cu:900 calls=12 total_ms=5.793 avg_us=482.750 max_us=2480
   2 /opt/llama.cpp/ggml/src/ggml-cuda/ggml-cuda.cu:2665 calls=191 total_ms=0.214 avg_us=1.120 max_us=5
   3 /opt/llama.cpp/ggml/src/ggml-cuda/ggml-cuda.cu:847 calls=150 total_ms=0.118 avg_us=0.787 max_us=2
=== END CUDA SYNC PROFILE ===
backend-sync-trace: count=32400 backend=CUDA0 caller=ggml_backend_sched_graph_compute_async_ext+0xddc

=== CUDA SYNC PROFILE (instrumentation only) ===
total_syncs = 32400
total_wait_ms = 17787.704
max_wait_us = 140454
sites = 5
wait_hist_us = logarithmic buckets
  hist[0] = 29760
  hist[1] = 1325
  hist[2] = 100
  hist[3] = 20
  hist[4] = 15
  hist[5] = 2
  hist[9] = 229
  hist[10] = 456
  hist[11] = 100
  hist[14] = 131
  hist[15] = 230
  hist[16] = 31
  hist[17] = 1
by_callsite (caller PC; symbolize with addr2line):
   0 caller=0x7cb3f512e0c2 calls=13110 total_ms=17777.324 avg_us=1356.013 max_us=140454
   1 caller=0x7cb3f513286c calls=10629 total_ms=4.156 avg_us=0.391 max_us=23
   2 caller=0x7cb3f513277c calls=3937 total_ms=3.259 avg_us=0.828 max_us=20
   3 caller=0x7cb3f5131732 calls=788 total_ms=1.489 avg_us=1.890 max_us=16
   4 caller=0x7cb3f513299d calls=3936 total_ms=1.476 avg_us=0.375 max_us=20
direct_cudaStreamSynchronize: calls=14127 total_ms=63.508 max_us=2480
by_direct_callsite (file:line):
   0 /opt/llama.cpp/ggml/src/ggml-cuda/ggml-cuda.cu:839 calls=13774 total_ms=57.383 avg_us=4.166 max_us=354
   1 /opt/llama.cpp/ggml/src/ggml-cuda/ggml-cuda.cu:900 calls=12 total_ms=5.793 avg_us=482.750 max_us=2480
   2 /opt/llama.cpp/ggml/src/ggml-cuda/ggml-cuda.cu:2665 calls=191 total_ms=0.214 avg_us=1.120 max_us=5
   3 /opt/llama.cpp/ggml/src/ggml-cuda/ggml-cuda.cu:847 calls=150 total_ms=0.118 avg_us=0.787 max_us=2
=== END CUDA SYNC PROFILE ===
backend-sync-trace: count=32500 backend=CUDA0 caller=ggml_backend_sched_graph_compute_async_ext+0xecc

=== CUDA SYNC PROFILE (instrumentation only) ===
total_syncs = 32500
total_wait_ms = 17825.251
max_wait_us = 140454
sites = 5
wait_hist_us = logarithmic buckets
  hist[0] = 29853
  hist[1] = 1328
  hist[2] = 100
  hist[3] = 20
  hist[4] = 15
  hist[5] = 2
  hist[9] = 231
  hist[10] = 457
  hist[11] = 100
  hist[14] = 131
  hist[15] = 231
  hist[16] = 31
  hist[17] = 1
by_callsite (caller PC; symbolize with addr2line):
   0 caller=0x7cb3f512e0c2 calls=13142 total_ms=17814.841 avg_us=1355.565 max_us=140454
   1 caller=0x7cb3f513286c calls=10664 total_ms=4.167 avg_us=0.391 max_us=23
   2 caller=0x7cb3f513277c calls=3952 total_ms=3.269 avg_us=0.827 max_us=20
   3 caller=0x7cb3f5131732 calls=790 total_ms=1.492 avg_us=1.889 max_us=16
   4 caller=0x7cb3f513299d calls=3952 total_ms=1.482 avg_us=0.375 max_us=20
direct_cudaStreamSynchronize: calls=14174 total_ms=63.705 max_us=2480
by_direct_callsite (file:line):
   0 /opt/llama.cpp/ggml/src/ggml-cuda/ggml-cuda.cu:839 calls=13821 total_ms=57.580 avg_us=4.166 max_us=354
   1 /opt/llama.cpp/ggml/src/ggml-cuda/ggml-cuda.cu:900 calls=12 total_ms=5.793 avg_us=482.750 max_us=2480
   2 /opt/llama.cpp/ggml/src/ggml-cuda/ggml-cuda.cu:2665 calls=191 total_ms=0.214 avg_us=1.120 max_us=5
   3 /opt/llama.cpp/ggml/src/ggml-cuda/ggml-cuda.cu:847 calls=150 total_ms=0.118 avg_us=0.787 max_us=2
=== END CUDA SYNC PROFILE ===

=== CUDA SYNC PROFILE (instrumentation only) ===
total_syncs = 32564
total_wait_ms = 17863.291
max_wait_us = 140454
sites = 5
wait_hist_us = logarithmic buckets
  hist[0] = 29912
  hist[1] = 1331
  hist[2] = 100
  hist[3] = 20
  hist[4] = 15
  hist[5] = 2
  hist[9] = 232
  hist[10] = 457
  hist[11] = 100
  hist[14] = 131
  hist[15] = 232
  hist[16] = 31
  hist[17] = 1
by_callsite (caller PC; symbolize with addr2line):
   0 caller=0x7cb3f512e0c2 calls=13172 total_ms=17852.863 avg_us=1355.365 max_us=140454
   1 caller=0x7cb3f513286c calls=10684 total_ms=4.172 avg_us=0.390 max_us=23
   2 caller=0x7cb3f513277c calls=3958 total_ms=3.274 avg_us=0.827 max_us=20
   3 caller=0x7cb3f5131732 calls=792 total_ms=1.496 avg_us=1.889 max_us=16
   4 caller=0x7cb3f513299d calls=3958 total_ms=1.486 avg_us=0.375 max_us=20
direct_cudaStreamSynchronize: calls=14200 total_ms=63.800 max_us=2480
by_direct_callsite (file:line):
   0 /opt/llama.cpp/ggml/src/ggml-cuda/ggml-cuda.cu:839 calls=13847 total_ms=57.675 avg_us=4.165 max_us=354
   1 /opt/llama.cpp/ggml/src/ggml-cuda/ggml-cuda.cu:900 calls=12 total_ms=5.793 avg_us=482.750 max_us=2480
   2 /opt/llama.cpp/ggml/src/ggml-cuda/ggml-cuda.cu:2665 calls=191 total_ms=0.214 avg_us=1.120 max_us=5
   3 /opt/llama.cpp/ggml/src/ggml-cuda/ggml-cuda.cu:847 calls=150 total_ms=0.118 avg_us=0.787 max_us=2
=== END CUDA SYNC PROFILE ===
backend-sync-trace: count=32600 backend=CUDA0 caller=0x7cb3f5131732

=== CUDA SYNC PROFILE (instrumentation only) ===
total_syncs = 32600
total_wait_ms = 17890.408
max_wait_us = 140454
sites = 5
wait_hist_us = logarithmic buckets
  hist[0] = 29944
  hist[1] = 1333
  hist[2] = 100
  hist[3] = 20
  hist[4] = 15
  hist[5] = 2
  hist[9] = 232
  hist[10] = 458
  hist[11] = 100
  hist[14] = 132
  hist[15] = 232
  hist[16] = 31
  hist[17] = 1
by_callsite (caller PC; symbolize with addr2line):
   0 caller=0x7cb3f512e0c2 calls=13181 total_ms=17879.964 avg_us=1356.495 max_us=140454
   1 caller=0x7cb3f513286c calls=10702 total_ms=4.179 avg_us=0.390 max_us=23
   2 caller=0x7cb3f513277c calls=3962 total_ms=3.277 avg_us=0.827 max_us=20
   3 caller=0x7cb3f5131732 calls=793 total_ms=1.498 avg_us=1.889 max_us=16
   4 caller=0x7cb3f513299d calls=3962 total_ms=1.490 avg_us=0.376 max_us=20
direct_cudaStreamSynchronize: calls=14221 total_ms=63.898 max_us=2480
by_direct_callsite (file:line):
   0 /opt/llama.cpp/ggml/src/ggml-cuda/ggml-cuda.cu:839 calls=13868 total_ms=57.773 avg_us=4.166 max_us=354
   1 /opt/llama.cpp/ggml/src/ggml-cuda/ggml-cuda.cu:900 calls=12 total_ms=5.793 avg_us=482.750 max_us=2480
   2 /opt/llama.cpp/ggml/src/ggml-cuda/ggml-cuda.cu:2665 calls=191 total_ms=0.214 avg_us=1.120 max_us=5
   3 /opt/llama.cpp/ggml/src/ggml-cuda/ggml-cuda.cu:847 calls=150 total_ms=0.118 avg_us=0.787 max_us=2
=== END CUDA SYNC PROFILE ===
backend-sync-trace: count=32700 backend=CUDA0 caller=ggml_backend_sched_synchronize+0x52

=== CUDA SYNC PROFILE (instrumentation only) ===
total_syncs = 32700
total_wait_ms = 17924.994
max_wait_us = 140454
sites = 5
wait_hist_us = logarithmic buckets
  hist[0] = 30038
  hist[1] = 1336
  hist[2] = 100
  hist[3] = 20
  hist[4] = 15
  hist[5] = 2
  hist[9] = 232
  hist[10] = 460
  hist[11] = 100
  hist[14] = 133
  hist[15] = 232
  hist[16] = 31
  hist[17] = 1
by_callsite (caller PC; symbolize with addr2line):
   0 caller=0x7cb3f512e0c2 calls=13224 total_ms=17914.523 avg_us=1354.698 max_us=140454
   1 caller=0x7cb3f513286c calls=10733 total_ms=4.189 avg_us=0.390 max_us=23
   2 caller=0x7cb3f513277c calls=3974 total_ms=3.285 avg_us=0.827 max_us=20
   3 caller=0x7cb3f5131732 calls=795 total_ms=1.502 avg_us=1.889 max_us=16
   4 caller=0x7cb3f513299d calls=3974 total_ms=1.495 avg_us=0.376 max_us=20
direct_cudaStreamSynchronize: calls=14261 total_ms=64.066 max_us=2480
by_direct_callsite (file:line):
   0 /opt/llama.cpp/ggml/src/ggml-cuda/ggml-cuda.cu:839 calls=13908 total_ms=57.941 avg_us=4.166 max_us=354
   1 /opt/llama.cpp/ggml/src/ggml-cuda/ggml-cuda.cu:900 calls=12 total_ms=5.793 avg_us=482.750 max_us=2480
   2 /opt/llama.cpp/ggml/src/ggml-cuda/ggml-cuda.cu:2665 calls=191 total_ms=0.214 avg_us=1.120 max_us=5
   3 /opt/llama.cpp/ggml/src/ggml-cuda/ggml-cuda.cu:847 calls=150 total_ms=0.118 avg_us=0.787 max_us=2
=== END CUDA SYNC PROFILE ===
backend-sync-trace: count=32800 backend=CUDA0 caller=ggml_backend_sched_graph_compute_async_ext+0xffd

=== CUDA SYNC PROFILE (instrumentation only) ===
total_syncs = 32800
total_wait_ms = 17954.663
max_wait_us = 140454
sites = 5
wait_hist_us = logarithmic buckets
  hist[0] = 30131
  hist[1] = 1339
  hist[2] = 100
  hist[3] = 21
  hist[4] = 15
  hist[5] = 2
  hist[9] = 233
  hist[10] = 461
  hist[11] = 100
  hist[14] = 134
  hist[15] = 232
  hist[16] = 31
  hist[17] = 1
by_callsite (caller PC; symbolize with addr2line):
   0 caller=0x7cb3f512e0c2 calls=13270 total_ms=17944.142 avg_us=1352.234 max_us=140454
   1 caller=0x7cb3f513286c calls=10760 total_ms=4.221 avg_us=0.392 max_us=23
   2 caller=0x7cb3f513277c calls=3986 total_ms=3.294 avg_us=0.826 max_us=20
   3 caller=0x7cb3f5131732 calls=798 total_ms=1.507 avg_us=1.888 max_us=16
   4 caller=0x7cb3f513299d calls=3986 total_ms=1.499 avg_us=0.376 max_us=20
direct_cudaStreamSynchronize: calls=14297 total_ms=64.225 max_us=2480
by_direct_callsite (file:line):
   0 /opt/llama.cpp/ggml/src/ggml-cuda/ggml-cuda.cu:839 calls=13944 total_ms=58.100 avg_us=4.167 max_us=354
   1 /opt/llama.cpp/ggml/src/ggml-cuda/ggml-cuda.cu:900 calls=12 total_ms=5.793 avg_us=482.750 max_us=2480
   2 /opt/llama.cpp/ggml/src/ggml-cuda/ggml-cuda.cu:2665 calls=191 total_ms=0.214 avg_us=1.120 max_us=5
   3 /opt/llama.cpp/ggml/src/ggml-cuda/ggml-cuda.cu:847 calls=150 total_ms=0.118 avg_us=0.787 max_us=2
=== END CUDA SYNC PROFILE ===

=== CUDA SYNC PROFILE (instrumentation only) ===
total_syncs = 32802
total_wait_ms = 17954.664
max_wait_us = 140454
sites = 5
wait_hist_us = logarithmic buckets
  hist[0] = 30133
  hist[1] = 1339
  hist[2] = 100
  hist[3] = 21
  hist[4] = 15
  hist[5] = 2
  hist[9] = 233
  hist[10] = 461
  hist[11] = 100
  hist[14] = 134
  hist[15] = 232
  hist[16] = 31
  hist[17] = 1
by_callsite (caller PC; symbolize with addr2line):
   0 caller=0x7cb3f512e0c2 calls=13270 total_ms=17944.142 avg_us=1352.234 max_us=140454
   1 caller=0x7cb3f513286c calls=10762 total_ms=4.222 avg_us=0.392 max_us=23
   2 caller=0x7cb3f513277c calls=3986 total_ms=3.294 avg_us=0.826 max_us=20
   3 caller=0x7cb3f5131732 calls=798 total_ms=1.507 avg_us=1.888 max_us=16
   4 caller=0x7cb3f513299d calls=3986 total_ms=1.499 avg_us=0.376 max_us=20
direct_cudaStreamSynchronize: calls=14300 total_ms=64.236 max_us=2480
by_direct_callsite (file:line):
   0 /opt/llama.cpp/ggml/src/ggml-cuda/ggml-cuda.cu:839 calls=13947 total_ms=58.111 avg_us=4.167 max_us=354
   1 /opt/llama.cpp/ggml/src/ggml-cuda/ggml-cuda.cu:900 calls=12 total_ms=5.793 avg_us=482.750 max_us=2480
   2 /opt/llama.cpp/ggml/src/ggml-cuda/ggml-cuda.cu:2665 calls=191 total_ms=0.214 avg_us=1.120 max_us=5
   3 /opt/llama.cpp/ggml/src/ggml-cuda/ggml-cuda.cu:847 calls=150 total_ms=0.118 avg_us=0.787 max_us=2
=== END CUDA SYNC PROFILE ===
backend-sync-trace: count=32900 backend=CUDA0 caller=ggml_backend_sched_graph_compute_async_ext+0xddc

=== CUDA SYNC PROFILE (instrumentation only) ===
total_syncs = 32900
total_wait_ms = 18053.881
max_wait_us = 140454
sites = 5
wait_hist_us = logarithmic buckets
  hist[0] = 30224
  hist[1] = 1342
  hist[2] = 100
  hist[3] = 21
  hist[4] = 15
  hist[5] = 2
  hist[9] = 233
  hist[10] = 462
  hist[11] = 102
  hist[14] = 134
  hist[15] = 232
  hist[16] = 32
  hist[17] = 1
by_callsite (caller PC; symbolize with addr2line):
   0 caller=0x7cb3f512e0c2 calls=13314 total_ms=18043.332 avg_us=1355.215 max_us=140454
   1 caller=0x7cb3f513286c calls=10791 total_ms=4.231 avg_us=0.392 max_us=23
   2 caller=0x7cb3f513277c calls=3998 total_ms=3.302 avg_us=0.826 max_us=20
   3 caller=0x7cb3f5131732 calls=800 total_ms=1.511 avg_us=1.889 max_us=16
   4 caller=0x7cb3f513299d calls=3997 total_ms=1.505 avg_us=0.377 max_us=20
direct_cudaStreamSynchronize: calls=14338 total_ms=64.389 max_us=2480
by_direct_callsite (file:line):
   0 /opt/llama.cpp/ggml/src/ggml-cuda/ggml-cuda.cu:839 calls=13985 total_ms=58.264 avg_us=4.166 max_us=354
   1 /opt/llama.cpp/ggml/src/ggml-cuda/ggml-cuda.cu:900 calls=12 total_ms=5.793 avg_us=482.750 max_us=2480
   2 /opt/llama.cpp/ggml/src/ggml-cuda/ggml-cuda.cu:2665 calls=191 total_ms=0.214 avg_us=1.120 max_us=5
   3 /opt/llama.cpp/ggml/src/ggml-cuda/ggml-cuda.cu:847 calls=150 total_ms=0.118 avg_us=0.787 max_us=2
=== END CUDA SYNC PROFILE ===
backend-sync-trace: count=33000 backend=CUDA0 caller=ggml_backend_sched_graph_compute_async_ext+0xecc

=== CUDA SYNC PROFILE (instrumentation only) ===
total_syncs = 33000
total_wait_ms = 18148.398
max_wait_us = 140454
sites = 5
wait_hist_us = logarithmic buckets
  hist[0] = 30316
  hist[1] = 1346
  hist[2] = 100
  hist[3] = 21
  hist[4] = 15
  hist[5] = 2
  hist[9] = 233
  hist[10] = 464
  hist[11] = 103
  hist[14] = 134
  hist[15] = 232
  hist[16] = 33
  hist[17] = 1
by_callsite (caller PC; symbolize with addr2line):
   0 caller=0x7cb3f512e0c2 calls=13346 total_ms=18137.813 avg_us=1359.045 max_us=140454
   1 caller=0x7cb3f513286c calls=10828 total_ms=4.248 avg_us=0.392 max_us=23
   2 caller=0x7cb3f513277c calls=4012 total_ms=3.311 avg_us=0.825 max_us=20
   3 caller=0x7cb3f5131732 calls=802 total_ms=1.515 avg_us=1.889 max_us=16
   4 caller=0x7cb3f513299d calls=4012 total_ms=1.511 avg_us=0.377 max_us=20
direct_cudaStreamSynchronize: calls=14386 total_ms=64.594 max_us=2480
by_direct_callsite (file:line):
   0 /opt/llama.cpp/ggml/src/ggml-cuda/ggml-cuda.cu:839 calls=14033 total_ms=58.469 avg_us=4.167 max_us=354
   1 /opt/llama.cpp/ggml/src/ggml-cuda/ggml-cuda.cu:900 calls=12 total_ms=5.793 avg_us=482.750 max_us=2480
   2 /opt/llama.cpp/ggml/src/ggml-cuda/ggml-cuda.cu:2665 calls=191 total_ms=0.214 avg_us=1.120 max_us=5
   3 /opt/llama.cpp/ggml/src/ggml-cuda/ggml-cuda.cu:847 calls=150 total_ms=0.118 avg_us=0.787 max_us=2
=== END CUDA SYNC PROFILE ===

=== CUDA SYNC PROFILE (instrumentation only) ===
total_syncs = 33018
total_wait_ms = 18194.389
max_wait_us = 140454
sites = 5
wait_hist_us = logarithmic buckets
  hist[0] = 30333
  hist[1] = 1346
  hist[2] = 100
  hist[3] = 21
  hist[4] = 15
  hist[5] = 2
  hist[9] = 233
  hist[10] = 464
  hist[11] = 103
  hist[14] = 134
  hist[15] = 233
  hist[16] = 33
  hist[17] = 1
by_callsite (caller PC; symbolize with addr2line):
   0 caller=0x7cb3f512e0c2 calls=13348 total_ms=18183.796 avg_us=1362.286 max_us=140454
   1 caller=0x7cb3f513286c calls=10839 total_ms=4.253 avg_us=0.392 max_us=23
   2 caller=0x7cb3f513277c calls=4014 total_ms=3.312 avg_us=0.825 max_us=20
   3 caller=0x7cb3f5131732 calls=803 total_ms=1.516 avg_us=1.888 max_us=16
   4 caller=0x7cb3f513299d calls=4014 total_ms=1.512 avg_us=0.377 max_us=20
direct_cudaStreamSynchronize: calls=14400 total_ms=64.645 max_us=2480
by_direct_callsite (file:line):
   0 /opt/llama.cpp/ggml/src/ggml-cuda/ggml-cuda.cu:839 calls=14047 total_ms=58.520 avg_us=4.166 max_us=354
   1 /opt/llama.cpp/ggml/src/ggml-cuda/ggml-cuda.cu:900 calls=12 total_ms=5.793 avg_us=482.750 max_us=2480
   2 /opt/llama.cpp/ggml/src/ggml-cuda/ggml-cuda.cu:2665 calls=191 total_ms=0.214 avg_us=1.120 max_us=5
   3 /opt/llama.cpp/ggml/src/ggml-cuda/ggml-cuda.cu:847 calls=150 total_ms=0.118 avg_us=0.787 max_us=2
=== END CUDA SYNC PROFILE ===
backend-sync-trace: count=33100 backend=CUDA0 caller=ggml_backend_sched_graph_compute_async_ext+0xffd

=== CUDA SYNC PROFILE (instrumentation only) ===
total_syncs = 33100
total_wait_ms = 18256.175
max_wait_us = 140454
sites = 5
wait_hist_us = logarithmic buckets
  hist[0] = 30411
  hist[1] = 1347
  hist[2] = 100
  hist[3] = 21
  hist[4] = 15
  hist[5] = 2
  hist[9] = 233
  hist[10] = 466
  hist[11] = 103
  hist[14] = 134
  hist[15] = 234
  hist[16] = 33
  hist[17] = 1
by_callsite (caller PC; symbolize with addr2line):
   0 caller=0x7cb3f512e0c2 calls=13385 total_ms=18245.558 avg_us=1363.135 max_us=140454
   1 caller=0x7cb3f513286c calls=10864 total_ms=4.262 avg_us=0.392 max_us=23
   2 caller=0x7cb3f513277c calls=4023 total_ms=3.320 avg_us=0.825 max_us=20
   3 caller=0x7cb3f5131732 calls=805 total_ms=1.518 avg_us=1.886 max_us=16
   4 caller=0x7cb3f513299d calls=4023 total_ms=1.517 avg_us=0.377 max_us=20
direct_cudaStreamSynchronize: calls=14431 total_ms=64.766 max_us=2480
by_direct_callsite (file:line):
   0 /opt/llama.cpp/ggml/src/ggml-cuda/ggml-cuda.cu:839 calls=14078 total_ms=58.641 avg_us=4.165 max_us=354
   1 /opt/llama.cpp/ggml/src/ggml-cuda/ggml-cuda.cu:900 calls=12 total_ms=5.793 avg_us=482.750 max_us=2480
   2 /opt/llama.cpp/ggml/src/ggml-cuda/ggml-cuda.cu:2665 calls=191 total_ms=0.214 avg_us=1.120 max_us=5
   3 /opt/llama.cpp/ggml/src/ggml-cuda/ggml-cuda.cu:847 calls=150 total_ms=0.118 avg_us=0.787 max_us=2
=== END CUDA SYNC PROFILE ===
backend-sync-trace: count=33200 backend=CUDA0 caller=ggml_backend_sched_graph_compute_async_ext+0xffd

=== CUDA SYNC PROFILE (instrumentation only) ===
total_syncs = 33200
total_wait_ms = 18346.720
max_wait_us = 140454
sites = 5
wait_hist_us = logarithmic buckets
  hist[0] = 30505
  hist[1] = 1350
  hist[2] = 100
  hist[3] = 21
  hist[4] = 15
  hist[5] = 2
  hist[9] = 233
  hist[10] = 467
  hist[11] = 104
  hist[14] = 134
  hist[15] = 234
  hist[16] = 34
  hist[17] = 1
by_callsite (caller PC; symbolize with addr2line):
   0 caller=0x7cb3f512e0c2 calls=13425 total_ms=18336.075 avg_us=1365.816 max_us=140454
   1 caller=0x7cb3f513286c calls=10895 total_ms=4.273 avg_us=0.392 max_us=23
   2 caller=0x7cb3f513277c calls=4036 total_ms=3.328 avg_us=0.825 max_us=20
   3 caller=0x7cb3f5131732 calls=808 total_ms=1.523 avg_us=1.885 max_us=16
   4 caller=0x7cb3f513299d calls=4036 total_ms=1.521 avg_us=0.377 max_us=20
direct_cudaStreamSynchronize: calls=14472 total_ms=64.934 max_us=2480
by_direct_callsite (file:line):
   0 /opt/llama.cpp/ggml/src/ggml-cuda/ggml-cuda.cu:839 calls=14119 total_ms=58.809 avg_us=4.165 max_us=354
   1 /opt/llama.cpp/ggml/src/ggml-cuda/ggml-cuda.cu:900 calls=12 total_ms=5.793 avg_us=482.750 max_us=2480
   2 /opt/llama.cpp/ggml/src/ggml-cuda/ggml-cuda.cu:2665 calls=191 total_ms=0.214 avg_us=1.120 max_us=5
   3 /opt/llama.cpp/ggml/src/ggml-cuda/ggml-cuda.cu:847 calls=150 total_ms=0.118 avg_us=0.787 max_us=2
=== END CUDA SYNC PROFILE ===

=== CUDA SYNC PROFILE (instrumentation only) ===
total_syncs = 33248
total_wait_ms = 18350.603
max_wait_us = 140454
sites = 5
wait_hist_us = logarithmic buckets
  hist[0] = 30550
  hist[1] = 1351
  hist[2] = 100
  hist[3] = 21
  hist[4] = 15
  hist[5] = 2
  hist[9] = 233
  hist[10] = 468
  hist[11] = 105
  hist[14] = 134
  hist[15] = 234
  hist[16] = 34
  hist[17] = 1
by_callsite (caller PC; symbolize with addr2line):
   0 caller=0x7cb3f512e0c2 calls=13439 total_ms=18339.942 avg_us=1364.681 max_us=140454
   1 caller=0x7cb3f513286c calls=10917 total_ms=4.281 avg_us=0.392 max_us=23
   2 caller=0x7cb3f513277c calls=4042 total_ms=3.332 avg_us=0.824 max_us=20
   3 caller=0x7cb3f513299d calls=4042 total_ms=1.525 avg_us=0.377 max_us=20
   4 caller=0x7cb3f5131732 calls=808 total_ms=1.523 avg_us=1.885 max_us=16
direct_cudaStreamSynchronize: calls=14500 total_ms=65.043 max_us=2480
by_direct_callsite (file:line):
   0 /opt/llama.cpp/ggml/src/ggml-cuda/ggml-cuda.cu:839 calls=14147 total_ms=58.918 avg_us=4.165 max_us=354
   1 /opt/llama.cpp/ggml/src/ggml-cuda/ggml-cuda.cu:900 calls=12 total_ms=5.793 avg_us=482.750 max_us=2480
   2 /opt/llama.cpp/ggml/src/ggml-cuda/ggml-cuda.cu:2665 calls=191 total_ms=0.214 avg_us=1.120 max_us=5
   3 /opt/llama.cpp/ggml/src/ggml-cuda/ggml-cuda.cu:847 calls=150 total_ms=0.118 avg_us=0.787 max_us=2
=== END CUDA SYNC PROFILE ===
backend-sync-trace: count=33300 backend=CUDA0 caller=ggml_backend_sched_graph_compute_async_ext+0xddc

=== CUDA SYNC PROFILE (instrumentation only) ===
total_syncs = 33300
total_wait_ms = 18422.191
max_wait_us = 140454
sites = 5
wait_hist_us = logarithmic buckets
  hist[0] = 30599
  hist[1] = 1352
  hist[2] = 100
  hist[3] = 21
  hist[4] = 15
  hist[5] = 2
  hist[9] = 233
  hist[10] = 468
  hist[11] = 106
  hist[14] = 134
  hist[15] = 234
  hist[16] = 35
  hist[17] = 1
by_callsite (caller PC; symbolize with addr2line):
   0 caller=0x7cb3f512e0c2 calls=13469 total_ms=18411.521 avg_us=1366.955 max_us=140454
   1 caller=0x7cb3f513286c calls=10926 total_ms=4.284 avg_us=0.392 max_us=23
   2 caller=0x7cb3f513277c calls=4048 total_ms=3.335 avg_us=0.824 max_us=20
   3 caller=0x7cb3f513299d calls=4047 total_ms=1.526 avg_us=0.377 max_us=20
   4 caller=0x7cb3f5131732 calls=810 total_ms=1.525 avg_us=1.883 max_us=16
direct_cudaStreamSynchronize: calls=14513 total_ms=65.092 max_us=2480
by_direct_callsite (file:line):
   0 /opt/llama.cpp/ggml/src/ggml-cuda/ggml-cuda.cu:839 calls=14160 total_ms=58.967 avg_us=4.164 max_us=354
   1 /opt/llama.cpp/ggml/src/ggml-cuda/ggml-cuda.cu:900 calls=12 total_ms=5.793 avg_us=482.750 max_us=2480
   2 /opt/llama.cpp/ggml/src/ggml-cuda/ggml-cuda.cu:2665 calls=191 total_ms=0.214 avg_us=1.120 max_us=5
   3 /opt/llama.cpp/ggml/src/ggml-cuda/ggml-cuda.cu:847 calls=150 total_ms=0.118 avg_us=0.787 max_us=2
=== END CUDA SYNC PROFILE ===
backend-sync-trace: count=33400 backend=CUDA0 caller=ggml_backend_sched_graph_compute_async_ext+0xffd

=== CUDA SYNC PROFILE (instrumentation only) ===
total_syncs = 33400
total_wait_ms = 18504.426
max_wait_us = 140454
sites = 5
wait_hist_us = logarithmic buckets
  hist[0] = 30678
  hist[1] = 1368
  hist[2] = 100
  hist[3] = 22
  hist[4] = 15
  hist[5] = 2
  hist[9] = 234
  hist[10] = 470
  hist[11] = 106
  hist[14] = 134
  hist[15] = 234
  hist[16] = 36
  hist[17] = 1
by_callsite (caller PC; symbolize with addr2line):
   0 caller=0x7cb3f512e0c2 calls=13513 total_ms=18493.692 avg_us=1368.585 max_us=140454
   1 caller=0x7cb3f513286c calls=10957 total_ms=4.310 avg_us=0.393 max_us=23
   2 caller=0x7cb3f513277c calls=4059 total_ms=3.360 avg_us=0.828 max_us=20
   3 caller=0x7cb3f513299d calls=4059 total_ms=1.535 avg_us=0.378 max_us=20
   4 caller=0x7cb3f5131732 calls=812 total_ms=1.529 avg_us=1.883 max_us=16
direct_cudaStreamSynchronize: calls=14553 total_ms=65.270 max_us=2480
by_direct_callsite (file:line):
   0 /opt/llama.cpp/ggml/src/ggml-cuda/ggml-cuda.cu:839 calls=14200 total_ms=59.145 avg_us=4.165 max_us=354
   1 /opt/llama.cpp/ggml/src/ggml-cuda/ggml-cuda.cu:900 calls=12 total_ms=5.793 avg_us=482.750 max_us=2480
   2 /opt/llama.cpp/ggml/src/ggml-cuda/ggml-cuda.cu:2665 calls=191 total_ms=0.214 avg_us=1.120 max_us=5
   3 /opt/llama.cpp/ggml/src/ggml-cuda/ggml-cuda.cu:847 calls=150 total_ms=0.118 avg_us=0.787 max_us=2
=== END CUDA SYNC PROFILE ===

=== CUDA SYNC PROFILE (instrumentation only) ===
total_syncs = 33489
total_wait_ms = 18555.016
max_wait_us = 140454
sites = 5
wait_hist_us = logarithmic buckets
  hist[0] = 30759
  hist[1] = 1372
  hist[2] = 101
  hist[3] = 22
  hist[4] = 15
  hist[5] = 2
  hist[9] = 235
  hist[10] = 471
  hist[11] = 106
  hist[14] = 134
  hist[15] = 235
  hist[16] = 36
  hist[17] = 1
by_callsite (caller PC; symbolize with addr2line):
   0 caller=0x7cb3f512e0c2 calls=13538 total_ms=18544.248 avg_us=1369.792 max_us=140454
   1 caller=0x7cb3f513286c calls=10993 total_ms=4.325 avg_us=0.393 max_us=23
   2 caller=0x7cb3f513277c calls=4072 total_ms=3.371 avg_us=0.828 max_us=20
   3 caller=0x7cb3f513299d calls=4072 total_ms=1.539 avg_us=0.378 max_us=20
   4 caller=0x7cb3f5131732 calls=814 total_ms=1.533 avg_us=1.883 max_us=16
direct_cudaStreamSynchronize: calls=14600 total_ms=65.470 max_us=2480
by_direct_callsite (file:line):
   0 /opt/llama.cpp/ggml/src/ggml-cuda/ggml-cuda.cu:839 calls=14247 total_ms=59.345 avg_us=4.165 max_us=354
   1 /opt/llama.cpp/ggml/src/ggml-cuda/ggml-cuda.cu:900 calls=12 total_ms=5.793 avg_us=482.750 max_us=2480
   2 /opt/llama.cpp/ggml/src/ggml-cuda/ggml-cuda.cu:2665 calls=191 total_ms=0.214 avg_us=1.120 max_us=5
   3 /opt/llama.cpp/ggml/src/ggml-cuda/ggml-cuda.cu:847 calls=150 total_ms=0.118 avg_us=0.787 max_us=2
=== END CUDA SYNC PROFILE ===
backend-sync-trace: count=33500 backend=CUDA0 caller=ggml_backend_sched_graph_compute_async_ext+0xffd

=== CUDA SYNC PROFILE (instrumentation only) ===
total_syncs = 33500
total_wait_ms = 18596.919
max_wait_us = 140454
sites = 5
wait_hist_us = logarithmic buckets
  hist[0] = 30767
  hist[1] = 1373
  hist[2] = 101
  hist[3] = 23
  hist[4] = 15
  hist[5] = 2
  hist[9] = 235
  hist[10] = 471
  hist[11] = 106
  hist[14] = 134
  hist[15] = 236
  hist[16] = 36
  hist[17] = 1
by_callsite (caller PC; symbolize with addr2line):
   0 caller=0x7cb3f512e0c2 calls=13540 total_ms=18586.143 avg_us=1372.684 max_us=140454
   1 caller=0x7cb3f513286c calls=10999 total_ms=4.329 avg_us=0.394 max_us=23
   2 caller=0x7cb3f513277c calls=4073 total_ms=3.372 avg_us=0.828 max_us=20
   3 caller=0x7cb3f513299d calls=4073 total_ms=1.540 avg_us=0.378 max_us=20
   4 caller=0x7cb3f5131732 calls=815 total_ms=1.535 avg_us=1.883 max_us=16
direct_cudaStreamSynchronize: calls=14606 total_ms=65.487 max_us=2480
by_direct_callsite (file:line):
   0 /opt/llama.cpp/ggml/src/ggml-cuda/ggml-cuda.cu:839 calls=14253 total_ms=59.362 avg_us=4.165 max_us=354
   1 /opt/llama.cpp/ggml/src/ggml-cuda/ggml-cuda.cu:900 calls=12 total_ms=5.793 avg_us=482.750 max_us=2480
   2 /opt/llama.cpp/ggml/src/ggml-cuda/ggml-cuda.cu:2665 calls=191 total_ms=0.214 avg_us=1.120 max_us=5
   3 /opt/llama.cpp/ggml/src/ggml-cuda/ggml-cuda.cu:847 calls=150 total_ms=0.118 avg_us=0.787 max_us=2
=== END CUDA SYNC PROFILE ===
backend-sync-trace: count=33600 backend=CUDA0 caller=ggml_backend_sched_synchronize+0x52

=== CUDA SYNC PROFILE (instrumentation only) ===
total_syncs = 33600
total_wait_ms = 18648.359
max_wait_us = 140454
sites = 5
wait_hist_us = logarithmic buckets
  hist[0] = 30860
  hist[1] = 1376
  hist[2] = 102
  hist[3] = 23
  hist[4] = 15
  hist[5] = 2
  hist[9] = 235
  hist[10] = 472
  hist[11] = 107
  hist[14] = 134
  hist[15] = 237
  hist[16] = 36
  hist[17] = 1
by_callsite (caller PC; symbolize with addr2line):
   0 caller=0x7cb3f512e0c2 calls=13585 total_ms=18637.555 avg_us=1371.922 max_us=140454
   1 caller=0x7cb3f513286c calls=11030 total_ms=4.340 avg_us=0.393 max_us=23
   2 caller=0x7cb3f513277c calls=4084 total_ms=3.382 avg_us=0.828 max_us=20
   3 caller=0x7cb3f513299d calls=4084 total_ms=1.542 avg_us=0.378 max_us=20
   4 caller=0x7cb3f5131732 calls=817 total_ms=1.540 avg_us=1.885 max_us=16
direct_cudaStreamSynchronize: calls=14646 total_ms=65.656 max_us=2480
by_direct_callsite (file:line):
   0 /opt/llama.cpp/ggml/src/ggml-cuda/ggml-cuda.cu:839 calls=14293 total_ms=59.531 avg_us=4.165 max_us=354
   1 /opt/llama.cpp/ggml/src/ggml-cuda/ggml-cuda.cu:900 calls=12 total_ms=5.793 avg_us=482.750 max_us=2480
   2 /opt/llama.cpp/ggml/src/ggml-cuda/ggml-cuda.cu:2665 calls=191 total_ms=0.214 avg_us=1.120 max_us=5
   3 /opt/llama.cpp/ggml/src/ggml-cuda/ggml-cuda.cu:847 calls=150 total_ms=0.118 avg_us=0.787 max_us=2
=== END CUDA SYNC PROFILE ===
backend-sync-trace: count=33700 backend=CUDA0 caller=0x7cb3f5131732

=== CUDA SYNC PROFILE (instrumentation only) ===
total_syncs = 33700
total_wait_ms = 18692.264
max_wait_us = 140454
sites = 5
wait_hist_us = logarithmic buckets
  hist[0] = 30953
  hist[1] = 1380
  hist[2] = 102
  hist[3] = 23
  hist[4] = 15
  hist[5] = 2
  hist[9] = 235
  hist[10] = 474
  hist[11] = 107
  hist[14] = 134
  hist[15] = 238
  hist[16] = 36
  hist[17] = 1
by_callsite (caller PC; symbolize with addr2line):
   0 caller=0x7cb3f512e0c2 calls=13635 total_ms=18681.431 avg_us=1370.109 max_us=140454
   1 caller=0x7cb3f513286c calls=11057 total_ms=4.351 avg_us=0.394 max_us=23
   2 caller=0x7cb3f513277c calls=4094 total_ms=3.390 avg_us=0.828 max_us=20
   3 caller=0x7cb3f5131732 calls=820 total_ms=1.546 avg_us=1.885 max_us=16
   4 caller=0x7cb3f513299d calls=4094 total_ms=1.546 avg_us=0.378 max_us=20
direct_cudaStreamSynchronize: calls=14681 total_ms=65.798 max_us=2480
by_direct_callsite (file:line):
   0 /opt/llama.cpp/ggml/src/ggml-cuda/ggml-cuda.cu:839 calls=14328 total_ms=59.673 avg_us=4.165 max_us=354
   1 /opt/llama.cpp/ggml/src/ggml-cuda/ggml-cuda.cu:900 calls=12 total_ms=5.793 avg_us=482.750 max_us=2480
   2 /opt/llama.cpp/ggml/src/ggml-cuda/ggml-cuda.cu:2665 calls=191 total_ms=0.214 avg_us=1.120 max_us=5
   3 /opt/llama.cpp/ggml/src/ggml-cuda/ggml-cuda.cu:847 calls=150 total_ms=0.118 avg_us=0.787 max_us=2
=== END CUDA SYNC PROFILE ===

=== CUDA SYNC PROFILE (instrumentation only) ===
total_syncs = 33742
total_wait_ms = 18696.123
max_wait_us = 140454
sites = 5
wait_hist_us = logarithmic buckets
  hist[0] = 30991
  hist[1] = 1381
  hist[2] = 103
  hist[3] = 23
  hist[4] = 15
  hist[5] = 2
  hist[9] = 235
  hist[10] = 475
  hist[11] = 108
  hist[14] = 134
  hist[15] = 238
  hist[16] = 36
  hist[17] = 1
by_callsite (caller PC; symbolize with addr2line):
   0 caller=0x7cb3f512e0c2 calls=13649 total_ms=18685.276 avg_us=1368.985 max_us=140454
   1 caller=0x7cb3f513286c calls=11069 total_ms=4.353 avg_us=0.393 max_us=23
   2 caller=0x7cb3f513277c calls=4102 total_ms=3.400 avg_us=0.829 max_us=20
   3 caller=0x7cb3f513299d calls=4102 total_ms=1.548 avg_us=0.377 max_us=20
   4 caller=0x7cb3f5131732 calls=820 total_ms=1.546 avg_us=1.885 max_us=16
direct_cudaStreamSynchronize: calls=14700 total_ms=65.883 max_us=2480
by_direct_callsite (file:line):
   0 /opt/llama.cpp/ggml/src/ggml-cuda/ggml-cuda.cu:839 calls=14347 total_ms=59.758 avg_us=4.165 max_us=354
   1 /opt/llama.cpp/ggml/src/ggml-cuda/ggml-cuda.cu:900 calls=12 total_ms=5.793 avg_us=482.750 max_us=2480
   2 /opt/llama.cpp/ggml/src/ggml-cuda/ggml-cuda.cu:2665 calls=191 total_ms=0.214 avg_us=1.120 max_us=5
   3 /opt/llama.cpp/ggml/src/ggml-cuda/ggml-cuda.cu:847 calls=150 total_ms=0.118 avg_us=0.787 max_us=2
=== END CUDA SYNC PROFILE ===
backend-sync-trace: count=33800 backend=CUDA0 caller=ggml_backend_sched_synchronize+0x52

=== CUDA SYNC PROFILE (instrumentation only) ===
total_syncs = 33800
total_wait_ms = 18755.226
max_wait_us = 140454
sites = 5
wait_hist_us = logarithmic buckets
  hist[0] = 31045
  hist[1] = 1383
  hist[2] = 103
  hist[3] = 23
  hist[4] = 15
  hist[5] = 2
  hist[9] = 236
  hist[10] = 475
  hist[11] = 108
  hist[14] = 134
  hist[15] = 239
  hist[16] = 36
  hist[17] = 1
by_callsite (caller PC; symbolize with addr2line):
   0 caller=0x7cb3f512e0c2 calls=13678 total_ms=18744.361 avg_us=1370.402 max_us=140454
   1 caller=0x7cb3f513286c calls=11088 total_ms=4.363 avg_us=0.393 max_us=23
   2 caller=0x7cb3f513277c calls=4106 total_ms=3.402 avg_us=0.829 max_us=20
   3 caller=0x7cb3f5131732 calls=822 total_ms=1.550 avg_us=1.886 max_us=16
   4 caller=0x7cb3f513299d calls=4106 total_ms=1.550 avg_us=0.377 max_us=20
direct_cudaStreamSynchronize: calls=14722 total_ms=65.957 max_us=2480
by_direct_callsite (file:line):
   0 /opt/llama.cpp/ggml/src/ggml-cuda/ggml-cuda.cu:839 calls=14369 total_ms=59.832 avg_us=4.164 max_us=354
   1 /opt/llama.cpp/ggml/src/ggml-cuda/ggml-cuda.cu:900 calls=12 total_ms=5.793 avg_us=482.750 max_us=2480
   2 /opt/llama.cpp/ggml/src/ggml-cuda/ggml-cuda.cu:2665 calls=191 total_ms=0.214 avg_us=1.120 max_us=5
   3 /opt/llama.cpp/ggml/src/ggml-cuda/ggml-cuda.cu:847 calls=150 total_ms=0.118 avg_us=0.787 max_us=2
=== END CUDA SYNC PROFILE ===
backend-sync-trace: count=33900 backend=CUDA0 caller=ggml_backend_sched_graph_compute_async_ext+0xecc

=== CUDA SYNC PROFILE (instrumentation only) ===
total_syncs = 33900
total_wait_ms = 18800.993
max_wait_us = 140454
sites = 5
wait_hist_us = logarithmic buckets
  hist[0] = 31136
  hist[1] = 1388
  hist[2] = 103
  hist[3] = 23
  hist[4] = 15
  hist[5] = 2
  hist[9] = 237
  hist[10] = 477
  hist[11] = 108
  hist[14] = 134
  hist[15] = 240
  hist[16] = 36
  hist[17] = 1
by_callsite (caller PC; symbolize with addr2line):
   0 caller=0x7cb3f512e0c2 calls=13711 total_ms=18790.097 avg_us=1370.440 max_us=140454
   1 caller=0x7cb3f513286c calls=11121 total_ms=4.371 avg_us=0.393 max_us=23
   2 caller=0x7cb3f513277c calls=4122 total_ms=3.416 avg_us=0.829 max_us=20
   3 caller=0x7cb3f513299d calls=4122 total_ms=1.555 avg_us=0.377 max_us=20
   4 caller=0x7cb3f5131732 calls=824 total_ms=1.554 avg_us=1.886 max_us=16
direct_cudaStreamSynchronize: calls=14767 total_ms=66.136 max_us=2480
by_direct_callsite (file:line):
   0 /opt/llama.cpp/ggml/src/ggml-cuda/ggml-cuda.cu:839 calls=14414 total_ms=60.011 avg_us=4.163 max_us=354
   1 /opt/llama.cpp/ggml/src/ggml-cuda/ggml-cuda.cu:900 calls=12 total_ms=5.793 avg_us=482.750 max_us=2480
   2 /opt/llama.cpp/ggml/src/ggml-cuda/ggml-cuda.cu:2665 calls=191 total_ms=0.214 avg_us=1.120 max_us=5
   3 /opt/llama.cpp/ggml/src/ggml-cuda/ggml-cuda.cu:847 calls=150 total_ms=0.118 avg_us=0.787 max_us=2
=== END CUDA SYNC PROFILE ===

=== CUDA SYNC PROFILE (instrumentation only) ===
total_syncs = 33980
total_wait_ms = 18840.513
max_wait_us = 140454
sites = 5
wait_hist_us = logarithmic buckets
  hist[0] = 31210
  hist[1] = 1391
  hist[2] = 103
  hist[3] = 23
  hist[4] = 15
  hist[5] = 2
  hist[9] = 237
  hist[10] = 478
  hist[11] = 109
  hist[14] = 134
  hist[15] = 241
  hist[16] = 36
  hist[17] = 1
by_callsite (caller PC; symbolize with addr2line):
   0 caller=0x7cb3f512e0c2 calls=13748 total_ms=18829.589 avg_us=1369.624 max_us=140454
   1 caller=0x7cb3f513286c calls=11146 total_ms=4.385 avg_us=0.393 max_us=23
   2 caller=0x7cb3f513277c calls=4130 total_ms=3.422 avg_us=0.829 max_us=20
   3 caller=0x7cb3f513299d calls=4130 total_ms=1.560 avg_us=0.378 max_us=20
   4 caller=0x7cb3f5131732 calls=826 total_ms=1.557 avg_us=1.885 max_us=16
direct_cudaStreamSynchronize: calls=14800 total_ms=66.267 max_us=2480
by_direct_callsite (file:line):
   0 /opt/llama.cpp/ggml/src/ggml-cuda/ggml-cuda.cu:839 calls=14447 total_ms=60.142 avg_us=4.163 max_us=354
   1 /opt/llama.cpp/ggml/src/ggml-cuda/ggml-cuda.cu:900 calls=12 total_ms=5.793 avg_us=482.750 max_us=2480
   2 /opt/llama.cpp/ggml/src/ggml-cuda/ggml-cuda.cu:2665 calls=191 total_ms=0.214 avg_us=1.120 max_us=5
   3 /opt/llama.cpp/ggml/src/ggml-cuda/ggml-cuda.cu:847 calls=150 total_ms=0.118 avg_us=0.787 max_us=2
=== END CUDA SYNC PROFILE ===
backend-sync-trace: count=34000 backend=CUDA0 caller=ggml_backend_sched_synchronize+0x52

=== CUDA SYNC PROFILE (instrumentation only) ===
total_syncs = 34000
total_wait_ms = 18869.165
max_wait_us = 140454
sites = 5
wait_hist_us = logarithmic buckets
  hist[0] = 31229
  hist[1] = 1391
  hist[2] = 103
  hist[3] = 23
  hist[4] = 15
  hist[5] = 2
  hist[9] = 237
  hist[10] = 478
  hist[11] = 109
  hist[14] = 135
  hist[15] = 241
  hist[16] = 36
  hist[17] = 1
by_callsite (caller PC; symbolize with addr2line):
   0 caller=0x7cb3f512e0c2 calls=13749 total_ms=18858.237 avg_us=1371.608 max_us=140454
   1 caller=0x7cb3f513286c calls=11161 total_ms=4.388 avg_us=0.393 max_us=23
   2 caller=0x7cb3f513277c calls=4132 total_ms=3.423 avg_us=0.828 max_us=20
   3 caller=0x7cb3f513299d calls=4132 total_ms=1.560 avg_us=0.378 max_us=20
   4 caller=0x7cb3f5131732 calls=826 total_ms=1.557 avg_us=1.885 max_us=16
direct_cudaStreamSynchronize: calls=14816 total_ms=66.335 max_us=2480
by_direct_callsite (file:line):
   0 /opt/llama.cpp/ggml/src/ggml-cuda/ggml-cuda.cu:839 calls=14463 total_ms=60.210 avg_us=4.163 max_us=354
   1 /opt/llama.cpp/ggml/src/ggml-cuda/ggml-cuda.cu:900 calls=12 total_ms=5.793 avg_us=482.750 max_us=2480
   2 /opt/llama.cpp/ggml/src/ggml-cuda/ggml-cuda.cu:2665 calls=191 total_ms=0.214 avg_us=1.120 max_us=5
   3 /opt/llama.cpp/ggml/src/ggml-cuda/ggml-cuda.cu:847 calls=150 total_ms=0.118 avg_us=0.787 max_us=2
=== END CUDA SYNC PROFILE ===
backend-sync-trace: count=34100 backend=CUDA0 caller=ggml_backend_sched_graph_compute_async_ext+0xecc

=== CUDA SYNC PROFILE (instrumentation only) ===
total_syncs = 34100
total_wait_ms = 18912.342
max_wait_us = 140454
sites = 5
wait_hist_us = logarithmic buckets
  hist[0] = 31321
  hist[1] = 1396
  hist[2] = 103
  hist[3] = 23
  hist[4] = 15
  hist[5] = 2
  hist[9] = 238
  hist[10] = 479
  hist[11] = 109
  hist[14] = 135
  hist[15] = 242
  hist[16] = 36
  hist[17] = 1
by_callsite (caller PC; symbolize with addr2line):
   0 caller=0x7cb3f512e0c2 calls=13784 total_ms=18901.385 avg_us=1371.255 max_us=140454
   1 caller=0x7cb3f513286c calls=11194 total_ms=4.395 avg_us=0.393 max_us=23
   2 caller=0x7cb3f513277c calls=4146 total_ms=3.430 avg_us=0.827 max_us=20
   3 caller=0x7cb3f513299d calls=4146 total_ms=1.568 avg_us=0.378 max_us=20
   4 caller=0x7cb3f5131732 calls=830 total_ms=1.564 avg_us=1.884 max_us=16
direct_cudaStreamSynchronize: calls=14859 total_ms=66.520 max_us=2480
by_direct_callsite (file:line):
   0 /opt/llama.cpp/ggml/src/ggml-cuda/ggml-cuda.cu:839 calls=14506 total_ms=60.395 avg_us=4.163 max_us=354
   1 /opt/llama.cpp/ggml/src/ggml-cuda/ggml-cuda.cu:900 calls=12 total_ms=5.793 avg_us=482.750 max_us=2480
   2 /opt/llama.cpp/ggml/src/ggml-cuda/ggml-cuda.cu:2665 calls=191 total_ms=0.214 avg_us=1.120 max_us=5
   3 /opt/llama.cpp/ggml/src/ggml-cuda/ggml-cuda.cu:847 calls=150 total_ms=0.118 avg_us=0.787 max_us=2
=== END CUDA SYNC PROFILE ===

=== CUDA SYNC PROFILE (instrumentation only) ===
total_syncs = 34194
total_wait_ms = 18950.432
max_wait_us = 140454
sites = 5
wait_hist_us = logarithmic buckets
  hist[0] = 31409
  hist[1] = 1398
  hist[2] = 103
  hist[3] = 23
  hist[4] = 15
  hist[5] = 2
  hist[9] = 239
  hist[10] = 481
  hist[11] = 109
  hist[14] = 135
  hist[15] = 243
  hist[16] = 36
  hist[17] = 1
by_callsite (caller PC; symbolize with addr2line):
   0 caller=0x7cb3f512e0c2 calls=13822 total_ms=18939.449 avg_us=1370.239 max_us=140454
   1 caller=0x7cb3f513286c calls=11224 total_ms=4.406 avg_us=0.393 max_us=23
   2 caller=0x7cb3f513277c calls=4158 total_ms=3.438 avg_us=0.827 max_us=20
   3 caller=0x7cb3f513299d calls=4158 total_ms=1.572 avg_us=0.378 max_us=20
   4 caller=0x7cb3f5131732 calls=832 total_ms=1.567 avg_us=1.883 max_us=16
direct_cudaStreamSynchronize: calls=14900 total_ms=66.682 max_us=2480
by_direct_callsite (file:line):
   0 /opt/llama.cpp/ggml/src/ggml-cuda/ggml-cuda.cu:839 calls=14547 total_ms=60.557 avg_us=4.163 max_us=354
   1 /opt/llama.cpp/ggml/src/ggml-cuda/ggml-cuda.cu:900 calls=12 total_ms=5.793 avg_us=482.750 max_us=2480
   2 /opt/llama.cpp/ggml/src/ggml-cuda/ggml-cuda.cu:2665 calls=191 total_ms=0.214 avg_us=1.120 max_us=5
   3 /opt/llama.cpp/ggml/src/ggml-cuda/ggml-cuda.cu:847 calls=150 total_ms=0.118 avg_us=0.787 max_us=2
=== END CUDA SYNC PROFILE ===
backend-sync-trace: count=34200 backend=CUDA0 caller=ggml_backend_sched_synchronize+0x52

=== CUDA SYNC PROFILE (instrumentation only) ===
total_syncs = 34200
total_wait_ms = 18951.943
max_wait_us = 140454
sites = 5
wait_hist_us = logarithmic buckets
  hist[0] = 31414
  hist[1] = 1398
  hist[2] = 103
  hist[3] = 23
  hist[4] = 15
  hist[5] = 2
  hist[9] = 239
  hist[10] = 482
  hist[11] = 109
  hist[14] = 135
  hist[15] = 243
  hist[16] = 36
  hist[17] = 1
by_callsite (caller PC; symbolize with addr2line):
   0 caller=0x7cb3f512e0c2 calls=13825 total_ms=18940.960 avg_us=1370.051 max_us=140454
   1 caller=0x7cb3f513286c calls=11227 total_ms=4.406 avg_us=0.392 max_us=23
   2 caller=0x7cb3f513277c calls=4158 total_ms=3.438 avg_us=0.827 max_us=20
   3 caller=0x7cb3f513299d calls=4158 total_ms=1.572 avg_us=0.378 max_us=20
   4 caller=0x7cb3f5131732 calls=832 total_ms=1.567 avg_us=1.883 max_us=16
direct_cudaStreamSynchronize: calls=14903 total_ms=66.690 max_us=2480
by_direct_callsite (file:line):
   0 /opt/llama.cpp/ggml/src/ggml-cuda/ggml-cuda.cu:839 calls=14550 total_ms=60.565 avg_us=4.163 max_us=354
   1 /opt/llama.cpp/ggml/src/ggml-cuda/ggml-cuda.cu:900 calls=12 total_ms=5.793 avg_us=482.750 max_us=2480
   2 /opt/llama.cpp/ggml/src/ggml-cuda/ggml-cuda.cu:2665 calls=191 total_ms=0.214 avg_us=1.120 max_us=5
   3 /opt/llama.cpp/ggml/src/ggml-cuda/ggml-cuda.cu:847 calls=150 total_ms=0.118 avg_us=0.787 max_us=2
=== END CUDA SYNC PROFILE ===
backend-sync-trace: count=34300 backend=CUDA0 caller=ggml_backend_sched_graph_compute_async_ext+0xecc

=== CUDA SYNC PROFILE (instrumentation only) ===
total_syncs = 34300
total_wait_ms = 18986.280
max_wait_us = 140454
sites = 5
wait_hist_us = logarithmic buckets
  hist[0] = 31508
  hist[1] = 1401
  hist[2] = 103
  hist[3] = 23
  hist[4] = 15
  hist[5] = 2
  hist[9] = 241
  hist[10] = 482
  hist[11] = 109
  hist[14] = 136
  hist[15] = 243
  hist[16] = 36
  hist[17] = 1
by_callsite (caller PC; symbolize with addr2line):
   0 caller=0x7cb3f512e0c2 calls=13854 total_ms=18975.261 avg_us=1369.659 max_us=140454
   1 caller=0x7cb3f513286c calls=11268 total_ms=4.421 avg_us=0.392 max_us=23
   2 caller=0x7cb3f513277c calls=4172 total_ms=3.448 avg_us=0.826 max_us=20
   3 caller=0x7cb3f513299d calls=4172 total_ms=1.580 avg_us=0.379 max_us=20
   4 caller=0x7cb3f5131732 calls=834 total_ms=1.570 avg_us=1.882 max_us=16
direct_cudaStreamSynchronize: calls=14954 total_ms=66.897 max_us=2480
by_direct_callsite (file:line):
   0 /opt/llama.cpp/ggml/src/ggml-cuda/ggml-cuda.cu:839 calls=14601 total_ms=60.772 avg_us=4.162 max_us=354
   1 /opt/llama.cpp/ggml/src/ggml-cuda/ggml-cuda.cu:900 calls=12 total_ms=5.793 avg_us=482.750 max_us=2480
   2 /opt/llama.cpp/ggml/src/ggml-cuda/ggml-cuda.cu:2665 calls=191 total_ms=0.214 avg_us=1.120 max_us=5
   3 /opt/llama.cpp/ggml/src/ggml-cuda/ggml-cuda.cu:847 calls=150 total_ms=0.118 avg_us=0.787 max_us=2
=== END CUDA SYNC PROFILE ===
backend-sync-trace: count=34400 backend=CUDA0 caller=ggml_backend_sched_synchronize+0x52

=== CUDA SYNC PROFILE (instrumentation only) ===
total_syncs = 34400
total_wait_ms = 19055.603
max_wait_us = 140454
sites = 5
wait_hist_us = logarithmic buckets
  hist[0] = 31593
  hist[1] = 1411
  hist[2] = 103
  hist[3] = 24
  hist[4] = 15
  hist[5] = 2
  hist[9] = 243
  hist[10] = 482
  hist[11] = 109
  hist[14] = 137
  hist[15] = 244
  hist[16] = 36
  hist[17] = 1
by_callsite (caller PC; symbolize with addr2line):
   0 caller=0x7cb3f512e0c2 calls=13895 total_ms=19044.519 avg_us=1370.602 max_us=140454
   1 caller=0x7cb3f513286c calls=11300 total_ms=4.452 avg_us=0.394 max_us=23
   2 caller=0x7cb3f513277c calls=4184 total_ms=3.468 avg_us=0.829 max_us=20
   3 caller=0x7cb3f513299d calls=4184 total_ms=1.587 avg_us=0.379 max_us=20
   4 caller=0x7cb3f5131732 calls=837 total_ms=1.577 avg_us=1.884 max_us=16
direct_cudaStreamSynchronize: calls=14996 total_ms=67.088 max_us=2480
by_direct_callsite (file:line):
   0 /opt/llama.cpp/ggml/src/ggml-cuda/ggml-cuda.cu:839 calls=14643 total_ms=60.963 avg_us=4.163 max_us=354
   1 /opt/llama.cpp/ggml/src/ggml-cuda/ggml-cuda.cu:900 calls=12 total_ms=5.793 avg_us=482.750 max_us=2480
   2 /opt/llama.cpp/ggml/src/ggml-cuda/ggml-cuda.cu:2665 calls=191 total_ms=0.214 avg_us=1.120 max_us=5
   3 /opt/llama.cpp/ggml/src/ggml-cuda/ggml-cuda.cu:847 calls=150 total_ms=0.118 avg_us=0.787 max_us=2
=== END CUDA SYNC PROFILE ===

=== CUDA SYNC PROFILE (instrumentation only) ===
total_syncs = 34414
total_wait_ms = 19055.613
max_wait_us = 140454
sites = 5
wait_hist_us = logarithmic buckets
  hist[0] = 31606
  hist[1] = 1412
  hist[2] = 103
  hist[3] = 24
  hist[4] = 15
  hist[5] = 2
  hist[9] = 243
  hist[10] = 482
  hist[11] = 109
  hist[14] = 137
  hist[15] = 244
  hist[16] = 36
  hist[17] = 1
by_callsite (caller PC; symbolize with addr2line):
   0 caller=0x7cb3f512e0c2 calls=13902 total_ms=19044.524 avg_us=1369.913 max_us=140454
   1 caller=0x7cb3f513286c calls=11302 total_ms=4.454 avg_us=0.394 max_us=23
   2 caller=0x7cb3f513277c calls=4186 total_ms=3.469 avg_us=0.829 max_us=20
   3 caller=0x7cb3f513299d calls=4186 total_ms=1.587 avg_us=0.379 max_us=20
   4 caller=0x7cb3f5131732 calls=838 total_ms=1.579 avg_us=1.884 max_us=16
direct_cudaStreamSynchronize: calls=15000 total_ms=67.101 max_us=2480
by_direct_callsite (file:line):
   0 /opt/llama.cpp/ggml/src/ggml-cuda/ggml-cuda.cu:839 calls=14647 total_ms=60.976 avg_us=4.163 max_us=354
   1 /opt/llama.cpp/ggml/src/ggml-cuda/ggml-cuda.cu:900 calls=12 total_ms=5.793 avg_us=482.750 max_us=2480
   2 /opt/llama.cpp/ggml/src/ggml-cuda/ggml-cuda.cu:2665 calls=191 total_ms=0.214 avg_us=1.120 max_us=5
   3 /opt/llama.cpp/ggml/src/ggml-cuda/ggml-cuda.cu:847 calls=150 total_ms=0.118 avg_us=0.787 max_us=2
=== END CUDA SYNC PROFILE ===
backend-sync-trace: count=34500 backend=CUDA0 caller=ggml_backend_sched_graph_compute_async_ext+0xddc

=== CUDA SYNC PROFILE (instrumentation only) ===
total_syncs = 34500
total_wait_ms = 19104.280
max_wait_us = 140454
sites = 5
wait_hist_us = logarithmic buckets
  hist[0] = 31684
  hist[1] = 1415
  hist[2] = 104
  hist[3] = 24
  hist[4] = 15
  hist[5] = 2
  hist[9] = 243
  hist[10] = 485
  hist[11] = 109
  hist[14] = 137
  hist[15] = 245
  hist[16] = 36
  hist[17] = 1
by_callsite (caller PC; symbolize with addr2line):
   0 caller=0x7cb3f512e0c2 calls=13934 total_ms=19093.156 avg_us=1370.257 max_us=140454
   1 caller=0x7cb3f513286c calls=11331 total_ms=4.470 avg_us=0.394 max_us=23
   2 caller=0x7cb3f513277c calls=4198 total_ms=3.478 avg_us=0.828 max_us=20
   3 caller=0x7cb3f513299d calls=4197 total_ms=1.593 avg_us=0.380 max_us=20
   4 caller=0x7cb3f5131732 calls=840 total_ms=1.583 avg_us=1.885 max_us=16
direct_cudaStreamSynchronize: calls=15038 total_ms=67.253 max_us=2480
by_direct_callsite (file:line):
   0 /opt/llama.cpp/ggml/src/ggml-cuda/ggml-cuda.cu:839 calls=14685 total_ms=61.128 avg_us=4.163 max_us=354
   1 /opt/llama.cpp/ggml/src/ggml-cuda/ggml-cuda.cu:900 calls=12 total_ms=5.793 avg_us=482.750 max_us=2480
   2 /opt/llama.cpp/ggml/src/ggml-cuda/ggml-cuda.cu:2665 calls=191 total_ms=0.214 avg_us=1.120 max_us=5
   3 /opt/llama.cpp/ggml/src/ggml-cuda/ggml-cuda.cu:847 calls=150 total_ms=0.118 avg_us=0.787 max_us=2
=== END CUDA SYNC PROFILE ===
backend-sync-trace: count=34600 backend=CUDA0 caller=ggml_backend_sched_graph_compute_async_ext+0xffd

=== CUDA SYNC PROFILE (instrumentation only) ===
total_syncs = 34600
total_wait_ms = 19144.292
max_wait_us = 140454
sites = 5
wait_hist_us = logarithmic buckets
  hist[0] = 31775
  hist[1] = 1420
  hist[2] = 104
  hist[3] = 24
  hist[4] = 15
  hist[5] = 2
  hist[9] = 244
  hist[10] = 486
  hist[11] = 110
  hist[14] = 137
  hist[15] = 246
  hist[16] = 36
  hist[17] = 1
by_callsite (caller PC; symbolize with addr2line):
   0 caller=0x7cb3f512e0c2 calls=13972 total_ms=19133.137 avg_us=1369.391 max_us=140454
   1 caller=0x7cb3f513286c calls=11362 total_ms=4.480 avg_us=0.394 max_us=23
   2 caller=0x7cb3f513277c calls=4212 total_ms=3.488 avg_us=0.828 max_us=20
   3 caller=0x7cb3f513299d calls=4212 total_ms=1.600 avg_us=0.380 max_us=20
   4 caller=0x7cb3f5131732 calls=842 total_ms=1.587 avg_us=1.885 max_us=16
direct_cudaStreamSynchronize: calls=15080 total_ms=67.420 max_us=2480
by_direct_callsite (file:line):
   0 /opt/llama.cpp/ggml/src/ggml-cuda/ggml-cuda.cu:839 calls=14727 total_ms=61.295 avg_us=4.162 max_us=354
   1 /opt/llama.cpp/ggml/src/ggml-cuda/ggml-cuda.cu:900 calls=12 total_ms=5.793 avg_us=482.750 max_us=2480
   2 /opt/llama.cpp/ggml/src/ggml-cuda/ggml-cuda.cu:2665 calls=191 total_ms=0.214 avg_us=1.120 max_us=5
   3 /opt/llama.cpp/ggml/src/ggml-cuda/ggml-cuda.cu:847 calls=150 total_ms=0.118 avg_us=0.787 max_us=2
=== END CUDA SYNC PROFILE ===

=== CUDA SYNC PROFILE (instrumentation only) ===
total_syncs = 34624
total_wait_ms = 19189.139
max_wait_us = 140454
sites = 5
wait_hist_us = logarithmic buckets
  hist[0] = 31797
  hist[1] = 1421
  hist[2] = 104
  hist[3] = 24
  hist[4] = 15
  hist[5] = 2
  hist[9] = 244
  hist[10] = 486
  hist[11] = 110
  hist[14] = 137
  hist[15] = 247
  hist[16] = 36
  hist[17] = 1
by_callsite (caller PC; symbolize with addr2line):
   0 caller=0x7cb3f512e0c2 calls=13974 total_ms=19177.975 avg_us=1372.404 max_us=140454
   1 caller=0x7cb3f513286c calls=11379 total_ms=4.486 avg_us=0.394 max_us=23
   2 caller=0x7cb3f513277c calls=4214 total_ms=3.489 avg_us=0.828 max_us=20
   3 caller=0x7cb3f513299d calls=4214 total_ms=1.601 avg_us=0.380 max_us=20
   4 caller=0x7cb3f5131732 calls=843 total_ms=1.588 avg_us=1.884 max_us=16
direct_cudaStreamSynchronize: calls=15100 total_ms=67.512 max_us=2480
by_direct_callsite (file:line):
   0 /opt/llama.cpp/ggml/src/ggml-cuda/ggml-cuda.cu:839 calls=14747 total_ms=61.387 avg_us=4.163 max_us=354
   1 /opt/llama.cpp/ggml/src/ggml-cuda/ggml-cuda.cu:900 calls=12 total_ms=5.793 avg_us=482.750 max_us=2480
   2 /opt/llama.cpp/ggml/src/ggml-cuda/ggml-cuda.cu:2665 calls=191 total_ms=0.214 avg_us=1.120 max_us=5
   3 /opt/llama.cpp/ggml/src/ggml-cuda/ggml-cuda.cu:847 calls=150 total_ms=0.118 avg_us=0.787 max_us=2
=== END CUDA SYNC PROFILE ===
backend-sync-trace: count=34700 backend=CUDA0 caller=ggml_backend_sched_graph_compute_async_ext+0xecc

=== CUDA SYNC PROFILE (instrumentation only) ===
total_syncs = 34700
total_wait_ms = 19192.464
max_wait_us = 140454
sites = 5
wait_hist_us = logarithmic buckets
  hist[0] = 31868
  hist[1] = 1424
  hist[2] = 104
  hist[3] = 24
  hist[4] = 15
  hist[5] = 2
  hist[9] = 244
  hist[10] = 487
  hist[11] = 111
  hist[14] = 137
  hist[15] = 247
  hist[16] = 36
  hist[17] = 1
by_callsite (caller PC; symbolize with addr2line):
   0 caller=0x7cb3f512e0c2 calls=14009 total_ms=19181.281 avg_us=1369.211 max_us=140454
   1 caller=0x7cb3f513286c calls=11403 total_ms=4.495 avg_us=0.394 max_us=23
   2 caller=0x7cb3f513277c calls=4222 total_ms=3.495 avg_us=0.828 max_us=20
   3 caller=0x7cb3f513299d calls=4222 total_ms=1.603 avg_us=0.380 max_us=20
   4 caller=0x7cb3f5131732 calls=844 total_ms=1.590 avg_us=1.884 max_us=16
direct_cudaStreamSynchronize: calls=15129 total_ms=67.624 max_us=2480
by_direct_callsite (file:line):
   0 /opt/llama.cpp/ggml/src/ggml-cuda/ggml-cuda.cu:839 calls=14776 total_ms=61.499 avg_us=4.162 max_us=354
   1 /opt/llama.cpp/ggml/src/ggml-cuda/ggml-cuda.cu:900 calls=12 total_ms=5.793 avg_us=482.750 max_us=2480
   2 /opt/llama.cpp/ggml/src/ggml-cuda/ggml-cuda.cu:2665 calls=191 total_ms=0.214 avg_us=1.120 max_us=5
   3 /opt/llama.cpp/ggml/src/ggml-cuda/ggml-cuda.cu:847 calls=150 total_ms=0.118 avg_us=0.787 max_us=2
=== END CUDA SYNC PROFILE ===
backend-sync-trace: count=34800 backend=CUDA0 caller=ggml_backend_sched_synchronize+0x52

=== CUDA SYNC PROFILE (instrumentation only) ===
total_syncs = 34800
total_wait_ms = 19301.724
max_wait_us = 140454
sites = 5
wait_hist_us = logarithmic buckets
  hist[0] = 31961
  hist[1] = 1427
  hist[2] = 104
  hist[3] = 24
  hist[4] = 15
  hist[5] = 2
  hist[9] = 244
  hist[10] = 488
  hist[11] = 112
  hist[14] = 137
  hist[15] = 249
  hist[16] = 36
  hist[17] = 1
by_callsite (caller PC; symbolize with addr2line):
   0 caller=0x7cb3f512e0c2 calls=14050 total_ms=19290.511 avg_us=1372.990 max_us=140454
   1 caller=0x7cb3f513286c calls=11435 total_ms=4.506 avg_us=0.394 max_us=23
   2 caller=0x7cb3f513277c calls=4234 total_ms=3.503 avg_us=0.827 max_us=20
   3 caller=0x7cb3f513299d calls=4234 total_ms=1.610 avg_us=0.380 max_us=20
   4 caller=0x7cb3f5131732 calls=847 total_ms=1.594 avg_us=1.882 max_us=16
direct_cudaStreamSynchronize: calls=15171 total_ms=67.794 max_us=2480
by_direct_callsite (file:line):
   0 /opt/llama.cpp/ggml/src/ggml-cuda/ggml-cuda.cu:839 calls=14818 total_ms=61.669 avg_us=4.162 max_us=354
   1 /opt/llama.cpp/ggml/src/ggml-cuda/ggml-cuda.cu:900 calls=12 total_ms=5.793 avg_us=482.750 max_us=2480
   2 /opt/llama.cpp/ggml/src/ggml-cuda/ggml-cuda.cu:2665 calls=191 total_ms=0.214 avg_us=1.120 max_us=5
   3 /opt/llama.cpp/ggml/src/ggml-cuda/ggml-cuda.cu:847 calls=150 total_ms=0.118 avg_us=0.787 max_us=2
=== END CUDA SYNC PROFILE ===

=== CUDA SYNC PROFILE (instrumentation only) ===
total_syncs = 34854
total_wait_ms = 19303.887
max_wait_us = 140454
sites = 5
wait_hist_us = logarithmic buckets
  hist[0] = 32011
  hist[1] = 1429
  hist[2] = 104
  hist[3] = 24
  hist[4] = 15
  hist[5] = 2
  hist[9] = 245
  hist[10] = 489
  hist[11] = 112
  hist[14] = 137
  hist[15] = 249
  hist[16] = 36
  hist[17] = 1
by_callsite (caller PC; symbolize with addr2line):
   0 caller=0x7cb3f512e0c2 calls=14065 total_ms=19292.662 avg_us=1371.679 max_us=140454
   1 caller=0x7cb3f513286c calls=11457 total_ms=4.511 avg_us=0.394 max_us=23
   2 caller=0x7cb3f513277c calls=4242 total_ms=3.508 avg_us=0.827 max_us=20
   3 caller=0x7cb3f513299d calls=4242 total_ms=1.610 avg_us=0.380 max_us=20
   4 caller=0x7cb3f5131732 calls=848 total_ms=1.596 avg_us=1.882 max_us=16
direct_cudaStreamSynchronize: calls=15200 total_ms=67.906 max_us=2480
by_direct_callsite (file:line):
   0 /opt/llama.cpp/ggml/src/ggml-cuda/ggml-cuda.cu:839 calls=14847 total_ms=61.781 avg_us=4.161 max_us=354
   1 /opt/llama.cpp/ggml/src/ggml-cuda/ggml-cuda.cu:900 calls=12 total_ms=5.793 avg_us=482.750 max_us=2480
   2 /opt/llama.cpp/ggml/src/ggml-cuda/ggml-cuda.cu:2665 calls=191 total_ms=0.214 avg_us=1.120 max_us=5
   3 /opt/llama.cpp/ggml/src/ggml-cuda/ggml-cuda.cu:847 calls=150 total_ms=0.118 avg_us=0.787 max_us=2
=== END CUDA SYNC PROFILE ===
backend-sync-trace: count=34900 backend=CUDA0 caller=ggml_backend_sched_graph_compute_async_ext+0xddc

=== CUDA SYNC PROFILE (instrumentation only) ===
total_syncs = 34900
total_wait_ms = 19334.059
max_wait_us = 140454
sites = 5
wait_hist_us = logarithmic buckets
  hist[0] = 32053
  hist[1] = 1431
  hist[2] = 104
  hist[3] = 24
  hist[4] = 15
  hist[5] = 2
  hist[9] = 245
  hist[10] = 490
  hist[11] = 112
  hist[14] = 138
  hist[15] = 249
  hist[16] = 36
  hist[17] = 1
by_callsite (caller PC; symbolize with addr2line):
   0 caller=0x7cb3f512e0c2 calls=14089 total_ms=19322.821 avg_us=1371.483 max_us=140454
   1 caller=0x7cb3f513286c calls=11466 total_ms=4.514 avg_us=0.394 max_us=23
   2 caller=0x7cb3f513277c calls=4248 total_ms=3.512 avg_us=0.827 max_us=20
   3 caller=0x7cb3f513299d calls=4247 total_ms=1.612 avg_us=0.380 max_us=20
   4 caller=0x7cb3f5131732 calls=850 total_ms=1.600 avg_us=1.882 max_us=16
direct_cudaStreamSynchronize: calls=15213 total_ms=67.960 max_us=2480
by_direct_callsite (file:line):
   0 /opt/llama.cpp/ggml/src/ggml-cuda/ggml-cuda.cu:839 calls=14860 total_ms=61.835 avg_us=4.161 max_us=354
   1 /opt/llama.cpp/ggml/src/ggml-cuda/ggml-cuda.cu:900 calls=12 total_ms=5.793 avg_us=482.750 max_us=2480
   2 /opt/llama.cpp/ggml/src/ggml-cuda/ggml-cuda.cu:2665 calls=191 total_ms=0.214 avg_us=1.120 max_us=5
   3 /opt/llama.cpp/ggml/src/ggml-cuda/ggml-cuda.cu:847 calls=150 total_ms=0.118 avg_us=0.787 max_us=2
=== END CUDA SYNC PROFILE ===
backend-sync-trace: count=35000 backend=CUDA0 caller=ggml_backend_sched_graph_compute_async_ext+0xecc

=== CUDA SYNC PROFILE (instrumentation only) ===
total_syncs = 35000
total_wait_ms = 19395.581
max_wait_us = 140454
sites = 5
wait_hist_us = logarithmic buckets
  hist[0] = 32145
  hist[1] = 1435
  hist[2] = 104
  hist[3] = 24
  hist[4] = 15
  hist[5] = 2
  hist[9] = 245
  hist[10] = 491
  hist[11] = 114
  hist[14] = 138
  hist[15] = 250
  hist[16] = 36
  hist[17] = 1
by_callsite (caller PC; symbolize with addr2line):
   0 caller=0x7cb3f512e0c2 calls=14121 total_ms=19384.312 avg_us=1372.729 max_us=140454
   1 caller=0x7cb3f513286c calls=11503 total_ms=4.523 avg_us=0.393 max_us=23
   2 caller=0x7cb3f513277c calls=4262 total_ms=3.524 avg_us=0.827 max_us=20
   3 caller=0x7cb3f513299d calls=4262 total_ms=1.618 avg_us=0.380 max_us=20
   4 caller=0x7cb3f5131732 calls=852 total_ms=1.604 avg_us=1.883 max_us=16
direct_cudaStreamSynchronize: calls=15261 total_ms=68.174 max_us=2480
by_direct_callsite (file:line):
   0 /opt/llama.cpp/ggml/src/ggml-cuda/ggml-cuda.cu:839 calls=14908 total_ms=62.049 avg_us=4.162 max_us=354
   1 /opt/llama.cpp/ggml/src/ggml-cuda/ggml-cuda.cu:900 calls=12 total_ms=5.793 avg_us=482.750 max_us=2480
   2 /opt/llama.cpp/ggml/src/ggml-cuda/ggml-cuda.cu:2665 calls=191 total_ms=0.214 avg_us=1.120 max_us=5
   3 /opt/llama.cpp/ggml/src/ggml-cuda/ggml-cuda.cu:847 calls=150 total_ms=0.118 avg_us=0.787 max_us=2
=== END CUDA SYNC PROFILE ===

=== CUDA SYNC PROFILE (instrumentation only) ===
total_syncs = 35089
total_wait_ms = 19485.037
max_wait_us = 140454
sites = 5
wait_hist_us = logarithmic buckets
  hist[0] = 32227
  hist[1] = 1439
  hist[2] = 104
  hist[3] = 24
  hist[4] = 15
  hist[5] = 2
  hist[9] = 245
  hist[10] = 493
  hist[11] = 114
  hist[14] = 138
  hist[15] = 250
  hist[16] = 37
  hist[17] = 1
by_callsite (caller PC; symbolize with addr2line):
   0 caller=0x7cb3f512e0c2 calls=14158 total_ms=19473.742 avg_us=1375.459 max_us=140454
   1 caller=0x7cb3f513286c calls=11533 total_ms=4.536 avg_us=0.393 max_us=23
   2 caller=0x7cb3f513277c calls=4272 total_ms=3.530 avg_us=0.826 max_us=20
   3 caller=0x7cb3f513299d calls=4272 total_ms=1.621 avg_us=0.379 max_us=20
   4 caller=0x7cb3f5131732 calls=854 total_ms=1.608 avg_us=1.883 max_us=16
direct_cudaStreamSynchronize: calls=15300 total_ms=68.325 max_us=2480
by_direct_callsite (file:line):
   0 /opt/llama.cpp/ggml/src/ggml-cuda/ggml-cuda.cu:839 calls=14947 total_ms=62.200 avg_us=4.161 max_us=354
   1 /opt/llama.cpp/ggml/src/ggml-cuda/ggml-cuda.cu:900 calls=12 total_ms=5.793 avg_us=482.750 max_us=2480
   2 /opt/llama.cpp/ggml/src/ggml-cuda/ggml-cuda.cu:2665 calls=191 total_ms=0.214 avg_us=1.120 max_us=5
   3 /opt/llama.cpp/ggml/src/ggml-cuda/ggml-cuda.cu:847 calls=150 total_ms=0.118 avg_us=0.787 max_us=2
=== END CUDA SYNC PROFILE ===
backend-sync-trace: count=35100 backend=CUDA0 caller=ggml_backend_sched_graph_compute_async_ext+0xffd

=== CUDA SYNC PROFILE (instrumentation only) ===
total_syncs = 35100
total_wait_ms = 19539.033
max_wait_us = 140454
sites = 5
wait_hist_us = logarithmic buckets
  hist[0] = 32236
  hist[1] = 1440
  hist[2] = 104
  hist[3] = 24
  hist[4] = 15
  hist[5] = 2
  hist[9] = 245
  hist[10] = 493
  hist[11] = 114
  hist[14] = 138
  hist[15] = 251
  hist[16] = 37
  hist[17] = 1
by_callsite (caller PC; symbolize with addr2line):
   0 caller=0x7cb3f512e0c2 calls=14160 total_ms=19527.733 avg_us=1379.077 max_us=140454
   1 caller=0x7cb3f513286c calls=11539 total_ms=4.539 avg_us=0.393 max_us=23
   2 caller=0x7cb3f513277c calls=4273 total_ms=3.531 avg_us=0.826 max_us=20
   3 caller=0x7cb3f513299d calls=4273 total_ms=1.621 avg_us=0.379 max_us=20
   4 caller=0x7cb3f5131732 calls=855 total_ms=1.609 avg_us=1.882 max_us=16
direct_cudaStreamSynchronize: calls=15306 total_ms=68.340 max_us=2480
by_direct_callsite (file:line):
   0 /opt/llama.cpp/ggml/src/ggml-cuda/ggml-cuda.cu:839 calls=14953 total_ms=62.215 avg_us=4.161 max_us=354
   1 /opt/llama.cpp/ggml/src/ggml-cuda/ggml-cuda.cu:900 calls=12 total_ms=5.793 avg_us=482.750 max_us=2480
   2 /opt/llama.cpp/ggml/src/ggml-cuda/ggml-cuda.cu:2665 calls=191 total_ms=0.214 avg_us=1.120 max_us=5
   3 /opt/llama.cpp/ggml/src/ggml-cuda/ggml-cuda.cu:847 calls=150 total_ms=0.118 avg_us=0.787 max_us=2
=== END CUDA SYNC PROFILE ===
backend-sync-trace: count=35200 backend=CUDA0 caller=ggml_backend_sched_synchronize+0x52

=== CUDA SYNC PROFILE (instrumentation only) ===
total_syncs = 35200
total_wait_ms = 19596.832
max_wait_us = 140454
sites = 5
wait_hist_us = logarithmic buckets
  hist[0] = 32330
  hist[1] = 1443
  hist[2] = 104
  hist[3] = 24
  hist[4] = 15
  hist[5] = 2
  hist[9] = 245
  hist[10] = 495
  hist[11] = 114
  hist[14] = 138
  hist[15] = 252
  hist[16] = 37
  hist[17] = 1
by_callsite (caller PC; symbolize with addr2line):
   0 caller=0x7cb3f512e0c2 calls=14205 total_ms=19585.502 avg_us=1378.775 max_us=140454
   1 caller=0x7cb3f513286c calls=11570 total_ms=4.553 avg_us=0.394 max_us=23
   2 caller=0x7cb3f513277c calls=4284 total_ms=3.537 avg_us=0.826 max_us=20
   3 caller=0x7cb3f513299d calls=4284 total_ms=1.628 avg_us=0.380 max_us=20
   4 caller=0x7cb3f5131732 calls=857 total_ms=1.612 avg_us=1.881 max_us=16
direct_cudaStreamSynchronize: calls=15346 total_ms=68.507 max_us=2480
by_direct_callsite (file:line):
   0 /opt/llama.cpp/ggml/src/ggml-cuda/ggml-cuda.cu:839 calls=14993 total_ms=62.382 avg_us=4.161 max_us=354
   1 /opt/llama.cpp/ggml/src/ggml-cuda/ggml-cuda.cu:900 calls=12 total_ms=5.793 avg_us=482.750 max_us=2480
   2 /opt/llama.cpp/ggml/src/ggml-cuda/ggml-cuda.cu:2665 calls=191 total_ms=0.214 avg_us=1.120 max_us=5
   3 /opt/llama.cpp/ggml/src/ggml-cuda/ggml-cuda.cu:847 calls=150 total_ms=0.118 avg_us=0.787 max_us=2
=== END CUDA SYNC PROFILE ===
backend-sync-trace: count=35300 backend=CUDA0 caller=ggml_backend_sched_graph_compute_async_ext+0xecc

=== CUDA SYNC PROFILE (instrumentation only) ===
total_syncs = 35300
total_wait_ms = 19642.725
max_wait_us = 140454
sites = 5
wait_hist_us = logarithmic buckets
  hist[0] = 32424
  hist[1] = 1446
  hist[2] = 104
  hist[3] = 24
  hist[4] = 15
  hist[5] = 2
  hist[9] = 247
  hist[10] = 495
  hist[11] = 114
  hist[14] = 138
  hist[15] = 253
  hist[16] = 37
  hist[17] = 1
by_callsite (caller PC; symbolize with addr2line):
   0 caller=0x7cb3f512e0c2 calls=14249 total_ms=19631.371 avg_us=1377.737 max_us=140454
   1 caller=0x7cb3f513286c calls=11599 total_ms=4.559 avg_us=0.393 max_us=23
   2 caller=0x7cb3f513277c calls=4296 total_ms=3.547 avg_us=0.826 max_us=20
   3 caller=0x7cb3f513299d calls=4296 total_ms=1.631 avg_us=0.380 max_us=20
   4 caller=0x7cb3f5131732 calls=860 total_ms=1.617 avg_us=1.880 max_us=16
direct_cudaStreamSynchronize: calls=15384 total_ms=68.657 max_us=2480
by_direct_callsite (file:line):
   0 /opt/llama.cpp/ggml/src/ggml-cuda/ggml-cuda.cu:839 calls=15031 total_ms=62.532 avg_us=4.160 max_us=354
   1 /opt/llama.cpp/ggml/src/ggml-cuda/ggml-cuda.cu:900 calls=12 total_ms=5.793 avg_us=482.750 max_us=2480
   2 /opt/llama.cpp/ggml/src/ggml-cuda/ggml-cuda.cu:2665 calls=191 total_ms=0.214 avg_us=1.120 max_us=5
   3 /opt/llama.cpp/ggml/src/ggml-cuda/ggml-cuda.cu:847 calls=150 total_ms=0.118 avg_us=0.787 max_us=2
=== END CUDA SYNC PROFILE ===

=== CUDA SYNC PROFILE (instrumentation only) ===
total_syncs = 35336
total_wait_ms = 19645.207
max_wait_us = 140454
sites = 5
wait_hist_us = logarithmic buckets
  hist[0] = 32457
  hist[1] = 1447
  hist[2] = 104
  hist[3] = 24
  hist[4] = 15
  hist[5] = 2
  hist[9] = 248
  hist[10] = 496
  hist[11] = 114
  hist[14] = 138
  hist[15] = 253
  hist[16] = 37
  hist[17] = 1
by_callsite (caller PC; symbolize with addr2line):
   0 caller=0x7cb3f512e0c2 calls=14263 total_ms=19633.843 avg_us=1376.558 max_us=140454
   1 caller=0x7cb3f513286c calls=11609 total_ms=4.561 avg_us=0.393 max_us=23
   2 caller=0x7cb3f513277c calls=4302 total_ms=3.551 avg_us=0.825 max_us=20
   3 caller=0x7cb3f513299d calls=4302 total_ms=1.635 avg_us=0.380 max_us=20
   4 caller=0x7cb3f5131732 calls=860 total_ms=1.617 avg_us=1.880 max_us=16
direct_cudaStreamSynchronize: calls=15400 total_ms=68.733 max_us=2480
by_direct_callsite (file:line):
   0 /opt/llama.cpp/ggml/src/ggml-cuda/ggml-cuda.cu:839 calls=15047 total_ms=62.608 avg_us=4.161 max_us=354
   1 /opt/llama.cpp/ggml/src/ggml-cuda/ggml-cuda.cu:900 calls=12 total_ms=5.793 avg_us=482.750 max_us=2480
   2 /opt/llama.cpp/ggml/src/ggml-cuda/ggml-cuda.cu:2665 calls=191 total_ms=0.214 avg_us=1.120 max_us=5
   3 /opt/llama.cpp/ggml/src/ggml-cuda/ggml-cuda.cu:847 calls=150 total_ms=0.118 avg_us=0.787 max_us=2
=== END CUDA SYNC PROFILE ===
backend-sync-trace: count=35400 backend=CUDA0 caller=ggml_backend_sched_graph_compute_async_ext+0xffd

=== CUDA SYNC PROFILE (instrumentation only) ===
total_syncs = 35400
total_wait_ms = 19682.649
max_wait_us = 140454
sites = 5
wait_hist_us = logarithmic buckets
  hist[0] = 32515
  hist[1] = 1450
  hist[2] = 104
  hist[3] = 24
  hist[4] = 15
  hist[5] = 2
  hist[9] = 250
  hist[10] = 496
  hist[11] = 114
  hist[14] = 138
  hist[15] = 254
  hist[16] = 37
  hist[17] = 1
by_callsite (caller PC; symbolize with addr2line):
   0 caller=0x7cb3f512e0c2 calls=14288 total_ms=19671.268 avg_us=1376.768 max_us=140454
   1 caller=0x7cb3f513286c calls=11632 total_ms=4.568 avg_us=0.393 max_us=23
   2 caller=0x7cb3f513277c calls=4309 total_ms=3.557 avg_us=0.825 max_us=20
   3 caller=0x7cb3f513299d calls=4309 total_ms=1.636 avg_us=0.380 max_us=20
   4 caller=0x7cb3f5131732 calls=862 total_ms=1.620 avg_us=1.879 max_us=16
direct_cudaStreamSynchronize: calls=15428 total_ms=68.826 max_us=2480
by_direct_callsite (file:line):
   0 /opt/llama.cpp/ggml/src/ggml-cuda/ggml-cuda.cu:839 calls=15075 total_ms=62.701 avg_us=4.159 max_us=354
   1 /opt/llama.cpp/ggml/src/ggml-cuda/ggml-cuda.cu:900 calls=12 total_ms=5.793 avg_us=482.750 max_us=2480
   2 /opt/llama.cpp/ggml/src/ggml-cuda/ggml-cuda.cu:2665 calls=191 total_ms=0.214 avg_us=1.120 max_us=5
   3 /opt/llama.cpp/ggml/src/ggml-cuda/ggml-cuda.cu:847 calls=150 total_ms=0.118 avg_us=0.787 max_us=2
=== END CUDA SYNC PROFILE ===
backend-sync-trace: count=35500 backend=CUDA0 caller=ggml_backend_sched_graph_compute_async_ext+0xffd

=== CUDA SYNC PROFILE (instrumentation only) ===
total_syncs = 35500
total_wait_ms = 19762.194
max_wait_us = 140454
sites = 5
wait_hist_us = logarithmic buckets
  hist[0] = 32606
  hist[1] = 1455
  hist[2] = 104
  hist[3] = 24
  hist[4] = 15
  hist[5] = 2
  hist[9] = 252
  hist[10] = 496
  hist[11] = 114
  hist[14] = 138
  hist[15] = 256
  hist[16] = 37
  hist[17] = 1
by_callsite (caller PC; symbolize with addr2line):
   0 caller=0x7cb3f512e0c2 calls=14315 total_ms=19750.781 avg_us=1379.726 max_us=140454
   1 caller=0x7cb3f513286c calls=11674 total_ms=4.581 avg_us=0.392 max_us=23
   2 caller=0x7cb3f513277c calls=4323 total_ms=3.565 avg_us=0.825 max_us=20
   3 caller=0x7cb3f513299d calls=4323 total_ms=1.641 avg_us=0.380 max_us=20
   4 caller=0x7cb3f5131732 calls=865 total_ms=1.626 avg_us=1.880 max_us=16
direct_cudaStreamSynchronize: calls=15481 total_ms=69.039 max_us=2480
by_direct_callsite (file:line):
   0 /opt/llama.cpp/ggml/src/ggml-cuda/ggml-cuda.cu:839 calls=15128 total_ms=62.914 avg_us=4.159 max_us=354
   1 /opt/llama.cpp/ggml/src/ggml-cuda/ggml-cuda.cu:900 calls=12 total_ms=5.793 avg_us=482.750 max_us=2480
   2 /opt/llama.cpp/ggml/src/ggml-cuda/ggml-cuda.cu:2665 calls=191 total_ms=0.214 avg_us=1.120 max_us=5
   3 /opt/llama.cpp/ggml/src/ggml-cuda/ggml-cuda.cu:847 calls=150 total_ms=0.118 avg_us=0.787 max_us=2
=== END CUDA SYNC PROFILE ===

=== CUDA SYNC PROFILE (instrumentation only) ===
total_syncs = 35550
total_wait_ms = 19764.371
max_wait_us = 140454
sites = 5
wait_hist_us = logarithmic buckets
  hist[0] = 32652
  hist[1] = 1457
  hist[2] = 104
  hist[3] = 24
  hist[4] = 15
  hist[5] = 2
  hist[9] = 253
  hist[10] = 497
  hist[11] = 114
  hist[14] = 138
  hist[15] = 256
  hist[16] = 37
  hist[17] = 1
by_callsite (caller PC; symbolize with addr2line):
   0 caller=0x7cb3f512e0c2 calls=14338 total_ms=19752.943 avg_us=1377.664 max_us=140454
   1 caller=0x7cb3f513286c calls=11686 total_ms=4.587 avg_us=0.393 max_us=23
   2 caller=0x7cb3f513277c calls=4330 total_ms=3.572 avg_us=0.825 max_us=20
   3 caller=0x7cb3f513299d calls=4330 total_ms=1.641 avg_us=0.379 max_us=20
   4 caller=0x7cb3f5131732 calls=866 total_ms=1.628 avg_us=1.880 max_us=16
direct_cudaStreamSynchronize: calls=15500 total_ms=69.113 max_us=2480
by_direct_callsite (file:line):
   0 /opt/llama.cpp/ggml/src/ggml-cuda/ggml-cuda.cu:839 calls=15147 total_ms=62.988 avg_us=4.158 max_us=354
   1 /opt/llama.cpp/ggml/src/ggml-cuda/ggml-cuda.cu:900 calls=12 total_ms=5.793 avg_us=482.750 max_us=2480
   2 /opt/llama.cpp/ggml/src/ggml-cuda/ggml-cuda.cu:2665 calls=191 total_ms=0.214 avg_us=1.120 max_us=5
   3 /opt/llama.cpp/ggml/src/ggml-cuda/ggml-cuda.cu:847 calls=150 total_ms=0.118 avg_us=0.787 max_us=2
=== END CUDA SYNC PROFILE ===
backend-sync-trace: count=35600 backend=CUDA0 caller=ggml_backend_sched_synchronize+0x52

=== CUDA SYNC PROFILE (instrumentation only) ===
total_syncs = 35600
total_wait_ms = 19799.299
max_wait_us = 140454
sites = 5
wait_hist_us = logarithmic buckets
  hist[0] = 32699
  hist[1] = 1458
  hist[2] = 104
  hist[3] = 24
  hist[4] = 15
  hist[5] = 2
  hist[9] = 253
  hist[10] = 498
  hist[11] = 114
  hist[14] = 138
  hist[15] = 257
  hist[16] = 37
  hist[17] = 1
by_callsite (caller PC; symbolize with addr2line):
   0 caller=0x7cb3f512e0c2 calls=14351 total_ms=19787.857 avg_us=1378.849 max_us=140454
   1 caller=0x7cb3f513286c calls=11709 total_ms=4.593 avg_us=0.392 max_us=23
   2 caller=0x7cb3f513277c calls=4336 total_ms=3.575 avg_us=0.824 max_us=20
   3 caller=0x7cb3f513299d calls=4336 total_ms=1.644 avg_us=0.379 max_us=20
   4 caller=0x7cb3f5131732 calls=868 total_ms=1.630 avg_us=1.878 max_us=16
direct_cudaStreamSynchronize: calls=15527 total_ms=69.224 max_us=2480
by_direct_callsite (file:line):
   0 /opt/llama.cpp/ggml/src/ggml-cuda/ggml-cuda.cu:839 calls=15174 total_ms=63.099 avg_us=4.158 max_us=354
   1 /opt/llama.cpp/ggml/src/ggml-cuda/ggml-cuda.cu:900 calls=12 total_ms=5.793 avg_us=482.750 max_us=2480
   2 /opt/llama.cpp/ggml/src/ggml-cuda/ggml-cuda.cu:2665 calls=191 total_ms=0.214 avg_us=1.120 max_us=5
   3 /opt/llama.cpp/ggml/src/ggml-cuda/ggml-cuda.cu:847 calls=150 total_ms=0.118 avg_us=0.787 max_us=2
=== END CUDA SYNC PROFILE ===
backend-sync-trace: count=35700 backend=CUDA0 caller=ggml_backend_sched_synchronize+0x52

=== CUDA SYNC PROFILE (instrumentation only) ===
total_syncs = 35700
total_wait_ms = 19829.198
max_wait_us = 140454
sites = 5
wait_hist_us = logarithmic buckets
  hist[0] = 32791
  hist[1] = 1460
  hist[2] = 104
  hist[3] = 24
  hist[4] = 16
  hist[5] = 3
  hist[9] = 255
  hist[10] = 499
  hist[11] = 114
  hist[14] = 139
  hist[15] = 257
  hist[16] = 37
  hist[17] = 1
by_callsite (caller PC; symbolize with addr2line):
   0 caller=0x7cb3f512e0c2 calls=14394 total_ms=19817.685 avg_us=1376.802 max_us=140454
   1 caller=0x7cb3f513286c calls=11740 total_ms=4.602 avg_us=0.392 max_us=23
   2 caller=0x7cb3f513277c calls=4348 total_ms=3.614 avg_us=0.831 max_us=32
   3 caller=0x7cb3f513299d calls=4348 total_ms=1.663 avg_us=0.382 max_us=20
   4 caller=0x7cb3f5131732 calls=870 total_ms=1.634 avg_us=1.878 max_us=16
direct_cudaStreamSynchronize: calls=15568 total_ms=69.386 max_us=2480
by_direct_callsite (file:line):
   0 /opt/llama.cpp/ggml/src/ggml-cuda/ggml-cuda.cu:839 calls=15215 total_ms=63.261 avg_us=4.158 max_us=354
   1 /opt/llama.cpp/ggml/src/ggml-cuda/ggml-cuda.cu:900 calls=12 total_ms=5.793 avg_us=482.750 max_us=2480
   2 /opt/llama.cpp/ggml/src/ggml-cuda/ggml-cuda.cu:2665 calls=191 total_ms=0.214 avg_us=1.120 max_us=5
   3 /opt/llama.cpp/ggml/src/ggml-cuda/ggml-cuda.cu:847 calls=150 total_ms=0.118 avg_us=0.787 max_us=2
=== END CUDA SYNC PROFILE ===

=== CUDA SYNC PROFILE (instrumentation only) ===
total_syncs = 35764
total_wait_ms = 19864.590
max_wait_us = 140454
sites = 5
wait_hist_us = logarithmic buckets
  hist[0] = 32851
  hist[1] = 1462
  hist[2] = 104
  hist[3] = 24
  hist[4] = 16
  hist[5] = 3
  hist[9] = 256
  hist[10] = 499
  hist[11] = 114
  hist[14] = 139
  hist[15] = 258
  hist[16] = 37
  hist[17] = 1
by_callsite (caller PC; symbolize with addr2line):
   0 caller=0x7cb3f512e0c2 calls=14412 total_ms=19853.051 avg_us=1377.536 max_us=140454
   1 caller=0x7cb3f513286c calls=11764 total_ms=4.611 avg_us=0.392 max_us=23
   2 caller=0x7cb3f513277c calls=4358 total_ms=3.623 avg_us=0.831 max_us=32
   3 caller=0x7cb3f513299d calls=4358 total_ms=1.668 avg_us=0.383 max_us=20
   4 caller=0x7cb3f5131732 calls=872 total_ms=1.637 avg_us=1.877 max_us=16
direct_cudaStreamSynchronize: calls=15600 total_ms=69.519 max_us=2480
by_direct_callsite (file:line):
   0 /opt/llama.cpp/ggml/src/ggml-cuda/ggml-cuda.cu:839 calls=15247 total_ms=63.394 avg_us=4.158 max_us=354
   1 /opt/llama.cpp/ggml/src/ggml-cuda/ggml-cuda.cu:900 calls=12 total_ms=5.793 avg_us=482.750 max_us=2480
   2 /opt/llama.cpp/ggml/src/ggml-cuda/ggml-cuda.cu:2665 calls=191 total_ms=0.214 avg_us=1.120 max_us=5
   3 /opt/llama.cpp/ggml/src/ggml-cuda/ggml-cuda.cu:847 calls=150 total_ms=0.118 avg_us=0.787 max_us=2
=== END CUDA SYNC PROFILE ===
backend-sync-trace: count=35800 backend=CUDA0 caller=0x7cb3f5131732

=== CUDA SYNC PROFILE (instrumentation only) ===
total_syncs = 35800
total_wait_ms = 19893.955
max_wait_us = 140454
sites = 5
wait_hist_us = logarithmic buckets
  hist[0] = 32883
  hist[1] = 1464
  hist[2] = 104
  hist[3] = 24
  hist[4] = 16
  hist[5] = 3
  hist[9] = 257
  hist[10] = 499
  hist[11] = 114
  hist[14] = 140
  hist[15] = 258
  hist[16] = 37
  hist[17] = 1
by_callsite (caller PC; symbolize with addr2line):
   0 caller=0x7cb3f512e0c2 calls=14421 total_ms=19882.401 avg_us=1378.712 max_us=140454
   1 caller=0x7cb3f513286c calls=11782 total_ms=4.620 avg_us=0.392 max_us=23
   2 caller=0x7cb3f513277c calls=4362 total_ms=3.626 avg_us=0.831 max_us=32
   3 caller=0x7cb3f513299d calls=4362 total_ms=1.669 avg_us=0.383 max_us=20
   4 caller=0x7cb3f5131732 calls=873 total_ms=1.639 avg_us=1.877 max_us=16
direct_cudaStreamSynchronize: calls=15621 total_ms=69.603 max_us=2480
by_direct_callsite (file:line):
   0 /opt/llama.cpp/ggml/src/ggml-cuda/ggml-cuda.cu:839 calls=15268 total_ms=63.478 avg_us=4.158 max_us=354
   1 /opt/llama.cpp/ggml/src/ggml-cuda/ggml-cuda.cu:900 calls=12 total_ms=5.793 avg_us=482.750 max_us=2480
   2 /opt/llama.cpp/ggml/src/ggml-cuda/ggml-cuda.cu:2665 calls=191 total_ms=0.214 avg_us=1.120 max_us=5
   3 /opt/llama.cpp/ggml/src/ggml-cuda/ggml-cuda.cu:847 calls=150 total_ms=0.118 avg_us=0.787 max_us=2
=== END CUDA SYNC PROFILE ===
backend-sync-trace: count=35900 backend=CUDA0 caller=ggml_backend_sched_synchronize+0x52

=== CUDA SYNC PROFILE (instrumentation only) ===
total_syncs = 35900
total_wait_ms = 19926.457
max_wait_us = 140454
sites = 5
wait_hist_us = logarithmic buckets
  hist[0] = 32977
  hist[1] = 1466
  hist[2] = 104
  hist[3] = 25
  hist[4] = 16
  hist[5] = 3
  hist[9] = 258
  hist[10] = 500
  hist[11] = 114
  hist[14] = 141
  hist[15] = 258
  hist[16] = 37
  hist[17] = 1
by_callsite (caller PC; symbolize with addr2line):
   0 caller=0x7cb3f512e0c2 calls=14464 total_ms=19914.862 avg_us=1376.857 max_us=140454
   1 caller=0x7cb3f513286c calls=11813 total_ms=4.633 avg_us=0.392 max_us=23
   2 caller=0x7cb3f513277c calls=4374 total_ms=3.646 avg_us=0.834 max_us=32
   3 caller=0x7cb3f513299d calls=4374 total_ms=1.674 avg_us=0.383 max_us=20
   4 caller=0x7cb3f5131732 calls=875 total_ms=1.642 avg_us=1.877 max_us=16
direct_cudaStreamSynchronize: calls=15661 total_ms=69.769 max_us=2480
by_direct_callsite (file:line):
   0 /opt/llama.cpp/ggml/src/ggml-cuda/ggml-cuda.cu:839 calls=15308 total_ms=63.644 avg_us=4.158 max_us=354
   1 /opt/llama.cpp/ggml/src/ggml-cuda/ggml-cuda.cu:900 calls=12 total_ms=5.793 avg_us=482.750 max_us=2480
   2 /opt/llama.cpp/ggml/src/ggml-cuda/ggml-cuda.cu:2665 calls=191 total_ms=0.214 avg_us=1.120 max_us=5
   3 /opt/llama.cpp/ggml/src/ggml-cuda/ggml-cuda.cu:847 calls=150 total_ms=0.118 avg_us=0.787 max_us=2
=== END CUDA SYNC PROFILE ===
backend-sync-trace: count=36000 backend=CUDA0 caller=ggml_backend_sched_graph_compute_async_ext+0xffd

=== CUDA SYNC PROFILE (instrumentation only) ===
total_syncs = 36000
total_wait_ms = 19968.077
max_wait_us = 140454
sites = 5
wait_hist_us = logarithmic buckets
  hist[0] = 33071
  hist[1] = 1469
  hist[2] = 104
  hist[3] = 25
  hist[4] = 16
  hist[5] = 3
  hist[9] = 258
  hist[10] = 502
  hist[11] = 114
  hist[14] = 141
  hist[15] = 259
  hist[16] = 37
  hist[17] = 1
by_callsite (caller PC; symbolize with addr2line):
   0 caller=0x7cb3f512e0c2 calls=14510 total_ms=19956.455 avg_us=1375.359 max_us=140454
   1 caller=0x7cb3f513286c calls=11840 total_ms=4.643 avg_us=0.392 max_us=23
   2 caller=0x7cb3f513277c calls=4386 total_ms=3.654 avg_us=0.833 max_us=32
   3 caller=0x7cb3f513299d calls=4386 total_ms=1.678 avg_us=0.383 max_us=20
   4 caller=0x7cb3f5131732 calls=878 total_ms=1.647 avg_us=1.876 max_us=16
direct_cudaStreamSynchronize: calls=15697 total_ms=69.916 max_us=2480
by_direct_callsite (file:line):
   0 /opt/llama.cpp/ggml/src/ggml-cuda/ggml-cuda.cu:839 calls=15344 total_ms=63.791 avg_us=4.157 max_us=354
   1 /opt/llama.cpp/ggml/src/ggml-cuda/ggml-cuda.cu:900 calls=12 total_ms=5.793 avg_us=482.750 max_us=2480
   2 /opt/llama.cpp/ggml/src/ggml-cuda/ggml-cuda.cu:2665 calls=191 total_ms=0.214 avg_us=1.120 max_us=5
   3 /opt/llama.cpp/ggml/src/ggml-cuda/ggml-cuda.cu:847 calls=150 total_ms=0.118 avg_us=0.787 max_us=2
=== END CUDA SYNC PROFILE ===

=== CUDA SYNC PROFILE (instrumentation only) ===
total_syncs = 36002
total_wait_ms = 19968.078
max_wait_us = 140454
sites = 5
wait_hist_us = logarithmic buckets
  hist[0] = 33073
  hist[1] = 1469
  hist[2] = 104
  hist[3] = 25
  hist[4] = 16
  hist[5] = 3
  hist[9] = 258
  hist[10] = 502
  hist[11] = 114
  hist[14] = 141
  hist[15] = 259
  hist[16] = 37
  hist[17] = 1
by_callsite (caller PC; symbolize with addr2line):
   0 caller=0x7cb3f512e0c2 calls=14510 total_ms=19956.455 avg_us=1375.359 max_us=140454
   1 caller=0x7cb3f513286c calls=11842 total_ms=4.644 avg_us=0.392 max_us=23
   2 caller=0x7cb3f513277c calls=4386 total_ms=3.654 avg_us=0.833 max_us=32
   3 caller=0x7cb3f513299d calls=4386 total_ms=1.678 avg_us=0.383 max_us=20
   4 caller=0x7cb3f5131732 calls=878 total_ms=1.647 avg_us=1.876 max_us=16
direct_cudaStreamSynchronize: calls=15700 total_ms=69.928 max_us=2480
by_direct_callsite (file:line):
   0 /opt/llama.cpp/ggml/src/ggml-cuda/ggml-cuda.cu:839 calls=15347 total_ms=63.803 avg_us=4.157 max_us=354
   1 /opt/llama.cpp/ggml/src/ggml-cuda/ggml-cuda.cu:900 calls=12 total_ms=5.793 avg_us=482.750 max_us=2480
   2 /opt/llama.cpp/ggml/src/ggml-cuda/ggml-cuda.cu:2665 calls=191 total_ms=0.214 avg_us=1.120 max_us=5
   3 /opt/llama.cpp/ggml/src/ggml-cuda/ggml-cuda.cu:847 calls=150 total_ms=0.118 avg_us=0.787 max_us=2
=== END CUDA SYNC PROFILE ===
backend-sync-trace: count=36100 backend=CUDA0 caller=ggml_backend_sched_synchronize+0x52

=== CUDA SYNC PROFILE (instrumentation only) ===
total_syncs = 36100
total_wait_ms = 20028.026
max_wait_us = 140454
sites = 5
wait_hist_us = logarithmic buckets
  hist[0] = 33162
  hist[1] = 1471
  hist[2] = 106
  hist[3] = 25
  hist[4] = 16
  hist[5] = 3
  hist[9] = 258
  hist[10] = 505
  hist[11] = 115
  hist[14] = 141
  hist[15] = 260
  hist[16] = 37
  hist[17] = 1
by_callsite (caller PC; symbolize with addr2line):
   0 caller=0x7cb3f512e0c2 calls=14549 total_ms=20016.372 avg_us=1375.790 max_us=140454
   1 caller=0x7cb3f513286c calls=11875 total_ms=4.654 avg_us=0.392 max_us=23
   2 caller=0x7cb3f513277c calls=4398 total_ms=3.663 avg_us=0.833 max_us=32
   3 caller=0x7cb3f513299d calls=4398 total_ms=1.683 avg_us=0.383 max_us=20
   4 caller=0x7cb3f5131732 calls=880 total_ms=1.654 avg_us=1.880 max_us=16
direct_cudaStreamSynchronize: calls=15743 total_ms=70.098 max_us=2480
by_direct_callsite (file:line):
   0 /opt/llama.cpp/ggml/src/ggml-cuda/ggml-cuda.cu:839 calls=15390 total_ms=63.973 avg_us=4.157 max_us=354
   1 /opt/llama.cpp/ggml/src/ggml-cuda/ggml-cuda.cu:900 calls=12 total_ms=5.793 avg_us=482.750 max_us=2480
   2 /opt/llama.cpp/ggml/src/ggml-cuda/ggml-cuda.cu:2665 calls=191 total_ms=0.214 avg_us=1.120 max_us=5
   3 /opt/llama.cpp/ggml/src/ggml-cuda/ggml-cuda.cu:847 calls=150 total_ms=0.118 avg_us=0.787 max_us=2
=== END CUDA SYNC PROFILE ===
1.27.262.177 I slot print_timing: id  0 | task 0 | n_gen =   1004, tg =  47.01 t/s, tg_3s =  45.12 t/s
backend-sync-trace: count=36200 backend=CUDA0 caller=0x7cb3f5131732

=== CUDA SYNC PROFILE (instrumentation only) ===
total_syncs = 36200
total_wait_ms = 20105.866
max_wait_us = 140454
sites = 5
wait_hist_us = logarithmic buckets
  hist[0] = 33252
  hist[1] = 1475
  hist[2] = 108
  hist[3] = 25
  hist[4] = 16
  hist[5] = 3
  hist[9] = 258
  hist[10] = 506
  hist[11] = 116
  hist[14] = 141
  hist[15] = 262
  hist[16] = 37
  hist[17] = 1
by_callsite (caller PC; symbolize with addr2line):
   0 caller=0x7cb3f512e0c2 calls=14576 total_ms=20094.170 avg_us=1378.579 max_us=140454
   1 caller=0x7cb3f513286c calls=11917 total_ms=4.671 avg_us=0.392 max_us=23
   2 caller=0x7cb3f513277c calls=4412 total_ms=3.678 avg_us=0.834 max_us=32
   3 caller=0x7cb3f513299d calls=4412 total_ms=1.688 avg_us=0.383 max_us=20
   4 caller=0x7cb3f5131732 calls=883 total_ms=1.659 avg_us=1.879 max_us=16
direct_cudaStreamSynchronize: calls=15796 total_ms=70.306 max_us=2480
by_direct_callsite (file:line):
   0 /opt/llama.cpp/ggml/src/ggml-cuda/ggml-cuda.cu:839 calls=15443 total_ms=64.181 avg_us=4.156 max_us=354
   1 /opt/llama.cpp/ggml/src/ggml-cuda/ggml-cuda.cu:900 calls=12 total_ms=5.793 avg_us=482.750 max_us=2480
   2 /opt/llama.cpp/ggml/src/ggml-cuda/ggml-cuda.cu:2665 calls=191 total_ms=0.214 avg_us=1.120 max_us=5
   3 /opt/llama.cpp/ggml/src/ggml-cuda/ggml-cuda.cu:847 calls=150 total_ms=0.118 avg_us=0.787 max_us=2
=== END CUDA SYNC PROFILE ===

=== CUDA SYNC PROFILE (instrumentation only) ===
total_syncs = 36206
total_wait_ms = 20105.868
max_wait_us = 140454
sites = 5
wait_hist_us = logarithmic buckets
  hist[0] = 33258
  hist[1] = 1475
  hist[2] = 108
  hist[3] = 25
  hist[4] = 16
  hist[5] = 3
  hist[9] = 258
  hist[10] = 506
  hist[11] = 116
  hist[14] = 141
  hist[15] = 262
  hist[16] = 37
  hist[17] = 1
by_callsite (caller PC; symbolize with addr2line):
   0 caller=0x7cb3f512e0c2 calls=14576 total_ms=20094.170 avg_us=1378.579 max_us=140454
   1 caller=0x7cb3f513286c calls=11919 total_ms=4.671 avg_us=0.392 max_us=23
   2 caller=0x7cb3f513277c calls=4414 total_ms=3.680 avg_us=0.834 max_us=32
   3 caller=0x7cb3f513299d calls=4414 total_ms=1.688 avg_us=0.382 max_us=20
   4 caller=0x7cb3f5131732 calls=883 total_ms=1.659 avg_us=1.879 max_us=16
direct_cudaStreamSynchronize: calls=15800 total_ms=70.330 max_us=2480
by_direct_callsite (file:line):
   0 /opt/llama.cpp/ggml/src/ggml-cuda/ggml-cuda.cu:839 calls=15447 total_ms=64.205 avg_us=4.156 max_us=354
   1 /opt/llama.cpp/ggml/src/ggml-cuda/ggml-cuda.cu:900 calls=12 total_ms=5.793 avg_us=482.750 max_us=2480
   2 /opt/llama.cpp/ggml/src/ggml-cuda/ggml-cuda.cu:2665 calls=191 total_ms=0.214 avg_us=1.120 max_us=5
   3 /opt/llama.cpp/ggml/src/ggml-cuda/ggml-cuda.cu:847 calls=150 total_ms=0.118 avg_us=0.787 max_us=2
=== END CUDA SYNC PROFILE ===
backend-sync-trace: count=36300 backend=CUDA0 caller=ggml_backend_sched_synchronize+0x52

=== CUDA SYNC PROFILE (instrumentation only) ===
total_syncs = 36300
total_wait_ms = 20177.283
max_wait_us = 140454
sites = 5
wait_hist_us = logarithmic buckets
  hist[0] = 33345
  hist[1] = 1478
  hist[2] = 109
  hist[3] = 25
  hist[4] = 16
  hist[5] = 3
  hist[9] = 258
  hist[10] = 508
  hist[11] = 116
  hist[14] = 141
  hist[15] = 262
  hist[16] = 38
  hist[17] = 1
by_callsite (caller PC; symbolize with addr2line):
   0 caller=0x7cb3f512e0c2 calls=14619 total_ms=20165.560 avg_us=1379.408 max_us=140454
   1 caller=0x7cb3f513286c calls=11948 total_ms=4.683 avg_us=0.392 max_us=23
   2 caller=0x7cb3f513277c calls=4424 total_ms=3.688 avg_us=0.834 max_us=32
   3 caller=0x7cb3f513299d calls=4424 total_ms=1.690 avg_us=0.382 max_us=20
   4 caller=0x7cb3f5131732 calls=885 total_ms=1.662 avg_us=1.878 max_us=16
direct_cudaStreamSynchronize: calls=15836 total_ms=70.473 max_us=2480
by_direct_callsite (file:line):
   0 /opt/llama.cpp/ggml/src/ggml-cuda/ggml-cuda.cu:839 calls=15483 total_ms=64.348 avg_us=4.156 max_us=354
   1 /opt/llama.cpp/ggml/src/ggml-cuda/ggml-cuda.cu:900 calls=12 total_ms=5.793 avg_us=482.750 max_us=2480
   2 /opt/llama.cpp/ggml/src/ggml-cuda/ggml-cuda.cu:2665 calls=191 total_ms=0.214 avg_us=1.120 max_us=5
   3 /opt/llama.cpp/ggml/src/ggml-cuda/ggml-cuda.cu:847 calls=150 total_ms=0.118 avg_us=0.787 max_us=2
=== END CUDA SYNC PROFILE ===
backend-sync-trace: count=36400 backend=CUDA0 caller=ggml_backend_sched_synchronize+0x52

=== CUDA SYNC PROFILE (instrumentation only) ===
total_syncs = 36400
total_wait_ms = 20235.554
max_wait_us = 140454
sites = 5
wait_hist_us = logarithmic buckets
  hist[0] = 33439
  hist[1] = 1481
  hist[2] = 109
  hist[3] = 25
  hist[4] = 16
  hist[5] = 3
  hist[9] = 258
  hist[10] = 510
  hist[11] = 116
  hist[14] = 141
  hist[15] = 263
  hist[16] = 38
  hist[17] = 1
by_callsite (caller PC; symbolize with addr2line):
   0 caller=0x7cb3f512e0c2 calls=14670 total_ms=20223.802 avg_us=1378.582 max_us=140454
   1 caller=0x7cb3f513286c calls=11975 total_ms=4.694 avg_us=0.392 max_us=23
   2 caller=0x7cb3f513277c calls=4434 total_ms=3.700 avg_us=0.834 max_us=32
   3 caller=0x7cb3f513299d calls=4434 total_ms=1.692 avg_us=0.382 max_us=20
   4 caller=0x7cb3f5131732 calls=887 total_ms=1.666 avg_us=1.878 max_us=16
direct_cudaStreamSynchronize: calls=15871 total_ms=70.614 max_us=2480
by_direct_callsite (file:line):
   0 /opt/llama.cpp/ggml/src/ggml-cuda/ggml-cuda.cu:839 calls=15518 total_ms=64.489 avg_us=4.156 max_us=354
   1 /opt/llama.cpp/ggml/src/ggml-cuda/ggml-cuda.cu:900 calls=12 total_ms=5.793 avg_us=482.750 max_us=2480
   2 /opt/llama.cpp/ggml/src/ggml-cuda/ggml-cuda.cu:2665 calls=191 total_ms=0.214 avg_us=1.120 max_us=5
   3 /opt/llama.cpp/ggml/src/ggml-cuda/ggml-cuda.cu:847 calls=150 total_ms=0.118 avg_us=0.787 max_us=2
=== END CUDA SYNC PROFILE ===

=== CUDA SYNC PROFILE (instrumentation only) ===
total_syncs = 36454
total_wait_ms = 20238.820
max_wait_us = 140454
sites = 5
wait_hist_us = logarithmic buckets
  hist[0] = 33489
  hist[1] = 1483
  hist[2] = 109
  hist[3] = 25
  hist[4] = 16
  hist[5] = 3
  hist[9] = 259
  hist[10] = 510
  hist[11] = 117
  hist[14] = 141
  hist[15] = 263
  hist[16] = 38
  hist[17] = 1
by_callsite (caller PC; symbolize with addr2line):
   0 caller=0x7cb3f512e0c2 calls=14685 total_ms=20227.051 avg_us=1377.395 max_us=140454
   1 caller=0x7cb3f513286c calls=11997 total_ms=4.703 avg_us=0.392 max_us=23
   2 caller=0x7cb3f513277c calls=4442 total_ms=3.705 avg_us=0.834 max_us=32
   3 caller=0x7cb3f513299d calls=4442 total_ms=1.693 avg_us=0.381 max_us=20
   4 caller=0x7cb3f5131732 calls=888 total_ms=1.668 avg_us=1.878 max_us=16
direct_cudaStreamSynchronize: calls=15900 total_ms=70.723 max_us=2480
by_direct_callsite (file:line):
   0 /opt/llama.cpp/ggml/src/ggml-cuda/ggml-cuda.cu:839 calls=15547 total_ms=64.598 avg_us=4.155 max_us=354
   1 /opt/llama.cpp/ggml/src/ggml-cuda/ggml-cuda.cu:900 calls=12 total_ms=5.793 avg_us=482.750 max_us=2480
   2 /opt/llama.cpp/ggml/src/ggml-cuda/ggml-cuda.cu:2665 calls=191 total_ms=0.214 avg_us=1.120 max_us=5
   3 /opt/llama.cpp/ggml/src/ggml-cuda/ggml-cuda.cu:847 calls=150 total_ms=0.118 avg_us=0.787 max_us=2
=== END CUDA SYNC PROFILE ===
backend-sync-trace: count=36500 backend=CUDA0 caller=ggml_backend_sched_synchronize+0x52

=== CUDA SYNC PROFILE (instrumentation only) ===
total_syncs = 36500
total_wait_ms = 20287.067
max_wait_us = 140454
sites = 5
wait_hist_us = logarithmic buckets
  hist[0] = 33532
  hist[1] = 1484
  hist[2] = 109
  hist[3] = 25
  hist[4] = 16
  hist[5] = 3
  hist[9] = 259
  hist[10] = 511
  hist[11] = 117
  hist[14] = 141
  hist[15] = 264
  hist[16] = 38
  hist[17] = 1
by_callsite (caller PC; symbolize with addr2line):
   0 caller=0x7cb3f512e0c2 calls=14712 total_ms=20275.288 avg_us=1378.146 max_us=140454
   1 caller=0x7cb3f513286c calls=12006 total_ms=4.706 avg_us=0.392 max_us=23
   2 caller=0x7cb3f513277c calls=4446 total_ms=3.709 avg_us=0.834 max_us=32
   3 caller=0x7cb3f513299d calls=4446 total_ms=1.693 avg_us=0.381 max_us=20
   4 caller=0x7cb3f5131732 calls=890 total_ms=1.671 avg_us=1.878 max_us=16
direct_cudaStreamSynchronize: calls=15912 total_ms=70.768 max_us=2480
by_direct_callsite (file:line):
   0 /opt/llama.cpp/ggml/src/ggml-cuda/ggml-cuda.cu:839 calls=15559 total_ms=64.643 avg_us=4.155 max_us=354
   1 /opt/llama.cpp/ggml/src/ggml-cuda/ggml-cuda.cu:900 calls=12 total_ms=5.793 avg_us=482.750 max_us=2480
   2 /opt/llama.cpp/ggml/src/ggml-cuda/ggml-cuda.cu:2665 calls=191 total_ms=0.214 avg_us=1.120 max_us=5
   3 /opt/llama.cpp/ggml/src/ggml-cuda/ggml-cuda.cu:847 calls=150 total_ms=0.118 avg_us=0.787 max_us=2
=== END CUDA SYNC PROFILE ===
backend-sync-trace: count=36600 backend=CUDA0 caller=ggml_backend_sched_synchronize+0x52

=== CUDA SYNC PROFILE (instrumentation only) ===
total_syncs = 36600
total_wait_ms = 20346.219
max_wait_us = 140454
sites = 5
wait_hist_us = logarithmic buckets
  hist[0] = 33625
  hist[1] = 1487
  hist[2] = 109
  hist[3] = 25
  hist[4] = 16
  hist[5] = 3
  hist[9] = 259
  hist[10] = 514
  hist[11] = 117
  hist[14] = 141
  hist[15] = 265
  hist[16] = 38
  hist[17] = 1
by_callsite (caller PC; symbolize with addr2line):
   0 caller=0x7cb3f512e0c2 calls=14755 total_ms=20334.413 avg_us=1378.137 max_us=140454
   1 caller=0x7cb3f513286c calls=12037 total_ms=4.718 avg_us=0.392 max_us=23
   2 caller=0x7cb3f513277c calls=4458 total_ms=3.718 avg_us=0.834 max_us=32
   3 caller=0x7cb3f513299d calls=4458 total_ms=1.695 avg_us=0.380 max_us=20
   4 caller=0x7cb3f5131732 calls=892 total_ms=1.675 avg_us=1.878 max_us=16
direct_cudaStreamSynchronize: calls=15953 total_ms=70.929 max_us=2480
by_direct_callsite (file:line):
   0 /opt/llama.cpp/ggml/src/ggml-cuda/ggml-cuda.cu:839 calls=15600 total_ms=64.804 avg_us=4.154 max_us=354
   1 /opt/llama.cpp/ggml/src/ggml-cuda/ggml-cuda.cu:900 calls=12 total_ms=5.793 avg_us=482.750 max_us=2480
   2 /opt/llama.cpp/ggml/src/ggml-cuda/ggml-cuda.cu:2665 calls=191 total_ms=0.214 avg_us=1.120 max_us=5
   3 /opt/llama.cpp/ggml/src/ggml-cuda/ggml-cuda.cu:847 calls=150 total_ms=0.118 avg_us=0.787 max_us=2
=== END CUDA SYNC PROFILE ===

=== CUDA SYNC PROFILE (instrumentation only) ===
total_syncs = 36695
total_wait_ms = 20438.083
max_wait_us = 140454
sites = 5
wait_hist_us = logarithmic buckets
  hist[0] = 33712
  hist[1] = 1492
  hist[2] = 109
  hist[3] = 25
  hist[4] = 16
  hist[5] = 3
  hist[9] = 259
  hist[10] = 515
  hist[11] = 118
  hist[14] = 141
  hist[15] = 265
  hist[16] = 39
  hist[17] = 1
by_callsite (caller PC; symbolize with addr2line):
   0 caller=0x7cb3f512e0c2 calls=14784 total_ms=20426.241 avg_us=1381.645 max_us=140454
   1 caller=0x7cb3f513286c calls=12073 total_ms=4.733 avg_us=0.392 max_us=23
   2 caller=0x7cb3f513277c calls=4472 total_ms=3.727 avg_us=0.833 max_us=32
   3 caller=0x7cb3f513299d calls=4472 total_ms=1.703 avg_us=0.381 max_us=20
   4 caller=0x7cb3f5131732 calls=894 total_ms=1.679 avg_us=1.878 max_us=16
direct_cudaStreamSynchronize: calls=16000 total_ms=71.129 max_us=2480
by_direct_callsite (file:line):
   0 /opt/llama.cpp/ggml/src/ggml-cuda/ggml-cuda.cu:839 calls=15647 total_ms=65.004 avg_us=4.154 max_us=354
   1 /opt/llama.cpp/ggml/src/ggml-cuda/ggml-cuda.cu:900 calls=12 total_ms=5.793 avg_us=482.750 max_us=2480
   2 /opt/llama.cpp/ggml/src/ggml-cuda/ggml-cuda.cu:2665 calls=191 total_ms=0.214 avg_us=1.120 max_us=5
   3 /opt/llama.cpp/ggml/src/ggml-cuda/ggml-cuda.cu:847 calls=150 total_ms=0.118 avg_us=0.787 max_us=2
=== END CUDA SYNC PROFILE ===
backend-sync-trace: count=36700 backend=CUDA0 caller=ggml_backend_sched_graph_compute_async_ext+0xecc

=== CUDA SYNC PROFILE (instrumentation only) ===
total_syncs = 36700
total_wait_ms = 20438.085
max_wait_us = 140454
sites = 5
wait_hist_us = logarithmic buckets
  hist[0] = 33717
  hist[1] = 1492
  hist[2] = 109
  hist[3] = 25
  hist[4] = 16
  hist[5] = 3
  hist[9] = 259
  hist[10] = 515
  hist[11] = 118
  hist[14] = 141
  hist[15] = 265
  hist[16] = 39
  hist[17] = 1
by_callsite (caller PC; symbolize with addr2line):
   0 caller=0x7cb3f512e0c2 calls=14784 total_ms=20426.241 avg_us=1381.645 max_us=140454
   1 caller=0x7cb3f513286c calls=12078 total_ms=4.735 avg_us=0.392 max_us=23
   2 caller=0x7cb3f513277c calls=4472 total_ms=3.727 avg_us=0.833 max_us=32
   3 caller=0x7cb3f513299d calls=4472 total_ms=1.703 avg_us=0.381 max_us=20
   4 caller=0x7cb3f5131732 calls=894 total_ms=1.679 avg_us=1.878 max_us=16
direct_cudaStreamSynchronize: calls=16004 total_ms=71.141 max_us=2480
by_direct_callsite (file:line):
   0 /opt/llama.cpp/ggml/src/ggml-cuda/ggml-cuda.cu:839 calls=15651 total_ms=65.016 avg_us=4.154 max_us=354
   1 /opt/llama.cpp/ggml/src/ggml-cuda/ggml-cuda.cu:900 calls=12 total_ms=5.793 avg_us=482.750 max_us=2480
   2 /opt/llama.cpp/ggml/src/ggml-cuda/ggml-cuda.cu:2665 calls=191 total_ms=0.214 avg_us=1.120 max_us=5
   3 /opt/llama.cpp/ggml/src/ggml-cuda/ggml-cuda.cu:847 calls=150 total_ms=0.118 avg_us=0.787 max_us=2
=== END CUDA SYNC PROFILE ===
1.27.737.232 I slot print_timing: id  0 | task 0 | prompt eval time =    2723.49 ms /   159 tokens (   17.13 ms per token,    58.38 tokens per second)
1.27.737.234 I slot print_timing: id  0 | task 0 |        eval time =   21813.15 ms /  1024 tokens (   21.32 ms per token,    46.90 tokens per second)
1.27.737.235 I slot print_timing: id  0 | task 0 |       total time =   24536.64 ms /  1183 tokens
1.27.737.237 I slot print_timing: id  0 | task 0 |    graphs reused =        440
1.27.737.239 I slot print_timing: id  0 | task 0 | draft acceptance = 0.64831 (  577 accepted /   890 generated), mean len =  2.30
moe-grouped-decode: registered=49 covered=49 plan_calls=1337 plan_compiles=453 plan_reuses=884 calls=22299 ready=22299 ready_min=446 ready_max=891 completed=22299 completed_min=446 completed_max=891 admitted_banks=66897 fallback=0 rollback=0 host_calls=0 host_ops=0 host_split_ops=0 strategy_switches=0 required_unsupported=0 prepare_error=0 finish_error=0 h2d_banks=172314 h2d_bytes=133564211200
moe-cache-experts: tensors=144 experts=73728 unique=29313 unique_pct=39.76 accesses=96832 first_touches=29313 first_touch_pct=30.27 touched_once=3968 touched_ge2=25345 reuse_le_l1=61964 reuse_le_l1_pct=91.77 reuse_gt_l1=5555 reuse_gt_l1_pct=8.23 top1_pct=6.80 top5_pct=26.06 top10_pct=43.56
moe-cache-experts-hot: tensor=blk.3.ffn_down_exps.weight experts=512 unique=195 unique_pct=38.09 accesses=876 touched_once=0 touched_ge2=195 top10_pct=40.75 reuse_gt_l1_pct=2.94
moe-cache-tensor-hot-decode-miss: tensor=blk.47.ffn_down_exps.weight l1_hits=20 l1_misses=10 l1_evictions=0 l1_hit_rate=66.67% h2d_copies=10 h2d_mib=16.60 h2d_enqueue_ms=0.019 prefetch_used=10 prefetch_h2d_copies=10 prefetch_h2d_mib=16.60 reuse_gt_l1_pct=0.00
moe-cache-tensor-top-decode-miss: rank=1 tensor=blk.47.ffn_down_exps.weight phase=decode l1_hits=20 l1_misses=10 l1_hit_rate=66.67% l1_evictions=0 h2d_copies=10 h2d_mib=16.60 reuse_gt_l1_pct=0.00 reuse_le_l1_pct=100.00 unique_experts=10 unique_pct=1.95 touched_once=0 touched_ge2=10 top1_pct=60.00 top5_pct=100.00 top10_pct=100.00 demand_h2d_copies=0 prefetch_h2d_copies=10 prefetch_used=10 prefetch_unused=0 prefetch_use_rate=100.00% demand_evictions=0 prefetch_evictions=0 evicted_prefetched=0 evicted_hit_count_le1=0 evicted_hit_count_ge2=0 evicted_age_le_l1=0 evicted_age_gt_l1=0 rd_first_touch=10 rd_le8=0 rd_le16=20 rd_le32=0 rd_le_l1=0 rd_le_2xl1=0 rd_gt_2xl1=0
moe-cache-tensor-top-decode-miss: rank=2 tensor=blk.47.ffn_up_exps.weight phase=decode l1_hits=20 l1_misses=10 l1_hit_rate=66.67% l1_evictions=0 h2d_copies=10 h2d_mib=5.98 reuse_gt_l1_pct=0.00 reuse_le_l1_pct=100.00 unique_experts=10 unique_pct=1.95 touched_once=0 touched_ge2=10 top1_pct=60.00 top5_pct=100.00 top10_pct=100.00 demand_h2d_copies=0 prefetch_h2d_copies=10 prefetch_used=10 prefetch_unused=0 prefetch_use_rate=100.00% demand_evictions=0 prefetch_evictions=0 evicted_prefetched=0 evicted_hit_count_le1=0 evicted_hit_count_ge2=0 evicted_age_le_l1=0 evicted_age_gt_l1=0 rd_first_touch=10 rd_le8=0 rd_le16=20 rd_le32=0 rd_le_l1=0 rd_le_2xl1=0 rd_gt_2xl1=0
moe-cache-tensor-top-decode-miss: rank=3 tensor=blk.47.ffn_gate_exps.weight phase=decode l1_hits=20 l1_misses=10 l1_hit_rate=66.67% l1_evictions=0 h2d_copies=10 h2d_mib=5.98 reuse_gt_l1_pct=0.00 reuse_le_l1_pct=100.00 unique_experts=10 unique_pct=1.95 touched_once=0 touched_ge2=10 top1_pct=60.00 top5_pct=100.00 top10_pct=100.00 demand_h2d_copies=10 prefetch_h2d_copies=0 prefetch_used=0 prefetch_unused=0 prefetch_use_rate=0.00% demand_evictions=0 prefetch_evictions=0 evicted_prefetched=0 evicted_hit_count_le1=0 evicted_hit_count_ge2=0 evicted_age_le_l1=0 evicted_age_gt_l1=0 rd_first_touch=10 rd_le8=0 rd_le16=20 rd_le32=0 rd_le_l1=0 rd_le_2xl1=0 rd_gt_2xl1=0
moe-cache-tensor-donor-candidate: rank=1 tensor=blk.47.ffn_up_exps.weight l1_hit_rate=66.67% h2d_mib=5.98 l1_misses=10 reuse_gt_l1_pct=0.00 unique_pct=1.95 top10_pct=100.00
moe-cache-tensor-donor-candidate: rank=2 tensor=blk.47.ffn_gate_exps.weight l1_hit_rate=66.67% h2d_mib=5.98 l1_misses=10 reuse_gt_l1_pct=0.00 unique_pct=1.95 top10_pct=100.00
moe-cache-tensor-donor-candidate: rank=3 tensor=blk.47.ffn_down_exps.weight l1_hit_rate=66.67% h2d_mib=16.60 l1_misses=10 reuse_gt_l1_pct=0.00 unique_pct=1.95 top10_pct=100.00
moe-cache-phase: phase=prefill ops=573 staged_ops=156 split_staged_ops=156 overflow_ops=156 unique_avg=87.58 unique_max=276 ids_mib=44.17 ids_d2h_mib=44.17 ids_d2h_ms=902.690 ids_d2h_syncs=139 ids_cache_hits=382 acquire_ms=82.458 remap_ms=0.718 copy_wait_events=417 copy_wait_event_ms=0.577 op_cpu_ms=1233.129 l1_hits=65983 l1_misses=30759 l1_evictions=8901 l1_hit_rate=68.21% h2d_copies=30759 h2d_mib=22274.44 h2d_enqueue_ms=44.465 prefetch_hits=51134 prefetch_misses=21378 prefetch_used=11591 prefetch_h2d_copies=21378 prefetch_h2d_mib=16615.00 prefetch_h2d_enqueue_ms=31.651 upload_calls=36777 upload_mib=26630.52 staging_tiles=0 pipeline_tiles=0 tile_wait_calls=0 tile_wait_ms=0.000 cpu_pack_mib=0.00 cpu_pack_ms=0.000 pre_sync_calls=0 pre_sync_ms=0.000 h2d_submit_calls=36777 h2d_submit_mib=26630.52 h2d_submit_ms=44.687 post_sync_calls=0 post_sync_ms=0.000 upload_errors=0
moe-cache-phase: phase=decode ops=3 staged_ops=0 split_staged_ops=0 overflow_ops=0 unique_avg=10.00 unique_max=10 ids_mib=0.00 ids_d2h_mib=0.00 ids_d2h_ms=0.000 ids_d2h_syncs=0 ids_cache_hits=2 acquire_ms=0.785 remap_ms=0.008 copy_wait_events=3 copy_wait_event_ms=0.004 op_cpu_ms=5.525 l1_hits=60 l1_misses=30 l1_evictions=0 l1_hit_rate=66.67% h2d_copies=30 h2d_mib=28.56 h2d_enqueue_ms=0.049 prefetch_hits=40 prefetch_misses=20 prefetch_used=20 prefetch_h2d_copies=20 prefetch_h2d_mib=22.58 prefetch_h2d_enqueue_ms=0.037 upload_calls=30 upload_mib=28.56 staging_tiles=0 pipeline_tiles=0 tile_wait_calls=0 tile_wait_ms=0.000 cpu_pack_mib=0.00 cpu_pack_ms=0.000 pre_sync_calls=0 pre_sync_ms=0.000 h2d_submit_calls=30 h2d_submit_mib=28.56 h2d_submit_ms=0.046 post_sync_calls=0 post_sync_ms=0.000 upload_errors=0
moe-cache-mm: h2d_copies=30789 h2d_mib=22303.00 h2d_enqueue_ms=44.514 mincore_sampled=481 resident_pages=89650/89650 resident_pct=100.00 nonresident_experts=0 mincore_fail=0 proc_minflt=0 proc_majflt=0 vm_pswpin=0 vm_pswpout=0 vm_pgfault=0 vm_pgmajfault=0 vm_pgpgin=0 vm_pgpgout=0 vm_refault_file=0 vm_refault_anon=0
1.27.742.191 I slot      release: id  0 | task 0 | stop processing: n_tokens = 1182, truncated = 0
1.28.749.910 I srv    operator(): operator(): cleaning up before exit...
1.28.754.571 I spec ~common_spec: MTP decode overlap: queued = 444, reused = 444, discarded = 0

=== CUDA SYNC PROFILE (instrumentation only) ===
total_syncs = 36776
total_wait_ms = 20492.473
max_wait_us = 140454
sites = 5
wait_hist_us = logarithmic buckets
  hist[0] = 33784
  hist[1] = 1497
  hist[2] = 110
  hist[3] = 25
  hist[4] = 17
  hist[5] = 3
  hist[9] = 259
  hist[10] = 515
  hist[11] = 118
  hist[12] = 1
  hist[14] = 141
  hist[15] = 266
  hist[16] = 39
  hist[17] = 1
by_callsite (caller PC; symbolize with addr2line):
   0 caller=0x7cb3f512e0c2 calls=14820 total_ms=20480.577 avg_us=1381.955 max_us=140454
   1 caller=0x7cb3f513286c calls=12100 total_ms=4.746 avg_us=0.392 max_us=23
   2 caller=0x7cb3f513277c calls=4480 total_ms=3.763 avg_us=0.840 max_us=32
   3 caller=0x7cb3f513299d calls=4480 total_ms=1.705 avg_us=0.381 max_us=20
   4 caller=0x7cb3f5131732 calls=896 total_ms=1.682 avg_us=1.877 max_us=16
direct_cudaStreamSynchronize: calls=16034 total_ms=71.254 max_us=2480
by_direct_callsite (file:line):
   0 /opt/llama.cpp/ggml/src/ggml-cuda/ggml-cuda.cu:839 calls=15679 total_ms=65.129 avg_us=4.154 max_us=354
   1 /opt/llama.cpp/ggml/src/ggml-cuda/ggml-cuda.cu:900 calls=12 total_ms=5.793 avg_us=482.750 max_us=2480
   2 /opt/llama.cpp/ggml/src/ggml-cuda/ggml-cuda.cu:2665 calls=191 total_ms=0.214 avg_us=1.120 max_us=5
   3 /opt/llama.cpp/ggml/src/ggml-cuda/ggml-cuda.cu:847 calls=150 total_ms=0.118 avg_us=0.787 max_us=2
   4 /opt/llama.cpp/ggml/src/ggml-cuda/ggml-cuda.cu:741 calls=2 total_ms=0.000 avg_us=0.000 max_us=0
=== END CUDA SYNC PROFILE ===

=== CUDA SYNC PROFILE (instrumentation only) ===
total_syncs = 36776
total_wait_ms = 20492.473
max_wait_us = 140454
sites = 5
wait_hist_us = logarithmic buckets
  hist[0] = 33784
  hist[1] = 1497
  hist[2] = 110
  hist[3] = 25
  hist[4] = 17
  hist[5] = 3
  hist[9] = 259
  hist[10] = 515
  hist[11] = 118
  hist[12] = 1
  hist[14] = 141
  hist[15] = 266
  hist[16] = 39
  hist[17] = 1
by_callsite (caller PC; symbolize with addr2line):
   0 caller=0x7cb3f512e0c2 calls=14820 total_ms=20480.577 avg_us=1381.955 max_us=140454
   1 caller=0x7cb3f513286c calls=12100 total_ms=4.746 avg_us=0.392 max_us=23
   2 caller=0x7cb3f513277c calls=4480 total_ms=3.763 avg_us=0.840 max_us=32
   3 caller=0x7cb3f513299d calls=4480 total_ms=1.705 avg_us=0.381 max_us=20
   4 caller=0x7cb3f5131732 calls=896 total_ms=1.682 avg_us=1.877 max_us=16
direct_cudaStreamSynchronize: calls=16034 total_ms=71.254 max_us=2480
by_direct_callsite (file:line):
   0 /opt/llama.cpp/ggml/src/ggml-cuda/ggml-cuda.cu:839 calls=15679 total_ms=65.129 avg_us=4.154 max_us=354
   1 /opt/llama.cpp/ggml/src/ggml-cuda/ggml-cuda.cu:900 calls=12 total_ms=5.793 avg_us=482.750 max_us=2480
   2 /opt/llama.cpp/ggml/src/ggml-cuda/ggml-cuda.cu:2665 calls=191 total_ms=0.214 avg_us=1.120 max_us=5
   3 /opt/llama.cpp/ggml/src/ggml-cuda/ggml-cuda.cu:847 calls=150 total_ms=0.118 avg_us=0.787 max_us=2
   4 /opt/llama.cpp/ggml/src/ggml-cuda/ggml-cuda.cu:741 calls=2 total_ms=0.000 avg_us=0.000 max_us=0
=== END CUDA SYNC PROFILE ===
moe-grouped-decode: registered=49 covered=0 plan_calls=0 plan_compiles=0 plan_reuses=0 calls=0 ready=0 ready_min=0 ready_max=0 completed=0 completed_min=0 completed_max=0 admitted_banks=0 fallback=0 rollback=0 host_calls=0 host_ops=0 host_split_ops=0 strategy_switches=0 required_unsupported=0 prepare_error=0 finish_error=0 h2d_banks=0 h2d_bytes=0
moe-cache-experts: tensors=144 experts=73728 unique=0 unique_pct=0.00 accesses=0 first_touches=0 first_touch_pct=0.00 touched_once=0 touched_ge2=0 reuse_le_l1=0 reuse_le_l1_pct=0.00 reuse_gt_l1=0 reuse_gt_l1_pct=0.00 top1_pct=0.00 top5_pct=0.00 top10_pct=0.00
moe-cache-experts-hot: tensor=? experts=0 unique=0 unique_pct=0.00 accesses=0 touched_once=0 touched_ge2=0 top10_pct=0.00 reuse_gt_l1_pct=0.00
moe-cache-tensor-hot-decode-miss: tensor=? l1_hits=0 l1_misses=0 l1_evictions=0 l1_hit_rate=0.00% h2d_copies=0 h2d_mib=0.00 h2d_enqueue_ms=0.000 prefetch_used=0 prefetch_h2d_copies=0 prefetch_h2d_mib=0.00 reuse_gt_l1_pct=0.00
moe-cache-phase: phase=prefill ops=0 staged_ops=0 split_staged_ops=0 overflow_ops=0 unique_avg=0.00 unique_max=0 ids_mib=0.00 ids_d2h_mib=0.00 ids_d2h_ms=0.000 ids_d2h_syncs=0 ids_cache_hits=0 acquire_ms=0.000 remap_ms=0.000 copy_wait_events=0 copy_wait_event_ms=0.000 op_cpu_ms=0.000 l1_hits=0 l1_misses=0 l1_evictions=0 l1_hit_rate=0.00% h2d_copies=0 h2d_mib=0.00 h2d_enqueue_ms=0.000 prefetch_hits=0 prefetch_misses=0 prefetch_used=0 prefetch_h2d_copies=0 prefetch_h2d_mib=0.00 prefetch_h2d_enqueue_ms=0.000 upload_calls=0 upload_mib=0.00 staging_tiles=0 pipeline_tiles=0 tile_wait_calls=0 tile_wait_ms=0.000 cpu_pack_mib=0.00 cpu_pack_ms=0.000 pre_sync_calls=0 pre_sync_ms=0.000 h2d_submit_calls=0 h2d_submit_mib=0.00 h2d_submit_ms=0.000 post_sync_calls=0 post_sync_ms=0.000 upload_errors=0
moe-cache-phase: phase=decode ops=0 staged_ops=0 split_staged_ops=0 overflow_ops=0 unique_avg=0.00 unique_max=0 ids_mib=0.00 ids_d2h_mib=0.00 ids_d2h_ms=0.000 ids_d2h_syncs=0 ids_cache_hits=0 acquire_ms=0.000 remap_ms=0.000 copy_wait_events=0 copy_wait_event_ms=0.000 op_cpu_ms=0.000 l1_hits=0 l1_misses=0 l1_evictions=0 l1_hit_rate=0.00% h2d_copies=0 h2d_mib=0.00 h2d_enqueue_ms=0.000 prefetch_hits=0 prefetch_misses=0 prefetch_used=0 prefetch_h2d_copies=0 prefetch_h2d_mib=0.00 prefetch_h2d_enqueue_ms=0.000 upload_calls=0 upload_mib=0.00 staging_tiles=0 pipeline_tiles=0 tile_wait_calls=0 tile_wait_ms=0.000 cpu_pack_mib=0.00 cpu_pack_ms=0.000 pre_sync_calls=0 pre_sync_ms=0.000 h2d_submit_calls=0 h2d_submit_mib=0.00 h2d_submit_ms=0.000 post_sync_calls=0 post_sync_ms=0.000 upload_errors=0
moe-cache-mm: h2d_copies=0 h2d_mib=0.00 h2d_enqueue_ms=0.000 mincore_sampled=0 resident_pages=0/0 resident_pct=0.00 nonresident_experts=0 mincore_fail=0 proc_minflt=12 proc_majflt=4 vm_pswpin=0 vm_pswpout=0 vm_pgfault=18986 vm_pgmajfault=4 vm_pgpgin=164 vm_pgpgout=0 vm_refault_file=46 vm_refault_anon=0

=== CUDA SYNC PROFILE (instrumentation only) ===
total_syncs = 36777
total_wait_ms = 20492.484
max_wait_us = 140454
sites = 5
wait_hist_us = logarithmic buckets
  hist[0] = 33784
  hist[1] = 1497
  hist[2] = 110
  hist[3] = 26
  hist[4] = 17
  hist[5] = 3
  hist[9] = 259
  hist[10] = 515
  hist[11] = 118
  hist[12] = 1
  hist[14] = 141
  hist[15] = 266
  hist[16] = 39
  hist[17] = 1
by_callsite (caller PC; symbolize with addr2line):
   0 caller=0x7cb3f512e0c2 calls=14821 total_ms=20480.588 avg_us=1381.863 max_us=140454
   1 caller=0x7cb3f513286c calls=12100 total_ms=4.746 avg_us=0.392 max_us=23
   2 caller=0x7cb3f513277c calls=4480 total_ms=3.763 avg_us=0.840 max_us=32
   3 caller=0x7cb3f513299d calls=4480 total_ms=1.705 avg_us=0.381 max_us=20
   4 caller=0x7cb3f5131732 calls=896 total_ms=1.682 avg_us=1.877 max_us=16
direct_cudaStreamSynchronize: calls=16034 total_ms=71.254 max_us=2480
by_direct_callsite (file:line):
   0 /opt/llama.cpp/ggml/src/ggml-cuda/ggml-cuda.cu:839 calls=15679 total_ms=65.129 avg_us=4.154 max_us=354
   1 /opt/llama.cpp/ggml/src/ggml-cuda/ggml-cuda.cu:900 calls=12 total_ms=5.793 avg_us=482.750 max_us=2480
   2 /opt/llama.cpp/ggml/src/ggml-cuda/ggml-cuda.cu:2665 calls=191 total_ms=0.214 avg_us=1.120 max_us=5
   3 /opt/llama.cpp/ggml/src/ggml-cuda/ggml-cuda.cu:847 calls=150 total_ms=0.118 avg_us=0.787 max_us=2
   4 /opt/llama.cpp/ggml/src/ggml-cuda/ggml-cuda.cu:741 calls=2 total_ms=0.000 avg_us=0.000 max_us=0
=== END CUDA SYNC PROFILE ===

=== CUDA SYNC PROFILE (instrumentation only) ===
total_syncs = 36777
total_wait_ms = 20492.484
max_wait_us = 140454
sites = 5
wait_hist_us = logarithmic buckets
  hist[0] = 33784
  hist[1] = 1497
  hist[2] = 110
  hist[3] = 26
  hist[4] = 17
  hist[5] = 3
  hist[9] = 259
  hist[10] = 515
  hist[11] = 118
  hist[12] = 1
  hist[14] = 141
  hist[15] = 266
  hist[16] = 39
  hist[17] = 1
by_callsite (caller PC; symbolize with addr2line):
   0 caller=0x7cb3f512e0c2 calls=14821 total_ms=20480.588 avg_us=1381.863 max_us=140454
   1 caller=0x7cb3f513286c calls=12100 total_ms=4.746 avg_us=0.392 max_us=23
   2 caller=0x7cb3f513277c calls=4480 total_ms=3.763 avg_us=0.840 max_us=32
   3 caller=0x7cb3f513299d calls=4480 total_ms=1.705 avg_us=0.381 max_us=20
   4 caller=0x7cb3f5131732 calls=896 total_ms=1.682 avg_us=1.877 max_us=16
direct_cudaStreamSynchronize: calls=16035 total_ms=71.255 max_us=2480
by_direct_callsite (file:line):
   0 /opt/llama.cpp/ggml/src/ggml-cuda/ggml-cuda.cu:839 calls=15679 total_ms=65.129 avg_us=4.154 max_us=354
   1 /opt/llama.cpp/ggml/src/ggml-cuda/ggml-cuda.cu:900 calls=12 total_ms=5.793 avg_us=482.750 max_us=2480
   2 /opt/llama.cpp/ggml/src/ggml-cuda/ggml-cuda.cu:2665 calls=191 total_ms=0.214 avg_us=1.120 max_us=5
   3 /opt/llama.cpp/ggml/src/ggml-cuda/ggml-cuda.cu:847 calls=150 total_ms=0.118 avg_us=0.787 max_us=2
   4 /opt/llama.cpp/ggml/src/ggml-cuda/ggml-cuda.cu:2366 calls=1 total_ms=0.001 avg_us=1.000 max_us=1
   5 /opt/llama.cpp/ggml/src/ggml-cuda/ggml-cuda.cu:741 calls=2 total_ms=0.000 avg_us=0.000 max_us=0
=== END CUDA SYNC PROFILE ===
moe-grouped-decode: registered=48 covered=0 plan_calls=0 plan_compiles=0 plan_reuses=0 calls=0 ready=0 ready_min=0 ready_max=0 completed=0 completed_min=0 completed_max=0 admitted_banks=0 fallback=0 rollback=0 host_calls=0 host_ops=0 host_split_ops=0 strategy_switches=0 required_unsupported=0 prepare_error=0 finish_error=0 h2d_banks=0 h2d_bytes=0
moe-cache-experts: tensors=144 experts=73728 unique=0 unique_pct=0.00 accesses=0 first_touches=0 first_touch_pct=0.00 touched_once=0 touched_ge2=0 reuse_le_l1=0 reuse_le_l1_pct=0.00 reuse_gt_l1=0 reuse_gt_l1_pct=0.00 top1_pct=0.00 top5_pct=0.00 top10_pct=0.00
moe-cache-experts-hot: tensor=? experts=0 unique=0 unique_pct=0.00 accesses=0 touched_once=0 touched_ge2=0 top10_pct=0.00 reuse_gt_l1_pct=0.00
moe-cache-tensor-hot-decode-miss: tensor=? l1_hits=0 l1_misses=0 l1_evictions=0 l1_hit_rate=0.00% h2d_copies=0 h2d_mib=0.00 h2d_enqueue_ms=0.000 prefetch_used=0 prefetch_h2d_copies=0 prefetch_h2d_mib=0.00 reuse_gt_l1_pct=0.00
moe-cache-phase: phase=prefill ops=0 staged_ops=0 split_staged_ops=0 overflow_ops=0 unique_avg=0.00 unique_max=0 ids_mib=0.00 ids_d2h_mib=0.00 ids_d2h_ms=0.000 ids_d2h_syncs=0 ids_cache_hits=0 acquire_ms=0.000 remap_ms=0.000 copy_wait_events=0 copy_wait_event_ms=0.000 op_cpu_ms=0.000 l1_hits=0 l1_misses=0 l1_evictions=0 l1_hit_rate=0.00% h2d_copies=0 h2d_mib=0.00 h2d_enqueue_ms=0.000 prefetch_hits=0 prefetch_misses=0 prefetch_used=0 prefetch_h2d_copies=0 prefetch_h2d_mib=0.00 prefetch_h2d_enqueue_ms=0.000 upload_calls=0 upload_mib=0.00 staging_tiles=0 pipeline_tiles=0 tile_wait_calls=0 tile_wait_ms=0.000 cpu_pack_mib=0.00 cpu_pack_ms=0.000 pre_sync_calls=0 pre_sync_ms=0.000 h2d_submit_calls=0 h2d_submit_mib=0.00 h2d_submit_ms=0.000 post_sync_calls=0 post_sync_ms=0.000 upload_errors=0
moe-cache-phase: phase=decode ops=0 staged_ops=0 split_staged_ops=0 overflow_ops=0 unique_avg=0.00 unique_max=0 ids_mib=0.00 ids_d2h_mib=0.00 ids_d2h_ms=0.000 ids_d2h_syncs=0 ids_cache_hits=0 acquire_ms=0.000 remap_ms=0.000 copy_wait_events=0 copy_wait_event_ms=0.000 op_cpu_ms=0.000 l1_hits=0 l1_misses=0 l1_evictions=0 l1_hit_rate=0.00% h2d_copies=0 h2d_mib=0.00 h2d_enqueue_ms=0.000 prefetch_hits=0 prefetch_misses=0 prefetch_used=0 prefetch_h2d_copies=0 prefetch_h2d_mib=0.00 prefetch_h2d_enqueue_ms=0.000 upload_calls=0 upload_mib=0.00 staging_tiles=0 pipeline_tiles=0 tile_wait_calls=0 tile_wait_ms=0.000 cpu_pack_mib=0.00 cpu_pack_ms=0.000 pre_sync_calls=0 pre_sync_ms=0.000 h2d_submit_calls=0 h2d_submit_mib=0.00 h2d_submit_ms=0.000 post_sync_calls=0 post_sync_ms=0.000 upload_errors=0
moe-cache-mm: h2d_copies=0 h2d_mib=0.00 h2d_enqueue_ms=0.000 mincore_sampled=0 resident_pages=0/0 resident_pct=0.00 nonresident_experts=0 mincore_fail=0 proc_minflt=0 proc_majflt=0 vm_pswpin=0 vm_pswpout=0 vm_pgfault=624 vm_pgmajfault=0 vm_pgpgin=0 vm_pgpgout=0 vm_refault_file=37 vm_refault_anon=0

=== CUDA SYNC PROFILE (instrumentation only) ===
total_syncs = 36777
total_wait_ms = 20492.484
max_wait_us = 140454
sites = 5
wait_hist_us = logarithmic buckets
  hist[0] = 33784
  hist[1] = 1497
  hist[2] = 110
  hist[3] = 26
  hist[4] = 17
  hist[5] = 3
  hist[9] = 259
  hist[10] = 515
  hist[11] = 118
  hist[12] = 1
  hist[14] = 141
  hist[15] = 266
  hist[16] = 39
  hist[17] = 1
by_callsite (caller PC; symbolize with addr2line):
   0 caller=0x7cb3f512e0c2 calls=14821 total_ms=20480.588 avg_us=1381.863 max_us=140454
   1 caller=0x7cb3f513286c calls=12100 total_ms=4.746 avg_us=0.392 max_us=23
   2 caller=0x7cb3f513277c calls=4480 total_ms=3.763 avg_us=0.840 max_us=32
   3 caller=0x7cb3f513299d calls=4480 total_ms=1.705 avg_us=0.381 max_us=20
   4 caller=0x7cb3f5131732 calls=896 total_ms=1.682 avg_us=1.877 max_us=16
direct_cudaStreamSynchronize: calls=16035 total_ms=71.255 max_us=2480
by_direct_callsite (file:line):
   0 /opt/llama.cpp/ggml/src/ggml-cuda/ggml-cuda.cu:839 calls=15679 total_ms=65.129 avg_us=4.154 max_us=354
   1 /opt/llama.cpp/ggml/src/ggml-cuda/ggml-cuda.cu:900 calls=12 total_ms=5.793 avg_us=482.750 max_us=2480
   2 /opt/llama.cpp/ggml/src/ggml-cuda/ggml-cuda.cu:2665 calls=191 total_ms=0.214 avg_us=1.120 max_us=5
   3 /opt/llama.cpp/ggml/src/ggml-cuda/ggml-cuda.cu:847 calls=150 total_ms=0.118 avg_us=0.787 max_us=2
   4 /opt/llama.cpp/ggml/src/ggml-cuda/ggml-cuda.cu:2366 calls=1 total_ms=0.001 avg_us=1.000 max_us=1
   5 /opt/llama.cpp/ggml/src/ggml-cuda/ggml-cuda.cu:741 calls=2 total_ms=0.000 avg_us=0.000 max_us=0
=== END CUDA SYNC PROFILE ===

=== CUDA SYNC PROFILE (instrumentation only) ===
total_syncs = 36777
total_wait_ms = 20492.484
max_wait_us = 140454
sites = 5
wait_hist_us = logarithmic buckets
  hist[0] = 33784
  hist[1] = 1497
  hist[2] = 110
  hist[3] = 26
  hist[4] = 17
  hist[5] = 3
  hist[9] = 259
  hist[10] = 515
  hist[11] = 118
  hist[12] = 1
  hist[14] = 141
  hist[15] = 266
  hist[16] = 39
  hist[17] = 1
by_callsite (caller PC; symbolize with addr2line):
   0 caller=0x7cb3f512e0c2 calls=14821 total_ms=20480.588 avg_us=1381.863 max_us=140454
   1 caller=0x7cb3f513286c calls=12100 total_ms=4.746 avg_us=0.392 max_us=23
   2 caller=0x7cb3f513277c calls=4480 total_ms=3.763 avg_us=0.840 max_us=32
   3 caller=0x7cb3f513299d calls=4480 total_ms=1.705 avg_us=0.381 max_us=20
   4 caller=0x7cb3f5131732 calls=896 total_ms=1.682 avg_us=1.877 max_us=16
direct_cudaStreamSynchronize: calls=16035 total_ms=71.255 max_us=2480
by_direct_callsite (file:line):
   0 /opt/llama.cpp/ggml/src/ggml-cuda/ggml-cuda.cu:839 calls=15679 total_ms=65.129 avg_us=4.154 max_us=354
   1 /opt/llama.cpp/ggml/src/ggml-cuda/ggml-cuda.cu:900 calls=12 total_ms=5.793 avg_us=482.750 max_us=2480
   2 /opt/llama.cpp/ggml/src/ggml-cuda/ggml-cuda.cu:2665 calls=191 total_ms=0.214 avg_us=1.120 max_us=5
   3 /opt/llama.cpp/ggml/src/ggml-cuda/ggml-cuda.cu:847 calls=150 total_ms=0.118 avg_us=0.787 max_us=2
   4 /opt/llama.cpp/ggml/src/ggml-cuda/ggml-cuda.cu:2366 calls=1 total_ms=0.001 avg_us=1.000 max_us=1
   5 /opt/llama.cpp/ggml/src/ggml-cuda/ggml-cuda.cu:741 calls=2 total_ms=0.000 avg_us=0.000 max_us=0
=== END CUDA SYNC PROFILE ===
