0.00.123.629 I cmn  common_param: common_params_print_info: verbosity = 3 (adjust with the `-lv N` CLI arg)
0.00.123.918 W srv  llama_server: -----------------
0.00.123.920 W srv  llama_server: CORS is set to allow all origins ('*') and no API key is set
0.00.123.920 W srv  llama_server: this can be a security risk (cross-origin attacks)
0.00.123.920 W srv  llama_server: more info: https://github.com/ggml-org/llama.cpp/pull/25655
0.00.123.920 W srv  llama_server: -----------------
0.00.125.120 I srv    load_model: loading model '/opt/models/Qwen3.8-Flash-Next/UD-Q3_K_XL/Qwen3.8-Flash-Next-UD-Q3_K_XL-00001-of-00003.gguf'
0.58.567.055 I cmn          init: llama threadpool init, n_threads = 12
0.58.567.119 I common_speculative_init_result: loading draft model '/opt/models/Qwen3.8-Flash-Next/MTP/mtp-Qwen3.8-Flash-Next-Q4_K_M.gguf'

=== CUDA SYNC PROFILE (instrumentation only) ===
total_syncs = 2
total_wait_ms = 0.015
max_wait_us = 12
sites = 1
wait_hist_us = logarithmic buckets
  hist[1] = 1
  hist[3] = 1
by_callsite (caller PC; symbolize with addr2line):
   0 caller=0x78b11f95c0d2 calls=2 total_ms=0.015 avg_us=7.500 max_us=12
direct_cudaStreamSynchronize: calls=3 total_ms=1.040 max_us=570
by_direct_callsite (file:line):
   0 /opt/llama.cpp/ggml/src/ggml-cuda/ggml-cuda.cu:900 calls=3 total_ms=1.040 avg_us=346.667 max_us=570
=== END CUDA SYNC PROFILE ===

=== CUDA SYNC PROFILE (instrumentation only) ===
total_syncs = 2
total_wait_ms = 0.015
max_wait_us = 12
sites = 1
wait_hist_us = logarithmic buckets
  hist[1] = 1
  hist[3] = 1
by_callsite (caller PC; symbolize with addr2line):
   0 caller=0x78b11f95c0d2 calls=2 total_ms=0.015 avg_us=7.500 max_us=12
direct_cudaStreamSynchronize: calls=3 total_ms=1.040 max_us=570
by_direct_callsite (file:line):
   0 /opt/llama.cpp/ggml/src/ggml-cuda/ggml-cuda.cu:900 calls=3 total_ms=1.040 avg_us=346.667 max_us=570
=== END CUDA SYNC PROFILE ===
1.01.486.483 I srv    load_model: MTP recurrent-plane policy: draft depth = 2, total planes = 3, direct rollback horizon = 2, full-shape GPU replay = disabled
1.01.486.487 I srv    load_model: initializing, n_slots = 1, n_ctx_slot = 65536, kv_unified = 'false'
1.01.495.045 W srv          init: --cache-idle-slots requires --cache-ram, disabling
1.01.501.314 W srv          init: chat template supports preserving reasoning, it is enabled by default (may use more tokens, disable via --no-reasoning-preserve)
1.01.501.356 I srv  llama_server: model loaded
1.01.501.359 I srv  llama_server: listening on http://127.0.0.1:8080
1.01.501.359 W srv  llama_server: NOTICE: server default port will be changed to :9931 in a future release
1.01.501.359 W srv  llama_server:         ref: https://github.com/ggml-org/llama.cpp/pull/26508
1.03.315.464 I slot get_availabl: id  0 | task -1 | selected slot by LRU, t_last = -1
1.03.315.803 I slot launch_slot_: id  0 | task -1 | decode overlap: MTP draft enabled after target acceptance
1.03.315.815 I slot launch_slot_: id  0 | task 0 | processing task, is_child = 0

=== CUDA SYNC PROFILE (instrumentation only) ===
total_syncs = 70
total_wait_ms = 0.828
max_wait_us = 663
sites = 5
wait_hist_us = logarithmic buckets
  hist[0] = 49
  hist[1] = 11
  hist[2] = 4
  hist[3] = 3
  hist[4] = 2
  hist[9] = 1
by_callsite (caller PC; symbolize with addr2line):
   0 caller=0x78b11f95c0d2 calls=18 total_ms=0.777 avg_us=43.167 max_us=663
   1 caller=0x78b11f95f852 calls=2 total_ms=0.018 avg_us=9.000 max_us=15
   2 caller=0x78b11f96089c calls=10 total_ms=0.018 avg_us=1.800 max_us=7
   3 caller=0x78b11f96098c calls=30 total_ms=0.012 avg_us=0.400 max_us=1
   4 caller=0x78b11f960abd calls=10 total_ms=0.003 avg_us=0.300 max_us=1
direct_cudaStreamSynchronize: calls=100 total_ms=6.116 max_us=2532
by_direct_callsite (file:line):
   0 /opt/llama.cpp/ggml/src/ggml-cuda/ggml-cuda.cu:900 calls=12 total_ms=5.841 avg_us=486.750 max_us=2532
   1 /opt/llama.cpp/ggml/src/ggml-cuda/ggml-cuda.cu:839 calls=37 total_ms=0.226 avg_us=6.108 max_us=38
   2 /opt/llama.cpp/ggml/src/ggml-cuda/ggml-cuda.cu:2665 calls=51 total_ms=0.049 avg_us=0.961 max_us=3
=== END CUDA SYNC PROFILE ===
backend-sync-trace: count=100 backend=CUDA0 caller=ggml_backend_sched_synchronize+0x62

=== CUDA SYNC PROFILE (instrumentation only) ===
total_syncs = 100
total_wait_ms = 30.216
max_wait_us = 29338
sites = 5
wait_hist_us = logarithmic buckets
  hist[0] = 65
  hist[1] = 22
  hist[2] = 5
  hist[3] = 4
  hist[4] = 2
  hist[9] = 1
  hist[14] = 1
by_callsite (caller PC; symbolize with addr2line):
   0 caller=0x78b11f95c0d2 calls=39 total_ms=30.149 avg_us=773.051 max_us=29338
   1 caller=0x78b11f95f852 calls=3 total_ms=0.026 avg_us=8.667 max_us=15
   2 caller=0x78b11f96089c calls=12 total_ms=0.021 avg_us=1.750 max_us=7
   3 caller=0x78b11f96098c calls=34 total_ms=0.016 avg_us=0.471 max_us=1
   4 caller=0x78b11f960abd calls=12 total_ms=0.004 avg_us=0.333 max_us=1
direct_cudaStreamSynchronize: calls=149 total_ms=6.381 max_us=2532
by_direct_callsite (file:line):
   0 /opt/llama.cpp/ggml/src/ggml-cuda/ggml-cuda.cu:900 calls=12 total_ms=5.841 avg_us=486.750 max_us=2532
   1 /opt/llama.cpp/ggml/src/ggml-cuda/ggml-cuda.cu:839 calls=42 total_ms=0.406 avg_us=9.667 max_us=133
   2 /opt/llama.cpp/ggml/src/ggml-cuda/ggml-cuda.cu:2665 calls=95 total_ms=0.134 avg_us=1.411 max_us=4
=== END CUDA SYNC PROFILE ===

=== CUDA SYNC PROFILE (instrumentation only) ===
total_syncs = 126
total_wait_ms = 30.249
max_wait_us = 29338
sites = 5
wait_hist_us = logarithmic buckets
  hist[0] = 83
  hist[1] = 30
  hist[2] = 5
  hist[3] = 4
  hist[4] = 2
  hist[9] = 1
  hist[14] = 1
by_callsite (caller PC; symbolize with addr2line):
   0 caller=0x78b11f95c0d2 calls=65 total_ms=30.182 avg_us=464.338 max_us=29338
   1 caller=0x78b11f95f852 calls=3 total_ms=0.026 avg_us=8.667 max_us=15
   2 caller=0x78b11f96089c calls=12 total_ms=0.021 avg_us=1.750 max_us=7
   3 caller=0x78b11f96098c calls=34 total_ms=0.016 avg_us=0.471 max_us=1
   4 caller=0x78b11f960abd calls=12 total_ms=0.004 avg_us=0.333 max_us=1
direct_cudaStreamSynchronize: calls=200 total_ms=6.433 max_us=2532
by_direct_callsite (file:line):
   0 /opt/llama.cpp/ggml/src/ggml-cuda/ggml-cuda.cu:900 calls=12 total_ms=5.841 avg_us=486.750 max_us=2532
   1 /opt/llama.cpp/ggml/src/ggml-cuda/ggml-cuda.cu:839 calls=42 total_ms=0.406 avg_us=9.667 max_us=133
   2 /opt/llama.cpp/ggml/src/ggml-cuda/ggml-cuda.cu:2665 calls=95 total_ms=0.134 avg_us=1.411 max_us=4
   3 /opt/llama.cpp/ggml/src/ggml-cuda/ggml-cuda.cu:847 calls=51 total_ms=0.052 avg_us=1.020 max_us=2
=== END CUDA SYNC PROFILE ===
backend-sync-trace: count=200 backend=CUDA0 caller=ggml_backend_sched_synchronize+0x62

=== CUDA SYNC PROFILE (instrumentation only) ===
total_syncs = 200
total_wait_ms = 54.465
max_wait_us = 29338
sites = 5
wait_hist_us = logarithmic buckets
  hist[0] = 148
  hist[1] = 35
  hist[2] = 7
  hist[3] = 5
  hist[4] = 2
  hist[9] = 1
  hist[14] = 2
by_callsite (caller PC; symbolize with addr2line):
   0 caller=0x78b11f95c0d2 calls=108 total_ms=54.368 avg_us=503.407 max_us=29338
   1 caller=0x78b11f95f852 calls=5 total_ms=0.036 avg_us=7.200 max_us=15
   2 caller=0x78b11f96089c calls=18 total_ms=0.036 avg_us=2.000 max_us=9
   3 caller=0x78b11f96098c calls=51 total_ms=0.020 avg_us=0.392 max_us=1
   4 caller=0x78b11f960abd calls=18 total_ms=0.005 avg_us=0.278 max_us=1
direct_cudaStreamSynchronize: calls=292 total_ms=7.271 max_us=2532
by_direct_callsite (file:line):
   0 /opt/llama.cpp/ggml/src/ggml-cuda/ggml-cuda.cu:900 calls=12 total_ms=5.841 avg_us=486.750 max_us=2532
   1 /opt/llama.cpp/ggml/src/ggml-cuda/ggml-cuda.cu:839 calls=62 total_ms=1.108 avg_us=17.871 max_us=354
   2 /opt/llama.cpp/ggml/src/ggml-cuda/ggml-cuda.cu:2665 calls=143 total_ms=0.233 avg_us=1.629 max_us=28
   3 /opt/llama.cpp/ggml/src/ggml-cuda/ggml-cuda.cu:847 calls=75 total_ms=0.089 avg_us=1.187 max_us=3
=== END CUDA SYNC PROFILE ===

=== CUDA SYNC PROFILE (instrumentation only) ===
total_syncs = 276
total_wait_ms = 54.520
max_wait_us = 29338
sites = 5
wait_hist_us = logarithmic buckets
  hist[0] = 223
  hist[1] = 36
  hist[2] = 7
  hist[3] = 5
  hist[4] = 2
  hist[9] = 1
  hist[14] = 2
by_callsite (caller PC; symbolize with addr2line):
   0 caller=0x78b11f95c0d2 calls=184 total_ms=54.423 avg_us=295.777 max_us=29338
   1 caller=0x78b11f95f852 calls=5 total_ms=0.036 avg_us=7.200 max_us=15
   2 caller=0x78b11f96089c calls=18 total_ms=0.036 avg_us=2.000 max_us=9
   3 caller=0x78b11f96098c calls=51 total_ms=0.020 avg_us=0.392 max_us=1
   4 caller=0x78b11f960abd calls=18 total_ms=0.005 avg_us=0.278 max_us=1
direct_cudaStreamSynchronize: calls=300 total_ms=7.277 max_us=2532
by_direct_callsite (file:line):
   0 /opt/llama.cpp/ggml/src/ggml-cuda/ggml-cuda.cu:900 calls=12 total_ms=5.841 avg_us=486.750 max_us=2532
   1 /opt/llama.cpp/ggml/src/ggml-cuda/ggml-cuda.cu:839 calls=62 total_ms=1.108 avg_us=17.871 max_us=354
   2 /opt/llama.cpp/ggml/src/ggml-cuda/ggml-cuda.cu:2665 calls=143 total_ms=0.233 avg_us=1.629 max_us=28
   3 /opt/llama.cpp/ggml/src/ggml-cuda/ggml-cuda.cu:847 calls=83 total_ms=0.095 avg_us=1.145 max_us=3
=== END CUDA SYNC PROFILE ===

=== CUDA SYNC PROFILE (instrumentation only) ===
total_syncs = 299
total_wait_ms = 54.532
max_wait_us = 29338
sites = 5
wait_hist_us = logarithmic buckets
  hist[0] = 244
  hist[1] = 38
  hist[2] = 7
  hist[3] = 5
  hist[4] = 2
  hist[9] = 1
  hist[14] = 2
by_callsite (caller PC; symbolize with addr2line):
   0 caller=0x78b11f95c0d2 calls=185 total_ms=54.424 avg_us=294.184 max_us=29338
   1 caller=0x78b11f96089c calls=22 total_ms=0.039 avg_us=1.773 max_us=9
   2 caller=0x78b11f95f852 calls=6 total_ms=0.038 avg_us=6.333 max_us=15
   3 caller=0x78b11f96098c calls=64 total_ms=0.026 avg_us=0.406 max_us=1
   4 caller=0x78b11f960abd calls=22 total_ms=0.005 avg_us=0.227 max_us=1
direct_cudaStreamSynchronize: calls=400 total_ms=7.420 max_us=2532
by_direct_callsite (file:line):
   0 /opt/llama.cpp/ggml/src/ggml-cuda/ggml-cuda.cu:900 calls=12 total_ms=5.841 avg_us=486.750 max_us=2532
   1 /opt/llama.cpp/ggml/src/ggml-cuda/ggml-cuda.cu:839 calls=78 total_ms=1.179 avg_us=15.115 max_us=354
   2 /opt/llama.cpp/ggml/src/ggml-cuda/ggml-cuda.cu:2665 calls=160 total_ms=0.250 avg_us=1.562 max_us=28
   3 /opt/llama.cpp/ggml/src/ggml-cuda/ggml-cuda.cu:847 calls=150 total_ms=0.150 avg_us=1.000 max_us=3
=== END CUDA SYNC PROFILE ===
backend-sync-trace: count=300 backend=CUDA0 caller=ggml_backend_sched_synchronize+0x62

=== CUDA SYNC PROFILE (instrumentation only) ===
total_syncs = 300
total_wait_ms = 56.961
max_wait_us = 29338
sites = 5
wait_hist_us = logarithmic buckets
  hist[0] = 244
  hist[1] = 38
  hist[2] = 7
  hist[3] = 5
  hist[4] = 2
  hist[9] = 1
  hist[11] = 1
  hist[14] = 2
by_callsite (caller PC; symbolize with addr2line):
   0 caller=0x78b11f95c0d2 calls=186 total_ms=56.853 avg_us=305.661 max_us=29338
   1 caller=0x78b11f96089c calls=22 total_ms=0.039 avg_us=1.773 max_us=9
   2 caller=0x78b11f95f852 calls=6 total_ms=0.038 avg_us=6.333 max_us=15
   3 caller=0x78b11f96098c calls=64 total_ms=0.026 avg_us=0.406 max_us=1
   4 caller=0x78b11f960abd calls=22 total_ms=0.005 avg_us=0.227 max_us=1
direct_cudaStreamSynchronize: calls=431 total_ms=7.450 max_us=2532
by_direct_callsite (file:line):
   0 /opt/llama.cpp/ggml/src/ggml-cuda/ggml-cuda.cu:900 calls=12 total_ms=5.841 avg_us=486.750 max_us=2532
   1 /opt/llama.cpp/ggml/src/ggml-cuda/ggml-cuda.cu:839 calls=78 total_ms=1.179 avg_us=15.115 max_us=354
   2 /opt/llama.cpp/ggml/src/ggml-cuda/ggml-cuda.cu:2665 calls=191 total_ms=0.280 avg_us=1.466 max_us=28
   3 /opt/llama.cpp/ggml/src/ggml-cuda/ggml-cuda.cu:847 calls=150 total_ms=0.150 avg_us=1.000 max_us=3
=== END CUDA SYNC PROFILE ===
backend-sync-trace: count=400 backend=CUDA0 caller=ggml_backend_sched_synchronize+0x62

=== CUDA SYNC PROFILE (instrumentation only) ===
total_syncs = 400
total_wait_ms = 103.916
max_wait_us = 40085
sites = 5
wait_hist_us = logarithmic buckets
  hist[0] = 326
  hist[1] = 52
  hist[2] = 7
  hist[3] = 6
  hist[4] = 2
  hist[9] = 1
  hist[11] = 3
  hist[14] = 2
  hist[15] = 1
by_callsite (caller PC; symbolize with addr2line):
   0 caller=0x78b11f95c0d2 calls=230 total_ms=103.780 avg_us=451.217 max_us=40085
   1 caller=0x78b11f96089c calls=34 total_ms=0.056 avg_us=1.647 max_us=10
   2 caller=0x78b11f95f852 calls=7 total_ms=0.040 avg_us=5.714 max_us=15
   3 caller=0x78b11f96098c calls=95 total_ms=0.031 avg_us=0.326 max_us=1
   4 caller=0x78b11f960abd calls=34 total_ms=0.009 avg_us=0.265 max_us=1
direct_cudaStreamSynchronize: calls=471 total_ms=7.624 max_us=2532
by_direct_callsite (file:line):
   0 /opt/llama.cpp/ggml/src/ggml-cuda/ggml-cuda.cu:900 calls=12 total_ms=5.841 avg_us=486.750 max_us=2532
   1 /opt/llama.cpp/ggml/src/ggml-cuda/ggml-cuda.cu:839 calls=118 total_ms=1.353 avg_us=11.466 max_us=354
   2 /opt/llama.cpp/ggml/src/ggml-cuda/ggml-cuda.cu:2665 calls=191 total_ms=0.280 avg_us=1.466 max_us=28
   3 /opt/llama.cpp/ggml/src/ggml-cuda/ggml-cuda.cu:847 calls=150 total_ms=0.150 avg_us=1.000 max_us=3
=== END CUDA SYNC PROFILE ===

=== CUDA SYNC PROFILE (instrumentation only) ===
total_syncs = 465
total_wait_ms = 110.175
max_wait_us = 40085
sites = 5
wait_hist_us = logarithmic buckets
  hist[0] = 386
  hist[1] = 55
  hist[2] = 7
  hist[3] = 6
  hist[4] = 2
  hist[9] = 1
  hist[11] = 5
  hist[14] = 2
  hist[15] = 1
by_callsite (caller PC; symbolize with addr2line):
   0 caller=0x78b11f95c0d2 calls=256 total_ms=110.022 avg_us=429.773 max_us=40085
   1 caller=0x78b11f96089c calls=42 total_ms=0.062 avg_us=1.476 max_us=10
   2 caller=0x78b11f95f852 calls=8 total_ms=0.042 avg_us=5.250 max_us=15
   3 caller=0x78b11f96098c calls=117 total_ms=0.037 avg_us=0.316 max_us=1
   4 caller=0x78b11f960abd calls=42 total_ms=0.012 avg_us=0.286 max_us=1
direct_cudaStreamSynchronize: calls=500 total_ms=7.737 max_us=2532
by_direct_callsite (file:line):
   0 /opt/llama.cpp/ggml/src/ggml-cuda/ggml-cuda.cu:900 calls=12 total_ms=5.841 avg_us=486.750 max_us=2532
   1 /opt/llama.cpp/ggml/src/ggml-cuda/ggml-cuda.cu:839 calls=147 total_ms=1.466 avg_us=9.973 max_us=354
   2 /opt/llama.cpp/ggml/src/ggml-cuda/ggml-cuda.cu:2665 calls=191 total_ms=0.280 avg_us=1.466 max_us=28
   3 /opt/llama.cpp/ggml/src/ggml-cuda/ggml-cuda.cu:847 calls=150 total_ms=0.150 avg_us=1.000 max_us=3
=== END CUDA SYNC PROFILE ===
backend-sync-trace: count=500 backend=CUDA0 caller=ggml_backend_sched_graph_compute_async_ext+0xddc

=== CUDA SYNC PROFILE (instrumentation only) ===
total_syncs = 500
total_wait_ms = 224.903
max_wait_us = 114698
sites = 5
wait_hist_us = logarithmic buckets
  hist[0] = 416
  hist[1] = 59
  hist[2] = 7
  hist[3] = 6
  hist[4] = 2
  hist[9] = 1
  hist[11] = 5
  hist[14] = 2
  hist[15] = 1
  hist[16] = 1
by_callsite (caller PC; symbolize with addr2line):
   0 caller=0x78b11f95c0d2 calls=279 total_ms=224.742 avg_us=805.527 max_us=114698
   1 caller=0x78b11f96089c calls=45 total_ms=0.065 avg_us=1.444 max_us=10
   2 caller=0x78b11f95f852 calls=10 total_ms=0.046 avg_us=4.600 max_us=15
   3 caller=0x78b11f96098c calls=122 total_ms=0.038 avg_us=0.311 max_us=1
   4 caller=0x78b11f960abd calls=44 total_ms=0.012 avg_us=0.273 max_us=1
direct_cudaStreamSynchronize: calls=506 total_ms=7.765 max_us=2532
by_direct_callsite (file:line):
   0 /opt/llama.cpp/ggml/src/ggml-cuda/ggml-cuda.cu:900 calls=12 total_ms=5.841 avg_us=486.750 max_us=2532
   1 /opt/llama.cpp/ggml/src/ggml-cuda/ggml-cuda.cu:839 calls=153 total_ms=1.494 avg_us=9.765 max_us=354
   2 /opt/llama.cpp/ggml/src/ggml-cuda/ggml-cuda.cu:2665 calls=191 total_ms=0.280 avg_us=1.466 max_us=28
   3 /opt/llama.cpp/ggml/src/ggml-cuda/ggml-cuda.cu:847 calls=150 total_ms=0.150 avg_us=1.000 max_us=3
=== END CUDA SYNC PROFILE ===
backend-sync-trace: count=600 backend=CUDA0 caller=ggml_backend_sched_graph_compute_async_ext+0xecc

=== CUDA SYNC PROFILE (instrumentation only) ===
total_syncs = 600
total_wait_ms = 331.474
max_wait_us = 114698
sites = 5
wait_hist_us = logarithmic buckets
  hist[0] = 508
  hist[1] = 63
  hist[2] = 7
  hist[3] = 6
  hist[4] = 2
  hist[9] = 1
  hist[10] = 1
  hist[11] = 7
  hist[14] = 2
  hist[15] = 1
  hist[16] = 2
by_callsite (caller PC; symbolize with addr2line):
   0 caller=0x78b11f95c0d2 calls=317 total_ms=331.281 avg_us=1045.050 max_us=114698
   1 caller=0x78b11f96089c calls=58 total_ms=0.078 avg_us=1.345 max_us=10
   2 caller=0x78b11f96098c calls=155 total_ms=0.051 avg_us=0.329 max_us=1
   3 caller=0x78b11f95f852 calls=12 total_ms=0.049 avg_us=4.083 max_us=15
   4 caller=0x78b11f960abd calls=58 total_ms=0.015 avg_us=0.259 max_us=1
direct_cudaStreamSynchronize: calls=550 total_ms=7.933 max_us=2532
by_direct_callsite (file:line):
   0 /opt/llama.cpp/ggml/src/ggml-cuda/ggml-cuda.cu:900 calls=12 total_ms=5.841 avg_us=486.750 max_us=2532
   1 /opt/llama.cpp/ggml/src/ggml-cuda/ggml-cuda.cu:839 calls=197 total_ms=1.662 avg_us=8.437 max_us=354
   2 /opt/llama.cpp/ggml/src/ggml-cuda/ggml-cuda.cu:2665 calls=191 total_ms=0.280 avg_us=1.466 max_us=28
   3 /opt/llama.cpp/ggml/src/ggml-cuda/ggml-cuda.cu:847 calls=150 total_ms=0.150 avg_us=1.000 max_us=3
=== END CUDA SYNC PROFILE ===
backend-sync-trace: count=700 backend=CUDA0 caller=ggml_backend_sched_graph_compute_async_ext+0xddc

=== CUDA SYNC PROFILE (instrumentation only) ===
total_syncs = 700
total_wait_ms = 481.313
max_wait_us = 141865
sites = 5
wait_hist_us = logarithmic buckets
  hist[0] = 598
  hist[1] = 68
  hist[2] = 8
  hist[3] = 6
  hist[4] = 2
  hist[9] = 1
  hist[10] = 2
  hist[11] = 9
  hist[14] = 2
  hist[15] = 1
  hist[16] = 2
  hist[17] = 1
by_callsite (caller PC; symbolize with addr2line):
   0 caller=0x78b11f95c0d2 calls=361 total_ms=481.090 avg_us=1332.659 max_us=141865
   1 caller=0x78b11f96089c calls=71 total_ms=0.090 avg_us=1.268 max_us=10
   2 caller=0x78b11f96098c calls=184 total_ms=0.060 avg_us=0.326 max_us=1
   3 caller=0x78b11f95f852 calls=14 total_ms=0.053 avg_us=3.786 max_us=15
   4 caller=0x78b11f960abd calls=70 total_ms=0.020 avg_us=0.286 max_us=1
direct_cudaStreamSynchronize: calls=590 total_ms=8.088 max_us=2532
by_direct_callsite (file:line):
   0 /opt/llama.cpp/ggml/src/ggml-cuda/ggml-cuda.cu:900 calls=12 total_ms=5.841 avg_us=486.750 max_us=2532
   1 /opt/llama.cpp/ggml/src/ggml-cuda/ggml-cuda.cu:839 calls=237 total_ms=1.817 avg_us=7.667 max_us=354
   2 /opt/llama.cpp/ggml/src/ggml-cuda/ggml-cuda.cu:2665 calls=191 total_ms=0.280 avg_us=1.466 max_us=28
   3 /opt/llama.cpp/ggml/src/ggml-cuda/ggml-cuda.cu:847 calls=150 total_ms=0.150 avg_us=1.000 max_us=3
=== END CUDA SYNC PROFILE ===

=== CUDA SYNC PROFILE (instrumentation only) ===
total_syncs = 712
total_wait_ms = 481.316
max_wait_us = 141865
sites = 5
wait_hist_us = logarithmic buckets
  hist[0] = 610
  hist[1] = 68
  hist[2] = 8
  hist[3] = 6
  hist[4] = 2
  hist[9] = 1
  hist[10] = 2
  hist[11] = 9
  hist[14] = 2
  hist[15] = 1
  hist[16] = 2
  hist[17] = 1
by_callsite (caller PC; symbolize with addr2line):
   0 caller=0x78b11f95c0d2 calls=361 total_ms=481.090 avg_us=1332.659 max_us=141865
   1 caller=0x78b11f96089c calls=72 total_ms=0.090 avg_us=1.250 max_us=10
   2 caller=0x78b11f96098c calls=193 total_ms=0.062 avg_us=0.321 max_us=1
   3 caller=0x78b11f95f852 calls=14 total_ms=0.053 avg_us=3.786 max_us=15
   4 caller=0x78b11f960abd calls=72 total_ms=0.021 avg_us=0.292 max_us=1
direct_cudaStreamSynchronize: calls=600 total_ms=8.136 max_us=2532
by_direct_callsite (file:line):
   0 /opt/llama.cpp/ggml/src/ggml-cuda/ggml-cuda.cu:900 calls=12 total_ms=5.841 avg_us=486.750 max_us=2532
   1 /opt/llama.cpp/ggml/src/ggml-cuda/ggml-cuda.cu:839 calls=247 total_ms=1.865 avg_us=7.551 max_us=354
   2 /opt/llama.cpp/ggml/src/ggml-cuda/ggml-cuda.cu:2665 calls=191 total_ms=0.280 avg_us=1.466 max_us=28
   3 /opt/llama.cpp/ggml/src/ggml-cuda/ggml-cuda.cu:847 calls=150 total_ms=0.150 avg_us=1.000 max_us=3
=== END CUDA SYNC PROFILE ===
backend-sync-trace: count=800 backend=CUDA0 caller=ggml_backend_sched_synchronize+0x62

=== CUDA SYNC PROFILE (instrumentation only) ===
total_syncs = 800
total_wait_ms = 620.982
max_wait_us = 141865
sites = 5
wait_hist_us = logarithmic buckets
  hist[0] = 689
  hist[1] = 73
  hist[2] = 8
  hist[3] = 6
  hist[4] = 2
  hist[9] = 2
  hist[10] = 2
  hist[11] = 10
  hist[14] = 2
  hist[15] = 2
  hist[16] = 3
  hist[17] = 1
by_callsite (caller PC; symbolize with addr2line):
   0 caller=0x78b11f95c0d2 calls=394 total_ms=620.728 avg_us=1575.452 max_us=141865
   1 caller=0x78b11f96089c calls=82 total_ms=0.100 avg_us=1.220 max_us=10
   2 caller=0x78b11f96098c calls=226 total_ms=0.073 avg_us=0.323 max_us=1
   3 caller=0x78b11f95f852 calls=16 total_ms=0.056 avg_us=3.500 max_us=15
   4 caller=0x78b11f960abd calls=82 total_ms=0.025 avg_us=0.305 max_us=1
direct_cudaStreamSynchronize: calls=641 total_ms=8.290 max_us=2532
by_direct_callsite (file:line):
   0 /opt/llama.cpp/ggml/src/ggml-cuda/ggml-cuda.cu:900 calls=12 total_ms=5.841 avg_us=486.750 max_us=2532
   1 /opt/llama.cpp/ggml/src/ggml-cuda/ggml-cuda.cu:839 calls=288 total_ms=2.019 avg_us=7.010 max_us=354
   2 /opt/llama.cpp/ggml/src/ggml-cuda/ggml-cuda.cu:2665 calls=191 total_ms=0.280 avg_us=1.466 max_us=28
   3 /opt/llama.cpp/ggml/src/ggml-cuda/ggml-cuda.cu:847 calls=150 total_ms=0.150 avg_us=1.000 max_us=3
=== END CUDA SYNC PROFILE ===
backend-sync-trace: count=900 backend=CUDA0 caller=ggml_backend_sched_synchronize+0x62

=== CUDA SYNC PROFILE (instrumentation only) ===
total_syncs = 900
total_wait_ms = 739.901
max_wait_us = 141865
sites = 5
wait_hist_us = logarithmic buckets
  hist[0] = 779
  hist[1] = 80
  hist[2] = 8
  hist[3] = 6
  hist[4] = 2
  hist[9] = 2
  hist[10] = 3
  hist[11] = 11
  hist[14] = 2
  hist[15] = 2
  hist[16] = 4
  hist[17] = 1
by_callsite (caller PC; symbolize with addr2line):
   0 caller=0x78b11f95c0d2 calls=436 total_ms=739.619 avg_us=1696.374 max_us=141865
   1 caller=0x78b11f96089c calls=94 total_ms=0.109 avg_us=1.160 max_us=10
   2 caller=0x78b11f96098c calls=257 total_ms=0.081 avg_us=0.315 max_us=1
   3 caller=0x78b11f95f852 calls=19 total_ms=0.062 avg_us=3.263 max_us=15
   4 caller=0x78b11f960abd calls=94 total_ms=0.030 avg_us=0.319 max_us=1
direct_cudaStreamSynchronize: calls=681 total_ms=8.455 max_us=2532
by_direct_callsite (file:line):
   0 /opt/llama.cpp/ggml/src/ggml-cuda/ggml-cuda.cu:900 calls=12 total_ms=5.841 avg_us=486.750 max_us=2532
   1 /opt/llama.cpp/ggml/src/ggml-cuda/ggml-cuda.cu:839 calls=328 total_ms=2.184 avg_us=6.659 max_us=354
   2 /opt/llama.cpp/ggml/src/ggml-cuda/ggml-cuda.cu:2665 calls=191 total_ms=0.280 avg_us=1.466 max_us=28
   3 /opt/llama.cpp/ggml/src/ggml-cuda/ggml-cuda.cu:847 calls=150 total_ms=0.150 avg_us=1.000 max_us=3
=== END CUDA SYNC PROFILE ===

=== CUDA SYNC PROFILE (instrumentation only) ===
total_syncs = 959
total_wait_ms = 744.500
max_wait_us = 141865
sites = 5
wait_hist_us = logarithmic buckets
  hist[0] = 834
  hist[1] = 82
  hist[2] = 8
  hist[3] = 6
  hist[4] = 2
  hist[9] = 2
  hist[10] = 3
  hist[11] = 13
  hist[14] = 2
  hist[15] = 2
  hist[16] = 4
  hist[17] = 1
by_callsite (caller PC; symbolize with addr2line):
   0 caller=0x78b11f95c0d2 calls=466 total_ms=744.202 avg_us=1597.000 max_us=141865
   1 caller=0x78b11f96089c calls=102 total_ms=0.114 avg_us=1.118 max_us=10
   2 caller=0x78b11f96098c calls=269 total_ms=0.084 avg_us=0.312 max_us=1
   3 caller=0x78b11f95f852 calls=20 total_ms=0.064 avg_us=3.200 max_us=15
   4 caller=0x78b11f960abd calls=102 total_ms=0.036 avg_us=0.353 max_us=1
direct_cudaStreamSynchronize: calls=700 total_ms=8.541 max_us=2532
by_direct_callsite (file:line):
   0 /opt/llama.cpp/ggml/src/ggml-cuda/ggml-cuda.cu:900 calls=12 total_ms=5.841 avg_us=486.750 max_us=2532
   1 /opt/llama.cpp/ggml/src/ggml-cuda/ggml-cuda.cu:839 calls=347 total_ms=2.270 avg_us=6.542 max_us=354
   2 /opt/llama.cpp/ggml/src/ggml-cuda/ggml-cuda.cu:2665 calls=191 total_ms=0.280 avg_us=1.466 max_us=28
   3 /opt/llama.cpp/ggml/src/ggml-cuda/ggml-cuda.cu:847 calls=150 total_ms=0.150 avg_us=1.000 max_us=3
=== END CUDA SYNC PROFILE ===
backend-sync-trace: count=1000 backend=CUDA0 caller=ggml_backend_sched_synchronize+0x62

=== CUDA SYNC PROFILE (instrumentation only) ===
total_syncs = 1000
total_wait_ms = 847.998
max_wait_us = 141865
sites = 5
wait_hist_us = logarithmic buckets
  hist[0] = 872
  hist[1] = 83
  hist[2] = 8
  hist[3] = 6
  hist[4] = 3
  hist[9] = 2
  hist[10] = 3
  hist[11] = 13
  hist[14] = 2
  hist[15] = 2
  hist[16] = 5
  hist[17] = 1
by_callsite (caller PC; symbolize with addr2line):
   0 caller=0x78b11f95c0d2 calls=487 total_ms=847.676 avg_us=1740.608 max_us=141865
   1 caller=0x78b11f96089c calls=104 total_ms=0.115 avg_us=1.106 max_us=10
   2 caller=0x78b11f96098c calls=284 total_ms=0.105 avg_us=0.370 max_us=16
   3 caller=0x78b11f95f852 calls=21 total_ms=0.066 avg_us=3.143 max_us=15
   4 caller=0x78b11f960abd calls=104 total_ms=0.036 avg_us=0.346 max_us=1
direct_cudaStreamSynchronize: calls=716 total_ms=8.595 max_us=2532
by_direct_callsite (file:line):
   0 /opt/llama.cpp/ggml/src/ggml-cuda/ggml-cuda.cu:900 calls=12 total_ms=5.841 avg_us=486.750 max_us=2532
   1 /opt/llama.cpp/ggml/src/ggml-cuda/ggml-cuda.cu:839 calls=363 total_ms=2.324 avg_us=6.402 max_us=354
   2 /opt/llama.cpp/ggml/src/ggml-cuda/ggml-cuda.cu:2665 calls=191 total_ms=0.280 avg_us=1.466 max_us=28
   3 /opt/llama.cpp/ggml/src/ggml-cuda/ggml-cuda.cu:847 calls=150 total_ms=0.150 avg_us=1.000 max_us=3
=== END CUDA SYNC PROFILE ===
backend-sync-trace: count=1100 backend=CUDA0 caller=ggml_backend_sched_synchronize+0x62

=== CUDA SYNC PROFILE (instrumentation only) ===
total_syncs = 1100
total_wait_ms = 922.859
max_wait_us = 141865
sites = 5
wait_hist_us = logarithmic buckets
  hist[0] = 963
  hist[1] = 88
  hist[2] = 8
  hist[3] = 6
  hist[4] = 3
  hist[9] = 2
  hist[10] = 5
  hist[11] = 14
  hist[14] = 2
  hist[15] = 2
  hist[16] = 6
  hist[17] = 1
by_callsite (caller PC; symbolize with addr2line):
   0 caller=0x78b11f95c0d2 calls=529 total_ms=922.508 avg_us=1743.871 max_us=141865
   1 caller=0x78b11f96089c calls=116 total_ms=0.127 avg_us=1.095 max_us=10
   2 caller=0x78b11f96098c calls=315 total_ms=0.113 avg_us=0.359 max_us=16
   3 caller=0x78b11f95f852 calls=24 total_ms=0.072 avg_us=3.000 max_us=15
   4 caller=0x78b11f960abd calls=116 total_ms=0.039 avg_us=0.336 max_us=1
direct_cudaStreamSynchronize: calls=757 total_ms=8.755 max_us=2532
by_direct_callsite (file:line):
   0 /opt/llama.cpp/ggml/src/ggml-cuda/ggml-cuda.cu:900 calls=12 total_ms=5.841 avg_us=486.750 max_us=2532
   1 /opt/llama.cpp/ggml/src/ggml-cuda/ggml-cuda.cu:839 calls=404 total_ms=2.484 avg_us=6.149 max_us=354
   2 /opt/llama.cpp/ggml/src/ggml-cuda/ggml-cuda.cu:2665 calls=191 total_ms=0.280 avg_us=1.466 max_us=28
   3 /opt/llama.cpp/ggml/src/ggml-cuda/ggml-cuda.cu:847 calls=150 total_ms=0.150 avg_us=1.000 max_us=3
=== END CUDA SYNC PROFILE ===
backend-sync-trace: count=1200 backend=CUDA0 caller=ggml_backend_sched_synchronize+0x62

=== CUDA SYNC PROFILE (instrumentation only) ===
total_syncs = 1200
total_wait_ms = 1004.596
max_wait_us = 141865
sites = 5
wait_hist_us = logarithmic buckets
  hist[0] = 1053
  hist[1] = 94
  hist[2] = 8
  hist[3] = 6
  hist[4] = 3
  hist[9] = 2
  hist[10] = 8
  hist[11] = 14
  hist[14] = 2
  hist[15] = 2
  hist[16] = 7
  hist[17] = 1
by_callsite (caller PC; symbolize with addr2line):
   0 caller=0x78b11f95c0d2 calls=572 total_ms=1004.216 avg_us=1755.622 max_us=141865
   1 caller=0x78b11f96089c calls=128 total_ms=0.138 avg_us=1.078 max_us=10
   2 caller=0x78b11f96098c calls=346 total_ms=0.123 avg_us=0.355 max_us=16
   3 caller=0x78b11f95f852 calls=26 total_ms=0.076 avg_us=2.923 max_us=15
   4 caller=0x78b11f960abd calls=128 total_ms=0.043 avg_us=0.336 max_us=1
direct_cudaStreamSynchronize: calls=798 total_ms=8.916 max_us=2532
by_direct_callsite (file:line):
   0 /opt/llama.cpp/ggml/src/ggml-cuda/ggml-cuda.cu:900 calls=12 total_ms=5.841 avg_us=486.750 max_us=2532
   1 /opt/llama.cpp/ggml/src/ggml-cuda/ggml-cuda.cu:839 calls=445 total_ms=2.645 avg_us=5.944 max_us=354
   2 /opt/llama.cpp/ggml/src/ggml-cuda/ggml-cuda.cu:2665 calls=191 total_ms=0.280 avg_us=1.466 max_us=28
   3 /opt/llama.cpp/ggml/src/ggml-cuda/ggml-cuda.cu:847 calls=150 total_ms=0.150 avg_us=1.000 max_us=3
=== END CUDA SYNC PROFILE ===

=== CUDA SYNC PROFILE (instrumentation only) ===
total_syncs = 1209
total_wait_ms = 1004.605
max_wait_us = 141865
sites = 5
wait_hist_us = logarithmic buckets
  hist[0] = 1061
  hist[1] = 95
  hist[2] = 8
  hist[3] = 6
  hist[4] = 3
  hist[9] = 2
  hist[10] = 8
  hist[11] = 14
  hist[14] = 2
  hist[15] = 2
  hist[16] = 7
  hist[17] = 1
by_callsite (caller PC; symbolize with addr2line):
   0 caller=0x78b11f95c0d2 calls=577 total_ms=1004.220 avg_us=1740.416 max_us=141865
   1 caller=0x78b11f96089c calls=130 total_ms=0.142 avg_us=1.092 max_us=10
   2 caller=0x78b11f96098c calls=346 total_ms=0.123 avg_us=0.355 max_us=16
   3 caller=0x78b11f95f852 calls=26 total_ms=0.076 avg_us=2.923 max_us=15
   4 caller=0x78b11f960abd calls=130 total_ms=0.044 avg_us=0.338 max_us=1
direct_cudaStreamSynchronize: calls=800 total_ms=8.925 max_us=2532
by_direct_callsite (file:line):
   0 /opt/llama.cpp/ggml/src/ggml-cuda/ggml-cuda.cu:900 calls=12 total_ms=5.841 avg_us=486.750 max_us=2532
   1 /opt/llama.cpp/ggml/src/ggml-cuda/ggml-cuda.cu:839 calls=447 total_ms=2.654 avg_us=5.937 max_us=354
   2 /opt/llama.cpp/ggml/src/ggml-cuda/ggml-cuda.cu:2665 calls=191 total_ms=0.280 avg_us=1.466 max_us=28
   3 /opt/llama.cpp/ggml/src/ggml-cuda/ggml-cuda.cu:847 calls=150 total_ms=0.150 avg_us=1.000 max_us=3
=== END CUDA SYNC PROFILE ===
backend-sync-trace: count=1300 backend=CUDA0 caller=ggml_backend_sched_graph_compute_async_ext+0xecc

=== CUDA SYNC PROFILE (instrumentation only) ===
total_syncs = 1300
total_wait_ms = 1057.387
max_wait_us = 141865
sites = 5
wait_hist_us = logarithmic buckets
  hist[0] = 1141
  hist[1] = 102
  hist[2] = 8
  hist[3] = 7
  hist[4] = 3
  hist[9] = 2
  hist[10] = 10
  hist[11] = 14
  hist[14] = 2
  hist[15] = 3
  hist[16] = 7
  hist[17] = 1
by_callsite (caller PC; symbolize with addr2line):
   0 caller=0x78b11f95c0d2 calls=614 total_ms=1056.961 avg_us=1721.435 max_us=141865
   1 caller=0x78b11f96089c calls=142 total_ms=0.159 avg_us=1.120 max_us=10
   2 caller=0x78b11f96098c calls=374 total_ms=0.133 avg_us=0.356 max_us=16
   3 caller=0x78b11f95f852 calls=28 total_ms=0.080 avg_us=2.857 max_us=15
   4 caller=0x78b11f960abd calls=142 total_ms=0.054 avg_us=0.380 max_us=2
direct_cudaStreamSynchronize: calls=836 total_ms=9.104 max_us=2532
by_direct_callsite (file:line):
   0 /opt/llama.cpp/ggml/src/ggml-cuda/ggml-cuda.cu:900 calls=12 total_ms=5.841 avg_us=486.750 max_us=2532
   1 /opt/llama.cpp/ggml/src/ggml-cuda/ggml-cuda.cu:839 calls=483 total_ms=2.833 avg_us=5.865 max_us=354
   2 /opt/llama.cpp/ggml/src/ggml-cuda/ggml-cuda.cu:2665 calls=191 total_ms=0.280 avg_us=1.466 max_us=28
   3 /opt/llama.cpp/ggml/src/ggml-cuda/ggml-cuda.cu:847 calls=150 total_ms=0.150 avg_us=1.000 max_us=3
=== END CUDA SYNC PROFILE ===
backend-sync-trace: count=1400 backend=CUDA0 caller=ggml_backend_sched_graph_compute_async_ext+0xecc

=== CUDA SYNC PROFILE (instrumentation only) ===
total_syncs = 1400
total_wait_ms = 1125.416
max_wait_us = 141865
sites = 5
wait_hist_us = logarithmic buckets
  hist[0] = 1225
  hist[1] = 115
  hist[2] = 8
  hist[3] = 7
  hist[4] = 3
  hist[9] = 2
  hist[10] = 12
  hist[11] = 14
  hist[14] = 2
  hist[15] = 4
  hist[16] = 7
  hist[17] = 1
by_callsite (caller PC; symbolize with addr2line):
   0 caller=0x78b11f95c0d2 calls=651 total_ms=1124.940 avg_us=1728.018 max_us=141865
   1 caller=0x78b11f96089c calls=152 total_ms=0.169 avg_us=1.112 max_us=10
   2 caller=0x78b11f96098c calls=415 total_ms=0.167 avg_us=0.402 max_us=16
   3 caller=0x78b11f95f852 calls=30 total_ms=0.083 avg_us=2.767 max_us=15
   4 caller=0x78b11f960abd calls=152 total_ms=0.057 avg_us=0.375 max_us=2
direct_cudaStreamSynchronize: calls=885 total_ms=9.315 max_us=2532
by_direct_callsite (file:line):
   0 /opt/llama.cpp/ggml/src/ggml-cuda/ggml-cuda.cu:900 calls=12 total_ms=5.841 avg_us=486.750 max_us=2532
   1 /opt/llama.cpp/ggml/src/ggml-cuda/ggml-cuda.cu:839 calls=532 total_ms=3.044 avg_us=5.722 max_us=354
   2 /opt/llama.cpp/ggml/src/ggml-cuda/ggml-cuda.cu:2665 calls=191 total_ms=0.280 avg_us=1.466 max_us=28
   3 /opt/llama.cpp/ggml/src/ggml-cuda/ggml-cuda.cu:847 calls=150 total_ms=0.150 avg_us=1.000 max_us=3
=== END CUDA SYNC PROFILE ===

=== CUDA SYNC PROFILE (instrumentation only) ===
total_syncs = 1453
total_wait_ms = 1206.458
max_wait_us = 141865
sites = 5
wait_hist_us = logarithmic buckets
  hist[0] = 1271
  hist[1] = 120
  hist[2] = 8
  hist[3] = 7
  hist[4] = 3
  hist[9] = 2
  hist[10] = 13
  hist[11] = 14
  hist[14] = 2
  hist[15] = 4
  hist[16] = 8
  hist[17] = 1
by_callsite (caller PC; symbolize with addr2line):
   0 caller=0x78b11f95c0d2 calls=681 total_ms=1205.971 avg_us=1770.883 max_us=141865
   1 caller=0x78b11f96089c calls=158 total_ms=0.172 avg_us=1.089 max_us=10
   2 caller=0x78b11f96098c calls=424 total_ms=0.169 avg_us=0.399 max_us=16
   3 caller=0x78b11f95f852 calls=32 total_ms=0.087 avg_us=2.719 max_us=15
   4 caller=0x78b11f960abd calls=158 total_ms=0.059 avg_us=0.373 max_us=2
direct_cudaStreamSynchronize: calls=900 total_ms=9.373 max_us=2532
by_direct_callsite (file:line):
   0 /opt/llama.cpp/ggml/src/ggml-cuda/ggml-cuda.cu:900 calls=12 total_ms=5.841 avg_us=486.750 max_us=2532
   1 /opt/llama.cpp/ggml/src/ggml-cuda/ggml-cuda.cu:839 calls=547 total_ms=3.102 avg_us=5.671 max_us=354
   2 /opt/llama.cpp/ggml/src/ggml-cuda/ggml-cuda.cu:2665 calls=191 total_ms=0.280 avg_us=1.466 max_us=28
   3 /opt/llama.cpp/ggml/src/ggml-cuda/ggml-cuda.cu:847 calls=150 total_ms=0.150 avg_us=1.000 max_us=3
=== END CUDA SYNC PROFILE ===
backend-sync-trace: count=1500 backend=CUDA0 caller=ggml_backend_sched_synchronize+0x62

=== CUDA SYNC PROFILE (instrumentation only) ===
total_syncs = 1500
total_wait_ms = 1266.392
max_wait_us = 141865
sites = 5
wait_hist_us = logarithmic buckets
  hist[0] = 1314
  hist[1] = 121
  hist[2] = 8
  hist[3] = 7
  hist[4] = 4
  hist[9] = 2
  hist[10] = 14
  hist[11] = 14
  hist[14] = 2
  hist[15] = 5
  hist[16] = 8
  hist[17] = 1
by_callsite (caller PC; symbolize with addr2line):
   0 caller=0x78b11f95c0d2 calls=693 total_ms=1265.872 avg_us=1826.655 max_us=141865
   1 caller=0x78b11f96089c calls=164 total_ms=0.193 avg_us=1.177 max_us=17
   2 caller=0x78b11f96098c calls=446 total_ms=0.178 avg_us=0.399 max_us=16
   3 caller=0x78b11f95f852 calls=33 total_ms=0.089 avg_us=2.697 max_us=15
   4 caller=0x78b11f960abd calls=164 total_ms=0.060 avg_us=0.366 max_us=2
direct_cudaStreamSynchronize: calls=926 total_ms=9.483 max_us=2532
by_direct_callsite (file:line):
   0 /opt/llama.cpp/ggml/src/ggml-cuda/ggml-cuda.cu:900 calls=12 total_ms=5.841 avg_us=486.750 max_us=2532
   1 /opt/llama.cpp/ggml/src/ggml-cuda/ggml-cuda.cu:839 calls=573 total_ms=3.212 avg_us=5.606 max_us=354
   2 /opt/llama.cpp/ggml/src/ggml-cuda/ggml-cuda.cu:2665 calls=191 total_ms=0.280 avg_us=1.466 max_us=28
   3 /opt/llama.cpp/ggml/src/ggml-cuda/ggml-cuda.cu:847 calls=150 total_ms=0.150 avg_us=1.000 max_us=3
=== END CUDA SYNC PROFILE ===
backend-sync-trace: count=1600 backend=CUDA0 caller=ggml_backend_sched_synchronize+0x62

=== CUDA SYNC PROFILE (instrumentation only) ===
total_syncs = 1600
total_wait_ms = 1313.832
max_wait_us = 141865
sites = 5
wait_hist_us = logarithmic buckets
  hist[0] = 1407
  hist[1] = 125
  hist[2] = 8
  hist[3] = 7
  hist[4] = 4
  hist[9] = 3
  hist[10] = 15
  hist[11] = 14
  hist[14] = 2
  hist[15] = 6
  hist[16] = 8
  hist[17] = 1
by_callsite (caller PC; symbolize with addr2line):
   0 caller=0x78b11f95c0d2 calls=744 total_ms=1313.290 avg_us=1765.175 max_us=141865
   1 caller=0x78b11f96089c calls=174 total_ms=0.201 avg_us=1.155 max_us=17
   2 caller=0x78b11f96098c calls=473 total_ms=0.187 avg_us=0.395 max_us=16
   3 caller=0x78b11f95f852 calls=35 total_ms=0.093 avg_us=2.657 max_us=15
   4 caller=0x78b11f960abd calls=174 total_ms=0.061 avg_us=0.351 max_us=2
direct_cudaStreamSynchronize: calls=961 total_ms=9.621 max_us=2532
by_direct_callsite (file:line):
   0 /opt/llama.cpp/ggml/src/ggml-cuda/ggml-cuda.cu:900 calls=12 total_ms=5.841 avg_us=486.750 max_us=2532
   1 /opt/llama.cpp/ggml/src/ggml-cuda/ggml-cuda.cu:839 calls=608 total_ms=3.350 avg_us=5.510 max_us=354
   2 /opt/llama.cpp/ggml/src/ggml-cuda/ggml-cuda.cu:2665 calls=191 total_ms=0.280 avg_us=1.466 max_us=28
   3 /opt/llama.cpp/ggml/src/ggml-cuda/ggml-cuda.cu:847 calls=150 total_ms=0.150 avg_us=1.000 max_us=3
=== END CUDA SYNC PROFILE ===

=== CUDA SYNC PROFILE (instrumentation only) ===
total_syncs = 1697
total_wait_ms = 1381.775
max_wait_us = 141865
sites = 5
wait_hist_us = logarithmic buckets
  hist[0] = 1495
  hist[1] = 131
  hist[2] = 8
  hist[3] = 7
  hist[4] = 4
  hist[9] = 3
  hist[10] = 17
  hist[11] = 14
  hist[14] = 2
  hist[15] = 7
  hist[16] = 8
  hist[17] = 1
by_callsite (caller PC; symbolize with addr2line):
   0 caller=0x78b11f95c0d2 calls=785 total_ms=1381.207 avg_us=1759.499 max_us=141865
   1 caller=0x78b11f96089c calls=186 total_ms=0.212 avg_us=1.140 max_us=17
   2 caller=0x78b11f96098c calls=502 total_ms=0.194 avg_us=0.386 max_us=16
   3 caller=0x78b11f95f852 calls=38 total_ms=0.099 avg_us=2.605 max_us=15
   4 caller=0x78b11f960abd calls=186 total_ms=0.063 avg_us=0.339 max_us=2
direct_cudaStreamSynchronize: calls=1000 total_ms=9.810 max_us=2532
by_direct_callsite (file:line):
   0 /opt/llama.cpp/ggml/src/ggml-cuda/ggml-cuda.cu:900 calls=12 total_ms=5.841 avg_us=486.750 max_us=2532
   1 /opt/llama.cpp/ggml/src/ggml-cuda/ggml-cuda.cu:839 calls=647 total_ms=3.539 avg_us=5.470 max_us=354
   2 /opt/llama.cpp/ggml/src/ggml-cuda/ggml-cuda.cu:2665 calls=191 total_ms=0.280 avg_us=1.466 max_us=28
   3 /opt/llama.cpp/ggml/src/ggml-cuda/ggml-cuda.cu:847 calls=150 total_ms=0.150 avg_us=1.000 max_us=3
=== END CUDA SYNC PROFILE ===
backend-sync-trace: count=1700 backend=CUDA0 caller=ggml_backend_sched_synchronize+0x62

=== CUDA SYNC PROFILE (instrumentation only) ===
total_syncs = 1700
total_wait_ms = 1383.204
max_wait_us = 141865
sites = 5
wait_hist_us = logarithmic buckets
  hist[0] = 1497
  hist[1] = 131
  hist[2] = 8
  hist[3] = 7
  hist[4] = 4
  hist[9] = 3
  hist[10] = 18
  hist[11] = 14
  hist[14] = 2
  hist[15] = 7
  hist[16] = 8
  hist[17] = 1
by_callsite (caller PC; symbolize with addr2line):
   0 caller=0x78b11f95c0d2 calls=786 total_ms=1382.636 avg_us=1759.079 max_us=141865
   1 caller=0x78b11f96089c calls=186 total_ms=0.212 avg_us=1.140 max_us=17
   2 caller=0x78b11f96098c calls=504 total_ms=0.194 avg_us=0.385 max_us=16
   3 caller=0x78b11f95f852 calls=38 total_ms=0.099 avg_us=2.605 max_us=15
   4 caller=0x78b11f960abd calls=186 total_ms=0.063 avg_us=0.339 max_us=2
direct_cudaStreamSynchronize: calls=1002 total_ms=9.813 max_us=2532
by_direct_callsite (file:line):
   0 /opt/llama.cpp/ggml/src/ggml-cuda/ggml-cuda.cu:900 calls=12 total_ms=5.841 avg_us=486.750 max_us=2532
   1 /opt/llama.cpp/ggml/src/ggml-cuda/ggml-cuda.cu:839 calls=649 total_ms=3.542 avg_us=5.458 max_us=354
   2 /opt/llama.cpp/ggml/src/ggml-cuda/ggml-cuda.cu:2665 calls=191 total_ms=0.280 avg_us=1.466 max_us=28
   3 /opt/llama.cpp/ggml/src/ggml-cuda/ggml-cuda.cu:847 calls=150 total_ms=0.150 avg_us=1.000 max_us=3
=== END CUDA SYNC PROFILE ===
backend-sync-trace: count=1800 backend=CUDA0 caller=ggml_backend_sched_graph_compute_async_ext+0xecc

=== CUDA SYNC PROFILE (instrumentation only) ===
total_syncs = 1800
total_wait_ms = 1473.120
max_wait_us = 141865
sites = 5
wait_hist_us = logarithmic buckets
  hist[0] = 1588
  hist[1] = 137
  hist[2] = 8
  hist[3] = 7
  hist[4] = 4
  hist[9] = 4
  hist[10] = 19
  hist[11] = 14
  hist[14] = 2
  hist[15] = 7
  hist[16] = 9
  hist[17] = 1
by_callsite (caller PC; symbolize with addr2line):
   0 caller=0x78b11f95c0d2 calls=829 total_ms=1472.517 avg_us=1776.257 max_us=141865
   1 caller=0x78b11f96089c calls=198 total_ms=0.224 avg_us=1.131 max_us=17
   2 caller=0x78b11f96098c calls=535 total_ms=0.209 avg_us=0.391 max_us=16
   3 caller=0x78b11f95f852 calls=40 total_ms=0.103 avg_us=2.575 max_us=15
   4 caller=0x78b11f960abd calls=198 total_ms=0.067 avg_us=0.338 max_us=2
direct_cudaStreamSynchronize: calls=1042 total_ms=9.971 max_us=2532
by_direct_callsite (file:line):
   0 /opt/llama.cpp/ggml/src/ggml-cuda/ggml-cuda.cu:900 calls=12 total_ms=5.841 avg_us=486.750 max_us=2532
   1 /opt/llama.cpp/ggml/src/ggml-cuda/ggml-cuda.cu:839 calls=689 total_ms=3.700 avg_us=5.370 max_us=354
   2 /opt/llama.cpp/ggml/src/ggml-cuda/ggml-cuda.cu:2665 calls=191 total_ms=0.280 avg_us=1.466 max_us=28
   3 /opt/llama.cpp/ggml/src/ggml-cuda/ggml-cuda.cu:847 calls=150 total_ms=0.150 avg_us=1.000 max_us=3
=== END CUDA SYNC PROFILE ===
backend-sync-trace: count=1900 backend=CUDA0 caller=ggml_backend_sched_graph_compute_async_ext+0xddc

=== CUDA SYNC PROFILE (instrumentation only) ===
total_syncs = 1900
total_wait_ms = 1530.662
max_wait_us = 141865
sites = 5
wait_hist_us = logarithmic buckets
  hist[0] = 1678
  hist[1] = 143
  hist[2] = 8
  hist[3] = 7
  hist[4] = 4
  hist[9] = 5
  hist[10] = 21
  hist[11] = 14
  hist[14] = 2
  hist[15] = 8
  hist[16] = 9
  hist[17] = 1
by_callsite (caller PC; symbolize with addr2line):
   0 caller=0x78b11f95c0d2 calls=873 total_ms=1530.026 avg_us=1752.607 max_us=141865
   1 caller=0x78b11f96089c calls=212 total_ms=0.238 avg_us=1.123 max_us=17
   2 caller=0x78b11f96098c calls=562 total_ms=0.221 avg_us=0.393 max_us=16
   3 caller=0x78b11f95f852 calls=42 total_ms=0.108 avg_us=2.571 max_us=15
   4 caller=0x78b11f960abd calls=211 total_ms=0.069 avg_us=0.327 max_us=2
direct_cudaStreamSynchronize: calls=1080 total_ms=10.122 max_us=2532
by_direct_callsite (file:line):
   0 /opt/llama.cpp/ggml/src/ggml-cuda/ggml-cuda.cu:900 calls=12 total_ms=5.841 avg_us=486.750 max_us=2532
   1 /opt/llama.cpp/ggml/src/ggml-cuda/ggml-cuda.cu:839 calls=727 total_ms=3.851 avg_us=5.297 max_us=354
   2 /opt/llama.cpp/ggml/src/ggml-cuda/ggml-cuda.cu:2665 calls=191 total_ms=0.280 avg_us=1.466 max_us=28
   3 /opt/llama.cpp/ggml/src/ggml-cuda/ggml-cuda.cu:847 calls=150 total_ms=0.150 avg_us=1.000 max_us=3
=== END CUDA SYNC PROFILE ===

=== CUDA SYNC PROFILE (instrumentation only) ===
total_syncs = 1925
total_wait_ms = 1594.287
max_wait_us = 141865
sites = 5
wait_hist_us = logarithmic buckets
  hist[0] = 1700
  hist[1] = 144
  hist[2] = 9
  hist[3] = 7
  hist[4] = 4
  hist[9] = 5
  hist[10] = 21
  hist[11] = 14
  hist[14] = 2
  hist[15] = 9
  hist[16] = 9
  hist[17] = 1
by_callsite (caller PC; symbolize with addr2line):
   0 caller=0x78b11f95c0d2 calls=875 total_ms=1593.640 avg_us=1821.303 max_us=141865
   1 caller=0x78b11f96089c calls=214 total_ms=0.239 avg_us=1.117 max_us=17
   2 caller=0x78b11f96098c calls=579 total_ms=0.227 avg_us=0.392 max_us=16
   3 caller=0x78b11f95f852 calls=43 total_ms=0.110 avg_us=2.558 max_us=15
   4 caller=0x78b11f960abd calls=214 total_ms=0.071 avg_us=0.332 max_us=2
direct_cudaStreamSynchronize: calls=1100 total_ms=10.223 max_us=2532
by_direct_callsite (file:line):
   0 /opt/llama.cpp/ggml/src/ggml-cuda/ggml-cuda.cu:900 calls=12 total_ms=5.841 avg_us=486.750 max_us=2532
   1 /opt/llama.cpp/ggml/src/ggml-cuda/ggml-cuda.cu:839 calls=747 total_ms=3.952 avg_us=5.290 max_us=354
   2 /opt/llama.cpp/ggml/src/ggml-cuda/ggml-cuda.cu:2665 calls=191 total_ms=0.280 avg_us=1.466 max_us=28
   3 /opt/llama.cpp/ggml/src/ggml-cuda/ggml-cuda.cu:847 calls=150 total_ms=0.150 avg_us=1.000 max_us=3
=== END CUDA SYNC PROFILE ===
backend-sync-trace: count=2000 backend=CUDA0 caller=ggml_backend_sched_graph_compute_async_ext+0xecc

=== CUDA SYNC PROFILE (instrumentation only) ===
total_syncs = 2000
total_wait_ms = 1600.138
max_wait_us = 141865
sites = 5
wait_hist_us = logarithmic buckets
  hist[0] = 1771
  hist[1] = 145
  hist[2] = 10
  hist[3] = 7
  hist[4] = 4
  hist[9] = 5
  hist[10] = 21
  hist[11] = 16
  hist[14] = 2
  hist[15] = 9
  hist[16] = 9
  hist[17] = 1
by_callsite (caller PC; symbolize with addr2line):
   0 caller=0x78b11f95c0d2 calls=910 total_ms=1599.465 avg_us=1757.654 max_us=141865
   1 caller=0x78b11f96089c calls=222 total_ms=0.246 avg_us=1.108 max_us=17
   2 caller=0x78b11f96098c calls=602 total_ms=0.241 avg_us=0.400 max_us=16
   3 caller=0x78b11f95f852 calls=44 total_ms=0.112 avg_us=2.545 max_us=15
   4 caller=0x78b11f960abd calls=222 total_ms=0.074 avg_us=0.333 max_us=2
direct_cudaStreamSynchronize: calls=1128 total_ms=10.330 max_us=2532
by_direct_callsite (file:line):
   0 /opt/llama.cpp/ggml/src/ggml-cuda/ggml-cuda.cu:900 calls=12 total_ms=5.841 avg_us=486.750 max_us=2532
   1 /opt/llama.cpp/ggml/src/ggml-cuda/ggml-cuda.cu:839 calls=775 total_ms=4.059 avg_us=5.237 max_us=354
   2 /opt/llama.cpp/ggml/src/ggml-cuda/ggml-cuda.cu:2665 calls=191 total_ms=0.280 avg_us=1.466 max_us=28
   3 /opt/llama.cpp/ggml/src/ggml-cuda/ggml-cuda.cu:847 calls=150 total_ms=0.150 avg_us=1.000 max_us=3
=== END CUDA SYNC PROFILE ===
backend-sync-trace: count=2100 backend=CUDA0 caller=ggml_backend_sched_synchronize+0x62

=== CUDA SYNC PROFILE (instrumentation only) ===
total_syncs = 2100
total_wait_ms = 1753.156
max_wait_us = 141865
sites = 5
wait_hist_us = logarithmic buckets
  hist[0] = 1862
  hist[1] = 149
  hist[2] = 11
  hist[3] = 7
  hist[4] = 4
  hist[9] = 6
  hist[10] = 22
  hist[11] = 16
  hist[14] = 2
  hist[15] = 10
  hist[16] = 10
  hist[17] = 1
by_callsite (caller PC; symbolize with addr2line):
   0 caller=0x78b11f95c0d2 calls=950 total_ms=1752.456 avg_us=1844.691 max_us=141865
   1 caller=0x78b11f96089c calls=234 total_ms=0.254 avg_us=1.085 max_us=17
   2 caller=0x78b11f96098c calls=635 total_ms=0.249 avg_us=0.392 max_us=16
   3 caller=0x78b11f95f852 calls=47 total_ms=0.117 avg_us=2.489 max_us=15
   4 caller=0x78b11f960abd calls=234 total_ms=0.080 avg_us=0.342 max_us=2
direct_cudaStreamSynchronize: calls=1171 total_ms=10.504 max_us=2532
by_direct_callsite (file:line):
   0 /opt/llama.cpp/ggml/src/ggml-cuda/ggml-cuda.cu:900 calls=12 total_ms=5.841 avg_us=486.750 max_us=2532
   1 /opt/llama.cpp/ggml/src/ggml-cuda/ggml-cuda.cu:839 calls=818 total_ms=4.233 avg_us=5.175 max_us=354
   2 /opt/llama.cpp/ggml/src/ggml-cuda/ggml-cuda.cu:2665 calls=191 total_ms=0.280 avg_us=1.466 max_us=28
   3 /opt/llama.cpp/ggml/src/ggml-cuda/ggml-cuda.cu:847 calls=150 total_ms=0.150 avg_us=1.000 max_us=3
=== END CUDA SYNC PROFILE ===

=== CUDA SYNC PROFILE (instrumentation only) ===
total_syncs = 2173
total_wait_ms = 1754.969
max_wait_us = 141865
sites = 5
wait_hist_us = logarithmic buckets
  hist[0] = 1929
  hist[1] = 153
  hist[2] = 11
  hist[3] = 7
  hist[4] = 4
  hist[9] = 8
  hist[10] = 22
  hist[11] = 16
  hist[14] = 2
  hist[15] = 10
  hist[16] = 10
  hist[17] = 1
by_callsite (caller PC; symbolize with addr2line):
   0 caller=0x78b11f95c0d2 calls=984 total_ms=1754.248 avg_us=1782.772 max_us=141865
   1 caller=0x78b11f96089c calls=242 total_ms=0.260 avg_us=1.074 max_us=17
   2 caller=0x78b11f96098c calls=657 total_ms=0.256 avg_us=0.390 max_us=16
   3 caller=0x78b11f95f852 calls=48 total_ms=0.119 avg_us=2.479 max_us=15
   4 caller=0x78b11f960abd calls=242 total_ms=0.086 avg_us=0.355 max_us=2
direct_cudaStreamSynchronize: calls=1200 total_ms=10.616 max_us=2532
by_direct_callsite (file:line):
   0 /opt/llama.cpp/ggml/src/ggml-cuda/ggml-cuda.cu:900 calls=12 total_ms=5.841 avg_us=486.750 max_us=2532
   1 /opt/llama.cpp/ggml/src/ggml-cuda/ggml-cuda.cu:839 calls=847 total_ms=4.345 avg_us=5.130 max_us=354
   2 /opt/llama.cpp/ggml/src/ggml-cuda/ggml-cuda.cu:2665 calls=191 total_ms=0.280 avg_us=1.466 max_us=28
   3 /opt/llama.cpp/ggml/src/ggml-cuda/ggml-cuda.cu:847 calls=150 total_ms=0.150 avg_us=1.000 max_us=3
=== END CUDA SYNC PROFILE ===
backend-sync-trace: count=2200 backend=CUDA0 caller=ggml_backend_sched_synchronize+0x62

=== CUDA SYNC PROFILE (instrumentation only) ===
total_syncs = 2200
total_wait_ms = 1798.552
max_wait_us = 141865
sites = 5
wait_hist_us = logarithmic buckets
  hist[0] = 1952
  hist[1] = 156
  hist[2] = 11
  hist[3] = 7
  hist[4] = 4
  hist[9] = 8
  hist[10] = 22
  hist[11] = 16
  hist[14] = 2
  hist[15] = 11
  hist[16] = 10
  hist[17] = 1
by_callsite (caller PC; symbolize with addr2line):
   0 caller=0x78b11f95c0d2 calls=1001 total_ms=1797.827 avg_us=1796.031 max_us=141865
   1 caller=0x78b11f96089c calls=244 total_ms=0.261 avg_us=1.070 max_us=17
   2 caller=0x78b11f96098c calls=662 total_ms=0.257 avg_us=0.388 max_us=16
   3 caller=0x78b11f95f852 calls=49 total_ms=0.121 avg_us=2.469 max_us=15
   4 caller=0x78b11f960abd calls=244 total_ms=0.086 avg_us=0.352 max_us=2
direct_cudaStreamSynchronize: calls=1206 total_ms=10.645 max_us=2532
by_direct_callsite (file:line):
   0 /opt/llama.cpp/ggml/src/ggml-cuda/ggml-cuda.cu:900 calls=12 total_ms=5.841 avg_us=486.750 max_us=2532
   1 /opt/llama.cpp/ggml/src/ggml-cuda/ggml-cuda.cu:839 calls=853 total_ms=4.374 avg_us=5.128 max_us=354
   2 /opt/llama.cpp/ggml/src/ggml-cuda/ggml-cuda.cu:2665 calls=191 total_ms=0.280 avg_us=1.466 max_us=28
   3 /opt/llama.cpp/ggml/src/ggml-cuda/ggml-cuda.cu:847 calls=150 total_ms=0.150 avg_us=1.000 max_us=3
=== END CUDA SYNC PROFILE ===
backend-sync-trace: count=2300 backend=CUDA0 caller=ggml_backend_sched_graph_compute_async_ext+0xecc

=== CUDA SYNC PROFILE (instrumentation only) ===
total_syncs = 2300
total_wait_ms = 1844.318
max_wait_us = 141865
sites = 5
wait_hist_us = logarithmic buckets
  hist[0] = 2032
  hist[1] = 172
  hist[2] = 11
  hist[3] = 8
  hist[4] = 4
  hist[9] = 9
  hist[10] = 23
  hist[11] = 16
  hist[14] = 2
  hist[15] = 12
  hist[16] = 10
  hist[17] = 1
by_callsite (caller PC; symbolize with addr2line):
   0 caller=0x78b11f95c0d2 calls=1044 total_ms=1843.531 avg_us=1765.834 max_us=141865
   1 caller=0x78b11f96098c calls=692 total_ms=0.286 avg_us=0.413 max_us=16
   2 caller=0x78b11f96089c calls=256 total_ms=0.279 avg_us=1.090 max_us=17
   3 caller=0x78b11f95f852 calls=52 total_ms=0.127 avg_us=2.442 max_us=15
   4 caller=0x78b11f960abd calls=256 total_ms=0.095 avg_us=0.371 max_us=2
direct_cudaStreamSynchronize: calls=1245 total_ms=10.820 max_us=2532
by_direct_callsite (file:line):
   0 /opt/llama.cpp/ggml/src/ggml-cuda/ggml-cuda.cu:900 calls=12 total_ms=5.841 avg_us=486.750 max_us=2532
   1 /opt/llama.cpp/ggml/src/ggml-cuda/ggml-cuda.cu:839 calls=892 total_ms=4.549 avg_us=5.100 max_us=354
   2 /opt/llama.cpp/ggml/src/ggml-cuda/ggml-cuda.cu:2665 calls=191 total_ms=0.280 avg_us=1.466 max_us=28
   3 /opt/llama.cpp/ggml/src/ggml-cuda/ggml-cuda.cu:847 calls=150 total_ms=0.150 avg_us=1.000 max_us=3
=== END CUDA SYNC PROFILE ===
backend-sync-trace: count=2400 backend=CUDA0 caller=ggml_backend_sched_graph_compute_async_ext+0xecc

=== CUDA SYNC PROFILE (instrumentation only) ===
total_syncs = 2400
total_wait_ms = 1923.020
max_wait_us = 141865
sites = 5
wait_hist_us = logarithmic buckets
  hist[0] = 2123
  hist[1] = 176
  hist[2] = 11
  hist[3] = 8
  hist[4] = 5
  hist[9] = 10
  hist[10] = 25
  hist[11] = 16
  hist[14] = 2
  hist[15] = 12
  hist[16] = 11
  hist[17] = 1
by_callsite (caller PC; symbolize with addr2line):
   0 caller=0x78b11f95c0d2 calls=1088 total_ms=1922.185 avg_us=1766.714 max_us=141865
   1 caller=0x78b11f96089c calls=268 total_ms=0.303 avg_us=1.131 max_us=17
   2 caller=0x78b11f96098c calls=722 total_ms=0.299 avg_us=0.414 max_us=16
   3 caller=0x78b11f95f852 calls=54 total_ms=0.131 avg_us=2.426 max_us=15
   4 caller=0x78b11f960abd calls=268 total_ms=0.102 avg_us=0.381 max_us=2
direct_cudaStreamSynchronize: calls=1285 total_ms=10.993 max_us=2532
by_direct_callsite (file:line):
   0 /opt/llama.cpp/ggml/src/ggml-cuda/ggml-cuda.cu:900 calls=12 total_ms=5.841 avg_us=486.750 max_us=2532
   1 /opt/llama.cpp/ggml/src/ggml-cuda/ggml-cuda.cu:839 calls=932 total_ms=4.722 avg_us=5.067 max_us=354
   2 /opt/llama.cpp/ggml/src/ggml-cuda/ggml-cuda.cu:2665 calls=191 total_ms=0.280 avg_us=1.466 max_us=28
   3 /opt/llama.cpp/ggml/src/ggml-cuda/ggml-cuda.cu:847 calls=150 total_ms=0.150 avg_us=1.000 max_us=3
=== END CUDA SYNC PROFILE ===

=== CUDA SYNC PROFILE (instrumentation only) ===
total_syncs = 2426
total_wait_ms = 1924.485
max_wait_us = 141865
sites = 5
wait_hist_us = logarithmic buckets
  hist[0] = 2147
  hist[1] = 177
  hist[2] = 11
  hist[3] = 8
  hist[4] = 5
  hist[9] = 10
  hist[10] = 26
  hist[11] = 16
  hist[14] = 2
  hist[15] = 12
  hist[16] = 11
  hist[17] = 1
by_callsite (caller PC; symbolize with addr2line):
   0 caller=0x78b11f95c0d2 calls=1095 total_ms=1923.642 avg_us=1756.751 max_us=141865
   1 caller=0x78b11f96089c calls=272 total_ms=0.306 avg_us=1.125 max_us=17
   2 caller=0x78b11f96098c calls=733 total_ms=0.302 avg_us=0.412 max_us=16
   3 caller=0x78b11f95f852 calls=54 total_ms=0.131 avg_us=2.426 max_us=15
   4 caller=0x78b11f960abd calls=272 total_ms=0.104 avg_us=0.382 max_us=2
direct_cudaStreamSynchronize: calls=1300 total_ms=11.062 max_us=2532
by_direct_callsite (file:line):
   0 /opt/llama.cpp/ggml/src/ggml-cuda/ggml-cuda.cu:900 calls=12 total_ms=5.841 avg_us=486.750 max_us=2532
   1 /opt/llama.cpp/ggml/src/ggml-cuda/ggml-cuda.cu:839 calls=947 total_ms=4.791 avg_us=5.059 max_us=354
   2 /opt/llama.cpp/ggml/src/ggml-cuda/ggml-cuda.cu:2665 calls=191 total_ms=0.280 avg_us=1.466 max_us=28
   3 /opt/llama.cpp/ggml/src/ggml-cuda/ggml-cuda.cu:847 calls=150 total_ms=0.150 avg_us=1.000 max_us=3
=== END CUDA SYNC PROFILE ===
backend-sync-trace: count=2500 backend=CUDA0 caller=ggml_backend_sched_graph_compute_async_ext+0xddc

=== CUDA SYNC PROFILE (instrumentation only) ===
total_syncs = 2500
total_wait_ms = 1965.505
max_wait_us = 141865
sites = 5
wait_hist_us = logarithmic buckets
  hist[0] = 2213
  hist[1] = 181
  hist[2] = 11
  hist[3] = 9
  hist[4] = 5
  hist[9] = 10
  hist[10] = 28
  hist[11] = 16
  hist[14] = 2
  hist[15] = 13
  hist[16] = 11
  hist[17] = 1
by_callsite (caller PC; symbolize with addr2line):
   0 caller=0x78b11f95c0d2 calls=1132 total_ms=1964.625 avg_us=1735.534 max_us=141865
   1 caller=0x78b11f96098c calls=751 total_ms=0.324 avg_us=0.431 max_us=16
   2 caller=0x78b11f96089c calls=281 total_ms=0.313 avg_us=1.114 max_us=17
   3 caller=0x78b11f95f852 calls=56 total_ms=0.135 avg_us=2.411 max_us=15
   4 caller=0x78b11f960abd calls=280 total_ms=0.108 avg_us=0.386 max_us=2
direct_cudaStreamSynchronize: calls=1325 total_ms=11.167 max_us=2532
by_direct_callsite (file:line):
   0 /opt/llama.cpp/ggml/src/ggml-cuda/ggml-cuda.cu:900 calls=12 total_ms=5.841 avg_us=486.750 max_us=2532
   1 /opt/llama.cpp/ggml/src/ggml-cuda/ggml-cuda.cu:839 calls=972 total_ms=4.896 avg_us=5.037 max_us=354
   2 /opt/llama.cpp/ggml/src/ggml-cuda/ggml-cuda.cu:2665 calls=191 total_ms=0.280 avg_us=1.466 max_us=28
   3 /opt/llama.cpp/ggml/src/ggml-cuda/ggml-cuda.cu:847 calls=150 total_ms=0.150 avg_us=1.000 max_us=3
=== END CUDA SYNC PROFILE ===
backend-sync-trace: count=2600 backend=CUDA0 caller=ggml_backend_sched_graph_compute_async_ext+0xecc

=== CUDA SYNC PROFILE (instrumentation only) ===
total_syncs = 2600
total_wait_ms = 2022.871
max_wait_us = 141865
sites = 5
wait_hist_us = logarithmic buckets
  hist[0] = 2305
  hist[1] = 186
  hist[2] = 11
  hist[3] = 9
  hist[4] = 5
  hist[9] = 10
  hist[10] = 30
  hist[11] = 16
  hist[14] = 2
  hist[15] = 14
  hist[16] = 11
  hist[17] = 1
by_callsite (caller PC; symbolize with addr2line):
   0 caller=0x78b11f95c0d2 calls=1169 total_ms=2021.962 avg_us=1729.651 max_us=141865
   1 caller=0x78b11f96098c calls=789 total_ms=0.334 avg_us=0.423 max_us=16
   2 caller=0x78b11f96089c calls=292 total_ms=0.322 avg_us=1.103 max_us=17
   3 caller=0x78b11f95f852 calls=58 total_ms=0.139 avg_us=2.397 max_us=15
   4 caller=0x78b11f960abd calls=292 total_ms=0.114 avg_us=0.390 max_us=2
direct_cudaStreamSynchronize: calls=1371 total_ms=11.359 max_us=2532
by_direct_callsite (file:line):
   0 /opt/llama.cpp/ggml/src/ggml-cuda/ggml-cuda.cu:900 calls=12 total_ms=5.841 avg_us=486.750 max_us=2532
   1 /opt/llama.cpp/ggml/src/ggml-cuda/ggml-cuda.cu:839 calls=1018 total_ms=5.088 avg_us=4.998 max_us=354
   2 /opt/llama.cpp/ggml/src/ggml-cuda/ggml-cuda.cu:2665 calls=191 total_ms=0.280 avg_us=1.466 max_us=28
   3 /opt/llama.cpp/ggml/src/ggml-cuda/ggml-cuda.cu:847 calls=150 total_ms=0.150 avg_us=1.000 max_us=3
=== END CUDA SYNC PROFILE ===

=== CUDA SYNC PROFILE (instrumentation only) ===
total_syncs = 2679
total_wait_ms = 2091.841
max_wait_us = 141865
sites = 5
wait_hist_us = logarithmic buckets
  hist[0] = 2377
  hist[1] = 190
  hist[2] = 11
  hist[3] = 9
  hist[4] = 5
  hist[9] = 10
  hist[10] = 32
  hist[11] = 16
  hist[14] = 2
  hist[15] = 15
  hist[16] = 11
  hist[17] = 1
by_callsite (caller PC; symbolize with addr2line):
   0 caller=0x78b11f95c0d2 calls=1206 total_ms=2090.912 avg_us=1733.758 max_us=141865
   1 caller=0x78b11f96098c calls=809 total_ms=0.341 avg_us=0.422 max_us=16
   2 caller=0x78b11f96089c calls=302 total_ms=0.330 avg_us=1.093 max_us=17
   3 caller=0x78b11f95f852 calls=60 total_ms=0.143 avg_us=2.383 max_us=15
   4 caller=0x78b11f960abd calls=302 total_ms=0.115 avg_us=0.381 max_us=2
direct_cudaStreamSynchronize: calls=1400 total_ms=11.483 max_us=2532
by_direct_callsite (file:line):
   0 /opt/llama.cpp/ggml/src/ggml-cuda/ggml-cuda.cu:900 calls=12 total_ms=5.841 avg_us=486.750 max_us=2532
   1 /opt/llama.cpp/ggml/src/ggml-cuda/ggml-cuda.cu:839 calls=1047 total_ms=5.212 avg_us=4.978 max_us=354
   2 /opt/llama.cpp/ggml/src/ggml-cuda/ggml-cuda.cu:2665 calls=191 total_ms=0.280 avg_us=1.466 max_us=28
   3 /opt/llama.cpp/ggml/src/ggml-cuda/ggml-cuda.cu:847 calls=150 total_ms=0.150 avg_us=1.000 max_us=3
=== END CUDA SYNC PROFILE ===
backend-sync-trace: count=2700 backend=CUDA0 caller=ggml_backend_sched_graph_compute_async_ext+0xecc

=== CUDA SYNC PROFILE (instrumentation only) ===
total_syncs = 2700
total_wait_ms = 2144.254
max_wait_us = 141865
sites = 5
wait_hist_us = logarithmic buckets
  hist[0] = 2395
  hist[1] = 192
  hist[2] = 11
  hist[3] = 9
  hist[4] = 5
  hist[9] = 10
  hist[10] = 32
  hist[11] = 16
  hist[14] = 2
  hist[15] = 16
  hist[16] = 11
  hist[17] = 1
by_callsite (caller PC; symbolize with addr2line):
   0 caller=0x78b11f95c0d2 calls=1208 total_ms=2143.314 avg_us=1774.267 max_us=141865
   1 caller=0x78b11f96098c calls=823 total_ms=0.347 avg_us=0.422 max_us=16
   2 caller=0x78b11f96089c calls=304 total_ms=0.331 avg_us=1.089 max_us=17
   3 caller=0x78b11f95f852 calls=61 total_ms=0.145 avg_us=2.377 max_us=15
   4 caller=0x78b11f960abd calls=304 total_ms=0.117 avg_us=0.385 max_us=2
direct_cudaStreamSynchronize: calls=1415 total_ms=11.533 max_us=2532
by_direct_callsite (file:line):
   0 /opt/llama.cpp/ggml/src/ggml-cuda/ggml-cuda.cu:900 calls=12 total_ms=5.841 avg_us=486.750 max_us=2532
   1 /opt/llama.cpp/ggml/src/ggml-cuda/ggml-cuda.cu:839 calls=1062 total_ms=5.262 avg_us=4.955 max_us=354
   2 /opt/llama.cpp/ggml/src/ggml-cuda/ggml-cuda.cu:2665 calls=191 total_ms=0.280 avg_us=1.466 max_us=28
   3 /opt/llama.cpp/ggml/src/ggml-cuda/ggml-cuda.cu:847 calls=150 total_ms=0.150 avg_us=1.000 max_us=3
=== END CUDA SYNC PROFILE ===
backend-sync-trace: count=2800 backend=CUDA0 caller=ggml_backend_sched_graph_compute_async_ext+0xddc

=== CUDA SYNC PROFILE (instrumentation only) ===
total_syncs = 2800
total_wait_ms = 2176.055
max_wait_us = 141865
sites = 5
wait_hist_us = logarithmic buckets
  hist[0] = 2487
  hist[1] = 197
  hist[2] = 11
  hist[3] = 9
  hist[4] = 5
  hist[9] = 11
  hist[10] = 33
  hist[11] = 16
  hist[14] = 3
  hist[15] = 16
  hist[16] = 11
  hist[17] = 1
by_callsite (caller PC; symbolize with addr2line):
   0 caller=0x78b11f95c0d2 calls=1254 total_ms=2175.085 avg_us=1734.518 max_us=141865
   1 caller=0x78b11f96098c calls=851 total_ms=0.358 avg_us=0.421 max_us=16
   2 caller=0x78b11f96089c calls=316 total_ms=0.342 avg_us=1.082 max_us=17
   3 caller=0x78b11f95f852 calls=64 total_ms=0.150 avg_us=2.344 max_us=15
   4 caller=0x78b11f960abd calls=315 total_ms=0.120 avg_us=0.381 max_us=2
direct_cudaStreamSynchronize: calls=1452 total_ms=11.678 max_us=2532
by_direct_callsite (file:line):
   0 /opt/llama.cpp/ggml/src/ggml-cuda/ggml-cuda.cu:900 calls=12 total_ms=5.841 avg_us=486.750 max_us=2532
   1 /opt/llama.cpp/ggml/src/ggml-cuda/ggml-cuda.cu:839 calls=1099 total_ms=5.407 avg_us=4.920 max_us=354
   2 /opt/llama.cpp/ggml/src/ggml-cuda/ggml-cuda.cu:2665 calls=191 total_ms=0.280 avg_us=1.466 max_us=28
   3 /opt/llama.cpp/ggml/src/ggml-cuda/ggml-cuda.cu:847 calls=150 total_ms=0.150 avg_us=1.000 max_us=3
=== END CUDA SYNC PROFILE ===
backend-sync-trace: count=2900 backend=CUDA0 caller=ggml_backend_sched_graph_compute_async_ext+0xffd

=== CUDA SYNC PROFILE (instrumentation only) ===
total_syncs = 2900
total_wait_ms = 2223.614
max_wait_us = 141865
sites = 5
wait_hist_us = logarithmic buckets
  hist[0] = 2581
  hist[1] = 199
  hist[2] = 11
  hist[3] = 9
  hist[4] = 5
  hist[9] = 13
  hist[10] = 34
  hist[11] = 16
  hist[14] = 3
  hist[15] = 17
  hist[16] = 11
  hist[17] = 1
by_callsite (caller PC; symbolize with addr2line):
   0 caller=0x78b11f95c0d2 calls=1298 total_ms=2222.612 avg_us=1712.336 max_us=141865
   1 caller=0x78b11f96098c calls=882 total_ms=0.372 avg_us=0.422 max_us=16
   2 caller=0x78b11f96089c calls=327 total_ms=0.353 avg_us=1.080 max_us=17
   3 caller=0x78b11f95f852 calls=66 total_ms=0.153 avg_us=2.318 max_us=15
   4 caller=0x78b11f960abd calls=327 total_ms=0.124 avg_us=0.379 max_us=2
direct_cudaStreamSynchronize: calls=1492 total_ms=11.836 max_us=2532
by_direct_callsite (file:line):
   0 /opt/llama.cpp/ggml/src/ggml-cuda/ggml-cuda.cu:900 calls=12 total_ms=5.841 avg_us=486.750 max_us=2532
   1 /opt/llama.cpp/ggml/src/ggml-cuda/ggml-cuda.cu:839 calls=1139 total_ms=5.565 avg_us=4.886 max_us=354
   2 /opt/llama.cpp/ggml/src/ggml-cuda/ggml-cuda.cu:2665 calls=191 total_ms=0.280 avg_us=1.466 max_us=28
   3 /opt/llama.cpp/ggml/src/ggml-cuda/ggml-cuda.cu:847 calls=150 total_ms=0.150 avg_us=1.000 max_us=3
=== END CUDA SYNC PROFILE ===

=== CUDA SYNC PROFILE (instrumentation only) ===
total_syncs = 2917
total_wait_ms = 2225.068
max_wait_us = 141865
sites = 5
wait_hist_us = logarithmic buckets
  hist[0] = 2596
  hist[1] = 200
  hist[2] = 11
  hist[3] = 9
  hist[4] = 5
  hist[9] = 13
  hist[10] = 35
  hist[11] = 16
  hist[14] = 3
  hist[15] = 17
  hist[16] = 11
  hist[17] = 1
by_callsite (caller PC; symbolize with addr2line):
   0 caller=0x78b11f95c0d2 calls=1305 total_ms=2224.063 avg_us=1704.263 max_us=141865
   1 caller=0x78b11f96098c calls=886 total_ms=0.372 avg_us=0.420 max_us=16
   2 caller=0x78b11f96089c calls=330 total_ms=0.356 avg_us=1.079 max_us=17
   3 caller=0x78b11f95f852 calls=66 total_ms=0.153 avg_us=2.318 max_us=15
   4 caller=0x78b11f960abd calls=330 total_ms=0.124 avg_us=0.376 max_us=2
direct_cudaStreamSynchronize: calls=1500 total_ms=11.865 max_us=2532
by_direct_callsite (file:line):
   0 /opt/llama.cpp/ggml/src/ggml-cuda/ggml-cuda.cu:900 calls=12 total_ms=5.841 avg_us=486.750 max_us=2532
   1 /opt/llama.cpp/ggml/src/ggml-cuda/ggml-cuda.cu:839 calls=1147 total_ms=5.594 avg_us=4.877 max_us=354
   2 /opt/llama.cpp/ggml/src/ggml-cuda/ggml-cuda.cu:2665 calls=191 total_ms=0.280 avg_us=1.466 max_us=28
   3 /opt/llama.cpp/ggml/src/ggml-cuda/ggml-cuda.cu:847 calls=150 total_ms=0.150 avg_us=1.000 max_us=3
=== END CUDA SYNC PROFILE ===
backend-sync-trace: count=3000 backend=CUDA0 caller=ggml_backend_sched_graph_compute_async_ext+0xddc

=== CUDA SYNC PROFILE (instrumentation only) ===
total_syncs = 3000
total_wait_ms = 2270.079
max_wait_us = 141865
sites = 5
wait_hist_us = logarithmic buckets
  hist[0] = 2672
  hist[1] = 204
  hist[2] = 11
  hist[3] = 9
  hist[4] = 5
  hist[9] = 13
  hist[10] = 37
  hist[11] = 16
  hist[14] = 3
  hist[15] = 18
  hist[16] = 11
  hist[17] = 1
by_callsite (caller PC; symbolize with addr2line):
   0 caller=0x78b11f95c0d2 calls=1342 total_ms=2269.049 avg_us=1690.797 max_us=141865
   1 caller=0x78b11f96098c calls=913 total_ms=0.384 avg_us=0.421 max_us=16
   2 caller=0x78b11f96089c calls=339 total_ms=0.363 avg_us=1.071 max_us=17
   3 caller=0x78b11f95f852 calls=68 total_ms=0.157 avg_us=2.309 max_us=15
   4 caller=0x78b11f960abd calls=338 total_ms=0.126 avg_us=0.373 max_us=2
direct_cudaStreamSynchronize: calls=1533 total_ms=12.035 max_us=2532
by_direct_callsite (file:line):
   0 /opt/llama.cpp/ggml/src/ggml-cuda/ggml-cuda.cu:900 calls=12 total_ms=5.841 avg_us=486.750 max_us=2532
   1 /opt/llama.cpp/ggml/src/ggml-cuda/ggml-cuda.cu:839 calls=1180 total_ms=5.764 avg_us=4.885 max_us=354
   2 /opt/llama.cpp/ggml/src/ggml-cuda/ggml-cuda.cu:2665 calls=191 total_ms=0.280 avg_us=1.466 max_us=28
   3 /opt/llama.cpp/ggml/src/ggml-cuda/ggml-cuda.cu:847 calls=150 total_ms=0.150 avg_us=1.000 max_us=3
=== END CUDA SYNC PROFILE ===
backend-sync-trace: count=3100 backend=CUDA0 caller=ggml_backend_sched_graph_compute_async_ext+0xecc

=== CUDA SYNC PROFILE (instrumentation only) ===
total_syncs = 3100
total_wait_ms = 2327.415
max_wait_us = 141865
sites = 5
wait_hist_us = logarithmic buckets
  hist[0] = 2766
  hist[1] = 207
  hist[2] = 11
  hist[3] = 9
  hist[4] = 5
  hist[9] = 15
  hist[10] = 37
  hist[11] = 16
  hist[14] = 3
  hist[15] = 19
  hist[16] = 11
  hist[17] = 1
by_callsite (caller PC; symbolize with addr2line):
   0 caller=0x78b11f95c0d2 calls=1379 total_ms=2326.359 avg_us=1686.990 max_us=141865
   1 caller=0x78b11f96098c calls=947 total_ms=0.393 avg_us=0.415 max_us=16
   2 caller=0x78b11f96089c calls=352 total_ms=0.373 avg_us=1.060 max_us=17
   3 caller=0x78b11f95f852 calls=70 total_ms=0.161 avg_us=2.300 max_us=15
   4 caller=0x78b11f960abd calls=352 total_ms=0.129 avg_us=0.366 max_us=2
direct_cudaStreamSynchronize: calls=1577 total_ms=12.226 max_us=2532
by_direct_callsite (file:line):
   0 /opt/llama.cpp/ggml/src/ggml-cuda/ggml-cuda.cu:839 calls=1224 total_ms=5.955 avg_us=4.865 max_us=354
   1 /opt/llama.cpp/ggml/src/ggml-cuda/ggml-cuda.cu:900 calls=12 total_ms=5.841 avg_us=486.750 max_us=2532
   2 /opt/llama.cpp/ggml/src/ggml-cuda/ggml-cuda.cu:2665 calls=191 total_ms=0.280 avg_us=1.466 max_us=28
   3 /opt/llama.cpp/ggml/src/ggml-cuda/ggml-cuda.cu:847 calls=150 total_ms=0.150 avg_us=1.000 max_us=3
=== END CUDA SYNC PROFILE ===

=== CUDA SYNC PROFILE (instrumentation only) ===
total_syncs = 3161
total_wait_ms = 2369.193
max_wait_us = 141865
sites = 5
wait_hist_us = logarithmic buckets
  hist[0] = 2822
  hist[1] = 210
  hist[2] = 11
  hist[3] = 9
  hist[4] = 5
  hist[9] = 16
  hist[10] = 37
  hist[11] = 16
  hist[14] = 3
  hist[15] = 20
  hist[16] = 11
  hist[17] = 1
by_callsite (caller PC; symbolize with addr2line):
   0 caller=0x78b11f95c0d2 calls=1409 total_ms=2368.122 avg_us=1680.711 max_us=141865
   1 caller=0x78b11f96098c calls=964 total_ms=0.399 avg_us=0.414 max_us=16
   2 caller=0x78b11f96089c calls=358 total_ms=0.378 avg_us=1.056 max_us=17
   3 caller=0x78b11f95f852 calls=72 total_ms=0.164 avg_us=2.278 max_us=15
   4 caller=0x78b11f960abd calls=358 total_ms=0.130 avg_us=0.363 max_us=2
direct_cudaStreamSynchronize: calls=1600 total_ms=12.306 max_us=2532
by_direct_callsite (file:line):
   0 /opt/llama.cpp/ggml/src/ggml-cuda/ggml-cuda.cu:839 calls=1247 total_ms=6.035 avg_us=4.840 max_us=354
   1 /opt/llama.cpp/ggml/src/ggml-cuda/ggml-cuda.cu:900 calls=12 total_ms=5.841 avg_us=486.750 max_us=2532
   2 /opt/llama.cpp/ggml/src/ggml-cuda/ggml-cuda.cu:2665 calls=191 total_ms=0.280 avg_us=1.466 max_us=28
   3 /opt/llama.cpp/ggml/src/ggml-cuda/ggml-cuda.cu:847 calls=150 total_ms=0.150 avg_us=1.000 max_us=3
=== END CUDA SYNC PROFILE ===
backend-sync-trace: count=3200 backend=CUDA0 caller=ggml_backend_sched_synchronize+0x62

=== CUDA SYNC PROFILE (instrumentation only) ===
total_syncs = 3200
total_wait_ms = 2409.227
max_wait_us = 141865
sites = 5
wait_hist_us = logarithmic buckets
  hist[0] = 2857
  hist[1] = 211
  hist[2] = 12
  hist[3] = 9
  hist[4] = 5
  hist[9] = 17
  hist[10] = 37
  hist[11] = 16
  hist[14] = 3
  hist[15] = 21
  hist[16] = 11
  hist[17] = 1
by_callsite (caller PC; symbolize with addr2line):
   0 caller=0x78b11f95c0d2 calls=1422 total_ms=2408.141 avg_us=1693.489 max_us=141865
   1 caller=0x78b11f96098c calls=982 total_ms=0.406 avg_us=0.413 max_us=16
   2 caller=0x78b11f96089c calls=362 total_ms=0.383 avg_us=1.058 max_us=17
   3 caller=0x78b11f95f852 calls=72 total_ms=0.164 avg_us=2.278 max_us=15
   4 caller=0x78b11f960abd calls=362 total_ms=0.133 avg_us=0.367 max_us=2
direct_cudaStreamSynchronize: calls=1621 total_ms=12.389 max_us=2532
by_direct_callsite (file:line):
   0 /opt/llama.cpp/ggml/src/ggml-cuda/ggml-cuda.cu:839 calls=1268 total_ms=6.118 avg_us=4.825 max_us=354
   1 /opt/llama.cpp/ggml/src/ggml-cuda/ggml-cuda.cu:900 calls=12 total_ms=5.841 avg_us=486.750 max_us=2532
   2 /opt/llama.cpp/ggml/src/ggml-cuda/ggml-cuda.cu:2665 calls=191 total_ms=0.280 avg_us=1.466 max_us=28
   3 /opt/llama.cpp/ggml/src/ggml-cuda/ggml-cuda.cu:847 calls=150 total_ms=0.150 avg_us=1.000 max_us=3
=== END CUDA SYNC PROFILE ===
backend-sync-trace: count=3300 backend=CUDA0 caller=ggml_backend_sched_synchronize+0x62

=== CUDA SYNC PROFILE (instrumentation only) ===
total_syncs = 3300
total_wait_ms = 2483.861
max_wait_us = 141865
sites = 5
wait_hist_us = logarithmic buckets
  hist[0] = 2947
  hist[1] = 218
  hist[2] = 12
  hist[3] = 9
  hist[4] = 5
  hist[9] = 17
  hist[10] = 39
  hist[11] = 16
  hist[14] = 3
  hist[15] = 21
  hist[16] = 12
  hist[17] = 1
by_callsite (caller PC; symbolize with addr2line):
   0 caller=0x78b11f95c0d2 calls=1464 total_ms=2482.744 avg_us=1695.863 max_us=141865
   1 caller=0x78b11f96098c calls=1013 total_ms=0.417 avg_us=0.412 max_us=16
   2 caller=0x78b11f96089c calls=374 total_ms=0.390 avg_us=1.043 max_us=17
   3 caller=0x78b11f95f852 calls=75 total_ms=0.170 avg_us=2.267 max_us=15
   4 caller=0x78b11f960abd calls=374 total_ms=0.140 avg_us=0.374 max_us=2
direct_cudaStreamSynchronize: calls=1661 total_ms=12.554 max_us=2532
by_direct_callsite (file:line):
   0 /opt/llama.cpp/ggml/src/ggml-cuda/ggml-cuda.cu:839 calls=1308 total_ms=6.283 avg_us=4.804 max_us=354
   1 /opt/llama.cpp/ggml/src/ggml-cuda/ggml-cuda.cu:900 calls=12 total_ms=5.841 avg_us=486.750 max_us=2532
   2 /opt/llama.cpp/ggml/src/ggml-cuda/ggml-cuda.cu:2665 calls=191 total_ms=0.280 avg_us=1.466 max_us=28
   3 /opt/llama.cpp/ggml/src/ggml-cuda/ggml-cuda.cu:847 calls=150 total_ms=0.150 avg_us=1.000 max_us=3
=== END CUDA SYNC PROFILE ===
backend-sync-trace: count=3400 backend=CUDA0 caller=ggml_backend_sched_synchronize+0x62

=== CUDA SYNC PROFILE (instrumentation only) ===
total_syncs = 3400
total_wait_ms = 2549.917
max_wait_us = 141865
sites = 5
wait_hist_us = logarithmic buckets
  hist[0] = 3028
  hist[1] = 232
  hist[2] = 12
  hist[3] = 11
  hist[4] = 5
  hist[9] = 18
  hist[10] = 39
  hist[11] = 17
  hist[14] = 3
  hist[15] = 22
  hist[16] = 12
  hist[17] = 1
by_callsite (caller PC; symbolize with addr2line):
   0 caller=0x78b11f95c0d2 calls=1515 total_ms=2548.729 avg_us=1682.329 max_us=141865
   1 caller=0x78b11f96098c calls=1040 total_ms=0.456 avg_us=0.438 max_us=16
   2 caller=0x78b11f96089c calls=384 total_ms=0.411 avg_us=1.070 max_us=17
   3 caller=0x78b11f95f852 calls=77 total_ms=0.173 avg_us=2.247 max_us=15
   4 caller=0x78b11f960abd calls=384 total_ms=0.148 avg_us=0.385 max_us=2
direct_cudaStreamSynchronize: calls=1696 total_ms=12.710 max_us=2532
by_direct_callsite (file:line):
   0 /opt/llama.cpp/ggml/src/ggml-cuda/ggml-cuda.cu:839 calls=1343 total_ms=6.439 avg_us=4.794 max_us=354
   1 /opt/llama.cpp/ggml/src/ggml-cuda/ggml-cuda.cu:900 calls=12 total_ms=5.841 avg_us=486.750 max_us=2532
   2 /opt/llama.cpp/ggml/src/ggml-cuda/ggml-cuda.cu:2665 calls=191 total_ms=0.280 avg_us=1.466 max_us=28
   3 /opt/llama.cpp/ggml/src/ggml-cuda/ggml-cuda.cu:847 calls=150 total_ms=0.150 avg_us=1.000 max_us=3
=== END CUDA SYNC PROFILE ===

=== CUDA SYNC PROFILE (instrumentation only) ===
total_syncs = 3410
total_wait_ms = 2549.924
max_wait_us = 141865
sites = 5
wait_hist_us = logarithmic buckets
  hist[0] = 3037
  hist[1] = 233
  hist[2] = 12
  hist[3] = 11
  hist[4] = 5
  hist[9] = 18
  hist[10] = 39
  hist[11] = 17
  hist[14] = 3
  hist[15] = 22
  hist[16] = 12
  hist[17] = 1
by_callsite (caller PC; symbolize with addr2line):
   0 caller=0x78b11f95c0d2 calls=1518 total_ms=2548.731 avg_us=1679.006 max_us=141865
   1 caller=0x78b11f96098c calls=1042 total_ms=0.457 avg_us=0.439 max_us=16
   2 caller=0x78b11f96089c calls=386 total_ms=0.413 avg_us=1.070 max_us=17
   3 caller=0x78b11f95f852 calls=78 total_ms=0.175 avg_us=2.244 max_us=15
   4 caller=0x78b11f960abd calls=386 total_ms=0.148 avg_us=0.383 max_us=2
direct_cudaStreamSynchronize: calls=1700 total_ms=12.725 max_us=2532
by_direct_callsite (file:line):
   0 /opt/llama.cpp/ggml/src/ggml-cuda/ggml-cuda.cu:839 calls=1347 total_ms=6.454 avg_us=4.791 max_us=354
   1 /opt/llama.cpp/ggml/src/ggml-cuda/ggml-cuda.cu:900 calls=12 total_ms=5.841 avg_us=486.750 max_us=2532
   2 /opt/llama.cpp/ggml/src/ggml-cuda/ggml-cuda.cu:2665 calls=191 total_ms=0.280 avg_us=1.466 max_us=28
   3 /opt/llama.cpp/ggml/src/ggml-cuda/ggml-cuda.cu:847 calls=150 total_ms=0.150 avg_us=1.000 max_us=3
=== END CUDA SYNC PROFILE ===
1.09.112.661 I slot print_timing: id  0 | task 0 | n_gen =    108, tg =  35.21 t/s, tg_3s =  35.54 t/s
backend-sync-trace: count=3500 backend=CUDA0 caller=ggml_backend_sched_synchronize+0x62

=== CUDA SYNC PROFILE (instrumentation only) ===
total_syncs = 3500
total_wait_ms = 2609.858
max_wait_us = 141865
sites = 5
wait_hist_us = logarithmic buckets
  hist[0] = 3118
  hist[1] = 238
  hist[2] = 12
  hist[3] = 11
  hist[4] = 5
  hist[9] = 18
  hist[10] = 41
  hist[11] = 18
  hist[14] = 3
  hist[15] = 23
  hist[16] = 12
  hist[17] = 1
by_callsite (caller PC; symbolize with addr2line):
   0 caller=0x78b11f95c0d2 calls=1557 total_ms=2608.643 avg_us=1675.429 max_us=141865
   1 caller=0x78b11f96098c calls=1071 total_ms=0.464 avg_us=0.433 max_us=16
   2 caller=0x78b11f96089c calls=396 total_ms=0.420 avg_us=1.061 max_us=17
   3 caller=0x78b11f95f852 calls=80 total_ms=0.179 avg_us=2.237 max_us=15
   4 caller=0x78b11f960abd calls=396 total_ms=0.152 avg_us=0.384 max_us=2
direct_cudaStreamSynchronize: calls=1737 total_ms=12.869 max_us=2532
by_direct_callsite (file:line):
   0 /opt/llama.cpp/ggml/src/ggml-cuda/ggml-cuda.cu:839 calls=1384 total_ms=6.598 avg_us=4.767 max_us=354
   1 /opt/llama.cpp/ggml/src/ggml-cuda/ggml-cuda.cu:900 calls=12 total_ms=5.841 avg_us=486.750 max_us=2532
   2 /opt/llama.cpp/ggml/src/ggml-cuda/ggml-cuda.cu:2665 calls=191 total_ms=0.280 avg_us=1.466 max_us=28
   3 /opt/llama.cpp/ggml/src/ggml-cuda/ggml-cuda.cu:847 calls=150 total_ms=0.150 avg_us=1.000 max_us=3
=== END CUDA SYNC PROFILE ===
backend-sync-trace: count=3600 backend=CUDA0 caller=ggml_backend_sched_synchronize+0x62

=== CUDA SYNC PROFILE (instrumentation only) ===
total_syncs = 3600
total_wait_ms = 2665.724
max_wait_us = 141865
sites = 5
wait_hist_us = logarithmic buckets
  hist[0] = 3212
  hist[1] = 240
  hist[2] = 12
  hist[3] = 11
  hist[4] = 5
  hist[9] = 18
  hist[10] = 44
  hist[11] = 18
  hist[14] = 3
  hist[15] = 24
  hist[16] = 12
  hist[17] = 1
by_callsite (caller PC; symbolize with addr2line):
   0 caller=0x78b11f95c0d2 calls=1600 total_ms=2664.486 avg_us=1665.304 max_us=141865
   1 caller=0x78b11f96098c calls=1102 total_ms=0.474 avg_us=0.430 max_us=16
   2 caller=0x78b11f96089c calls=408 total_ms=0.429 avg_us=1.051 max_us=17
   3 caller=0x78b11f95f852 calls=82 total_ms=0.182 avg_us=2.220 max_us=15
   4 caller=0x78b11f960abd calls=408 total_ms=0.153 avg_us=0.375 max_us=2
direct_cudaStreamSynchronize: calls=1778 total_ms=13.031 max_us=2532
by_direct_callsite (file:line):
   0 /opt/llama.cpp/ggml/src/ggml-cuda/ggml-cuda.cu:839 calls=1425 total_ms=6.760 avg_us=4.744 max_us=354
   1 /opt/llama.cpp/ggml/src/ggml-cuda/ggml-cuda.cu:900 calls=12 total_ms=5.841 avg_us=486.750 max_us=2532
   2 /opt/llama.cpp/ggml/src/ggml-cuda/ggml-cuda.cu:2665 calls=191 total_ms=0.280 avg_us=1.466 max_us=28
   3 /opt/llama.cpp/ggml/src/ggml-cuda/ggml-cuda.cu:847 calls=150 total_ms=0.150 avg_us=1.000 max_us=3
=== END CUDA SYNC PROFILE ===

=== CUDA SYNC PROFILE (instrumentation only) ===
total_syncs = 3638
total_wait_ms = 2708.446
max_wait_us = 141865
sites = 5
wait_hist_us = logarithmic buckets
  hist[0] = 3246
  hist[1] = 243
  hist[2] = 12
  hist[3] = 11
  hist[4] = 5
  hist[9] = 18
  hist[10] = 44
  hist[11] = 18
  hist[14] = 3
  hist[15] = 25
  hist[16] = 12
  hist[17] = 1
by_callsite (caller PC; symbolize with addr2line):
   0 caller=0x78b11f95c0d2 calls=1608 total_ms=2707.194 avg_us=1683.578 max_us=141865
   1 caller=0x78b11f96098c calls=1119 total_ms=0.479 avg_us=0.428 max_us=16
   2 caller=0x78b11f96089c calls=414 total_ms=0.435 avg_us=1.051 max_us=17
   3 caller=0x78b11f95f852 calls=83 total_ms=0.184 avg_us=2.217 max_us=15
   4 caller=0x78b11f960abd calls=414 total_ms=0.154 avg_us=0.372 max_us=2
direct_cudaStreamSynchronize: calls=1800 total_ms=13.129 max_us=2532
by_direct_callsite (file:line):
   0 /opt/llama.cpp/ggml/src/ggml-cuda/ggml-cuda.cu:839 calls=1447 total_ms=6.858 avg_us=4.739 max_us=354
   1 /opt/llama.cpp/ggml/src/ggml-cuda/ggml-cuda.cu:900 calls=12 total_ms=5.841 avg_us=486.750 max_us=2532
   2 /opt/llama.cpp/ggml/src/ggml-cuda/ggml-cuda.cu:2665 calls=191 total_ms=0.280 avg_us=1.466 max_us=28
   3 /opt/llama.cpp/ggml/src/ggml-cuda/ggml-cuda.cu:847 calls=150 total_ms=0.150 avg_us=1.000 max_us=3
=== END CUDA SYNC PROFILE ===
backend-sync-trace: count=3700 backend=CUDA0 caller=ggml_backend_sched_graph_compute_async_ext+0xecc

=== CUDA SYNC PROFILE (instrumentation only) ===
total_syncs = 3700
total_wait_ms = 2710.558
max_wait_us = 141865
sites = 5
wait_hist_us = logarithmic buckets
  hist[0] = 3304
  hist[1] = 245
  hist[2] = 12
  hist[3] = 11
  hist[4] = 5
  hist[9] = 19
  hist[10] = 45
  hist[11] = 18
  hist[14] = 3
  hist[15] = 25
  hist[16] = 12
  hist[17] = 1
by_callsite (caller PC; symbolize with addr2line):
   0 caller=0x78b11f95c0d2 calls=1631 total_ms=2709.284 avg_us=1661.118 max_us=141865
   1 caller=0x78b11f96098c calls=1141 total_ms=0.488 avg_us=0.428 max_us=16
   2 caller=0x78b11f96089c calls=422 total_ms=0.444 avg_us=1.052 max_us=17
   3 caller=0x78b11f95f852 calls=84 total_ms=0.186 avg_us=2.214 max_us=15
   4 caller=0x78b11f960abd calls=422 total_ms=0.156 avg_us=0.370 max_us=2
direct_cudaStreamSynchronize: calls=1827 total_ms=13.237 max_us=2532
by_direct_callsite (file:line):
   0 /opt/llama.cpp/ggml/src/ggml-cuda/ggml-cuda.cu:839 calls=1474 total_ms=6.966 avg_us=4.726 max_us=354
   1 /opt/llama.cpp/ggml/src/ggml-cuda/ggml-cuda.cu:900 calls=12 total_ms=5.841 avg_us=486.750 max_us=2532
   2 /opt/llama.cpp/ggml/src/ggml-cuda/ggml-cuda.cu:2665 calls=191 total_ms=0.280 avg_us=1.466 max_us=28
   3 /opt/llama.cpp/ggml/src/ggml-cuda/ggml-cuda.cu:847 calls=150 total_ms=0.150 avg_us=1.000 max_us=3
=== END CUDA SYNC PROFILE ===
backend-sync-trace: count=3800 backend=CUDA0 caller=ggml_backend_sched_synchronize+0x62

=== CUDA SYNC PROFILE (instrumentation only) ===
total_syncs = 3800
total_wait_ms = 2783.851
max_wait_us = 141865
sites = 5
wait_hist_us = logarithmic buckets
  hist[0] = 3394
  hist[1] = 251
  hist[2] = 12
  hist[3] = 11
  hist[4] = 5
  hist[9] = 19
  hist[10] = 47
  hist[11] = 18
  hist[14] = 4
  hist[15] = 26
  hist[16] = 12
  hist[17] = 1
by_callsite (caller PC; symbolize with addr2line):
   0 caller=0x78b11f95c0d2 calls=1670 total_ms=2782.547 avg_us=1666.196 max_us=141865
   1 caller=0x78b11f96098c calls=1175 total_ms=0.498 avg_us=0.424 max_us=16
   2 caller=0x78b11f96089c calls=434 total_ms=0.455 avg_us=1.048 max_us=17
   3 caller=0x78b11f95f852 calls=87 total_ms=0.191 avg_us=2.195 max_us=15
   4 caller=0x78b11f960abd calls=434 total_ms=0.160 avg_us=0.369 max_us=2
direct_cudaStreamSynchronize: calls=1871 total_ms=13.421 max_us=2532
by_direct_callsite (file:line):
   0 /opt/llama.cpp/ggml/src/ggml-cuda/ggml-cuda.cu:839 calls=1518 total_ms=7.150 avg_us=4.710 max_us=354
   1 /opt/llama.cpp/ggml/src/ggml-cuda/ggml-cuda.cu:900 calls=12 total_ms=5.841 avg_us=486.750 max_us=2532
   2 /opt/llama.cpp/ggml/src/ggml-cuda/ggml-cuda.cu:2665 calls=191 total_ms=0.280 avg_us=1.466 max_us=28
   3 /opt/llama.cpp/ggml/src/ggml-cuda/ggml-cuda.cu:847 calls=150 total_ms=0.150 avg_us=1.000 max_us=3
=== END CUDA SYNC PROFILE ===

=== CUDA SYNC PROFILE (instrumentation only) ===
total_syncs = 3862
total_wait_ms = 2785.661
max_wait_us = 141865
sites = 5
wait_hist_us = logarithmic buckets
  hist[0] = 3452
  hist[1] = 253
  hist[2] = 12
  hist[3] = 11
  hist[4] = 5
  hist[9] = 21
  hist[10] = 47
  hist[11] = 18
  hist[14] = 4
  hist[15] = 26
  hist[16] = 12
  hist[17] = 1
by_callsite (caller PC; symbolize with addr2line):
   0 caller=0x78b11f95c0d2 calls=1693 total_ms=2784.340 avg_us=1644.619 max_us=141865
   1 caller=0x78b11f96098c calls=1197 total_ms=0.504 avg_us=0.421 max_us=16
   2 caller=0x78b11f96089c calls=442 total_ms=0.461 avg_us=1.043 max_us=17
   3 caller=0x78b11f95f852 calls=88 total_ms=0.193 avg_us=2.193 max_us=15
   4 caller=0x78b11f960abd calls=442 total_ms=0.163 avg_us=0.369 max_us=2
direct_cudaStreamSynchronize: calls=1900 total_ms=13.535 max_us=2532
by_direct_callsite (file:line):
   0 /opt/llama.cpp/ggml/src/ggml-cuda/ggml-cuda.cu:839 calls=1547 total_ms=7.264 avg_us=4.696 max_us=354
   1 /opt/llama.cpp/ggml/src/ggml-cuda/ggml-cuda.cu:900 calls=12 total_ms=5.841 avg_us=486.750 max_us=2532
   2 /opt/llama.cpp/ggml/src/ggml-cuda/ggml-cuda.cu:2665 calls=191 total_ms=0.280 avg_us=1.466 max_us=28
   3 /opt/llama.cpp/ggml/src/ggml-cuda/ggml-cuda.cu:847 calls=150 total_ms=0.150 avg_us=1.000 max_us=3
=== END CUDA SYNC PROFILE ===
backend-sync-trace: count=3900 backend=CUDA0 caller=ggml_backend_sched_graph_compute_async_ext+0xffd

=== CUDA SYNC PROFILE (instrumentation only) ===
total_syncs = 3900
total_wait_ms = 2810.098
max_wait_us = 141865
sites = 5
wait_hist_us = logarithmic buckets
  hist[0] = 3486
  hist[1] = 256
  hist[2] = 12
  hist[3] = 11
  hist[4] = 5
  hist[9] = 21
  hist[10] = 47
  hist[11] = 18
  hist[14] = 5
  hist[15] = 26
  hist[16] = 12
  hist[17] = 1
by_callsite (caller PC; symbolize with addr2line):
   0 caller=0x78b11f95c0d2 calls=1716 total_ms=2808.766 avg_us=1636.810 max_us=141865
   1 caller=0x78b11f96098c calls=1202 total_ms=0.505 avg_us=0.420 max_us=16
   2 caller=0x78b11f96089c calls=446 total_ms=0.464 avg_us=1.040 max_us=17
   3 caller=0x78b11f95f852 calls=90 total_ms=0.197 avg_us=2.189 max_us=15
   4 caller=0x78b11f960abd calls=446 total_ms=0.166 avg_us=0.372 max_us=2
direct_cudaStreamSynchronize: calls=1907 total_ms=13.567 max_us=2532
by_direct_callsite (file:line):
   0 /opt/llama.cpp/ggml/src/ggml-cuda/ggml-cuda.cu:839 calls=1554 total_ms=7.296 avg_us=4.695 max_us=354
   1 /opt/llama.cpp/ggml/src/ggml-cuda/ggml-cuda.cu:900 calls=12 total_ms=5.841 avg_us=486.750 max_us=2532
   2 /opt/llama.cpp/ggml/src/ggml-cuda/ggml-cuda.cu:2665 calls=191 total_ms=0.280 avg_us=1.466 max_us=28
   3 /opt/llama.cpp/ggml/src/ggml-cuda/ggml-cuda.cu:847 calls=150 total_ms=0.150 avg_us=1.000 max_us=3
=== END CUDA SYNC PROFILE ===
backend-sync-trace: count=4000 backend=CUDA0 caller=ggml_backend_sched_synchronize+0x62

=== CUDA SYNC PROFILE (instrumentation only) ===
total_syncs = 4000
total_wait_ms = 2866.562
max_wait_us = 141865
sites = 5
wait_hist_us = logarithmic buckets
  hist[0] = 3578
  hist[1] = 259
  hist[2] = 12
  hist[3] = 11
  hist[4] = 5
  hist[9] = 23
  hist[10] = 49
  hist[11] = 18
  hist[14] = 5
  hist[15] = 27
  hist[16] = 12
  hist[17] = 1
by_callsite (caller PC; symbolize with addr2line):
   0 caller=0x78b11f95c0d2 calls=1755 total_ms=2865.199 avg_us=1632.592 max_us=141865
   1 caller=0x78b11f96098c calls=1237 total_ms=0.518 avg_us=0.419 max_us=16
   2 caller=0x78b11f96089c calls=458 total_ms=0.471 avg_us=1.028 max_us=17
   3 caller=0x78b11f95f852 calls=92 total_ms=0.201 avg_us=2.185 max_us=15
   4 caller=0x78b11f960abd calls=458 total_ms=0.173 avg_us=0.378 max_us=2
direct_cudaStreamSynchronize: calls=1953 total_ms=13.740 max_us=2532
by_direct_callsite (file:line):
   0 /opt/llama.cpp/ggml/src/ggml-cuda/ggml-cuda.cu:839 calls=1600 total_ms=7.469 avg_us=4.668 max_us=354
   1 /opt/llama.cpp/ggml/src/ggml-cuda/ggml-cuda.cu:900 calls=12 total_ms=5.841 avg_us=486.750 max_us=2532
   2 /opt/llama.cpp/ggml/src/ggml-cuda/ggml-cuda.cu:2665 calls=191 total_ms=0.280 avg_us=1.466 max_us=28
   3 /opt/llama.cpp/ggml/src/ggml-cuda/ggml-cuda.cu:847 calls=150 total_ms=0.150 avg_us=1.000 max_us=3
=== END CUDA SYNC PROFILE ===

=== CUDA SYNC PROFILE (instrumentation only) ===
total_syncs = 4097
total_wait_ms = 2903.283
max_wait_us = 141865
sites = 5
wait_hist_us = logarithmic buckets
  hist[0] = 3667
  hist[1] = 264
  hist[2] = 12
  hist[3] = 11
  hist[4] = 5
  hist[9] = 23
  hist[10] = 51
  hist[11] = 18
  hist[14] = 5
  hist[15] = 28
  hist[16] = 12
  hist[17] = 1
by_callsite (caller PC; symbolize with addr2line):
   0 caller=0x78b11f95c0d2 calls=1786 total_ms=2901.889 avg_us=1624.798 max_us=141865
   1 caller=0x78b11f96098c calls=1273 total_ms=0.533 avg_us=0.419 max_us=16
   2 caller=0x78b11f96089c calls=472 total_ms=0.479 avg_us=1.015 max_us=17
   3 caller=0x78b11f95f852 calls=94 total_ms=0.204 avg_us=2.170 max_us=15
   4 caller=0x78b11f960abd calls=472 total_ms=0.178 avg_us=0.377 max_us=2
direct_cudaStreamSynchronize: calls=2000 total_ms=13.941 max_us=2532
by_direct_callsite (file:line):
   0 /opt/llama.cpp/ggml/src/ggml-cuda/ggml-cuda.cu:839 calls=1647 total_ms=7.670 avg_us=4.657 max_us=354
   1 /opt/llama.cpp/ggml/src/ggml-cuda/ggml-cuda.cu:900 calls=12 total_ms=5.841 avg_us=486.750 max_us=2532
   2 /opt/llama.cpp/ggml/src/ggml-cuda/ggml-cuda.cu:2665 calls=191 total_ms=0.280 avg_us=1.466 max_us=28
   3 /opt/llama.cpp/ggml/src/ggml-cuda/ggml-cuda.cu:847 calls=150 total_ms=0.150 avg_us=1.000 max_us=3
=== END CUDA SYNC PROFILE ===
backend-sync-trace: count=4100 backend=CUDA0 caller=ggml_backend_sched_graph_compute_async_ext+0xecc

=== CUDA SYNC PROFILE (instrumentation only) ===
total_syncs = 4100
total_wait_ms = 2903.283
max_wait_us = 141865
sites = 5
wait_hist_us = logarithmic buckets
  hist[0] = 3670
  hist[1] = 264
  hist[2] = 12
  hist[3] = 11
  hist[4] = 5
  hist[9] = 23
  hist[10] = 51
  hist[11] = 18
  hist[14] = 5
  hist[15] = 28
  hist[16] = 12
  hist[17] = 1
by_callsite (caller PC; symbolize with addr2line):
   0 caller=0x78b11f95c0d2 calls=1786 total_ms=2901.889 avg_us=1624.798 max_us=141865
   1 caller=0x78b11f96098c calls=1276 total_ms=0.533 avg_us=0.418 max_us=16
   2 caller=0x78b11f96089c calls=472 total_ms=0.479 avg_us=1.015 max_us=17
   3 caller=0x78b11f95f852 calls=94 total_ms=0.204 avg_us=2.170 max_us=15
   4 caller=0x78b11f960abd calls=472 total_ms=0.178 avg_us=0.377 max_us=2
direct_cudaStreamSynchronize: calls=2002 total_ms=13.946 max_us=2532
by_direct_callsite (file:line):
   0 /opt/llama.cpp/ggml/src/ggml-cuda/ggml-cuda.cu:839 calls=1649 total_ms=7.675 avg_us=4.654 max_us=354
   1 /opt/llama.cpp/ggml/src/ggml-cuda/ggml-cuda.cu:900 calls=12 total_ms=5.841 avg_us=486.750 max_us=2532
   2 /opt/llama.cpp/ggml/src/ggml-cuda/ggml-cuda.cu:2665 calls=191 total_ms=0.280 avg_us=1.466 max_us=28
   3 /opt/llama.cpp/ggml/src/ggml-cuda/ggml-cuda.cu:847 calls=150 total_ms=0.150 avg_us=1.000 max_us=3
=== END CUDA SYNC PROFILE ===
backend-sync-trace: count=4200 backend=CUDA0 caller=ggml_backend_sched_graph_compute_async_ext+0xecc

=== CUDA SYNC PROFILE (instrumentation only) ===
total_syncs = 4200
total_wait_ms = 2997.631
max_wait_us = 141865
sites = 5
wait_hist_us = logarithmic buckets
  hist[0] = 3761
  hist[1] = 269
  hist[2] = 12
  hist[3] = 11
  hist[4] = 5
  hist[9] = 23
  hist[10] = 53
  hist[11] = 18
  hist[14] = 5
  hist[15] = 30
  hist[16] = 12
  hist[17] = 1
by_callsite (caller PC; symbolize with addr2line):
   0 caller=0x78b11f95c0d2 calls=1825 total_ms=2996.209 avg_us=1641.758 max_us=141865
   1 caller=0x78b11f96098c calls=1310 total_ms=0.541 avg_us=0.413 max_us=16
   2 caller=0x78b11f96089c calls=484 total_ms=0.490 avg_us=1.012 max_us=17
   3 caller=0x78b11f95f852 calls=97 total_ms=0.210 avg_us=2.165 max_us=15
   4 caller=0x78b11f960abd calls=484 total_ms=0.181 avg_us=0.374 max_us=2
direct_cudaStreamSynchronize: calls=2046 total_ms=14.123 max_us=2532
by_direct_callsite (file:line):
   0 /opt/llama.cpp/ggml/src/ggml-cuda/ggml-cuda.cu:839 calls=1693 total_ms=7.852 avg_us=4.638 max_us=354
   1 /opt/llama.cpp/ggml/src/ggml-cuda/ggml-cuda.cu:900 calls=12 total_ms=5.841 avg_us=486.750 max_us=2532
   2 /opt/llama.cpp/ggml/src/ggml-cuda/ggml-cuda.cu:2665 calls=191 total_ms=0.280 avg_us=1.466 max_us=28
   3 /opt/llama.cpp/ggml/src/ggml-cuda/ggml-cuda.cu:847 calls=150 total_ms=0.150 avg_us=1.000 max_us=3
=== END CUDA SYNC PROFILE ===
backend-sync-trace: count=4300 backend=CUDA0 caller=ggml_backend_sched_synchronize+0x62

=== CUDA SYNC PROFILE (instrumentation only) ===
total_syncs = 4300
total_wait_ms = 3049.753
max_wait_us = 141865
sites = 5
wait_hist_us = logarithmic buckets
  hist[0] = 3851
  hist[1] = 275
  hist[2] = 12
  hist[3] = 11
  hist[4] = 5
  hist[9] = 23
  hist[10] = 55
  hist[11] = 19
  hist[14] = 5
  hist[15] = 31
  hist[16] = 12
  hist[17] = 1
by_callsite (caller PC; symbolize with addr2line):
   0 caller=0x78b11f95c0d2 calls=1867 total_ms=3048.304 avg_us=1632.728 max_us=141865
   1 caller=0x78b11f96098c calls=1341 total_ms=0.551 avg_us=0.411 max_us=16
   2 caller=0x78b11f96089c calls=496 total_ms=0.498 avg_us=1.004 max_us=17
   3 caller=0x78b11f95f852 calls=100 total_ms=0.216 avg_us=2.160 max_us=15
   4 caller=0x78b11f960abd calls=496 total_ms=0.184 avg_us=0.371 max_us=2
direct_cudaStreamSynchronize: calls=2087 total_ms=14.283 max_us=2532
by_direct_callsite (file:line):
   0 /opt/llama.cpp/ggml/src/ggml-cuda/ggml-cuda.cu:839 calls=1734 total_ms=8.012 avg_us=4.621 max_us=354
   1 /opt/llama.cpp/ggml/src/ggml-cuda/ggml-cuda.cu:900 calls=12 total_ms=5.841 avg_us=486.750 max_us=2532
   2 /opt/llama.cpp/ggml/src/ggml-cuda/ggml-cuda.cu:2665 calls=191 total_ms=0.280 avg_us=1.466 max_us=28
   3 /opt/llama.cpp/ggml/src/ggml-cuda/ggml-cuda.cu:847 calls=150 total_ms=0.150 avg_us=1.000 max_us=3
=== END CUDA SYNC PROFILE ===

=== CUDA SYNC PROFILE (instrumentation only) ===
total_syncs = 4332
total_wait_ms = 3051.514
max_wait_us = 141865
sites = 5
wait_hist_us = logarithmic buckets
  hist[0] = 3881
  hist[1] = 276
  hist[2] = 12
  hist[3] = 11
  hist[4] = 5
  hist[9] = 23
  hist[10] = 56
  hist[11] = 19
  hist[14] = 5
  hist[15] = 31
  hist[16] = 12
  hist[17] = 1
by_callsite (caller PC; symbolize with addr2line):
   0 caller=0x78b11f95c0d2 calls=1879 total_ms=3050.056 avg_us=1623.234 max_us=141865
   1 caller=0x78b11f96098c calls=1349 total_ms=0.553 avg_us=0.410 max_us=16
   2 caller=0x78b11f96089c calls=502 total_ms=0.501 avg_us=0.998 max_us=17
   3 caller=0x78b11f95f852 calls=100 total_ms=0.216 avg_us=2.160 max_us=15
   4 caller=0x78b11f960abd calls=502 total_ms=0.188 avg_us=0.375 max_us=2
direct_cudaStreamSynchronize: calls=2100 total_ms=14.348 max_us=2532
by_direct_callsite (file:line):
   0 /opt/llama.cpp/ggml/src/ggml-cuda/ggml-cuda.cu:839 calls=1747 total_ms=8.077 avg_us=4.623 max_us=354
   1 /opt/llama.cpp/ggml/src/ggml-cuda/ggml-cuda.cu:900 calls=12 total_ms=5.841 avg_us=486.750 max_us=2532
   2 /opt/llama.cpp/ggml/src/ggml-cuda/ggml-cuda.cu:2665 calls=191 total_ms=0.280 avg_us=1.466 max_us=28
   3 /opt/llama.cpp/ggml/src/ggml-cuda/ggml-cuda.cu:847 calls=150 total_ms=0.150 avg_us=1.000 max_us=3
=== END CUDA SYNC PROFILE ===
backend-sync-trace: count=4400 backend=CUDA0 caller=ggml_backend_sched_synchronize+0x62

=== CUDA SYNC PROFILE (instrumentation only) ===
total_syncs = 4400
total_wait_ms = 3086.786
max_wait_us = 141865
sites = 5
wait_hist_us = logarithmic buckets
  hist[0] = 3945
  hist[1] = 277
  hist[2] = 12
  hist[3] = 11
  hist[4] = 5
  hist[9] = 23
  hist[10] = 58
  hist[11] = 19
  hist[14] = 6
  hist[15] = 31
  hist[16] = 12
  hist[17] = 1
by_callsite (caller PC; symbolize with addr2line):
   0 caller=0x78b11f95c0d2 calls=1910 total_ms=3085.311 avg_us=1615.346 max_us=141865
   1 caller=0x78b11f96098c calls=1372 total_ms=0.562 avg_us=0.410 max_us=16
   2 caller=0x78b11f96089c calls=508 total_ms=0.505 avg_us=0.994 max_us=17
   3 caller=0x78b11f95f852 calls=102 total_ms=0.219 avg_us=2.147 max_us=15
   4 caller=0x78b11f960abd calls=508 total_ms=0.189 avg_us=0.372 max_us=2
direct_cudaStreamSynchronize: calls=2128 total_ms=14.447 max_us=2532
by_direct_callsite (file:line):
   0 /opt/llama.cpp/ggml/src/ggml-cuda/ggml-cuda.cu:839 calls=1775 total_ms=8.176 avg_us=4.606 max_us=354
   1 /opt/llama.cpp/ggml/src/ggml-cuda/ggml-cuda.cu:900 calls=12 total_ms=5.841 avg_us=486.750 max_us=2532
   2 /opt/llama.cpp/ggml/src/ggml-cuda/ggml-cuda.cu:2665 calls=191 total_ms=0.280 avg_us=1.466 max_us=28
   3 /opt/llama.cpp/ggml/src/ggml-cuda/ggml-cuda.cu:847 calls=150 total_ms=0.150 avg_us=1.000 max_us=3
=== END CUDA SYNC PROFILE ===
backend-sync-trace: count=4500 backend=CUDA0 caller=0x78b11f95f852

=== CUDA SYNC PROFILE (instrumentation only) ===
total_syncs = 4500
total_wait_ms = 3187.711
max_wait_us = 141865
sites = 5
wait_hist_us = logarithmic buckets
  hist[0] = 4019
  hist[1] = 298
  hist[2] = 12
  hist[3] = 12
  hist[4] = 5
  hist[9] = 23
  hist[10] = 60
  hist[11] = 19
  hist[14] = 6
  hist[15] = 33
  hist[16] = 12
  hist[17] = 1
by_callsite (caller PC; symbolize with addr2line):
   0 caller=0x78b11f95c0d2 calls=1937 total_ms=3186.162 avg_us=1644.895 max_us=141865
   1 caller=0x78b11f96098c calls=1414 total_ms=0.595 avg_us=0.421 max_us=16
   2 caller=0x78b11f96089c calls=522 total_ms=0.529 avg_us=1.013 max_us=17
   3 caller=0x78b11f95f852 calls=105 total_ms=0.224 avg_us=2.133 max_us=15
   4 caller=0x78b11f960abd calls=522 total_ms=0.201 avg_us=0.385 max_us=2
direct_cudaStreamSynchronize: calls=2181 total_ms=14.676 max_us=2532
by_direct_callsite (file:line):
   0 /opt/llama.cpp/ggml/src/ggml-cuda/ggml-cuda.cu:839 calls=1828 total_ms=8.405 avg_us=4.598 max_us=354
   1 /opt/llama.cpp/ggml/src/ggml-cuda/ggml-cuda.cu:900 calls=12 total_ms=5.841 avg_us=486.750 max_us=2532
   2 /opt/llama.cpp/ggml/src/ggml-cuda/ggml-cuda.cu:2665 calls=191 total_ms=0.280 avg_us=1.466 max_us=28
   3 /opt/llama.cpp/ggml/src/ggml-cuda/ggml-cuda.cu:847 calls=150 total_ms=0.150 avg_us=1.000 max_us=3
=== END CUDA SYNC PROFILE ===

=== CUDA SYNC PROFILE (instrumentation only) ===
total_syncs = 4564
total_wait_ms = 3190.417
max_wait_us = 141865
sites = 5
wait_hist_us = logarithmic buckets
  hist[0] = 4078
  hist[1] = 301
  hist[2] = 12
  hist[3] = 12
  hist[4] = 5
  hist[9] = 23
  hist[10] = 62
  hist[11] = 19
  hist[14] = 6
  hist[15] = 33
  hist[16] = 12
  hist[17] = 1
by_callsite (caller PC; symbolize with addr2line):
   0 caller=0x78b11f95c0d2 calls=1972 total_ms=3188.852 avg_us=1617.065 max_us=141865
   1 caller=0x78b11f96098c calls=1426 total_ms=0.598 avg_us=0.419 max_us=16
   2 caller=0x78b11f96089c calls=530 total_ms=0.538 avg_us=1.015 max_us=17
   3 caller=0x78b11f95f852 calls=106 total_ms=0.226 avg_us=2.132 max_us=15
   4 caller=0x78b11f960abd calls=530 total_ms=0.203 avg_us=0.383 max_us=2
direct_cudaStreamSynchronize: calls=2200 total_ms=14.747 max_us=2532
by_direct_callsite (file:line):
   0 /opt/llama.cpp/ggml/src/ggml-cuda/ggml-cuda.cu:839 calls=1847 total_ms=8.476 avg_us=4.589 max_us=354
   1 /opt/llama.cpp/ggml/src/ggml-cuda/ggml-cuda.cu:900 calls=12 total_ms=5.841 avg_us=486.750 max_us=2532
   2 /opt/llama.cpp/ggml/src/ggml-cuda/ggml-cuda.cu:2665 calls=191 total_ms=0.280 avg_us=1.466 max_us=28
   3 /opt/llama.cpp/ggml/src/ggml-cuda/ggml-cuda.cu:847 calls=150 total_ms=0.150 avg_us=1.000 max_us=3
=== END CUDA SYNC PROFILE ===
backend-sync-trace: count=4600 backend=CUDA0 caller=ggml_backend_sched_synchronize+0x62

=== CUDA SYNC PROFILE (instrumentation only) ===
total_syncs = 4600
total_wait_ms = 3225.971
max_wait_us = 141865
sites = 5
wait_hist_us = logarithmic buckets
  hist[0] = 4111
  hist[1] = 303
  hist[2] = 12
  hist[3] = 12
  hist[4] = 5
  hist[9] = 23
  hist[10] = 62
  hist[11] = 19
  hist[14] = 6
  hist[15] = 34
  hist[16] = 12
  hist[17] = 1
by_callsite (caller PC; symbolize with addr2line):
   0 caller=0x78b11f95c0d2 calls=1980 total_ms=3224.396 avg_us=1628.483 max_us=141865
   1 caller=0x78b11f96098c calls=1445 total_ms=0.603 avg_us=0.417 max_us=16
   2 caller=0x78b11f96089c calls=534 total_ms=0.540 avg_us=1.011 max_us=17
   3 caller=0x78b11f95f852 calls=107 total_ms=0.228 avg_us=2.131 max_us=15
   4 caller=0x78b11f960abd calls=534 total_ms=0.204 avg_us=0.382 max_us=2
direct_cudaStreamSynchronize: calls=2221 total_ms=14.837 max_us=2532
by_direct_callsite (file:line):
   0 /opt/llama.cpp/ggml/src/ggml-cuda/ggml-cuda.cu:839 calls=1868 total_ms=8.566 avg_us=4.586 max_us=354
   1 /opt/llama.cpp/ggml/src/ggml-cuda/ggml-cuda.cu:900 calls=12 total_ms=5.841 avg_us=486.750 max_us=2532
   2 /opt/llama.cpp/ggml/src/ggml-cuda/ggml-cuda.cu:2665 calls=191 total_ms=0.280 avg_us=1.466 max_us=28
   3 /opt/llama.cpp/ggml/src/ggml-cuda/ggml-cuda.cu:847 calls=150 total_ms=0.150 avg_us=1.000 max_us=3
=== END CUDA SYNC PROFILE ===
backend-sync-trace: count=4700 backend=CUDA0 caller=ggml_backend_sched_synchronize+0x62

=== CUDA SYNC PROFILE (instrumentation only) ===
total_syncs = 4700
total_wait_ms = 3283.892
max_wait_us = 141865
sites = 5
wait_hist_us = logarithmic buckets
  hist[0] = 4202
  hist[1] = 308
  hist[2] = 12
  hist[3] = 12
  hist[4] = 5
  hist[9] = 24
  hist[10] = 64
  hist[11] = 19
  hist[14] = 6
  hist[15] = 35
  hist[16] = 12
  hist[17] = 1
by_callsite (caller PC; symbolize with addr2line):
   0 caller=0x78b11f95c0d2 calls=2022 total_ms=3282.283 avg_us=1623.285 max_us=141865
   1 caller=0x78b11f96098c calls=1476 total_ms=0.616 avg_us=0.417 max_us=16
   2 caller=0x78b11f96089c calls=546 total_ms=0.549 avg_us=1.005 max_us=17
   3 caller=0x78b11f95f852 calls=110 total_ms=0.234 avg_us=2.127 max_us=15
   4 caller=0x78b11f960abd calls=546 total_ms=0.210 avg_us=0.385 max_us=2
direct_cudaStreamSynchronize: calls=2262 total_ms=14.995 max_us=2532
by_direct_callsite (file:line):
   0 /opt/llama.cpp/ggml/src/ggml-cuda/ggml-cuda.cu:839 calls=1909 total_ms=8.724 avg_us=4.570 max_us=354
   1 /opt/llama.cpp/ggml/src/ggml-cuda/ggml-cuda.cu:900 calls=12 total_ms=5.841 avg_us=486.750 max_us=2532
   2 /opt/llama.cpp/ggml/src/ggml-cuda/ggml-cuda.cu:2665 calls=191 total_ms=0.280 avg_us=1.466 max_us=28
   3 /opt/llama.cpp/ggml/src/ggml-cuda/ggml-cuda.cu:847 calls=150 total_ms=0.150 avg_us=1.000 max_us=3
=== END CUDA SYNC PROFILE ===

=== CUDA SYNC PROFILE (instrumentation only) ===
total_syncs = 4784
total_wait_ms = 3321.513
max_wait_us = 141865
sites = 5
wait_hist_us = logarithmic buckets
  hist[0] = 4279
  hist[1] = 311
  hist[2] = 12
  hist[3] = 12
  hist[4] = 6
  hist[9] = 25
  hist[10] = 65
  hist[11] = 19
  hist[14] = 6
  hist[15] = 36
  hist[16] = 12
  hist[17] = 1
by_callsite (caller PC; symbolize with addr2line):
   0 caller=0x78b11f95c0d2 calls=2052 total_ms=3319.861 avg_us=1617.866 max_us=141865
   1 caller=0x78b11f96098c calls=1504 total_ms=0.642 avg_us=0.427 max_us=16
   2 caller=0x78b11f96089c calls=558 total_ms=0.557 avg_us=0.998 max_us=17
   3 caller=0x78b11f95f852 calls=112 total_ms=0.237 avg_us=2.116 max_us=15
   4 caller=0x78b11f960abd calls=558 total_ms=0.216 avg_us=0.387 max_us=2
direct_cudaStreamSynchronize: calls=2300 total_ms=15.181 max_us=2532
by_direct_callsite (file:line):
   0 /opt/llama.cpp/ggml/src/ggml-cuda/ggml-cuda.cu:839 calls=1947 total_ms=8.910 avg_us=4.576 max_us=354
   1 /opt/llama.cpp/ggml/src/ggml-cuda/ggml-cuda.cu:900 calls=12 total_ms=5.841 avg_us=486.750 max_us=2532
   2 /opt/llama.cpp/ggml/src/ggml-cuda/ggml-cuda.cu:2665 calls=191 total_ms=0.280 avg_us=1.466 max_us=28
   3 /opt/llama.cpp/ggml/src/ggml-cuda/ggml-cuda.cu:847 calls=150 total_ms=0.150 avg_us=1.000 max_us=3
=== END CUDA SYNC PROFILE ===
backend-sync-trace: count=4800 backend=CUDA0 caller=ggml_backend_sched_graph_compute_async_ext+0xffd

=== CUDA SYNC PROFILE (instrumentation only) ===
total_syncs = 4800
total_wait_ms = 3323.811
max_wait_us = 141865
sites = 5
wait_hist_us = logarithmic buckets
  hist[0] = 4293
  hist[1] = 312
  hist[2] = 12
  hist[3] = 12
  hist[4] = 6
  hist[9] = 25
  hist[10] = 65
  hist[11] = 20
  hist[14] = 6
  hist[15] = 36
  hist[16] = 12
  hist[17] = 1
by_callsite (caller PC; symbolize with addr2line):
   0 caller=0x78b11f95c0d2 calls=2059 total_ms=3322.152 avg_us=1613.478 max_us=141865
   1 caller=0x78b11f96098c calls=1507 total_ms=0.642 avg_us=0.426 max_us=16
   2 caller=0x78b11f96089c calls=561 total_ms=0.562 avg_us=1.002 max_us=17
   3 caller=0x78b11f95f852 calls=112 total_ms=0.237 avg_us=2.116 max_us=15
   4 caller=0x78b11f960abd calls=561 total_ms=0.218 avg_us=0.389 max_us=2
direct_cudaStreamSynchronize: calls=2305 total_ms=15.199 max_us=2532
by_direct_callsite (file:line):
   0 /opt/llama.cpp/ggml/src/ggml-cuda/ggml-cuda.cu:839 calls=1952 total_ms=8.928 avg_us=4.574 max_us=354
   1 /opt/llama.cpp/ggml/src/ggml-cuda/ggml-cuda.cu:900 calls=12 total_ms=5.841 avg_us=486.750 max_us=2532
   2 /opt/llama.cpp/ggml/src/ggml-cuda/ggml-cuda.cu:2665 calls=191 total_ms=0.280 avg_us=1.466 max_us=28
   3 /opt/llama.cpp/ggml/src/ggml-cuda/ggml-cuda.cu:847 calls=150 total_ms=0.150 avg_us=1.000 max_us=3
=== END CUDA SYNC PROFILE ===
backend-sync-trace: count=4900 backend=CUDA0 caller=ggml_backend_sched_graph_compute_async_ext+0xecc

=== CUDA SYNC PROFILE (instrumentation only) ===
total_syncs = 4900
total_wait_ms = 3365.047
max_wait_us = 141865
sites = 5
wait_hist_us = logarithmic buckets
  hist[0] = 4386
  hist[1] = 316
  hist[2] = 12
  hist[3] = 12
  hist[4] = 6
  hist[9] = 26
  hist[10] = 66
  hist[11] = 20
  hist[14] = 6
  hist[15] = 37
  hist[16] = 12
  hist[17] = 1
by_callsite (caller PC; symbolize with addr2line):
   0 caller=0x78b11f95c0d2 calls=2096 total_ms=3363.353 avg_us=1604.653 max_us=141865
   1 caller=0x78b11f96098c calls=1546 total_ms=0.658 avg_us=0.426 max_us=16
   2 caller=0x78b11f96089c calls=572 total_ms=0.569 avg_us=0.995 max_us=17
   3 caller=0x78b11f95f852 calls=114 total_ms=0.241 avg_us=2.114 max_us=15
   4 caller=0x78b11f960abd calls=572 total_ms=0.226 avg_us=0.395 max_us=2
direct_cudaStreamSynchronize: calls=2352 total_ms=15.394 max_us=2532
by_direct_callsite (file:line):
   0 /opt/llama.cpp/ggml/src/ggml-cuda/ggml-cuda.cu:839 calls=1999 total_ms=9.123 avg_us=4.564 max_us=354
   1 /opt/llama.cpp/ggml/src/ggml-cuda/ggml-cuda.cu:900 calls=12 total_ms=5.841 avg_us=486.750 max_us=2532
   2 /opt/llama.cpp/ggml/src/ggml-cuda/ggml-cuda.cu:2665 calls=191 total_ms=0.280 avg_us=1.466 max_us=28
   3 /opt/llama.cpp/ggml/src/ggml-cuda/ggml-cuda.cu:847 calls=150 total_ms=0.150 avg_us=1.000 max_us=3
=== END CUDA SYNC PROFILE ===
backend-sync-trace: count=5000 backend=CUDA0 caller=ggml_backend_sched_graph_compute_async_ext+0xecc

=== CUDA SYNC PROFILE (instrumentation only) ===
total_syncs = 5000
total_wait_ms = 3429.094
max_wait_us = 141865
sites = 5
wait_hist_us = logarithmic buckets
  hist[0] = 4477
  hist[1] = 321
  hist[2] = 12
  hist[3] = 12
  hist[4] = 6
  hist[9] = 27
  hist[10] = 67
  hist[11] = 20
  hist[14] = 7
  hist[15] = 38
  hist[16] = 12
  hist[17] = 1
by_callsite (caller PC; symbolize with addr2line):
   0 caller=0x78b11f95c0d2 calls=2135 total_ms=3427.363 avg_us=1605.322 max_us=141865
   1 caller=0x78b11f96098c calls=1580 total_ms=0.675 avg_us=0.427 max_us=16
   2 caller=0x78b11f96089c calls=584 total_ms=0.579 avg_us=0.991 max_us=17
   3 caller=0x78b11f95f852 calls=117 total_ms=0.247 avg_us=2.111 max_us=15
   4 caller=0x78b11f960abd calls=584 total_ms=0.230 avg_us=0.394 max_us=2
direct_cudaStreamSynchronize: calls=2396 total_ms=15.570 max_us=2532
by_direct_callsite (file:line):
   0 /opt/llama.cpp/ggml/src/ggml-cuda/ggml-cuda.cu:839 calls=2043 total_ms=9.299 avg_us=4.552 max_us=354
   1 /opt/llama.cpp/ggml/src/ggml-cuda/ggml-cuda.cu:900 calls=12 total_ms=5.841 avg_us=486.750 max_us=2532
   2 /opt/llama.cpp/ggml/src/ggml-cuda/ggml-cuda.cu:2665 calls=191 total_ms=0.280 avg_us=1.466 max_us=28
   3 /opt/llama.cpp/ggml/src/ggml-cuda/ggml-cuda.cu:847 calls=150 total_ms=0.150 avg_us=1.000 max_us=3
=== END CUDA SYNC PROFILE ===

=== CUDA SYNC PROFILE (instrumentation only) ===
total_syncs = 5022
total_wait_ms = 3429.109
max_wait_us = 141865
sites = 5
wait_hist_us = logarithmic buckets
  hist[0] = 4497
  hist[1] = 323
  hist[2] = 12
  hist[3] = 12
  hist[4] = 6
  hist[9] = 27
  hist[10] = 67
  hist[11] = 20
  hist[14] = 7
  hist[15] = 38
  hist[16] = 12
  hist[17] = 1
by_callsite (caller PC; symbolize with addr2line):
   0 caller=0x78b11f95c0d2 calls=2150 total_ms=3427.374 avg_us=1594.127 max_us=141865
   1 caller=0x78b11f96098c calls=1582 total_ms=0.675 avg_us=0.427 max_us=16
   2 caller=0x78b11f96089c calls=586 total_ms=0.581 avg_us=0.991 max_us=17
   3 caller=0x78b11f95f852 calls=118 total_ms=0.249 avg_us=2.110 max_us=15
   4 caller=0x78b11f960abd calls=586 total_ms=0.230 avg_us=0.392 max_us=2
direct_cudaStreamSynchronize: calls=2400 total_ms=15.585 max_us=2532
by_direct_callsite (file:line):
   0 /opt/llama.cpp/ggml/src/ggml-cuda/ggml-cuda.cu:839 calls=2047 total_ms=9.314 avg_us=4.550 max_us=354
   1 /opt/llama.cpp/ggml/src/ggml-cuda/ggml-cuda.cu:900 calls=12 total_ms=5.841 avg_us=486.750 max_us=2532
   2 /opt/llama.cpp/ggml/src/ggml-cuda/ggml-cuda.cu:2665 calls=191 total_ms=0.280 avg_us=1.466 max_us=28
   3 /opt/llama.cpp/ggml/src/ggml-cuda/ggml-cuda.cu:847 calls=150 total_ms=0.150 avg_us=1.000 max_us=3
=== END CUDA SYNC PROFILE ===
backend-sync-trace: count=5100 backend=CUDA0 caller=ggml_backend_sched_synchronize+0x62

=== CUDA SYNC PROFILE (instrumentation only) ===
total_syncs = 5100
total_wait_ms = 3465.463
max_wait_us = 141865
sites = 5
wait_hist_us = logarithmic buckets
  hist[0] = 4570
  hist[1] = 325
  hist[2] = 12
  hist[3] = 12
  hist[4] = 6
  hist[9] = 27
  hist[10] = 69
  hist[11] = 20
  hist[14] = 7
  hist[15] = 39
  hist[16] = 12
  hist[17] = 1
by_callsite (caller PC; symbolize with addr2line):
   0 caller=0x78b11f95c0d2 calls=2186 total_ms=3463.707 avg_us=1584.495 max_us=141865
   1 caller=0x78b11f96098c calls=1607 total_ms=0.686 avg_us=0.427 max_us=16
   2 caller=0x78b11f96089c calls=594 total_ms=0.586 avg_us=0.987 max_us=17
   3 caller=0x78b11f95f852 calls=119 total_ms=0.251 avg_us=2.109 max_us=15
   4 caller=0x78b11f960abd calls=594 total_ms=0.233 avg_us=0.392 max_us=2
direct_cudaStreamSynchronize: calls=2431 total_ms=15.711 max_us=2532
by_direct_callsite (file:line):
   0 /opt/llama.cpp/ggml/src/ggml-cuda/ggml-cuda.cu:839 calls=2078 total_ms=9.440 avg_us=4.543 max_us=354
   1 /opt/llama.cpp/ggml/src/ggml-cuda/ggml-cuda.cu:900 calls=12 total_ms=5.841 avg_us=486.750 max_us=2532
   2 /opt/llama.cpp/ggml/src/ggml-cuda/ggml-cuda.cu:2665 calls=191 total_ms=0.280 avg_us=1.466 max_us=28
   3 /opt/llama.cpp/ggml/src/ggml-cuda/ggml-cuda.cu:847 calls=150 total_ms=0.150 avg_us=1.000 max_us=3
=== END CUDA SYNC PROFILE ===
backend-sync-trace: count=5200 backend=CUDA0 caller=ggml_backend_sched_graph_compute_async_ext+0xddc

=== CUDA SYNC PROFILE (instrumentation only) ===
total_syncs = 5200
total_wait_ms = 3494.246
max_wait_us = 141865
sites = 5
wait_hist_us = logarithmic buckets
  hist[0] = 4660
  hist[1] = 330
  hist[2] = 13
  hist[3] = 12
  hist[4] = 6
  hist[9] = 29
  hist[10] = 70
  hist[11] = 20
  hist[14] = 8
  hist[15] = 39
  hist[16] = 12
  hist[17] = 1
by_callsite (caller PC; symbolize with addr2line):
   0 caller=0x78b11f95c0d2 calls=2225 total_ms=3492.455 avg_us=1569.643 max_us=141865
   1 caller=0x78b11f96098c calls=1638 total_ms=0.699 avg_us=0.427 max_us=16
   2 caller=0x78b11f96089c calls=608 total_ms=0.596 avg_us=0.980 max_us=17
   3 caller=0x78b11f95f852 calls=122 total_ms=0.257 avg_us=2.107 max_us=15
   4 caller=0x78b11f960abd calls=607 total_ms=0.239 avg_us=0.394 max_us=2
direct_cudaStreamSynchronize: calls=2473 total_ms=15.875 max_us=2532
by_direct_callsite (file:line):
   0 /opt/llama.cpp/ggml/src/ggml-cuda/ggml-cuda.cu:839 calls=2120 total_ms=9.604 avg_us=4.530 max_us=354
   1 /opt/llama.cpp/ggml/src/ggml-cuda/ggml-cuda.cu:900 calls=12 total_ms=5.841 avg_us=486.750 max_us=2532
   2 /opt/llama.cpp/ggml/src/ggml-cuda/ggml-cuda.cu:2665 calls=191 total_ms=0.280 avg_us=1.466 max_us=28
   3 /opt/llama.cpp/ggml/src/ggml-cuda/ggml-cuda.cu:847 calls=150 total_ms=0.150 avg_us=1.000 max_us=3
=== END CUDA SYNC PROFILE ===

=== CUDA SYNC PROFILE (instrumentation only) ===
total_syncs = 5244
total_wait_ms = 3528.880
max_wait_us = 141865
sites = 5
wait_hist_us = logarithmic buckets
  hist[0] = 4690
  hist[1] = 341
  hist[2] = 13
  hist[3] = 13
  hist[4] = 6
  hist[9] = 29
  hist[10] = 71
  hist[11] = 20
  hist[14] = 8
  hist[15] = 40
  hist[16] = 12
  hist[17] = 1
by_callsite (caller PC; symbolize with addr2line):
   0 caller=0x78b11f95c0d2 calls=2234 total_ms=3527.042 avg_us=1578.801 max_us=141865
   1 caller=0x78b11f96098c calls=1659 total_ms=0.722 avg_us=0.435 max_us=16
   2 caller=0x78b11f96089c calls=614 total_ms=0.613 avg_us=0.998 max_us=17
   3 caller=0x78b11f95f852 calls=123 total_ms=0.259 avg_us=2.106 max_us=15
   4 caller=0x78b11f960abd calls=614 total_ms=0.244 avg_us=0.397 max_us=2
direct_cudaStreamSynchronize: calls=2500 total_ms=16.006 max_us=2532
by_direct_callsite (file:line):
   0 /opt/llama.cpp/ggml/src/ggml-cuda/ggml-cuda.cu:839 calls=2147 total_ms=9.735 avg_us=4.534 max_us=354
   1 /opt/llama.cpp/ggml/src/ggml-cuda/ggml-cuda.cu:900 calls=12 total_ms=5.841 avg_us=486.750 max_us=2532
   2 /opt/llama.cpp/ggml/src/ggml-cuda/ggml-cuda.cu:2665 calls=191 total_ms=0.280 avg_us=1.466 max_us=28
   3 /opt/llama.cpp/ggml/src/ggml-cuda/ggml-cuda.cu:847 calls=150 total_ms=0.150 avg_us=1.000 max_us=3
=== END CUDA SYNC PROFILE ===
backend-sync-trace: count=5300 backend=CUDA0 caller=ggml_backend_sched_graph_compute_async_ext+0xecc

=== CUDA SYNC PROFILE (instrumentation only) ===
total_syncs = 5300
total_wait_ms = 3531.015
max_wait_us = 141865
sites = 5
wait_hist_us = logarithmic buckets
  hist[0] = 4742
  hist[1] = 343
  hist[2] = 13
  hist[3] = 13
  hist[4] = 6
  hist[9] = 30
  hist[10] = 72
  hist[11] = 20
  hist[14] = 8
  hist[15] = 40
  hist[16] = 12
  hist[17] = 1
by_callsite (caller PC; symbolize with addr2line):
   0 caller=0x78b11f95c0d2 calls=2257 total_ms=3529.162 avg_us=1563.652 max_us=141865
   1 caller=0x78b11f96098c calls=1675 total_ms=0.725 avg_us=0.433 max_us=16
   2 caller=0x78b11f96089c calls=622 total_ms=0.618 avg_us=0.994 max_us=17
   3 caller=0x78b11f95f852 calls=124 total_ms=0.262 avg_us=2.113 max_us=15
   4 caller=0x78b11f960abd calls=622 total_ms=0.248 avg_us=0.399 max_us=2
direct_cudaStreamSynchronize: calls=2521 total_ms=16.096 max_us=2532
by_direct_callsite (file:line):
   0 /opt/llama.cpp/ggml/src/ggml-cuda/ggml-cuda.cu:839 calls=2168 total_ms=9.825 avg_us=4.532 max_us=354
   1 /opt/llama.cpp/ggml/src/ggml-cuda/ggml-cuda.cu:900 calls=12 total_ms=5.841 avg_us=486.750 max_us=2532
   2 /opt/llama.cpp/ggml/src/ggml-cuda/ggml-cuda.cu:2665 calls=191 total_ms=0.280 avg_us=1.466 max_us=28
   3 /opt/llama.cpp/ggml/src/ggml-cuda/ggml-cuda.cu:847 calls=150 total_ms=0.150 avg_us=1.000 max_us=3
=== END CUDA SYNC PROFILE ===
backend-sync-trace: count=5400 backend=CUDA0 caller=ggml_backend_sched_graph_compute_async_ext+0xffd

=== CUDA SYNC PROFILE (instrumentation only) ===
total_syncs = 5400
total_wait_ms = 3610.012
max_wait_us = 141865
sites = 5
wait_hist_us = logarithmic buckets
  hist[0] = 4832
  hist[1] = 348
  hist[2] = 14
  hist[3] = 13
  hist[4] = 6
  hist[9] = 30
  hist[10] = 74
  hist[11] = 20
  hist[14] = 8
  hist[15] = 42
  hist[16] = 12
  hist[17] = 1
by_callsite (caller PC; symbolize with addr2line):
   0 caller=0x78b11f95c0d2 calls=2296 total_ms=3608.123 avg_us=1571.482 max_us=141865
   1 caller=0x78b11f96098c calls=1711 total_ms=0.744 avg_us=0.435 max_us=16
   2 caller=0x78b11f96089c calls=633 total_ms=0.626 avg_us=0.989 max_us=17
   3 caller=0x78b11f95f852 calls=127 total_ms=0.267 avg_us=2.102 max_us=15
   4 caller=0x78b11f960abd calls=633 total_ms=0.252 avg_us=0.398 max_us=2
direct_cudaStreamSynchronize: calls=2566 total_ms=16.334 max_us=2532
by_direct_callsite (file:line):
   0 /opt/llama.cpp/ggml/src/ggml-cuda/ggml-cuda.cu:839 calls=2213 total_ms=10.063 avg_us=4.547 max_us=354
   1 /opt/llama.cpp/ggml/src/ggml-cuda/ggml-cuda.cu:900 calls=12 total_ms=5.841 avg_us=486.750 max_us=2532
   2 /opt/llama.cpp/ggml/src/ggml-cuda/ggml-cuda.cu:2665 calls=191 total_ms=0.280 avg_us=1.466 max_us=28
   3 /opt/llama.cpp/ggml/src/ggml-cuda/ggml-cuda.cu:847 calls=150 total_ms=0.150 avg_us=1.000 max_us=3
=== END CUDA SYNC PROFILE ===

=== CUDA SYNC PROFILE (instrumentation only) ===
total_syncs = 5480
total_wait_ms = 3613.084
max_wait_us = 141865
sites = 5
wait_hist_us = logarithmic buckets
  hist[0] = 4908
  hist[1] = 350
  hist[2] = 14
  hist[3] = 13
  hist[4] = 6
  hist[9] = 30
  hist[10] = 76
  hist[11] = 20
  hist[14] = 8
  hist[15] = 42
  hist[16] = 12
  hist[17] = 1
by_callsite (caller PC; symbolize with addr2line):
   0 caller=0x78b11f95c0d2 calls=2331 total_ms=3611.176 avg_us=1549.196 max_us=141865
   1 caller=0x78b11f96098c calls=1737 total_ms=0.751 avg_us=0.432 max_us=16
   2 caller=0x78b11f96089c calls=642 total_ms=0.634 avg_us=0.988 max_us=17
   3 caller=0x78b11f95f852 calls=128 total_ms=0.270 avg_us=2.109 max_us=15
   4 caller=0x78b11f960abd calls=642 total_ms=0.253 avg_us=0.394 max_us=2
direct_cudaStreamSynchronize: calls=2600 total_ms=16.468 max_us=2532
by_direct_callsite (file:line):
   0 /opt/llama.cpp/ggml/src/ggml-cuda/ggml-cuda.cu:839 calls=2247 total_ms=10.197 avg_us=4.538 max_us=354
   1 /opt/llama.cpp/ggml/src/ggml-cuda/ggml-cuda.cu:900 calls=12 total_ms=5.841 avg_us=486.750 max_us=2532
   2 /opt/llama.cpp/ggml/src/ggml-cuda/ggml-cuda.cu:2665 calls=191 total_ms=0.280 avg_us=1.466 max_us=28
   3 /opt/llama.cpp/ggml/src/ggml-cuda/ggml-cuda.cu:847 calls=150 total_ms=0.150 avg_us=1.000 max_us=3
=== END CUDA SYNC PROFILE ===
backend-sync-trace: count=5500 backend=CUDA0 caller=ggml_backend_sched_synchronize+0x62

=== CUDA SYNC PROFILE (instrumentation only) ===
total_syncs = 5500
total_wait_ms = 3655.452
max_wait_us = 141865
sites = 5
wait_hist_us = logarithmic buckets
  hist[0] = 4924
  hist[1] = 353
  hist[2] = 14
  hist[3] = 13
  hist[4] = 6
  hist[9] = 30
  hist[10] = 76
  hist[11] = 20
  hist[14] = 8
  hist[15] = 43
  hist[16] = 12
  hist[17] = 1
by_callsite (caller PC; symbolize with addr2line):
   0 caller=0x78b11f95c0d2 calls=2341 total_ms=3653.538 avg_us=1560.674 max_us=141865
   1 caller=0x78b11f96098c calls=1742 total_ms=0.753 avg_us=0.432 max_us=16
   2 caller=0x78b11f96089c calls=644 total_ms=0.636 avg_us=0.988 max_us=17
   3 caller=0x78b11f95f852 calls=129 total_ms=0.272 avg_us=2.109 max_us=15
   4 caller=0x78b11f960abd calls=644 total_ms=0.253 avg_us=0.393 max_us=2
direct_cudaStreamSynchronize: calls=2606 total_ms=16.495 max_us=2532
by_direct_callsite (file:line):
   0 /opt/llama.cpp/ggml/src/ggml-cuda/ggml-cuda.cu:839 calls=2253 total_ms=10.224 avg_us=4.538 max_us=354
   1 /opt/llama.cpp/ggml/src/ggml-cuda/ggml-cuda.cu:900 calls=12 total_ms=5.841 avg_us=486.750 max_us=2532
   2 /opt/llama.cpp/ggml/src/ggml-cuda/ggml-cuda.cu:2665 calls=191 total_ms=0.280 avg_us=1.466 max_us=28
   3 /opt/llama.cpp/ggml/src/ggml-cuda/ggml-cuda.cu:847 calls=150 total_ms=0.150 avg_us=1.000 max_us=3
=== END CUDA SYNC PROFILE ===
backend-sync-trace: count=5600 backend=CUDA0 caller=ggml_backend_sched_graph_compute_async_ext+0xecc

=== CUDA SYNC PROFILE (instrumentation only) ===
total_syncs = 5600
total_wait_ms = 3707.850
max_wait_us = 141865
sites = 5
wait_hist_us = logarithmic buckets
  hist[0] = 5017
  hist[1] = 357
  hist[2] = 14
  hist[3] = 13
  hist[4] = 6
  hist[9] = 30
  hist[10] = 78
  hist[11] = 20
  hist[14] = 8
  hist[15] = 44
  hist[16] = 12
  hist[17] = 1
by_callsite (caller PC; symbolize with addr2line):
   0 caller=0x78b11f95c0d2 calls=2385 total_ms=3705.901 avg_us=1553.837 max_us=141865
   1 caller=0x78b11f96098c calls=1771 total_ms=0.764 avg_us=0.431 max_us=16
   2 caller=0x78b11f96089c calls=656 total_ms=0.647 avg_us=0.986 max_us=17
   3 caller=0x78b11f95f852 calls=132 total_ms=0.279 avg_us=2.114 max_us=15
   4 caller=0x78b11f960abd calls=656 total_ms=0.259 avg_us=0.395 max_us=2
direct_cudaStreamSynchronize: calls=2644 total_ms=16.646 max_us=2532
by_direct_callsite (file:line):
   0 /opt/llama.cpp/ggml/src/ggml-cuda/ggml-cuda.cu:839 calls=2291 total_ms=10.375 avg_us=4.529 max_us=354
   1 /opt/llama.cpp/ggml/src/ggml-cuda/ggml-cuda.cu:900 calls=12 total_ms=5.841 avg_us=486.750 max_us=2532
   2 /opt/llama.cpp/ggml/src/ggml-cuda/ggml-cuda.cu:2665 calls=191 total_ms=0.280 avg_us=1.466 max_us=28
   3 /opt/llama.cpp/ggml/src/ggml-cuda/ggml-cuda.cu:847 calls=150 total_ms=0.150 avg_us=1.000 max_us=3
=== END CUDA SYNC PROFILE ===
backend-sync-trace: count=5700 backend=CUDA0 caller=ggml_backend_sched_graph_compute_async_ext+0xecc

=== CUDA SYNC PROFILE (instrumentation only) ===
total_syncs = 5700
total_wait_ms = 3738.978
max_wait_us = 141865
sites = 5
wait_hist_us = logarithmic buckets
  hist[0] = 5111
  hist[1] = 359
  hist[2] = 14
  hist[3] = 13
  hist[4] = 6
  hist[9] = 32
  hist[10] = 79
  hist[11] = 20
  hist[14] = 9
  hist[15] = 44
  hist[16] = 12
  hist[17] = 1
by_callsite (caller PC; symbolize with addr2line):
   0 caller=0x78b11f95c0d2 calls=2429 total_ms=3736.999 avg_us=1538.493 max_us=141865
   1 caller=0x78b11f96098c calls=1801 total_ms=0.778 avg_us=0.432 max_us=16
   2 caller=0x78b11f96089c calls=668 total_ms=0.658 avg_us=0.985 max_us=17
   3 caller=0x78b11f95f852 calls=134 total_ms=0.282 avg_us=2.104 max_us=15
   4 caller=0x78b11f960abd calls=668 total_ms=0.261 avg_us=0.391 max_us=2
direct_cudaStreamSynchronize: calls=2684 total_ms=16.802 max_us=2532
by_direct_callsite (file:line):
   0 /opt/llama.cpp/ggml/src/ggml-cuda/ggml-cuda.cu:839 calls=2331 total_ms=10.531 avg_us=4.518 max_us=354
   1 /opt/llama.cpp/ggml/src/ggml-cuda/ggml-cuda.cu:900 calls=12 total_ms=5.841 avg_us=486.750 max_us=2532
   2 /opt/llama.cpp/ggml/src/ggml-cuda/ggml-cuda.cu:2665 calls=191 total_ms=0.280 avg_us=1.466 max_us=28
   3 /opt/llama.cpp/ggml/src/ggml-cuda/ggml-cuda.cu:847 calls=150 total_ms=0.150 avg_us=1.000 max_us=3
=== END CUDA SYNC PROFILE ===

=== CUDA SYNC PROFILE (instrumentation only) ===
total_syncs = 5727
total_wait_ms = 3741.283
max_wait_us = 141865
sites = 5
wait_hist_us = logarithmic buckets
  hist[0] = 5136
  hist[1] = 360
  hist[2] = 14
  hist[3] = 13
  hist[4] = 6
  hist[9] = 32
  hist[10] = 79
  hist[11] = 21
  hist[14] = 9
  hist[15] = 44
  hist[16] = 12
  hist[17] = 1
by_callsite (caller PC; symbolize with addr2line):
   0 caller=0x78b11f95c0d2 calls=2436 total_ms=3739.294 avg_us=1535.014 max_us=141865
   1 caller=0x78b11f96098c calls=1813 total_ms=0.783 avg_us=0.432 max_us=16
   2 caller=0x78b11f96089c calls=672 total_ms=0.661 avg_us=0.984 max_us=17
   3 caller=0x78b11f95f852 calls=134 total_ms=0.282 avg_us=2.104 max_us=15
   4 caller=0x78b11f960abd calls=672 total_ms=0.263 avg_us=0.391 max_us=2
direct_cudaStreamSynchronize: calls=2700 total_ms=16.869 max_us=2532
by_direct_callsite (file:line):
   0 /opt/llama.cpp/ggml/src/ggml-cuda/ggml-cuda.cu:839 calls=2347 total_ms=10.598 avg_us=4.516 max_us=354
   1 /opt/llama.cpp/ggml/src/ggml-cuda/ggml-cuda.cu:900 calls=12 total_ms=5.841 avg_us=486.750 max_us=2532
   2 /opt/llama.cpp/ggml/src/ggml-cuda/ggml-cuda.cu:2665 calls=191 total_ms=0.280 avg_us=1.466 max_us=28
   3 /opt/llama.cpp/ggml/src/ggml-cuda/ggml-cuda.cu:847 calls=150 total_ms=0.150 avg_us=1.000 max_us=3
=== END CUDA SYNC PROFILE ===
backend-sync-trace: count=5800 backend=CUDA0 caller=ggml_backend_sched_graph_compute_async_ext+0xecc

=== CUDA SYNC PROFILE (instrumentation only) ===
total_syncs = 5800
total_wait_ms = 3789.786
max_wait_us = 141865
sites = 5
wait_hist_us = logarithmic buckets
  hist[0] = 5203
  hist[1] = 363
  hist[2] = 14
  hist[3] = 13
  hist[4] = 6
  hist[9] = 32
  hist[10] = 81
  hist[11] = 21
  hist[14] = 9
  hist[15] = 45
  hist[16] = 12
  hist[17] = 1
by_callsite (caller PC; symbolize with addr2line):
   0 caller=0x78b11f95c0d2 calls=2461 total_ms=3787.777 avg_us=1539.121 max_us=141865
   1 caller=0x78b11f96098c calls=1839 total_ms=0.790 avg_us=0.430 max_us=16
   2 caller=0x78b11f96089c calls=682 total_ms=0.667 avg_us=0.978 max_us=17
   3 caller=0x78b11f95f852 calls=136 total_ms=0.285 avg_us=2.096 max_us=15
   4 caller=0x78b11f960abd calls=682 total_ms=0.267 avg_us=0.391 max_us=2
direct_cudaStreamSynchronize: calls=2733 total_ms=17.001 max_us=2532
by_direct_callsite (file:line):
   0 /opt/llama.cpp/ggml/src/ggml-cuda/ggml-cuda.cu:839 calls=2380 total_ms=10.730 avg_us=4.508 max_us=354
   1 /opt/llama.cpp/ggml/src/ggml-cuda/ggml-cuda.cu:900 calls=12 total_ms=5.841 avg_us=486.750 max_us=2532
   2 /opt/llama.cpp/ggml/src/ggml-cuda/ggml-cuda.cu:2665 calls=191 total_ms=0.280 avg_us=1.466 max_us=28
   3 /opt/llama.cpp/ggml/src/ggml-cuda/ggml-cuda.cu:847 calls=150 total_ms=0.150 avg_us=1.000 max_us=3
=== END CUDA SYNC PROFILE ===
backend-sync-trace: count=5900 backend=CUDA0 caller=ggml_backend_sched_synchronize+0x62

=== CUDA SYNC PROFILE (instrumentation only) ===
total_syncs = 5900
total_wait_ms = 3887.935
max_wait_us = 141865
sites = 5
wait_hist_us = logarithmic buckets
  hist[0] = 5294
  hist[1] = 368
  hist[2] = 14
  hist[3] = 13
  hist[4] = 6
  hist[9] = 32
  hist[10] = 82
  hist[11] = 22
  hist[14] = 10
  hist[15] = 46
  hist[16] = 12
  hist[17] = 1
by_callsite (caller PC; symbolize with addr2line):
   0 caller=0x78b11f95c0d2 calls=2496 total_ms=3885.893 avg_us=1556.848 max_us=141865
   1 caller=0x78b11f96098c calls=1877 total_ms=0.804 avg_us=0.428 max_us=16
   2 caller=0x78b11f96089c calls=694 total_ms=0.676 avg_us=0.974 max_us=17
   3 caller=0x78b11f95f852 calls=139 total_ms=0.291 avg_us=2.094 max_us=15
   4 caller=0x78b11f960abd calls=694 total_ms=0.271 avg_us=0.390 max_us=2
direct_cudaStreamSynchronize: calls=2781 total_ms=17.190 max_us=2532
by_direct_callsite (file:line):
   0 /opt/llama.cpp/ggml/src/ggml-cuda/ggml-cuda.cu:839 calls=2428 total_ms=10.919 avg_us=4.497 max_us=354
   1 /opt/llama.cpp/ggml/src/ggml-cuda/ggml-cuda.cu:900 calls=12 total_ms=5.841 avg_us=486.750 max_us=2532
   2 /opt/llama.cpp/ggml/src/ggml-cuda/ggml-cuda.cu:2665 calls=191 total_ms=0.280 avg_us=1.466 max_us=28
   3 /opt/llama.cpp/ggml/src/ggml-cuda/ggml-cuda.cu:847 calls=150 total_ms=0.150 avg_us=1.000 max_us=3
=== END CUDA SYNC PROFILE ===

=== CUDA SYNC PROFILE (instrumentation only) ===
total_syncs = 5962
total_wait_ms = 3892.271
max_wait_us = 141865
sites = 5
wait_hist_us = logarithmic buckets
  hist[0] = 5352
  hist[1] = 370
  hist[2] = 14
  hist[3] = 13
  hist[4] = 6
  hist[9] = 32
  hist[10] = 83
  hist[11] = 23
  hist[14] = 10
  hist[15] = 46
  hist[16] = 12
  hist[17] = 1
by_callsite (caller PC; symbolize with addr2line):
   0 caller=0x78b11f95c0d2 calls=2529 total_ms=3890.216 avg_us=1538.243 max_us=141865
   1 caller=0x78b11f96098c calls=1889 total_ms=0.806 avg_us=0.427 max_us=16
   2 caller=0x78b11f96089c calls=702 total_ms=0.680 avg_us=0.969 max_us=17
   3 caller=0x78b11f95f852 calls=140 total_ms=0.293 avg_us=2.093 max_us=15
   4 caller=0x78b11f960abd calls=702 total_ms=0.276 avg_us=0.393 max_us=2
direct_cudaStreamSynchronize: calls=2800 total_ms=17.281 max_us=2532
by_direct_callsite (file:line):
   0 /opt/llama.cpp/ggml/src/ggml-cuda/ggml-cuda.cu:839 calls=2447 total_ms=11.010 avg_us=4.499 max_us=354
   1 /opt/llama.cpp/ggml/src/ggml-cuda/ggml-cuda.cu:900 calls=12 total_ms=5.841 avg_us=486.750 max_us=2532
   2 /opt/llama.cpp/ggml/src/ggml-cuda/ggml-cuda.cu:2665 calls=191 total_ms=0.280 avg_us=1.466 max_us=28
   3 /opt/llama.cpp/ggml/src/ggml-cuda/ggml-cuda.cu:847 calls=150 total_ms=0.150 avg_us=1.000 max_us=3
=== END CUDA SYNC PROFILE ===
backend-sync-trace: count=6000 backend=CUDA0 caller=ggml_backend_sched_synchronize+0x62

=== CUDA SYNC PROFILE (instrumentation only) ===
total_syncs = 6000
total_wait_ms = 3957.817
max_wait_us = 141865
sites = 5
wait_hist_us = logarithmic buckets
  hist[0] = 5388
  hist[1] = 371
  hist[2] = 14
  hist[3] = 13
  hist[4] = 6
  hist[9] = 32
  hist[10] = 83
  hist[11] = 23
  hist[14] = 10
  hist[15] = 47
  hist[16] = 12
  hist[17] = 1
by_callsite (caller PC; symbolize with addr2line):
   0 caller=0x78b11f95c0d2 calls=2547 total_ms=3955.753 avg_us=1553.103 max_us=141865
   1 caller=0x78b11f96098c calls=1904 total_ms=0.810 avg_us=0.425 max_us=16
   2 caller=0x78b11f96089c calls=704 total_ms=0.681 avg_us=0.967 max_us=17
   3 caller=0x78b11f95f852 calls=141 total_ms=0.295 avg_us=2.092 max_us=15
   4 caller=0x78b11f960abd calls=704 total_ms=0.278 avg_us=0.395 max_us=2
direct_cudaStreamSynchronize: calls=2816 total_ms=17.335 max_us=2532
by_direct_callsite (file:line):
   0 /opt/llama.cpp/ggml/src/ggml-cuda/ggml-cuda.cu:839 calls=2463 total_ms=11.064 avg_us=4.492 max_us=354
   1 /opt/llama.cpp/ggml/src/ggml-cuda/ggml-cuda.cu:900 calls=12 total_ms=5.841 avg_us=486.750 max_us=2532
   2 /opt/llama.cpp/ggml/src/ggml-cuda/ggml-cuda.cu:2665 calls=191 total_ms=0.280 avg_us=1.466 max_us=28
   3 /opt/llama.cpp/ggml/src/ggml-cuda/ggml-cuda.cu:847 calls=150 total_ms=0.150 avg_us=1.000 max_us=3
=== END CUDA SYNC PROFILE ===
backend-sync-trace: count=6100 backend=CUDA0 caller=ggml_backend_sched_graph_compute_async_ext+0xecc

=== CUDA SYNC PROFILE (instrumentation only) ===
total_syncs = 6100
total_wait_ms = 4004.500
max_wait_us = 141865
sites = 5
wait_hist_us = logarithmic buckets
  hist[0] = 5480
  hist[1] = 375
  hist[2] = 14
  hist[3] = 13
  hist[4] = 6
  hist[9] = 33
  hist[10] = 85
  hist[11] = 23
  hist[14] = 10
  hist[15] = 48
  hist[16] = 12
  hist[17] = 1
by_callsite (caller PC; symbolize with addr2line):
   0 caller=0x78b11f95c0d2 calls=2584 total_ms=4002.403 avg_us=1548.918 max_us=141865
   1 caller=0x78b11f96098c calls=1936 total_ms=0.819 avg_us=0.423 max_us=16
   2 caller=0x78b11f96089c calls=718 total_ms=0.691 avg_us=0.962 max_us=17
   3 caller=0x78b11f95f852 calls=144 total_ms=0.301 avg_us=2.090 max_us=15
   4 caller=0x78b11f960abd calls=718 total_ms=0.286 avg_us=0.398 max_us=2
direct_cudaStreamSynchronize: calls=2859 total_ms=17.505 max_us=2532
by_direct_callsite (file:line):
   0 /opt/llama.cpp/ggml/src/ggml-cuda/ggml-cuda.cu:839 calls=2506 total_ms=11.234 avg_us=4.483 max_us=354
   1 /opt/llama.cpp/ggml/src/ggml-cuda/ggml-cuda.cu:900 calls=12 total_ms=5.841 avg_us=486.750 max_us=2532
   2 /opt/llama.cpp/ggml/src/ggml-cuda/ggml-cuda.cu:2665 calls=191 total_ms=0.280 avg_us=1.466 max_us=28
   3 /opt/llama.cpp/ggml/src/ggml-cuda/ggml-cuda.cu:847 calls=150 total_ms=0.150 avg_us=1.000 max_us=3
=== END CUDA SYNC PROFILE ===

=== CUDA SYNC PROFILE (instrumentation only) ===
total_syncs = 6194
total_wait_ms = 4033.003
max_wait_us = 141865
sites = 5
wait_hist_us = logarithmic buckets
  hist[0] = 5566
  hist[1] = 379
  hist[2] = 14
  hist[3] = 13
  hist[4] = 6
  hist[9] = 34
  hist[10] = 86
  hist[11] = 24
  hist[14] = 11
  hist[15] = 48
  hist[16] = 12
  hist[17] = 1
by_callsite (caller PC; symbolize with addr2line):
   0 caller=0x78b11f95c0d2 calls=2622 total_ms=4030.876 avg_us=1537.329 max_us=141865
   1 caller=0x78b11f96098c calls=1966 total_ms=0.829 avg_us=0.422 max_us=16
   2 caller=0x78b11f96089c calls=730 total_ms=0.700 avg_us=0.959 max_us=17
   3 caller=0x78b11f95f852 calls=146 total_ms=0.305 avg_us=2.089 max_us=15
   4 caller=0x78b11f960abd calls=730 total_ms=0.293 avg_us=0.401 max_us=2
direct_cudaStreamSynchronize: calls=2900 total_ms=17.665 max_us=2532
by_direct_callsite (file:line):
   0 /opt/llama.cpp/ggml/src/ggml-cuda/ggml-cuda.cu:839 calls=2547 total_ms=11.394 avg_us=4.473 max_us=354
   1 /opt/llama.cpp/ggml/src/ggml-cuda/ggml-cuda.cu:900 calls=12 total_ms=5.841 avg_us=486.750 max_us=2532
   2 /opt/llama.cpp/ggml/src/ggml-cuda/ggml-cuda.cu:2665 calls=191 total_ms=0.280 avg_us=1.466 max_us=28
   3 /opt/llama.cpp/ggml/src/ggml-cuda/ggml-cuda.cu:847 calls=150 total_ms=0.150 avg_us=1.000 max_us=3
=== END CUDA SYNC PROFILE ===
backend-sync-trace: count=6200 backend=CUDA0 caller=ggml_backend_sched_graph_compute_async_ext+0xecc

=== CUDA SYNC PROFILE (instrumentation only) ===
total_syncs = 6200
total_wait_ms = 4033.006
max_wait_us = 141865
sites = 5
wait_hist_us = logarithmic buckets
  hist[0] = 5572
  hist[1] = 379
  hist[2] = 14
  hist[3] = 13
  hist[4] = 6
  hist[9] = 34
  hist[10] = 86
  hist[11] = 24
  hist[14] = 11
  hist[15] = 48
  hist[16] = 12
  hist[17] = 1
by_callsite (caller PC; symbolize with addr2line):
   0 caller=0x78b11f95c0d2 calls=2622 total_ms=4030.876 avg_us=1537.329 max_us=141865
   1 caller=0x78b11f96098c calls=1968 total_ms=0.830 avg_us=0.422 max_us=16
   2 caller=0x78b11f96089c calls=732 total_ms=0.702 avg_us=0.959 max_us=17
   3 caller=0x78b11f95f852 calls=146 total_ms=0.305 avg_us=2.089 max_us=15
   4 caller=0x78b11f960abd calls=732 total_ms=0.293 avg_us=0.400 max_us=2
direct_cudaStreamSynchronize: calls=2902 total_ms=17.673 max_us=2532
by_direct_callsite (file:line):
   0 /opt/llama.cpp/ggml/src/ggml-cuda/ggml-cuda.cu:839 calls=2549 total_ms=11.402 avg_us=4.473 max_us=354
   1 /opt/llama.cpp/ggml/src/ggml-cuda/ggml-cuda.cu:900 calls=12 total_ms=5.841 avg_us=486.750 max_us=2532
   2 /opt/llama.cpp/ggml/src/ggml-cuda/ggml-cuda.cu:2665 calls=191 total_ms=0.280 avg_us=1.466 max_us=28
   3 /opt/llama.cpp/ggml/src/ggml-cuda/ggml-cuda.cu:847 calls=150 total_ms=0.150 avg_us=1.000 max_us=3
=== END CUDA SYNC PROFILE ===
backend-sync-trace: count=6300 backend=CUDA0 caller=ggml_backend_sched_synchronize+0x62

=== CUDA SYNC PROFILE (instrumentation only) ===
total_syncs = 6300
total_wait_ms = 4130.323
max_wait_us = 141865
sites = 5
wait_hist_us = logarithmic buckets
  hist[0] = 5664
  hist[1] = 383
  hist[2] = 14
  hist[3] = 13
  hist[4] = 6
  hist[9] = 35
  hist[10] = 87
  hist[11] = 24
  hist[14] = 11
  hist[15] = 50
  hist[16] = 12
  hist[17] = 1
by_callsite (caller PC; symbolize with addr2line):
   0 caller=0x78b11f95c0d2 calls=2660 total_ms=4128.165 avg_us=1551.942 max_us=141865
   1 caller=0x78b11f96098c calls=2008 total_ms=0.842 avg_us=0.419 max_us=16
   2 caller=0x78b11f96089c calls=742 total_ms=0.708 avg_us=0.954 max_us=17
   3 caller=0x78b11f95f852 calls=148 total_ms=0.309 avg_us=2.088 max_us=15
   4 caller=0x78b11f960abd calls=742 total_ms=0.299 avg_us=0.403 max_us=2
direct_cudaStreamSynchronize: calls=2951 total_ms=17.870 max_us=2532
by_direct_callsite (file:line):
   0 /opt/llama.cpp/ggml/src/ggml-cuda/ggml-cuda.cu:839 calls=2598 total_ms=11.599 avg_us=4.465 max_us=354
   1 /opt/llama.cpp/ggml/src/ggml-cuda/ggml-cuda.cu:900 calls=12 total_ms=5.841 avg_us=486.750 max_us=2532
   2 /opt/llama.cpp/ggml/src/ggml-cuda/ggml-cuda.cu:2665 calls=191 total_ms=0.280 avg_us=1.466 max_us=28
   3 /opt/llama.cpp/ggml/src/ggml-cuda/ggml-cuda.cu:847 calls=150 total_ms=0.150 avg_us=1.000 max_us=3
=== END CUDA SYNC PROFILE ===
backend-sync-trace: count=6400 backend=CUDA0 caller=ggml_backend_sched_synchronize+0x62

=== CUDA SYNC PROFILE (instrumentation only) ===
total_syncs = 6400
total_wait_ms = 4164.205
max_wait_us = 141865
sites = 5
wait_hist_us = logarithmic buckets
  hist[0] = 5753
  hist[1] = 389
  hist[2] = 14
  hist[3] = 14
  hist[4] = 7
  hist[9] = 36
  hist[10] = 88
  hist[11] = 24
  hist[14] = 12
  hist[15] = 50
  hist[16] = 12
  hist[17] = 1
by_callsite (caller PC; symbolize with addr2line):
   0 caller=0x78b11f95c0d2 calls=2702 total_ms=4161.987 avg_us=1540.336 max_us=141865
   1 caller=0x78b11f96098c calls=2039 total_ms=0.883 avg_us=0.433 max_us=18
   2 caller=0x78b11f96089c calls=754 total_ms=0.717 avg_us=0.951 max_us=17
   3 caller=0x78b11f95f852 calls=151 total_ms=0.315 avg_us=2.086 max_us=15
   4 caller=0x78b11f960abd calls=754 total_ms=0.303 avg_us=0.402 max_us=2
direct_cudaStreamSynchronize: calls=2991 total_ms=18.033 max_us=2532
by_direct_callsite (file:line):
   0 /opt/llama.cpp/ggml/src/ggml-cuda/ggml-cuda.cu:839 calls=2638 total_ms=11.762 avg_us=4.459 max_us=354
   1 /opt/llama.cpp/ggml/src/ggml-cuda/ggml-cuda.cu:900 calls=12 total_ms=5.841 avg_us=486.750 max_us=2532
   2 /opt/llama.cpp/ggml/src/ggml-cuda/ggml-cuda.cu:2665 calls=191 total_ms=0.280 avg_us=1.466 max_us=28
   3 /opt/llama.cpp/ggml/src/ggml-cuda/ggml-cuda.cu:847 calls=150 total_ms=0.150 avg_us=1.000 max_us=3
=== END CUDA SYNC PROFILE ===

=== CUDA SYNC PROFILE (instrumentation only) ===
total_syncs = 6432
total_wait_ms = 4165.072
max_wait_us = 141865
sites = 5
wait_hist_us = logarithmic buckets
  hist[0] = 5783
  hist[1] = 390
  hist[2] = 14
  hist[3] = 14
  hist[4] = 7
  hist[9] = 37
  hist[10] = 88
  hist[11] = 24
  hist[14] = 12
  hist[15] = 50
  hist[16] = 12
  hist[17] = 1
by_callsite (caller PC; symbolize with addr2line):
   0 caller=0x78b11f95c0d2 calls=2720 total_ms=4162.844 avg_us=1530.457 max_us=141865
   1 caller=0x78b11f96098c calls=2044 total_ms=0.885 avg_us=0.433 max_us=18
   2 caller=0x78b11f96089c calls=758 total_ms=0.720 avg_us=0.950 max_us=17
   3 caller=0x78b11f95f852 calls=152 total_ms=0.317 avg_us=2.086 max_us=15
   4 caller=0x78b11f960abd calls=758 total_ms=0.306 avg_us=0.404 max_us=2
direct_cudaStreamSynchronize: calls=3000 total_ms=18.065 max_us=2532
by_direct_callsite (file:line):
   0 /opt/llama.cpp/ggml/src/ggml-cuda/ggml-cuda.cu:839 calls=2647 total_ms=11.794 avg_us=4.456 max_us=354
   1 /opt/llama.cpp/ggml/src/ggml-cuda/ggml-cuda.cu:900 calls=12 total_ms=5.841 avg_us=486.750 max_us=2532
   2 /opt/llama.cpp/ggml/src/ggml-cuda/ggml-cuda.cu:2665 calls=191 total_ms=0.280 avg_us=1.466 max_us=28
   3 /opt/llama.cpp/ggml/src/ggml-cuda/ggml-cuda.cu:847 calls=150 total_ms=0.150 avg_us=1.000 max_us=3
=== END CUDA SYNC PROFILE ===
backend-sync-trace: count=6500 backend=CUDA0 caller=ggml_backend_sched_graph_compute_async_ext+0xffd

=== CUDA SYNC PROFILE (instrumentation only) ===
total_syncs = 6500
total_wait_ms = 4198.988
max_wait_us = 141865
sites = 5
wait_hist_us = logarithmic buckets
  hist[0] = 5846
  hist[1] = 393
  hist[2] = 14
  hist[3] = 14
  hist[4] = 7
  hist[9] = 37
  hist[10] = 89
  hist[11] = 24
  hist[14] = 13
  hist[15] = 50
  hist[16] = 12
  hist[17] = 1
by_callsite (caller PC; symbolize with addr2line):
   0 caller=0x78b11f95c0d2 calls=2750 total_ms=4196.738 avg_us=1526.087 max_us=141865
   1 caller=0x78b11f96098c calls=2066 total_ms=0.894 avg_us=0.433 max_us=18
   2 caller=0x78b11f96089c calls=765 total_ms=0.724 avg_us=0.946 max_us=17
   3 caller=0x78b11f95f852 calls=154 total_ms=0.321 avg_us=2.084 max_us=15
   4 caller=0x78b11f960abd calls=765 total_ms=0.311 avg_us=0.407 max_us=2
direct_cudaStreamSynchronize: calls=3026 total_ms=18.201 max_us=2532
by_direct_callsite (file:line):
   0 /opt/llama.cpp/ggml/src/ggml-cuda/ggml-cuda.cu:839 calls=2673 total_ms=11.930 avg_us=4.463 max_us=354
   1 /opt/llama.cpp/ggml/src/ggml-cuda/ggml-cuda.cu:900 calls=12 total_ms=5.841 avg_us=486.750 max_us=2532
   2 /opt/llama.cpp/ggml/src/ggml-cuda/ggml-cuda.cu:2665 calls=191 total_ms=0.280 avg_us=1.466 max_us=28
   3 /opt/llama.cpp/ggml/src/ggml-cuda/ggml-cuda.cu:847 calls=150 total_ms=0.150 avg_us=1.000 max_us=3
=== END CUDA SYNC PROFILE ===
backend-sync-trace: count=6600 backend=CUDA0 caller=ggml_backend_sched_synchronize+0x62

=== CUDA SYNC PROFILE (instrumentation only) ===
total_syncs = 6600
total_wait_ms = 4236.133
max_wait_us = 141865
sites = 5
wait_hist_us = logarithmic buckets
  hist[0] = 5938
  hist[1] = 396
  hist[2] = 14
  hist[3] = 14
  hist[4] = 7
  hist[9] = 38
  hist[10] = 92
  hist[11] = 24
  hist[14] = 14
  hist[15] = 50
  hist[16] = 12
  hist[17] = 1
by_callsite (caller PC; symbolize with addr2line):
   0 caller=0x78b11f95c0d2 calls=2787 total_ms=4233.854 avg_us=1519.144 max_us=141865
   1 caller=0x78b11f96098c calls=2101 total_ms=0.905 avg_us=0.431 max_us=18
   2 caller=0x78b11f96089c calls=778 total_ms=0.732 avg_us=0.941 max_us=17
   3 caller=0x78b11f95f852 calls=156 total_ms=0.325 avg_us=2.083 max_us=15
   4 caller=0x78b11f960abd calls=778 total_ms=0.317 avg_us=0.407 max_us=2
direct_cudaStreamSynchronize: calls=3073 total_ms=18.379 max_us=2532
by_direct_callsite (file:line):
   0 /opt/llama.cpp/ggml/src/ggml-cuda/ggml-cuda.cu:839 calls=2720 total_ms=12.108 avg_us=4.451 max_us=354
   1 /opt/llama.cpp/ggml/src/ggml-cuda/ggml-cuda.cu:900 calls=12 total_ms=5.841 avg_us=486.750 max_us=2532
   2 /opt/llama.cpp/ggml/src/ggml-cuda/ggml-cuda.cu:2665 calls=191 total_ms=0.280 avg_us=1.466 max_us=28
   3 /opt/llama.cpp/ggml/src/ggml-cuda/ggml-cuda.cu:847 calls=150 total_ms=0.150 avg_us=1.000 max_us=3
=== END CUDA SYNC PROFILE ===

=== CUDA SYNC PROFILE (instrumentation only) ===
total_syncs = 6664
total_wait_ms = 4263.070
max_wait_us = 141865
sites = 5
wait_hist_us = logarithmic buckets
  hist[0] = 5996
  hist[1] = 401
  hist[2] = 14
  hist[3] = 14
  hist[4] = 7
  hist[9] = 38
  hist[10] = 92
  hist[11] = 24
  hist[14] = 15
  hist[15] = 50
  hist[16] = 12
  hist[17] = 1
by_callsite (caller PC; symbolize with addr2line):
   0 caller=0x78b11f95c0d2 calls=2812 total_ms=4260.770 avg_us=1515.210 max_us=141865
   1 caller=0x78b11f96098c calls=2122 total_ms=0.912 avg_us=0.430 max_us=18
   2 caller=0x78b11f96089c calls=786 total_ms=0.739 avg_us=0.940 max_us=17
   3 caller=0x78b11f95f852 calls=158 total_ms=0.329 avg_us=2.082 max_us=15
   4 caller=0x78b11f960abd calls=786 total_ms=0.320 avg_us=0.407 max_us=2
direct_cudaStreamSynchronize: calls=3100 total_ms=18.494 max_us=2532
by_direct_callsite (file:line):
   0 /opt/llama.cpp/ggml/src/ggml-cuda/ggml-cuda.cu:839 calls=2747 total_ms=12.223 avg_us=4.450 max_us=354
   1 /opt/llama.cpp/ggml/src/ggml-cuda/ggml-cuda.cu:900 calls=12 total_ms=5.841 avg_us=486.750 max_us=2532
   2 /opt/llama.cpp/ggml/src/ggml-cuda/ggml-cuda.cu:2665 calls=191 total_ms=0.280 avg_us=1.466 max_us=28
   3 /opt/llama.cpp/ggml/src/ggml-cuda/ggml-cuda.cu:847 calls=150 total_ms=0.150 avg_us=1.000 max_us=3
=== END CUDA SYNC PROFILE ===
backend-sync-trace: count=6700 backend=CUDA0 caller=ggml_backend_sched_graph_compute_async_ext+0xecc

=== CUDA SYNC PROFILE (instrumentation only) ===
total_syncs = 6700
total_wait_ms = 4266.005
max_wait_us = 141865
sites = 5
wait_hist_us = logarithmic buckets
  hist[0] = 6029
  hist[1] = 402
  hist[2] = 14
  hist[3] = 14
  hist[4] = 7
  hist[9] = 38
  hist[10] = 94
  hist[11] = 24
  hist[14] = 15
  hist[15] = 50
  hist[16] = 12
  hist[17] = 1
by_callsite (caller PC; symbolize with addr2line):
   0 caller=0x78b11f95c0d2 calls=2826 total_ms=4263.691 avg_us=1508.737 max_us=141865
   1 caller=0x78b11f96098c calls=2132 total_ms=0.917 avg_us=0.430 max_us=18
   2 caller=0x78b11f96089c calls=792 total_ms=0.744 avg_us=0.939 max_us=17
   3 caller=0x78b11f95f852 calls=158 total_ms=0.329 avg_us=2.082 max_us=15
   4 caller=0x78b11f960abd calls=792 total_ms=0.324 avg_us=0.409 max_us=2
direct_cudaStreamSynchronize: calls=3114 total_ms=18.561 max_us=2532
by_direct_callsite (file:line):
   0 /opt/llama.cpp/ggml/src/ggml-cuda/ggml-cuda.cu:839 calls=2761 total_ms=12.290 avg_us=4.451 max_us=354
   1 /opt/llama.cpp/ggml/src/ggml-cuda/ggml-cuda.cu:900 calls=12 total_ms=5.841 avg_us=486.750 max_us=2532
   2 /opt/llama.cpp/ggml/src/ggml-cuda/ggml-cuda.cu:2665 calls=191 total_ms=0.280 avg_us=1.466 max_us=28
   3 /opt/llama.cpp/ggml/src/ggml-cuda/ggml-cuda.cu:847 calls=150 total_ms=0.150 avg_us=1.000 max_us=3
=== END CUDA SYNC PROFILE ===
backend-sync-trace: count=6800 backend=CUDA0 caller=0x78b11f95f852

=== CUDA SYNC PROFILE (instrumentation only) ===
total_syncs = 6800
total_wait_ms = 4359.925
max_wait_us = 141865
sites = 5
wait_hist_us = logarithmic buckets
  hist[0] = 6119
  hist[1] = 408
  hist[2] = 14
  hist[3] = 14
  hist[4] = 7
  hist[9] = 38
  hist[10] = 95
  hist[11] = 25
  hist[14] = 15
  hist[15] = 52
  hist[16] = 12
  hist[17] = 1
by_callsite (caller PC; symbolize with addr2line):
   0 caller=0x78b11f95c0d2 calls=2865 total_ms=4357.581 avg_us=1520.971 max_us=141865
   1 caller=0x78b11f96098c calls=2170 total_ms=0.929 avg_us=0.428 max_us=18
   2 caller=0x78b11f96089c calls=802 total_ms=0.750 avg_us=0.935 max_us=17
   3 caller=0x78b11f95f852 calls=161 total_ms=0.335 avg_us=2.081 max_us=15
   4 caller=0x78b11f960abd calls=802 total_ms=0.330 avg_us=0.411 max_us=2
direct_cudaStreamSynchronize: calls=3161 total_ms=18.735 max_us=2532
by_direct_callsite (file:line):
   0 /opt/llama.cpp/ggml/src/ggml-cuda/ggml-cuda.cu:839 calls=2808 total_ms=12.464 avg_us=4.439 max_us=354
   1 /opt/llama.cpp/ggml/src/ggml-cuda/ggml-cuda.cu:900 calls=12 total_ms=5.841 avg_us=486.750 max_us=2532
   2 /opt/llama.cpp/ggml/src/ggml-cuda/ggml-cuda.cu:2665 calls=191 total_ms=0.280 avg_us=1.466 max_us=28
   3 /opt/llama.cpp/ggml/src/ggml-cuda/ggml-cuda.cu:847 calls=150 total_ms=0.150 avg_us=1.000 max_us=3
=== END CUDA SYNC PROFILE ===

=== CUDA SYNC PROFILE (instrumentation only) ===
total_syncs = 6892
total_wait_ms = 4397.565
max_wait_us = 141865
sites = 5
wait_hist_us = logarithmic buckets
  hist[0] = 6203
  hist[1] = 413
  hist[2] = 14
  hist[3] = 14
  hist[4] = 7
  hist[9] = 39
  hist[10] = 96
  hist[11] = 25
  hist[14] = 15
  hist[15] = 53
  hist[16] = 12
  hist[17] = 1
by_callsite (caller PC; symbolize with addr2line):
   0 caller=0x78b11f95c0d2 calls=2902 total_ms=4395.196 avg_us=1514.540 max_us=141865
   1 caller=0x78b11f96098c calls=2199 total_ms=0.938 avg_us=0.427 max_us=18
   2 caller=0x78b11f96089c calls=814 total_ms=0.760 avg_us=0.934 max_us=17
   3 caller=0x78b11f95f852 calls=163 total_ms=0.339 avg_us=2.080 max_us=15
   4 caller=0x78b11f960abd calls=814 total_ms=0.332 avg_us=0.408 max_us=2
direct_cudaStreamSynchronize: calls=3200 total_ms=18.898 max_us=2532
by_direct_callsite (file:line):
   0 /opt/llama.cpp/ggml/src/ggml-cuda/ggml-cuda.cu:839 calls=2847 total_ms=12.627 avg_us=4.435 max_us=354
   1 /opt/llama.cpp/ggml/src/ggml-cuda/ggml-cuda.cu:900 calls=12 total_ms=5.841 avg_us=486.750 max_us=2532
   2 /opt/llama.cpp/ggml/src/ggml-cuda/ggml-cuda.cu:2665 calls=191 total_ms=0.280 avg_us=1.466 max_us=28
   3 /opt/llama.cpp/ggml/src/ggml-cuda/ggml-cuda.cu:847 calls=150 total_ms=0.150 avg_us=1.000 max_us=3
=== END CUDA SYNC PROFILE ===
backend-sync-trace: count=6900 backend=CUDA0 caller=ggml_backend_sched_synchronize+0x62

=== CUDA SYNC PROFILE (instrumentation only) ===
total_syncs = 6900
total_wait_ms = 4397.574
max_wait_us = 141865
sites = 5
wait_hist_us = logarithmic buckets
  hist[0] = 6210
  hist[1] = 414
  hist[2] = 14
  hist[3] = 14
  hist[4] = 7
  hist[9] = 39
  hist[10] = 96
  hist[11] = 25
  hist[14] = 15
  hist[15] = 53
  hist[16] = 12
  hist[17] = 1
by_callsite (caller PC; symbolize with addr2line):
   0 caller=0x78b11f95c0d2 calls=2908 total_ms=4395.203 avg_us=1511.418 max_us=141865
   1 caller=0x78b11f96098c calls=2201 total_ms=0.940 avg_us=0.427 max_us=18
   2 caller=0x78b11f96089c calls=814 total_ms=0.760 avg_us=0.934 max_us=17
   3 caller=0x78b11f95f852 calls=163 total_ms=0.339 avg_us=2.080 max_us=15
   4 caller=0x78b11f960abd calls=814 total_ms=0.332 avg_us=0.408 max_us=2
direct_cudaStreamSynchronize: calls=3201 total_ms=18.900 max_us=2532
by_direct_callsite (file:line):
   0 /opt/llama.cpp/ggml/src/ggml-cuda/ggml-cuda.cu:839 calls=2848 total_ms=12.629 avg_us=4.434 max_us=354
   1 /opt/llama.cpp/ggml/src/ggml-cuda/ggml-cuda.cu:900 calls=12 total_ms=5.841 avg_us=486.750 max_us=2532
   2 /opt/llama.cpp/ggml/src/ggml-cuda/ggml-cuda.cu:2665 calls=191 total_ms=0.280 avg_us=1.466 max_us=28
   3 /opt/llama.cpp/ggml/src/ggml-cuda/ggml-cuda.cu:847 calls=150 total_ms=0.150 avg_us=1.000 max_us=3
=== END CUDA SYNC PROFILE ===
backend-sync-trace: count=7000 backend=CUDA0 caller=ggml_backend_sched_synchronize+0x62

=== CUDA SYNC PROFILE (instrumentation only) ===
total_syncs = 7000
total_wait_ms = 4444.944
max_wait_us = 141865
sites = 5
wait_hist_us = logarithmic buckets
  hist[0] = 6301
  hist[1] = 419
  hist[2] = 14
  hist[3] = 14
  hist[4] = 7
  hist[9] = 39
  hist[10] = 99
  hist[11] = 25
  hist[14] = 15
  hist[15] = 54
  hist[16] = 12
  hist[17] = 1
by_callsite (caller PC; symbolize with addr2line):
   0 caller=0x78b11f95c0d2 calls=2950 total_ms=4442.543 avg_us=1505.947 max_us=141865
   1 caller=0x78b11f96098c calls=2232 total_ms=0.953 avg_us=0.427 max_us=18
   2 caller=0x78b11f96089c calls=826 total_ms=0.770 avg_us=0.932 max_us=17
   3 caller=0x78b11f95f852 calls=166 total_ms=0.344 avg_us=2.072 max_us=15
   4 caller=0x78b11f960abd calls=826 total_ms=0.334 avg_us=0.404 max_us=2
direct_cudaStreamSynchronize: calls=3242 total_ms=19.057 max_us=2532
by_direct_callsite (file:line):
   0 /opt/llama.cpp/ggml/src/ggml-cuda/ggml-cuda.cu:839 calls=2889 total_ms=12.786 avg_us=4.426 max_us=354
   1 /opt/llama.cpp/ggml/src/ggml-cuda/ggml-cuda.cu:900 calls=12 total_ms=5.841 avg_us=486.750 max_us=2532
   2 /opt/llama.cpp/ggml/src/ggml-cuda/ggml-cuda.cu:2665 calls=191 total_ms=0.280 avg_us=1.466 max_us=28
   3 /opt/llama.cpp/ggml/src/ggml-cuda/ggml-cuda.cu:847 calls=150 total_ms=0.150 avg_us=1.000 max_us=3
=== END CUDA SYNC PROFILE ===
backend-sync-trace: count=7100 backend=CUDA0 caller=ggml_backend_sched_synchronize+0x62

=== CUDA SYNC PROFILE (instrumentation only) ===
total_syncs = 7100
total_wait_ms = 4478.174
max_wait_us = 141865
sites = 5
wait_hist_us = logarithmic buckets
  hist[0] = 6394
  hist[1] = 422
  hist[2] = 14
  hist[3] = 14
  hist[4] = 7
  hist[9] = 40
  hist[10] = 101
  hist[11] = 25
  hist[14] = 16
  hist[15] = 54
  hist[16] = 12
  hist[17] = 1
by_callsite (caller PC; symbolize with addr2line):
   0 caller=0x78b11f95c0d2 calls=2993 total_ms=4475.742 avg_us=1495.403 max_us=141865
   1 caller=0x78b11f96098c calls=2263 total_ms=0.964 avg_us=0.426 max_us=18
   2 caller=0x78b11f96089c calls=838 total_ms=0.780 avg_us=0.931 max_us=17
   3 caller=0x78b11f95f852 calls=168 total_ms=0.348 avg_us=2.071 max_us=15
   4 caller=0x78b11f960abd calls=838 total_ms=0.340 avg_us=0.406 max_us=2
direct_cudaStreamSynchronize: calls=3283 total_ms=19.216 max_us=2532
by_direct_callsite (file:line):
   0 /opt/llama.cpp/ggml/src/ggml-cuda/ggml-cuda.cu:839 calls=2930 total_ms=12.945 avg_us=4.418 max_us=354
   1 /opt/llama.cpp/ggml/src/ggml-cuda/ggml-cuda.cu:900 calls=12 total_ms=5.841 avg_us=486.750 max_us=2532
   2 /opt/llama.cpp/ggml/src/ggml-cuda/ggml-cuda.cu:2665 calls=191 total_ms=0.280 avg_us=1.466 max_us=28
   3 /opt/llama.cpp/ggml/src/ggml-cuda/ggml-cuda.cu:847 calls=150 total_ms=0.150 avg_us=1.000 max_us=3
=== END CUDA SYNC PROFILE ===

=== CUDA SYNC PROFILE (instrumentation only) ===
total_syncs = 7128
total_wait_ms = 4478.189
max_wait_us = 141865
sites = 5
wait_hist_us = logarithmic buckets
  hist[0] = 6421
  hist[1] = 423
  hist[2] = 14
  hist[3] = 14
  hist[4] = 7
  hist[9] = 40
  hist[10] = 101
  hist[11] = 25
  hist[14] = 16
  hist[15] = 54
  hist[16] = 12
  hist[17] = 1
by_callsite (caller PC; symbolize with addr2line):
   0 caller=0x78b11f95c0d2 calls=2999 total_ms=4475.748 avg_us=1492.413 max_us=141865
   1 caller=0x78b11f96098c calls=2277 total_ms=0.968 avg_us=0.425 max_us=18
   2 caller=0x78b11f96089c calls=842 total_ms=0.782 avg_us=0.929 max_us=17
   3 caller=0x78b11f95f852 calls=168 total_ms=0.348 avg_us=2.071 max_us=15
   4 caller=0x78b11f960abd calls=842 total_ms=0.343 avg_us=0.407 max_us=2
direct_cudaStreamSynchronize: calls=3300 total_ms=19.290 max_us=2532
by_direct_callsite (file:line):
   0 /opt/llama.cpp/ggml/src/ggml-cuda/ggml-cuda.cu:839 calls=2947 total_ms=13.019 avg_us=4.418 max_us=354
   1 /opt/llama.cpp/ggml/src/ggml-cuda/ggml-cuda.cu:900 calls=12 total_ms=5.841 avg_us=486.750 max_us=2532
   2 /opt/llama.cpp/ggml/src/ggml-cuda/ggml-cuda.cu:2665 calls=191 total_ms=0.280 avg_us=1.466 max_us=28
   3 /opt/llama.cpp/ggml/src/ggml-cuda/ggml-cuda.cu:847 calls=150 total_ms=0.150 avg_us=1.000 max_us=3
=== END CUDA SYNC PROFILE ===
backend-sync-trace: count=7200 backend=CUDA0 caller=ggml_backend_sched_graph_compute_async_ext+0xffd

=== CUDA SYNC PROFILE (instrumentation only) ===
total_syncs = 7200
total_wait_ms = 4514.562
max_wait_us = 141865
sites = 5
wait_hist_us = logarithmic buckets
  hist[0] = 6486
  hist[1] = 427
  hist[2] = 14
  hist[3] = 14
  hist[4] = 7
  hist[9] = 41
  hist[10] = 102
  hist[11] = 25
  hist[14] = 16
  hist[15] = 55
  hist[16] = 12
  hist[17] = 1
by_callsite (caller PC; symbolize with addr2line):
   0 caller=0x78b11f95c0d2 calls=3036 total_ms=4512.101 avg_us=1486.199 max_us=141865
   1 caller=0x78b11f96098c calls=2290 total_ms=0.971 avg_us=0.424 max_us=18
   2 caller=0x78b11f96089c calls=852 total_ms=0.793 avg_us=0.931 max_us=17
   3 caller=0x78b11f95f852 calls=170 total_ms=0.352 avg_us=2.071 max_us=15
   4 caller=0x78b11f960abd calls=852 total_ms=0.345 avg_us=0.405 max_us=2
direct_cudaStreamSynchronize: calls=3320 total_ms=19.366 max_us=2532
by_direct_callsite (file:line):
   0 /opt/llama.cpp/ggml/src/ggml-cuda/ggml-cuda.cu:839 calls=2967 total_ms=13.095 avg_us=4.414 max_us=354
   1 /opt/llama.cpp/ggml/src/ggml-cuda/ggml-cuda.cu:900 calls=12 total_ms=5.841 avg_us=486.750 max_us=2532
   2 /opt/llama.cpp/ggml/src/ggml-cuda/ggml-cuda.cu:2665 calls=191 total_ms=0.280 avg_us=1.466 max_us=28
   3 /opt/llama.cpp/ggml/src/ggml-cuda/ggml-cuda.cu:847 calls=150 total_ms=0.150 avg_us=1.000 max_us=3
=== END CUDA SYNC PROFILE ===
backend-sync-trace: count=7300 backend=CUDA0 caller=ggml_backend_sched_graph_compute_async_ext+0xecc

=== CUDA SYNC PROFILE (instrumentation only) ===
total_syncs = 7300
total_wait_ms = 4577.216
max_wait_us = 141865
sites = 5
wait_hist_us = logarithmic buckets
  hist[0] = 6576
  hist[1] = 433
  hist[2] = 14
  hist[3] = 14
  hist[4] = 7
  hist[9] = 42
  hist[10] = 103
  hist[11] = 25
  hist[14] = 17
  hist[15] = 56
  hist[16] = 12
  hist[17] = 1
by_callsite (caller PC; symbolize with addr2line):
   0 caller=0x78b11f95c0d2 calls=3063 total_ms=4574.719 avg_us=1493.542 max_us=141865
   1 caller=0x78b11f96098c calls=2336 total_ms=0.988 avg_us=0.423 max_us=18
   2 caller=0x78b11f96089c calls=864 total_ms=0.803 avg_us=0.929 max_us=17
   3 caller=0x78b11f95f852 calls=173 total_ms=0.358 avg_us=2.069 max_us=15
   4 caller=0x78b11f960abd calls=864 total_ms=0.348 avg_us=0.403 max_us=2
direct_cudaStreamSynchronize: calls=3376 total_ms=19.601 max_us=2532
by_direct_callsite (file:line):
   0 /opt/llama.cpp/ggml/src/ggml-cuda/ggml-cuda.cu:839 calls=3023 total_ms=13.330 avg_us=4.410 max_us=354
   1 /opt/llama.cpp/ggml/src/ggml-cuda/ggml-cuda.cu:900 calls=12 total_ms=5.841 avg_us=486.750 max_us=2532
   2 /opt/llama.cpp/ggml/src/ggml-cuda/ggml-cuda.cu:2665 calls=191 total_ms=0.280 avg_us=1.466 max_us=28
   3 /opt/llama.cpp/ggml/src/ggml-cuda/ggml-cuda.cu:847 calls=150 total_ms=0.150 avg_us=1.000 max_us=3
=== END CUDA SYNC PROFILE ===

=== CUDA SYNC PROFILE (instrumentation only) ===
total_syncs = 7369
total_wait_ms = 4579.034
max_wait_us = 141865
sites = 5
wait_hist_us = logarithmic buckets
  hist[0] = 6641
  hist[1] = 435
  hist[2] = 14
  hist[3] = 14
  hist[4] = 7
  hist[9] = 44
  hist[10] = 103
  hist[11] = 25
  hist[14] = 17
  hist[15] = 56
  hist[16] = 12
  hist[17] = 1
by_callsite (caller PC; symbolize with addr2line):
   0 caller=0x78b11f95c0d2 calls=3098 total_ms=4576.519 avg_us=1477.250 max_us=141865
   1 caller=0x78b11f96098c calls=2353 total_ms=0.995 avg_us=0.423 max_us=18
   2 caller=0x78b11f96089c calls=872 total_ms=0.810 avg_us=0.929 max_us=17
   3 caller=0x78b11f95f852 calls=174 total_ms=0.360 avg_us=2.069 max_us=15
   4 caller=0x78b11f960abd calls=872 total_ms=0.350 avg_us=0.401 max_us=2
direct_cudaStreamSynchronize: calls=3400 total_ms=19.701 max_us=2532
by_direct_callsite (file:line):
   0 /opt/llama.cpp/ggml/src/ggml-cuda/ggml-cuda.cu:839 calls=3047 total_ms=13.430 avg_us=4.408 max_us=354
   1 /opt/llama.cpp/ggml/src/ggml-cuda/ggml-cuda.cu:900 calls=12 total_ms=5.841 avg_us=486.750 max_us=2532
   2 /opt/llama.cpp/ggml/src/ggml-cuda/ggml-cuda.cu:2665 calls=191 total_ms=0.280 avg_us=1.466 max_us=28
   3 /opt/llama.cpp/ggml/src/ggml-cuda/ggml-cuda.cu:847 calls=150 total_ms=0.150 avg_us=1.000 max_us=3
=== END CUDA SYNC PROFILE ===
backend-sync-trace: count=7400 backend=CUDA0 caller=ggml_backend_sched_graph_compute_async_ext+0xffd

=== CUDA SYNC PROFILE (instrumentation only) ===
total_syncs = 7400
total_wait_ms = 4606.521
max_wait_us = 141865
sites = 5
wait_hist_us = logarithmic buckets
  hist[0] = 6669
  hist[1] = 437
  hist[2] = 14
  hist[3] = 14
  hist[4] = 7
  hist[9] = 44
  hist[10] = 103
  hist[11] = 25
  hist[14] = 18
  hist[15] = 56
  hist[16] = 12
  hist[17] = 1
by_callsite (caller PC; symbolize with addr2line):
   0 caller=0x78b11f95c0d2 calls=3109 total_ms=4603.997 avg_us=1480.861 max_us=141865
   1 caller=0x78b11f96098c calls=2363 total_ms=0.997 avg_us=0.422 max_us=18
   2 caller=0x78b11f96089c calls=876 total_ms=0.813 avg_us=0.928 max_us=17
   3 caller=0x78b11f95f852 calls=176 total_ms=0.363 avg_us=2.062 max_us=15
   4 caller=0x78b11f960abd calls=876 total_ms=0.351 avg_us=0.401 max_us=2
direct_cudaStreamSynchronize: calls=3412 total_ms=19.744 max_us=2532
by_direct_callsite (file:line):
   0 /opt/llama.cpp/ggml/src/ggml-cuda/ggml-cuda.cu:839 calls=3059 total_ms=13.473 avg_us=4.404 max_us=354
   1 /opt/llama.cpp/ggml/src/ggml-cuda/ggml-cuda.cu:900 calls=12 total_ms=5.841 avg_us=486.750 max_us=2532
   2 /opt/llama.cpp/ggml/src/ggml-cuda/ggml-cuda.cu:2665 calls=191 total_ms=0.280 avg_us=1.466 max_us=28
   3 /opt/llama.cpp/ggml/src/ggml-cuda/ggml-cuda.cu:847 calls=150 total_ms=0.150 avg_us=1.000 max_us=3
=== END CUDA SYNC PROFILE ===
backend-sync-trace: count=7500 backend=CUDA0 caller=ggml_backend_sched_graph_compute_async_ext+0xddc

=== CUDA SYNC PROFILE (instrumentation only) ===
total_syncs = 7500
total_wait_ms = 4642.984
max_wait_us = 141865
sites = 5
wait_hist_us = logarithmic buckets
  hist[0] = 6760
  hist[1] = 442
  hist[2] = 14
  hist[3] = 14
  hist[4] = 7
  hist[9] = 44
  hist[10] = 106
  hist[11] = 25
  hist[14] = 19
  hist[15] = 56
  hist[16] = 12
  hist[17] = 1
by_callsite (caller PC; symbolize with addr2line):
   0 caller=0x78b11f95c0d2 calls=3153 total_ms=4640.433 avg_us=1471.752 max_us=141865
   1 caller=0x78b11f96098c calls=2394 total_ms=1.006 avg_us=0.420 max_us=18
   2 caller=0x78b11f96089c calls=888 total_ms=0.825 avg_us=0.929 max_us=17
   3 caller=0x78b11f95f852 calls=178 total_ms=0.367 avg_us=2.062 max_us=15
   4 caller=0x78b11f960abd calls=887 total_ms=0.353 avg_us=0.398 max_us=2
direct_cudaStreamSynchronize: calls=3453 total_ms=19.907 max_us=2532
by_direct_callsite (file:line):
   0 /opt/llama.cpp/ggml/src/ggml-cuda/ggml-cuda.cu:839 calls=3100 total_ms=13.636 avg_us=4.399 max_us=354
   1 /opt/llama.cpp/ggml/src/ggml-cuda/ggml-cuda.cu:900 calls=12 total_ms=5.841 avg_us=486.750 max_us=2532
   2 /opt/llama.cpp/ggml/src/ggml-cuda/ggml-cuda.cu:2665 calls=191 total_ms=0.280 avg_us=1.466 max_us=28
   3 /opt/llama.cpp/ggml/src/ggml-cuda/ggml-cuda.cu:847 calls=150 total_ms=0.150 avg_us=1.000 max_us=3
=== END CUDA SYNC PROFILE ===
backend-sync-trace: count=7600 backend=CUDA0 caller=ggml_backend_sched_graph_compute_async_ext+0xffd

=== CUDA SYNC PROFILE (instrumentation only) ===
total_syncs = 7600
total_wait_ms = 4671.757
max_wait_us = 141865
sites = 5
wait_hist_us = logarithmic buckets
  hist[0] = 6851
  hist[1] = 447
  hist[2] = 14
  hist[3] = 14
  hist[4] = 7
  hist[9] = 45
  hist[10] = 108
  hist[11] = 25
  hist[14] = 20
  hist[15] = 56
  hist[16] = 12
  hist[17] = 1
by_callsite (caller PC; symbolize with addr2line):
   0 caller=0x78b11f95c0d2 calls=3191 total_ms=4669.177 avg_us=1463.233 max_us=141865
   1 caller=0x78b11f96098c calls=2425 total_ms=1.015 avg_us=0.419 max_us=18
   2 caller=0x78b11f96089c calls=902 total_ms=0.835 avg_us=0.926 max_us=17
   3 caller=0x78b11f95f852 calls=180 total_ms=0.371 avg_us=2.061 max_us=15
   4 caller=0x78b11f960abd calls=902 total_ms=0.359 avg_us=0.398 max_us=2
direct_cudaStreamSynchronize: calls=3495 total_ms=20.073 max_us=2532
by_direct_callsite (file:line):
   0 /opt/llama.cpp/ggml/src/ggml-cuda/ggml-cuda.cu:839 calls=3142 total_ms=13.802 avg_us=4.393 max_us=354
   1 /opt/llama.cpp/ggml/src/ggml-cuda/ggml-cuda.cu:900 calls=12 total_ms=5.841 avg_us=486.750 max_us=2532
   2 /opt/llama.cpp/ggml/src/ggml-cuda/ggml-cuda.cu:2665 calls=191 total_ms=0.280 avg_us=1.466 max_us=28
   3 /opt/llama.cpp/ggml/src/ggml-cuda/ggml-cuda.cu:847 calls=150 total_ms=0.150 avg_us=1.000 max_us=3
=== END CUDA SYNC PROFILE ===

=== CUDA SYNC PROFILE (instrumentation only) ===
total_syncs = 7604
total_wait_ms = 4671.758
max_wait_us = 141865
sites = 5
wait_hist_us = logarithmic buckets
  hist[0] = 6855
  hist[1] = 447
  hist[2] = 14
  hist[3] = 14
  hist[4] = 7
  hist[9] = 45
  hist[10] = 108
  hist[11] = 25
  hist[14] = 20
  hist[15] = 56
  hist[16] = 12
  hist[17] = 1
by_callsite (caller PC; symbolize with addr2line):
   0 caller=0x78b11f95c0d2 calls=3191 total_ms=4669.177 avg_us=1463.233 max_us=141865
   1 caller=0x78b11f96098c calls=2429 total_ms=1.016 avg_us=0.418 max_us=18
   2 caller=0x78b11f96089c calls=902 total_ms=0.835 avg_us=0.926 max_us=17
   3 caller=0x78b11f95f852 calls=180 total_ms=0.371 avg_us=2.061 max_us=15
   4 caller=0x78b11f960abd calls=902 total_ms=0.359 avg_us=0.398 max_us=2
direct_cudaStreamSynchronize: calls=3500 total_ms=20.137 max_us=2532
by_direct_callsite (file:line):
   0 /opt/llama.cpp/ggml/src/ggml-cuda/ggml-cuda.cu:839 calls=3147 total_ms=13.866 avg_us=4.406 max_us=354
   1 /opt/llama.cpp/ggml/src/ggml-cuda/ggml-cuda.cu:900 calls=12 total_ms=5.841 avg_us=486.750 max_us=2532
   2 /opt/llama.cpp/ggml/src/ggml-cuda/ggml-cuda.cu:2665 calls=191 total_ms=0.280 avg_us=1.466 max_us=28
   3 /opt/llama.cpp/ggml/src/ggml-cuda/ggml-cuda.cu:847 calls=150 total_ms=0.150 avg_us=1.000 max_us=3
=== END CUDA SYNC PROFILE ===
backend-sync-trace: count=7700 backend=CUDA0 caller=ggml_backend_sched_graph_compute_async_ext+0xecc

=== CUDA SYNC PROFILE (instrumentation only) ===
total_syncs = 7700
total_wait_ms = 4742.095
max_wait_us = 141865
sites = 5
wait_hist_us = logarithmic buckets
  hist[0] = 6943
  hist[1] = 451
  hist[2] = 14
  hist[3] = 14
  hist[4] = 7
  hist[9] = 45
  hist[10] = 110
  hist[11] = 25
  hist[14] = 21
  hist[15] = 57
  hist[16] = 12
  hist[17] = 1
by_callsite (caller PC; symbolize with addr2line):
   0 caller=0x78b11f95c0d2 calls=3218 total_ms=4739.483 avg_us=1472.804 max_us=141865
   1 caller=0x78b11f96098c calls=2471 total_ms=1.029 avg_us=0.416 max_us=18
   2 caller=0x78b11f96089c calls=914 total_ms=0.844 avg_us=0.923 max_us=17
   3 caller=0x78b11f95f852 calls=183 total_ms=0.377 avg_us=2.060 max_us=15
   4 caller=0x78b11f960abd calls=914 total_ms=0.362 avg_us=0.396 max_us=2
direct_cudaStreamSynchronize: calls=3551 total_ms=20.347 max_us=2532
by_direct_callsite (file:line):
   0 /opt/llama.cpp/ggml/src/ggml-cuda/ggml-cuda.cu:839 calls=3198 total_ms=14.076 avg_us=4.402 max_us=354
   1 /opt/llama.cpp/ggml/src/ggml-cuda/ggml-cuda.cu:900 calls=12 total_ms=5.841 avg_us=486.750 max_us=2532
   2 /opt/llama.cpp/ggml/src/ggml-cuda/ggml-cuda.cu:2665 calls=191 total_ms=0.280 avg_us=1.466 max_us=28
   3 /opt/llama.cpp/ggml/src/ggml-cuda/ggml-cuda.cu:847 calls=150 total_ms=0.150 avg_us=1.000 max_us=3
=== END CUDA SYNC PROFILE ===
backend-sync-trace: count=7800 backend=CUDA0 caller=ggml_backend_sched_graph_compute_async_ext+0xffd

=== CUDA SYNC PROFILE (instrumentation only) ===
total_syncs = 7800
total_wait_ms = 4773.404
max_wait_us = 141865
sites = 5
wait_hist_us = logarithmic buckets
  hist[0] = 7036
  hist[1] = 454
  hist[2] = 14
  hist[3] = 14
  hist[4] = 8
  hist[9] = 45
  hist[10] = 112
  hist[11] = 25
  hist[14] = 22
  hist[15] = 57
  hist[16] = 12
  hist[17] = 1
by_callsite (caller PC; symbolize with addr2line):
   0 caller=0x78b11f95c0d2 calls=3264 total_ms=4770.765 avg_us=1461.631 max_us=141865
   1 caller=0x78b11f96098c calls=2498 total_ms=1.038 avg_us=0.416 max_us=18
   2 caller=0x78b11f96089c calls=926 total_ms=0.852 avg_us=0.920 max_us=17
   3 caller=0x78b11f95f852 calls=186 total_ms=0.382 avg_us=2.054 max_us=15
   4 caller=0x78b11f960abd calls=926 total_ms=0.367 avg_us=0.396 max_us=2
direct_cudaStreamSynchronize: calls=3587 total_ms=20.490 max_us=2532
by_direct_callsite (file:line):
   0 /opt/llama.cpp/ggml/src/ggml-cuda/ggml-cuda.cu:839 calls=3234 total_ms=14.219 avg_us=4.397 max_us=354
   1 /opt/llama.cpp/ggml/src/ggml-cuda/ggml-cuda.cu:900 calls=12 total_ms=5.841 avg_us=486.750 max_us=2532
   2 /opt/llama.cpp/ggml/src/ggml-cuda/ggml-cuda.cu:2665 calls=191 total_ms=0.280 avg_us=1.466 max_us=28
   3 /opt/llama.cpp/ggml/src/ggml-cuda/ggml-cuda.cu:847 calls=150 total_ms=0.150 avg_us=1.000 max_us=3
=== END CUDA SYNC PROFILE ===

=== CUDA SYNC PROFILE (instrumentation only) ===
total_syncs = 7830
total_wait_ms = 4776.815
max_wait_us = 141865
sites = 5
wait_hist_us = logarithmic buckets
  hist[0] = 7062
  hist[1] = 456
  hist[2] = 14
  hist[3] = 14
  hist[4] = 8
  hist[9] = 46
  hist[10] = 112
  hist[11] = 26
  hist[14] = 22
  hist[15] = 57
  hist[16] = 12
  hist[17] = 1
by_callsite (caller PC; symbolize with addr2line):
   0 caller=0x78b11f95c0d2 calls=3278 total_ms=4774.170 avg_us=1456.428 max_us=141865
   1 caller=0x78b11f96098c calls=2506 total_ms=1.040 avg_us=0.415 max_us=18
   2 caller=0x78b11f96089c calls=930 total_ms=0.856 avg_us=0.920 max_us=17
   3 caller=0x78b11f95f852 calls=186 total_ms=0.382 avg_us=2.054 max_us=15
   4 caller=0x78b11f960abd calls=930 total_ms=0.367 avg_us=0.395 max_us=2
direct_cudaStreamSynchronize: calls=3600 total_ms=20.536 max_us=2532
by_direct_callsite (file:line):
   0 /opt/llama.cpp/ggml/src/ggml-cuda/ggml-cuda.cu:839 calls=3247 total_ms=14.265 avg_us=4.393 max_us=354
   1 /opt/llama.cpp/ggml/src/ggml-cuda/ggml-cuda.cu:900 calls=12 total_ms=5.841 avg_us=486.750 max_us=2532
   2 /opt/llama.cpp/ggml/src/ggml-cuda/ggml-cuda.cu:2665 calls=191 total_ms=0.280 avg_us=1.466 max_us=28
   3 /opt/llama.cpp/ggml/src/ggml-cuda/ggml-cuda.cu:847 calls=150 total_ms=0.150 avg_us=1.000 max_us=3
=== END CUDA SYNC PROFILE ===
backend-sync-trace: count=7900 backend=CUDA0 caller=ggml_backend_sched_synchronize+0x62

=== CUDA SYNC PROFILE (instrumentation only) ===
total_syncs = 7900
total_wait_ms = 4811.246
max_wait_us = 141865
sites = 5
wait_hist_us = logarithmic buckets
  hist[0] = 7126
  hist[1] = 459
  hist[2] = 14
  hist[3] = 14
  hist[4] = 8
  hist[9] = 46
  hist[10] = 113
  hist[11] = 27
  hist[14] = 23
  hist[15] = 57
  hist[16] = 12
  hist[17] = 1
by_callsite (caller PC; symbolize with addr2line):
   0 caller=0x78b11f95c0d2 calls=3303 total_ms=4808.575 avg_us=1455.820 max_us=141865
   1 caller=0x78b11f96098c calls=2533 total_ms=1.053 avg_us=0.416 max_us=18
   2 caller=0x78b11f96089c calls=938 total_ms=0.860 avg_us=0.917 max_us=17
   3 caller=0x78b11f95f852 calls=188 total_ms=0.386 avg_us=2.053 max_us=15
   4 caller=0x78b11f960abd calls=938 total_ms=0.372 avg_us=0.397 max_us=2
direct_cudaStreamSynchronize: calls=3633 total_ms=20.662 max_us=2532
by_direct_callsite (file:line):
   0 /opt/llama.cpp/ggml/src/ggml-cuda/ggml-cuda.cu:839 calls=3280 total_ms=14.391 avg_us=4.388 max_us=354
   1 /opt/llama.cpp/ggml/src/ggml-cuda/ggml-cuda.cu:900 calls=12 total_ms=5.841 avg_us=486.750 max_us=2532
   2 /opt/llama.cpp/ggml/src/ggml-cuda/ggml-cuda.cu:2665 calls=191 total_ms=0.280 avg_us=1.466 max_us=28
   3 /opt/llama.cpp/ggml/src/ggml-cuda/ggml-cuda.cu:847 calls=150 total_ms=0.150 avg_us=1.000 max_us=3
=== END CUDA SYNC PROFILE ===
backend-sync-trace: count=8000 backend=CUDA0 caller=ggml_backend_sched_graph_compute_async_ext+0xecc

=== CUDA SYNC PROFILE (instrumentation only) ===
total_syncs = 8000
total_wait_ms = 4844.919
max_wait_us = 141865
sites = 5
wait_hist_us = logarithmic buckets
  hist[0] = 7219
  hist[1] = 463
  hist[2] = 14
  hist[3] = 14
  hist[4] = 8
  hist[9] = 47
  hist[10] = 114
  hist[11] = 27
  hist[14] = 24
  hist[15] = 57
  hist[16] = 12
  hist[17] = 1
by_callsite (caller PC; symbolize with addr2line):
   0 caller=0x78b11f95c0d2 calls=3340 total_ms=4842.219 avg_us=1449.766 max_us=141865
   1 caller=0x78b11f96098c calls=2566 total_ms=1.062 avg_us=0.414 max_us=18
   2 caller=0x78b11f96089c calls=952 total_ms=0.871 avg_us=0.915 max_us=17
   3 caller=0x78b11f95f852 calls=190 total_ms=0.389 avg_us=2.047 max_us=15
   4 caller=0x78b11f960abd calls=952 total_ms=0.378 avg_us=0.397 max_us=2
direct_cudaStreamSynchronize: calls=3676 total_ms=20.849 max_us=2532
by_direct_callsite (file:line):
   0 /opt/llama.cpp/ggml/src/ggml-cuda/ggml-cuda.cu:839 calls=3323 total_ms=14.578 avg_us=4.387 max_us=354
   1 /opt/llama.cpp/ggml/src/ggml-cuda/ggml-cuda.cu:900 calls=12 total_ms=5.841 avg_us=486.750 max_us=2532
   2 /opt/llama.cpp/ggml/src/ggml-cuda/ggml-cuda.cu:2665 calls=191 total_ms=0.280 avg_us=1.466 max_us=28
   3 /opt/llama.cpp/ggml/src/ggml-cuda/ggml-cuda.cu:847 calls=150 total_ms=0.150 avg_us=1.000 max_us=3
=== END CUDA SYNC PROFILE ===

=== CUDA SYNC PROFILE (instrumentation only) ===
total_syncs = 8062
total_wait_ms = 4870.528
max_wait_us = 141865
sites = 5
wait_hist_us = logarithmic buckets
  hist[0] = 7278
  hist[1] = 464
  hist[2] = 14
  hist[3] = 14
  hist[4] = 8
  hist[9] = 47
  hist[10] = 115
  hist[11] = 27
  hist[14] = 25
  hist[15] = 57
  hist[16] = 12
  hist[17] = 1
by_callsite (caller PC; symbolize with addr2line):
   0 caller=0x78b11f95c0d2 calls=3370 total_ms=4867.811 avg_us=1444.454 max_us=141865
   1 caller=0x78b11f96098c calls=2584 total_ms=1.069 avg_us=0.414 max_us=18
   2 caller=0x78b11f96089c calls=958 total_ms=0.876 avg_us=0.914 max_us=17
   3 caller=0x78b11f95f852 calls=192 total_ms=0.392 avg_us=2.042 max_us=15
   4 caller=0x78b11f960abd calls=958 total_ms=0.380 avg_us=0.397 max_us=2
direct_cudaStreamSynchronize: calls=3700 total_ms=20.934 max_us=2532
by_direct_callsite (file:line):
   0 /opt/llama.cpp/ggml/src/ggml-cuda/ggml-cuda.cu:839 calls=3347 total_ms=14.663 avg_us=4.381 max_us=354
   1 /opt/llama.cpp/ggml/src/ggml-cuda/ggml-cuda.cu:900 calls=12 total_ms=5.841 avg_us=486.750 max_us=2532
   2 /opt/llama.cpp/ggml/src/ggml-cuda/ggml-cuda.cu:2665 calls=191 total_ms=0.280 avg_us=1.466 max_us=28
   3 /opt/llama.cpp/ggml/src/ggml-cuda/ggml-cuda.cu:847 calls=150 total_ms=0.150 avg_us=1.000 max_us=3
=== END CUDA SYNC PROFILE ===
backend-sync-trace: count=8100 backend=CUDA0 caller=ggml_backend_sched_graph_compute_async_ext+0xffd

=== CUDA SYNC PROFILE (instrumentation only) ===
total_syncs = 8100
total_wait_ms = 4909.105
max_wait_us = 141865
sites = 5
wait_hist_us = logarithmic buckets
  hist[0] = 7312
  hist[1] = 466
  hist[2] = 14
  hist[3] = 14
  hist[4] = 8
  hist[9] = 47
  hist[10] = 116
  hist[11] = 27
  hist[14] = 25
  hist[15] = 58
  hist[16] = 12
  hist[17] = 1
by_callsite (caller PC; symbolize with addr2line):
   0 caller=0x78b11f95c0d2 calls=3379 total_ms=4906.372 avg_us=1452.019 max_us=141865
   1 caller=0x78b11f96098c calls=2602 total_ms=1.075 avg_us=0.413 max_us=18
   2 caller=0x78b11f96089c calls=963 total_ms=0.882 avg_us=0.916 max_us=17
   3 caller=0x78b11f95f852 calls=193 total_ms=0.394 avg_us=2.041 max_us=15
   4 caller=0x78b11f960abd calls=963 total_ms=0.382 avg_us=0.397 max_us=2
direct_cudaStreamSynchronize: calls=3721 total_ms=21.015 max_us=2532
by_direct_callsite (file:line):
   0 /opt/llama.cpp/ggml/src/ggml-cuda/ggml-cuda.cu:839 calls=3368 total_ms=14.744 avg_us=4.378 max_us=354
   1 /opt/llama.cpp/ggml/src/ggml-cuda/ggml-cuda.cu:900 calls=12 total_ms=5.841 avg_us=486.750 max_us=2532
   2 /opt/llama.cpp/ggml/src/ggml-cuda/ggml-cuda.cu:2665 calls=191 total_ms=0.280 avg_us=1.466 max_us=28
   3 /opt/llama.cpp/ggml/src/ggml-cuda/ggml-cuda.cu:847 calls=150 total_ms=0.150 avg_us=1.000 max_us=3
=== END CUDA SYNC PROFILE ===
backend-sync-trace: count=8200 backend=CUDA0 caller=ggml_backend_sched_graph_compute_async_ext+0xffd

=== CUDA SYNC PROFILE (instrumentation only) ===
total_syncs = 8200
total_wait_ms = 4943.293
max_wait_us = 141865
sites = 5
wait_hist_us = logarithmic buckets
  hist[0] = 7405
  hist[1] = 470
  hist[2] = 14
  hist[3] = 14
  hist[4] = 8
  hist[9] = 48
  hist[10] = 117
  hist[11] = 27
  hist[14] = 26
  hist[15] = 58
  hist[16] = 12
  hist[17] = 1
by_callsite (caller PC; symbolize with addr2line):
   0 caller=0x78b11f95c0d2 calls=3419 total_ms=4940.525 avg_us=1445.020 max_us=141865
   1 caller=0x78b11f96098c calls=2633 total_ms=1.088 avg_us=0.413 max_us=18
   2 caller=0x78b11f96089c calls=976 total_ms=0.896 avg_us=0.918 max_us=17
   3 caller=0x78b11f95f852 calls=196 total_ms=0.399 avg_us=2.036 max_us=15
   4 caller=0x78b11f960abd calls=976 total_ms=0.385 avg_us=0.394 max_us=2
direct_cudaStreamSynchronize: calls=3762 total_ms=21.181 max_us=2532
by_direct_callsite (file:line):
   0 /opt/llama.cpp/ggml/src/ggml-cuda/ggml-cuda.cu:839 calls=3409 total_ms=14.910 avg_us=4.374 max_us=354
   1 /opt/llama.cpp/ggml/src/ggml-cuda/ggml-cuda.cu:900 calls=12 total_ms=5.841 avg_us=486.750 max_us=2532
   2 /opt/llama.cpp/ggml/src/ggml-cuda/ggml-cuda.cu:2665 calls=191 total_ms=0.280 avg_us=1.466 max_us=28
   3 /opt/llama.cpp/ggml/src/ggml-cuda/ggml-cuda.cu:847 calls=150 total_ms=0.150 avg_us=1.000 max_us=3
=== END CUDA SYNC PROFILE ===

=== CUDA SYNC PROFILE (instrumentation only) ===
total_syncs = 8276
total_wait_ms = 4984.063
max_wait_us = 141865
sites = 5
wait_hist_us = logarithmic buckets
  hist[0] = 7475
  hist[1] = 473
  hist[2] = 14
  hist[3] = 14
  hist[4] = 8
  hist[9] = 48
  hist[10] = 119
  hist[11] = 27
  hist[14] = 26
  hist[15] = 59
  hist[16] = 12
  hist[17] = 1
by_callsite (caller PC; symbolize with addr2line):
   0 caller=0x78b11f95c0d2 calls=3444 total_ms=4981.267 avg_us=1446.361 max_us=141865
   1 caller=0x78b11f96098c calls=2662 total_ms=1.098 avg_us=0.412 max_us=18
   2 caller=0x78b11f96089c calls=986 total_ms=0.903 avg_us=0.916 max_us=17
   3 caller=0x78b11f95f852 calls=198 total_ms=0.403 avg_us=2.035 max_us=15
   4 caller=0x78b11f960abd calls=986 total_ms=0.392 avg_us=0.398 max_us=2
direct_cudaStreamSynchronize: calls=3800 total_ms=21.332 max_us=2532
by_direct_callsite (file:line):
   0 /opt/llama.cpp/ggml/src/ggml-cuda/ggml-cuda.cu:839 calls=3447 total_ms=15.061 avg_us=4.369 max_us=354
   1 /opt/llama.cpp/ggml/src/ggml-cuda/ggml-cuda.cu:900 calls=12 total_ms=5.841 avg_us=486.750 max_us=2532
   2 /opt/llama.cpp/ggml/src/ggml-cuda/ggml-cuda.cu:2665 calls=191 total_ms=0.280 avg_us=1.466 max_us=28
   3 /opt/llama.cpp/ggml/src/ggml-cuda/ggml-cuda.cu:847 calls=150 total_ms=0.150 avg_us=1.000 max_us=3
=== END CUDA SYNC PROFILE ===
backend-sync-trace: count=8300 backend=CUDA0 caller=ggml_backend_sched_synchronize+0x62

=== CUDA SYNC PROFILE (instrumentation only) ===
total_syncs = 8300
total_wait_ms = 4986.705
max_wait_us = 141865
sites = 5
wait_hist_us = logarithmic buckets
  hist[0] = 7496
  hist[1] = 474
  hist[2] = 14
  hist[3] = 14
  hist[4] = 8
  hist[9] = 49
  hist[10] = 120
  hist[11] = 27
  hist[14] = 26
  hist[15] = 59
  hist[16] = 12
  hist[17] = 1
by_callsite (caller PC; symbolize with addr2line):
   0 caller=0x78b11f95c0d2 calls=3458 total_ms=4983.905 avg_us=1441.268 max_us=141865
   1 caller=0x78b11f96098c calls=2668 total_ms=1.100 avg_us=0.412 max_us=18
   2 caller=0x78b11f96089c calls=988 total_ms=0.904 avg_us=0.915 max_us=17
   3 caller=0x78b11f95f852 calls=198 total_ms=0.403 avg_us=2.035 max_us=15
   4 caller=0x78b11f960abd calls=988 total_ms=0.393 avg_us=0.398 max_us=2
direct_cudaStreamSynchronize: calls=3808 total_ms=21.358 max_us=2532
by_direct_callsite (file:line):
   0 /opt/llama.cpp/ggml/src/ggml-cuda/ggml-cuda.cu:839 calls=3455 total_ms=15.087 avg_us=4.367 max_us=354
   1 /opt/llama.cpp/ggml/src/ggml-cuda/ggml-cuda.cu:900 calls=12 total_ms=5.841 avg_us=486.750 max_us=2532
   2 /opt/llama.cpp/ggml/src/ggml-cuda/ggml-cuda.cu:2665 calls=191 total_ms=0.280 avg_us=1.466 max_us=28
   3 /opt/llama.cpp/ggml/src/ggml-cuda/ggml-cuda.cu:847 calls=150 total_ms=0.150 avg_us=1.000 max_us=3
=== END CUDA SYNC PROFILE ===
backend-sync-trace: count=8400 backend=CUDA0 caller=ggml_backend_sched_graph_compute_async_ext+0xecc

=== CUDA SYNC PROFILE (instrumentation only) ===
total_syncs = 8400
total_wait_ms = 5020.444
max_wait_us = 141865
sites = 5
wait_hist_us = logarithmic buckets
  hist[0] = 7588
  hist[1] = 478
  hist[2] = 14
  hist[3] = 14
  hist[4] = 9
  hist[9] = 51
  hist[10] = 120
  hist[11] = 27
  hist[14] = 27
  hist[15] = 59
  hist[16] = 12
  hist[17] = 1
by_callsite (caller PC; symbolize with addr2line):
   0 caller=0x78b11f95c0d2 calls=3495 total_ms=5017.589 avg_us=1435.648 max_us=141865
   1 caller=0x78b11f96098c calls=2701 total_ms=1.111 avg_us=0.411 max_us=18
   2 caller=0x78b11f96089c calls=1002 total_ms=0.916 avg_us=0.914 max_us=17
   3 caller=0x78b11f960abd calls=1002 total_ms=0.421 avg_us=0.420 max_us=25
   4 caller=0x78b11f95f852 calls=200 total_ms=0.407 avg_us=2.035 max_us=15
direct_cudaStreamSynchronize: calls=3851 total_ms=21.547 max_us=2532
by_direct_callsite (file:line):
   0 /opt/llama.cpp/ggml/src/ggml-cuda/ggml-cuda.cu:839 calls=3498 total_ms=15.276 avg_us=4.367 max_us=354
   1 /opt/llama.cpp/ggml/src/ggml-cuda/ggml-cuda.cu:900 calls=12 total_ms=5.841 avg_us=486.750 max_us=2532
   2 /opt/llama.cpp/ggml/src/ggml-cuda/ggml-cuda.cu:2665 calls=191 total_ms=0.280 avg_us=1.466 max_us=28
   3 /opt/llama.cpp/ggml/src/ggml-cuda/ggml-cuda.cu:847 calls=150 total_ms=0.150 avg_us=1.000 max_us=3
=== END CUDA SYNC PROFILE ===

=== CUDA SYNC PROFILE (instrumentation only) ===
total_syncs = 8498
total_wait_ms = 5081.554
max_wait_us = 141865
sites = 5
wait_hist_us = logarithmic buckets
  hist[0] = 7680
  hist[1] = 480
  hist[2] = 14
  hist[3] = 14
  hist[4] = 9
  hist[9] = 52
  hist[10] = 121
  hist[11] = 27
  hist[14] = 29
  hist[15] = 59
  hist[16] = 12
  hist[17] = 1
by_callsite (caller PC; symbolize with addr2line):
   0 caller=0x78b11f95c0d2 calls=3528 total_ms=5078.668 avg_us=1439.532 max_us=141865
   1 caller=0x78b11f96098c calls=2739 total_ms=1.125 avg_us=0.411 max_us=18
   2 caller=0x78b11f96089c calls=1014 total_ms=0.926 avg_us=0.913 max_us=17
   3 caller=0x78b11f960abd calls=1014 total_ms=0.424 avg_us=0.418 max_us=25
   4 caller=0x78b11f95f852 calls=203 total_ms=0.411 avg_us=2.025 max_us=15
direct_cudaStreamSynchronize: calls=3900 total_ms=21.741 max_us=2532
by_direct_callsite (file:line):
   0 /opt/llama.cpp/ggml/src/ggml-cuda/ggml-cuda.cu:839 calls=3547 total_ms=15.470 avg_us=4.361 max_us=354
   1 /opt/llama.cpp/ggml/src/ggml-cuda/ggml-cuda.cu:900 calls=12 total_ms=5.841 avg_us=486.750 max_us=2532
   2 /opt/llama.cpp/ggml/src/ggml-cuda/ggml-cuda.cu:2665 calls=191 total_ms=0.280 avg_us=1.466 max_us=28
   3 /opt/llama.cpp/ggml/src/ggml-cuda/ggml-cuda.cu:847 calls=150 total_ms=0.150 avg_us=1.000 max_us=3
=== END CUDA SYNC PROFILE ===
backend-sync-trace: count=8500 backend=CUDA0 caller=ggml_backend_sched_graph_compute_async_ext+0xecc

=== CUDA SYNC PROFILE (instrumentation only) ===
total_syncs = 8500
total_wait_ms = 5081.556
max_wait_us = 141865
sites = 5
wait_hist_us = logarithmic buckets
  hist[0] = 7682
  hist[1] = 480
  hist[2] = 14
  hist[3] = 14
  hist[4] = 9
  hist[9] = 52
  hist[10] = 121
  hist[11] = 27
  hist[14] = 29
  hist[15] = 59
  hist[16] = 12
  hist[17] = 1
by_callsite (caller PC; symbolize with addr2line):
   0 caller=0x78b11f95c0d2 calls=3528 total_ms=5078.668 avg_us=1439.532 max_us=141865
   1 caller=0x78b11f96098c calls=2741 total_ms=1.127 avg_us=0.411 max_us=18
   2 caller=0x78b11f96089c calls=1014 total_ms=0.926 avg_us=0.913 max_us=17
   3 caller=0x78b11f960abd calls=1014 total_ms=0.424 avg_us=0.418 max_us=25
   4 caller=0x78b11f95f852 calls=203 total_ms=0.411 avg_us=2.025 max_us=15
direct_cudaStreamSynchronize: calls=3901 total_ms=21.743 max_us=2532
by_direct_callsite (file:line):
   0 /opt/llama.cpp/ggml/src/ggml-cuda/ggml-cuda.cu:839 calls=3548 total_ms=15.472 avg_us=4.361 max_us=354
   1 /opt/llama.cpp/ggml/src/ggml-cuda/ggml-cuda.cu:900 calls=12 total_ms=5.841 avg_us=486.750 max_us=2532
   2 /opt/llama.cpp/ggml/src/ggml-cuda/ggml-cuda.cu:2665 calls=191 total_ms=0.280 avg_us=1.466 max_us=28
   3 /opt/llama.cpp/ggml/src/ggml-cuda/ggml-cuda.cu:847 calls=150 total_ms=0.150 avg_us=1.000 max_us=3
=== END CUDA SYNC PROFILE ===
backend-sync-trace: count=8600 backend=CUDA0 caller=ggml_backend_sched_synchronize+0x62

=== CUDA SYNC PROFILE (instrumentation only) ===
total_syncs = 8600
total_wait_ms = 5108.219
max_wait_us = 141865
sites = 5
wait_hist_us = logarithmic buckets
  hist[0] = 7774
  hist[1] = 485
  hist[2] = 14
  hist[3] = 14
  hist[4] = 9
  hist[9] = 52
  hist[10] = 123
  hist[11] = 27
  hist[14] = 30
  hist[15] = 59
  hist[16] = 12
  hist[17] = 1
by_callsite (caller PC; symbolize with addr2line):
   0 caller=0x78b11f95c0d2 calls=3579 total_ms=5105.308 avg_us=1426.462 max_us=141865
   1 caller=0x78b11f96098c calls=2768 total_ms=1.133 avg_us=0.409 max_us=18
   2 caller=0x78b11f96089c calls=1024 total_ms=0.934 avg_us=0.912 max_us=17
   3 caller=0x78b11f960abd calls=1024 total_ms=0.429 avg_us=0.419 max_us=25
   4 caller=0x78b11f95f852 calls=205 total_ms=0.415 avg_us=2.024 max_us=15
direct_cudaStreamSynchronize: calls=3936 total_ms=21.879 max_us=2532
by_direct_callsite (file:line):
   0 /opt/llama.cpp/ggml/src/ggml-cuda/ggml-cuda.cu:839 calls=3583 total_ms=15.608 avg_us=4.356 max_us=354
   1 /opt/llama.cpp/ggml/src/ggml-cuda/ggml-cuda.cu:900 calls=12 total_ms=5.841 avg_us=486.750 max_us=2532
   2 /opt/llama.cpp/ggml/src/ggml-cuda/ggml-cuda.cu:2665 calls=191 total_ms=0.280 avg_us=1.466 max_us=28
   3 /opt/llama.cpp/ggml/src/ggml-cuda/ggml-cuda.cu:847 calls=150 total_ms=0.150 avg_us=1.000 max_us=3
=== END CUDA SYNC PROFILE ===
backend-sync-trace: count=8700 backend=CUDA0 caller=ggml_backend_sched_synchronize+0x62

=== CUDA SYNC PROFILE (instrumentation only) ===
total_syncs = 8700
total_wait_ms = 5143.218
max_wait_us = 141865
sites = 5
wait_hist_us = logarithmic buckets
  hist[0] = 7868
  hist[1] = 487
  hist[2] = 14
  hist[3] = 14
  hist[4] = 9
  hist[9] = 52
  hist[10] = 125
  hist[11] = 28
  hist[14] = 31
  hist[15] = 59
  hist[16] = 12
  hist[17] = 1
by_callsite (caller PC; symbolize with addr2line):
   0 caller=0x78b11f95c0d2 calls=3621 total_ms=5140.275 avg_us=1419.573 max_us=141865
   1 caller=0x78b11f96098c calls=2799 total_ms=1.147 avg_us=0.410 max_us=18
   2 caller=0x78b11f96089c calls=1036 total_ms=0.941 avg_us=0.908 max_us=17
   3 caller=0x78b11f960abd calls=1036 total_ms=0.436 avg_us=0.421 max_us=25
   4 caller=0x78b11f95f852 calls=208 total_ms=0.419 avg_us=2.014 max_us=15
direct_cudaStreamSynchronize: calls=3977 total_ms=22.034 max_us=2532
by_direct_callsite (file:line):
   0 /opt/llama.cpp/ggml/src/ggml-cuda/ggml-cuda.cu:839 calls=3624 total_ms=15.763 avg_us=4.350 max_us=354
   1 /opt/llama.cpp/ggml/src/ggml-cuda/ggml-cuda.cu:900 calls=12 total_ms=5.841 avg_us=486.750 max_us=2532
   2 /opt/llama.cpp/ggml/src/ggml-cuda/ggml-cuda.cu:2665 calls=191 total_ms=0.280 avg_us=1.466 max_us=28
   3 /opt/llama.cpp/ggml/src/ggml-cuda/ggml-cuda.cu:847 calls=150 total_ms=0.150 avg_us=1.000 max_us=3
=== END CUDA SYNC PROFILE ===

=== CUDA SYNC PROFILE (instrumentation only) ===
total_syncs = 8740
total_wait_ms = 5144.133
max_wait_us = 141865
sites = 5
wait_hist_us = logarithmic buckets
  hist[0] = 7906
  hist[1] = 488
  hist[2] = 14
  hist[3] = 14
  hist[4] = 9
  hist[9] = 53
  hist[10] = 125
  hist[11] = 28
  hist[14] = 31
  hist[15] = 59
  hist[16] = 12
  hist[17] = 1
by_callsite (caller PC; symbolize with addr2line):
   0 caller=0x78b11f95c0d2 calls=3631 total_ms=5141.178 avg_us=1415.912 max_us=141865
   1 caller=0x78b11f96098c calls=2817 total_ms=1.154 avg_us=0.410 max_us=18
   2 caller=0x78b11f96089c calls=1042 total_ms=0.945 avg_us=0.907 max_us=17
   3 caller=0x78b11f960abd calls=1042 total_ms=0.437 avg_us=0.419 max_us=25
   4 caller=0x78b11f95f852 calls=208 total_ms=0.419 avg_us=2.014 max_us=15
direct_cudaStreamSynchronize: calls=4000 total_ms=22.126 max_us=2532
by_direct_callsite (file:line):
   0 /opt/llama.cpp/ggml/src/ggml-cuda/ggml-cuda.cu:839 calls=3647 total_ms=15.855 avg_us=4.347 max_us=354
   1 /opt/llama.cpp/ggml/src/ggml-cuda/ggml-cuda.cu:900 calls=12 total_ms=5.841 avg_us=486.750 max_us=2532
   2 /opt/llama.cpp/ggml/src/ggml-cuda/ggml-cuda.cu:2665 calls=191 total_ms=0.280 avg_us=1.466 max_us=28
   3 /opt/llama.cpp/ggml/src/ggml-cuda/ggml-cuda.cu:847 calls=150 total_ms=0.150 avg_us=1.000 max_us=3
=== END CUDA SYNC PROFILE ===
backend-sync-trace: count=8800 backend=CUDA0 caller=ggml_backend_sched_synchronize+0x62

=== CUDA SYNC PROFILE (instrumentation only) ===
total_syncs = 8800
total_wait_ms = 5170.092
max_wait_us = 141865
sites = 5
wait_hist_us = logarithmic buckets
  hist[0] = 7962
  hist[1] = 489
  hist[2] = 14
  hist[3] = 14
  hist[4] = 9
  hist[9] = 55
  hist[10] = 125
  hist[11] = 28
  hist[14] = 32
  hist[15] = 59
  hist[16] = 12
  hist[17] = 1
by_callsite (caller PC; symbolize with addr2line):
   0 caller=0x78b11f95c0d2 calls=3664 total_ms=5167.126 avg_us=1410.242 max_us=141865
   1 caller=0x78b11f96098c calls=2830 total_ms=1.157 avg_us=0.409 max_us=18
   2 caller=0x78b11f96089c calls=1048 total_ms=0.950 avg_us=0.906 max_us=17
   3 caller=0x78b11f960abd calls=1048 total_ms=0.437 avg_us=0.417 max_us=25
   4 caller=0x78b11f95f852 calls=210 total_ms=0.422 avg_us=2.010 max_us=15
direct_cudaStreamSynchronize: calls=4018 total_ms=22.192 max_us=2532
by_direct_callsite (file:line):
   0 /opt/llama.cpp/ggml/src/ggml-cuda/ggml-cuda.cu:839 calls=3665 total_ms=15.921 avg_us=4.344 max_us=354
   1 /opt/llama.cpp/ggml/src/ggml-cuda/ggml-cuda.cu:900 calls=12 total_ms=5.841 avg_us=486.750 max_us=2532
   2 /opt/llama.cpp/ggml/src/ggml-cuda/ggml-cuda.cu:2665 calls=191 total_ms=0.280 avg_us=1.466 max_us=28
   3 /opt/llama.cpp/ggml/src/ggml-cuda/ggml-cuda.cu:847 calls=150 total_ms=0.150 avg_us=1.000 max_us=3
=== END CUDA SYNC PROFILE ===
backend-sync-trace: count=8900 backend=CUDA0 caller=ggml_backend_sched_graph_compute_async_ext+0xecc

=== CUDA SYNC PROFILE (instrumentation only) ===
total_syncs = 8900
total_wait_ms = 5199.815
max_wait_us = 141865
sites = 5
wait_hist_us = logarithmic buckets
  hist[0] = 8055
  hist[1] = 493
  hist[2] = 14
  hist[3] = 14
  hist[4] = 9
  hist[9] = 55
  hist[10] = 126
  hist[11] = 29
  hist[14] = 33
  hist[15] = 59
  hist[16] = 12
  hist[17] = 1
by_callsite (caller PC; symbolize with addr2line):
   0 caller=0x78b11f95c0d2 calls=3693 total_ms=5196.814 avg_us=1407.207 max_us=141865
   1 caller=0x78b11f96098c calls=2871 total_ms=1.170 avg_us=0.408 max_us=18
   2 caller=0x78b11f96089c calls=1062 total_ms=0.962 avg_us=0.906 max_us=17
   3 caller=0x78b11f960abd calls=1062 total_ms=0.443 avg_us=0.417 max_us=25
   4 caller=0x78b11f95f852 calls=212 total_ms=0.426 avg_us=2.009 max_us=15
direct_cudaStreamSynchronize: calls=4069 total_ms=22.399 max_us=2532
by_direct_callsite (file:line):
   0 /opt/llama.cpp/ggml/src/ggml-cuda/ggml-cuda.cu:839 calls=3716 total_ms=16.128 avg_us=4.340 max_us=354
   1 /opt/llama.cpp/ggml/src/ggml-cuda/ggml-cuda.cu:900 calls=12 total_ms=5.841 avg_us=486.750 max_us=2532
   2 /opt/llama.cpp/ggml/src/ggml-cuda/ggml-cuda.cu:2665 calls=191 total_ms=0.280 avg_us=1.466 max_us=28
   3 /opt/llama.cpp/ggml/src/ggml-cuda/ggml-cuda.cu:847 calls=150 total_ms=0.150 avg_us=1.000 max_us=3
=== END CUDA SYNC PROFILE ===

=== CUDA SYNC PROFILE (instrumentation only) ===
total_syncs = 8981
total_wait_ms = 5237.894
max_wait_us = 141865
sites = 5
wait_hist_us = logarithmic buckets
  hist[0] = 8130
  hist[1] = 496
  hist[2] = 14
  hist[3] = 14
  hist[4] = 9
  hist[9] = 57
  hist[10] = 126
  hist[11] = 29
  hist[14] = 33
  hist[15] = 60
  hist[16] = 12
  hist[17] = 1
by_callsite (caller PC; symbolize with addr2line):
   0 caller=0x78b11f95c0d2 calls=3730 total_ms=5234.867 avg_us=1403.450 max_us=141865
   1 caller=0x78b11f96098c calls=2893 total_ms=1.180 avg_us=0.408 max_us=18
   2 caller=0x78b11f96089c calls=1072 total_ms=0.971 avg_us=0.906 max_us=17
   3 caller=0x78b11f960abd calls=1072 total_ms=0.446 avg_us=0.416 max_us=25
   4 caller=0x78b11f95f852 calls=214 total_ms=0.430 avg_us=2.009 max_us=15
direct_cudaStreamSynchronize: calls=4100 total_ms=22.531 max_us=2532
by_direct_callsite (file:line):
   0 /opt/llama.cpp/ggml/src/ggml-cuda/ggml-cuda.cu:839 calls=3747 total_ms=16.260 avg_us=4.339 max_us=354
   1 /opt/llama.cpp/ggml/src/ggml-cuda/ggml-cuda.cu:900 calls=12 total_ms=5.841 avg_us=486.750 max_us=2532
   2 /opt/llama.cpp/ggml/src/ggml-cuda/ggml-cuda.cu:2665 calls=191 total_ms=0.280 avg_us=1.466 max_us=28
   3 /opt/llama.cpp/ggml/src/ggml-cuda/ggml-cuda.cu:847 calls=150 total_ms=0.150 avg_us=1.000 max_us=3
=== END CUDA SYNC PROFILE ===
backend-sync-trace: count=9000 backend=CUDA0 caller=ggml_backend_sched_synchronize+0x62

=== CUDA SYNC PROFILE (instrumentation only) ===
total_syncs = 9000
total_wait_ms = 5273.964
max_wait_us = 141865
sites = 5
wait_hist_us = logarithmic buckets
  hist[0] = 8148
  hist[1] = 496
  hist[2] = 14
  hist[3] = 14
  hist[4] = 9
  hist[9] = 57
  hist[10] = 126
  hist[11] = 29
  hist[14] = 33
  hist[15] = 61
  hist[16] = 12
  hist[17] = 1
by_callsite (caller PC; symbolize with addr2line):
   0 caller=0x78b11f95c0d2 calls=3734 total_ms=5270.929 avg_us=1411.604 max_us=141865
   1 caller=0x78b11f96098c calls=2903 total_ms=1.184 avg_us=0.408 max_us=18
   2 caller=0x78b11f96089c calls=1074 total_ms=0.973 avg_us=0.906 max_us=17
   3 caller=0x78b11f960abd calls=1074 total_ms=0.447 avg_us=0.416 max_us=25
   4 caller=0x78b11f95f852 calls=215 total_ms=0.431 avg_us=2.005 max_us=15
direct_cudaStreamSynchronize: calls=4111 total_ms=22.574 max_us=2532
by_direct_callsite (file:line):
   0 /opt/llama.cpp/ggml/src/ggml-cuda/ggml-cuda.cu:839 calls=3758 total_ms=16.303 avg_us=4.338 max_us=354
   1 /opt/llama.cpp/ggml/src/ggml-cuda/ggml-cuda.cu:900 calls=12 total_ms=5.841 avg_us=486.750 max_us=2532
   2 /opt/llama.cpp/ggml/src/ggml-cuda/ggml-cuda.cu:2665 calls=191 total_ms=0.280 avg_us=1.466 max_us=28
   3 /opt/llama.cpp/ggml/src/ggml-cuda/ggml-cuda.cu:847 calls=150 total_ms=0.150 avg_us=1.000 max_us=3
=== END CUDA SYNC PROFILE ===
1.12.128.310 I slot print_timing: id  0 | task 0 | n_gen =    259, tg =  42.61 t/s, tg_3s =  50.07 t/s
backend-sync-trace: count=9100 backend=CUDA0 caller=ggml_backend_sched_synchronize+0x62

=== CUDA SYNC PROFILE (instrumentation only) ===
total_syncs = 9100
total_wait_ms = 5306.984
max_wait_us = 141865
sites = 5
wait_hist_us = logarithmic buckets
  hist[0] = 8239
  hist[1] = 501
  hist[2] = 14
  hist[3] = 14
  hist[4] = 9
  hist[9] = 57
  hist[10] = 129
  hist[11] = 29
  hist[14] = 34
  hist[15] = 61
  hist[16] = 12
  hist[17] = 1
by_callsite (caller PC; symbolize with addr2line):
   0 caller=0x78b11f95c0d2 calls=3776 total_ms=5303.923 avg_us=1404.641 max_us=141865
   1 caller=0x78b11f96098c calls=2934 total_ms=1.194 avg_us=0.407 max_us=18
   2 caller=0x78b11f96089c calls=1086 total_ms=0.980 avg_us=0.902 max_us=17
   3 caller=0x78b11f960abd calls=1086 total_ms=0.450 avg_us=0.414 max_us=25
   4 caller=0x78b11f95f852 calls=218 total_ms=0.437 avg_us=2.005 max_us=15
direct_cudaStreamSynchronize: calls=4152 total_ms=22.736 max_us=2532
by_direct_callsite (file:line):
   0 /opt/llama.cpp/ggml/src/ggml-cuda/ggml-cuda.cu:839 calls=3799 total_ms=16.465 avg_us=4.334 max_us=354
   1 /opt/llama.cpp/ggml/src/ggml-cuda/ggml-cuda.cu:900 calls=12 total_ms=5.841 avg_us=486.750 max_us=2532
   2 /opt/llama.cpp/ggml/src/ggml-cuda/ggml-cuda.cu:2665 calls=191 total_ms=0.280 avg_us=1.466 max_us=28
   3 /opt/llama.cpp/ggml/src/ggml-cuda/ggml-cuda.cu:847 calls=150 total_ms=0.150 avg_us=1.000 max_us=3
=== END CUDA SYNC PROFILE ===
backend-sync-trace: count=9200 backend=CUDA0 caller=ggml_backend_sched_graph_compute_async_ext+0xffd

=== CUDA SYNC PROFILE (instrumentation only) ===
total_syncs = 9200
total_wait_ms = 5336.004
max_wait_us = 141865
sites = 5
wait_hist_us = logarithmic buckets
  hist[0] = 8331
  hist[1] = 505
  hist[2] = 14
  hist[3] = 14
  hist[4] = 9
  hist[9] = 58
  hist[10] = 131
  hist[11] = 29
  hist[14] = 35
  hist[15] = 61
  hist[16] = 12
  hist[17] = 1
by_callsite (caller PC; symbolize with addr2line):
   0 caller=0x78b11f95c0d2 calls=3817 total_ms=5332.906 avg_us=1397.146 max_us=141865
   1 caller=0x78b11f96098c calls=2965 total_ms=1.210 avg_us=0.408 max_us=18
   2 caller=0x78b11f96089c calls=1099 total_ms=0.993 avg_us=0.904 max_us=17
   3 caller=0x78b11f960abd calls=1099 total_ms=0.455 avg_us=0.414 max_us=25
   4 caller=0x78b11f95f852 calls=220 total_ms=0.440 avg_us=2.000 max_us=15
direct_cudaStreamSynchronize: calls=4193 total_ms=22.894 max_us=2532
by_direct_callsite (file:line):
   0 /opt/llama.cpp/ggml/src/ggml-cuda/ggml-cuda.cu:839 calls=3840 total_ms=16.623 avg_us=4.329 max_us=354
   1 /opt/llama.cpp/ggml/src/ggml-cuda/ggml-cuda.cu:900 calls=12 total_ms=5.841 avg_us=486.750 max_us=2532
   2 /opt/llama.cpp/ggml/src/ggml-cuda/ggml-cuda.cu:2665 calls=191 total_ms=0.280 avg_us=1.466 max_us=28
   3 /opt/llama.cpp/ggml/src/ggml-cuda/ggml-cuda.cu:847 calls=150 total_ms=0.150 avg_us=1.000 max_us=3
=== END CUDA SYNC PROFILE ===

=== CUDA SYNC PROFILE (instrumentation only) ===
total_syncs = 9210
total_wait_ms = 5336.009
max_wait_us = 141865
sites = 5
wait_hist_us = logarithmic buckets
  hist[0] = 8341
  hist[1] = 505
  hist[2] = 14
  hist[3] = 14
  hist[4] = 9
  hist[9] = 58
  hist[10] = 131
  hist[11] = 29
  hist[14] = 35
  hist[15] = 61
  hist[16] = 12
  hist[17] = 1
by_callsite (caller PC; symbolize with addr2line):
   0 caller=0x78b11f95c0d2 calls=3817 total_ms=5332.906 avg_us=1397.146 max_us=141865
   1 caller=0x78b11f96098c calls=2969 total_ms=1.212 avg_us=0.408 max_us=18
   2 caller=0x78b11f96089c calls=1102 total_ms=0.996 avg_us=0.904 max_us=17
   3 caller=0x78b11f960abd calls=1102 total_ms=0.455 avg_us=0.413 max_us=25
   4 caller=0x78b11f95f852 calls=220 total_ms=0.440 avg_us=2.000 max_us=15
direct_cudaStreamSynchronize: calls=4200 total_ms=22.940 max_us=2532
by_direct_callsite (file:line):
   0 /opt/llama.cpp/ggml/src/ggml-cuda/ggml-cuda.cu:839 calls=3847 total_ms=16.669 avg_us=4.333 max_us=354
   1 /opt/llama.cpp/ggml/src/ggml-cuda/ggml-cuda.cu:900 calls=12 total_ms=5.841 avg_us=486.750 max_us=2532
   2 /opt/llama.cpp/ggml/src/ggml-cuda/ggml-cuda.cu:2665 calls=191 total_ms=0.280 avg_us=1.466 max_us=28
   3 /opt/llama.cpp/ggml/src/ggml-cuda/ggml-cuda.cu:847 calls=150 total_ms=0.150 avg_us=1.000 max_us=3
=== END CUDA SYNC PROFILE ===
backend-sync-trace: count=9300 backend=CUDA0 caller=ggml_backend_sched_graph_compute_async_ext+0xffd

=== CUDA SYNC PROFILE (instrumentation only) ===
total_syncs = 9300
total_wait_ms = 5400.584
max_wait_us = 141865
sites = 5
wait_hist_us = logarithmic buckets
  hist[0] = 8413
  hist[1] = 518
  hist[2] = 14
  hist[3] = 15
  hist[4] = 9
  hist[9] = 59
  hist[10] = 132
  hist[11] = 29
  hist[14] = 37
  hist[15] = 61
  hist[16] = 12
  hist[17] = 1
by_callsite (caller PC; symbolize with addr2line):
   0 caller=0x78b11f95c0d2 calls=3844 total_ms=5397.419 avg_us=1404.115 max_us=141865
   1 caller=0x78b11f96098c calls=3007 total_ms=1.242 avg_us=0.413 max_us=18
   2 caller=0x78b11f96089c calls=1113 total_ms=1.016 avg_us=0.913 max_us=17
   3 caller=0x78b11f960abd calls=1113 total_ms=0.461 avg_us=0.414 max_us=25
   4 caller=0x78b11f95f852 calls=223 total_ms=0.446 avg_us=2.000 max_us=15
direct_cudaStreamSynchronize: calls=4246 total_ms=23.140 max_us=2532
by_direct_callsite (file:line):
   0 /opt/llama.cpp/ggml/src/ggml-cuda/ggml-cuda.cu:839 calls=3893 total_ms=16.869 avg_us=4.333 max_us=354
   1 /opt/llama.cpp/ggml/src/ggml-cuda/ggml-cuda.cu:900 calls=12 total_ms=5.841 avg_us=486.750 max_us=2532
   2 /opt/llama.cpp/ggml/src/ggml-cuda/ggml-cuda.cu:2665 calls=191 total_ms=0.280 avg_us=1.466 max_us=28
   3 /opt/llama.cpp/ggml/src/ggml-cuda/ggml-cuda.cu:847 calls=150 total_ms=0.150 avg_us=1.000 max_us=3
=== END CUDA SYNC PROFILE ===
backend-sync-trace: count=9400 backend=CUDA0 caller=ggml_backend_sched_synchronize+0x62

=== CUDA SYNC PROFILE (instrumentation only) ===
total_syncs = 9400
total_wait_ms = 5431.779
max_wait_us = 141865
sites = 5
wait_hist_us = logarithmic buckets
  hist[0] = 8504
  hist[1] = 523
  hist[2] = 15
  hist[3] = 15
  hist[4] = 9
  hist[9] = 60
  hist[10] = 133
  hist[11] = 29
  hist[14] = 38
  hist[15] = 61
  hist[16] = 12
  hist[17] = 1
by_callsite (caller PC; symbolize with addr2line):
   0 caller=0x78b11f95c0d2 calls=3889 total_ms=5428.584 avg_us=1395.882 max_us=141865
   1 caller=0x78b11f96098c calls=3038 total_ms=1.254 avg_us=0.413 max_us=18
   2 caller=0x78b11f96089c calls=1124 total_ms=1.027 avg_us=0.914 max_us=17
   3 caller=0x78b11f960abd calls=1124 total_ms=0.465 avg_us=0.414 max_us=25
   4 caller=0x78b11f95f852 calls=225 total_ms=0.449 avg_us=1.996 max_us=15
direct_cudaStreamSynchronize: calls=4286 total_ms=23.318 max_us=2532
by_direct_callsite (file:line):
   0 /opt/llama.cpp/ggml/src/ggml-cuda/ggml-cuda.cu:839 calls=3933 total_ms=17.047 avg_us=4.334 max_us=354
   1 /opt/llama.cpp/ggml/src/ggml-cuda/ggml-cuda.cu:900 calls=12 total_ms=5.841 avg_us=486.750 max_us=2532
   2 /opt/llama.cpp/ggml/src/ggml-cuda/ggml-cuda.cu:2665 calls=191 total_ms=0.280 avg_us=1.466 max_us=28
   3 /opt/llama.cpp/ggml/src/ggml-cuda/ggml-cuda.cu:847 calls=150 total_ms=0.150 avg_us=1.000 max_us=3
=== END CUDA SYNC PROFILE ===

=== CUDA SYNC PROFILE (instrumentation only) ===
total_syncs = 9436
total_wait_ms = 5435.573
max_wait_us = 141865
sites = 5
wait_hist_us = logarithmic buckets
  hist[0] = 8536
  hist[1] = 525
  hist[2] = 15
  hist[3] = 15
  hist[4] = 9
  hist[9] = 60
  hist[10] = 134
  hist[11] = 30
  hist[14] = 38
  hist[15] = 61
  hist[16] = 12
  hist[17] = 1
by_callsite (caller PC; symbolize with addr2line):
   0 caller=0x78b11f95c0d2 calls=3904 total_ms=5432.366 avg_us=1391.487 max_us=141865
   1 caller=0x78b11f96098c calls=3046 total_ms=1.256 avg_us=0.412 max_us=18
   2 caller=0x78b11f96089c calls=1130 total_ms=1.033 avg_us=0.914 max_us=17
   3 caller=0x78b11f960abd calls=1130 total_ms=0.467 avg_us=0.413 max_us=25
   4 caller=0x78b11f95f852 calls=226 total_ms=0.451 avg_us=1.996 max_us=15
direct_cudaStreamSynchronize: calls=4300 total_ms=23.368 max_us=2532
by_direct_callsite (file:line):
   0 /opt/llama.cpp/ggml/src/ggml-cuda/ggml-cuda.cu:839 calls=3947 total_ms=17.097 avg_us=4.332 max_us=354
   1 /opt/llama.cpp/ggml/src/ggml-cuda/ggml-cuda.cu:900 calls=12 total_ms=5.841 avg_us=486.750 max_us=2532
   2 /opt/llama.cpp/ggml/src/ggml-cuda/ggml-cuda.cu:2665 calls=191 total_ms=0.280 avg_us=1.466 max_us=28
   3 /opt/llama.cpp/ggml/src/ggml-cuda/ggml-cuda.cu:847 calls=150 total_ms=0.150 avg_us=1.000 max_us=3
=== END CUDA SYNC PROFILE ===
backend-sync-trace: count=9500 backend=CUDA0 caller=ggml_backend_sched_synchronize+0x62

=== CUDA SYNC PROFILE (instrumentation only) ===
total_syncs = 9500
total_wait_ms = 5466.671
max_wait_us = 141865
sites = 5
wait_hist_us = logarithmic buckets
  hist[0] = 8595
  hist[1] = 527
  hist[2] = 15
  hist[3] = 15
  hist[4] = 9
  hist[9] = 60
  hist[10] = 136
  hist[11] = 30
  hist[14] = 39
  hist[15] = 61
  hist[16] = 12
  hist[17] = 1
by_callsite (caller PC; symbolize with addr2line):
   0 caller=0x78b11f95c0d2 calls=3923 total_ms=5463.443 avg_us=1392.670 max_us=141865
   1 caller=0x78b11f96098c calls=3073 total_ms=1.266 avg_us=0.412 max_us=18
   2 caller=0x78b11f96089c calls=1138 total_ms=1.038 avg_us=0.912 max_us=17
   3 caller=0x78b11f960abd calls=1138 total_ms=0.470 avg_us=0.413 max_us=25
   4 caller=0x78b11f95f852 calls=228 total_ms=0.454 avg_us=1.991 max_us=15
direct_cudaStreamSynchronize: calls=4333 total_ms=23.528 max_us=2532
by_direct_callsite (file:line):
   0 /opt/llama.cpp/ggml/src/ggml-cuda/ggml-cuda.cu:839 calls=3980 total_ms=17.257 avg_us=4.336 max_us=354
   1 /opt/llama.cpp/ggml/src/ggml-cuda/ggml-cuda.cu:900 calls=12 total_ms=5.841 avg_us=486.750 max_us=2532
   2 /opt/llama.cpp/ggml/src/ggml-cuda/ggml-cuda.cu:2665 calls=191 total_ms=0.280 avg_us=1.466 max_us=28
   3 /opt/llama.cpp/ggml/src/ggml-cuda/ggml-cuda.cu:847 calls=150 total_ms=0.150 avg_us=1.000 max_us=3
=== END CUDA SYNC PROFILE ===
backend-sync-trace: count=9600 backend=CUDA0 caller=ggml_backend_sched_graph_compute_async_ext+0xffd

=== CUDA SYNC PROFILE (instrumentation only) ===
total_syncs = 9600
total_wait_ms = 5503.370
max_wait_us = 141865
sites = 5
wait_hist_us = logarithmic buckets
  hist[0] = 8688
  hist[1] = 531
  hist[2] = 15
  hist[3] = 15
  hist[4] = 9
  hist[9] = 60
  hist[10] = 137
  hist[11] = 31
  hist[14] = 40
  hist[15] = 61
  hist[16] = 12
  hist[17] = 1
by_callsite (caller PC; symbolize with addr2line):
   0 caller=0x78b11f95c0d2 calls=3966 total_ms=5500.107 avg_us=1386.815 max_us=141865
   1 caller=0x78b11f96098c calls=3100 total_ms=1.276 avg_us=0.412 max_us=18
   2 caller=0x78b11f96089c calls=1152 total_ms=1.055 avg_us=0.916 max_us=17
   3 caller=0x78b11f960abd calls=1152 total_ms=0.474 avg_us=0.411 max_us=25
   4 caller=0x78b11f95f852 calls=230 total_ms=0.458 avg_us=1.991 max_us=15
direct_cudaStreamSynchronize: calls=4370 total_ms=23.679 max_us=2532
by_direct_callsite (file:line):
   0 /opt/llama.cpp/ggml/src/ggml-cuda/ggml-cuda.cu:839 calls=4017 total_ms=17.408 avg_us=4.334 max_us=354
   1 /opt/llama.cpp/ggml/src/ggml-cuda/ggml-cuda.cu:900 calls=12 total_ms=5.841 avg_us=486.750 max_us=2532
   2 /opt/llama.cpp/ggml/src/ggml-cuda/ggml-cuda.cu:2665 calls=191 total_ms=0.280 avg_us=1.466 max_us=28
   3 /opt/llama.cpp/ggml/src/ggml-cuda/ggml-cuda.cu:847 calls=150 total_ms=0.150 avg_us=1.000 max_us=3
=== END CUDA SYNC PROFILE ===

=== CUDA SYNC PROFILE (instrumentation only) ===
total_syncs = 9656
total_wait_ms = 5592.367
max_wait_us = 141865
sites = 5
wait_hist_us = logarithmic buckets
  hist[0] = 8739
  hist[1] = 533
  hist[2] = 16
  hist[3] = 15
  hist[4] = 9
  hist[9] = 60
  hist[10] = 137
  hist[11] = 32
  hist[14] = 40
  hist[15] = 61
  hist[16] = 13
  hist[17] = 1
by_callsite (caller PC; symbolize with addr2line):
   0 caller=0x78b11f95c0d2 calls=3984 total_ms=5589.083 avg_us=1402.882 max_us=141865
   1 caller=0x78b11f96098c calls=3124 total_ms=1.284 avg_us=0.411 max_us=18
   2 caller=0x78b11f96089c calls=1158 total_ms=1.060 avg_us=0.915 max_us=17
   3 caller=0x78b11f960abd calls=1158 total_ms=0.476 avg_us=0.411 max_us=25
   4 caller=0x78b11f95f852 calls=232 total_ms=0.464 avg_us=2.000 max_us=15
direct_cudaStreamSynchronize: calls=4400 total_ms=23.802 max_us=2532
by_direct_callsite (file:line):
   0 /opt/llama.cpp/ggml/src/ggml-cuda/ggml-cuda.cu:839 calls=4047 total_ms=17.531 avg_us=4.332 max_us=354
   1 /opt/llama.cpp/ggml/src/ggml-cuda/ggml-cuda.cu:900 calls=12 total_ms=5.841 avg_us=486.750 max_us=2532
   2 /opt/llama.cpp/ggml/src/ggml-cuda/ggml-cuda.cu:2665 calls=191 total_ms=0.280 avg_us=1.466 max_us=28
   3 /opt/llama.cpp/ggml/src/ggml-cuda/ggml-cuda.cu:847 calls=150 total_ms=0.150 avg_us=1.000 max_us=3
=== END CUDA SYNC PROFILE ===
backend-sync-trace: count=9700 backend=CUDA0 caller=ggml_backend_sched_graph_compute_async_ext+0xecc

=== CUDA SYNC PROFILE (instrumentation only) ===
total_syncs = 9700
total_wait_ms = 5642.903
max_wait_us = 141865
sites = 5
wait_hist_us = logarithmic buckets
  hist[0] = 8778
  hist[1] = 536
  hist[2] = 16
  hist[3] = 15
  hist[4] = 9
  hist[9] = 60
  hist[10] = 138
  hist[11] = 32
  hist[14] = 40
  hist[15] = 62
  hist[16] = 13
  hist[17] = 1
by_callsite (caller PC; symbolize with addr2line):
   0 caller=0x78b11f95c0d2 calls=3993 total_ms=5639.600 avg_us=1412.372 max_us=141865
   1 caller=0x78b11f96098c calls=3146 total_ms=1.291 avg_us=0.410 max_us=18
   2 caller=0x78b11f96089c calls=1164 total_ms=1.067 avg_us=0.917 max_us=17
   3 caller=0x78b11f960abd calls=1164 total_ms=0.479 avg_us=0.412 max_us=25
   4 caller=0x78b11f95f852 calls=233 total_ms=0.466 avg_us=2.000 max_us=15
direct_cudaStreamSynchronize: calls=4426 total_ms=23.914 max_us=2532
by_direct_callsite (file:line):
   0 /opt/llama.cpp/ggml/src/ggml-cuda/ggml-cuda.cu:839 calls=4073 total_ms=17.643 avg_us=4.332 max_us=354
   1 /opt/llama.cpp/ggml/src/ggml-cuda/ggml-cuda.cu:900 calls=12 total_ms=5.841 avg_us=486.750 max_us=2532
   2 /opt/llama.cpp/ggml/src/ggml-cuda/ggml-cuda.cu:2665 calls=191 total_ms=0.280 avg_us=1.466 max_us=28
   3 /opt/llama.cpp/ggml/src/ggml-cuda/ggml-cuda.cu:847 calls=150 total_ms=0.150 avg_us=1.000 max_us=3
=== END CUDA SYNC PROFILE ===
backend-sync-trace: count=9800 backend=CUDA0 caller=ggml_backend_sched_graph_compute_async_ext+0xffd

=== CUDA SYNC PROFILE (instrumentation only) ===
total_syncs = 9800
total_wait_ms = 5715.634
max_wait_us = 141865
sites = 5
wait_hist_us = logarithmic buckets
  hist[0] = 8870
  hist[1] = 541
  hist[2] = 16
  hist[3] = 15
  hist[4] = 9
  hist[9] = 60
  hist[10] = 139
  hist[11] = 33
  hist[14] = 40
  hist[15] = 62
  hist[16] = 14
  hist[17] = 1
by_callsite (caller PC; symbolize with addr2line):
   0 caller=0x78b11f95c0d2 calls=4039 total_ms=5712.294 avg_us=1414.284 max_us=141865
   1 caller=0x78b11f96098c calls=3173 total_ms=1.303 avg_us=0.411 max_us=18
   2 caller=0x78b11f96089c calls=1176 total_ms=1.077 avg_us=0.916 max_us=17
   3 caller=0x78b11f960abd calls=1176 total_ms=0.487 avg_us=0.414 max_us=25
   4 caller=0x78b11f95f852 calls=236 total_ms=0.473 avg_us=2.004 max_us=15
direct_cudaStreamSynchronize: calls=4462 total_ms=24.086 max_us=2532
by_direct_callsite (file:line):
   0 /opt/llama.cpp/ggml/src/ggml-cuda/ggml-cuda.cu:839 calls=4109 total_ms=17.815 avg_us=4.336 max_us=354
   1 /opt/llama.cpp/ggml/src/ggml-cuda/ggml-cuda.cu:900 calls=12 total_ms=5.841 avg_us=486.750 max_us=2532
   2 /opt/llama.cpp/ggml/src/ggml-cuda/ggml-cuda.cu:2665 calls=191 total_ms=0.280 avg_us=1.466 max_us=28
   3 /opt/llama.cpp/ggml/src/ggml-cuda/ggml-cuda.cu:847 calls=150 total_ms=0.150 avg_us=1.000 max_us=3
=== END CUDA SYNC PROFILE ===

=== CUDA SYNC PROFILE (instrumentation only) ===
total_syncs = 9882
total_wait_ms = 5745.475
max_wait_us = 141865
sites = 5
wait_hist_us = logarithmic buckets
  hist[0] = 8947
  hist[1] = 543
  hist[2] = 16
  hist[3] = 15
  hist[4] = 9
  hist[9] = 60
  hist[10] = 141
  hist[11] = 33
  hist[14] = 41
  hist[15] = 62
  hist[16] = 14
  hist[17] = 1
by_callsite (caller PC; symbolize with addr2line):
   0 caller=0x78b11f95c0d2 calls=4070 total_ms=5742.106 avg_us=1410.837 max_us=141865
   1 caller=0x78b11f96098c calls=3202 total_ms=1.316 avg_us=0.411 max_us=18
   2 caller=0x78b11f96089c calls=1186 total_ms=1.084 avg_us=0.914 max_us=17
   3 caller=0x78b11f960abd calls=1186 total_ms=0.493 avg_us=0.416 max_us=25
   4 caller=0x78b11f95f852 calls=238 total_ms=0.476 avg_us=2.000 max_us=15
direct_cudaStreamSynchronize: calls=4500 total_ms=24.238 max_us=2532
by_direct_callsite (file:line):
   0 /opt/llama.cpp/ggml/src/ggml-cuda/ggml-cuda.cu:839 calls=4147 total_ms=17.967 avg_us=4.333 max_us=354
   1 /opt/llama.cpp/ggml/src/ggml-cuda/ggml-cuda.cu:900 calls=12 total_ms=5.841 avg_us=486.750 max_us=2532
   2 /opt/llama.cpp/ggml/src/ggml-cuda/ggml-cuda.cu:2665 calls=191 total_ms=0.280 avg_us=1.466 max_us=28
   3 /opt/llama.cpp/ggml/src/ggml-cuda/ggml-cuda.cu:847 calls=150 total_ms=0.150 avg_us=1.000 max_us=3
=== END CUDA SYNC PROFILE ===
backend-sync-trace: count=9900 backend=CUDA0 caller=ggml_backend_sched_synchronize+0x62

=== CUDA SYNC PROFILE (instrumentation only) ===
total_syncs = 9900
total_wait_ms = 5748.371
max_wait_us = 141865
sites = 5
wait_hist_us = logarithmic buckets
  hist[0] = 8963
  hist[1] = 543
  hist[2] = 16
  hist[3] = 15
  hist[4] = 9
  hist[9] = 60
  hist[10] = 143
  hist[11] = 33
  hist[14] = 41
  hist[15] = 62
  hist[16] = 14
  hist[17] = 1
by_callsite (caller PC; symbolize with addr2line):
   0 caller=0x78b11f95c0d2 calls=4078 total_ms=5744.997 avg_us=1408.778 max_us=141865
   1 caller=0x78b11f96098c calls=3208 total_ms=1.319 avg_us=0.411 max_us=18
   2 caller=0x78b11f96089c calls=1188 total_ms=1.086 avg_us=0.914 max_us=17
   3 caller=0x78b11f960abd calls=1188 total_ms=0.493 avg_us=0.415 max_us=25
   4 caller=0x78b11f95f852 calls=238 total_ms=0.476 avg_us=2.000 max_us=15
direct_cudaStreamSynchronize: calls=4508 total_ms=24.260 max_us=2532
by_direct_callsite (file:line):
   0 /opt/llama.cpp/ggml/src/ggml-cuda/ggml-cuda.cu:839 calls=4155 total_ms=17.989 avg_us=4.329 max_us=354
   1 /opt/llama.cpp/ggml/src/ggml-cuda/ggml-cuda.cu:900 calls=12 total_ms=5.841 avg_us=486.750 max_us=2532
   2 /opt/llama.cpp/ggml/src/ggml-cuda/ggml-cuda.cu:2665 calls=191 total_ms=0.280 avg_us=1.466 max_us=28
   3 /opt/llama.cpp/ggml/src/ggml-cuda/ggml-cuda.cu:847 calls=150 total_ms=0.150 avg_us=1.000 max_us=3
=== END CUDA SYNC PROFILE ===
backend-sync-trace: count=10000 backend=CUDA0 caller=ggml_backend_sched_graph_compute_async_ext+0xecc

=== CUDA SYNC PROFILE (instrumentation only) ===
total_syncs = 10000
total_wait_ms = 5785.230
max_wait_us = 141865
sites = 5
wait_hist_us = logarithmic buckets
  hist[0] = 9055
  hist[1] = 548
  hist[2] = 16
  hist[3] = 15
  hist[4] = 9
  hist[9] = 61
  hist[10] = 144
  hist[11] = 33
  hist[14] = 41
  hist[15] = 63
  hist[16] = 14
  hist[17] = 1
by_callsite (caller PC; symbolize with addr2line):
   0 caller=0x78b11f95c0d2 calls=4115 total_ms=5781.825 avg_us=1405.061 max_us=141865
   1 caller=0x78b11f96098c calls=3241 total_ms=1.330 avg_us=0.410 max_us=18
   2 caller=0x78b11f96089c calls=1202 total_ms=1.098 avg_us=0.913 max_us=17
   3 caller=0x78b11f960abd calls=1202 total_ms=0.498 avg_us=0.414 max_us=25
   4 caller=0x78b11f95f852 calls=240 total_ms=0.479 avg_us=1.996 max_us=15
direct_cudaStreamSynchronize: calls=4551 total_ms=24.450 max_us=2532
by_direct_callsite (file:line):
   0 /opt/llama.cpp/ggml/src/ggml-cuda/ggml-cuda.cu:839 calls=4198 total_ms=18.179 avg_us=4.330 max_us=354
   1 /opt/llama.cpp/ggml/src/ggml-cuda/ggml-cuda.cu:900 calls=12 total_ms=5.841 avg_us=486.750 max_us=2532
   2 /opt/llama.cpp/ggml/src/ggml-cuda/ggml-cuda.cu:2665 calls=191 total_ms=0.280 avg_us=1.466 max_us=28
   3 /opt/llama.cpp/ggml/src/ggml-cuda/ggml-cuda.cu:847 calls=150 total_ms=0.150 avg_us=1.000 max_us=3
=== END CUDA SYNC PROFILE ===

=== CUDA SYNC PROFILE (instrumentation only) ===
total_syncs = 10092
total_wait_ms = 5858.572
max_wait_us = 141865
sites = 5
wait_hist_us = logarithmic buckets
  hist[0] = 9140
  hist[1] = 551
  hist[2] = 16
  hist[3] = 15
  hist[4] = 9
  hist[9] = 61
  hist[10] = 146
  hist[11] = 33
  hist[14] = 42
  hist[15] = 64
  hist[16] = 14
  hist[17] = 1
by_callsite (caller PC; symbolize with addr2line):
   0 caller=0x78b11f95c0d2 calls=4142 total_ms=5855.137 avg_us=1413.601 max_us=141865
   1 caller=0x78b11f96098c calls=3279 total_ms=1.342 avg_us=0.409 max_us=18
   2 caller=0x78b11f96089c calls=1214 total_ms=1.107 avg_us=0.912 max_us=17
   3 caller=0x78b11f960abd calls=1214 total_ms=0.502 avg_us=0.414 max_us=25
   4 caller=0x78b11f95f852 calls=243 total_ms=0.484 avg_us=1.992 max_us=15
direct_cudaStreamSynchronize: calls=4600 total_ms=24.636 max_us=2532
by_direct_callsite (file:line):
   0 /opt/llama.cpp/ggml/src/ggml-cuda/ggml-cuda.cu:839 calls=4247 total_ms=18.365 avg_us=4.324 max_us=354
   1 /opt/llama.cpp/ggml/src/ggml-cuda/ggml-cuda.cu:900 calls=12 total_ms=5.841 avg_us=486.750 max_us=2532
   2 /opt/llama.cpp/ggml/src/ggml-cuda/ggml-cuda.cu:2665 calls=191 total_ms=0.280 avg_us=1.466 max_us=28
   3 /opt/llama.cpp/ggml/src/ggml-cuda/ggml-cuda.cu:847 calls=150 total_ms=0.150 avg_us=1.000 max_us=3
=== END CUDA SYNC PROFILE ===
backend-sync-trace: count=10100 backend=CUDA0 caller=ggml_backend_sched_synchronize+0x62

=== CUDA SYNC PROFILE (instrumentation only) ===
total_syncs = 10100
total_wait_ms = 5858.578
max_wait_us = 141865
sites = 5
wait_hist_us = logarithmic buckets
  hist[0] = 9148
  hist[1] = 551
  hist[2] = 16
  hist[3] = 15
  hist[4] = 9
  hist[9] = 61
  hist[10] = 146
  hist[11] = 33
  hist[14] = 42
  hist[15] = 64
  hist[16] = 14
  hist[17] = 1
by_callsite (caller PC; symbolize with addr2line):
   0 caller=0x78b11f95c0d2 calls=4148 total_ms=5855.141 avg_us=1411.558 max_us=141865
   1 caller=0x78b11f96098c calls=3281 total_ms=1.344 avg_us=0.410 max_us=18
   2 caller=0x78b11f96089c calls=1214 total_ms=1.107 avg_us=0.912 max_us=17
   3 caller=0x78b11f960abd calls=1214 total_ms=0.502 avg_us=0.414 max_us=25
   4 caller=0x78b11f95f852 calls=243 total_ms=0.484 avg_us=1.992 max_us=15
direct_cudaStreamSynchronize: calls=4601 total_ms=24.638 max_us=2532
by_direct_callsite (file:line):
   0 /opt/llama.cpp/ggml/src/ggml-cuda/ggml-cuda.cu:839 calls=4248 total_ms=18.367 avg_us=4.324 max_us=354
   1 /opt/llama.cpp/ggml/src/ggml-cuda/ggml-cuda.cu:900 calls=12 total_ms=5.841 avg_us=486.750 max_us=2532
   2 /opt/llama.cpp/ggml/src/ggml-cuda/ggml-cuda.cu:2665 calls=191 total_ms=0.280 avg_us=1.466 max_us=28
   3 /opt/llama.cpp/ggml/src/ggml-cuda/ggml-cuda.cu:847 calls=150 total_ms=0.150 avg_us=1.000 max_us=3
=== END CUDA SYNC PROFILE ===
backend-sync-trace: count=10200 backend=CUDA0 caller=ggml_backend_sched_synchronize+0x62

=== CUDA SYNC PROFILE (instrumentation only) ===
total_syncs = 10200
total_wait_ms = 5922.648
max_wait_us = 141865
sites = 5
wait_hist_us = logarithmic buckets
  hist[0] = 9237
  hist[1] = 557
  hist[2] = 17
  hist[3] = 15
  hist[4] = 9
  hist[9] = 61
  hist[10] = 148
  hist[11] = 34
  hist[14] = 42
  hist[15] = 65
  hist[16] = 14
  hist[17] = 1
by_callsite (caller PC; symbolize with addr2line):
   0 caller=0x78b11f95c0d2 calls=4190 total_ms=5919.180 avg_us=1412.692 max_us=141865
   1 caller=0x78b11f96098c calls=3312 total_ms=1.356 avg_us=0.409 max_us=18
   2 caller=0x78b11f96089c calls=1226 total_ms=1.115 avg_us=0.909 max_us=17
   3 caller=0x78b11f960abd calls=1226 total_ms=0.507 avg_us=0.414 max_us=25
   4 caller=0x78b11f95f852 calls=246 total_ms=0.490 avg_us=1.992 max_us=15
direct_cudaStreamSynchronize: calls=4642 total_ms=24.800 max_us=2532
by_direct_callsite (file:line):
   0 /opt/llama.cpp/ggml/src/ggml-cuda/ggml-cuda.cu:839 calls=4289 total_ms=18.529 avg_us=4.320 max_us=354
   1 /opt/llama.cpp/ggml/src/ggml-cuda/ggml-cuda.cu:900 calls=12 total_ms=5.841 avg_us=486.750 max_us=2532
   2 /opt/llama.cpp/ggml/src/ggml-cuda/ggml-cuda.cu:2665 calls=191 total_ms=0.280 avg_us=1.466 max_us=28
   3 /opt/llama.cpp/ggml/src/ggml-cuda/ggml-cuda.cu:847 calls=150 total_ms=0.150 avg_us=1.000 max_us=3
=== END CUDA SYNC PROFILE ===
backend-sync-trace: count=10300 backend=CUDA0 caller=ggml_backend_sched_synchronize+0x62

=== CUDA SYNC PROFILE (instrumentation only) ===
total_syncs = 10300
total_wait_ms = 5964.412
max_wait_us = 141865
sites = 5
wait_hist_us = logarithmic buckets
  hist[0] = 9329
  hist[1] = 561
  hist[2] = 17
  hist[3] = 15
  hist[4] = 9
  hist[9] = 62
  hist[10] = 150
  hist[11] = 34
  hist[14] = 42
  hist[15] = 66
  hist[16] = 14
  hist[17] = 1
by_callsite (caller PC; symbolize with addr2line):
   0 caller=0x78b11f95c0d2 calls=4233 total_ms=5960.912 avg_us=1408.200 max_us=141865
   1 caller=0x78b11f96098c calls=3343 total_ms=1.370 avg_us=0.410 max_us=18
   2 caller=0x78b11f96089c calls=1238 total_ms=1.121 avg_us=0.905 max_us=17
   3 caller=0x78b11f960abd calls=1238 total_ms=0.515 avg_us=0.416 max_us=25
   4 caller=0x78b11f95f852 calls=248 total_ms=0.494 avg_us=1.992 max_us=15
direct_cudaStreamSynchronize: calls=4683 total_ms=25.000 max_us=2532
by_direct_callsite (file:line):
   0 /opt/llama.cpp/ggml/src/ggml-cuda/ggml-cuda.cu:839 calls=4330 total_ms=18.729 avg_us=4.325 max_us=354
   1 /opt/llama.cpp/ggml/src/ggml-cuda/ggml-cuda.cu:900 calls=12 total_ms=5.841 avg_us=486.750 max_us=2532
   2 /opt/llama.cpp/ggml/src/ggml-cuda/ggml-cuda.cu:2665 calls=191 total_ms=0.280 avg_us=1.466 max_us=28
   3 /opt/llama.cpp/ggml/src/ggml-cuda/ggml-cuda.cu:847 calls=150 total_ms=0.150 avg_us=1.000 max_us=3
=== END CUDA SYNC PROFILE ===

=== CUDA SYNC PROFILE (instrumentation only) ===
total_syncs = 10328
total_wait_ms = 5964.428
max_wait_us = 141865
sites = 5
wait_hist_us = logarithmic buckets
  hist[0] = 9356
  hist[1] = 562
  hist[2] = 17
  hist[3] = 15
  hist[4] = 9
  hist[9] = 62
  hist[10] = 150
  hist[11] = 34
  hist[14] = 42
  hist[15] = 66
  hist[16] = 14
  hist[17] = 1
by_callsite (caller PC; symbolize with addr2line):
   0 caller=0x78b11f95c0d2 calls=4239 total_ms=5960.918 avg_us=1406.209 max_us=141865
   1 caller=0x78b11f96098c calls=3357 total_ms=1.375 avg_us=0.410 max_us=18
   2 caller=0x78b11f96089c calls=1242 total_ms=1.125 avg_us=0.906 max_us=17
   3 caller=0x78b11f960abd calls=1242 total_ms=0.516 avg_us=0.415 max_us=25
   4 caller=0x78b11f95f852 calls=248 total_ms=0.494 avg_us=1.992 max_us=15
direct_cudaStreamSynchronize: calls=4700 total_ms=25.065 max_us=2532
by_direct_callsite (file:line):
   0 /opt/llama.cpp/ggml/src/ggml-cuda/ggml-cuda.cu:839 calls=4347 total_ms=18.794 avg_us=4.323 max_us=354
   1 /opt/llama.cpp/ggml/src/ggml-cuda/ggml-cuda.cu:900 calls=12 total_ms=5.841 avg_us=486.750 max_us=2532
   2 /opt/llama.cpp/ggml/src/ggml-cuda/ggml-cuda.cu:2665 calls=191 total_ms=0.280 avg_us=1.466 max_us=28
   3 /opt/llama.cpp/ggml/src/ggml-cuda/ggml-cuda.cu:847 calls=150 total_ms=0.150 avg_us=1.000 max_us=3
=== END CUDA SYNC PROFILE ===
backend-sync-trace: count=10400 backend=CUDA0 caller=ggml_backend_sched_graph_compute_async_ext+0xecc

=== CUDA SYNC PROFILE (instrumentation only) ===
total_syncs = 10400
total_wait_ms = 5995.302
max_wait_us = 141865
sites = 5
wait_hist_us = logarithmic buckets
  hist[0] = 9423
  hist[1] = 564
  hist[2] = 17
  hist[3] = 15
  hist[4] = 9
  hist[9] = 63
  hist[10] = 151
  hist[11] = 34
  hist[14] = 43
  hist[15] = 66
  hist[16] = 14
  hist[17] = 1
by_callsite (caller PC; symbolize with addr2line):
   0 caller=0x78b11f95c0d2 calls=4264 total_ms=5991.769 avg_us=1405.199 max_us=141865
   1 caller=0x78b11f96098c calls=3382 total_ms=1.384 avg_us=0.409 max_us=18
   2 caller=0x78b11f96089c calls=1252 total_ms=1.134 avg_us=0.906 max_us=17
   3 caller=0x78b11f960abd calls=1252 total_ms=0.518 avg_us=0.414 max_us=25
   4 caller=0x78b11f95f852 calls=250 total_ms=0.497 avg_us=1.988 max_us=15
direct_cudaStreamSynchronize: calls=4732 total_ms=25.195 max_us=2532
by_direct_callsite (file:line):
   0 /opt/llama.cpp/ggml/src/ggml-cuda/ggml-cuda.cu:839 calls=4379 total_ms=18.924 avg_us=4.322 max_us=354
   1 /opt/llama.cpp/ggml/src/ggml-cuda/ggml-cuda.cu:900 calls=12 total_ms=5.841 avg_us=486.750 max_us=2532
   2 /opt/llama.cpp/ggml/src/ggml-cuda/ggml-cuda.cu:2665 calls=191 total_ms=0.280 avg_us=1.466 max_us=28
   3 /opt/llama.cpp/ggml/src/ggml-cuda/ggml-cuda.cu:847 calls=150 total_ms=0.150 avg_us=1.000 max_us=3
=== END CUDA SYNC PROFILE ===
backend-sync-trace: count=10500 backend=CUDA0 caller=ggml_backend_sched_synchronize+0x62

=== CUDA SYNC PROFILE (instrumentation only) ===
total_syncs = 10500
total_wait_ms = 6057.969
max_wait_us = 141865
sites = 5
wait_hist_us = logarithmic buckets
  hist[0] = 9515
  hist[1] = 568
  hist[2] = 17
  hist[3] = 15
  hist[4] = 9
  hist[9] = 64
  hist[10] = 152
  hist[11] = 34
  hist[14] = 45
  hist[15] = 66
  hist[16] = 14
  hist[17] = 1
by_callsite (caller PC; symbolize with addr2line):
   0 caller=0x78b11f95c0d2 calls=4303 total_ms=6054.404 avg_us=1407.019 max_us=141865
   1 caller=0x78b11f96098c calls=3416 total_ms=1.395 avg_us=0.408 max_us=18
   2 caller=0x78b11f96089c calls=1264 total_ms=1.145 avg_us=0.906 max_us=17
   3 caller=0x78b11f960abd calls=1264 total_ms=0.522 avg_us=0.413 max_us=25
   4 caller=0x78b11f95f852 calls=253 total_ms=0.503 avg_us=1.988 max_us=15
direct_cudaStreamSynchronize: calls=4776 total_ms=25.374 max_us=2532
by_direct_callsite (file:line):
   0 /opt/llama.cpp/ggml/src/ggml-cuda/ggml-cuda.cu:839 calls=4423 total_ms=19.103 avg_us=4.319 max_us=354
   1 /opt/llama.cpp/ggml/src/ggml-cuda/ggml-cuda.cu:900 calls=12 total_ms=5.841 avg_us=486.750 max_us=2532
   2 /opt/llama.cpp/ggml/src/ggml-cuda/ggml-cuda.cu:2665 calls=191 total_ms=0.280 avg_us=1.466 max_us=28
   3 /opt/llama.cpp/ggml/src/ggml-cuda/ggml-cuda.cu:847 calls=150 total_ms=0.150 avg_us=1.000 max_us=3
=== END CUDA SYNC PROFILE ===

=== CUDA SYNC PROFILE (instrumentation only) ===
total_syncs = 10563
total_wait_ms = 6061.182
max_wait_us = 141865
sites = 5
wait_hist_us = logarithmic buckets
  hist[0] = 9574
  hist[1] = 570
  hist[2] = 17
  hist[3] = 15
  hist[4] = 9
  hist[9] = 64
  hist[10] = 154
  hist[11] = 34
  hist[14] = 45
  hist[15] = 66
  hist[16] = 14
  hist[17] = 1
by_callsite (caller PC; symbolize with addr2line):
   0 caller=0x78b11f95c0d2 calls=4332 total_ms=6057.601 avg_us=1398.338 max_us=141865
   1 caller=0x78b11f96098c calls=3433 total_ms=1.401 avg_us=0.408 max_us=18
   2 caller=0x78b11f96089c calls=1272 total_ms=1.150 avg_us=0.904 max_us=17
   3 caller=0x78b11f960abd calls=1272 total_ms=0.525 avg_us=0.413 max_us=25
   4 caller=0x78b11f95f852 calls=254 total_ms=0.505 avg_us=1.988 max_us=15
direct_cudaStreamSynchronize: calls=4800 total_ms=25.472 max_us=2532
by_direct_callsite (file:line):
   0 /opt/llama.cpp/ggml/src/ggml-cuda/ggml-cuda.cu:839 calls=4447 total_ms=19.201 avg_us=4.318 max_us=354
   1 /opt/llama.cpp/ggml/src/ggml-cuda/ggml-cuda.cu:900 calls=12 total_ms=5.841 avg_us=486.750 max_us=2532
   2 /opt/llama.cpp/ggml/src/ggml-cuda/ggml-cuda.cu:2665 calls=191 total_ms=0.280 avg_us=1.466 max_us=28
   3 /opt/llama.cpp/ggml/src/ggml-cuda/ggml-cuda.cu:847 calls=150 total_ms=0.150 avg_us=1.000 max_us=3
=== END CUDA SYNC PROFILE ===
backend-sync-trace: count=10600 backend=CUDA0 caller=ggml_backend_sched_synchronize+0x62

=== CUDA SYNC PROFILE (instrumentation only) ===
total_syncs = 10600
total_wait_ms = 6110.354
max_wait_us = 141865
sites = 5
wait_hist_us = logarithmic buckets
  hist[0] = 9605
  hist[1] = 574
  hist[2] = 17
  hist[3] = 15
  hist[4] = 9
  hist[9] = 64
  hist[10] = 154
  hist[11] = 35
  hist[14] = 45
  hist[15] = 67
  hist[16] = 14
  hist[17] = 1
by_callsite (caller PC; symbolize with addr2line):
   0 caller=0x78b11f95c0d2 calls=4345 total_ms=6106.760 avg_us=1405.468 max_us=141865
   1 caller=0x78b11f96098c calls=3447 total_ms=1.406 avg_us=0.408 max_us=18
   2 caller=0x78b11f96089c calls=1276 total_ms=1.152 avg_us=0.903 max_us=17
   3 caller=0x78b11f960abd calls=1276 total_ms=0.527 avg_us=0.413 max_us=25
   4 caller=0x78b11f95f852 calls=256 total_ms=0.509 avg_us=1.988 max_us=15
direct_cudaStreamSynchronize: calls=4817 total_ms=25.535 max_us=2532
by_direct_callsite (file:line):
   0 /opt/llama.cpp/ggml/src/ggml-cuda/ggml-cuda.cu:839 calls=4464 total_ms=19.264 avg_us=4.315 max_us=354
   1 /opt/llama.cpp/ggml/src/ggml-cuda/ggml-cuda.cu:900 calls=12 total_ms=5.841 avg_us=486.750 max_us=2532
   2 /opt/llama.cpp/ggml/src/ggml-cuda/ggml-cuda.cu:2665 calls=191 total_ms=0.280 avg_us=1.466 max_us=28
   3 /opt/llama.cpp/ggml/src/ggml-cuda/ggml-cuda.cu:847 calls=150 total_ms=0.150 avg_us=1.000 max_us=3
=== END CUDA SYNC PROFILE ===
backend-sync-trace: count=10700 backend=CUDA0 caller=ggml_backend_sched_synchronize+0x62

=== CUDA SYNC PROFILE (instrumentation only) ===
total_syncs = 10700
total_wait_ms = 6148.283
max_wait_us = 141865
sites = 5
wait_hist_us = logarithmic buckets
  hist[0] = 9696
  hist[1] = 579
  hist[2] = 17
  hist[3] = 15
  hist[4] = 9
  hist[9] = 66
  hist[10] = 155
  hist[11] = 35
  hist[14] = 45
  hist[15] = 68
  hist[16] = 14
  hist[17] = 1
by_callsite (caller PC; symbolize with addr2line):
   0 caller=0x78b11f95c0d2 calls=4388 total_ms=6144.659 avg_us=1400.332 max_us=141865
   1 caller=0x78b11f96098c calls=3478 total_ms=1.418 avg_us=0.408 max_us=18
   2 caller=0x78b11f96089c calls=1288 total_ms=1.164 avg_us=0.904 max_us=17
   3 caller=0x78b11f960abd calls=1288 total_ms=0.529 avg_us=0.411 max_us=25
   4 caller=0x78b11f95f852 calls=258 total_ms=0.513 avg_us=1.988 max_us=15
direct_cudaStreamSynchronize: calls=4858 total_ms=25.697 max_us=2532
by_direct_callsite (file:line):
   0 /opt/llama.cpp/ggml/src/ggml-cuda/ggml-cuda.cu:839 calls=4505 total_ms=19.426 avg_us=4.312 max_us=354
   1 /opt/llama.cpp/ggml/src/ggml-cuda/ggml-cuda.cu:900 calls=12 total_ms=5.841 avg_us=486.750 max_us=2532
   2 /opt/llama.cpp/ggml/src/ggml-cuda/ggml-cuda.cu:2665 calls=191 total_ms=0.280 avg_us=1.466 max_us=28
   3 /opt/llama.cpp/ggml/src/ggml-cuda/ggml-cuda.cu:847 calls=150 total_ms=0.150 avg_us=1.000 max_us=3
=== END CUDA SYNC PROFILE ===
backend-sync-trace: count=10800 backend=CUDA0 caller=ggml_backend_sched_graph_compute_async_ext+0xffd

=== CUDA SYNC PROFILE (instrumentation only) ===
total_syncs = 10800
total_wait_ms = 6174.833
max_wait_us = 141865
sites = 5
wait_hist_us = logarithmic buckets
  hist[0] = 9789
  hist[1] = 583
  hist[2] = 17
  hist[3] = 15
  hist[4] = 9
  hist[9] = 67
  hist[10] = 156
  hist[11] = 35
  hist[14] = 46
  hist[15] = 68
  hist[16] = 14
  hist[17] = 1
by_callsite (caller PC; symbolize with addr2line):
   0 caller=0x78b11f95c0d2 calls=4431 total_ms=6171.185 avg_us=1392.730 max_us=141865
   1 caller=0x78b11f96098c calls=3505 total_ms=1.426 avg_us=0.407 max_us=18
   2 caller=0x78b11f96089c calls=1302 total_ms=1.173 avg_us=0.901 max_us=17
   3 caller=0x78b11f960abd calls=1302 total_ms=0.532 avg_us=0.409 max_us=25
   4 caller=0x78b11f95f852 calls=260 total_ms=0.517 avg_us=1.988 max_us=15
direct_cudaStreamSynchronize: calls=4895 total_ms=25.842 max_us=2532
by_direct_callsite (file:line):
   0 /opt/llama.cpp/ggml/src/ggml-cuda/ggml-cuda.cu:839 calls=4542 total_ms=19.571 avg_us=4.309 max_us=354
   1 /opt/llama.cpp/ggml/src/ggml-cuda/ggml-cuda.cu:900 calls=12 total_ms=5.841 avg_us=486.750 max_us=2532
   2 /opt/llama.cpp/ggml/src/ggml-cuda/ggml-cuda.cu:2665 calls=191 total_ms=0.280 avg_us=1.466 max_us=28
   3 /opt/llama.cpp/ggml/src/ggml-cuda/ggml-cuda.cu:847 calls=150 total_ms=0.150 avg_us=1.000 max_us=3
=== END CUDA SYNC PROFILE ===

=== CUDA SYNC PROFILE (instrumentation only) ===
total_syncs = 10804
total_wait_ms = 6174.834
max_wait_us = 141865
sites = 5
wait_hist_us = logarithmic buckets
  hist[0] = 9793
  hist[1] = 583
  hist[2] = 17
  hist[3] = 15
  hist[4] = 9
  hist[9] = 67
  hist[10] = 156
  hist[11] = 35
  hist[14] = 46
  hist[15] = 68
  hist[16] = 14
  hist[17] = 1
by_callsite (caller PC; symbolize with addr2line):
   0 caller=0x78b11f95c0d2 calls=4431 total_ms=6171.185 avg_us=1392.730 max_us=141865
   1 caller=0x78b11f96098c calls=3509 total_ms=1.427 avg_us=0.407 max_us=18
   2 caller=0x78b11f96089c calls=1302 total_ms=1.173 avg_us=0.901 max_us=17
   3 caller=0x78b11f960abd calls=1302 total_ms=0.532 avg_us=0.409 max_us=25
   4 caller=0x78b11f95f852 calls=260 total_ms=0.517 avg_us=1.988 max_us=15
direct_cudaStreamSynchronize: calls=4900 total_ms=25.894 max_us=2532
by_direct_callsite (file:line):
   0 /opt/llama.cpp/ggml/src/ggml-cuda/ggml-cuda.cu:839 calls=4547 total_ms=19.623 avg_us=4.316 max_us=354
   1 /opt/llama.cpp/ggml/src/ggml-cuda/ggml-cuda.cu:900 calls=12 total_ms=5.841 avg_us=486.750 max_us=2532
   2 /opt/llama.cpp/ggml/src/ggml-cuda/ggml-cuda.cu:2665 calls=191 total_ms=0.280 avg_us=1.466 max_us=28
   3 /opt/llama.cpp/ggml/src/ggml-cuda/ggml-cuda.cu:847 calls=150 total_ms=0.150 avg_us=1.000 max_us=3
=== END CUDA SYNC PROFILE ===
backend-sync-trace: count=10900 backend=CUDA0 caller=ggml_backend_sched_graph_compute_async_ext+0xecc

=== CUDA SYNC PROFILE (instrumentation only) ===
total_syncs = 10900
total_wait_ms = 6243.918
max_wait_us = 141865
sites = 5
wait_hist_us = logarithmic buckets
  hist[0] = 9883
  hist[1] = 585
  hist[2] = 17
  hist[3] = 15
  hist[4] = 9
  hist[9] = 67
  hist[10] = 157
  hist[11] = 36
  hist[14] = 47
  hist[15] = 69
  hist[16] = 14
  hist[17] = 1
by_callsite (caller PC; symbolize with addr2line):
   0 caller=0x78b11f95c0d2 calls=4458 total_ms=6240.238 avg_us=1399.784 max_us=141865
   1 caller=0x78b11f96098c calls=3551 total_ms=1.441 avg_us=0.406 max_us=18
   2 caller=0x78b11f96089c calls=1314 total_ms=1.183 avg_us=0.900 max_us=17
   3 caller=0x78b11f960abd calls=1314 total_ms=0.535 avg_us=0.407 max_us=25
   4 caller=0x78b11f95f852 calls=263 total_ms=0.521 avg_us=1.981 max_us=15
direct_cudaStreamSynchronize: calls=4951 total_ms=26.129 max_us=2532
by_direct_callsite (file:line):
   0 /opt/llama.cpp/ggml/src/ggml-cuda/ggml-cuda.cu:839 calls=4598 total_ms=19.858 avg_us=4.319 max_us=354
   1 /opt/llama.cpp/ggml/src/ggml-cuda/ggml-cuda.cu:900 calls=12 total_ms=5.841 avg_us=486.750 max_us=2532
   2 /opt/llama.cpp/ggml/src/ggml-cuda/ggml-cuda.cu:2665 calls=191 total_ms=0.280 avg_us=1.466 max_us=28
   3 /opt/llama.cpp/ggml/src/ggml-cuda/ggml-cuda.cu:847 calls=150 total_ms=0.150 avg_us=1.000 max_us=3
=== END CUDA SYNC PROFILE ===
backend-sync-trace: count=11000 backend=CUDA0 caller=ggml_backend_sched_synchronize+0x62

=== CUDA SYNC PROFILE (instrumentation only) ===
total_syncs = 11000
total_wait_ms = 6300.369
max_wait_us = 141865
sites = 5
wait_hist_us = logarithmic buckets
  hist[0] = 9979
  hist[1] = 586
  hist[2] = 17
  hist[3] = 15
  hist[4] = 9
  hist[9] = 67
  hist[10] = 159
  hist[11] = 36
  hist[14] = 47
  hist[15] = 70
  hist[16] = 14
  hist[17] = 1
by_callsite (caller PC; symbolize with addr2line):
   0 caller=0x78b11f95c0d2 calls=4509 total_ms=6296.665 avg_us=1396.466 max_us=141865
   1 caller=0x78b11f96098c calls=3578 total_ms=1.451 avg_us=0.406 max_us=18
   2 caller=0x78b11f96089c calls=1324 total_ms=1.192 avg_us=0.900 max_us=17
   3 caller=0x78b11f960abd calls=1324 total_ms=0.538 avg_us=0.406 max_us=25
   4 caller=0x78b11f95f852 calls=265 total_ms=0.523 avg_us=1.974 max_us=15
direct_cudaStreamSynchronize: calls=4986 total_ms=26.264 max_us=2532
by_direct_callsite (file:line):
   0 /opt/llama.cpp/ggml/src/ggml-cuda/ggml-cuda.cu:839 calls=4633 total_ms=19.993 avg_us=4.315 max_us=354
   1 /opt/llama.cpp/ggml/src/ggml-cuda/ggml-cuda.cu:900 calls=12 total_ms=5.841 avg_us=486.750 max_us=2532
   2 /opt/llama.cpp/ggml/src/ggml-cuda/ggml-cuda.cu:2665 calls=191 total_ms=0.280 avg_us=1.466 max_us=28
   3 /opt/llama.cpp/ggml/src/ggml-cuda/ggml-cuda.cu:847 calls=150 total_ms=0.150 avg_us=1.000 max_us=3
=== END CUDA SYNC PROFILE ===

=== CUDA SYNC PROFILE (instrumentation only) ===
total_syncs = 11042
total_wait_ms = 6305.504
max_wait_us = 141865
sites = 5
wait_hist_us = logarithmic buckets
  hist[0] = 10017
  hist[1] = 588
  hist[2] = 17
  hist[3] = 15
  hist[4] = 9
  hist[9] = 67
  hist[10] = 159
  hist[11] = 38
  hist[14] = 47
  hist[15] = 70
  hist[16] = 14
  hist[17] = 1
by_callsite (caller PC; symbolize with addr2line):
   0 caller=0x78b11f95c0d2 calls=4530 total_ms=6301.789 avg_us=1391.123 max_us=141865
   1 caller=0x78b11f96098c calls=3586 total_ms=1.453 avg_us=0.405 max_us=18
   2 caller=0x78b11f96089c calls=1330 total_ms=1.197 avg_us=0.900 max_us=17
   3 caller=0x78b11f960abd calls=1330 total_ms=0.540 avg_us=0.406 max_us=25
   4 caller=0x78b11f95f852 calls=266 total_ms=0.525 avg_us=1.974 max_us=15
direct_cudaStreamSynchronize: calls=5000 total_ms=26.311 max_us=2532
by_direct_callsite (file:line):
   0 /opt/llama.cpp/ggml/src/ggml-cuda/ggml-cuda.cu:839 calls=4647 total_ms=20.040 avg_us=4.312 max_us=354
   1 /opt/llama.cpp/ggml/src/ggml-cuda/ggml-cuda.cu:900 calls=12 total_ms=5.841 avg_us=486.750 max_us=2532
   2 /opt/llama.cpp/ggml/src/ggml-cuda/ggml-cuda.cu:2665 calls=191 total_ms=0.280 avg_us=1.466 max_us=28
   3 /opt/llama.cpp/ggml/src/ggml-cuda/ggml-cuda.cu:847 calls=150 total_ms=0.150 avg_us=1.000 max_us=3
=== END CUDA SYNC PROFILE ===
backend-sync-trace: count=11100 backend=CUDA0 caller=ggml_backend_sched_synchronize+0x62

=== CUDA SYNC PROFILE (instrumentation only) ===
total_syncs = 11100
total_wait_ms = 6404.979
max_wait_us = 141865
sites = 5
wait_hist_us = logarithmic buckets
  hist[0] = 10069
  hist[1] = 592
  hist[2] = 17
  hist[3] = 15
  hist[4] = 9
  hist[9] = 67
  hist[10] = 160
  hist[11] = 38
  hist[14] = 47
  hist[15] = 70
  hist[16] = 15
  hist[17] = 1
by_callsite (caller PC; symbolize with addr2line):
   0 caller=0x78b11f95c0d2 calls=4551 total_ms=6401.244 avg_us=1406.558 max_us=141865
   1 caller=0x78b11f96098c calls=3609 total_ms=1.463 avg_us=0.405 max_us=18
   2 caller=0x78b11f96089c calls=1336 total_ms=1.202 avg_us=0.900 max_us=17
   3 caller=0x78b11f960abd calls=1336 total_ms=0.542 avg_us=0.406 max_us=25
   4 caller=0x78b11f95f852 calls=268 total_ms=0.528 avg_us=1.970 max_us=15
direct_cudaStreamSynchronize: calls=5027 total_ms=26.424 max_us=2532
by_direct_callsite (file:line):
   0 /opt/llama.cpp/ggml/src/ggml-cuda/ggml-cuda.cu:839 calls=4674 total_ms=20.153 avg_us=4.312 max_us=354
   1 /opt/llama.cpp/ggml/src/ggml-cuda/ggml-cuda.cu:900 calls=12 total_ms=5.841 avg_us=486.750 max_us=2532
   2 /opt/llama.cpp/ggml/src/ggml-cuda/ggml-cuda.cu:2665 calls=191 total_ms=0.280 avg_us=1.466 max_us=28
   3 /opt/llama.cpp/ggml/src/ggml-cuda/ggml-cuda.cu:847 calls=150 total_ms=0.150 avg_us=1.000 max_us=3
=== END CUDA SYNC PROFILE ===
backend-sync-trace: count=11200 backend=CUDA0 caller=ggml_backend_sched_synchronize+0x62

=== CUDA SYNC PROFILE (instrumentation only) ===
total_syncs = 11200
total_wait_ms = 6457.202
max_wait_us = 141865
sites = 5
wait_hist_us = logarithmic buckets
  hist[0] = 10160
  hist[1] = 597
  hist[2] = 17
  hist[3] = 15
  hist[4] = 9
  hist[9] = 68
  hist[10] = 162
  hist[11] = 38
  hist[14] = 47
  hist[15] = 71
  hist[16] = 15
  hist[17] = 1
by_callsite (caller PC; symbolize with addr2line):
   0 caller=0x78b11f95c0d2 calls=4594 total_ms=6453.438 avg_us=1404.754 max_us=141865
   1 caller=0x78b11f96098c calls=3640 total_ms=1.473 avg_us=0.405 max_us=18
   2 caller=0x78b11f96089c calls=1348 total_ms=1.214 avg_us=0.901 max_us=17
   3 caller=0x78b11f960abd calls=1348 total_ms=0.545 avg_us=0.404 max_us=25
   4 caller=0x78b11f95f852 calls=270 total_ms=0.532 avg_us=1.970 max_us=15
direct_cudaStreamSynchronize: calls=5068 total_ms=26.582 max_us=2532
by_direct_callsite (file:line):
   0 /opt/llama.cpp/ggml/src/ggml-cuda/ggml-cuda.cu:839 calls=4715 total_ms=20.311 avg_us=4.308 max_us=354
   1 /opt/llama.cpp/ggml/src/ggml-cuda/ggml-cuda.cu:900 calls=12 total_ms=5.841 avg_us=486.750 max_us=2532
   2 /opt/llama.cpp/ggml/src/ggml-cuda/ggml-cuda.cu:2665 calls=191 total_ms=0.280 avg_us=1.466 max_us=28
   3 /opt/llama.cpp/ggml/src/ggml-cuda/ggml-cuda.cu:847 calls=150 total_ms=0.150 avg_us=1.000 max_us=3
=== END CUDA SYNC PROFILE ===

=== CUDA SYNC PROFILE (instrumentation only) ===
total_syncs = 11280
total_wait_ms = 6500.579
max_wait_us = 141865
sites = 5
wait_hist_us = logarithmic buckets
  hist[0] = 10233
  hist[1] = 602
  hist[2] = 17
  hist[3] = 15
  hist[4] = 9
  hist[9] = 69
  hist[10] = 162
  hist[11] = 38
  hist[14] = 47
  hist[15] = 72
  hist[16] = 15
  hist[17] = 1
by_callsite (caller PC; symbolize with addr2line):
   0 caller=0x78b11f95c0d2 calls=4628 total_ms=6496.785 avg_us=1403.800 max_us=141865
   1 caller=0x78b11f96098c calls=3664 total_ms=1.485 avg_us=0.405 max_us=18
   2 caller=0x78b11f96089c calls=1358 total_ms=1.223 avg_us=0.901 max_us=17
   3 caller=0x78b11f960abd calls=1358 total_ms=0.550 avg_us=0.405 max_us=25
   4 caller=0x78b11f95f852 calls=272 total_ms=0.536 avg_us=1.971 max_us=15
direct_cudaStreamSynchronize: calls=5100 total_ms=26.715 max_us=2532
by_direct_callsite (file:line):
   0 /opt/llama.cpp/ggml/src/ggml-cuda/ggml-cuda.cu:839 calls=4747 total_ms=20.444 avg_us=4.307 max_us=354
   1 /opt/llama.cpp/ggml/src/ggml-cuda/ggml-cuda.cu:900 calls=12 total_ms=5.841 avg_us=486.750 max_us=2532
   2 /opt/llama.cpp/ggml/src/ggml-cuda/ggml-cuda.cu:2665 calls=191 total_ms=0.280 avg_us=1.466 max_us=28
   3 /opt/llama.cpp/ggml/src/ggml-cuda/ggml-cuda.cu:847 calls=150 total_ms=0.150 avg_us=1.000 max_us=3
=== END CUDA SYNC PROFILE ===
backend-sync-trace: count=11300 backend=CUDA0 caller=ggml_backend_sched_graph_compute_async_ext+0xecc

=== CUDA SYNC PROFILE (instrumentation only) ===
total_syncs = 11300
total_wait_ms = 6502.324
max_wait_us = 141865
sites = 5
wait_hist_us = logarithmic buckets
  hist[0] = 10251
  hist[1] = 603
  hist[2] = 17
  hist[3] = 15
  hist[4] = 9
  hist[9] = 69
  hist[10] = 163
  hist[11] = 38
  hist[14] = 47
  hist[15] = 72
  hist[16] = 15
  hist[17] = 1
by_callsite (caller PC; symbolize with addr2line):
   0 caller=0x78b11f95c0d2 calls=4635 total_ms=6498.522 avg_us=1402.054 max_us=141865
   1 caller=0x78b11f96098c calls=3669 total_ms=1.487 avg_us=0.405 max_us=18
   2 caller=0x78b11f96089c calls=1362 total_ms=1.227 avg_us=0.901 max_us=17
   3 caller=0x78b11f960abd calls=1362 total_ms=0.552 avg_us=0.405 max_us=25
   4 caller=0x78b11f95f852 calls=272 total_ms=0.536 avg_us=1.971 max_us=15
direct_cudaStreamSynchronize: calls=5107 total_ms=26.737 max_us=2532
by_direct_callsite (file:line):
   0 /opt/llama.cpp/ggml/src/ggml-cuda/ggml-cuda.cu:839 calls=4754 total_ms=20.466 avg_us=4.305 max_us=354
   1 /opt/llama.cpp/ggml/src/ggml-cuda/ggml-cuda.cu:900 calls=12 total_ms=5.841 avg_us=486.750 max_us=2532
   2 /opt/llama.cpp/ggml/src/ggml-cuda/ggml-cuda.cu:2665 calls=191 total_ms=0.280 avg_us=1.466 max_us=28
   3 /opt/llama.cpp/ggml/src/ggml-cuda/ggml-cuda.cu:847 calls=150 total_ms=0.150 avg_us=1.000 max_us=3
=== END CUDA SYNC PROFILE ===
backend-sync-trace: count=11400 backend=CUDA0 caller=ggml_backend_sched_graph_compute_async_ext+0xffd

=== CUDA SYNC PROFILE (instrumentation only) ===
total_syncs = 11400
total_wait_ms = 6585.904
max_wait_us = 141865
sites = 5
wait_hist_us = logarithmic buckets
  hist[0] = 10340
  hist[1] = 610
  hist[2] = 17
  hist[3] = 15
  hist[4] = 9
  hist[9] = 69
  hist[10] = 165
  hist[11] = 38
  hist[14] = 47
  hist[15] = 74
  hist[16] = 15
  hist[17] = 1
by_callsite (caller PC; symbolize with addr2line):
   0 caller=0x78b11f95c0d2 calls=4668 total_ms=6582.070 avg_us=1410.041 max_us=141865
   1 caller=0x78b11f96098c calls=3709 total_ms=1.500 avg_us=0.404 max_us=18
   2 caller=0x78b11f96089c calls=1374 total_ms=1.237 avg_us=0.900 max_us=17
   3 caller=0x78b11f960abd calls=1374 total_ms=0.555 avg_us=0.404 max_us=25
   4 caller=0x78b11f95f852 calls=275 total_ms=0.542 avg_us=1.971 max_us=15
direct_cudaStreamSynchronize: calls=5157 total_ms=26.983 max_us=2532
by_direct_callsite (file:line):
   0 /opt/llama.cpp/ggml/src/ggml-cuda/ggml-cuda.cu:839 calls=4804 total_ms=20.712 avg_us=4.311 max_us=354
   1 /opt/llama.cpp/ggml/src/ggml-cuda/ggml-cuda.cu:900 calls=12 total_ms=5.841 avg_us=486.750 max_us=2532
   2 /opt/llama.cpp/ggml/src/ggml-cuda/ggml-cuda.cu:2665 calls=191 total_ms=0.280 avg_us=1.466 max_us=28
   3 /opt/llama.cpp/ggml/src/ggml-cuda/ggml-cuda.cu:847 calls=150 total_ms=0.150 avg_us=1.000 max_us=3
=== END CUDA SYNC PROFILE ===
backend-sync-trace: count=11500 backend=CUDA0 caller=ggml_backend_sched_synchronize+0x62

=== CUDA SYNC PROFILE (instrumentation only) ===
total_syncs = 11500
total_wait_ms = 6617.397
max_wait_us = 141865
sites = 5
wait_hist_us = logarithmic buckets
  hist[0] = 10432
  hist[1] = 614
  hist[2] = 18
  hist[3] = 15
  hist[4] = 9
  hist[9] = 69
  hist[10] = 167
  hist[11] = 38
  hist[14] = 48
  hist[15] = 74
  hist[16] = 15
  hist[17] = 1
by_callsite (caller PC; symbolize with addr2line):
   0 caller=0x78b11f95c0d2 calls=4715 total_ms=6613.534 avg_us=1402.658 max_us=141865
   1 caller=0x78b11f96098c calls=3740 total_ms=1.511 avg_us=0.404 max_us=18
   2 caller=0x78b11f96089c calls=1384 total_ms=1.245 avg_us=0.900 max_us=17
   3 caller=0x78b11f960abd calls=1384 total_ms=0.561 avg_us=0.405 max_us=25
   4 caller=0x78b11f95f852 calls=277 total_ms=0.546 avg_us=1.971 max_us=15
direct_cudaStreamSynchronize: calls=5196 total_ms=27.142 max_us=2532
by_direct_callsite (file:line):
   0 /opt/llama.cpp/ggml/src/ggml-cuda/ggml-cuda.cu:839 calls=4843 total_ms=20.871 avg_us=4.310 max_us=354
   1 /opt/llama.cpp/ggml/src/ggml-cuda/ggml-cuda.cu:900 calls=12 total_ms=5.841 avg_us=486.750 max_us=2532
   2 /opt/llama.cpp/ggml/src/ggml-cuda/ggml-cuda.cu:2665 calls=191 total_ms=0.280 avg_us=1.466 max_us=28
   3 /opt/llama.cpp/ggml/src/ggml-cuda/ggml-cuda.cu:847 calls=150 total_ms=0.150 avg_us=1.000 max_us=3
=== END CUDA SYNC PROFILE ===

=== CUDA SYNC PROFILE (instrumentation only) ===
total_syncs = 11518
total_wait_ms = 6617.411
max_wait_us = 141865
sites = 5
wait_hist_us = logarithmic buckets
  hist[0] = 10449
  hist[1] = 615
  hist[2] = 18
  hist[3] = 15
  hist[4] = 9
  hist[9] = 69
  hist[10] = 167
  hist[11] = 38
  hist[14] = 48
  hist[15] = 74
  hist[16] = 15
  hist[17] = 1
by_callsite (caller PC; symbolize with addr2line):
   0 caller=0x78b11f95c0d2 calls=4726 total_ms=6613.543 avg_us=1399.395 max_us=141865
   1 caller=0x78b11f96098c calls=3742 total_ms=1.512 avg_us=0.404 max_us=18
   2 caller=0x78b11f96089c calls=1386 total_ms=1.247 avg_us=0.900 max_us=17
   3 caller=0x78b11f960abd calls=1386 total_ms=0.561 avg_us=0.405 max_us=25
   4 caller=0x78b11f95f852 calls=278 total_ms=0.548 avg_us=1.971 max_us=15
direct_cudaStreamSynchronize: calls=5200 total_ms=27.157 max_us=2532
by_direct_callsite (file:line):
   0 /opt/llama.cpp/ggml/src/ggml-cuda/ggml-cuda.cu:839 calls=4847 total_ms=20.886 avg_us=4.309 max_us=354
   1 /opt/llama.cpp/ggml/src/ggml-cuda/ggml-cuda.cu:900 calls=12 total_ms=5.841 avg_us=486.750 max_us=2532
   2 /opt/llama.cpp/ggml/src/ggml-cuda/ggml-cuda.cu:2665 calls=191 total_ms=0.280 avg_us=1.466 max_us=28
   3 /opt/llama.cpp/ggml/src/ggml-cuda/ggml-cuda.cu:847 calls=150 total_ms=0.150 avg_us=1.000 max_us=3
=== END CUDA SYNC PROFILE ===
backend-sync-trace: count=11600 backend=CUDA0 caller=ggml_backend_sched_graph_compute_async_ext+0xecc

=== CUDA SYNC PROFILE (instrumentation only) ===
total_syncs = 11600
total_wait_ms = 6647.200
max_wait_us = 141865
sites = 5
wait_hist_us = logarithmic buckets
  hist[0] = 10524
  hist[1] = 619
  hist[2] = 18
  hist[3] = 15
  hist[4] = 9
  hist[9] = 69
  hist[10] = 169
  hist[11] = 38
  hist[14] = 49
  hist[15] = 74
  hist[16] = 15
  hist[17] = 1
by_callsite (caller PC; symbolize with addr2line):
   0 caller=0x78b11f95c0d2 calls=4757 total_ms=6643.305 avg_us=1396.532 max_us=141865
   1 caller=0x78b11f96098c calls=3771 total_ms=1.523 avg_us=0.404 max_us=18
   2 caller=0x78b11f96089c calls=1396 total_ms=1.255 avg_us=0.899 max_us=17
   3 caller=0x78b11f960abd calls=1396 total_ms=0.565 avg_us=0.405 max_us=25
   4 caller=0x78b11f95f852 calls=280 total_ms=0.552 avg_us=1.971 max_us=15
direct_cudaStreamSynchronize: calls=5236 total_ms=27.325 max_us=2532
by_direct_callsite (file:line):
   0 /opt/llama.cpp/ggml/src/ggml-cuda/ggml-cuda.cu:839 calls=4883 total_ms=21.054 avg_us=4.312 max_us=354
   1 /opt/llama.cpp/ggml/src/ggml-cuda/ggml-cuda.cu:900 calls=12 total_ms=5.841 avg_us=486.750 max_us=2532
   2 /opt/llama.cpp/ggml/src/ggml-cuda/ggml-cuda.cu:2665 calls=191 total_ms=0.280 avg_us=1.466 max_us=28
   3 /opt/llama.cpp/ggml/src/ggml-cuda/ggml-cuda.cu:847 calls=150 total_ms=0.150 avg_us=1.000 max_us=3
=== END CUDA SYNC PROFILE ===
backend-sync-trace: count=11700 backend=CUDA0 caller=ggml_backend_sched_graph_compute_async_ext+0xecc

=== CUDA SYNC PROFILE (instrumentation only) ===
total_syncs = 11700
total_wait_ms = 6685.823
max_wait_us = 141865
sites = 5
wait_hist_us = logarithmic buckets
  hist[0] = 10616
  hist[1] = 623
  hist[2] = 18
  hist[3] = 15
  hist[4] = 9
  hist[9] = 70
  hist[10] = 171
  hist[11] = 38
  hist[14] = 49
  hist[15] = 75
  hist[16] = 15
  hist[17] = 1
by_callsite (caller PC; symbolize with addr2line):
   0 caller=0x78b11f95c0d2 calls=4801 total_ms=6681.899 avg_us=1391.772 max_us=141865
   1 caller=0x78b11f96098c calls=3801 total_ms=1.535 avg_us=0.404 max_us=18
   2 caller=0x78b11f96089c calls=1408 total_ms=1.264 avg_us=0.898 max_us=17
   3 caller=0x78b11f960abd calls=1408 total_ms=0.570 avg_us=0.405 max_us=25
   4 caller=0x78b11f95f852 calls=282 total_ms=0.555 avg_us=1.968 max_us=15
direct_cudaStreamSynchronize: calls=5276 total_ms=27.480 max_us=2532
by_direct_callsite (file:line):
   0 /opt/llama.cpp/ggml/src/ggml-cuda/ggml-cuda.cu:839 calls=4923 total_ms=21.209 avg_us=4.308 max_us=354
   1 /opt/llama.cpp/ggml/src/ggml-cuda/ggml-cuda.cu:900 calls=12 total_ms=5.841 avg_us=486.750 max_us=2532
   2 /opt/llama.cpp/ggml/src/ggml-cuda/ggml-cuda.cu:2665 calls=191 total_ms=0.280 avg_us=1.466 max_us=28
   3 /opt/llama.cpp/ggml/src/ggml-cuda/ggml-cuda.cu:847 calls=150 total_ms=0.150 avg_us=1.000 max_us=3
=== END CUDA SYNC PROFILE ===

=== CUDA SYNC PROFILE (instrumentation only) ===
total_syncs = 11740
total_wait_ms = 6717.110
max_wait_us = 141865
sites = 5
wait_hist_us = logarithmic buckets
  hist[0] = 10652
  hist[1] = 625
  hist[2] = 18
  hist[3] = 15
  hist[4] = 9
  hist[9] = 71
  hist[10] = 171
  hist[11] = 38
  hist[14] = 50
  hist[15] = 75
  hist[16] = 15
  hist[17] = 1
by_callsite (caller PC; symbolize with addr2line):
   0 caller=0x78b11f95c0d2 calls=4810 total_ms=6713.169 avg_us=1395.669 max_us=141865
   1 caller=0x78b11f96098c calls=3819 total_ms=1.542 avg_us=0.404 max_us=18
   2 caller=0x78b11f96089c calls=1414 total_ms=1.270 avg_us=0.898 max_us=17
   3 caller=0x78b11f960abd calls=1414 total_ms=0.572 avg_us=0.405 max_us=25
   4 caller=0x78b11f95f852 calls=283 total_ms=0.557 avg_us=1.968 max_us=15
direct_cudaStreamSynchronize: calls=5300 total_ms=27.585 max_us=2532
by_direct_callsite (file:line):
   0 /opt/llama.cpp/ggml/src/ggml-cuda/ggml-cuda.cu:839 calls=4947 total_ms=21.314 avg_us=4.308 max_us=354
   1 /opt/llama.cpp/ggml/src/ggml-cuda/ggml-cuda.cu:900 calls=12 total_ms=5.841 avg_us=486.750 max_us=2532
   2 /opt/llama.cpp/ggml/src/ggml-cuda/ggml-cuda.cu:2665 calls=191 total_ms=0.280 avg_us=1.466 max_us=28
   3 /opt/llama.cpp/ggml/src/ggml-cuda/ggml-cuda.cu:847 calls=150 total_ms=0.150 avg_us=1.000 max_us=3
=== END CUDA SYNC PROFILE ===
backend-sync-trace: count=11800 backend=CUDA0 caller=ggml_backend_sched_graph_compute_async_ext+0xecc

=== CUDA SYNC PROFILE (instrumentation only) ===
total_syncs = 11800
total_wait_ms = 6721.394
max_wait_us = 141865
sites = 5
wait_hist_us = logarithmic buckets
  hist[0] = 10708
  hist[1] = 627
  hist[2] = 18
  hist[3] = 15
  hist[4] = 9
  hist[9] = 71
  hist[10] = 172
  hist[11] = 39
  hist[14] = 50
  hist[15] = 75
  hist[16] = 15
  hist[17] = 1
by_callsite (caller PC; symbolize with addr2line):
   0 caller=0x78b11f95c0d2 calls=4833 total_ms=6717.431 avg_us=1389.909 max_us=141865
   1 caller=0x78b11f96098c calls=3839 total_ms=1.552 avg_us=0.404 max_us=18
   2 caller=0x78b11f96089c calls=1422 total_ms=1.278 avg_us=0.899 max_us=17
   3 caller=0x78b11f960abd calls=1422 total_ms=0.574 avg_us=0.404 max_us=25
   4 caller=0x78b11f95f852 calls=284 total_ms=0.559 avg_us=1.968 max_us=15
direct_cudaStreamSynchronize: calls=5325 total_ms=27.686 max_us=2532
by_direct_callsite (file:line):
   0 /opt/llama.cpp/ggml/src/ggml-cuda/ggml-cuda.cu:839 calls=4972 total_ms=21.415 avg_us=4.307 max_us=354
   1 /opt/llama.cpp/ggml/src/ggml-cuda/ggml-cuda.cu:900 calls=12 total_ms=5.841 avg_us=486.750 max_us=2532
   2 /opt/llama.cpp/ggml/src/ggml-cuda/ggml-cuda.cu:2665 calls=191 total_ms=0.280 avg_us=1.466 max_us=28
   3 /opt/llama.cpp/ggml/src/ggml-cuda/ggml-cuda.cu:847 calls=150 total_ms=0.150 avg_us=1.000 max_us=3
=== END CUDA SYNC PROFILE ===
backend-sync-trace: count=11900 backend=CUDA0 caller=ggml_backend_sched_synchronize+0x62

=== CUDA SYNC PROFILE (instrumentation only) ===
total_syncs = 11900
total_wait_ms = 6842.364
max_wait_us = 141865
sites = 5
wait_hist_us = logarithmic buckets
  hist[0] = 10801
  hist[1] = 630
  hist[2] = 18
  hist[3] = 15
  hist[4] = 9
  hist[9] = 72
  hist[10] = 173
  hist[11] = 39
  hist[14] = 50
  hist[15] = 77
  hist[16] = 15
  hist[17] = 1
by_callsite (caller PC; symbolize with addr2line):
   0 caller=0x78b11f95c0d2 calls=4870 total_ms=6838.374 avg_us=1404.184 max_us=141865
   1 caller=0x78b11f96098c calls=3875 total_ms=1.562 avg_us=0.403 max_us=18
   2 caller=0x78b11f96089c calls=1434 total_ms=1.285 avg_us=0.896 max_us=17
   3 caller=0x78b11f960abd calls=1434 total_ms=0.580 avg_us=0.404 max_us=25
   4 caller=0x78b11f95f852 calls=287 total_ms=0.563 avg_us=1.962 max_us=15
direct_cudaStreamSynchronize: calls=5371 total_ms=27.867 max_us=2532
by_direct_callsite (file:line):
   0 /opt/llama.cpp/ggml/src/ggml-cuda/ggml-cuda.cu:839 calls=5018 total_ms=21.596 avg_us=4.304 max_us=354
   1 /opt/llama.cpp/ggml/src/ggml-cuda/ggml-cuda.cu:900 calls=12 total_ms=5.841 avg_us=486.750 max_us=2532
   2 /opt/llama.cpp/ggml/src/ggml-cuda/ggml-cuda.cu:2665 calls=191 total_ms=0.280 avg_us=1.466 max_us=28
   3 /opt/llama.cpp/ggml/src/ggml-cuda/ggml-cuda.cu:847 calls=150 total_ms=0.150 avg_us=1.000 max_us=3
=== END CUDA SYNC PROFILE ===

=== CUDA SYNC PROFILE (instrumentation only) ===
total_syncs = 11964
total_wait_ms = 6845.020
max_wait_us = 141865
sites = 5
wait_hist_us = logarithmic buckets
  hist[0] = 10861
  hist[1] = 632
  hist[2] = 18
  hist[3] = 15
  hist[4] = 9
  hist[9] = 73
  hist[10] = 174
  hist[11] = 39
  hist[14] = 50
  hist[15] = 77
  hist[16] = 15
  hist[17] = 1
by_callsite (caller PC; symbolize with addr2line):
   0 caller=0x78b11f95c0d2 calls=4895 total_ms=6841.011 avg_us=1397.551 max_us=141865
   1 caller=0x78b11f96098c calls=3897 total_ms=1.570 avg_us=0.403 max_us=18
   2 caller=0x78b11f96089c calls=1442 total_ms=1.291 avg_us=0.895 max_us=17
   3 caller=0x78b11f960abd calls=1442 total_ms=0.583 avg_us=0.404 max_us=25
   4 caller=0x78b11f95f852 calls=288 total_ms=0.565 avg_us=1.962 max_us=15
direct_cudaStreamSynchronize: calls=5400 total_ms=27.978 max_us=2532
by_direct_callsite (file:line):
   0 /opt/llama.cpp/ggml/src/ggml-cuda/ggml-cuda.cu:839 calls=5047 total_ms=21.707 avg_us=4.301 max_us=354
   1 /opt/llama.cpp/ggml/src/ggml-cuda/ggml-cuda.cu:900 calls=12 total_ms=5.841 avg_us=486.750 max_us=2532
   2 /opt/llama.cpp/ggml/src/ggml-cuda/ggml-cuda.cu:2665 calls=191 total_ms=0.280 avg_us=1.466 max_us=28
   3 /opt/llama.cpp/ggml/src/ggml-cuda/ggml-cuda.cu:847 calls=150 total_ms=0.150 avg_us=1.000 max_us=3
=== END CUDA SYNC PROFILE ===
backend-sync-trace: count=12000 backend=CUDA0 caller=ggml_backend_sched_graph_compute_async_ext+0xffd

=== CUDA SYNC PROFILE (instrumentation only) ===
total_syncs = 12000
total_wait_ms = 6894.291
max_wait_us = 141865
sites = 5
wait_hist_us = logarithmic buckets
  hist[0] = 10893
  hist[1] = 635
  hist[2] = 18
  hist[3] = 15
  hist[4] = 9
  hist[9] = 73
  hist[10] = 174
  hist[11] = 39
  hist[14] = 50
  hist[15] = 78
  hist[16] = 15
  hist[17] = 1
by_callsite (caller PC; symbolize with addr2line):
   0 caller=0x78b11f95c0d2 calls=4918 total_ms=6890.271 avg_us=1401.031 max_us=141865
   1 caller=0x78b11f96098c calls=3902 total_ms=1.573 avg_us=0.403 max_us=18
   2 caller=0x78b11f96089c calls=1445 total_ms=1.293 avg_us=0.895 max_us=17
   3 caller=0x78b11f960abd calls=1445 total_ms=0.585 avg_us=0.405 max_us=25
   4 caller=0x78b11f95f852 calls=290 total_ms=0.569 avg_us=1.962 max_us=15
direct_cudaStreamSynchronize: calls=5406 total_ms=28.006 max_us=2532
by_direct_callsite (file:line):
   0 /opt/llama.cpp/ggml/src/ggml-cuda/ggml-cuda.cu:839 calls=5053 total_ms=21.735 avg_us=4.301 max_us=354
   1 /opt/llama.cpp/ggml/src/ggml-cuda/ggml-cuda.cu:900 calls=12 total_ms=5.841 avg_us=486.750 max_us=2532
   2 /opt/llama.cpp/ggml/src/ggml-cuda/ggml-cuda.cu:2665 calls=191 total_ms=0.280 avg_us=1.466 max_us=28
   3 /opt/llama.cpp/ggml/src/ggml-cuda/ggml-cuda.cu:847 calls=150 total_ms=0.150 avg_us=1.000 max_us=3
=== END CUDA SYNC PROFILE ===
backend-sync-trace: count=12100 backend=CUDA0 caller=ggml_backend_sched_synchronize+0x62

=== CUDA SYNC PROFILE (instrumentation only) ===
total_syncs = 12100
total_wait_ms = 6952.751
max_wait_us = 141865
sites = 5
wait_hist_us = logarithmic buckets
  hist[0] = 10975
  hist[1] = 647
  hist[2] = 18
  hist[3] = 16
  hist[4] = 9
  hist[9] = 73
  hist[10] = 177
  hist[11] = 40
  hist[14] = 50
  hist[15] = 79
  hist[16] = 15
  hist[17] = 1
by_callsite (caller PC; symbolize with addr2line):
   0 caller=0x78b11f95c0d2 calls=4955 total_ms=6948.668 avg_us=1402.355 max_us=141865
   1 caller=0x78b11f96098c calls=3937 total_ms=1.602 avg_us=0.407 max_us=18
   2 caller=0x78b11f96089c calls=1458 total_ms=1.317 avg_us=0.903 max_us=17
   3 caller=0x78b11f960abd calls=1458 total_ms=0.592 avg_us=0.406 max_us=25
   4 caller=0x78b11f95f852 calls=292 total_ms=0.572 avg_us=1.959 max_us=15
direct_cudaStreamSynchronize: calls=5453 total_ms=28.207 max_us=2532
by_direct_callsite (file:line):
   0 /opt/llama.cpp/ggml/src/ggml-cuda/ggml-cuda.cu:839 calls=5100 total_ms=21.936 avg_us=4.301 max_us=354
   1 /opt/llama.cpp/ggml/src/ggml-cuda/ggml-cuda.cu:900 calls=12 total_ms=5.841 avg_us=486.750 max_us=2532
   2 /opt/llama.cpp/ggml/src/ggml-cuda/ggml-cuda.cu:2665 calls=191 total_ms=0.280 avg_us=1.466 max_us=28
   3 /opt/llama.cpp/ggml/src/ggml-cuda/ggml-cuda.cu:847 calls=150 total_ms=0.150 avg_us=1.000 max_us=3
=== END CUDA SYNC PROFILE ===

=== CUDA SYNC PROFILE (instrumentation only) ===
total_syncs = 12199
total_wait_ms = 6995.046
max_wait_us = 141865
sites = 5
wait_hist_us = logarithmic buckets
  hist[0] = 11067
  hist[1] = 651
  hist[2] = 18
  hist[3] = 16
  hist[4] = 9
  hist[9] = 73
  hist[10] = 179
  hist[11] = 40
  hist[14] = 50
  hist[15] = 80
  hist[16] = 15
  hist[17] = 1
by_callsite (caller PC; symbolize with addr2line):
   0 caller=0x78b11f95c0d2 calls=4988 total_ms=6990.929 avg_us=1401.550 max_us=141865
   1 caller=0x78b11f96098c calls=3973 total_ms=1.617 avg_us=0.407 max_us=18
   2 caller=0x78b11f96089c calls=1472 total_ms=1.326 avg_us=0.901 max_us=17
   3 caller=0x78b11f960abd calls=1472 total_ms=0.598 avg_us=0.406 max_us=25
   4 caller=0x78b11f95f852 calls=294 total_ms=0.576 avg_us=1.959 max_us=15
direct_cudaStreamSynchronize: calls=5500 total_ms=28.403 max_us=2532
by_direct_callsite (file:line):
   0 /opt/llama.cpp/ggml/src/ggml-cuda/ggml-cuda.cu:839 calls=5147 total_ms=22.132 avg_us=4.300 max_us=354
   1 /opt/llama.cpp/ggml/src/ggml-cuda/ggml-cuda.cu:900 calls=12 total_ms=5.841 avg_us=486.750 max_us=2532
   2 /opt/llama.cpp/ggml/src/ggml-cuda/ggml-cuda.cu:2665 calls=191 total_ms=0.280 avg_us=1.466 max_us=28
   3 /opt/llama.cpp/ggml/src/ggml-cuda/ggml-cuda.cu:847 calls=150 total_ms=0.150 avg_us=1.000 max_us=3
=== END CUDA SYNC PROFILE ===
backend-sync-trace: count=12200 backend=CUDA0 caller=ggml_backend_sched_graph_compute_async_ext+0xecc

=== CUDA SYNC PROFILE (instrumentation only) ===
total_syncs = 12200
total_wait_ms = 6995.046
max_wait_us = 141865
sites = 5
wait_hist_us = logarithmic buckets
  hist[0] = 11068
  hist[1] = 651
  hist[2] = 18
  hist[3] = 16
  hist[4] = 9
  hist[9] = 73
  hist[10] = 179
  hist[11] = 40
  hist[14] = 50
  hist[15] = 80
  hist[16] = 15
  hist[17] = 1
by_callsite (caller PC; symbolize with addr2line):
   0 caller=0x78b11f95c0d2 calls=4988 total_ms=6990.929 avg_us=1401.550 max_us=141865
   1 caller=0x78b11f96098c calls=3974 total_ms=1.617 avg_us=0.407 max_us=18
   2 caller=0x78b11f96089c calls=1472 total_ms=1.326 avg_us=0.901 max_us=17
   3 caller=0x78b11f960abd calls=1472 total_ms=0.598 avg_us=0.406 max_us=25
   4 caller=0x78b11f95f852 calls=294 total_ms=0.576 avg_us=1.959 max_us=15
direct_cudaStreamSynchronize: calls=5500 total_ms=28.403 max_us=2532
by_direct_callsite (file:line):
   0 /opt/llama.cpp/ggml/src/ggml-cuda/ggml-cuda.cu:839 calls=5147 total_ms=22.132 avg_us=4.300 max_us=354
   1 /opt/llama.cpp/ggml/src/ggml-cuda/ggml-cuda.cu:900 calls=12 total_ms=5.841 avg_us=486.750 max_us=2532
   2 /opt/llama.cpp/ggml/src/ggml-cuda/ggml-cuda.cu:2665 calls=191 total_ms=0.280 avg_us=1.466 max_us=28
   3 /opt/llama.cpp/ggml/src/ggml-cuda/ggml-cuda.cu:847 calls=150 total_ms=0.150 avg_us=1.000 max_us=3
=== END CUDA SYNC PROFILE ===
backend-sync-trace: count=12300 backend=CUDA0 caller=ggml_backend_sched_synchronize+0x62

=== CUDA SYNC PROFILE (instrumentation only) ===
total_syncs = 12300
total_wait_ms = 7079.393
max_wait_us = 141865
sites = 5
wait_hist_us = logarithmic buckets
  hist[0] = 11160
  hist[1] = 655
  hist[2] = 18
  hist[3] = 16
  hist[4] = 9
  hist[9] = 73
  hist[10] = 181
  hist[11] = 40
  hist[14] = 50
  hist[15] = 82
  hist[16] = 15
  hist[17] = 1
by_callsite (caller PC; symbolize with addr2line):
   0 caller=0x78b11f95c0d2 calls=5025 total_ms=7075.249 avg_us=1408.010 max_us=141865
   1 caller=0x78b11f96098c calls=4010 total_ms=1.627 avg_us=0.406 max_us=18
   2 caller=0x78b11f96089c calls=1484 total_ms=1.334 avg_us=0.899 max_us=17
   3 caller=0x78b11f960abd calls=1484 total_ms=0.603 avg_us=0.406 max_us=25
   4 caller=0x78b11f95f852 calls=297 total_ms=0.580 avg_us=1.953 max_us=15
direct_cudaStreamSynchronize: calls=5546 total_ms=28.587 max_us=2532
by_direct_callsite (file:line):
   0 /opt/llama.cpp/ggml/src/ggml-cuda/ggml-cuda.cu:839 calls=5193 total_ms=22.316 avg_us=4.297 max_us=354
   1 /opt/llama.cpp/ggml/src/ggml-cuda/ggml-cuda.cu:900 calls=12 total_ms=5.841 avg_us=486.750 max_us=2532
   2 /opt/llama.cpp/ggml/src/ggml-cuda/ggml-cuda.cu:2665 calls=191 total_ms=0.280 avg_us=1.466 max_us=28
   3 /opt/llama.cpp/ggml/src/ggml-cuda/ggml-cuda.cu:847 calls=150 total_ms=0.150 avg_us=1.000 max_us=3
=== END CUDA SYNC PROFILE ===
backend-sync-trace: count=12400 backend=CUDA0 caller=ggml_backend_sched_graph_compute_async_ext+0xffd

=== CUDA SYNC PROFILE (instrumentation only) ===
total_syncs = 12400
total_wait_ms = 7113.749
max_wait_us = 141865
sites = 5
wait_hist_us = logarithmic buckets
  hist[0] = 11252
  hist[1] = 660
  hist[2] = 18
  hist[3] = 16
  hist[4] = 9
  hist[9] = 74
  hist[10] = 181
  hist[11] = 41
  hist[14] = 51
  hist[15] = 82
  hist[16] = 15
  hist[17] = 1
by_callsite (caller PC; symbolize with addr2line):
   0 caller=0x78b11f95c0d2 calls=5073 total_ms=7109.581 avg_us=1401.455 max_us=141865
   1 caller=0x78b11f96098c calls=4037 total_ms=1.635 avg_us=0.405 max_us=18
   2 caller=0x78b11f96089c calls=1495 total_ms=1.342 avg_us=0.898 max_us=17
   3 caller=0x78b11f960abd calls=1495 total_ms=0.605 avg_us=0.405 max_us=25
   4 caller=0x78b11f95f852 calls=300 total_ms=0.586 avg_us=1.953 max_us=15
direct_cudaStreamSynchronize: calls=5581 total_ms=28.734 max_us=2532
by_direct_callsite (file:line):
   0 /opt/llama.cpp/ggml/src/ggml-cuda/ggml-cuda.cu:839 calls=5228 total_ms=22.463 avg_us=4.297 max_us=354
   1 /opt/llama.cpp/ggml/src/ggml-cuda/ggml-cuda.cu:900 calls=12 total_ms=5.841 avg_us=486.750 max_us=2532
   2 /opt/llama.cpp/ggml/src/ggml-cuda/ggml-cuda.cu:2665 calls=191 total_ms=0.280 avg_us=1.466 max_us=28
   3 /opt/llama.cpp/ggml/src/ggml-cuda/ggml-cuda.cu:847 calls=150 total_ms=0.150 avg_us=1.000 max_us=3
=== END CUDA SYNC PROFILE ===

=== CUDA SYNC PROFILE (instrumentation only) ===
total_syncs = 12440
total_wait_ms = 7115.540
max_wait_us = 141865
sites = 5
wait_hist_us = logarithmic buckets
  hist[0] = 11289
  hist[1] = 661
  hist[2] = 18
  hist[3] = 16
  hist[4] = 9
  hist[9] = 76
  hist[10] = 181
  hist[11] = 41
  hist[14] = 51
  hist[15] = 82
  hist[16] = 15
  hist[17] = 1
by_callsite (caller PC; symbolize with addr2line):
   0 caller=0x78b11f95c0d2 calls=5087 total_ms=7111.359 avg_us=1397.948 max_us=141865
   1 caller=0x78b11f96098c calls=4049 total_ms=1.638 avg_us=0.405 max_us=18
   2 caller=0x78b11f96089c calls=1502 total_ms=1.349 avg_us=0.898 max_us=17
   3 caller=0x78b11f960abd calls=1502 total_ms=0.608 avg_us=0.405 max_us=25
   4 caller=0x78b11f95f852 calls=300 total_ms=0.586 avg_us=1.953 max_us=15
direct_cudaStreamSynchronize: calls=5600 total_ms=28.817 max_us=2532
by_direct_callsite (file:line):
   0 /opt/llama.cpp/ggml/src/ggml-cuda/ggml-cuda.cu:839 calls=5247 total_ms=22.546 avg_us=4.297 max_us=354
   1 /opt/llama.cpp/ggml/src/ggml-cuda/ggml-cuda.cu:900 calls=12 total_ms=5.841 avg_us=486.750 max_us=2532
   2 /opt/llama.cpp/ggml/src/ggml-cuda/ggml-cuda.cu:2665 calls=191 total_ms=0.280 avg_us=1.466 max_us=28
   3 /opt/llama.cpp/ggml/src/ggml-cuda/ggml-cuda.cu:847 calls=150 total_ms=0.150 avg_us=1.000 max_us=3
=== END CUDA SYNC PROFILE ===
backend-sync-trace: count=12500 backend=CUDA0 caller=ggml_backend_sched_graph_compute_async_ext+0xecc

=== CUDA SYNC PROFILE (instrumentation only) ===
total_syncs = 12500
total_wait_ms = 7146.208
max_wait_us = 141865
sites = 5
wait_hist_us = logarithmic buckets
  hist[0] = 11345
  hist[1] = 663
  hist[2] = 18
  hist[3] = 16
  hist[4] = 9
  hist[9] = 76
  hist[10] = 182
  hist[11] = 41
  hist[14] = 52
  hist[15] = 82
  hist[16] = 15
  hist[17] = 1
by_callsite (caller PC; symbolize with addr2line):
   0 caller=0x78b11f95c0d2 calls=5111 total_ms=7142.012 avg_us=1397.381 max_us=141865
   1 caller=0x78b11f96098c calls=4071 total_ms=1.644 avg_us=0.404 max_us=18
   2 caller=0x78b11f96089c calls=1508 total_ms=1.352 avg_us=0.897 max_us=17
   3 caller=0x78b11f960abd calls=1508 total_ms=0.610 avg_us=0.405 max_us=25
   4 caller=0x78b11f95f852 calls=302 total_ms=0.590 avg_us=1.954 max_us=15
direct_cudaStreamSynchronize: calls=5626 total_ms=28.909 max_us=2532
by_direct_callsite (file:line):
   0 /opt/llama.cpp/ggml/src/ggml-cuda/ggml-cuda.cu:839 calls=5273 total_ms=22.638 avg_us=4.293 max_us=354
   1 /opt/llama.cpp/ggml/src/ggml-cuda/ggml-cuda.cu:900 calls=12 total_ms=5.841 avg_us=486.750 max_us=2532
   2 /opt/llama.cpp/ggml/src/ggml-cuda/ggml-cuda.cu:2665 calls=191 total_ms=0.280 avg_us=1.466 max_us=28
   3 /opt/llama.cpp/ggml/src/ggml-cuda/ggml-cuda.cu:847 calls=150 total_ms=0.150 avg_us=1.000 max_us=3
=== END CUDA SYNC PROFILE ===
backend-sync-trace: count=12600 backend=CUDA0 caller=ggml_backend_sched_graph_compute_async_ext+0xffd

=== CUDA SYNC PROFILE (instrumentation only) ===
total_syncs = 12600
total_wait_ms = 7196.952
max_wait_us = 141865
sites = 5
wait_hist_us = logarithmic buckets
  hist[0] = 11439
  hist[1] = 665
  hist[2] = 18
  hist[3] = 16
  hist[4] = 9
  hist[9] = 76
  hist[10] = 185
  hist[11] = 41
  hist[14] = 52
  hist[15] = 83
  hist[16] = 15
  hist[17] = 1
by_callsite (caller PC; symbolize with addr2line):
   0 caller=0x78b11f95c0d2 calls=5155 total_ms=7192.725 avg_us=1395.291 max_us=141865
   1 caller=0x78b11f96098c calls=4099 total_ms=1.657 avg_us=0.404 max_us=18
   2 caller=0x78b11f96089c calls=1521 total_ms=1.362 avg_us=0.895 max_us=17
   3 caller=0x78b11f960abd calls=1521 total_ms=0.616 avg_us=0.405 max_us=25
   4 caller=0x78b11f95f852 calls=304 total_ms=0.592 avg_us=1.947 max_us=15
direct_cudaStreamSynchronize: calls=5665 total_ms=29.062 max_us=2532
by_direct_callsite (file:line):
   0 /opt/llama.cpp/ggml/src/ggml-cuda/ggml-cuda.cu:839 calls=5312 total_ms=22.791 avg_us=4.290 max_us=354
   1 /opt/llama.cpp/ggml/src/ggml-cuda/ggml-cuda.cu:900 calls=12 total_ms=5.841 avg_us=486.750 max_us=2532
   2 /opt/llama.cpp/ggml/src/ggml-cuda/ggml-cuda.cu:2665 calls=191 total_ms=0.280 avg_us=1.466 max_us=28
   3 /opt/llama.cpp/ggml/src/ggml-cuda/ggml-cuda.cu:847 calls=150 total_ms=0.150 avg_us=1.000 max_us=3
=== END CUDA SYNC PROFILE ===

=== CUDA SYNC PROFILE (instrumentation only) ===
total_syncs = 12674
total_wait_ms = 7250.989
max_wait_us = 141865
sites = 5
wait_hist_us = logarithmic buckets
  hist[0] = 11504
  hist[1] = 671
  hist[2] = 18
  hist[3] = 16
  hist[4] = 9
  hist[9] = 76
  hist[10] = 186
  hist[11] = 42
  hist[14] = 52
  hist[15] = 84
  hist[16] = 15
  hist[17] = 1
by_callsite (caller PC; symbolize with addr2line):
   0 caller=0x78b11f95c0d2 calls=5182 total_ms=7246.739 avg_us=1398.444 max_us=141865
   1 caller=0x78b11f96098c calls=4126 total_ms=1.666 avg_us=0.404 max_us=18
   2 caller=0x78b11f96089c calls=1530 total_ms=1.369 avg_us=0.895 max_us=17
   3 caller=0x78b11f960abd calls=1530 total_ms=0.619 avg_us=0.405 max_us=25
   4 caller=0x78b11f95f852 calls=306 total_ms=0.596 avg_us=1.948 max_us=15
direct_cudaStreamSynchronize: calls=5700 total_ms=29.202 max_us=2532
by_direct_callsite (file:line):
   0 /opt/llama.cpp/ggml/src/ggml-cuda/ggml-cuda.cu:839 calls=5347 total_ms=22.931 avg_us=4.289 max_us=354
   1 /opt/llama.cpp/ggml/src/ggml-cuda/ggml-cuda.cu:900 calls=12 total_ms=5.841 avg_us=486.750 max_us=2532
   2 /opt/llama.cpp/ggml/src/ggml-cuda/ggml-cuda.cu:2665 calls=191 total_ms=0.280 avg_us=1.466 max_us=28
   3 /opt/llama.cpp/ggml/src/ggml-cuda/ggml-cuda.cu:847 calls=150 total_ms=0.150 avg_us=1.000 max_us=3
=== END CUDA SYNC PROFILE ===
backend-sync-trace: count=12700 backend=CUDA0 caller=ggml_backend_sched_graph_compute_async_ext+0xddc

=== CUDA SYNC PROFILE (instrumentation only) ===
total_syncs = 12700
total_wait_ms = 7323.879
max_wait_us = 141865
sites = 5
wait_hist_us = logarithmic buckets
  hist[0] = 11528
  hist[1] = 672
  hist[2] = 18
  hist[3] = 16
  hist[4] = 9
  hist[9] = 76
  hist[10] = 186
  hist[11] = 42
  hist[14] = 52
  hist[15] = 84
  hist[16] = 16
  hist[17] = 1
by_callsite (caller PC; symbolize with addr2line):
   0 caller=0x78b11f95c0d2 calls=5187 total_ms=7319.619 avg_us=1411.147 max_us=141865
   1 caller=0x78b11f96098c calls=4141 total_ms=1.672 avg_us=0.404 max_us=18
   2 caller=0x78b11f96089c calls=1533 total_ms=1.370 avg_us=0.894 max_us=17
   3 caller=0x78b11f960abd calls=1532 total_ms=0.621 avg_us=0.405 max_us=25
   4 caller=0x78b11f95f852 calls=307 total_ms=0.597 avg_us=1.945 max_us=15
direct_cudaStreamSynchronize: calls=5716 total_ms=29.266 max_us=2532
by_direct_callsite (file:line):
   0 /opt/llama.cpp/ggml/src/ggml-cuda/ggml-cuda.cu:839 calls=5363 total_ms=22.995 avg_us=4.288 max_us=354
   1 /opt/llama.cpp/ggml/src/ggml-cuda/ggml-cuda.cu:900 calls=12 total_ms=5.841 avg_us=486.750 max_us=2532
   2 /opt/llama.cpp/ggml/src/ggml-cuda/ggml-cuda.cu:2665 calls=191 total_ms=0.280 avg_us=1.466 max_us=28
   3 /opt/llama.cpp/ggml/src/ggml-cuda/ggml-cuda.cu:847 calls=150 total_ms=0.150 avg_us=1.000 max_us=3
=== END CUDA SYNC PROFILE ===
backend-sync-trace: count=12800 backend=CUDA0 caller=ggml_backend_sched_synchronize+0x62

=== CUDA SYNC PROFILE (instrumentation only) ===
total_syncs = 12800
total_wait_ms = 7407.717
max_wait_us = 141865
sites = 5
wait_hist_us = logarithmic buckets
  hist[0] = 11620
  hist[1] = 676
  hist[2] = 19
  hist[3] = 16
  hist[4] = 9
  hist[9] = 76
  hist[10] = 186
  hist[11] = 44
  hist[14] = 52
  hist[15] = 84
  hist[16] = 17
  hist[17] = 1
by_callsite (caller PC; symbolize with addr2line):
   0 caller=0x78b11f95c0d2 calls=5231 total_ms=7403.436 avg_us=1415.300 max_us=141865
   1 caller=0x78b11f96098c calls=4172 total_ms=1.680 avg_us=0.403 max_us=18
   2 caller=0x78b11f96089c calls=1544 total_ms=1.375 avg_us=0.891 max_us=17
   3 caller=0x78b11f960abd calls=1544 total_ms=0.626 avg_us=0.405 max_us=25
   4 caller=0x78b11f95f852 calls=309 total_ms=0.600 avg_us=1.942 max_us=15
direct_cudaStreamSynchronize: calls=5756 total_ms=29.431 max_us=2532
by_direct_callsite (file:line):
   0 /opt/llama.cpp/ggml/src/ggml-cuda/ggml-cuda.cu:839 calls=5403 total_ms=23.160 avg_us=4.287 max_us=354
   1 /opt/llama.cpp/ggml/src/ggml-cuda/ggml-cuda.cu:900 calls=12 total_ms=5.841 avg_us=486.750 max_us=2532
   2 /opt/llama.cpp/ggml/src/ggml-cuda/ggml-cuda.cu:2665 calls=191 total_ms=0.280 avg_us=1.466 max_us=28
   3 /opt/llama.cpp/ggml/src/ggml-cuda/ggml-cuda.cu:847 calls=150 total_ms=0.150 avg_us=1.000 max_us=3
=== END CUDA SYNC PROFILE ===
backend-sync-trace: count=12900 backend=CUDA0 caller=ggml_backend_sched_synchronize+0x62

=== CUDA SYNC PROFILE (instrumentation only) ===
total_syncs = 12900
total_wait_ms = 7454.302
max_wait_us = 141865
sites = 5
wait_hist_us = logarithmic buckets
  hist[0] = 11712
  hist[1] = 680
  hist[2] = 19
  hist[3] = 16
  hist[4] = 9
  hist[9] = 77
  hist[10] = 188
  hist[11] = 44
  hist[14] = 52
  hist[15] = 85
  hist[16] = 17
  hist[17] = 1
by_callsite (caller PC; symbolize with addr2line):
   0 caller=0x78b11f95c0d2 calls=5273 total_ms=7449.986 avg_us=1412.855 max_us=141865
   1 caller=0x78b11f96098c calls=4203 total_ms=1.692 avg_us=0.403 max_us=18
   2 caller=0x78b11f96089c calls=1556 total_ms=1.388 avg_us=0.892 max_us=17
   3 caller=0x78b11f960abd calls=1556 total_ms=0.631 avg_us=0.406 max_us=25
   4 caller=0x78b11f95f852 calls=312 total_ms=0.605 avg_us=1.939 max_us=15
direct_cudaStreamSynchronize: calls=5797 total_ms=29.592 max_us=2532
by_direct_callsite (file:line):
   0 /opt/llama.cpp/ggml/src/ggml-cuda/ggml-cuda.cu:839 calls=5444 total_ms=23.321 avg_us=4.284 max_us=354
   1 /opt/llama.cpp/ggml/src/ggml-cuda/ggml-cuda.cu:900 calls=12 total_ms=5.841 avg_us=486.750 max_us=2532
   2 /opt/llama.cpp/ggml/src/ggml-cuda/ggml-cuda.cu:2665 calls=191 total_ms=0.280 avg_us=1.466 max_us=28
   3 /opt/llama.cpp/ggml/src/ggml-cuda/ggml-cuda.cu:847 calls=150 total_ms=0.150 avg_us=1.000 max_us=3
=== END CUDA SYNC PROFILE ===

=== CUDA SYNC PROFILE (instrumentation only) ===
total_syncs = 12909
total_wait_ms = 7454.305
max_wait_us = 141865
sites = 5
wait_hist_us = logarithmic buckets
  hist[0] = 11721
  hist[1] = 680
  hist[2] = 19
  hist[3] = 16
  hist[4] = 9
  hist[9] = 77
  hist[10] = 188
  hist[11] = 44
  hist[14] = 52
  hist[15] = 85
  hist[16] = 17
  hist[17] = 1
by_callsite (caller PC; symbolize with addr2line):
   0 caller=0x78b11f95c0d2 calls=5277 total_ms=7449.988 avg_us=1411.785 max_us=141865
   1 caller=0x78b11f96098c calls=4204 total_ms=1.692 avg_us=0.402 max_us=18
   2 caller=0x78b11f96089c calls=1558 total_ms=1.389 avg_us=0.892 max_us=17
   3 caller=0x78b11f960abd calls=1558 total_ms=0.631 avg_us=0.405 max_us=25
   4 caller=0x78b11f95f852 calls=312 total_ms=0.605 avg_us=1.939 max_us=15
direct_cudaStreamSynchronize: calls=5800 total_ms=29.603 max_us=2532
by_direct_callsite (file:line):
   0 /opt/llama.cpp/ggml/src/ggml-cuda/ggml-cuda.cu:839 calls=5447 total_ms=23.332 avg_us=4.283 max_us=354
   1 /opt/llama.cpp/ggml/src/ggml-cuda/ggml-cuda.cu:900 calls=12 total_ms=5.841 avg_us=486.750 max_us=2532
   2 /opt/llama.cpp/ggml/src/ggml-cuda/ggml-cuda.cu:2665 calls=191 total_ms=0.280 avg_us=1.466 max_us=28
   3 /opt/llama.cpp/ggml/src/ggml-cuda/ggml-cuda.cu:847 calls=150 total_ms=0.150 avg_us=1.000 max_us=3
=== END CUDA SYNC PROFILE ===
backend-sync-trace: count=13000 backend=CUDA0 caller=ggml_backend_sched_synchronize+0x62

=== CUDA SYNC PROFILE (instrumentation only) ===
total_syncs = 13000
total_wait_ms = 7505.775
max_wait_us = 141865
sites = 5
wait_hist_us = logarithmic buckets
  hist[0] = 11805
  hist[1] = 683
  hist[2] = 19
  hist[3] = 16
  hist[4] = 9
  hist[9] = 79
  hist[10] = 189
  hist[11] = 44
  hist[14] = 52
  hist[15] = 86
  hist[16] = 17
  hist[17] = 1
by_callsite (caller PC; symbolize with addr2line):
   0 caller=0x78b11f95c0d2 calls=5316 total_ms=7501.436 avg_us=1411.105 max_us=141865
   1 caller=0x78b11f96098c calls=4234 total_ms=1.698 avg_us=0.401 max_us=18
   2 caller=0x78b11f96089c calls=1568 total_ms=1.397 avg_us=0.891 max_us=17
   3 caller=0x78b11f960abd calls=1568 total_ms=0.636 avg_us=0.406 max_us=25
   4 caller=0x78b11f95f852 calls=314 total_ms=0.608 avg_us=1.936 max_us=15
direct_cudaStreamSynchronize: calls=5838 total_ms=29.748 max_us=2532
by_direct_callsite (file:line):
   0 /opt/llama.cpp/ggml/src/ggml-cuda/ggml-cuda.cu:839 calls=5485 total_ms=23.477 avg_us=4.280 max_us=354
   1 /opt/llama.cpp/ggml/src/ggml-cuda/ggml-cuda.cu:900 calls=12 total_ms=5.841 avg_us=486.750 max_us=2532
   2 /opt/llama.cpp/ggml/src/ggml-cuda/ggml-cuda.cu:2665 calls=191 total_ms=0.280 avg_us=1.466 max_us=28
   3 /opt/llama.cpp/ggml/src/ggml-cuda/ggml-cuda.cu:847 calls=150 total_ms=0.150 avg_us=1.000 max_us=3
=== END CUDA SYNC PROFILE ===
backend-sync-trace: count=13100 backend=CUDA0 caller=ggml_backend_sched_graph_compute_async_ext+0xecc

=== CUDA SYNC PROFILE (instrumentation only) ===
total_syncs = 13100
total_wait_ms = 7560.269
max_wait_us = 141865
sites = 5
wait_hist_us = logarithmic buckets
  hist[0] = 11896
  hist[1] = 689
  hist[2] = 19
  hist[3] = 16
  hist[4] = 9
  hist[9] = 79
  hist[10] = 190
  hist[11] = 45
  hist[14] = 52
  hist[15] = 87
  hist[16] = 17
  hist[17] = 1
by_callsite (caller PC; symbolize with addr2line):
   0 caller=0x78b11f95c0d2 calls=5358 total_ms=7555.902 avg_us=1410.209 max_us=141865
   1 caller=0x78b11f96098c calls=4262 total_ms=1.706 avg_us=0.400 max_us=18
   2 caller=0x78b11f96089c calls=1582 total_ms=1.405 avg_us=0.888 max_us=17
   3 caller=0x78b11f960abd calls=1582 total_ms=0.644 avg_us=0.407 max_us=25
   4 caller=0x78b11f95f852 calls=316 total_ms=0.612 avg_us=1.937 max_us=15
direct_cudaStreamSynchronize: calls=5876 total_ms=29.909 max_us=2532
by_direct_callsite (file:line):
   0 /opt/llama.cpp/ggml/src/ggml-cuda/ggml-cuda.cu:839 calls=5523 total_ms=23.638 avg_us=4.280 max_us=354
   1 /opt/llama.cpp/ggml/src/ggml-cuda/ggml-cuda.cu:900 calls=12 total_ms=5.841 avg_us=486.750 max_us=2532
   2 /opt/llama.cpp/ggml/src/ggml-cuda/ggml-cuda.cu:2665 calls=191 total_ms=0.280 avg_us=1.466 max_us=28
   3 /opt/llama.cpp/ggml/src/ggml-cuda/ggml-cuda.cu:847 calls=150 total_ms=0.150 avg_us=1.000 max_us=3
=== END CUDA SYNC PROFILE ===

=== CUDA SYNC PROFILE (instrumentation only) ===
total_syncs = 13153
total_wait_ms = 7630.268
max_wait_us = 141865
sites = 5
wait_hist_us = logarithmic buckets
  hist[0] = 11944
  hist[1] = 692
  hist[2] = 20
  hist[3] = 16
  hist[4] = 9
  hist[9] = 79
  hist[10] = 190
  hist[11] = 45
  hist[14] = 52
  hist[15] = 87
  hist[16] = 18
  hist[17] = 1
by_callsite (caller PC; symbolize with addr2line):
   0 caller=0x78b11f95c0d2 calls=5381 total_ms=7625.884 avg_us=1417.187 max_us=141865
   1 caller=0x78b11f96098c calls=4282 total_ms=1.714 avg_us=0.400 max_us=18
   2 caller=0x78b11f96089c calls=1586 total_ms=1.408 avg_us=0.888 max_us=17
   3 caller=0x78b11f960abd calls=1586 total_ms=0.646 avg_us=0.407 max_us=25
   4 caller=0x78b11f95f852 calls=318 total_ms=0.616 avg_us=1.937 max_us=15
direct_cudaStreamSynchronize: calls=5900 total_ms=30.073 max_us=2532
by_direct_callsite (file:line):
   0 /opt/llama.cpp/ggml/src/ggml-cuda/ggml-cuda.cu:839 calls=5547 total_ms=23.802 avg_us=4.291 max_us=354
   1 /opt/llama.cpp/ggml/src/ggml-cuda/ggml-cuda.cu:900 calls=12 total_ms=5.841 avg_us=486.750 max_us=2532
   2 /opt/llama.cpp/ggml/src/ggml-cuda/ggml-cuda.cu:2665 calls=191 total_ms=0.280 avg_us=1.466 max_us=28
   3 /opt/llama.cpp/ggml/src/ggml-cuda/ggml-cuda.cu:847 calls=150 total_ms=0.150 avg_us=1.000 max_us=3
=== END CUDA SYNC PROFILE ===
backend-sync-trace: count=13200 backend=CUDA0 caller=ggml_backend_sched_graph_compute_async_ext+0xecc

=== CUDA SYNC PROFILE (instrumentation only) ===
total_syncs = 13200
total_wait_ms = 7632.952
max_wait_us = 141865
sites = 5
wait_hist_us = logarithmic buckets
  hist[0] = 11988
  hist[1] = 693
  hist[2] = 20
  hist[3] = 16
  hist[4] = 9
  hist[9] = 79
  hist[10] = 192
  hist[11] = 45
  hist[14] = 52
  hist[15] = 87
  hist[16] = 18
  hist[17] = 1
by_callsite (caller PC; symbolize with addr2line):
   0 caller=0x78b11f95c0d2 calls=5395 total_ms=7628.552 avg_us=1414.004 max_us=141865
   1 caller=0x78b11f96098c calls=4303 total_ms=1.723 avg_us=0.400 max_us=18
   2 caller=0x78b11f96089c calls=1592 total_ms=1.412 avg_us=0.887 max_us=17
   3 caller=0x78b11f960abd calls=1592 total_ms=0.649 avg_us=0.408 max_us=25
   4 caller=0x78b11f95f852 calls=318 total_ms=0.616 avg_us=1.937 max_us=15
direct_cudaStreamSynchronize: calls=5925 total_ms=30.171 max_us=2532
by_direct_callsite (file:line):
   0 /opt/llama.cpp/ggml/src/ggml-cuda/ggml-cuda.cu:839 calls=5572 total_ms=23.900 avg_us=4.289 max_us=354
   1 /opt/llama.cpp/ggml/src/ggml-cuda/ggml-cuda.cu:900 calls=12 total_ms=5.841 avg_us=486.750 max_us=2532
   2 /opt/llama.cpp/ggml/src/ggml-cuda/ggml-cuda.cu:2665 calls=191 total_ms=0.280 avg_us=1.466 max_us=28
   3 /opt/llama.cpp/ggml/src/ggml-cuda/ggml-cuda.cu:847 calls=150 total_ms=0.150 avg_us=1.000 max_us=3
=== END CUDA SYNC PROFILE ===
backend-sync-trace: count=13300 backend=CUDA0 caller=ggml_backend_sched_synchronize+0x62

=== CUDA SYNC PROFILE (instrumentation only) ===
total_syncs = 13300
total_wait_ms = 7749.034
max_wait_us = 141865
sites = 5
wait_hist_us = logarithmic buckets
  hist[0] = 12068
  hist[1] = 706
  hist[2] = 21
  hist[3] = 18
  hist[4] = 9
  hist[9] = 80
  hist[10] = 193
  hist[11] = 45
  hist[14] = 52
  hist[15] = 89
  hist[16] = 18
  hist[17] = 1
by_callsite (caller PC; symbolize with addr2line):
   0 caller=0x78b11f95c0d2 calls=5437 total_ms=7744.562 avg_us=1424.418 max_us=141865
   1 caller=0x78b11f96098c calls=4334 total_ms=1.764 avg_us=0.407 max_us=18
   2 caller=0x78b11f96089c calls=1604 total_ms=1.430 avg_us=0.892 max_us=17
   3 caller=0x78b11f960abd calls=1604 total_ms=0.657 avg_us=0.410 max_us=25
   4 caller=0x78b11f95f852 calls=321 total_ms=0.621 avg_us=1.935 max_us=15
direct_cudaStreamSynchronize: calls=5966 total_ms=30.354 max_us=2532
by_direct_callsite (file:line):
   0 /opt/llama.cpp/ggml/src/ggml-cuda/ggml-cuda.cu:839 calls=5613 total_ms=24.083 avg_us=4.291 max_us=354
   1 /opt/llama.cpp/ggml/src/ggml-cuda/ggml-cuda.cu:900 calls=12 total_ms=5.841 avg_us=486.750 max_us=2532
   2 /opt/llama.cpp/ggml/src/ggml-cuda/ggml-cuda.cu:2665 calls=191 total_ms=0.280 avg_us=1.466 max_us=28
   3 /opt/llama.cpp/ggml/src/ggml-cuda/ggml-cuda.cu:847 calls=150 total_ms=0.150 avg_us=1.000 max_us=3
=== END CUDA SYNC PROFILE ===

=== CUDA SYNC PROFILE (instrumentation only) ===
total_syncs = 13381
total_wait_ms = 7783.273
max_wait_us = 141865
sites = 5
wait_hist_us = logarithmic buckets
  hist[0] = 12143
  hist[1] = 709
  hist[2] = 21
  hist[3] = 18
  hist[4] = 9
  hist[9] = 82
  hist[10] = 193
  hist[11] = 45
  hist[14] = 53
  hist[15] = 89
  hist[16] = 18
  hist[17] = 1
by_callsite (caller PC; symbolize with addr2line):
   0 caller=0x78b11f95c0d2 calls=5471 total_ms=7778.776 avg_us=1421.820 max_us=141865
   1 caller=0x78b11f96098c calls=4359 total_ms=1.773 avg_us=0.407 max_us=18
   2 caller=0x78b11f96089c calls=1614 total_ms=1.437 avg_us=0.890 max_us=17
   3 caller=0x78b11f960abd calls=1614 total_ms=0.662 avg_us=0.410 max_us=25
   4 caller=0x78b11f95f852 calls=323 total_ms=0.625 avg_us=1.935 max_us=15
direct_cudaStreamSynchronize: calls=6000 total_ms=30.490 max_us=2532
by_direct_callsite (file:line):
   0 /opt/llama.cpp/ggml/src/ggml-cuda/ggml-cuda.cu:839 calls=5647 total_ms=24.219 avg_us=4.289 max_us=354
   1 /opt/llama.cpp/ggml/src/ggml-cuda/ggml-cuda.cu:900 calls=12 total_ms=5.841 avg_us=486.750 max_us=2532
   2 /opt/llama.cpp/ggml/src/ggml-cuda/ggml-cuda.cu:2665 calls=191 total_ms=0.280 avg_us=1.466 max_us=28
   3 /opt/llama.cpp/ggml/src/ggml-cuda/ggml-cuda.cu:847 calls=150 total_ms=0.150 avg_us=1.000 max_us=3
=== END CUDA SYNC PROFILE ===
backend-sync-trace: count=13400 backend=CUDA0 caller=ggml_backend_sched_synchronize+0x62

=== CUDA SYNC PROFILE (instrumentation only) ===
total_syncs = 13400
total_wait_ms = 7783.289
max_wait_us = 141865
sites = 5
wait_hist_us = logarithmic buckets
  hist[0] = 12162
  hist[1] = 709
  hist[2] = 21
  hist[3] = 18
  hist[4] = 9
  hist[9] = 82
  hist[10] = 193
  hist[11] = 45
  hist[14] = 53
  hist[15] = 89
  hist[16] = 18
  hist[17] = 1
by_callsite (caller PC; symbolize with addr2line):
   0 caller=0x78b11f95c0d2 calls=5488 total_ms=7778.791 avg_us=1417.418 max_us=141865
   1 caller=0x78b11f96098c calls=4361 total_ms=1.774 avg_us=0.407 max_us=18
   2 caller=0x78b11f96089c calls=1614 total_ms=1.437 avg_us=0.890 max_us=17
   3 caller=0x78b11f960abd calls=1614 total_ms=0.662 avg_us=0.410 max_us=25
   4 caller=0x78b11f95f852 calls=323 total_ms=0.625 avg_us=1.935 max_us=15
direct_cudaStreamSynchronize: calls=6001 total_ms=30.493 max_us=2532
by_direct_callsite (file:line):
   0 /opt/llama.cpp/ggml/src/ggml-cuda/ggml-cuda.cu:839 calls=5648 total_ms=24.222 avg_us=4.289 max_us=354
   1 /opt/llama.cpp/ggml/src/ggml-cuda/ggml-cuda.cu:900 calls=12 total_ms=5.841 avg_us=486.750 max_us=2532
   2 /opt/llama.cpp/ggml/src/ggml-cuda/ggml-cuda.cu:2665 calls=191 total_ms=0.280 avg_us=1.466 max_us=28
   3 /opt/llama.cpp/ggml/src/ggml-cuda/ggml-cuda.cu:847 calls=150 total_ms=0.150 avg_us=1.000 max_us=3
=== END CUDA SYNC PROFILE ===
backend-sync-trace: count=13500 backend=CUDA0 caller=ggml_backend_sched_synchronize+0x62

=== CUDA SYNC PROFILE (instrumentation only) ===
total_syncs = 13500
total_wait_ms = 7836.775
max_wait_us = 141865
sites = 5
wait_hist_us = logarithmic buckets
  hist[0] = 12253
  hist[1] = 712
  hist[2] = 23
  hist[3] = 18
  hist[4] = 9
  hist[9] = 83
  hist[10] = 194
  hist[11] = 46
  hist[14] = 53
  hist[15] = 90
  hist[16] = 18
  hist[17] = 1
by_callsite (caller PC; symbolize with addr2line):
   0 caller=0x78b11f95c0d2 calls=5530 total_ms=7832.240 avg_us=1416.318 max_us=141865
   1 caller=0x78b11f96098c calls=4392 total_ms=1.785 avg_us=0.406 max_us=18
   2 caller=0x78b11f96089c calls=1626 total_ms=1.454 avg_us=0.894 max_us=17
   3 caller=0x78b11f960abd calls=1626 total_ms=0.666 avg_us=0.410 max_us=25
   4 caller=0x78b11f95f852 calls=326 total_ms=0.630 avg_us=1.933 max_us=15
direct_cudaStreamSynchronize: calls=6042 total_ms=30.656 max_us=2532
by_direct_callsite (file:line):
   0 /opt/llama.cpp/ggml/src/ggml-cuda/ggml-cuda.cu:839 calls=5689 total_ms=24.385 avg_us=4.286 max_us=354
   1 /opt/llama.cpp/ggml/src/ggml-cuda/ggml-cuda.cu:900 calls=12 total_ms=5.841 avg_us=486.750 max_us=2532
   2 /opt/llama.cpp/ggml/src/ggml-cuda/ggml-cuda.cu:2665 calls=191 total_ms=0.280 avg_us=1.466 max_us=28
   3 /opt/llama.cpp/ggml/src/ggml-cuda/ggml-cuda.cu:847 calls=150 total_ms=0.150 avg_us=1.000 max_us=3
=== END CUDA SYNC PROFILE ===
backend-sync-trace: count=13600 backend=CUDA0 caller=ggml_backend_sched_graph_compute_async_ext+0xddc

=== CUDA SYNC PROFILE (instrumentation only) ===
total_syncs = 13600
total_wait_ms = 7887.793
max_wait_us = 141865
sites = 5
wait_hist_us = logarithmic buckets
  hist[0] = 12344
  hist[1] = 717
  hist[2] = 23
  hist[3] = 18
  hist[4] = 9
  hist[9] = 83
  hist[10] = 197
  hist[11] = 46
  hist[14] = 53
  hist[15] = 91
  hist[16] = 18
  hist[17] = 1
by_callsite (caller PC; symbolize with addr2line):
   0 caller=0x78b11f95c0d2 calls=5568 total_ms=7883.221 avg_us=1415.808 max_us=141865
   1 caller=0x78b11f96098c calls=4423 total_ms=1.796 avg_us=0.406 max_us=18
   2 caller=0x78b11f96089c calls=1641 total_ms=1.465 avg_us=0.893 max_us=17
   3 caller=0x78b11f960abd calls=1640 total_ms=0.677 avg_us=0.413 max_us=25
   4 caller=0x78b11f95f852 calls=328 total_ms=0.634 avg_us=1.933 max_us=15
direct_cudaStreamSynchronize: calls=6085 total_ms=30.825 max_us=2532
by_direct_callsite (file:line):
   0 /opt/llama.cpp/ggml/src/ggml-cuda/ggml-cuda.cu:839 calls=5732 total_ms=24.554 avg_us=4.284 max_us=354
   1 /opt/llama.cpp/ggml/src/ggml-cuda/ggml-cuda.cu:900 calls=12 total_ms=5.841 avg_us=486.750 max_us=2532
   2 /opt/llama.cpp/ggml/src/ggml-cuda/ggml-cuda.cu:2665 calls=191 total_ms=0.280 avg_us=1.466 max_us=28
   3 /opt/llama.cpp/ggml/src/ggml-cuda/ggml-cuda.cu:847 calls=150 total_ms=0.150 avg_us=1.000 max_us=3
=== END CUDA SYNC PROFILE ===

=== CUDA SYNC PROFILE (instrumentation only) ===
total_syncs = 13617
total_wait_ms = 7887.799
max_wait_us = 141865
sites = 5
wait_hist_us = logarithmic buckets
  hist[0] = 12361
  hist[1] = 717
  hist[2] = 23
  hist[3] = 18
  hist[4] = 9
  hist[9] = 83
  hist[10] = 197
  hist[11] = 46
  hist[14] = 53
  hist[15] = 91
  hist[16] = 18
  hist[17] = 1
by_callsite (caller PC; symbolize with addr2line):
   0 caller=0x78b11f95c0d2 calls=5568 total_ms=7883.221 avg_us=1415.808 max_us=141865
   1 caller=0x78b11f96098c calls=4437 total_ms=1.800 avg_us=0.406 max_us=18
   2 caller=0x78b11f96089c calls=1642 total_ms=1.466 avg_us=0.893 max_us=17
   3 caller=0x78b11f960abd calls=1642 total_ms=0.678 avg_us=0.413 max_us=25
   4 caller=0x78b11f95f852 calls=328 total_ms=0.634 avg_us=1.933 max_us=15
direct_cudaStreamSynchronize: calls=6100 total_ms=30.890 max_us=2532
by_direct_callsite (file:line):
   0 /opt/llama.cpp/ggml/src/ggml-cuda/ggml-cuda.cu:839 calls=5747 total_ms=24.619 avg_us=4.284 max_us=354
   1 /opt/llama.cpp/ggml/src/ggml-cuda/ggml-cuda.cu:900 calls=12 total_ms=5.841 avg_us=486.750 max_us=2532
   2 /opt/llama.cpp/ggml/src/ggml-cuda/ggml-cuda.cu:2665 calls=191 total_ms=0.280 avg_us=1.466 max_us=28
   3 /opt/llama.cpp/ggml/src/ggml-cuda/ggml-cuda.cu:847 calls=150 total_ms=0.150 avg_us=1.000 max_us=3
=== END CUDA SYNC PROFILE ===
backend-sync-trace: count=13700 backend=CUDA0 caller=ggml_backend_sched_graph_compute_async_ext+0xecc

=== CUDA SYNC PROFILE (instrumentation only) ===
total_syncs = 13700
total_wait_ms = 7951.026
max_wait_us = 141865
sites = 5
wait_hist_us = logarithmic buckets
  hist[0] = 12437
  hist[1] = 721
  hist[2] = 23
  hist[3] = 18
  hist[4] = 9
  hist[9] = 83
  hist[10] = 198
  hist[11] = 47
  hist[14] = 53
  hist[15] = 92
  hist[16] = 18
  hist[17] = 1
by_callsite (caller PC; symbolize with addr2line):
   0 caller=0x78b11f95c0d2 calls=5605 total_ms=7946.422 avg_us=1417.738 max_us=141865
   1 caller=0x78b11f96098c calls=4461 total_ms=1.810 avg_us=0.406 max_us=18
   2 caller=0x78b11f96089c calls=1652 total_ms=1.474 avg_us=0.892 max_us=17
   3 caller=0x78b11f960abd calls=1652 total_ms=0.682 avg_us=0.413 max_us=25
   4 caller=0x78b11f95f852 calls=330 total_ms=0.638 avg_us=1.933 max_us=15
direct_cudaStreamSynchronize: calls=6131 total_ms=31.020 max_us=2532
by_direct_callsite (file:line):
   0 /opt/llama.cpp/ggml/src/ggml-cuda/ggml-cuda.cu:839 calls=5778 total_ms=24.749 avg_us=4.283 max_us=354
   1 /opt/llama.cpp/ggml/src/ggml-cuda/ggml-cuda.cu:900 calls=12 total_ms=5.841 avg_us=486.750 max_us=2532
   2 /opt/llama.cpp/ggml/src/ggml-cuda/ggml-cuda.cu:2665 calls=191 total_ms=0.280 avg_us=1.466 max_us=28
   3 /opt/llama.cpp/ggml/src/ggml-cuda/ggml-cuda.cu:847 calls=150 total_ms=0.150 avg_us=1.000 max_us=3
=== END CUDA SYNC PROFILE ===
1.15.138.401 I slot print_timing: id  0 | task 0 | n_gen =    387, tg =  42.58 t/s, tg_3s =  42.52 t/s
backend-sync-trace: count=13800 backend=CUDA0 caller=ggml_backend_sched_graph_compute_async_ext+0xecc

=== CUDA SYNC PROFILE (instrumentation only) ===
total_syncs = 13800
total_wait_ms = 8090.223
max_wait_us = 141865
sites = 5
wait_hist_us = logarithmic buckets
  hist[0] = 12530
  hist[1] = 724
  hist[2] = 23
  hist[3] = 18
  hist[4] = 9
  hist[9] = 83
  hist[10] = 199
  hist[11] = 48
  hist[14] = 53
  hist[15] = 93
  hist[16] = 19
  hist[17] = 1
by_callsite (caller PC; symbolize with addr2line):
   0 caller=0x78b11f95c0d2 calls=5644 total_ms=8085.586 avg_us=1432.599 max_us=141865
   1 caller=0x78b11f96098c calls=4495 total_ms=1.824 avg_us=0.406 max_us=18
   2 caller=0x78b11f96089c calls=1664 total_ms=1.483 avg_us=0.891 max_us=17
   3 caller=0x78b11f960abd calls=1664 total_ms=0.687 avg_us=0.413 max_us=25
   4 caller=0x78b11f95f852 calls=333 total_ms=0.643 avg_us=1.931 max_us=15
direct_cudaStreamSynchronize: calls=6175 total_ms=31.194 max_us=2532
by_direct_callsite (file:line):
   0 /opt/llama.cpp/ggml/src/ggml-cuda/ggml-cuda.cu:839 calls=5822 total_ms=24.923 avg_us=4.281 max_us=354
   1 /opt/llama.cpp/ggml/src/ggml-cuda/ggml-cuda.cu:900 calls=12 total_ms=5.841 avg_us=486.750 max_us=2532
   2 /opt/llama.cpp/ggml/src/ggml-cuda/ggml-cuda.cu:2665 calls=191 total_ms=0.280 avg_us=1.466 max_us=28
   3 /opt/llama.cpp/ggml/src/ggml-cuda/ggml-cuda.cu:847 calls=150 total_ms=0.150 avg_us=1.000 max_us=3
=== END CUDA SYNC PROFILE ===

=== CUDA SYNC PROFILE (instrumentation only) ===
total_syncs = 13870
total_wait_ms = 8093.183
max_wait_us = 141865
sites = 5
wait_hist_us = logarithmic buckets
  hist[0] = 12596
  hist[1] = 726
  hist[2] = 23
  hist[3] = 18
  hist[4] = 9
  hist[9] = 83
  hist[10] = 201
  hist[11] = 48
  hist[14] = 53
  hist[15] = 93
  hist[16] = 19
  hist[17] = 1
by_callsite (caller PC; symbolize with addr2line):
   0 caller=0x78b11f95c0d2 calls=5679 total_ms=8088.529 avg_us=1424.288 max_us=141865
   1 caller=0x78b11f96098c calls=4513 total_ms=1.829 avg_us=0.405 max_us=18
   2 caller=0x78b11f96089c calls=1672 total_ms=1.491 avg_us=0.892 max_us=17
   3 caller=0x78b11f960abd calls=1672 total_ms=0.689 avg_us=0.412 max_us=25
   4 caller=0x78b11f95f852 calls=334 total_ms=0.645 avg_us=1.931 max_us=15
direct_cudaStreamSynchronize: calls=6200 total_ms=31.297 max_us=2532
by_direct_callsite (file:line):
   0 /opt/llama.cpp/ggml/src/ggml-cuda/ggml-cuda.cu:839 calls=5847 total_ms=25.026 avg_us=4.280 max_us=354
   1 /opt/llama.cpp/ggml/src/ggml-cuda/ggml-cuda.cu:900 calls=12 total_ms=5.841 avg_us=486.750 max_us=2532
   2 /opt/llama.cpp/ggml/src/ggml-cuda/ggml-cuda.cu:2665 calls=191 total_ms=0.280 avg_us=1.466 max_us=28
   3 /opt/llama.cpp/ggml/src/ggml-cuda/ggml-cuda.cu:847 calls=150 total_ms=0.150 avg_us=1.000 max_us=3
=== END CUDA SYNC PROFILE ===
backend-sync-trace: count=13900 backend=CUDA0 caller=ggml_backend_sched_synchronize+0x62

=== CUDA SYNC PROFILE (instrumentation only) ===
total_syncs = 13900
total_wait_ms = 8136.945
max_wait_us = 141865
sites = 5
wait_hist_us = logarithmic buckets
  hist[0] = 12624
  hist[1] = 727
  hist[2] = 23
  hist[3] = 18
  hist[4] = 9
  hist[9] = 83
  hist[10] = 201
  hist[11] = 48
  hist[14] = 53
  hist[15] = 94
  hist[16] = 19
  hist[17] = 1
by_callsite (caller PC; symbolize with addr2line):
   0 caller=0x78b11f95c0d2 calls=5694 total_ms=8132.284 avg_us=1428.220 max_us=141865
   1 caller=0x78b11f96098c calls=4523 total_ms=1.832 avg_us=0.405 max_us=18
   2 caller=0x78b11f96089c calls=1674 total_ms=1.493 avg_us=0.892 max_us=17
   3 caller=0x78b11f960abd calls=1674 total_ms=0.689 avg_us=0.412 max_us=25
   4 caller=0x78b11f95f852 calls=335 total_ms=0.647 avg_us=1.931 max_us=15
direct_cudaStreamSynchronize: calls=6211 total_ms=31.339 max_us=2532
by_direct_callsite (file:line):
   0 /opt/llama.cpp/ggml/src/ggml-cuda/ggml-cuda.cu:839 calls=5858 total_ms=25.068 avg_us=4.279 max_us=354
   1 /opt/llama.cpp/ggml/src/ggml-cuda/ggml-cuda.cu:900 calls=12 total_ms=5.841 avg_us=486.750 max_us=2532
   2 /opt/llama.cpp/ggml/src/ggml-cuda/ggml-cuda.cu:2665 calls=191 total_ms=0.280 avg_us=1.466 max_us=28
   3 /opt/llama.cpp/ggml/src/ggml-cuda/ggml-cuda.cu:847 calls=150 total_ms=0.150 avg_us=1.000 max_us=3
=== END CUDA SYNC PROFILE ===
backend-sync-trace: count=14000 backend=CUDA0 caller=ggml_backend_sched_graph_compute_async_ext+0xecc

=== CUDA SYNC PROFILE (instrumentation only) ===
total_syncs = 14000
total_wait_ms = 8200.644
max_wait_us = 141865
sites = 5
wait_hist_us = logarithmic buckets
  hist[0] = 12715
  hist[1] = 732
  hist[2] = 23
  hist[3] = 18
  hist[4] = 9
  hist[9] = 83
  hist[10] = 204
  hist[11] = 48
  hist[14] = 53
  hist[15] = 95
  hist[16] = 19
  hist[17] = 1
by_callsite (caller PC; symbolize with addr2line):
   0 caller=0x78b11f95c0d2 calls=5728 total_ms=8195.946 avg_us=1430.856 max_us=141865
   1 caller=0x78b11f96098c calls=4558 total_ms=1.846 avg_us=0.405 max_us=18
   2 caller=0x78b11f96089c calls=1688 total_ms=1.505 avg_us=0.892 max_us=17
   3 caller=0x78b11f960abd calls=1688 total_ms=0.694 avg_us=0.411 max_us=25
   4 caller=0x78b11f95f852 calls=338 total_ms=0.653 avg_us=1.932 max_us=15
direct_cudaStreamSynchronize: calls=6257 total_ms=31.517 max_us=2532
by_direct_callsite (file:line):
   0 /opt/llama.cpp/ggml/src/ggml-cuda/ggml-cuda.cu:839 calls=5904 total_ms=25.246 avg_us=4.276 max_us=354
   1 /opt/llama.cpp/ggml/src/ggml-cuda/ggml-cuda.cu:900 calls=12 total_ms=5.841 avg_us=486.750 max_us=2532
   2 /opt/llama.cpp/ggml/src/ggml-cuda/ggml-cuda.cu:2665 calls=191 total_ms=0.280 avg_us=1.466 max_us=28
   3 /opt/llama.cpp/ggml/src/ggml-cuda/ggml-cuda.cu:847 calls=150 total_ms=0.150 avg_us=1.000 max_us=3
=== END CUDA SYNC PROFILE ===
backend-sync-trace: count=14100 backend=CUDA0 caller=ggml_backend_sched_graph_compute_async_ext+0xddc

=== CUDA SYNC PROFILE (instrumentation only) ===
total_syncs = 14100
total_wait_ms = 8250.361
max_wait_us = 141865
sites = 5
wait_hist_us = logarithmic buckets
  hist[0] = 12807
  hist[1] = 736
  hist[2] = 23
  hist[3] = 18
  hist[4] = 9
  hist[9] = 84
  hist[10] = 206
  hist[11] = 48
  hist[14] = 53
  hist[15] = 96
  hist[16] = 19
  hist[17] = 1
by_callsite (caller PC; symbolize with addr2line):
   0 caller=0x78b11f95c0d2 calls=5772 total_ms=8245.630 avg_us=1428.557 max_us=141865
   1 caller=0x78b11f96098c calls=4585 total_ms=1.857 avg_us=0.405 max_us=18
   2 caller=0x78b11f96089c calls=1702 total_ms=1.518 avg_us=0.892 max_us=17
   3 caller=0x78b11f960abd calls=1701 total_ms=0.699 avg_us=0.411 max_us=25
   4 caller=0x78b11f95f852 calls=340 total_ms=0.657 avg_us=1.932 max_us=15
direct_cudaStreamSynchronize: calls=6295 total_ms=31.667 max_us=2532
by_direct_callsite (file:line):
   0 /opt/llama.cpp/ggml/src/ggml-cuda/ggml-cuda.cu:839 calls=5942 total_ms=25.396 avg_us=4.274 max_us=354
   1 /opt/llama.cpp/ggml/src/ggml-cuda/ggml-cuda.cu:900 calls=12 total_ms=5.841 avg_us=486.750 max_us=2532
   2 /opt/llama.cpp/ggml/src/ggml-cuda/ggml-cuda.cu:2665 calls=191 total_ms=0.280 avg_us=1.466 max_us=28
   3 /opt/llama.cpp/ggml/src/ggml-cuda/ggml-cuda.cu:847 calls=150 total_ms=0.150 avg_us=1.000 max_us=3
=== END CUDA SYNC PROFILE ===

=== CUDA SYNC PROFILE (instrumentation only) ===
total_syncs = 14105
total_wait_ms = 8250.365
max_wait_us = 141865
sites = 5
wait_hist_us = logarithmic buckets
  hist[0] = 12812
  hist[1] = 736
  hist[2] = 23
  hist[3] = 18
  hist[4] = 9
  hist[9] = 84
  hist[10] = 206
  hist[11] = 48
  hist[14] = 53
  hist[15] = 96
  hist[16] = 19
  hist[17] = 1
by_callsite (caller PC; symbolize with addr2line):
   0 caller=0x78b11f95c0d2 calls=5772 total_ms=8245.630 avg_us=1428.557 max_us=141865
   1 caller=0x78b11f96098c calls=4589 total_ms=1.860 avg_us=0.405 max_us=18
   2 caller=0x78b11f96089c calls=1702 total_ms=1.518 avg_us=0.892 max_us=17
   3 caller=0x78b11f960abd calls=1702 total_ms=0.700 avg_us=0.411 max_us=25
   4 caller=0x78b11f95f852 calls=340 total_ms=0.657 avg_us=1.932 max_us=15
direct_cudaStreamSynchronize: calls=6300 total_ms=31.705 max_us=2532
by_direct_callsite (file:line):
   0 /opt/llama.cpp/ggml/src/ggml-cuda/ggml-cuda.cu:839 calls=5947 total_ms=25.434 avg_us=4.277 max_us=354
   1 /opt/llama.cpp/ggml/src/ggml-cuda/ggml-cuda.cu:900 calls=12 total_ms=5.841 avg_us=486.750 max_us=2532
   2 /opt/llama.cpp/ggml/src/ggml-cuda/ggml-cuda.cu:2665 calls=191 total_ms=0.280 avg_us=1.466 max_us=28
   3 /opt/llama.cpp/ggml/src/ggml-cuda/ggml-cuda.cu:847 calls=150 total_ms=0.150 avg_us=1.000 max_us=3
=== END CUDA SYNC PROFILE ===
backend-sync-trace: count=14200 backend=CUDA0 caller=ggml_backend_sched_graph_compute_async_ext+0xecc

=== CUDA SYNC PROFILE (instrumentation only) ===
total_syncs = 14200
total_wait_ms = 8292.183
max_wait_us = 141865
sites = 5
wait_hist_us = logarithmic buckets
  hist[0] = 12900
  hist[1] = 739
  hist[2] = 23
  hist[3] = 19
  hist[4] = 9
  hist[9] = 84
  hist[10] = 207
  hist[11] = 49
  hist[14] = 53
  hist[15] = 97
  hist[16] = 19
  hist[17] = 1
by_callsite (caller PC; symbolize with addr2line):
   0 caller=0x78b11f95c0d2 calls=5809 total_ms=8287.408 avg_us=1426.650 max_us=141865
   1 caller=0x78b11f96098c calls=4625 total_ms=1.884 avg_us=0.407 max_us=18
   2 caller=0x78b11f96089c calls=1712 total_ms=1.525 avg_us=0.891 max_us=17
   3 caller=0x78b11f960abd calls=1712 total_ms=0.705 avg_us=0.412 max_us=25
   4 caller=0x78b11f95f852 calls=342 total_ms=0.661 avg_us=1.933 max_us=15
direct_cudaStreamSynchronize: calls=6343 total_ms=31.867 max_us=2532
by_direct_callsite (file:line):
   0 /opt/llama.cpp/ggml/src/ggml-cuda/ggml-cuda.cu:839 calls=5990 total_ms=25.596 avg_us=4.273 max_us=354
   1 /opt/llama.cpp/ggml/src/ggml-cuda/ggml-cuda.cu:900 calls=12 total_ms=5.841 avg_us=486.750 max_us=2532
   2 /opt/llama.cpp/ggml/src/ggml-cuda/ggml-cuda.cu:2665 calls=191 total_ms=0.280 avg_us=1.466 max_us=28
   3 /opt/llama.cpp/ggml/src/ggml-cuda/ggml-cuda.cu:847 calls=150 total_ms=0.150 avg_us=1.000 max_us=3
=== END CUDA SYNC PROFILE ===
backend-sync-trace: count=14300 backend=CUDA0 caller=ggml_backend_sched_synchronize+0x62

=== CUDA SYNC PROFILE (instrumentation only) ===
total_syncs = 14300
total_wait_ms = 8437.803
max_wait_us = 141865
sites = 5
wait_hist_us = logarithmic buckets
  hist[0] = 12993
  hist[1] = 742
  hist[2] = 23
  hist[3] = 19
  hist[4] = 9
  hist[9] = 84
  hist[10] = 208
  hist[11] = 50
  hist[14] = 53
  hist[15] = 98
  hist[16] = 20
  hist[17] = 1
by_callsite (caller PC; symbolize with addr2line):
   0 caller=0x78b11f95c0d2 calls=5849 total_ms=8432.997 avg_us=1441.784 max_us=141865
   1 caller=0x78b11f96098c calls=4658 total_ms=1.895 avg_us=0.407 max_us=18
   2 caller=0x78b11f96089c calls=1724 total_ms=1.534 avg_us=0.890 max_us=17
   3 caller=0x78b11f960abd calls=1724 total_ms=0.712 avg_us=0.413 max_us=25
   4 caller=0x78b11f95f852 calls=345 total_ms=0.665 avg_us=1.928 max_us=15
direct_cudaStreamSynchronize: calls=6386 total_ms=32.039 max_us=2532
by_direct_callsite (file:line):
   0 /opt/llama.cpp/ggml/src/ggml-cuda/ggml-cuda.cu:839 calls=6033 total_ms=25.768 avg_us=4.271 max_us=354
   1 /opt/llama.cpp/ggml/src/ggml-cuda/ggml-cuda.cu:900 calls=12 total_ms=5.841 avg_us=486.750 max_us=2532
   2 /opt/llama.cpp/ggml/src/ggml-cuda/ggml-cuda.cu:2665 calls=191 total_ms=0.280 avg_us=1.466 max_us=28
   3 /opt/llama.cpp/ggml/src/ggml-cuda/ggml-cuda.cu:847 calls=150 total_ms=0.150 avg_us=1.000 max_us=3
=== END CUDA SYNC PROFILE ===

=== CUDA SYNC PROFILE (instrumentation only) ===
total_syncs = 14349
total_wait_ms = 8439.870
max_wait_us = 141865
sites = 5
wait_hist_us = logarithmic buckets
  hist[0] = 13038
  hist[1] = 744
  hist[2] = 23
  hist[3] = 19
  hist[4] = 9
  hist[9] = 85
  hist[10] = 209
  hist[11] = 50
  hist[14] = 53
  hist[15] = 98
  hist[16] = 20
  hist[17] = 1
by_callsite (caller PC; symbolize with addr2line):
   0 caller=0x78b11f95c0d2 calls=5877 total_ms=8435.055 avg_us=1435.265 max_us=141865
   1 caller=0x78b11f96098c calls=4666 total_ms=1.897 avg_us=0.407 max_us=18
   2 caller=0x78b11f96089c calls=1730 total_ms=1.538 avg_us=0.889 max_us=17
   3 caller=0x78b11f960abd calls=1730 total_ms=0.713 avg_us=0.412 max_us=25
   4 caller=0x78b11f95f852 calls=346 total_ms=0.667 avg_us=1.928 max_us=15
direct_cudaStreamSynchronize: calls=6400 total_ms=32.085 max_us=2532
by_direct_callsite (file:line):
   0 /opt/llama.cpp/ggml/src/ggml-cuda/ggml-cuda.cu:839 calls=6047 total_ms=25.814 avg_us=4.269 max_us=354
   1 /opt/llama.cpp/ggml/src/ggml-cuda/ggml-cuda.cu:900 calls=12 total_ms=5.841 avg_us=486.750 max_us=2532
   2 /opt/llama.cpp/ggml/src/ggml-cuda/ggml-cuda.cu:2665 calls=191 total_ms=0.280 avg_us=1.466 max_us=28
   3 /opt/llama.cpp/ggml/src/ggml-cuda/ggml-cuda.cu:847 calls=150 total_ms=0.150 avg_us=1.000 max_us=3
=== END CUDA SYNC PROFILE ===
backend-sync-trace: count=14400 backend=CUDA0 caller=ggml_backend_sched_graph_compute_async_ext+0xecc

=== CUDA SYNC PROFILE (instrumentation only) ===
total_syncs = 14400
total_wait_ms = 8487.953
max_wait_us = 141865
sites = 5
wait_hist_us = logarithmic buckets
  hist[0] = 13085
  hist[1] = 747
  hist[2] = 23
  hist[3] = 19
  hist[4] = 9
  hist[9] = 85
  hist[10] = 209
  hist[11] = 50
  hist[14] = 53
  hist[15] = 99
  hist[16] = 20
  hist[17] = 1
by_callsite (caller PC; symbolize with addr2line):
   0 caller=0x78b11f95c0d2 calls=5894 total_ms=8483.126 avg_us=1439.282 max_us=141865
   1 caller=0x78b11f96098c calls=4686 total_ms=1.900 avg_us=0.405 max_us=18
   2 caller=0x78b11f96089c calls=1736 total_ms=1.543 avg_us=0.889 max_us=17
   3 caller=0x78b11f960abd calls=1736 total_ms=0.713 avg_us=0.411 max_us=25
   4 caller=0x78b11f95f852 calls=348 total_ms=0.671 avg_us=1.928 max_us=15
direct_cudaStreamSynchronize: calls=6423 total_ms=32.190 max_us=2532
by_direct_callsite (file:line):
   0 /opt/llama.cpp/ggml/src/ggml-cuda/ggml-cuda.cu:839 calls=6070 total_ms=25.919 avg_us=4.270 max_us=354
   1 /opt/llama.cpp/ggml/src/ggml-cuda/ggml-cuda.cu:900 calls=12 total_ms=5.841 avg_us=486.750 max_us=2532
   2 /opt/llama.cpp/ggml/src/ggml-cuda/ggml-cuda.cu:2665 calls=191 total_ms=0.280 avg_us=1.466 max_us=28
   3 /opt/llama.cpp/ggml/src/ggml-cuda/ggml-cuda.cu:847 calls=150 total_ms=0.150 avg_us=1.000 max_us=3
=== END CUDA SYNC PROFILE ===
backend-sync-trace: count=14500 backend=CUDA0 caller=ggml_backend_sched_graph_compute_async_ext+0xffd

=== CUDA SYNC PROFILE (instrumentation only) ===
total_syncs = 14500
total_wait_ms = 8525.980
max_wait_us = 141865
sites = 5
wait_hist_us = logarithmic buckets
  hist[0] = 13177
  hist[1] = 751
  hist[2] = 23
  hist[3] = 19
  hist[4] = 9
  hist[9] = 85
  hist[10] = 212
  hist[11] = 50
  hist[14] = 53
  hist[15] = 100
  hist[16] = 20
  hist[17] = 1
by_callsite (caller PC; symbolize with addr2line):
   0 caller=0x78b11f95c0d2 calls=5938 total_ms=8521.127 avg_us=1435.016 max_us=141865
   1 caller=0x78b11f96098c calls=4716 total_ms=1.910 avg_us=0.405 max_us=18
   2 caller=0x78b11f96089c calls=1748 total_ms=1.551 avg_us=0.887 max_us=17
   3 caller=0x78b11f960abd calls=1748 total_ms=0.717 avg_us=0.410 max_us=25
   4 caller=0x78b11f95f852 calls=350 total_ms=0.675 avg_us=1.929 max_us=15
direct_cudaStreamSynchronize: calls=6463 total_ms=32.348 max_us=2532
by_direct_callsite (file:line):
   0 /opt/llama.cpp/ggml/src/ggml-cuda/ggml-cuda.cu:839 calls=6110 total_ms=26.077 avg_us=4.268 max_us=354
   1 /opt/llama.cpp/ggml/src/ggml-cuda/ggml-cuda.cu:900 calls=12 total_ms=5.841 avg_us=486.750 max_us=2532
   2 /opt/llama.cpp/ggml/src/ggml-cuda/ggml-cuda.cu:2665 calls=191 total_ms=0.280 avg_us=1.466 max_us=28
   3 /opt/llama.cpp/ggml/src/ggml-cuda/ggml-cuda.cu:847 calls=150 total_ms=0.150 avg_us=1.000 max_us=3
=== END CUDA SYNC PROFILE ===

=== CUDA SYNC PROFILE (instrumentation only) ===
total_syncs = 14575
total_wait_ms = 8581.014
max_wait_us = 141865
sites = 5
wait_hist_us = logarithmic buckets
  hist[0] = 13246
  hist[1] = 754
  hist[2] = 23
  hist[3] = 19
  hist[4] = 9
  hist[9] = 86
  hist[10] = 213
  hist[11] = 50
  hist[14] = 53
  hist[15] = 101
  hist[16] = 20
  hist[17] = 1
by_callsite (caller PC; symbolize with addr2line):
   0 caller=0x78b11f95c0d2 calls=5963 total_ms=8576.129 avg_us=1438.224 max_us=141865
   1 caller=0x78b11f96098c calls=4744 total_ms=1.924 avg_us=0.406 max_us=18
   2 caller=0x78b11f96089c calls=1758 total_ms=1.562 avg_us=0.889 max_us=17
   3 caller=0x78b11f960abd calls=1758 total_ms=0.721 avg_us=0.410 max_us=25
   4 caller=0x78b11f95f852 calls=352 total_ms=0.678 avg_us=1.926 max_us=15
direct_cudaStreamSynchronize: calls=6500 total_ms=32.495 max_us=2532
by_direct_callsite (file:line):
   0 /opt/llama.cpp/ggml/src/ggml-cuda/ggml-cuda.cu:839 calls=6147 total_ms=26.224 avg_us=4.266 max_us=354
   1 /opt/llama.cpp/ggml/src/ggml-cuda/ggml-cuda.cu:900 calls=12 total_ms=5.841 avg_us=486.750 max_us=2532
   2 /opt/llama.cpp/ggml/src/ggml-cuda/ggml-cuda.cu:2665 calls=191 total_ms=0.280 avg_us=1.466 max_us=28
   3 /opt/llama.cpp/ggml/src/ggml-cuda/ggml-cuda.cu:847 calls=150 total_ms=0.150 avg_us=1.000 max_us=3
=== END CUDA SYNC PROFILE ===
backend-sync-trace: count=14600 backend=CUDA0 caller=ggml_backend_sched_graph_compute_async_ext+0xecc

=== CUDA SYNC PROFILE (instrumentation only) ===
total_syncs = 14600
total_wait_ms = 8583.048
max_wait_us = 141865
sites = 5
wait_hist_us = logarithmic buckets
  hist[0] = 13269
  hist[1] = 755
  hist[2] = 23
  hist[3] = 19
  hist[4] = 9
  hist[9] = 86
  hist[10] = 214
  hist[11] = 50
  hist[14] = 53
  hist[15] = 101
  hist[16] = 20
  hist[17] = 1
by_callsite (caller PC; symbolize with addr2line):
   0 caller=0x78b11f95c0d2 calls=5970 total_ms=8578.152 avg_us=1436.876 max_us=141865
   1 caller=0x78b11f96098c calls=4754 total_ms=1.929 avg_us=0.406 max_us=18
   2 caller=0x78b11f96089c calls=1762 total_ms=1.567 avg_us=0.889 max_us=17
   3 caller=0x78b11f960abd calls=1762 total_ms=0.722 avg_us=0.410 max_us=25
   4 caller=0x78b11f95f852 calls=352 total_ms=0.678 avg_us=1.926 max_us=15
direct_cudaStreamSynchronize: calls=6512 total_ms=32.551 max_us=2532
by_direct_callsite (file:line):
   0 /opt/llama.cpp/ggml/src/ggml-cuda/ggml-cuda.cu:839 calls=6159 total_ms=26.280 avg_us=4.267 max_us=354
   1 /opt/llama.cpp/ggml/src/ggml-cuda/ggml-cuda.cu:900 calls=12 total_ms=5.841 avg_us=486.750 max_us=2532
   2 /opt/llama.cpp/ggml/src/ggml-cuda/ggml-cuda.cu:2665 calls=191 total_ms=0.280 avg_us=1.466 max_us=28
   3 /opt/llama.cpp/ggml/src/ggml-cuda/ggml-cuda.cu:847 calls=150 total_ms=0.150 avg_us=1.000 max_us=3
=== END CUDA SYNC PROFILE ===
backend-sync-trace: count=14700 backend=CUDA0 caller=ggml_backend_sched_synchronize+0x62

=== CUDA SYNC PROFILE (instrumentation only) ===
total_syncs = 14700
total_wait_ms = 8694.725
max_wait_us = 141865
sites = 5
wait_hist_us = logarithmic buckets
  hist[0] = 13361
  hist[1] = 759
  hist[2] = 23
  hist[3] = 19
  hist[4] = 9
  hist[9] = 87
  hist[10] = 215
  hist[11] = 50
  hist[14] = 53
  hist[15] = 102
  hist[16] = 21
  hist[17] = 1
by_callsite (caller PC; symbolize with addr2line):
   0 caller=0x78b11f95c0d2 calls=6004 total_ms=8689.793 avg_us=1447.334 max_us=141865
   1 caller=0x78b11f96098c calls=4793 total_ms=1.947 avg_us=0.406 max_us=18
   2 caller=0x78b11f96089c calls=1774 total_ms=1.578 avg_us=0.890 max_us=17
   3 caller=0x78b11f960abd calls=1774 total_ms=0.725 avg_us=0.409 max_us=25
   4 caller=0x78b11f95f852 calls=355 total_ms=0.682 avg_us=1.921 max_us=15
direct_cudaStreamSynchronize: calls=6561 total_ms=32.739 max_us=2532
by_direct_callsite (file:line):
   0 /opt/llama.cpp/ggml/src/ggml-cuda/ggml-cuda.cu:839 calls=6208 total_ms=26.468 avg_us=4.264 max_us=354
   1 /opt/llama.cpp/ggml/src/ggml-cuda/ggml-cuda.cu:900 calls=12 total_ms=5.841 avg_us=486.750 max_us=2532
   2 /opt/llama.cpp/ggml/src/ggml-cuda/ggml-cuda.cu:2665 calls=191 total_ms=0.280 avg_us=1.466 max_us=28
   3 /opt/llama.cpp/ggml/src/ggml-cuda/ggml-cuda.cu:847 calls=150 total_ms=0.150 avg_us=1.000 max_us=3
=== END CUDA SYNC PROFILE ===

=== CUDA SYNC PROFILE (instrumentation only) ===
total_syncs = 14795
total_wait_ms = 8734.678
max_wait_us = 141865
sites = 5
wait_hist_us = logarithmic buckets
  hist[0] = 13449
  hist[1] = 762
  hist[2] = 24
  hist[3] = 19
  hist[4] = 9
  hist[9] = 89
  hist[10] = 215
  hist[11] = 50
  hist[14] = 53
  hist[15] = 103
  hist[16] = 21
  hist[17] = 1
by_callsite (caller PC; symbolize with addr2line):
   0 caller=0x78b11f95c0d2 calls=6043 total_ms=8729.713 avg_us=1444.599 max_us=141865
   1 caller=0x78b11f96098c calls=4822 total_ms=1.959 avg_us=0.406 max_us=18
   2 caller=0x78b11f96089c calls=1786 total_ms=1.586 avg_us=0.888 max_us=17
   3 caller=0x78b11f960abd calls=1786 total_ms=0.728 avg_us=0.408 max_us=25
   4 caller=0x78b11f95f852 calls=358 total_ms=0.692 avg_us=1.933 max_us=15
direct_cudaStreamSynchronize: calls=6600 total_ms=32.890 max_us=2532
by_direct_callsite (file:line):
   0 /opt/llama.cpp/ggml/src/ggml-cuda/ggml-cuda.cu:839 calls=6247 total_ms=26.619 avg_us=4.261 max_us=354
   1 /opt/llama.cpp/ggml/src/ggml-cuda/ggml-cuda.cu:900 calls=12 total_ms=5.841 avg_us=486.750 max_us=2532
   2 /opt/llama.cpp/ggml/src/ggml-cuda/ggml-cuda.cu:2665 calls=191 total_ms=0.280 avg_us=1.466 max_us=28
   3 /opt/llama.cpp/ggml/src/ggml-cuda/ggml-cuda.cu:847 calls=150 total_ms=0.150 avg_us=1.000 max_us=3
=== END CUDA SYNC PROFILE ===
backend-sync-trace: count=14800 backend=CUDA0 caller=ggml_backend_sched_synchronize+0x62

=== CUDA SYNC PROFILE (instrumentation only) ===
total_syncs = 14800
total_wait_ms = 8735.570
max_wait_us = 141865
sites = 5
wait_hist_us = logarithmic buckets
  hist[0] = 13453
  hist[1] = 762
  hist[2] = 24
  hist[3] = 19
  hist[4] = 9
  hist[9] = 90
  hist[10] = 215
  hist[11] = 50
  hist[14] = 53
  hist[15] = 103
  hist[16] = 21
  hist[17] = 1
by_callsite (caller PC; symbolize with addr2line):
   0 caller=0x78b11f95c0d2 calls=6046 total_ms=8730.604 avg_us=1444.030 max_us=141865
   1 caller=0x78b11f96098c calls=4824 total_ms=1.960 avg_us=0.406 max_us=18
   2 caller=0x78b11f96089c calls=1786 total_ms=1.586 avg_us=0.888 max_us=17
   3 caller=0x78b11f960abd calls=1786 total_ms=0.728 avg_us=0.408 max_us=25
   4 caller=0x78b11f95f852 calls=358 total_ms=0.692 avg_us=1.933 max_us=15
direct_cudaStreamSynchronize: calls=6602 total_ms=32.895 max_us=2532
by_direct_callsite (file:line):
   0 /opt/llama.cpp/ggml/src/ggml-cuda/ggml-cuda.cu:839 calls=6249 total_ms=26.624 avg_us=4.261 max_us=354
   1 /opt/llama.cpp/ggml/src/ggml-cuda/ggml-cuda.cu:900 calls=12 total_ms=5.841 avg_us=486.750 max_us=2532
   2 /opt/llama.cpp/ggml/src/ggml-cuda/ggml-cuda.cu:2665 calls=191 total_ms=0.280 avg_us=1.466 max_us=28
   3 /opt/llama.cpp/ggml/src/ggml-cuda/ggml-cuda.cu:847 calls=150 total_ms=0.150 avg_us=1.000 max_us=3
=== END CUDA SYNC PROFILE ===
backend-sync-trace: count=14900 backend=CUDA0 caller=ggml_backend_sched_synchronize+0x62

=== CUDA SYNC PROFILE (instrumentation only) ===
total_syncs = 14900
total_wait_ms = 8766.878
max_wait_us = 141865
sites = 5
wait_hist_us = logarithmic buckets
  hist[0] = 13546
  hist[1] = 765
  hist[2] = 24
  hist[3] = 19
  hist[4] = 9
  hist[9] = 92
  hist[10] = 216
  hist[11] = 50
  hist[14] = 54
  hist[15] = 103
  hist[16] = 21
  hist[17] = 1
by_callsite (caller PC; symbolize with addr2line):
   0 caller=0x78b11f95c0d2 calls=6089 total_ms=8761.882 avg_us=1438.969 max_us=141865
   1 caller=0x78b11f96098c calls=4855 total_ms=1.973 avg_us=0.406 max_us=18
   2 caller=0x78b11f96089c calls=1798 total_ms=1.597 avg_us=0.888 max_us=17
   3 caller=0x78b11f960abd calls=1798 total_ms=0.731 avg_us=0.407 max_us=25
   4 caller=0x78b11f95f852 calls=360 total_ms=0.695 avg_us=1.931 max_us=15
direct_cudaStreamSynchronize: calls=6643 total_ms=33.052 max_us=2532
by_direct_callsite (file:line):
   0 /opt/llama.cpp/ggml/src/ggml-cuda/ggml-cuda.cu:839 calls=6290 total_ms=26.781 avg_us=4.258 max_us=354
   1 /opt/llama.cpp/ggml/src/ggml-cuda/ggml-cuda.cu:900 calls=12 total_ms=5.841 avg_us=486.750 max_us=2532
   2 /opt/llama.cpp/ggml/src/ggml-cuda/ggml-cuda.cu:2665 calls=191 total_ms=0.280 avg_us=1.466 max_us=28
   3 /opt/llama.cpp/ggml/src/ggml-cuda/ggml-cuda.cu:847 calls=150 total_ms=0.150 avg_us=1.000 max_us=3
=== END CUDA SYNC PROFILE ===
backend-sync-trace: count=15000 backend=CUDA0 caller=ggml_backend_sched_graph_compute_async_ext+0xecc

=== CUDA SYNC PROFILE (instrumentation only) ===
total_syncs = 15000
total_wait_ms = 8814.645
max_wait_us = 141865
sites = 5
wait_hist_us = logarithmic buckets
  hist[0] = 13638
  hist[1] = 770
  hist[2] = 24
  hist[3] = 19
  hist[4] = 9
  hist[9] = 93
  hist[10] = 217
  hist[11] = 50
  hist[14] = 54
  hist[15] = 104
  hist[16] = 21
  hist[17] = 1
by_callsite (caller PC; symbolize with addr2line):
   0 caller=0x78b11f95c0d2 calls=6119 total_ms=8809.617 avg_us=1439.715 max_us=141865
   1 caller=0x78b11f96098c calls=4895 total_ms=1.989 avg_us=0.406 max_us=18
   2 caller=0x78b11f96089c calls=1812 total_ms=1.606 avg_us=0.886 max_us=17
   3 caller=0x78b11f960abd calls=1812 total_ms=0.734 avg_us=0.405 max_us=25
   4 caller=0x78b11f95f852 calls=362 total_ms=0.699 avg_us=1.931 max_us=15
direct_cudaStreamSynchronize: calls=6693 total_ms=33.260 max_us=2532
by_direct_callsite (file:line):
   0 /opt/llama.cpp/ggml/src/ggml-cuda/ggml-cuda.cu:839 calls=6340 total_ms=26.989 avg_us=4.257 max_us=354
   1 /opt/llama.cpp/ggml/src/ggml-cuda/ggml-cuda.cu:900 calls=12 total_ms=5.841 avg_us=486.750 max_us=2532
   2 /opt/llama.cpp/ggml/src/ggml-cuda/ggml-cuda.cu:2665 calls=191 total_ms=0.280 avg_us=1.466 max_us=28
   3 /opt/llama.cpp/ggml/src/ggml-cuda/ggml-cuda.cu:847 calls=150 total_ms=0.150 avg_us=1.000 max_us=3
=== END CUDA SYNC PROFILE ===

=== CUDA SYNC PROFILE (instrumentation only) ===
total_syncs = 15011
total_wait_ms = 8861.989
max_wait_us = 141865
sites = 5
wait_hist_us = logarithmic buckets
  hist[0] = 13647
  hist[1] = 771
  hist[2] = 24
  hist[3] = 19
  hist[4] = 9
  hist[9] = 93
  hist[10] = 217
  hist[11] = 50
  hist[14] = 54
  hist[15] = 105
  hist[16] = 21
  hist[17] = 1
by_callsite (caller PC; symbolize with addr2line):
   0 caller=0x78b11f95c0d2 calls=6121 total_ms=8856.956 avg_us=1446.979 max_us=141865
   1 caller=0x78b11f96098c calls=4899 total_ms=1.990 avg_us=0.406 max_us=18
   2 caller=0x78b11f96089c calls=1814 total_ms=1.607 avg_us=0.886 max_us=17
   3 caller=0x78b11f960abd calls=1814 total_ms=0.735 avg_us=0.405 max_us=25
   4 caller=0x78b11f95f852 calls=363 total_ms=0.701 avg_us=1.931 max_us=15
direct_cudaStreamSynchronize: calls=6700 total_ms=33.293 max_us=2532
by_direct_callsite (file:line):
   0 /opt/llama.cpp/ggml/src/ggml-cuda/ggml-cuda.cu:839 calls=6347 total_ms=27.022 avg_us=4.257 max_us=354
   1 /opt/llama.cpp/ggml/src/ggml-cuda/ggml-cuda.cu:900 calls=12 total_ms=5.841 avg_us=486.750 max_us=2532
   2 /opt/llama.cpp/ggml/src/ggml-cuda/ggml-cuda.cu:2665 calls=191 total_ms=0.280 avg_us=1.466 max_us=28
   3 /opt/llama.cpp/ggml/src/ggml-cuda/ggml-cuda.cu:847 calls=150 total_ms=0.150 avg_us=1.000 max_us=3
=== END CUDA SYNC PROFILE ===
backend-sync-trace: count=15100 backend=CUDA0 caller=ggml_backend_sched_synchronize+0x62

=== CUDA SYNC PROFILE (instrumentation only) ===
total_syncs = 15100
total_wait_ms = 8894.246
max_wait_us = 141865
sites = 5
wait_hist_us = logarithmic buckets
  hist[0] = 13727
  hist[1] = 777
  hist[2] = 24
  hist[3] = 19
  hist[4] = 9
  hist[9] = 95
  hist[10] = 217
  hist[11] = 50
  hist[14] = 55
  hist[15] = 105
  hist[16] = 21
  hist[17] = 1
by_callsite (caller PC; symbolize with addr2line):
   0 caller=0x78b11f95c0d2 calls=6159 total_ms=8889.182 avg_us=1443.283 max_us=141865
   1 caller=0x78b11f96098c calls=4928 total_ms=2.004 avg_us=0.407 max_us=18
   2 caller=0x78b11f96089c calls=1824 total_ms=1.615 avg_us=0.885 max_us=17
   3 caller=0x78b11f960abd calls=1824 total_ms=0.740 avg_us=0.406 max_us=25
   4 caller=0x78b11f95f852 calls=365 total_ms=0.705 avg_us=1.932 max_us=15
direct_cudaStreamSynchronize: calls=6736 total_ms=33.438 max_us=2532
by_direct_callsite (file:line):
   0 /opt/llama.cpp/ggml/src/ggml-cuda/ggml-cuda.cu:839 calls=6383 total_ms=27.167 avg_us=4.256 max_us=354
   1 /opt/llama.cpp/ggml/src/ggml-cuda/ggml-cuda.cu:900 calls=12 total_ms=5.841 avg_us=486.750 max_us=2532
   2 /opt/llama.cpp/ggml/src/ggml-cuda/ggml-cuda.cu:2665 calls=191 total_ms=0.280 avg_us=1.466 max_us=28
   3 /opt/llama.cpp/ggml/src/ggml-cuda/ggml-cuda.cu:847 calls=150 total_ms=0.150 avg_us=1.000 max_us=3
=== END CUDA SYNC PROFILE ===
backend-sync-trace: count=15200 backend=CUDA0 caller=ggml_backend_sched_synchronize+0x62

=== CUDA SYNC PROFILE (instrumentation only) ===
total_syncs = 15200
total_wait_ms = 8930.407
max_wait_us = 141865
sites = 5
wait_hist_us = logarithmic buckets
  hist[0] = 13819
  hist[1] = 780
  hist[2] = 24
  hist[3] = 19
  hist[4] = 10
  hist[9] = 96
  hist[10] = 219
  hist[11] = 50
  hist[14] = 56
  hist[15] = 105
  hist[16] = 21
  hist[17] = 1
by_callsite (caller PC; symbolize with addr2line):
   0 caller=0x78b11f95c0d2 calls=6201 total_ms=8925.314 avg_us=1439.335 max_us=141865
   1 caller=0x78b11f96098c calls=4959 total_ms=2.015 avg_us=0.406 max_us=18
   2 caller=0x78b11f96089c calls=1836 total_ms=1.623 avg_us=0.884 max_us=17
   3 caller=0x78b11f960abd calls=1836 total_ms=0.745 avg_us=0.406 max_us=25
   4 caller=0x78b11f95f852 calls=368 total_ms=0.710 avg_us=1.929 max_us=15
direct_cudaStreamSynchronize: calls=6777 total_ms=33.596 max_us=2532
by_direct_callsite (file:line):
   0 /opt/llama.cpp/ggml/src/ggml-cuda/ggml-cuda.cu:839 calls=6424 total_ms=27.325 avg_us=4.254 max_us=354
   1 /opt/llama.cpp/ggml/src/ggml-cuda/ggml-cuda.cu:900 calls=12 total_ms=5.841 avg_us=486.750 max_us=2532
   2 /opt/llama.cpp/ggml/src/ggml-cuda/ggml-cuda.cu:2665 calls=191 total_ms=0.280 avg_us=1.466 max_us=28
   3 /opt/llama.cpp/ggml/src/ggml-cuda/ggml-cuda.cu:847 calls=150 total_ms=0.150 avg_us=1.000 max_us=3
=== END CUDA SYNC PROFILE ===

=== CUDA SYNC PROFILE (instrumentation only) ===
total_syncs = 15241
total_wait_ms = 8931.327
max_wait_us = 141865
sites = 5
wait_hist_us = logarithmic buckets
  hist[0] = 13858
  hist[1] = 781
  hist[2] = 24
  hist[3] = 19
  hist[4] = 10
  hist[9] = 97
  hist[10] = 219
  hist[11] = 50
  hist[14] = 56
  hist[15] = 105
  hist[16] = 21
  hist[17] = 1
by_callsite (caller PC; symbolize with addr2line):
   0 caller=0x78b11f95c0d2 calls=6212 total_ms=8926.218 avg_us=1436.931 max_us=141865
   1 caller=0x78b11f96098c calls=4977 total_ms=2.023 avg_us=0.406 max_us=18
   2 caller=0x78b11f96089c calls=1842 total_ms=1.629 avg_us=0.884 max_us=17
   3 caller=0x78b11f960abd calls=1842 total_ms=0.747 avg_us=0.406 max_us=25
   4 caller=0x78b11f95f852 calls=368 total_ms=0.710 avg_us=1.929 max_us=15
direct_cudaStreamSynchronize: calls=6800 total_ms=33.689 max_us=2532
by_direct_callsite (file:line):
   0 /opt/llama.cpp/ggml/src/ggml-cuda/ggml-cuda.cu:839 calls=6447 total_ms=27.418 avg_us=4.253 max_us=354
   1 /opt/llama.cpp/ggml/src/ggml-cuda/ggml-cuda.cu:900 calls=12 total_ms=5.841 avg_us=486.750 max_us=2532
   2 /opt/llama.cpp/ggml/src/ggml-cuda/ggml-cuda.cu:2665 calls=191 total_ms=0.280 avg_us=1.466 max_us=28
   3 /opt/llama.cpp/ggml/src/ggml-cuda/ggml-cuda.cu:847 calls=150 total_ms=0.150 avg_us=1.000 max_us=3
=== END CUDA SYNC PROFILE ===
backend-sync-trace: count=15300 backend=CUDA0 caller=ggml_backend_sched_synchronize+0x62

=== CUDA SYNC PROFILE (instrumentation only) ===
total_syncs = 15300
total_wait_ms = 8963.634
max_wait_us = 141865
sites = 5
wait_hist_us = logarithmic buckets
  hist[0] = 13913
  hist[1] = 782
  hist[2] = 24
  hist[3] = 19
  hist[4] = 10
  hist[9] = 98
  hist[10] = 220
  hist[11] = 50
  hist[14] = 57
  hist[15] = 105
  hist[16] = 21
  hist[17] = 1
by_callsite (caller PC; symbolize with addr2line):
   0 caller=0x78b11f95c0d2 calls=6244 total_ms=8958.509 avg_us=1434.739 max_us=141865
   1 caller=0x78b11f96098c calls=4990 total_ms=2.029 avg_us=0.407 max_us=18
   2 caller=0x78b11f96089c calls=1848 total_ms=1.634 avg_us=0.884 max_us=17
   3 caller=0x78b11f960abd calls=1848 total_ms=0.749 avg_us=0.405 max_us=25
   4 caller=0x78b11f95f852 calls=370 total_ms=0.713 avg_us=1.927 max_us=15
direct_cudaStreamSynchronize: calls=6818 total_ms=33.756 max_us=2532
by_direct_callsite (file:line):
   0 /opt/llama.cpp/ggml/src/ggml-cuda/ggml-cuda.cu:839 calls=6465 total_ms=27.485 avg_us=4.251 max_us=354
   1 /opt/llama.cpp/ggml/src/ggml-cuda/ggml-cuda.cu:900 calls=12 total_ms=5.841 avg_us=486.750 max_us=2532
   2 /opt/llama.cpp/ggml/src/ggml-cuda/ggml-cuda.cu:2665 calls=191 total_ms=0.280 avg_us=1.466 max_us=28
   3 /opt/llama.cpp/ggml/src/ggml-cuda/ggml-cuda.cu:847 calls=150 total_ms=0.150 avg_us=1.000 max_us=3
=== END CUDA SYNC PROFILE ===
backend-sync-trace: count=15400 backend=CUDA0 caller=ggml_backend_sched_graph_compute_async_ext+0xecc

=== CUDA SYNC PROFILE (instrumentation only) ===
total_syncs = 15400
total_wait_ms = 9008.500
max_wait_us = 141865
sites = 5
wait_hist_us = logarithmic buckets
  hist[0] = 14005
  hist[1] = 787
  hist[2] = 24
  hist[3] = 19
  hist[4] = 10
  hist[9] = 98
  hist[10] = 221
  hist[11] = 51
  hist[14] = 57
  hist[15] = 106
  hist[16] = 21
  hist[17] = 1
by_callsite (caller PC; symbolize with addr2line):
   0 caller=0x78b11f95c0d2 calls=6286 total_ms=9003.345 avg_us=1432.285 max_us=141865
   1 caller=0x78b11f96098c calls=5018 total_ms=2.040 avg_us=0.407 max_us=18
   2 caller=0x78b11f96089c calls=1862 total_ms=1.646 avg_us=0.884 max_us=17
   3 caller=0x78b11f960abd calls=1862 total_ms=0.752 avg_us=0.404 max_us=25
   4 caller=0x78b11f95f852 calls=372 total_ms=0.717 avg_us=1.927 max_us=15
direct_cudaStreamSynchronize: calls=6856 total_ms=33.912 max_us=2532
by_direct_callsite (file:line):
   0 /opt/llama.cpp/ggml/src/ggml-cuda/ggml-cuda.cu:839 calls=6503 total_ms=27.641 avg_us=4.250 max_us=354
   1 /opt/llama.cpp/ggml/src/ggml-cuda/ggml-cuda.cu:900 calls=12 total_ms=5.841 avg_us=486.750 max_us=2532
   2 /opt/llama.cpp/ggml/src/ggml-cuda/ggml-cuda.cu:2665 calls=191 total_ms=0.280 avg_us=1.466 max_us=28
   3 /opt/llama.cpp/ggml/src/ggml-cuda/ggml-cuda.cu:847 calls=150 total_ms=0.150 avg_us=1.000 max_us=3
=== END CUDA SYNC PROFILE ===

=== CUDA SYNC PROFILE (instrumentation only) ===
total_syncs = 15494
total_wait_ms = 9064.721
max_wait_us = 141865
sites = 5
wait_hist_us = logarithmic buckets
  hist[0] = 14092
  hist[1] = 791
  hist[2] = 24
  hist[3] = 19
  hist[4] = 10
  hist[9] = 98
  hist[10] = 223
  hist[11] = 51
  hist[14] = 57
  hist[15] = 107
  hist[16] = 21
  hist[17] = 1
by_callsite (caller PC; symbolize with addr2line):
   0 caller=0x78b11f95c0d2 calls=6323 total_ms=9059.535 avg_us=1432.791 max_us=141865
   1 caller=0x78b11f96098c calls=5053 total_ms=2.057 avg_us=0.407 max_us=18
   2 caller=0x78b11f96089c calls=1872 total_ms=1.653 avg_us=0.883 max_us=17
   3 caller=0x78b11f960abd calls=1872 total_ms=0.755 avg_us=0.403 max_us=25
   4 caller=0x78b11f95f852 calls=374 total_ms=0.721 avg_us=1.928 max_us=15
direct_cudaStreamSynchronize: calls=6900 total_ms=34.097 max_us=2532
by_direct_callsite (file:line):
   0 /opt/llama.cpp/ggml/src/ggml-cuda/ggml-cuda.cu:839 calls=6547 total_ms=27.826 avg_us=4.250 max_us=354
   1 /opt/llama.cpp/ggml/src/ggml-cuda/ggml-cuda.cu:900 calls=12 total_ms=5.841 avg_us=486.750 max_us=2532
   2 /opt/llama.cpp/ggml/src/ggml-cuda/ggml-cuda.cu:2665 calls=191 total_ms=0.280 avg_us=1.466 max_us=28
   3 /opt/llama.cpp/ggml/src/ggml-cuda/ggml-cuda.cu:847 calls=150 total_ms=0.150 avg_us=1.000 max_us=3
=== END CUDA SYNC PROFILE ===
backend-sync-trace: count=15500 backend=CUDA0 caller=ggml_backend_sched_graph_compute_async_ext+0xecc

=== CUDA SYNC PROFILE (instrumentation only) ===
total_syncs = 15500
total_wait_ms = 9064.725
max_wait_us = 141865
sites = 5
wait_hist_us = logarithmic buckets
  hist[0] = 14098
  hist[1] = 791
  hist[2] = 24
  hist[3] = 19
  hist[4] = 10
  hist[9] = 98
  hist[10] = 223
  hist[11] = 51
  hist[14] = 57
  hist[15] = 107
  hist[16] = 21
  hist[17] = 1
by_callsite (caller PC; symbolize with addr2line):
   0 caller=0x78b11f95c0d2 calls=6323 total_ms=9059.535 avg_us=1432.791 max_us=141865
   1 caller=0x78b11f96098c calls=5059 total_ms=2.061 avg_us=0.407 max_us=18
   2 caller=0x78b11f96089c calls=1872 total_ms=1.653 avg_us=0.883 max_us=17
   3 caller=0x78b11f960abd calls=1872 total_ms=0.755 avg_us=0.403 max_us=25
   4 caller=0x78b11f95f852 calls=374 total_ms=0.721 avg_us=1.928 max_us=15
direct_cudaStreamSynchronize: calls=6905 total_ms=34.110 max_us=2532
by_direct_callsite (file:line):
   0 /opt/llama.cpp/ggml/src/ggml-cuda/ggml-cuda.cu:839 calls=6552 total_ms=27.839 avg_us=4.249 max_us=354
   1 /opt/llama.cpp/ggml/src/ggml-cuda/ggml-cuda.cu:900 calls=12 total_ms=5.841 avg_us=486.750 max_us=2532
   2 /opt/llama.cpp/ggml/src/ggml-cuda/ggml-cuda.cu:2665 calls=191 total_ms=0.280 avg_us=1.466 max_us=28
   3 /opt/llama.cpp/ggml/src/ggml-cuda/ggml-cuda.cu:847 calls=150 total_ms=0.150 avg_us=1.000 max_us=3
=== END CUDA SYNC PROFILE ===
backend-sync-trace: count=15600 backend=CUDA0 caller=ggml_backend_sched_synchronize+0x62

=== CUDA SYNC PROFILE (instrumentation only) ===
total_syncs = 15600
total_wait_ms = 9169.067
max_wait_us = 141865
sites = 5
wait_hist_us = logarithmic buckets
  hist[0] = 14188
  hist[1] = 797
  hist[2] = 24
  hist[3] = 19
  hist[4] = 10
  hist[9] = 99
  hist[10] = 224
  hist[11] = 51
  hist[14] = 57
  hist[15] = 109
  hist[16] = 21
  hist[17] = 1
by_callsite (caller PC; symbolize with addr2line):
   0 caller=0x78b11f95c0d2 calls=6365 total_ms=9163.846 avg_us=1439.724 max_us=141865
   1 caller=0x78b11f96098c calls=5090 total_ms=2.071 avg_us=0.407 max_us=18
   2 caller=0x78b11f96089c calls=1884 total_ms=1.664 avg_us=0.883 max_us=17
   3 caller=0x78b11f960abd calls=1884 total_ms=0.760 avg_us=0.403 max_us=25
   4 caller=0x78b11f95f852 calls=377 total_ms=0.726 avg_us=1.926 max_us=15
direct_cudaStreamSynchronize: calls=6946 total_ms=34.284 max_us=2532
by_direct_callsite (file:line):
   0 /opt/llama.cpp/ggml/src/ggml-cuda/ggml-cuda.cu:839 calls=6593 total_ms=28.013 avg_us=4.249 max_us=354
   1 /opt/llama.cpp/ggml/src/ggml-cuda/ggml-cuda.cu:900 calls=12 total_ms=5.841 avg_us=486.750 max_us=2532
   2 /opt/llama.cpp/ggml/src/ggml-cuda/ggml-cuda.cu:2665 calls=191 total_ms=0.280 avg_us=1.466 max_us=28
   3 /opt/llama.cpp/ggml/src/ggml-cuda/ggml-cuda.cu:847 calls=150 total_ms=0.150 avg_us=1.000 max_us=3
=== END CUDA SYNC PROFILE ===
backend-sync-trace: count=15700 backend=CUDA0 caller=ggml_backend_sched_graph_compute_async_ext+0xffd

=== CUDA SYNC PROFILE (instrumentation only) ===
total_syncs = 15700
total_wait_ms = 9203.234
max_wait_us = 141865
sites = 5
wait_hist_us = logarithmic buckets
  hist[0] = 14280
  hist[1] = 801
  hist[2] = 24
  hist[3] = 19
  hist[4] = 10
  hist[9] = 99
  hist[10] = 227
  hist[11] = 51
  hist[14] = 58
  hist[15] = 109
  hist[16] = 21
  hist[17] = 1
by_callsite (caller PC; symbolize with addr2line):
   0 caller=0x78b11f95c0d2 calls=6403 total_ms=9197.981 avg_us=1436.511 max_us=141865
   1 caller=0x78b11f96098c calls=5121 total_ms=2.082 avg_us=0.407 max_us=18
   2 caller=0x78b11f96089c calls=1898 total_ms=1.673 avg_us=0.881 max_us=17
   3 caller=0x78b11f960abd calls=1898 total_ms=0.766 avg_us=0.404 max_us=25
   4 caller=0x78b11f95f852 calls=380 total_ms=0.732 avg_us=1.926 max_us=15
direct_cudaStreamSynchronize: calls=6988 total_ms=34.441 max_us=2532
by_direct_callsite (file:line):
   0 /opt/llama.cpp/ggml/src/ggml-cuda/ggml-cuda.cu:839 calls=6635 total_ms=28.170 avg_us=4.246 max_us=354
   1 /opt/llama.cpp/ggml/src/ggml-cuda/ggml-cuda.cu:900 calls=12 total_ms=5.841 avg_us=486.750 max_us=2532
   2 /opt/llama.cpp/ggml/src/ggml-cuda/ggml-cuda.cu:2665 calls=191 total_ms=0.280 avg_us=1.466 max_us=28
   3 /opt/llama.cpp/ggml/src/ggml-cuda/ggml-cuda.cu:847 calls=150 total_ms=0.150 avg_us=1.000 max_us=3
=== END CUDA SYNC PROFILE ===

=== CUDA SYNC PROFILE (instrumentation only) ===
total_syncs = 15723
total_wait_ms = 9204.143
max_wait_us = 141865
sites = 5
wait_hist_us = logarithmic buckets
  hist[0] = 14301
  hist[1] = 802
  hist[2] = 24
  hist[3] = 19
  hist[4] = 10
  hist[9] = 100
  hist[10] = 227
  hist[11] = 51
  hist[14] = 58
  hist[15] = 109
  hist[16] = 21
  hist[17] = 1
by_callsite (caller PC; symbolize with addr2line):
   0 caller=0x78b11f95c0d2 calls=6410 total_ms=9198.884 avg_us=1435.083 max_us=141865
   1 caller=0x78b11f96098c calls=5129 total_ms=2.085 avg_us=0.407 max_us=18
   2 caller=0x78b11f96089c calls=1902 total_ms=1.676 avg_us=0.881 max_us=17
   3 caller=0x78b11f960abd calls=1902 total_ms=0.766 avg_us=0.403 max_us=25
   4 caller=0x78b11f95f852 calls=380 total_ms=0.732 avg_us=1.926 max_us=15
direct_cudaStreamSynchronize: calls=7000 total_ms=34.501 max_us=2532
by_direct_callsite (file:line):
   0 /opt/llama.cpp/ggml/src/ggml-cuda/ggml-cuda.cu:839 calls=6647 total_ms=28.230 avg_us=4.247 max_us=354
   1 /opt/llama.cpp/ggml/src/ggml-cuda/ggml-cuda.cu:900 calls=12 total_ms=5.841 avg_us=486.750 max_us=2532
   2 /opt/llama.cpp/ggml/src/ggml-cuda/ggml-cuda.cu:2665 calls=191 total_ms=0.280 avg_us=1.466 max_us=28
   3 /opt/llama.cpp/ggml/src/ggml-cuda/ggml-cuda.cu:847 calls=150 total_ms=0.150 avg_us=1.000 max_us=3
=== END CUDA SYNC PROFILE ===
backend-sync-trace: count=15800 backend=CUDA0 caller=ggml_backend_sched_graph_compute_async_ext+0xecc

=== CUDA SYNC PROFILE (instrumentation only) ===
total_syncs = 15800
total_wait_ms = 9234.650
max_wait_us = 141865
sites = 5
wait_hist_us = logarithmic buckets
  hist[0] = 14371
  hist[1] = 806
  hist[2] = 24
  hist[3] = 19
  hist[4] = 10
  hist[9] = 101
  hist[10] = 228
  hist[11] = 51
  hist[14] = 59
  hist[15] = 109
  hist[16] = 21
  hist[17] = 1
by_callsite (caller PC; symbolize with addr2line):
   0 caller=0x78b11f95c0d2 calls=6441 total_ms=9229.367 avg_us=1432.909 max_us=141865
   1 caller=0x78b11f96098c calls=5153 total_ms=2.095 avg_us=0.407 max_us=18
   2 caller=0x78b11f96089c calls=1912 total_ms=1.683 avg_us=0.880 max_us=17
   3 caller=0x78b11f960abd calls=1912 total_ms=0.769 avg_us=0.402 max_us=25
   4 caller=0x78b11f95f852 calls=382 total_ms=0.736 avg_us=1.927 max_us=15
direct_cudaStreamSynchronize: calls=7031 total_ms=34.625 max_us=2532
by_direct_callsite (file:line):
   0 /opt/llama.cpp/ggml/src/ggml-cuda/ggml-cuda.cu:839 calls=6678 total_ms=28.354 avg_us=4.246 max_us=354
   1 /opt/llama.cpp/ggml/src/ggml-cuda/ggml-cuda.cu:900 calls=12 total_ms=5.841 avg_us=486.750 max_us=2532
   2 /opt/llama.cpp/ggml/src/ggml-cuda/ggml-cuda.cu:2665 calls=191 total_ms=0.280 avg_us=1.466 max_us=28
   3 /opt/llama.cpp/ggml/src/ggml-cuda/ggml-cuda.cu:847 calls=150 total_ms=0.150 avg_us=1.000 max_us=3
=== END CUDA SYNC PROFILE ===
backend-sync-trace: count=15900 backend=CUDA0 caller=ggml_backend_sched_graph_compute_async_ext+0xecc

=== CUDA SYNC PROFILE (instrumentation only) ===
total_syncs = 15900
total_wait_ms = 9272.257
max_wait_us = 141865
sites = 5
wait_hist_us = logarithmic buckets
  hist[0] = 14466
  hist[1] = 808
  hist[2] = 24
  hist[3] = 19
  hist[4] = 10
  hist[9] = 101
  hist[10] = 230
  hist[11] = 51
  hist[14] = 59
  hist[15] = 110
  hist[16] = 21
  hist[17] = 1
by_callsite (caller PC; symbolize with addr2line):
   0 caller=0x78b11f95c0d2 calls=6478 total_ms=9266.940 avg_us=1430.525 max_us=141865
   1 caller=0x78b11f96098c calls=5194 total_ms=2.111 avg_us=0.406 max_us=18
   2 caller=0x78b11f96089c calls=1922 total_ms=1.691 avg_us=0.880 max_us=17
   3 caller=0x78b11f960abd calls=1922 total_ms=0.776 avg_us=0.404 max_us=25
   4 caller=0x78b11f95f852 calls=384 total_ms=0.739 avg_us=1.924 max_us=15
direct_cudaStreamSynchronize: calls=7080 total_ms=34.828 max_us=2532
by_direct_callsite (file:line):
   0 /opt/llama.cpp/ggml/src/ggml-cuda/ggml-cuda.cu:839 calls=6727 total_ms=28.557 avg_us=4.245 max_us=354
   1 /opt/llama.cpp/ggml/src/ggml-cuda/ggml-cuda.cu:900 calls=12 total_ms=5.841 avg_us=486.750 max_us=2532
   2 /opt/llama.cpp/ggml/src/ggml-cuda/ggml-cuda.cu:2665 calls=191 total_ms=0.280 avg_us=1.466 max_us=28
   3 /opt/llama.cpp/ggml/src/ggml-cuda/ggml-cuda.cu:847 calls=150 total_ms=0.150 avg_us=1.000 max_us=3
=== END CUDA SYNC PROFILE ===

=== CUDA SYNC PROFILE (instrumentation only) ===
total_syncs = 15961
total_wait_ms = 9302.740
max_wait_us = 141865
sites = 5
wait_hist_us = logarithmic buckets
  hist[0] = 14521
  hist[1] = 811
  hist[2] = 24
  hist[3] = 19
  hist[4] = 10
  hist[9] = 101
  hist[10] = 232
  hist[11] = 51
  hist[14] = 60
  hist[15] = 110
  hist[16] = 21
  hist[17] = 1
by_callsite (caller PC; symbolize with addr2line):
   0 caller=0x78b11f95c0d2 calls=6509 total_ms=9297.406 avg_us=1428.392 max_us=141865
   1 caller=0x78b11f96098c calls=5206 total_ms=2.116 avg_us=0.406 max_us=18
   2 caller=0x78b11f96089c calls=1930 total_ms=1.698 avg_us=0.880 max_us=17
   3 caller=0x78b11f960abd calls=1930 total_ms=0.778 avg_us=0.403 max_us=25
   4 caller=0x78b11f95f852 calls=386 total_ms=0.742 avg_us=1.922 max_us=15
direct_cudaStreamSynchronize: calls=7100 total_ms=34.905 max_us=2532
by_direct_callsite (file:line):
   0 /opt/llama.cpp/ggml/src/ggml-cuda/ggml-cuda.cu:839 calls=6747 total_ms=28.634 avg_us=4.244 max_us=354
   1 /opt/llama.cpp/ggml/src/ggml-cuda/ggml-cuda.cu:900 calls=12 total_ms=5.841 avg_us=486.750 max_us=2532
   2 /opt/llama.cpp/ggml/src/ggml-cuda/ggml-cuda.cu:2665 calls=191 total_ms=0.280 avg_us=1.466 max_us=28
   3 /opt/llama.cpp/ggml/src/ggml-cuda/ggml-cuda.cu:847 calls=150 total_ms=0.150 avg_us=1.000 max_us=3
=== END CUDA SYNC PROFILE ===
backend-sync-trace: count=16000 backend=CUDA0 caller=ggml_backend_sched_synchronize+0x62

=== CUDA SYNC PROFILE (instrumentation only) ===
total_syncs = 16000
total_wait_ms = 9335.776
max_wait_us = 141865
sites = 5
wait_hist_us = logarithmic buckets
  hist[0] = 14557
  hist[1] = 813
  hist[2] = 24
  hist[3] = 19
  hist[4] = 10
  hist[9] = 101
  hist[10] = 232
  hist[11] = 51
  hist[14] = 60
  hist[15] = 111
  hist[16] = 21
  hist[17] = 1
by_callsite (caller PC; symbolize with addr2line):
   0 caller=0x78b11f95c0d2 calls=6520 total_ms=9330.431 avg_us=1431.048 max_us=141865
   1 caller=0x78b11f96098c calls=5225 total_ms=2.121 avg_us=0.406 max_us=18
   2 caller=0x78b11f96089c calls=1934 total_ms=1.700 avg_us=0.879 max_us=17
   3 caller=0x78b11f960abd calls=1934 total_ms=0.780 avg_us=0.403 max_us=25
   4 caller=0x78b11f95f852 calls=387 total_ms=0.744 avg_us=1.922 max_us=15
direct_cudaStreamSynchronize: calls=7121 total_ms=34.995 max_us=2532
by_direct_callsite (file:line):
   0 /opt/llama.cpp/ggml/src/ggml-cuda/ggml-cuda.cu:839 calls=6768 total_ms=28.724 avg_us=4.244 max_us=354
   1 /opt/llama.cpp/ggml/src/ggml-cuda/ggml-cuda.cu:900 calls=12 total_ms=5.841 avg_us=486.750 max_us=2532
   2 /opt/llama.cpp/ggml/src/ggml-cuda/ggml-cuda.cu:2665 calls=191 total_ms=0.280 avg_us=1.466 max_us=28
   3 /opt/llama.cpp/ggml/src/ggml-cuda/ggml-cuda.cu:847 calls=150 total_ms=0.150 avg_us=1.000 max_us=3
=== END CUDA SYNC PROFILE ===
backend-sync-trace: count=16100 backend=CUDA0 caller=ggml_backend_sched_graph_compute_async_ext+0xecc

=== CUDA SYNC PROFILE (instrumentation only) ===
total_syncs = 16100
total_wait_ms = 9365.340
max_wait_us = 141865
sites = 5
wait_hist_us = logarithmic buckets
  hist[0] = 14648
  hist[1] = 819
  hist[2] = 24
  hist[3] = 19
  hist[4] = 10
  hist[9] = 102
  hist[10] = 233
  hist[11] = 51
  hist[14] = 61
  hist[15] = 111
  hist[16] = 21
  hist[17] = 1
by_callsite (caller PC; symbolize with addr2line):
   0 caller=0x78b11f95c0d2 calls=6563 total_ms=9359.966 avg_us=1426.172 max_us=141865
   1 caller=0x78b11f96098c calls=5255 total_ms=2.129 avg_us=0.405 max_us=18
   2 caller=0x78b11f96089c calls=1946 total_ms=1.711 avg_us=0.879 max_us=17
   3 caller=0x78b11f960abd calls=1946 total_ms=0.784 avg_us=0.403 max_us=25
   4 caller=0x78b11f95f852 calls=390 total_ms=0.750 avg_us=1.923 max_us=15
direct_cudaStreamSynchronize: calls=7160 total_ms=35.150 max_us=2532
by_direct_callsite (file:line):
   0 /opt/llama.cpp/ggml/src/ggml-cuda/ggml-cuda.cu:839 calls=6807 total_ms=28.879 avg_us=4.243 max_us=354
   1 /opt/llama.cpp/ggml/src/ggml-cuda/ggml-cuda.cu:900 calls=12 total_ms=5.841 avg_us=486.750 max_us=2532
   2 /opt/llama.cpp/ggml/src/ggml-cuda/ggml-cuda.cu:2665 calls=191 total_ms=0.280 avg_us=1.466 max_us=28
   3 /opt/llama.cpp/ggml/src/ggml-cuda/ggml-cuda.cu:847 calls=150 total_ms=0.150 avg_us=1.000 max_us=3
=== END CUDA SYNC PROFILE ===

=== CUDA SYNC PROFILE (instrumentation only) ===
total_syncs = 16199
total_wait_ms = 9401.332
max_wait_us = 141865
sites = 5
wait_hist_us = logarithmic buckets
  hist[0] = 14739
  hist[1] = 823
  hist[2] = 24
  hist[3] = 19
  hist[4] = 10
  hist[9] = 102
  hist[10] = 235
  hist[11] = 52
  hist[14] = 62
  hist[15] = 111
  hist[16] = 21
  hist[17] = 1
by_callsite (caller PC; symbolize with addr2line):
   0 caller=0x78b11f95c0d2 calls=6607 total_ms=9395.930 avg_us=1422.117 max_us=141865
   1 caller=0x78b11f96098c calls=5284 total_ms=2.139 avg_us=0.405 max_us=18
   2 caller=0x78b11f96089c calls=1958 total_ms=1.722 avg_us=0.879 max_us=17
   3 caller=0x78b11f960abd calls=1958 total_ms=0.787 avg_us=0.402 max_us=25
   4 caller=0x78b11f95f852 calls=392 total_ms=0.754 avg_us=1.923 max_us=15
direct_cudaStreamSynchronize: calls=7200 total_ms=35.304 max_us=2532
by_direct_callsite (file:line):
   0 /opt/llama.cpp/ggml/src/ggml-cuda/ggml-cuda.cu:839 calls=6847 total_ms=29.033 avg_us=4.240 max_us=354
   1 /opt/llama.cpp/ggml/src/ggml-cuda/ggml-cuda.cu:900 calls=12 total_ms=5.841 avg_us=486.750 max_us=2532
   2 /opt/llama.cpp/ggml/src/ggml-cuda/ggml-cuda.cu:2665 calls=191 total_ms=0.280 avg_us=1.466 max_us=28
   3 /opt/llama.cpp/ggml/src/ggml-cuda/ggml-cuda.cu:847 calls=150 total_ms=0.150 avg_us=1.000 max_us=3
=== END CUDA SYNC PROFILE ===
backend-sync-trace: count=16200 backend=CUDA0 caller=ggml_backend_sched_graph_compute_async_ext+0xecc

=== CUDA SYNC PROFILE (instrumentation only) ===
total_syncs = 16200
total_wait_ms = 9401.333
max_wait_us = 141865
sites = 5
wait_hist_us = logarithmic buckets
  hist[0] = 14740
  hist[1] = 823
  hist[2] = 24
  hist[3] = 19
  hist[4] = 10
  hist[9] = 102
  hist[10] = 235
  hist[11] = 52
  hist[14] = 62
  hist[15] = 111
  hist[16] = 21
  hist[17] = 1
by_callsite (caller PC; symbolize with addr2line):
   0 caller=0x78b11f95c0d2 calls=6607 total_ms=9395.930 avg_us=1422.117 max_us=141865
   1 caller=0x78b11f96098c calls=5285 total_ms=2.140 avg_us=0.405 max_us=18
   2 caller=0x78b11f96089c calls=1958 total_ms=1.722 avg_us=0.879 max_us=17
   3 caller=0x78b11f960abd calls=1958 total_ms=0.787 avg_us=0.402 max_us=25
   4 caller=0x78b11f95f852 calls=392 total_ms=0.754 avg_us=1.923 max_us=15
direct_cudaStreamSynchronize: calls=7200 total_ms=35.304 max_us=2532
by_direct_callsite (file:line):
   0 /opt/llama.cpp/ggml/src/ggml-cuda/ggml-cuda.cu:839 calls=6847 total_ms=29.033 avg_us=4.240 max_us=354
   1 /opt/llama.cpp/ggml/src/ggml-cuda/ggml-cuda.cu:900 calls=12 total_ms=5.841 avg_us=486.750 max_us=2532
   2 /opt/llama.cpp/ggml/src/ggml-cuda/ggml-cuda.cu:2665 calls=191 total_ms=0.280 avg_us=1.466 max_us=28
   3 /opt/llama.cpp/ggml/src/ggml-cuda/ggml-cuda.cu:847 calls=150 total_ms=0.150 avg_us=1.000 max_us=3
=== END CUDA SYNC PROFILE ===
backend-sync-trace: count=16300 backend=CUDA0 caller=ggml_backend_sched_graph_compute_async_ext+0xddc

=== CUDA SYNC PROFILE (instrumentation only) ===
total_syncs = 16300
total_wait_ms = 9438.621
max_wait_us = 141865
sites = 5
wait_hist_us = logarithmic buckets
  hist[0] = 14832
  hist[1] = 827
  hist[2] = 24
  hist[3] = 19
  hist[4] = 10
  hist[9] = 103
  hist[10] = 236
  hist[11] = 53
  hist[14] = 62
  hist[15] = 112
  hist[16] = 21
  hist[17] = 1
by_callsite (caller PC; symbolize with addr2line):
   0 caller=0x78b11f95c0d2 calls=6651 total_ms=9433.191 avg_us=1418.312 max_us=141865
   1 caller=0x78b11f96098c calls=5314 total_ms=2.150 avg_us=0.405 max_us=18
   2 caller=0x78b11f96089c calls=1971 total_ms=1.733 avg_us=0.879 max_us=17
   3 caller=0x78b11f960abd calls=1970 total_ms=0.789 avg_us=0.401 max_us=25
   4 caller=0x78b11f95f852 calls=394 total_ms=0.758 avg_us=1.924 max_us=15
direct_cudaStreamSynchronize: calls=7240 total_ms=35.458 max_us=2532
by_direct_callsite (file:line):
   0 /opt/llama.cpp/ggml/src/ggml-cuda/ggml-cuda.cu:839 calls=6887 total_ms=29.187 avg_us=4.238 max_us=354
   1 /opt/llama.cpp/ggml/src/ggml-cuda/ggml-cuda.cu:900 calls=12 total_ms=5.841 avg_us=486.750 max_us=2532
   2 /opt/llama.cpp/ggml/src/ggml-cuda/ggml-cuda.cu:2665 calls=191 total_ms=0.280 avg_us=1.466 max_us=28
   3 /opt/llama.cpp/ggml/src/ggml-cuda/ggml-cuda.cu:847 calls=150 total_ms=0.150 avg_us=1.000 max_us=3
=== END CUDA SYNC PROFILE ===
backend-sync-trace: count=16400 backend=CUDA0 caller=ggml_backend_sched_synchronize+0x62

=== CUDA SYNC PROFILE (instrumentation only) ===
total_syncs = 16400
total_wait_ms = 9535.740
max_wait_us = 141865
sites = 5
wait_hist_us = logarithmic buckets
  hist[0] = 14925
  hist[1] = 830
  hist[2] = 24
  hist[3] = 19
  hist[4] = 10
  hist[9] = 104
  hist[10] = 237
  hist[11] = 53
  hist[14] = 62
  hist[15] = 114
  hist[16] = 21
  hist[17] = 1
by_callsite (caller PC; symbolize with addr2line):
   0 caller=0x78b11f95c0d2 calls=6684 total_ms=9530.278 avg_us=1425.835 max_us=141865
   1 caller=0x78b11f96098c calls=5356 total_ms=2.165 avg_us=0.404 max_us=18
   2 caller=0x78b11f96089c calls=1982 total_ms=1.742 avg_us=0.879 max_us=17
   3 caller=0x78b11f960abd calls=1982 total_ms=0.793 avg_us=0.400 max_us=25
   4 caller=0x78b11f95f852 calls=396 total_ms=0.762 avg_us=1.924 max_us=15
direct_cudaStreamSynchronize: calls=7291 total_ms=35.683 max_us=2532
by_direct_callsite (file:line):
   0 /opt/llama.cpp/ggml/src/ggml-cuda/ggml-cuda.cu:839 calls=6938 total_ms=29.412 avg_us=4.239 max_us=354
   1 /opt/llama.cpp/ggml/src/ggml-cuda/ggml-cuda.cu:900 calls=12 total_ms=5.841 avg_us=486.750 max_us=2532
   2 /opt/llama.cpp/ggml/src/ggml-cuda/ggml-cuda.cu:2665 calls=191 total_ms=0.280 avg_us=1.466 max_us=28
   3 /opt/llama.cpp/ggml/src/ggml-cuda/ggml-cuda.cu:847 calls=150 total_ms=0.150 avg_us=1.000 max_us=3
=== END CUDA SYNC PROFILE ===

=== CUDA SYNC PROFILE (instrumentation only) ===
total_syncs = 16437
total_wait_ms = 9535.768
max_wait_us = 141865
sites = 5
wait_hist_us = logarithmic buckets
  hist[0] = 14960
  hist[1] = 832
  hist[2] = 24
  hist[3] = 19
  hist[4] = 10
  hist[9] = 104
  hist[10] = 237
  hist[11] = 53
  hist[14] = 62
  hist[15] = 114
  hist[16] = 21
  hist[17] = 1
by_callsite (caller PC; symbolize with addr2line):
   0 caller=0x78b11f95c0d2 calls=6705 total_ms=9530.295 avg_us=1421.371 max_us=141865
   1 caller=0x78b11f96098c calls=5362 total_ms=2.167 avg_us=0.404 max_us=18
   2 caller=0x78b11f96089c calls=1986 total_ms=1.745 avg_us=0.879 max_us=17
   3 caller=0x78b11f960abd calls=1986 total_ms=0.795 avg_us=0.400 max_us=25
   4 caller=0x78b11f95f852 calls=398 total_ms=0.766 avg_us=1.925 max_us=15
direct_cudaStreamSynchronize: calls=7300 total_ms=35.724 max_us=2532
by_direct_callsite (file:line):
   0 /opt/llama.cpp/ggml/src/ggml-cuda/ggml-cuda.cu:839 calls=6947 total_ms=29.453 avg_us=4.240 max_us=354
   1 /opt/llama.cpp/ggml/src/ggml-cuda/ggml-cuda.cu:900 calls=12 total_ms=5.841 avg_us=486.750 max_us=2532
   2 /opt/llama.cpp/ggml/src/ggml-cuda/ggml-cuda.cu:2665 calls=191 total_ms=0.280 avg_us=1.466 max_us=28
   3 /opt/llama.cpp/ggml/src/ggml-cuda/ggml-cuda.cu:847 calls=150 total_ms=0.150 avg_us=1.000 max_us=3
=== END CUDA SYNC PROFILE ===
backend-sync-trace: count=16500 backend=CUDA0 caller=ggml_backend_sched_synchronize+0x62

=== CUDA SYNC PROFILE (instrumentation only) ===
total_syncs = 16500
total_wait_ms = 9574.630
max_wait_us = 141865
sites = 5
wait_hist_us = logarithmic buckets
  hist[0] = 15018
  hist[1] = 834
  hist[2] = 24
  hist[3] = 19
  hist[4] = 10
  hist[9] = 104
  hist[10] = 239
  hist[11] = 53
  hist[14] = 62
  hist[15] = 115
  hist[16] = 21
  hist[17] = 1
by_callsite (caller PC; symbolize with addr2line):
   0 caller=0x78b11f95c0d2 calls=6726 total_ms=9569.136 avg_us=1422.708 max_us=141865
   1 caller=0x78b11f96098c calls=5387 total_ms=2.175 avg_us=0.404 max_us=18
   2 caller=0x78b11f96089c calls=1994 total_ms=1.752 avg_us=0.879 max_us=17
   3 caller=0x78b11f960abd calls=1994 total_ms=0.800 avg_us=0.401 max_us=25
   4 caller=0x78b11f95f852 calls=399 total_ms=0.767 avg_us=1.922 max_us=15
direct_cudaStreamSynchronize: calls=7331 total_ms=35.848 max_us=2532
by_direct_callsite (file:line):
   0 /opt/llama.cpp/ggml/src/ggml-cuda/ggml-cuda.cu:839 calls=6978 total_ms=29.577 avg_us=4.239 max_us=354
   1 /opt/llama.cpp/ggml/src/ggml-cuda/ggml-cuda.cu:900 calls=12 total_ms=5.841 avg_us=486.750 max_us=2532
   2 /opt/llama.cpp/ggml/src/ggml-cuda/ggml-cuda.cu:2665 calls=191 total_ms=0.280 avg_us=1.466 max_us=28
   3 /opt/llama.cpp/ggml/src/ggml-cuda/ggml-cuda.cu:847 calls=150 total_ms=0.150 avg_us=1.000 max_us=3
=== END CUDA SYNC PROFILE ===
backend-sync-trace: count=16600 backend=CUDA0 caller=ggml_backend_sched_synchronize+0x62

=== CUDA SYNC PROFILE (instrumentation only) ===
total_syncs = 16600
total_wait_ms = 9607.645
max_wait_us = 141865
sites = 5
wait_hist_us = logarithmic buckets
  hist[0] = 15107
  hist[1] = 841
  hist[2] = 24
  hist[3] = 19
  hist[4] = 10
  hist[9] = 106
  hist[10] = 240
  hist[11] = 53
  hist[14] = 63
  hist[15] = 115
  hist[16] = 21
  hist[17] = 1
by_callsite (caller PC; symbolize with addr2line):
   0 caller=0x78b11f95c0d2 calls=6768 total_ms=9602.121 avg_us=1418.753 max_us=141865
   1 caller=0x78b11f96098c calls=5418 total_ms=2.186 avg_us=0.403 max_us=18
   2 caller=0x78b11f96089c calls=2006 total_ms=1.761 avg_us=0.878 max_us=17
   3 caller=0x78b11f960abd calls=2006 total_ms=0.804 avg_us=0.401 max_us=25
   4 caller=0x78b11f95f852 calls=402 total_ms=0.773 avg_us=1.923 max_us=15
direct_cudaStreamSynchronize: calls=7372 total_ms=36.041 max_us=2532
by_direct_callsite (file:line):
   0 /opt/llama.cpp/ggml/src/ggml-cuda/ggml-cuda.cu:839 calls=7019 total_ms=29.770 avg_us=4.241 max_us=354
   1 /opt/llama.cpp/ggml/src/ggml-cuda/ggml-cuda.cu:900 calls=12 total_ms=5.841 avg_us=486.750 max_us=2532
   2 /opt/llama.cpp/ggml/src/ggml-cuda/ggml-cuda.cu:2665 calls=191 total_ms=0.280 avg_us=1.466 max_us=28
   3 /opt/llama.cpp/ggml/src/ggml-cuda/ggml-cuda.cu:847 calls=150 total_ms=0.150 avg_us=1.000 max_us=3
=== END CUDA SYNC PROFILE ===

=== CUDA SYNC PROFILE (instrumentation only) ===
total_syncs = 16653
total_wait_ms = 9642.646
max_wait_us = 141865
sites = 5
wait_hist_us = logarithmic buckets
  hist[0] = 15155
  hist[1] = 843
  hist[2] = 25
  hist[3] = 19
  hist[4] = 10
  hist[9] = 106
  hist[10] = 241
  hist[11] = 53
  hist[14] = 63
  hist[15] = 116
  hist[16] = 21
  hist[17] = 1
by_callsite (caller PC; symbolize with addr2line):
   0 caller=0x78b11f95c0d2 calls=6783 total_ms=9637.102 avg_us=1420.773 max_us=141865
   1 caller=0x78b11f96098c calls=5439 total_ms=2.192 avg_us=0.403 max_us=18
   2 caller=0x78b11f96089c calls=2014 total_ms=1.766 avg_us=0.877 max_us=17
   3 caller=0x78b11f960abd calls=2014 total_ms=0.811 avg_us=0.403 max_us=25
   4 caller=0x78b11f95f852 calls=403 total_ms=0.775 avg_us=1.923 max_us=15
direct_cudaStreamSynchronize: calls=7400 total_ms=36.160 max_us=2532
by_direct_callsite (file:line):
   0 /opt/llama.cpp/ggml/src/ggml-cuda/ggml-cuda.cu:839 calls=7047 total_ms=29.889 avg_us=4.241 max_us=354
   1 /opt/llama.cpp/ggml/src/ggml-cuda/ggml-cuda.cu:900 calls=12 total_ms=5.841 avg_us=486.750 max_us=2532
   2 /opt/llama.cpp/ggml/src/ggml-cuda/ggml-cuda.cu:2665 calls=191 total_ms=0.280 avg_us=1.466 max_us=28
   3 /opt/llama.cpp/ggml/src/ggml-cuda/ggml-cuda.cu:847 calls=150 total_ms=0.150 avg_us=1.000 max_us=3
=== END CUDA SYNC PROFILE ===
backend-sync-trace: count=16700 backend=CUDA0 caller=ggml_backend_sched_graph_compute_async_ext+0xddc

=== CUDA SYNC PROFILE (instrumentation only) ===
total_syncs = 16700
total_wait_ms = 9644.752
max_wait_us = 141865
sites = 5
wait_hist_us = logarithmic buckets
  hist[0] = 15198
  hist[1] = 845
  hist[2] = 25
  hist[3] = 19
  hist[4] = 10
  hist[9] = 107
  hist[10] = 242
  hist[11] = 53
  hist[14] = 63
  hist[15] = 116
  hist[16] = 21
  hist[17] = 1
by_callsite (caller PC; symbolize with addr2line):
   0 caller=0x78b11f95c0d2 calls=6806 total_ms=9639.194 avg_us=1416.279 max_us=141865
   1 caller=0x78b11f96098c calls=5449 total_ms=2.194 avg_us=0.403 max_us=18
   2 caller=0x78b11f96089c calls=2021 total_ms=1.774 avg_us=0.878 max_us=17
   3 caller=0x78b11f960abd calls=2020 total_ms=0.813 avg_us=0.402 max_us=25
   4 caller=0x78b11f95f852 calls=404 total_ms=0.777 avg_us=1.923 max_us=15
direct_cudaStreamSynchronize: calls=7415 total_ms=36.211 max_us=2532
by_direct_callsite (file:line):
   0 /opt/llama.cpp/ggml/src/ggml-cuda/ggml-cuda.cu:839 calls=7062 total_ms=29.940 avg_us=4.240 max_us=354
   1 /opt/llama.cpp/ggml/src/ggml-cuda/ggml-cuda.cu:900 calls=12 total_ms=5.841 avg_us=486.750 max_us=2532
   2 /opt/llama.cpp/ggml/src/ggml-cuda/ggml-cuda.cu:2665 calls=191 total_ms=0.280 avg_us=1.466 max_us=28
   3 /opt/llama.cpp/ggml/src/ggml-cuda/ggml-cuda.cu:847 calls=150 total_ms=0.150 avg_us=1.000 max_us=3
=== END CUDA SYNC PROFILE ===
backend-sync-trace: count=16800 backend=CUDA0 caller=ggml_backend_sched_graph_compute_async_ext+0xecc

=== CUDA SYNC PROFILE (instrumentation only) ===
total_syncs = 16800
total_wait_ms = 9672.446
max_wait_us = 141865
sites = 5
wait_hist_us = logarithmic buckets
  hist[0] = 15289
  hist[1] = 849
  hist[2] = 27
  hist[3] = 19
  hist[4] = 10
  hist[9] = 109
  hist[10] = 242
  hist[11] = 53
  hist[14] = 64
  hist[15] = 116
  hist[16] = 21
  hist[17] = 1
by_callsite (caller PC; symbolize with addr2line):
   0 caller=0x78b11f95c0d2 calls=6843 total_ms=9666.844 avg_us=1412.662 max_us=141865
   1 caller=0x78b11f96098c calls=5487 total_ms=2.220 avg_us=0.405 max_us=18
   2 caller=0x78b11f96089c calls=2032 total_ms=1.784 avg_us=0.878 max_us=17
   3 caller=0x78b11f960abd calls=2032 total_ms=0.816 avg_us=0.402 max_us=25
   4 caller=0x78b11f95f852 calls=406 total_ms=0.782 avg_us=1.926 max_us=15
direct_cudaStreamSynchronize: calls=7461 total_ms=36.403 max_us=2532
by_direct_callsite (file:line):
   0 /opt/llama.cpp/ggml/src/ggml-cuda/ggml-cuda.cu:839 calls=7108 total_ms=30.132 avg_us=4.239 max_us=354
   1 /opt/llama.cpp/ggml/src/ggml-cuda/ggml-cuda.cu:900 calls=12 total_ms=5.841 avg_us=486.750 max_us=2532
   2 /opt/llama.cpp/ggml/src/ggml-cuda/ggml-cuda.cu:2665 calls=191 total_ms=0.280 avg_us=1.466 max_us=28
   3 /opt/llama.cpp/ggml/src/ggml-cuda/ggml-cuda.cu:847 calls=150 total_ms=0.150 avg_us=1.000 max_us=3
=== END CUDA SYNC PROFILE ===

=== CUDA SYNC PROFILE (instrumentation only) ===
total_syncs = 16877
total_wait_ms = 9704.629
max_wait_us = 141865
sites = 5
wait_hist_us = logarithmic buckets
  hist[0] = 15359
  hist[1] = 853
  hist[2] = 27
  hist[3] = 19
  hist[4] = 10
  hist[9] = 109
  hist[10] = 244
  hist[11] = 53
  hist[14] = 65
  hist[15] = 116
  hist[16] = 21
  hist[17] = 1
by_callsite (caller PC; symbolize with addr2line):
   0 caller=0x78b11f95c0d2 calls=6868 total_ms=9698.996 avg_us=1412.201 max_us=141865
   1 caller=0x78b11f96098c calls=5517 total_ms=2.232 avg_us=0.405 max_us=18
   2 caller=0x78b11f96089c calls=2042 total_ms=1.793 avg_us=0.878 max_us=17
   3 caller=0x78b11f960abd calls=2042 total_ms=0.821 avg_us=0.402 max_us=25
   4 caller=0x78b11f95f852 calls=408 total_ms=0.787 avg_us=1.929 max_us=15
direct_cudaStreamSynchronize: calls=7500 total_ms=36.554 max_us=2532
by_direct_callsite (file:line):
   0 /opt/llama.cpp/ggml/src/ggml-cuda/ggml-cuda.cu:839 calls=7147 total_ms=30.283 avg_us=4.237 max_us=354
   1 /opt/llama.cpp/ggml/src/ggml-cuda/ggml-cuda.cu:900 calls=12 total_ms=5.841 avg_us=486.750 max_us=2532
   2 /opt/llama.cpp/ggml/src/ggml-cuda/ggml-cuda.cu:2665 calls=191 total_ms=0.280 avg_us=1.466 max_us=28
   3 /opt/llama.cpp/ggml/src/ggml-cuda/ggml-cuda.cu:847 calls=150 total_ms=0.150 avg_us=1.000 max_us=3
=== END CUDA SYNC PROFILE ===
backend-sync-trace: count=16900 backend=CUDA0 caller=ggml_backend_sched_synchronize+0x62

=== CUDA SYNC PROFILE (instrumentation only) ===
total_syncs = 16900
total_wait_ms = 9729.899
max_wait_us = 141865
sites = 5
wait_hist_us = logarithmic buckets
  hist[0] = 15378
  hist[1] = 856
  hist[2] = 27
  hist[3] = 19
  hist[4] = 10
  hist[9] = 109
  hist[10] = 244
  hist[11] = 53
  hist[14] = 66
  hist[15] = 116
  hist[16] = 21
  hist[17] = 1
by_callsite (caller PC; symbolize with addr2line):
   0 caller=0x78b11f95c0d2 calls=6881 total_ms=9724.258 avg_us=1413.204 max_us=141865
   1 caller=0x78b11f96098c calls=5522 total_ms=2.235 avg_us=0.405 max_us=18
   2 caller=0x78b11f96089c calls=2044 total_ms=1.794 avg_us=0.878 max_us=17
   3 caller=0x78b11f960abd calls=2044 total_ms=0.823 avg_us=0.403 max_us=25
   4 caller=0x78b11f95f852 calls=409 total_ms=0.789 avg_us=1.929 max_us=15
direct_cudaStreamSynchronize: calls=7506 total_ms=36.580 max_us=2532
by_direct_callsite (file:line):
   0 /opt/llama.cpp/ggml/src/ggml-cuda/ggml-cuda.cu:839 calls=7153 total_ms=30.309 avg_us=4.237 max_us=354
   1 /opt/llama.cpp/ggml/src/ggml-cuda/ggml-cuda.cu:900 calls=12 total_ms=5.841 avg_us=486.750 max_us=2532
   2 /opt/llama.cpp/ggml/src/ggml-cuda/ggml-cuda.cu:2665 calls=191 total_ms=0.280 avg_us=1.466 max_us=28
   3 /opt/llama.cpp/ggml/src/ggml-cuda/ggml-cuda.cu:847 calls=150 total_ms=0.150 avg_us=1.000 max_us=3
=== END CUDA SYNC PROFILE ===
backend-sync-trace: count=17000 backend=CUDA0 caller=ggml_backend_sched_graph_compute_async_ext+0xecc

=== CUDA SYNC PROFILE (instrumentation only) ===
total_syncs = 17000
total_wait_ms = 9758.366
max_wait_us = 141865
sites = 5
wait_hist_us = logarithmic buckets
  hist[0] = 15469
  hist[1] = 861
  hist[2] = 27
  hist[3] = 19
  hist[4] = 10
  hist[9] = 111
  hist[10] = 245
  hist[11] = 53
  hist[14] = 67
  hist[15] = 116
  hist[16] = 21
  hist[17] = 1
by_callsite (caller PC; symbolize with addr2line):
   0 caller=0x78b11f95c0d2 calls=6917 total_ms=9752.693 avg_us=1409.960 max_us=141865
   1 caller=0x78b11f96098c calls=5555 total_ms=2.250 avg_us=0.405 max_us=18
   2 caller=0x78b11f96089c calls=2058 total_ms=1.803 avg_us=0.876 max_us=17
   3 caller=0x78b11f960abd calls=2058 total_ms=0.826 avg_us=0.401 max_us=25
   4 caller=0x78b11f95f852 calls=412 total_ms=0.794 avg_us=1.927 max_us=15
direct_cudaStreamSynchronize: calls=7550 total_ms=36.753 max_us=2532
by_direct_callsite (file:line):
   0 /opt/llama.cpp/ggml/src/ggml-cuda/ggml-cuda.cu:839 calls=7197 total_ms=30.482 avg_us=4.235 max_us=354
   1 /opt/llama.cpp/ggml/src/ggml-cuda/ggml-cuda.cu:900 calls=12 total_ms=5.841 avg_us=486.750 max_us=2532
   2 /opt/llama.cpp/ggml/src/ggml-cuda/ggml-cuda.cu:2665 calls=191 total_ms=0.280 avg_us=1.466 max_us=28
   3 /opt/llama.cpp/ggml/src/ggml-cuda/ggml-cuda.cu:847 calls=150 total_ms=0.150 avg_us=1.000 max_us=3
=== END CUDA SYNC PROFILE ===
backend-sync-trace: count=17100 backend=CUDA0 caller=ggml_backend_sched_graph_compute_async_ext+0xecc

=== CUDA SYNC PROFILE (instrumentation only) ===
total_syncs = 17100
total_wait_ms = 9787.627
max_wait_us = 141865
sites = 5
wait_hist_us = logarithmic buckets
  hist[0] = 15561
  hist[1] = 865
  hist[2] = 27
  hist[3] = 19
  hist[4] = 10
  hist[9] = 112
  hist[10] = 247
  hist[11] = 53
  hist[14] = 68
  hist[15] = 116
  hist[16] = 21
  hist[17] = 1
by_callsite (caller PC; symbolize with addr2line):
   0 caller=0x78b11f95c0d2 calls=6955 total_ms=9781.924 avg_us=1406.459 max_us=141865
   1 caller=0x78b11f96098c calls=5587 total_ms=2.262 avg_us=0.405 max_us=18
   2 caller=0x78b11f96089c calls=2072 total_ms=1.816 avg_us=0.876 max_us=17
   3 caller=0x78b11f960abd calls=2072 total_ms=0.827 avg_us=0.399 max_us=25
   4 caller=0x78b11f95f852 calls=414 total_ms=0.798 avg_us=1.928 max_us=15
direct_cudaStreamSynchronize: calls=7593 total_ms=36.918 max_us=2532
by_direct_callsite (file:line):
   0 /opt/llama.cpp/ggml/src/ggml-cuda/ggml-cuda.cu:839 calls=7240 total_ms=30.647 avg_us=4.233 max_us=354
   1 /opt/llama.cpp/ggml/src/ggml-cuda/ggml-cuda.cu:900 calls=12 total_ms=5.841 avg_us=486.750 max_us=2532
   2 /opt/llama.cpp/ggml/src/ggml-cuda/ggml-cuda.cu:2665 calls=191 total_ms=0.280 avg_us=1.466 max_us=28
   3 /opt/llama.cpp/ggml/src/ggml-cuda/ggml-cuda.cu:847 calls=150 total_ms=0.150 avg_us=1.000 max_us=3
=== END CUDA SYNC PROFILE ===

=== CUDA SYNC PROFILE (instrumentation only) ===
total_syncs = 17106
total_wait_ms = 9787.629
max_wait_us = 141865
sites = 5
wait_hist_us = logarithmic buckets
  hist[0] = 15567
  hist[1] = 865
  hist[2] = 27
  hist[3] = 19
  hist[4] = 10
  hist[9] = 112
  hist[10] = 247
  hist[11] = 53
  hist[14] = 68
  hist[15] = 116
  hist[16] = 21
  hist[17] = 1
by_callsite (caller PC; symbolize with addr2line):
   0 caller=0x78b11f95c0d2 calls=6955 total_ms=9781.924 avg_us=1406.459 max_us=141865
   1 caller=0x78b11f96098c calls=5593 total_ms=2.264 avg_us=0.405 max_us=18
   2 caller=0x78b11f96089c calls=2072 total_ms=1.816 avg_us=0.876 max_us=17
   3 caller=0x78b11f960abd calls=2072 total_ms=0.827 avg_us=0.399 max_us=25
   4 caller=0x78b11f95f852 calls=414 total_ms=0.798 avg_us=1.928 max_us=15
direct_cudaStreamSynchronize: calls=7600 total_ms=36.957 max_us=2532
by_direct_callsite (file:line):
   0 /opt/llama.cpp/ggml/src/ggml-cuda/ggml-cuda.cu:839 calls=7247 total_ms=30.686 avg_us=4.234 max_us=354
   1 /opt/llama.cpp/ggml/src/ggml-cuda/ggml-cuda.cu:900 calls=12 total_ms=5.841 avg_us=486.750 max_us=2532
   2 /opt/llama.cpp/ggml/src/ggml-cuda/ggml-cuda.cu:2665 calls=191 total_ms=0.280 avg_us=1.466 max_us=28
   3 /opt/llama.cpp/ggml/src/ggml-cuda/ggml-cuda.cu:847 calls=150 total_ms=0.150 avg_us=1.000 max_us=3
=== END CUDA SYNC PROFILE ===
backend-sync-trace: count=17200 backend=CUDA0 caller=ggml_backend_sched_synchronize+0x62

=== CUDA SYNC PROFILE (instrumentation only) ===
total_syncs = 17200
total_wait_ms = 9850.947
max_wait_us = 141865
sites = 5
wait_hist_us = logarithmic buckets
  hist[0] = 15653
  hist[1] = 869
  hist[2] = 27
  hist[3] = 19
  hist[4] = 10
  hist[9] = 114
  hist[10] = 247
  hist[11] = 53
  hist[14] = 70
  hist[15] = 116
  hist[16] = 21
  hist[17] = 1
by_callsite (caller PC; symbolize with addr2line):
   0 caller=0x78b11f95c0d2 calls=6985 total_ms=9845.213 avg_us=1409.479 max_us=141865
   1 caller=0x78b11f96098c calls=5630 total_ms=2.276 avg_us=0.404 max_us=18
   2 caller=0x78b11f96089c calls=2084 total_ms=1.823 avg_us=0.875 max_us=17
   3 caller=0x78b11f960abd calls=2084 total_ms=0.831 avg_us=0.399 max_us=25
   4 caller=0x78b11f95f852 calls=417 total_ms=0.804 avg_us=1.928 max_us=15
direct_cudaStreamSynchronize: calls=7646 total_ms=37.147 max_us=2532
by_direct_callsite (file:line):
   0 /opt/llama.cpp/ggml/src/ggml-cuda/ggml-cuda.cu:839 calls=7293 total_ms=30.876 avg_us=4.234 max_us=354
   1 /opt/llama.cpp/ggml/src/ggml-cuda/ggml-cuda.cu:900 calls=12 total_ms=5.841 avg_us=486.750 max_us=2532
   2 /opt/llama.cpp/ggml/src/ggml-cuda/ggml-cuda.cu:2665 calls=191 total_ms=0.280 avg_us=1.466 max_us=28
   3 /opt/llama.cpp/ggml/src/ggml-cuda/ggml-cuda.cu:847 calls=150 total_ms=0.150 avg_us=1.000 max_us=3
=== END CUDA SYNC PROFILE ===
backend-sync-trace: count=17300 backend=CUDA0 caller=ggml_backend_sched_synchronize+0x62

=== CUDA SYNC PROFILE (instrumentation only) ===
total_syncs = 17300
total_wait_ms = 9890.424
max_wait_us = 141865
sites = 5
wait_hist_us = logarithmic buckets
  hist[0] = 15746
  hist[1] = 873
  hist[2] = 27
  hist[3] = 19
  hist[4] = 10
  hist[9] = 116
  hist[10] = 247
  hist[11] = 53
  hist[14] = 70
  hist[15] = 117
  hist[16] = 21
  hist[17] = 1
by_callsite (caller PC; symbolize with addr2line):
   0 caller=0x78b11f95c0d2 calls=7036 total_ms=9884.661 avg_us=1404.869 max_us=141865
   1 caller=0x78b11f96098c calls=5657 total_ms=2.289 avg_us=0.405 max_us=18
   2 caller=0x78b11f96089c calls=2094 total_ms=1.833 avg_us=0.875 max_us=17
   3 caller=0x78b11f960abd calls=2094 total_ms=0.833 avg_us=0.398 max_us=25
   4 caller=0x78b11f95f852 calls=419 total_ms=0.808 avg_us=1.928 max_us=15
direct_cudaStreamSynchronize: calls=7681 total_ms=37.287 max_us=2532
by_direct_callsite (file:line):
   0 /opt/llama.cpp/ggml/src/ggml-cuda/ggml-cuda.cu:839 calls=7328 total_ms=31.016 avg_us=4.233 max_us=354
   1 /opt/llama.cpp/ggml/src/ggml-cuda/ggml-cuda.cu:900 calls=12 total_ms=5.841 avg_us=486.750 max_us=2532
   2 /opt/llama.cpp/ggml/src/ggml-cuda/ggml-cuda.cu:2665 calls=191 total_ms=0.280 avg_us=1.466 max_us=28
   3 /opt/llama.cpp/ggml/src/ggml-cuda/ggml-cuda.cu:847 calls=150 total_ms=0.150 avg_us=1.000 max_us=3
=== END CUDA SYNC PROFILE ===

=== CUDA SYNC PROFILE (instrumentation only) ===
total_syncs = 17347
total_wait_ms = 9892.235
max_wait_us = 141865
sites = 5
wait_hist_us = logarithmic buckets
  hist[0] = 15789
  hist[1] = 875
  hist[2] = 27
  hist[3] = 19
  hist[4] = 10
  hist[9] = 118
  hist[10] = 247
  hist[11] = 53
  hist[14] = 70
  hist[15] = 117
  hist[16] = 21
  hist[17] = 1
by_callsite (caller PC; symbolize with addr2line):
   0 caller=0x78b11f95c0d2 calls=7054 total_ms=9886.457 avg_us=1401.539 max_us=141865
   1 caller=0x78b11f96098c calls=5669 total_ms=2.293 avg_us=0.404 max_us=18
   2 caller=0x78b11f96089c calls=2102 total_ms=1.840 avg_us=0.875 max_us=17
   3 caller=0x78b11f960abd calls=2102 total_ms=0.835 avg_us=0.397 max_us=25
   4 caller=0x78b11f95f852 calls=420 total_ms=0.810 avg_us=1.929 max_us=15
direct_cudaStreamSynchronize: calls=7700 total_ms=37.372 max_us=2532
by_direct_callsite (file:line):
   0 /opt/llama.cpp/ggml/src/ggml-cuda/ggml-cuda.cu:839 calls=7347 total_ms=31.101 avg_us=4.233 max_us=354
   1 /opt/llama.cpp/ggml/src/ggml-cuda/ggml-cuda.cu:900 calls=12 total_ms=5.841 avg_us=486.750 max_us=2532
   2 /opt/llama.cpp/ggml/src/ggml-cuda/ggml-cuda.cu:2665 calls=191 total_ms=0.280 avg_us=1.466 max_us=28
   3 /opt/llama.cpp/ggml/src/ggml-cuda/ggml-cuda.cu:847 calls=150 total_ms=0.150 avg_us=1.000 max_us=3
=== END CUDA SYNC PROFILE ===
backend-sync-trace: count=17400 backend=CUDA0 caller=ggml_backend_sched_synchronize+0x62

=== CUDA SYNC PROFILE (instrumentation only) ===
total_syncs = 17400
total_wait_ms = 9922.199
max_wait_us = 141865
sites = 5
wait_hist_us = logarithmic buckets
  hist[0] = 15836
  hist[1] = 879
  hist[2] = 27
  hist[3] = 19
  hist[4] = 10
  hist[9] = 118
  hist[10] = 248
  hist[11] = 53
  hist[14] = 71
  hist[15] = 117
  hist[16] = 21
  hist[17] = 1
by_callsite (caller PC; symbolize with addr2line):
   0 caller=0x78b11f95c0d2 calls=7078 total_ms=9916.406 avg_us=1401.018 max_us=141865
   1 caller=0x78b11f96098c calls=5688 total_ms=2.299 avg_us=0.404 max_us=18
   2 caller=0x78b11f96089c calls=2106 total_ms=1.843 avg_us=0.875 max_us=17
   3 caller=0x78b11f960abd calls=2106 total_ms=0.837 avg_us=0.397 max_us=25
   4 caller=0x78b11f95f852 calls=422 total_ms=0.814 avg_us=1.929 max_us=15
direct_cudaStreamSynchronize: calls=7722 total_ms=37.452 max_us=2532
by_direct_callsite (file:line):
   0 /opt/llama.cpp/ggml/src/ggml-cuda/ggml-cuda.cu:839 calls=7369 total_ms=31.181 avg_us=4.231 max_us=354
   1 /opt/llama.cpp/ggml/src/ggml-cuda/ggml-cuda.cu:900 calls=12 total_ms=5.841 avg_us=486.750 max_us=2532
   2 /opt/llama.cpp/ggml/src/ggml-cuda/ggml-cuda.cu:2665 calls=191 total_ms=0.280 avg_us=1.466 max_us=28
   3 /opt/llama.cpp/ggml/src/ggml-cuda/ggml-cuda.cu:847 calls=150 total_ms=0.150 avg_us=1.000 max_us=3
=== END CUDA SYNC PROFILE ===
backend-sync-trace: count=17500 backend=CUDA0 caller=ggml_backend_sched_graph_compute_async_ext+0xecc

=== CUDA SYNC PROFILE (instrumentation only) ===
total_syncs = 17500
total_wait_ms = 9953.114
max_wait_us = 141865
sites = 5
wait_hist_us = logarithmic buckets
  hist[0] = 15927
  hist[1] = 884
  hist[2] = 27
  hist[3] = 19
  hist[4] = 10
  hist[9] = 120
  hist[10] = 249
  hist[11] = 53
  hist[14] = 72
  hist[15] = 117
  hist[16] = 21
  hist[17] = 1
by_callsite (caller PC; symbolize with addr2line):
   0 caller=0x78b11f95c0d2 calls=7110 total_ms=9947.285 avg_us=1399.056 max_us=141865
   1 caller=0x78b11f96098c calls=5722 total_ms=2.314 avg_us=0.404 max_us=18
   2 caller=0x78b11f96089c calls=2122 total_ms=1.857 avg_us=0.875 max_us=17
   3 caller=0x78b11f960abd calls=2122 total_ms=0.841 avg_us=0.396 max_us=25
   4 caller=0x78b11f95f852 calls=424 total_ms=0.817 avg_us=1.927 max_us=15
direct_cudaStreamSynchronize: calls=7768 total_ms=37.631 max_us=2532
by_direct_callsite (file:line):
   0 /opt/llama.cpp/ggml/src/ggml-cuda/ggml-cuda.cu:839 calls=7415 total_ms=31.360 avg_us=4.229 max_us=354
   1 /opt/llama.cpp/ggml/src/ggml-cuda/ggml-cuda.cu:900 calls=12 total_ms=5.841 avg_us=486.750 max_us=2532
   2 /opt/llama.cpp/ggml/src/ggml-cuda/ggml-cuda.cu:2665 calls=191 total_ms=0.280 avg_us=1.466 max_us=28
   3 /opt/llama.cpp/ggml/src/ggml-cuda/ggml-cuda.cu:847 calls=150 total_ms=0.150 avg_us=1.000 max_us=3
=== END CUDA SYNC PROFILE ===

=== CUDA SYNC PROFILE (instrumentation only) ===
total_syncs = 17573
total_wait_ms = 9993.418
max_wait_us = 141865
sites = 5
wait_hist_us = logarithmic buckets
  hist[0] = 15992
  hist[1] = 889
  hist[2] = 27
  hist[3] = 19
  hist[4] = 10
  hist[9] = 121
  hist[10] = 250
  hist[11] = 53
  hist[14] = 72
  hist[15] = 118
  hist[16] = 21
  hist[17] = 1
by_callsite (caller PC; symbolize with addr2line):
   0 caller=0x78b11f95c0d2 calls=7141 total_ms=9987.566 avg_us=1398.623 max_us=141865
   1 caller=0x78b11f96098c calls=5746 total_ms=2.322 avg_us=0.404 max_us=18
   2 caller=0x78b11f96089c calls=2130 total_ms=1.865 avg_us=0.876 max_us=17
   3 caller=0x78b11f960abd calls=2130 total_ms=0.844 avg_us=0.396 max_us=25
   4 caller=0x78b11f95f852 calls=426 total_ms=0.821 avg_us=1.927 max_us=15
direct_cudaStreamSynchronize: calls=7800 total_ms=37.762 max_us=2532
by_direct_callsite (file:line):
   0 /opt/llama.cpp/ggml/src/ggml-cuda/ggml-cuda.cu:839 calls=7447 total_ms=31.491 avg_us=4.229 max_us=354
   1 /opt/llama.cpp/ggml/src/ggml-cuda/ggml-cuda.cu:900 calls=12 total_ms=5.841 avg_us=486.750 max_us=2532
   2 /opt/llama.cpp/ggml/src/ggml-cuda/ggml-cuda.cu:2665 calls=191 total_ms=0.280 avg_us=1.466 max_us=28
   3 /opt/llama.cpp/ggml/src/ggml-cuda/ggml-cuda.cu:847 calls=150 total_ms=0.150 avg_us=1.000 max_us=3
=== END CUDA SYNC PROFILE ===
backend-sync-trace: count=17600 backend=CUDA0 caller=ggml_backend_sched_graph_compute_async_ext+0xecc

=== CUDA SYNC PROFILE (instrumentation only) ===
total_syncs = 17600
total_wait_ms = 10018.340
max_wait_us = 141865
sites = 5
wait_hist_us = logarithmic buckets
  hist[0] = 16017
  hist[1] = 890
  hist[2] = 27
  hist[3] = 19
  hist[4] = 10
  hist[9] = 121
  hist[10] = 250
  hist[11] = 53
  hist[14] = 73
  hist[15] = 118
  hist[16] = 21
  hist[17] = 1
by_callsite (caller PC; symbolize with addr2line):
   0 caller=0x78b11f95c0d2 calls=7143 total_ms=10012.481 avg_us=1401.719 max_us=141865
   1 caller=0x78b11f96098c calls=5762 total_ms=2.327 avg_us=0.404 max_us=18
   2 caller=0x78b11f96089c calls=2134 total_ms=1.866 avg_us=0.874 max_us=17
   3 caller=0x78b11f960abd calls=2134 total_ms=0.844 avg_us=0.396 max_us=25
   4 caller=0x78b11f95f852 calls=427 total_ms=0.822 avg_us=1.925 max_us=15
direct_cudaStreamSynchronize: calls=7818 total_ms=37.847 max_us=2532
by_direct_callsite (file:line):
   0 /opt/llama.cpp/ggml/src/ggml-cuda/ggml-cuda.cu:839 calls=7465 total_ms=31.576 avg_us=4.230 max_us=354
   1 /opt/llama.cpp/ggml/src/ggml-cuda/ggml-cuda.cu:900 calls=12 total_ms=5.841 avg_us=486.750 max_us=2532
   2 /opt/llama.cpp/ggml/src/ggml-cuda/ggml-cuda.cu:2665 calls=191 total_ms=0.280 avg_us=1.466 max_us=28
   3 /opt/llama.cpp/ggml/src/ggml-cuda/ggml-cuda.cu:847 calls=150 total_ms=0.150 avg_us=1.000 max_us=3
=== END CUDA SYNC PROFILE ===
backend-sync-trace: count=17700 backend=CUDA0 caller=ggml_backend_sched_synchronize+0x62

=== CUDA SYNC PROFILE (instrumentation only) ===
total_syncs = 17700
total_wait_ms = 10045.255
max_wait_us = 141865
sites = 5
wait_hist_us = logarithmic buckets
  hist[0] = 16109
  hist[1] = 894
  hist[2] = 27
  hist[3] = 19
  hist[4] = 11
  hist[9] = 122
  hist[10] = 251
  hist[11] = 53
  hist[14] = 74
  hist[15] = 118
  hist[16] = 21
  hist[17] = 1
by_callsite (caller PC; symbolize with addr2line):
   0 caller=0x78b11f95c0d2 calls=7191 total_ms=10039.348 avg_us=1396.099 max_us=141865
   1 caller=0x78b11f96098c calls=5792 total_ms=2.361 avg_us=0.408 max_us=26
   2 caller=0x78b11f96089c calls=2144 total_ms=1.874 avg_us=0.874 max_us=17
   3 caller=0x78b11f960abd calls=2144 total_ms=0.846 avg_us=0.395 max_us=25
   4 caller=0x78b11f95f852 calls=429 total_ms=0.826 avg_us=1.925 max_us=15
direct_cudaStreamSynchronize: calls=7856 total_ms=37.998 max_us=2532
by_direct_callsite (file:line):
   0 /opt/llama.cpp/ggml/src/ggml-cuda/ggml-cuda.cu:839 calls=7503 total_ms=31.727 avg_us=4.229 max_us=354
   1 /opt/llama.cpp/ggml/src/ggml-cuda/ggml-cuda.cu:900 calls=12 total_ms=5.841 avg_us=486.750 max_us=2532
   2 /opt/llama.cpp/ggml/src/ggml-cuda/ggml-cuda.cu:2665 calls=191 total_ms=0.280 avg_us=1.466 max_us=28
   3 /opt/llama.cpp/ggml/src/ggml-cuda/ggml-cuda.cu:847 calls=150 total_ms=0.150 avg_us=1.000 max_us=3
=== END CUDA SYNC PROFILE ===
backend-sync-trace: count=17800 backend=CUDA0 caller=ggml_backend_sched_graph_compute_async_ext+0xddc

=== CUDA SYNC PROFILE (instrumentation only) ===
total_syncs = 17800
total_wait_ms = 10087.533
max_wait_us = 141865
sites = 5
wait_hist_us = logarithmic buckets
  hist[0] = 16202
  hist[1] = 898
  hist[2] = 27
  hist[3] = 19
  hist[4] = 11
  hist[9] = 122
  hist[10] = 253
  hist[11] = 53
  hist[14] = 74
  hist[15] = 119
  hist[16] = 21
  hist[17] = 1
by_callsite (caller PC; symbolize with addr2line):
   0 caller=0x78b11f95c0d2 calls=7238 total_ms=10081.604 avg_us=1392.872 max_us=141865
   1 caller=0x78b11f96098c calls=5819 total_ms=2.367 avg_us=0.407 max_us=26
   2 caller=0x78b11f96089c calls=2156 total_ms=1.881 avg_us=0.872 max_us=17
   3 caller=0x78b11f960abd calls=2155 total_ms=0.850 avg_us=0.394 max_us=25
   4 caller=0x78b11f95f852 calls=432 total_ms=0.831 avg_us=1.924 max_us=15
direct_cudaStreamSynchronize: calls=7892 total_ms=38.147 max_us=2532
by_direct_callsite (file:line):
   0 /opt/llama.cpp/ggml/src/ggml-cuda/ggml-cuda.cu:839 calls=7539 total_ms=31.876 avg_us=4.228 max_us=354
   1 /opt/llama.cpp/ggml/src/ggml-cuda/ggml-cuda.cu:900 calls=12 total_ms=5.841 avg_us=486.750 max_us=2532
   2 /opt/llama.cpp/ggml/src/ggml-cuda/ggml-cuda.cu:2665 calls=191 total_ms=0.280 avg_us=1.466 max_us=28
   3 /opt/llama.cpp/ggml/src/ggml-cuda/ggml-cuda.cu:847 calls=150 total_ms=0.150 avg_us=1.000 max_us=3
=== END CUDA SYNC PROFILE ===

=== CUDA SYNC PROFILE (instrumentation only) ===
total_syncs = 17817
total_wait_ms = 10088.443
max_wait_us = 141865
sites = 5
wait_hist_us = logarithmic buckets
  hist[0] = 16217
  hist[1] = 898
  hist[2] = 27
  hist[3] = 19
  hist[4] = 12
  hist[9] = 123
  hist[10] = 253
  hist[11] = 53
  hist[14] = 74
  hist[15] = 119
  hist[16] = 21
  hist[17] = 1
by_callsite (caller PC; symbolize with addr2line):
   0 caller=0x78b11f95c0d2 calls=7245 total_ms=10082.492 avg_us=1391.648 max_us=141865
   1 caller=0x78b11f96098c calls=5824 total_ms=2.369 avg_us=0.407 max_us=26
   2 caller=0x78b11f96089c calls=2158 total_ms=1.900 avg_us=0.880 max_us=18
   3 caller=0x78b11f960abd calls=2158 total_ms=0.851 avg_us=0.394 max_us=25
   4 caller=0x78b11f95f852 calls=432 total_ms=0.831 avg_us=1.924 max_us=15
direct_cudaStreamSynchronize: calls=7900 total_ms=38.175 max_us=2532
by_direct_callsite (file:line):
   0 /opt/llama.cpp/ggml/src/ggml-cuda/ggml-cuda.cu:839 calls=7547 total_ms=31.904 avg_us=4.227 max_us=354
   1 /opt/llama.cpp/ggml/src/ggml-cuda/ggml-cuda.cu:900 calls=12 total_ms=5.841 avg_us=486.750 max_us=2532
   2 /opt/llama.cpp/ggml/src/ggml-cuda/ggml-cuda.cu:2665 calls=191 total_ms=0.280 avg_us=1.466 max_us=28
   3 /opt/llama.cpp/ggml/src/ggml-cuda/ggml-cuda.cu:847 calls=150 total_ms=0.150 avg_us=1.000 max_us=3
=== END CUDA SYNC PROFILE ===
backend-sync-trace: count=17900 backend=CUDA0 caller=ggml_backend_sched_graph_compute_async_ext+0xecc

=== CUDA SYNC PROFILE (instrumentation only) ===
total_syncs = 17900
total_wait_ms = 10116.743
max_wait_us = 141865
sites = 5
wait_hist_us = logarithmic buckets
  hist[0] = 16293
  hist[1] = 902
  hist[2] = 27
  hist[3] = 19
  hist[4] = 12
  hist[9] = 124
  hist[10] = 253
  hist[11] = 54
  hist[14] = 75
  hist[15] = 119
  hist[16] = 21
  hist[17] = 1
by_callsite (caller PC; symbolize with addr2line):
   0 caller=0x78b11f95c0d2 calls=7276 total_ms=10110.762 avg_us=1389.604 max_us=141865
   1 caller=0x78b11f96098c calls=5854 total_ms=2.380 avg_us=0.407 max_us=26
   2 caller=0x78b11f96089c calls=2168 total_ms=1.909 avg_us=0.881 max_us=18
   3 caller=0x78b11f960abd calls=2168 total_ms=0.857 avg_us=0.395 max_us=25
   4 caller=0x78b11f95f852 calls=434 total_ms=0.835 avg_us=1.924 max_us=15
direct_cudaStreamSynchronize: calls=7937 total_ms=38.321 max_us=2532
by_direct_callsite (file:line):
   0 /opt/llama.cpp/ggml/src/ggml-cuda/ggml-cuda.cu:839 calls=7584 total_ms=32.050 avg_us=4.226 max_us=354
   1 /opt/llama.cpp/ggml/src/ggml-cuda/ggml-cuda.cu:900 calls=12 total_ms=5.841 avg_us=486.750 max_us=2532
   2 /opt/llama.cpp/ggml/src/ggml-cuda/ggml-cuda.cu:2665 calls=191 total_ms=0.280 avg_us=1.466 max_us=28
   3 /opt/llama.cpp/ggml/src/ggml-cuda/ggml-cuda.cu:847 calls=150 total_ms=0.150 avg_us=1.000 max_us=3
=== END CUDA SYNC PROFILE ===
backend-sync-trace: count=18000 backend=CUDA0 caller=ggml_backend_sched_graph_compute_async_ext+0xecc

=== CUDA SYNC PROFILE (instrumentation only) ===
total_syncs = 18000
total_wait_ms = 10160.447
max_wait_us = 141865
sites = 5
wait_hist_us = logarithmic buckets
  hist[0] = 16384
  hist[1] = 907
  hist[2] = 27
  hist[3] = 19
  hist[4] = 12
  hist[9] = 125
  hist[10] = 255
  hist[11] = 54
  hist[14] = 75
  hist[15] = 120
  hist[16] = 21
  hist[17] = 1
by_callsite (caller PC; symbolize with addr2line):
   0 caller=0x78b11f95c0d2 calls=7308 total_ms=10154.436 avg_us=1389.496 max_us=141865
   1 caller=0x78b11f96098c calls=5892 total_ms=2.392 avg_us=0.406 max_us=26
   2 caller=0x78b11f96089c calls=2182 total_ms=1.920 avg_us=0.880 max_us=18
   3 caller=0x78b11f960abd calls=2182 total_ms=0.860 avg_us=0.394 max_us=25
   4 caller=0x78b11f95f852 calls=436 total_ms=0.839 avg_us=1.924 max_us=15
direct_cudaStreamSynchronize: calls=7986 total_ms=38.526 max_us=2532
by_direct_callsite (file:line):
   0 /opt/llama.cpp/ggml/src/ggml-cuda/ggml-cuda.cu:839 calls=7633 total_ms=32.255 avg_us=4.226 max_us=354
   1 /opt/llama.cpp/ggml/src/ggml-cuda/ggml-cuda.cu:900 calls=12 total_ms=5.841 avg_us=486.750 max_us=2532
   2 /opt/llama.cpp/ggml/src/ggml-cuda/ggml-cuda.cu:2665 calls=191 total_ms=0.280 avg_us=1.466 max_us=28
   3 /opt/llama.cpp/ggml/src/ggml-cuda/ggml-cuda.cu:847 calls=150 total_ms=0.150 avg_us=1.000 max_us=3
=== END CUDA SYNC PROFILE ===

=== CUDA SYNC PROFILE (instrumentation only) ===
total_syncs = 18031
total_wait_ms = 10182.840
max_wait_us = 141865
sites = 5
wait_hist_us = logarithmic buckets
  hist[0] = 16411
  hist[1] = 910
  hist[2] = 27
  hist[3] = 19
  hist[4] = 12
  hist[9] = 125
  hist[10] = 255
  hist[11] = 54
  hist[14] = 76
  hist[15] = 120
  hist[16] = 21
  hist[17] = 1
by_callsite (caller PC; symbolize with addr2line):
   0 caller=0x78b11f95c0d2 calls=7319 total_ms=10176.815 avg_us=1390.465 max_us=141865
   1 caller=0x78b11f96098c calls=5902 total_ms=2.396 avg_us=0.406 max_us=26
   2 caller=0x78b11f96089c calls=2186 total_ms=1.923 avg_us=0.880 max_us=18
   3 caller=0x78b11f960abd calls=2186 total_ms=0.863 avg_us=0.395 max_us=25
   4 caller=0x78b11f95f852 calls=438 total_ms=0.843 avg_us=1.925 max_us=15
direct_cudaStreamSynchronize: calls=8000 total_ms=38.577 max_us=2532
by_direct_callsite (file:line):
   0 /opt/llama.cpp/ggml/src/ggml-cuda/ggml-cuda.cu:839 calls=7647 total_ms=32.306 avg_us=4.225 max_us=354
   1 /opt/llama.cpp/ggml/src/ggml-cuda/ggml-cuda.cu:900 calls=12 total_ms=5.841 avg_us=486.750 max_us=2532
   2 /opt/llama.cpp/ggml/src/ggml-cuda/ggml-cuda.cu:2665 calls=191 total_ms=0.280 avg_us=1.466 max_us=28
   3 /opt/llama.cpp/ggml/src/ggml-cuda/ggml-cuda.cu:847 calls=150 total_ms=0.150 avg_us=1.000 max_us=3
=== END CUDA SYNC PROFILE ===
backend-sync-trace: count=18100 backend=CUDA0 caller=ggml_backend_sched_synchronize+0x62

=== CUDA SYNC PROFILE (instrumentation only) ===
total_syncs = 18100
total_wait_ms = 10227.292
max_wait_us = 141865
sites = 5
wait_hist_us = logarithmic buckets
  hist[0] = 16475
  hist[1] = 912
  hist[2] = 27
  hist[3] = 19
  hist[4] = 12
  hist[9] = 126
  hist[10] = 256
  hist[11] = 54
  hist[14] = 76
  hist[15] = 121
  hist[16] = 21
  hist[17] = 1
by_callsite (caller PC; symbolize with addr2line):
   0 caller=0x78b11f95c0d2 calls=7346 total_ms=10221.241 avg_us=1391.402 max_us=141865
   1 caller=0x78b11f96098c calls=5927 total_ms=2.408 avg_us=0.406 max_us=26
   2 caller=0x78b11f96089c calls=2194 total_ms=1.932 avg_us=0.881 max_us=18
   3 caller=0x78b11f960abd calls=2194 total_ms=0.867 avg_us=0.395 max_us=25
   4 caller=0x78b11f95f852 calls=439 total_ms=0.844 avg_us=1.923 max_us=15
direct_cudaStreamSynchronize: calls=8031 total_ms=38.702 max_us=2532
by_direct_callsite (file:line):
   0 /opt/llama.cpp/ggml/src/ggml-cuda/ggml-cuda.cu:839 calls=7678 total_ms=32.431 avg_us=4.224 max_us=354
   1 /opt/llama.cpp/ggml/src/ggml-cuda/ggml-cuda.cu:900 calls=12 total_ms=5.841 avg_us=486.750 max_us=2532
   2 /opt/llama.cpp/ggml/src/ggml-cuda/ggml-cuda.cu:2665 calls=191 total_ms=0.280 avg_us=1.466 max_us=28
   3 /opt/llama.cpp/ggml/src/ggml-cuda/ggml-cuda.cu:847 calls=150 total_ms=0.150 avg_us=1.000 max_us=3
=== END CUDA SYNC PROFILE ===
backend-sync-trace: count=18200 backend=CUDA0 caller=ggml_backend_sched_graph_compute_async_ext+0xddc

=== CUDA SYNC PROFILE (instrumentation only) ===
total_syncs = 18200
total_wait_ms = 10264.499
max_wait_us = 141865
sites = 5
wait_hist_us = logarithmic buckets
  hist[0] = 16567
  hist[1] = 917
  hist[2] = 27
  hist[3] = 19
  hist[4] = 12
  hist[9] = 126
  hist[10] = 258
  hist[11] = 54
  hist[14] = 76
  hist[15] = 122
  hist[16] = 21
  hist[17] = 1
by_callsite (caller PC; symbolize with addr2line):
   0 caller=0x78b11f95c0d2 calls=7393 total_ms=10258.418 avg_us=1387.585 max_us=141865
   1 caller=0x78b11f96098c calls=5954 total_ms=2.420 avg_us=0.406 max_us=26
   2 caller=0x78b11f96089c calls=2206 total_ms=1.941 avg_us=0.880 max_us=18
   3 caller=0x78b11f960abd calls=2205 total_ms=0.870 avg_us=0.395 max_us=25
   4 caller=0x78b11f95f852 calls=442 total_ms=0.850 avg_us=1.923 max_us=15
direct_cudaStreamSynchronize: calls=8067 total_ms=38.842 max_us=2532
by_direct_callsite (file:line):
   0 /opt/llama.cpp/ggml/src/ggml-cuda/ggml-cuda.cu:839 calls=7714 total_ms=32.571 avg_us=4.222 max_us=354
   1 /opt/llama.cpp/ggml/src/ggml-cuda/ggml-cuda.cu:900 calls=12 total_ms=5.841 avg_us=486.750 max_us=2532
   2 /opt/llama.cpp/ggml/src/ggml-cuda/ggml-cuda.cu:2665 calls=191 total_ms=0.280 avg_us=1.466 max_us=28
   3 /opt/llama.cpp/ggml/src/ggml-cuda/ggml-cuda.cu:847 calls=150 total_ms=0.150 avg_us=1.000 max_us=3
=== END CUDA SYNC PROFILE ===

=== CUDA SYNC PROFILE (instrumentation only) ===
total_syncs = 18259
total_wait_ms = 10330.863
max_wait_us = 141865
sites = 5
wait_hist_us = logarithmic buckets
  hist[0] = 16622
  hist[1] = 918
  hist[2] = 27
  hist[3] = 19
  hist[4] = 12
  hist[9] = 126
  hist[10] = 259
  hist[11] = 55
  hist[14] = 76
  hist[15] = 123
  hist[16] = 21
  hist[17] = 1
by_callsite (caller PC; symbolize with addr2line):
   0 caller=0x78b11f95c0d2 calls=7409 total_ms=10324.764 avg_us=1393.544 max_us=141865
   1 caller=0x78b11f96098c calls=5979 total_ms=2.426 avg_us=0.406 max_us=26
   2 caller=0x78b11f96089c calls=2214 total_ms=1.949 avg_us=0.880 max_us=18
   3 caller=0x78b11f960abd calls=2214 total_ms=0.873 avg_us=0.394 max_us=25
   4 caller=0x78b11f95f852 calls=443 total_ms=0.851 avg_us=1.921 max_us=15
direct_cudaStreamSynchronize: calls=8100 total_ms=38.980 max_us=2532
by_direct_callsite (file:line):
   0 /opt/llama.cpp/ggml/src/ggml-cuda/ggml-cuda.cu:839 calls=7747 total_ms=32.709 avg_us=4.222 max_us=354
   1 /opt/llama.cpp/ggml/src/ggml-cuda/ggml-cuda.cu:900 calls=12 total_ms=5.841 avg_us=486.750 max_us=2532
   2 /opt/llama.cpp/ggml/src/ggml-cuda/ggml-cuda.cu:2665 calls=191 total_ms=0.280 avg_us=1.466 max_us=28
   3 /opt/llama.cpp/ggml/src/ggml-cuda/ggml-cuda.cu:847 calls=150 total_ms=0.150 avg_us=1.000 max_us=3
=== END CUDA SYNC PROFILE ===
backend-sync-trace: count=18300 backend=CUDA0 caller=ggml_backend_sched_graph_compute_async_ext+0xffd

=== CUDA SYNC PROFILE (instrumentation only) ===
total_syncs = 18300
total_wait_ms = 10332.346
max_wait_us = 141865
sites = 5
wait_hist_us = logarithmic buckets
  hist[0] = 16661
  hist[1] = 919
  hist[2] = 27
  hist[3] = 19
  hist[4] = 12
  hist[9] = 126
  hist[10] = 260
  hist[11] = 55
  hist[14] = 76
  hist[15] = 123
  hist[16] = 21
  hist[17] = 1
by_callsite (caller PC; symbolize with addr2line):
   0 caller=0x78b11f95c0d2 calls=7437 total_ms=10326.239 avg_us=1388.495 max_us=141865
   1 caller=0x78b11f96098c calls=5985 total_ms=2.428 avg_us=0.406 max_us=26
   2 caller=0x78b11f96089c calls=2217 total_ms=1.951 avg_us=0.880 max_us=18
   3 caller=0x78b11f960abd calls=2217 total_ms=0.875 avg_us=0.395 max_us=25
   4 caller=0x78b11f95f852 calls=444 total_ms=0.853 avg_us=1.921 max_us=15
direct_cudaStreamSynchronize: calls=8107 total_ms=39.002 max_us=2532
by_direct_callsite (file:line):
   0 /opt/llama.cpp/ggml/src/ggml-cuda/ggml-cuda.cu:839 calls=7754 total_ms=32.731 avg_us=4.221 max_us=354
   1 /opt/llama.cpp/ggml/src/ggml-cuda/ggml-cuda.cu:900 calls=12 total_ms=5.841 avg_us=486.750 max_us=2532
   2 /opt/llama.cpp/ggml/src/ggml-cuda/ggml-cuda.cu:2665 calls=191 total_ms=0.280 avg_us=1.466 max_us=28
   3 /opt/llama.cpp/ggml/src/ggml-cuda/ggml-cuda.cu:847 calls=150 total_ms=0.150 avg_us=1.000 max_us=3
=== END CUDA SYNC PROFILE ===
backend-sync-trace: count=18400 backend=CUDA0 caller=ggml_backend_sched_graph_compute_async_ext+0xddc

=== CUDA SYNC PROFILE (instrumentation only) ===
total_syncs = 18400
total_wait_ms = 10400.866
max_wait_us = 141865
sites = 5
wait_hist_us = logarithmic buckets
  hist[0] = 16752
  hist[1] = 924
  hist[2] = 27
  hist[3] = 19
  hist[4] = 12
  hist[9] = 128
  hist[10] = 261
  hist[11] = 55
  hist[14] = 76
  hist[15] = 124
  hist[16] = 21
  hist[17] = 1
by_callsite (caller PC; symbolize with addr2line):
   0 caller=0x78b11f95c0d2 calls=7481 total_ms=10394.727 avg_us=1389.484 max_us=141865
   1 caller=0x78b11f96098c calls=6016 total_ms=2.440 avg_us=0.406 max_us=26
   2 caller=0x78b11f96089c calls=2229 total_ms=1.961 avg_us=0.880 max_us=18
   3 caller=0x78b11f960abd calls=2228 total_ms=0.881 avg_us=0.395 max_us=25
   4 caller=0x78b11f95f852 calls=446 total_ms=0.857 avg_us=1.922 max_us=15
direct_cudaStreamSynchronize: calls=8148 total_ms=39.163 max_us=2532
by_direct_callsite (file:line):
   0 /opt/llama.cpp/ggml/src/ggml-cuda/ggml-cuda.cu:839 calls=7795 total_ms=32.892 avg_us=4.220 max_us=354
   1 /opt/llama.cpp/ggml/src/ggml-cuda/ggml-cuda.cu:900 calls=12 total_ms=5.841 avg_us=486.750 max_us=2532
   2 /opt/llama.cpp/ggml/src/ggml-cuda/ggml-cuda.cu:2665 calls=191 total_ms=0.280 avg_us=1.466 max_us=28
   3 /opt/llama.cpp/ggml/src/ggml-cuda/ggml-cuda.cu:847 calls=150 total_ms=0.150 avg_us=1.000 max_us=3
=== END CUDA SYNC PROFILE ===
backend-sync-trace: count=18500 backend=CUDA0 caller=ggml_backend_sched_graph_compute_async_ext+0xecc

=== CUDA SYNC PROFILE (instrumentation only) ===
total_syncs = 18500
total_wait_ms = 10442.180
max_wait_us = 141865
sites = 5
wait_hist_us = logarithmic buckets
  hist[0] = 16845
  hist[1] = 928
  hist[2] = 27
  hist[3] = 19
  hist[4] = 12
  hist[9] = 128
  hist[10] = 263
  hist[11] = 55
  hist[14] = 76
  hist[15] = 125
  hist[16] = 21
  hist[17] = 1
by_callsite (caller PC; symbolize with addr2line):
   0 caller=0x78b11f95c0d2 calls=7518 total_ms=10436.013 avg_us=1388.137 max_us=141865
   1 caller=0x78b11f96098c calls=6050 total_ms=2.451 avg_us=0.405 max_us=26
   2 caller=0x78b11f96089c calls=2242 total_ms=1.968 avg_us=0.878 max_us=18
   3 caller=0x78b11f960abd calls=2242 total_ms=0.887 avg_us=0.396 max_us=25
   4 caller=0x78b11f95f852 calls=448 total_ms=0.861 avg_us=1.922 max_us=15
direct_cudaStreamSynchronize: calls=8192 total_ms=39.350 max_us=2532
by_direct_callsite (file:line):
   0 /opt/llama.cpp/ggml/src/ggml-cuda/ggml-cuda.cu:839 calls=7839 total_ms=33.079 avg_us=4.220 max_us=354
   1 /opt/llama.cpp/ggml/src/ggml-cuda/ggml-cuda.cu:900 calls=12 total_ms=5.841 avg_us=486.750 max_us=2532
   2 /opt/llama.cpp/ggml/src/ggml-cuda/ggml-cuda.cu:2665 calls=191 total_ms=0.280 avg_us=1.466 max_us=28
   3 /opt/llama.cpp/ggml/src/ggml-cuda/ggml-cuda.cu:847 calls=150 total_ms=0.150 avg_us=1.000 max_us=3
=== END CUDA SYNC PROFILE ===

=== CUDA SYNC PROFILE (instrumentation only) ===
total_syncs = 18507
total_wait_ms = 10442.183
max_wait_us = 141865
sites = 5
wait_hist_us = logarithmic buckets
  hist[0] = 16852
  hist[1] = 928
  hist[2] = 27
  hist[3] = 19
  hist[4] = 12
  hist[9] = 128
  hist[10] = 263
  hist[11] = 55
  hist[14] = 76
  hist[15] = 125
  hist[16] = 21
  hist[17] = 1
by_callsite (caller PC; symbolize with addr2line):
   0 caller=0x78b11f95c0d2 calls=7518 total_ms=10436.013 avg_us=1388.137 max_us=141865
   1 caller=0x78b11f96098c calls=6057 total_ms=2.454 avg_us=0.405 max_us=26
   2 caller=0x78b11f96089c calls=2242 total_ms=1.968 avg_us=0.878 max_us=18
   3 caller=0x78b11f960abd calls=2242 total_ms=0.887 avg_us=0.396 max_us=25
   4 caller=0x78b11f95f852 calls=448 total_ms=0.861 avg_us=1.922 max_us=15
direct_cudaStreamSynchronize: calls=8200 total_ms=39.372 max_us=2532
by_direct_callsite (file:line):
   0 /opt/llama.cpp/ggml/src/ggml-cuda/ggml-cuda.cu:839 calls=7847 total_ms=33.101 avg_us=4.218 max_us=354
   1 /opt/llama.cpp/ggml/src/ggml-cuda/ggml-cuda.cu:900 calls=12 total_ms=5.841 avg_us=486.750 max_us=2532
   2 /opt/llama.cpp/ggml/src/ggml-cuda/ggml-cuda.cu:2665 calls=191 total_ms=0.280 avg_us=1.466 max_us=28
   3 /opt/llama.cpp/ggml/src/ggml-cuda/ggml-cuda.cu:847 calls=150 total_ms=0.150 avg_us=1.000 max_us=3
=== END CUDA SYNC PROFILE ===
backend-sync-trace: count=18600 backend=CUDA0 caller=ggml_backend_sched_graph_compute_async_ext+0xddc

=== CUDA SYNC PROFILE (instrumentation only) ===
total_syncs = 18600
total_wait_ms = 10511.766
max_wait_us = 141865
sites = 5
wait_hist_us = logarithmic buckets
  hist[0] = 16938
  hist[1] = 931
  hist[2] = 27
  hist[3] = 19
  hist[4] = 12
  hist[9] = 129
  hist[10] = 264
  hist[11] = 55
  hist[14] = 77
  hist[15] = 126
  hist[16] = 21
  hist[17] = 1
by_callsite (caller PC; symbolize with addr2line):
   0 caller=0x78b11f95c0d2 calls=7557 total_ms=10505.568 avg_us=1390.177 max_us=141865
   1 caller=0x78b11f96098c calls=6085 total_ms=2.463 avg_us=0.405 max_us=26
   2 caller=0x78b11f96089c calls=2254 total_ms=1.977 avg_us=0.877 max_us=18
   3 caller=0x78b11f960abd calls=2253 total_ms=0.892 avg_us=0.396 max_us=25
   4 caller=0x78b11f95f852 calls=451 total_ms=0.866 avg_us=1.920 max_us=15
direct_cudaStreamSynchronize: calls=8237 total_ms=39.524 max_us=2532
by_direct_callsite (file:line):
   0 /opt/llama.cpp/ggml/src/ggml-cuda/ggml-cuda.cu:839 calls=7884 total_ms=33.253 avg_us=4.218 max_us=354
   1 /opt/llama.cpp/ggml/src/ggml-cuda/ggml-cuda.cu:900 calls=12 total_ms=5.841 avg_us=486.750 max_us=2532
   2 /opt/llama.cpp/ggml/src/ggml-cuda/ggml-cuda.cu:2665 calls=191 total_ms=0.280 avg_us=1.466 max_us=28
   3 /opt/llama.cpp/ggml/src/ggml-cuda/ggml-cuda.cu:847 calls=150 total_ms=0.150 avg_us=1.000 max_us=3
=== END CUDA SYNC PROFILE ===
backend-sync-trace: count=18700 backend=CUDA0 caller=ggml_backend_sched_graph_compute_async_ext+0xecc

=== CUDA SYNC PROFILE (instrumentation only) ===
total_syncs = 18700
total_wait_ms = 10541.215
max_wait_us = 141865
sites = 5
wait_hist_us = logarithmic buckets
  hist[0] = 17030
  hist[1] = 936
  hist[2] = 27
  hist[3] = 19
  hist[4] = 12
  hist[9] = 129
  hist[10] = 266
  hist[11] = 55
  hist[14] = 78
  hist[15] = 126
  hist[16] = 21
  hist[17] = 1
by_callsite (caller PC; symbolize with addr2line):
   0 caller=0x78b11f95c0d2 calls=7597 total_ms=10534.983 avg_us=1386.729 max_us=141865
   1 caller=0x78b11f96098c calls=6117 total_ms=2.477 avg_us=0.405 max_us=26
   2 caller=0x78b11f96089c calls=2266 total_ms=1.986 avg_us=0.876 max_us=18
   3 caller=0x78b11f960abd calls=2266 total_ms=0.898 avg_us=0.396 max_us=25
   4 caller=0x78b11f95f852 calls=454 total_ms=0.871 avg_us=1.919 max_us=15
direct_cudaStreamSynchronize: calls=8278 total_ms=39.692 max_us=2532
by_direct_callsite (file:line):
   0 /opt/llama.cpp/ggml/src/ggml-cuda/ggml-cuda.cu:839 calls=7925 total_ms=33.421 avg_us=4.217 max_us=354
   1 /opt/llama.cpp/ggml/src/ggml-cuda/ggml-cuda.cu:900 calls=12 total_ms=5.841 avg_us=486.750 max_us=2532
   2 /opt/llama.cpp/ggml/src/ggml-cuda/ggml-cuda.cu:2665 calls=191 total_ms=0.280 avg_us=1.466 max_us=28
   3 /opt/llama.cpp/ggml/src/ggml-cuda/ggml-cuda.cu:847 calls=150 total_ms=0.150 avg_us=1.000 max_us=3
=== END CUDA SYNC PROFILE ===

=== CUDA SYNC PROFILE (instrumentation only) ===
total_syncs = 18742
total_wait_ms = 10543.013
max_wait_us = 141865
sites = 5
wait_hist_us = logarithmic buckets
  hist[0] = 17069
  hist[1] = 937
  hist[2] = 27
  hist[3] = 19
  hist[4] = 12
  hist[9] = 131
  hist[10] = 266
  hist[11] = 55
  hist[14] = 78
  hist[15] = 126
  hist[16] = 21
  hist[17] = 1
by_callsite (caller PC; symbolize with addr2line):
   0 caller=0x78b11f95c0d2 calls=7611 total_ms=10536.769 avg_us=1384.413 max_us=141865
   1 caller=0x78b11f96098c calls=6133 total_ms=2.483 avg_us=0.405 max_us=26
   2 caller=0x78b11f96089c calls=2272 total_ms=1.991 avg_us=0.876 max_us=18
   3 caller=0x78b11f960abd calls=2272 total_ms=0.899 avg_us=0.396 max_us=25
   4 caller=0x78b11f95f852 calls=454 total_ms=0.871 avg_us=1.919 max_us=15
direct_cudaStreamSynchronize: calls=8300 total_ms=39.779 max_us=2532
by_direct_callsite (file:line):
   0 /opt/llama.cpp/ggml/src/ggml-cuda/ggml-cuda.cu:839 calls=7947 total_ms=33.508 avg_us=4.216 max_us=354
   1 /opt/llama.cpp/ggml/src/ggml-cuda/ggml-cuda.cu:900 calls=12 total_ms=5.841 avg_us=486.750 max_us=2532
   2 /opt/llama.cpp/ggml/src/ggml-cuda/ggml-cuda.cu:2665 calls=191 total_ms=0.280 avg_us=1.466 max_us=28
   3 /opt/llama.cpp/ggml/src/ggml-cuda/ggml-cuda.cu:847 calls=150 total_ms=0.150 avg_us=1.000 max_us=3
=== END CUDA SYNC PROFILE ===
backend-sync-trace: count=18800 backend=CUDA0 caller=ggml_backend_sched_graph_compute_async_ext+0xffd

=== CUDA SYNC PROFILE (instrumentation only) ===
total_syncs = 18800
total_wait_ms = 10575.431
max_wait_us = 141865
sites = 5
wait_hist_us = logarithmic buckets
  hist[0] = 17123
  hist[1] = 939
  hist[2] = 27
  hist[3] = 19
  hist[4] = 12
  hist[9] = 131
  hist[10] = 267
  hist[11] = 55
  hist[14] = 79
  hist[15] = 126
  hist[16] = 21
  hist[17] = 1
by_callsite (caller PC; symbolize with addr2line):
   0 caller=0x78b11f95c0d2 calls=7641 total_ms=10569.171 avg_us=1383.218 max_us=141865
   1 caller=0x78b11f96098c calls=6147 total_ms=2.487 avg_us=0.405 max_us=26
   2 caller=0x78b11f96089c calls=2278 total_ms=1.996 avg_us=0.876 max_us=18
   3 caller=0x78b11f960abd calls=2278 total_ms=0.902 avg_us=0.396 max_us=25
   4 caller=0x78b11f95f852 calls=456 total_ms=0.875 avg_us=1.919 max_us=15
direct_cudaStreamSynchronize: calls=8318 total_ms=39.845 max_us=2532
by_direct_callsite (file:line):
   0 /opt/llama.cpp/ggml/src/ggml-cuda/ggml-cuda.cu:839 calls=7965 total_ms=33.574 avg_us=4.215 max_us=354
   1 /opt/llama.cpp/ggml/src/ggml-cuda/ggml-cuda.cu:900 calls=12 total_ms=5.841 avg_us=486.750 max_us=2532
   2 /opt/llama.cpp/ggml/src/ggml-cuda/ggml-cuda.cu:2665 calls=191 total_ms=0.280 avg_us=1.466 max_us=28
   3 /opt/llama.cpp/ggml/src/ggml-cuda/ggml-cuda.cu:847 calls=150 total_ms=0.150 avg_us=1.000 max_us=3
=== END CUDA SYNC PROFILE ===
backend-sync-trace: count=18900 backend=CUDA0 caller=ggml_backend_sched_graph_compute_async_ext+0xecc

=== CUDA SYNC PROFILE (instrumentation only) ===
total_syncs = 18900
total_wait_ms = 10607.161
max_wait_us = 141865
sites = 5
wait_hist_us = logarithmic buckets
  hist[0] = 17215
  hist[1] = 943
  hist[2] = 27
  hist[3] = 19
  hist[4] = 12
  hist[9] = 132
  hist[10] = 269
  hist[11] = 55
  hist[14] = 80
  hist[15] = 126
  hist[16] = 21
  hist[17] = 1
by_callsite (caller PC; symbolize with addr2line):
   0 caller=0x78b11f95c0d2 calls=7673 total_ms=10600.867 avg_us=1381.580 max_us=141865
   1 caller=0x78b11f96098c calls=6185 total_ms=2.504 avg_us=0.405 max_us=26
   2 caller=0x78b11f96089c calls=2292 total_ms=2.006 avg_us=0.875 max_us=18
   3 caller=0x78b11f960abd calls=2292 total_ms=0.906 avg_us=0.395 max_us=25
   4 caller=0x78b11f95f852 calls=458 total_ms=0.878 avg_us=1.917 max_us=15
direct_cudaStreamSynchronize: calls=8367 total_ms=40.055 max_us=2532
by_direct_callsite (file:line):
   0 /opt/llama.cpp/ggml/src/ggml-cuda/ggml-cuda.cu:839 calls=8014 total_ms=33.784 avg_us=4.216 max_us=354
   1 /opt/llama.cpp/ggml/src/ggml-cuda/ggml-cuda.cu:900 calls=12 total_ms=5.841 avg_us=486.750 max_us=2532
   2 /opt/llama.cpp/ggml/src/ggml-cuda/ggml-cuda.cu:2665 calls=191 total_ms=0.280 avg_us=1.466 max_us=28
   3 /opt/llama.cpp/ggml/src/ggml-cuda/ggml-cuda.cu:847 calls=150 total_ms=0.150 avg_us=1.000 max_us=3
=== END CUDA SYNC PROFILE ===

=== CUDA SYNC PROFILE (instrumentation only) ===
total_syncs = 18977
total_wait_ms = 10633.527
max_wait_us = 141865
sites = 5
wait_hist_us = logarithmic buckets
  hist[0] = 17287
  hist[1] = 945
  hist[2] = 27
  hist[3] = 19
  hist[4] = 12
  hist[9] = 133
  hist[10] = 270
  hist[11] = 55
  hist[14] = 81
  hist[15] = 126
  hist[16] = 21
  hist[17] = 1
by_callsite (caller PC; symbolize with addr2line):
   0 caller=0x78b11f95c0d2 calls=7704 total_ms=10627.208 avg_us=1379.440 max_us=141865
   1 caller=0x78b11f96098c calls=6209 total_ms=2.512 avg_us=0.405 max_us=26
   2 caller=0x78b11f96089c calls=2302 total_ms=2.011 avg_us=0.874 max_us=18
   3 caller=0x78b11f960abd calls=2302 total_ms=0.915 avg_us=0.397 max_us=25
   4 caller=0x78b11f95f852 calls=460 total_ms=0.881 avg_us=1.915 max_us=15
direct_cudaStreamSynchronize: calls=8400 total_ms=40.194 max_us=2532
by_direct_callsite (file:line):
   0 /opt/llama.cpp/ggml/src/ggml-cuda/ggml-cuda.cu:839 calls=8047 total_ms=33.923 avg_us=4.216 max_us=354
   1 /opt/llama.cpp/ggml/src/ggml-cuda/ggml-cuda.cu:900 calls=12 total_ms=5.841 avg_us=486.750 max_us=2532
   2 /opt/llama.cpp/ggml/src/ggml-cuda/ggml-cuda.cu:2665 calls=191 total_ms=0.280 avg_us=1.466 max_us=28
   3 /opt/llama.cpp/ggml/src/ggml-cuda/ggml-cuda.cu:847 calls=150 total_ms=0.150 avg_us=1.000 max_us=3
=== END CUDA SYNC PROFILE ===
backend-sync-trace: count=19000 backend=CUDA0 caller=ggml_backend_sched_synchronize+0x62

=== CUDA SYNC PROFILE (instrumentation only) ===
total_syncs = 19000
total_wait_ms = 10658.373
max_wait_us = 141865
sites = 5
wait_hist_us = logarithmic buckets
  hist[0] = 17309
  hist[1] = 945
  hist[2] = 27
  hist[3] = 19
  hist[4] = 12
  hist[9] = 133
  hist[10] = 270
  hist[11] = 55
  hist[14] = 82
  hist[15] = 126
  hist[16] = 21
  hist[17] = 1
by_callsite (caller PC; symbolize with addr2line):
   0 caller=0x78b11f95c0d2 calls=7707 total_ms=10652.044 avg_us=1382.126 max_us=141865
   1 caller=0x78b11f96098c calls=6224 total_ms=2.519 avg_us=0.405 max_us=26
   2 caller=0x78b11f96089c calls=2304 total_ms=2.013 avg_us=0.874 max_us=18
   3 caller=0x78b11f960abd calls=2304 total_ms=0.915 avg_us=0.397 max_us=25
   4 caller=0x78b11f95f852 calls=461 total_ms=0.882 avg_us=1.913 max_us=15
direct_cudaStreamSynchronize: calls=8416 total_ms=40.251 max_us=2532
by_direct_callsite (file:line):
   0 /opt/llama.cpp/ggml/src/ggml-cuda/ggml-cuda.cu:839 calls=8063 total_ms=33.980 avg_us=4.214 max_us=354
   1 /opt/llama.cpp/ggml/src/ggml-cuda/ggml-cuda.cu:900 calls=12 total_ms=5.841 avg_us=486.750 max_us=2532
   2 /opt/llama.cpp/ggml/src/ggml-cuda/ggml-cuda.cu:2665 calls=191 total_ms=0.280 avg_us=1.466 max_us=28
   3 /opt/llama.cpp/ggml/src/ggml-cuda/ggml-cuda.cu:847 calls=150 total_ms=0.150 avg_us=1.000 max_us=3
=== END CUDA SYNC PROFILE ===
backend-sync-trace: count=19100 backend=CUDA0 caller=ggml_backend_sched_graph_compute_async_ext+0xecc

=== CUDA SYNC PROFILE (instrumentation only) ===
total_syncs = 19100
total_wait_ms = 10685.171
max_wait_us = 141865
sites = 5
wait_hist_us = logarithmic buckets
  hist[0] = 17401
  hist[1] = 950
  hist[2] = 27
  hist[3] = 19
  hist[4] = 12
  hist[9] = 134
  hist[10] = 271
  hist[11] = 55
  hist[14] = 83
  hist[15] = 126
  hist[16] = 21
  hist[17] = 1
by_callsite (caller PC; symbolize with addr2line):
   0 caller=0x78b11f95c0d2 calls=7752 total_ms=10678.816 avg_us=1377.556 max_us=141865
   1 caller=0x78b11f96098c calls=6252 total_ms=2.529 avg_us=0.405 max_us=26
   2 caller=0x78b11f96089c calls=2316 total_ms=2.020 avg_us=0.872 max_us=18
   3 caller=0x78b11f960abd calls=2316 total_ms=0.919 avg_us=0.397 max_us=25
   4 caller=0x78b11f95f852 calls=464 total_ms=0.887 avg_us=1.912 max_us=15
direct_cudaStreamSynchronize: calls=8453 total_ms=40.416 max_us=2532
by_direct_callsite (file:line):
   0 /opt/llama.cpp/ggml/src/ggml-cuda/ggml-cuda.cu:839 calls=8100 total_ms=34.145 avg_us=4.215 max_us=354
   1 /opt/llama.cpp/ggml/src/ggml-cuda/ggml-cuda.cu:900 calls=12 total_ms=5.841 avg_us=486.750 max_us=2532
   2 /opt/llama.cpp/ggml/src/ggml-cuda/ggml-cuda.cu:2665 calls=191 total_ms=0.280 avg_us=1.466 max_us=28
   3 /opt/llama.cpp/ggml/src/ggml-cuda/ggml-cuda.cu:847 calls=150 total_ms=0.150 avg_us=1.000 max_us=3
=== END CUDA SYNC PROFILE ===
1.18.150.661 I slot print_timing: id  0 | task 0 | n_gen =    534, tg =  44.14 t/s, tg_3s =  48.80 t/s
backend-sync-trace: count=19200 backend=CUDA0 caller=ggml_backend_sched_synchronize+0x62

=== CUDA SYNC PROFILE (instrumentation only) ===
total_syncs = 19200
total_wait_ms = 10718.808
max_wait_us = 141865
sites = 5
wait_hist_us = logarithmic buckets
  hist[0] = 17492
  hist[1] = 954
  hist[2] = 27
  hist[3] = 19
  hist[4] = 12
  hist[9] = 135
  hist[10] = 274
  hist[11] = 55
  hist[14] = 84
  hist[15] = 126
  hist[16] = 21
  hist[17] = 1
by_callsite (caller PC; symbolize with addr2line):
   0 caller=0x78b11f95c0d2 calls=7792 total_ms=10712.425 avg_us=1374.798 max_us=141865
   1 caller=0x78b11f96098c calls=6286 total_ms=2.542 avg_us=0.404 max_us=26
   2 caller=0x78b11f96089c calls=2328 total_ms=2.029 avg_us=0.872 max_us=18
   3 caller=0x78b11f960abd calls=2328 total_ms=0.922 avg_us=0.396 max_us=25
   4 caller=0x78b11f95f852 calls=466 total_ms=0.890 avg_us=1.910 max_us=15
direct_cudaStreamSynchronize: calls=8498 total_ms=40.593 max_us=2532
by_direct_callsite (file:line):
   0 /opt/llama.cpp/ggml/src/ggml-cuda/ggml-cuda.cu:839 calls=8145 total_ms=34.322 avg_us=4.214 max_us=354
   1 /opt/llama.cpp/ggml/src/ggml-cuda/ggml-cuda.cu:900 calls=12 total_ms=5.841 avg_us=486.750 max_us=2532
   2 /opt/llama.cpp/ggml/src/ggml-cuda/ggml-cuda.cu:2665 calls=191 total_ms=0.280 avg_us=1.466 max_us=28
   3 /opt/llama.cpp/ggml/src/ggml-cuda/ggml-cuda.cu:847 calls=150 total_ms=0.150 avg_us=1.000 max_us=3
=== END CUDA SYNC PROFILE ===

=== CUDA SYNC PROFILE (instrumentation only) ===
total_syncs = 19209
total_wait_ms = 10718.815
max_wait_us = 141865
sites = 5
wait_hist_us = logarithmic buckets
  hist[0] = 17500
  hist[1] = 955
  hist[2] = 27
  hist[3] = 19
  hist[4] = 12
  hist[9] = 135
  hist[10] = 274
  hist[11] = 55
  hist[14] = 84
  hist[15] = 126
  hist[16] = 21
  hist[17] = 1
by_callsite (caller PC; symbolize with addr2line):
   0 caller=0x78b11f95c0d2 calls=7797 total_ms=10712.427 avg_us=1373.917 max_us=141865
   1 caller=0x78b11f96098c calls=6286 total_ms=2.542 avg_us=0.404 max_us=26
   2 caller=0x78b11f96089c calls=2330 total_ms=2.033 avg_us=0.873 max_us=18
   3 caller=0x78b11f960abd calls=2330 total_ms=0.923 avg_us=0.396 max_us=25
   4 caller=0x78b11f95f852 calls=466 total_ms=0.890 avg_us=1.910 max_us=15
direct_cudaStreamSynchronize: calls=8500 total_ms=40.602 max_us=2532
by_direct_callsite (file:line):
   0 /opt/llama.cpp/ggml/src/ggml-cuda/ggml-cuda.cu:839 calls=8147 total_ms=34.331 avg_us=4.214 max_us=354
   1 /opt/llama.cpp/ggml/src/ggml-cuda/ggml-cuda.cu:900 calls=12 total_ms=5.841 avg_us=486.750 max_us=2532
   2 /opt/llama.cpp/ggml/src/ggml-cuda/ggml-cuda.cu:2665 calls=191 total_ms=0.280 avg_us=1.466 max_us=28
   3 /opt/llama.cpp/ggml/src/ggml-cuda/ggml-cuda.cu:847 calls=150 total_ms=0.150 avg_us=1.000 max_us=3
=== END CUDA SYNC PROFILE ===
backend-sync-trace: count=19300 backend=CUDA0 caller=ggml_backend_sched_graph_compute_async_ext+0xecc

=== CUDA SYNC PROFILE (instrumentation only) ===
total_syncs = 19300
total_wait_ms = 10748.946
max_wait_us = 141865
sites = 5
wait_hist_us = logarithmic buckets
  hist[0] = 17585
  hist[1] = 958
  hist[2] = 27
  hist[3] = 19
  hist[4] = 12
  hist[9] = 136
  hist[10] = 274
  hist[11] = 56
  hist[14] = 85
  hist[15] = 126
  hist[16] = 21
  hist[17] = 1
by_callsite (caller PC; symbolize with addr2line):
   0 caller=0x78b11f95c0d2 calls=7822 total_ms=10742.528 avg_us=1373.374 max_us=141865
   1 caller=0x78b11f96098c calls=6326 total_ms=2.554 avg_us=0.404 max_us=26
   2 caller=0x78b11f96089c calls=2342 total_ms=2.044 avg_us=0.873 max_us=18
   3 caller=0x78b11f960abd calls=2342 total_ms=0.927 avg_us=0.396 max_us=25
   4 caller=0x78b11f95f852 calls=468 total_ms=0.893 avg_us=1.908 max_us=15
direct_cudaStreamSynchronize: calls=8548 total_ms=40.803 max_us=2532
by_direct_callsite (file:line):
   0 /opt/llama.cpp/ggml/src/ggml-cuda/ggml-cuda.cu:839 calls=8195 total_ms=34.532 avg_us=4.214 max_us=354
   1 /opt/llama.cpp/ggml/src/ggml-cuda/ggml-cuda.cu:900 calls=12 total_ms=5.841 avg_us=486.750 max_us=2532
   2 /opt/llama.cpp/ggml/src/ggml-cuda/ggml-cuda.cu:2665 calls=191 total_ms=0.280 avg_us=1.466 max_us=28
   3 /opt/llama.cpp/ggml/src/ggml-cuda/ggml-cuda.cu:847 calls=150 total_ms=0.150 avg_us=1.000 max_us=3
=== END CUDA SYNC PROFILE ===
backend-sync-trace: count=19400 backend=CUDA0 caller=ggml_backend_sched_synchronize+0x62

=== CUDA SYNC PROFILE (instrumentation only) ===
total_syncs = 19400
total_wait_ms = 10817.316
max_wait_us = 141865
sites = 5
wait_hist_us = logarithmic buckets
  hist[0] = 17676
  hist[1] = 963
  hist[2] = 27
  hist[3] = 19
  hist[4] = 12
  hist[9] = 137
  hist[10] = 275
  hist[11] = 56
  hist[14] = 86
  hist[15] = 127
  hist[16] = 21
  hist[17] = 1
by_callsite (caller PC; symbolize with addr2line):
   0 caller=0x78b11f95c0d2 calls=7862 total_ms=10810.862 avg_us=1375.078 max_us=141865
   1 caller=0x78b11f96098c calls=6359 total_ms=2.569 avg_us=0.404 max_us=26
   2 caller=0x78b11f96089c calls=2354 total_ms=2.054 avg_us=0.873 max_us=18
   3 caller=0x78b11f960abd calls=2354 total_ms=0.932 avg_us=0.396 max_us=25
   4 caller=0x78b11f95f852 calls=471 total_ms=0.899 avg_us=1.909 max_us=15
direct_cudaStreamSynchronize: calls=8591 total_ms=40.980 max_us=2532
by_direct_callsite (file:line):
   0 /opt/llama.cpp/ggml/src/ggml-cuda/ggml-cuda.cu:839 calls=8238 total_ms=34.709 avg_us=4.213 max_us=354
   1 /opt/llama.cpp/ggml/src/ggml-cuda/ggml-cuda.cu:900 calls=12 total_ms=5.841 avg_us=486.750 max_us=2532
   2 /opt/llama.cpp/ggml/src/ggml-cuda/ggml-cuda.cu:2665 calls=191 total_ms=0.280 avg_us=1.466 max_us=28
   3 /opt/llama.cpp/ggml/src/ggml-cuda/ggml-cuda.cu:847 calls=150 total_ms=0.150 avg_us=1.000 max_us=3
=== END CUDA SYNC PROFILE ===

=== CUDA SYNC PROFILE (instrumentation only) ===
total_syncs = 19429
total_wait_ms = 10818.553
max_wait_us = 141865
sites = 5
wait_hist_us = logarithmic buckets
  hist[0] = 17703
  hist[1] = 964
  hist[2] = 27
  hist[3] = 19
  hist[4] = 12
  hist[9] = 137
  hist[10] = 276
  hist[11] = 56
  hist[14] = 86
  hist[15] = 127
  hist[16] = 21
  hist[17] = 1
by_callsite (caller PC; symbolize with addr2line):
   0 caller=0x78b11f95c0d2 calls=7877 total_ms=10812.091 avg_us=1372.615 max_us=141865
   1 caller=0x78b11f96098c calls=6364 total_ms=2.570 avg_us=0.404 max_us=26
   2 caller=0x78b11f96089c calls=2358 total_ms=2.057 avg_us=0.872 max_us=18
   3 caller=0x78b11f960abd calls=2358 total_ms=0.934 avg_us=0.396 max_us=25
   4 caller=0x78b11f95f852 calls=472 total_ms=0.901 avg_us=1.909 max_us=15
direct_cudaStreamSynchronize: calls=8600 total_ms=41.012 max_us=2532
by_direct_callsite (file:line):
   0 /opt/llama.cpp/ggml/src/ggml-cuda/ggml-cuda.cu:839 calls=8247 total_ms=34.741 avg_us=4.213 max_us=354
   1 /opt/llama.cpp/ggml/src/ggml-cuda/ggml-cuda.cu:900 calls=12 total_ms=5.841 avg_us=486.750 max_us=2532
   2 /opt/llama.cpp/ggml/src/ggml-cuda/ggml-cuda.cu:2665 calls=191 total_ms=0.280 avg_us=1.466 max_us=28
   3 /opt/llama.cpp/ggml/src/ggml-cuda/ggml-cuda.cu:847 calls=150 total_ms=0.150 avg_us=1.000 max_us=3
=== END CUDA SYNC PROFILE ===
backend-sync-trace: count=19500 backend=CUDA0 caller=ggml_backend_sched_synchronize+0x62

=== CUDA SYNC PROFILE (instrumentation only) ===
total_syncs = 19500
total_wait_ms = 10880.702
max_wait_us = 141865
sites = 5
wait_hist_us = logarithmic buckets
  hist[0] = 17768
  hist[1] = 967
  hist[2] = 27
  hist[3] = 19
  hist[4] = 12
  hist[9] = 137
  hist[10] = 277
  hist[11] = 57
  hist[14] = 86
  hist[15] = 128
  hist[16] = 21
  hist[17] = 1
by_callsite (caller PC; symbolize with addr2line):
   0 caller=0x78b11f95c0d2 calls=7904 total_ms=10874.214 avg_us=1375.786 max_us=141865
   1 caller=0x78b11f96098c calls=6390 total_ms=2.583 avg_us=0.404 max_us=26
   2 caller=0x78b11f96089c calls=2366 total_ms=2.062 avg_us=0.872 max_us=18
   3 caller=0x78b11f960abd calls=2366 total_ms=0.938 avg_us=0.396 max_us=25
   4 caller=0x78b11f95f852 calls=474 total_ms=0.905 avg_us=1.909 max_us=15
direct_cudaStreamSynchronize: calls=8632 total_ms=41.140 max_us=2532
by_direct_callsite (file:line):
   0 /opt/llama.cpp/ggml/src/ggml-cuda/ggml-cuda.cu:839 calls=8279 total_ms=34.869 avg_us=4.212 max_us=354
   1 /opt/llama.cpp/ggml/src/ggml-cuda/ggml-cuda.cu:900 calls=12 total_ms=5.841 avg_us=486.750 max_us=2532
   2 /opt/llama.cpp/ggml/src/ggml-cuda/ggml-cuda.cu:2665 calls=191 total_ms=0.280 avg_us=1.466 max_us=28
   3 /opt/llama.cpp/ggml/src/ggml-cuda/ggml-cuda.cu:847 calls=150 total_ms=0.150 avg_us=1.000 max_us=3
=== END CUDA SYNC PROFILE ===
backend-sync-trace: count=19600 backend=CUDA0 caller=ggml_backend_sched_graph_compute_async_ext+0xddc

=== CUDA SYNC PROFILE (instrumentation only) ===
total_syncs = 19600
total_wait_ms = 10954.158
max_wait_us = 141865
sites = 5
wait_hist_us = logarithmic buckets
  hist[0] = 17860
  hist[1] = 971
  hist[2] = 27
  hist[3] = 19
  hist[4] = 12
  hist[9] = 137
  hist[10] = 280
  hist[11] = 57
  hist[14] = 86
  hist[15] = 128
  hist[16] = 22
  hist[17] = 1
by_callsite (caller PC; symbolize with addr2line):
   0 caller=0x78b11f95c0d2 calls=7940 total_ms=10947.641 avg_us=1378.796 max_us=141865
   1 caller=0x78b11f96098c calls=6421 total_ms=2.589 avg_us=0.403 max_us=26
   2 caller=0x78b11f96089c calls=2382 total_ms=2.075 avg_us=0.871 max_us=18
   3 caller=0x78b11f960abd calls=2381 total_ms=0.944 avg_us=0.396 max_us=25
   4 caller=0x78b11f95f852 calls=476 total_ms=0.909 avg_us=1.910 max_us=15
direct_cudaStreamSynchronize: calls=8675 total_ms=41.330 max_us=2532
by_direct_callsite (file:line):
   0 /opt/llama.cpp/ggml/src/ggml-cuda/ggml-cuda.cu:839 calls=8322 total_ms=35.059 avg_us=4.213 max_us=354
   1 /opt/llama.cpp/ggml/src/ggml-cuda/ggml-cuda.cu:900 calls=12 total_ms=5.841 avg_us=486.750 max_us=2532
   2 /opt/llama.cpp/ggml/src/ggml-cuda/ggml-cuda.cu:2665 calls=191 total_ms=0.280 avg_us=1.466 max_us=28
   3 /opt/llama.cpp/ggml/src/ggml-cuda/ggml-cuda.cu:847 calls=150 total_ms=0.150 avg_us=1.000 max_us=3
=== END CUDA SYNC PROFILE ===

=== CUDA SYNC PROFILE (instrumentation only) ===
total_syncs = 19649
total_wait_ms = 11004.644
max_wait_us = 141865
sites = 5
wait_hist_us = logarithmic buckets
  hist[0] = 17906
  hist[1] = 973
  hist[2] = 27
  hist[3] = 19
  hist[4] = 12
  hist[9] = 137
  hist[10] = 280
  hist[11] = 57
  hist[14] = 86
  hist[15] = 129
  hist[16] = 22
  hist[17] = 1
by_callsite (caller PC; symbolize with addr2line):
   0 caller=0x78b11f95c0d2 calls=7957 total_ms=10998.110 avg_us=1382.193 max_us=141865
   1 caller=0x78b11f96098c calls=6442 total_ms=2.598 avg_us=0.403 max_us=26
   2 caller=0x78b11f96089c calls=2386 total_ms=2.078 avg_us=0.871 max_us=18
   3 caller=0x78b11f960abd calls=2386 total_ms=0.945 avg_us=0.396 max_us=25
   4 caller=0x78b11f95f852 calls=478 total_ms=0.913 avg_us=1.910 max_us=15
direct_cudaStreamSynchronize: calls=8700 total_ms=41.437 max_us=2532
by_direct_callsite (file:line):
   0 /opt/llama.cpp/ggml/src/ggml-cuda/ggml-cuda.cu:839 calls=8347 total_ms=35.166 avg_us=4.213 max_us=354
   1 /opt/llama.cpp/ggml/src/ggml-cuda/ggml-cuda.cu:900 calls=12 total_ms=5.841 avg_us=486.750 max_us=2532
   2 /opt/llama.cpp/ggml/src/ggml-cuda/ggml-cuda.cu:2665 calls=191 total_ms=0.280 avg_us=1.466 max_us=28
   3 /opt/llama.cpp/ggml/src/ggml-cuda/ggml-cuda.cu:847 calls=150 total_ms=0.150 avg_us=1.000 max_us=3
=== END CUDA SYNC PROFILE ===
backend-sync-trace: count=19700 backend=CUDA0 caller=ggml_backend_sched_graph_compute_async_ext+0xddc

=== CUDA SYNC PROFILE (instrumentation only) ===
total_syncs = 19700
total_wait_ms = 11069.189
max_wait_us = 141865
sites = 5
wait_hist_us = logarithmic buckets
  hist[0] = 17953
  hist[1] = 974
  hist[2] = 27
  hist[3] = 19
  hist[4] = 12
  hist[9] = 137
  hist[10] = 282
  hist[11] = 57
  hist[14] = 86
  hist[15] = 130
  hist[16] = 22
  hist[17] = 1
by_callsite (caller PC; symbolize with addr2line):
   0 caller=0x78b11f95c0d2 calls=7973 total_ms=11062.634 avg_us=1387.512 max_us=141865
   1 caller=0x78b11f96098c calls=6463 total_ms=2.608 avg_us=0.404 max_us=26
   2 caller=0x78b11f96089c calls=2393 total_ms=2.087 avg_us=0.872 max_us=18
   3 caller=0x78b11f960abd calls=2392 total_ms=0.946 avg_us=0.395 max_us=25
   4 caller=0x78b11f95f852 calls=479 total_ms=0.914 avg_us=1.908 max_us=15
direct_cudaStreamSynchronize: calls=8726 total_ms=41.539 max_us=2532
by_direct_callsite (file:line):
   0 /opt/llama.cpp/ggml/src/ggml-cuda/ggml-cuda.cu:839 calls=8373 total_ms=35.268 avg_us=4.212 max_us=354
   1 /opt/llama.cpp/ggml/src/ggml-cuda/ggml-cuda.cu:900 calls=12 total_ms=5.841 avg_us=486.750 max_us=2532
   2 /opt/llama.cpp/ggml/src/ggml-cuda/ggml-cuda.cu:2665 calls=191 total_ms=0.280 avg_us=1.466 max_us=28
   3 /opt/llama.cpp/ggml/src/ggml-cuda/ggml-cuda.cu:847 calls=150 total_ms=0.150 avg_us=1.000 max_us=3
=== END CUDA SYNC PROFILE ===
backend-sync-trace: count=19800 backend=CUDA0 caller=ggml_backend_sched_synchronize+0x62

=== CUDA SYNC PROFILE (instrumentation only) ===
total_syncs = 19800
total_wait_ms = 11137.771
max_wait_us = 141865
sites = 5
wait_hist_us = logarithmic buckets
  hist[0] = 18048
  hist[1] = 976
  hist[2] = 27
  hist[3] = 19
  hist[4] = 12
  hist[9] = 137
  hist[10] = 284
  hist[11] = 57
  hist[14] = 86
  hist[15] = 131
  hist[16] = 22
  hist[17] = 1
by_callsite (caller PC; symbolize with addr2line):
   0 caller=0x78b11f95c0d2 calls=8017 total_ms=11131.189 avg_us=1388.448 max_us=141865
   1 caller=0x78b11f96098c calls=6494 total_ms=2.618 avg_us=0.403 max_us=26
   2 caller=0x78b11f96089c calls=2404 total_ms=2.097 avg_us=0.872 max_us=18
   3 caller=0x78b11f960abd calls=2404 total_ms=0.950 avg_us=0.395 max_us=25
   4 caller=0x78b11f95f852 calls=481 total_ms=0.917 avg_us=1.906 max_us=15
direct_cudaStreamSynchronize: calls=8766 total_ms=41.704 max_us=2532
by_direct_callsite (file:line):
   0 /opt/llama.cpp/ggml/src/ggml-cuda/ggml-cuda.cu:839 calls=8413 total_ms=35.433 avg_us=4.212 max_us=354
   1 /opt/llama.cpp/ggml/src/ggml-cuda/ggml-cuda.cu:900 calls=12 total_ms=5.841 avg_us=486.750 max_us=2532
   2 /opt/llama.cpp/ggml/src/ggml-cuda/ggml-cuda.cu:2665 calls=191 total_ms=0.280 avg_us=1.466 max_us=28
   3 /opt/llama.cpp/ggml/src/ggml-cuda/ggml-cuda.cu:847 calls=150 total_ms=0.150 avg_us=1.000 max_us=3
=== END CUDA SYNC PROFILE ===

=== CUDA SYNC PROFILE (instrumentation only) ===
total_syncs = 19877
total_wait_ms = 11181.644
max_wait_us = 141865
sites = 5
wait_hist_us = logarithmic buckets
  hist[0] = 18118
  hist[1] = 980
  hist[2] = 27
  hist[3] = 19
  hist[4] = 12
  hist[9] = 137
  hist[10] = 286
  hist[11] = 57
  hist[14] = 86
  hist[15] = 132
  hist[16] = 22
  hist[17] = 1
by_callsite (caller PC; symbolize with addr2line):
   0 caller=0x78b11f95c0d2 calls=8047 total_ms=11175.039 avg_us=1388.721 max_us=141865
   1 caller=0x78b11f96098c calls=6519 total_ms=2.626 avg_us=0.403 max_us=26
   2 caller=0x78b11f96089c calls=2414 total_ms=2.107 avg_us=0.873 max_us=18
   3 caller=0x78b11f960abd calls=2414 total_ms=0.951 avg_us=0.394 max_us=25
   4 caller=0x78b11f95f852 calls=483 total_ms=0.921 avg_us=1.907 max_us=15
direct_cudaStreamSynchronize: calls=8800 total_ms=41.839 max_us=2532
by_direct_callsite (file:line):
   0 /opt/llama.cpp/ggml/src/ggml-cuda/ggml-cuda.cu:839 calls=8447 total_ms=35.568 avg_us=4.211 max_us=354
   1 /opt/llama.cpp/ggml/src/ggml-cuda/ggml-cuda.cu:900 calls=12 total_ms=5.841 avg_us=486.750 max_us=2532
   2 /opt/llama.cpp/ggml/src/ggml-cuda/ggml-cuda.cu:2665 calls=191 total_ms=0.280 avg_us=1.466 max_us=28
   3 /opt/llama.cpp/ggml/src/ggml-cuda/ggml-cuda.cu:847 calls=150 total_ms=0.150 avg_us=1.000 max_us=3
=== END CUDA SYNC PROFILE ===
backend-sync-trace: count=19900 backend=CUDA0 caller=ggml_backend_sched_synchronize+0x62

=== CUDA SYNC PROFILE (instrumentation only) ===
total_syncs = 19900
total_wait_ms = 11183.100
max_wait_us = 141865
sites = 5
wait_hist_us = logarithmic buckets
  hist[0] = 18138
  hist[1] = 982
  hist[2] = 27
  hist[3] = 19
  hist[4] = 12
  hist[9] = 137
  hist[10] = 287
  hist[11] = 57
  hist[14] = 86
  hist[15] = 132
  hist[16] = 22
  hist[17] = 1
by_callsite (caller PC; symbolize with addr2line):
   0 caller=0x78b11f95c0d2 calls=8059 total_ms=11176.488 avg_us=1386.833 max_us=141865
   1 caller=0x78b11f96098c calls=6525 total_ms=2.629 avg_us=0.403 max_us=26
   2 caller=0x78b11f96089c calls=2416 total_ms=2.108 avg_us=0.873 max_us=18
   3 caller=0x78b11f960abd calls=2416 total_ms=0.952 avg_us=0.394 max_us=25
   4 caller=0x78b11f95f852 calls=484 total_ms=0.923 avg_us=1.907 max_us=15
direct_cudaStreamSynchronize: calls=8807 total_ms=41.861 max_us=2532
by_direct_callsite (file:line):
   0 /opt/llama.cpp/ggml/src/ggml-cuda/ggml-cuda.cu:839 calls=8454 total_ms=35.590 avg_us=4.210 max_us=354
   1 /opt/llama.cpp/ggml/src/ggml-cuda/ggml-cuda.cu:900 calls=12 total_ms=5.841 avg_us=486.750 max_us=2532
   2 /opt/llama.cpp/ggml/src/ggml-cuda/ggml-cuda.cu:2665 calls=191 total_ms=0.280 avg_us=1.466 max_us=28
   3 /opt/llama.cpp/ggml/src/ggml-cuda/ggml-cuda.cu:847 calls=150 total_ms=0.150 avg_us=1.000 max_us=3
=== END CUDA SYNC PROFILE ===
backend-sync-trace: count=20000 backend=CUDA0 caller=ggml_backend_sched_graph_compute_async_ext+0xddc

=== CUDA SYNC PROFILE (instrumentation only) ===
total_syncs = 20000
total_wait_ms = 11221.728
max_wait_us = 141865
sites = 5
wait_hist_us = logarithmic buckets
  hist[0] = 18229
  hist[1] = 987
  hist[2] = 27
  hist[3] = 19
  hist[4] = 12
  hist[9] = 138
  hist[10] = 289
  hist[11] = 57
  hist[14] = 86
  hist[15] = 133
  hist[16] = 22
  hist[17] = 1
by_callsite (caller PC; symbolize with addr2line):
   0 caller=0x78b11f95c0d2 calls=8095 total_ms=11215.084 avg_us=1385.433 max_us=141865
   1 caller=0x78b11f96098c calls=6556 total_ms=2.637 avg_us=0.402 max_us=26
   2 caller=0x78b11f96089c calls=2432 total_ms=2.120 avg_us=0.872 max_us=18
   3 caller=0x78b11f960abd calls=2431 total_ms=0.960 avg_us=0.395 max_us=25
   4 caller=0x78b11f95f852 calls=486 total_ms=0.927 avg_us=1.907 max_us=15
direct_cudaStreamSynchronize: calls=8850 total_ms=42.030 max_us=2532
by_direct_callsite (file:line):
   0 /opt/llama.cpp/ggml/src/ggml-cuda/ggml-cuda.cu:839 calls=8497 total_ms=35.759 avg_us=4.208 max_us=354
   1 /opt/llama.cpp/ggml/src/ggml-cuda/ggml-cuda.cu:900 calls=12 total_ms=5.841 avg_us=486.750 max_us=2532
   2 /opt/llama.cpp/ggml/src/ggml-cuda/ggml-cuda.cu:2665 calls=191 total_ms=0.280 avg_us=1.466 max_us=28
   3 /opt/llama.cpp/ggml/src/ggml-cuda/ggml-cuda.cu:847 calls=150 total_ms=0.150 avg_us=1.000 max_us=3
=== END CUDA SYNC PROFILE ===

=== CUDA SYNC PROFILE (instrumentation only) ===
total_syncs = 20095
total_wait_ms = 11254.850
max_wait_us = 141865
sites = 5
wait_hist_us = logarithmic buckets
  hist[0] = 18316
  hist[1] = 992
  hist[2] = 27
  hist[3] = 19
  hist[4] = 12
  hist[9] = 139
  hist[10] = 290
  hist[11] = 57
  hist[14] = 87
  hist[15] = 133
  hist[16] = 22
  hist[17] = 1
by_callsite (caller PC; symbolize with addr2line):
   0 caller=0x78b11f95c0d2 calls=8126 total_ms=11248.173 avg_us=1384.220 max_us=141865
   1 caller=0x78b11f96098c calls=6597 total_ms=2.654 avg_us=0.402 max_us=26
   2 caller=0x78b11f96089c calls=2442 total_ms=2.128 avg_us=0.871 max_us=18
   3 caller=0x78b11f960abd calls=2442 total_ms=0.964 avg_us=0.395 max_us=25
   4 caller=0x78b11f95f852 calls=488 total_ms=0.931 avg_us=1.908 max_us=15
direct_cudaStreamSynchronize: calls=8900 total_ms=42.235 max_us=2532
by_direct_callsite (file:line):
   0 /opt/llama.cpp/ggml/src/ggml-cuda/ggml-cuda.cu:839 calls=8547 total_ms=35.964 avg_us=4.208 max_us=354
   1 /opt/llama.cpp/ggml/src/ggml-cuda/ggml-cuda.cu:900 calls=12 total_ms=5.841 avg_us=486.750 max_us=2532
   2 /opt/llama.cpp/ggml/src/ggml-cuda/ggml-cuda.cu:2665 calls=191 total_ms=0.280 avg_us=1.466 max_us=28
   3 /opt/llama.cpp/ggml/src/ggml-cuda/ggml-cuda.cu:847 calls=150 total_ms=0.150 avg_us=1.000 max_us=3
=== END CUDA SYNC PROFILE ===
backend-sync-trace: count=20100 backend=CUDA0 caller=ggml_backend_sched_graph_compute_async_ext+0xddc

=== CUDA SYNC PROFILE (instrumentation only) ===
total_syncs = 20100
total_wait_ms = 11298.118
max_wait_us = 141865
sites = 5
wait_hist_us = logarithmic buckets
  hist[0] = 18319
  hist[1] = 993
  hist[2] = 27
  hist[3] = 19
  hist[4] = 12
  hist[9] = 139
  hist[10] = 290
  hist[11] = 57
  hist[14] = 87
  hist[15] = 134
  hist[16] = 22
  hist[17] = 1
by_callsite (caller PC; symbolize with addr2line):
   0 caller=0x78b11f95c0d2 calls=8128 total_ms=11291.439 avg_us=1389.203 max_us=141865
   1 caller=0x78b11f96098c calls=6598 total_ms=2.654 avg_us=0.402 max_us=26
   2 caller=0x78b11f96089c calls=2443 total_ms=2.129 avg_us=0.871 max_us=18
   3 caller=0x78b11f960abd calls=2442 total_ms=0.964 avg_us=0.395 max_us=25
   4 caller=0x78b11f95f852 calls=489 total_ms=0.932 avg_us=1.906 max_us=15
direct_cudaStreamSynchronize: calls=8901 total_ms=42.238 max_us=2532
by_direct_callsite (file:line):
   0 /opt/llama.cpp/ggml/src/ggml-cuda/ggml-cuda.cu:839 calls=8548 total_ms=35.967 avg_us=4.208 max_us=354
   1 /opt/llama.cpp/ggml/src/ggml-cuda/ggml-cuda.cu:900 calls=12 total_ms=5.841 avg_us=486.750 max_us=2532
   2 /opt/llama.cpp/ggml/src/ggml-cuda/ggml-cuda.cu:2665 calls=191 total_ms=0.280 avg_us=1.466 max_us=28
   3 /opt/llama.cpp/ggml/src/ggml-cuda/ggml-cuda.cu:847 calls=150 total_ms=0.150 avg_us=1.000 max_us=3
=== END CUDA SYNC PROFILE ===
backend-sync-trace: count=20200 backend=CUDA0 caller=ggml_backend_sched_synchronize+0x62

=== CUDA SYNC PROFILE (instrumentation only) ===
total_syncs = 20200
total_wait_ms = 11332.925
max_wait_us = 141865
sites = 5
wait_hist_us = logarithmic buckets
  hist[0] = 18403
  hist[1] = 1004
  hist[2] = 27
  hist[3] = 20
  hist[4] = 12
  hist[9] = 141
  hist[10] = 291
  hist[11] = 57
  hist[14] = 88
  hist[15] = 134
  hist[16] = 22
  hist[17] = 1
by_callsite (caller PC; symbolize with addr2line):
   0 caller=0x78b11f95c0d2 calls=8163 total_ms=11326.187 avg_us=1387.503 max_us=141865
   1 caller=0x78b11f96098c calls=6633 total_ms=2.678 avg_us=0.404 max_us=26
   2 caller=0x78b11f96089c calls=2456 total_ms=2.150 avg_us=0.875 max_us=18
   3 caller=0x78b11f960abd calls=2456 total_ms=0.972 avg_us=0.396 max_us=25
   4 caller=0x78b11f95f852 calls=492 total_ms=0.938 avg_us=1.907 max_us=15
direct_cudaStreamSynchronize: calls=8947 total_ms=42.437 max_us=2532
by_direct_callsite (file:line):
   0 /opt/llama.cpp/ggml/src/ggml-cuda/ggml-cuda.cu:839 calls=8594 total_ms=36.166 avg_us=4.208 max_us=354
   1 /opt/llama.cpp/ggml/src/ggml-cuda/ggml-cuda.cu:900 calls=12 total_ms=5.841 avg_us=486.750 max_us=2532
   2 /opt/llama.cpp/ggml/src/ggml-cuda/ggml-cuda.cu:2665 calls=191 total_ms=0.280 avg_us=1.466 max_us=28
   3 /opt/llama.cpp/ggml/src/ggml-cuda/ggml-cuda.cu:847 calls=150 total_ms=0.150 avg_us=1.000 max_us=3
=== END CUDA SYNC PROFILE ===
backend-sync-trace: count=20300 backend=CUDA0 caller=ggml_backend_sched_synchronize+0x62

=== CUDA SYNC PROFILE (instrumentation only) ===
total_syncs = 20300
total_wait_ms = 11371.742
max_wait_us = 141865
sites = 5
wait_hist_us = logarithmic buckets
  hist[0] = 18495
  hist[1] = 1008
  hist[2] = 27
  hist[3] = 20
  hist[4] = 12
  hist[9] = 143
  hist[10] = 292
  hist[11] = 57
  hist[14] = 88
  hist[15] = 135
  hist[16] = 22
  hist[17] = 1
by_callsite (caller PC; symbolize with addr2line):
   0 caller=0x78b11f95c0d2 calls=8206 total_ms=11364.972 avg_us=1384.959 max_us=141865
   1 caller=0x78b11f96098c calls=6664 total_ms=2.692 avg_us=0.404 max_us=26
   2 caller=0x78b11f96089c calls=2468 total_ms=2.161 avg_us=0.876 max_us=18
   3 caller=0x78b11f960abd calls=2468 total_ms=0.976 avg_us=0.395 max_us=25
   4 caller=0x78b11f95f852 calls=494 total_ms=0.941 avg_us=1.905 max_us=15
direct_cudaStreamSynchronize: calls=8988 total_ms=42.596 max_us=2532
by_direct_callsite (file:line):
   0 /opt/llama.cpp/ggml/src/ggml-cuda/ggml-cuda.cu:839 calls=8635 total_ms=36.325 avg_us=4.207 max_us=354
   1 /opt/llama.cpp/ggml/src/ggml-cuda/ggml-cuda.cu:900 calls=12 total_ms=5.841 avg_us=486.750 max_us=2532
   2 /opt/llama.cpp/ggml/src/ggml-cuda/ggml-cuda.cu:2665 calls=191 total_ms=0.280 avg_us=1.466 max_us=28
   3 /opt/llama.cpp/ggml/src/ggml-cuda/ggml-cuda.cu:847 calls=150 total_ms=0.150 avg_us=1.000 max_us=3
=== END CUDA SYNC PROFILE ===

=== CUDA SYNC PROFILE (instrumentation only) ===
total_syncs = 20318
total_wait_ms = 11371.752
max_wait_us = 141865
sites = 5
wait_hist_us = logarithmic buckets
  hist[0] = 18512
  hist[1] = 1009
  hist[2] = 27
  hist[3] = 20
  hist[4] = 12
  hist[9] = 143
  hist[10] = 292
  hist[11] = 57
  hist[14] = 88
  hist[15] = 135
  hist[16] = 22
  hist[17] = 1
by_callsite (caller PC; symbolize with addr2line):
   0 caller=0x78b11f95c0d2 calls=8207 total_ms=11364.973 avg_us=1384.790 max_us=141865
   1 caller=0x78b11f96098c calls=6673 total_ms=2.697 avg_us=0.404 max_us=26
   2 caller=0x78b11f96089c calls=2472 total_ms=2.165 avg_us=0.876 max_us=18
   3 caller=0x78b11f960abd calls=2472 total_ms=0.976 avg_us=0.395 max_us=25
   4 caller=0x78b11f95f852 calls=494 total_ms=0.941 avg_us=1.905 max_us=15
direct_cudaStreamSynchronize: calls=9000 total_ms=42.656 max_us=2532
by_direct_callsite (file:line):
   0 /opt/llama.cpp/ggml/src/ggml-cuda/ggml-cuda.cu:839 calls=8647 total_ms=36.385 avg_us=4.208 max_us=354
   1 /opt/llama.cpp/ggml/src/ggml-cuda/ggml-cuda.cu:900 calls=12 total_ms=5.841 avg_us=486.750 max_us=2532
   2 /opt/llama.cpp/ggml/src/ggml-cuda/ggml-cuda.cu:2665 calls=191 total_ms=0.280 avg_us=1.466 max_us=28
   3 /opt/llama.cpp/ggml/src/ggml-cuda/ggml-cuda.cu:847 calls=150 total_ms=0.150 avg_us=1.000 max_us=3
=== END CUDA SYNC PROFILE ===
backend-sync-trace: count=20400 backend=CUDA0 caller=ggml_backend_sched_graph_compute_async_ext+0xecc

=== CUDA SYNC PROFILE (instrumentation only) ===
total_syncs = 20400
total_wait_ms = 11407.450
max_wait_us = 141865
sites = 5
wait_hist_us = logarithmic buckets
  hist[0] = 18588
  hist[1] = 1012
  hist[2] = 27
  hist[3] = 20
  hist[4] = 12
  hist[9] = 143
  hist[10] = 293
  hist[11] = 58
  hist[14] = 89
  hist[15] = 135
  hist[16] = 22
  hist[17] = 1
by_callsite (caller PC; symbolize with addr2line):
   0 caller=0x78b11f95c0d2 calls=8244 total_ms=11400.645 avg_us=1382.902 max_us=141865
   1 caller=0x78b11f96098c calls=6696 total_ms=2.707 avg_us=0.404 max_us=26
   2 caller=0x78b11f96089c calls=2482 total_ms=2.174 avg_us=0.876 max_us=18
   3 caller=0x78b11f960abd calls=2482 total_ms=0.979 avg_us=0.394 max_us=25
   4 caller=0x78b11f95f852 calls=496 total_ms=0.945 avg_us=1.905 max_us=15
direct_cudaStreamSynchronize: calls=9030 total_ms=42.786 max_us=2532
by_direct_callsite (file:line):
   0 /opt/llama.cpp/ggml/src/ggml-cuda/ggml-cuda.cu:839 calls=8677 total_ms=36.515 avg_us=4.208 max_us=354
   1 /opt/llama.cpp/ggml/src/ggml-cuda/ggml-cuda.cu:900 calls=12 total_ms=5.841 avg_us=486.750 max_us=2532
   2 /opt/llama.cpp/ggml/src/ggml-cuda/ggml-cuda.cu:2665 calls=191 total_ms=0.280 avg_us=1.466 max_us=28
   3 /opt/llama.cpp/ggml/src/ggml-cuda/ggml-cuda.cu:847 calls=150 total_ms=0.150 avg_us=1.000 max_us=3
=== END CUDA SYNC PROFILE ===
backend-sync-trace: count=20500 backend=CUDA0 caller=ggml_backend_sched_synchronize+0x62

=== CUDA SYNC PROFILE (instrumentation only) ===
total_syncs = 20500
total_wait_ms = 11507.337
max_wait_us = 141865
sites = 5
wait_hist_us = logarithmic buckets
  hist[0] = 18679
  hist[1] = 1016
  hist[2] = 28
  hist[3] = 20
  hist[4] = 12
  hist[9] = 144
  hist[10] = 294
  hist[11] = 58
  hist[14] = 89
  hist[15] = 137
  hist[16] = 22
  hist[17] = 1
by_callsite (caller PC; symbolize with addr2line):
   0 caller=0x78b11f95c0d2 calls=8276 total_ms=11500.498 avg_us=1389.620 max_us=141865
   1 caller=0x78b11f96098c calls=6737 total_ms=2.721 avg_us=0.404 max_us=26
   2 caller=0x78b11f96089c calls=2494 total_ms=2.185 avg_us=0.876 max_us=18
   3 caller=0x78b11f960abd calls=2494 total_ms=0.982 avg_us=0.394 max_us=25
   4 caller=0x78b11f95f852 calls=499 total_ms=0.951 avg_us=1.906 max_us=15
direct_cudaStreamSynchronize: calls=9081 total_ms=42.984 max_us=2532
by_direct_callsite (file:line):
   0 /opt/llama.cpp/ggml/src/ggml-cuda/ggml-cuda.cu:839 calls=8728 total_ms=36.713 avg_us=4.206 max_us=354
   1 /opt/llama.cpp/ggml/src/ggml-cuda/ggml-cuda.cu:900 calls=12 total_ms=5.841 avg_us=486.750 max_us=2532
   2 /opt/llama.cpp/ggml/src/ggml-cuda/ggml-cuda.cu:2665 calls=191 total_ms=0.280 avg_us=1.466 max_us=28
   3 /opt/llama.cpp/ggml/src/ggml-cuda/ggml-cuda.cu:847 calls=150 total_ms=0.150 avg_us=1.000 max_us=3
=== END CUDA SYNC PROFILE ===

=== CUDA SYNC PROFILE (instrumentation only) ===
total_syncs = 20553
total_wait_ms = 11509.400
max_wait_us = 141865
sites = 5
wait_hist_us = logarithmic buckets
  hist[0] = 18728
  hist[1] = 1018
  hist[2] = 28
  hist[3] = 20
  hist[4] = 12
  hist[9] = 145
  hist[10] = 295
  hist[11] = 58
  hist[14] = 89
  hist[15] = 137
  hist[16] = 22
  hist[17] = 1
by_callsite (caller PC; symbolize with addr2line):
   0 caller=0x78b11f95c0d2 calls=8300 total_ms=11502.542 avg_us=1385.848 max_us=141865
   1 caller=0x78b11f96098c calls=6749 total_ms=2.726 avg_us=0.404 max_us=26
   2 caller=0x78b11f96089c calls=2502 total_ms=2.194 avg_us=0.877 max_us=18
   3 caller=0x78b11f960abd calls=2502 total_ms=0.985 avg_us=0.394 max_us=25
   4 caller=0x78b11f95f852 calls=500 total_ms=0.953 avg_us=1.906 max_us=15
direct_cudaStreamSynchronize: calls=9100 total_ms=43.069 max_us=2532
by_direct_callsite (file:line):
   0 /opt/llama.cpp/ggml/src/ggml-cuda/ggml-cuda.cu:839 calls=8747 total_ms=36.798 avg_us=4.207 max_us=354
   1 /opt/llama.cpp/ggml/src/ggml-cuda/ggml-cuda.cu:900 calls=12 total_ms=5.841 avg_us=486.750 max_us=2532
   2 /opt/llama.cpp/ggml/src/ggml-cuda/ggml-cuda.cu:2665 calls=191 total_ms=0.280 avg_us=1.466 max_us=28
   3 /opt/llama.cpp/ggml/src/ggml-cuda/ggml-cuda.cu:847 calls=150 total_ms=0.150 avg_us=1.000 max_us=3
=== END CUDA SYNC PROFILE ===
backend-sync-trace: count=20600 backend=CUDA0 caller=ggml_backend_sched_graph_compute_async_ext+0xddc

=== CUDA SYNC PROFILE (instrumentation only) ===
total_syncs = 20600
total_wait_ms = 11544.876
max_wait_us = 141865
sites = 5
wait_hist_us = logarithmic buckets
  hist[0] = 18772
  hist[1] = 1020
  hist[2] = 28
  hist[3] = 20
  hist[4] = 12
  hist[9] = 145
  hist[10] = 295
  hist[11] = 58
  hist[14] = 89
  hist[15] = 138
  hist[16] = 22
  hist[17] = 1
by_callsite (caller PC; symbolize with addr2line):
   0 caller=0x78b11f95c0d2 calls=8323 total_ms=11538.001 avg_us=1386.279 max_us=141865
   1 caller=0x78b11f96098c calls=6764 total_ms=2.734 avg_us=0.404 max_us=26
   2 caller=0x78b11f96089c calls=2506 total_ms=2.198 avg_us=0.877 max_us=18
   3 caller=0x78b11f960abd calls=2505 total_ms=0.986 avg_us=0.394 max_us=25
   4 caller=0x78b11f95f852 calls=502 total_ms=0.957 avg_us=1.906 max_us=15
direct_cudaStreamSynchronize: calls=9117 total_ms=43.143 max_us=2532
by_direct_callsite (file:line):
   0 /opt/llama.cpp/ggml/src/ggml-cuda/ggml-cuda.cu:839 calls=8764 total_ms=36.872 avg_us=4.207 max_us=354
   1 /opt/llama.cpp/ggml/src/ggml-cuda/ggml-cuda.cu:900 calls=12 total_ms=5.841 avg_us=486.750 max_us=2532
   2 /opt/llama.cpp/ggml/src/ggml-cuda/ggml-cuda.cu:2665 calls=191 total_ms=0.280 avg_us=1.466 max_us=28
   3 /opt/llama.cpp/ggml/src/ggml-cuda/ggml-cuda.cu:847 calls=150 total_ms=0.150 avg_us=1.000 max_us=3
=== END CUDA SYNC PROFILE ===
backend-sync-trace: count=20700 backend=CUDA0 caller=ggml_backend_sched_synchronize+0x62

=== CUDA SYNC PROFILE (instrumentation only) ===
total_syncs = 20700
total_wait_ms = 11581.246
max_wait_us = 141865
sites = 5
wait_hist_us = logarithmic buckets
  hist[0] = 18864
  hist[1] = 1023
  hist[2] = 28
  hist[3] = 20
  hist[4] = 12
  hist[9] = 147
  hist[10] = 297
  hist[11] = 58
  hist[14] = 90
  hist[15] = 138
  hist[16] = 22
  hist[17] = 1
by_callsite (caller PC; symbolize with addr2line):
   0 caller=0x78b11f95c0d2 calls=8361 total_ms=11574.337 avg_us=1384.324 max_us=141865
   1 caller=0x78b11f96098c calls=6799 total_ms=2.751 avg_us=0.405 max_us=26
   2 caller=0x78b11f96089c calls=2518 total_ms=2.206 avg_us=0.876 max_us=18
   3 caller=0x78b11f960abd calls=2518 total_ms=0.992 avg_us=0.394 max_us=25
   4 caller=0x78b11f95f852 calls=504 total_ms=0.960 avg_us=1.905 max_us=15
direct_cudaStreamSynchronize: calls=9163 total_ms=43.334 max_us=2532
by_direct_callsite (file:line):
   0 /opt/llama.cpp/ggml/src/ggml-cuda/ggml-cuda.cu:839 calls=8810 total_ms=37.063 avg_us=4.207 max_us=354
   1 /opt/llama.cpp/ggml/src/ggml-cuda/ggml-cuda.cu:900 calls=12 total_ms=5.841 avg_us=486.750 max_us=2532
   2 /opt/llama.cpp/ggml/src/ggml-cuda/ggml-cuda.cu:2665 calls=191 total_ms=0.280 avg_us=1.466 max_us=28
   3 /opt/llama.cpp/ggml/src/ggml-cuda/ggml-cuda.cu:847 calls=150 total_ms=0.150 avg_us=1.000 max_us=3
=== END CUDA SYNC PROFILE ===

=== CUDA SYNC PROFILE (instrumentation only) ===
total_syncs = 20785
total_wait_ms = 11623.571
max_wait_us = 141865
sites = 5
wait_hist_us = logarithmic buckets
  hist[0] = 18942
  hist[1] = 1027
  hist[2] = 28
  hist[3] = 20
  hist[4] = 12
  hist[9] = 147
  hist[10] = 298
  hist[11] = 59
  hist[14] = 90
  hist[15] = 139
  hist[16] = 22
  hist[17] = 1
by_callsite (caller PC; symbolize with addr2line):
   0 caller=0x78b11f95c0d2 calls=8393 total_ms=11616.630 avg_us=1384.086 max_us=141865
   1 caller=0x78b11f96098c calls=6826 total_ms=2.762 avg_us=0.405 max_us=26
   2 caller=0x78b11f96089c calls=2530 total_ms=2.219 avg_us=0.877 max_us=18
   3 caller=0x78b11f960abd calls=2530 total_ms=0.997 avg_us=0.394 max_us=25
   4 caller=0x78b11f95f852 calls=506 total_ms=0.963 avg_us=1.903 max_us=15
direct_cudaStreamSynchronize: calls=9200 total_ms=43.481 max_us=2532
by_direct_callsite (file:line):
   0 /opt/llama.cpp/ggml/src/ggml-cuda/ggml-cuda.cu:839 calls=8847 total_ms=37.210 avg_us=4.206 max_us=354
   1 /opt/llama.cpp/ggml/src/ggml-cuda/ggml-cuda.cu:900 calls=12 total_ms=5.841 avg_us=486.750 max_us=2532
   2 /opt/llama.cpp/ggml/src/ggml-cuda/ggml-cuda.cu:2665 calls=191 total_ms=0.280 avg_us=1.466 max_us=28
   3 /opt/llama.cpp/ggml/src/ggml-cuda/ggml-cuda.cu:847 calls=150 total_ms=0.150 avg_us=1.000 max_us=3
=== END CUDA SYNC PROFILE ===
backend-sync-trace: count=20800 backend=CUDA0 caller=ggml_backend_sched_graph_compute_async_ext+0xecc

=== CUDA SYNC PROFILE (instrumentation only) ===
total_syncs = 20800
total_wait_ms = 11623.601
max_wait_us = 141865
sites = 5
wait_hist_us = logarithmic buckets
  hist[0] = 18956
  hist[1] = 1027
  hist[2] = 28
  hist[3] = 20
  hist[4] = 13
  hist[9] = 147
  hist[10] = 298
  hist[11] = 59
  hist[14] = 90
  hist[15] = 139
  hist[16] = 22
  hist[17] = 1
by_callsite (caller PC; symbolize with addr2line):
   0 caller=0x78b11f95c0d2 calls=8393 total_ms=11616.630 avg_us=1384.086 max_us=141865
   1 caller=0x78b11f96098c calls=6837 total_ms=2.790 avg_us=0.408 max_us=26
   2 caller=0x78b11f96089c calls=2532 total_ms=2.220 avg_us=0.877 max_us=18
   3 caller=0x78b11f960abd calls=2532 total_ms=0.998 avg_us=0.394 max_us=25
   4 caller=0x78b11f95f852 calls=506 total_ms=0.963 avg_us=1.903 max_us=15
direct_cudaStreamSynchronize: calls=9211 total_ms=43.554 max_us=2532
by_direct_callsite (file:line):
   0 /opt/llama.cpp/ggml/src/ggml-cuda/ggml-cuda.cu:839 calls=8858 total_ms=37.283 avg_us=4.209 max_us=354
   1 /opt/llama.cpp/ggml/src/ggml-cuda/ggml-cuda.cu:900 calls=12 total_ms=5.841 avg_us=486.750 max_us=2532
   2 /opt/llama.cpp/ggml/src/ggml-cuda/ggml-cuda.cu:2665 calls=191 total_ms=0.280 avg_us=1.466 max_us=28
   3 /opt/llama.cpp/ggml/src/ggml-cuda/ggml-cuda.cu:847 calls=150 total_ms=0.150 avg_us=1.000 max_us=3
=== END CUDA SYNC PROFILE ===
backend-sync-trace: count=20900 backend=CUDA0 caller=ggml_backend_sched_synchronize+0x62

=== CUDA SYNC PROFILE (instrumentation only) ===
total_syncs = 20900
total_wait_ms = 11684.784
max_wait_us = 141865
sites = 5
wait_hist_us = logarithmic buckets
  hist[0] = 19045
  hist[1] = 1031
  hist[2] = 31
  hist[3] = 20
  hist[4] = 13
  hist[9] = 147
  hist[10] = 300
  hist[11] = 59
  hist[14] = 92
  hist[15] = 139
  hist[16] = 22
  hist[17] = 1
by_callsite (caller PC; symbolize with addr2line):
   0 caller=0x78b11f95c0d2 calls=8431 total_ms=11677.771 avg_us=1385.099 max_us=141865
   1 caller=0x78b11f96098c calls=6872 total_ms=2.808 avg_us=0.409 max_us=26
   2 caller=0x78b11f96089c calls=2544 total_ms=2.231 avg_us=0.877 max_us=18
   3 caller=0x78b11f960abd calls=2544 total_ms=1.004 avg_us=0.395 max_us=25
   4 caller=0x78b11f95f852 calls=509 total_ms=0.970 avg_us=1.906 max_us=15
direct_cudaStreamSynchronize: calls=9256 total_ms=43.742 max_us=2532
by_direct_callsite (file:line):
   0 /opt/llama.cpp/ggml/src/ggml-cuda/ggml-cuda.cu:839 calls=8903 total_ms=37.471 avg_us=4.209 max_us=354
   1 /opt/llama.cpp/ggml/src/ggml-cuda/ggml-cuda.cu:900 calls=12 total_ms=5.841 avg_us=486.750 max_us=2532
   2 /opt/llama.cpp/ggml/src/ggml-cuda/ggml-cuda.cu:2665 calls=191 total_ms=0.280 avg_us=1.466 max_us=28
   3 /opt/llama.cpp/ggml/src/ggml-cuda/ggml-cuda.cu:847 calls=150 total_ms=0.150 avg_us=1.000 max_us=3
=== END CUDA SYNC PROFILE ===
backend-sync-trace: count=21000 backend=CUDA0 caller=ggml_backend_sched_synchronize+0x62

=== CUDA SYNC PROFILE (instrumentation only) ===
total_syncs = 21000
total_wait_ms = 11721.589
max_wait_us = 141865
sites = 5
wait_hist_us = logarithmic buckets
  hist[0] = 19135
  hist[1] = 1036
  hist[2] = 31
  hist[3] = 20
  hist[4] = 14
  hist[9] = 148
  hist[10] = 302
  hist[11] = 59
  hist[14] = 92
  hist[15] = 140
  hist[16] = 22
  hist[17] = 1
by_callsite (caller PC; symbolize with addr2line):
   0 caller=0x78b11f95c0d2 calls=8473 total_ms=11714.520 avg_us=1382.571 max_us=141865
   1 caller=0x78b11f96098c calls=6903 total_ms=2.823 avg_us=0.409 max_us=26
   2 caller=0x78b11f96089c calls=2556 total_ms=2.260 avg_us=0.884 max_us=22
   3 caller=0x78b11f960abd calls=2556 total_ms=1.008 avg_us=0.394 max_us=25
   4 caller=0x78b11f95f852 calls=512 total_ms=0.978 avg_us=1.910 max_us=15
direct_cudaStreamSynchronize: calls=9297 total_ms=43.902 max_us=2532
by_direct_callsite (file:line):
   0 /opt/llama.cpp/ggml/src/ggml-cuda/ggml-cuda.cu:839 calls=8944 total_ms=37.631 avg_us=4.207 max_us=354
   1 /opt/llama.cpp/ggml/src/ggml-cuda/ggml-cuda.cu:900 calls=12 total_ms=5.841 avg_us=486.750 max_us=2532
   2 /opt/llama.cpp/ggml/src/ggml-cuda/ggml-cuda.cu:2665 calls=191 total_ms=0.280 avg_us=1.466 max_us=28
   3 /opt/llama.cpp/ggml/src/ggml-cuda/ggml-cuda.cu:847 calls=150 total_ms=0.150 avg_us=1.000 max_us=3
=== END CUDA SYNC PROFILE ===

=== CUDA SYNC PROFILE (instrumentation only) ===
total_syncs = 21011
total_wait_ms = 11721.596
max_wait_us = 141865
sites = 5
wait_hist_us = logarithmic buckets
  hist[0] = 19146
  hist[1] = 1036
  hist[2] = 31
  hist[3] = 20
  hist[4] = 14
  hist[9] = 148
  hist[10] = 302
  hist[11] = 59
  hist[14] = 92
  hist[15] = 140
  hist[16] = 22
  hist[17] = 1
by_callsite (caller PC; symbolize with addr2line):
   0 caller=0x78b11f95c0d2 calls=8479 total_ms=11714.525 avg_us=1381.593 max_us=141865
   1 caller=0x78b11f96098c calls=6904 total_ms=2.824 avg_us=0.409 max_us=26
   2 caller=0x78b11f96089c calls=2558 total_ms=2.261 avg_us=0.884 max_us=22
   3 caller=0x78b11f960abd calls=2558 total_ms=1.008 avg_us=0.394 max_us=25
   4 caller=0x78b11f95f852 calls=512 total_ms=0.978 avg_us=1.910 max_us=15
direct_cudaStreamSynchronize: calls=9300 total_ms=43.914 max_us=2532
by_direct_callsite (file:line):
   0 /opt/llama.cpp/ggml/src/ggml-cuda/ggml-cuda.cu:839 calls=8947 total_ms=37.643 avg_us=4.207 max_us=354
   1 /opt/llama.cpp/ggml/src/ggml-cuda/ggml-cuda.cu:900 calls=12 total_ms=5.841 avg_us=486.750 max_us=2532
   2 /opt/llama.cpp/ggml/src/ggml-cuda/ggml-cuda.cu:2665 calls=191 total_ms=0.280 avg_us=1.466 max_us=28
   3 /opt/llama.cpp/ggml/src/ggml-cuda/ggml-cuda.cu:847 calls=150 total_ms=0.150 avg_us=1.000 max_us=3
=== END CUDA SYNC PROFILE ===
backend-sync-trace: count=21100 backend=CUDA0 caller=ggml_backend_sched_graph_compute_async_ext+0xddc

=== CUDA SYNC PROFILE (instrumentation only) ===
total_syncs = 21100
total_wait_ms = 11754.393
max_wait_us = 141865
sites = 5
wait_hist_us = logarithmic buckets
  hist[0] = 19226
  hist[1] = 1041
  hist[2] = 31
  hist[3] = 20
  hist[4] = 14
  hist[9] = 149
  hist[10] = 304
  hist[11] = 59
  hist[14] = 93
  hist[15] = 140
  hist[16] = 22
  hist[17] = 1
by_callsite (caller PC; symbolize with addr2line):
   0 caller=0x78b11f95c0d2 calls=8511 total_ms=11747.292 avg_us=1380.248 max_us=141865
   1 caller=0x78b11f96098c calls=6934 total_ms=2.833 avg_us=0.409 max_us=26
   2 caller=0x78b11f96089c calls=2571 total_ms=2.275 avg_us=0.885 max_us=22
   3 caller=0x78b11f960abd calls=2570 total_ms=1.011 avg_us=0.393 max_us=25
   4 caller=0x78b11f95f852 calls=514 total_ms=0.982 avg_us=1.911 max_us=15
direct_cudaStreamSynchronize: calls=9340 total_ms=44.067 max_us=2532
by_direct_callsite (file:line):
   0 /opt/llama.cpp/ggml/src/ggml-cuda/ggml-cuda.cu:839 calls=8987 total_ms=37.796 avg_us=4.206 max_us=354
   1 /opt/llama.cpp/ggml/src/ggml-cuda/ggml-cuda.cu:900 calls=12 total_ms=5.841 avg_us=486.750 max_us=2532
   2 /opt/llama.cpp/ggml/src/ggml-cuda/ggml-cuda.cu:2665 calls=191 total_ms=0.280 avg_us=1.466 max_us=28
   3 /opt/llama.cpp/ggml/src/ggml-cuda/ggml-cuda.cu:847 calls=150 total_ms=0.150 avg_us=1.000 max_us=3
=== END CUDA SYNC PROFILE ===
backend-sync-trace: count=21200 backend=CUDA0 caller=ggml_backend_sched_graph_compute_async_ext+0xecc

=== CUDA SYNC PROFILE (instrumentation only) ===
total_syncs = 21200
total_wait_ms = 11789.847
max_wait_us = 141865
sites = 5
wait_hist_us = logarithmic buckets
  hist[0] = 19318
  hist[1] = 1046
  hist[2] = 31
  hist[3] = 20
  hist[4] = 14
  hist[9] = 151
  hist[10] = 304
  hist[11] = 59
  hist[14] = 93
  hist[15] = 141
  hist[16] = 22
  hist[17] = 1
by_callsite (caller PC; symbolize with addr2line):
   0 caller=0x78b11f95c0d2 calls=8548 total_ms=11782.716 avg_us=1378.418 max_us=141865
   1 caller=0x78b11f96098c calls=6972 total_ms=2.846 avg_us=0.408 max_us=26
   2 caller=0x78b11f96089c calls=2582 total_ms=2.286 avg_us=0.885 max_us=22
   3 caller=0x78b11f960abd calls=2582 total_ms=1.013 avg_us=0.392 max_us=25
   4 caller=0x78b11f95f852 calls=516 total_ms=0.986 avg_us=1.911 max_us=15
direct_cudaStreamSynchronize: calls=9386 total_ms=44.262 max_us=2532
by_direct_callsite (file:line):
   0 /opt/llama.cpp/ggml/src/ggml-cuda/ggml-cuda.cu:839 calls=9033 total_ms=37.991 avg_us=4.206 max_us=354
   1 /opt/llama.cpp/ggml/src/ggml-cuda/ggml-cuda.cu:900 calls=12 total_ms=5.841 avg_us=486.750 max_us=2532
   2 /opt/llama.cpp/ggml/src/ggml-cuda/ggml-cuda.cu:2665 calls=191 total_ms=0.280 avg_us=1.466 max_us=28
   3 /opt/llama.cpp/ggml/src/ggml-cuda/ggml-cuda.cu:847 calls=150 total_ms=0.150 avg_us=1.000 max_us=3
=== END CUDA SYNC PROFILE ===

=== CUDA SYNC PROFILE (instrumentation only) ===
total_syncs = 21243
total_wait_ms = 11818.752
max_wait_us = 141865
sites = 5
wait_hist_us = logarithmic buckets
  hist[0] = 19359
  hist[1] = 1047
  hist[2] = 31
  hist[3] = 20
  hist[4] = 14
  hist[9] = 151
  hist[10] = 304
  hist[11] = 59
  hist[14] = 94
  hist[15] = 141
  hist[16] = 22
  hist[17] = 1
by_callsite (caller PC; symbolize with addr2line):
   0 caller=0x78b11f95c0d2 calls=8571 total_ms=11811.611 avg_us=1378.090 max_us=141865
   1 caller=0x78b11f96098c calls=6982 total_ms=2.848 avg_us=0.408 max_us=26
   2 caller=0x78b11f96089c calls=2586 total_ms=2.289 avg_us=0.885 max_us=22
   3 caller=0x78b11f960abd calls=2586 total_ms=1.014 avg_us=0.392 max_us=25
   4 caller=0x78b11f95f852 calls=518 total_ms=0.990 avg_us=1.911 max_us=15
direct_cudaStreamSynchronize: calls=9400 total_ms=44.314 max_us=2532
by_direct_callsite (file:line):
   0 /opt/llama.cpp/ggml/src/ggml-cuda/ggml-cuda.cu:839 calls=9047 total_ms=38.043 avg_us=4.205 max_us=354
   1 /opt/llama.cpp/ggml/src/ggml-cuda/ggml-cuda.cu:900 calls=12 total_ms=5.841 avg_us=486.750 max_us=2532
   2 /opt/llama.cpp/ggml/src/ggml-cuda/ggml-cuda.cu:2665 calls=191 total_ms=0.280 avg_us=1.466 max_us=28
   3 /opt/llama.cpp/ggml/src/ggml-cuda/ggml-cuda.cu:847 calls=150 total_ms=0.150 avg_us=1.000 max_us=3
=== END CUDA SYNC PROFILE ===
backend-sync-trace: count=21300 backend=CUDA0 caller=ggml_backend_sched_graph_compute_async_ext+0xecc

=== CUDA SYNC PROFILE (instrumentation only) ===
total_syncs = 21300
total_wait_ms = 11865.154
max_wait_us = 141865
sites = 5
wait_hist_us = logarithmic buckets
  hist[0] = 19410
  hist[1] = 1050
  hist[2] = 31
  hist[3] = 20
  hist[4] = 14
  hist[9] = 151
  hist[10] = 306
  hist[11] = 59
  hist[14] = 94
  hist[15] = 142
  hist[16] = 22
  hist[17] = 1
by_callsite (caller PC; symbolize with addr2line):
   0 caller=0x78b11f95c0d2 calls=8587 total_ms=11857.996 avg_us=1380.924 max_us=141865
   1 caller=0x78b11f96098c calls=7006 total_ms=2.854 avg_us=0.407 max_us=26
   2 caller=0x78b11f96089c calls=2594 total_ms=2.294 avg_us=0.884 max_us=22
   3 caller=0x78b11f960abd calls=2594 total_ms=1.018 avg_us=0.392 max_us=25
   4 caller=0x78b11f95f852 calls=519 total_ms=0.992 avg_us=1.911 max_us=15
direct_cudaStreamSynchronize: calls=9430 total_ms=44.439 max_us=2532
by_direct_callsite (file:line):
   0 /opt/llama.cpp/ggml/src/ggml-cuda/ggml-cuda.cu:839 calls=9077 total_ms=38.168 avg_us=4.205 max_us=354
   1 /opt/llama.cpp/ggml/src/ggml-cuda/ggml-cuda.cu:900 calls=12 total_ms=5.841 avg_us=486.750 max_us=2532
   2 /opt/llama.cpp/ggml/src/ggml-cuda/ggml-cuda.cu:2665 calls=191 total_ms=0.280 avg_us=1.466 max_us=28
   3 /opt/llama.cpp/ggml/src/ggml-cuda/ggml-cuda.cu:847 calls=150 total_ms=0.150 avg_us=1.000 max_us=3
=== END CUDA SYNC PROFILE ===
backend-sync-trace: count=21400 backend=CUDA0 caller=ggml_backend_sched_graph_compute_async_ext+0xddc

=== CUDA SYNC PROFILE (instrumentation only) ===
total_syncs = 21400
total_wait_ms = 11923.183
max_wait_us = 141865
sites = 5
wait_hist_us = logarithmic buckets
  hist[0] = 19503
  hist[1] = 1054
  hist[2] = 31
  hist[3] = 20
  hist[4] = 14
  hist[9] = 151
  hist[10] = 308
  hist[11] = 59
  hist[14] = 94
  hist[15] = 143
  hist[16] = 22
  hist[17] = 1
by_callsite (caller PC; symbolize with addr2line):
   0 caller=0x78b11f95c0d2 calls=8633 total_ms=11915.999 avg_us=1380.285 max_us=141865
   1 caller=0x78b11f96098c calls=7034 total_ms=2.862 avg_us=0.407 max_us=26
   2 caller=0x78b11f96089c calls=2606 total_ms=2.304 avg_us=0.884 max_us=22
   3 caller=0x78b11f960abd calls=2605 total_ms=1.021 avg_us=0.392 max_us=25
   4 caller=0x78b11f95f852 calls=522 total_ms=0.997 avg_us=1.910 max_us=15
direct_cudaStreamSynchronize: calls=9467 total_ms=44.584 max_us=2532
by_direct_callsite (file:line):
   0 /opt/llama.cpp/ggml/src/ggml-cuda/ggml-cuda.cu:839 calls=9114 total_ms=38.313 avg_us=4.204 max_us=354
   1 /opt/llama.cpp/ggml/src/ggml-cuda/ggml-cuda.cu:900 calls=12 total_ms=5.841 avg_us=486.750 max_us=2532
   2 /opt/llama.cpp/ggml/src/ggml-cuda/ggml-cuda.cu:2665 calls=191 total_ms=0.280 avg_us=1.466 max_us=28
   3 /opt/llama.cpp/ggml/src/ggml-cuda/ggml-cuda.cu:847 calls=150 total_ms=0.150 avg_us=1.000 max_us=3
=== END CUDA SYNC PROFILE ===

=== CUDA SYNC PROFILE (instrumentation only) ===
total_syncs = 21459
total_wait_ms = 11995.053
max_wait_us = 141865
sites = 5
wait_hist_us = logarithmic buckets
  hist[0] = 19558
  hist[1] = 1055
  hist[2] = 31
  hist[3] = 20
  hist[4] = 14
  hist[9] = 151
  hist[10] = 309
  hist[11] = 60
  hist[14] = 94
  hist[15] = 143
  hist[16] = 23
  hist[17] = 1
by_callsite (caller PC; symbolize with addr2line):
   0 caller=0x78b11f95c0d2 calls=8649 total_ms=11987.854 avg_us=1386.039 max_us=141865
   1 caller=0x78b11f96098c calls=7059 total_ms=2.867 avg_us=0.406 max_us=26
   2 caller=0x78b11f96089c calls=2614 total_ms=2.312 avg_us=0.884 max_us=22
   3 caller=0x78b11f960abd calls=2614 total_ms=1.022 avg_us=0.391 max_us=25
   4 caller=0x78b11f95f852 calls=523 total_ms=0.998 avg_us=1.908 max_us=15
direct_cudaStreamSynchronize: calls=9500 total_ms=44.720 max_us=2532
by_direct_callsite (file:line):
   0 /opt/llama.cpp/ggml/src/ggml-cuda/ggml-cuda.cu:839 calls=9147 total_ms=38.449 avg_us=4.203 max_us=354
   1 /opt/llama.cpp/ggml/src/ggml-cuda/ggml-cuda.cu:900 calls=12 total_ms=5.841 avg_us=486.750 max_us=2532
   2 /opt/llama.cpp/ggml/src/ggml-cuda/ggml-cuda.cu:2665 calls=191 total_ms=0.280 avg_us=1.466 max_us=28
   3 /opt/llama.cpp/ggml/src/ggml-cuda/ggml-cuda.cu:847 calls=150 total_ms=0.150 avg_us=1.000 max_us=3
=== END CUDA SYNC PROFILE ===
backend-sync-trace: count=21500 backend=CUDA0 caller=ggml_backend_sched_graph_compute_async_ext+0xffd

=== CUDA SYNC PROFILE (instrumentation only) ===
total_syncs = 21500
total_wait_ms = 11996.519
max_wait_us = 141865
sites = 5
wait_hist_us = logarithmic buckets
  hist[0] = 19596
  hist[1] = 1057
  hist[2] = 31
  hist[3] = 20
  hist[4] = 14
  hist[9] = 151
  hist[10] = 310
  hist[11] = 60
  hist[14] = 94
  hist[15] = 143
  hist[16] = 23
  hist[17] = 1
by_callsite (caller PC; symbolize with addr2line):
   0 caller=0x78b11f95c0d2 calls=8677 total_ms=11989.309 avg_us=1381.734 max_us=141865
   1 caller=0x78b11f96098c calls=7065 total_ms=2.871 avg_us=0.406 max_us=26
   2 caller=0x78b11f96089c calls=2617 total_ms=2.315 avg_us=0.885 max_us=22
   3 caller=0x78b11f960abd calls=2617 total_ms=1.024 avg_us=0.391 max_us=25
   4 caller=0x78b11f95f852 calls=524 total_ms=1.000 avg_us=1.908 max_us=15
direct_cudaStreamSynchronize: calls=9507 total_ms=44.742 max_us=2532
by_direct_callsite (file:line):
   0 /opt/llama.cpp/ggml/src/ggml-cuda/ggml-cuda.cu:839 calls=9154 total_ms=38.471 avg_us=4.203 max_us=354
   1 /opt/llama.cpp/ggml/src/ggml-cuda/ggml-cuda.cu:900 calls=12 total_ms=5.841 avg_us=486.750 max_us=2532
   2 /opt/llama.cpp/ggml/src/ggml-cuda/ggml-cuda.cu:2665 calls=191 total_ms=0.280 avg_us=1.466 max_us=28
   3 /opt/llama.cpp/ggml/src/ggml-cuda/ggml-cuda.cu:847 calls=150 total_ms=0.150 avg_us=1.000 max_us=3
=== END CUDA SYNC PROFILE ===
backend-sync-trace: count=21600 backend=CUDA0 caller=ggml_backend_sched_graph_compute_async_ext+0xddc

=== CUDA SYNC PROFILE (instrumentation only) ===
total_syncs = 21600
total_wait_ms = 12050.005
max_wait_us = 141865
sites = 5
wait_hist_us = logarithmic buckets
  hist[0] = 19687
  hist[1] = 1062
  hist[2] = 31
  hist[3] = 20
  hist[4] = 14
  hist[9] = 151
  hist[10] = 312
  hist[11] = 61
  hist[14] = 94
  hist[15] = 144
  hist[16] = 23
  hist[17] = 1
by_callsite (caller PC; symbolize with addr2line):
   0 caller=0x78b11f95c0d2 calls=8715 total_ms=12042.768 avg_us=1381.844 max_us=141865
   1 caller=0x78b11f96098c calls=7096 total_ms=2.882 avg_us=0.406 max_us=26
   2 caller=0x78b11f96089c calls=2632 total_ms=2.323 avg_us=0.883 max_us=22
   3 caller=0x78b11f960abd calls=2631 total_ms=1.028 avg_us=0.391 max_us=25
   4 caller=0x78b11f95f852 calls=526 total_ms=1.004 avg_us=1.909 max_us=15
direct_cudaStreamSynchronize: calls=9550 total_ms=44.910 max_us=2532
by_direct_callsite (file:line):
   0 /opt/llama.cpp/ggml/src/ggml-cuda/ggml-cuda.cu:839 calls=9197 total_ms=38.639 avg_us=4.201 max_us=354
   1 /opt/llama.cpp/ggml/src/ggml-cuda/ggml-cuda.cu:900 calls=12 total_ms=5.841 avg_us=486.750 max_us=2532
   2 /opt/llama.cpp/ggml/src/ggml-cuda/ggml-cuda.cu:2665 calls=191 total_ms=0.280 avg_us=1.466 max_us=28
   3 /opt/llama.cpp/ggml/src/ggml-cuda/ggml-cuda.cu:847 calls=150 total_ms=0.150 avg_us=1.000 max_us=3
=== END CUDA SYNC PROFILE ===
backend-sync-trace: count=21700 backend=CUDA0 caller=ggml_backend_sched_graph_compute_async_ext+0xecc

=== CUDA SYNC PROFILE (instrumentation only) ===
total_syncs = 21700
total_wait_ms = 12131.756
max_wait_us = 141865
sites = 5
wait_hist_us = logarithmic buckets
  hist[0] = 19781
  hist[1] = 1065
  hist[2] = 31
  hist[3] = 20
  hist[4] = 14
  hist[9] = 151
  hist[10] = 314
  hist[11] = 61
  hist[14] = 94
  hist[15] = 144
  hist[16] = 24
  hist[17] = 1
by_callsite (caller PC; symbolize with addr2line):
   0 caller=0x78b11f95c0d2 calls=8752 total_ms=12124.495 avg_us=1385.340 max_us=141865
   1 caller=0x78b11f96098c calls=7136 total_ms=2.893 avg_us=0.405 max_us=26
   2 caller=0x78b11f96089c calls=2642 total_ms=2.330 avg_us=0.882 max_us=22
   3 caller=0x78b11f960abd calls=2642 total_ms=1.031 avg_us=0.390 max_us=25
   4 caller=0x78b11f95f852 calls=528 total_ms=1.007 avg_us=1.907 max_us=15
direct_cudaStreamSynchronize: calls=9598 total_ms=45.104 max_us=2532
by_direct_callsite (file:line):
   0 /opt/llama.cpp/ggml/src/ggml-cuda/ggml-cuda.cu:839 calls=9245 total_ms=38.833 avg_us=4.200 max_us=354
   1 /opt/llama.cpp/ggml/src/ggml-cuda/ggml-cuda.cu:900 calls=12 total_ms=5.841 avg_us=486.750 max_us=2532
   2 /opt/llama.cpp/ggml/src/ggml-cuda/ggml-cuda.cu:2665 calls=191 total_ms=0.280 avg_us=1.466 max_us=28
   3 /opt/llama.cpp/ggml/src/ggml-cuda/ggml-cuda.cu:847 calls=150 total_ms=0.150 avg_us=1.000 max_us=3
=== END CUDA SYNC PROFILE ===

=== CUDA SYNC PROFILE (instrumentation only) ===
total_syncs = 21701
total_wait_ms = 12131.756
max_wait_us = 141865
sites = 5
wait_hist_us = logarithmic buckets
  hist[0] = 19782
  hist[1] = 1065
  hist[2] = 31
  hist[3] = 20
  hist[4] = 14
  hist[9] = 151
  hist[10] = 314
  hist[11] = 61
  hist[14] = 94
  hist[15] = 144
  hist[16] = 24
  hist[17] = 1
by_callsite (caller PC; symbolize with addr2line):
   0 caller=0x78b11f95c0d2 calls=8752 total_ms=12124.495 avg_us=1385.340 max_us=141865
   1 caller=0x78b11f96098c calls=7137 total_ms=2.893 avg_us=0.405 max_us=26
   2 caller=0x78b11f96089c calls=2642 total_ms=2.330 avg_us=0.882 max_us=22
   3 caller=0x78b11f960abd calls=2642 total_ms=1.031 avg_us=0.390 max_us=25
   4 caller=0x78b11f95f852 calls=528 total_ms=1.007 avg_us=1.907 max_us=15
direct_cudaStreamSynchronize: calls=9600 total_ms=45.110 max_us=2532
by_direct_callsite (file:line):
   0 /opt/llama.cpp/ggml/src/ggml-cuda/ggml-cuda.cu:839 calls=9247 total_ms=38.839 avg_us=4.200 max_us=354
   1 /opt/llama.cpp/ggml/src/ggml-cuda/ggml-cuda.cu:900 calls=12 total_ms=5.841 avg_us=486.750 max_us=2532
   2 /opt/llama.cpp/ggml/src/ggml-cuda/ggml-cuda.cu:2665 calls=191 total_ms=0.280 avg_us=1.466 max_us=28
   3 /opt/llama.cpp/ggml/src/ggml-cuda/ggml-cuda.cu:847 calls=150 total_ms=0.150 avg_us=1.000 max_us=3
=== END CUDA SYNC PROFILE ===
backend-sync-trace: count=21800 backend=CUDA0 caller=ggml_backend_sched_synchronize+0x62

=== CUDA SYNC PROFILE (instrumentation only) ===
total_syncs = 21800
total_wait_ms = 12243.907
max_wait_us = 141865
sites = 5
wait_hist_us = logarithmic buckets
  hist[0] = 19872
  hist[1] = 1070
  hist[2] = 31
  hist[3] = 20
  hist[4] = 14
  hist[9] = 151
  hist[10] = 316
  hist[11] = 61
  hist[14] = 94
  hist[15] = 146
  hist[16] = 24
  hist[17] = 1
by_callsite (caller PC; symbolize with addr2line):
   0 caller=0x78b11f95c0d2 calls=8792 total_ms=12236.621 avg_us=1391.790 max_us=141865
   1 caller=0x78b11f96098c calls=7169 total_ms=2.903 avg_us=0.405 max_us=26
   2 caller=0x78b11f96089c calls=2654 total_ms=2.336 avg_us=0.880 max_us=22
   3 caller=0x78b11f960abd calls=2654 total_ms=1.035 avg_us=0.390 max_us=25
   4 caller=0x78b11f95f852 calls=531 total_ms=1.012 avg_us=1.906 max_us=15
direct_cudaStreamSynchronize: calls=9641 total_ms=45.278 max_us=2532
by_direct_callsite (file:line):
   0 /opt/llama.cpp/ggml/src/ggml-cuda/ggml-cuda.cu:839 calls=9288 total_ms=39.007 avg_us=4.200 max_us=354
   1 /opt/llama.cpp/ggml/src/ggml-cuda/ggml-cuda.cu:900 calls=12 total_ms=5.841 avg_us=486.750 max_us=2532
   2 /opt/llama.cpp/ggml/src/ggml-cuda/ggml-cuda.cu:2665 calls=191 total_ms=0.280 avg_us=1.466 max_us=28
   3 /opt/llama.cpp/ggml/src/ggml-cuda/ggml-cuda.cu:847 calls=150 total_ms=0.150 avg_us=1.000 max_us=3
=== END CUDA SYNC PROFILE ===
backend-sync-trace: count=21900 backend=CUDA0 caller=ggml_backend_sched_synchronize+0x62

=== CUDA SYNC PROFILE (instrumentation only) ===
total_syncs = 21900
total_wait_ms = 12302.651
max_wait_us = 141865
sites = 5
wait_hist_us = logarithmic buckets
  hist[0] = 19952
  hist[1] = 1086
  hist[2] = 31
  hist[3] = 21
  hist[4] = 14
  hist[9] = 151
  hist[10] = 317
  hist[11] = 62
  hist[14] = 94
  hist[15] = 147
  hist[16] = 24
  hist[17] = 1
by_callsite (caller PC; symbolize with addr2line):
   0 caller=0x78b11f95c0d2 calls=8843 total_ms=12295.307 avg_us=1390.400 max_us=141865
   1 caller=0x78b11f96098c calls=7196 total_ms=2.933 avg_us=0.408 max_us=26
   2 caller=0x78b11f96089c calls=2664 total_ms=2.354 avg_us=0.884 max_us=22
   3 caller=0x78b11f960abd calls=2664 total_ms=1.042 avg_us=0.391 max_us=25
   4 caller=0x78b11f95f852 calls=533 total_ms=1.015 avg_us=1.904 max_us=15
direct_cudaStreamSynchronize: calls=9676 total_ms=45.432 max_us=2532
by_direct_callsite (file:line):
   0 /opt/llama.cpp/ggml/src/ggml-cuda/ggml-cuda.cu:839 calls=9323 total_ms=39.161 avg_us=4.200 max_us=354
   1 /opt/llama.cpp/ggml/src/ggml-cuda/ggml-cuda.cu:900 calls=12 total_ms=5.841 avg_us=486.750 max_us=2532
   2 /opt/llama.cpp/ggml/src/ggml-cuda/ggml-cuda.cu:2665 calls=191 total_ms=0.280 avg_us=1.466 max_us=28
   3 /opt/llama.cpp/ggml/src/ggml-cuda/ggml-cuda.cu:847 calls=150 total_ms=0.150 avg_us=1.000 max_us=3
=== END CUDA SYNC PROFILE ===

=== CUDA SYNC PROFILE (instrumentation only) ===
total_syncs = 21954
total_wait_ms = 12306.976
max_wait_us = 141865
sites = 5
wait_hist_us = logarithmic buckets
  hist[0] = 20002
  hist[1] = 1088
  hist[2] = 31
  hist[3] = 21
  hist[4] = 14
  hist[9] = 151
  hist[10] = 318
  hist[11] = 63
  hist[14] = 94
  hist[15] = 147
  hist[16] = 24
  hist[17] = 1
by_callsite (caller PC; symbolize with addr2line):
   0 caller=0x78b11f95c0d2 calls=8863 total_ms=12299.619 avg_us=1387.749 max_us=141865
   1 caller=0x78b11f96098c calls=7213 total_ms=2.936 avg_us=0.407 max_us=26
   2 caller=0x78b11f96089c calls=2672 total_ms=2.358 avg_us=0.882 max_us=22
   3 caller=0x78b11f960abd calls=2672 total_ms=1.046 avg_us=0.391 max_us=25
   4 caller=0x78b11f95f852 calls=534 total_ms=1.017 avg_us=1.904 max_us=15
direct_cudaStreamSynchronize: calls=9700 total_ms=45.536 max_us=2532
by_direct_callsite (file:line):
   0 /opt/llama.cpp/ggml/src/ggml-cuda/ggml-cuda.cu:839 calls=9347 total_ms=39.265 avg_us=4.201 max_us=354
   1 /opt/llama.cpp/ggml/src/ggml-cuda/ggml-cuda.cu:900 calls=12 total_ms=5.841 avg_us=486.750 max_us=2532
   2 /opt/llama.cpp/ggml/src/ggml-cuda/ggml-cuda.cu:2665 calls=191 total_ms=0.280 avg_us=1.466 max_us=28
   3 /opt/llama.cpp/ggml/src/ggml-cuda/ggml-cuda.cu:847 calls=150 total_ms=0.150 avg_us=1.000 max_us=3
=== END CUDA SYNC PROFILE ===
backend-sync-trace: count=22000 backend=CUDA0 caller=ggml_backend_sched_graph_compute_async_ext+0xecc

=== CUDA SYNC PROFILE (instrumentation only) ===
total_syncs = 22000
total_wait_ms = 12365.788
max_wait_us = 141865
sites = 5
wait_hist_us = logarithmic buckets
  hist[0] = 20045
  hist[1] = 1090
  hist[2] = 31
  hist[3] = 21
  hist[4] = 14
  hist[9] = 151
  hist[10] = 318
  hist[11] = 63
  hist[14] = 94
  hist[15] = 148
  hist[16] = 24
  hist[17] = 1
by_callsite (caller PC; symbolize with addr2line):
   0 caller=0x78b11f95c0d2 calls=8886 total_ms=12358.419 avg_us=1390.774 max_us=141865
   1 caller=0x78b11f96098c calls=7226 total_ms=2.940 avg_us=0.407 max_us=26
   2 caller=0x78b11f96089c calls=2676 total_ms=2.361 avg_us=0.882 max_us=22
   3 caller=0x78b11f960abd calls=2676 total_ms=1.048 avg_us=0.392 max_us=25
   4 caller=0x78b11f95f852 calls=536 total_ms=1.020 avg_us=1.903 max_us=15
direct_cudaStreamSynchronize: calls=9715 total_ms=45.592 max_us=2532
by_direct_callsite (file:line):
   0 /opt/llama.cpp/ggml/src/ggml-cuda/ggml-cuda.cu:839 calls=9362 total_ms=39.321 avg_us=4.200 max_us=354
   1 /opt/llama.cpp/ggml/src/ggml-cuda/ggml-cuda.cu:900 calls=12 total_ms=5.841 avg_us=486.750 max_us=2532
   2 /opt/llama.cpp/ggml/src/ggml-cuda/ggml-cuda.cu:2665 calls=191 total_ms=0.280 avg_us=1.466 max_us=28
   3 /opt/llama.cpp/ggml/src/ggml-cuda/ggml-cuda.cu:847 calls=150 total_ms=0.150 avg_us=1.000 max_us=3
=== END CUDA SYNC PROFILE ===
backend-sync-trace: count=22100 backend=CUDA0 caller=ggml_backend_sched_graph_compute_async_ext+0xddc

=== CUDA SYNC PROFILE (instrumentation only) ===
total_syncs = 22100
total_wait_ms = 12409.133
max_wait_us = 141865
sites = 5
wait_hist_us = logarithmic buckets
  hist[0] = 20136
  hist[1] = 1094
  hist[2] = 31
  hist[3] = 21
  hist[4] = 14
  hist[9] = 152
  hist[10] = 320
  hist[11] = 64
  hist[14] = 94
  hist[15] = 149
  hist[16] = 24
  hist[17] = 1
by_callsite (caller PC; symbolize with addr2line):
   0 caller=0x78b11f95c0d2 calls=8925 total_ms=12401.733 avg_us=1389.550 max_us=141865
   1 caller=0x78b11f96098c calls=7258 total_ms=2.950 avg_us=0.406 max_us=26
   2 caller=0x78b11f96089c calls=2690 total_ms=2.373 avg_us=0.882 max_us=22
   3 caller=0x78b11f960abd calls=2689 total_ms=1.053 avg_us=0.392 max_us=25
   4 caller=0x78b11f95f852 calls=538 total_ms=1.024 avg_us=1.903 max_us=15
direct_cudaStreamSynchronize: calls=9759 total_ms=45.760 max_us=2532
by_direct_callsite (file:line):
   0 /opt/llama.cpp/ggml/src/ggml-cuda/ggml-cuda.cu:839 calls=9406 total_ms=39.489 avg_us=4.198 max_us=354
   1 /opt/llama.cpp/ggml/src/ggml-cuda/ggml-cuda.cu:900 calls=12 total_ms=5.841 avg_us=486.750 max_us=2532
   2 /opt/llama.cpp/ggml/src/ggml-cuda/ggml-cuda.cu:2665 calls=191 total_ms=0.280 avg_us=1.466 max_us=28
   3 /opt/llama.cpp/ggml/src/ggml-cuda/ggml-cuda.cu:847 calls=150 total_ms=0.150 avg_us=1.000 max_us=3
=== END CUDA SYNC PROFILE ===

=== CUDA SYNC PROFILE (instrumentation only) ===
total_syncs = 22183
total_wait_ms = 12440.269
max_wait_us = 141865
sites = 5
wait_hist_us = logarithmic buckets
  hist[0] = 20211
  hist[1] = 1099
  hist[2] = 31
  hist[3] = 21
  hist[4] = 14
  hist[9] = 153
  hist[10] = 321
  hist[11] = 64
  hist[14] = 95
  hist[15] = 149
  hist[16] = 24
  hist[17] = 1
by_callsite (caller PC; symbolize with addr2line):
   0 caller=0x78b11f95c0d2 calls=8950 total_ms=12432.841 avg_us=1389.144 max_us=141865
   1 caller=0x78b11f96098c calls=7289 total_ms=2.959 avg_us=0.406 max_us=26
   2 caller=0x78b11f96089c calls=2702 total_ms=2.383 avg_us=0.882 max_us=22
   3 caller=0x78b11f960abd calls=2702 total_ms=1.058 avg_us=0.392 max_us=25
   4 caller=0x78b11f95f852 calls=540 total_ms=1.028 avg_us=1.904 max_us=15
direct_cudaStreamSynchronize: calls=9800 total_ms=45.944 max_us=2532
by_direct_callsite (file:line):
   0 /opt/llama.cpp/ggml/src/ggml-cuda/ggml-cuda.cu:839 calls=9447 total_ms=39.673 avg_us=4.200 max_us=354
   1 /opt/llama.cpp/ggml/src/ggml-cuda/ggml-cuda.cu:900 calls=12 total_ms=5.841 avg_us=486.750 max_us=2532
   2 /opt/llama.cpp/ggml/src/ggml-cuda/ggml-cuda.cu:2665 calls=191 total_ms=0.280 avg_us=1.466 max_us=28
   3 /opt/llama.cpp/ggml/src/ggml-cuda/ggml-cuda.cu:847 calls=150 total_ms=0.150 avg_us=1.000 max_us=3
=== END CUDA SYNC PROFILE ===
backend-sync-trace: count=22200 backend=CUDA0 caller=ggml_backend_sched_graph_compute_async_ext+0xddc

=== CUDA SYNC PROFILE (instrumentation only) ===
total_syncs = 22200
total_wait_ms = 12466.954
max_wait_us = 141865
sites = 5
wait_hist_us = logarithmic buckets
  hist[0] = 20226
  hist[1] = 1100
  hist[2] = 31
  hist[3] = 21
  hist[4] = 14
  hist[9] = 153
  hist[10] = 321
  hist[11] = 64
  hist[14] = 96
  hist[15] = 149
  hist[16] = 24
  hist[17] = 1
by_callsite (caller PC; symbolize with addr2line):
   0 caller=0x78b11f95c0d2 calls=8952 total_ms=12459.521 avg_us=1391.814 max_us=141865
   1 caller=0x78b11f96098c calls=7300 total_ms=2.961 avg_us=0.406 max_us=26
   2 caller=0x78b11f96089c calls=2704 total_ms=2.384 avg_us=0.882 max_us=22
   3 caller=0x78b11f960abd calls=2703 total_ms=1.059 avg_us=0.392 max_us=25
   4 caller=0x78b11f95f852 calls=541 total_ms=1.029 avg_us=1.902 max_us=15
direct_cudaStreamSynchronize: calls=9812 total_ms=45.982 max_us=2532
by_direct_callsite (file:line):
   0 /opt/llama.cpp/ggml/src/ggml-cuda/ggml-cuda.cu:839 calls=9459 total_ms=39.711 avg_us=4.198 max_us=354
   1 /opt/llama.cpp/ggml/src/ggml-cuda/ggml-cuda.cu:900 calls=12 total_ms=5.841 avg_us=486.750 max_us=2532
   2 /opt/llama.cpp/ggml/src/ggml-cuda/ggml-cuda.cu:2665 calls=191 total_ms=0.280 avg_us=1.466 max_us=28
   3 /opt/llama.cpp/ggml/src/ggml-cuda/ggml-cuda.cu:847 calls=150 total_ms=0.150 avg_us=1.000 max_us=3
=== END CUDA SYNC PROFILE ===
backend-sync-trace: count=22300 backend=CUDA0 caller=ggml_backend_sched_synchronize+0x62

=== CUDA SYNC PROFILE (instrumentation only) ===
total_syncs = 22300
total_wait_ms = 12496.516
max_wait_us = 141865
sites = 5
wait_hist_us = logarithmic buckets
  hist[0] = 20320
  hist[1] = 1103
  hist[2] = 31
  hist[3] = 21
  hist[4] = 14
  hist[9] = 154
  hist[10] = 322
  hist[11] = 64
  hist[14] = 97
  hist[15] = 149
  hist[16] = 24
  hist[17] = 1
by_callsite (caller PC; symbolize with addr2line):
   0 caller=0x78b11f95c0d2 calls=8998 total_ms=12489.052 avg_us=1387.981 max_us=141865
   1 caller=0x78b11f96098c calls=7331 total_ms=2.976 avg_us=0.406 max_us=26
   2 caller=0x78b11f96089c calls=2714 total_ms=2.394 avg_us=0.882 max_us=22
   3 caller=0x78b11f960abd calls=2714 total_ms=1.062 avg_us=0.391 max_us=25
   4 caller=0x78b11f95f852 calls=543 total_ms=1.032 avg_us=1.901 max_us=15
direct_cudaStreamSynchronize: calls=9851 total_ms=46.141 max_us=2532
by_direct_callsite (file:line):
   0 /opt/llama.cpp/ggml/src/ggml-cuda/ggml-cuda.cu:839 calls=9498 total_ms=39.870 avg_us=4.198 max_us=354
   1 /opt/llama.cpp/ggml/src/ggml-cuda/ggml-cuda.cu:900 calls=12 total_ms=5.841 avg_us=486.750 max_us=2532
   2 /opt/llama.cpp/ggml/src/ggml-cuda/ggml-cuda.cu:2665 calls=191 total_ms=0.280 avg_us=1.466 max_us=28
   3 /opt/llama.cpp/ggml/src/ggml-cuda/ggml-cuda.cu:847 calls=150 total_ms=0.150 avg_us=1.000 max_us=3
=== END CUDA SYNC PROFILE ===
backend-sync-trace: count=22400 backend=CUDA0 caller=ggml_backend_sched_synchronize+0x62

=== CUDA SYNC PROFILE (instrumentation only) ===
total_syncs = 22400
total_wait_ms = 12539.741
max_wait_us = 141865
sites = 5
wait_hist_us = logarithmic buckets
  hist[0] = 20410
  hist[1] = 1108
  hist[2] = 31
  hist[3] = 21
  hist[4] = 14
  hist[9] = 154
  hist[10] = 326
  hist[11] = 64
  hist[14] = 97
  hist[15] = 150
  hist[16] = 24
  hist[17] = 1
by_callsite (caller PC; symbolize with addr2line):
   0 caller=0x78b11f95c0d2 calls=9032 total_ms=12532.240 avg_us=1387.538 max_us=141865
   1 caller=0x78b11f96098c calls=7366 total_ms=2.990 avg_us=0.406 max_us=26
   2 caller=0x78b11f96089c calls=2728 total_ms=2.406 avg_us=0.882 max_us=22
   3 caller=0x78b11f960abd calls=2728 total_ms=1.067 avg_us=0.391 max_us=25
   4 caller=0x78b11f95f852 calls=546 total_ms=1.038 avg_us=1.901 max_us=15
direct_cudaStreamSynchronize: calls=9898 total_ms=46.321 max_us=2532
by_direct_callsite (file:line):
   0 /opt/llama.cpp/ggml/src/ggml-cuda/ggml-cuda.cu:839 calls=9545 total_ms=40.050 avg_us=4.196 max_us=354
   1 /opt/llama.cpp/ggml/src/ggml-cuda/ggml-cuda.cu:900 calls=12 total_ms=5.841 avg_us=486.750 max_us=2532
   2 /opt/llama.cpp/ggml/src/ggml-cuda/ggml-cuda.cu:2665 calls=191 total_ms=0.280 avg_us=1.466 max_us=28
   3 /opt/llama.cpp/ggml/src/ggml-cuda/ggml-cuda.cu:847 calls=150 total_ms=0.150 avg_us=1.000 max_us=3
=== END CUDA SYNC PROFILE ===

=== CUDA SYNC PROFILE (instrumentation only) ===
total_syncs = 22409
total_wait_ms = 12539.776
max_wait_us = 141865
sites = 5
wait_hist_us = logarithmic buckets
  hist[0] = 20418
  hist[1] = 1108
  hist[2] = 31
  hist[3] = 21
  hist[4] = 15
  hist[9] = 154
  hist[10] = 326
  hist[11] = 64
  hist[14] = 97
  hist[15] = 150
  hist[16] = 24
  hist[17] = 1
by_callsite (caller PC; symbolize with addr2line):
   0 caller=0x78b11f95c0d2 calls=9037 total_ms=12532.244 avg_us=1386.770 max_us=141865
   1 caller=0x78b11f96098c calls=7366 total_ms=2.990 avg_us=0.406 max_us=26
   2 caller=0x78b11f96089c calls=2730 total_ms=2.436 avg_us=0.892 max_us=29
   3 caller=0x78b11f960abd calls=2730 total_ms=1.068 avg_us=0.391 max_us=25
   4 caller=0x78b11f95f852 calls=546 total_ms=1.038 avg_us=1.901 max_us=15
direct_cudaStreamSynchronize: calls=9900 total_ms=46.329 max_us=2532
by_direct_callsite (file:line):
   0 /opt/llama.cpp/ggml/src/ggml-cuda/ggml-cuda.cu:839 calls=9547 total_ms=40.058 avg_us=4.196 max_us=354
   1 /opt/llama.cpp/ggml/src/ggml-cuda/ggml-cuda.cu:900 calls=12 total_ms=5.841 avg_us=486.750 max_us=2532
   2 /opt/llama.cpp/ggml/src/ggml-cuda/ggml-cuda.cu:2665 calls=191 total_ms=0.280 avg_us=1.466 max_us=28
   3 /opt/llama.cpp/ggml/src/ggml-cuda/ggml-cuda.cu:847 calls=150 total_ms=0.150 avg_us=1.000 max_us=3
=== END CUDA SYNC PROFILE ===
backend-sync-trace: count=22500 backend=CUDA0 caller=ggml_backend_sched_graph_compute_async_ext+0xecc

=== CUDA SYNC PROFILE (instrumentation only) ===
total_syncs = 22500
total_wait_ms = 12576.264
max_wait_us = 141865
sites = 5
wait_hist_us = logarithmic buckets
  hist[0] = 20503
  hist[1] = 1111
  hist[2] = 31
  hist[3] = 21
  hist[4] = 15
  hist[9] = 155
  hist[10] = 327
  hist[11] = 64
  hist[14] = 97
  hist[15] = 151
  hist[16] = 24
  hist[17] = 1
by_callsite (caller PC; symbolize with addr2line):
   0 caller=0x78b11f95c0d2 calls=9074 total_ms=12568.705 avg_us=1385.134 max_us=141865
   1 caller=0x78b11f96098c calls=7394 total_ms=3.002 avg_us=0.406 max_us=26
   2 caller=0x78b11f96089c calls=2742 total_ms=2.443 avg_us=0.891 max_us=29
   3 caller=0x78b11f960abd calls=2742 total_ms=1.073 avg_us=0.391 max_us=25
   4 caller=0x78b11f95f852 calls=548 total_ms=1.041 avg_us=1.900 max_us=15
direct_cudaStreamSynchronize: calls=9936 total_ms=46.512 max_us=2532
by_direct_callsite (file:line):
   0 /opt/llama.cpp/ggml/src/ggml-cuda/ggml-cuda.cu:839 calls=9583 total_ms=40.241 avg_us=4.199 max_us=354
   1 /opt/llama.cpp/ggml/src/ggml-cuda/ggml-cuda.cu:900 calls=12 total_ms=5.841 avg_us=486.750 max_us=2532
   2 /opt/llama.cpp/ggml/src/ggml-cuda/ggml-cuda.cu:2665 calls=191 total_ms=0.280 avg_us=1.466 max_us=28
   3 /opt/llama.cpp/ggml/src/ggml-cuda/ggml-cuda.cu:847 calls=150 total_ms=0.150 avg_us=1.000 max_us=3
=== END CUDA SYNC PROFILE ===
backend-sync-trace: count=22600 backend=CUDA0 caller=ggml_backend_sched_graph_compute_async_ext+0xecc

=== CUDA SYNC PROFILE (instrumentation only) ===
total_syncs = 22600
total_wait_ms = 12629.461
max_wait_us = 141865
sites = 5
wait_hist_us = logarithmic buckets
  hist[0] = 20597
  hist[1] = 1114
  hist[2] = 31
  hist[3] = 21
  hist[4] = 15
  hist[9] = 156
  hist[10] = 328
  hist[11] = 64
  hist[14] = 97
  hist[15] = 152
  hist[16] = 24
  hist[17] = 1
by_callsite (caller PC; symbolize with addr2line):
   0 caller=0x78b11f95c0d2 calls=9111 total_ms=12621.873 avg_us=1385.344 max_us=141865
   1 caller=0x78b11f96098c calls=7435 total_ms=3.013 avg_us=0.405 max_us=26
   2 caller=0x78b11f96089c calls=2752 total_ms=2.455 avg_us=0.892 max_us=29
   3 caller=0x78b11f960abd calls=2752 total_ms=1.076 avg_us=0.391 max_us=25
   4 caller=0x78b11f95f852 calls=550 total_ms=1.044 avg_us=1.898 max_us=15
direct_cudaStreamSynchronize: calls=9985 total_ms=46.713 max_us=2532
by_direct_callsite (file:line):
   0 /opt/llama.cpp/ggml/src/ggml-cuda/ggml-cuda.cu:839 calls=9632 total_ms=40.442 avg_us=4.199 max_us=354
   1 /opt/llama.cpp/ggml/src/ggml-cuda/ggml-cuda.cu:900 calls=12 total_ms=5.841 avg_us=486.750 max_us=2532
   2 /opt/llama.cpp/ggml/src/ggml-cuda/ggml-cuda.cu:2665 calls=191 total_ms=0.280 avg_us=1.466 max_us=28
   3 /opt/llama.cpp/ggml/src/ggml-cuda/ggml-cuda.cu:847 calls=150 total_ms=0.150 avg_us=1.000 max_us=3
=== END CUDA SYNC PROFILE ===

=== CUDA SYNC PROFILE (instrumentation only) ===
total_syncs = 22653
total_wait_ms = 12676.739
max_wait_us = 141865
sites = 5
wait_hist_us = logarithmic buckets
  hist[0] = 20647
  hist[1] = 1115
  hist[2] = 31
  hist[3] = 21
  hist[4] = 15
  hist[9] = 156
  hist[10] = 329
  hist[11] = 64
  hist[14] = 97
  hist[15] = 153
  hist[16] = 24
  hist[17] = 1
by_callsite (caller PC; symbolize with addr2line):
   0 caller=0x78b11f95c0d2 calls=9141 total_ms=12669.135 avg_us=1385.968 max_us=141865
   1 caller=0x78b11f96098c calls=7444 total_ms=3.018 avg_us=0.405 max_us=26
   2 caller=0x78b11f96089c calls=2758 total_ms=2.459 avg_us=0.892 max_us=29
   3 caller=0x78b11f960abd calls=2758 total_ms=1.080 avg_us=0.392 max_us=25
   4 caller=0x78b11f95f852 calls=552 total_ms=1.047 avg_us=1.897 max_us=15
direct_cudaStreamSynchronize: calls=10000 total_ms=46.772 max_us=2532
by_direct_callsite (file:line):
   0 /opt/llama.cpp/ggml/src/ggml-cuda/ggml-cuda.cu:839 calls=9647 total_ms=40.501 avg_us=4.198 max_us=354
   1 /opt/llama.cpp/ggml/src/ggml-cuda/ggml-cuda.cu:900 calls=12 total_ms=5.841 avg_us=486.750 max_us=2532
   2 /opt/llama.cpp/ggml/src/ggml-cuda/ggml-cuda.cu:2665 calls=191 total_ms=0.280 avg_us=1.466 max_us=28
   3 /opt/llama.cpp/ggml/src/ggml-cuda/ggml-cuda.cu:847 calls=150 total_ms=0.150 avg_us=1.000 max_us=3
=== END CUDA SYNC PROFILE ===
backend-sync-trace: count=22700 backend=CUDA0 caller=ggml_backend_sched_synchronize+0x62

=== CUDA SYNC PROFILE (instrumentation only) ===
total_syncs = 22700
total_wait_ms = 12718.681
max_wait_us = 141865
sites = 5
wait_hist_us = logarithmic buckets
  hist[0] = 20690
  hist[1] = 1117
  hist[2] = 31
  hist[3] = 21
  hist[4] = 15
  hist[9] = 157
  hist[10] = 329
  hist[11] = 64
  hist[14] = 97
  hist[15] = 154
  hist[16] = 24
  hist[17] = 1
by_callsite (caller PC; symbolize with addr2line):
   0 caller=0x78b11f95c0d2 calls=9153 total_ms=12711.061 avg_us=1388.732 max_us=141865
   1 caller=0x78b11f96098c calls=7466 total_ms=3.027 avg_us=0.405 max_us=26
   2 caller=0x78b11f96089c calls=2764 total_ms=2.465 avg_us=0.892 max_us=29
   3 caller=0x78b11f960abd calls=2764 total_ms=1.080 avg_us=0.391 max_us=25
   4 caller=0x78b11f95f852 calls=553 total_ms=1.048 avg_us=1.895 max_us=15
direct_cudaStreamSynchronize: calls=10026 total_ms=46.881 max_us=2532
by_direct_callsite (file:line):
   0 /opt/llama.cpp/ggml/src/ggml-cuda/ggml-cuda.cu:839 calls=9673 total_ms=40.610 avg_us=4.198 max_us=354
   1 /opt/llama.cpp/ggml/src/ggml-cuda/ggml-cuda.cu:900 calls=12 total_ms=5.841 avg_us=486.750 max_us=2532
   2 /opt/llama.cpp/ggml/src/ggml-cuda/ggml-cuda.cu:2665 calls=191 total_ms=0.280 avg_us=1.466 max_us=28
   3 /opt/llama.cpp/ggml/src/ggml-cuda/ggml-cuda.cu:847 calls=150 total_ms=0.150 avg_us=1.000 max_us=3
=== END CUDA SYNC PROFILE ===
backend-sync-trace: count=22800 backend=CUDA0 caller=ggml_backend_sched_graph_compute_async_ext+0xecc

=== CUDA SYNC PROFILE (instrumentation only) ===
total_syncs = 22800
total_wait_ms = 12754.497
max_wait_us = 141865
sites = 5
wait_hist_us = logarithmic buckets
  hist[0] = 20780
  hist[1] = 1124
  hist[2] = 31
  hist[3] = 21
  hist[4] = 15
  hist[9] = 157
  hist[10] = 331
  hist[11] = 64
  hist[14] = 97
  hist[15] = 155
  hist[16] = 24
  hist[17] = 1
by_callsite (caller PC; symbolize with addr2line):
   0 caller=0x78b11f95c0d2 calls=9196 total_ms=12746.844 avg_us=1386.129 max_us=141865
   1 caller=0x78b11f96098c calls=7496 total_ms=3.039 avg_us=0.405 max_us=26
   2 caller=0x78b11f96089c calls=2776 total_ms=2.475 avg_us=0.892 max_us=29
   3 caller=0x78b11f960abd calls=2776 total_ms=1.085 avg_us=0.391 max_us=25
   4 caller=0x78b11f95f852 calls=556 total_ms=1.054 avg_us=1.896 max_us=15
direct_cudaStreamSynchronize: calls=10065 total_ms=47.032 max_us=2532
by_direct_callsite (file:line):
   0 /opt/llama.cpp/ggml/src/ggml-cuda/ggml-cuda.cu:839 calls=9712 total_ms=40.761 avg_us=4.197 max_us=354
   1 /opt/llama.cpp/ggml/src/ggml-cuda/ggml-cuda.cu:900 calls=12 total_ms=5.841 avg_us=486.750 max_us=2532
   2 /opt/llama.cpp/ggml/src/ggml-cuda/ggml-cuda.cu:2665 calls=191 total_ms=0.280 avg_us=1.466 max_us=28
   3 /opt/llama.cpp/ggml/src/ggml-cuda/ggml-cuda.cu:847 calls=150 total_ms=0.150 avg_us=1.000 max_us=3
=== END CUDA SYNC PROFILE ===

=== CUDA SYNC PROFILE (instrumentation only) ===
total_syncs = 22885
total_wait_ms = 12792.925
max_wait_us = 141865
sites = 5
wait_hist_us = logarithmic buckets
  hist[0] = 20858
  hist[1] = 1128
  hist[2] = 31
  hist[3] = 21
  hist[4] = 15
  hist[9] = 158
  hist[10] = 332
  hist[11] = 64
  hist[14] = 97
  hist[15] = 156
  hist[16] = 24
  hist[17] = 1
by_callsite (caller PC; symbolize with addr2line):
   0 caller=0x78b11f95c0d2 calls=9233 total_ms=12785.248 avg_us=1384.734 max_us=141865
   1 caller=0x78b11f96098c calls=7522 total_ms=3.046 avg_us=0.405 max_us=26
   2 caller=0x78b11f96089c calls=2786 total_ms=2.484 avg_us=0.892 max_us=29
   3 caller=0x78b11f960abd calls=2786 total_ms=1.090 avg_us=0.391 max_us=25
   4 caller=0x78b11f95f852 calls=558 total_ms=1.057 avg_us=1.894 max_us=15
direct_cudaStreamSynchronize: calls=10100 total_ms=47.174 max_us=2532
by_direct_callsite (file:line):
   0 /opt/llama.cpp/ggml/src/ggml-cuda/ggml-cuda.cu:839 calls=9747 total_ms=40.903 avg_us=4.196 max_us=354
   1 /opt/llama.cpp/ggml/src/ggml-cuda/ggml-cuda.cu:900 calls=12 total_ms=5.841 avg_us=486.750 max_us=2532
   2 /opt/llama.cpp/ggml/src/ggml-cuda/ggml-cuda.cu:2665 calls=191 total_ms=0.280 avg_us=1.466 max_us=28
   3 /opt/llama.cpp/ggml/src/ggml-cuda/ggml-cuda.cu:847 calls=150 total_ms=0.150 avg_us=1.000 max_us=3
=== END CUDA SYNC PROFILE ===
backend-sync-trace: count=22900 backend=CUDA0 caller=ggml_backend_sched_graph_compute_async_ext+0xecc

=== CUDA SYNC PROFILE (instrumentation only) ===
total_syncs = 22900
total_wait_ms = 12794.646
max_wait_us = 141865
sites = 5
wait_hist_us = logarithmic buckets
  hist[0] = 20872
  hist[1] = 1128
  hist[2] = 31
  hist[3] = 21
  hist[4] = 15
  hist[9] = 158
  hist[10] = 333
  hist[11] = 64
  hist[14] = 97
  hist[15] = 156
  hist[16] = 24
  hist[17] = 1
by_callsite (caller PC; symbolize with addr2line):
   0 caller=0x78b11f95c0d2 calls=9240 total_ms=12786.967 avg_us=1383.871 max_us=141865
   1 caller=0x78b11f96098c calls=7526 total_ms=3.047 avg_us=0.405 max_us=26
   2 caller=0x78b11f96089c calls=2788 total_ms=2.485 avg_us=0.891 max_us=29
   3 caller=0x78b11f960abd calls=2788 total_ms=1.090 avg_us=0.391 max_us=25
   4 caller=0x78b11f95f852 calls=558 total_ms=1.057 avg_us=1.894 max_us=15
direct_cudaStreamSynchronize: calls=10105 total_ms=47.192 max_us=2532
by_direct_callsite (file:line):
   0 /opt/llama.cpp/ggml/src/ggml-cuda/ggml-cuda.cu:839 calls=9752 total_ms=40.921 avg_us=4.196 max_us=354
   1 /opt/llama.cpp/ggml/src/ggml-cuda/ggml-cuda.cu:900 calls=12 total_ms=5.841 avg_us=486.750 max_us=2532
   2 /opt/llama.cpp/ggml/src/ggml-cuda/ggml-cuda.cu:2665 calls=191 total_ms=0.280 avg_us=1.466 max_us=28
   3 /opt/llama.cpp/ggml/src/ggml-cuda/ggml-cuda.cu:847 calls=150 total_ms=0.150 avg_us=1.000 max_us=3
=== END CUDA SYNC PROFILE ===
backend-sync-trace: count=23000 backend=CUDA0 caller=ggml_backend_sched_graph_compute_async_ext+0xddc

=== CUDA SYNC PROFILE (instrumentation only) ===
total_syncs = 23000
total_wait_ms = 12833.106
max_wait_us = 141865
sites = 5
wait_hist_us = logarithmic buckets
  hist[0] = 20965
  hist[1] = 1131
  hist[2] = 31
  hist[3] = 21
  hist[4] = 15
  hist[9] = 159
  hist[10] = 335
  hist[11] = 64
  hist[14] = 97
  hist[15] = 157
  hist[16] = 24
  hist[17] = 1
by_callsite (caller PC; symbolize with addr2line):
   0 caller=0x78b11f95c0d2 calls=9284 total_ms=12825.400 avg_us=1381.452 max_us=141865
   1 caller=0x78b11f96098c calls=7555 total_ms=3.054 avg_us=0.404 max_us=26
   2 caller=0x78b11f96089c calls=2801 total_ms=2.497 avg_us=0.891 max_us=29
   3 caller=0x78b11f960abd calls=2800 total_ms=1.095 avg_us=0.391 max_us=25
   4 caller=0x78b11f95f852 calls=560 total_ms=1.060 avg_us=1.893 max_us=15
direct_cudaStreamSynchronize: calls=10145 total_ms=47.351 max_us=2532
by_direct_callsite (file:line):
   0 /opt/llama.cpp/ggml/src/ggml-cuda/ggml-cuda.cu:839 calls=9792 total_ms=41.080 avg_us=4.195 max_us=354
   1 /opt/llama.cpp/ggml/src/ggml-cuda/ggml-cuda.cu:900 calls=12 total_ms=5.841 avg_us=486.750 max_us=2532
   2 /opt/llama.cpp/ggml/src/ggml-cuda/ggml-cuda.cu:2665 calls=191 total_ms=0.280 avg_us=1.466 max_us=28
   3 /opt/llama.cpp/ggml/src/ggml-cuda/ggml-cuda.cu:847 calls=150 total_ms=0.150 avg_us=1.000 max_us=3
=== END CUDA SYNC PROFILE ===
backend-sync-trace: count=23100 backend=CUDA0 caller=ggml_backend_sched_synchronize+0x62

=== CUDA SYNC PROFILE (instrumentation only) ===
total_syncs = 23100
total_wait_ms = 12943.159
max_wait_us = 141865
sites = 5
wait_hist_us = logarithmic buckets
  hist[0] = 21058
  hist[1] = 1134
  hist[2] = 31
  hist[3] = 21
  hist[4] = 15
  hist[9] = 159
  hist[10] = 336
  hist[11] = 65
  hist[14] = 98
  hist[15] = 157
  hist[16] = 25
  hist[17] = 1
by_callsite (caller PC; symbolize with addr2line):
   0 caller=0x78b11f95c0d2 calls=9317 total_ms=12935.420 avg_us=1388.368 max_us=141865
   1 caller=0x78b11f96098c calls=7597 total_ms=3.070 avg_us=0.404 max_us=26
   2 caller=0x78b11f96089c calls=2812 total_ms=2.504 avg_us=0.890 max_us=29
   3 caller=0x78b11f960abd calls=2812 total_ms=1.102 avg_us=0.392 max_us=25
   4 caller=0x78b11f95f852 calls=562 total_ms=1.063 avg_us=1.891 max_us=15
direct_cudaStreamSynchronize: calls=10196 total_ms=47.561 max_us=2532
by_direct_callsite (file:line):
   0 /opt/llama.cpp/ggml/src/ggml-cuda/ggml-cuda.cu:839 calls=9843 total_ms=41.290 avg_us=4.195 max_us=354
   1 /opt/llama.cpp/ggml/src/ggml-cuda/ggml-cuda.cu:900 calls=12 total_ms=5.841 avg_us=486.750 max_us=2532
   2 /opt/llama.cpp/ggml/src/ggml-cuda/ggml-cuda.cu:2665 calls=191 total_ms=0.280 avg_us=1.466 max_us=28
   3 /opt/llama.cpp/ggml/src/ggml-cuda/ggml-cuda.cu:847 calls=150 total_ms=0.150 avg_us=1.000 max_us=3
=== END CUDA SYNC PROFILE ===

=== CUDA SYNC PROFILE (instrumentation only) ===
total_syncs = 23107
total_wait_ms = 12943.162
max_wait_us = 141865
sites = 5
wait_hist_us = logarithmic buckets
  hist[0] = 21065
  hist[1] = 1134
  hist[2] = 31
  hist[3] = 21
  hist[4] = 15
  hist[9] = 159
  hist[10] = 336
  hist[11] = 65
  hist[14] = 98
  hist[15] = 157
  hist[16] = 25
  hist[17] = 1
by_callsite (caller PC; symbolize with addr2line):
   0 caller=0x78b11f95c0d2 calls=9317 total_ms=12935.420 avg_us=1388.368 max_us=141865
   1 caller=0x78b11f96098c calls=7599 total_ms=3.071 avg_us=0.404 max_us=26
   2 caller=0x78b11f96089c calls=2814 total_ms=2.505 avg_us=0.890 max_us=29
   3 caller=0x78b11f960abd calls=2814 total_ms=1.102 avg_us=0.392 max_us=25
   4 caller=0x78b11f95f852 calls=563 total_ms=1.064 avg_us=1.890 max_us=15
direct_cudaStreamSynchronize: calls=10200 total_ms=47.584 max_us=2532
by_direct_callsite (file:line):
   0 /opt/llama.cpp/ggml/src/ggml-cuda/ggml-cuda.cu:839 calls=9847 total_ms=41.313 avg_us=4.195 max_us=354
   1 /opt/llama.cpp/ggml/src/ggml-cuda/ggml-cuda.cu:900 calls=12 total_ms=5.841 avg_us=486.750 max_us=2532
   2 /opt/llama.cpp/ggml/src/ggml-cuda/ggml-cuda.cu:2665 calls=191 total_ms=0.280 avg_us=1.466 max_us=28
   3 /opt/llama.cpp/ggml/src/ggml-cuda/ggml-cuda.cu:847 calls=150 total_ms=0.150 avg_us=1.000 max_us=3
=== END CUDA SYNC PROFILE ===
backend-sync-trace: count=23200 backend=CUDA0 caller=ggml_backend_sched_synchronize+0x62

=== CUDA SYNC PROFILE (instrumentation only) ===
total_syncs = 23200
total_wait_ms = 13021.356
max_wait_us = 141865
sites = 5
wait_hist_us = logarithmic buckets
  hist[0] = 21151
  hist[1] = 1138
  hist[2] = 31
  hist[3] = 21
  hist[4] = 15
  hist[9] = 159
  hist[10] = 336
  hist[11] = 67
  hist[14] = 98
  hist[15] = 157
  hist[16] = 26
  hist[17] = 1
by_callsite (caller PC; symbolize with addr2line):
   0 caller=0x78b11f95c0d2 calls=9359 total_ms=13013.589 avg_us=1390.489 max_us=141865
   1 caller=0x78b11f96098c calls=7628 total_ms=3.080 avg_us=0.404 max_us=26
   2 caller=0x78b11f96089c calls=2824 total_ms=2.514 avg_us=0.890 max_us=29
   3 caller=0x78b11f960abd calls=2824 total_ms=1.105 avg_us=0.391 max_us=25
   4 caller=0x78b11f95f852 calls=565 total_ms=1.068 avg_us=1.890 max_us=15
direct_cudaStreamSynchronize: calls=10236 total_ms=47.730 max_us=2532
by_direct_callsite (file:line):
   0 /opt/llama.cpp/ggml/src/ggml-cuda/ggml-cuda.cu:839 calls=9883 total_ms=41.459 avg_us=4.195 max_us=354
   1 /opt/llama.cpp/ggml/src/ggml-cuda/ggml-cuda.cu:900 calls=12 total_ms=5.841 avg_us=486.750 max_us=2532
   2 /opt/llama.cpp/ggml/src/ggml-cuda/ggml-cuda.cu:2665 calls=191 total_ms=0.280 avg_us=1.466 max_us=28
   3 /opt/llama.cpp/ggml/src/ggml-cuda/ggml-cuda.cu:847 calls=150 total_ms=0.150 avg_us=1.000 max_us=3
=== END CUDA SYNC PROFILE ===
backend-sync-trace: count=23300 backend=CUDA0 caller=ggml_backend_sched_synchronize+0x62

=== CUDA SYNC PROFILE (instrumentation only) ===
total_syncs = 23300
total_wait_ms = 13062.385
max_wait_us = 141865
sites = 5
wait_hist_us = logarithmic buckets
  hist[0] = 21243
  hist[1] = 1142
  hist[2] = 31
  hist[3] = 21
  hist[4] = 15
  hist[9] = 161
  hist[10] = 337
  hist[11] = 67
  hist[14] = 98
  hist[15] = 158
  hist[16] = 26
  hist[17] = 1
by_callsite (caller PC; symbolize with addr2line):
   0 caller=0x78b11f95c0d2 calls=9401 total_ms=13054.588 avg_us=1388.638 max_us=141865
   1 caller=0x78b11f96098c calls=7659 total_ms=3.089 avg_us=0.403 max_us=26
   2 caller=0x78b11f96089c calls=2836 total_ms=2.523 avg_us=0.890 max_us=29
   3 caller=0x78b11f960abd calls=2836 total_ms=1.111 avg_us=0.392 max_us=25
   4 caller=0x78b11f95f852 calls=568 total_ms=1.074 avg_us=1.891 max_us=15
direct_cudaStreamSynchronize: calls=10277 total_ms=47.884 max_us=2532
by_direct_callsite (file:line):
   0 /opt/llama.cpp/ggml/src/ggml-cuda/ggml-cuda.cu:839 calls=9924 total_ms=41.613 avg_us=4.193 max_us=354
   1 /opt/llama.cpp/ggml/src/ggml-cuda/ggml-cuda.cu:900 calls=12 total_ms=5.841 avg_us=486.750 max_us=2532
   2 /opt/llama.cpp/ggml/src/ggml-cuda/ggml-cuda.cu:2665 calls=191 total_ms=0.280 avg_us=1.466 max_us=28
   3 /opt/llama.cpp/ggml/src/ggml-cuda/ggml-cuda.cu:847 calls=150 total_ms=0.150 avg_us=1.000 max_us=3
=== END CUDA SYNC PROFILE ===

=== CUDA SYNC PROFILE (instrumentation only) ===
total_syncs = 23343
total_wait_ms = 13064.234
max_wait_us = 141865
sites = 5
wait_hist_us = logarithmic buckets
  hist[0] = 21284
  hist[1] = 1143
  hist[2] = 31
  hist[3] = 21
  hist[4] = 15
  hist[9] = 161
  hist[10] = 338
  hist[11] = 67
  hist[14] = 98
  hist[15] = 158
  hist[16] = 26
  hist[17] = 1
by_callsite (caller PC; symbolize with addr2line):
   0 caller=0x78b11f95c0d2 calls=9414 total_ms=13056.424 avg_us=1386.916 max_us=141865
   1 caller=0x78b11f96098c calls=7677 total_ms=3.096 avg_us=0.403 max_us=26
   2 caller=0x78b11f96089c calls=2842 total_ms=2.526 avg_us=0.889 max_us=29
   3 caller=0x78b11f960abd calls=2842 total_ms=1.114 avg_us=0.392 max_us=25
   4 caller=0x78b11f95f852 calls=568 total_ms=1.074 avg_us=1.891 max_us=15
direct_cudaStreamSynchronize: calls=10300 total_ms=47.976 max_us=2532
by_direct_callsite (file:line):
   0 /opt/llama.cpp/ggml/src/ggml-cuda/ggml-cuda.cu:839 calls=9947 total_ms=41.705 avg_us=4.193 max_us=354
   1 /opt/llama.cpp/ggml/src/ggml-cuda/ggml-cuda.cu:900 calls=12 total_ms=5.841 avg_us=486.750 max_us=2532
   2 /opt/llama.cpp/ggml/src/ggml-cuda/ggml-cuda.cu:2665 calls=191 total_ms=0.280 avg_us=1.466 max_us=28
   3 /opt/llama.cpp/ggml/src/ggml-cuda/ggml-cuda.cu:847 calls=150 total_ms=0.150 avg_us=1.000 max_us=3
=== END CUDA SYNC PROFILE ===
backend-sync-trace: count=23400 backend=CUDA0 caller=ggml_backend_sched_graph_compute_async_ext+0xddc

=== CUDA SYNC PROFILE (instrumentation only) ===
total_syncs = 23400
total_wait_ms = 13114.004
max_wait_us = 141865
sites = 5
wait_hist_us = logarithmic buckets
  hist[0] = 21333
  hist[1] = 1147
  hist[2] = 32
  hist[3] = 21
  hist[4] = 15
  hist[9] = 161
  hist[10] = 340
  hist[11] = 67
  hist[14] = 98
  hist[15] = 159
  hist[16] = 26
  hist[17] = 1
by_callsite (caller PC; symbolize with addr2line):
   0 caller=0x78b11f95c0d2 calls=9439 total_ms=13106.174 avg_us=1388.513 max_us=141865
   1 caller=0x78b11f96098c calls=7690 total_ms=3.100 avg_us=0.403 max_us=26
   2 caller=0x78b11f96089c calls=2851 total_ms=2.535 avg_us=0.889 max_us=29
   3 caller=0x78b11f960abd calls=2850 total_ms=1.117 avg_us=0.392 max_us=25
   4 caller=0x78b11f95f852 calls=570 total_ms=1.078 avg_us=1.891 max_us=15
direct_cudaStreamSynchronize: calls=10320 total_ms=48.063 max_us=2532
by_direct_callsite (file:line):
   0 /opt/llama.cpp/ggml/src/ggml-cuda/ggml-cuda.cu:839 calls=9967 total_ms=41.792 avg_us=4.193 max_us=354
   1 /opt/llama.cpp/ggml/src/ggml-cuda/ggml-cuda.cu:900 calls=12 total_ms=5.841 avg_us=486.750 max_us=2532
   2 /opt/llama.cpp/ggml/src/ggml-cuda/ggml-cuda.cu:2665 calls=191 total_ms=0.280 avg_us=1.466 max_us=28
   3 /opt/llama.cpp/ggml/src/ggml-cuda/ggml-cuda.cu:847 calls=150 total_ms=0.150 avg_us=1.000 max_us=3
=== END CUDA SYNC PROFILE ===
backend-sync-trace: count=23500 backend=CUDA0 caller=ggml_backend_sched_graph_compute_async_ext+0xecc

=== CUDA SYNC PROFILE (instrumentation only) ===
total_syncs = 23500
total_wait_ms = 13181.161
max_wait_us = 141865
sites = 5
wait_hist_us = logarithmic buckets
  hist[0] = 21418
  hist[1] = 1156
  hist[2] = 33
  hist[3] = 21
  hist[4] = 15
  hist[5] = 1
  hist[9] = 161
  hist[10] = 342
  hist[11] = 67
  hist[14] = 99
  hist[15] = 160
  hist[16] = 26
  hist[17] = 1
by_callsite (caller PC; symbolize with addr2line):
   0 caller=0x78b11f95c0d2 calls=9466 total_ms=13173.287 avg_us=1391.642 max_us=141865
   1 caller=0x78b11f96098c calls=7733 total_ms=3.117 avg_us=0.403 max_us=26
   2 caller=0x78b11f96089c calls=2864 total_ms=2.545 avg_us=0.889 max_us=29
   3 caller=0x78b11f960abd calls=2864 total_ms=1.126 avg_us=0.393 max_us=25
   4 caller=0x78b11f95f852 calls=573 total_ms=1.086 avg_us=1.895 max_us=15
direct_cudaStreamSynchronize: calls=10373 total_ms=48.277 max_us=2532
by_direct_callsite (file:line):
   0 /opt/llama.cpp/ggml/src/ggml-cuda/ggml-cuda.cu:839 calls=10020 total_ms=42.006 avg_us=4.192 max_us=354
   1 /opt/llama.cpp/ggml/src/ggml-cuda/ggml-cuda.cu:900 calls=12 total_ms=5.841 avg_us=486.750 max_us=2532
   2 /opt/llama.cpp/ggml/src/ggml-cuda/ggml-cuda.cu:2665 calls=191 total_ms=0.280 avg_us=1.466 max_us=28
   3 /opt/llama.cpp/ggml/src/ggml-cuda/ggml-cuda.cu:847 calls=150 total_ms=0.150 avg_us=1.000 max_us=3
=== END CUDA SYNC PROFILE ===

=== CUDA SYNC PROFILE (instrumentation only) ===
total_syncs = 23572
total_wait_ms = 13183.269
max_wait_us = 141865
sites = 5
wait_hist_us = logarithmic buckets
  hist[0] = 21486
  hist[1] = 1158
  hist[2] = 33
  hist[3] = 21
  hist[4] = 15
  hist[5] = 1
  hist[9] = 162
  hist[10] = 343
  hist[11] = 67
  hist[14] = 99
  hist[15] = 160
  hist[16] = 26
  hist[17] = 1
by_callsite (caller PC; symbolize with addr2line):
   0 caller=0x78b11f95c0d2 calls=9501 total_ms=13175.377 avg_us=1386.736 max_us=141865
   1 caller=0x78b11f96098c calls=7753 total_ms=3.123 avg_us=0.403 max_us=26
   2 caller=0x78b11f96089c calls=2872 total_ms=2.552 avg_us=0.889 max_us=29
   3 caller=0x78b11f960abd calls=2872 total_ms=1.128 avg_us=0.393 max_us=25
   4 caller=0x78b11f95f852 calls=574 total_ms=1.089 avg_us=1.897 max_us=15
direct_cudaStreamSynchronize: calls=10400 total_ms=48.384 max_us=2532
by_direct_callsite (file:line):
   0 /opt/llama.cpp/ggml/src/ggml-cuda/ggml-cuda.cu:839 calls=10047 total_ms=42.113 avg_us=4.192 max_us=354
   1 /opt/llama.cpp/ggml/src/ggml-cuda/ggml-cuda.cu:900 calls=12 total_ms=5.841 avg_us=486.750 max_us=2532
   2 /opt/llama.cpp/ggml/src/ggml-cuda/ggml-cuda.cu:2665 calls=191 total_ms=0.280 avg_us=1.466 max_us=28
   3 /opt/llama.cpp/ggml/src/ggml-cuda/ggml-cuda.cu:847 calls=150 total_ms=0.150 avg_us=1.000 max_us=3
=== END CUDA SYNC PROFILE ===
backend-sync-trace: count=23600 backend=CUDA0 caller=ggml_backend_sched_synchronize+0x62

=== CUDA SYNC PROFILE (instrumentation only) ===
total_syncs = 23600
total_wait_ms = 13221.585
max_wait_us = 141865
sites = 5
wait_hist_us = logarithmic buckets
  hist[0] = 21511
  hist[1] = 1160
  hist[2] = 33
  hist[3] = 21
  hist[4] = 15
  hist[5] = 1
  hist[9] = 162
  hist[10] = 343
  hist[11] = 67
  hist[14] = 99
  hist[15] = 161
  hist[16] = 26
  hist[17] = 1
by_callsite (caller PC; symbolize with addr2line):
   0 caller=0x78b11f95c0d2 calls=9514 total_ms=13213.687 avg_us=1388.868 max_us=141865
   1 caller=0x78b11f96098c calls=7763 total_ms=3.125 avg_us=0.403 max_us=26
   2 caller=0x78b11f96089c calls=2874 total_ms=2.553 avg_us=0.888 max_us=29
   3 caller=0x78b11f960abd calls=2874 total_ms=1.129 avg_us=0.393 max_us=25
   4 caller=0x78b11f95f852 calls=575 total_ms=1.091 avg_us=1.897 max_us=15
direct_cudaStreamSynchronize: calls=10411 total_ms=48.425 max_us=2532
by_direct_callsite (file:line):
   0 /opt/llama.cpp/ggml/src/ggml-cuda/ggml-cuda.cu:839 calls=10058 total_ms=42.154 avg_us=4.191 max_us=354
   1 /opt/llama.cpp/ggml/src/ggml-cuda/ggml-cuda.cu:900 calls=12 total_ms=5.841 avg_us=486.750 max_us=2532
   2 /opt/llama.cpp/ggml/src/ggml-cuda/ggml-cuda.cu:2665 calls=191 total_ms=0.280 avg_us=1.466 max_us=28
   3 /opt/llama.cpp/ggml/src/ggml-cuda/ggml-cuda.cu:847 calls=150 total_ms=0.150 avg_us=1.000 max_us=3
=== END CUDA SYNC PROFILE ===
backend-sync-trace: count=23700 backend=CUDA0 caller=ggml_backend_sched_synchronize+0x62

=== CUDA SYNC PROFILE (instrumentation only) ===
total_syncs = 23700
total_wait_ms = 13256.928
max_wait_us = 141865
sites = 5
wait_hist_us = logarithmic buckets
  hist[0] = 21602
  hist[1] = 1165
  hist[2] = 33
  hist[3] = 21
  hist[4] = 15
  hist[5] = 1
  hist[9] = 162
  hist[10] = 346
  hist[11] = 67
  hist[14] = 100
  hist[15] = 161
  hist[16] = 26
  hist[17] = 1
by_callsite (caller PC; symbolize with addr2line):
   0 caller=0x78b11f95c0d2 calls=9556 total_ms=13248.995 avg_us=1386.458 max_us=141865
   1 caller=0x78b11f96098c calls=7794 total_ms=3.137 avg_us=0.402 max_us=26
   2 caller=0x78b11f96089c calls=2886 total_ms=2.564 avg_us=0.888 max_us=29
   3 caller=0x78b11f960abd calls=2886 total_ms=1.134 avg_us=0.393 max_us=25
   4 caller=0x78b11f95f852 calls=578 total_ms=1.098 avg_us=1.900 max_us=15
direct_cudaStreamSynchronize: calls=10452 total_ms=48.586 max_us=2532
by_direct_callsite (file:line):
   0 /opt/llama.cpp/ggml/src/ggml-cuda/ggml-cuda.cu:839 calls=10099 total_ms=42.315 avg_us=4.190 max_us=354
   1 /opt/llama.cpp/ggml/src/ggml-cuda/ggml-cuda.cu:900 calls=12 total_ms=5.841 avg_us=486.750 max_us=2532
   2 /opt/llama.cpp/ggml/src/ggml-cuda/ggml-cuda.cu:2665 calls=191 total_ms=0.280 avg_us=1.466 max_us=28
   3 /opt/llama.cpp/ggml/src/ggml-cuda/ggml-cuda.cu:847 calls=150 total_ms=0.150 avg_us=1.000 max_us=3
=== END CUDA SYNC PROFILE ===
backend-sync-trace: count=23800 backend=CUDA0 caller=ggml_backend_sched_synchronize+0x62

=== CUDA SYNC PROFILE (instrumentation only) ===
total_syncs = 23800
total_wait_ms = 13300.112
max_wait_us = 141865
sites = 5
wait_hist_us = logarithmic buckets
  hist[0] = 21692
  hist[1] = 1171
  hist[2] = 33
  hist[3] = 21
  hist[4] = 15
  hist[5] = 1
  hist[9] = 163
  hist[10] = 348
  hist[11] = 67
  hist[14] = 100
  hist[15] = 162
  hist[16] = 26
  hist[17] = 1
by_callsite (caller PC; symbolize with addr2line):
   0 caller=0x78b11f95c0d2 calls=9599 total_ms=13292.148 avg_us=1384.743 max_us=141865
   1 caller=0x78b11f96098c calls=7825 total_ms=3.148 avg_us=0.402 max_us=26
   2 caller=0x78b11f96089c calls=2898 total_ms=2.577 avg_us=0.889 max_us=29
   3 caller=0x78b11f960abd calls=2898 total_ms=1.137 avg_us=0.392 max_us=25
   4 caller=0x78b11f95f852 calls=580 total_ms=1.102 avg_us=1.900 max_us=15
direct_cudaStreamSynchronize: calls=10493 total_ms=48.749 max_us=2532
by_direct_callsite (file:line):
   0 /opt/llama.cpp/ggml/src/ggml-cuda/ggml-cuda.cu:839 calls=10140 total_ms=42.478 avg_us=4.189 max_us=354
   1 /opt/llama.cpp/ggml/src/ggml-cuda/ggml-cuda.cu:900 calls=12 total_ms=5.841 avg_us=486.750 max_us=2532
   2 /opt/llama.cpp/ggml/src/ggml-cuda/ggml-cuda.cu:2665 calls=191 total_ms=0.280 avg_us=1.466 max_us=28
   3 /opt/llama.cpp/ggml/src/ggml-cuda/ggml-cuda.cu:847 calls=150 total_ms=0.150 avg_us=1.000 max_us=3
=== END CUDA SYNC PROFILE ===

=== CUDA SYNC PROFILE (instrumentation only) ===
total_syncs = 23813
total_wait_ms = 13300.120
max_wait_us = 141865
sites = 5
wait_hist_us = logarithmic buckets
  hist[0] = 21704
  hist[1] = 1172
  hist[2] = 33
  hist[3] = 21
  hist[4] = 15
  hist[5] = 1
  hist[9] = 163
  hist[10] = 348
  hist[11] = 67
  hist[14] = 100
  hist[15] = 162
  hist[16] = 26
  hist[17] = 1
by_callsite (caller PC; symbolize with addr2line):
   0 caller=0x78b11f95c0d2 calls=9600 total_ms=13292.149 avg_us=1384.599 max_us=141865
   1 caller=0x78b11f96098c calls=7829 total_ms=3.149 avg_us=0.402 max_us=26
   2 caller=0x78b11f96089c calls=2902 total_ms=2.582 avg_us=0.890 max_us=29
   3 caller=0x78b11f960abd calls=2902 total_ms=1.138 avg_us=0.392 max_us=25
   4 caller=0x78b11f95f852 calls=580 total_ms=1.102 avg_us=1.900 max_us=15
direct_cudaStreamSynchronize: calls=10500 total_ms=48.795 max_us=2532
by_direct_callsite (file:line):
   0 /opt/llama.cpp/ggml/src/ggml-cuda/ggml-cuda.cu:839 calls=10147 total_ms=42.524 avg_us=4.191 max_us=354
   1 /opt/llama.cpp/ggml/src/ggml-cuda/ggml-cuda.cu:900 calls=12 total_ms=5.841 avg_us=486.750 max_us=2532
   2 /opt/llama.cpp/ggml/src/ggml-cuda/ggml-cuda.cu:2665 calls=191 total_ms=0.280 avg_us=1.466 max_us=28
   3 /opt/llama.cpp/ggml/src/ggml-cuda/ggml-cuda.cu:847 calls=150 total_ms=0.150 avg_us=1.000 max_us=3
=== END CUDA SYNC PROFILE ===
backend-sync-trace: count=23900 backend=CUDA0 caller=ggml_backend_sched_graph_compute_async_ext+0xecc

=== CUDA SYNC PROFILE (instrumentation only) ===
total_syncs = 23900
total_wait_ms = 13329.493
max_wait_us = 141865
sites = 5
wait_hist_us = logarithmic buckets
  hist[0] = 21782
  hist[1] = 1177
  hist[2] = 34
  hist[3] = 21
  hist[4] = 15
  hist[5] = 1
  hist[9] = 164
  hist[10] = 349
  hist[11] = 67
  hist[14] = 101
  hist[15] = 162
  hist[16] = 26
  hist[17] = 1
by_callsite (caller PC; symbolize with addr2line):
   0 caller=0x78b11f95c0d2 calls=9637 total_ms=13321.497 avg_us=1382.328 max_us=141865
   1 caller=0x78b11f96098c calls=7857 total_ms=3.157 avg_us=0.402 max_us=26
   2 caller=0x78b11f96089c calls=2912 total_ms=2.591 avg_us=0.890 max_us=29
   3 caller=0x78b11f960abd calls=2912 total_ms=1.142 avg_us=0.392 max_us=25
   4 caller=0x78b11f95f852 calls=582 total_ms=1.106 avg_us=1.900 max_us=15
direct_cudaStreamSynchronize: calls=10535 total_ms=48.935 max_us=2532
by_direct_callsite (file:line):
   0 /opt/llama.cpp/ggml/src/ggml-cuda/ggml-cuda.cu:839 calls=10182 total_ms=42.664 avg_us=4.190 max_us=354
   1 /opt/llama.cpp/ggml/src/ggml-cuda/ggml-cuda.cu:900 calls=12 total_ms=5.841 avg_us=486.750 max_us=2532
   2 /opt/llama.cpp/ggml/src/ggml-cuda/ggml-cuda.cu:2665 calls=191 total_ms=0.280 avg_us=1.466 max_us=28
   3 /opt/llama.cpp/ggml/src/ggml-cuda/ggml-cuda.cu:847 calls=150 total_ms=0.150 avg_us=1.000 max_us=3
=== END CUDA SYNC PROFILE ===
backend-sync-trace: count=24000 backend=CUDA0 caller=ggml_backend_sched_graph_compute_async_ext+0xddc

=== CUDA SYNC PROFILE (instrumentation only) ===
total_syncs = 24000
total_wait_ms = 13412.651
max_wait_us = 141865
sites = 5
wait_hist_us = logarithmic buckets
  hist[0] = 21872
  hist[1] = 1182
  hist[2] = 35
  hist[3] = 21
  hist[4] = 15
  hist[5] = 1
  hist[9] = 164
  hist[10] = 351
  hist[11] = 67
  hist[14] = 101
  hist[15] = 164
  hist[16] = 26
  hist[17] = 1
by_callsite (caller PC; symbolize with addr2line):
   0 caller=0x78b11f95c0d2 calls=9676 total_ms=13404.626 avg_us=1385.348 max_us=141865
   1 caller=0x78b11f96098c calls=7894 total_ms=3.166 avg_us=0.401 max_us=26
   2 caller=0x78b11f96089c calls=2923 total_ms=2.599 avg_us=0.889 max_us=29
   3 caller=0x78b11f960abd calls=2922 total_ms=1.146 avg_us=0.392 max_us=25
   4 caller=0x78b11f95f852 calls=585 total_ms=1.114 avg_us=1.904 max_us=15
direct_cudaStreamSynchronize: calls=10581 total_ms=49.107 max_us=2532
by_direct_callsite (file:line):
   0 /opt/llama.cpp/ggml/src/ggml-cuda/ggml-cuda.cu:839 calls=10228 total_ms=42.836 avg_us=4.188 max_us=354
   1 /opt/llama.cpp/ggml/src/ggml-cuda/ggml-cuda.cu:900 calls=12 total_ms=5.841 avg_us=486.750 max_us=2532
   2 /opt/llama.cpp/ggml/src/ggml-cuda/ggml-cuda.cu:2665 calls=191 total_ms=0.280 avg_us=1.466 max_us=28
   3 /opt/llama.cpp/ggml/src/ggml-cuda/ggml-cuda.cu:847 calls=150 total_ms=0.150 avg_us=1.000 max_us=3
=== END CUDA SYNC PROFILE ===

=== CUDA SYNC PROFILE (instrumentation only) ===
total_syncs = 24063
total_wait_ms = 13415.604
max_wait_us = 141865
sites = 5
wait_hist_us = logarithmic buckets
  hist[0] = 21930
  hist[1] = 1185
  hist[2] = 35
  hist[3] = 21
  hist[4] = 15
  hist[5] = 1
  hist[9] = 164
  hist[10] = 353
  hist[11] = 67
  hist[14] = 101
  hist[15] = 164
  hist[16] = 26
  hist[17] = 1
by_callsite (caller PC; symbolize with addr2line):
   0 caller=0x78b11f95c0d2 calls=9711 total_ms=13407.560 avg_us=1380.657 max_us=141865
   1 caller=0x78b11f96098c calls=7906 total_ms=3.171 avg_us=0.401 max_us=26
   2 caller=0x78b11f96089c calls=2930 total_ms=2.606 avg_us=0.889 max_us=29
   3 caller=0x78b11f960abd calls=2930 total_ms=1.150 avg_us=0.392 max_us=25
   4 caller=0x78b11f95f852 calls=586 total_ms=1.117 avg_us=1.906 max_us=15
direct_cudaStreamSynchronize: calls=10600 total_ms=49.178 max_us=2532
by_direct_callsite (file:line):
   0 /opt/llama.cpp/ggml/src/ggml-cuda/ggml-cuda.cu:839 calls=10247 total_ms=42.907 avg_us=4.187 max_us=354
   1 /opt/llama.cpp/ggml/src/ggml-cuda/ggml-cuda.cu:900 calls=12 total_ms=5.841 avg_us=486.750 max_us=2532
   2 /opt/llama.cpp/ggml/src/ggml-cuda/ggml-cuda.cu:2665 calls=191 total_ms=0.280 avg_us=1.466 max_us=28
   3 /opt/llama.cpp/ggml/src/ggml-cuda/ggml-cuda.cu:847 calls=150 total_ms=0.150 avg_us=1.000 max_us=3
=== END CUDA SYNC PROFILE ===
backend-sync-trace: count=24100 backend=CUDA0 caller=ggml_backend_sched_synchronize+0x62

=== CUDA SYNC PROFILE (instrumentation only) ===
total_syncs = 24100
total_wait_ms = 13454.114
max_wait_us = 141865
sites = 5
wait_hist_us = logarithmic buckets
  hist[0] = 21958
  hist[1] = 1190
  hist[2] = 38
  hist[3] = 21
  hist[4] = 15
  hist[5] = 1
  hist[9] = 164
  hist[10] = 353
  hist[11] = 67
  hist[14] = 101
  hist[15] = 165
  hist[16] = 26
  hist[17] = 1
by_callsite (caller PC; symbolize with addr2line):
   0 caller=0x78b11f95c0d2 calls=9720 total_ms=13446.046 avg_us=1383.338 max_us=141865
   1 caller=0x78b11f96098c calls=7925 total_ms=3.182 avg_us=0.402 max_us=26
   2 caller=0x78b11f96089c calls=2934 total_ms=2.612 avg_us=0.890 max_us=29
   3 caller=0x78b11f960abd calls=2934 total_ms=1.151 avg_us=0.392 max_us=25
   4 caller=0x78b11f95f852 calls=587 total_ms=1.123 avg_us=1.913 max_us=15
direct_cudaStreamSynchronize: calls=10621 total_ms=49.279 max_us=2532
by_direct_callsite (file:line):
   0 /opt/llama.cpp/ggml/src/ggml-cuda/ggml-cuda.cu:839 calls=10268 total_ms=43.008 avg_us=4.189 max_us=354
   1 /opt/llama.cpp/ggml/src/ggml-cuda/ggml-cuda.cu:900 calls=12 total_ms=5.841 avg_us=486.750 max_us=2532
   2 /opt/llama.cpp/ggml/src/ggml-cuda/ggml-cuda.cu:2665 calls=191 total_ms=0.280 avg_us=1.466 max_us=28
   3 /opt/llama.cpp/ggml/src/ggml-cuda/ggml-cuda.cu:847 calls=150 total_ms=0.150 avg_us=1.000 max_us=3
=== END CUDA SYNC PROFILE ===
1.21.190.899 I slot print_timing: id  0 | task 0 | n_gen =    665, tg =  43.92 t/s, tg_3s =  43.09 t/s
backend-sync-trace: count=24200 backend=CUDA0 caller=ggml_backend_sched_graph_compute_async_ext+0xffd

=== CUDA SYNC PROFILE (instrumentation only) ===
total_syncs = 24200
total_wait_ms = 13524.261
max_wait_us = 141865
sites = 5
wait_hist_us = logarithmic buckets
  hist[0] = 22043
  hist[1] = 1199
  hist[2] = 40
  hist[3] = 21
  hist[4] = 15
  hist[5] = 1
  hist[9] = 165
  hist[10] = 354
  hist[11] = 68
  hist[14] = 101
  hist[15] = 166
  hist[16] = 26
  hist[17] = 1
by_callsite (caller PC; symbolize with addr2line):
   0 caller=0x78b11f95c0d2 calls=9760 total_ms=13516.157 avg_us=1384.852 max_us=141865
   1 caller=0x78b11f96098c calls=7956 total_ms=3.192 avg_us=0.401 max_us=26
   2 caller=0x78b11f96089c calls=2947 total_ms=2.627 avg_us=0.891 max_us=29
   3 caller=0x78b11f960abd calls=2947 total_ms=1.155 avg_us=0.392 max_us=25
   4 caller=0x78b11f95f852 calls=590 total_ms=1.130 avg_us=1.915 max_us=15
direct_cudaStreamSynchronize: calls=10662 total_ms=49.448 max_us=2532
by_direct_callsite (file:line):
   0 /opt/llama.cpp/ggml/src/ggml-cuda/ggml-cuda.cu:839 calls=10309 total_ms=43.177 avg_us=4.188 max_us=354
   1 /opt/llama.cpp/ggml/src/ggml-cuda/ggml-cuda.cu:900 calls=12 total_ms=5.841 avg_us=486.750 max_us=2532
   2 /opt/llama.cpp/ggml/src/ggml-cuda/ggml-cuda.cu:2665 calls=191 total_ms=0.280 avg_us=1.466 max_us=28
   3 /opt/llama.cpp/ggml/src/ggml-cuda/ggml-cuda.cu:847 calls=150 total_ms=0.150 avg_us=1.000 max_us=3
=== END CUDA SYNC PROFILE ===

=== CUDA SYNC PROFILE (instrumentation only) ===
total_syncs = 24277
total_wait_ms = 13557.794
max_wait_us = 141865
sites = 5
wait_hist_us = logarithmic buckets
  hist[0] = 22113
  hist[1] = 1203
  hist[2] = 40
  hist[3] = 21
  hist[4] = 15
  hist[5] = 1
  hist[9] = 166
  hist[10] = 355
  hist[11] = 68
  hist[14] = 102
  hist[15] = 166
  hist[16] = 26
  hist[17] = 1
by_callsite (caller PC; symbolize with addr2line):
   0 caller=0x78b11f95c0d2 calls=9785 total_ms=13549.664 avg_us=1384.738 max_us=141865
   1 caller=0x78b11f96098c calls=7984 total_ms=3.200 avg_us=0.401 max_us=26
   2 caller=0x78b11f96089c calls=2958 total_ms=2.635 avg_us=0.891 max_us=29
   3 caller=0x78b11f960abd calls=2958 total_ms=1.160 avg_us=0.392 max_us=25
   4 caller=0x78b11f95f852 calls=592 total_ms=1.135 avg_us=1.917 max_us=15
direct_cudaStreamSynchronize: calls=10700 total_ms=49.603 max_us=2532
by_direct_callsite (file:line):
   0 /opt/llama.cpp/ggml/src/ggml-cuda/ggml-cuda.cu:839 calls=10347 total_ms=43.332 avg_us=4.188 max_us=354
   1 /opt/llama.cpp/ggml/src/ggml-cuda/ggml-cuda.cu:900 calls=12 total_ms=5.841 avg_us=486.750 max_us=2532
   2 /opt/llama.cpp/ggml/src/ggml-cuda/ggml-cuda.cu:2665 calls=191 total_ms=0.280 avg_us=1.466 max_us=28
   3 /opt/llama.cpp/ggml/src/ggml-cuda/ggml-cuda.cu:847 calls=150 total_ms=0.150 avg_us=1.000 max_us=3
=== END CUDA SYNC PROFILE ===
backend-sync-trace: count=24300 backend=CUDA0 caller=ggml_backend_sched_graph_compute_async_ext+0xecc

=== CUDA SYNC PROFILE (instrumentation only) ===
total_syncs = 24300
total_wait_ms = 13559.823
max_wait_us = 141865
sites = 5
wait_hist_us = logarithmic buckets
  hist[0] = 22134
  hist[1] = 1204
  hist[2] = 40
  hist[3] = 21
  hist[4] = 15
  hist[5] = 1
  hist[9] = 166
  hist[10] = 356
  hist[11] = 68
  hist[14] = 102
  hist[15] = 166
  hist[16] = 26
  hist[17] = 1
by_callsite (caller PC; symbolize with addr2line):
   0 caller=0x78b11f95c0d2 calls=9792 total_ms=13551.685 avg_us=1383.955 max_us=141865
   1 caller=0x78b11f96098c calls=7992 total_ms=3.202 avg_us=0.401 max_us=26
   2 caller=0x78b11f96089c calls=2962 total_ms=2.638 avg_us=0.891 max_us=29
   3 caller=0x78b11f960abd calls=2962 total_ms=1.163 avg_us=0.393 max_us=25
   4 caller=0x78b11f95f852 calls=592 total_ms=1.135 avg_us=1.917 max_us=15
direct_cudaStreamSynchronize: calls=10710 total_ms=49.653 max_us=2532
by_direct_callsite (file:line):
   0 /opt/llama.cpp/ggml/src/ggml-cuda/ggml-cuda.cu:839 calls=10357 total_ms=43.382 avg_us=4.189 max_us=354
   1 /opt/llama.cpp/ggml/src/ggml-cuda/ggml-cuda.cu:900 calls=12 total_ms=5.841 avg_us=486.750 max_us=2532
   2 /opt/llama.cpp/ggml/src/ggml-cuda/ggml-cuda.cu:2665 calls=191 total_ms=0.280 avg_us=1.466 max_us=28
   3 /opt/llama.cpp/ggml/src/ggml-cuda/ggml-cuda.cu:847 calls=150 total_ms=0.150 avg_us=1.000 max_us=3
=== END CUDA SYNC PROFILE ===
backend-sync-trace: count=24400 backend=CUDA0 caller=ggml_backend_sched_graph_compute_async_ext+0xddc

=== CUDA SYNC PROFILE (instrumentation only) ===
total_syncs = 24400
total_wait_ms = 13675.795
max_wait_us = 141865
sites = 5
wait_hist_us = logarithmic buckets
  hist[0] = 22222
  hist[1] = 1210
  hist[2] = 42
  hist[3] = 21
  hist[4] = 15
  hist[5] = 1
  hist[9] = 166
  hist[10] = 358
  hist[11] = 68
  hist[14] = 102
  hist[15] = 168
  hist[16] = 26
  hist[17] = 1
by_callsite (caller PC; symbolize with addr2line):
   0 caller=0x78b11f95c0d2 calls=9831 total_ms=13667.622 avg_us=1390.258 max_us=141865
   1 caller=0x78b11f96098c calls=8029 total_ms=3.216 avg_us=0.401 max_us=26
   2 caller=0x78b11f96089c calls=2973 total_ms=2.650 avg_us=0.891 max_us=29
   3 caller=0x78b11f960abd calls=2972 total_ms=1.166 avg_us=0.392 max_us=25
   4 caller=0x78b11f95f852 calls=595 total_ms=1.141 avg_us=1.918 max_us=15
direct_cudaStreamSynchronize: calls=10756 total_ms=49.823 max_us=2532
by_direct_callsite (file:line):
   0 /opt/llama.cpp/ggml/src/ggml-cuda/ggml-cuda.cu:839 calls=10403 total_ms=43.552 avg_us=4.186 max_us=354
   1 /opt/llama.cpp/ggml/src/ggml-cuda/ggml-cuda.cu:900 calls=12 total_ms=5.841 avg_us=486.750 max_us=2532
   2 /opt/llama.cpp/ggml/src/ggml-cuda/ggml-cuda.cu:2665 calls=191 total_ms=0.280 avg_us=1.466 max_us=28
   3 /opt/llama.cpp/ggml/src/ggml-cuda/ggml-cuda.cu:847 calls=150 total_ms=0.150 avg_us=1.000 max_us=3
=== END CUDA SYNC PROFILE ===
backend-sync-trace: count=24500 backend=CUDA0 caller=ggml_backend_sched_synchronize+0x62

=== CUDA SYNC PROFILE (instrumentation only) ===
total_syncs = 24500
total_wait_ms = 13728.020
max_wait_us = 141865
sites = 5
wait_hist_us = logarithmic buckets
  hist[0] = 22314
  hist[1] = 1214
  hist[2] = 43
  hist[3] = 21
  hist[4] = 15
  hist[5] = 1
  hist[9] = 166
  hist[10] = 359
  hist[11] = 69
  hist[14] = 102
  hist[15] = 169
  hist[16] = 26
  hist[17] = 1
by_callsite (caller PC; symbolize with addr2line):
   0 caller=0x78b11f95c0d2 calls=9875 total_ms=13719.818 avg_us=1389.349 max_us=141865
   1 caller=0x78b11f96098c calls=8060 total_ms=3.225 avg_us=0.400 max_us=26
   2 caller=0x78b11f96089c calls=2984 total_ms=2.660 avg_us=0.891 max_us=29
   3 caller=0x78b11f960abd calls=2984 total_ms=1.171 avg_us=0.392 max_us=25
   4 caller=0x78b11f95f852 calls=597 total_ms=1.146 avg_us=1.920 max_us=15
direct_cudaStreamSynchronize: calls=10796 total_ms=49.989 max_us=2532
by_direct_callsite (file:line):
   0 /opt/llama.cpp/ggml/src/ggml-cuda/ggml-cuda.cu:839 calls=10443 total_ms=43.718 avg_us=4.186 max_us=354
   1 /opt/llama.cpp/ggml/src/ggml-cuda/ggml-cuda.cu:900 calls=12 total_ms=5.841 avg_us=486.750 max_us=2532
   2 /opt/llama.cpp/ggml/src/ggml-cuda/ggml-cuda.cu:2665 calls=191 total_ms=0.280 avg_us=1.466 max_us=28
   3 /opt/llama.cpp/ggml/src/ggml-cuda/ggml-cuda.cu:847 calls=150 total_ms=0.150 avg_us=1.000 max_us=3
=== END CUDA SYNC PROFILE ===

=== CUDA SYNC PROFILE (instrumentation only) ===
total_syncs = 24521
total_wait_ms = 13728.035
max_wait_us = 141865
sites = 5
wait_hist_us = logarithmic buckets
  hist[0] = 22334
  hist[1] = 1215
  hist[2] = 43
  hist[3] = 21
  hist[4] = 15
  hist[5] = 1
  hist[9] = 166
  hist[10] = 359
  hist[11] = 69
  hist[14] = 102
  hist[15] = 169
  hist[16] = 26
  hist[17] = 1
by_callsite (caller PC; symbolize with addr2line):
   0 caller=0x78b11f95c0d2 calls=9889 total_ms=13719.828 avg_us=1387.383 max_us=141865
   1 caller=0x78b11f96098c calls=8062 total_ms=3.226 avg_us=0.400 max_us=26
   2 caller=0x78b11f96089c calls=2986 total_ms=2.662 avg_us=0.891 max_us=29
   3 caller=0x78b11f960abd calls=2986 total_ms=1.171 avg_us=0.392 max_us=25
   4 caller=0x78b11f95f852 calls=598 total_ms=1.148 avg_us=1.920 max_us=15
direct_cudaStreamSynchronize: calls=10800 total_ms=50.003 max_us=2532
by_direct_callsite (file:line):
   0 /opt/llama.cpp/ggml/src/ggml-cuda/ggml-cuda.cu:839 calls=10447 total_ms=43.732 avg_us=4.186 max_us=354
   1 /opt/llama.cpp/ggml/src/ggml-cuda/ggml-cuda.cu:900 calls=12 total_ms=5.841 avg_us=486.750 max_us=2532
   2 /opt/llama.cpp/ggml/src/ggml-cuda/ggml-cuda.cu:2665 calls=191 total_ms=0.280 avg_us=1.466 max_us=28
   3 /opt/llama.cpp/ggml/src/ggml-cuda/ggml-cuda.cu:847 calls=150 total_ms=0.150 avg_us=1.000 max_us=3
=== END CUDA SYNC PROFILE ===
backend-sync-trace: count=24600 backend=CUDA0 caller=ggml_backend_sched_synchronize+0x62

=== CUDA SYNC PROFILE (instrumentation only) ===
total_syncs = 24600
total_wait_ms = 13791.450
max_wait_us = 141865
sites = 5
wait_hist_us = logarithmic buckets
  hist[0] = 22403
  hist[1] = 1219
  hist[2] = 45
  hist[3] = 21
  hist[4] = 15
  hist[5] = 1
  hist[9] = 166
  hist[10] = 361
  hist[11] = 70
  hist[14] = 102
  hist[15] = 170
  hist[16] = 26
  hist[17] = 1
by_callsite (caller PC; symbolize with addr2line):
   0 caller=0x78b11f95c0d2 calls=9917 total_ms=13783.218 avg_us=1389.858 max_us=141865
   1 caller=0x78b11f96098c calls=8091 total_ms=3.235 avg_us=0.400 max_us=26
   2 caller=0x78b11f96089c calls=2996 total_ms=2.670 avg_us=0.891 max_us=29
   3 caller=0x78b11f960abd calls=2996 total_ms=1.175 avg_us=0.392 max_us=25
   4 caller=0x78b11f95f852 calls=600 total_ms=1.152 avg_us=1.920 max_us=15
direct_cudaStreamSynchronize: calls=10837 total_ms=50.145 max_us=2532
by_direct_callsite (file:line):
   0 /opt/llama.cpp/ggml/src/ggml-cuda/ggml-cuda.cu:839 calls=10484 total_ms=43.874 avg_us=4.185 max_us=354
   1 /opt/llama.cpp/ggml/src/ggml-cuda/ggml-cuda.cu:900 calls=12 total_ms=5.841 avg_us=486.750 max_us=2532
   2 /opt/llama.cpp/ggml/src/ggml-cuda/ggml-cuda.cu:2665 calls=191 total_ms=0.280 avg_us=1.466 max_us=28
   3 /opt/llama.cpp/ggml/src/ggml-cuda/ggml-cuda.cu:847 calls=150 total_ms=0.150 avg_us=1.000 max_us=3
=== END CUDA SYNC PROFILE ===
backend-sync-trace: count=24700 backend=CUDA0 caller=ggml_backend_sched_graph_compute_async_ext+0xddc

=== CUDA SYNC PROFILE (instrumentation only) ===
total_syncs = 24700
total_wait_ms = 13835.468
max_wait_us = 141865
sites = 5
wait_hist_us = logarithmic buckets
  hist[0] = 22494
  hist[1] = 1224
  hist[2] = 45
  hist[3] = 21
  hist[4] = 15
  hist[5] = 1
  hist[9] = 166
  hist[10] = 363
  hist[11] = 71
  hist[14] = 102
  hist[15] = 171
  hist[16] = 26
  hist[17] = 1
by_callsite (caller PC; symbolize with addr2line):
   0 caller=0x78b11f95c0d2 calls=9953 total_ms=13827.204 avg_us=1389.250 max_us=141865
   1 caller=0x78b11f96098c calls=8122 total_ms=3.246 avg_us=0.400 max_us=26
   2 caller=0x78b11f96089c calls=3012 total_ms=2.682 avg_us=0.890 max_us=29
   3 caller=0x78b11f960abd calls=3011 total_ms=1.179 avg_us=0.392 max_us=25
   4 caller=0x78b11f95f852 calls=602 total_ms=1.157 avg_us=1.922 max_us=15
direct_cudaStreamSynchronize: calls=10880 total_ms=50.314 max_us=2532
by_direct_callsite (file:line):
   0 /opt/llama.cpp/ggml/src/ggml-cuda/ggml-cuda.cu:839 calls=10527 total_ms=44.043 avg_us=4.184 max_us=354
   1 /opt/llama.cpp/ggml/src/ggml-cuda/ggml-cuda.cu:900 calls=12 total_ms=5.841 avg_us=486.750 max_us=2532
   2 /opt/llama.cpp/ggml/src/ggml-cuda/ggml-cuda.cu:2665 calls=191 total_ms=0.280 avg_us=1.466 max_us=28
   3 /opt/llama.cpp/ggml/src/ggml-cuda/ggml-cuda.cu:847 calls=150 total_ms=0.150 avg_us=1.000 max_us=3
=== END CUDA SYNC PROFILE ===

=== CUDA SYNC PROFILE (instrumentation only) ===
total_syncs = 24725
total_wait_ms = 13879.978
max_wait_us = 141865
sites = 5
wait_hist_us = logarithmic buckets
  hist[0] = 22516
  hist[1] = 1225
  hist[2] = 46
  hist[3] = 21
  hist[4] = 15
  hist[5] = 1
  hist[9] = 166
  hist[10] = 363
  hist[11] = 71
  hist[14] = 102
  hist[15] = 172
  hist[16] = 26
  hist[17] = 1
by_callsite (caller PC; symbolize with addr2line):
   0 caller=0x78b11f95c0d2 calls=9955 total_ms=13871.706 avg_us=1393.441 max_us=141865
   1 caller=0x78b11f96098c calls=8139 total_ms=3.250 avg_us=0.399 max_us=26
   2 caller=0x78b11f96089c calls=3014 total_ms=2.683 avg_us=0.890 max_us=29
   3 caller=0x78b11f960abd calls=3014 total_ms=1.179 avg_us=0.391 max_us=25
   4 caller=0x78b11f95f852 calls=603 total_ms=1.160 avg_us=1.924 max_us=15
direct_cudaStreamSynchronize: calls=10900 total_ms=50.404 max_us=2532
by_direct_callsite (file:line):
   0 /opt/llama.cpp/ggml/src/ggml-cuda/ggml-cuda.cu:839 calls=10547 total_ms=44.133 avg_us=4.184 max_us=354
   1 /opt/llama.cpp/ggml/src/ggml-cuda/ggml-cuda.cu:900 calls=12 total_ms=5.841 avg_us=486.750 max_us=2532
   2 /opt/llama.cpp/ggml/src/ggml-cuda/ggml-cuda.cu:2665 calls=191 total_ms=0.280 avg_us=1.466 max_us=28
   3 /opt/llama.cpp/ggml/src/ggml-cuda/ggml-cuda.cu:847 calls=150 total_ms=0.150 avg_us=1.000 max_us=3
=== END CUDA SYNC PROFILE ===
backend-sync-trace: count=24800 backend=CUDA0 caller=ggml_backend_sched_graph_compute_async_ext+0xddc

=== CUDA SYNC PROFILE (instrumentation only) ===
total_syncs = 24800
total_wait_ms = 13929.833
max_wait_us = 141865
sites = 5
wait_hist_us = logarithmic buckets
  hist[0] = 22582
  hist[1] = 1229
  hist[2] = 47
  hist[3] = 22
  hist[4] = 15
  hist[5] = 1
  hist[9] = 166
  hist[10] = 365
  hist[11] = 71
  hist[14] = 102
  hist[15] = 173
  hist[16] = 26
  hist[17] = 1
by_callsite (caller PC; symbolize with addr2line):
   0 caller=0x78b11f95c0d2 calls=9986 total_ms=13921.521 avg_us=1394.104 max_us=141865
   1 caller=0x78b11f96098c calls=8164 total_ms=3.272 avg_us=0.401 max_us=26
   2 caller=0x78b11f96089c calls=3023 total_ms=2.693 avg_us=0.891 max_us=29
   3 caller=0x78b11f960abd calls=3022 total_ms=1.182 avg_us=0.391 max_us=25
   4 caller=0x78b11f95f852 calls=605 total_ms=1.165 avg_us=1.926 max_us=15
direct_cudaStreamSynchronize: calls=10931 total_ms=50.519 max_us=2532
by_direct_callsite (file:line):
   0 /opt/llama.cpp/ggml/src/ggml-cuda/ggml-cuda.cu:839 calls=10578 total_ms=44.248 avg_us=4.183 max_us=354
   1 /opt/llama.cpp/ggml/src/ggml-cuda/ggml-cuda.cu:900 calls=12 total_ms=5.841 avg_us=486.750 max_us=2532
   2 /opt/llama.cpp/ggml/src/ggml-cuda/ggml-cuda.cu:2665 calls=191 total_ms=0.280 avg_us=1.466 max_us=28
   3 /opt/llama.cpp/ggml/src/ggml-cuda/ggml-cuda.cu:847 calls=150 total_ms=0.150 avg_us=1.000 max_us=3
=== END CUDA SYNC PROFILE ===
backend-sync-trace: count=24900 backend=CUDA0 caller=ggml_backend_sched_synchronize+0x62

=== CUDA SYNC PROFILE (instrumentation only) ===
total_syncs = 24900
total_wait_ms = 13964.559
max_wait_us = 141865
sites = 5
wait_hist_us = logarithmic buckets
  hist[0] = 22675
  hist[1] = 1233
  hist[2] = 47
  hist[3] = 22
  hist[4] = 15
  hist[5] = 1
  hist[9] = 167
  hist[10] = 366
  hist[11] = 71
  hist[14] = 103
  hist[15] = 173
  hist[16] = 26
  hist[17] = 1
by_callsite (caller PC; symbolize with addr2line):
   0 caller=0x78b11f95c0d2 calls=10030 total_ms=13956.218 avg_us=1391.447 max_us=141865
   1 caller=0x78b11f96098c calls=8195 total_ms=3.282 avg_us=0.400 max_us=26
   2 caller=0x78b11f96089c calls=3034 total_ms=2.703 avg_us=0.891 max_us=29
   3 caller=0x78b11f960abd calls=3034 total_ms=1.186 avg_us=0.391 max_us=25
   4 caller=0x78b11f95f852 calls=607 total_ms=1.170 avg_us=1.928 max_us=15
direct_cudaStreamSynchronize: calls=10971 total_ms=50.692 max_us=2532
by_direct_callsite (file:line):
   0 /opt/llama.cpp/ggml/src/ggml-cuda/ggml-cuda.cu:839 calls=10618 total_ms=44.421 avg_us=4.184 max_us=354
   1 /opt/llama.cpp/ggml/src/ggml-cuda/ggml-cuda.cu:900 calls=12 total_ms=5.841 avg_us=486.750 max_us=2532
   2 /opt/llama.cpp/ggml/src/ggml-cuda/ggml-cuda.cu:2665 calls=191 total_ms=0.280 avg_us=1.466 max_us=28
   3 /opt/llama.cpp/ggml/src/ggml-cuda/ggml-cuda.cu:847 calls=150 total_ms=0.150 avg_us=1.000 max_us=3
=== END CUDA SYNC PROFILE ===

=== CUDA SYNC PROFILE (instrumentation only) ===
total_syncs = 24955
total_wait_ms = 13966.659
max_wait_us = 141865
sites = 5
wait_hist_us = logarithmic buckets
  hist[0] = 22726
  hist[1] = 1235
  hist[2] = 47
  hist[3] = 22
  hist[4] = 15
  hist[5] = 1
  hist[9] = 168
  hist[10] = 367
  hist[11] = 71
  hist[14] = 103
  hist[15] = 173
  hist[16] = 26
  hist[17] = 1
by_callsite (caller PC; symbolize with addr2line):
   0 caller=0x78b11f95c0d2 calls=10046 total_ms=13958.294 avg_us=1389.438 max_us=141865
   1 caller=0x78b11f96098c calls=8217 total_ms=3.292 avg_us=0.401 max_us=26
   2 caller=0x78b11f96089c calls=3042 total_ms=2.710 avg_us=0.891 max_us=29
   3 caller=0x78b11f960abd calls=3042 total_ms=1.191 avg_us=0.392 max_us=25
   4 caller=0x78b11f95f852 calls=608 total_ms=1.172 avg_us=1.928 max_us=15
direct_cudaStreamSynchronize: calls=11000 total_ms=50.803 max_us=2532
by_direct_callsite (file:line):
   0 /opt/llama.cpp/ggml/src/ggml-cuda/ggml-cuda.cu:839 calls=10647 total_ms=44.532 avg_us=4.183 max_us=354
   1 /opt/llama.cpp/ggml/src/ggml-cuda/ggml-cuda.cu:900 calls=12 total_ms=5.841 avg_us=486.750 max_us=2532
   2 /opt/llama.cpp/ggml/src/ggml-cuda/ggml-cuda.cu:2665 calls=191 total_ms=0.280 avg_us=1.466 max_us=28
   3 /opt/llama.cpp/ggml/src/ggml-cuda/ggml-cuda.cu:847 calls=150 total_ms=0.150 avg_us=1.000 max_us=3
=== END CUDA SYNC PROFILE ===
backend-sync-trace: count=25000 backend=CUDA0 caller=ggml_backend_sched_synchronize+0x62

=== CUDA SYNC PROFILE (instrumentation only) ===
total_syncs = 25000
total_wait_ms = 14001.957
max_wait_us = 141865
sites = 5
wait_hist_us = logarithmic buckets
  hist[0] = 22766
  hist[1] = 1238
  hist[2] = 47
  hist[3] = 22
  hist[4] = 15
  hist[5] = 1
  hist[9] = 168
  hist[10] = 368
  hist[11] = 71
  hist[14] = 103
  hist[15] = 174
  hist[16] = 26
  hist[17] = 1
by_callsite (caller PC; symbolize with addr2line):
   0 caller=0x78b11f95c0d2 calls=10072 total_ms=13993.582 avg_us=1389.355 max_us=141865
   1 caller=0x78b11f96098c calls=8226 total_ms=3.296 avg_us=0.401 max_us=26
   2 caller=0x78b11f96089c calls=3046 total_ms=2.712 avg_us=0.890 max_us=29
   3 caller=0x78b11f960abd calls=3046 total_ms=1.191 avg_us=0.391 max_us=25
   4 caller=0x78b11f95f852 calls=610 total_ms=1.176 avg_us=1.928 max_us=15
direct_cudaStreamSynchronize: calls=11012 total_ms=50.849 max_us=2532
by_direct_callsite (file:line):
   0 /opt/llama.cpp/ggml/src/ggml-cuda/ggml-cuda.cu:839 calls=10659 total_ms=44.578 avg_us=4.182 max_us=354
   1 /opt/llama.cpp/ggml/src/ggml-cuda/ggml-cuda.cu:900 calls=12 total_ms=5.841 avg_us=486.750 max_us=2532
   2 /opt/llama.cpp/ggml/src/ggml-cuda/ggml-cuda.cu:2665 calls=191 total_ms=0.280 avg_us=1.466 max_us=28
   3 /opt/llama.cpp/ggml/src/ggml-cuda/ggml-cuda.cu:847 calls=150 total_ms=0.150 avg_us=1.000 max_us=3
=== END CUDA SYNC PROFILE ===
backend-sync-trace: count=25100 backend=CUDA0 caller=ggml_backend_sched_graph_compute_async_ext+0xddc

=== CUDA SYNC PROFILE (instrumentation only) ===
total_syncs = 25100
total_wait_ms = 14048.958
max_wait_us = 141865
sites = 5
wait_hist_us = logarithmic buckets
  hist[0] = 22856
  hist[1] = 1243
  hist[2] = 48
  hist[3] = 22
  hist[4] = 15
  hist[5] = 1
  hist[9] = 168
  hist[10] = 371
  hist[11] = 71
  hist[14] = 103
  hist[15] = 175
  hist[16] = 26
  hist[17] = 1
by_callsite (caller PC; symbolize with addr2line):
   0 caller=0x78b11f95c0d2 calls=10108 total_ms=14040.544 avg_us=1389.053 max_us=141865
   1 caller=0x78b11f96098c calls=8257 total_ms=3.308 avg_us=0.401 max_us=26
   2 caller=0x78b11f96089c calls=3062 total_ms=2.731 avg_us=0.892 max_us=29
   3 caller=0x78b11f960abd calls=3061 total_ms=1.195 avg_us=0.390 max_us=25
   4 caller=0x78b11f95f852 calls=612 total_ms=1.180 avg_us=1.928 max_us=15
direct_cudaStreamSynchronize: calls=11055 total_ms=51.019 max_us=2532
by_direct_callsite (file:line):
   0 /opt/llama.cpp/ggml/src/ggml-cuda/ggml-cuda.cu:839 calls=10702 total_ms=44.748 avg_us=4.181 max_us=354
   1 /opt/llama.cpp/ggml/src/ggml-cuda/ggml-cuda.cu:900 calls=12 total_ms=5.841 avg_us=486.750 max_us=2532
   2 /opt/llama.cpp/ggml/src/ggml-cuda/ggml-cuda.cu:2665 calls=191 total_ms=0.280 avg_us=1.466 max_us=28
   3 /opt/llama.cpp/ggml/src/ggml-cuda/ggml-cuda.cu:847 calls=150 total_ms=0.150 avg_us=1.000 max_us=3
=== END CUDA SYNC PROFILE ===

=== CUDA SYNC PROFILE (instrumentation only) ===
total_syncs = 25190
total_wait_ms = 14106.650
max_wait_us = 141865
sites = 5
wait_hist_us = logarithmic buckets
  hist[0] = 22937
  hist[1] = 1246
  hist[2] = 50
  hist[3] = 23
  hist[4] = 15
  hist[5] = 1
  hist[9] = 169
  hist[10] = 371
  hist[11] = 72
  hist[14] = 103
  hist[15] = 176
  hist[16] = 26
  hist[17] = 1
by_callsite (caller PC; symbolize with addr2line):
   0 caller=0x78b11f95c0d2 calls=10139 total_ms=14098.190 avg_us=1390.491 max_us=141865
   1 caller=0x78b11f96098c calls=8293 total_ms=3.338 avg_us=0.403 max_us=26
   2 caller=0x78b11f96089c calls=3072 total_ms=2.738 avg_us=0.891 max_us=29
   3 caller=0x78b11f960abd calls=3072 total_ms=1.199 avg_us=0.390 max_us=25
   4 caller=0x78b11f95f852 calls=614 total_ms=1.185 avg_us=1.930 max_us=15
direct_cudaStreamSynchronize: calls=11100 total_ms=51.198 max_us=2532
by_direct_callsite (file:line):
   0 /opt/llama.cpp/ggml/src/ggml-cuda/ggml-cuda.cu:839 calls=10747 total_ms=44.927 avg_us=4.180 max_us=354
   1 /opt/llama.cpp/ggml/src/ggml-cuda/ggml-cuda.cu:900 calls=12 total_ms=5.841 avg_us=486.750 max_us=2532
   2 /opt/llama.cpp/ggml/src/ggml-cuda/ggml-cuda.cu:2665 calls=191 total_ms=0.280 avg_us=1.466 max_us=28
   3 /opt/llama.cpp/ggml/src/ggml-cuda/ggml-cuda.cu:847 calls=150 total_ms=0.150 avg_us=1.000 max_us=3
=== END CUDA SYNC PROFILE ===
backend-sync-trace: count=25200 backend=CUDA0 caller=ggml_backend_sched_graph_compute_async_ext+0xddc

=== CUDA SYNC PROFILE (instrumentation only) ===
total_syncs = 25200
total_wait_ms = 14149.558
max_wait_us = 141865
sites = 5
wait_hist_us = logarithmic buckets
  hist[0] = 22943
  hist[1] = 1248
  hist[2] = 51
  hist[3] = 23
  hist[4] = 15
  hist[5] = 1
  hist[9] = 169
  hist[10] = 371
  hist[11] = 72
  hist[14] = 103
  hist[15] = 177
  hist[16] = 26
  hist[17] = 1
by_callsite (caller PC; symbolize with addr2line):
   0 caller=0x78b11f95c0d2 calls=10141 total_ms=14141.093 avg_us=1394.448 max_us=141865
   1 caller=0x78b11f96098c calls=8299 total_ms=3.339 avg_us=0.402 max_us=26
   2 caller=0x78b11f96089c calls=3073 total_ms=2.740 avg_us=0.892 max_us=29
   3 caller=0x78b11f960abd calls=3072 total_ms=1.199 avg_us=0.390 max_us=25
   4 caller=0x78b11f95f852 calls=615 total_ms=1.187 avg_us=1.930 max_us=15
direct_cudaStreamSynchronize: calls=11106 total_ms=51.215 max_us=2532
by_direct_callsite (file:line):
   0 /opt/llama.cpp/ggml/src/ggml-cuda/ggml-cuda.cu:839 calls=10753 total_ms=44.944 avg_us=4.180 max_us=354
   1 /opt/llama.cpp/ggml/src/ggml-cuda/ggml-cuda.cu:900 calls=12 total_ms=5.841 avg_us=486.750 max_us=2532
   2 /opt/llama.cpp/ggml/src/ggml-cuda/ggml-cuda.cu:2665 calls=191 total_ms=0.280 avg_us=1.466 max_us=28
   3 /opt/llama.cpp/ggml/src/ggml-cuda/ggml-cuda.cu:847 calls=150 total_ms=0.150 avg_us=1.000 max_us=3
=== END CUDA SYNC PROFILE ===
backend-sync-trace: count=25300 backend=CUDA0 caller=ggml_backend_sched_synchronize+0x62

=== CUDA SYNC PROFILE (instrumentation only) ===
total_syncs = 25300
total_wait_ms = 14191.652
max_wait_us = 141865
sites = 5
wait_hist_us = logarithmic buckets
  hist[0] = 23037
  hist[1] = 1250
  hist[2] = 52
  hist[3] = 23
  hist[4] = 15
  hist[5] = 1
  hist[9] = 170
  hist[10] = 372
  hist[11] = 72
  hist[14] = 103
  hist[15] = 178
  hist[16] = 26
  hist[17] = 1
by_callsite (caller PC; symbolize with addr2line):
   0 caller=0x78b11f95c0d2 calls=10185 total_ms=14183.161 avg_us=1392.554 max_us=141865
   1 caller=0x78b11f96098c calls=8330 total_ms=3.346 avg_us=0.402 max_us=26
   2 caller=0x78b11f96089c calls=3084 total_ms=2.747 avg_us=0.891 max_us=29
   3 caller=0x78b11f960abd calls=3084 total_ms=1.207 avg_us=0.391 max_us=25
   4 caller=0x78b11f95f852 calls=617 total_ms=1.191 avg_us=1.930 max_us=15
direct_cudaStreamSynchronize: calls=11146 total_ms=51.379 max_us=2532
by_direct_callsite (file:line):
   0 /opt/llama.cpp/ggml/src/ggml-cuda/ggml-cuda.cu:839 calls=10793 total_ms=45.108 avg_us=4.179 max_us=354
   1 /opt/llama.cpp/ggml/src/ggml-cuda/ggml-cuda.cu:900 calls=12 total_ms=5.841 avg_us=486.750 max_us=2532
   2 /opt/llama.cpp/ggml/src/ggml-cuda/ggml-cuda.cu:2665 calls=191 total_ms=0.280 avg_us=1.466 max_us=28
   3 /opt/llama.cpp/ggml/src/ggml-cuda/ggml-cuda.cu:847 calls=150 total_ms=0.150 avg_us=1.000 max_us=3
=== END CUDA SYNC PROFILE ===
backend-sync-trace: count=25400 backend=CUDA0 caller=ggml_backend_sched_synchronize+0x62

=== CUDA SYNC PROFILE (instrumentation only) ===
total_syncs = 25400
total_wait_ms = 14256.213
max_wait_us = 141865
sites = 5
wait_hist_us = logarithmic buckets
  hist[0] = 23130
  hist[1] = 1253
  hist[2] = 53
  hist[3] = 23
  hist[4] = 15
  hist[5] = 1
  hist[9] = 170
  hist[10] = 373
  hist[11] = 73
  hist[14] = 103
  hist[15] = 179
  hist[16] = 26
  hist[17] = 1
by_callsite (caller PC; symbolize with addr2line):
   0 caller=0x78b11f95c0d2 calls=10236 total_ms=14247.700 avg_us=1391.921 max_us=141865
   1 caller=0x78b11f96098c calls=8357 total_ms=3.354 avg_us=0.401 max_us=26
   2 caller=0x78b11f96089c calls=3094 total_ms=2.751 avg_us=0.889 max_us=29
   3 caller=0x78b11f960abd calls=3094 total_ms=1.211 avg_us=0.391 max_us=25
   4 caller=0x78b11f95f852 calls=619 total_ms=1.197 avg_us=1.934 max_us=15
direct_cudaStreamSynchronize: calls=11181 total_ms=51.522 max_us=2532
by_direct_callsite (file:line):
   0 /opt/llama.cpp/ggml/src/ggml-cuda/ggml-cuda.cu:839 calls=10828 total_ms=45.251 avg_us=4.179 max_us=354
   1 /opt/llama.cpp/ggml/src/ggml-cuda/ggml-cuda.cu:900 calls=12 total_ms=5.841 avg_us=486.750 max_us=2532
   2 /opt/llama.cpp/ggml/src/ggml-cuda/ggml-cuda.cu:2665 calls=191 total_ms=0.280 avg_us=1.466 max_us=28
   3 /opt/llama.cpp/ggml/src/ggml-cuda/ggml-cuda.cu:847 calls=150 total_ms=0.150 avg_us=1.000 max_us=3
=== END CUDA SYNC PROFILE ===

=== CUDA SYNC PROFILE (instrumentation only) ===
total_syncs = 25443
total_wait_ms = 14260.257
max_wait_us = 141865
sites = 5
wait_hist_us = logarithmic buckets
  hist[0] = 23163
  hist[1] = 1260
  hist[2] = 53
  hist[3] = 24
  hist[4] = 15
  hist[5] = 1
  hist[9] = 170
  hist[10] = 375
  hist[11] = 73
  hist[14] = 103
  hist[15] = 179
  hist[16] = 26
  hist[17] = 1
by_callsite (caller PC; symbolize with addr2line):
   0 caller=0x78b11f95c0d2 calls=10250 total_ms=14251.707 avg_us=1390.410 max_us=141865
   1 caller=0x78b11f96098c calls=8369 total_ms=3.362 avg_us=0.402 max_us=26
   2 caller=0x78b11f96089c calls=3102 total_ms=2.771 avg_us=0.893 max_us=29
   3 caller=0x78b11f960abd calls=3102 total_ms=1.217 avg_us=0.392 max_us=25
   4 caller=0x78b11f95f852 calls=620 total_ms=1.200 avg_us=1.935 max_us=15
direct_cudaStreamSynchronize: calls=11200 total_ms=51.617 max_us=2532
by_direct_callsite (file:line):
   0 /opt/llama.cpp/ggml/src/ggml-cuda/ggml-cuda.cu:839 calls=10847 total_ms=45.346 avg_us=4.181 max_us=354
   1 /opt/llama.cpp/ggml/src/ggml-cuda/ggml-cuda.cu:900 calls=12 total_ms=5.841 avg_us=486.750 max_us=2532
   2 /opt/llama.cpp/ggml/src/ggml-cuda/ggml-cuda.cu:2665 calls=191 total_ms=0.280 avg_us=1.466 max_us=28
   3 /opt/llama.cpp/ggml/src/ggml-cuda/ggml-cuda.cu:847 calls=150 total_ms=0.150 avg_us=1.000 max_us=3
=== END CUDA SYNC PROFILE ===
backend-sync-trace: count=25500 backend=CUDA0 caller=ggml_backend_sched_synchronize+0x62

=== CUDA SYNC PROFILE (instrumentation only) ===
total_syncs = 25500
total_wait_ms = 14311.348
max_wait_us = 141865
sites = 5
wait_hist_us = logarithmic buckets
  hist[0] = 23208
  hist[1] = 1269
  hist[2] = 53
  hist[3] = 24
  hist[4] = 15
  hist[5] = 1
  hist[9] = 170
  hist[10] = 377
  hist[11] = 73
  hist[14] = 103
  hist[15] = 180
  hist[16] = 26
  hist[17] = 1
by_callsite (caller PC; symbolize with addr2line):
   0 caller=0x78b11f95c0d2 calls=10270 total_ms=14302.763 avg_us=1392.674 max_us=141865
   1 caller=0x78b11f96098c calls=8392 total_ms=3.386 avg_us=0.403 max_us=26
   2 caller=0x78b11f96089c calls=3108 total_ms=2.776 avg_us=0.893 max_us=29
   3 caller=0x78b11f960abd calls=3108 total_ms=1.219 avg_us=0.392 max_us=25
   4 caller=0x78b11f95f852 calls=622 total_ms=1.204 avg_us=1.936 max_us=15
direct_cudaStreamSynchronize: calls=11228 total_ms=51.712 max_us=2532
by_direct_callsite (file:line):
   0 /opt/llama.cpp/ggml/src/ggml-cuda/ggml-cuda.cu:839 calls=10875 total_ms=45.441 avg_us=4.178 max_us=354
   1 /opt/llama.cpp/ggml/src/ggml-cuda/ggml-cuda.cu:900 calls=12 total_ms=5.841 avg_us=486.750 max_us=2532
   2 /opt/llama.cpp/ggml/src/ggml-cuda/ggml-cuda.cu:2665 calls=191 total_ms=0.280 avg_us=1.466 max_us=28
   3 /opt/llama.cpp/ggml/src/ggml-cuda/ggml-cuda.cu:847 calls=150 total_ms=0.150 avg_us=1.000 max_us=3
=== END CUDA SYNC PROFILE ===
backend-sync-trace: count=25600 backend=CUDA0 caller=ggml_backend_sched_graph_compute_async_ext+0xecc

=== CUDA SYNC PROFILE (instrumentation only) ===
total_syncs = 25600
total_wait_ms = 14347.139
max_wait_us = 141865
sites = 5
wait_hist_us = logarithmic buckets
  hist[0] = 23299
  hist[1] = 1274
  hist[2] = 54
  hist[3] = 24
  hist[4] = 15
  hist[5] = 1
  hist[9] = 170
  hist[10] = 378
  hist[11] = 74
  hist[14] = 104
  hist[15] = 180
  hist[16] = 26
  hist[17] = 1
by_callsite (caller PC; symbolize with addr2line):
   0 caller=0x78b11f95c0d2 calls=10306 total_ms=14338.525 avg_us=1391.279 max_us=141865
   1 caller=0x78b11f96098c calls=8426 total_ms=3.393 avg_us=0.403 max_us=26
   2 caller=0x78b11f96089c calls=3122 total_ms=2.787 avg_us=0.893 max_us=29
   3 caller=0x78b11f960abd calls=3122 total_ms=1.226 avg_us=0.393 max_us=25
   4 caller=0x78b11f95f852 calls=624 total_ms=1.208 avg_us=1.936 max_us=15
direct_cudaStreamSynchronize: calls=11272 total_ms=51.902 max_us=2532
by_direct_callsite (file:line):
   0 /opt/llama.cpp/ggml/src/ggml-cuda/ggml-cuda.cu:839 calls=10919 total_ms=45.631 avg_us=4.179 max_us=354
   1 /opt/llama.cpp/ggml/src/ggml-cuda/ggml-cuda.cu:900 calls=12 total_ms=5.841 avg_us=486.750 max_us=2532
   2 /opt/llama.cpp/ggml/src/ggml-cuda/ggml-cuda.cu:2665 calls=191 total_ms=0.280 avg_us=1.466 max_us=28
   3 /opt/llama.cpp/ggml/src/ggml-cuda/ggml-cuda.cu:847 calls=150 total_ms=0.150 avg_us=1.000 max_us=3
=== END CUDA SYNC PROFILE ===

=== CUDA SYNC PROFILE (instrumentation only) ===
total_syncs = 25675
total_wait_ms = 14382.624
max_wait_us = 141865
sites = 5
wait_hist_us = logarithmic buckets
  hist[0] = 23368
  hist[1] = 1277
  hist[2] = 54
  hist[3] = 24
  hist[4] = 15
  hist[5] = 1
  hist[9] = 170
  hist[10] = 380
  hist[11] = 74
  hist[14] = 104
  hist[15] = 181
  hist[16] = 26
  hist[17] = 1
by_callsite (caller PC; symbolize with addr2line):
   0 caller=0x78b11f95c0d2 calls=10343 total_ms=14373.988 avg_us=1389.731 max_us=141865
   1 caller=0x78b11f96098c calls=8446 total_ms=3.402 avg_us=0.403 max_us=26
   2 caller=0x78b11f96089c calls=3130 total_ms=2.793 avg_us=0.892 max_us=29
   3 caller=0x78b11f960abd calls=3130 total_ms=1.230 avg_us=0.393 max_us=25
   4 caller=0x78b11f95f852 calls=626 total_ms=1.211 avg_us=1.935 max_us=15
direct_cudaStreamSynchronize: calls=11300 total_ms=52.002 max_us=2532
by_direct_callsite (file:line):
   0 /opt/llama.cpp/ggml/src/ggml-cuda/ggml-cuda.cu:839 calls=10947 total_ms=45.731 avg_us=4.177 max_us=354
   1 /opt/llama.cpp/ggml/src/ggml-cuda/ggml-cuda.cu:900 calls=12 total_ms=5.841 avg_us=486.750 max_us=2532
   2 /opt/llama.cpp/ggml/src/ggml-cuda/ggml-cuda.cu:2665 calls=191 total_ms=0.280 avg_us=1.466 max_us=28
   3 /opt/llama.cpp/ggml/src/ggml-cuda/ggml-cuda.cu:847 calls=150 total_ms=0.150 avg_us=1.000 max_us=3
=== END CUDA SYNC PROFILE ===
backend-sync-trace: count=25700 backend=CUDA0 caller=ggml_backend_sched_graph_compute_async_ext+0xddc

=== CUDA SYNC PROFILE (instrumentation only) ===
total_syncs = 25700
total_wait_ms = 14413.499
max_wait_us = 141865
sites = 5
wait_hist_us = logarithmic buckets
  hist[0] = 23392
  hist[1] = 1277
  hist[2] = 54
  hist[3] = 24
  hist[4] = 15
  hist[5] = 1
  hist[9] = 170
  hist[10] = 380
  hist[11] = 74
  hist[14] = 105
  hist[15] = 181
  hist[16] = 26
  hist[17] = 1
by_callsite (caller PC; symbolize with addr2line):
   0 caller=0x78b11f95c0d2 calls=10345 total_ms=14404.851 avg_us=1392.446 max_us=141865
   1 caller=0x78b11f96098c calls=8461 total_ms=3.408 avg_us=0.403 max_us=26
   2 caller=0x78b11f96089c calls=3134 total_ms=2.795 avg_us=0.892 max_us=29
   3 caller=0x78b11f960abd calls=3133 total_ms=1.233 avg_us=0.394 max_us=25
   4 caller=0x78b11f95f852 calls=627 total_ms=1.212 avg_us=1.933 max_us=15
direct_cudaStreamSynchronize: calls=11317 total_ms=52.074 max_us=2532
by_direct_callsite (file:line):
   0 /opt/llama.cpp/ggml/src/ggml-cuda/ggml-cuda.cu:839 calls=10964 total_ms=45.803 avg_us=4.178 max_us=354
   1 /opt/llama.cpp/ggml/src/ggml-cuda/ggml-cuda.cu:900 calls=12 total_ms=5.841 avg_us=486.750 max_us=2532
   2 /opt/llama.cpp/ggml/src/ggml-cuda/ggml-cuda.cu:2665 calls=191 total_ms=0.280 avg_us=1.466 max_us=28
   3 /opt/llama.cpp/ggml/src/ggml-cuda/ggml-cuda.cu:847 calls=150 total_ms=0.150 avg_us=1.000 max_us=3
=== END CUDA SYNC PROFILE ===
backend-sync-trace: count=25800 backend=CUDA0 caller=ggml_backend_sched_synchronize+0x62

=== CUDA SYNC PROFILE (instrumentation only) ===
total_syncs = 25800
total_wait_ms = 14444.722
max_wait_us = 141865
sites = 5
wait_hist_us = logarithmic buckets
  hist[0] = 23486
  hist[1] = 1280
  hist[2] = 54
  hist[3] = 24
  hist[4] = 15
  hist[5] = 1
  hist[9] = 171
  hist[10] = 381
  hist[11] = 74
  hist[14] = 106
  hist[15] = 181
  hist[16] = 26
  hist[17] = 1
by_callsite (caller PC; symbolize with addr2line):
   0 caller=0x78b11f95c0d2 calls=10391 total_ms=14436.049 avg_us=1389.284 max_us=141865
   1 caller=0x78b11f96098c calls=8492 total_ms=3.418 avg_us=0.402 max_us=26
   2 caller=0x78b11f96089c calls=3144 total_ms=2.802 avg_us=0.891 max_us=29
   3 caller=0x78b11f960abd calls=3144 total_ms=1.237 avg_us=0.393 max_us=25
   4 caller=0x78b11f95f852 calls=629 total_ms=1.216 avg_us=1.933 max_us=15
direct_cudaStreamSynchronize: calls=11356 total_ms=52.236 max_us=2532
by_direct_callsite (file:line):
   0 /opt/llama.cpp/ggml/src/ggml-cuda/ggml-cuda.cu:839 calls=11003 total_ms=45.965 avg_us=4.177 max_us=354
   1 /opt/llama.cpp/ggml/src/ggml-cuda/ggml-cuda.cu:900 calls=12 total_ms=5.841 avg_us=486.750 max_us=2532
   2 /opt/llama.cpp/ggml/src/ggml-cuda/ggml-cuda.cu:2665 calls=191 total_ms=0.280 avg_us=1.466 max_us=28
   3 /opt/llama.cpp/ggml/src/ggml-cuda/ggml-cuda.cu:847 calls=150 total_ms=0.150 avg_us=1.000 max_us=3
=== END CUDA SYNC PROFILE ===
backend-sync-trace: count=25900 backend=CUDA0 caller=ggml_backend_sched_synchronize+0x62

=== CUDA SYNC PROFILE (instrumentation only) ===
total_syncs = 25900
total_wait_ms = 14480.977
max_wait_us = 141865
sites = 5
wait_hist_us = logarithmic buckets
  hist[0] = 23578
  hist[1] = 1284
  hist[2] = 54
  hist[3] = 24
  hist[4] = 15
  hist[5] = 1
  hist[9] = 173
  hist[10] = 382
  hist[11] = 74
  hist[14] = 107
  hist[15] = 181
  hist[16] = 26
  hist[17] = 1
by_callsite (caller PC; symbolize with addr2line):
   0 caller=0x78b11f95c0d2 calls=10433 total_ms=14472.274 avg_us=1387.163 max_us=141865
   1 caller=0x78b11f96098c calls=8523 total_ms=3.429 avg_us=0.402 max_us=26
   2 caller=0x78b11f96089c calls=3156 total_ms=2.810 avg_us=0.890 max_us=29
   3 caller=0x78b11f960abd calls=3156 total_ms=1.243 avg_us=0.394 max_us=25
   4 caller=0x78b11f95f852 calls=632 total_ms=1.221 avg_us=1.932 max_us=15
direct_cudaStreamSynchronize: calls=11397 total_ms=52.395 max_us=2532
by_direct_callsite (file:line):
   0 /opt/llama.cpp/ggml/src/ggml-cuda/ggml-cuda.cu:839 calls=11044 total_ms=46.124 avg_us=4.176 max_us=354
   1 /opt/llama.cpp/ggml/src/ggml-cuda/ggml-cuda.cu:900 calls=12 total_ms=5.841 avg_us=486.750 max_us=2532
   2 /opt/llama.cpp/ggml/src/ggml-cuda/ggml-cuda.cu:2665 calls=191 total_ms=0.280 avg_us=1.466 max_us=28
   3 /opt/llama.cpp/ggml/src/ggml-cuda/ggml-cuda.cu:847 calls=150 total_ms=0.150 avg_us=1.000 max_us=3
=== END CUDA SYNC PROFILE ===

=== CUDA SYNC PROFILE (instrumentation only) ===
total_syncs = 25907
total_wait_ms = 14480.982
max_wait_us = 141865
sites = 5
wait_hist_us = logarithmic buckets
  hist[0] = 23585
  hist[1] = 1284
  hist[2] = 54
  hist[3] = 24
  hist[4] = 15
  hist[5] = 1
  hist[9] = 173
  hist[10] = 382
  hist[11] = 74
  hist[14] = 107
  hist[15] = 181
  hist[16] = 26
  hist[17] = 1
by_callsite (caller PC; symbolize with addr2line):
   0 caller=0x78b11f95c0d2 calls=10435 total_ms=14472.276 avg_us=1386.898 max_us=141865
   1 caller=0x78b11f96098c calls=8524 total_ms=3.430 avg_us=0.402 max_us=26
   2 caller=0x78b11f96089c calls=3158 total_ms=2.811 avg_us=0.890 max_us=29
   3 caller=0x78b11f960abd calls=3158 total_ms=1.244 avg_us=0.394 max_us=25
   4 caller=0x78b11f95f852 calls=632 total_ms=1.221 avg_us=1.932 max_us=15
direct_cudaStreamSynchronize: calls=11400 total_ms=52.408 max_us=2532
by_direct_callsite (file:line):
   0 /opt/llama.cpp/ggml/src/ggml-cuda/ggml-cuda.cu:839 calls=11047 total_ms=46.137 avg_us=4.176 max_us=354
   1 /opt/llama.cpp/ggml/src/ggml-cuda/ggml-cuda.cu:900 calls=12 total_ms=5.841 avg_us=486.750 max_us=2532
   2 /opt/llama.cpp/ggml/src/ggml-cuda/ggml-cuda.cu:2665 calls=191 total_ms=0.280 avg_us=1.466 max_us=28
   3 /opt/llama.cpp/ggml/src/ggml-cuda/ggml-cuda.cu:847 calls=150 total_ms=0.150 avg_us=1.000 max_us=3
=== END CUDA SYNC PROFILE ===
backend-sync-trace: count=26000 backend=CUDA0 caller=ggml_backend_sched_synchronize+0x62

=== CUDA SYNC PROFILE (instrumentation only) ===
total_syncs = 26000
total_wait_ms = 14510.912
max_wait_us = 141865
sites = 5
wait_hist_us = logarithmic buckets
  hist[0] = 23672
  hist[1] = 1286
  hist[2] = 54
  hist[3] = 24
  hist[4] = 15
  hist[5] = 1
  hist[9] = 174
  hist[10] = 383
  hist[11] = 75
  hist[14] = 108
  hist[15] = 181
  hist[16] = 26
  hist[17] = 1
by_callsite (caller PC; symbolize with addr2line):
   0 caller=0x78b11f95c0d2 calls=10476 total_ms=14502.183 avg_us=1384.324 max_us=141865
   1 caller=0x78b11f96098c calls=8554 total_ms=3.440 avg_us=0.402 max_us=26
   2 caller=0x78b11f96089c calls=3168 total_ms=2.820 avg_us=0.890 max_us=29
   3 caller=0x78b11f960abd calls=3168 total_ms=1.245 avg_us=0.393 max_us=25
   4 caller=0x78b11f95f852 calls=634 total_ms=1.224 avg_us=1.931 max_us=15
direct_cudaStreamSynchronize: calls=11438 total_ms=52.558 max_us=2532
by_direct_callsite (file:line):
   0 /opt/llama.cpp/ggml/src/ggml-cuda/ggml-cuda.cu:839 calls=11085 total_ms=46.287 avg_us=4.176 max_us=354
   1 /opt/llama.cpp/ggml/src/ggml-cuda/ggml-cuda.cu:900 calls=12 total_ms=5.841 avg_us=486.750 max_us=2532
   2 /opt/llama.cpp/ggml/src/ggml-cuda/ggml-cuda.cu:2665 calls=191 total_ms=0.280 avg_us=1.466 max_us=28
   3 /opt/llama.cpp/ggml/src/ggml-cuda/ggml-cuda.cu:847 calls=150 total_ms=0.150 avg_us=1.000 max_us=3
=== END CUDA SYNC PROFILE ===
backend-sync-trace: count=26100 backend=CUDA0 caller=ggml_backend_sched_graph_compute_async_ext+0xecc

=== CUDA SYNC PROFILE (instrumentation only) ===
total_syncs = 26100
total_wait_ms = 14556.251
max_wait_us = 141865
sites = 5
wait_hist_us = logarithmic buckets
  hist[0] = 23764
  hist[1] = 1291
  hist[2] = 54
  hist[3] = 24
  hist[4] = 15
  hist[5] = 1
  hist[9] = 174
  hist[10] = 385
  hist[11] = 75
  hist[14] = 108
  hist[15] = 182
  hist[16] = 26
  hist[17] = 1
by_callsite (caller PC; symbolize with addr2line):
   0 caller=0x78b11f95c0d2 calls=10516 total_ms=14547.496 avg_us=1383.368 max_us=141865
   1 caller=0x78b11f96098c calls=8584 total_ms=3.446 avg_us=0.401 max_us=26
   2 caller=0x78b11f96089c calls=3182 total_ms=2.830 avg_us=0.889 max_us=29
   3 caller=0x78b11f960abd calls=3182 total_ms=1.251 avg_us=0.393 max_us=25
   4 caller=0x78b11f95f852 calls=636 total_ms=1.228 avg_us=1.931 max_us=15
direct_cudaStreamSynchronize: calls=11478 total_ms=52.715 max_us=2532
by_direct_callsite (file:line):
   0 /opt/llama.cpp/ggml/src/ggml-cuda/ggml-cuda.cu:839 calls=11125 total_ms=46.444 avg_us=4.175 max_us=354
   1 /opt/llama.cpp/ggml/src/ggml-cuda/ggml-cuda.cu:900 calls=12 total_ms=5.841 avg_us=486.750 max_us=2532
   2 /opt/llama.cpp/ggml/src/ggml-cuda/ggml-cuda.cu:2665 calls=191 total_ms=0.280 avg_us=1.466 max_us=28
   3 /opt/llama.cpp/ggml/src/ggml-cuda/ggml-cuda.cu:847 calls=150 total_ms=0.150 avg_us=1.000 max_us=3
=== END CUDA SYNC PROFILE ===

=== CUDA SYNC PROFILE (instrumentation only) ===
total_syncs = 26145
total_wait_ms = 14614.794
max_wait_us = 141865
sites = 5
wait_hist_us = logarithmic buckets
  hist[0] = 23805
  hist[1] = 1294
  hist[2] = 54
  hist[3] = 24
  hist[4] = 15
  hist[5] = 1
  hist[9] = 174
  hist[10] = 385
  hist[11] = 75
  hist[14] = 108
  hist[15] = 183
  hist[16] = 26
  hist[17] = 1
by_callsite (caller PC; symbolize with addr2line):
   0 caller=0x78b11f95c0d2 calls=10533 total_ms=14606.022 avg_us=1386.692 max_us=141865
   1 caller=0x78b11f96098c calls=8602 total_ms=3.456 avg_us=0.402 max_us=26
   2 caller=0x78b11f96089c calls=3186 total_ms=2.832 avg_us=0.889 max_us=29
   3 caller=0x78b11f960abd calls=3186 total_ms=1.253 avg_us=0.393 max_us=25
   4 caller=0x78b11f95f852 calls=638 total_ms=1.231 avg_us=1.929 max_us=15
direct_cudaStreamSynchronize: calls=11500 total_ms=52.811 max_us=2532
by_direct_callsite (file:line):
   0 /opt/llama.cpp/ggml/src/ggml-cuda/ggml-cuda.cu:839 calls=11147 total_ms=46.540 avg_us=4.175 max_us=354
   1 /opt/llama.cpp/ggml/src/ggml-cuda/ggml-cuda.cu:900 calls=12 total_ms=5.841 avg_us=486.750 max_us=2532
   2 /opt/llama.cpp/ggml/src/ggml-cuda/ggml-cuda.cu:2665 calls=191 total_ms=0.280 avg_us=1.466 max_us=28
   3 /opt/llama.cpp/ggml/src/ggml-cuda/ggml-cuda.cu:847 calls=150 total_ms=0.150 avg_us=1.000 max_us=3
=== END CUDA SYNC PROFILE ===
backend-sync-trace: count=26200 backend=CUDA0 caller=ggml_backend_sched_graph_compute_async_ext+0xecc

=== CUDA SYNC PROFILE (instrumentation only) ===
total_syncs = 26200
total_wait_ms = 14665.575
max_wait_us = 141865
sites = 5
wait_hist_us = logarithmic buckets
  hist[0] = 23854
  hist[1] = 1297
  hist[2] = 54
  hist[3] = 24
  hist[4] = 15
  hist[5] = 1
  hist[9] = 174
  hist[10] = 387
  hist[11] = 75
  hist[14] = 108
  hist[15] = 184
  hist[16] = 26
  hist[17] = 1
by_callsite (caller PC; symbolize with addr2line):
   0 caller=0x78b11f95c0d2 calls=10549 total_ms=14656.783 avg_us=1389.400 max_us=141865
   1 caller=0x78b11f96098c calls=8624 total_ms=3.465 avg_us=0.402 max_us=26
   2 caller=0x78b11f96089c calls=3194 total_ms=2.840 avg_us=0.889 max_us=29
   3 caller=0x78b11f960abd calls=3194 total_ms=1.254 avg_us=0.393 max_us=25
   4 caller=0x78b11f95f852 calls=639 total_ms=1.233 avg_us=1.930 max_us=15
direct_cudaStreamSynchronize: calls=11528 total_ms=52.926 max_us=2532
by_direct_callsite (file:line):
   0 /opt/llama.cpp/ggml/src/ggml-cuda/ggml-cuda.cu:839 calls=11175 total_ms=46.655 avg_us=4.175 max_us=354
   1 /opt/llama.cpp/ggml/src/ggml-cuda/ggml-cuda.cu:900 calls=12 total_ms=5.841 avg_us=486.750 max_us=2532
   2 /opt/llama.cpp/ggml/src/ggml-cuda/ggml-cuda.cu:2665 calls=191 total_ms=0.280 avg_us=1.466 max_us=28
   3 /opt/llama.cpp/ggml/src/ggml-cuda/ggml-cuda.cu:847 calls=150 total_ms=0.150 avg_us=1.000 max_us=3
=== END CUDA SYNC PROFILE ===
backend-sync-trace: count=26300 backend=CUDA0 caller=ggml_backend_sched_synchronize+0x62

=== CUDA SYNC PROFILE (instrumentation only) ===
total_syncs = 26300
total_wait_ms = 14711.579
max_wait_us = 141865
sites = 5
wait_hist_us = logarithmic buckets
  hist[0] = 23948
  hist[1] = 1300
  hist[2] = 54
  hist[3] = 24
  hist[4] = 15
  hist[5] = 1
  hist[9] = 174
  hist[10] = 389
  hist[11] = 75
  hist[14] = 108
  hist[15] = 185
  hist[16] = 26
  hist[17] = 1
by_callsite (caller PC; symbolize with addr2line):
   0 caller=0x78b11f95c0d2 calls=10597 total_ms=14702.764 avg_us=1387.446 max_us=141865
   1 caller=0x78b11f96098c calls=8654 total_ms=3.476 avg_us=0.402 max_us=26
   2 caller=0x78b11f96089c calls=3204 total_ms=2.845 avg_us=0.888 max_us=29
   3 caller=0x78b11f960abd calls=3204 total_ms=1.258 avg_us=0.393 max_us=25
   4 caller=0x78b11f95f852 calls=641 total_ms=1.236 avg_us=1.928 max_us=15
direct_cudaStreamSynchronize: calls=11566 total_ms=53.074 max_us=2532
by_direct_callsite (file:line):
   0 /opt/llama.cpp/ggml/src/ggml-cuda/ggml-cuda.cu:839 calls=11213 total_ms=46.803 avg_us=4.174 max_us=354
   1 /opt/llama.cpp/ggml/src/ggml-cuda/ggml-cuda.cu:900 calls=12 total_ms=5.841 avg_us=486.750 max_us=2532
   2 /opt/llama.cpp/ggml/src/ggml-cuda/ggml-cuda.cu:2665 calls=191 total_ms=0.280 avg_us=1.466 max_us=28
   3 /opt/llama.cpp/ggml/src/ggml-cuda/ggml-cuda.cu:847 calls=150 total_ms=0.150 avg_us=1.000 max_us=3
=== END CUDA SYNC PROFILE ===

=== CUDA SYNC PROFILE (instrumentation only) ===
total_syncs = 26373
total_wait_ms = 14754.762
max_wait_us = 141865
sites = 5
wait_hist_us = logarithmic buckets
  hist[0] = 24013
  hist[1] = 1304
  hist[2] = 54
  hist[3] = 25
  hist[4] = 15
  hist[5] = 1
  hist[9] = 174
  hist[10] = 391
  hist[11] = 75
  hist[14] = 108
  hist[15] = 186
  hist[16] = 26
  hist[17] = 1
by_callsite (caller PC; symbolize with addr2line):
   0 caller=0x78b11f95c0d2 calls=10623 total_ms=14745.910 avg_us=1388.112 max_us=141865
   1 caller=0x78b11f96098c calls=8679 total_ms=3.484 avg_us=0.401 max_us=26
   2 caller=0x78b11f96089c calls=3214 total_ms=2.865 avg_us=0.891 max_us=29
   3 caller=0x78b11f960abd calls=3214 total_ms=1.263 avg_us=0.393 max_us=25
   4 caller=0x78b11f95f852 calls=643 total_ms=1.240 avg_us=1.928 max_us=15
direct_cudaStreamSynchronize: calls=11600 total_ms=53.216 max_us=2532
by_direct_callsite (file:line):
   0 /opt/llama.cpp/ggml/src/ggml-cuda/ggml-cuda.cu:839 calls=11247 total_ms=46.945 avg_us=4.174 max_us=354
   1 /opt/llama.cpp/ggml/src/ggml-cuda/ggml-cuda.cu:900 calls=12 total_ms=5.841 avg_us=486.750 max_us=2532
   2 /opt/llama.cpp/ggml/src/ggml-cuda/ggml-cuda.cu:2665 calls=191 total_ms=0.280 avg_us=1.466 max_us=28
   3 /opt/llama.cpp/ggml/src/ggml-cuda/ggml-cuda.cu:847 calls=150 total_ms=0.150 avg_us=1.000 max_us=3
=== END CUDA SYNC PROFILE ===
backend-sync-trace: count=26400 backend=CUDA0 caller=ggml_backend_sched_synchronize+0x62

=== CUDA SYNC PROFILE (instrumentation only) ===
total_syncs = 26400
total_wait_ms = 14755.627
max_wait_us = 141865
sites = 5
wait_hist_us = logarithmic buckets
  hist[0] = 24038
  hist[1] = 1305
  hist[2] = 54
  hist[3] = 25
  hist[4] = 15
  hist[5] = 1
  hist[9] = 175
  hist[10] = 391
  hist[11] = 75
  hist[14] = 108
  hist[15] = 186
  hist[16] = 26
  hist[17] = 1
by_callsite (caller PC; symbolize with addr2line):
   0 caller=0x78b11f95c0d2 calls=10639 total_ms=14746.768 avg_us=1386.105 max_us=141865
   1 caller=0x78b11f96098c calls=8685 total_ms=3.486 avg_us=0.401 max_us=26
   2 caller=0x78b11f96089c calls=3216 total_ms=2.866 avg_us=0.891 max_us=29
   3 caller=0x78b11f960abd calls=3216 total_ms=1.265 avg_us=0.393 max_us=25
   4 caller=0x78b11f95f852 calls=644 total_ms=1.242 avg_us=1.929 max_us=15
direct_cudaStreamSynchronize: calls=11607 total_ms=53.238 max_us=2532
by_direct_callsite (file:line):
   0 /opt/llama.cpp/ggml/src/ggml-cuda/ggml-cuda.cu:839 calls=11254 total_ms=46.967 avg_us=4.173 max_us=354
   1 /opt/llama.cpp/ggml/src/ggml-cuda/ggml-cuda.cu:900 calls=12 total_ms=5.841 avg_us=486.750 max_us=2532
   2 /opt/llama.cpp/ggml/src/ggml-cuda/ggml-cuda.cu:2665 calls=191 total_ms=0.280 avg_us=1.466 max_us=28
   3 /opt/llama.cpp/ggml/src/ggml-cuda/ggml-cuda.cu:847 calls=150 total_ms=0.150 avg_us=1.000 max_us=3
=== END CUDA SYNC PROFILE ===
backend-sync-trace: count=26500 backend=CUDA0 caller=ggml_backend_sched_graph_compute_async_ext+0xecc

=== CUDA SYNC PROFILE (instrumentation only) ===
total_syncs = 26500
total_wait_ms = 14799.580
max_wait_us = 141865
sites = 5
wait_hist_us = logarithmic buckets
  hist[0] = 24131
  hist[1] = 1309
  hist[2] = 54
  hist[3] = 25
  hist[4] = 15
  hist[5] = 1
  hist[9] = 176
  hist[10] = 392
  hist[11] = 75
  hist[14] = 108
  hist[15] = 187
  hist[16] = 26
  hist[17] = 1
by_callsite (caller PC; symbolize with addr2line):
   0 caller=0x78b11f95c0d2 calls=10682 total_ms=14790.695 avg_us=1384.637 max_us=141865
   1 caller=0x78b11f96098c calls=8716 total_ms=3.495 avg_us=0.401 max_us=26
   2 caller=0x78b11f96089c calls=3228 total_ms=2.873 avg_us=0.890 max_us=29
   3 caller=0x78b11f960abd calls=3228 total_ms=1.271 avg_us=0.394 max_us=25
   4 caller=0x78b11f95f852 calls=646 total_ms=1.246 avg_us=1.929 max_us=15
direct_cudaStreamSynchronize: calls=11647 total_ms=53.391 max_us=2532
by_direct_callsite (file:line):
   0 /opt/llama.cpp/ggml/src/ggml-cuda/ggml-cuda.cu:839 calls=11294 total_ms=47.120 avg_us=4.172 max_us=354
   1 /opt/llama.cpp/ggml/src/ggml-cuda/ggml-cuda.cu:900 calls=12 total_ms=5.841 avg_us=486.750 max_us=2532
   2 /opt/llama.cpp/ggml/src/ggml-cuda/ggml-cuda.cu:2665 calls=191 total_ms=0.280 avg_us=1.466 max_us=28
   3 /opt/llama.cpp/ggml/src/ggml-cuda/ggml-cuda.cu:847 calls=150 total_ms=0.150 avg_us=1.000 max_us=3
=== END CUDA SYNC PROFILE ===
backend-sync-trace: count=26600 backend=CUDA0 caller=ggml_backend_sched_graph_compute_async_ext+0xddc

=== CUDA SYNC PROFILE (instrumentation only) ===
total_syncs = 26600
total_wait_ms = 14845.224
max_wait_us = 141865
sites = 5
wait_hist_us = logarithmic buckets
  hist[0] = 24225
  hist[1] = 1311
  hist[2] = 54
  hist[3] = 25
  hist[4] = 15
  hist[5] = 1
  hist[9] = 178
  hist[10] = 393
  hist[11] = 75
  hist[14] = 108
  hist[15] = 188
  hist[16] = 26
  hist[17] = 1
by_callsite (caller PC; symbolize with addr2line):
   0 caller=0x78b11f95c0d2 calls=10726 total_ms=14836.313 avg_us=1383.210 max_us=141865
   1 caller=0x78b11f96098c calls=8743 total_ms=3.503 avg_us=0.401 max_us=26
   2 caller=0x78b11f96089c calls=3242 total_ms=2.884 avg_us=0.890 max_us=29
   3 caller=0x78b11f960abd calls=3241 total_ms=1.275 avg_us=0.393 max_us=25
   4 caller=0x78b11f95f852 calls=648 total_ms=1.249 avg_us=1.927 max_us=15
direct_cudaStreamSynchronize: calls=11685 total_ms=53.545 max_us=2532
by_direct_callsite (file:line):
   0 /opt/llama.cpp/ggml/src/ggml-cuda/ggml-cuda.cu:839 calls=11332 total_ms=47.274 avg_us=4.172 max_us=354
   1 /opt/llama.cpp/ggml/src/ggml-cuda/ggml-cuda.cu:900 calls=12 total_ms=5.841 avg_us=486.750 max_us=2532
   2 /opt/llama.cpp/ggml/src/ggml-cuda/ggml-cuda.cu:2665 calls=191 total_ms=0.280 avg_us=1.466 max_us=28
   3 /opt/llama.cpp/ggml/src/ggml-cuda/ggml-cuda.cu:847 calls=150 total_ms=0.150 avg_us=1.000 max_us=3
=== END CUDA SYNC PROFILE ===

=== CUDA SYNC PROFILE (instrumentation only) ===
total_syncs = 26615
total_wait_ms = 14845.231
max_wait_us = 141865
sites = 5
wait_hist_us = logarithmic buckets
  hist[0] = 24240
  hist[1] = 1311
  hist[2] = 54
  hist[3] = 25
  hist[4] = 15
  hist[5] = 1
  hist[9] = 178
  hist[10] = 393
  hist[11] = 75
  hist[14] = 108
  hist[15] = 188
  hist[16] = 26
  hist[17] = 1
by_callsite (caller PC; symbolize with addr2line):
   0 caller=0x78b11f95c0d2 calls=10726 total_ms=14836.313 avg_us=1383.210 max_us=141865
   1 caller=0x78b11f96098c calls=8757 total_ms=3.509 avg_us=0.401 max_us=26
   2 caller=0x78b11f96089c calls=3242 total_ms=2.884 avg_us=0.890 max_us=29
   3 caller=0x78b11f960abd calls=3242 total_ms=1.276 avg_us=0.394 max_us=25
   4 caller=0x78b11f95f852 calls=648 total_ms=1.249 avg_us=1.927 max_us=15
direct_cudaStreamSynchronize: calls=11700 total_ms=53.622 max_us=2532
by_direct_callsite (file:line):
   0 /opt/llama.cpp/ggml/src/ggml-cuda/ggml-cuda.cu:839 calls=11347 total_ms=47.351 avg_us=4.173 max_us=354
   1 /opt/llama.cpp/ggml/src/ggml-cuda/ggml-cuda.cu:900 calls=12 total_ms=5.841 avg_us=486.750 max_us=2532
   2 /opt/llama.cpp/ggml/src/ggml-cuda/ggml-cuda.cu:2665 calls=191 total_ms=0.280 avg_us=1.466 max_us=28
   3 /opt/llama.cpp/ggml/src/ggml-cuda/ggml-cuda.cu:847 calls=150 total_ms=0.150 avg_us=1.000 max_us=3
=== END CUDA SYNC PROFILE ===
backend-sync-trace: count=26700 backend=CUDA0 caller=ggml_backend_sched_graph_compute_async_ext+0xecc

=== CUDA SYNC PROFILE (instrumentation only) ===
total_syncs = 26700
total_wait_ms = 14886.698
max_wait_us = 141865
sites = 5
wait_hist_us = logarithmic buckets
  hist[0] = 24318
  hist[1] = 1315
  hist[2] = 54
  hist[3] = 25
  hist[4] = 15
  hist[5] = 1
  hist[9] = 179
  hist[10] = 394
  hist[11] = 75
  hist[14] = 108
  hist[15] = 189
  hist[16] = 26
  hist[17] = 1
by_callsite (caller PC; symbolize with addr2line):
   0 caller=0x78b11f95c0d2 calls=10763 total_ms=14877.752 avg_us=1382.305 max_us=141865
   1 caller=0x78b11f96098c calls=8783 total_ms=3.520 avg_us=0.401 max_us=26
   2 caller=0x78b11f96089c calls=3252 total_ms=2.893 avg_us=0.890 max_us=29
   3 caller=0x78b11f960abd calls=3252 total_ms=1.280 avg_us=0.394 max_us=25
   4 caller=0x78b11f95f852 calls=650 total_ms=1.253 avg_us=1.928 max_us=15
direct_cudaStreamSynchronize: calls=11733 total_ms=53.761 max_us=2532
by_direct_callsite (file:line):
   0 /opt/llama.cpp/ggml/src/ggml-cuda/ggml-cuda.cu:839 calls=11380 total_ms=47.490 avg_us=4.173 max_us=354
   1 /opt/llama.cpp/ggml/src/ggml-cuda/ggml-cuda.cu:900 calls=12 total_ms=5.841 avg_us=486.750 max_us=2532
   2 /opt/llama.cpp/ggml/src/ggml-cuda/ggml-cuda.cu:2665 calls=191 total_ms=0.280 avg_us=1.466 max_us=28
   3 /opt/llama.cpp/ggml/src/ggml-cuda/ggml-cuda.cu:847 calls=150 total_ms=0.150 avg_us=1.000 max_us=3
=== END CUDA SYNC PROFILE ===
backend-sync-trace: count=26800 backend=CUDA0 caller=ggml_backend_sched_synchronize+0x62

=== CUDA SYNC PROFILE (instrumentation only) ===
total_syncs = 26800
total_wait_ms = 14956.608
max_wait_us = 141865
sites = 5
wait_hist_us = logarithmic buckets
  hist[0] = 24410
  hist[1] = 1319
  hist[2] = 54
  hist[3] = 25
  hist[4] = 15
  hist[5] = 1
  hist[9] = 180
  hist[10] = 395
  hist[11] = 75
  hist[14] = 108
  hist[15] = 191
  hist[16] = 26
  hist[17] = 1
by_callsite (caller PC; symbolize with addr2line):
   0 caller=0x78b11f95c0d2 calls=10803 total_ms=14947.631 avg_us=1383.656 max_us=141865
   1 caller=0x78b11f96098c calls=8816 total_ms=3.531 avg_us=0.401 max_us=26
   2 caller=0x78b11f96089c calls=3264 total_ms=2.902 avg_us=0.889 max_us=29
   3 caller=0x78b11f960abd calls=3264 total_ms=1.286 avg_us=0.394 max_us=25
   4 caller=0x78b11f95f852 calls=653 total_ms=1.258 avg_us=1.926 max_us=15
direct_cudaStreamSynchronize: calls=11776 total_ms=53.935 max_us=2532
by_direct_callsite (file:line):
   0 /opt/llama.cpp/ggml/src/ggml-cuda/ggml-cuda.cu:839 calls=11423 total_ms=47.664 avg_us=4.173 max_us=354
   1 /opt/llama.cpp/ggml/src/ggml-cuda/ggml-cuda.cu:900 calls=12 total_ms=5.841 avg_us=486.750 max_us=2532
   2 /opt/llama.cpp/ggml/src/ggml-cuda/ggml-cuda.cu:2665 calls=191 total_ms=0.280 avg_us=1.466 max_us=28
   3 /opt/llama.cpp/ggml/src/ggml-cuda/ggml-cuda.cu:847 calls=150 total_ms=0.150 avg_us=1.000 max_us=3
=== END CUDA SYNC PROFILE ===

=== CUDA SYNC PROFILE (instrumentation only) ===
total_syncs = 26868
total_wait_ms = 14958.431
max_wait_us = 141865
sites = 5
wait_hist_us = logarithmic buckets
  hist[0] = 24474
  hist[1] = 1321
  hist[2] = 54
  hist[3] = 25
  hist[4] = 15
  hist[5] = 1
  hist[9] = 182
  hist[10] = 395
  hist[11] = 75
  hist[14] = 108
  hist[15] = 191
  hist[16] = 26
  hist[17] = 1
by_callsite (caller PC; symbolize with addr2line):
   0 caller=0x78b11f95c0d2 calls=10837 total_ms=14949.441 avg_us=1379.481 max_us=141865
   1 caller=0x78b11f96098c calls=8833 total_ms=3.534 avg_us=0.400 max_us=26
   2 caller=0x78b11f96089c calls=3272 total_ms=2.909 avg_us=0.889 max_us=29
   3 caller=0x78b11f960abd calls=3272 total_ms=1.287 avg_us=0.393 max_us=25
   4 caller=0x78b11f95f852 calls=654 total_ms=1.260 avg_us=1.927 max_us=15
direct_cudaStreamSynchronize: calls=11800 total_ms=54.034 max_us=2532
by_direct_callsite (file:line):
   0 /opt/llama.cpp/ggml/src/ggml-cuda/ggml-cuda.cu:839 calls=11447 total_ms=47.763 avg_us=4.173 max_us=354
   1 /opt/llama.cpp/ggml/src/ggml-cuda/ggml-cuda.cu:900 calls=12 total_ms=5.841 avg_us=486.750 max_us=2532
   2 /opt/llama.cpp/ggml/src/ggml-cuda/ggml-cuda.cu:2665 calls=191 total_ms=0.280 avg_us=1.466 max_us=28
   3 /opt/llama.cpp/ggml/src/ggml-cuda/ggml-cuda.cu:847 calls=150 total_ms=0.150 avg_us=1.000 max_us=3
=== END CUDA SYNC PROFILE ===
backend-sync-trace: count=26900 backend=CUDA0 caller=ggml_backend_sched_synchronize+0x62

=== CUDA SYNC PROFILE (instrumentation only) ===
total_syncs = 26900
total_wait_ms = 14987.472
max_wait_us = 141865
sites = 5
wait_hist_us = logarithmic buckets
  hist[0] = 24504
  hist[1] = 1322
  hist[2] = 54
  hist[3] = 25
  hist[4] = 15
  hist[5] = 1
  hist[9] = 182
  hist[10] = 395
  hist[11] = 75
  hist[14] = 109
  hist[15] = 191
  hist[16] = 26
  hist[17] = 1
by_callsite (caller PC; symbolize with addr2line):
   0 caller=0x78b11f95c0d2 calls=10854 total_ms=14978.472 avg_us=1379.996 max_us=141865
   1 caller=0x78b11f96098c calls=8843 total_ms=3.540 avg_us=0.400 max_us=26
   2 caller=0x78b11f96089c calls=3274 total_ms=2.910 avg_us=0.889 max_us=29
   3 caller=0x78b11f960abd calls=3274 total_ms=1.288 avg_us=0.393 max_us=25
   4 caller=0x78b11f95f852 calls=655 total_ms=1.262 avg_us=1.927 max_us=15
direct_cudaStreamSynchronize: calls=11811 total_ms=54.075 max_us=2532
by_direct_callsite (file:line):
   0 /opt/llama.cpp/ggml/src/ggml-cuda/ggml-cuda.cu:839 calls=11458 total_ms=47.804 avg_us=4.172 max_us=354
   1 /opt/llama.cpp/ggml/src/ggml-cuda/ggml-cuda.cu:900 calls=12 total_ms=5.841 avg_us=486.750 max_us=2532
   2 /opt/llama.cpp/ggml/src/ggml-cuda/ggml-cuda.cu:2665 calls=191 total_ms=0.280 avg_us=1.466 max_us=28
   3 /opt/llama.cpp/ggml/src/ggml-cuda/ggml-cuda.cu:847 calls=150 total_ms=0.150 avg_us=1.000 max_us=3
=== END CUDA SYNC PROFILE ===
backend-sync-trace: count=27000 backend=CUDA0 caller=ggml_backend_sched_synchronize+0x62

=== CUDA SYNC PROFILE (instrumentation only) ===
total_syncs = 27000
total_wait_ms = 15020.741
max_wait_us = 141865
sites = 5
wait_hist_us = logarithmic buckets
  hist[0] = 24595
  hist[1] = 1326
  hist[2] = 55
  hist[3] = 25
  hist[4] = 15
  hist[5] = 1
  hist[9] = 182
  hist[10] = 398
  hist[11] = 75
  hist[14] = 110
  hist[15] = 191
  hist[16] = 26
  hist[17] = 1
by_callsite (caller PC; symbolize with addr2line):
   0 caller=0x78b11f95c0d2 calls=10896 total_ms=15011.706 avg_us=1377.726 max_us=141865
   1 caller=0x78b11f96098c calls=8874 total_ms=3.554 avg_us=0.400 max_us=26
   2 caller=0x78b11f96089c calls=3286 total_ms=2.919 avg_us=0.888 max_us=29
   3 caller=0x78b11f960abd calls=3286 total_ms=1.293 avg_us=0.393 max_us=25
   4 caller=0x78b11f95f852 calls=658 total_ms=1.269 avg_us=1.929 max_us=15
direct_cudaStreamSynchronize: calls=11852 total_ms=54.232 max_us=2532
by_direct_callsite (file:line):
   0 /opt/llama.cpp/ggml/src/ggml-cuda/ggml-cuda.cu:839 calls=11499 total_ms=47.961 avg_us=4.171 max_us=354
   1 /opt/llama.cpp/ggml/src/ggml-cuda/ggml-cuda.cu:900 calls=12 total_ms=5.841 avg_us=486.750 max_us=2532
   2 /opt/llama.cpp/ggml/src/ggml-cuda/ggml-cuda.cu:2665 calls=191 total_ms=0.280 avg_us=1.466 max_us=28
   3 /opt/llama.cpp/ggml/src/ggml-cuda/ggml-cuda.cu:847 calls=150 total_ms=0.150 avg_us=1.000 max_us=3
=== END CUDA SYNC PROFILE ===
backend-sync-trace: count=27100 backend=CUDA0 caller=ggml_backend_sched_synchronize+0x62

=== CUDA SYNC PROFILE (instrumentation only) ===
total_syncs = 27100
total_wait_ms = 15061.473
max_wait_us = 141865
sites = 5
wait_hist_us = logarithmic buckets
  hist[0] = 24686
  hist[1] = 1330
  hist[2] = 55
  hist[3] = 25
  hist[4] = 16
  hist[5] = 1
  hist[9] = 183
  hist[10] = 400
  hist[11] = 75
  hist[14] = 110
  hist[15] = 192
  hist[16] = 26
  hist[17] = 1
by_callsite (caller PC; symbolize with addr2line):
   0 caller=0x78b11f95c0d2 calls=10939 total_ms=15052.408 avg_us=1376.031 max_us=141865
   1 caller=0x78b11f96098c calls=8905 total_ms=3.568 avg_us=0.401 max_us=26
   2 caller=0x78b11f96089c calls=3298 total_ms=2.928 avg_us=0.888 max_us=29
   3 caller=0x78b11f960abd calls=3298 total_ms=1.296 avg_us=0.393 max_us=25
   4 caller=0x78b11f95f852 calls=660 total_ms=1.273 avg_us=1.929 max_us=15
direct_cudaStreamSynchronize: calls=11893 total_ms=54.386 max_us=2532
by_direct_callsite (file:line):
   0 /opt/llama.cpp/ggml/src/ggml-cuda/ggml-cuda.cu:839 calls=11540 total_ms=48.115 avg_us=4.169 max_us=354
   1 /opt/llama.cpp/ggml/src/ggml-cuda/ggml-cuda.cu:900 calls=12 total_ms=5.841 avg_us=486.750 max_us=2532
   2 /opt/llama.cpp/ggml/src/ggml-cuda/ggml-cuda.cu:2665 calls=191 total_ms=0.280 avg_us=1.466 max_us=28
   3 /opt/llama.cpp/ggml/src/ggml-cuda/ggml-cuda.cu:847 calls=150 total_ms=0.150 avg_us=1.000 max_us=3
=== END CUDA SYNC PROFILE ===

=== CUDA SYNC PROFILE (instrumentation only) ===
total_syncs = 27115
total_wait_ms = 15061.483
max_wait_us = 141865
sites = 5
wait_hist_us = logarithmic buckets
  hist[0] = 24700
  hist[1] = 1331
  hist[2] = 55
  hist[3] = 25
  hist[4] = 16
  hist[5] = 1
  hist[9] = 183
  hist[10] = 400
  hist[11] = 75
  hist[14] = 110
  hist[15] = 192
  hist[16] = 26
  hist[17] = 1
by_callsite (caller PC; symbolize with addr2line):
   0 caller=0x78b11f95c0d2 calls=10942 total_ms=15052.411 avg_us=1375.654 max_us=141865
   1 caller=0x78b11f96098c calls=8909 total_ms=3.569 avg_us=0.401 max_us=26
   2 caller=0x78b11f96089c calls=3302 total_ms=2.933 avg_us=0.888 max_us=29
   3 caller=0x78b11f960abd calls=3302 total_ms=1.297 avg_us=0.393 max_us=25
   4 caller=0x78b11f95f852 calls=660 total_ms=1.273 avg_us=1.929 max_us=15
direct_cudaStreamSynchronize: calls=11900 total_ms=54.431 max_us=2532
by_direct_callsite (file:line):
   0 /opt/llama.cpp/ggml/src/ggml-cuda/ggml-cuda.cu:839 calls=11547 total_ms=48.160 avg_us=4.171 max_us=354
   1 /opt/llama.cpp/ggml/src/ggml-cuda/ggml-cuda.cu:900 calls=12 total_ms=5.841 avg_us=486.750 max_us=2532
   2 /opt/llama.cpp/ggml/src/ggml-cuda/ggml-cuda.cu:2665 calls=191 total_ms=0.280 avg_us=1.466 max_us=28
   3 /opt/llama.cpp/ggml/src/ggml-cuda/ggml-cuda.cu:847 calls=150 total_ms=0.150 avg_us=1.000 max_us=3
=== END CUDA SYNC PROFILE ===
backend-sync-trace: count=27200 backend=CUDA0 caller=ggml_backend_sched_graph_compute_async_ext+0xecc

=== CUDA SYNC PROFILE (instrumentation only) ===
total_syncs = 27200
total_wait_ms = 15127.840
max_wait_us = 141865
sites = 5
wait_hist_us = logarithmic buckets
  hist[0] = 24778
  hist[1] = 1335
  hist[2] = 55
  hist[3] = 25
  hist[4] = 16
  hist[5] = 1
  hist[9] = 184
  hist[10] = 401
  hist[11] = 75
  hist[14] = 110
  hist[15] = 193
  hist[16] = 26
  hist[17] = 1
by_callsite (caller PC; symbolize with addr2line):
   0 caller=0x78b11f95c0d2 calls=10967 total_ms=15118.743 avg_us=1378.567 max_us=141865
   1 caller=0x78b11f96098c calls=8947 total_ms=3.579 avg_us=0.400 max_us=26
   2 caller=0x78b11f96089c calls=3312 total_ms=2.942 avg_us=0.888 max_us=29
   3 caller=0x78b11f960abd calls=3312 total_ms=1.298 avg_us=0.392 max_us=25
   4 caller=0x78b11f95f852 calls=662 total_ms=1.278 avg_us=1.931 max_us=15
direct_cudaStreamSynchronize: calls=11945 total_ms=54.598 max_us=2532
by_direct_callsite (file:line):
   0 /opt/llama.cpp/ggml/src/ggml-cuda/ggml-cuda.cu:839 calls=11592 total_ms=48.327 avg_us=4.169 max_us=354
   1 /opt/llama.cpp/ggml/src/ggml-cuda/ggml-cuda.cu:900 calls=12 total_ms=5.841 avg_us=486.750 max_us=2532
   2 /opt/llama.cpp/ggml/src/ggml-cuda/ggml-cuda.cu:2665 calls=191 total_ms=0.280 avg_us=1.466 max_us=28
   3 /opt/llama.cpp/ggml/src/ggml-cuda/ggml-cuda.cu:847 calls=150 total_ms=0.150 avg_us=1.000 max_us=3
=== END CUDA SYNC PROFILE ===
backend-sync-trace: count=27300 backend=CUDA0 caller=ggml_backend_sched_synchronize+0x62

=== CUDA SYNC PROFILE (instrumentation only) ===
total_syncs = 27300
total_wait_ms = 15192.837
max_wait_us = 141865
sites = 5
wait_hist_us = logarithmic buckets
  hist[0] = 24865
  hist[1] = 1341
  hist[2] = 57
  hist[3] = 25
  hist[4] = 17
  hist[5] = 1
  hist[9] = 185
  hist[10] = 402
  hist[11] = 75
  hist[14] = 111
  hist[15] = 194
  hist[16] = 26
  hist[17] = 1
by_callsite (caller PC; symbolize with addr2line):
   0 caller=0x78b11f95c0d2 calls=11009 total_ms=15183.710 avg_us=1379.209 max_us=141865
   1 caller=0x78b11f96098c calls=8978 total_ms=3.586 avg_us=0.399 max_us=26
   2 caller=0x78b11f96089c calls=3324 total_ms=2.951 avg_us=0.888 max_us=29
   3 caller=0x78b11f960abd calls=3324 total_ms=1.304 avg_us=0.392 max_us=25
   4 caller=0x78b11f95f852 calls=665 total_ms=1.286 avg_us=1.934 max_us=15
direct_cudaStreamSynchronize: calls=11986 total_ms=54.770 max_us=2532
by_direct_callsite (file:line):
   0 /opt/llama.cpp/ggml/src/ggml-cuda/ggml-cuda.cu:839 calls=11633 total_ms=48.499 avg_us=4.169 max_us=354
   1 /opt/llama.cpp/ggml/src/ggml-cuda/ggml-cuda.cu:900 calls=12 total_ms=5.841 avg_us=486.750 max_us=2532
   2 /opt/llama.cpp/ggml/src/ggml-cuda/ggml-cuda.cu:2665 calls=191 total_ms=0.280 avg_us=1.466 max_us=28
   3 /opt/llama.cpp/ggml/src/ggml-cuda/ggml-cuda.cu:847 calls=150 total_ms=0.150 avg_us=1.000 max_us=3
=== END CUDA SYNC PROFILE ===

=== CUDA SYNC PROFILE (instrumentation only) ===
total_syncs = 27341
total_wait_ms = 15195.791
max_wait_us = 141865
sites = 5
wait_hist_us = logarithmic buckets
  hist[0] = 24895
  hist[1] = 1349
  hist[2] = 58
  hist[3] = 25
  hist[4] = 17
  hist[5] = 1
  hist[9] = 185
  hist[10] = 404
  hist[11] = 75
  hist[14] = 111
  hist[15] = 194
  hist[16] = 26
  hist[17] = 1
by_callsite (caller PC; symbolize with addr2line):
   0 caller=0x78b11f95c0d2 calls=11029 total_ms=15186.650 avg_us=1376.974 max_us=141865
   1 caller=0x78b11f96098c calls=8986 total_ms=3.590 avg_us=0.400 max_us=26
   2 caller=0x78b11f96089c calls=3330 total_ms=2.957 avg_us=0.888 max_us=29
   3 caller=0x78b11f960abd calls=3330 total_ms=1.305 avg_us=0.392 max_us=25
   4 caller=0x78b11f95f852 calls=666 total_ms=1.289 avg_us=1.935 max_us=15
direct_cudaStreamSynchronize: calls=12000 total_ms=54.817 max_us=2532
by_direct_callsite (file:line):
   0 /opt/llama.cpp/ggml/src/ggml-cuda/ggml-cuda.cu:839 calls=11647 total_ms=48.546 avg_us=4.168 max_us=354
   1 /opt/llama.cpp/ggml/src/ggml-cuda/ggml-cuda.cu:900 calls=12 total_ms=5.841 avg_us=486.750 max_us=2532
   2 /opt/llama.cpp/ggml/src/ggml-cuda/ggml-cuda.cu:2665 calls=191 total_ms=0.280 avg_us=1.466 max_us=28
   3 /opt/llama.cpp/ggml/src/ggml-cuda/ggml-cuda.cu:847 calls=150 total_ms=0.150 avg_us=1.000 max_us=3
=== END CUDA SYNC PROFILE ===
backend-sync-trace: count=27400 backend=CUDA0 caller=ggml_backend_sched_graph_compute_async_ext+0xecc

=== CUDA SYNC PROFILE (instrumentation only) ===
total_syncs = 27400
total_wait_ms = 15229.424
max_wait_us = 141865
sites = 5
wait_hist_us = logarithmic buckets
  hist[0] = 24949
  hist[1] = 1352
  hist[2] = 59
  hist[3] = 25
  hist[4] = 17
  hist[5] = 1
  hist[9] = 185
  hist[10] = 404
  hist[11] = 75
  hist[14] = 111
  hist[15] = 195
  hist[16] = 26
  hist[17] = 1
by_callsite (caller PC; symbolize with addr2line):
   0 caller=0x78b11f95c0d2 calls=11052 total_ms=15220.262 avg_us=1377.150 max_us=141865
   1 caller=0x78b11f96098c calls=9008 total_ms=3.601 avg_us=0.400 max_us=26
   2 caller=0x78b11f96089c calls=3336 total_ms=2.962 avg_us=0.888 max_us=29
   3 caller=0x78b11f960abd calls=3336 total_ms=1.306 avg_us=0.391 max_us=25
   4 caller=0x78b11f95f852 calls=668 total_ms=1.293 avg_us=1.936 max_us=15
direct_cudaStreamSynchronize: calls=12025 total_ms=54.924 max_us=2532
by_direct_callsite (file:line):
   0 /opt/llama.cpp/ggml/src/ggml-cuda/ggml-cuda.cu:839 calls=11672 total_ms=48.653 avg_us=4.168 max_us=354
   1 /opt/llama.cpp/ggml/src/ggml-cuda/ggml-cuda.cu:900 calls=12 total_ms=5.841 avg_us=486.750 max_us=2532
   2 /opt/llama.cpp/ggml/src/ggml-cuda/ggml-cuda.cu:2665 calls=191 total_ms=0.280 avg_us=1.466 max_us=28
   3 /opt/llama.cpp/ggml/src/ggml-cuda/ggml-cuda.cu:847 calls=150 total_ms=0.150 avg_us=1.000 max_us=3
=== END CUDA SYNC PROFILE ===
backend-sync-trace: count=27500 backend=CUDA0 caller=ggml_backend_sched_graph_compute_async_ext+0xddc

=== CUDA SYNC PROFILE (instrumentation only) ===
total_syncs = 27500
total_wait_ms = 15272.716
max_wait_us = 141865
sites = 5
wait_hist_us = logarithmic buckets
  hist[0] = 25040
  hist[1] = 1356
  hist[2] = 59
  hist[3] = 25
  hist[4] = 17
  hist[5] = 1
  hist[9] = 185
  hist[10] = 407
  hist[11] = 76
  hist[14] = 111
  hist[15] = 196
  hist[16] = 26
  hist[17] = 1
by_callsite (caller PC; symbolize with addr2line):
   0 caller=0x78b11f95c0d2 calls=11091 total_ms=15263.521 avg_us=1376.208 max_us=141865
   1 caller=0x78b11f96098c calls=9040 total_ms=3.613 avg_us=0.400 max_us=26
   2 caller=0x78b11f96089c calls=3350 total_ms=2.975 avg_us=0.888 max_us=29
   3 caller=0x78b11f960abd calls=3349 total_ms=1.310 avg_us=0.391 max_us=25
   4 caller=0x78b11f95f852 calls=670 total_ms=1.297 avg_us=1.936 max_us=15
direct_cudaStreamSynchronize: calls=12069 total_ms=55.096 max_us=2532
by_direct_callsite (file:line):
   0 /opt/llama.cpp/ggml/src/ggml-cuda/ggml-cuda.cu:839 calls=11716 total_ms=48.825 avg_us=4.167 max_us=354
   1 /opt/llama.cpp/ggml/src/ggml-cuda/ggml-cuda.cu:900 calls=12 total_ms=5.841 avg_us=486.750 max_us=2532
   2 /opt/llama.cpp/ggml/src/ggml-cuda/ggml-cuda.cu:2665 calls=191 total_ms=0.280 avg_us=1.466 max_us=28
   3 /opt/llama.cpp/ggml/src/ggml-cuda/ggml-cuda.cu:847 calls=150 total_ms=0.150 avg_us=1.000 max_us=3
=== END CUDA SYNC PROFILE ===

=== CUDA SYNC PROFILE (instrumentation only) ===
total_syncs = 27573
total_wait_ms = 15348.562
max_wait_us = 141865
sites = 5
wait_hist_us = logarithmic buckets
  hist[0] = 25107
  hist[1] = 1358
  hist[2] = 61
  hist[3] = 25
  hist[4] = 17
  hist[5] = 1
  hist[9] = 186
  hist[10] = 407
  hist[11] = 76
  hist[14] = 111
  hist[15] = 196
  hist[16] = 27
  hist[17] = 1
by_callsite (caller PC; symbolize with addr2line):
   0 caller=0x78b11f95c0d2 calls=11121 total_ms=15339.342 avg_us=1379.313 max_us=141865
   1 caller=0x78b11f96098c calls=9064 total_ms=3.624 avg_us=0.400 max_us=26
   2 caller=0x78b11f96089c calls=3358 total_ms=2.979 avg_us=0.887 max_us=29
   3 caller=0x78b11f960abd calls=3358 total_ms=1.316 avg_us=0.392 max_us=25
   4 caller=0x78b11f95f852 calls=672 total_ms=1.301 avg_us=1.936 max_us=15
direct_cudaStreamSynchronize: calls=12100 total_ms=55.223 max_us=2532
by_direct_callsite (file:line):
   0 /opt/llama.cpp/ggml/src/ggml-cuda/ggml-cuda.cu:839 calls=11747 total_ms=48.952 avg_us=4.167 max_us=354
   1 /opt/llama.cpp/ggml/src/ggml-cuda/ggml-cuda.cu:900 calls=12 total_ms=5.841 avg_us=486.750 max_us=2532
   2 /opt/llama.cpp/ggml/src/ggml-cuda/ggml-cuda.cu:2665 calls=191 total_ms=0.280 avg_us=1.466 max_us=28
   3 /opt/llama.cpp/ggml/src/ggml-cuda/ggml-cuda.cu:847 calls=150 total_ms=0.150 avg_us=1.000 max_us=3
=== END CUDA SYNC PROFILE ===
backend-sync-trace: count=27600 backend=CUDA0 caller=ggml_backend_sched_graph_compute_async_ext+0xecc

=== CUDA SYNC PROFILE (instrumentation only) ===
total_syncs = 27600
total_wait_ms = 15349.486
max_wait_us = 141865
sites = 5
wait_hist_us = logarithmic buckets
  hist[0] = 25132
  hist[1] = 1359
  hist[2] = 61
  hist[3] = 25
  hist[4] = 17
  hist[5] = 1
  hist[9] = 187
  hist[10] = 407
  hist[11] = 76
  hist[14] = 111
  hist[15] = 196
  hist[16] = 27
  hist[17] = 1
by_callsite (caller PC; symbolize with addr2line):
   0 caller=0x78b11f95c0d2 calls=11128 total_ms=15340.254 avg_us=1378.527 max_us=141865
   1 caller=0x78b11f96098c calls=9076 total_ms=3.630 avg_us=0.400 max_us=26
   2 caller=0x78b11f96089c calls=3362 total_ms=2.984 avg_us=0.888 max_us=29
   3 caller=0x78b11f960abd calls=3362 total_ms=1.317 avg_us=0.392 max_us=25
   4 caller=0x78b11f95f852 calls=672 total_ms=1.301 avg_us=1.936 max_us=15
direct_cudaStreamSynchronize: calls=12114 total_ms=55.285 max_us=2532
by_direct_callsite (file:line):
   0 /opt/llama.cpp/ggml/src/ggml-cuda/ggml-cuda.cu:839 calls=11761 total_ms=49.014 avg_us=4.168 max_us=354
   1 /opt/llama.cpp/ggml/src/ggml-cuda/ggml-cuda.cu:900 calls=12 total_ms=5.841 avg_us=486.750 max_us=2532
   2 /opt/llama.cpp/ggml/src/ggml-cuda/ggml-cuda.cu:2665 calls=191 total_ms=0.280 avg_us=1.466 max_us=28
   3 /opt/llama.cpp/ggml/src/ggml-cuda/ggml-cuda.cu:847 calls=150 total_ms=0.150 avg_us=1.000 max_us=3
=== END CUDA SYNC PROFILE ===
backend-sync-trace: count=27700 backend=CUDA0 caller=ggml_backend_sched_graph_compute_async_ext+0xecc

=== CUDA SYNC PROFILE (instrumentation only) ===
total_syncs = 27700
total_wait_ms = 15425.420
max_wait_us = 141865
sites = 5
wait_hist_us = logarithmic buckets
  hist[0] = 25222
  hist[1] = 1363
  hist[2] = 63
  hist[3] = 25
  hist[4] = 17
  hist[5] = 1
  hist[9] = 188
  hist[10] = 408
  hist[11] = 76
  hist[14] = 111
  hist[15] = 198
  hist[16] = 27
  hist[17] = 1
by_callsite (caller PC; symbolize with addr2line):
   0 caller=0x78b11f95c0d2 calls=11167 total_ms=15416.156 avg_us=1380.510 max_us=141865
   1 caller=0x78b11f96098c calls=9110 total_ms=3.639 avg_us=0.399 max_us=26
   2 caller=0x78b11f96089c calls=3374 total_ms=2.994 avg_us=0.887 max_us=29
   3 caller=0x78b11f960abd calls=3374 total_ms=1.324 avg_us=0.392 max_us=25
   4 caller=0x78b11f95f852 calls=675 total_ms=1.307 avg_us=1.936 max_us=15
direct_cudaStreamSynchronize: calls=12158 total_ms=55.484 max_us=2532
by_direct_callsite (file:line):
   0 /opt/llama.cpp/ggml/src/ggml-cuda/ggml-cuda.cu:839 calls=11805 total_ms=49.213 avg_us=4.169 max_us=354
   1 /opt/llama.cpp/ggml/src/ggml-cuda/ggml-cuda.cu:900 calls=12 total_ms=5.841 avg_us=486.750 max_us=2532
   2 /opt/llama.cpp/ggml/src/ggml-cuda/ggml-cuda.cu:2665 calls=191 total_ms=0.280 avg_us=1.466 max_us=28
   3 /opt/llama.cpp/ggml/src/ggml-cuda/ggml-cuda.cu:847 calls=150 total_ms=0.150 avg_us=1.000 max_us=3
=== END CUDA SYNC PROFILE ===
backend-sync-trace: count=27800 backend=CUDA0 caller=ggml_backend_sched_graph_compute_async_ext+0xddc

=== CUDA SYNC PROFILE (instrumentation only) ===
total_syncs = 27800
total_wait_ms = 15459.011
max_wait_us = 141865
sites = 5
wait_hist_us = logarithmic buckets
  hist[0] = 25316
  hist[1] = 1366
  hist[2] = 63
  hist[3] = 25
  hist[4] = 17
  hist[5] = 1
  hist[9] = 189
  hist[10] = 409
  hist[11] = 76
  hist[14] = 112
  hist[15] = 198
  hist[16] = 27
  hist[17] = 1
by_callsite (caller PC; symbolize with addr2line):
   0 caller=0x78b11f95c0d2 calls=11213 total_ms=15449.719 avg_us=1377.840 max_us=141865
   1 caller=0x78b11f96098c calls=9140 total_ms=3.648 avg_us=0.399 max_us=26
   2 caller=0x78b11f96089c calls=3385 total_ms=3.005 avg_us=0.888 max_us=29
   3 caller=0x78b11f960abd calls=3384 total_ms=1.327 avg_us=0.392 max_us=25
   4 caller=0x78b11f95f852 calls=678 total_ms=1.312 avg_us=1.935 max_us=15
direct_cudaStreamSynchronize: calls=12196 total_ms=55.631 max_us=2532
by_direct_callsite (file:line):
   0 /opt/llama.cpp/ggml/src/ggml-cuda/ggml-cuda.cu:839 calls=11843 total_ms=49.360 avg_us=4.168 max_us=354
   1 /opt/llama.cpp/ggml/src/ggml-cuda/ggml-cuda.cu:900 calls=12 total_ms=5.841 avg_us=486.750 max_us=2532
   2 /opt/llama.cpp/ggml/src/ggml-cuda/ggml-cuda.cu:2665 calls=191 total_ms=0.280 avg_us=1.466 max_us=28
   3 /opt/llama.cpp/ggml/src/ggml-cuda/ggml-cuda.cu:847 calls=150 total_ms=0.150 avg_us=1.000 max_us=3
=== END CUDA SYNC PROFILE ===

=== CUDA SYNC PROFILE (instrumentation only) ===
total_syncs = 27805
total_wait_ms = 15459.014
max_wait_us = 141865
sites = 5
wait_hist_us = logarithmic buckets
  hist[0] = 25321
  hist[1] = 1366
  hist[2] = 63
  hist[3] = 25
  hist[4] = 17
  hist[5] = 1
  hist[9] = 189
  hist[10] = 409
  hist[11] = 76
  hist[14] = 112
  hist[15] = 198
  hist[16] = 27
  hist[17] = 1
by_callsite (caller PC; symbolize with addr2line):
   0 caller=0x78b11f95c0d2 calls=11213 total_ms=15449.719 avg_us=1377.840 max_us=141865
   1 caller=0x78b11f96098c calls=9142 total_ms=3.649 avg_us=0.399 max_us=26
   2 caller=0x78b11f96089c calls=3386 total_ms=3.006 avg_us=0.888 max_us=29
   3 caller=0x78b11f960abd calls=3386 total_ms=1.328 avg_us=0.392 max_us=25
   4 caller=0x78b11f95f852 calls=678 total_ms=1.312 avg_us=1.935 max_us=15
direct_cudaStreamSynchronize: calls=12200 total_ms=55.645 max_us=2532
by_direct_callsite (file:line):
   0 /opt/llama.cpp/ggml/src/ggml-cuda/ggml-cuda.cu:839 calls=11847 total_ms=49.374 avg_us=4.168 max_us=354
   1 /opt/llama.cpp/ggml/src/ggml-cuda/ggml-cuda.cu:900 calls=12 total_ms=5.841 avg_us=486.750 max_us=2532
   2 /opt/llama.cpp/ggml/src/ggml-cuda/ggml-cuda.cu:2665 calls=191 total_ms=0.280 avg_us=1.466 max_us=28
   3 /opt/llama.cpp/ggml/src/ggml-cuda/ggml-cuda.cu:847 calls=150 total_ms=0.150 avg_us=1.000 max_us=3
=== END CUDA SYNC PROFILE ===
backend-sync-trace: count=27900 backend=CUDA0 caller=ggml_backend_sched_synchronize+0x62

=== CUDA SYNC PROFILE (instrumentation only) ===
total_syncs = 27900
total_wait_ms = 15494.703
max_wait_us = 141865
sites = 5
wait_hist_us = logarithmic buckets
  hist[0] = 25409
  hist[1] = 1369
  hist[2] = 63
  hist[3] = 25
  hist[4] = 17
  hist[5] = 1
  hist[9] = 191
  hist[10] = 410
  hist[11] = 76
  hist[14] = 113
  hist[15] = 198
  hist[16] = 27
  hist[17] = 1
by_callsite (caller PC; symbolize with addr2line):
   0 caller=0x78b11f95c0d2 calls=11257 total_ms=15485.380 avg_us=1375.622 max_us=141865
   1 caller=0x78b11f96098c calls=9171 total_ms=3.661 avg_us=0.399 max_us=26
   2 caller=0x78b11f96089c calls=3396 total_ms=3.013 avg_us=0.887 max_us=29
   3 caller=0x78b11f960abd calls=3396 total_ms=1.333 avg_us=0.393 max_us=25
   4 caller=0x78b11f95f852 calls=680 total_ms=1.316 avg_us=1.935 max_us=15
direct_cudaStreamSynchronize: calls=12237 total_ms=55.793 max_us=2532
by_direct_callsite (file:line):
   0 /opt/llama.cpp/ggml/src/ggml-cuda/ggml-cuda.cu:839 calls=11884 total_ms=49.522 avg_us=4.167 max_us=354
   1 /opt/llama.cpp/ggml/src/ggml-cuda/ggml-cuda.cu:900 calls=12 total_ms=5.841 avg_us=486.750 max_us=2532
   2 /opt/llama.cpp/ggml/src/ggml-cuda/ggml-cuda.cu:2665 calls=191 total_ms=0.280 avg_us=1.466 max_us=28
   3 /opt/llama.cpp/ggml/src/ggml-cuda/ggml-cuda.cu:847 calls=150 total_ms=0.150 avg_us=1.000 max_us=3
=== END CUDA SYNC PROFILE ===
backend-sync-trace: count=28000 backend=CUDA0 caller=ggml_backend_sched_graph_compute_async_ext+0xecc

=== CUDA SYNC PROFILE (instrumentation only) ===
total_syncs = 28000
total_wait_ms = 15550.367
max_wait_us = 141865
sites = 5
wait_hist_us = logarithmic buckets
  hist[0] = 25500
  hist[1] = 1374
  hist[2] = 63
  hist[3] = 25
  hist[4] = 17
  hist[5] = 1
  hist[9] = 191
  hist[10] = 412
  hist[11] = 77
  hist[14] = 113
  hist[15] = 199
  hist[16] = 27
  hist[17] = 1
by_callsite (caller PC; symbolize with addr2line):
   0 caller=0x78b11f95c0d2 calls=11289 total_ms=15541.014 avg_us=1376.651 max_us=141865
   1 caller=0x78b11f96098c calls=9205 total_ms=3.669 avg_us=0.399 max_us=26
   2 caller=0x78b11f96089c calls=3412 total_ms=3.026 avg_us=0.887 max_us=29
   3 caller=0x78b11f960abd calls=3412 total_ms=1.339 avg_us=0.392 max_us=25
   4 caller=0x78b11f95f852 calls=682 total_ms=1.319 avg_us=1.934 max_us=15
direct_cudaStreamSynchronize: calls=12283 total_ms=55.972 max_us=2532
by_direct_callsite (file:line):
   0 /opt/llama.cpp/ggml/src/ggml-cuda/ggml-cuda.cu:839 calls=11930 total_ms=49.701 avg_us=4.166 max_us=354
   1 /opt/llama.cpp/ggml/src/ggml-cuda/ggml-cuda.cu:900 calls=12 total_ms=5.841 avg_us=486.750 max_us=2532
   2 /opt/llama.cpp/ggml/src/ggml-cuda/ggml-cuda.cu:2665 calls=191 total_ms=0.280 avg_us=1.466 max_us=28
   3 /opt/llama.cpp/ggml/src/ggml-cuda/ggml-cuda.cu:847 calls=150 total_ms=0.150 avg_us=1.000 max_us=3
=== END CUDA SYNC PROFILE ===

=== CUDA SYNC PROFILE (instrumentation only) ===
total_syncs = 28021
total_wait_ms = 15591.665
max_wait_us = 141865
sites = 5
wait_hist_us = logarithmic buckets
  hist[0] = 25519
  hist[1] = 1375
  hist[2] = 63
  hist[3] = 25
  hist[4] = 17
  hist[5] = 1
  hist[9] = 191
  hist[10] = 412
  hist[11] = 77
  hist[14] = 113
  hist[15] = 200
  hist[16] = 27
  hist[17] = 1
by_callsite (caller PC; symbolize with addr2line):
   0 caller=0x78b11f95c0d2 calls=11291 total_ms=15582.304 avg_us=1380.064 max_us=141865
   1 caller=0x78b11f96098c calls=9219 total_ms=3.673 avg_us=0.398 max_us=26
   2 caller=0x78b11f96089c calls=3414 total_ms=3.027 avg_us=0.887 max_us=29
   3 caller=0x78b11f960abd calls=3414 total_ms=1.340 avg_us=0.393 max_us=25
   4 caller=0x78b11f95f852 calls=683 total_ms=1.321 avg_us=1.934 max_us=15
direct_cudaStreamSynchronize: calls=12300 total_ms=56.051 max_us=2532
by_direct_callsite (file:line):
   0 /opt/llama.cpp/ggml/src/ggml-cuda/ggml-cuda.cu:839 calls=11947 total_ms=49.780 avg_us=4.167 max_us=354
   1 /opt/llama.cpp/ggml/src/ggml-cuda/ggml-cuda.cu:900 calls=12 total_ms=5.841 avg_us=486.750 max_us=2532
   2 /opt/llama.cpp/ggml/src/ggml-cuda/ggml-cuda.cu:2665 calls=191 total_ms=0.280 avg_us=1.466 max_us=28
   3 /opt/llama.cpp/ggml/src/ggml-cuda/ggml-cuda.cu:847 calls=150 total_ms=0.150 avg_us=1.000 max_us=3
=== END CUDA SYNC PROFILE ===
backend-sync-trace: count=28100 backend=CUDA0 caller=ggml_backend_sched_synchronize+0x62

=== CUDA SYNC PROFILE (instrumentation only) ===
total_syncs = 28100
total_wait_ms = 15651.476
max_wait_us = 141865
sites = 5
wait_hist_us = logarithmic buckets
  hist[0] = 25591
  hist[1] = 1379
  hist[2] = 63
  hist[3] = 25
  hist[4] = 17
  hist[5] = 1
  hist[9] = 191
  hist[10] = 414
  hist[11] = 77
  hist[14] = 113
  hist[15] = 201
  hist[16] = 27
  hist[17] = 1
by_callsite (caller PC; symbolize with addr2line):
   0 caller=0x78b11f95c0d2 calls=11328 total_ms=15642.094 avg_us=1380.835 max_us=141865
   1 caller=0x78b11f96098c calls=9244 total_ms=3.684 avg_us=0.399 max_us=26
   2 caller=0x78b11f96089c calls=3422 total_ms=3.033 avg_us=0.886 max_us=29
   3 caller=0x78b11f960abd calls=3422 total_ms=1.342 avg_us=0.392 max_us=25
   4 caller=0x78b11f95f852 calls=684 total_ms=1.323 avg_us=1.934 max_us=15
direct_cudaStreamSynchronize: calls=12331 total_ms=56.171 max_us=2532
by_direct_callsite (file:line):
   0 /opt/llama.cpp/ggml/src/ggml-cuda/ggml-cuda.cu:839 calls=11978 total_ms=49.900 avg_us=4.166 max_us=354
   1 /opt/llama.cpp/ggml/src/ggml-cuda/ggml-cuda.cu:900 calls=12 total_ms=5.841 avg_us=486.750 max_us=2532
   2 /opt/llama.cpp/ggml/src/ggml-cuda/ggml-cuda.cu:2665 calls=191 total_ms=0.280 avg_us=1.466 max_us=28
   3 /opt/llama.cpp/ggml/src/ggml-cuda/ggml-cuda.cu:847 calls=150 total_ms=0.150 avg_us=1.000 max_us=3
=== END CUDA SYNC PROFILE ===
backend-sync-trace: count=28200 backend=CUDA0 caller=ggml_backend_sched_synchronize+0x62

=== CUDA SYNC PROFILE (instrumentation only) ===
total_syncs = 28200
total_wait_ms = 15695.511
max_wait_us = 141865
sites = 5
wait_hist_us = logarithmic buckets
  hist[0] = 25683
  hist[1] = 1384
  hist[2] = 63
  hist[3] = 25
  hist[4] = 17
  hist[5] = 1
  hist[9] = 192
  hist[10] = 415
  hist[11] = 77
  hist[14] = 113
  hist[15] = 202
  hist[16] = 27
  hist[17] = 1
by_callsite (caller PC; symbolize with addr2line):
   0 caller=0x78b11f95c0d2 calls=11370 total_ms=15686.099 avg_us=1379.604 max_us=141865
   1 caller=0x78b11f96098c calls=9275 total_ms=3.695 avg_us=0.398 max_us=26
   2 caller=0x78b11f96089c calls=3434 total_ms=3.044 avg_us=0.886 max_us=29
   3 caller=0x78b11f960abd calls=3434 total_ms=1.344 avg_us=0.391 max_us=25
   4 caller=0x78b11f95f852 calls=687 total_ms=1.329 avg_us=1.934 max_us=15
direct_cudaStreamSynchronize: calls=12371 total_ms=56.336 max_us=2532
by_direct_callsite (file:line):
   0 /opt/llama.cpp/ggml/src/ggml-cuda/ggml-cuda.cu:839 calls=12018 total_ms=50.065 avg_us=4.166 max_us=354
   1 /opt/llama.cpp/ggml/src/ggml-cuda/ggml-cuda.cu:900 calls=12 total_ms=5.841 avg_us=486.750 max_us=2532
   2 /opt/llama.cpp/ggml/src/ggml-cuda/ggml-cuda.cu:2665 calls=191 total_ms=0.280 avg_us=1.466 max_us=28
   3 /opt/llama.cpp/ggml/src/ggml-cuda/ggml-cuda.cu:847 calls=150 total_ms=0.150 avg_us=1.000 max_us=3
=== END CUDA SYNC PROFILE ===

=== CUDA SYNC PROFILE (instrumentation only) ===
total_syncs = 28269
total_wait_ms = 15698.793
max_wait_us = 141865
sites = 5
wait_hist_us = logarithmic buckets
  hist[0] = 25748
  hist[1] = 1386
  hist[2] = 63
  hist[3] = 25
  hist[4] = 17
  hist[5] = 1
  hist[9] = 192
  hist[10] = 416
  hist[11] = 78
  hist[14] = 113
  hist[15] = 202
  hist[16] = 27
  hist[17] = 1
by_callsite (caller PC; symbolize with addr2line):
   0 caller=0x78b11f95c0d2 calls=11400 total_ms=15689.360 avg_us=1376.260 max_us=141865
   1 caller=0x78b11f96098c calls=9297 total_ms=3.703 avg_us=0.398 max_us=26
   2 caller=0x78b11f96089c calls=3442 total_ms=3.053 avg_us=0.887 max_us=29
   3 caller=0x78b11f960abd calls=3442 total_ms=1.346 avg_us=0.391 max_us=25
   4 caller=0x78b11f95f852 calls=688 total_ms=1.331 avg_us=1.935 max_us=15
direct_cudaStreamSynchronize: calls=12400 total_ms=56.445 max_us=2532
by_direct_callsite (file:line):
   0 /opt/llama.cpp/ggml/src/ggml-cuda/ggml-cuda.cu:839 calls=12047 total_ms=50.174 avg_us=4.165 max_us=354
   1 /opt/llama.cpp/ggml/src/ggml-cuda/ggml-cuda.cu:900 calls=12 total_ms=5.841 avg_us=486.750 max_us=2532
   2 /opt/llama.cpp/ggml/src/ggml-cuda/ggml-cuda.cu:2665 calls=191 total_ms=0.280 avg_us=1.466 max_us=28
   3 /opt/llama.cpp/ggml/src/ggml-cuda/ggml-cuda.cu:847 calls=150 total_ms=0.150 avg_us=1.000 max_us=3
=== END CUDA SYNC PROFILE ===
backend-sync-trace: count=28300 backend=CUDA0 caller=ggml_backend_sched_synchronize+0x62

=== CUDA SYNC PROFILE (instrumentation only) ===
total_syncs = 28300
total_wait_ms = 15738.805
max_wait_us = 141865
sites = 5
wait_hist_us = logarithmic buckets
  hist[0] = 25775
  hist[1] = 1388
  hist[2] = 64
  hist[3] = 25
  hist[4] = 17
  hist[5] = 1
  hist[9] = 192
  hist[10] = 416
  hist[11] = 78
  hist[14] = 113
  hist[15] = 203
  hist[16] = 27
  hist[17] = 1
by_callsite (caller PC; symbolize with addr2line):
   0 caller=0x78b11f95c0d2 calls=11421 total_ms=15729.367 avg_us=1377.232 max_us=141865
   1 caller=0x78b11f96098c calls=9302 total_ms=3.704 avg_us=0.398 max_us=26
   2 caller=0x78b11f96089c calls=3444 total_ms=3.055 avg_us=0.887 max_us=29
   3 caller=0x78b11f960abd calls=3444 total_ms=1.346 avg_us=0.391 max_us=25
   4 caller=0x78b11f95f852 calls=689 total_ms=1.333 avg_us=1.935 max_us=15
direct_cudaStreamSynchronize: calls=12406 total_ms=56.473 max_us=2532
by_direct_callsite (file:line):
   0 /opt/llama.cpp/ggml/src/ggml-cuda/ggml-cuda.cu:839 calls=12053 total_ms=50.202 avg_us=4.165 max_us=354
   1 /opt/llama.cpp/ggml/src/ggml-cuda/ggml-cuda.cu:900 calls=12 total_ms=5.841 avg_us=486.750 max_us=2532
   2 /opt/llama.cpp/ggml/src/ggml-cuda/ggml-cuda.cu:2665 calls=191 total_ms=0.280 avg_us=1.466 max_us=28
   3 /opt/llama.cpp/ggml/src/ggml-cuda/ggml-cuda.cu:847 calls=150 total_ms=0.150 avg_us=1.000 max_us=3
=== END CUDA SYNC PROFILE ===
backend-sync-trace: count=28400 backend=CUDA0 caller=ggml_backend_sched_synchronize+0x62

=== CUDA SYNC PROFILE (instrumentation only) ===
total_syncs = 28400
total_wait_ms = 15773.967
max_wait_us = 141865
sites = 5
wait_hist_us = logarithmic buckets
  hist[0] = 25864
  hist[1] = 1394
  hist[2] = 64
  hist[3] = 26
  hist[4] = 17
  hist[5] = 1
  hist[9] = 193
  hist[10] = 418
  hist[11] = 78
  hist[14] = 114
  hist[15] = 203
  hist[16] = 27
  hist[17] = 1
by_callsite (caller PC; symbolize with addr2line):
   0 caller=0x78b11f95c0d2 calls=11463 total_ms=15764.484 avg_us=1375.249 max_us=141865
   1 caller=0x78b11f96098c calls=9333 total_ms=3.731 avg_us=0.400 max_us=26
   2 caller=0x78b11f96089c calls=3456 total_ms=3.064 avg_us=0.887 max_us=29
   3 caller=0x78b11f960abd calls=3456 total_ms=1.348 avg_us=0.390 max_us=25
   4 caller=0x78b11f95f852 calls=692 total_ms=1.340 avg_us=1.936 max_us=15
direct_cudaStreamSynchronize: calls=12447 total_ms=56.657 max_us=2532
by_direct_callsite (file:line):
   0 /opt/llama.cpp/ggml/src/ggml-cuda/ggml-cuda.cu:839 calls=12094 total_ms=50.386 avg_us=4.166 max_us=354
   1 /opt/llama.cpp/ggml/src/ggml-cuda/ggml-cuda.cu:900 calls=12 total_ms=5.841 avg_us=486.750 max_us=2532
   2 /opt/llama.cpp/ggml/src/ggml-cuda/ggml-cuda.cu:2665 calls=191 total_ms=0.280 avg_us=1.466 max_us=28
   3 /opt/llama.cpp/ggml/src/ggml-cuda/ggml-cuda.cu:847 calls=150 total_ms=0.150 avg_us=1.000 max_us=3
=== END CUDA SYNC PROFILE ===
backend-sync-trace: count=28500 backend=CUDA0 caller=ggml_backend_sched_graph_compute_async_ext+0xddc

=== CUDA SYNC PROFILE (instrumentation only) ===
total_syncs = 28500
total_wait_ms = 15819.907
max_wait_us = 141865
sites = 5
wait_hist_us = logarithmic buckets
  hist[0] = 25955
  hist[1] = 1399
  hist[2] = 64
  hist[3] = 26
  hist[4] = 17
  hist[5] = 1
  hist[9] = 193
  hist[10] = 420
  hist[11] = 79
  hist[14] = 114
  hist[15] = 204
  hist[16] = 27
  hist[17] = 1
by_callsite (caller PC; symbolize with addr2line):
   0 caller=0x78b11f95c0d2 calls=11505 total_ms=15810.394 avg_us=1374.219 max_us=141865
   1 caller=0x78b11f96098c calls=9364 total_ms=3.740 avg_us=0.399 max_us=26
   2 caller=0x78b11f96089c calls=3469 total_ms=3.074 avg_us=0.886 max_us=29
   3 caller=0x78b11f960abd calls=3468 total_ms=1.356 avg_us=0.391 max_us=25
   4 caller=0x78b11f95f852 calls=694 total_ms=1.343 avg_us=1.935 max_us=15
direct_cudaStreamSynchronize: calls=12488 total_ms=56.818 max_us=2532
by_direct_callsite (file:line):
   0 /opt/llama.cpp/ggml/src/ggml-cuda/ggml-cuda.cu:839 calls=12135 total_ms=50.547 avg_us=4.165 max_us=354
   1 /opt/llama.cpp/ggml/src/ggml-cuda/ggml-cuda.cu:900 calls=12 total_ms=5.841 avg_us=486.750 max_us=2532
   2 /opt/llama.cpp/ggml/src/ggml-cuda/ggml-cuda.cu:2665 calls=191 total_ms=0.280 avg_us=1.466 max_us=28
   3 /opt/llama.cpp/ggml/src/ggml-cuda/ggml-cuda.cu:847 calls=150 total_ms=0.150 avg_us=1.000 max_us=3
=== END CUDA SYNC PROFILE ===

=== CUDA SYNC PROFILE (instrumentation only) ===
total_syncs = 28516
total_wait_ms = 15819.915
max_wait_us = 141865
sites = 5
wait_hist_us = logarithmic buckets
  hist[0] = 25971
  hist[1] = 1399
  hist[2] = 64
  hist[3] = 26
  hist[4] = 17
  hist[5] = 1
  hist[9] = 193
  hist[10] = 420
  hist[11] = 79
  hist[14] = 114
  hist[15] = 204
  hist[16] = 27
  hist[17] = 1
by_callsite (caller PC; symbolize with addr2line):
   0 caller=0x78b11f95c0d2 calls=11505 total_ms=15810.394 avg_us=1374.219 max_us=141865
   1 caller=0x78b11f96098c calls=9373 total_ms=3.744 avg_us=0.399 max_us=26
   2 caller=0x78b11f96089c calls=3472 total_ms=3.076 avg_us=0.886 max_us=29
   3 caller=0x78b11f960abd calls=3472 total_ms=1.358 avg_us=0.391 max_us=25
   4 caller=0x78b11f95f852 calls=694 total_ms=1.343 avg_us=1.935 max_us=15
direct_cudaStreamSynchronize: calls=12500 total_ms=56.878 max_us=2532
by_direct_callsite (file:line):
   0 /opt/llama.cpp/ggml/src/ggml-cuda/ggml-cuda.cu:839 calls=12147 total_ms=50.607 avg_us=4.166 max_us=354
   1 /opt/llama.cpp/ggml/src/ggml-cuda/ggml-cuda.cu:900 calls=12 total_ms=5.841 avg_us=486.750 max_us=2532
   2 /opt/llama.cpp/ggml/src/ggml-cuda/ggml-cuda.cu:2665 calls=191 total_ms=0.280 avg_us=1.466 max_us=28
   3 /opt/llama.cpp/ggml/src/ggml-cuda/ggml-cuda.cu:847 calls=150 total_ms=0.150 avg_us=1.000 max_us=3
=== END CUDA SYNC PROFILE ===
backend-sync-trace: count=28600 backend=CUDA0 caller=ggml_backend_sched_graph_compute_async_ext+0xecc

=== CUDA SYNC PROFILE (instrumentation only) ===
total_syncs = 28600
total_wait_ms = 15865.444
max_wait_us = 141865
sites = 5
wait_hist_us = logarithmic buckets
  hist[0] = 26048
  hist[1] = 1403
  hist[2] = 64
  hist[3] = 26
  hist[4] = 17
  hist[5] = 1
  hist[9] = 193
  hist[10] = 420
  hist[11] = 81
  hist[14] = 114
  hist[15] = 205
  hist[16] = 27
  hist[17] = 1
by_callsite (caller PC; symbolize with addr2line):
   0 caller=0x78b11f95c0d2 calls=11542 total_ms=15855.895 avg_us=1373.756 max_us=141865
   1 caller=0x78b11f96098c calls=9398 total_ms=3.755 avg_us=0.400 max_us=26
   2 caller=0x78b11f96089c calls=3482 total_ms=3.085 avg_us=0.886 max_us=29
   3 caller=0x78b11f960abd calls=3482 total_ms=1.362 avg_us=0.391 max_us=25
   4 caller=0x78b11f95f852 calls=696 total_ms=1.347 avg_us=1.935 max_us=15
direct_cudaStreamSynchronize: calls=12532 total_ms=57.009 max_us=2532
by_direct_callsite (file:line):
   0 /opt/llama.cpp/ggml/src/ggml-cuda/ggml-cuda.cu:839 calls=12179 total_ms=50.738 avg_us=4.166 max_us=354
   1 /opt/llama.cpp/ggml/src/ggml-cuda/ggml-cuda.cu:900 calls=12 total_ms=5.841 avg_us=486.750 max_us=2532
   2 /opt/llama.cpp/ggml/src/ggml-cuda/ggml-cuda.cu:2665 calls=191 total_ms=0.280 avg_us=1.466 max_us=28
   3 /opt/llama.cpp/ggml/src/ggml-cuda/ggml-cuda.cu:847 calls=150 total_ms=0.150 avg_us=1.000 max_us=3
=== END CUDA SYNC PROFILE ===
backend-sync-trace: count=28700 backend=CUDA0 caller=ggml_backend_sched_graph_compute_async_ext+0xddc

=== CUDA SYNC PROFILE (instrumentation only) ===
total_syncs = 28700
total_wait_ms = 16034.851
max_wait_us = 141865
sites = 5
wait_hist_us = logarithmic buckets
  hist[0] = 26140
  hist[1] = 1407
  hist[2] = 64
  hist[3] = 26
  hist[4] = 17
  hist[5] = 1
  hist[9] = 193
  hist[10] = 422
  hist[11] = 81
  hist[14] = 114
  hist[15] = 205
  hist[16] = 29
  hist[17] = 1
by_callsite (caller PC; symbolize with addr2line):
   0 caller=0x78b11f95c0d2 calls=11581 total_ms=16025.264 avg_us=1383.755 max_us=141865
   1 caller=0x78b11f96098c calls=9433 total_ms=3.774 avg_us=0.400 max_us=26
   2 caller=0x78b11f96089c calls=3494 total_ms=3.095 avg_us=0.886 max_us=29
   3 caller=0x78b11f960abd calls=3493 total_ms=1.366 avg_us=0.391 max_us=25
   4 caller=0x78b11f95f852 calls=699 total_ms=1.352 avg_us=1.934 max_us=15
direct_cudaStreamSynchronize: calls=12577 total_ms=57.178 max_us=2532
by_direct_callsite (file:line):
   0 /opt/llama.cpp/ggml/src/ggml-cuda/ggml-cuda.cu:839 calls=12224 total_ms=50.907 avg_us=4.165 max_us=354
   1 /opt/llama.cpp/ggml/src/ggml-cuda/ggml-cuda.cu:900 calls=12 total_ms=5.841 avg_us=486.750 max_us=2532
   2 /opt/llama.cpp/ggml/src/ggml-cuda/ggml-cuda.cu:2665 calls=191 total_ms=0.280 avg_us=1.466 max_us=28
   3 /opt/llama.cpp/ggml/src/ggml-cuda/ggml-cuda.cu:847 calls=150 total_ms=0.150 avg_us=1.000 max_us=3
=== END CUDA SYNC PROFILE ===

=== CUDA SYNC PROFILE (instrumentation only) ===
total_syncs = 28769
total_wait_ms = 16038.652
max_wait_us = 141865
sites = 5
wait_hist_us = logarithmic buckets
  hist[0] = 26203
  hist[1] = 1411
  hist[2] = 64
  hist[3] = 26
  hist[4] = 17
  hist[5] = 1
  hist[9] = 193
  hist[10] = 423
  hist[11] = 82
  hist[14] = 114
  hist[15] = 205
  hist[16] = 29
  hist[17] = 1
by_callsite (caller PC; symbolize with addr2line):
   0 caller=0x78b11f95c0d2 calls=11616 total_ms=16029.050 avg_us=1379.911 max_us=141865
   1 caller=0x78b11f96098c calls=9449 total_ms=3.780 avg_us=0.400 max_us=26
   2 caller=0x78b11f96089c calls=3502 total_ms=3.102 avg_us=0.886 max_us=29
   3 caller=0x78b11f960abd calls=3502 total_ms=1.366 avg_us=0.390 max_us=25
   4 caller=0x78b11f95f852 calls=700 total_ms=1.354 avg_us=1.934 max_us=15
direct_cudaStreamSynchronize: calls=12600 total_ms=57.284 max_us=2532
by_direct_callsite (file:line):
   0 /opt/llama.cpp/ggml/src/ggml-cuda/ggml-cuda.cu:839 calls=12247 total_ms=51.013 avg_us=4.165 max_us=354
   1 /opt/llama.cpp/ggml/src/ggml-cuda/ggml-cuda.cu:900 calls=12 total_ms=5.841 avg_us=486.750 max_us=2532
   2 /opt/llama.cpp/ggml/src/ggml-cuda/ggml-cuda.cu:2665 calls=191 total_ms=0.280 avg_us=1.466 max_us=28
   3 /opt/llama.cpp/ggml/src/ggml-cuda/ggml-cuda.cu:847 calls=150 total_ms=0.150 avg_us=1.000 max_us=3
=== END CUDA SYNC PROFILE ===
backend-sync-trace: count=28800 backend=CUDA0 caller=ggml_backend_sched_synchronize+0x62

=== CUDA SYNC PROFILE (instrumentation only) ===
total_syncs = 28800
total_wait_ms = 16084.367
max_wait_us = 141865
sites = 5
wait_hist_us = logarithmic buckets
  hist[0] = 26231
  hist[1] = 1413
  hist[2] = 64
  hist[3] = 26
  hist[4] = 17
  hist[5] = 1
  hist[9] = 193
  hist[10] = 423
  hist[11] = 82
  hist[14] = 114
  hist[15] = 206
  hist[16] = 29
  hist[17] = 1
by_callsite (caller PC; symbolize with addr2line):
   0 caller=0x78b11f95c0d2 calls=11627 total_ms=16074.758 avg_us=1382.537 max_us=141865
   1 caller=0x78b11f96098c calls=9464 total_ms=3.783 avg_us=0.400 max_us=26
   2 caller=0x78b11f96089c calls=3504 total_ms=3.103 avg_us=0.886 max_us=29
   3 caller=0x78b11f960abd calls=3504 total_ms=1.367 avg_us=0.390 max_us=25
   4 caller=0x78b11f95f852 calls=701 total_ms=1.356 avg_us=1.934 max_us=15
direct_cudaStreamSynchronize: calls=12616 total_ms=57.339 max_us=2532
by_direct_callsite (file:line):
   0 /opt/llama.cpp/ggml/src/ggml-cuda/ggml-cuda.cu:839 calls=12263 total_ms=51.068 avg_us=4.164 max_us=354
   1 /opt/llama.cpp/ggml/src/ggml-cuda/ggml-cuda.cu:900 calls=12 total_ms=5.841 avg_us=486.750 max_us=2532
   2 /opt/llama.cpp/ggml/src/ggml-cuda/ggml-cuda.cu:2665 calls=191 total_ms=0.280 avg_us=1.466 max_us=28
   3 /opt/llama.cpp/ggml/src/ggml-cuda/ggml-cuda.cu:847 calls=150 total_ms=0.150 avg_us=1.000 max_us=3
=== END CUDA SYNC PROFILE ===
backend-sync-trace: count=28900 backend=CUDA0 caller=ggml_backend_sched_graph_compute_async_ext+0xecc

=== CUDA SYNC PROFILE (instrumentation only) ===
total_syncs = 28900
total_wait_ms = 16118.508
max_wait_us = 141865
sites = 5
wait_hist_us = logarithmic buckets
  hist[0] = 26324
  hist[1] = 1417
  hist[2] = 64
  hist[3] = 26
  hist[4] = 17
  hist[5] = 1
  hist[9] = 194
  hist[10] = 424
  hist[11] = 82
  hist[14] = 115
  hist[15] = 206
  hist[16] = 29
  hist[17] = 1
by_callsite (caller PC; symbolize with addr2line):
   0 caller=0x78b11f95c0d2 calls=11670 total_ms=16108.874 avg_us=1380.366 max_us=141865
   1 caller=0x78b11f96098c calls=9494 total_ms=3.794 avg_us=0.400 max_us=26
   2 caller=0x78b11f96089c calls=3516 total_ms=3.110 avg_us=0.885 max_us=29
   3 caller=0x78b11f960abd calls=3516 total_ms=1.369 avg_us=0.389 max_us=25
   4 caller=0x78b11f95f852 calls=704 total_ms=1.361 avg_us=1.933 max_us=15
direct_cudaStreamSynchronize: calls=12655 total_ms=57.497 max_us=2532
by_direct_callsite (file:line):
   0 /opt/llama.cpp/ggml/src/ggml-cuda/ggml-cuda.cu:839 calls=12302 total_ms=51.226 avg_us=4.164 max_us=354
   1 /opt/llama.cpp/ggml/src/ggml-cuda/ggml-cuda.cu:900 calls=12 total_ms=5.841 avg_us=486.750 max_us=2532
   2 /opt/llama.cpp/ggml/src/ggml-cuda/ggml-cuda.cu:2665 calls=191 total_ms=0.280 avg_us=1.466 max_us=28
   3 /opt/llama.cpp/ggml/src/ggml-cuda/ggml-cuda.cu:847 calls=150 total_ms=0.150 avg_us=1.000 max_us=3
=== END CUDA SYNC PROFILE ===
backend-sync-trace: count=29000 backend=CUDA0 caller=ggml_backend_sched_synchronize+0x62

=== CUDA SYNC PROFILE (instrumentation only) ===
total_syncs = 29000
total_wait_ms = 16163.607
max_wait_us = 141865
sites = 5
wait_hist_us = logarithmic buckets
  hist[0] = 26416
  hist[1] = 1420
  hist[2] = 64
  hist[3] = 26
  hist[4] = 17
  hist[5] = 1
  hist[9] = 195
  hist[10] = 427
  hist[11] = 82
  hist[14] = 115
  hist[15] = 207
  hist[16] = 29
  hist[17] = 1
by_callsite (caller PC; symbolize with addr2line):
   0 caller=0x78b11f95c0d2 calls=11712 total_ms=16153.945 avg_us=1379.264 max_us=141865
   1 caller=0x78b11f96098c calls=9526 total_ms=3.806 avg_us=0.400 max_us=26
   2 caller=0x78b11f96089c calls=3528 total_ms=3.120 avg_us=0.884 max_us=29
   3 caller=0x78b11f960abd calls=3528 total_ms=1.371 avg_us=0.389 max_us=25
   4 caller=0x78b11f95f852 calls=706 total_ms=1.365 avg_us=1.933 max_us=15
direct_cudaStreamSynchronize: calls=12698 total_ms=57.666 max_us=2532
by_direct_callsite (file:line):
   0 /opt/llama.cpp/ggml/src/ggml-cuda/ggml-cuda.cu:839 calls=12345 total_ms=51.395 avg_us=4.163 max_us=354
   1 /opt/llama.cpp/ggml/src/ggml-cuda/ggml-cuda.cu:900 calls=12 total_ms=5.841 avg_us=486.750 max_us=2532
   2 /opt/llama.cpp/ggml/src/ggml-cuda/ggml-cuda.cu:2665 calls=191 total_ms=0.280 avg_us=1.466 max_us=28
   3 /opt/llama.cpp/ggml/src/ggml-cuda/ggml-cuda.cu:847 calls=150 total_ms=0.150 avg_us=1.000 max_us=3
=== END CUDA SYNC PROFILE ===

=== CUDA SYNC PROFILE (instrumentation only) ===
total_syncs = 29007
total_wait_ms = 16163.614
max_wait_us = 141865
sites = 5
wait_hist_us = logarithmic buckets
  hist[0] = 26422
  hist[1] = 1421
  hist[2] = 64
  hist[3] = 26
  hist[4] = 17
  hist[5] = 1
  hist[9] = 195
  hist[10] = 427
  hist[11] = 82
  hist[14] = 115
  hist[15] = 207
  hist[16] = 29
  hist[17] = 1
by_callsite (caller PC; symbolize with addr2line):
   0 caller=0x78b11f95c0d2 calls=11715 total_ms=16153.947 avg_us=1378.911 max_us=141865
   1 caller=0x78b11f96098c calls=9526 total_ms=3.806 avg_us=0.400 max_us=26
   2 caller=0x78b11f96089c calls=3530 total_ms=3.124 avg_us=0.885 max_us=29
   3 caller=0x78b11f960abd calls=3530 total_ms=1.372 avg_us=0.389 max_us=25
   4 caller=0x78b11f95f852 calls=706 total_ms=1.365 avg_us=1.933 max_us=15
direct_cudaStreamSynchronize: calls=12700 total_ms=57.674 max_us=2532
by_direct_callsite (file:line):
   0 /opt/llama.cpp/ggml/src/ggml-cuda/ggml-cuda.cu:839 calls=12347 total_ms=51.403 avg_us=4.163 max_us=354
   1 /opt/llama.cpp/ggml/src/ggml-cuda/ggml-cuda.cu:900 calls=12 total_ms=5.841 avg_us=486.750 max_us=2532
   2 /opt/llama.cpp/ggml/src/ggml-cuda/ggml-cuda.cu:2665 calls=191 total_ms=0.280 avg_us=1.466 max_us=28
   3 /opt/llama.cpp/ggml/src/ggml-cuda/ggml-cuda.cu:847 calls=150 total_ms=0.150 avg_us=1.000 max_us=3
=== END CUDA SYNC PROFILE ===
1.24.233.224 I slot print_timing: id  0 | task 0 | n_gen =    810, tg =  44.55 t/s, tg_3s =  47.66 t/s
backend-sync-trace: count=29100 backend=CUDA0 caller=ggml_backend_sched_graph_compute_async_ext+0xecc

=== CUDA SYNC PROFILE (instrumentation only) ===
total_syncs = 29100
total_wait_ms = 16204.630
max_wait_us = 141865
sites = 5
wait_hist_us = logarithmic buckets
  hist[0] = 26508
  hist[1] = 1425
  hist[2] = 64
  hist[3] = 26
  hist[4] = 17
  hist[5] = 1
  hist[9] = 196
  hist[10] = 428
  hist[11] = 82
  hist[14] = 115
  hist[15] = 208
  hist[16] = 29
  hist[17] = 1
by_callsite (caller PC; symbolize with addr2line):
   0 caller=0x78b11f95c0d2 calls=11752 total_ms=16194.938 avg_us=1378.058 max_us=141865
   1 caller=0x78b11f96098c calls=9556 total_ms=3.816 avg_us=0.399 max_us=26
   2 caller=0x78b11f96089c calls=3542 total_ms=3.130 avg_us=0.884 max_us=29
   3 caller=0x78b11f960abd calls=3542 total_ms=1.377 avg_us=0.389 max_us=25
   4 caller=0x78b11f95f852 calls=708 total_ms=1.369 avg_us=1.934 max_us=15
direct_cudaStreamSynchronize: calls=12738 total_ms=57.854 max_us=2532
by_direct_callsite (file:line):
   0 /opt/llama.cpp/ggml/src/ggml-cuda/ggml-cuda.cu:839 calls=12385 total_ms=51.583 avg_us=4.165 max_us=354
   1 /opt/llama.cpp/ggml/src/ggml-cuda/ggml-cuda.cu:900 calls=12 total_ms=5.841 avg_us=486.750 max_us=2532
   2 /opt/llama.cpp/ggml/src/ggml-cuda/ggml-cuda.cu:2665 calls=191 total_ms=0.280 avg_us=1.466 max_us=28
   3 /opt/llama.cpp/ggml/src/ggml-cuda/ggml-cuda.cu:847 calls=150 total_ms=0.150 avg_us=1.000 max_us=3
=== END CUDA SYNC PROFILE ===
backend-sync-trace: count=29200 backend=CUDA0 caller=ggml_backend_sched_synchronize+0x62

=== CUDA SYNC PROFILE (instrumentation only) ===
total_syncs = 29200
total_wait_ms = 16278.816
max_wait_us = 141865
sites = 5
wait_hist_us = logarithmic buckets
  hist[0] = 26600
  hist[1] = 1428
  hist[2] = 64
  hist[3] = 27
  hist[4] = 17
  hist[5] = 1
  hist[9] = 196
  hist[10] = 430
  hist[11] = 82
  hist[14] = 115
  hist[15] = 210
  hist[16] = 29
  hist[17] = 1
by_callsite (caller PC; symbolize with addr2line):
   0 caller=0x78b11f95c0d2 calls=11791 total_ms=16269.086 avg_us=1379.788 max_us=141865
   1 caller=0x78b11f96098c calls=9595 total_ms=3.838 avg_us=0.400 max_us=26
   2 caller=0x78b11f96089c calls=3552 total_ms=3.138 avg_us=0.883 max_us=29
   3 caller=0x78b11f960abd calls=3552 total_ms=1.382 avg_us=0.389 max_us=25
   4 caller=0x78b11f95f852 calls=710 total_ms=1.372 avg_us=1.932 max_us=15
direct_cudaStreamSynchronize: calls=12786 total_ms=58.066 max_us=2532
by_direct_callsite (file:line):
   0 /opt/llama.cpp/ggml/src/ggml-cuda/ggml-cuda.cu:839 calls=12433 total_ms=51.795 avg_us=4.166 max_us=354
   1 /opt/llama.cpp/ggml/src/ggml-cuda/ggml-cuda.cu:900 calls=12 total_ms=5.841 avg_us=486.750 max_us=2532
   2 /opt/llama.cpp/ggml/src/ggml-cuda/ggml-cuda.cu:2665 calls=191 total_ms=0.280 avg_us=1.466 max_us=28
   3 /opt/llama.cpp/ggml/src/ggml-cuda/ggml-cuda.cu:847 calls=150 total_ms=0.150 avg_us=1.000 max_us=3
=== END CUDA SYNC PROFILE ===

=== CUDA SYNC PROFILE (instrumentation only) ===
total_syncs = 29239
total_wait_ms = 16279.743
max_wait_us = 141865
sites = 5
wait_hist_us = logarithmic buckets
  hist[0] = 26637
  hist[1] = 1429
  hist[2] = 64
  hist[3] = 27
  hist[4] = 17
  hist[5] = 1
  hist[9] = 197
  hist[10] = 430
  hist[11] = 82
  hist[14] = 115
  hist[15] = 210
  hist[16] = 29
  hist[17] = 1
by_callsite (caller PC; symbolize with addr2line):
   0 caller=0x78b11f95c0d2 calls=11807 total_ms=16269.996 avg_us=1377.996 max_us=141865
   1 caller=0x78b11f96098c calls=9604 total_ms=3.844 avg_us=0.400 max_us=26
   2 caller=0x78b11f96089c calls=3558 total_ms=3.142 avg_us=0.883 max_us=29
   3 caller=0x78b11f960abd calls=3558 total_ms=1.386 avg_us=0.390 max_us=25
   4 caller=0x78b11f95f852 calls=712 total_ms=1.375 avg_us=1.931 max_us=15
direct_cudaStreamSynchronize: calls=12800 total_ms=58.123 max_us=2532
by_direct_callsite (file:line):
   0 /opt/llama.cpp/ggml/src/ggml-cuda/ggml-cuda.cu:839 calls=12447 total_ms=51.852 avg_us=4.166 max_us=354
   1 /opt/llama.cpp/ggml/src/ggml-cuda/ggml-cuda.cu:900 calls=12 total_ms=5.841 avg_us=486.750 max_us=2532
   2 /opt/llama.cpp/ggml/src/ggml-cuda/ggml-cuda.cu:2665 calls=191 total_ms=0.280 avg_us=1.466 max_us=28
   3 /opt/llama.cpp/ggml/src/ggml-cuda/ggml-cuda.cu:847 calls=150 total_ms=0.150 avg_us=1.000 max_us=3
=== END CUDA SYNC PROFILE ===
backend-sync-trace: count=29300 backend=CUDA0 caller=ggml_backend_sched_synchronize+0x62

=== CUDA SYNC PROFILE (instrumentation only) ===
total_syncs = 29300
total_wait_ms = 16316.603
max_wait_us = 141865
sites = 5
wait_hist_us = logarithmic buckets
  hist[0] = 26695
  hist[1] = 1430
  hist[2] = 64
  hist[3] = 27
  hist[4] = 17
  hist[5] = 1
  hist[9] = 198
  hist[10] = 430
  hist[11] = 82
  hist[14] = 115
  hist[15] = 211
  hist[16] = 29
  hist[17] = 1
by_callsite (caller PC; symbolize with addr2line):
   0 caller=0x78b11f95c0d2 calls=11833 total_ms=16306.840 avg_us=1378.082 max_us=141865
   1 caller=0x78b11f96098c calls=9626 total_ms=3.852 avg_us=0.400 max_us=26
   2 caller=0x78b11f96089c calls=3564 total_ms=3.147 avg_us=0.883 max_us=29
   3 caller=0x78b11f960abd calls=3564 total_ms=1.388 avg_us=0.389 max_us=25
   4 caller=0x78b11f95f852 calls=713 total_ms=1.376 avg_us=1.930 max_us=15
direct_cudaStreamSynchronize: calls=12826 total_ms=58.234 max_us=2532
by_direct_callsite (file:line):
   0 /opt/llama.cpp/ggml/src/ggml-cuda/ggml-cuda.cu:839 calls=12473 total_ms=51.963 avg_us=4.166 max_us=354
   1 /opt/llama.cpp/ggml/src/ggml-cuda/ggml-cuda.cu:900 calls=12 total_ms=5.841 avg_us=486.750 max_us=2532
   2 /opt/llama.cpp/ggml/src/ggml-cuda/ggml-cuda.cu:2665 calls=191 total_ms=0.280 avg_us=1.466 max_us=28
   3 /opt/llama.cpp/ggml/src/ggml-cuda/ggml-cuda.cu:847 calls=150 total_ms=0.150 avg_us=1.000 max_us=3
=== END CUDA SYNC PROFILE ===
backend-sync-trace: count=29400 backend=CUDA0 caller=ggml_backend_sched_graph_compute_async_ext+0xecc

=== CUDA SYNC PROFILE (instrumentation only) ===
total_syncs = 29400
total_wait_ms = 16363.587
max_wait_us = 141865
sites = 5
wait_hist_us = logarithmic buckets
  hist[0] = 26788
  hist[1] = 1433
  hist[2] = 64
  hist[3] = 27
  hist[4] = 17
  hist[5] = 1
  hist[9] = 199
  hist[10] = 432
  hist[11] = 82
  hist[14] = 115
  hist[15] = 212
  hist[16] = 29
  hist[17] = 1
by_callsite (caller PC; symbolize with addr2line):
   0 caller=0x78b11f95c0d2 calls=11869 total_ms=16353.796 avg_us=1377.858 max_us=141865
   1 caller=0x78b11f96098c calls=9659 total_ms=3.861 avg_us=0.400 max_us=26
   2 caller=0x78b11f96089c calls=3578 total_ms=3.156 avg_us=0.882 max_us=29
   3 caller=0x78b11f960abd calls=3578 total_ms=1.394 avg_us=0.390 max_us=25
   4 caller=0x78b11f95f852 calls=716 total_ms=1.380 avg_us=1.927 max_us=15
direct_cudaStreamSynchronize: calls=12870 total_ms=58.436 max_us=2532
by_direct_callsite (file:line):
   0 /opt/llama.cpp/ggml/src/ggml-cuda/ggml-cuda.cu:839 calls=12517 total_ms=52.165 avg_us=4.168 max_us=354
   1 /opt/llama.cpp/ggml/src/ggml-cuda/ggml-cuda.cu:900 calls=12 total_ms=5.841 avg_us=486.750 max_us=2532
   2 /opt/llama.cpp/ggml/src/ggml-cuda/ggml-cuda.cu:2665 calls=191 total_ms=0.280 avg_us=1.466 max_us=28
   3 /opt/llama.cpp/ggml/src/ggml-cuda/ggml-cuda.cu:847 calls=150 total_ms=0.150 avg_us=1.000 max_us=3
=== END CUDA SYNC PROFILE ===

=== CUDA SYNC PROFILE (instrumentation only) ===
total_syncs = 29471
total_wait_ms = 16416.056
max_wait_us = 141865
sites = 5
wait_hist_us = logarithmic buckets
  hist[0] = 26852
  hist[1] = 1437
  hist[2] = 65
  hist[3] = 27
  hist[4] = 17
  hist[5] = 1
  hist[9] = 200
  hist[10] = 432
  hist[11] = 82
  hist[14] = 115
  hist[15] = 213
  hist[16] = 29
  hist[17] = 1
by_callsite (caller PC; symbolize with addr2line):
   0 caller=0x78b11f95c0d2 calls=11899 total_ms=16406.250 avg_us=1378.792 max_us=141865
   1 caller=0x78b11f96098c calls=9682 total_ms=3.865 avg_us=0.399 max_us=26
   2 caller=0x78b11f96089c calls=3586 total_ms=3.162 avg_us=0.882 max_us=29
   3 caller=0x78b11f960abd calls=3586 total_ms=1.395 avg_us=0.389 max_us=25
   4 caller=0x78b11f95f852 calls=718 total_ms=1.384 avg_us=1.928 max_us=15
direct_cudaStreamSynchronize: calls=12900 total_ms=58.562 max_us=2532
by_direct_callsite (file:line):
   0 /opt/llama.cpp/ggml/src/ggml-cuda/ggml-cuda.cu:839 calls=12547 total_ms=52.291 avg_us=4.168 max_us=354
   1 /opt/llama.cpp/ggml/src/ggml-cuda/ggml-cuda.cu:900 calls=12 total_ms=5.841 avg_us=486.750 max_us=2532
   2 /opt/llama.cpp/ggml/src/ggml-cuda/ggml-cuda.cu:2665 calls=191 total_ms=0.280 avg_us=1.466 max_us=28
   3 /opt/llama.cpp/ggml/src/ggml-cuda/ggml-cuda.cu:847 calls=150 total_ms=0.150 avg_us=1.000 max_us=3
=== END CUDA SYNC PROFILE ===
backend-sync-trace: count=29500 backend=CUDA0 caller=ggml_backend_sched_graph_compute_async_ext+0xddc

=== CUDA SYNC PROFILE (instrumentation only) ===
total_syncs = 29500
total_wait_ms = 16418.152
max_wait_us = 141865
sites = 5
wait_hist_us = logarithmic buckets
  hist[0] = 26878
  hist[1] = 1438
  hist[2] = 65
  hist[3] = 27
  hist[4] = 17
  hist[5] = 1
  hist[9] = 201
  hist[10] = 433
  hist[11] = 82
  hist[14] = 115
  hist[15] = 213
  hist[16] = 29
  hist[17] = 1
by_callsite (caller PC; symbolize with addr2line):
   0 caller=0x78b11f95c0d2 calls=11913 total_ms=16408.340 avg_us=1377.347 max_us=141865
   1 caller=0x78b11f96098c calls=9688 total_ms=3.866 avg_us=0.399 max_us=26
   2 caller=0x78b11f96089c calls=3591 total_ms=3.166 avg_us=0.882 max_us=29
   3 caller=0x78b11f960abd calls=3590 total_ms=1.396 avg_us=0.389 max_us=25
   4 caller=0x78b11f95f852 calls=718 total_ms=1.384 avg_us=1.928 max_us=15
direct_cudaStreamSynchronize: calls=12910 total_ms=58.597 max_us=2532
by_direct_callsite (file:line):
   0 /opt/llama.cpp/ggml/src/ggml-cuda/ggml-cuda.cu:839 calls=12557 total_ms=52.326 avg_us=4.167 max_us=354
   1 /opt/llama.cpp/ggml/src/ggml-cuda/ggml-cuda.cu:900 calls=12 total_ms=5.841 avg_us=486.750 max_us=2532
   2 /opt/llama.cpp/ggml/src/ggml-cuda/ggml-cuda.cu:2665 calls=191 total_ms=0.280 avg_us=1.466 max_us=28
   3 /opt/llama.cpp/ggml/src/ggml-cuda/ggml-cuda.cu:847 calls=150 total_ms=0.150 avg_us=1.000 max_us=3
=== END CUDA SYNC PROFILE ===
backend-sync-trace: count=29600 backend=CUDA0 caller=ggml_backend_sched_graph_compute_async_ext+0xecc

=== CUDA SYNC PROFILE (instrumentation only) ===
total_syncs = 29600
total_wait_ms = 16459.705
max_wait_us = 141865
sites = 5
wait_hist_us = logarithmic buckets
  hist[0] = 26960
  hist[1] = 1452
  hist[2] = 65
  hist[3] = 28
  hist[4] = 17
  hist[5] = 1
  hist[9] = 202
  hist[10] = 434
  hist[11] = 82
  hist[14] = 115
  hist[15] = 214
  hist[16] = 29
  hist[17] = 1
by_callsite (caller PC; symbolize with addr2line):
   0 caller=0x78b11f95c0d2 calls=11950 total_ms=16449.830 avg_us=1376.555 max_us=141865
   1 caller=0x78b11f96098c calls=9726 total_ms=3.892 avg_us=0.400 max_us=26
   2 caller=0x78b11f96089c calls=3602 total_ms=3.190 avg_us=0.886 max_us=29
   3 caller=0x78b11f960abd calls=3602 total_ms=1.405 avg_us=0.390 max_us=25
   4 caller=0x78b11f95f852 calls=720 total_ms=1.388 avg_us=1.928 max_us=15
direct_cudaStreamSynchronize: calls=12956 total_ms=58.805 max_us=2532
by_direct_callsite (file:line):
   0 /opt/llama.cpp/ggml/src/ggml-cuda/ggml-cuda.cu:839 calls=12603 total_ms=52.534 avg_us=4.168 max_us=354
   1 /opt/llama.cpp/ggml/src/ggml-cuda/ggml-cuda.cu:900 calls=12 total_ms=5.841 avg_us=486.750 max_us=2532
   2 /opt/llama.cpp/ggml/src/ggml-cuda/ggml-cuda.cu:2665 calls=191 total_ms=0.280 avg_us=1.466 max_us=28
   3 /opt/llama.cpp/ggml/src/ggml-cuda/ggml-cuda.cu:847 calls=150 total_ms=0.150 avg_us=1.000 max_us=3
=== END CUDA SYNC PROFILE ===

=== CUDA SYNC PROFILE (instrumentation only) ===
total_syncs = 29687
total_wait_ms = 16525.895
max_wait_us = 141865
sites = 5
wait_hist_us = logarithmic buckets
  hist[0] = 27036
  hist[1] = 1459
  hist[2] = 65
  hist[3] = 28
  hist[4] = 17
  hist[5] = 1
  hist[9] = 202
  hist[10] = 436
  hist[11] = 82
  hist[14] = 117
  hist[15] = 214
  hist[16] = 29
  hist[17] = 1
by_callsite (caller PC; symbolize with addr2line):
   0 caller=0x78b11f95c0d2 calls=11977 total_ms=16515.984 avg_us=1378.975 max_us=141865
   1 caller=0x78b11f96098c calls=9759 total_ms=3.907 avg_us=0.400 max_us=26
   2 caller=0x78b11f96089c calls=3614 total_ms=3.199 avg_us=0.885 max_us=29
   3 caller=0x78b11f960abd calls=3614 total_ms=1.410 avg_us=0.390 max_us=25
   4 caller=0x78b11f95f852 calls=723 total_ms=1.395 avg_us=1.929 max_us=15
direct_cudaStreamSynchronize: calls=13000 total_ms=58.990 max_us=2532
by_direct_callsite (file:line):
   0 /opt/llama.cpp/ggml/src/ggml-cuda/ggml-cuda.cu:839 calls=12647 total_ms=52.719 avg_us=4.168 max_us=354
   1 /opt/llama.cpp/ggml/src/ggml-cuda/ggml-cuda.cu:900 calls=12 total_ms=5.841 avg_us=486.750 max_us=2532
   2 /opt/llama.cpp/ggml/src/ggml-cuda/ggml-cuda.cu:2665 calls=191 total_ms=0.280 avg_us=1.466 max_us=28
   3 /opt/llama.cpp/ggml/src/ggml-cuda/ggml-cuda.cu:847 calls=150 total_ms=0.150 avg_us=1.000 max_us=3
=== END CUDA SYNC PROFILE ===
backend-sync-trace: count=29700 backend=CUDA0 caller=ggml_backend_sched_synchronize+0x62

=== CUDA SYNC PROFILE (instrumentation only) ===
total_syncs = 29700
total_wait_ms = 16525.908
max_wait_us = 141865
sites = 5
wait_hist_us = logarithmic buckets
  hist[0] = 27048
  hist[1] = 1460
  hist[2] = 65
  hist[3] = 28
  hist[4] = 17
  hist[5] = 1
  hist[9] = 202
  hist[10] = 436
  hist[11] = 82
  hist[14] = 117
  hist[15] = 214
  hist[16] = 29
  hist[17] = 1
by_callsite (caller PC; symbolize with addr2line):
   0 caller=0x78b11f95c0d2 calls=11988 total_ms=16515.995 avg_us=1377.711 max_us=141865
   1 caller=0x78b11f96098c calls=9761 total_ms=3.909 avg_us=0.400 max_us=26
   2 caller=0x78b11f96089c calls=3614 total_ms=3.199 avg_us=0.885 max_us=29
   3 caller=0x78b11f960abd calls=3614 total_ms=1.410 avg_us=0.390 max_us=25
   4 caller=0x78b11f95f852 calls=723 total_ms=1.395 avg_us=1.929 max_us=15
direct_cudaStreamSynchronize: calls=13001 total_ms=58.992 max_us=2532
by_direct_callsite (file:line):
   0 /opt/llama.cpp/ggml/src/ggml-cuda/ggml-cuda.cu:839 calls=12648 total_ms=52.721 avg_us=4.168 max_us=354
   1 /opt/llama.cpp/ggml/src/ggml-cuda/ggml-cuda.cu:900 calls=12 total_ms=5.841 avg_us=486.750 max_us=2532
   2 /opt/llama.cpp/ggml/src/ggml-cuda/ggml-cuda.cu:2665 calls=191 total_ms=0.280 avg_us=1.466 max_us=28
   3 /opt/llama.cpp/ggml/src/ggml-cuda/ggml-cuda.cu:847 calls=150 total_ms=0.150 avg_us=1.000 max_us=3
=== END CUDA SYNC PROFILE ===
backend-sync-trace: count=29800 backend=CUDA0 caller=ggml_backend_sched_synchronize+0x62

=== CUDA SYNC PROFILE (instrumentation only) ===
total_syncs = 29800
total_wait_ms = 16586.818
max_wait_us = 141865
sites = 5
wait_hist_us = logarithmic buckets
  hist[0] = 27140
  hist[1] = 1464
  hist[2] = 65
  hist[3] = 28
  hist[4] = 17
  hist[5] = 1
  hist[9] = 202
  hist[10] = 439
  hist[11] = 82
  hist[14] = 117
  hist[15] = 215
  hist[16] = 29
  hist[17] = 1
by_callsite (caller PC; symbolize with addr2line):
   0 caller=0x78b11f95c0d2 calls=12030 total_ms=16576.871 avg_us=1377.961 max_us=141865
   1 caller=0x78b11f96098c calls=9792 total_ms=3.923 avg_us=0.401 max_us=26
   2 caller=0x78b11f96089c calls=3626 total_ms=3.210 avg_us=0.885 max_us=29
   3 caller=0x78b11f960abd calls=3626 total_ms=1.413 avg_us=0.390 max_us=25
   4 caller=0x78b11f95f852 calls=726 total_ms=1.401 avg_us=1.930 max_us=15
direct_cudaStreamSynchronize: calls=13042 total_ms=59.154 max_us=2532
by_direct_callsite (file:line):
   0 /opt/llama.cpp/ggml/src/ggml-cuda/ggml-cuda.cu:839 calls=12689 total_ms=52.883 avg_us=4.168 max_us=354
   1 /opt/llama.cpp/ggml/src/ggml-cuda/ggml-cuda.cu:900 calls=12 total_ms=5.841 avg_us=486.750 max_us=2532
   2 /opt/llama.cpp/ggml/src/ggml-cuda/ggml-cuda.cu:2665 calls=191 total_ms=0.280 avg_us=1.466 max_us=28
   3 /opt/llama.cpp/ggml/src/ggml-cuda/ggml-cuda.cu:847 calls=150 total_ms=0.150 avg_us=1.000 max_us=3
=== END CUDA SYNC PROFILE ===
backend-sync-trace: count=29900 backend=CUDA0 caller=ggml_backend_sched_graph_compute_async_ext+0xecc

=== CUDA SYNC PROFILE (instrumentation only) ===
total_syncs = 29900
total_wait_ms = 16636.263
max_wait_us = 141865
sites = 5
wait_hist_us = logarithmic buckets
  hist[0] = 27233
  hist[1] = 1468
  hist[2] = 65
  hist[3] = 28
  hist[4] = 17
  hist[5] = 1
  hist[9] = 202
  hist[10] = 441
  hist[11] = 82
  hist[14] = 117
  hist[15] = 216
  hist[16] = 29
  hist[17] = 1
by_callsite (caller PC; symbolize with addr2line):
   0 caller=0x78b11f95c0d2 calls=12073 total_ms=16626.289 avg_us=1377.146 max_us=141865
   1 caller=0x78b11f96098c calls=9823 total_ms=3.932 avg_us=0.400 max_us=26
   2 caller=0x78b11f96089c calls=3638 total_ms=3.220 avg_us=0.885 max_us=29
   3 caller=0x78b11f960abd calls=3638 total_ms=1.417 avg_us=0.389 max_us=25
   4 caller=0x78b11f95f852 calls=728 total_ms=1.405 avg_us=1.930 max_us=15
direct_cudaStreamSynchronize: calls=13082 total_ms=59.314 max_us=2532
by_direct_callsite (file:line):
   0 /opt/llama.cpp/ggml/src/ggml-cuda/ggml-cuda.cu:839 calls=12729 total_ms=53.043 avg_us=4.167 max_us=354
   1 /opt/llama.cpp/ggml/src/ggml-cuda/ggml-cuda.cu:900 calls=12 total_ms=5.841 avg_us=486.750 max_us=2532
   2 /opt/llama.cpp/ggml/src/ggml-cuda/ggml-cuda.cu:2665 calls=191 total_ms=0.280 avg_us=1.466 max_us=28
   3 /opt/llama.cpp/ggml/src/ggml-cuda/ggml-cuda.cu:847 calls=150 total_ms=0.150 avg_us=1.000 max_us=3
=== END CUDA SYNC PROFILE ===

=== CUDA SYNC PROFILE (instrumentation only) ===
total_syncs = 29929
total_wait_ms = 16637.749
max_wait_us = 141865
sites = 5
wait_hist_us = logarithmic buckets
  hist[0] = 27260
  hist[1] = 1469
  hist[2] = 65
  hist[3] = 28
  hist[4] = 17
  hist[5] = 1
  hist[9] = 202
  hist[10] = 442
  hist[11] = 82
  hist[14] = 117
  hist[15] = 216
  hist[16] = 29
  hist[17] = 1
by_callsite (caller PC; symbolize with addr2line):
   0 caller=0x78b11f95c0d2 calls=12080 total_ms=16627.763 avg_us=1376.470 max_us=141865
   1 caller=0x78b11f96098c calls=9837 total_ms=3.940 avg_us=0.401 max_us=26
   2 caller=0x78b11f96089c calls=3642 total_ms=3.222 avg_us=0.885 max_us=29
   3 caller=0x78b11f960abd calls=3642 total_ms=1.419 avg_us=0.390 max_us=25
   4 caller=0x78b11f95f852 calls=728 total_ms=1.405 avg_us=1.930 max_us=15
direct_cudaStreamSynchronize: calls=13100 total_ms=59.390 max_us=2532
by_direct_callsite (file:line):
   0 /opt/llama.cpp/ggml/src/ggml-cuda/ggml-cuda.cu:839 calls=12747 total_ms=53.119 avg_us=4.167 max_us=354
   1 /opt/llama.cpp/ggml/src/ggml-cuda/ggml-cuda.cu:900 calls=12 total_ms=5.841 avg_us=486.750 max_us=2532
   2 /opt/llama.cpp/ggml/src/ggml-cuda/ggml-cuda.cu:2665 calls=191 total_ms=0.280 avg_us=1.466 max_us=28
   3 /opt/llama.cpp/ggml/src/ggml-cuda/ggml-cuda.cu:847 calls=150 total_ms=0.150 avg_us=1.000 max_us=3
=== END CUDA SYNC PROFILE ===
backend-sync-trace: count=30000 backend=CUDA0 caller=ggml_backend_sched_graph_compute_async_ext+0xddc

=== CUDA SYNC PROFILE (instrumentation only) ===
total_syncs = 30000
total_wait_ms = 16688.572
max_wait_us = 141865
sites = 5
wait_hist_us = logarithmic buckets
  hist[0] = 27320
  hist[1] = 1476
  hist[2] = 65
  hist[3] = 29
  hist[4] = 17
  hist[5] = 1
  hist[9] = 203
  hist[10] = 443
  hist[11] = 82
  hist[14] = 117
  hist[15] = 217
  hist[16] = 29
  hist[17] = 1
by_callsite (caller PC; symbolize with addr2line):
   0 caller=0x78b11f95c0d2 calls=12117 total_ms=16678.552 avg_us=1376.459 max_us=141865
   1 caller=0x78b11f96098c calls=9850 total_ms=3.944 avg_us=0.400 max_us=26
   2 caller=0x78b11f96089c calls=3652 total_ms=3.239 avg_us=0.887 max_us=29
   3 caller=0x78b11f960abd calls=3651 total_ms=1.427 avg_us=0.391 max_us=25
   4 caller=0x78b11f95f852 calls=730 total_ms=1.410 avg_us=1.932 max_us=15
direct_cudaStreamSynchronize: calls=13120 total_ms=59.469 max_us=2532
by_direct_callsite (file:line):
   0 /opt/llama.cpp/ggml/src/ggml-cuda/ggml-cuda.cu:839 calls=12767 total_ms=53.198 avg_us=4.167 max_us=354
   1 /opt/llama.cpp/ggml/src/ggml-cuda/ggml-cuda.cu:900 calls=12 total_ms=5.841 avg_us=486.750 max_us=2532
   2 /opt/llama.cpp/ggml/src/ggml-cuda/ggml-cuda.cu:2665 calls=191 total_ms=0.280 avg_us=1.466 max_us=28
   3 /opt/llama.cpp/ggml/src/ggml-cuda/ggml-cuda.cu:847 calls=150 total_ms=0.150 avg_us=1.000 max_us=3
=== END CUDA SYNC PROFILE ===
backend-sync-trace: count=30100 backend=CUDA0 caller=ggml_backend_sched_graph_compute_async_ext+0xecc

=== CUDA SYNC PROFILE (instrumentation only) ===
total_syncs = 30100
total_wait_ms = 16729.260
max_wait_us = 141865
sites = 5
wait_hist_us = logarithmic buckets
  hist[0] = 27401
  hist[1] = 1492
  hist[2] = 65
  hist[3] = 29
  hist[4] = 17
  hist[5] = 1
  hist[9] = 204
  hist[10] = 444
  hist[11] = 82
  hist[14] = 117
  hist[15] = 218
  hist[16] = 29
  hist[17] = 1
by_callsite (caller PC; symbolize with addr2line):
   0 caller=0x78b11f95c0d2 calls=12154 total_ms=16719.193 avg_us=1375.612 max_us=141865
   1 caller=0x78b11f96098c calls=9890 total_ms=3.977 avg_us=0.402 max_us=26
   2 caller=0x78b11f96089c calls=3662 total_ms=3.245 avg_us=0.886 max_us=29
   3 caller=0x78b11f960abd calls=3662 total_ms=1.430 avg_us=0.390 max_us=25
   4 caller=0x78b11f95f852 calls=732 total_ms=1.415 avg_us=1.933 max_us=15
direct_cudaStreamSynchronize: calls=13168 total_ms=59.690 max_us=2532
by_direct_callsite (file:line):
   0 /opt/llama.cpp/ggml/src/ggml-cuda/ggml-cuda.cu:839 calls=12815 total_ms=53.419 avg_us=4.168 max_us=354
   1 /opt/llama.cpp/ggml/src/ggml-cuda/ggml-cuda.cu:900 calls=12 total_ms=5.841 avg_us=486.750 max_us=2532
   2 /opt/llama.cpp/ggml/src/ggml-cuda/ggml-cuda.cu:2665 calls=191 total_ms=0.280 avg_us=1.466 max_us=28
   3 /opt/llama.cpp/ggml/src/ggml-cuda/ggml-cuda.cu:847 calls=150 total_ms=0.150 avg_us=1.000 max_us=3
=== END CUDA SYNC PROFILE ===

=== CUDA SYNC PROFILE (instrumentation only) ===
total_syncs = 30170
total_wait_ms = 16778.189
max_wait_us = 141865
sites = 5
wait_hist_us = logarithmic buckets
  hist[0] = 27464
  hist[1] = 1496
  hist[2] = 65
  hist[3] = 29
  hist[4] = 17
  hist[5] = 1
  hist[9] = 206
  hist[10] = 444
  hist[11] = 82
  hist[14] = 117
  hist[15] = 219
  hist[16] = 29
  hist[17] = 1
by_callsite (caller PC; symbolize with addr2line):
   0 caller=0x78b11f95c0d2 calls=12179 total_ms=16768.105 avg_us=1376.805 max_us=141865
   1 caller=0x78b11f96098c calls=9913 total_ms=3.981 avg_us=0.402 max_us=26
   2 caller=0x78b11f96089c calls=3672 total_ms=3.251 avg_us=0.885 max_us=29
   3 caller=0x78b11f960abd calls=3672 total_ms=1.433 avg_us=0.390 max_us=25
   4 caller=0x78b11f95f852 calls=734 total_ms=1.419 avg_us=1.933 max_us=15
direct_cudaStreamSynchronize: calls=13200 total_ms=59.823 max_us=2532
by_direct_callsite (file:line):
   0 /opt/llama.cpp/ggml/src/ggml-cuda/ggml-cuda.cu:839 calls=12847 total_ms=53.552 avg_us=4.168 max_us=354
   1 /opt/llama.cpp/ggml/src/ggml-cuda/ggml-cuda.cu:900 calls=12 total_ms=5.841 avg_us=486.750 max_us=2532
   2 /opt/llama.cpp/ggml/src/ggml-cuda/ggml-cuda.cu:2665 calls=191 total_ms=0.280 avg_us=1.466 max_us=28
   3 /opt/llama.cpp/ggml/src/ggml-cuda/ggml-cuda.cu:847 calls=150 total_ms=0.150 avg_us=1.000 max_us=3
=== END CUDA SYNC PROFILE ===
backend-sync-trace: count=30200 backend=CUDA0 caller=ggml_backend_sched_synchronize+0x62

=== CUDA SYNC PROFILE (instrumentation only) ===
total_syncs = 30200
total_wait_ms = 16814.160
max_wait_us = 141865
sites = 5
wait_hist_us = logarithmic buckets
  hist[0] = 27490
  hist[1] = 1499
  hist[2] = 65
  hist[3] = 29
  hist[4] = 17
  hist[5] = 1
  hist[9] = 206
  hist[10] = 444
  hist[11] = 82
  hist[14] = 117
  hist[15] = 220
  hist[16] = 29
  hist[17] = 1
by_callsite (caller PC; symbolize with addr2line):
   0 caller=0x78b11f95c0d2 calls=12194 total_ms=16804.066 avg_us=1378.060 max_us=141865
   1 caller=0x78b11f96098c calls=9923 total_ms=3.986 avg_us=0.402 max_us=26
   2 caller=0x78b11f96089c calls=3674 total_ms=3.252 avg_us=0.885 max_us=29
   3 caller=0x78b11f960abd calls=3674 total_ms=1.435 avg_us=0.391 max_us=25
   4 caller=0x78b11f95f852 calls=735 total_ms=1.421 avg_us=1.933 max_us=15
direct_cudaStreamSynchronize: calls=13211 total_ms=59.861 max_us=2532
by_direct_callsite (file:line):
   0 /opt/llama.cpp/ggml/src/ggml-cuda/ggml-cuda.cu:839 calls=12858 total_ms=53.590 avg_us=4.168 max_us=354
   1 /opt/llama.cpp/ggml/src/ggml-cuda/ggml-cuda.cu:900 calls=12 total_ms=5.841 avg_us=486.750 max_us=2532
   2 /opt/llama.cpp/ggml/src/ggml-cuda/ggml-cuda.cu:2665 calls=191 total_ms=0.280 avg_us=1.466 max_us=28
   3 /opt/llama.cpp/ggml/src/ggml-cuda/ggml-cuda.cu:847 calls=150 total_ms=0.150 avg_us=1.000 max_us=3
=== END CUDA SYNC PROFILE ===
backend-sync-trace: count=30300 backend=CUDA0 caller=ggml_backend_sched_graph_compute_async_ext+0xecc

=== CUDA SYNC PROFILE (instrumentation only) ===
total_syncs = 30300
total_wait_ms = 16851.131
max_wait_us = 141865
sites = 5
wait_hist_us = logarithmic buckets
  hist[0] = 27582
  hist[1] = 1504
  hist[2] = 65
  hist[3] = 29
  hist[4] = 17
  hist[5] = 1
  hist[9] = 207
  hist[10] = 445
  hist[11] = 82
  hist[14] = 117
  hist[15] = 221
  hist[16] = 29
  hist[17] = 1
by_callsite (caller PC; symbolize with addr2line):
   0 caller=0x78b11f95c0d2 calls=12239 total_ms=16841.010 avg_us=1376.012 max_us=141865
   1 caller=0x78b11f96098c calls=9951 total_ms=3.997 avg_us=0.402 max_us=26
   2 caller=0x78b11f96089c calls=3686 total_ms=3.260 avg_us=0.884 max_us=29
   3 caller=0x78b11f960abd calls=3686 total_ms=1.438 avg_us=0.390 max_us=25
   4 caller=0x78b11f95f852 calls=738 total_ms=1.426 avg_us=1.932 max_us=15
direct_cudaStreamSynchronize: calls=13248 total_ms=60.042 max_us=2532
by_direct_callsite (file:line):
   0 /opt/llama.cpp/ggml/src/ggml-cuda/ggml-cuda.cu:839 calls=12895 total_ms=53.771 avg_us=4.170 max_us=354
   1 /opt/llama.cpp/ggml/src/ggml-cuda/ggml-cuda.cu:900 calls=12 total_ms=5.841 avg_us=486.750 max_us=2532
   2 /opt/llama.cpp/ggml/src/ggml-cuda/ggml-cuda.cu:2665 calls=191 total_ms=0.280 avg_us=1.466 max_us=28
   3 /opt/llama.cpp/ggml/src/ggml-cuda/ggml-cuda.cu:847 calls=150 total_ms=0.150 avg_us=1.000 max_us=3
=== END CUDA SYNC PROFILE ===
backend-sync-trace: count=30400 backend=CUDA0 caller=ggml_backend_sched_graph_compute_async_ext+0xffd

=== CUDA SYNC PROFILE (instrumentation only) ===
total_syncs = 30400
total_wait_ms = 16887.999
max_wait_us = 141865
sites = 5
wait_hist_us = logarithmic buckets
  hist[0] = 27673
  hist[1] = 1509
  hist[2] = 65
  hist[3] = 29
  hist[4] = 17
  hist[5] = 1
  hist[9] = 208
  hist[10] = 447
  hist[11] = 82
  hist[14] = 117
  hist[15] = 222
  hist[16] = 29
  hist[17] = 1
by_callsite (caller PC; symbolize with addr2line):
   0 caller=0x78b11f95c0d2 calls=12283 total_ms=16877.850 avg_us=1374.082 max_us=141865
   1 caller=0x78b11f96098c calls=9981 total_ms=4.008 avg_us=0.402 max_us=26
   2 caller=0x78b11f96089c calls=3698 total_ms=3.267 avg_us=0.883 max_us=29
   3 caller=0x78b11f960abd calls=3698 total_ms=1.444 avg_us=0.390 max_us=25
   4 caller=0x78b11f95f852 calls=740 total_ms=1.430 avg_us=1.932 max_us=15
direct_cudaStreamSynchronize: calls=13288 total_ms=60.199 max_us=2532
by_direct_callsite (file:line):
   0 /opt/llama.cpp/ggml/src/ggml-cuda/ggml-cuda.cu:839 calls=12935 total_ms=53.928 avg_us=4.169 max_us=354
   1 /opt/llama.cpp/ggml/src/ggml-cuda/ggml-cuda.cu:900 calls=12 total_ms=5.841 avg_us=486.750 max_us=2532
   2 /opt/llama.cpp/ggml/src/ggml-cuda/ggml-cuda.cu:2665 calls=191 total_ms=0.280 avg_us=1.466 max_us=28
   3 /opt/llama.cpp/ggml/src/ggml-cuda/ggml-cuda.cu:847 calls=150 total_ms=0.150 avg_us=1.000 max_us=3
=== END CUDA SYNC PROFILE ===

=== CUDA SYNC PROFILE (instrumentation only) ===
total_syncs = 30423
total_wait_ms = 16889.190
max_wait_us = 141865
sites = 5
wait_hist_us = logarithmic buckets
  hist[0] = 27694
  hist[1] = 1510
  hist[2] = 65
  hist[3] = 29
  hist[4] = 17
  hist[5] = 1
  hist[9] = 208
  hist[10] = 448
  hist[11] = 82
  hist[14] = 117
  hist[15] = 222
  hist[16] = 29
  hist[17] = 1
by_callsite (caller PC; symbolize with addr2line):
   0 caller=0x78b11f95c0d2 calls=12290 total_ms=16879.033 avg_us=1373.396 max_us=141865
   1 caller=0x78b11f96098c calls=9989 total_ms=4.012 avg_us=0.402 max_us=26
   2 caller=0x78b11f96089c calls=3702 total_ms=3.270 avg_us=0.883 max_us=29
   3 caller=0x78b11f960abd calls=3702 total_ms=1.445 avg_us=0.390 max_us=25
   4 caller=0x78b11f95f852 calls=740 total_ms=1.430 avg_us=1.932 max_us=15
direct_cudaStreamSynchronize: calls=13300 total_ms=60.261 max_us=2532
by_direct_callsite (file:line):
   0 /opt/llama.cpp/ggml/src/ggml-cuda/ggml-cuda.cu:839 calls=12947 total_ms=53.990 avg_us=4.170 max_us=354
   1 /opt/llama.cpp/ggml/src/ggml-cuda/ggml-cuda.cu:900 calls=12 total_ms=5.841 avg_us=486.750 max_us=2532
   2 /opt/llama.cpp/ggml/src/ggml-cuda/ggml-cuda.cu:2665 calls=191 total_ms=0.280 avg_us=1.466 max_us=28
   3 /opt/llama.cpp/ggml/src/ggml-cuda/ggml-cuda.cu:847 calls=150 total_ms=0.150 avg_us=1.000 max_us=3
=== END CUDA SYNC PROFILE ===
backend-sync-trace: count=30500 backend=CUDA0 caller=ggml_backend_sched_graph_compute_async_ext+0xddc

=== CUDA SYNC PROFILE (instrumentation only) ===
total_syncs = 30500
total_wait_ms = 16922.307
max_wait_us = 141865
sites = 5
wait_hist_us = logarithmic buckets
  hist[0] = 27765
  hist[1] = 1512
  hist[2] = 65
  hist[3] = 29
  hist[4] = 18
  hist[5] = 1
  hist[9] = 209
  hist[10] = 449
  hist[11] = 82
  hist[14] = 118
  hist[15] = 222
  hist[16] = 29
  hist[17] = 1
by_callsite (caller PC; symbolize with addr2line):
   0 caller=0x78b11f95c0d2 calls=12327 total_ms=16912.112 avg_us=1371.957 max_us=141865
   1 caller=0x78b11f96098c calls=10012 total_ms=4.038 avg_us=0.403 max_us=26
   2 caller=0x78b11f96089c calls=3710 total_ms=3.277 avg_us=0.883 max_us=29
   3 caller=0x78b11f960abd calls=3709 total_ms=1.447 avg_us=0.390 max_us=25
   4 caller=0x78b11f95f852 calls=742 total_ms=1.433 avg_us=1.931 max_us=15
direct_cudaStreamSynchronize: calls=13329 total_ms=60.364 max_us=2532
by_direct_callsite (file:line):
   0 /opt/llama.cpp/ggml/src/ggml-cuda/ggml-cuda.cu:839 calls=12976 total_ms=54.093 avg_us=4.169 max_us=354
   1 /opt/llama.cpp/ggml/src/ggml-cuda/ggml-cuda.cu:900 calls=12 total_ms=5.841 avg_us=486.750 max_us=2532
   2 /opt/llama.cpp/ggml/src/ggml-cuda/ggml-cuda.cu:2665 calls=191 total_ms=0.280 avg_us=1.466 max_us=28
   3 /opt/llama.cpp/ggml/src/ggml-cuda/ggml-cuda.cu:847 calls=150 total_ms=0.150 avg_us=1.000 max_us=3
=== END CUDA SYNC PROFILE ===
backend-sync-trace: count=30600 backend=CUDA0 caller=ggml_backend_sched_graph_compute_async_ext+0xecc

=== CUDA SYNC PROFILE (instrumentation only) ===
total_syncs = 30600
total_wait_ms = 16959.863
max_wait_us = 141865
sites = 5
wait_hist_us = logarithmic buckets
  hist[0] = 27858
  hist[1] = 1515
  hist[2] = 66
  hist[3] = 29
  hist[4] = 18
  hist[5] = 1
  hist[9] = 210
  hist[10] = 450
  hist[11] = 82
  hist[14] = 118
  hist[15] = 223
  hist[16] = 29
  hist[17] = 1
by_callsite (caller PC; symbolize with addr2line):
   0 caller=0x78b11f95c0d2 calls=12364 total_ms=16949.638 avg_us=1370.886 max_us=141865
   1 caller=0x78b11f96098c calls=10048 total_ms=4.050 avg_us=0.403 max_us=26
   2 caller=0x78b11f96089c calls=3722 total_ms=3.287 avg_us=0.883 max_us=29
   3 caller=0x78b11f960abd calls=3722 total_ms=1.451 avg_us=0.390 max_us=25
   4 caller=0x78b11f95f852 calls=744 total_ms=1.437 avg_us=1.931 max_us=15
direct_cudaStreamSynchronize: calls=13374 total_ms=60.585 max_us=2532
by_direct_callsite (file:line):
   0 /opt/llama.cpp/ggml/src/ggml-cuda/ggml-cuda.cu:839 calls=13021 total_ms=54.314 avg_us=4.171 max_us=354
   1 /opt/llama.cpp/ggml/src/ggml-cuda/ggml-cuda.cu:900 calls=12 total_ms=5.841 avg_us=486.750 max_us=2532
   2 /opt/llama.cpp/ggml/src/ggml-cuda/ggml-cuda.cu:2665 calls=191 total_ms=0.280 avg_us=1.466 max_us=28
   3 /opt/llama.cpp/ggml/src/ggml-cuda/ggml-cuda.cu:847 calls=150 total_ms=0.150 avg_us=1.000 max_us=3
=== END CUDA SYNC PROFILE ===

=== CUDA SYNC PROFILE (instrumentation only) ===
total_syncs = 30673
total_wait_ms = 16999.574
max_wait_us = 141865
sites = 5
wait_hist_us = logarithmic buckets
  hist[0] = 27925
  hist[1] = 1518
  hist[2] = 66
  hist[3] = 29
  hist[4] = 18
  hist[5] = 1
  hist[9] = 212
  hist[10] = 450
  hist[11] = 82
  hist[14] = 118
  hist[15] = 224
  hist[16] = 29
  hist[17] = 1
by_callsite (caller PC; symbolize with addr2line):
   0 caller=0x78b11f95c0d2 calls=12401 total_ms=16989.327 avg_us=1369.997 max_us=141865
   1 caller=0x78b11f96098c calls=10066 total_ms=4.056 avg_us=0.403 max_us=26
   2 caller=0x78b11f96089c calls=3730 total_ms=3.295 avg_us=0.883 max_us=29
   3 caller=0x78b11f960abd calls=3730 total_ms=1.455 avg_us=0.390 max_us=25
   4 caller=0x78b11f95f852 calls=746 total_ms=1.441 avg_us=1.932 max_us=15
direct_cudaStreamSynchronize: calls=13400 total_ms=60.678 max_us=2532
by_direct_callsite (file:line):
   0 /opt/llama.cpp/ggml/src/ggml-cuda/ggml-cuda.cu:839 calls=13047 total_ms=54.407 avg_us=4.170 max_us=354
   1 /opt/llama.cpp/ggml/src/ggml-cuda/ggml-cuda.cu:900 calls=12 total_ms=5.841 avg_us=486.750 max_us=2532
   2 /opt/llama.cpp/ggml/src/ggml-cuda/ggml-cuda.cu:2665 calls=191 total_ms=0.280 avg_us=1.466 max_us=28
   3 /opt/llama.cpp/ggml/src/ggml-cuda/ggml-cuda.cu:847 calls=150 total_ms=0.150 avg_us=1.000 max_us=3
=== END CUDA SYNC PROFILE ===
backend-sync-trace: count=30700 backend=CUDA0 caller=ggml_backend_sched_graph_compute_async_ext+0xecc

=== CUDA SYNC PROFILE (instrumentation only) ===
total_syncs = 30700
total_wait_ms = 17029.261
max_wait_us = 141865
sites = 5
wait_hist_us = logarithmic buckets
  hist[0] = 27950
  hist[1] = 1519
  hist[2] = 66
  hist[3] = 29
  hist[4] = 18
  hist[5] = 1
  hist[9] = 212
  hist[10] = 450
  hist[11] = 82
  hist[14] = 119
  hist[15] = 224
  hist[16] = 29
  hist[17] = 1
by_callsite (caller PC; symbolize with addr2line):
   0 caller=0x78b11f95c0d2 calls=12403 total_ms=17018.999 avg_us=1372.168 max_us=141865
   1 caller=0x78b11f96098c calls=10082 total_ms=4.064 avg_us=0.403 max_us=26
   2 caller=0x78b11f96089c calls=3734 total_ms=3.296 avg_us=0.883 max_us=29
   3 caller=0x78b11f960abd calls=3734 total_ms=1.459 avg_us=0.391 max_us=25
   4 caller=0x78b11f95f852 calls=747 total_ms=1.443 avg_us=1.932 max_us=15
direct_cudaStreamSynchronize: calls=13418 total_ms=60.759 max_us=2532
by_direct_callsite (file:line):
   0 /opt/llama.cpp/ggml/src/ggml-cuda/ggml-cuda.cu:839 calls=13065 total_ms=54.488 avg_us=4.171 max_us=354
   1 /opt/llama.cpp/ggml/src/ggml-cuda/ggml-cuda.cu:900 calls=12 total_ms=5.841 avg_us=486.750 max_us=2532
   2 /opt/llama.cpp/ggml/src/ggml-cuda/ggml-cuda.cu:2665 calls=191 total_ms=0.280 avg_us=1.466 max_us=28
   3 /opt/llama.cpp/ggml/src/ggml-cuda/ggml-cuda.cu:847 calls=150 total_ms=0.150 avg_us=1.000 max_us=3
=== END CUDA SYNC PROFILE ===
backend-sync-trace: count=30800 backend=CUDA0 caller=ggml_backend_sched_graph_compute_async_ext+0xecc

=== CUDA SYNC PROFILE (instrumentation only) ===
total_syncs = 30800
total_wait_ms = 17058.776
max_wait_us = 141865
sites = 5
wait_hist_us = logarithmic buckets
  hist[0] = 28041
  hist[1] = 1525
  hist[2] = 66
  hist[3] = 29
  hist[4] = 18
  hist[5] = 1
  hist[9] = 213
  hist[10] = 451
  hist[11] = 82
  hist[14] = 120
  hist[15] = 224
  hist[16] = 29
  hist[17] = 1
by_callsite (caller PC; symbolize with addr2line):
   0 caller=0x78b11f95c0d2 calls=12443 total_ms=17048.484 avg_us=1370.126 max_us=141865
   1 caller=0x78b11f96098c calls=10115 total_ms=4.073 avg_us=0.403 max_us=26
   2 caller=0x78b11f96089c calls=3746 total_ms=3.309 avg_us=0.883 max_us=29
   3 caller=0x78b11f960abd calls=3746 total_ms=1.461 avg_us=0.390 max_us=25
   4 caller=0x78b11f95f852 calls=750 total_ms=1.449 avg_us=1.932 max_us=15
direct_cudaStreamSynchronize: calls=13460 total_ms=60.924 max_us=2532
by_direct_callsite (file:line):
   0 /opt/llama.cpp/ggml/src/ggml-cuda/ggml-cuda.cu:839 calls=13107 total_ms=54.653 avg_us=4.170 max_us=354
   1 /opt/llama.cpp/ggml/src/ggml-cuda/ggml-cuda.cu:900 calls=12 total_ms=5.841 avg_us=486.750 max_us=2532
   2 /opt/llama.cpp/ggml/src/ggml-cuda/ggml-cuda.cu:2665 calls=191 total_ms=0.280 avg_us=1.466 max_us=28
   3 /opt/llama.cpp/ggml/src/ggml-cuda/ggml-cuda.cu:847 calls=150 total_ms=0.150 avg_us=1.000 max_us=3
=== END CUDA SYNC PROFILE ===

=== CUDA SYNC PROFILE (instrumentation only) ===
total_syncs = 30899
total_wait_ms = 17093.374
max_wait_us = 141865
sites = 5
wait_hist_us = logarithmic buckets
  hist[0] = 28133
  hist[1] = 1528
  hist[2] = 66
  hist[3] = 29
  hist[4] = 18
  hist[5] = 1
  hist[9] = 214
  hist[10] = 453
  hist[11] = 82
  hist[14] = 121
  hist[15] = 224
  hist[16] = 29
  hist[17] = 1
by_callsite (caller PC; symbolize with addr2line):
   0 caller=0x78b11f95c0d2 calls=12487 total_ms=17083.050 avg_us=1368.067 max_us=141865
   1 caller=0x78b11f96098c calls=10144 total_ms=4.085 avg_us=0.403 max_us=26
   2 caller=0x78b11f96089c calls=3758 total_ms=3.322 avg_us=0.884 max_us=29
   3 caller=0x78b11f960abd calls=3758 total_ms=1.465 avg_us=0.390 max_us=25
   4 caller=0x78b11f95f852 calls=752 total_ms=1.452 avg_us=1.931 max_us=15
direct_cudaStreamSynchronize: calls=13500 total_ms=61.082 max_us=2532
by_direct_callsite (file:line):
   0 /opt/llama.cpp/ggml/src/ggml-cuda/ggml-cuda.cu:839 calls=13147 total_ms=54.811 avg_us=4.169 max_us=354
   1 /opt/llama.cpp/ggml/src/ggml-cuda/ggml-cuda.cu:900 calls=12 total_ms=5.841 avg_us=486.750 max_us=2532
   2 /opt/llama.cpp/ggml/src/ggml-cuda/ggml-cuda.cu:2665 calls=191 total_ms=0.280 avg_us=1.466 max_us=28
   3 /opt/llama.cpp/ggml/src/ggml-cuda/ggml-cuda.cu:847 calls=150 total_ms=0.150 avg_us=1.000 max_us=3
=== END CUDA SYNC PROFILE ===
backend-sync-trace: count=30900 backend=CUDA0 caller=ggml_backend_sched_graph_compute_async_ext+0xecc

=== CUDA SYNC PROFILE (instrumentation only) ===
total_syncs = 30900
total_wait_ms = 17093.375
max_wait_us = 141865
sites = 5
wait_hist_us = logarithmic buckets
  hist[0] = 28134
  hist[1] = 1528
  hist[2] = 66
  hist[3] = 29
  hist[4] = 18
  hist[5] = 1
  hist[9] = 214
  hist[10] = 453
  hist[11] = 82
  hist[14] = 121
  hist[15] = 224
  hist[16] = 29
  hist[17] = 1
by_callsite (caller PC; symbolize with addr2line):
   0 caller=0x78b11f95c0d2 calls=12487 total_ms=17083.050 avg_us=1368.067 max_us=141865
   1 caller=0x78b11f96098c calls=10145 total_ms=4.086 avg_us=0.403 max_us=26
   2 caller=0x78b11f96089c calls=3758 total_ms=3.322 avg_us=0.884 max_us=29
   3 caller=0x78b11f960abd calls=3758 total_ms=1.465 avg_us=0.390 max_us=25
   4 caller=0x78b11f95f852 calls=752 total_ms=1.452 avg_us=1.931 max_us=15
direct_cudaStreamSynchronize: calls=13500 total_ms=61.082 max_us=2532
by_direct_callsite (file:line):
   0 /opt/llama.cpp/ggml/src/ggml-cuda/ggml-cuda.cu:839 calls=13147 total_ms=54.811 avg_us=4.169 max_us=354
   1 /opt/llama.cpp/ggml/src/ggml-cuda/ggml-cuda.cu:900 calls=12 total_ms=5.841 avg_us=486.750 max_us=2532
   2 /opt/llama.cpp/ggml/src/ggml-cuda/ggml-cuda.cu:2665 calls=191 total_ms=0.280 avg_us=1.466 max_us=28
   3 /opt/llama.cpp/ggml/src/ggml-cuda/ggml-cuda.cu:847 calls=150 total_ms=0.150 avg_us=1.000 max_us=3
=== END CUDA SYNC PROFILE ===
backend-sync-trace: count=31000 backend=CUDA0 caller=ggml_backend_sched_synchronize+0x62

=== CUDA SYNC PROFILE (instrumentation only) ===
total_syncs = 31000
total_wait_ms = 17128.269
max_wait_us = 141865
sites = 5
wait_hist_us = logarithmic buckets
  hist[0] = 28225
  hist[1] = 1532
  hist[2] = 67
  hist[3] = 29
  hist[4] = 18
  hist[5] = 1
  hist[9] = 214
  hist[10] = 456
  hist[11] = 82
  hist[14] = 122
  hist[15] = 224
  hist[16] = 29
  hist[17] = 1
by_callsite (caller PC; symbolize with addr2line):
   0 caller=0x78b11f95c0d2 calls=12536 total_ms=17117.913 avg_us=1365.500 max_us=141865
   1 caller=0x78b11f96098c calls=10174 total_ms=4.100 avg_us=0.403 max_us=26
   2 caller=0x78b11f96089c calls=3768 total_ms=3.332 avg_us=0.884 max_us=29
   3 caller=0x78b11f960abd calls=3768 total_ms=1.468 avg_us=0.390 max_us=25
   4 caller=0x78b11f95f852 calls=754 total_ms=1.456 avg_us=1.931 max_us=15
direct_cudaStreamSynchronize: calls=13538 total_ms=61.230 max_us=2532
by_direct_callsite (file:line):
   0 /opt/llama.cpp/ggml/src/ggml-cuda/ggml-cuda.cu:839 calls=13185 total_ms=54.959 avg_us=4.168 max_us=354
   1 /opt/llama.cpp/ggml/src/ggml-cuda/ggml-cuda.cu:900 calls=12 total_ms=5.841 avg_us=486.750 max_us=2532
   2 /opt/llama.cpp/ggml/src/ggml-cuda/ggml-cuda.cu:2665 calls=191 total_ms=0.280 avg_us=1.466 max_us=28
   3 /opt/llama.cpp/ggml/src/ggml-cuda/ggml-cuda.cu:847 calls=150 total_ms=0.150 avg_us=1.000 max_us=3
=== END CUDA SYNC PROFILE ===
backend-sync-trace: count=31100 backend=CUDA0 caller=ggml_backend_sched_graph_compute_async_ext+0xecc

=== CUDA SYNC PROFILE (instrumentation only) ===
total_syncs = 31100
total_wait_ms = 17167.109
max_wait_us = 141865
sites = 5
wait_hist_us = logarithmic buckets
  hist[0] = 28318
  hist[1] = 1536
  hist[2] = 67
  hist[3] = 29
  hist[4] = 18
  hist[5] = 1
  hist[9] = 214
  hist[10] = 458
  hist[11] = 82
  hist[14] = 122
  hist[15] = 225
  hist[16] = 29
  hist[17] = 1
by_callsite (caller PC; symbolize with addr2line):
   0 caller=0x78b11f95c0d2 calls=12567 total_ms=17156.718 avg_us=1365.220 max_us=141865
   1 caller=0x78b11f96098c calls=10213 total_ms=4.114 avg_us=0.403 max_us=26
   2 caller=0x78b11f96089c calls=3782 total_ms=3.344 avg_us=0.884 max_us=29
   3 caller=0x78b11f960abd calls=3782 total_ms=1.473 avg_us=0.389 max_us=25
   4 caller=0x78b11f95f852 calls=756 total_ms=1.460 avg_us=1.931 max_us=15
direct_cudaStreamSynchronize: calls=13587 total_ms=61.438 max_us=2532
by_direct_callsite (file:line):
   0 /opt/llama.cpp/ggml/src/ggml-cuda/ggml-cuda.cu:839 calls=13234 total_ms=55.167 avg_us=4.169 max_us=354
   1 /opt/llama.cpp/ggml/src/ggml-cuda/ggml-cuda.cu:900 calls=12 total_ms=5.841 avg_us=486.750 max_us=2532
   2 /opt/llama.cpp/ggml/src/ggml-cuda/ggml-cuda.cu:2665 calls=191 total_ms=0.280 avg_us=1.466 max_us=28
   3 /opt/llama.cpp/ggml/src/ggml-cuda/ggml-cuda.cu:847 calls=150 total_ms=0.150 avg_us=1.000 max_us=3
=== END CUDA SYNC PROFILE ===

=== CUDA SYNC PROFILE (instrumentation only) ===
total_syncs = 31142
total_wait_ms = 17199.918
max_wait_us = 141865
sites = 5
wait_hist_us = logarithmic buckets
  hist[0] = 28358
  hist[1] = 1537
  hist[2] = 67
  hist[3] = 29
  hist[4] = 18
  hist[5] = 1
  hist[9] = 214
  hist[10] = 458
  hist[11] = 82
  hist[14] = 122
  hist[15] = 226
  hist[16] = 29
  hist[17] = 1
by_callsite (caller PC; symbolize with addr2line):
   0 caller=0x78b11f95c0d2 calls=12590 total_ms=17189.518 avg_us=1365.331 max_us=141865
   1 caller=0x78b11f96098c calls=10222 total_ms=4.116 avg_us=0.403 max_us=26
   2 caller=0x78b11f96089c calls=3786 total_ms=3.348 avg_us=0.884 max_us=29
   3 caller=0x78b11f960abd calls=3786 total_ms=1.473 avg_us=0.389 max_us=25
   4 caller=0x78b11f95f852 calls=758 total_ms=1.463 avg_us=1.930 max_us=15
direct_cudaStreamSynchronize: calls=13600 total_ms=61.487 max_us=2532
by_direct_callsite (file:line):
   0 /opt/llama.cpp/ggml/src/ggml-cuda/ggml-cuda.cu:839 calls=13247 total_ms=55.216 avg_us=4.168 max_us=354
   1 /opt/llama.cpp/ggml/src/ggml-cuda/ggml-cuda.cu:900 calls=12 total_ms=5.841 avg_us=486.750 max_us=2532
   2 /opt/llama.cpp/ggml/src/ggml-cuda/ggml-cuda.cu:2665 calls=191 total_ms=0.280 avg_us=1.466 max_us=28
   3 /opt/llama.cpp/ggml/src/ggml-cuda/ggml-cuda.cu:847 calls=150 total_ms=0.150 avg_us=1.000 max_us=3
=== END CUDA SYNC PROFILE ===
backend-sync-trace: count=31200 backend=CUDA0 caller=ggml_backend_sched_graph_compute_async_ext+0xecc

=== CUDA SYNC PROFILE (instrumentation only) ===
total_syncs = 31200
total_wait_ms = 17240.125
max_wait_us = 141865
sites = 5
wait_hist_us = logarithmic buckets
  hist[0] = 28410
  hist[1] = 1540
  hist[2] = 67
  hist[3] = 29
  hist[4] = 18
  hist[5] = 1
  hist[9] = 215
  hist[10] = 459
  hist[11] = 82
  hist[14] = 122
  hist[15] = 227
  hist[16] = 29
  hist[17] = 1
by_callsite (caller PC; symbolize with addr2line):
   0 caller=0x78b11f95c0d2 calls=12606 total_ms=17229.705 avg_us=1366.786 max_us=141865
   1 caller=0x78b11f96098c calls=10247 total_ms=4.124 avg_us=0.402 max_us=26
   2 caller=0x78b11f96089c calls=3794 total_ms=3.353 avg_us=0.884 max_us=29
   3 caller=0x78b11f960abd calls=3794 total_ms=1.478 avg_us=0.390 max_us=25
   4 caller=0x78b11f95f852 calls=759 total_ms=1.465 avg_us=1.930 max_us=15
direct_cudaStreamSynchronize: calls=13631 total_ms=61.617 max_us=2532
by_direct_callsite (file:line):
   0 /opt/llama.cpp/ggml/src/ggml-cuda/ggml-cuda.cu:839 calls=13278 total_ms=55.346 avg_us=4.168 max_us=354
   1 /opt/llama.cpp/ggml/src/ggml-cuda/ggml-cuda.cu:900 calls=12 total_ms=5.841 avg_us=486.750 max_us=2532
   2 /opt/llama.cpp/ggml/src/ggml-cuda/ggml-cuda.cu:2665 calls=191 total_ms=0.280 avg_us=1.466 max_us=28
   3 /opt/llama.cpp/ggml/src/ggml-cuda/ggml-cuda.cu:847 calls=150 total_ms=0.150 avg_us=1.000 max_us=3
=== END CUDA SYNC PROFILE ===
backend-sync-trace: count=31300 backend=CUDA0 caller=ggml_backend_sched_graph_compute_async_ext+0xffd

=== CUDA SYNC PROFILE (instrumentation only) ===
total_syncs = 31300
total_wait_ms = 17270.831
max_wait_us = 141865
sites = 5
wait_hist_us = logarithmic buckets
  hist[0] = 28500
  hist[1] = 1547
  hist[2] = 67
  hist[3] = 29
  hist[4] = 18
  hist[5] = 1
  hist[9] = 217
  hist[10] = 459
  hist[11] = 82
  hist[14] = 123
  hist[15] = 227
  hist[16] = 29
  hist[17] = 1
by_callsite (caller PC; symbolize with addr2line):
   0 caller=0x78b11f95c0d2 calls=12652 total_ms=17260.384 avg_us=1364.242 max_us=141865
   1 caller=0x78b11f96098c calls=10274 total_ms=4.133 avg_us=0.402 max_us=26
   2 caller=0x78b11f96089c calls=3806 total_ms=3.362 avg_us=0.883 max_us=29
   3 caller=0x78b11f960abd calls=3806 total_ms=1.481 avg_us=0.389 max_us=25
   4 caller=0x78b11f95f852 calls=762 total_ms=1.471 avg_us=1.930 max_us=15
direct_cudaStreamSynchronize: calls=13667 total_ms=61.768 max_us=2532
by_direct_callsite (file:line):
   0 /opt/llama.cpp/ggml/src/ggml-cuda/ggml-cuda.cu:839 calls=13314 total_ms=55.497 avg_us=4.168 max_us=354
   1 /opt/llama.cpp/ggml/src/ggml-cuda/ggml-cuda.cu:900 calls=12 total_ms=5.841 avg_us=486.750 max_us=2532
   2 /opt/llama.cpp/ggml/src/ggml-cuda/ggml-cuda.cu:2665 calls=191 total_ms=0.280 avg_us=1.466 max_us=28
   3 /opt/llama.cpp/ggml/src/ggml-cuda/ggml-cuda.cu:847 calls=150 total_ms=0.150 avg_us=1.000 max_us=3
=== END CUDA SYNC PROFILE ===

=== CUDA SYNC PROFILE (instrumentation only) ===
total_syncs = 31358
total_wait_ms = 17312.367
max_wait_us = 141865
sites = 5
wait_hist_us = logarithmic buckets
  hist[0] = 28554
  hist[1] = 1548
  hist[2] = 67
  hist[3] = 29
  hist[4] = 18
  hist[5] = 1
  hist[9] = 218
  hist[10] = 460
  hist[11] = 82
  hist[14] = 123
  hist[15] = 228
  hist[16] = 29
  hist[17] = 1
by_callsite (caller PC; symbolize with addr2line):
   0 caller=0x78b11f95c0d2 calls=12668 total_ms=17301.900 avg_us=1365.796 max_us=141865
   1 caller=0x78b11f96098c calls=10299 total_ms=4.142 avg_us=0.402 max_us=26
   2 caller=0x78b11f96089c calls=3814 total_ms=3.368 avg_us=0.883 max_us=29
   3 caller=0x78b11f960abd calls=3814 total_ms=1.485 avg_us=0.389 max_us=25
   4 caller=0x78b11f95f852 calls=763 total_ms=1.472 avg_us=1.929 max_us=15
direct_cudaStreamSynchronize: calls=13700 total_ms=61.906 max_us=2532
by_direct_callsite (file:line):
   0 /opt/llama.cpp/ggml/src/ggml-cuda/ggml-cuda.cu:839 calls=13347 total_ms=55.635 avg_us=4.168 max_us=354
   1 /opt/llama.cpp/ggml/src/ggml-cuda/ggml-cuda.cu:900 calls=12 total_ms=5.841 avg_us=486.750 max_us=2532
   2 /opt/llama.cpp/ggml/src/ggml-cuda/ggml-cuda.cu:2665 calls=191 total_ms=0.280 avg_us=1.466 max_us=28
   3 /opt/llama.cpp/ggml/src/ggml-cuda/ggml-cuda.cu:847 calls=150 total_ms=0.150 avg_us=1.000 max_us=3
=== END CUDA SYNC PROFILE ===
backend-sync-trace: count=31400 backend=CUDA0 caller=ggml_backend_sched_graph_compute_async_ext+0xddc

=== CUDA SYNC PROFILE (instrumentation only) ===
total_syncs = 31400
total_wait_ms = 17313.582
max_wait_us = 141865
sites = 5
wait_hist_us = logarithmic buckets
  hist[0] = 28594
  hist[1] = 1549
  hist[2] = 67
  hist[3] = 29
  hist[4] = 18
  hist[5] = 1
  hist[9] = 218
  hist[10] = 461
  hist[11] = 82
  hist[14] = 123
  hist[15] = 228
  hist[16] = 29
  hist[17] = 1
by_callsite (caller PC; symbolize with addr2line):
   0 caller=0x78b11f95c0d2 calls=12696 total_ms=17303.106 avg_us=1362.879 max_us=141865
   1 caller=0x78b11f96098c calls=10305 total_ms=4.145 avg_us=0.402 max_us=26
   2 caller=0x78b11f96089c calls=3818 total_ms=3.372 avg_us=0.883 max_us=29
   3 caller=0x78b11f960abd calls=3817 total_ms=1.485 avg_us=0.389 max_us=25
   4 caller=0x78b11f95f852 calls=764 total_ms=1.474 avg_us=1.929 max_us=15
direct_cudaStreamSynchronize: calls=13708 total_ms=61.930 max_us=2532
by_direct_callsite (file:line):
   0 /opt/llama.cpp/ggml/src/ggml-cuda/ggml-cuda.cu:839 calls=13355 total_ms=55.659 avg_us=4.168 max_us=354
   1 /opt/llama.cpp/ggml/src/ggml-cuda/ggml-cuda.cu:900 calls=12 total_ms=5.841 avg_us=486.750 max_us=2532
   2 /opt/llama.cpp/ggml/src/ggml-cuda/ggml-cuda.cu:2665 calls=191 total_ms=0.280 avg_us=1.466 max_us=28
   3 /opt/llama.cpp/ggml/src/ggml-cuda/ggml-cuda.cu:847 calls=150 total_ms=0.150 avg_us=1.000 max_us=3
=== END CUDA SYNC PROFILE ===
backend-sync-trace: count=31500 backend=CUDA0 caller=ggml_backend_sched_graph_compute_async_ext+0xffd

=== CUDA SYNC PROFILE (instrumentation only) ===
total_syncs = 31500
total_wait_ms = 17360.333
max_wait_us = 141865
sites = 5
wait_hist_us = logarithmic buckets
  hist[0] = 28686
  hist[1] = 1553
  hist[2] = 67
  hist[3] = 29
  hist[4] = 18
  hist[5] = 1
  hist[9] = 218
  hist[10] = 464
  hist[11] = 82
  hist[14] = 123
  hist[15] = 229
  hist[16] = 29
  hist[17] = 1
by_callsite (caller PC; symbolize with addr2line):
   0 caller=0x78b11f95c0d2 calls=12740 total_ms=17349.830 avg_us=1361.839 max_us=141865
   1 caller=0x78b11f96098c calls=10336 total_ms=4.155 avg_us=0.402 max_us=26
   2 caller=0x78b11f96089c calls=3829 total_ms=3.384 avg_us=0.884 max_us=29
   3 caller=0x78b11f960abd calls=3829 total_ms=1.487 avg_us=0.388 max_us=25
   4 caller=0x78b11f95f852 calls=766 total_ms=1.477 avg_us=1.928 max_us=15
direct_cudaStreamSynchronize: calls=13748 total_ms=62.087 max_us=2532
by_direct_callsite (file:line):
   0 /opt/llama.cpp/ggml/src/ggml-cuda/ggml-cuda.cu:839 calls=13395 total_ms=55.816 avg_us=4.167 max_us=354
   1 /opt/llama.cpp/ggml/src/ggml-cuda/ggml-cuda.cu:900 calls=12 total_ms=5.841 avg_us=486.750 max_us=2532
   2 /opt/llama.cpp/ggml/src/ggml-cuda/ggml-cuda.cu:2665 calls=191 total_ms=0.280 avg_us=1.466 max_us=28
   3 /opt/llama.cpp/ggml/src/ggml-cuda/ggml-cuda.cu:847 calls=150 total_ms=0.150 avg_us=1.000 max_us=3
=== END CUDA SYNC PROFILE ===
backend-sync-trace: count=31600 backend=CUDA0 caller=ggml_backend_sched_graph_compute_async_ext+0xecc

=== CUDA SYNC PROFILE (instrumentation only) ===
total_syncs = 31600
total_wait_ms = 17402.067
max_wait_us = 141865
sites = 5
wait_hist_us = logarithmic buckets
  hist[0] = 28780
  hist[1] = 1556
  hist[2] = 67
  hist[3] = 29
  hist[4] = 18
  hist[5] = 1
  hist[9] = 220
  hist[10] = 464
  hist[11] = 82
  hist[14] = 123
  hist[15] = 230
  hist[16] = 29
  hist[17] = 1
by_callsite (caller PC; symbolize with addr2line):
   0 caller=0x78b11f95c0d2 calls=12777 total_ms=17391.531 avg_us=1361.159 max_us=141865
   1 caller=0x78b11f96098c calls=10371 total_ms=4.173 avg_us=0.402 max_us=26
   2 caller=0x78b11f96089c calls=3842 total_ms=3.391 avg_us=0.883 max_us=29
   3 caller=0x78b11f960abd calls=3842 total_ms=1.492 avg_us=0.388 max_us=25
   4 caller=0x78b11f95f852 calls=768 total_ms=1.480 avg_us=1.927 max_us=15
direct_cudaStreamSynchronize: calls=13793 total_ms=62.281 max_us=2532
by_direct_callsite (file:line):
   0 /opt/llama.cpp/ggml/src/ggml-cuda/ggml-cuda.cu:839 calls=13440 total_ms=56.010 avg_us=4.167 max_us=354
   1 /opt/llama.cpp/ggml/src/ggml-cuda/ggml-cuda.cu:900 calls=12 total_ms=5.841 avg_us=486.750 max_us=2532
   2 /opt/llama.cpp/ggml/src/ggml-cuda/ggml-cuda.cu:2665 calls=191 total_ms=0.280 avg_us=1.466 max_us=28
   3 /opt/llama.cpp/ggml/src/ggml-cuda/ggml-cuda.cu:847 calls=150 total_ms=0.150 avg_us=1.000 max_us=3
=== END CUDA SYNC PROFILE ===

=== CUDA SYNC PROFILE (instrumentation only) ===
total_syncs = 31606
total_wait_ms = 17402.071
max_wait_us = 141865
sites = 5
wait_hist_us = logarithmic buckets
  hist[0] = 28786
  hist[1] = 1556
  hist[2] = 67
  hist[3] = 29
  hist[4] = 18
  hist[5] = 1
  hist[9] = 220
  hist[10] = 464
  hist[11] = 82
  hist[14] = 123
  hist[15] = 230
  hist[16] = 29
  hist[17] = 1
by_callsite (caller PC; symbolize with addr2line):
   0 caller=0x78b11f95c0d2 calls=12777 total_ms=17391.531 avg_us=1361.159 max_us=141865
   1 caller=0x78b11f96098c calls=10377 total_ms=4.177 avg_us=0.403 max_us=26
   2 caller=0x78b11f96089c calls=3842 total_ms=3.391 avg_us=0.883 max_us=29
   3 caller=0x78b11f960abd calls=3842 total_ms=1.492 avg_us=0.388 max_us=25
   4 caller=0x78b11f95f852 calls=768 total_ms=1.480 avg_us=1.927 max_us=15
direct_cudaStreamSynchronize: calls=13800 total_ms=62.316 max_us=2532
by_direct_callsite (file:line):
   0 /opt/llama.cpp/ggml/src/ggml-cuda/ggml-cuda.cu:839 calls=13447 total_ms=56.045 avg_us=4.168 max_us=354
   1 /opt/llama.cpp/ggml/src/ggml-cuda/ggml-cuda.cu:900 calls=12 total_ms=5.841 avg_us=486.750 max_us=2532
   2 /opt/llama.cpp/ggml/src/ggml-cuda/ggml-cuda.cu:2665 calls=191 total_ms=0.280 avg_us=1.466 max_us=28
   3 /opt/llama.cpp/ggml/src/ggml-cuda/ggml-cuda.cu:847 calls=150 total_ms=0.150 avg_us=1.000 max_us=3
=== END CUDA SYNC PROFILE ===
backend-sync-trace: count=31700 backend=CUDA0 caller=ggml_backend_sched_synchronize+0x62

=== CUDA SYNC PROFILE (instrumentation only) ===
total_syncs = 31700
total_wait_ms = 17462.870
max_wait_us = 141865
sites = 5
wait_hist_us = logarithmic buckets
  hist[0] = 28870
  hist[1] = 1562
  hist[2] = 67
  hist[3] = 29
  hist[4] = 18
  hist[5] = 1
  hist[9] = 222
  hist[10] = 464
  hist[11] = 82
  hist[14] = 125
  hist[15] = 230
  hist[16] = 29
  hist[17] = 1
by_callsite (caller PC; symbolize with addr2line):
   0 caller=0x78b11f95c0d2 calls=12812 total_ms=17452.297 avg_us=1362.184 max_us=141865
   1 caller=0x78b11f96098c calls=10409 total_ms=4.188 avg_us=0.402 max_us=26
   2 caller=0x78b11f96089c calls=3854 total_ms=3.400 avg_us=0.882 max_us=29
   3 caller=0x78b11f960abd calls=3854 total_ms=1.499 avg_us=0.389 max_us=25
   4 caller=0x78b11f95f852 calls=771 total_ms=1.486 avg_us=1.927 max_us=15
direct_cudaStreamSynchronize: calls=13841 total_ms=62.480 max_us=2532
by_direct_callsite (file:line):
   0 /opt/llama.cpp/ggml/src/ggml-cuda/ggml-cuda.cu:839 calls=13488 total_ms=56.209 avg_us=4.167 max_us=354
   1 /opt/llama.cpp/ggml/src/ggml-cuda/ggml-cuda.cu:900 calls=12 total_ms=5.841 avg_us=486.750 max_us=2532
   2 /opt/llama.cpp/ggml/src/ggml-cuda/ggml-cuda.cu:2665 calls=191 total_ms=0.280 avg_us=1.466 max_us=28
   3 /opt/llama.cpp/ggml/src/ggml-cuda/ggml-cuda.cu:847 calls=150 total_ms=0.150 avg_us=1.000 max_us=3
=== END CUDA SYNC PROFILE ===
backend-sync-trace: count=31800 backend=CUDA0 caller=0x78b11f95f852

=== CUDA SYNC PROFILE (instrumentation only) ===
total_syncs = 31800
total_wait_ms = 17491.857
max_wait_us = 141865
sites = 5
wait_hist_us = logarithmic buckets
  hist[0] = 28962
  hist[1] = 1567
  hist[2] = 67
  hist[3] = 29
  hist[4] = 18
  hist[5] = 1
  hist[9] = 222
  hist[10] = 466
  hist[11] = 82
  hist[14] = 126
  hist[15] = 230
  hist[16] = 29
  hist[17] = 1
by_callsite (caller PC; symbolize with addr2line):
   0 caller=0x78b11f95c0d2 calls=12862 total_ms=17481.259 avg_us=1359.140 max_us=141865
   1 caller=0x78b11f96098c calls=10436 total_ms=4.195 avg_us=0.402 max_us=26
   2 caller=0x78b11f96089c calls=3864 total_ms=3.409 avg_us=0.882 max_us=29
   3 caller=0x78b11f960abd calls=3864 total_ms=1.501 avg_us=0.388 max_us=25
   4 caller=0x78b11f95f852 calls=774 total_ms=1.493 avg_us=1.929 max_us=15
direct_cudaStreamSynchronize: calls=13876 total_ms=62.621 max_us=2532
by_direct_callsite (file:line):
   0 /opt/llama.cpp/ggml/src/ggml-cuda/ggml-cuda.cu:839 calls=13523 total_ms=56.350 avg_us=4.167 max_us=354
   1 /opt/llama.cpp/ggml/src/ggml-cuda/ggml-cuda.cu:900 calls=12 total_ms=5.841 avg_us=486.750 max_us=2532
   2 /opt/llama.cpp/ggml/src/ggml-cuda/ggml-cuda.cu:2665 calls=191 total_ms=0.280 avg_us=1.466 max_us=28
   3 /opt/llama.cpp/ggml/src/ggml-cuda/ggml-cuda.cu:847 calls=150 total_ms=0.150 avg_us=1.000 max_us=3
=== END CUDA SYNC PROFILE ===

=== CUDA SYNC PROFILE (instrumentation only) ===
total_syncs = 31847
total_wait_ms = 17494.269
max_wait_us = 141865
sites = 5
wait_hist_us = logarithmic buckets
  hist[0] = 28998
  hist[1] = 1575
  hist[2] = 67
  hist[3] = 29
  hist[4] = 19
  hist[5] = 1
  hist[9] = 223
  hist[10] = 467
  hist[11] = 82
  hist[14] = 126
  hist[15] = 230
  hist[16] = 29
  hist[17] = 1
by_callsite (caller PC; symbolize with addr2line):
   0 caller=0x78b11f95c0d2 calls=12876 total_ms=17483.618 avg_us=1357.845 max_us=141865
   1 caller=0x78b11f96098c calls=10453 total_ms=4.212 avg_us=0.403 max_us=26
   2 caller=0x78b11f96089c calls=3872 total_ms=3.438 avg_us=0.888 max_us=29
   3 caller=0x78b11f960abd calls=3872 total_ms=1.508 avg_us=0.389 max_us=25
   4 caller=0x78b11f95f852 calls=774 total_ms=1.493 avg_us=1.929 max_us=15
direct_cudaStreamSynchronize: calls=13900 total_ms=62.735 max_us=2532
by_direct_callsite (file:line):
   0 /opt/llama.cpp/ggml/src/ggml-cuda/ggml-cuda.cu:839 calls=13547 total_ms=56.464 avg_us=4.168 max_us=354
   1 /opt/llama.cpp/ggml/src/ggml-cuda/ggml-cuda.cu:900 calls=12 total_ms=5.841 avg_us=486.750 max_us=2532
   2 /opt/llama.cpp/ggml/src/ggml-cuda/ggml-cuda.cu:2665 calls=191 total_ms=0.280 avg_us=1.466 max_us=28
   3 /opt/llama.cpp/ggml/src/ggml-cuda/ggml-cuda.cu:847 calls=150 total_ms=0.150 avg_us=1.000 max_us=3
=== END CUDA SYNC PROFILE ===
backend-sync-trace: count=31900 backend=CUDA0 caller=ggml_backend_sched_synchronize+0x62

=== CUDA SYNC PROFILE (instrumentation only) ===
total_syncs = 31900
total_wait_ms = 17525.861
max_wait_us = 141865
sites = 5
wait_hist_us = logarithmic buckets
  hist[0] = 29043
  hist[1] = 1581
  hist[2] = 67
  hist[3] = 29
  hist[4] = 19
  hist[5] = 1
  hist[9] = 223
  hist[10] = 468
  hist[11] = 82
  hist[14] = 127
  hist[15] = 230
  hist[16] = 29
  hist[17] = 1
by_callsite (caller PC; symbolize with addr2line):
   0 caller=0x78b11f95c0d2 calls=12905 total_ms=17515.190 avg_us=1357.241 max_us=141865
   1 caller=0x78b11f96098c calls=10467 total_ms=4.222 avg_us=0.403 max_us=26
   2 caller=0x78b11f96089c calls=3876 total_ms=3.442 avg_us=0.888 max_us=29
   3 caller=0x78b11f960abd calls=3876 total_ms=1.509 avg_us=0.389 max_us=25
   4 caller=0x78b11f95f852 calls=776 total_ms=1.498 avg_us=1.930 max_us=15
direct_cudaStreamSynchronize: calls=13917 total_ms=62.801 max_us=2532
by_direct_callsite (file:line):
   0 /opt/llama.cpp/ggml/src/ggml-cuda/ggml-cuda.cu:839 calls=13564 total_ms=56.530 avg_us=4.168 max_us=354
   1 /opt/llama.cpp/ggml/src/ggml-cuda/ggml-cuda.cu:900 calls=12 total_ms=5.841 avg_us=486.750 max_us=2532
   2 /opt/llama.cpp/ggml/src/ggml-cuda/ggml-cuda.cu:2665 calls=191 total_ms=0.280 avg_us=1.466 max_us=28
   3 /opt/llama.cpp/ggml/src/ggml-cuda/ggml-cuda.cu:847 calls=150 total_ms=0.150 avg_us=1.000 max_us=3
=== END CUDA SYNC PROFILE ===
backend-sync-trace: count=32000 backend=CUDA0 caller=ggml_backend_sched_synchronize+0x62

=== CUDA SYNC PROFILE (instrumentation only) ===
total_syncs = 32000
total_wait_ms = 17557.746
max_wait_us = 141865
sites = 5
wait_hist_us = logarithmic buckets
  hist[0] = 29134
  hist[1] = 1586
  hist[2] = 67
  hist[3] = 29
  hist[4] = 19
  hist[5] = 1
  hist[9] = 225
  hist[10] = 469
  hist[11] = 82
  hist[14] = 128
  hist[15] = 230
  hist[16] = 29
  hist[17] = 1
by_callsite (caller PC; symbolize with addr2line):
   0 caller=0x78b11f95c0d2 calls=12948 total_ms=17547.044 avg_us=1355.193 max_us=141865
   1 caller=0x78b11f96098c calls=10498 total_ms=4.232 avg_us=0.403 max_us=26
   2 caller=0x78b11f96089c calls=3888 total_ms=3.453 avg_us=0.888 max_us=29
   3 caller=0x78b11f960abd calls=3888 total_ms=1.515 avg_us=0.390 max_us=25
   4 caller=0x78b11f95f852 calls=778 total_ms=1.502 avg_us=1.931 max_us=15
direct_cudaStreamSynchronize: calls=13958 total_ms=62.962 max_us=2532
by_direct_callsite (file:line):
   0 /opt/llama.cpp/ggml/src/ggml-cuda/ggml-cuda.cu:839 calls=13605 total_ms=56.691 avg_us=4.167 max_us=354
   1 /opt/llama.cpp/ggml/src/ggml-cuda/ggml-cuda.cu:900 calls=12 total_ms=5.841 avg_us=486.750 max_us=2532
   2 /opt/llama.cpp/ggml/src/ggml-cuda/ggml-cuda.cu:2665 calls=191 total_ms=0.280 avg_us=1.466 max_us=28
   3 /opt/llama.cpp/ggml/src/ggml-cuda/ggml-cuda.cu:847 calls=150 total_ms=0.150 avg_us=1.000 max_us=3
=== END CUDA SYNC PROFILE ===
backend-sync-trace: count=32100 backend=CUDA0 caller=ggml_backend_sched_graph_compute_async_ext+0xecc

=== CUDA SYNC PROFILE (instrumentation only) ===
total_syncs = 32100
total_wait_ms = 17593.937
max_wait_us = 141865
sites = 5
wait_hist_us = logarithmic buckets
  hist[0] = 29226
  hist[1] = 1591
  hist[2] = 67
  hist[3] = 29
  hist[4] = 19
  hist[5] = 1
  hist[9] = 226
  hist[10] = 470
  hist[11] = 82
  hist[14] = 128
  hist[15] = 231
  hist[16] = 29
  hist[17] = 1
by_callsite (caller PC; symbolize with addr2line):
   0 caller=0x78b11f95c0d2 calls=12987 total_ms=17583.207 avg_us=1353.908 max_us=141865
   1 caller=0x78b11f96098c calls=10529 total_ms=4.239 avg_us=0.403 max_us=26
   2 caller=0x78b11f96089c calls=3902 total_ms=3.462 avg_us=0.887 max_us=29
   3 caller=0x78b11f960abd calls=3902 total_ms=1.523 avg_us=0.390 max_us=25
   4 caller=0x78b11f95f852 calls=780 total_ms=1.506 avg_us=1.931 max_us=15
direct_cudaStreamSynchronize: calls=13999 total_ms=63.146 max_us=2532
by_direct_callsite (file:line):
   0 /opt/llama.cpp/ggml/src/ggml-cuda/ggml-cuda.cu:839 calls=13646 total_ms=56.875 avg_us=4.168 max_us=354
   1 /opt/llama.cpp/ggml/src/ggml-cuda/ggml-cuda.cu:900 calls=12 total_ms=5.841 avg_us=486.750 max_us=2532
   2 /opt/llama.cpp/ggml/src/ggml-cuda/ggml-cuda.cu:2665 calls=191 total_ms=0.280 avg_us=1.466 max_us=28
   3 /opt/llama.cpp/ggml/src/ggml-cuda/ggml-cuda.cu:847 calls=150 total_ms=0.150 avg_us=1.000 max_us=3
=== END CUDA SYNC PROFILE ===

=== CUDA SYNC PROFILE (instrumentation only) ===
total_syncs = 32100
total_wait_ms = 17593.937
max_wait_us = 141865
sites = 5
wait_hist_us = logarithmic buckets
  hist[0] = 29226
  hist[1] = 1591
  hist[2] = 67
  hist[3] = 29
  hist[4] = 19
  hist[5] = 1
  hist[9] = 226
  hist[10] = 470
  hist[11] = 82
  hist[14] = 128
  hist[15] = 231
  hist[16] = 29
  hist[17] = 1
by_callsite (caller PC; symbolize with addr2line):
   0 caller=0x78b11f95c0d2 calls=12987 total_ms=17583.207 avg_us=1353.908 max_us=141865
   1 caller=0x78b11f96098c calls=10529 total_ms=4.239 avg_us=0.403 max_us=26
   2 caller=0x78b11f96089c calls=3902 total_ms=3.462 avg_us=0.887 max_us=29
   3 caller=0x78b11f960abd calls=3902 total_ms=1.523 avg_us=0.390 max_us=25
   4 caller=0x78b11f95f852 calls=780 total_ms=1.506 avg_us=1.931 max_us=15
direct_cudaStreamSynchronize: calls=14000 total_ms=63.150 max_us=2532
by_direct_callsite (file:line):
   0 /opt/llama.cpp/ggml/src/ggml-cuda/ggml-cuda.cu:839 calls=13647 total_ms=56.879 avg_us=4.168 max_us=354
   1 /opt/llama.cpp/ggml/src/ggml-cuda/ggml-cuda.cu:900 calls=12 total_ms=5.841 avg_us=486.750 max_us=2532
   2 /opt/llama.cpp/ggml/src/ggml-cuda/ggml-cuda.cu:2665 calls=191 total_ms=0.280 avg_us=1.466 max_us=28
   3 /opt/llama.cpp/ggml/src/ggml-cuda/ggml-cuda.cu:847 calls=150 total_ms=0.150 avg_us=1.000 max_us=3
=== END CUDA SYNC PROFILE ===
backend-sync-trace: count=32200 backend=CUDA0 caller=0x78b11f95f852

=== CUDA SYNC PROFILE (instrumentation only) ===
total_syncs = 32200
total_wait_ms = 17672.552
max_wait_us = 141865
sites = 5
wait_hist_us = logarithmic buckets
  hist[0] = 29315
  hist[1] = 1597
  hist[2] = 67
  hist[3] = 30
  hist[4] = 19
  hist[5] = 1
  hist[9] = 227
  hist[10] = 471
  hist[11] = 82
  hist[14] = 128
  hist[15] = 233
  hist[16] = 29
  hist[17] = 1
by_callsite (caller PC; symbolize with addr2line):
   0 caller=0x78b11f95c0d2 calls=13026 total_ms=17661.796 avg_us=1355.888 max_us=141865
   1 caller=0x78b11f96098c calls=10567 total_ms=4.249 avg_us=0.402 max_us=26
   2 caller=0x78b11f96089c calls=3912 total_ms=3.468 avg_us=0.887 max_us=29
   3 caller=0x78b11f960abd calls=3912 total_ms=1.527 avg_us=0.390 max_us=25
   4 caller=0x78b11f95f852 calls=783 total_ms=1.512 avg_us=1.931 max_us=15
direct_cudaStreamSynchronize: calls=14046 total_ms=63.340 max_us=2532
by_direct_callsite (file:line):
   0 /opt/llama.cpp/ggml/src/ggml-cuda/ggml-cuda.cu:839 calls=13693 total_ms=57.069 avg_us=4.168 max_us=354
   1 /opt/llama.cpp/ggml/src/ggml-cuda/ggml-cuda.cu:900 calls=12 total_ms=5.841 avg_us=486.750 max_us=2532
   2 /opt/llama.cpp/ggml/src/ggml-cuda/ggml-cuda.cu:2665 calls=191 total_ms=0.280 avg_us=1.466 max_us=28
   3 /opt/llama.cpp/ggml/src/ggml-cuda/ggml-cuda.cu:847 calls=150 total_ms=0.150 avg_us=1.000 max_us=3
=== END CUDA SYNC PROFILE ===
backend-sync-trace: count=32300 backend=CUDA0 caller=ggml_backend_sched_synchronize+0x62

=== CUDA SYNC PROFILE (instrumentation only) ===
total_syncs = 32300
total_wait_ms = 17710.499
max_wait_us = 141865
sites = 5
wait_hist_us = logarithmic buckets
  hist[0] = 29407
  hist[1] = 1601
  hist[2] = 68
  hist[3] = 30
  hist[4] = 19
  hist[5] = 1
  hist[9] = 227
  hist[10] = 473
  hist[11] = 82
  hist[14] = 128
  hist[15] = 234
  hist[16] = 29
  hist[17] = 1
by_callsite (caller PC; symbolize with addr2line):
   0 caller=0x78b11f95c0d2 calls=13069 total_ms=17699.709 avg_us=1354.328 max_us=141865
   1 caller=0x78b11f96098c calls=10598 total_ms=4.261 avg_us=0.402 max_us=26
   2 caller=0x78b11f96089c calls=3924 total_ms=3.480 avg_us=0.887 max_us=29
   3 caller=0x78b11f960abd calls=3924 total_ms=1.532 avg_us=0.390 max_us=25
   4 caller=0x78b11f95f852 calls=785 total_ms=1.517 avg_us=1.932 max_us=15
direct_cudaStreamSynchronize: calls=14086 total_ms=63.507 max_us=2532
by_direct_callsite (file:line):
   0 /opt/llama.cpp/ggml/src/ggml-cuda/ggml-cuda.cu:839 calls=13733 total_ms=57.236 avg_us=4.168 max_us=354
   1 /opt/llama.cpp/ggml/src/ggml-cuda/ggml-cuda.cu:900 calls=12 total_ms=5.841 avg_us=486.750 max_us=2532
   2 /opt/llama.cpp/ggml/src/ggml-cuda/ggml-cuda.cu:2665 calls=191 total_ms=0.280 avg_us=1.466 max_us=28
   3 /opt/llama.cpp/ggml/src/ggml-cuda/ggml-cuda.cu:847 calls=150 total_ms=0.150 avg_us=1.000 max_us=3
=== END CUDA SYNC PROFILE ===

=== CUDA SYNC PROFILE (instrumentation only) ===
total_syncs = 32344
total_wait_ms = 17712.305
max_wait_us = 141865
sites = 5
wait_hist_us = logarithmic buckets
  hist[0] = 29446
  hist[1] = 1604
  hist[2] = 68
  hist[3] = 30
  hist[4] = 19
  hist[5] = 1
  hist[9] = 229
  hist[10] = 473
  hist[11] = 82
  hist[14] = 128
  hist[15] = 234
  hist[16] = 29
  hist[17] = 1
by_callsite (caller PC; symbolize with addr2line):
   0 caller=0x78b11f95c0d2 calls=13092 total_ms=17701.499 avg_us=1352.085 max_us=141865
   1 caller=0x78b11f96098c calls=10606 total_ms=4.266 avg_us=0.402 max_us=26
   2 caller=0x78b11f96089c calls=3930 total_ms=3.487 avg_us=0.887 max_us=29
   3 caller=0x78b11f960abd calls=3930 total_ms=1.533 avg_us=0.390 max_us=25
   4 caller=0x78b11f95f852 calls=786 total_ms=1.520 avg_us=1.934 max_us=15
direct_cudaStreamSynchronize: calls=14100 total_ms=63.577 max_us=2532
by_direct_callsite (file:line):
   0 /opt/llama.cpp/ggml/src/ggml-cuda/ggml-cuda.cu:839 calls=13747 total_ms=57.306 avg_us=4.169 max_us=354
   1 /opt/llama.cpp/ggml/src/ggml-cuda/ggml-cuda.cu:900 calls=12 total_ms=5.841 avg_us=486.750 max_us=2532
   2 /opt/llama.cpp/ggml/src/ggml-cuda/ggml-cuda.cu:2665 calls=191 total_ms=0.280 avg_us=1.466 max_us=28
   3 /opt/llama.cpp/ggml/src/ggml-cuda/ggml-cuda.cu:847 calls=150 total_ms=0.150 avg_us=1.000 max_us=3
=== END CUDA SYNC PROFILE ===
backend-sync-trace: count=32400 backend=CUDA0 caller=ggml_backend_sched_graph_compute_async_ext+0xddc

=== CUDA SYNC PROFILE (instrumentation only) ===
total_syncs = 32400
total_wait_ms = 17744.205
max_wait_us = 141865
sites = 5
wait_hist_us = logarithmic buckets
  hist[0] = 29496
  hist[1] = 1608
  hist[2] = 68
  hist[3] = 30
  hist[4] = 19
  hist[5] = 1
  hist[9] = 229
  hist[10] = 474
  hist[11] = 82
  hist[14] = 129
  hist[15] = 234
  hist[16] = 29
  hist[17] = 1
by_callsite (caller PC; symbolize with addr2line):
   0 caller=0x78b11f95c0d2 calls=13110 total_ms=17733.378 avg_us=1352.660 max_us=141865
   1 caller=0x78b11f96098c calls=10629 total_ms=4.272 avg_us=0.402 max_us=26
   2 caller=0x78b11f96089c calls=3937 total_ms=3.493 avg_us=0.887 max_us=29
   3 caller=0x78b11f960abd calls=3936 total_ms=1.537 avg_us=0.390 max_us=25
   4 caller=0x78b11f95f852 calls=788 total_ms=1.525 avg_us=1.935 max_us=15
direct_cudaStreamSynchronize: calls=14127 total_ms=63.690 max_us=2532
by_direct_callsite (file:line):
   0 /opt/llama.cpp/ggml/src/ggml-cuda/ggml-cuda.cu:839 calls=13774 total_ms=57.419 avg_us=4.169 max_us=354
   1 /opt/llama.cpp/ggml/src/ggml-cuda/ggml-cuda.cu:900 calls=12 total_ms=5.841 avg_us=486.750 max_us=2532
   2 /opt/llama.cpp/ggml/src/ggml-cuda/ggml-cuda.cu:2665 calls=191 total_ms=0.280 avg_us=1.466 max_us=28
   3 /opt/llama.cpp/ggml/src/ggml-cuda/ggml-cuda.cu:847 calls=150 total_ms=0.150 avg_us=1.000 max_us=3
=== END CUDA SYNC PROFILE ===
backend-sync-trace: count=32500 backend=CUDA0 caller=ggml_backend_sched_graph_compute_async_ext+0xecc

=== CUDA SYNC PROFILE (instrumentation only) ===
total_syncs = 32500
total_wait_ms = 17781.558
max_wait_us = 141865
sites = 5
wait_hist_us = logarithmic buckets
  hist[0] = 29588
  hist[1] = 1612
  hist[2] = 68
  hist[3] = 30
  hist[4] = 19
  hist[5] = 1
  hist[9] = 231
  hist[10] = 475
  hist[11] = 82
  hist[14] = 129
  hist[15] = 235
  hist[16] = 29
  hist[17] = 1
by_callsite (caller PC; symbolize with addr2line):
   0 caller=0x78b11f95c0d2 calls=13142 total_ms=17770.691 avg_us=1352.206 max_us=141865
   1 caller=0x78b11f96098c calls=10664 total_ms=4.289 avg_us=0.402 max_us=26
   2 caller=0x78b11f96089c calls=3952 total_ms=3.503 avg_us=0.886 max_us=29
   3 caller=0x78b11f960abd calls=3952 total_ms=1.546 avg_us=0.391 max_us=25
   4 caller=0x78b11f95f852 calls=790 total_ms=1.529 avg_us=1.935 max_us=15
direct_cudaStreamSynchronize: calls=14174 total_ms=63.918 max_us=2532
by_direct_callsite (file:line):
   0 /opt/llama.cpp/ggml/src/ggml-cuda/ggml-cuda.cu:839 calls=13821 total_ms=57.647 avg_us=4.171 max_us=354
   1 /opt/llama.cpp/ggml/src/ggml-cuda/ggml-cuda.cu:900 calls=12 total_ms=5.841 avg_us=486.750 max_us=2532
   2 /opt/llama.cpp/ggml/src/ggml-cuda/ggml-cuda.cu:2665 calls=191 total_ms=0.280 avg_us=1.466 max_us=28
   3 /opt/llama.cpp/ggml/src/ggml-cuda/ggml-cuda.cu:847 calls=150 total_ms=0.150 avg_us=1.000 max_us=3
=== END CUDA SYNC PROFILE ===

=== CUDA SYNC PROFILE (instrumentation only) ===
total_syncs = 32564
total_wait_ms = 17819.465
max_wait_us = 141865
sites = 5
wait_hist_us = logarithmic buckets
  hist[0] = 29648
  hist[1] = 1614
  hist[2] = 68
  hist[3] = 30
  hist[4] = 19
  hist[5] = 1
  hist[9] = 232
  hist[10] = 475
  hist[11] = 82
  hist[14] = 129
  hist[15] = 236
  hist[16] = 29
  hist[17] = 1
by_callsite (caller PC; symbolize with addr2line):
   0 caller=0x78b11f95c0d2 calls=13172 total_ms=17808.581 avg_us=1352.003 max_us=141865
   1 caller=0x78b11f96098c calls=10684 total_ms=4.297 avg_us=0.402 max_us=26
   2 caller=0x78b11f96089c calls=3958 total_ms=3.506 avg_us=0.886 max_us=29
   3 caller=0x78b11f960abd calls=3958 total_ms=1.549 avg_us=0.391 max_us=25
   4 caller=0x78b11f95f852 calls=792 total_ms=1.532 avg_us=1.934 max_us=15
direct_cudaStreamSynchronize: calls=14200 total_ms=64.013 max_us=2532
by_direct_callsite (file:line):
   0 /opt/llama.cpp/ggml/src/ggml-cuda/ggml-cuda.cu:839 calls=13847 total_ms=57.742 avg_us=4.170 max_us=354
   1 /opt/llama.cpp/ggml/src/ggml-cuda/ggml-cuda.cu:900 calls=12 total_ms=5.841 avg_us=486.750 max_us=2532
   2 /opt/llama.cpp/ggml/src/ggml-cuda/ggml-cuda.cu:2665 calls=191 total_ms=0.280 avg_us=1.466 max_us=28
   3 /opt/llama.cpp/ggml/src/ggml-cuda/ggml-cuda.cu:847 calls=150 total_ms=0.150 avg_us=1.000 max_us=3
=== END CUDA SYNC PROFILE ===
backend-sync-trace: count=32600 backend=CUDA0 caller=0x78b11f95f852

=== CUDA SYNC PROFILE (instrumentation only) ===
total_syncs = 32600
total_wait_ms = 17846.381
max_wait_us = 141865
sites = 5
wait_hist_us = logarithmic buckets
  hist[0] = 29679
  hist[1] = 1617
  hist[2] = 68
  hist[3] = 30
  hist[4] = 19
  hist[5] = 1
  hist[9] = 232
  hist[10] = 476
  hist[11] = 82
  hist[14] = 130
  hist[15] = 236
  hist[16] = 29
  hist[17] = 1
by_callsite (caller PC; symbolize with addr2line):
   0 caller=0x78b11f95c0d2 calls=13181 total_ms=17835.477 avg_us=1353.120 max_us=141865
   1 caller=0x78b11f96098c calls=10702 total_ms=4.308 avg_us=0.403 max_us=26
   2 caller=0x78b11f96089c calls=3962 total_ms=3.511 avg_us=0.886 max_us=29
   3 caller=0x78b11f960abd calls=3962 total_ms=1.551 avg_us=0.391 max_us=25
   4 caller=0x78b11f95f852 calls=793 total_ms=1.534 avg_us=1.934 max_us=15
direct_cudaStreamSynchronize: calls=14221 total_ms=64.099 max_us=2532
by_direct_callsite (file:line):
   0 /opt/llama.cpp/ggml/src/ggml-cuda/ggml-cuda.cu:839 calls=13868 total_ms=57.828 avg_us=4.170 max_us=354
   1 /opt/llama.cpp/ggml/src/ggml-cuda/ggml-cuda.cu:900 calls=12 total_ms=5.841 avg_us=486.750 max_us=2532
   2 /opt/llama.cpp/ggml/src/ggml-cuda/ggml-cuda.cu:2665 calls=191 total_ms=0.280 avg_us=1.466 max_us=28
   3 /opt/llama.cpp/ggml/src/ggml-cuda/ggml-cuda.cu:847 calls=150 total_ms=0.150 avg_us=1.000 max_us=3
=== END CUDA SYNC PROFILE ===
backend-sync-trace: count=32700 backend=CUDA0 caller=ggml_backend_sched_synchronize+0x62

=== CUDA SYNC PROFILE (instrumentation only) ===
total_syncs = 32700
total_wait_ms = 17880.763
max_wait_us = 141865
sites = 5
wait_hist_us = logarithmic buckets
  hist[0] = 29772
  hist[1] = 1621
  hist[2] = 68
  hist[3] = 30
  hist[4] = 19
  hist[5] = 1
  hist[9] = 232
  hist[10] = 478
  hist[11] = 82
  hist[14] = 131
  hist[15] = 236
  hist[16] = 29
  hist[17] = 1
by_callsite (caller PC; symbolize with addr2line):
   0 caller=0x78b11f95c0d2 calls=13224 total_ms=17869.830 avg_us=1351.318 max_us=141865
   1 caller=0x78b11f96098c calls=10733 total_ms=4.318 avg_us=0.402 max_us=26
   2 caller=0x78b11f96089c calls=3974 total_ms=3.522 avg_us=0.886 max_us=29
   3 caller=0x78b11f960abd calls=3974 total_ms=1.556 avg_us=0.392 max_us=25
   4 caller=0x78b11f95f852 calls=795 total_ms=1.537 avg_us=1.933 max_us=15
direct_cudaStreamSynchronize: calls=14261 total_ms=64.268 max_us=2532
by_direct_callsite (file:line):
   0 /opt/llama.cpp/ggml/src/ggml-cuda/ggml-cuda.cu:839 calls=13908 total_ms=57.997 avg_us=4.170 max_us=354
   1 /opt/llama.cpp/ggml/src/ggml-cuda/ggml-cuda.cu:900 calls=12 total_ms=5.841 avg_us=486.750 max_us=2532
   2 /opt/llama.cpp/ggml/src/ggml-cuda/ggml-cuda.cu:2665 calls=191 total_ms=0.280 avg_us=1.466 max_us=28
   3 /opt/llama.cpp/ggml/src/ggml-cuda/ggml-cuda.cu:847 calls=150 total_ms=0.150 avg_us=1.000 max_us=3
=== END CUDA SYNC PROFILE ===
backend-sync-trace: count=32800 backend=CUDA0 caller=ggml_backend_sched_graph_compute_async_ext+0xffd

=== CUDA SYNC PROFILE (instrumentation only) ===
total_syncs = 32800
total_wait_ms = 17910.168
max_wait_us = 141865
sites = 5
wait_hist_us = logarithmic buckets
  hist[0] = 29865
  hist[1] = 1625
  hist[2] = 68
  hist[3] = 30
  hist[4] = 19
  hist[5] = 1
  hist[9] = 233
  hist[10] = 479
  hist[11] = 82
  hist[14] = 132
  hist[15] = 236
  hist[16] = 29
  hist[17] = 1
by_callsite (caller PC; symbolize with addr2line):
   0 caller=0x78b11f95c0d2 calls=13270 total_ms=17899.208 avg_us=1348.848 max_us=141865
   1 caller=0x78b11f96098c calls=10760 total_ms=4.328 avg_us=0.402 max_us=26
   2 caller=0x78b11f96089c calls=3986 total_ms=3.530 avg_us=0.886 max_us=29
   3 caller=0x78b11f960abd calls=3986 total_ms=1.559 avg_us=0.391 max_us=25
   4 caller=0x78b11f95f852 calls=798 total_ms=1.543 avg_us=1.934 max_us=15
direct_cudaStreamSynchronize: calls=14297 total_ms=64.412 max_us=2532
by_direct_callsite (file:line):
   0 /opt/llama.cpp/ggml/src/ggml-cuda/ggml-cuda.cu:839 calls=13944 total_ms=58.141 avg_us=4.170 max_us=354
   1 /opt/llama.cpp/ggml/src/ggml-cuda/ggml-cuda.cu:900 calls=12 total_ms=5.841 avg_us=486.750 max_us=2532
   2 /opt/llama.cpp/ggml/src/ggml-cuda/ggml-cuda.cu:2665 calls=191 total_ms=0.280 avg_us=1.466 max_us=28
   3 /opt/llama.cpp/ggml/src/ggml-cuda/ggml-cuda.cu:847 calls=150 total_ms=0.150 avg_us=1.000 max_us=3
=== END CUDA SYNC PROFILE ===

=== CUDA SYNC PROFILE (instrumentation only) ===
total_syncs = 32802
total_wait_ms = 17910.169
max_wait_us = 141865
sites = 5
wait_hist_us = logarithmic buckets
  hist[0] = 29867
  hist[1] = 1625
  hist[2] = 68
  hist[3] = 30
  hist[4] = 19
  hist[5] = 1
  hist[9] = 233
  hist[10] = 479
  hist[11] = 82
  hist[14] = 132
  hist[15] = 236
  hist[16] = 29
  hist[17] = 1
by_callsite (caller PC; symbolize with addr2line):
   0 caller=0x78b11f95c0d2 calls=13270 total_ms=17899.208 avg_us=1348.848 max_us=141865
   1 caller=0x78b11f96098c calls=10762 total_ms=4.329 avg_us=0.402 max_us=26
   2 caller=0x78b11f96089c calls=3986 total_ms=3.530 avg_us=0.886 max_us=29
   3 caller=0x78b11f960abd calls=3986 total_ms=1.559 avg_us=0.391 max_us=25
   4 caller=0x78b11f95f852 calls=798 total_ms=1.543 avg_us=1.934 max_us=15
direct_cudaStreamSynchronize: calls=14300 total_ms=64.423 max_us=2532
by_direct_callsite (file:line):
   0 /opt/llama.cpp/ggml/src/ggml-cuda/ggml-cuda.cu:839 calls=13947 total_ms=58.152 avg_us=4.169 max_us=354
   1 /opt/llama.cpp/ggml/src/ggml-cuda/ggml-cuda.cu:900 calls=12 total_ms=5.841 avg_us=486.750 max_us=2532
   2 /opt/llama.cpp/ggml/src/ggml-cuda/ggml-cuda.cu:2665 calls=191 total_ms=0.280 avg_us=1.466 max_us=28
   3 /opt/llama.cpp/ggml/src/ggml-cuda/ggml-cuda.cu:847 calls=150 total_ms=0.150 avg_us=1.000 max_us=3
=== END CUDA SYNC PROFILE ===
backend-sync-trace: count=32900 backend=CUDA0 caller=ggml_backend_sched_graph_compute_async_ext+0xddc

=== CUDA SYNC PROFILE (instrumentation only) ===
total_syncs = 32900
total_wait_ms = 18009.046
max_wait_us = 141865
sites = 5
wait_hist_us = logarithmic buckets
  hist[0] = 29957
  hist[1] = 1629
  hist[2] = 68
  hist[3] = 30
  hist[4] = 19
  hist[5] = 1
  hist[9] = 233
  hist[10] = 480
  hist[11] = 84
  hist[14] = 132
  hist[15] = 236
  hist[16] = 30
  hist[17] = 1
by_callsite (caller PC; symbolize with addr2line):
   0 caller=0x78b11f95c0d2 calls=13314 total_ms=17998.058 avg_us=1351.814 max_us=141865
   1 caller=0x78b11f96098c calls=10791 total_ms=4.341 avg_us=0.402 max_us=26
   2 caller=0x78b11f96089c calls=3998 total_ms=3.540 avg_us=0.885 max_us=29
   3 caller=0x78b11f960abd calls=3997 total_ms=1.561 avg_us=0.391 max_us=25
   4 caller=0x78b11f95f852 calls=800 total_ms=1.546 avg_us=1.933 max_us=15
direct_cudaStreamSynchronize: calls=14338 total_ms=64.569 max_us=2532
by_direct_callsite (file:line):
   0 /opt/llama.cpp/ggml/src/ggml-cuda/ggml-cuda.cu:839 calls=13985 total_ms=58.298 avg_us=4.169 max_us=354
   1 /opt/llama.cpp/ggml/src/ggml-cuda/ggml-cuda.cu:900 calls=12 total_ms=5.841 avg_us=486.750 max_us=2532
   2 /opt/llama.cpp/ggml/src/ggml-cuda/ggml-cuda.cu:2665 calls=191 total_ms=0.280 avg_us=1.466 max_us=28
   3 /opt/llama.cpp/ggml/src/ggml-cuda/ggml-cuda.cu:847 calls=150 total_ms=0.150 avg_us=1.000 max_us=3
=== END CUDA SYNC PROFILE ===
backend-sync-trace: count=33000 backend=CUDA0 caller=ggml_backend_sched_graph_compute_async_ext+0xecc

=== CUDA SYNC PROFILE (instrumentation only) ===
total_syncs = 33000
total_wait_ms = 18103.380
max_wait_us = 141865
sites = 5
wait_hist_us = logarithmic buckets
  hist[0] = 30048
  hist[1] = 1634
  hist[2] = 68
  hist[3] = 30
  hist[4] = 19
  hist[5] = 1
  hist[9] = 233
  hist[10] = 482
  hist[11] = 85
  hist[14] = 132
  hist[15] = 236
  hist[16] = 31
  hist[17] = 1
by_callsite (caller PC; symbolize with addr2line):
   0 caller=0x78b11f95c0d2 calls=13346 total_ms=18092.357 avg_us=1355.639 max_us=141865
   1 caller=0x78b11f96098c calls=10828 total_ms=4.354 avg_us=0.402 max_us=26
   2 caller=0x78b11f96089c calls=4012 total_ms=3.551 avg_us=0.885 max_us=29
   3 caller=0x78b11f960abd calls=4012 total_ms=1.568 avg_us=0.391 max_us=25
   4 caller=0x78b11f95f852 calls=802 total_ms=1.550 avg_us=1.933 max_us=15
direct_cudaStreamSynchronize: calls=14386 total_ms=64.773 max_us=2532
by_direct_callsite (file:line):
   0 /opt/llama.cpp/ggml/src/ggml-cuda/ggml-cuda.cu:839 calls=14033 total_ms=58.502 avg_us=4.169 max_us=354
   1 /opt/llama.cpp/ggml/src/ggml-cuda/ggml-cuda.cu:900 calls=12 total_ms=5.841 avg_us=486.750 max_us=2532
   2 /opt/llama.cpp/ggml/src/ggml-cuda/ggml-cuda.cu:2665 calls=191 total_ms=0.280 avg_us=1.466 max_us=28
   3 /opt/llama.cpp/ggml/src/ggml-cuda/ggml-cuda.cu:847 calls=150 total_ms=0.150 avg_us=1.000 max_us=3
=== END CUDA SYNC PROFILE ===

=== CUDA SYNC PROFILE (instrumentation only) ===
total_syncs = 33018
total_wait_ms = 18149.202
max_wait_us = 141865
sites = 5
wait_hist_us = logarithmic buckets
  hist[0] = 30064
  hist[1] = 1635
  hist[2] = 68
  hist[3] = 30
  hist[4] = 19
  hist[5] = 1
  hist[9] = 233
  hist[10] = 482
  hist[11] = 85
  hist[14] = 132
  hist[15] = 237
  hist[16] = 31
  hist[17] = 1
by_callsite (caller PC; symbolize with addr2line):
   0 caller=0x78b11f95c0d2 calls=13348 total_ms=18138.171 avg_us=1358.868 max_us=141865
   1 caller=0x78b11f96098c calls=10839 total_ms=4.359 avg_us=0.402 max_us=26
   2 caller=0x78b11f96089c calls=4014 total_ms=3.552 avg_us=0.885 max_us=29
   3 caller=0x78b11f960abd calls=4014 total_ms=1.569 avg_us=0.391 max_us=25
   4 caller=0x78b11f95f852 calls=803 total_ms=1.551 avg_us=1.932 max_us=15
direct_cudaStreamSynchronize: calls=14400 total_ms=64.823 max_us=2532
by_direct_callsite (file:line):
   0 /opt/llama.cpp/ggml/src/ggml-cuda/ggml-cuda.cu:839 calls=14047 total_ms=58.552 avg_us=4.168 max_us=354
   1 /opt/llama.cpp/ggml/src/ggml-cuda/ggml-cuda.cu:900 calls=12 total_ms=5.841 avg_us=486.750 max_us=2532
   2 /opt/llama.cpp/ggml/src/ggml-cuda/ggml-cuda.cu:2665 calls=191 total_ms=0.280 avg_us=1.466 max_us=28
   3 /opt/llama.cpp/ggml/src/ggml-cuda/ggml-cuda.cu:847 calls=150 total_ms=0.150 avg_us=1.000 max_us=3
=== END CUDA SYNC PROFILE ===
backend-sync-trace: count=33100 backend=CUDA0 caller=ggml_backend_sched_graph_compute_async_ext+0xffd

=== CUDA SYNC PROFILE (instrumentation only) ===
total_syncs = 33100
total_wait_ms = 18210.813
max_wait_us = 141865
sites = 5
wait_hist_us = logarithmic buckets
  hist[0] = 30139
  hist[1] = 1638
  hist[2] = 69
  hist[3] = 30
  hist[4] = 19
  hist[5] = 1
  hist[9] = 233
  hist[10] = 484
  hist[11] = 85
  hist[14] = 132
  hist[15] = 238
  hist[16] = 31
  hist[17] = 1
by_callsite (caller PC; symbolize with addr2line):
   0 caller=0x78b11f95c0d2 calls=13385 total_ms=18199.752 avg_us=1359.713 max_us=141865
   1 caller=0x78b11f96098c calls=10864 total_ms=4.370 avg_us=0.402 max_us=26
   2 caller=0x78b11f96089c calls=4023 total_ms=3.560 avg_us=0.885 max_us=29
   3 caller=0x78b11f960abd calls=4023 total_ms=1.576 avg_us=0.392 max_us=25
   4 caller=0x78b11f95f852 calls=805 total_ms=1.555 avg_us=1.932 max_us=15
direct_cudaStreamSynchronize: calls=14431 total_ms=64.940 max_us=2532
by_direct_callsite (file:line):
   0 /opt/llama.cpp/ggml/src/ggml-cuda/ggml-cuda.cu:839 calls=14078 total_ms=58.669 avg_us=4.167 max_us=354
   1 /opt/llama.cpp/ggml/src/ggml-cuda/ggml-cuda.cu:900 calls=12 total_ms=5.841 avg_us=486.750 max_us=2532
   2 /opt/llama.cpp/ggml/src/ggml-cuda/ggml-cuda.cu:2665 calls=191 total_ms=0.280 avg_us=1.466 max_us=28
   3 /opt/llama.cpp/ggml/src/ggml-cuda/ggml-cuda.cu:847 calls=150 total_ms=0.150 avg_us=1.000 max_us=3
=== END CUDA SYNC PROFILE ===
backend-sync-trace: count=33200 backend=CUDA0 caller=ggml_backend_sched_graph_compute_async_ext+0xffd

=== CUDA SYNC PROFILE (instrumentation only) ===
total_syncs = 33200
total_wait_ms = 18301.229
max_wait_us = 141865
sites = 5
wait_hist_us = logarithmic buckets
  hist[0] = 30231
  hist[1] = 1643
  hist[2] = 69
  hist[3] = 30
  hist[4] = 19
  hist[5] = 1
  hist[9] = 233
  hist[10] = 485
  hist[11] = 86
  hist[14] = 132
  hist[15] = 238
  hist[16] = 32
  hist[17] = 1
by_callsite (caller PC; symbolize with addr2line):
   0 caller=0x78b11f95c0d2 calls=13425 total_ms=18290.133 avg_us=1362.394 max_us=141865
   1 caller=0x78b11f96098c calls=10895 total_ms=4.381 avg_us=0.402 max_us=26
   2 caller=0x78b11f96089c calls=4036 total_ms=3.572 avg_us=0.885 max_us=29
   3 caller=0x78b11f960abd calls=4036 total_ms=1.583 avg_us=0.392 max_us=25
   4 caller=0x78b11f95f852 calls=808 total_ms=1.560 avg_us=1.931 max_us=15
direct_cudaStreamSynchronize: calls=14472 total_ms=65.108 max_us=2532
by_direct_callsite (file:line):
   0 /opt/llama.cpp/ggml/src/ggml-cuda/ggml-cuda.cu:839 calls=14119 total_ms=58.837 avg_us=4.167 max_us=354
   1 /opt/llama.cpp/ggml/src/ggml-cuda/ggml-cuda.cu:900 calls=12 total_ms=5.841 avg_us=486.750 max_us=2532
   2 /opt/llama.cpp/ggml/src/ggml-cuda/ggml-cuda.cu:2665 calls=191 total_ms=0.280 avg_us=1.466 max_us=28
   3 /opt/llama.cpp/ggml/src/ggml-cuda/ggml-cuda.cu:847 calls=150 total_ms=0.150 avg_us=1.000 max_us=3
=== END CUDA SYNC PROFILE ===

=== CUDA SYNC PROFILE (instrumentation only) ===
total_syncs = 33248
total_wait_ms = 18304.997
max_wait_us = 141865
sites = 5
wait_hist_us = logarithmic buckets
  hist[0] = 30276
  hist[1] = 1644
  hist[2] = 69
  hist[3] = 30
  hist[4] = 19
  hist[5] = 1
  hist[9] = 233
  hist[10] = 487
  hist[11] = 86
  hist[14] = 132
  hist[15] = 238
  hist[16] = 32
  hist[17] = 1
by_callsite (caller PC; symbolize with addr2line):
   0 caller=0x78b11f95c0d2 calls=13439 total_ms=18293.885 avg_us=1361.253 max_us=141865
   1 caller=0x78b11f96098c calls=10917 total_ms=4.388 avg_us=0.402 max_us=26
   2 caller=0x78b11f96089c calls=4042 total_ms=3.576 avg_us=0.885 max_us=29
   3 caller=0x78b11f960abd calls=4042 total_ms=1.588 avg_us=0.393 max_us=25
   4 caller=0x78b11f95f852 calls=808 total_ms=1.560 avg_us=1.931 max_us=15
direct_cudaStreamSynchronize: calls=14500 total_ms=65.220 max_us=2532
by_direct_callsite (file:line):
   0 /opt/llama.cpp/ggml/src/ggml-cuda/ggml-cuda.cu:839 calls=14147 total_ms=58.949 avg_us=4.167 max_us=354
   1 /opt/llama.cpp/ggml/src/ggml-cuda/ggml-cuda.cu:900 calls=12 total_ms=5.841 avg_us=486.750 max_us=2532
   2 /opt/llama.cpp/ggml/src/ggml-cuda/ggml-cuda.cu:2665 calls=191 total_ms=0.280 avg_us=1.466 max_us=28
   3 /opt/llama.cpp/ggml/src/ggml-cuda/ggml-cuda.cu:847 calls=150 total_ms=0.150 avg_us=1.000 max_us=3
=== END CUDA SYNC PROFILE ===
backend-sync-trace: count=33300 backend=CUDA0 caller=ggml_backend_sched_graph_compute_async_ext+0xddc

=== CUDA SYNC PROFILE (instrumentation only) ===
total_syncs = 33300
total_wait_ms = 18376.730
max_wait_us = 141865
sites = 5
wait_hist_us = logarithmic buckets
  hist[0] = 30323
  hist[1] = 1647
  hist[2] = 69
  hist[3] = 30
  hist[4] = 19
  hist[5] = 1
  hist[9] = 233
  hist[10] = 487
  hist[11] = 87
  hist[14] = 132
  hist[15] = 238
  hist[16] = 33
  hist[17] = 1
by_callsite (caller PC; symbolize with addr2line):
   0 caller=0x78b11f95c0d2 calls=13469 total_ms=18365.603 avg_us=1363.546 max_us=141865
   1 caller=0x78b11f96098c calls=10926 total_ms=4.393 avg_us=0.402 max_us=26
   2 caller=0x78b11f96089c calls=4048 total_ms=3.580 avg_us=0.884 max_us=29
   3 caller=0x78b11f960abd calls=4047 total_ms=1.590 avg_us=0.393 max_us=25
   4 caller=0x78b11f95f852 calls=810 total_ms=1.564 avg_us=1.931 max_us=15
direct_cudaStreamSynchronize: calls=14513 total_ms=65.270 max_us=2532
by_direct_callsite (file:line):
   0 /opt/llama.cpp/ggml/src/ggml-cuda/ggml-cuda.cu:839 calls=14160 total_ms=58.999 avg_us=4.167 max_us=354
   1 /opt/llama.cpp/ggml/src/ggml-cuda/ggml-cuda.cu:900 calls=12 total_ms=5.841 avg_us=486.750 max_us=2532
   2 /opt/llama.cpp/ggml/src/ggml-cuda/ggml-cuda.cu:2665 calls=191 total_ms=0.280 avg_us=1.466 max_us=28
   3 /opt/llama.cpp/ggml/src/ggml-cuda/ggml-cuda.cu:847 calls=150 total_ms=0.150 avg_us=1.000 max_us=3
=== END CUDA SYNC PROFILE ===
backend-sync-trace: count=33400 backend=CUDA0 caller=ggml_backend_sched_graph_compute_async_ext+0xffd

=== CUDA SYNC PROFILE (instrumentation only) ===
total_syncs = 33400
total_wait_ms = 18458.303
max_wait_us = 141865
sites = 5
wait_hist_us = logarithmic buckets
  hist[0] = 30414
  hist[1] = 1652
  hist[2] = 69
  hist[3] = 30
  hist[4] = 19
  hist[5] = 1
  hist[9] = 234
  hist[10] = 489
  hist[11] = 87
  hist[14] = 132
  hist[15] = 238
  hist[16] = 34
  hist[17] = 1
by_callsite (caller PC; symbolize with addr2line):
   0 caller=0x78b11f95c0d2 calls=13513 total_ms=18447.153 avg_us=1365.141 max_us=141865
   1 caller=0x78b11f96098c calls=10957 total_ms=4.402 avg_us=0.402 max_us=26
   2 caller=0x78b11f96089c calls=4059 total_ms=3.589 avg_us=0.884 max_us=29
   3 caller=0x78b11f960abd calls=4059 total_ms=1.592 avg_us=0.392 max_us=25
   4 caller=0x78b11f95f852 calls=812 total_ms=1.567 avg_us=1.930 max_us=15
direct_cudaStreamSynchronize: calls=14553 total_ms=65.430 max_us=2532
by_direct_callsite (file:line):
   0 /opt/llama.cpp/ggml/src/ggml-cuda/ggml-cuda.cu:839 calls=14200 total_ms=59.159 avg_us=4.166 max_us=354
   1 /opt/llama.cpp/ggml/src/ggml-cuda/ggml-cuda.cu:900 calls=12 total_ms=5.841 avg_us=486.750 max_us=2532
   2 /opt/llama.cpp/ggml/src/ggml-cuda/ggml-cuda.cu:2665 calls=191 total_ms=0.280 avg_us=1.466 max_us=28
   3 /opt/llama.cpp/ggml/src/ggml-cuda/ggml-cuda.cu:847 calls=150 total_ms=0.150 avg_us=1.000 max_us=3
=== END CUDA SYNC PROFILE ===

=== CUDA SYNC PROFILE (instrumentation only) ===
total_syncs = 33489
total_wait_ms = 18507.610
max_wait_us = 141865
sites = 5
wait_hist_us = logarithmic buckets
  hist[0] = 30489
  hist[1] = 1662
  hist[2] = 69
  hist[3] = 31
  hist[4] = 19
  hist[5] = 1
  hist[9] = 235
  hist[10] = 490
  hist[11] = 87
  hist[14] = 132
  hist[15] = 239
  hist[16] = 34
  hist[17] = 1
by_callsite (caller PC; symbolize with addr2line):
   0 caller=0x78b11f95c0d2 calls=13538 total_ms=18496.408 avg_us=1366.259 max_us=141865
   1 caller=0x78b11f96098c calls=10993 total_ms=4.425 avg_us=0.403 max_us=26
   2 caller=0x78b11f96089c calls=4072 total_ms=3.608 avg_us=0.886 max_us=29
   3 caller=0x78b11f960abd calls=4072 total_ms=1.599 avg_us=0.393 max_us=25
   4 caller=0x78b11f95f852 calls=814 total_ms=1.570 avg_us=1.929 max_us=15
direct_cudaStreamSynchronize: calls=14600 total_ms=65.644 max_us=2532
by_direct_callsite (file:line):
   0 /opt/llama.cpp/ggml/src/ggml-cuda/ggml-cuda.cu:839 calls=14247 total_ms=59.373 avg_us=4.167 max_us=354
   1 /opt/llama.cpp/ggml/src/ggml-cuda/ggml-cuda.cu:900 calls=12 total_ms=5.841 avg_us=486.750 max_us=2532
   2 /opt/llama.cpp/ggml/src/ggml-cuda/ggml-cuda.cu:2665 calls=191 total_ms=0.280 avg_us=1.466 max_us=28
   3 /opt/llama.cpp/ggml/src/ggml-cuda/ggml-cuda.cu:847 calls=150 total_ms=0.150 avg_us=1.000 max_us=3
=== END CUDA SYNC PROFILE ===
backend-sync-trace: count=33500 backend=CUDA0 caller=ggml_backend_sched_graph_compute_async_ext+0xffd

=== CUDA SYNC PROFILE (instrumentation only) ===
total_syncs = 33500
total_wait_ms = 18548.545
max_wait_us = 141865
sites = 5
wait_hist_us = logarithmic buckets
  hist[0] = 30494
  hist[1] = 1667
  hist[2] = 69
  hist[3] = 31
  hist[4] = 19
  hist[5] = 1
  hist[9] = 235
  hist[10] = 490
  hist[11] = 87
  hist[14] = 132
  hist[15] = 240
  hist[16] = 34
  hist[17] = 1
by_callsite (caller PC; symbolize with addr2line):
   0 caller=0x78b11f95c0d2 calls=13540 total_ms=18537.330 avg_us=1369.079 max_us=141865
   1 caller=0x78b11f96098c calls=10999 total_ms=4.434 avg_us=0.403 max_us=26
   2 caller=0x78b11f96089c calls=4073 total_ms=3.609 avg_us=0.886 max_us=29
   3 caller=0x78b11f960abd calls=4073 total_ms=1.600 avg_us=0.393 max_us=25
   4 caller=0x78b11f95f852 calls=815 total_ms=1.572 avg_us=1.929 max_us=15
direct_cudaStreamSynchronize: calls=14606 total_ms=65.663 max_us=2532
by_direct_callsite (file:line):
   0 /opt/llama.cpp/ggml/src/ggml-cuda/ggml-cuda.cu:839 calls=14253 total_ms=59.392 avg_us=4.167 max_us=354
   1 /opt/llama.cpp/ggml/src/ggml-cuda/ggml-cuda.cu:900 calls=12 total_ms=5.841 avg_us=486.750 max_us=2532
   2 /opt/llama.cpp/ggml/src/ggml-cuda/ggml-cuda.cu:2665 calls=191 total_ms=0.280 avg_us=1.466 max_us=28
   3 /opt/llama.cpp/ggml/src/ggml-cuda/ggml-cuda.cu:847 calls=150 total_ms=0.150 avg_us=1.000 max_us=3
=== END CUDA SYNC PROFILE ===
backend-sync-trace: count=33600 backend=CUDA0 caller=ggml_backend_sched_synchronize+0x62

=== CUDA SYNC PROFILE (instrumentation only) ===
total_syncs = 33600
total_wait_ms = 18599.629
max_wait_us = 141865
sites = 5
wait_hist_us = logarithmic buckets
  hist[0] = 30585
  hist[1] = 1672
  hist[2] = 70
  hist[3] = 31
  hist[4] = 19
  hist[5] = 1
  hist[9] = 235
  hist[10] = 492
  hist[11] = 87
  hist[14] = 132
  hist[15] = 241
  hist[16] = 34
  hist[17] = 1
by_callsite (caller PC; symbolize with addr2line):
   0 caller=0x78b11f95c0d2 calls=13585 total_ms=18588.383 avg_us=1368.302 max_us=141865
   1 caller=0x78b11f96098c calls=11030 total_ms=4.447 avg_us=0.403 max_us=26
   2 caller=0x78b11f96089c calls=4084 total_ms=3.619 avg_us=0.886 max_us=29
   3 caller=0x78b11f960abd calls=4084 total_ms=1.604 avg_us=0.393 max_us=25
   4 caller=0x78b11f95f852 calls=817 total_ms=1.576 avg_us=1.929 max_us=15
direct_cudaStreamSynchronize: calls=14646 total_ms=65.824 max_us=2532
by_direct_callsite (file:line):
   0 /opt/llama.cpp/ggml/src/ggml-cuda/ggml-cuda.cu:839 calls=14293 total_ms=59.553 avg_us=4.167 max_us=354
   1 /opt/llama.cpp/ggml/src/ggml-cuda/ggml-cuda.cu:900 calls=12 total_ms=5.841 avg_us=486.750 max_us=2532
   2 /opt/llama.cpp/ggml/src/ggml-cuda/ggml-cuda.cu:2665 calls=191 total_ms=0.280 avg_us=1.466 max_us=28
   3 /opt/llama.cpp/ggml/src/ggml-cuda/ggml-cuda.cu:847 calls=150 total_ms=0.150 avg_us=1.000 max_us=3
=== END CUDA SYNC PROFILE ===
backend-sync-trace: count=33700 backend=CUDA0 caller=0x78b11f95f852

=== CUDA SYNC PROFILE (instrumentation only) ===
total_syncs = 33700
total_wait_ms = 18643.316
max_wait_us = 141865
sites = 5
wait_hist_us = logarithmic buckets
  hist[0] = 30678
  hist[1] = 1676
  hist[2] = 70
  hist[3] = 31
  hist[4] = 19
  hist[5] = 1
  hist[9] = 235
  hist[10] = 494
  hist[11] = 87
  hist[14] = 132
  hist[15] = 242
  hist[16] = 34
  hist[17] = 1
by_callsite (caller PC; symbolize with addr2line):
   0 caller=0x78b11f95c0d2 calls=13635 total_ms=18632.046 avg_us=1366.487 max_us=141865
   1 caller=0x78b11f96098c calls=11057 total_ms=4.457 avg_us=0.403 max_us=26
   2 caller=0x78b11f96089c calls=4094 total_ms=3.626 avg_us=0.886 max_us=29
   3 caller=0x78b11f960abd calls=4094 total_ms=1.606 avg_us=0.392 max_us=25
   4 caller=0x78b11f95f852 calls=820 total_ms=1.581 avg_us=1.928 max_us=15
direct_cudaStreamSynchronize: calls=14681 total_ms=65.967 max_us=2532
by_direct_callsite (file:line):
   0 /opt/llama.cpp/ggml/src/ggml-cuda/ggml-cuda.cu:839 calls=14328 total_ms=59.696 avg_us=4.166 max_us=354
   1 /opt/llama.cpp/ggml/src/ggml-cuda/ggml-cuda.cu:900 calls=12 total_ms=5.841 avg_us=486.750 max_us=2532
   2 /opt/llama.cpp/ggml/src/ggml-cuda/ggml-cuda.cu:2665 calls=191 total_ms=0.280 avg_us=1.466 max_us=28
   3 /opt/llama.cpp/ggml/src/ggml-cuda/ggml-cuda.cu:847 calls=150 total_ms=0.150 avg_us=1.000 max_us=3
=== END CUDA SYNC PROFILE ===

=== CUDA SYNC PROFILE (instrumentation only) ===
total_syncs = 33742
total_wait_ms = 18647.010
max_wait_us = 141865
sites = 5
wait_hist_us = logarithmic buckets
  hist[0] = 30715
  hist[1] = 1679
  hist[2] = 70
  hist[3] = 31
  hist[4] = 19
  hist[5] = 1
  hist[9] = 235
  hist[10] = 496
  hist[11] = 87
  hist[14] = 132
  hist[15] = 242
  hist[16] = 34
  hist[17] = 1
by_callsite (caller PC; symbolize with addr2line):
   0 caller=0x78b11f95c0d2 calls=13649 total_ms=18635.722 avg_us=1365.354 max_us=141865
   1 caller=0x78b11f96098c calls=11069 total_ms=4.462 avg_us=0.403 max_us=26
   2 caller=0x78b11f96089c calls=4102 total_ms=3.636 avg_us=0.886 max_us=29
   3 caller=0x78b11f960abd calls=4102 total_ms=1.609 avg_us=0.392 max_us=25
   4 caller=0x78b11f95f852 calls=820 total_ms=1.581 avg_us=1.928 max_us=15
direct_cudaStreamSynchronize: calls=14700 total_ms=66.052 max_us=2532
by_direct_callsite (file:line):
   0 /opt/llama.cpp/ggml/src/ggml-cuda/ggml-cuda.cu:839 calls=14347 total_ms=59.781 avg_us=4.167 max_us=354
   1 /opt/llama.cpp/ggml/src/ggml-cuda/ggml-cuda.cu:900 calls=12 total_ms=5.841 avg_us=486.750 max_us=2532
   2 /opt/llama.cpp/ggml/src/ggml-cuda/ggml-cuda.cu:2665 calls=191 total_ms=0.280 avg_us=1.466 max_us=28
   3 /opt/llama.cpp/ggml/src/ggml-cuda/ggml-cuda.cu:847 calls=150 total_ms=0.150 avg_us=1.000 max_us=3
=== END CUDA SYNC PROFILE ===
backend-sync-trace: count=33800 backend=CUDA0 caller=ggml_backend_sched_synchronize+0x62

=== CUDA SYNC PROFILE (instrumentation only) ===
total_syncs = 33800
total_wait_ms = 18706.120
max_wait_us = 141865
sites = 5
wait_hist_us = logarithmic buckets
  hist[0] = 30768
  hist[1] = 1682
  hist[2] = 70
  hist[3] = 31
  hist[4] = 19
  hist[5] = 1
  hist[9] = 236
  hist[10] = 496
  hist[11] = 87
  hist[14] = 132
  hist[15] = 243
  hist[16] = 34
  hist[17] = 1
by_callsite (caller PC; symbolize with addr2line):
   0 caller=0x78b11f95c0d2 calls=13678 total_ms=18694.815 avg_us=1366.780 max_us=141865
   1 caller=0x78b11f96098c calls=11088 total_ms=4.471 avg_us=0.403 max_us=26
   2 caller=0x78b11f96089c calls=4106 total_ms=3.639 avg_us=0.886 max_us=29
   3 caller=0x78b11f960abd calls=4106 total_ms=1.610 avg_us=0.392 max_us=25
   4 caller=0x78b11f95f852 calls=822 total_ms=1.585 avg_us=1.928 max_us=15
direct_cudaStreamSynchronize: calls=14722 total_ms=66.152 max_us=2532
by_direct_callsite (file:line):
   0 /opt/llama.cpp/ggml/src/ggml-cuda/ggml-cuda.cu:839 calls=14369 total_ms=59.881 avg_us=4.167 max_us=354
   1 /opt/llama.cpp/ggml/src/ggml-cuda/ggml-cuda.cu:900 calls=12 total_ms=5.841 avg_us=486.750 max_us=2532
   2 /opt/llama.cpp/ggml/src/ggml-cuda/ggml-cuda.cu:2665 calls=191 total_ms=0.280 avg_us=1.466 max_us=28
   3 /opt/llama.cpp/ggml/src/ggml-cuda/ggml-cuda.cu:847 calls=150 total_ms=0.150 avg_us=1.000 max_us=3
=== END CUDA SYNC PROFILE ===
backend-sync-trace: count=33900 backend=CUDA0 caller=ggml_backend_sched_graph_compute_async_ext+0xecc

=== CUDA SYNC PROFILE (instrumentation only) ===
total_syncs = 33900
total_wait_ms = 18751.754
max_wait_us = 141865
sites = 5
wait_hist_us = logarithmic buckets
  hist[0] = 30861
  hist[1] = 1685
  hist[2] = 70
  hist[3] = 31
  hist[4] = 19
  hist[5] = 1
  hist[9] = 237
  hist[10] = 498
  hist[11] = 87
  hist[14] = 132
  hist[15] = 244
  hist[16] = 34
  hist[17] = 1
by_callsite (caller PC; symbolize with addr2line):
   0 caller=0x78b11f95c0d2 calls=13711 total_ms=18740.412 avg_us=1366.816 max_us=141865
   1 caller=0x78b11f96098c calls=11121 total_ms=4.483 avg_us=0.403 max_us=26
   2 caller=0x78b11f96089c calls=4122 total_ms=3.652 avg_us=0.886 max_us=29
   3 caller=0x78b11f960abd calls=4122 total_ms=1.619 avg_us=0.393 max_us=25
   4 caller=0x78b11f95f852 calls=824 total_ms=1.588 avg_us=1.927 max_us=15
direct_cudaStreamSynchronize: calls=14767 total_ms=66.328 max_us=2532
by_direct_callsite (file:line):
   0 /opt/llama.cpp/ggml/src/ggml-cuda/ggml-cuda.cu:839 calls=14414 total_ms=60.057 avg_us=4.167 max_us=354
   1 /opt/llama.cpp/ggml/src/ggml-cuda/ggml-cuda.cu:900 calls=12 total_ms=5.841 avg_us=486.750 max_us=2532
   2 /opt/llama.cpp/ggml/src/ggml-cuda/ggml-cuda.cu:2665 calls=191 total_ms=0.280 avg_us=1.466 max_us=28
   3 /opt/llama.cpp/ggml/src/ggml-cuda/ggml-cuda.cu:847 calls=150 total_ms=0.150 avg_us=1.000 max_us=3
=== END CUDA SYNC PROFILE ===

=== CUDA SYNC PROFILE (instrumentation only) ===
total_syncs = 33980
total_wait_ms = 18791.091
max_wait_us = 141865
sites = 5
wait_hist_us = logarithmic buckets
  hist[0] = 30936
  hist[1] = 1687
  hist[2] = 70
  hist[3] = 31
  hist[4] = 19
  hist[5] = 1
  hist[9] = 237
  hist[10] = 499
  hist[11] = 88
  hist[14] = 132
  hist[15] = 245
  hist[16] = 34
  hist[17] = 1
by_callsite (caller PC; symbolize with addr2line):
   0 caller=0x78b11f95c0d2 calls=13748 total_ms=18779.725 avg_us=1365.997 max_us=141865
   1 caller=0x78b11f96098c calls=11146 total_ms=4.494 avg_us=0.403 max_us=26
   2 caller=0x78b11f96089c calls=4130 total_ms=3.659 avg_us=0.886 max_us=29
   3 caller=0x78b11f960abd calls=4130 total_ms=1.622 avg_us=0.393 max_us=25
   4 caller=0x78b11f95f852 calls=826 total_ms=1.591 avg_us=1.926 max_us=15
direct_cudaStreamSynchronize: calls=14800 total_ms=66.462 max_us=2532
by_direct_callsite (file:line):
   0 /opt/llama.cpp/ggml/src/ggml-cuda/ggml-cuda.cu:839 calls=14447 total_ms=60.191 avg_us=4.166 max_us=354
   1 /opt/llama.cpp/ggml/src/ggml-cuda/ggml-cuda.cu:900 calls=12 total_ms=5.841 avg_us=486.750 max_us=2532
   2 /opt/llama.cpp/ggml/src/ggml-cuda/ggml-cuda.cu:2665 calls=191 total_ms=0.280 avg_us=1.466 max_us=28
   3 /opt/llama.cpp/ggml/src/ggml-cuda/ggml-cuda.cu:847 calls=150 total_ms=0.150 avg_us=1.000 max_us=3
=== END CUDA SYNC PROFILE ===
backend-sync-trace: count=34000 backend=CUDA0 caller=ggml_backend_sched_synchronize+0x62

=== CUDA SYNC PROFILE (instrumentation only) ===
total_syncs = 34000
total_wait_ms = 18819.595
max_wait_us = 141865
sites = 5
wait_hist_us = logarithmic buckets
  hist[0] = 30955
  hist[1] = 1687
  hist[2] = 70
  hist[3] = 31
  hist[4] = 19
  hist[5] = 1
  hist[9] = 237
  hist[10] = 499
  hist[11] = 88
  hist[14] = 133
  hist[15] = 245
  hist[16] = 34
  hist[17] = 1
by_callsite (caller PC; symbolize with addr2line):
   0 caller=0x78b11f95c0d2 calls=13749 total_ms=18808.222 avg_us=1367.970 max_us=141865
   1 caller=0x78b11f96098c calls=11161 total_ms=4.500 avg_us=0.403 max_us=26
   2 caller=0x78b11f96089c calls=4132 total_ms=3.660 avg_us=0.886 max_us=29
   3 caller=0x78b11f960abd calls=4132 total_ms=1.622 avg_us=0.393 max_us=25
   4 caller=0x78b11f95f852 calls=826 total_ms=1.591 avg_us=1.926 max_us=15
direct_cudaStreamSynchronize: calls=14816 total_ms=66.527 max_us=2532
by_direct_callsite (file:line):
   0 /opt/llama.cpp/ggml/src/ggml-cuda/ggml-cuda.cu:839 calls=14463 total_ms=60.256 avg_us=4.166 max_us=354
   1 /opt/llama.cpp/ggml/src/ggml-cuda/ggml-cuda.cu:900 calls=12 total_ms=5.841 avg_us=486.750 max_us=2532
   2 /opt/llama.cpp/ggml/src/ggml-cuda/ggml-cuda.cu:2665 calls=191 total_ms=0.280 avg_us=1.466 max_us=28
   3 /opt/llama.cpp/ggml/src/ggml-cuda/ggml-cuda.cu:847 calls=150 total_ms=0.150 avg_us=1.000 max_us=3
=== END CUDA SYNC PROFILE ===
backend-sync-trace: count=34100 backend=CUDA0 caller=ggml_backend_sched_graph_compute_async_ext+0xecc

=== CUDA SYNC PROFILE (instrumentation only) ===
total_syncs = 34100
total_wait_ms = 18862.530
max_wait_us = 141865
sites = 5
wait_hist_us = logarithmic buckets
  hist[0] = 31045
  hist[1] = 1693
  hist[2] = 71
  hist[3] = 31
  hist[4] = 19
  hist[5] = 1
  hist[9] = 238
  hist[10] = 500
  hist[11] = 88
  hist[14] = 133
  hist[15] = 246
  hist[16] = 34
  hist[17] = 1
by_callsite (caller PC; symbolize with addr2line):
   0 caller=0x78b11f95c0d2 calls=13784 total_ms=18851.120 avg_us=1367.609 max_us=141865
   1 caller=0x78b11f96098c calls=11194 total_ms=4.512 avg_us=0.403 max_us=26
   2 caller=0x78b11f96089c calls=4146 total_ms=3.671 avg_us=0.885 max_us=29
   3 caller=0x78b11f960abd calls=4146 total_ms=1.628 avg_us=0.393 max_us=25
   4 caller=0x78b11f95f852 calls=830 total_ms=1.599 avg_us=1.927 max_us=15
direct_cudaStreamSynchronize: calls=14859 total_ms=66.703 max_us=2532
by_direct_callsite (file:line):
   0 /opt/llama.cpp/ggml/src/ggml-cuda/ggml-cuda.cu:839 calls=14506 total_ms=60.432 avg_us=4.166 max_us=354
   1 /opt/llama.cpp/ggml/src/ggml-cuda/ggml-cuda.cu:900 calls=12 total_ms=5.841 avg_us=486.750 max_us=2532
   2 /opt/llama.cpp/ggml/src/ggml-cuda/ggml-cuda.cu:2665 calls=191 total_ms=0.280 avg_us=1.466 max_us=28
   3 /opt/llama.cpp/ggml/src/ggml-cuda/ggml-cuda.cu:847 calls=150 total_ms=0.150 avg_us=1.000 max_us=3
=== END CUDA SYNC PROFILE ===
1.27.257.396 I slot print_timing: id  0 | task 0 | n_gen =    959, tg =  45.22 t/s, tg_3s =  49.27 t/s

=== CUDA SYNC PROFILE (instrumentation only) ===
total_syncs = 34194
total_wait_ms = 18900.383
max_wait_us = 141865
sites = 5
wait_hist_us = logarithmic buckets
  hist[0] = 31132
  hist[1] = 1696
  hist[2] = 71
  hist[3] = 31
  hist[4] = 19
  hist[5] = 1
  hist[9] = 239
  hist[10] = 502
  hist[11] = 88
  hist[14] = 133
  hist[15] = 247
  hist[16] = 34
  hist[17] = 1
by_callsite (caller PC; symbolize with addr2line):
   0 caller=0x78b11f95c0d2 calls=13822 total_ms=18888.949 avg_us=1366.586 max_us=141865
   1 caller=0x78b11f96098c calls=11224 total_ms=4.521 avg_us=0.403 max_us=26
   2 caller=0x78b11f96089c calls=4158 total_ms=3.682 avg_us=0.886 max_us=29
   3 caller=0x78b11f960abd calls=4158 total_ms=1.629 avg_us=0.392 max_us=25
   4 caller=0x78b11f95f852 calls=832 total_ms=1.602 avg_us=1.925 max_us=15
direct_cudaStreamSynchronize: calls=14900 total_ms=66.865 max_us=2532
by_direct_callsite (file:line):
   0 /opt/llama.cpp/ggml/src/ggml-cuda/ggml-cuda.cu:839 calls=14547 total_ms=60.594 avg_us=4.165 max_us=354
   1 /opt/llama.cpp/ggml/src/ggml-cuda/ggml-cuda.cu:900 calls=12 total_ms=5.841 avg_us=486.750 max_us=2532
   2 /opt/llama.cpp/ggml/src/ggml-cuda/ggml-cuda.cu:2665 calls=191 total_ms=0.280 avg_us=1.466 max_us=28
   3 /opt/llama.cpp/ggml/src/ggml-cuda/ggml-cuda.cu:847 calls=150 total_ms=0.150 avg_us=1.000 max_us=3
=== END CUDA SYNC PROFILE ===
backend-sync-trace: count=34200 backend=CUDA0 caller=ggml_backend_sched_synchronize+0x62

=== CUDA SYNC PROFILE (instrumentation only) ===
total_syncs = 34200
total_wait_ms = 18901.807
max_wait_us = 141865
sites = 5
wait_hist_us = logarithmic buckets
  hist[0] = 31137
  hist[1] = 1696
  hist[2] = 71
  hist[3] = 31
  hist[4] = 19
  hist[5] = 1
  hist[9] = 239
  hist[10] = 503
  hist[11] = 88
  hist[14] = 133
  hist[15] = 247
  hist[16] = 34
  hist[17] = 1
by_callsite (caller PC; symbolize with addr2line):
   0 caller=0x78b11f95c0d2 calls=13825 total_ms=18890.372 avg_us=1366.392 max_us=141865
   1 caller=0x78b11f96098c calls=11227 total_ms=4.522 avg_us=0.403 max_us=26
   2 caller=0x78b11f96089c calls=4158 total_ms=3.682 avg_us=0.886 max_us=29
   3 caller=0x78b11f960abd calls=4158 total_ms=1.629 avg_us=0.392 max_us=25
   4 caller=0x78b11f95f852 calls=832 total_ms=1.602 avg_us=1.925 max_us=15
direct_cudaStreamSynchronize: calls=14903 total_ms=66.873 max_us=2532
by_direct_callsite (file:line):
   0 /opt/llama.cpp/ggml/src/ggml-cuda/ggml-cuda.cu:839 calls=14550 total_ms=60.602 avg_us=4.165 max_us=354
   1 /opt/llama.cpp/ggml/src/ggml-cuda/ggml-cuda.cu:900 calls=12 total_ms=5.841 avg_us=486.750 max_us=2532
   2 /opt/llama.cpp/ggml/src/ggml-cuda/ggml-cuda.cu:2665 calls=191 total_ms=0.280 avg_us=1.466 max_us=28
   3 /opt/llama.cpp/ggml/src/ggml-cuda/ggml-cuda.cu:847 calls=150 total_ms=0.150 avg_us=1.000 max_us=3
=== END CUDA SYNC PROFILE ===
backend-sync-trace: count=34300 backend=CUDA0 caller=ggml_backend_sched_graph_compute_async_ext+0xecc

=== CUDA SYNC PROFILE (instrumentation only) ===
total_syncs = 34300
total_wait_ms = 18935.802
max_wait_us = 141865
sites = 5
wait_hist_us = logarithmic buckets
  hist[0] = 31230
  hist[1] = 1700
  hist[2] = 71
  hist[3] = 31
  hist[4] = 19
  hist[5] = 1
  hist[9] = 241
  hist[10] = 503
  hist[11] = 88
  hist[14] = 134
  hist[15] = 247
  hist[16] = 34
  hist[17] = 1
by_callsite (caller PC; symbolize with addr2line):
   0 caller=0x78b11f95c0d2 calls=13854 total_ms=18924.336 avg_us=1365.984 max_us=141865
   1 caller=0x78b11f96098c calls=11268 total_ms=4.535 avg_us=0.402 max_us=26
   2 caller=0x78b11f96089c calls=4172 total_ms=3.693 avg_us=0.885 max_us=29
   3 caller=0x78b11f960abd calls=4172 total_ms=1.632 avg_us=0.391 max_us=25
   4 caller=0x78b11f95f852 calls=834 total_ms=1.606 avg_us=1.926 max_us=15
direct_cudaStreamSynchronize: calls=14954 total_ms=67.091 max_us=2532
by_direct_callsite (file:line):
   0 /opt/llama.cpp/ggml/src/ggml-cuda/ggml-cuda.cu:839 calls=14601 total_ms=60.820 avg_us=4.165 max_us=354
   1 /opt/llama.cpp/ggml/src/ggml-cuda/ggml-cuda.cu:900 calls=12 total_ms=5.841 avg_us=486.750 max_us=2532
   2 /opt/llama.cpp/ggml/src/ggml-cuda/ggml-cuda.cu:2665 calls=191 total_ms=0.280 avg_us=1.466 max_us=28
   3 /opt/llama.cpp/ggml/src/ggml-cuda/ggml-cuda.cu:847 calls=150 total_ms=0.150 avg_us=1.000 max_us=3
=== END CUDA SYNC PROFILE ===
backend-sync-trace: count=34400 backend=CUDA0 caller=ggml_backend_sched_synchronize+0x62

=== CUDA SYNC PROFILE (instrumentation only) ===
total_syncs = 34400
total_wait_ms = 19005.235
max_wait_us = 141865
sites = 5
wait_hist_us = logarithmic buckets
  hist[0] = 31320
  hist[1] = 1706
  hist[2] = 71
  hist[3] = 31
  hist[4] = 19
  hist[5] = 1
  hist[9] = 243
  hist[10] = 503
  hist[11] = 88
  hist[14] = 135
  hist[15] = 248
  hist[16] = 34
  hist[17] = 1
by_callsite (caller PC; symbolize with addr2line):
   0 caller=0x78b11f95c0d2 calls=13895 total_ms=18993.740 avg_us=1366.948 max_us=141865
   1 caller=0x78b11f96098c calls=11300 total_ms=4.546 avg_us=0.402 max_us=26
   2 caller=0x78b11f96089c calls=4184 total_ms=3.701 avg_us=0.885 max_us=29
   3 caller=0x78b11f960abd calls=4184 total_ms=1.637 avg_us=0.391 max_us=25
   4 caller=0x78b11f95f852 calls=837 total_ms=1.611 avg_us=1.925 max_us=15
direct_cudaStreamSynchronize: calls=14996 total_ms=67.261 max_us=2532
by_direct_callsite (file:line):
   0 /opt/llama.cpp/ggml/src/ggml-cuda/ggml-cuda.cu:839 calls=14643 total_ms=60.990 avg_us=4.165 max_us=354
   1 /opt/llama.cpp/ggml/src/ggml-cuda/ggml-cuda.cu:900 calls=12 total_ms=5.841 avg_us=486.750 max_us=2532
   2 /opt/llama.cpp/ggml/src/ggml-cuda/ggml-cuda.cu:2665 calls=191 total_ms=0.280 avg_us=1.466 max_us=28
   3 /opt/llama.cpp/ggml/src/ggml-cuda/ggml-cuda.cu:847 calls=150 total_ms=0.150 avg_us=1.000 max_us=3
=== END CUDA SYNC PROFILE ===

=== CUDA SYNC PROFILE (instrumentation only) ===
total_syncs = 34414
total_wait_ms = 19005.245
max_wait_us = 141865
sites = 5
wait_hist_us = logarithmic buckets
  hist[0] = 31333
  hist[1] = 1707
  hist[2] = 71
  hist[3] = 31
  hist[4] = 19
  hist[5] = 1
  hist[9] = 243
  hist[10] = 503
  hist[11] = 88
  hist[14] = 135
  hist[15] = 248
  hist[16] = 34
  hist[17] = 1
by_callsite (caller PC; symbolize with addr2line):
   0 caller=0x78b11f95c0d2 calls=13902 total_ms=18993.746 avg_us=1366.260 max_us=141865
   1 caller=0x78b11f96098c calls=11302 total_ms=4.546 avg_us=0.402 max_us=26
   2 caller=0x78b11f96089c calls=4186 total_ms=3.703 avg_us=0.885 max_us=29
   3 caller=0x78b11f960abd calls=4186 total_ms=1.637 avg_us=0.391 max_us=25
   4 caller=0x78b11f95f852 calls=838 total_ms=1.613 avg_us=1.925 max_us=15
direct_cudaStreamSynchronize: calls=15000 total_ms=67.274 max_us=2532
by_direct_callsite (file:line):
   0 /opt/llama.cpp/ggml/src/ggml-cuda/ggml-cuda.cu:839 calls=14647 total_ms=61.003 avg_us=4.165 max_us=354
   1 /opt/llama.cpp/ggml/src/ggml-cuda/ggml-cuda.cu:900 calls=12 total_ms=5.841 avg_us=486.750 max_us=2532
   2 /opt/llama.cpp/ggml/src/ggml-cuda/ggml-cuda.cu:2665 calls=191 total_ms=0.280 avg_us=1.466 max_us=28
   3 /opt/llama.cpp/ggml/src/ggml-cuda/ggml-cuda.cu:847 calls=150 total_ms=0.150 avg_us=1.000 max_us=3
=== END CUDA SYNC PROFILE ===
backend-sync-trace: count=34500 backend=CUDA0 caller=ggml_backend_sched_graph_compute_async_ext+0xddc

=== CUDA SYNC PROFILE (instrumentation only) ===
total_syncs = 34500
total_wait_ms = 19053.743
max_wait_us = 141865
sites = 5
wait_hist_us = logarithmic buckets
  hist[0] = 31410
  hist[1] = 1712
  hist[2] = 71
  hist[3] = 31
  hist[4] = 19
  hist[5] = 1
  hist[9] = 243
  hist[10] = 506
  hist[11] = 88
  hist[14] = 135
  hist[15] = 249
  hist[16] = 34
  hist[17] = 1
by_callsite (caller PC; symbolize with addr2line):
   0 caller=0x78b11f95c0d2 calls=13934 total_ms=19042.216 avg_us=1366.601 max_us=141865
   1 caller=0x78b11f96098c calls=11331 total_ms=4.556 avg_us=0.402 max_us=26
   2 caller=0x78b11f96089c calls=4198 total_ms=3.711 avg_us=0.884 max_us=29
   3 caller=0x78b11f960abd calls=4197 total_ms=1.643 avg_us=0.391 max_us=25
   4 caller=0x78b11f95f852 calls=840 total_ms=1.617 avg_us=1.925 max_us=15
direct_cudaStreamSynchronize: calls=15038 total_ms=67.426 max_us=2532
by_direct_callsite (file:line):
   0 /opt/llama.cpp/ggml/src/ggml-cuda/ggml-cuda.cu:839 calls=14685 total_ms=61.155 avg_us=4.164 max_us=354
   1 /opt/llama.cpp/ggml/src/ggml-cuda/ggml-cuda.cu:900 calls=12 total_ms=5.841 avg_us=486.750 max_us=2532
   2 /opt/llama.cpp/ggml/src/ggml-cuda/ggml-cuda.cu:2665 calls=191 total_ms=0.280 avg_us=1.466 max_us=28
   3 /opt/llama.cpp/ggml/src/ggml-cuda/ggml-cuda.cu:847 calls=150 total_ms=0.150 avg_us=1.000 max_us=3
=== END CUDA SYNC PROFILE ===
backend-sync-trace: count=34600 backend=CUDA0 caller=ggml_backend_sched_graph_compute_async_ext+0xffd

=== CUDA SYNC PROFILE (instrumentation only) ===
total_syncs = 34600
total_wait_ms = 19093.528
max_wait_us = 141865
sites = 5
wait_hist_us = logarithmic buckets
  hist[0] = 31501
  hist[1] = 1717
  hist[2] = 71
  hist[3] = 31
  hist[4] = 19
  hist[5] = 1
  hist[9] = 244
  hist[10] = 508
  hist[11] = 88
  hist[14] = 135
  hist[15] = 250
  hist[16] = 34
  hist[17] = 1
by_callsite (caller PC; symbolize with addr2line):
   0 caller=0x78b11f95c0d2 calls=13972 total_ms=19081.969 avg_us=1365.729 max_us=141865
   1 caller=0x78b11f96098c calls=11362 total_ms=4.565 avg_us=0.402 max_us=26
   2 caller=0x78b11f96089c calls=4212 total_ms=3.723 avg_us=0.884 max_us=29
   3 caller=0x78b11f960abd calls=4212 total_ms=1.650 avg_us=0.392 max_us=25
   4 caller=0x78b11f95f852 calls=842 total_ms=1.621 avg_us=1.925 max_us=15
direct_cudaStreamSynchronize: calls=15080 total_ms=67.606 max_us=2532
by_direct_callsite (file:line):
   0 /opt/llama.cpp/ggml/src/ggml-cuda/ggml-cuda.cu:839 calls=14727 total_ms=61.335 avg_us=4.165 max_us=354
   1 /opt/llama.cpp/ggml/src/ggml-cuda/ggml-cuda.cu:900 calls=12 total_ms=5.841 avg_us=486.750 max_us=2532
   2 /opt/llama.cpp/ggml/src/ggml-cuda/ggml-cuda.cu:2665 calls=191 total_ms=0.280 avg_us=1.466 max_us=28
   3 /opt/llama.cpp/ggml/src/ggml-cuda/ggml-cuda.cu:847 calls=150 total_ms=0.150 avg_us=1.000 max_us=3
=== END CUDA SYNC PROFILE ===

=== CUDA SYNC PROFILE (instrumentation only) ===
total_syncs = 34624
total_wait_ms = 19138.477
max_wait_us = 141865
sites = 5
wait_hist_us = logarithmic buckets
  hist[0] = 31522
  hist[1] = 1719
  hist[2] = 71
  hist[3] = 31
  hist[4] = 19
  hist[5] = 1
  hist[9] = 244
  hist[10] = 508
  hist[11] = 88
  hist[14] = 135
  hist[15] = 251
  hist[16] = 34
  hist[17] = 1
by_callsite (caller PC; symbolize with addr2line):
   0 caller=0x78b11f95c0d2 calls=13974 total_ms=19126.909 avg_us=1368.750 max_us=141865
   1 caller=0x78b11f96098c calls=11379 total_ms=4.571 avg_us=0.402 max_us=26
   2 caller=0x78b11f96089c calls=4214 total_ms=3.724 avg_us=0.884 max_us=29
   3 caller=0x78b11f960abd calls=4214 total_ms=1.650 avg_us=0.392 max_us=25
   4 caller=0x78b11f95f852 calls=843 total_ms=1.623 avg_us=1.925 max_us=15
direct_cudaStreamSynchronize: calls=15100 total_ms=67.698 max_us=2532
by_direct_callsite (file:line):
   0 /opt/llama.cpp/ggml/src/ggml-cuda/ggml-cuda.cu:839 calls=14747 total_ms=61.427 avg_us=4.165 max_us=354
   1 /opt/llama.cpp/ggml/src/ggml-cuda/ggml-cuda.cu:900 calls=12 total_ms=5.841 avg_us=486.750 max_us=2532
   2 /opt/llama.cpp/ggml/src/ggml-cuda/ggml-cuda.cu:2665 calls=191 total_ms=0.280 avg_us=1.466 max_us=28
   3 /opt/llama.cpp/ggml/src/ggml-cuda/ggml-cuda.cu:847 calls=150 total_ms=0.150 avg_us=1.000 max_us=3
=== END CUDA SYNC PROFILE ===
backend-sync-trace: count=34700 backend=CUDA0 caller=ggml_backend_sched_graph_compute_async_ext+0xecc

=== CUDA SYNC PROFILE (instrumentation only) ===
total_syncs = 34700
total_wait_ms = 19141.728
max_wait_us = 141865
sites = 5
wait_hist_us = logarithmic buckets
  hist[0] = 31594
  hist[1] = 1721
  hist[2] = 71
  hist[3] = 31
  hist[4] = 19
  hist[5] = 1
  hist[9] = 244
  hist[10] = 510
  hist[11] = 88
  hist[14] = 135
  hist[15] = 251
  hist[16] = 34
  hist[17] = 1
by_callsite (caller PC; symbolize with addr2line):
   0 caller=0x78b11f95c0d2 calls=14009 total_ms=19130.139 avg_us=1365.561 max_us=141865
   1 caller=0x78b11f96098c calls=11403 total_ms=4.578 avg_us=0.401 max_us=26
   2 caller=0x78b11f96089c calls=4222 total_ms=3.732 avg_us=0.884 max_us=29
   3 caller=0x78b11f960abd calls=4222 total_ms=1.654 avg_us=0.392 max_us=25
   4 caller=0x78b11f95f852 calls=844 total_ms=1.625 avg_us=1.925 max_us=15
direct_cudaStreamSynchronize: calls=15129 total_ms=67.810 max_us=2532
by_direct_callsite (file:line):
   0 /opt/llama.cpp/ggml/src/ggml-cuda/ggml-cuda.cu:839 calls=14776 total_ms=61.539 avg_us=4.165 max_us=354
   1 /opt/llama.cpp/ggml/src/ggml-cuda/ggml-cuda.cu:900 calls=12 total_ms=5.841 avg_us=486.750 max_us=2532
   2 /opt/llama.cpp/ggml/src/ggml-cuda/ggml-cuda.cu:2665 calls=191 total_ms=0.280 avg_us=1.466 max_us=28
   3 /opt/llama.cpp/ggml/src/ggml-cuda/ggml-cuda.cu:847 calls=150 total_ms=0.150 avg_us=1.000 max_us=3
=== END CUDA SYNC PROFILE ===
backend-sync-trace: count=34800 backend=CUDA0 caller=ggml_backend_sched_synchronize+0x62

=== CUDA SYNC PROFILE (instrumentation only) ===
total_syncs = 34800
total_wait_ms = 19250.836
max_wait_us = 141865
sites = 5
wait_hist_us = logarithmic buckets
  hist[0] = 31685
  hist[1] = 1726
  hist[2] = 71
  hist[3] = 31
  hist[4] = 19
  hist[5] = 1
  hist[9] = 244
  hist[10] = 511
  hist[11] = 89
  hist[14] = 135
  hist[15] = 253
  hist[16] = 34
  hist[17] = 1
by_callsite (caller PC; symbolize with addr2line):
   0 caller=0x78b11f95c0d2 calls=14050 total_ms=19239.221 avg_us=1369.340 max_us=141865
   1 caller=0x78b11f96098c calls=11435 total_ms=4.588 avg_us=0.401 max_us=26
   2 caller=0x78b11f96089c calls=4234 total_ms=3.741 avg_us=0.884 max_us=29
   3 caller=0x78b11f960abd calls=4234 total_ms=1.657 avg_us=0.391 max_us=25
   4 caller=0x78b11f95f852 calls=847 total_ms=1.629 avg_us=1.923 max_us=15
direct_cudaStreamSynchronize: calls=15171 total_ms=67.981 max_us=2532
by_direct_callsite (file:line):
   0 /opt/llama.cpp/ggml/src/ggml-cuda/ggml-cuda.cu:839 calls=14818 total_ms=61.710 avg_us=4.165 max_us=354
   1 /opt/llama.cpp/ggml/src/ggml-cuda/ggml-cuda.cu:900 calls=12 total_ms=5.841 avg_us=486.750 max_us=2532
   2 /opt/llama.cpp/ggml/src/ggml-cuda/ggml-cuda.cu:2665 calls=191 total_ms=0.280 avg_us=1.466 max_us=28
   3 /opt/llama.cpp/ggml/src/ggml-cuda/ggml-cuda.cu:847 calls=150 total_ms=0.150 avg_us=1.000 max_us=3
=== END CUDA SYNC PROFILE ===

=== CUDA SYNC PROFILE (instrumentation only) ===
total_syncs = 34854
total_wait_ms = 19252.953
max_wait_us = 141865
sites = 5
wait_hist_us = logarithmic buckets
  hist[0] = 31736
  hist[1] = 1727
  hist[2] = 71
  hist[3] = 31
  hist[4] = 19
  hist[5] = 1
  hist[9] = 245
  hist[10] = 512
  hist[11] = 89
  hist[14] = 135
  hist[15] = 253
  hist[16] = 34
  hist[17] = 1
by_callsite (caller PC; symbolize with addr2line):
   0 caller=0x78b11f95c0d2 calls=14065 total_ms=19241.323 avg_us=1368.029 max_us=141865
   1 caller=0x78b11f96098c calls=11457 total_ms=4.595 avg_us=0.401 max_us=26
   2 caller=0x78b11f96089c calls=4242 total_ms=3.747 avg_us=0.883 max_us=29
   3 caller=0x78b11f960abd calls=4242 total_ms=1.658 avg_us=0.391 max_us=25
   4 caller=0x78b11f95f852 calls=848 total_ms=1.630 avg_us=1.922 max_us=15
direct_cudaStreamSynchronize: calls=15200 total_ms=68.093 max_us=2532
by_direct_callsite (file:line):
   0 /opt/llama.cpp/ggml/src/ggml-cuda/ggml-cuda.cu:839 calls=14847 total_ms=61.822 avg_us=4.164 max_us=354
   1 /opt/llama.cpp/ggml/src/ggml-cuda/ggml-cuda.cu:900 calls=12 total_ms=5.841 avg_us=486.750 max_us=2532
   2 /opt/llama.cpp/ggml/src/ggml-cuda/ggml-cuda.cu:2665 calls=191 total_ms=0.280 avg_us=1.466 max_us=28
   3 /opt/llama.cpp/ggml/src/ggml-cuda/ggml-cuda.cu:847 calls=150 total_ms=0.150 avg_us=1.000 max_us=3
=== END CUDA SYNC PROFILE ===
backend-sync-trace: count=34900 backend=CUDA0 caller=ggml_backend_sched_graph_compute_async_ext+0xddc

=== CUDA SYNC PROFILE (instrumentation only) ===
total_syncs = 34900
total_wait_ms = 19283.118
max_wait_us = 141865
sites = 5
wait_hist_us = logarithmic buckets
  hist[0] = 31779
  hist[1] = 1728
  hist[2] = 71
  hist[3] = 31
  hist[4] = 19
  hist[5] = 1
  hist[9] = 245
  hist[10] = 513
  hist[11] = 89
  hist[14] = 136
  hist[15] = 253
  hist[16] = 34
  hist[17] = 1
by_callsite (caller PC; symbolize with addr2line):
   0 caller=0x78b11f95c0d2 calls=14089 total_ms=19271.478 avg_us=1367.839 max_us=141865
   1 caller=0x78b11f96098c calls=11466 total_ms=4.597 avg_us=0.401 max_us=26
   2 caller=0x78b11f96089c calls=4248 total_ms=3.751 avg_us=0.883 max_us=29
   3 caller=0x78b11f960abd calls=4247 total_ms=1.659 avg_us=0.391 max_us=25
   4 caller=0x78b11f95f852 calls=850 total_ms=1.633 avg_us=1.921 max_us=15
direct_cudaStreamSynchronize: calls=15213 total_ms=68.146 max_us=2532
by_direct_callsite (file:line):
   0 /opt/llama.cpp/ggml/src/ggml-cuda/ggml-cuda.cu:839 calls=14860 total_ms=61.875 avg_us=4.164 max_us=354
   1 /opt/llama.cpp/ggml/src/ggml-cuda/ggml-cuda.cu:900 calls=12 total_ms=5.841 avg_us=486.750 max_us=2532
   2 /opt/llama.cpp/ggml/src/ggml-cuda/ggml-cuda.cu:2665 calls=191 total_ms=0.280 avg_us=1.466 max_us=28
   3 /opt/llama.cpp/ggml/src/ggml-cuda/ggml-cuda.cu:847 calls=150 total_ms=0.150 avg_us=1.000 max_us=3
=== END CUDA SYNC PROFILE ===
backend-sync-trace: count=35000 backend=CUDA0 caller=ggml_backend_sched_graph_compute_async_ext+0xecc

=== CUDA SYNC PROFILE (instrumentation only) ===
total_syncs = 35000
total_wait_ms = 19344.786
max_wait_us = 141865
sites = 5
wait_hist_us = logarithmic buckets
  hist[0] = 31870
  hist[1] = 1733
  hist[2] = 71
  hist[3] = 31
  hist[4] = 19
  hist[5] = 1
  hist[9] = 245
  hist[10] = 514
  hist[11] = 91
  hist[14] = 136
  hist[15] = 254
  hist[16] = 34
  hist[17] = 1
by_callsite (caller PC; symbolize with addr2line):
   0 caller=0x78b11f95c0d2 calls=14121 total_ms=19333.112 avg_us=1369.104 max_us=141865
   1 caller=0x78b11f96098c calls=11503 total_ms=4.610 avg_us=0.401 max_us=26
   2 caller=0x78b11f96089c calls=4262 total_ms=3.761 avg_us=0.882 max_us=29
   3 caller=0x78b11f960abd calls=4262 total_ms=1.666 avg_us=0.391 max_us=25
   4 caller=0x78b11f95f852 calls=852 total_ms=1.637 avg_us=1.921 max_us=15
direct_cudaStreamSynchronize: calls=15261 total_ms=68.348 max_us=2532
by_direct_callsite (file:line):
   0 /opt/llama.cpp/ggml/src/ggml-cuda/ggml-cuda.cu:839 calls=14908 total_ms=62.077 avg_us=4.164 max_us=354
   1 /opt/llama.cpp/ggml/src/ggml-cuda/ggml-cuda.cu:900 calls=12 total_ms=5.841 avg_us=486.750 max_us=2532
   2 /opt/llama.cpp/ggml/src/ggml-cuda/ggml-cuda.cu:2665 calls=191 total_ms=0.280 avg_us=1.466 max_us=28
   3 /opt/llama.cpp/ggml/src/ggml-cuda/ggml-cuda.cu:847 calls=150 total_ms=0.150 avg_us=1.000 max_us=3
=== END CUDA SYNC PROFILE ===

=== CUDA SYNC PROFILE (instrumentation only) ===
total_syncs = 35089
total_wait_ms = 19434.069
max_wait_us = 141865
sites = 5
wait_hist_us = logarithmic buckets
  hist[0] = 31954
  hist[1] = 1735
  hist[2] = 71
  hist[3] = 31
  hist[4] = 19
  hist[5] = 1
  hist[9] = 245
  hist[10] = 516
  hist[11] = 91
  hist[14] = 136
  hist[15] = 254
  hist[16] = 35
  hist[17] = 1
by_callsite (caller PC; symbolize with addr2line):
   0 caller=0x78b11f95c0d2 calls=14158 total_ms=19422.363 avg_us=1371.830 max_us=141865
   1 caller=0x78b11f96098c calls=11533 total_ms=4.625 avg_us=0.401 max_us=26
   2 caller=0x78b11f96089c calls=4272 total_ms=3.772 avg_us=0.883 max_us=29
   3 caller=0x78b11f960abd calls=4272 total_ms=1.669 avg_us=0.391 max_us=25
   4 caller=0x78b11f95f852 calls=854 total_ms=1.640 avg_us=1.920 max_us=15
direct_cudaStreamSynchronize: calls=15300 total_ms=68.501 max_us=2532
by_direct_callsite (file:line):
   0 /opt/llama.cpp/ggml/src/ggml-cuda/ggml-cuda.cu:839 calls=14947 total_ms=62.230 avg_us=4.163 max_us=354
   1 /opt/llama.cpp/ggml/src/ggml-cuda/ggml-cuda.cu:900 calls=12 total_ms=5.841 avg_us=486.750 max_us=2532
   2 /opt/llama.cpp/ggml/src/ggml-cuda/ggml-cuda.cu:2665 calls=191 total_ms=0.280 avg_us=1.466 max_us=28
   3 /opt/llama.cpp/ggml/src/ggml-cuda/ggml-cuda.cu:847 calls=150 total_ms=0.150 avg_us=1.000 max_us=3
=== END CUDA SYNC PROFILE ===
backend-sync-trace: count=35100 backend=CUDA0 caller=ggml_backend_sched_graph_compute_async_ext+0xffd

=== CUDA SYNC PROFILE (instrumentation only) ===
total_syncs = 35100
total_wait_ms = 19488.069
max_wait_us = 141865
sites = 5
wait_hist_us = logarithmic buckets
  hist[0] = 31963
  hist[1] = 1736
  hist[2] = 71
  hist[3] = 31
  hist[4] = 19
  hist[5] = 1
  hist[9] = 245
  hist[10] = 516
  hist[11] = 91
  hist[14] = 136
  hist[15] = 255
  hist[16] = 35
  hist[17] = 1
by_callsite (caller PC; symbolize with addr2line):
   0 caller=0x78b11f95c0d2 calls=14160 total_ms=19476.358 avg_us=1375.449 max_us=141865
   1 caller=0x78b11f96098c calls=11539 total_ms=4.627 avg_us=0.401 max_us=26
   2 caller=0x78b11f96089c calls=4273 total_ms=3.773 avg_us=0.883 max_us=29
   3 caller=0x78b11f960abd calls=4273 total_ms=1.670 avg_us=0.391 max_us=25
   4 caller=0x78b11f95f852 calls=855 total_ms=1.641 avg_us=1.919 max_us=15
direct_cudaStreamSynchronize: calls=15306 total_ms=68.517 max_us=2532
by_direct_callsite (file:line):
   0 /opt/llama.cpp/ggml/src/ggml-cuda/ggml-cuda.cu:839 calls=14953 total_ms=62.246 avg_us=4.163 max_us=354
   1 /opt/llama.cpp/ggml/src/ggml-cuda/ggml-cuda.cu:900 calls=12 total_ms=5.841 avg_us=486.750 max_us=2532
   2 /opt/llama.cpp/ggml/src/ggml-cuda/ggml-cuda.cu:2665 calls=191 total_ms=0.280 avg_us=1.466 max_us=28
   3 /opt/llama.cpp/ggml/src/ggml-cuda/ggml-cuda.cu:847 calls=150 total_ms=0.150 avg_us=1.000 max_us=3
=== END CUDA SYNC PROFILE ===
backend-sync-trace: count=35200 backend=CUDA0 caller=ggml_backend_sched_synchronize+0x62

=== CUDA SYNC PROFILE (instrumentation only) ===
total_syncs = 35200
total_wait_ms = 19545.633
max_wait_us = 141865
sites = 5
wait_hist_us = logarithmic buckets
  hist[0] = 32055
  hist[1] = 1741
  hist[2] = 71
  hist[3] = 31
  hist[4] = 19
  hist[5] = 1
  hist[9] = 245
  hist[10] = 518
  hist[11] = 91
  hist[14] = 136
  hist[15] = 256
  hist[16] = 35
  hist[17] = 1
by_callsite (caller PC; symbolize with addr2line):
   0 caller=0x78b11f95c0d2 calls=14205 total_ms=19533.898 avg_us=1375.142 max_us=141865
   1 caller=0x78b11f96098c calls=11570 total_ms=4.634 avg_us=0.401 max_us=26
   2 caller=0x78b11f96089c calls=4284 total_ms=3.784 avg_us=0.883 max_us=29
   3 caller=0x78b11f960abd calls=4284 total_ms=1.672 avg_us=0.390 max_us=25
   4 caller=0x78b11f95f852 calls=857 total_ms=1.645 avg_us=1.919 max_us=15
direct_cudaStreamSynchronize: calls=15346 total_ms=68.681 max_us=2532
by_direct_callsite (file:line):
   0 /opt/llama.cpp/ggml/src/ggml-cuda/ggml-cuda.cu:839 calls=14993 total_ms=62.410 avg_us=4.163 max_us=354
   1 /opt/llama.cpp/ggml/src/ggml-cuda/ggml-cuda.cu:900 calls=12 total_ms=5.841 avg_us=486.750 max_us=2532
   2 /opt/llama.cpp/ggml/src/ggml-cuda/ggml-cuda.cu:2665 calls=191 total_ms=0.280 avg_us=1.466 max_us=28
   3 /opt/llama.cpp/ggml/src/ggml-cuda/ggml-cuda.cu:847 calls=150 total_ms=0.150 avg_us=1.000 max_us=3
=== END CUDA SYNC PROFILE ===
backend-sync-trace: count=35300 backend=CUDA0 caller=ggml_backend_sched_graph_compute_async_ext+0xecc

=== CUDA SYNC PROFILE (instrumentation only) ===
total_syncs = 35300
total_wait_ms = 19591.382
max_wait_us = 141865
sites = 5
wait_hist_us = logarithmic buckets
  hist[0] = 32147
  hist[1] = 1746
  hist[2] = 71
  hist[3] = 31
  hist[4] = 19
  hist[5] = 1
  hist[9] = 247
  hist[10] = 518
  hist[11] = 91
  hist[14] = 136
  hist[15] = 257
  hist[16] = 35
  hist[17] = 1
by_callsite (caller PC; symbolize with addr2line):
   0 caller=0x78b11f95c0d2 calls=14249 total_ms=19579.620 avg_us=1374.105 max_us=141865
   1 caller=0x78b11f96098c calls=11599 total_ms=4.643 avg_us=0.400 max_us=26
   2 caller=0x78b11f96089c calls=4296 total_ms=3.792 avg_us=0.883 max_us=29
   3 caller=0x78b11f960abd calls=4296 total_ms=1.677 avg_us=0.390 max_us=25
   4 caller=0x78b11f95f852 calls=860 total_ms=1.650 avg_us=1.919 max_us=15
direct_cudaStreamSynchronize: calls=15384 total_ms=68.834 max_us=2532
by_direct_callsite (file:line):
   0 /opt/llama.cpp/ggml/src/ggml-cuda/ggml-cuda.cu:839 calls=15031 total_ms=62.563 avg_us=4.162 max_us=354
   1 /opt/llama.cpp/ggml/src/ggml-cuda/ggml-cuda.cu:900 calls=12 total_ms=5.841 avg_us=486.750 max_us=2532
   2 /opt/llama.cpp/ggml/src/ggml-cuda/ggml-cuda.cu:2665 calls=191 total_ms=0.280 avg_us=1.466 max_us=28
   3 /opt/llama.cpp/ggml/src/ggml-cuda/ggml-cuda.cu:847 calls=150 total_ms=0.150 avg_us=1.000 max_us=3
=== END CUDA SYNC PROFILE ===

=== CUDA SYNC PROFILE (instrumentation only) ===
total_syncs = 35336
total_wait_ms = 19593.748
max_wait_us = 141865
sites = 5
wait_hist_us = logarithmic buckets
  hist[0] = 32180
  hist[1] = 1747
  hist[2] = 71
  hist[3] = 31
  hist[4] = 19
  hist[5] = 1
  hist[9] = 248
  hist[10] = 519
  hist[11] = 91
  hist[14] = 136
  hist[15] = 257
  hist[16] = 35
  hist[17] = 1
by_callsite (caller PC; symbolize with addr2line):
   0 caller=0x78b11f95c0d2 calls=14263 total_ms=19581.975 avg_us=1372.921 max_us=141865
   1 caller=0x78b11f96098c calls=11609 total_ms=4.647 avg_us=0.400 max_us=26
   2 caller=0x78b11f96089c calls=4302 total_ms=3.797 avg_us=0.883 max_us=29
   3 caller=0x78b11f960abd calls=4302 total_ms=1.679 avg_us=0.390 max_us=25
   4 caller=0x78b11f95f852 calls=860 total_ms=1.650 avg_us=1.919 max_us=15
direct_cudaStreamSynchronize: calls=15400 total_ms=68.905 max_us=2532
by_direct_callsite (file:line):
   0 /opt/llama.cpp/ggml/src/ggml-cuda/ggml-cuda.cu:839 calls=15047 total_ms=62.634 avg_us=4.163 max_us=354
   1 /opt/llama.cpp/ggml/src/ggml-cuda/ggml-cuda.cu:900 calls=12 total_ms=5.841 avg_us=486.750 max_us=2532
   2 /opt/llama.cpp/ggml/src/ggml-cuda/ggml-cuda.cu:2665 calls=191 total_ms=0.280 avg_us=1.466 max_us=28
   3 /opt/llama.cpp/ggml/src/ggml-cuda/ggml-cuda.cu:847 calls=150 total_ms=0.150 avg_us=1.000 max_us=3
=== END CUDA SYNC PROFILE ===
backend-sync-trace: count=35400 backend=CUDA0 caller=ggml_backend_sched_graph_compute_async_ext+0xffd

=== CUDA SYNC PROFILE (instrumentation only) ===
total_syncs = 35400
total_wait_ms = 19631.082
max_wait_us = 141865
sites = 5
wait_hist_us = logarithmic buckets
  hist[0] = 32238
  hist[1] = 1750
  hist[2] = 71
  hist[3] = 31
  hist[4] = 19
  hist[5] = 1
  hist[9] = 250
  hist[10] = 519
  hist[11] = 91
  hist[14] = 136
  hist[15] = 258
  hist[16] = 35
  hist[17] = 1
by_callsite (caller PC; symbolize with addr2line):
   0 caller=0x78b11f95c0d2 calls=14288 total_ms=19619.290 avg_us=1373.131 max_us=141865
   1 caller=0x78b11f96098c calls=11632 total_ms=4.655 avg_us=0.400 max_us=26
   2 caller=0x78b11f96089c calls=4309 total_ms=3.801 avg_us=0.882 max_us=29
   3 caller=0x78b11f960abd calls=4309 total_ms=1.683 avg_us=0.391 max_us=25
   4 caller=0x78b11f95f852 calls=862 total_ms=1.653 avg_us=1.918 max_us=15
direct_cudaStreamSynchronize: calls=15428 total_ms=69.017 max_us=2532
by_direct_callsite (file:line):
   0 /opt/llama.cpp/ggml/src/ggml-cuda/ggml-cuda.cu:839 calls=15075 total_ms=62.746 avg_us=4.162 max_us=354
   1 /opt/llama.cpp/ggml/src/ggml-cuda/ggml-cuda.cu:900 calls=12 total_ms=5.841 avg_us=486.750 max_us=2532
   2 /opt/llama.cpp/ggml/src/ggml-cuda/ggml-cuda.cu:2665 calls=191 total_ms=0.280 avg_us=1.466 max_us=28
   3 /opt/llama.cpp/ggml/src/ggml-cuda/ggml-cuda.cu:847 calls=150 total_ms=0.150 avg_us=1.000 max_us=3
=== END CUDA SYNC PROFILE ===
backend-sync-trace: count=35500 backend=CUDA0 caller=ggml_backend_sched_graph_compute_async_ext+0xffd

=== CUDA SYNC PROFILE (instrumentation only) ===
total_syncs = 35500
total_wait_ms = 19711.260
max_wait_us = 141865
sites = 5
wait_hist_us = logarithmic buckets
  hist[0] = 32330
  hist[1] = 1754
  hist[2] = 71
  hist[3] = 31
  hist[4] = 19
  hist[5] = 1
  hist[9] = 252
  hist[10] = 519
  hist[11] = 91
  hist[14] = 136
  hist[15] = 260
  hist[16] = 35
  hist[17] = 1
by_callsite (caller PC; symbolize with addr2line):
   0 caller=0x78b11f95c0d2 calls=14315 total_ms=19699.433 avg_us=1376.139 max_us=141865
   1 caller=0x78b11f96098c calls=11674 total_ms=4.670 avg_us=0.400 max_us=26
   2 caller=0x78b11f96089c calls=4323 total_ms=3.812 avg_us=0.882 max_us=29
   3 caller=0x78b11f960abd calls=4323 total_ms=1.688 avg_us=0.390 max_us=25
   4 caller=0x78b11f95f852 calls=865 total_ms=1.657 avg_us=1.916 max_us=15
direct_cudaStreamSynchronize: calls=15481 total_ms=69.230 max_us=2532
by_direct_callsite (file:line):
   0 /opt/llama.cpp/ggml/src/ggml-cuda/ggml-cuda.cu:839 calls=15128 total_ms=62.959 avg_us=4.162 max_us=354
   1 /opt/llama.cpp/ggml/src/ggml-cuda/ggml-cuda.cu:900 calls=12 total_ms=5.841 avg_us=486.750 max_us=2532
   2 /opt/llama.cpp/ggml/src/ggml-cuda/ggml-cuda.cu:2665 calls=191 total_ms=0.280 avg_us=1.466 max_us=28
   3 /opt/llama.cpp/ggml/src/ggml-cuda/ggml-cuda.cu:847 calls=150 total_ms=0.150 avg_us=1.000 max_us=3
=== END CUDA SYNC PROFILE ===

=== CUDA SYNC PROFILE (instrumentation only) ===
total_syncs = 35550
total_wait_ms = 19713.273
max_wait_us = 141865
sites = 5
wait_hist_us = logarithmic buckets
  hist[0] = 32375
  hist[1] = 1757
  hist[2] = 71
  hist[3] = 31
  hist[4] = 19
  hist[5] = 1
  hist[9] = 253
  hist[10] = 520
  hist[11] = 91
  hist[14] = 136
  hist[15] = 260
  hist[16] = 35
  hist[17] = 1
by_callsite (caller PC; symbolize with addr2line):
   0 caller=0x78b11f95c0d2 calls=14338 total_ms=19701.429 avg_us=1374.071 max_us=141865
   1 caller=0x78b11f96098c calls=11686 total_ms=4.675 avg_us=0.400 max_us=26
   2 caller=0x78b11f96089c calls=4330 total_ms=3.818 avg_us=0.882 max_us=29
   3 caller=0x78b11f960abd calls=4330 total_ms=1.691 avg_us=0.391 max_us=25
   4 caller=0x78b11f95f852 calls=866 total_ms=1.660 avg_us=1.917 max_us=15
direct_cudaStreamSynchronize: calls=15500 total_ms=69.316 max_us=2532
by_direct_callsite (file:line):
   0 /opt/llama.cpp/ggml/src/ggml-cuda/ggml-cuda.cu:839 calls=15147 total_ms=63.045 avg_us=4.162 max_us=354
   1 /opt/llama.cpp/ggml/src/ggml-cuda/ggml-cuda.cu:900 calls=12 total_ms=5.841 avg_us=486.750 max_us=2532
   2 /opt/llama.cpp/ggml/src/ggml-cuda/ggml-cuda.cu:2665 calls=191 total_ms=0.280 avg_us=1.466 max_us=28
   3 /opt/llama.cpp/ggml/src/ggml-cuda/ggml-cuda.cu:847 calls=150 total_ms=0.150 avg_us=1.000 max_us=3
=== END CUDA SYNC PROFILE ===
backend-sync-trace: count=35600 backend=CUDA0 caller=ggml_backend_sched_synchronize+0x62

=== CUDA SYNC PROFILE (instrumentation only) ===
total_syncs = 35600
total_wait_ms = 19748.640
max_wait_us = 141865
sites = 5
wait_hist_us = logarithmic buckets
  hist[0] = 32420
  hist[1] = 1760
  hist[2] = 71
  hist[3] = 31
  hist[4] = 19
  hist[5] = 1
  hist[9] = 253
  hist[10] = 521
  hist[11] = 91
  hist[14] = 136
  hist[15] = 261
  hist[16] = 35
  hist[17] = 1
by_callsite (caller PC; symbolize with addr2line):
   0 caller=0x78b11f95c0d2 calls=14351 total_ms=19736.780 avg_us=1375.290 max_us=141865
   1 caller=0x78b11f96098c calls=11709 total_ms=4.680 avg_us=0.400 max_us=26
   2 caller=0x78b11f96089c calls=4336 total_ms=3.823 avg_us=0.882 max_us=29
   3 caller=0x78b11f960abd calls=4336 total_ms=1.692 avg_us=0.390 max_us=25
   4 caller=0x78b11f95f852 calls=868 total_ms=1.665 avg_us=1.918 max_us=15
direct_cudaStreamSynchronize: calls=15527 total_ms=69.442 max_us=2532
by_direct_callsite (file:line):
   0 /opt/llama.cpp/ggml/src/ggml-cuda/ggml-cuda.cu:839 calls=15174 total_ms=63.171 avg_us=4.163 max_us=354
   1 /opt/llama.cpp/ggml/src/ggml-cuda/ggml-cuda.cu:900 calls=12 total_ms=5.841 avg_us=486.750 max_us=2532
   2 /opt/llama.cpp/ggml/src/ggml-cuda/ggml-cuda.cu:2665 calls=191 total_ms=0.280 avg_us=1.466 max_us=28
   3 /opt/llama.cpp/ggml/src/ggml-cuda/ggml-cuda.cu:847 calls=150 total_ms=0.150 avg_us=1.000 max_us=3
=== END CUDA SYNC PROFILE ===
backend-sync-trace: count=35700 backend=CUDA0 caller=ggml_backend_sched_synchronize+0x62

=== CUDA SYNC PROFILE (instrumentation only) ===
total_syncs = 35700
total_wait_ms = 19778.245
max_wait_us = 141865
sites = 5
wait_hist_us = logarithmic buckets
  hist[0] = 32510
  hist[1] = 1765
  hist[2] = 72
  hist[3] = 31
  hist[4] = 19
  hist[5] = 1
  hist[9] = 255
  hist[10] = 522
  hist[11] = 91
  hist[14] = 137
  hist[15] = 261
  hist[16] = 35
  hist[17] = 1
by_callsite (caller PC; symbolize with addr2line):
   0 caller=0x78b11f95c0d2 calls=14394 total_ms=19766.355 avg_us=1373.236 max_us=141865
   1 caller=0x78b11f96098c calls=11740 total_ms=4.693 avg_us=0.400 max_us=26
   2 caller=0x78b11f96089c calls=4348 total_ms=3.832 avg_us=0.881 max_us=29
   3 caller=0x78b11f960abd calls=4348 total_ms=1.696 avg_us=0.390 max_us=25
   4 caller=0x78b11f95f852 calls=870 total_ms=1.669 avg_us=1.918 max_us=15
direct_cudaStreamSynchronize: calls=15568 total_ms=69.627 max_us=2532
by_direct_callsite (file:line):
   0 /opt/llama.cpp/ggml/src/ggml-cuda/ggml-cuda.cu:839 calls=15215 total_ms=63.356 avg_us=4.164 max_us=354
   1 /opt/llama.cpp/ggml/src/ggml-cuda/ggml-cuda.cu:900 calls=12 total_ms=5.841 avg_us=486.750 max_us=2532
   2 /opt/llama.cpp/ggml/src/ggml-cuda/ggml-cuda.cu:2665 calls=191 total_ms=0.280 avg_us=1.466 max_us=28
   3 /opt/llama.cpp/ggml/src/ggml-cuda/ggml-cuda.cu:847 calls=150 total_ms=0.150 avg_us=1.000 max_us=3
=== END CUDA SYNC PROFILE ===

=== CUDA SYNC PROFILE (instrumentation only) ===
total_syncs = 35764
total_wait_ms = 19813.958
max_wait_us = 141865
sites = 5
wait_hist_us = logarithmic buckets
  hist[0] = 32568
  hist[1] = 1768
  hist[2] = 73
  hist[3] = 31
  hist[4] = 19
  hist[5] = 1
  hist[9] = 256
  hist[10] = 522
  hist[11] = 91
  hist[14] = 137
  hist[15] = 262
  hist[16] = 35
  hist[17] = 1
by_callsite (caller PC; symbolize with addr2line):
   0 caller=0x78b11f95c0d2 calls=14412 total_ms=19802.046 avg_us=1373.997 max_us=141865
   1 caller=0x78b11f96098c calls=11764 total_ms=4.699 avg_us=0.399 max_us=26
   2 caller=0x78b11f96089c calls=4358 total_ms=3.842 avg_us=0.882 max_us=29
   3 caller=0x78b11f960abd calls=4358 total_ms=1.697 avg_us=0.389 max_us=25
   4 caller=0x78b11f95f852 calls=872 total_ms=1.674 avg_us=1.920 max_us=15
direct_cudaStreamSynchronize: calls=15600 total_ms=69.761 max_us=2532
by_direct_callsite (file:line):
   0 /opt/llama.cpp/ggml/src/ggml-cuda/ggml-cuda.cu:839 calls=15247 total_ms=63.490 avg_us=4.164 max_us=354
   1 /opt/llama.cpp/ggml/src/ggml-cuda/ggml-cuda.cu:900 calls=12 total_ms=5.841 avg_us=486.750 max_us=2532
   2 /opt/llama.cpp/ggml/src/ggml-cuda/ggml-cuda.cu:2665 calls=191 total_ms=0.280 avg_us=1.466 max_us=28
   3 /opt/llama.cpp/ggml/src/ggml-cuda/ggml-cuda.cu:847 calls=150 total_ms=0.150 avg_us=1.000 max_us=3
=== END CUDA SYNC PROFILE ===
backend-sync-trace: count=35800 backend=CUDA0 caller=0x78b11f95f852

=== CUDA SYNC PROFILE (instrumentation only) ===
total_syncs = 35800
total_wait_ms = 19843.082
max_wait_us = 141865
sites = 5
wait_hist_us = logarithmic buckets
  hist[0] = 32599
  hist[1] = 1771
  hist[2] = 73
  hist[3] = 31
  hist[4] = 19
  hist[5] = 1
  hist[9] = 257
  hist[10] = 522
  hist[11] = 91
  hist[14] = 138
  hist[15] = 262
  hist[16] = 35
  hist[17] = 1
by_callsite (caller PC; symbolize with addr2line):
   0 caller=0x78b11f95c0d2 calls=14421 total_ms=19831.159 avg_us=1375.158 max_us=141865
   1 caller=0x78b11f96098c calls=11782 total_ms=4.704 avg_us=0.399 max_us=26
   2 caller=0x78b11f96089c calls=4362 total_ms=3.845 avg_us=0.881 max_us=29
   3 caller=0x78b11f960abd calls=4362 total_ms=1.697 avg_us=0.389 max_us=25
   4 caller=0x78b11f95f852 calls=873 total_ms=1.677 avg_us=1.921 max_us=15
direct_cudaStreamSynchronize: calls=15621 total_ms=69.846 max_us=2532
by_direct_callsite (file:line):
   0 /opt/llama.cpp/ggml/src/ggml-cuda/ggml-cuda.cu:839 calls=15268 total_ms=63.575 avg_us=4.164 max_us=354
   1 /opt/llama.cpp/ggml/src/ggml-cuda/ggml-cuda.cu:900 calls=12 total_ms=5.841 avg_us=486.750 max_us=2532
   2 /opt/llama.cpp/ggml/src/ggml-cuda/ggml-cuda.cu:2665 calls=191 total_ms=0.280 avg_us=1.466 max_us=28
   3 /opt/llama.cpp/ggml/src/ggml-cuda/ggml-cuda.cu:847 calls=150 total_ms=0.150 avg_us=1.000 max_us=3
=== END CUDA SYNC PROFILE ===
backend-sync-trace: count=35900 backend=CUDA0 caller=ggml_backend_sched_synchronize+0x62

=== CUDA SYNC PROFILE (instrumentation only) ===
total_syncs = 35900
total_wait_ms = 19875.297
max_wait_us = 141865
sites = 5
wait_hist_us = logarithmic buckets
  hist[0] = 32688
  hist[1] = 1778
  hist[2] = 73
  hist[3] = 32
  hist[4] = 19
  hist[5] = 1
  hist[9] = 258
  hist[10] = 523
  hist[11] = 91
  hist[14] = 139
  hist[15] = 262
  hist[16] = 35
  hist[17] = 1
by_callsite (caller PC; symbolize with addr2line):
   0 caller=0x78b11f95c0d2 calls=14464 total_ms=19863.332 avg_us=1373.295 max_us=141865
   1 caller=0x78b11f96098c calls=11813 total_ms=4.713 avg_us=0.399 max_us=26
   2 caller=0x78b11f96089c calls=4374 total_ms=3.864 avg_us=0.883 max_us=29
   3 caller=0x78b11f960abd calls=4374 total_ms=1.707 avg_us=0.390 max_us=25
   4 caller=0x78b11f95f852 calls=875 total_ms=1.681 avg_us=1.921 max_us=15
direct_cudaStreamSynchronize: calls=15661 total_ms=70.014 max_us=2532
by_direct_callsite (file:line):
   0 /opt/llama.cpp/ggml/src/ggml-cuda/ggml-cuda.cu:839 calls=15308 total_ms=63.743 avg_us=4.164 max_us=354
   1 /opt/llama.cpp/ggml/src/ggml-cuda/ggml-cuda.cu:900 calls=12 total_ms=5.841 avg_us=486.750 max_us=2532
   2 /opt/llama.cpp/ggml/src/ggml-cuda/ggml-cuda.cu:2665 calls=191 total_ms=0.280 avg_us=1.466 max_us=28
   3 /opt/llama.cpp/ggml/src/ggml-cuda/ggml-cuda.cu:847 calls=150 total_ms=0.150 avg_us=1.000 max_us=3
=== END CUDA SYNC PROFILE ===
backend-sync-trace: count=36000 backend=CUDA0 caller=ggml_backend_sched_graph_compute_async_ext+0xffd

=== CUDA SYNC PROFILE (instrumentation only) ===
total_syncs = 36000
total_wait_ms = 19916.785
max_wait_us = 141865
sites = 5
wait_hist_us = logarithmic buckets
  hist[0] = 32781
  hist[1] = 1782
  hist[2] = 73
  hist[3] = 32
  hist[4] = 19
  hist[5] = 1
  hist[9] = 258
  hist[10] = 525
  hist[11] = 91
  hist[14] = 139
  hist[15] = 263
  hist[16] = 35
  hist[17] = 1
by_callsite (caller PC; symbolize with addr2line):
   0 caller=0x78b11f95c0d2 calls=14510 total_ms=19904.790 avg_us=1371.798 max_us=141865
   1 caller=0x78b11f96098c calls=11840 total_ms=4.725 avg_us=0.399 max_us=26
   2 caller=0x78b11f96089c calls=4386 total_ms=3.872 avg_us=0.883 max_us=29
   3 caller=0x78b11f960abd calls=4386 total_ms=1.712 avg_us=0.390 max_us=25
   4 caller=0x78b11f95f852 calls=878 total_ms=1.686 avg_us=1.920 max_us=15
direct_cudaStreamSynchronize: calls=15697 total_ms=70.154 max_us=2532
by_direct_callsite (file:line):
   0 /opt/llama.cpp/ggml/src/ggml-cuda/ggml-cuda.cu:839 calls=15344 total_ms=63.883 avg_us=4.163 max_us=354
   1 /opt/llama.cpp/ggml/src/ggml-cuda/ggml-cuda.cu:900 calls=12 total_ms=5.841 avg_us=486.750 max_us=2532
   2 /opt/llama.cpp/ggml/src/ggml-cuda/ggml-cuda.cu:2665 calls=191 total_ms=0.280 avg_us=1.466 max_us=28
   3 /opt/llama.cpp/ggml/src/ggml-cuda/ggml-cuda.cu:847 calls=150 total_ms=0.150 avg_us=1.000 max_us=3
=== END CUDA SYNC PROFILE ===

=== CUDA SYNC PROFILE (instrumentation only) ===
total_syncs = 36002
total_wait_ms = 19916.786
max_wait_us = 141865
sites = 5
wait_hist_us = logarithmic buckets
  hist[0] = 32783
  hist[1] = 1782
  hist[2] = 73
  hist[3] = 32
  hist[4] = 19
  hist[5] = 1
  hist[9] = 258
  hist[10] = 525
  hist[11] = 91
  hist[14] = 139
  hist[15] = 263
  hist[16] = 35
  hist[17] = 1
by_callsite (caller PC; symbolize with addr2line):
   0 caller=0x78b11f95c0d2 calls=14510 total_ms=19904.790 avg_us=1371.798 max_us=141865
   1 caller=0x78b11f96098c calls=11842 total_ms=4.726 avg_us=0.399 max_us=26
   2 caller=0x78b11f96089c calls=4386 total_ms=3.872 avg_us=0.883 max_us=29
   3 caller=0x78b11f960abd calls=4386 total_ms=1.712 avg_us=0.390 max_us=25
   4 caller=0x78b11f95f852 calls=878 total_ms=1.686 avg_us=1.920 max_us=15
direct_cudaStreamSynchronize: calls=15700 total_ms=70.166 max_us=2532
by_direct_callsite (file:line):
   0 /opt/llama.cpp/ggml/src/ggml-cuda/ggml-cuda.cu:839 calls=15347 total_ms=63.895 avg_us=4.163 max_us=354
   1 /opt/llama.cpp/ggml/src/ggml-cuda/ggml-cuda.cu:900 calls=12 total_ms=5.841 avg_us=486.750 max_us=2532
   2 /opt/llama.cpp/ggml/src/ggml-cuda/ggml-cuda.cu:2665 calls=191 total_ms=0.280 avg_us=1.466 max_us=28
   3 /opt/llama.cpp/ggml/src/ggml-cuda/ggml-cuda.cu:847 calls=150 total_ms=0.150 avg_us=1.000 max_us=3
=== END CUDA SYNC PROFILE ===
backend-sync-trace: count=36100 backend=CUDA0 caller=ggml_backend_sched_synchronize+0x62

=== CUDA SYNC PROFILE (instrumentation only) ===
total_syncs = 36100
total_wait_ms = 19975.261
max_wait_us = 141865
sites = 5
wait_hist_us = logarithmic buckets
  hist[0] = 32870
  hist[1] = 1788
  hist[2] = 73
  hist[3] = 32
  hist[4] = 19
  hist[5] = 1
  hist[9] = 258
  hist[10] = 529
  hist[11] = 91
  hist[14] = 139
  hist[15] = 264
  hist[16] = 35
  hist[17] = 1
by_callsite (caller PC; symbolize with addr2line):
   0 caller=0x78b11f95c0d2 calls=14549 total_ms=19963.238 avg_us=1372.138 max_us=141865
   1 caller=0x78b11f96098c calls=11875 total_ms=4.736 avg_us=0.399 max_us=26
   2 caller=0x78b11f96089c calls=4398 total_ms=3.882 avg_us=0.883 max_us=29
   3 caller=0x78b11f960abd calls=4398 total_ms=1.715 avg_us=0.390 max_us=25
   4 caller=0x78b11f95f852 calls=880 total_ms=1.690 avg_us=1.920 max_us=15
direct_cudaStreamSynchronize: calls=15743 total_ms=70.334 max_us=2532
by_direct_callsite (file:line):
   0 /opt/llama.cpp/ggml/src/ggml-cuda/ggml-cuda.cu:839 calls=15390 total_ms=64.063 avg_us=4.163 max_us=354
   1 /opt/llama.cpp/ggml/src/ggml-cuda/ggml-cuda.cu:900 calls=12 total_ms=5.841 avg_us=486.750 max_us=2532
   2 /opt/llama.cpp/ggml/src/ggml-cuda/ggml-cuda.cu:2665 calls=191 total_ms=0.280 avg_us=1.466 max_us=28
   3 /opt/llama.cpp/ggml/src/ggml-cuda/ggml-cuda.cu:847 calls=150 total_ms=0.150 avg_us=1.000 max_us=3
=== END CUDA SYNC PROFILE ===
backend-sync-trace: count=36200 backend=CUDA0 caller=0x78b11f95f852

=== CUDA SYNC PROFILE (instrumentation only) ===
total_syncs = 36200
total_wait_ms = 20052.421
max_wait_us = 141865
sites = 5
wait_hist_us = logarithmic buckets
  hist[0] = 32961
  hist[1] = 1793
  hist[2] = 73
  hist[3] = 32
  hist[4] = 19
  hist[5] = 1
  hist[9] = 258
  hist[10] = 530
  hist[11] = 92
  hist[14] = 139
  hist[15] = 266
  hist[16] = 35
  hist[17] = 1
by_callsite (caller PC; symbolize with addr2line):
   0 caller=0x78b11f95c0d2 calls=14576 total_ms=20040.363 avg_us=1374.888 max_us=141865
   1 caller=0x78b11f96098c calls=11917 total_ms=4.747 avg_us=0.398 max_us=26
   2 caller=0x78b11f96089c calls=4412 total_ms=3.894 avg_us=0.883 max_us=29
   3 caller=0x78b11f960abd calls=4412 total_ms=1.722 avg_us=0.390 max_us=25
   4 caller=0x78b11f95f852 calls=883 total_ms=1.695 avg_us=1.920 max_us=15
direct_cudaStreamSynchronize: calls=15796 total_ms=70.547 max_us=2532
by_direct_callsite (file:line):
   0 /opt/llama.cpp/ggml/src/ggml-cuda/ggml-cuda.cu:839 calls=15443 total_ms=64.276 avg_us=4.162 max_us=354
   1 /opt/llama.cpp/ggml/src/ggml-cuda/ggml-cuda.cu:900 calls=12 total_ms=5.841 avg_us=486.750 max_us=2532
   2 /opt/llama.cpp/ggml/src/ggml-cuda/ggml-cuda.cu:2665 calls=191 total_ms=0.280 avg_us=1.466 max_us=28
   3 /opt/llama.cpp/ggml/src/ggml-cuda/ggml-cuda.cu:847 calls=150 total_ms=0.150 avg_us=1.000 max_us=3
=== END CUDA SYNC PROFILE ===

=== CUDA SYNC PROFILE (instrumentation only) ===
total_syncs = 36206
total_wait_ms = 20052.424
max_wait_us = 141865
sites = 5
wait_hist_us = logarithmic buckets
  hist[0] = 32967
  hist[1] = 1793
  hist[2] = 73
  hist[3] = 32
  hist[4] = 19
  hist[5] = 1
  hist[9] = 258
  hist[10] = 530
  hist[11] = 92
  hist[14] = 139
  hist[15] = 266
  hist[16] = 35
  hist[17] = 1
by_callsite (caller PC; symbolize with addr2line):
   0 caller=0x78b11f95c0d2 calls=14576 total_ms=20040.363 avg_us=1374.888 max_us=141865
   1 caller=0x78b11f96098c calls=11919 total_ms=4.748 avg_us=0.398 max_us=26
   2 caller=0x78b11f96089c calls=4414 total_ms=3.896 avg_us=0.883 max_us=29
   3 caller=0x78b11f960abd calls=4414 total_ms=1.722 avg_us=0.390 max_us=25
   4 caller=0x78b11f95f852 calls=883 total_ms=1.695 avg_us=1.920 max_us=15
direct_cudaStreamSynchronize: calls=15800 total_ms=70.570 max_us=2532
by_direct_callsite (file:line):
   0 /opt/llama.cpp/ggml/src/ggml-cuda/ggml-cuda.cu:839 calls=15447 total_ms=64.299 avg_us=4.163 max_us=354
   1 /opt/llama.cpp/ggml/src/ggml-cuda/ggml-cuda.cu:900 calls=12 total_ms=5.841 avg_us=486.750 max_us=2532
   2 /opt/llama.cpp/ggml/src/ggml-cuda/ggml-cuda.cu:2665 calls=191 total_ms=0.280 avg_us=1.466 max_us=28
   3 /opt/llama.cpp/ggml/src/ggml-cuda/ggml-cuda.cu:847 calls=150 total_ms=0.150 avg_us=1.000 max_us=3
=== END CUDA SYNC PROFILE ===
backend-sync-trace: count=36300 backend=CUDA0 caller=ggml_backend_sched_synchronize+0x62

=== CUDA SYNC PROFILE (instrumentation only) ===
total_syncs = 36300
total_wait_ms = 20124.059
max_wait_us = 141865
sites = 5
wait_hist_us = logarithmic buckets
  hist[0] = 33052
  hist[1] = 1799
  hist[2] = 73
  hist[3] = 32
  hist[4] = 19
  hist[5] = 1
  hist[9] = 258
  hist[10] = 532
  hist[11] = 92
  hist[14] = 139
  hist[15] = 266
  hist[16] = 36
  hist[17] = 1
by_callsite (caller PC; symbolize with addr2line):
   0 caller=0x78b11f95c0d2 calls=14619 total_ms=20111.975 avg_us=1375.742 max_us=141865
   1 caller=0x78b11f96098c calls=11948 total_ms=4.757 avg_us=0.398 max_us=26
   2 caller=0x78b11f96089c calls=4424 total_ms=3.900 avg_us=0.882 max_us=29
   3 caller=0x78b11f960abd calls=4424 total_ms=1.728 avg_us=0.391 max_us=25
   4 caller=0x78b11f95f852 calls=885 total_ms=1.699 avg_us=1.920 max_us=15
direct_cudaStreamSynchronize: calls=15836 total_ms=70.717 max_us=2532
by_direct_callsite (file:line):
   0 /opt/llama.cpp/ggml/src/ggml-cuda/ggml-cuda.cu:839 calls=15483 total_ms=64.446 avg_us=4.162 max_us=354
   1 /opt/llama.cpp/ggml/src/ggml-cuda/ggml-cuda.cu:900 calls=12 total_ms=5.841 avg_us=486.750 max_us=2532
   2 /opt/llama.cpp/ggml/src/ggml-cuda/ggml-cuda.cu:2665 calls=191 total_ms=0.280 avg_us=1.466 max_us=28
   3 /opt/llama.cpp/ggml/src/ggml-cuda/ggml-cuda.cu:847 calls=150 total_ms=0.150 avg_us=1.000 max_us=3
=== END CUDA SYNC PROFILE ===
backend-sync-trace: count=36400 backend=CUDA0 caller=ggml_backend_sched_synchronize+0x62

=== CUDA SYNC PROFILE (instrumentation only) ===
total_syncs = 36400
total_wait_ms = 20182.222
max_wait_us = 141865
sites = 5
wait_hist_us = logarithmic buckets
  hist[0] = 33146
  hist[1] = 1802
  hist[2] = 73
  hist[3] = 32
  hist[4] = 19
  hist[5] = 1
  hist[9] = 258
  hist[10] = 534
  hist[11] = 92
  hist[14] = 139
  hist[15] = 267
  hist[16] = 36
  hist[17] = 1
by_callsite (caller PC; symbolize with addr2line):
   0 caller=0x78b11f95c0d2 calls=14670 total_ms=20170.120 avg_us=1374.923 max_us=141865
   1 caller=0x78b11f96098c calls=11975 total_ms=4.764 avg_us=0.398 max_us=26
   2 caller=0x78b11f96089c calls=4434 total_ms=3.905 avg_us=0.881 max_us=29
   3 caller=0x78b11f960abd calls=4434 total_ms=1.731 avg_us=0.390 max_us=25
   4 caller=0x78b11f95f852 calls=887 total_ms=1.702 avg_us=1.919 max_us=15
direct_cudaStreamSynchronize: calls=15871 total_ms=70.859 max_us=2532
by_direct_callsite (file:line):
   0 /opt/llama.cpp/ggml/src/ggml-cuda/ggml-cuda.cu:839 calls=15518 total_ms=64.588 avg_us=4.162 max_us=354
   1 /opt/llama.cpp/ggml/src/ggml-cuda/ggml-cuda.cu:900 calls=12 total_ms=5.841 avg_us=486.750 max_us=2532
   2 /opt/llama.cpp/ggml/src/ggml-cuda/ggml-cuda.cu:2665 calls=191 total_ms=0.280 avg_us=1.466 max_us=28
   3 /opt/llama.cpp/ggml/src/ggml-cuda/ggml-cuda.cu:847 calls=150 total_ms=0.150 avg_us=1.000 max_us=3
=== END CUDA SYNC PROFILE ===

=== CUDA SYNC PROFILE (instrumentation only) ===
total_syncs = 36454
total_wait_ms = 20185.414
max_wait_us = 141865
sites = 5
wait_hist_us = logarithmic buckets
  hist[0] = 33195
  hist[1] = 1805
  hist[2] = 73
  hist[3] = 32
  hist[4] = 19
  hist[5] = 1
  hist[9] = 259
  hist[10] = 534
  hist[11] = 93
  hist[14] = 139
  hist[15] = 267
  hist[16] = 36
  hist[17] = 1
by_callsite (caller PC; symbolize with addr2line):
   0 caller=0x78b11f95c0d2 calls=14685 total_ms=20173.290 avg_us=1373.734 max_us=141865
   1 caller=0x78b11f96098c calls=11997 total_ms=4.772 avg_us=0.398 max_us=26
   2 caller=0x78b11f96089c calls=4442 total_ms=3.915 avg_us=0.881 max_us=29
   3 caller=0x78b11f960abd calls=4442 total_ms=1.733 avg_us=0.390 max_us=25
   4 caller=0x78b11f95f852 calls=888 total_ms=1.704 avg_us=1.919 max_us=15
direct_cudaStreamSynchronize: calls=15900 total_ms=70.971 max_us=2532
by_direct_callsite (file:line):
   0 /opt/llama.cpp/ggml/src/ggml-cuda/ggml-cuda.cu:839 calls=15547 total_ms=64.700 avg_us=4.162 max_us=354
   1 /opt/llama.cpp/ggml/src/ggml-cuda/ggml-cuda.cu:900 calls=12 total_ms=5.841 avg_us=486.750 max_us=2532
   2 /opt/llama.cpp/ggml/src/ggml-cuda/ggml-cuda.cu:2665 calls=191 total_ms=0.280 avg_us=1.466 max_us=28
   3 /opt/llama.cpp/ggml/src/ggml-cuda/ggml-cuda.cu:847 calls=150 total_ms=0.150 avg_us=1.000 max_us=3
=== END CUDA SYNC PROFILE ===
backend-sync-trace: count=36500 backend=CUDA0 caller=ggml_backend_sched_synchronize+0x62

=== CUDA SYNC PROFILE (instrumentation only) ===
total_syncs = 36500
total_wait_ms = 20233.627
max_wait_us = 141865
sites = 5
wait_hist_us = logarithmic buckets
  hist[0] = 33236
  hist[1] = 1808
  hist[2] = 73
  hist[3] = 32
  hist[4] = 19
  hist[5] = 1
  hist[9] = 259
  hist[10] = 535
  hist[11] = 93
  hist[14] = 139
  hist[15] = 268
  hist[16] = 36
  hist[17] = 1
by_callsite (caller PC; symbolize with addr2line):
   0 caller=0x78b11f95c0d2 calls=14712 total_ms=20221.491 avg_us=1374.490 max_us=141865
   1 caller=0x78b11f96098c calls=12006 total_ms=4.776 avg_us=0.398 max_us=26
   2 caller=0x78b11f96089c calls=4446 total_ms=3.917 avg_us=0.881 max_us=29
   3 caller=0x78b11f960abd calls=4446 total_ms=1.735 avg_us=0.390 max_us=25
   4 caller=0x78b11f95f852 calls=890 total_ms=1.708 avg_us=1.919 max_us=15
direct_cudaStreamSynchronize: calls=15912 total_ms=71.021 max_us=2532
by_direct_callsite (file:line):
   0 /opt/llama.cpp/ggml/src/ggml-cuda/ggml-cuda.cu:839 calls=15559 total_ms=64.750 avg_us=4.162 max_us=354
   1 /opt/llama.cpp/ggml/src/ggml-cuda/ggml-cuda.cu:900 calls=12 total_ms=5.841 avg_us=486.750 max_us=2532
   2 /opt/llama.cpp/ggml/src/ggml-cuda/ggml-cuda.cu:2665 calls=191 total_ms=0.280 avg_us=1.466 max_us=28
   3 /opt/llama.cpp/ggml/src/ggml-cuda/ggml-cuda.cu:847 calls=150 total_ms=0.150 avg_us=1.000 max_us=3
=== END CUDA SYNC PROFILE ===
backend-sync-trace: count=36600 backend=CUDA0 caller=ggml_backend_sched_synchronize+0x62

=== CUDA SYNC PROFILE (instrumentation only) ===
total_syncs = 36600
total_wait_ms = 20292.503
max_wait_us = 141865
sites = 5
wait_hist_us = logarithmic buckets
  hist[0] = 33330
  hist[1] = 1810
  hist[2] = 73
  hist[3] = 32
  hist[4] = 19
  hist[5] = 1
  hist[9] = 259
  hist[10] = 538
  hist[11] = 93
  hist[14] = 139
  hist[15] = 269
  hist[16] = 36
  hist[17] = 1
by_callsite (caller PC; symbolize with addr2line):
   0 caller=0x78b11f95c0d2 calls=14755 total_ms=20280.339 avg_us=1374.472 max_us=141865
   1 caller=0x78b11f96098c calls=12037 total_ms=4.786 avg_us=0.398 max_us=26
   2 caller=0x78b11f96089c calls=4458 total_ms=3.927 avg_us=0.881 max_us=29
   3 caller=0x78b11f960abd calls=4458 total_ms=1.739 avg_us=0.390 max_us=25
   4 caller=0x78b11f95f852 calls=892 total_ms=1.712 avg_us=1.919 max_us=15
direct_cudaStreamSynchronize: calls=15953 total_ms=71.182 max_us=2532
by_direct_callsite (file:line):
   0 /opt/llama.cpp/ggml/src/ggml-cuda/ggml-cuda.cu:839 calls=15600 total_ms=64.911 avg_us=4.161 max_us=354
   1 /opt/llama.cpp/ggml/src/ggml-cuda/ggml-cuda.cu:900 calls=12 total_ms=5.841 avg_us=486.750 max_us=2532
   2 /opt/llama.cpp/ggml/src/ggml-cuda/ggml-cuda.cu:2665 calls=191 total_ms=0.280 avg_us=1.466 max_us=28
   3 /opt/llama.cpp/ggml/src/ggml-cuda/ggml-cuda.cu:847 calls=150 total_ms=0.150 avg_us=1.000 max_us=3
=== END CUDA SYNC PROFILE ===

=== CUDA SYNC PROFILE (instrumentation only) ===
total_syncs = 36695
total_wait_ms = 20384.129
max_wait_us = 141865
sites = 5
wait_hist_us = logarithmic buckets
  hist[0] = 33417
  hist[1] = 1815
  hist[2] = 73
  hist[3] = 32
  hist[4] = 19
  hist[5] = 1
  hist[9] = 259
  hist[10] = 539
  hist[11] = 94
  hist[14] = 139
  hist[15] = 269
  hist[16] = 37
  hist[17] = 1
by_callsite (caller PC; symbolize with addr2line):
   0 caller=0x78b11f95c0d2 calls=14784 total_ms=20371.932 avg_us=1377.972 max_us=141865
   1 caller=0x78b11f96098c calls=12073 total_ms=4.797 avg_us=0.397 max_us=26
   2 caller=0x78b11f96089c calls=4472 total_ms=3.943 avg_us=0.882 max_us=29
   3 caller=0x78b11f960abd calls=4472 total_ms=1.742 avg_us=0.390 max_us=25
   4 caller=0x78b11f95f852 calls=894 total_ms=1.715 avg_us=1.918 max_us=15
direct_cudaStreamSynchronize: calls=16000 total_ms=71.384 max_us=2532
by_direct_callsite (file:line):
   0 /opt/llama.cpp/ggml/src/ggml-cuda/ggml-cuda.cu:839 calls=15647 total_ms=65.113 avg_us=4.161 max_us=354
   1 /opt/llama.cpp/ggml/src/ggml-cuda/ggml-cuda.cu:900 calls=12 total_ms=5.841 avg_us=486.750 max_us=2532
   2 /opt/llama.cpp/ggml/src/ggml-cuda/ggml-cuda.cu:2665 calls=191 total_ms=0.280 avg_us=1.466 max_us=28
   3 /opt/llama.cpp/ggml/src/ggml-cuda/ggml-cuda.cu:847 calls=150 total_ms=0.150 avg_us=1.000 max_us=3
=== END CUDA SYNC PROFILE ===
backend-sync-trace: count=36700 backend=CUDA0 caller=ggml_backend_sched_graph_compute_async_ext+0xecc

=== CUDA SYNC PROFILE (instrumentation only) ===
total_syncs = 36700
total_wait_ms = 20384.131
max_wait_us = 141865
sites = 5
wait_hist_us = logarithmic buckets
  hist[0] = 33422
  hist[1] = 1815
  hist[2] = 73
  hist[3] = 32
  hist[4] = 19
  hist[5] = 1
  hist[9] = 259
  hist[10] = 539
  hist[11] = 94
  hist[14] = 139
  hist[15] = 269
  hist[16] = 37
  hist[17] = 1
by_callsite (caller PC; symbolize with addr2line):
   0 caller=0x78b11f95c0d2 calls=14784 total_ms=20371.932 avg_us=1377.972 max_us=141865
   1 caller=0x78b11f96098c calls=12078 total_ms=4.799 avg_us=0.397 max_us=26
   2 caller=0x78b11f96089c calls=4472 total_ms=3.943 avg_us=0.882 max_us=29
   3 caller=0x78b11f960abd calls=4472 total_ms=1.742 avg_us=0.390 max_us=25
   4 caller=0x78b11f95f852 calls=894 total_ms=1.715 avg_us=1.918 max_us=15
direct_cudaStreamSynchronize: calls=16004 total_ms=71.393 max_us=2532
by_direct_callsite (file:line):
   0 /opt/llama.cpp/ggml/src/ggml-cuda/ggml-cuda.cu:839 calls=15651 total_ms=65.122 avg_us=4.161 max_us=354
   1 /opt/llama.cpp/ggml/src/ggml-cuda/ggml-cuda.cu:900 calls=12 total_ms=5.841 avg_us=486.750 max_us=2532
   2 /opt/llama.cpp/ggml/src/ggml-cuda/ggml-cuda.cu:2665 calls=191 total_ms=0.280 avg_us=1.466 max_us=28
   3 /opt/llama.cpp/ggml/src/ggml-cuda/ggml-cuda.cu:847 calls=150 total_ms=0.150 avg_us=1.000 max_us=3
=== END CUDA SYNC PROFILE ===
1.28.977.997 I slot print_timing: id  0 | task 0 | prompt eval time =    2757.86 ms /   159 tokens (   17.35 ms per token,    57.65 tokens per second)
1.28.978.000 I slot print_timing: id  0 | task 0 |        eval time =   22904.27 ms /  1024 tokens (   22.39 ms per token,    44.66 tokens per second)
1.28.978.001 I slot print_timing: id  0 | task 0 |       total time =   25662.13 ms /  1183 tokens
1.28.978.003 I slot print_timing: id  0 | task 0 |    graphs reused =        440
1.28.978.005 I slot print_timing: id  0 | task 0 | draft acceptance = 0.64831 (  577 accepted /   890 generated), mean len =  2.30
moe-grouped-decode: registered=49 covered=49 plan_calls=1337 plan_compiles=453 plan_reuses=884 calls=22299 ready=22299 ready_min=446 ready_max=891 completed=22299 completed_min=446 completed_max=891 admitted_banks=66897 fallback=0 rollback=0 host_calls=0 host_ops=0 host_split_ops=0 strategy_switches=0 required_unsupported=0 prepare_error=0 finish_error=0 h2d_banks=172314 h2d_bytes=133564211200
moe-cache-experts: tensors=144 experts=73728 unique=29313 unique_pct=39.76 accesses=96832 first_touches=29313 first_touch_pct=30.27 touched_once=3968 touched_ge2=25345 reuse_le_l1=61964 reuse_le_l1_pct=91.77 reuse_gt_l1=5555 reuse_gt_l1_pct=8.23 top1_pct=6.80 top5_pct=26.06 top10_pct=43.56
moe-cache-experts-hot: tensor=blk.3.ffn_down_exps.weight experts=512 unique=195 unique_pct=38.09 accesses=876 touched_once=0 touched_ge2=195 top10_pct=40.75 reuse_gt_l1_pct=2.94
moe-cache-tensor-hot-decode-miss: tensor=blk.47.ffn_down_exps.weight l1_hits=20 l1_misses=10 l1_evictions=0 l1_hit_rate=66.67% h2d_copies=10 h2d_mib=16.60 h2d_enqueue_ms=0.016 prefetch_used=10 prefetch_h2d_copies=10 prefetch_h2d_mib=16.60 reuse_gt_l1_pct=0.00
moe-cache-tensor-top-decode-miss: rank=1 tensor=blk.47.ffn_down_exps.weight phase=decode l1_hits=20 l1_misses=10 l1_hit_rate=66.67% l1_evictions=0 h2d_copies=10 h2d_mib=16.60 reuse_gt_l1_pct=0.00 reuse_le_l1_pct=100.00 unique_experts=10 unique_pct=1.95 touched_once=0 touched_ge2=10 top1_pct=60.00 top5_pct=100.00 top10_pct=100.00 demand_h2d_copies=0 prefetch_h2d_copies=10 prefetch_used=10 prefetch_unused=0 prefetch_use_rate=100.00% demand_evictions=0 prefetch_evictions=0 evicted_prefetched=0 evicted_hit_count_le1=0 evicted_hit_count_ge2=0 evicted_age_le_l1=0 evicted_age_gt_l1=0 rd_first_touch=10 rd_le8=0 rd_le16=20 rd_le32=0 rd_le_l1=0 rd_le_2xl1=0 rd_gt_2xl1=0
moe-cache-tensor-top-decode-miss: rank=2 tensor=blk.47.ffn_up_exps.weight phase=decode l1_hits=20 l1_misses=10 l1_hit_rate=66.67% l1_evictions=0 h2d_copies=10 h2d_mib=5.98 reuse_gt_l1_pct=0.00 reuse_le_l1_pct=100.00 unique_experts=10 unique_pct=1.95 touched_once=0 touched_ge2=10 top1_pct=60.00 top5_pct=100.00 top10_pct=100.00 demand_h2d_copies=0 prefetch_h2d_copies=10 prefetch_used=10 prefetch_unused=0 prefetch_use_rate=100.00% demand_evictions=0 prefetch_evictions=0 evicted_prefetched=0 evicted_hit_count_le1=0 evicted_hit_count_ge2=0 evicted_age_le_l1=0 evicted_age_gt_l1=0 rd_first_touch=10 rd_le8=0 rd_le16=20 rd_le32=0 rd_le_l1=0 rd_le_2xl1=0 rd_gt_2xl1=0
moe-cache-tensor-top-decode-miss: rank=3 tensor=blk.47.ffn_gate_exps.weight phase=decode l1_hits=20 l1_misses=10 l1_hit_rate=66.67% l1_evictions=0 h2d_copies=10 h2d_mib=5.98 reuse_gt_l1_pct=0.00 reuse_le_l1_pct=100.00 unique_experts=10 unique_pct=1.95 touched_once=0 touched_ge2=10 top1_pct=60.00 top5_pct=100.00 top10_pct=100.00 demand_h2d_copies=10 prefetch_h2d_copies=0 prefetch_used=0 prefetch_unused=0 prefetch_use_rate=0.00% demand_evictions=0 prefetch_evictions=0 evicted_prefetched=0 evicted_hit_count_le1=0 evicted_hit_count_ge2=0 evicted_age_le_l1=0 evicted_age_gt_l1=0 rd_first_touch=10 rd_le8=0 rd_le16=20 rd_le32=0 rd_le_l1=0 rd_le_2xl1=0 rd_gt_2xl1=0
moe-cache-tensor-donor-candidate: rank=1 tensor=blk.47.ffn_up_exps.weight l1_hit_rate=66.67% h2d_mib=5.98 l1_misses=10 reuse_gt_l1_pct=0.00 unique_pct=1.95 top10_pct=100.00
moe-cache-tensor-donor-candidate: rank=2 tensor=blk.47.ffn_gate_exps.weight l1_hit_rate=66.67% h2d_mib=5.98 l1_misses=10 reuse_gt_l1_pct=0.00 unique_pct=1.95 top10_pct=100.00
moe-cache-tensor-donor-candidate: rank=3 tensor=blk.47.ffn_down_exps.weight l1_hit_rate=66.67% h2d_mib=16.60 l1_misses=10 reuse_gt_l1_pct=0.00 unique_pct=1.95 top10_pct=100.00
moe-cache-phase: phase=prefill ops=573 staged_ops=156 split_staged_ops=156 overflow_ops=156 unique_avg=87.58 unique_max=276 ids_mib=44.17 ids_d2h_mib=44.17 ids_d2h_ms=888.449 ids_d2h_syncs=139 ids_cache_hits=382 acquire_ms=90.820 remap_ms=0.691 copy_wait_events=417 copy_wait_event_ms=0.662 op_cpu_ms=1227.833 l1_hits=65983 l1_misses=30759 l1_evictions=8901 l1_hit_rate=68.21% h2d_copies=30759 h2d_mib=22274.44 h2d_enqueue_ms=52.690 prefetch_hits=51134 prefetch_misses=21378 prefetch_used=11591 prefetch_h2d_copies=21378 prefetch_h2d_mib=16615.00 prefetch_h2d_enqueue_ms=37.282 upload_calls=36777 upload_mib=26630.52 staging_tiles=0 pipeline_tiles=0 tile_wait_calls=0 tile_wait_ms=0.000 cpu_pack_mib=0.00 cpu_pack_ms=0.000 pre_sync_calls=0 pre_sync_ms=0.000 h2d_submit_calls=36777 h2d_submit_mib=26630.52 h2d_submit_ms=52.278 post_sync_calls=0 post_sync_ms=0.000 upload_errors=0
moe-cache-phase: phase=decode ops=3 staged_ops=0 split_staged_ops=0 overflow_ops=0 unique_avg=10.00 unique_max=10 ids_mib=0.00 ids_d2h_mib=0.00 ids_d2h_ms=0.000 ids_d2h_syncs=0 ids_cache_hits=2 acquire_ms=0.758 remap_ms=0.008 copy_wait_events=3 copy_wait_event_ms=0.003 op_cpu_ms=5.270 l1_hits=60 l1_misses=30 l1_evictions=0 l1_hit_rate=66.67% h2d_copies=30 h2d_mib=28.56 h2d_enqueue_ms=0.048 prefetch_hits=40 prefetch_misses=20 prefetch_used=20 prefetch_h2d_copies=20 prefetch_h2d_mib=22.58 prefetch_h2d_enqueue_ms=0.034 upload_calls=30 upload_mib=28.56 staging_tiles=0 pipeline_tiles=0 tile_wait_calls=0 tile_wait_ms=0.000 cpu_pack_mib=0.00 cpu_pack_ms=0.000 pre_sync_calls=0 pre_sync_ms=0.000 h2d_submit_calls=30 h2d_submit_mib=28.56 h2d_submit_ms=0.041 post_sync_calls=0 post_sync_ms=0.000 upload_errors=0
moe-cache-mm: h2d_copies=30789 h2d_mib=22303.00 h2d_enqueue_ms=52.738 mincore_sampled=481 resident_pages=89650/89650 resident_pct=100.00 nonresident_experts=0 mincore_fail=0 proc_minflt=0 proc_majflt=0 vm_pswpin=0 vm_pswpout=0 vm_pgfault=0 vm_pgmajfault=0 vm_pgpgin=0 vm_pgpgout=0 vm_refault_file=0 vm_refault_anon=0
1.28.983.013 I slot      release: id  0 | task 0 | stop processing: n_tokens = 1182, truncated = 0
1.29.990.545 I srv    operator(): operator(): cleaning up before exit...
1.29.994.939 I spec ~common_spec: MTP decode overlap: queued = 444, reused = 444, discarded = 0

=== CUDA SYNC PROFILE (instrumentation only) ===
total_syncs = 36776
total_wait_ms = 20438.279
max_wait_us = 141865
sites = 5
wait_hist_us = logarithmic buckets
  hist[0] = 33487
  hist[1] = 1821
  hist[2] = 74
  hist[3] = 33
  hist[4] = 20
  hist[5] = 1
  hist[9] = 259
  hist[10] = 539
  hist[11] = 94
  hist[12] = 1
  hist[14] = 139
  hist[15] = 270
  hist[16] = 37
  hist[17] = 1
by_callsite (caller PC; symbolize with addr2line):
   0 caller=0x78b11f95c0d2 calls=14820 total_ms=20426.048 avg_us=1378.276 max_us=141865
   1 caller=0x78b11f96098c calls=12100 total_ms=4.805 avg_us=0.397 max_us=26
   2 caller=0x78b11f96089c calls=4480 total_ms=3.962 avg_us=0.884 max_us=29
   3 caller=0x78b11f960abd calls=4480 total_ms=1.746 avg_us=0.390 max_us=25
   4 caller=0x78b11f95f852 calls=896 total_ms=1.718 avg_us=1.917 max_us=15
direct_cudaStreamSynchronize: calls=16034 total_ms=71.511 max_us=2532
by_direct_callsite (file:line):
   0 /opt/llama.cpp/ggml/src/ggml-cuda/ggml-cuda.cu:839 calls=15679 total_ms=65.238 avg_us=4.161 max_us=354
   1 /opt/llama.cpp/ggml/src/ggml-cuda/ggml-cuda.cu:900 calls=12 total_ms=5.841 avg_us=486.750 max_us=2532
   2 /opt/llama.cpp/ggml/src/ggml-cuda/ggml-cuda.cu:2665 calls=191 total_ms=0.280 avg_us=1.466 max_us=28
   3 /opt/llama.cpp/ggml/src/ggml-cuda/ggml-cuda.cu:847 calls=150 total_ms=0.150 avg_us=1.000 max_us=3
   4 /opt/llama.cpp/ggml/src/ggml-cuda/ggml-cuda.cu:741 calls=2 total_ms=0.002 avg_us=1.000 max_us=1
=== END CUDA SYNC PROFILE ===

=== CUDA SYNC PROFILE (instrumentation only) ===
total_syncs = 36776
total_wait_ms = 20438.279
max_wait_us = 141865
sites = 5
wait_hist_us = logarithmic buckets
  hist[0] = 33487
  hist[1] = 1821
  hist[2] = 74
  hist[3] = 33
  hist[4] = 20
  hist[5] = 1
  hist[9] = 259
  hist[10] = 539
  hist[11] = 94
  hist[12] = 1
  hist[14] = 139
  hist[15] = 270
  hist[16] = 37
  hist[17] = 1
by_callsite (caller PC; symbolize with addr2line):
   0 caller=0x78b11f95c0d2 calls=14820 total_ms=20426.048 avg_us=1378.276 max_us=141865
   1 caller=0x78b11f96098c calls=12100 total_ms=4.805 avg_us=0.397 max_us=26
   2 caller=0x78b11f96089c calls=4480 total_ms=3.962 avg_us=0.884 max_us=29
   3 caller=0x78b11f960abd calls=4480 total_ms=1.746 avg_us=0.390 max_us=25
   4 caller=0x78b11f95f852 calls=896 total_ms=1.718 avg_us=1.917 max_us=15
direct_cudaStreamSynchronize: calls=16034 total_ms=71.511 max_us=2532
by_direct_callsite (file:line):
   0 /opt/llama.cpp/ggml/src/ggml-cuda/ggml-cuda.cu:839 calls=15679 total_ms=65.238 avg_us=4.161 max_us=354
   1 /opt/llama.cpp/ggml/src/ggml-cuda/ggml-cuda.cu:900 calls=12 total_ms=5.841 avg_us=486.750 max_us=2532
   2 /opt/llama.cpp/ggml/src/ggml-cuda/ggml-cuda.cu:2665 calls=191 total_ms=0.280 avg_us=1.466 max_us=28
   3 /opt/llama.cpp/ggml/src/ggml-cuda/ggml-cuda.cu:847 calls=150 total_ms=0.150 avg_us=1.000 max_us=3
   4 /opt/llama.cpp/ggml/src/ggml-cuda/ggml-cuda.cu:741 calls=2 total_ms=0.002 avg_us=1.000 max_us=1
=== END CUDA SYNC PROFILE ===
moe-grouped-decode: registered=49 covered=0 plan_calls=0 plan_compiles=0 plan_reuses=0 calls=0 ready=0 ready_min=0 ready_max=0 completed=0 completed_min=0 completed_max=0 admitted_banks=0 fallback=0 rollback=0 host_calls=0 host_ops=0 host_split_ops=0 strategy_switches=0 required_unsupported=0 prepare_error=0 finish_error=0 h2d_banks=0 h2d_bytes=0
moe-cache-experts: tensors=144 experts=73728 unique=0 unique_pct=0.00 accesses=0 first_touches=0 first_touch_pct=0.00 touched_once=0 touched_ge2=0 reuse_le_l1=0 reuse_le_l1_pct=0.00 reuse_gt_l1=0 reuse_gt_l1_pct=0.00 top1_pct=0.00 top5_pct=0.00 top10_pct=0.00
moe-cache-experts-hot: tensor=? experts=0 unique=0 unique_pct=0.00 accesses=0 touched_once=0 touched_ge2=0 top10_pct=0.00 reuse_gt_l1_pct=0.00
moe-cache-tensor-hot-decode-miss: tensor=? l1_hits=0 l1_misses=0 l1_evictions=0 l1_hit_rate=0.00% h2d_copies=0 h2d_mib=0.00 h2d_enqueue_ms=0.000 prefetch_used=0 prefetch_h2d_copies=0 prefetch_h2d_mib=0.00 reuse_gt_l1_pct=0.00
moe-cache-phase: phase=prefill ops=0 staged_ops=0 split_staged_ops=0 overflow_ops=0 unique_avg=0.00 unique_max=0 ids_mib=0.00 ids_d2h_mib=0.00 ids_d2h_ms=0.000 ids_d2h_syncs=0 ids_cache_hits=0 acquire_ms=0.000 remap_ms=0.000 copy_wait_events=0 copy_wait_event_ms=0.000 op_cpu_ms=0.000 l1_hits=0 l1_misses=0 l1_evictions=0 l1_hit_rate=0.00% h2d_copies=0 h2d_mib=0.00 h2d_enqueue_ms=0.000 prefetch_hits=0 prefetch_misses=0 prefetch_used=0 prefetch_h2d_copies=0 prefetch_h2d_mib=0.00 prefetch_h2d_enqueue_ms=0.000 upload_calls=0 upload_mib=0.00 staging_tiles=0 pipeline_tiles=0 tile_wait_calls=0 tile_wait_ms=0.000 cpu_pack_mib=0.00 cpu_pack_ms=0.000 pre_sync_calls=0 pre_sync_ms=0.000 h2d_submit_calls=0 h2d_submit_mib=0.00 h2d_submit_ms=0.000 post_sync_calls=0 post_sync_ms=0.000 upload_errors=0
moe-cache-phase: phase=decode ops=0 staged_ops=0 split_staged_ops=0 overflow_ops=0 unique_avg=0.00 unique_max=0 ids_mib=0.00 ids_d2h_mib=0.00 ids_d2h_ms=0.000 ids_d2h_syncs=0 ids_cache_hits=0 acquire_ms=0.000 remap_ms=0.000 copy_wait_events=0 copy_wait_event_ms=0.000 op_cpu_ms=0.000 l1_hits=0 l1_misses=0 l1_evictions=0 l1_hit_rate=0.00% h2d_copies=0 h2d_mib=0.00 h2d_enqueue_ms=0.000 prefetch_hits=0 prefetch_misses=0 prefetch_used=0 prefetch_h2d_copies=0 prefetch_h2d_mib=0.00 prefetch_h2d_enqueue_ms=0.000 upload_calls=0 upload_mib=0.00 staging_tiles=0 pipeline_tiles=0 tile_wait_calls=0 tile_wait_ms=0.000 cpu_pack_mib=0.00 cpu_pack_ms=0.000 pre_sync_calls=0 pre_sync_ms=0.000 h2d_submit_calls=0 h2d_submit_mib=0.00 h2d_submit_ms=0.000 post_sync_calls=0 post_sync_ms=0.000 upload_errors=0
moe-cache-mm: h2d_copies=0 h2d_mib=0.00 h2d_enqueue_ms=0.000 mincore_sampled=0 resident_pages=0/0 resident_pct=0.00 nonresident_experts=0 mincore_fail=0 proc_minflt=11 proc_majflt=4 vm_pswpin=0 vm_pswpout=0 vm_pgfault=1879 vm_pgmajfault=4 vm_pgpgin=172 vm_pgpgout=0 vm_refault_file=4 vm_refault_anon=0

=== CUDA SYNC PROFILE (instrumentation only) ===
total_syncs = 36777
total_wait_ms = 20438.290
max_wait_us = 141865
sites = 5
wait_hist_us = logarithmic buckets
  hist[0] = 33487
  hist[1] = 1821
  hist[2] = 74
  hist[3] = 34
  hist[4] = 20
  hist[5] = 1
  hist[9] = 259
  hist[10] = 539
  hist[11] = 94
  hist[12] = 1
  hist[14] = 139
  hist[15] = 270
  hist[16] = 37
  hist[17] = 1
by_callsite (caller PC; symbolize with addr2line):
   0 caller=0x78b11f95c0d2 calls=14821 total_ms=20426.059 avg_us=1378.184 max_us=141865
   1 caller=0x78b11f96098c calls=12100 total_ms=4.805 avg_us=0.397 max_us=26
   2 caller=0x78b11f96089c calls=4480 total_ms=3.962 avg_us=0.884 max_us=29
   3 caller=0x78b11f960abd calls=4480 total_ms=1.746 avg_us=0.390 max_us=25
   4 caller=0x78b11f95f852 calls=896 total_ms=1.718 avg_us=1.917 max_us=15
direct_cudaStreamSynchronize: calls=16034 total_ms=71.511 max_us=2532
by_direct_callsite (file:line):
   0 /opt/llama.cpp/ggml/src/ggml-cuda/ggml-cuda.cu:839 calls=15679 total_ms=65.238 avg_us=4.161 max_us=354
   1 /opt/llama.cpp/ggml/src/ggml-cuda/ggml-cuda.cu:900 calls=12 total_ms=5.841 avg_us=486.750 max_us=2532
   2 /opt/llama.cpp/ggml/src/ggml-cuda/ggml-cuda.cu:2665 calls=191 total_ms=0.280 avg_us=1.466 max_us=28
   3 /opt/llama.cpp/ggml/src/ggml-cuda/ggml-cuda.cu:847 calls=150 total_ms=0.150 avg_us=1.000 max_us=3
   4 /opt/llama.cpp/ggml/src/ggml-cuda/ggml-cuda.cu:741 calls=2 total_ms=0.002 avg_us=1.000 max_us=1
=== END CUDA SYNC PROFILE ===

=== CUDA SYNC PROFILE (instrumentation only) ===
total_syncs = 36777
total_wait_ms = 20438.290
max_wait_us = 141865
sites = 5
wait_hist_us = logarithmic buckets
  hist[0] = 33487
  hist[1] = 1821
  hist[2] = 74
  hist[3] = 34
  hist[4] = 20
  hist[5] = 1
  hist[9] = 259
  hist[10] = 539
  hist[11] = 94
  hist[12] = 1
  hist[14] = 139
  hist[15] = 270
  hist[16] = 37
  hist[17] = 1
by_callsite (caller PC; symbolize with addr2line):
   0 caller=0x78b11f95c0d2 calls=14821 total_ms=20426.059 avg_us=1378.184 max_us=141865
   1 caller=0x78b11f96098c calls=12100 total_ms=4.805 avg_us=0.397 max_us=26
   2 caller=0x78b11f96089c calls=4480 total_ms=3.962 avg_us=0.884 max_us=29
   3 caller=0x78b11f960abd calls=4480 total_ms=1.746 avg_us=0.390 max_us=25
   4 caller=0x78b11f95f852 calls=896 total_ms=1.718 avg_us=1.917 max_us=15
direct_cudaStreamSynchronize: calls=16035 total_ms=71.513 max_us=2532
by_direct_callsite (file:line):
   0 /opt/llama.cpp/ggml/src/ggml-cuda/ggml-cuda.cu:839 calls=15679 total_ms=65.238 avg_us=4.161 max_us=354
   1 /opt/llama.cpp/ggml/src/ggml-cuda/ggml-cuda.cu:900 calls=12 total_ms=5.841 avg_us=486.750 max_us=2532
   2 /opt/llama.cpp/ggml/src/ggml-cuda/ggml-cuda.cu:2665 calls=191 total_ms=0.280 avg_us=1.466 max_us=28
   3 /opt/llama.cpp/ggml/src/ggml-cuda/ggml-cuda.cu:847 calls=150 total_ms=0.150 avg_us=1.000 max_us=3
   4 /opt/llama.cpp/ggml/src/ggml-cuda/ggml-cuda.cu:741 calls=2 total_ms=0.002 avg_us=1.000 max_us=1
   5 /opt/llama.cpp/ggml/src/ggml-cuda/ggml-cuda.cu:2366 calls=1 total_ms=0.002 avg_us=2.000 max_us=2
=== END CUDA SYNC PROFILE ===
moe-grouped-decode: registered=48 covered=0 plan_calls=0 plan_compiles=0 plan_reuses=0 calls=0 ready=0 ready_min=0 ready_max=0 completed=0 completed_min=0 completed_max=0 admitted_banks=0 fallback=0 rollback=0 host_calls=0 host_ops=0 host_split_ops=0 strategy_switches=0 required_unsupported=0 prepare_error=0 finish_error=0 h2d_banks=0 h2d_bytes=0
moe-cache-experts: tensors=144 experts=73728 unique=0 unique_pct=0.00 accesses=0 first_touches=0 first_touch_pct=0.00 touched_once=0 touched_ge2=0 reuse_le_l1=0 reuse_le_l1_pct=0.00 reuse_gt_l1=0 reuse_gt_l1_pct=0.00 top1_pct=0.00 top5_pct=0.00 top10_pct=0.00
moe-cache-experts-hot: tensor=? experts=0 unique=0 unique_pct=0.00 accesses=0 touched_once=0 touched_ge2=0 top10_pct=0.00 reuse_gt_l1_pct=0.00
moe-cache-tensor-hot-decode-miss: tensor=? l1_hits=0 l1_misses=0 l1_evictions=0 l1_hit_rate=0.00% h2d_copies=0 h2d_mib=0.00 h2d_enqueue_ms=0.000 prefetch_used=0 prefetch_h2d_copies=0 prefetch_h2d_mib=0.00 reuse_gt_l1_pct=0.00
moe-cache-phase: phase=prefill ops=0 staged_ops=0 split_staged_ops=0 overflow_ops=0 unique_avg=0.00 unique_max=0 ids_mib=0.00 ids_d2h_mib=0.00 ids_d2h_ms=0.000 ids_d2h_syncs=0 ids_cache_hits=0 acquire_ms=0.000 remap_ms=0.000 copy_wait_events=0 copy_wait_event_ms=0.000 op_cpu_ms=0.000 l1_hits=0 l1_misses=0 l1_evictions=0 l1_hit_rate=0.00% h2d_copies=0 h2d_mib=0.00 h2d_enqueue_ms=0.000 prefetch_hits=0 prefetch_misses=0 prefetch_used=0 prefetch_h2d_copies=0 prefetch_h2d_mib=0.00 prefetch_h2d_enqueue_ms=0.000 upload_calls=0 upload_mib=0.00 staging_tiles=0 pipeline_tiles=0 tile_wait_calls=0 tile_wait_ms=0.000 cpu_pack_mib=0.00 cpu_pack_ms=0.000 pre_sync_calls=0 pre_sync_ms=0.000 h2d_submit_calls=0 h2d_submit_mib=0.00 h2d_submit_ms=0.000 post_sync_calls=0 post_sync_ms=0.000 upload_errors=0
moe-cache-phase: phase=decode ops=0 staged_ops=0 split_staged_ops=0 overflow_ops=0 unique_avg=0.00 unique_max=0 ids_mib=0.00 ids_d2h_mib=0.00 ids_d2h_ms=0.000 ids_d2h_syncs=0 ids_cache_hits=0 acquire_ms=0.000 remap_ms=0.000 copy_wait_events=0 copy_wait_event_ms=0.000 op_cpu_ms=0.000 l1_hits=0 l1_misses=0 l1_evictions=0 l1_hit_rate=0.00% h2d_copies=0 h2d_mib=0.00 h2d_enqueue_ms=0.000 prefetch_hits=0 prefetch_misses=0 prefetch_used=0 prefetch_h2d_copies=0 prefetch_h2d_mib=0.00 prefetch_h2d_enqueue_ms=0.000 upload_calls=0 upload_mib=0.00 staging_tiles=0 pipeline_tiles=0 tile_wait_calls=0 tile_wait_ms=0.000 cpu_pack_mib=0.00 cpu_pack_ms=0.000 pre_sync_calls=0 pre_sync_ms=0.000 h2d_submit_calls=0 h2d_submit_mib=0.00 h2d_submit_ms=0.000 post_sync_calls=0 post_sync_ms=0.000 upload_errors=0
moe-cache-mm: h2d_copies=0 h2d_mib=0.00 h2d_enqueue_ms=0.000 mincore_sampled=0 resident_pages=0/0 resident_pct=0.00 nonresident_experts=0 mincore_fail=0 proc_minflt=0 proc_majflt=0 vm_pswpin=0 vm_pswpout=0 vm_pgfault=8127 vm_pgmajfault=0 vm_pgpgin=0 vm_pgpgout=0 vm_refault_file=39 vm_refault_anon=0
=== LLAMA CONTEXT SYNC CALLERS ===\ntotal_calls=14803 total_wait_ms=21035.347 max_wait_us=141911\ncaller=_ZN13llama_context16set_ple_prefetchEb calls=1 total_ms=0.052 avg_us=52.000 max_us=52\ncaller=_ZN13llama_context23attach_shared_workspaceERS_ calls=2 total_ms=0.097 avg_us=48.500 max_us=53\ncaller=_ZN13llama_context13sched_reserveEjj calls=16 total_ms=1.044 avg_us=65.250 max_us=307\ncaller=_Z25common_context_can_seq_rmP13llama_context calls=2 total_ms=0.759 avg_us=379.500 max_us=711\ncaller=_ZN13llama_context14output_reserveEi calls=3 total_ms=0.172 avg_us=57.333 max_us=68\ncaller=_Z26llama_get_embeddings_nextnP13llama_context calls=449 total_ms=74.873 avg_us=166.755 max_us=29387\ncaller=_ZN13llama_context21prepare_sched_reserveERKNS_18sched_reserve_planE calls=6 total_ms=0.279 avg_us=46.500 max_us=58\ncaller=_Z30llama_get_embeddings_nextn_ithP13llama_contexti calls=2385 total_ms=101.318 avg_us=42.481 max_us=132\ncaller=llama_state_seq_get_data_ext calls=4 total_ms=0.221 avg_us=55.250 max_us=75\ncaller=_ZNSt17_Function_handlerIFvvEZN19server_context_impl6decodeERiiR11llama_batchEUlvE_E9_M_invokeERKSt9_Any_data calls=447 total_ms=19114.782 avg_us=42762.376 max_us=141911\ncaller=_Z21common_sampler_sampleP14common_samplerP13llama_contextib calls=1914 total_ms=1349.467 avg_us=705.051 max_us=3452\ncaller=llama_get_sampled_probs_ith calls=1914 total_ms=82.222 avg_us=42.958 max_us=109\ncaller=llama_get_sampled_logits_ith calls=1914 total_ms=79.101 avg_us=41.328 max_us=101\ncaller=llama_get_sampled_candidates_ith calls=1914 total_ms=77.695 avg_us=40.593 max_us=153\ncaller=llama_get_sampled_probs_count_ith calls=1024 total_ms=40.675 avg_us=39.722 max_us=101\ncaller=llama_get_sampled_token_ith calls=1914 total_ms=75.886 avg_us=39.648 max_us=122\ncaller=llama_get_sampled_logits_count_ith calls=890 total_ms=36.215 avg_us=40.691 max_us=86\ncaller=_ZN13llama_context21trim_transient_memoryEv calls=2 total_ms=0.133 avg_us=66.500 max_us=85\ncaller=_ZN13llama_contextD1Ev calls=2 total_ms=0.356 avg_us=178.000 max_us=297\n=== END LLAMA CONTEXT SYNC CALLERS ===\n
=== CUDA SYNC PROFILE (instrumentation only) ===
total_syncs = 36777
total_wait_ms = 20438.290
max_wait_us = 141865
sites = 5
wait_hist_us = logarithmic buckets
  hist[0] = 33487
  hist[1] = 1821
  hist[2] = 74
  hist[3] = 34
  hist[4] = 20
  hist[5] = 1
  hist[9] = 259
  hist[10] = 539
  hist[11] = 94
  hist[12] = 1
  hist[14] = 139
  hist[15] = 270
  hist[16] = 37
  hist[17] = 1
by_callsite (caller PC; symbolize with addr2line):
   0 caller=0x78b11f95c0d2 calls=14821 total_ms=20426.059 avg_us=1378.184 max_us=141865
   1 caller=0x78b11f96098c calls=12100 total_ms=4.805 avg_us=0.397 max_us=26
   2 caller=0x78b11f96089c calls=4480 total_ms=3.962 avg_us=0.884 max_us=29
   3 caller=0x78b11f960abd calls=4480 total_ms=1.746 avg_us=0.390 max_us=25
   4 caller=0x78b11f95f852 calls=896 total_ms=1.718 avg_us=1.917 max_us=15
direct_cudaStreamSynchronize: calls=16035 total_ms=71.513 max_us=2532
by_direct_callsite (file:line):
   0 /opt/llama.cpp/ggml/src/ggml-cuda/ggml-cuda.cu:839 calls=15679 total_ms=65.238 avg_us=4.161 max_us=354
   1 /opt/llama.cpp/ggml/src/ggml-cuda/ggml-cuda.cu:900 calls=12 total_ms=5.841 avg_us=486.750 max_us=2532
   2 /opt/llama.cpp/ggml/src/ggml-cuda/ggml-cuda.cu:2665 calls=191 total_ms=0.280 avg_us=1.466 max_us=28
   3 /opt/llama.cpp/ggml/src/ggml-cuda/ggml-cuda.cu:847 calls=150 total_ms=0.150 avg_us=1.000 max_us=3
   4 /opt/llama.cpp/ggml/src/ggml-cuda/ggml-cuda.cu:741 calls=2 total_ms=0.002 avg_us=1.000 max_us=1
   5 /opt/llama.cpp/ggml/src/ggml-cuda/ggml-cuda.cu:2366 calls=1 total_ms=0.002 avg_us=2.000 max_us=2
=== END CUDA SYNC PROFILE ===

=== CUDA SYNC PROFILE (instrumentation only) ===
total_syncs = 36777
total_wait_ms = 20438.290
max_wait_us = 141865
sites = 5
wait_hist_us = logarithmic buckets
  hist[0] = 33487
  hist[1] = 1821
  hist[2] = 74
  hist[3] = 34
  hist[4] = 20
  hist[5] = 1
  hist[9] = 259
  hist[10] = 539
  hist[11] = 94
  hist[12] = 1
  hist[14] = 139
  hist[15] = 270
  hist[16] = 37
  hist[17] = 1
by_callsite (caller PC; symbolize with addr2line):
   0 caller=0x78b11f95c0d2 calls=14821 total_ms=20426.059 avg_us=1378.184 max_us=141865
   1 caller=0x78b11f96098c calls=12100 total_ms=4.805 avg_us=0.397 max_us=26
   2 caller=0x78b11f96089c calls=4480 total_ms=3.962 avg_us=0.884 max_us=29
   3 caller=0x78b11f960abd calls=4480 total_ms=1.746 avg_us=0.390 max_us=25
   4 caller=0x78b11f95f852 calls=896 total_ms=1.718 avg_us=1.917 max_us=15
direct_cudaStreamSynchronize: calls=16035 total_ms=71.513 max_us=2532
by_direct_callsite (file:line):
   0 /opt/llama.cpp/ggml/src/ggml-cuda/ggml-cuda.cu:839 calls=15679 total_ms=65.238 avg_us=4.161 max_us=354
   1 /opt/llama.cpp/ggml/src/ggml-cuda/ggml-cuda.cu:900 calls=12 total_ms=5.841 avg_us=486.750 max_us=2532
   2 /opt/llama.cpp/ggml/src/ggml-cuda/ggml-cuda.cu:2665 calls=191 total_ms=0.280 avg_us=1.466 max_us=28
   3 /opt/llama.cpp/ggml/src/ggml-cuda/ggml-cuda.cu:847 calls=150 total_ms=0.150 avg_us=1.000 max_us=3
   4 /opt/llama.cpp/ggml/src/ggml-cuda/ggml-cuda.cu:741 calls=2 total_ms=0.002 avg_us=1.000 max_us=1
   5 /opt/llama.cpp/ggml/src/ggml-cuda/ggml-cuda.cu:2366 calls=1 total_ms=0.002 avg_us=2.000 max_us=2
=== END CUDA SYNC PROFILE ===
=== SCHEDULER SYNC PROFILE ===
site=sched_synchronize calls=29642 total_ms=20432.707 avg_us=689.316 max_us=141866
site=alloc_splits.realloc calls=1792 total_ms=2.145 avg_us=1.197 max_us=53
site=compute_splits.input_reuse calls=4480 total_ms=6.057 avg_us=1.352 max_us=121
site=compute_splits.input_copy_src calls=4480 total_ms=0.107 avg_us=0.024 max_us=1
site=compute_splits.input_copy_dst calls=4480 total_ms=3.098 avg_us=0.692 max_us=40
site=compute_splits.user_input calls=12100 total_ms=8.952 avg_us=0.740 max_us=123
--- SCHEDULER SYNC CALLERS ---
caller=ggml_backend_sched_reserve calls=18\ncaller=_ZN13llama_context11synchronizeEv calls=14803\n=== END SCHEDULER SYNC PROFILE ===
