0.00.121.468 I cmn  common_param: common_params_print_info: verbosity = 3 (adjust with the `-lv N` CLI arg)
0.00.121.755 W srv  llama_server: -----------------
0.00.121.756 W srv  llama_server: CORS is set to allow all origins ('*') and no API key is set
0.00.121.756 W srv  llama_server: this can be a security risk (cross-origin attacks)
0.00.121.756 W srv  llama_server: more info: https://github.com/ggml-org/llama.cpp/pull/25655
0.00.121.756 W srv  llama_server: -----------------
0.00.123.019 I srv    load_model: loading model '/opt/models/Qwen3.8-Flash-Next/UD-Q3_K_XL/Qwen3.8-Flash-Next-UD-Q3_K_XL-00001-of-00003.gguf'
0.58.020.773 I cmn          init: llama threadpool init, n_threads = 12
0.58.020.837 I common_speculative_init_result: loading draft model '/opt/models/Qwen3.8-Flash-Next/MTP/mtp-Qwen3.8-Flash-Next-Q4_K_M.gguf'

=== CUDA SYNC PROFILE (instrumentation only) ===
total_syncs = 2
total_wait_ms = 0.016
max_wait_us = 12
sites = 1
wait_hist_us = logarithmic buckets
  hist[2] = 1
  hist[3] = 1
by_callsite (caller PC; symbolize with addr2line):
   0 caller=0x759fa2480c8a calls=2 total_ms=0.016 avg_us=8.000 max_us=12
direct_cudaStreamSynchronize: calls=3 total_ms=1.039 max_us=569
by_direct_callsite (file:line):
   0 /opt/llama.cpp/ggml/src/ggml-cuda/ggml-cuda.cu:900 calls=3 total_ms=1.039 avg_us=346.333 max_us=569
=== END CUDA SYNC PROFILE ===

=== CUDA SYNC PROFILE (instrumentation only) ===
total_syncs = 2
total_wait_ms = 0.016
max_wait_us = 12
sites = 1
wait_hist_us = logarithmic buckets
  hist[2] = 1
  hist[3] = 1
by_callsite (caller PC; symbolize with addr2line):
   0 caller=0x759fa2480c8a calls=2 total_ms=0.016 avg_us=8.000 max_us=12
direct_cudaStreamSynchronize: calls=3 total_ms=1.039 max_us=569
by_direct_callsite (file:line):
   0 /opt/llama.cpp/ggml/src/ggml-cuda/ggml-cuda.cu:900 calls=3 total_ms=1.039 avg_us=346.333 max_us=569
=== END CUDA SYNC PROFILE ===
1.01.013.704 I srv    load_model: MTP recurrent-plane policy: draft depth = 2, total planes = 3, direct rollback horizon = 2, full-shape GPU replay = disabled
1.01.013.707 I srv    load_model: initializing, n_slots = 1, n_ctx_slot = 65536, kv_unified = 'false'
1.01.022.104 W srv          init: --cache-idle-slots requires --cache-ram, disabling
1.01.029.166 W srv          init: chat template supports preserving reasoning, it is enabled by default (may use more tokens, disable via --no-reasoning-preserve)
1.01.029.192 I srv  llama_server: model loaded
1.01.029.194 I srv  llama_server: listening on http://127.0.0.1:8080
1.01.029.195 W srv  llama_server: NOTICE: server default port will be changed to :9931 in a future release
1.01.029.195 W srv  llama_server:         ref: https://github.com/ggml-org/llama.cpp/pull/26508
1.01.232.737 I slot get_availabl: id  0 | task -1 | selected slot by LRU, t_last = -1
1.01.232.822 I slot launch_slot_: id  0 | task -1 | decode overlap: MTP draft enabled after target acceptance
1.01.232.825 I slot launch_slot_: id  0 | task 0 | processing task, is_child = 0

=== CUDA SYNC PROFILE (instrumentation only) ===
total_syncs = 70
total_wait_ms = 0.823
max_wait_us = 720
sites = 5
wait_hist_us = logarithmic buckets
  hist[0] = 53
  hist[1] = 7
  hist[2] = 5
  hist[3] = 4
  hist[9] = 1
by_callsite (caller PC; symbolize with addr2line):
   0 caller=0x759fa2480c8a calls=18 total_ms=0.784 avg_us=43.556 max_us=720
   1 caller=0x759fa2480098 calls=10 total_ms=0.016 avg_us=1.600 max_us=7
   2 caller=0x759fa247f28a calls=2 total_ms=0.012 avg_us=6.000 max_us=9
   3 caller=0x759fa24800b8 calls=30 total_ms=0.008 avg_us=0.267 max_us=1
   4 caller=0x759fa24800d5 calls=10 total_ms=0.003 avg_us=0.300 max_us=1
direct_cudaStreamSynchronize: calls=100 total_ms=6.151 max_us=2583
by_direct_callsite (file:line):
   0 /opt/llama.cpp/ggml/src/ggml-cuda/ggml-cuda.cu:900 calls=12 total_ms=5.894 avg_us=491.167 max_us=2583
   1 /opt/llama.cpp/ggml/src/ggml-cuda/ggml-cuda.cu:839 calls=37 total_ms=0.223 avg_us=6.027 max_us=37
   2 /opt/llama.cpp/ggml/src/ggml-cuda/ggml-cuda.cu:2665 calls=51 total_ms=0.034 avg_us=0.667 max_us=2
=== END CUDA SYNC PROFILE ===
backend-sync-trace: count=100 backend=CUDA0 caller=ggml_backend_sched_synchronize+0x3a

=== CUDA SYNC PROFILE (instrumentation only) ===
total_syncs = 100
total_wait_ms = 30.215
max_wait_us = 29350
sites = 5
wait_hist_us = logarithmic buckets
  hist[0] = 77
  hist[1] = 9
  hist[2] = 7
  hist[3] = 5
  hist[9] = 1
  hist[14] = 1
by_callsite (caller PC; symbolize with addr2line):
   0 caller=0x759fa2480c8a calls=39 total_ms=30.164 avg_us=773.436 max_us=29350
   1 caller=0x759fa247f28a calls=3 total_ms=0.019 avg_us=6.333 max_us=9
   2 caller=0x759fa2480098 calls=12 total_ms=0.019 avg_us=1.583 max_us=7
   3 caller=0x759fa24800b8 calls=34 total_ms=0.009 avg_us=0.265 max_us=1
   4 caller=0x759fa24800d5 calls=12 total_ms=0.004 avg_us=0.333 max_us=1
direct_cudaStreamSynchronize: calls=149 total_ms=6.399 max_us=2583
by_direct_callsite (file:line):
   0 /opt/llama.cpp/ggml/src/ggml-cuda/ggml-cuda.cu:900 calls=12 total_ms=5.894 avg_us=491.167 max_us=2583
   1 /opt/llama.cpp/ggml/src/ggml-cuda/ggml-cuda.cu:839 calls=42 total_ms=0.401 avg_us=9.548 max_us=133
   2 /opt/llama.cpp/ggml/src/ggml-cuda/ggml-cuda.cu:2665 calls=95 total_ms=0.104 avg_us=1.095 max_us=6
=== END CUDA SYNC PROFILE ===

=== CUDA SYNC PROFILE (instrumentation only) ===
total_syncs = 126
total_wait_ms = 30.245
max_wait_us = 29350
sites = 5
wait_hist_us = logarithmic buckets
  hist[0] = 102
  hist[1] = 9
  hist[2] = 7
  hist[3] = 6
  hist[9] = 1
  hist[14] = 1
by_callsite (caller PC; symbolize with addr2line):
   0 caller=0x759fa2480c8a calls=65 total_ms=30.194 avg_us=464.523 max_us=29350
   1 caller=0x759fa247f28a calls=3 total_ms=0.019 avg_us=6.333 max_us=9
   2 caller=0x759fa2480098 calls=12 total_ms=0.019 avg_us=1.583 max_us=7
   3 caller=0x759fa24800b8 calls=34 total_ms=0.009 avg_us=0.265 max_us=1
   4 caller=0x759fa24800d5 calls=12 total_ms=0.004 avg_us=0.333 max_us=1
direct_cudaStreamSynchronize: calls=200 total_ms=6.475 max_us=2583
by_direct_callsite (file:line):
   0 /opt/llama.cpp/ggml/src/ggml-cuda/ggml-cuda.cu:900 calls=12 total_ms=5.894 avg_us=491.167 max_us=2583
   1 /opt/llama.cpp/ggml/src/ggml-cuda/ggml-cuda.cu:839 calls=42 total_ms=0.401 avg_us=9.548 max_us=133
   2 /opt/llama.cpp/ggml/src/ggml-cuda/ggml-cuda.cu:2665 calls=95 total_ms=0.104 avg_us=1.095 max_us=6
   3 /opt/llama.cpp/ggml/src/ggml-cuda/ggml-cuda.cu:847 calls=51 total_ms=0.076 avg_us=1.490 max_us=18
=== END CUDA SYNC PROFILE ===
backend-sync-trace: count=200 backend=CUDA0 caller=ggml_backend_sched_synchronize+0x3a

=== CUDA SYNC PROFILE (instrumentation only) ===
total_syncs = 200
total_wait_ms = 54.394
max_wait_us = 29350
sites = 5
wait_hist_us = logarithmic buckets
  hist[0] = 169
  hist[1] = 9
  hist[2] = 10
  hist[3] = 9
  hist[9] = 1
  hist[14] = 2
by_callsite (caller PC; symbolize with addr2line):
   0 caller=0x759fa2480c8a calls=108 total_ms=54.290 avg_us=502.685 max_us=29350
   1 caller=0x759fa247f28a calls=5 total_ms=0.038 avg_us=7.600 max_us=11
   2 caller=0x759fa2480098 calls=18 total_ms=0.037 avg_us=2.056 max_us=11
   3 caller=0x759fa24800b8 calls=51 total_ms=0.021 avg_us=0.412 max_us=1
   4 caller=0x759fa24800d5 calls=18 total_ms=0.008 avg_us=0.444 max_us=1
direct_cudaStreamSynchronize: calls=292 total_ms=7.452 max_us=2583
by_direct_callsite (file:line):
   0 /opt/llama.cpp/ggml/src/ggml-cuda/ggml-cuda.cu:900 calls=12 total_ms=5.894 avg_us=491.167 max_us=2583
   1 /opt/llama.cpp/ggml/src/ggml-cuda/ggml-cuda.cu:839 calls=62 total_ms=1.104 avg_us=17.806 max_us=356
   2 /opt/llama.cpp/ggml/src/ggml-cuda/ggml-cuda.cu:2665 calls=143 total_ms=0.304 avg_us=2.126 max_us=11
   3 /opt/llama.cpp/ggml/src/ggml-cuda/ggml-cuda.cu:847 calls=75 total_ms=0.150 avg_us=2.000 max_us=21
=== END CUDA SYNC PROFILE ===

=== CUDA SYNC PROFILE (instrumentation only) ===
total_syncs = 276
total_wait_ms = 54.437
max_wait_us = 29350
sites = 5
wait_hist_us = logarithmic buckets
  hist[0] = 243
  hist[1] = 10
  hist[2] = 11
  hist[3] = 9
  hist[9] = 1
  hist[14] = 2
by_callsite (caller PC; symbolize with addr2line):
   0 caller=0x759fa2480c8a calls=184 total_ms=54.333 avg_us=295.288 max_us=29350
   1 caller=0x759fa247f28a calls=5 total_ms=0.038 avg_us=7.600 max_us=11
   2 caller=0x759fa2480098 calls=18 total_ms=0.037 avg_us=2.056 max_us=11
   3 caller=0x759fa24800b8 calls=51 total_ms=0.021 avg_us=0.412 max_us=1
   4 caller=0x759fa24800d5 calls=18 total_ms=0.008 avg_us=0.444 max_us=1
direct_cudaStreamSynchronize: calls=300 total_ms=7.464 max_us=2583
by_direct_callsite (file:line):
   0 /opt/llama.cpp/ggml/src/ggml-cuda/ggml-cuda.cu:900 calls=12 total_ms=5.894 avg_us=491.167 max_us=2583
   1 /opt/llama.cpp/ggml/src/ggml-cuda/ggml-cuda.cu:839 calls=62 total_ms=1.104 avg_us=17.806 max_us=356
   2 /opt/llama.cpp/ggml/src/ggml-cuda/ggml-cuda.cu:2665 calls=143 total_ms=0.304 avg_us=2.126 max_us=11
   3 /opt/llama.cpp/ggml/src/ggml-cuda/ggml-cuda.cu:847 calls=83 total_ms=0.162 avg_us=1.952 max_us=21
=== END CUDA SYNC PROFILE ===

=== CUDA SYNC PROFILE (instrumentation only) ===
total_syncs = 299
total_wait_ms = 54.467
max_wait_us = 29350
sites = 5
wait_hist_us = logarithmic buckets
  hist[0] = 263
  hist[1] = 11
  hist[2] = 12
  hist[3] = 10
  hist[9] = 1
  hist[14] = 2
by_callsite (caller PC; symbolize with addr2line):
   0 caller=0x759fa2480c8a calls=185 total_ms=54.336 avg_us=293.708 max_us=29350
   1 caller=0x759fa247f28a calls=6 total_ms=0.046 avg_us=7.667 max_us=11
   2 caller=0x759fa2480098 calls=22 total_ms=0.045 avg_us=2.045 max_us=11
   3 caller=0x759fa24800b8 calls=64 total_ms=0.029 avg_us=0.453 max_us=1
   4 caller=0x759fa24800d5 calls=22 total_ms=0.011 avg_us=0.500 max_us=1
direct_cudaStreamSynchronize: calls=400 total_ms=7.658 max_us=2583
by_direct_callsite (file:line):
   0 /opt/llama.cpp/ggml/src/ggml-cuda/ggml-cuda.cu:900 calls=12 total_ms=5.894 avg_us=491.167 max_us=2583
   1 /opt/llama.cpp/ggml/src/ggml-cuda/ggml-cuda.cu:839 calls=78 total_ms=1.177 avg_us=15.090 max_us=356
   2 /opt/llama.cpp/ggml/src/ggml-cuda/ggml-cuda.cu:2665 calls=160 total_ms=0.341 avg_us=2.131 max_us=11
   3 /opt/llama.cpp/ggml/src/ggml-cuda/ggml-cuda.cu:847 calls=150 total_ms=0.246 avg_us=1.640 max_us=21
=== END CUDA SYNC PROFILE ===
backend-sync-trace: count=300 backend=CUDA0 caller=ggml_backend_sched_synchronize+0x3a

=== CUDA SYNC PROFILE (instrumentation only) ===
total_syncs = 300
total_wait_ms = 56.816
max_wait_us = 29350
sites = 5
wait_hist_us = logarithmic buckets
  hist[0] = 263
  hist[1] = 11
  hist[2] = 12
  hist[3] = 10
  hist[9] = 1
  hist[11] = 1
  hist[14] = 2
by_callsite (caller PC; symbolize with addr2line):
   0 caller=0x759fa2480c8a calls=186 total_ms=56.685 avg_us=304.758 max_us=29350
   1 caller=0x759fa247f28a calls=6 total_ms=0.046 avg_us=7.667 max_us=11
   2 caller=0x759fa2480098 calls=22 total_ms=0.045 avg_us=2.045 max_us=11
   3 caller=0x759fa24800b8 calls=64 total_ms=0.029 avg_us=0.453 max_us=1
   4 caller=0x759fa24800d5 calls=22 total_ms=0.011 avg_us=0.500 max_us=1
direct_cudaStreamSynchronize: calls=431 total_ms=7.711 max_us=2583
by_direct_callsite (file:line):
   0 /opt/llama.cpp/ggml/src/ggml-cuda/ggml-cuda.cu:900 calls=12 total_ms=5.894 avg_us=491.167 max_us=2583
   1 /opt/llama.cpp/ggml/src/ggml-cuda/ggml-cuda.cu:839 calls=78 total_ms=1.177 avg_us=15.090 max_us=356
   2 /opt/llama.cpp/ggml/src/ggml-cuda/ggml-cuda.cu:2665 calls=191 total_ms=0.394 avg_us=2.063 max_us=11
   3 /opt/llama.cpp/ggml/src/ggml-cuda/ggml-cuda.cu:847 calls=150 total_ms=0.246 avg_us=1.640 max_us=21
=== END CUDA SYNC PROFILE ===
backend-sync-trace: count=400 backend=CUDA0 caller=ggml_backend_sched_synchronize+0x3a

=== CUDA SYNC PROFILE (instrumentation only) ===
total_syncs = 400
total_wait_ms = 104.134
max_wait_us = 40343
sites = 5
wait_hist_us = logarithmic buckets
  hist[0] = 344
  hist[1] = 22
  hist[2] = 15
  hist[3] = 12
  hist[9] = 1
  hist[11] = 3
  hist[14] = 2
  hist[15] = 1
by_callsite (caller PC; symbolize with addr2line):
   0 caller=0x759fa2480c8a calls=230 total_ms=103.949 avg_us=451.952 max_us=40343
   1 caller=0x759fa2480098 calls=34 total_ms=0.068 avg_us=2.000 max_us=11
   2 caller=0x759fa24800b8 calls=95 total_ms=0.051 avg_us=0.537 max_us=1
   3 caller=0x759fa247f28a calls=7 total_ms=0.050 avg_us=7.143 max_us=11
   4 caller=0x759fa24800d5 calls=34 total_ms=0.016 avg_us=0.471 max_us=1
direct_cudaStreamSynchronize: calls=471 total_ms=7.889 max_us=2583
by_direct_callsite (file:line):
   0 /opt/llama.cpp/ggml/src/ggml-cuda/ggml-cuda.cu:900 calls=12 total_ms=5.894 avg_us=491.167 max_us=2583
   1 /opt/llama.cpp/ggml/src/ggml-cuda/ggml-cuda.cu:839 calls=118 total_ms=1.355 avg_us=11.483 max_us=356
   2 /opt/llama.cpp/ggml/src/ggml-cuda/ggml-cuda.cu:2665 calls=191 total_ms=0.394 avg_us=2.063 max_us=11
   3 /opt/llama.cpp/ggml/src/ggml-cuda/ggml-cuda.cu:847 calls=150 total_ms=0.246 avg_us=1.640 max_us=21
=== END CUDA SYNC PROFILE ===

=== CUDA SYNC PROFILE (instrumentation only) ===
total_syncs = 465
total_wait_ms = 110.508
max_wait_us = 40343
sites = 5
wait_hist_us = logarithmic buckets
  hist[0] = 403
  hist[1] = 25
  hist[2] = 16
  hist[3] = 12
  hist[9] = 1
  hist[11] = 5
  hist[14] = 2
  hist[15] = 1
by_callsite (caller PC; symbolize with addr2line):
   0 caller=0x759fa2480c8a calls=256 total_ms=110.292 avg_us=430.828 max_us=40343
   1 caller=0x759fa2480098 calls=42 total_ms=0.080 avg_us=1.905 max_us=11
   2 caller=0x759fa24800b8 calls=117 total_ms=0.062 avg_us=0.530 max_us=1
   3 caller=0x759fa247f28a calls=8 total_ms=0.054 avg_us=6.750 max_us=11
   4 caller=0x759fa24800d5 calls=42 total_ms=0.020 avg_us=0.476 max_us=1
direct_cudaStreamSynchronize: calls=500 total_ms=7.994 max_us=2583
by_direct_callsite (file:line):
   0 /opt/llama.cpp/ggml/src/ggml-cuda/ggml-cuda.cu:900 calls=12 total_ms=5.894 avg_us=491.167 max_us=2583
   1 /opt/llama.cpp/ggml/src/ggml-cuda/ggml-cuda.cu:839 calls=147 total_ms=1.460 avg_us=9.932 max_us=356
   2 /opt/llama.cpp/ggml/src/ggml-cuda/ggml-cuda.cu:2665 calls=191 total_ms=0.394 avg_us=2.063 max_us=11
   3 /opt/llama.cpp/ggml/src/ggml-cuda/ggml-cuda.cu:847 calls=150 total_ms=0.246 avg_us=1.640 max_us=21
=== END CUDA SYNC PROFILE ===
backend-sync-trace: count=500 backend=CUDA0 caller=ggml_backend_sched_graph_compute_async_ext+0xc98

=== CUDA SYNC PROFILE (instrumentation only) ===
total_syncs = 500
total_wait_ms = 226.038
max_wait_us = 115492
sites = 5
wait_hist_us = logarithmic buckets
  hist[0] = 431
  hist[1] = 30
  hist[2] = 16
  hist[3] = 13
  hist[9] = 1
  hist[11] = 5
  hist[14] = 2
  hist[15] = 1
  hist[16] = 1
by_callsite (caller PC; symbolize with addr2line):
   0 caller=0x759fa2480c8a calls=279 total_ms=225.809 avg_us=809.351 max_us=115492
   1 caller=0x759fa2480098 calls=45 total_ms=0.083 avg_us=1.844 max_us=11
   2 caller=0x759fa24800b8 calls=122 total_ms=0.065 avg_us=0.533 max_us=1
   3 caller=0x759fa247f28a calls=10 total_ms=0.059 avg_us=5.900 max_us=11
   4 caller=0x759fa24800d5 calls=44 total_ms=0.022 avg_us=0.500 max_us=1
direct_cudaStreamSynchronize: calls=506 total_ms=8.028 max_us=2583
by_direct_callsite (file:line):
   0 /opt/llama.cpp/ggml/src/ggml-cuda/ggml-cuda.cu:900 calls=12 total_ms=5.894 avg_us=491.167 max_us=2583
   1 /opt/llama.cpp/ggml/src/ggml-cuda/ggml-cuda.cu:839 calls=153 total_ms=1.494 avg_us=9.765 max_us=356
   2 /opt/llama.cpp/ggml/src/ggml-cuda/ggml-cuda.cu:2665 calls=191 total_ms=0.394 avg_us=2.063 max_us=11
   3 /opt/llama.cpp/ggml/src/ggml-cuda/ggml-cuda.cu:847 calls=150 total_ms=0.246 avg_us=1.640 max_us=21
=== END CUDA SYNC PROFILE ===
backend-sync-trace: count=600 backend=CUDA0 caller=ggml_backend_sched_graph_compute_async_ext+0xcb8

=== CUDA SYNC PROFILE (instrumentation only) ===
total_syncs = 600
total_wait_ms = 334.258
max_wait_us = 115492
sites = 5
wait_hist_us = logarithmic buckets
  hist[0] = 517
  hist[1] = 39
  hist[2] = 16
  hist[3] = 14
  hist[9] = 1
  hist[10] = 1
  hist[11] = 7
  hist[14] = 2
  hist[15] = 1
  hist[16] = 2
by_callsite (caller PC; symbolize with addr2line):
   0 caller=0x759fa2480c8a calls=317 total_ms=333.987 avg_us=1053.587 max_us=115492
   1 caller=0x759fa2480098 calls=58 total_ms=0.097 avg_us=1.672 max_us=11
   2 caller=0x759fa24800b8 calls=155 total_ms=0.081 avg_us=0.523 max_us=1
   3 caller=0x759fa247f28a calls=12 total_ms=0.063 avg_us=5.250 max_us=11
   4 caller=0x759fa24800d5 calls=58 total_ms=0.030 avg_us=0.517 max_us=1
direct_cudaStreamSynchronize: calls=550 total_ms=8.197 max_us=2583
by_direct_callsite (file:line):
   0 /opt/llama.cpp/ggml/src/ggml-cuda/ggml-cuda.cu:900 calls=12 total_ms=5.894 avg_us=491.167 max_us=2583
   1 /opt/llama.cpp/ggml/src/ggml-cuda/ggml-cuda.cu:839 calls=197 total_ms=1.663 avg_us=8.442 max_us=356
   2 /opt/llama.cpp/ggml/src/ggml-cuda/ggml-cuda.cu:2665 calls=191 total_ms=0.394 avg_us=2.063 max_us=11
   3 /opt/llama.cpp/ggml/src/ggml-cuda/ggml-cuda.cu:847 calls=150 total_ms=0.246 avg_us=1.640 max_us=21
=== END CUDA SYNC PROFILE ===
backend-sync-trace: count=700 backend=CUDA0 caller=ggml_backend_sched_graph_compute_async_ext+0xc98

=== CUDA SYNC PROFILE (instrumentation only) ===
total_syncs = 700
total_wait_ms = 482.772
max_wait_us = 140269
sites = 5
wait_hist_us = logarithmic buckets
  hist[0] = 607
  hist[1] = 42
  hist[2] = 18
  hist[3] = 14
  hist[4] = 1
  hist[9] = 1
  hist[10] = 2
  hist[11] = 9
  hist[14] = 2
  hist[15] = 1
  hist[16] = 2
  hist[17] = 1
by_callsite (caller PC; symbolize with addr2line):
   0 caller=0x759fa2480c8a calls=361 total_ms=482.466 avg_us=1336.471 max_us=140269
   1 caller=0x759fa2480098 calls=71 total_ms=0.114 avg_us=1.606 max_us=11
   2 caller=0x759fa24800b8 calls=184 total_ms=0.090 avg_us=0.489 max_us=1
   3 caller=0x759fa247f28a calls=14 total_ms=0.068 avg_us=4.857 max_us=11
   4 caller=0x759fa24800d5 calls=70 total_ms=0.034 avg_us=0.486 max_us=1
direct_cudaStreamSynchronize: calls=590 total_ms=8.350 max_us=2583
by_direct_callsite (file:line):
   0 /opt/llama.cpp/ggml/src/ggml-cuda/ggml-cuda.cu:900 calls=12 total_ms=5.894 avg_us=491.167 max_us=2583
   1 /opt/llama.cpp/ggml/src/ggml-cuda/ggml-cuda.cu:839 calls=237 total_ms=1.816 avg_us=7.662 max_us=356
   2 /opt/llama.cpp/ggml/src/ggml-cuda/ggml-cuda.cu:2665 calls=191 total_ms=0.394 avg_us=2.063 max_us=11
   3 /opt/llama.cpp/ggml/src/ggml-cuda/ggml-cuda.cu:847 calls=150 total_ms=0.246 avg_us=1.640 max_us=21
=== END CUDA SYNC PROFILE ===

=== CUDA SYNC PROFILE (instrumentation only) ===
total_syncs = 712
total_wait_ms = 482.776
max_wait_us = 140269
sites = 5
wait_hist_us = logarithmic buckets
  hist[0] = 619
  hist[1] = 42
  hist[2] = 18
  hist[3] = 14
  hist[4] = 1
  hist[9] = 1
  hist[10] = 2
  hist[11] = 9
  hist[14] = 2
  hist[15] = 1
  hist[16] = 2
  hist[17] = 1
by_callsite (caller PC; symbolize with addr2line):
   0 caller=0x759fa2480c8a calls=361 total_ms=482.466 avg_us=1336.471 max_us=140269
   1 caller=0x759fa2480098 calls=72 total_ms=0.114 avg_us=1.583 max_us=11
   2 caller=0x759fa24800b8 calls=193 total_ms=0.094 avg_us=0.487 max_us=1
   3 caller=0x759fa247f28a calls=14 total_ms=0.068 avg_us=4.857 max_us=11
   4 caller=0x759fa24800d5 calls=72 total_ms=0.034 avg_us=0.472 max_us=1
direct_cudaStreamSynchronize: calls=600 total_ms=8.398 max_us=2583
by_direct_callsite (file:line):
   0 /opt/llama.cpp/ggml/src/ggml-cuda/ggml-cuda.cu:900 calls=12 total_ms=5.894 avg_us=491.167 max_us=2583
   1 /opt/llama.cpp/ggml/src/ggml-cuda/ggml-cuda.cu:839 calls=247 total_ms=1.864 avg_us=7.547 max_us=356
   2 /opt/llama.cpp/ggml/src/ggml-cuda/ggml-cuda.cu:2665 calls=191 total_ms=0.394 avg_us=2.063 max_us=11
   3 /opt/llama.cpp/ggml/src/ggml-cuda/ggml-cuda.cu:847 calls=150 total_ms=0.246 avg_us=1.640 max_us=21
=== END CUDA SYNC PROFILE ===
backend-sync-trace: count=800 backend=CUDA0 caller=ggml_backend_sched_synchronize+0x3a

=== CUDA SYNC PROFILE (instrumentation only) ===
total_syncs = 800
total_wait_ms = 622.513
max_wait_us = 140269
sites = 5
wait_hist_us = logarithmic buckets
  hist[0] = 696
  hist[1] = 49
  hist[2] = 18
  hist[3] = 14
  hist[4] = 1
  hist[9] = 2
  hist[10] = 2
  hist[11] = 10
  hist[14] = 2
  hist[15] = 2
  hist[16] = 3
  hist[17] = 1
by_callsite (caller PC; symbolize with addr2line):
   0 caller=0x759fa2480c8a calls=394 total_ms=622.173 avg_us=1579.119 max_us=140269
   1 caller=0x759fa2480098 calls=82 total_ms=0.123 avg_us=1.500 max_us=11
   2 caller=0x759fa24800b8 calls=226 total_ms=0.107 avg_us=0.473 max_us=1
   3 caller=0x759fa247f28a calls=16 total_ms=0.072 avg_us=4.500 max_us=11
   4 caller=0x759fa24800d5 calls=82 total_ms=0.038 avg_us=0.463 max_us=1
direct_cudaStreamSynchronize: calls=641 total_ms=8.550 max_us=2583
by_direct_callsite (file:line):
   0 /opt/llama.cpp/ggml/src/ggml-cuda/ggml-cuda.cu:900 calls=12 total_ms=5.894 avg_us=491.167 max_us=2583
   1 /opt/llama.cpp/ggml/src/ggml-cuda/ggml-cuda.cu:839 calls=288 total_ms=2.016 avg_us=7.000 max_us=356
   2 /opt/llama.cpp/ggml/src/ggml-cuda/ggml-cuda.cu:2665 calls=191 total_ms=0.394 avg_us=2.063 max_us=11
   3 /opt/llama.cpp/ggml/src/ggml-cuda/ggml-cuda.cu:847 calls=150 total_ms=0.246 avg_us=1.640 max_us=21
=== END CUDA SYNC PROFILE ===
backend-sync-trace: count=900 backend=CUDA0 caller=ggml_backend_sched_synchronize+0x3a

=== CUDA SYNC PROFILE (instrumentation only) ===
total_syncs = 900
total_wait_ms = 741.468
max_wait_us = 140269
sites = 5
wait_hist_us = logarithmic buckets
  hist[0] = 788
  hist[1] = 54
  hist[2] = 18
  hist[3] = 14
  hist[4] = 1
  hist[9] = 2
  hist[10] = 3
  hist[11] = 11
  hist[14] = 2
  hist[15] = 2
  hist[16] = 4
  hist[17] = 1
by_callsite (caller PC; symbolize with addr2line):
   0 caller=0x759fa2480c8a calls=436 total_ms=741.098 avg_us=1699.766 max_us=140269
   1 caller=0x759fa2480098 calls=94 total_ms=0.131 avg_us=1.394 max_us=11
   2 caller=0x759fa24800b8 calls=257 total_ms=0.115 avg_us=0.447 max_us=1
   3 caller=0x759fa247f28a calls=19 total_ms=0.077 avg_us=4.053 max_us=11
   4 caller=0x759fa24800d5 calls=94 total_ms=0.047 avg_us=0.500 max_us=1
direct_cudaStreamSynchronize: calls=681 total_ms=8.718 max_us=2583
by_direct_callsite (file:line):
   0 /opt/llama.cpp/ggml/src/ggml-cuda/ggml-cuda.cu:900 calls=12 total_ms=5.894 avg_us=491.167 max_us=2583
   1 /opt/llama.cpp/ggml/src/ggml-cuda/ggml-cuda.cu:839 calls=328 total_ms=2.184 avg_us=6.659 max_us=356
   2 /opt/llama.cpp/ggml/src/ggml-cuda/ggml-cuda.cu:2665 calls=191 total_ms=0.394 avg_us=2.063 max_us=11
   3 /opt/llama.cpp/ggml/src/ggml-cuda/ggml-cuda.cu:847 calls=150 total_ms=0.246 avg_us=1.640 max_us=21
=== END CUDA SYNC PROFILE ===

=== CUDA SYNC PROFILE (instrumentation only) ===
total_syncs = 959
total_wait_ms = 746.123
max_wait_us = 140269
sites = 5
wait_hist_us = logarithmic buckets
  hist[0] = 843
  hist[1] = 56
  hist[2] = 18
  hist[3] = 14
  hist[4] = 1
  hist[9] = 2
  hist[10] = 3
  hist[11] = 13
  hist[14] = 2
  hist[15] = 2
  hist[16] = 4
  hist[17] = 1
by_callsite (caller PC; symbolize with addr2line):
   0 caller=0x759fa2480c8a calls=466 total_ms=745.738 avg_us=1600.296 max_us=140269
   1 caller=0x759fa2480098 calls=102 total_ms=0.135 avg_us=1.324 max_us=11
   2 caller=0x759fa24800b8 calls=269 total_ms=0.118 avg_us=0.439 max_us=1
   3 caller=0x759fa247f28a calls=20 total_ms=0.079 avg_us=3.950 max_us=11
   4 caller=0x759fa24800d5 calls=102 total_ms=0.053 avg_us=0.520 max_us=1
direct_cudaStreamSynchronize: calls=700 total_ms=8.804 max_us=2583
by_direct_callsite (file:line):
   0 /opt/llama.cpp/ggml/src/ggml-cuda/ggml-cuda.cu:900 calls=12 total_ms=5.894 avg_us=491.167 max_us=2583
   1 /opt/llama.cpp/ggml/src/ggml-cuda/ggml-cuda.cu:839 calls=347 total_ms=2.270 avg_us=6.542 max_us=356
   2 /opt/llama.cpp/ggml/src/ggml-cuda/ggml-cuda.cu:2665 calls=191 total_ms=0.394 avg_us=2.063 max_us=11
   3 /opt/llama.cpp/ggml/src/ggml-cuda/ggml-cuda.cu:847 calls=150 total_ms=0.246 avg_us=1.640 max_us=21
=== END CUDA SYNC PROFILE ===
backend-sync-trace: count=1000 backend=CUDA0 caller=ggml_backend_sched_synchronize+0x3a

=== CUDA SYNC PROFILE (instrumentation only) ===
total_syncs = 1000
total_wait_ms = 851.834
max_wait_us = 140269
sites = 5
wait_hist_us = logarithmic buckets
  hist[0] = 881
  hist[1] = 57
  hist[2] = 19
  hist[3] = 14
  hist[4] = 1
  hist[9] = 2
  hist[10] = 3
  hist[11] = 13
  hist[14] = 2
  hist[15] = 2
  hist[16] = 5
  hist[17] = 1
by_callsite (caller PC; symbolize with addr2line):
   0 caller=0x759fa2480c8a calls=487 total_ms=851.439 avg_us=1748.335 max_us=140269
   1 caller=0x759fa2480098 calls=104 total_ms=0.136 avg_us=1.308 max_us=11
   2 caller=0x759fa24800b8 calls=284 total_ms=0.124 avg_us=0.437 max_us=1
   3 caller=0x759fa247f28a calls=21 total_ms=0.081 avg_us=3.857 max_us=11
   4 caller=0x759fa24800d5 calls=104 total_ms=0.054 avg_us=0.519 max_us=1
direct_cudaStreamSynchronize: calls=716 total_ms=8.860 max_us=2583
by_direct_callsite (file:line):
   0 /opt/llama.cpp/ggml/src/ggml-cuda/ggml-cuda.cu:900 calls=12 total_ms=5.894 avg_us=491.167 max_us=2583
   1 /opt/llama.cpp/ggml/src/ggml-cuda/ggml-cuda.cu:839 calls=363 total_ms=2.326 avg_us=6.408 max_us=356
   2 /opt/llama.cpp/ggml/src/ggml-cuda/ggml-cuda.cu:2665 calls=191 total_ms=0.394 avg_us=2.063 max_us=11
   3 /opt/llama.cpp/ggml/src/ggml-cuda/ggml-cuda.cu:847 calls=150 total_ms=0.246 avg_us=1.640 max_us=21
=== END CUDA SYNC PROFILE ===
backend-sync-trace: count=1100 backend=CUDA0 caller=ggml_backend_sched_synchronize+0x3a

=== CUDA SYNC PROFILE (instrumentation only) ===
total_syncs = 1100
total_wait_ms = 928.198
max_wait_us = 140269
sites = 5
wait_hist_us = logarithmic buckets
  hist[0] = 971
  hist[1] = 61
  hist[2] = 21
  hist[3] = 14
  hist[4] = 1
  hist[9] = 2
  hist[10] = 5
  hist[11] = 14
  hist[14] = 2
  hist[15] = 2
  hist[16] = 6
  hist[17] = 1
by_callsite (caller PC; symbolize with addr2line):
   0 caller=0x759fa2480c8a calls=529 total_ms=927.771 avg_us=1753.820 max_us=140269
   1 caller=0x759fa2480098 calls=116 total_ms=0.146 avg_us=1.259 max_us=11
   2 caller=0x759fa24800b8 calls=315 total_ms=0.135 avg_us=0.429 max_us=1
   3 caller=0x759fa247f28a calls=24 total_ms=0.087 avg_us=3.625 max_us=11
   4 caller=0x759fa24800d5 calls=116 total_ms=0.059 avg_us=0.509 max_us=1
direct_cudaStreamSynchronize: calls=757 total_ms=9.018 max_us=2583
by_direct_callsite (file:line):
   0 /opt/llama.cpp/ggml/src/ggml-cuda/ggml-cuda.cu:900 calls=12 total_ms=5.894 avg_us=491.167 max_us=2583
   1 /opt/llama.cpp/ggml/src/ggml-cuda/ggml-cuda.cu:839 calls=404 total_ms=2.484 avg_us=6.149 max_us=356
   2 /opt/llama.cpp/ggml/src/ggml-cuda/ggml-cuda.cu:2665 calls=191 total_ms=0.394 avg_us=2.063 max_us=11
   3 /opt/llama.cpp/ggml/src/ggml-cuda/ggml-cuda.cu:847 calls=150 total_ms=0.246 avg_us=1.640 max_us=21
=== END CUDA SYNC PROFILE ===
backend-sync-trace: count=1200 backend=CUDA0 caller=ggml_backend_sched_synchronize+0x3a

=== CUDA SYNC PROFILE (instrumentation only) ===
total_syncs = 1200
total_wait_ms = 1009.958
max_wait_us = 140269
sites = 5
wait_hist_us = logarithmic buckets
  hist[0] = 1063
  hist[1] = 65
  hist[2] = 21
  hist[3] = 14
  hist[4] = 1
  hist[9] = 2
  hist[10] = 8
  hist[11] = 14
  hist[14] = 2
  hist[15] = 2
  hist[16] = 7
  hist[17] = 1
by_callsite (caller PC; symbolize with addr2line):
   0 caller=0x759fa2480c8a calls=572 total_ms=1009.504 avg_us=1764.867 max_us=140269
   1 caller=0x759fa2480098 calls=128 total_ms=0.155 avg_us=1.211 max_us=11
   2 caller=0x759fa24800b8 calls=346 total_ms=0.148 avg_us=0.428 max_us=1
   3 caller=0x759fa247f28a calls=26 total_ms=0.091 avg_us=3.500 max_us=11
   4 caller=0x759fa24800d5 calls=128 total_ms=0.060 avg_us=0.469 max_us=1
direct_cudaStreamSynchronize: calls=798 total_ms=9.175 max_us=2583
by_direct_callsite (file:line):
   0 /opt/llama.cpp/ggml/src/ggml-cuda/ggml-cuda.cu:900 calls=12 total_ms=5.894 avg_us=491.167 max_us=2583
   1 /opt/llama.cpp/ggml/src/ggml-cuda/ggml-cuda.cu:839 calls=445 total_ms=2.641 avg_us=5.935 max_us=356
   2 /opt/llama.cpp/ggml/src/ggml-cuda/ggml-cuda.cu:2665 calls=191 total_ms=0.394 avg_us=2.063 max_us=11
   3 /opt/llama.cpp/ggml/src/ggml-cuda/ggml-cuda.cu:847 calls=150 total_ms=0.246 avg_us=1.640 max_us=21
=== END CUDA SYNC PROFILE ===

=== CUDA SYNC PROFILE (instrumentation only) ===
total_syncs = 1209
total_wait_ms = 1009.964
max_wait_us = 140269
sites = 5
wait_hist_us = logarithmic buckets
  hist[0] = 1071
  hist[1] = 66
  hist[2] = 21
  hist[3] = 14
  hist[4] = 1
  hist[9] = 2
  hist[10] = 8
  hist[11] = 14
  hist[14] = 2
  hist[15] = 2
  hist[16] = 7
  hist[17] = 1
by_callsite (caller PC; symbolize with addr2line):
   0 caller=0x759fa2480c8a calls=577 total_ms=1009.506 avg_us=1749.577 max_us=140269
   1 caller=0x759fa2480098 calls=130 total_ms=0.157 avg_us=1.208 max_us=11
   2 caller=0x759fa24800b8 calls=346 total_ms=0.148 avg_us=0.428 max_us=1
   3 caller=0x759fa247f28a calls=26 total_ms=0.091 avg_us=3.500 max_us=11
   4 caller=0x759fa24800d5 calls=130 total_ms=0.062 avg_us=0.477 max_us=1
direct_cudaStreamSynchronize: calls=800 total_ms=9.184 max_us=2583
by_direct_callsite (file:line):
   0 /opt/llama.cpp/ggml/src/ggml-cuda/ggml-cuda.cu:900 calls=12 total_ms=5.894 avg_us=491.167 max_us=2583
   1 /opt/llama.cpp/ggml/src/ggml-cuda/ggml-cuda.cu:839 calls=447 total_ms=2.650 avg_us=5.928 max_us=356
   2 /opt/llama.cpp/ggml/src/ggml-cuda/ggml-cuda.cu:2665 calls=191 total_ms=0.394 avg_us=2.063 max_us=11
   3 /opt/llama.cpp/ggml/src/ggml-cuda/ggml-cuda.cu:847 calls=150 total_ms=0.246 avg_us=1.640 max_us=21
=== END CUDA SYNC PROFILE ===
backend-sync-trace: count=1300 backend=CUDA0 caller=ggml_backend_sched_graph_compute_async_ext+0xcb8

=== CUDA SYNC PROFILE (instrumentation only) ===
total_syncs = 1300
total_wait_ms = 1062.636
max_wait_us = 140269
sites = 5
wait_hist_us = logarithmic buckets
  hist[0] = 1156
  hist[1] = 69
  hist[2] = 21
  hist[3] = 14
  hist[4] = 1
  hist[9] = 2
  hist[10] = 10
  hist[11] = 14
  hist[14] = 2
  hist[15] = 3
  hist[16] = 7
  hist[17] = 1
by_callsite (caller PC; symbolize with addr2line):
   0 caller=0x759fa2480c8a calls=614 total_ms=1062.150 avg_us=1729.886 max_us=140269
   1 caller=0x759fa2480098 calls=142 total_ms=0.166 avg_us=1.169 max_us=11
   2 caller=0x759fa24800b8 calls=374 total_ms=0.159 avg_us=0.425 max_us=1
   3 caller=0x759fa247f28a calls=28 total_ms=0.094 avg_us=3.357 max_us=11
   4 caller=0x759fa24800d5 calls=142 total_ms=0.067 avg_us=0.472 max_us=1
direct_cudaStreamSynchronize: calls=836 total_ms=9.330 max_us=2583
by_direct_callsite (file:line):
   0 /opt/llama.cpp/ggml/src/ggml-cuda/ggml-cuda.cu:900 calls=12 total_ms=5.894 avg_us=491.167 max_us=2583
   1 /opt/llama.cpp/ggml/src/ggml-cuda/ggml-cuda.cu:839 calls=483 total_ms=2.796 avg_us=5.789 max_us=356
   2 /opt/llama.cpp/ggml/src/ggml-cuda/ggml-cuda.cu:2665 calls=191 total_ms=0.394 avg_us=2.063 max_us=11
   3 /opt/llama.cpp/ggml/src/ggml-cuda/ggml-cuda.cu:847 calls=150 total_ms=0.246 avg_us=1.640 max_us=21
=== END CUDA SYNC PROFILE ===
backend-sync-trace: count=1400 backend=CUDA0 caller=ggml_backend_sched_graph_compute_async_ext+0xcb8

=== CUDA SYNC PROFILE (instrumentation only) ===
total_syncs = 1400
total_wait_ms = 1130.961
max_wait_us = 140269
sites = 5
wait_hist_us = logarithmic buckets
  hist[0] = 1249
  hist[1] = 73
  hist[2] = 21
  hist[3] = 14
  hist[4] = 1
  hist[9] = 2
  hist[10] = 12
  hist[11] = 14
  hist[14] = 2
  hist[15] = 4
  hist[16] = 7
  hist[17] = 1
by_callsite (caller PC; symbolize with addr2line):
   0 caller=0x759fa2480c8a calls=651 total_ms=1130.449 avg_us=1736.481 max_us=140269
   1 caller=0x759fa2480098 calls=152 total_ms=0.172 avg_us=1.132 max_us=11
   2 caller=0x759fa24800b8 calls=415 total_ms=0.172 avg_us=0.414 max_us=1
   3 caller=0x759fa247f28a calls=30 total_ms=0.097 avg_us=3.233 max_us=11
   4 caller=0x759fa24800d5 calls=152 total_ms=0.071 avg_us=0.467 max_us=1
direct_cudaStreamSynchronize: calls=885 total_ms=9.525 max_us=2583
by_direct_callsite (file:line):
   0 /opt/llama.cpp/ggml/src/ggml-cuda/ggml-cuda.cu:900 calls=12 total_ms=5.894 avg_us=491.167 max_us=2583
   1 /opt/llama.cpp/ggml/src/ggml-cuda/ggml-cuda.cu:839 calls=532 total_ms=2.991 avg_us=5.622 max_us=356
   2 /opt/llama.cpp/ggml/src/ggml-cuda/ggml-cuda.cu:2665 calls=191 total_ms=0.394 avg_us=2.063 max_us=11
   3 /opt/llama.cpp/ggml/src/ggml-cuda/ggml-cuda.cu:847 calls=150 total_ms=0.246 avg_us=1.640 max_us=21
=== END CUDA SYNC PROFILE ===

=== CUDA SYNC PROFILE (instrumentation only) ===
total_syncs = 1453
total_wait_ms = 1212.012
max_wait_us = 140269
sites = 5
wait_hist_us = logarithmic buckets
  hist[0] = 1298
  hist[1] = 75
  hist[2] = 21
  hist[3] = 14
  hist[4] = 1
  hist[9] = 2
  hist[10] = 13
  hist[11] = 14
  hist[14] = 2
  hist[15] = 4
  hist[16] = 8
  hist[17] = 1
by_callsite (caller PC; symbolize with addr2line):
   0 caller=0x759fa2480c8a calls=681 total_ms=1211.487 avg_us=1778.982 max_us=140269
   1 caller=0x759fa24800b8 calls=424 total_ms=0.177 avg_us=0.417 max_us=1
   2 caller=0x759fa2480098 calls=158 total_ms=0.175 avg_us=1.108 max_us=11
   3 caller=0x759fa247f28a calls=32 total_ms=0.100 avg_us=3.125 max_us=11
   4 caller=0x759fa24800d5 calls=158 total_ms=0.073 avg_us=0.462 max_us=1
direct_cudaStreamSynchronize: calls=900 total_ms=9.583 max_us=2583
by_direct_callsite (file:line):
   0 /opt/llama.cpp/ggml/src/ggml-cuda/ggml-cuda.cu:900 calls=12 total_ms=5.894 avg_us=491.167 max_us=2583
   1 /opt/llama.cpp/ggml/src/ggml-cuda/ggml-cuda.cu:839 calls=547 total_ms=3.049 avg_us=5.574 max_us=356
   2 /opt/llama.cpp/ggml/src/ggml-cuda/ggml-cuda.cu:2665 calls=191 total_ms=0.394 avg_us=2.063 max_us=11
   3 /opt/llama.cpp/ggml/src/ggml-cuda/ggml-cuda.cu:847 calls=150 total_ms=0.246 avg_us=1.640 max_us=21
=== END CUDA SYNC PROFILE ===
backend-sync-trace: count=1500 backend=CUDA0 caller=ggml_backend_sched_synchronize+0x3a

=== CUDA SYNC PROFILE (instrumentation only) ===
total_syncs = 1500
total_wait_ms = 1271.846
max_wait_us = 140269
sites = 5
wait_hist_us = logarithmic buckets
  hist[0] = 1341
  hist[1] = 77
  hist[2] = 21
  hist[3] = 14
  hist[4] = 1
  hist[9] = 2
  hist[10] = 14
  hist[11] = 14
  hist[14] = 2
  hist[15] = 5
  hist[16] = 8
  hist[17] = 1
by_callsite (caller PC; symbolize with addr2line):
   0 caller=0x759fa2480c8a calls=693 total_ms=1271.304 avg_us=1834.494 max_us=140269
   1 caller=0x759fa24800b8 calls=446 total_ms=0.186 avg_us=0.417 max_us=1
   2 caller=0x759fa2480098 calls=164 total_ms=0.180 avg_us=1.098 max_us=11
   3 caller=0x759fa247f28a calls=33 total_ms=0.102 avg_us=3.091 max_us=11
   4 caller=0x759fa24800d5 calls=164 total_ms=0.074 avg_us=0.451 max_us=1
direct_cudaStreamSynchronize: calls=926 total_ms=9.688 max_us=2583
by_direct_callsite (file:line):
   0 /opt/llama.cpp/ggml/src/ggml-cuda/ggml-cuda.cu:900 calls=12 total_ms=5.894 avg_us=491.167 max_us=2583
   1 /opt/llama.cpp/ggml/src/ggml-cuda/ggml-cuda.cu:839 calls=573 total_ms=3.154 avg_us=5.504 max_us=356
   2 /opt/llama.cpp/ggml/src/ggml-cuda/ggml-cuda.cu:2665 calls=191 total_ms=0.394 avg_us=2.063 max_us=11
   3 /opt/llama.cpp/ggml/src/ggml-cuda/ggml-cuda.cu:847 calls=150 total_ms=0.246 avg_us=1.640 max_us=21
=== END CUDA SYNC PROFILE ===
backend-sync-trace: count=1600 backend=CUDA0 caller=ggml_backend_sched_synchronize+0x3a

=== CUDA SYNC PROFILE (instrumentation only) ===
total_syncs = 1600
total_wait_ms = 1319.240
max_wait_us = 140269
sites = 5
wait_hist_us = logarithmic buckets
  hist[0] = 1434
  hist[1] = 81
  hist[2] = 21
  hist[3] = 14
  hist[4] = 1
  hist[9] = 3
  hist[10] = 15
  hist[11] = 14
  hist[14] = 2
  hist[15] = 6
  hist[16] = 8
  hist[17] = 1
by_callsite (caller PC; symbolize with addr2line):
   0 caller=0x759fa2480c8a calls=744 total_ms=1318.673 avg_us=1772.410 max_us=140269
   1 caller=0x759fa24800b8 calls=473 total_ms=0.196 avg_us=0.414 max_us=1
   2 caller=0x759fa2480098 calls=174 total_ms=0.187 avg_us=1.075 max_us=11
   3 caller=0x759fa247f28a calls=35 total_ms=0.106 avg_us=3.029 max_us=11
   4 caller=0x759fa24800d5 calls=174 total_ms=0.078 avg_us=0.448 max_us=1
direct_cudaStreamSynchronize: calls=961 total_ms=9.826 max_us=2583
by_direct_callsite (file:line):
   0 /opt/llama.cpp/ggml/src/ggml-cuda/ggml-cuda.cu:900 calls=12 total_ms=5.894 avg_us=491.167 max_us=2583
   1 /opt/llama.cpp/ggml/src/ggml-cuda/ggml-cuda.cu:839 calls=608 total_ms=3.292 avg_us=5.414 max_us=356
   2 /opt/llama.cpp/ggml/src/ggml-cuda/ggml-cuda.cu:2665 calls=191 total_ms=0.394 avg_us=2.063 max_us=11
   3 /opt/llama.cpp/ggml/src/ggml-cuda/ggml-cuda.cu:847 calls=150 total_ms=0.246 avg_us=1.640 max_us=21
=== END CUDA SYNC PROFILE ===

=== CUDA SYNC PROFILE (instrumentation only) ===
total_syncs = 1697
total_wait_ms = 1387.284
max_wait_us = 140269
sites = 5
wait_hist_us = logarithmic buckets
  hist[0] = 1524
  hist[1] = 85
  hist[2] = 21
  hist[3] = 14
  hist[4] = 1
  hist[9] = 3
  hist[10] = 17
  hist[11] = 14
  hist[14] = 2
  hist[15] = 7
  hist[16] = 8
  hist[17] = 1
by_callsite (caller PC; symbolize with addr2line):
   0 caller=0x759fa2480c8a calls=785 total_ms=1386.686 avg_us=1766.479 max_us=140269
   1 caller=0x759fa24800b8 calls=502 total_ms=0.206 avg_us=0.410 max_us=1
   2 caller=0x759fa2480098 calls=186 total_ms=0.195 avg_us=1.048 max_us=11
   3 caller=0x759fa247f28a calls=38 total_ms=0.111 avg_us=2.921 max_us=11
   4 caller=0x759fa24800d5 calls=186 total_ms=0.086 avg_us=0.462 max_us=1
direct_cudaStreamSynchronize: calls=1000 total_ms=9.980 max_us=2583
by_direct_callsite (file:line):
   0 /opt/llama.cpp/ggml/src/ggml-cuda/ggml-cuda.cu:900 calls=12 total_ms=5.894 avg_us=491.167 max_us=2583
   1 /opt/llama.cpp/ggml/src/ggml-cuda/ggml-cuda.cu:839 calls=647 total_ms=3.446 avg_us=5.326 max_us=356
   2 /opt/llama.cpp/ggml/src/ggml-cuda/ggml-cuda.cu:2665 calls=191 total_ms=0.394 avg_us=2.063 max_us=11
   3 /opt/llama.cpp/ggml/src/ggml-cuda/ggml-cuda.cu:847 calls=150 total_ms=0.246 avg_us=1.640 max_us=21
=== END CUDA SYNC PROFILE ===
backend-sync-trace: count=1700 backend=CUDA0 caller=ggml_backend_sched_synchronize+0x3a

=== CUDA SYNC PROFILE (instrumentation only) ===
total_syncs = 1700
total_wait_ms = 1388.773
max_wait_us = 140269
sites = 5
wait_hist_us = logarithmic buckets
  hist[0] = 1526
  hist[1] = 85
  hist[2] = 21
  hist[3] = 14
  hist[4] = 1
  hist[9] = 3
  hist[10] = 18
  hist[11] = 14
  hist[14] = 2
  hist[15] = 7
  hist[16] = 8
  hist[17] = 1
by_callsite (caller PC; symbolize with addr2line):
   0 caller=0x759fa2480c8a calls=786 total_ms=1388.175 avg_us=1766.126 max_us=140269
   1 caller=0x759fa24800b8 calls=504 total_ms=0.206 avg_us=0.409 max_us=1
   2 caller=0x759fa2480098 calls=186 total_ms=0.195 avg_us=1.048 max_us=11
   3 caller=0x759fa247f28a calls=38 total_ms=0.111 avg_us=2.921 max_us=11
   4 caller=0x759fa24800d5 calls=186 total_ms=0.086 avg_us=0.462 max_us=1
direct_cudaStreamSynchronize: calls=1002 total_ms=9.986 max_us=2583
by_direct_callsite (file:line):
   0 /opt/llama.cpp/ggml/src/ggml-cuda/ggml-cuda.cu:900 calls=12 total_ms=5.894 avg_us=491.167 max_us=2583
   1 /opt/llama.cpp/ggml/src/ggml-cuda/ggml-cuda.cu:839 calls=649 total_ms=3.452 avg_us=5.319 max_us=356
   2 /opt/llama.cpp/ggml/src/ggml-cuda/ggml-cuda.cu:2665 calls=191 total_ms=0.394 avg_us=2.063 max_us=11
   3 /opt/llama.cpp/ggml/src/ggml-cuda/ggml-cuda.cu:847 calls=150 total_ms=0.246 avg_us=1.640 max_us=21
=== END CUDA SYNC PROFILE ===
backend-sync-trace: count=1800 backend=CUDA0 caller=ggml_backend_sched_graph_compute_async_ext+0xcb8

=== CUDA SYNC PROFILE (instrumentation only) ===
total_syncs = 1800
total_wait_ms = 1478.762
max_wait_us = 140269
sites = 5
wait_hist_us = logarithmic buckets
  hist[0] = 1619
  hist[1] = 89
  hist[2] = 21
  hist[3] = 14
  hist[4] = 1
  hist[9] = 4
  hist[10] = 19
  hist[11] = 14
  hist[14] = 2
  hist[15] = 7
  hist[16] = 9
  hist[17] = 1
by_callsite (caller PC; symbolize with addr2line):
   0 caller=0x759fa2480c8a calls=829 total_ms=1478.136 avg_us=1783.035 max_us=140269
   1 caller=0x759fa24800b8 calls=535 total_ms=0.216 avg_us=0.404 max_us=1
   2 caller=0x759fa2480098 calls=198 total_ms=0.204 avg_us=1.030 max_us=11
   3 caller=0x759fa247f28a calls=40 total_ms=0.115 avg_us=2.875 max_us=11
   4 caller=0x759fa24800d5 calls=198 total_ms=0.091 avg_us=0.460 max_us=1
direct_cudaStreamSynchronize: calls=1042 total_ms=10.141 max_us=2583
by_direct_callsite (file:line):
   0 /opt/llama.cpp/ggml/src/ggml-cuda/ggml-cuda.cu:900 calls=12 total_ms=5.894 avg_us=491.167 max_us=2583
   1 /opt/llama.cpp/ggml/src/ggml-cuda/ggml-cuda.cu:839 calls=689 total_ms=3.607 avg_us=5.235 max_us=356
   2 /opt/llama.cpp/ggml/src/ggml-cuda/ggml-cuda.cu:2665 calls=191 total_ms=0.394 avg_us=2.063 max_us=11
   3 /opt/llama.cpp/ggml/src/ggml-cuda/ggml-cuda.cu:847 calls=150 total_ms=0.246 avg_us=1.640 max_us=21
=== END CUDA SYNC PROFILE ===
backend-sync-trace: count=1900 backend=CUDA0 caller=ggml_backend_sched_graph_compute_async_ext+0xc98

=== CUDA SYNC PROFILE (instrumentation only) ===
total_syncs = 1900
total_wait_ms = 1535.781
max_wait_us = 140269
sites = 5
wait_hist_us = logarithmic buckets
  hist[0] = 1711
  hist[1] = 93
  hist[2] = 21
  hist[3] = 14
  hist[4] = 1
  hist[9] = 5
  hist[10] = 21
  hist[11] = 14
  hist[14] = 2
  hist[15] = 8
  hist[16] = 9
  hist[17] = 1
by_callsite (caller PC; symbolize with addr2line):
   0 caller=0x759fa2480c8a calls=873 total_ms=1535.123 avg_us=1758.446 max_us=140269
   1 caller=0x759fa24800b8 calls=562 total_ms=0.230 avg_us=0.409 max_us=1
   2 caller=0x759fa2480098 calls=212 total_ms=0.213 avg_us=1.005 max_us=11
   3 caller=0x759fa247f28a calls=42 total_ms=0.118 avg_us=2.810 max_us=11
   4 caller=0x759fa24800d5 calls=211 total_ms=0.097 avg_us=0.460 max_us=1
direct_cudaStreamSynchronize: calls=1080 total_ms=10.293 max_us=2583
by_direct_callsite (file:line):
   0 /opt/llama.cpp/ggml/src/ggml-cuda/ggml-cuda.cu:900 calls=12 total_ms=5.894 avg_us=491.167 max_us=2583
   1 /opt/llama.cpp/ggml/src/ggml-cuda/ggml-cuda.cu:839 calls=727 total_ms=3.759 avg_us=5.171 max_us=356
   2 /opt/llama.cpp/ggml/src/ggml-cuda/ggml-cuda.cu:2665 calls=191 total_ms=0.394 avg_us=2.063 max_us=11
   3 /opt/llama.cpp/ggml/src/ggml-cuda/ggml-cuda.cu:847 calls=150 total_ms=0.246 avg_us=1.640 max_us=21
=== END CUDA SYNC PROFILE ===

=== CUDA SYNC PROFILE (instrumentation only) ===
total_syncs = 1925
total_wait_ms = 1598.116
max_wait_us = 140269
sites = 5
wait_hist_us = logarithmic buckets
  hist[0] = 1734
  hist[1] = 94
  hist[2] = 21
  hist[3] = 14
  hist[4] = 1
  hist[9] = 5
  hist[10] = 21
  hist[11] = 14
  hist[14] = 2
  hist[15] = 9
  hist[16] = 9
  hist[17] = 1
by_callsite (caller PC; symbolize with addr2line):
   0 caller=0x759fa2480c8a calls=875 total_ms=1597.449 avg_us=1825.656 max_us=140269
   1 caller=0x759fa24800b8 calls=579 total_ms=0.234 avg_us=0.404 max_us=1
   2 caller=0x759fa2480098 calls=214 total_ms=0.215 avg_us=1.005 max_us=11
   3 caller=0x759fa247f28a calls=43 total_ms=0.120 avg_us=2.791 max_us=11
   4 caller=0x759fa24800d5 calls=214 total_ms=0.098 avg_us=0.458 max_us=1
direct_cudaStreamSynchronize: calls=1100 total_ms=10.387 max_us=2583
by_direct_callsite (file:line):
   0 /opt/llama.cpp/ggml/src/ggml-cuda/ggml-cuda.cu:900 calls=12 total_ms=5.894 avg_us=491.167 max_us=2583
   1 /opt/llama.cpp/ggml/src/ggml-cuda/ggml-cuda.cu:839 calls=747 total_ms=3.853 avg_us=5.158 max_us=356
   2 /opt/llama.cpp/ggml/src/ggml-cuda/ggml-cuda.cu:2665 calls=191 total_ms=0.394 avg_us=2.063 max_us=11
   3 /opt/llama.cpp/ggml/src/ggml-cuda/ggml-cuda.cu:847 calls=150 total_ms=0.246 avg_us=1.640 max_us=21
=== END CUDA SYNC PROFILE ===
backend-sync-trace: count=2000 backend=CUDA0 caller=ggml_backend_sched_graph_compute_async_ext+0xcb8

=== CUDA SYNC PROFILE (instrumentation only) ===
total_syncs = 2000
total_wait_ms = 1603.885
max_wait_us = 140269
sites = 5
wait_hist_us = logarithmic buckets
  hist[0] = 1805
  hist[1] = 96
  hist[2] = 21
  hist[3] = 14
  hist[4] = 1
  hist[9] = 5
  hist[10] = 21
  hist[11] = 16
  hist[14] = 2
  hist[15] = 9
  hist[16] = 9
  hist[17] = 1
by_callsite (caller PC; symbolize with addr2line):
   0 caller=0x759fa2480c8a calls=910 total_ms=1603.199 avg_us=1761.757 max_us=140269
   1 caller=0x759fa24800b8 calls=602 total_ms=0.240 avg_us=0.399 max_us=1
   2 caller=0x759fa2480098 calls=222 total_ms=0.222 avg_us=1.000 max_us=11
   3 caller=0x759fa247f28a calls=44 total_ms=0.122 avg_us=2.773 max_us=11
   4 caller=0x759fa24800d5 calls=222 total_ms=0.102 avg_us=0.459 max_us=1
direct_cudaStreamSynchronize: calls=1128 total_ms=10.498 max_us=2583
by_direct_callsite (file:line):
   0 /opt/llama.cpp/ggml/src/ggml-cuda/ggml-cuda.cu:900 calls=12 total_ms=5.894 avg_us=491.167 max_us=2583
   1 /opt/llama.cpp/ggml/src/ggml-cuda/ggml-cuda.cu:839 calls=775 total_ms=3.964 avg_us=5.115 max_us=356
   2 /opt/llama.cpp/ggml/src/ggml-cuda/ggml-cuda.cu:2665 calls=191 total_ms=0.394 avg_us=2.063 max_us=11
   3 /opt/llama.cpp/ggml/src/ggml-cuda/ggml-cuda.cu:847 calls=150 total_ms=0.246 avg_us=1.640 max_us=21
=== END CUDA SYNC PROFILE ===
backend-sync-trace: count=2100 backend=CUDA0 caller=ggml_backend_sched_synchronize+0x3a

=== CUDA SYNC PROFILE (instrumentation only) ===
total_syncs = 2100
total_wait_ms = 1756.592
max_wait_us = 140269
sites = 5
wait_hist_us = logarithmic buckets
  hist[0] = 1895
  hist[1] = 102
  hist[2] = 21
  hist[3] = 14
  hist[4] = 1
  hist[9] = 6
  hist[10] = 22
  hist[11] = 16
  hist[14] = 2
  hist[15] = 10
  hist[16] = 10
  hist[17] = 1
by_callsite (caller PC; symbolize with addr2line):
   0 caller=0x759fa2480c8a calls=950 total_ms=1755.876 avg_us=1848.291 max_us=140269
   1 caller=0x759fa24800b8 calls=635 total_ms=0.250 avg_us=0.394 max_us=1
   2 caller=0x759fa2480098 calls=234 total_ms=0.234 avg_us=1.000 max_us=11
   3 caller=0x759fa247f28a calls=47 total_ms=0.127 avg_us=2.702 max_us=11
   4 caller=0x759fa24800d5 calls=234 total_ms=0.105 avg_us=0.449 max_us=1
direct_cudaStreamSynchronize: calls=1171 total_ms=10.673 max_us=2583
by_direct_callsite (file:line):
   0 /opt/llama.cpp/ggml/src/ggml-cuda/ggml-cuda.cu:900 calls=12 total_ms=5.894 avg_us=491.167 max_us=2583
   1 /opt/llama.cpp/ggml/src/ggml-cuda/ggml-cuda.cu:839 calls=818 total_ms=4.139 avg_us=5.060 max_us=356
   2 /opt/llama.cpp/ggml/src/ggml-cuda/ggml-cuda.cu:2665 calls=191 total_ms=0.394 avg_us=2.063 max_us=11
   3 /opt/llama.cpp/ggml/src/ggml-cuda/ggml-cuda.cu:847 calls=150 total_ms=0.246 avg_us=1.640 max_us=21
=== END CUDA SYNC PROFILE ===

=== CUDA SYNC PROFILE (instrumentation only) ===
total_syncs = 2173
total_wait_ms = 1758.483
max_wait_us = 140269
sites = 5
wait_hist_us = logarithmic buckets
  hist[0] = 1964
  hist[1] = 104
  hist[2] = 21
  hist[3] = 14
  hist[4] = 1
  hist[9] = 8
  hist[10] = 22
  hist[11] = 16
  hist[14] = 2
  hist[15] = 10
  hist[16] = 10
  hist[17] = 1
by_callsite (caller PC; symbolize with addr2line):
   0 caller=0x759fa2480c8a calls=984 total_ms=1757.747 avg_us=1786.328 max_us=140269
   1 caller=0x759fa24800b8 calls=657 total_ms=0.259 avg_us=0.394 max_us=1
   2 caller=0x759fa2480098 calls=242 total_ms=0.241 avg_us=0.996 max_us=11
   3 caller=0x759fa247f28a calls=48 total_ms=0.129 avg_us=2.688 max_us=11
   4 caller=0x759fa24800d5 calls=242 total_ms=0.107 avg_us=0.442 max_us=1
direct_cudaStreamSynchronize: calls=1200 total_ms=10.781 max_us=2583
by_direct_callsite (file:line):
   0 /opt/llama.cpp/ggml/src/ggml-cuda/ggml-cuda.cu:900 calls=12 total_ms=5.894 avg_us=491.167 max_us=2583
   1 /opt/llama.cpp/ggml/src/ggml-cuda/ggml-cuda.cu:839 calls=847 total_ms=4.247 avg_us=5.014 max_us=356
   2 /opt/llama.cpp/ggml/src/ggml-cuda/ggml-cuda.cu:2665 calls=191 total_ms=0.394 avg_us=2.063 max_us=11
   3 /opt/llama.cpp/ggml/src/ggml-cuda/ggml-cuda.cu:847 calls=150 total_ms=0.246 avg_us=1.640 max_us=21
=== END CUDA SYNC PROFILE ===
backend-sync-trace: count=2200 backend=CUDA0 caller=ggml_backend_sched_synchronize+0x3a

=== CUDA SYNC PROFILE (instrumentation only) ===
total_syncs = 2200
total_wait_ms = 1801.854
max_wait_us = 140269
sites = 5
wait_hist_us = logarithmic buckets
  hist[0] = 1988
  hist[1] = 105
  hist[2] = 22
  hist[3] = 14
  hist[4] = 1
  hist[9] = 8
  hist[10] = 22
  hist[11] = 16
  hist[14] = 2
  hist[15] = 11
  hist[16] = 10
  hist[17] = 1
by_callsite (caller PC; symbolize with addr2line):
   0 caller=0x759fa2480c8a calls=1001 total_ms=1801.113 avg_us=1799.314 max_us=140269
   1 caller=0x759fa24800b8 calls=662 total_ms=0.262 avg_us=0.396 max_us=1
   2 caller=0x759fa2480098 calls=244 total_ms=0.242 avg_us=0.992 max_us=11
   3 caller=0x759fa247f28a calls=49 total_ms=0.130 avg_us=2.653 max_us=11
   4 caller=0x759fa24800d5 calls=244 total_ms=0.107 avg_us=0.439 max_us=1
direct_cudaStreamSynchronize: calls=1206 total_ms=10.809 max_us=2583
by_direct_callsite (file:line):
   0 /opt/llama.cpp/ggml/src/ggml-cuda/ggml-cuda.cu:900 calls=12 total_ms=5.894 avg_us=491.167 max_us=2583
   1 /opt/llama.cpp/ggml/src/ggml-cuda/ggml-cuda.cu:839 calls=853 total_ms=4.275 avg_us=5.012 max_us=356
   2 /opt/llama.cpp/ggml/src/ggml-cuda/ggml-cuda.cu:2665 calls=191 total_ms=0.394 avg_us=2.063 max_us=11
   3 /opt/llama.cpp/ggml/src/ggml-cuda/ggml-cuda.cu:847 calls=150 total_ms=0.246 avg_us=1.640 max_us=21
=== END CUDA SYNC PROFILE ===
backend-sync-trace: count=2300 backend=CUDA0 caller=ggml_backend_sched_graph_compute_async_ext+0xcb8

=== CUDA SYNC PROFILE (instrumentation only) ===
total_syncs = 2300
total_wait_ms = 1847.812
max_wait_us = 140269
sites = 5
wait_hist_us = logarithmic buckets
  hist[0] = 2069
  hist[1] = 120
  hist[2] = 22
  hist[3] = 15
  hist[4] = 1
  hist[9] = 9
  hist[10] = 23
  hist[11] = 16
  hist[14] = 2
  hist[15] = 12
  hist[16] = 10
  hist[17] = 1
by_callsite (caller PC; symbolize with addr2line):
   0 caller=0x759fa2480c8a calls=1044 total_ms=1847.007 avg_us=1769.164 max_us=140269
   1 caller=0x759fa24800b8 calls=692 total_ms=0.288 avg_us=0.416 max_us=2
   2 caller=0x759fa2480098 calls=256 total_ms=0.265 avg_us=1.035 max_us=12
   3 caller=0x759fa247f28a calls=52 total_ms=0.135 avg_us=2.596 max_us=11
   4 caller=0x759fa24800d5 calls=256 total_ms=0.117 avg_us=0.457 max_us=2
direct_cudaStreamSynchronize: calls=1245 total_ms=10.986 max_us=2583
by_direct_callsite (file:line):
   0 /opt/llama.cpp/ggml/src/ggml-cuda/ggml-cuda.cu:900 calls=12 total_ms=5.894 avg_us=491.167 max_us=2583
   1 /opt/llama.cpp/ggml/src/ggml-cuda/ggml-cuda.cu:839 calls=892 total_ms=4.452 avg_us=4.991 max_us=356
   2 /opt/llama.cpp/ggml/src/ggml-cuda/ggml-cuda.cu:2665 calls=191 total_ms=0.394 avg_us=2.063 max_us=11
   3 /opt/llama.cpp/ggml/src/ggml-cuda/ggml-cuda.cu:847 calls=150 total_ms=0.246 avg_us=1.640 max_us=21
=== END CUDA SYNC PROFILE ===
backend-sync-trace: count=2400 backend=CUDA0 caller=ggml_backend_sched_graph_compute_async_ext+0xcb8

=== CUDA SYNC PROFILE (instrumentation only) ===
total_syncs = 2400
total_wait_ms = 1926.415
max_wait_us = 140269
sites = 5
wait_hist_us = logarithmic buckets
  hist[0] = 2161
  hist[1] = 124
  hist[2] = 22
  hist[3] = 15
  hist[4] = 1
  hist[9] = 10
  hist[10] = 25
  hist[11] = 16
  hist[14] = 2
  hist[15] = 12
  hist[16] = 11
  hist[17] = 1
by_callsite (caller PC; symbolize with addr2line):
   0 caller=0x759fa2480c8a calls=1088 total_ms=1925.577 avg_us=1769.832 max_us=140269
   1 caller=0x759fa24800b8 calls=722 total_ms=0.298 avg_us=0.413 max_us=2
   2 caller=0x759fa2480098 calls=268 total_ms=0.275 avg_us=1.026 max_us=12
   3 caller=0x759fa247f28a calls=54 total_ms=0.139 avg_us=2.574 max_us=11
   4 caller=0x759fa24800d5 calls=268 total_ms=0.126 avg_us=0.470 max_us=2
direct_cudaStreamSynchronize: calls=1285 total_ms=11.146 max_us=2583
by_direct_callsite (file:line):
   0 /opt/llama.cpp/ggml/src/ggml-cuda/ggml-cuda.cu:900 calls=12 total_ms=5.894 avg_us=491.167 max_us=2583
   1 /opt/llama.cpp/ggml/src/ggml-cuda/ggml-cuda.cu:839 calls=932 total_ms=4.612 avg_us=4.948 max_us=356
   2 /opt/llama.cpp/ggml/src/ggml-cuda/ggml-cuda.cu:2665 calls=191 total_ms=0.394 avg_us=2.063 max_us=11
   3 /opt/llama.cpp/ggml/src/ggml-cuda/ggml-cuda.cu:847 calls=150 total_ms=0.246 avg_us=1.640 max_us=21
=== END CUDA SYNC PROFILE ===

=== CUDA SYNC PROFILE (instrumentation only) ===
total_syncs = 2426
total_wait_ms = 1927.903
max_wait_us = 140269
sites = 5
wait_hist_us = logarithmic buckets
  hist[0] = 2185
  hist[1] = 125
  hist[2] = 22
  hist[3] = 15
  hist[4] = 1
  hist[9] = 10
  hist[10] = 26
  hist[11] = 16
  hist[14] = 2
  hist[15] = 12
  hist[16] = 11
  hist[17] = 1
by_callsite (caller PC; symbolize with addr2line):
   0 caller=0x759fa2480c8a calls=1095 total_ms=1927.059 avg_us=1759.871 max_us=140269
   1 caller=0x759fa24800b8 calls=733 total_ms=0.300 avg_us=0.409 max_us=2
   2 caller=0x759fa2480098 calls=272 total_ms=0.279 avg_us=1.026 max_us=12
   3 caller=0x759fa247f28a calls=54 total_ms=0.139 avg_us=2.574 max_us=11
   4 caller=0x759fa24800d5 calls=272 total_ms=0.126 avg_us=0.463 max_us=2
direct_cudaStreamSynchronize: calls=1300 total_ms=11.213 max_us=2583
by_direct_callsite (file:line):
   0 /opt/llama.cpp/ggml/src/ggml-cuda/ggml-cuda.cu:900 calls=12 total_ms=5.894 avg_us=491.167 max_us=2583
   1 /opt/llama.cpp/ggml/src/ggml-cuda/ggml-cuda.cu:839 calls=947 total_ms=4.679 avg_us=4.941 max_us=356
   2 /opt/llama.cpp/ggml/src/ggml-cuda/ggml-cuda.cu:2665 calls=191 total_ms=0.394 avg_us=2.063 max_us=11
   3 /opt/llama.cpp/ggml/src/ggml-cuda/ggml-cuda.cu:847 calls=150 total_ms=0.246 avg_us=1.640 max_us=21
=== END CUDA SYNC PROFILE ===
backend-sync-trace: count=2500 backend=CUDA0 caller=ggml_backend_sched_graph_compute_async_ext+0xc98

=== CUDA SYNC PROFILE (instrumentation only) ===
total_syncs = 2500
total_wait_ms = 1968.782
max_wait_us = 140269
sites = 5
wait_hist_us = logarithmic buckets
  hist[0] = 2252
  hist[1] = 128
  hist[2] = 22
  hist[3] = 15
  hist[4] = 2
  hist[9] = 10
  hist[10] = 28
  hist[11] = 16
  hist[14] = 2
  hist[15] = 13
  hist[16] = 11
  hist[17] = 1
by_callsite (caller PC; symbolize with addr2line):
   0 caller=0x759fa2480c8a calls=1132 total_ms=1967.904 avg_us=1738.431 max_us=140269
   1 caller=0x759fa24800b8 calls=751 total_ms=0.320 avg_us=0.426 max_us=16
   2 caller=0x759fa2480098 calls=281 total_ms=0.287 avg_us=1.021 max_us=12
   3 caller=0x759fa247f28a calls=56 total_ms=0.142 avg_us=2.536 max_us=11
   4 caller=0x759fa24800d5 calls=280 total_ms=0.129 avg_us=0.461 max_us=2
direct_cudaStreamSynchronize: calls=1325 total_ms=11.302 max_us=2583
by_direct_callsite (file:line):
   0 /opt/llama.cpp/ggml/src/ggml-cuda/ggml-cuda.cu:900 calls=12 total_ms=5.894 avg_us=491.167 max_us=2583
   1 /opt/llama.cpp/ggml/src/ggml-cuda/ggml-cuda.cu:839 calls=972 total_ms=4.768 avg_us=4.905 max_us=356
   2 /opt/llama.cpp/ggml/src/ggml-cuda/ggml-cuda.cu:2665 calls=191 total_ms=0.394 avg_us=2.063 max_us=11
   3 /opt/llama.cpp/ggml/src/ggml-cuda/ggml-cuda.cu:847 calls=150 total_ms=0.246 avg_us=1.640 max_us=21
=== END CUDA SYNC PROFILE ===
backend-sync-trace: count=2600 backend=CUDA0 caller=ggml_backend_sched_graph_compute_async_ext+0xcb8

=== CUDA SYNC PROFILE (instrumentation only) ===
total_syncs = 2600
total_wait_ms = 2026.246
max_wait_us = 140269
sites = 5
wait_hist_us = logarithmic buckets
  hist[0] = 2344
  hist[1] = 132
  hist[2] = 23
  hist[3] = 15
  hist[4] = 2
  hist[9] = 10
  hist[10] = 30
  hist[11] = 16
  hist[14] = 2
  hist[15] = 14
  hist[16] = 11
  hist[17] = 1
by_callsite (caller PC; symbolize with addr2line):
   0 caller=0x759fa2480c8a calls=1169 total_ms=2025.332 avg_us=1732.534 max_us=140269
   1 caller=0x759fa24800b8 calls=789 total_ms=0.337 avg_us=0.427 max_us=16
   2 caller=0x759fa2480098 calls=292 total_ms=0.297 avg_us=1.017 max_us=12
   3 caller=0x759fa247f28a calls=58 total_ms=0.146 avg_us=2.517 max_us=11
   4 caller=0x759fa24800d5 calls=292 total_ms=0.134 avg_us=0.459 max_us=2
direct_cudaStreamSynchronize: calls=1371 total_ms=11.508 max_us=2583
by_direct_callsite (file:line):
   0 /opt/llama.cpp/ggml/src/ggml-cuda/ggml-cuda.cu:900 calls=12 total_ms=5.894 avg_us=491.167 max_us=2583
   1 /opt/llama.cpp/ggml/src/ggml-cuda/ggml-cuda.cu:839 calls=1018 total_ms=4.974 avg_us=4.886 max_us=356
   2 /opt/llama.cpp/ggml/src/ggml-cuda/ggml-cuda.cu:2665 calls=191 total_ms=0.394 avg_us=2.063 max_us=11
   3 /opt/llama.cpp/ggml/src/ggml-cuda/ggml-cuda.cu:847 calls=150 total_ms=0.246 avg_us=1.640 max_us=21
=== END CUDA SYNC PROFILE ===

=== CUDA SYNC PROFILE (instrumentation only) ===
total_syncs = 2679
total_wait_ms = 2095.099
max_wait_us = 140269
sites = 5
wait_hist_us = logarithmic buckets
  hist[0] = 2416
  hist[1] = 136
  hist[2] = 23
  hist[3] = 15
  hist[4] = 2
  hist[9] = 10
  hist[10] = 32
  hist[11] = 16
  hist[14] = 2
  hist[15] = 15
  hist[16] = 11
  hist[17] = 1
by_callsite (caller PC; symbolize with addr2line):
   0 caller=0x759fa2480c8a calls=1206 total_ms=2094.162 avg_us=1736.453 max_us=140269
   1 caller=0x759fa24800b8 calls=809 total_ms=0.345 avg_us=0.426 max_us=16
   2 caller=0x759fa2480098 calls=302 total_ms=0.305 avg_us=1.010 max_us=12
   3 caller=0x759fa247f28a calls=60 total_ms=0.150 avg_us=2.500 max_us=11
   4 caller=0x759fa24800d5 calls=302 total_ms=0.137 avg_us=0.454 max_us=2
direct_cudaStreamSynchronize: calls=1400 total_ms=11.630 max_us=2583
by_direct_callsite (file:line):
   0 /opt/llama.cpp/ggml/src/ggml-cuda/ggml-cuda.cu:900 calls=12 total_ms=5.894 avg_us=491.167 max_us=2583
   1 /opt/llama.cpp/ggml/src/ggml-cuda/ggml-cuda.cu:839 calls=1047 total_ms=5.096 avg_us=4.867 max_us=356
   2 /opt/llama.cpp/ggml/src/ggml-cuda/ggml-cuda.cu:2665 calls=191 total_ms=0.394 avg_us=2.063 max_us=11
   3 /opt/llama.cpp/ggml/src/ggml-cuda/ggml-cuda.cu:847 calls=150 total_ms=0.246 avg_us=1.640 max_us=21
=== END CUDA SYNC PROFILE ===
backend-sync-trace: count=2700 backend=CUDA0 caller=ggml_backend_sched_graph_compute_async_ext+0xcb8

=== CUDA SYNC PROFILE (instrumentation only) ===
total_syncs = 2700
total_wait_ms = 2147.519
max_wait_us = 140269
sites = 5
wait_hist_us = logarithmic buckets
  hist[0] = 2434
  hist[1] = 138
  hist[2] = 23
  hist[3] = 15
  hist[4] = 2
  hist[9] = 10
  hist[10] = 32
  hist[11] = 16
  hist[14] = 2
  hist[15] = 16
  hist[16] = 11
  hist[17] = 1
by_callsite (caller PC; symbolize with addr2line):
   0 caller=0x759fa2480c8a calls=1208 total_ms=2146.572 avg_us=1776.964 max_us=140269
   1 caller=0x759fa24800b8 calls=823 total_ms=0.351 avg_us=0.426 max_us=16
   2 caller=0x759fa2480098 calls=304 total_ms=0.306 avg_us=1.007 max_us=12
   3 caller=0x759fa247f28a calls=61 total_ms=0.152 avg_us=2.492 max_us=11
   4 caller=0x759fa24800d5 calls=304 total_ms=0.138 avg_us=0.454 max_us=2
direct_cudaStreamSynchronize: calls=1415 total_ms=11.684 max_us=2583
by_direct_callsite (file:line):
   0 /opt/llama.cpp/ggml/src/ggml-cuda/ggml-cuda.cu:900 calls=12 total_ms=5.894 avg_us=491.167 max_us=2583
   1 /opt/llama.cpp/ggml/src/ggml-cuda/ggml-cuda.cu:839 calls=1062 total_ms=5.150 avg_us=4.849 max_us=356
   2 /opt/llama.cpp/ggml/src/ggml-cuda/ggml-cuda.cu:2665 calls=191 total_ms=0.394 avg_us=2.063 max_us=11
   3 /opt/llama.cpp/ggml/src/ggml-cuda/ggml-cuda.cu:847 calls=150 total_ms=0.246 avg_us=1.640 max_us=21
=== END CUDA SYNC PROFILE ===
backend-sync-trace: count=2800 backend=CUDA0 caller=ggml_backend_sched_graph_compute_async_ext+0xc98

=== CUDA SYNC PROFILE (instrumentation only) ===
total_syncs = 2800
total_wait_ms = 2179.538
max_wait_us = 140269
sites = 5
wait_hist_us = logarithmic buckets
  hist[0] = 2524
  hist[1] = 145
  hist[2] = 23
  hist[3] = 15
  hist[4] = 2
  hist[9] = 11
  hist[10] = 33
  hist[11] = 16
  hist[14] = 3
  hist[15] = 16
  hist[16] = 11
  hist[17] = 1
by_callsite (caller PC; symbolize with addr2line):
   0 caller=0x759fa2480c8a calls=1254 total_ms=2178.559 avg_us=1737.288 max_us=140269
   1 caller=0x759fa24800b8 calls=851 total_ms=0.360 avg_us=0.423 max_us=16
   2 caller=0x759fa2480098 calls=316 total_ms=0.318 avg_us=1.006 max_us=12
   3 caller=0x759fa247f28a calls=64 total_ms=0.158 avg_us=2.469 max_us=11
   4 caller=0x759fa24800d5 calls=315 total_ms=0.143 avg_us=0.454 max_us=2
direct_cudaStreamSynchronize: calls=1452 total_ms=11.828 max_us=2583
by_direct_callsite (file:line):
   0 /opt/llama.cpp/ggml/src/ggml-cuda/ggml-cuda.cu:900 calls=12 total_ms=5.894 avg_us=491.167 max_us=2583
   1 /opt/llama.cpp/ggml/src/ggml-cuda/ggml-cuda.cu:839 calls=1099 total_ms=5.294 avg_us=4.817 max_us=356
   2 /opt/llama.cpp/ggml/src/ggml-cuda/ggml-cuda.cu:2665 calls=191 total_ms=0.394 avg_us=2.063 max_us=11
   3 /opt/llama.cpp/ggml/src/ggml-cuda/ggml-cuda.cu:847 calls=150 total_ms=0.246 avg_us=1.640 max_us=21
=== END CUDA SYNC PROFILE ===
backend-sync-trace: count=2900 backend=CUDA0 caller=ggml_backend_sched_graph_compute_async_ext+0xcd5

=== CUDA SYNC PROFILE (instrumentation only) ===
total_syncs = 2900
total_wait_ms = 2227.357
max_wait_us = 140269
sites = 5
wait_hist_us = logarithmic buckets
  hist[0] = 2615
  hist[1] = 150
  hist[2] = 23
  hist[3] = 15
  hist[4] = 2
  hist[9] = 13
  hist[10] = 34
  hist[11] = 16
  hist[14] = 3
  hist[15] = 17
  hist[16] = 11
  hist[17] = 1
by_callsite (caller PC; symbolize with addr2line):
   0 caller=0x759fa2480c8a calls=1298 total_ms=2226.346 avg_us=1715.213 max_us=140269
   1 caller=0x759fa24800b8 calls=882 total_ms=0.371 avg_us=0.421 max_us=16
   2 caller=0x759fa2480098 calls=327 total_ms=0.328 avg_us=1.003 max_us=12
   3 caller=0x759fa247f28a calls=66 total_ms=0.162 avg_us=2.455 max_us=11
   4 caller=0x759fa24800d5 calls=327 total_ms=0.150 avg_us=0.459 max_us=2
direct_cudaStreamSynchronize: calls=1492 total_ms=11.984 max_us=2583
by_direct_callsite (file:line):
   0 /opt/llama.cpp/ggml/src/ggml-cuda/ggml-cuda.cu:900 calls=12 total_ms=5.894 avg_us=491.167 max_us=2583
   1 /opt/llama.cpp/ggml/src/ggml-cuda/ggml-cuda.cu:839 calls=1139 total_ms=5.450 avg_us=4.785 max_us=356
   2 /opt/llama.cpp/ggml/src/ggml-cuda/ggml-cuda.cu:2665 calls=191 total_ms=0.394 avg_us=2.063 max_us=11
   3 /opt/llama.cpp/ggml/src/ggml-cuda/ggml-cuda.cu:847 calls=150 total_ms=0.246 avg_us=1.640 max_us=21
=== END CUDA SYNC PROFILE ===

=== CUDA SYNC PROFILE (instrumentation only) ===
total_syncs = 2917
total_wait_ms = 2228.851
max_wait_us = 140269
sites = 5
wait_hist_us = logarithmic buckets
  hist[0] = 2630
  hist[1] = 151
  hist[2] = 23
  hist[3] = 15
  hist[4] = 2
  hist[9] = 13
  hist[10] = 35
  hist[11] = 16
  hist[14] = 3
  hist[15] = 17
  hist[16] = 11
  hist[17] = 1
by_callsite (caller PC; symbolize with addr2line):
   0 caller=0x759fa2480c8a calls=1305 total_ms=2227.836 avg_us=1707.154 max_us=140269
   1 caller=0x759fa24800b8 calls=886 total_ms=0.371 avg_us=0.419 max_us=16
   2 caller=0x759fa2480098 calls=330 total_ms=0.331 avg_us=1.003 max_us=12
   3 caller=0x759fa247f28a calls=66 total_ms=0.162 avg_us=2.455 max_us=11
   4 caller=0x759fa24800d5 calls=330 total_ms=0.151 avg_us=0.458 max_us=2
direct_cudaStreamSynchronize: calls=1500 total_ms=12.011 max_us=2583
by_direct_callsite (file:line):
   0 /opt/llama.cpp/ggml/src/ggml-cuda/ggml-cuda.cu:900 calls=12 total_ms=5.894 avg_us=491.167 max_us=2583
   1 /opt/llama.cpp/ggml/src/ggml-cuda/ggml-cuda.cu:839 calls=1147 total_ms=5.477 avg_us=4.775 max_us=356
   2 /opt/llama.cpp/ggml/src/ggml-cuda/ggml-cuda.cu:2665 calls=191 total_ms=0.394 avg_us=2.063 max_us=11
   3 /opt/llama.cpp/ggml/src/ggml-cuda/ggml-cuda.cu:847 calls=150 total_ms=0.246 avg_us=1.640 max_us=21
=== END CUDA SYNC PROFILE ===
backend-sync-trace: count=3000 backend=CUDA0 caller=ggml_backend_sched_graph_compute_async_ext+0xc98

=== CUDA SYNC PROFILE (instrumentation only) ===
total_syncs = 3000
total_wait_ms = 2274.145
max_wait_us = 140269
sites = 5
wait_hist_us = logarithmic buckets
  hist[0] = 2704
  hist[1] = 156
  hist[2] = 23
  hist[3] = 16
  hist[4] = 2
  hist[9] = 13
  hist[10] = 37
  hist[11] = 16
  hist[14] = 3
  hist[15] = 18
  hist[16] = 11
  hist[17] = 1
by_callsite (caller PC; symbolize with addr2line):
   0 caller=0x759fa2480c8a calls=1342 total_ms=2273.093 avg_us=1693.810 max_us=140269
   1 caller=0x759fa24800b8 calls=913 total_ms=0.393 avg_us=0.430 max_us=16
   2 caller=0x759fa2480098 calls=339 total_ms=0.339 avg_us=1.000 max_us=12
   3 caller=0x759fa247f28a calls=68 total_ms=0.166 avg_us=2.441 max_us=11
   4 caller=0x759fa24800d5 calls=338 total_ms=0.154 avg_us=0.456 max_us=2
direct_cudaStreamSynchronize: calls=1533 total_ms=12.154 max_us=2583
by_direct_callsite (file:line):
   0 /opt/llama.cpp/ggml/src/ggml-cuda/ggml-cuda.cu:900 calls=12 total_ms=5.894 avg_us=491.167 max_us=2583
   1 /opt/llama.cpp/ggml/src/ggml-cuda/ggml-cuda.cu:839 calls=1180 total_ms=5.620 avg_us=4.763 max_us=356
   2 /opt/llama.cpp/ggml/src/ggml-cuda/ggml-cuda.cu:2665 calls=191 total_ms=0.394 avg_us=2.063 max_us=11
   3 /opt/llama.cpp/ggml/src/ggml-cuda/ggml-cuda.cu:847 calls=150 total_ms=0.246 avg_us=1.640 max_us=21
=== END CUDA SYNC PROFILE ===
backend-sync-trace: count=3100 backend=CUDA0 caller=ggml_backend_sched_graph_compute_async_ext+0xcb8

=== CUDA SYNC PROFILE (instrumentation only) ===
total_syncs = 3100
total_wait_ms = 2331.813
max_wait_us = 140269
sites = 5
wait_hist_us = logarithmic buckets
  hist[0] = 2791
  hist[1] = 164
  hist[2] = 24
  hist[3] = 17
  hist[4] = 2
  hist[9] = 15
  hist[10] = 37
  hist[11] = 16
  hist[14] = 3
  hist[15] = 19
  hist[16] = 11
  hist[17] = 1
by_callsite (caller PC; symbolize with addr2line):
   0 caller=0x759fa2480c8a calls=1379 total_ms=2330.701 avg_us=1690.139 max_us=140269
   1 caller=0x759fa24800b8 calls=947 total_ms=0.411 avg_us=0.434 max_us=16
   2 caller=0x759fa2480098 calls=352 total_ms=0.362 avg_us=1.028 max_us=12
   3 caller=0x759fa247f28a calls=70 total_ms=0.174 avg_us=2.486 max_us=11
   4 caller=0x759fa24800d5 calls=352 total_ms=0.165 avg_us=0.469 max_us=2
direct_cudaStreamSynchronize: calls=1577 total_ms=12.363 max_us=2583
by_direct_callsite (file:line):
   0 /opt/llama.cpp/ggml/src/ggml-cuda/ggml-cuda.cu:900 calls=12 total_ms=5.894 avg_us=491.167 max_us=2583
   1 /opt/llama.cpp/ggml/src/ggml-cuda/ggml-cuda.cu:839 calls=1224 total_ms=5.829 avg_us=4.762 max_us=356
   2 /opt/llama.cpp/ggml/src/ggml-cuda/ggml-cuda.cu:2665 calls=191 total_ms=0.394 avg_us=2.063 max_us=11
   3 /opt/llama.cpp/ggml/src/ggml-cuda/ggml-cuda.cu:847 calls=150 total_ms=0.246 avg_us=1.640 max_us=21
=== END CUDA SYNC PROFILE ===

=== CUDA SYNC PROFILE (instrumentation only) ===
total_syncs = 3161
total_wait_ms = 2373.576
max_wait_us = 140269
sites = 5
wait_hist_us = logarithmic buckets
  hist[0] = 2841
  hist[1] = 173
  hist[2] = 24
  hist[3] = 17
  hist[4] = 2
  hist[9] = 16
  hist[10] = 37
  hist[11] = 16
  hist[14] = 3
  hist[15] = 20
  hist[16] = 11
  hist[17] = 1
by_callsite (caller PC; symbolize with addr2line):
   0 caller=0x759fa2480c8a calls=1409 total_ms=2372.436 avg_us=1683.773 max_us=140269
   1 caller=0x759fa24800b8 calls=964 total_ms=0.428 avg_us=0.444 max_us=16
   2 caller=0x759fa2480098 calls=358 total_ms=0.366 avg_us=1.022 max_us=12
   3 caller=0x759fa247f28a calls=72 total_ms=0.178 avg_us=2.472 max_us=11
   4 caller=0x759fa24800d5 calls=358 total_ms=0.168 avg_us=0.469 max_us=2
direct_cudaStreamSynchronize: calls=1600 total_ms=12.452 max_us=2583
by_direct_callsite (file:line):
   0 /opt/llama.cpp/ggml/src/ggml-cuda/ggml-cuda.cu:839 calls=1247 total_ms=5.918 avg_us=4.746 max_us=356
   1 /opt/llama.cpp/ggml/src/ggml-cuda/ggml-cuda.cu:900 calls=12 total_ms=5.894 avg_us=491.167 max_us=2583
   2 /opt/llama.cpp/ggml/src/ggml-cuda/ggml-cuda.cu:2665 calls=191 total_ms=0.394 avg_us=2.063 max_us=11
   3 /opt/llama.cpp/ggml/src/ggml-cuda/ggml-cuda.cu:847 calls=150 total_ms=0.246 avg_us=1.640 max_us=21
=== END CUDA SYNC PROFILE ===
backend-sync-trace: count=3200 backend=CUDA0 caller=ggml_backend_sched_synchronize+0x3a

=== CUDA SYNC PROFILE (instrumentation only) ===
total_syncs = 3200
total_wait_ms = 2413.738
max_wait_us = 140269
sites = 5
wait_hist_us = logarithmic buckets
  hist[0] = 2874
  hist[1] = 176
  hist[2] = 25
  hist[3] = 17
  hist[4] = 2
  hist[9] = 17
  hist[10] = 37
  hist[11] = 16
  hist[14] = 3
  hist[15] = 21
  hist[16] = 11
  hist[17] = 1
by_callsite (caller PC; symbolize with addr2line):
   0 caller=0x759fa2480c8a calls=1422 total_ms=2412.584 avg_us=1696.613 max_us=140269
   1 caller=0x759fa24800b8 calls=982 total_ms=0.435 avg_us=0.443 max_us=16
   2 caller=0x759fa2480098 calls=362 total_ms=0.372 avg_us=1.028 max_us=12
   3 caller=0x759fa247f28a calls=72 total_ms=0.178 avg_us=2.472 max_us=11
   4 caller=0x759fa24800d5 calls=362 total_ms=0.169 avg_us=0.467 max_us=2
direct_cudaStreamSynchronize: calls=1621 total_ms=12.532 max_us=2583
by_direct_callsite (file:line):
   0 /opt/llama.cpp/ggml/src/ggml-cuda/ggml-cuda.cu:839 calls=1268 total_ms=5.998 avg_us=4.730 max_us=356
   1 /opt/llama.cpp/ggml/src/ggml-cuda/ggml-cuda.cu:900 calls=12 total_ms=5.894 avg_us=491.167 max_us=2583
   2 /opt/llama.cpp/ggml/src/ggml-cuda/ggml-cuda.cu:2665 calls=191 total_ms=0.394 avg_us=2.063 max_us=11
   3 /opt/llama.cpp/ggml/src/ggml-cuda/ggml-cuda.cu:847 calls=150 total_ms=0.246 avg_us=1.640 max_us=21
=== END CUDA SYNC PROFILE ===
backend-sync-trace: count=3300 backend=CUDA0 caller=ggml_backend_sched_synchronize+0x3a

=== CUDA SYNC PROFILE (instrumentation only) ===
total_syncs = 3300
total_wait_ms = 2488.468
max_wait_us = 140269
sites = 5
wait_hist_us = logarithmic buckets
  hist[0] = 2964
  hist[1] = 183
  hist[2] = 25
  hist[3] = 17
  hist[4] = 2
  hist[9] = 17
  hist[10] = 38
  hist[11] = 17
  hist[14] = 3
  hist[15] = 21
  hist[16] = 12
  hist[17] = 1
by_callsite (caller PC; symbolize with addr2line):
   0 caller=0x759fa2480c8a calls=1464 total_ms=2487.283 avg_us=1698.964 max_us=140269
   1 caller=0x759fa24800b8 calls=1013 total_ms=0.445 avg_us=0.439 max_us=16
   2 caller=0x759fa2480098 calls=374 total_ms=0.379 avg_us=1.013 max_us=12
   3 caller=0x759fa247f28a calls=75 total_ms=0.184 avg_us=2.453 max_us=11
   4 caller=0x759fa24800d5 calls=374 total_ms=0.177 avg_us=0.473 max_us=2
direct_cudaStreamSynchronize: calls=1661 total_ms=12.698 max_us=2583
by_direct_callsite (file:line):
   0 /opt/llama.cpp/ggml/src/ggml-cuda/ggml-cuda.cu:839 calls=1308 total_ms=6.164 avg_us=4.713 max_us=356
   1 /opt/llama.cpp/ggml/src/ggml-cuda/ggml-cuda.cu:900 calls=12 total_ms=5.894 avg_us=491.167 max_us=2583
   2 /opt/llama.cpp/ggml/src/ggml-cuda/ggml-cuda.cu:2665 calls=191 total_ms=0.394 avg_us=2.063 max_us=11
   3 /opt/llama.cpp/ggml/src/ggml-cuda/ggml-cuda.cu:847 calls=150 total_ms=0.246 avg_us=1.640 max_us=21
=== END CUDA SYNC PROFILE ===
backend-sync-trace: count=3400 backend=CUDA0 caller=ggml_backend_sched_synchronize+0x3a

=== CUDA SYNC PROFILE (instrumentation only) ===
total_syncs = 3400
total_wait_ms = 2554.782
max_wait_us = 140269
sites = 5
wait_hist_us = logarithmic buckets
  hist[0] = 3049
  hist[1] = 194
  hist[2] = 25
  hist[3] = 18
  hist[4] = 2
  hist[9] = 18
  hist[10] = 38
  hist[11] = 18
  hist[14] = 3
  hist[15] = 22
  hist[16] = 12
  hist[17] = 1
by_callsite (caller PC; symbolize with addr2line):
   0 caller=0x759fa2480c8a calls=1515 total_ms=2553.542 avg_us=1685.506 max_us=140269
   1 caller=0x759fa24800b8 calls=1040 total_ms=0.466 avg_us=0.448 max_us=16
   2 caller=0x759fa2480098 calls=384 total_ms=0.401 avg_us=1.044 max_us=12
   3 caller=0x759fa247f28a calls=77 total_ms=0.187 avg_us=2.429 max_us=11
   4 caller=0x759fa24800d5 calls=384 total_ms=0.186 avg_us=0.484 max_us=2
direct_cudaStreamSynchronize: calls=1696 total_ms=12.862 max_us=2583
by_direct_callsite (file:line):
   0 /opt/llama.cpp/ggml/src/ggml-cuda/ggml-cuda.cu:839 calls=1343 total_ms=6.328 avg_us=4.712 max_us=356
   1 /opt/llama.cpp/ggml/src/ggml-cuda/ggml-cuda.cu:900 calls=12 total_ms=5.894 avg_us=491.167 max_us=2583
   2 /opt/llama.cpp/ggml/src/ggml-cuda/ggml-cuda.cu:2665 calls=191 total_ms=0.394 avg_us=2.063 max_us=11
   3 /opt/llama.cpp/ggml/src/ggml-cuda/ggml-cuda.cu:847 calls=150 total_ms=0.246 avg_us=1.640 max_us=21
=== END CUDA SYNC PROFILE ===

=== CUDA SYNC PROFILE (instrumentation only) ===
total_syncs = 3410
total_wait_ms = 2554.787
max_wait_us = 140269
sites = 5
wait_hist_us = logarithmic buckets
  hist[0] = 3058
  hist[1] = 195
  hist[2] = 25
  hist[3] = 18
  hist[4] = 2
  hist[9] = 18
  hist[10] = 38
  hist[11] = 18
  hist[14] = 3
  hist[15] = 22
  hist[16] = 12
  hist[17] = 1
by_callsite (caller PC; symbolize with addr2line):
   0 caller=0x759fa2480c8a calls=1518 total_ms=2553.543 avg_us=1682.176 max_us=140269
   1 caller=0x759fa24800b8 calls=1042 total_ms=0.467 avg_us=0.448 max_us=16
   2 caller=0x759fa2480098 calls=386 total_ms=0.402 avg_us=1.041 max_us=12
   3 caller=0x759fa247f28a calls=78 total_ms=0.189 avg_us=2.423 max_us=11
   4 caller=0x759fa24800d5 calls=386 total_ms=0.186 avg_us=0.482 max_us=2
direct_cudaStreamSynchronize: calls=1700 total_ms=12.875 max_us=2583
by_direct_callsite (file:line):
   0 /opt/llama.cpp/ggml/src/ggml-cuda/ggml-cuda.cu:839 calls=1347 total_ms=6.341 avg_us=4.707 max_us=356
   1 /opt/llama.cpp/ggml/src/ggml-cuda/ggml-cuda.cu:900 calls=12 total_ms=5.894 avg_us=491.167 max_us=2583
   2 /opt/llama.cpp/ggml/src/ggml-cuda/ggml-cuda.cu:2665 calls=191 total_ms=0.394 avg_us=2.063 max_us=11
   3 /opt/llama.cpp/ggml/src/ggml-cuda/ggml-cuda.cu:847 calls=150 total_ms=0.246 avg_us=1.640 max_us=21
=== END CUDA SYNC PROFILE ===
backend-sync-trace: count=3500 backend=CUDA0 caller=ggml_backend_sched_synchronize+0x3a

=== CUDA SYNC PROFILE (instrumentation only) ===
total_syncs = 3500
total_wait_ms = 2614.923
max_wait_us = 140269
sites = 5
wait_hist_us = logarithmic buckets
  hist[0] = 3139
  hist[1] = 200
  hist[2] = 25
  hist[3] = 18
  hist[4] = 2
  hist[9] = 18
  hist[10] = 40
  hist[11] = 19
  hist[14] = 3
  hist[15] = 23
  hist[16] = 12
  hist[17] = 1
by_callsite (caller PC; symbolize with addr2line):
   0 caller=0x759fa2480c8a calls=1557 total_ms=2613.655 avg_us=1678.648 max_us=140269
   1 caller=0x759fa24800b8 calls=1071 total_ms=0.478 avg_us=0.446 max_us=16
   2 caller=0x759fa2480098 calls=396 total_ms=0.408 avg_us=1.030 max_us=12
   3 caller=0x759fa247f28a calls=80 total_ms=0.193 avg_us=2.413 max_us=11
   4 caller=0x759fa24800d5 calls=396 total_ms=0.189 avg_us=0.477 max_us=2
direct_cudaStreamSynchronize: calls=1737 total_ms=13.022 max_us=2583
by_direct_callsite (file:line):
   0 /opt/llama.cpp/ggml/src/ggml-cuda/ggml-cuda.cu:839 calls=1384 total_ms=6.488 avg_us=4.688 max_us=356
   1 /opt/llama.cpp/ggml/src/ggml-cuda/ggml-cuda.cu:900 calls=12 total_ms=5.894 avg_us=491.167 max_us=2583
   2 /opt/llama.cpp/ggml/src/ggml-cuda/ggml-cuda.cu:2665 calls=191 total_ms=0.394 avg_us=2.063 max_us=11
   3 /opt/llama.cpp/ggml/src/ggml-cuda/ggml-cuda.cu:847 calls=150 total_ms=0.246 avg_us=1.640 max_us=21
=== END CUDA SYNC PROFILE ===
1.06.987.866 I slot print_timing: id  0 | task 0 | n_gen =    111, tg =  36.27 t/s, tg_3s =  36.60 t/s
backend-sync-trace: count=3600 backend=CUDA0 caller=ggml_backend_sched_synchronize+0x3a

=== CUDA SYNC PROFILE (instrumentation only) ===
total_syncs = 3600
total_wait_ms = 2670.771
max_wait_us = 140269
sites = 5
wait_hist_us = logarithmic buckets
  hist[0] = 3232
  hist[1] = 203
  hist[2] = 25
  hist[3] = 18
  hist[4] = 2
  hist[9] = 18
  hist[10] = 43
  hist[11] = 19
  hist[14] = 3
  hist[15] = 24
  hist[16] = 12
  hist[17] = 1
by_callsite (caller PC; symbolize with addr2line):
   0 caller=0x759fa2480c8a calls=1600 total_ms=2669.476 avg_us=1668.422 max_us=140269
   1 caller=0x759fa24800b8 calls=1102 total_ms=0.487 avg_us=0.442 max_us=16
   2 caller=0x759fa2480098 calls=408 total_ms=0.419 avg_us=1.027 max_us=12
   3 caller=0x759fa247f28a calls=82 total_ms=0.196 avg_us=2.390 max_us=11
   4 caller=0x759fa24800d5 calls=408 total_ms=0.193 avg_us=0.473 max_us=2
direct_cudaStreamSynchronize: calls=1778 total_ms=13.177 max_us=2583
by_direct_callsite (file:line):
   0 /opt/llama.cpp/ggml/src/ggml-cuda/ggml-cuda.cu:839 calls=1425 total_ms=6.643 avg_us=4.662 max_us=356
   1 /opt/llama.cpp/ggml/src/ggml-cuda/ggml-cuda.cu:900 calls=12 total_ms=5.894 avg_us=491.167 max_us=2583
   2 /opt/llama.cpp/ggml/src/ggml-cuda/ggml-cuda.cu:2665 calls=191 total_ms=0.394 avg_us=2.063 max_us=11
   3 /opt/llama.cpp/ggml/src/ggml-cuda/ggml-cuda.cu:847 calls=150 total_ms=0.246 avg_us=1.640 max_us=21
=== END CUDA SYNC PROFILE ===

=== CUDA SYNC PROFILE (instrumentation only) ===
total_syncs = 3638
total_wait_ms = 2713.353
max_wait_us = 140269
sites = 5
wait_hist_us = logarithmic buckets
  hist[0] = 3266
  hist[1] = 206
  hist[2] = 25
  hist[3] = 18
  hist[4] = 2
  hist[9] = 18
  hist[10] = 43
  hist[11] = 19
  hist[14] = 3
  hist[15] = 25
  hist[16] = 12
  hist[17] = 1
by_callsite (caller PC; symbolize with addr2line):
   0 caller=0x759fa2480c8a calls=1608 total_ms=2712.043 avg_us=1686.594 max_us=140269
   1 caller=0x759fa24800b8 calls=1119 total_ms=0.493 avg_us=0.441 max_us=16
   2 caller=0x759fa2480098 calls=414 total_ms=0.425 avg_us=1.027 max_us=12
   3 caller=0x759fa247f28a calls=83 total_ms=0.198 avg_us=2.386 max_us=11
   4 caller=0x759fa24800d5 calls=414 total_ms=0.194 avg_us=0.469 max_us=2
direct_cudaStreamSynchronize: calls=1800 total_ms=13.274 max_us=2583
by_direct_callsite (file:line):
   0 /opt/llama.cpp/ggml/src/ggml-cuda/ggml-cuda.cu:839 calls=1447 total_ms=6.740 avg_us=4.658 max_us=356
   1 /opt/llama.cpp/ggml/src/ggml-cuda/ggml-cuda.cu:900 calls=12 total_ms=5.894 avg_us=491.167 max_us=2583
   2 /opt/llama.cpp/ggml/src/ggml-cuda/ggml-cuda.cu:2665 calls=191 total_ms=0.394 avg_us=2.063 max_us=11
   3 /opt/llama.cpp/ggml/src/ggml-cuda/ggml-cuda.cu:847 calls=150 total_ms=0.246 avg_us=1.640 max_us=21
=== END CUDA SYNC PROFILE ===
backend-sync-trace: count=3700 backend=CUDA0 caller=ggml_backend_sched_graph_compute_async_ext+0xcb8

=== CUDA SYNC PROFILE (instrumentation only) ===
total_syncs = 3700
total_wait_ms = 2715.538
max_wait_us = 140269
sites = 5
wait_hist_us = logarithmic buckets
  hist[0] = 3323
  hist[1] = 207
  hist[2] = 26
  hist[3] = 18
  hist[4] = 3
  hist[9] = 19
  hist[10] = 44
  hist[11] = 19
  hist[14] = 3
  hist[15] = 25
  hist[16] = 12
  hist[17] = 1
by_callsite (caller PC; symbolize with addr2line):
   0 caller=0x759fa2480c8a calls=1631 total_ms=2714.183 avg_us=1664.122 max_us=140269
   1 caller=0x759fa24800b8 calls=1141 total_ms=0.525 avg_us=0.460 max_us=25
   2 caller=0x759fa2480098 calls=422 total_ms=0.431 avg_us=1.021 max_us=12
   3 caller=0x759fa247f28a calls=84 total_ms=0.200 avg_us=2.381 max_us=11
   4 caller=0x759fa24800d5 calls=422 total_ms=0.199 avg_us=0.472 max_us=2
direct_cudaStreamSynchronize: calls=1827 total_ms=13.410 max_us=2583
by_direct_callsite (file:line):
   0 /opt/llama.cpp/ggml/src/ggml-cuda/ggml-cuda.cu:839 calls=1474 total_ms=6.876 avg_us=4.665 max_us=356
   1 /opt/llama.cpp/ggml/src/ggml-cuda/ggml-cuda.cu:900 calls=12 total_ms=5.894 avg_us=491.167 max_us=2583
   2 /opt/llama.cpp/ggml/src/ggml-cuda/ggml-cuda.cu:2665 calls=191 total_ms=0.394 avg_us=2.063 max_us=11
   3 /opt/llama.cpp/ggml/src/ggml-cuda/ggml-cuda.cu:847 calls=150 total_ms=0.246 avg_us=1.640 max_us=21
=== END CUDA SYNC PROFILE ===
backend-sync-trace: count=3800 backend=CUDA0 caller=ggml_backend_sched_synchronize+0x3a

=== CUDA SYNC PROFILE (instrumentation only) ===
total_syncs = 3800
total_wait_ms = 2788.933
max_wait_us = 140269
sites = 5
wait_hist_us = logarithmic buckets
  hist[0] = 3416
  hist[1] = 210
  hist[2] = 26
  hist[3] = 18
  hist[4] = 3
  hist[9] = 19
  hist[10] = 46
  hist[11] = 19
  hist[14] = 4
  hist[15] = 26
  hist[16] = 12
  hist[17] = 1
by_callsite (caller PC; symbolize with addr2line):
   0 caller=0x759fa2480c8a calls=1670 total_ms=2787.548 avg_us=1669.190 max_us=140269
   1 caller=0x759fa24800b8 calls=1175 total_ms=0.538 avg_us=0.458 max_us=25
   2 caller=0x759fa2480098 calls=434 total_ms=0.440 avg_us=1.014 max_us=12
   3 caller=0x759fa247f28a calls=87 total_ms=0.204 avg_us=2.345 max_us=11
   4 caller=0x759fa24800d5 calls=434 total_ms=0.203 avg_us=0.468 max_us=2
direct_cudaStreamSynchronize: calls=1871 total_ms=13.580 max_us=2583
by_direct_callsite (file:line):
   0 /opt/llama.cpp/ggml/src/ggml-cuda/ggml-cuda.cu:839 calls=1518 total_ms=7.046 avg_us=4.642 max_us=356
   1 /opt/llama.cpp/ggml/src/ggml-cuda/ggml-cuda.cu:900 calls=12 total_ms=5.894 avg_us=491.167 max_us=2583
   2 /opt/llama.cpp/ggml/src/ggml-cuda/ggml-cuda.cu:2665 calls=191 total_ms=0.394 avg_us=2.063 max_us=11
   3 /opt/llama.cpp/ggml/src/ggml-cuda/ggml-cuda.cu:847 calls=150 total_ms=0.246 avg_us=1.640 max_us=21
=== END CUDA SYNC PROFILE ===

=== CUDA SYNC PROFILE (instrumentation only) ===
total_syncs = 3862
total_wait_ms = 2790.850
max_wait_us = 140269
sites = 5
wait_hist_us = logarithmic buckets
  hist[0] = 3472
  hist[1] = 212
  hist[2] = 27
  hist[3] = 18
  hist[4] = 3
  hist[5] = 1
  hist[9] = 21
  hist[10] = 46
  hist[11] = 19
  hist[14] = 4
  hist[15] = 26
  hist[16] = 12
  hist[17] = 1
by_callsite (caller PC; symbolize with addr2line):
   0 caller=0x759fa2480c8a calls=1693 total_ms=2789.451 avg_us=1647.638 max_us=140269
   1 caller=0x759fa24800b8 calls=1197 total_ms=0.544 avg_us=0.454 max_us=25
   2 caller=0x759fa2480098 calls=442 total_ms=0.445 avg_us=1.007 max_us=12
   3 caller=0x759fa247f28a calls=88 total_ms=0.206 avg_us=2.341 max_us=11
   4 caller=0x759fa24800d5 calls=442 total_ms=0.204 avg_us=0.462 max_us=2
direct_cudaStreamSynchronize: calls=1900 total_ms=13.694 max_us=2583
by_direct_callsite (file:line):
   0 /opt/llama.cpp/ggml/src/ggml-cuda/ggml-cuda.cu:839 calls=1547 total_ms=7.160 avg_us=4.628 max_us=356
   1 /opt/llama.cpp/ggml/src/ggml-cuda/ggml-cuda.cu:900 calls=12 total_ms=5.894 avg_us=491.167 max_us=2583
   2 /opt/llama.cpp/ggml/src/ggml-cuda/ggml-cuda.cu:2665 calls=191 total_ms=0.394 avg_us=2.063 max_us=11
   3 /opt/llama.cpp/ggml/src/ggml-cuda/ggml-cuda.cu:847 calls=150 total_ms=0.246 avg_us=1.640 max_us=21
=== END CUDA SYNC PROFILE ===
backend-sync-trace: count=3900 backend=CUDA0 caller=ggml_backend_sched_graph_compute_async_ext+0xcd5

=== CUDA SYNC PROFILE (instrumentation only) ===
total_syncs = 3900
total_wait_ms = 2815.377
max_wait_us = 140269
sites = 5
wait_hist_us = logarithmic buckets
  hist[0] = 3506
  hist[1] = 215
  hist[2] = 27
  hist[3] = 18
  hist[4] = 3
  hist[5] = 1
  hist[9] = 21
  hist[10] = 46
  hist[11] = 19
  hist[14] = 5
  hist[15] = 26
  hist[16] = 12
  hist[17] = 1
by_callsite (caller PC; symbolize with addr2line):
   0 caller=0x759fa2480c8a calls=1716 total_ms=2813.968 avg_us=1639.841 max_us=140269
   1 caller=0x759fa24800b8 calls=1202 total_ms=0.546 avg_us=0.454 max_us=25
   2 caller=0x759fa2480098 calls=446 total_ms=0.447 avg_us=1.002 max_us=12
   3 caller=0x759fa247f28a calls=90 total_ms=0.210 avg_us=2.333 max_us=11
   4 caller=0x759fa24800d5 calls=446 total_ms=0.206 avg_us=0.462 max_us=2
direct_cudaStreamSynchronize: calls=1907 total_ms=13.729 max_us=2583
by_direct_callsite (file:line):
   0 /opt/llama.cpp/ggml/src/ggml-cuda/ggml-cuda.cu:839 calls=1554 total_ms=7.195 avg_us=4.630 max_us=356
   1 /opt/llama.cpp/ggml/src/ggml-cuda/ggml-cuda.cu:900 calls=12 total_ms=5.894 avg_us=491.167 max_us=2583
   2 /opt/llama.cpp/ggml/src/ggml-cuda/ggml-cuda.cu:2665 calls=191 total_ms=0.394 avg_us=2.063 max_us=11
   3 /opt/llama.cpp/ggml/src/ggml-cuda/ggml-cuda.cu:847 calls=150 total_ms=0.246 avg_us=1.640 max_us=21
=== END CUDA SYNC PROFILE ===
backend-sync-trace: count=4000 backend=CUDA0 caller=ggml_backend_sched_synchronize+0x3a

=== CUDA SYNC PROFILE (instrumentation only) ===
total_syncs = 4000
total_wait_ms = 2872.261
max_wait_us = 140269
sites = 5
wait_hist_us = logarithmic buckets
  hist[0] = 3596
  hist[1] = 220
  hist[2] = 27
  hist[3] = 18
  hist[4] = 3
  hist[5] = 1
  hist[9] = 23
  hist[10] = 48
  hist[11] = 19
  hist[14] = 5
  hist[15] = 27
  hist[16] = 12
  hist[17] = 1
by_callsite (caller PC; symbolize with addr2line):
   0 caller=0x759fa2480c8a calls=1755 total_ms=2870.815 avg_us=1635.792 max_us=140269
   1 caller=0x759fa24800b8 calls=1237 total_ms=0.563 avg_us=0.455 max_us=25
   2 caller=0x759fa2480098 calls=458 total_ms=0.457 avg_us=0.998 max_us=12
   3 caller=0x759fa247f28a calls=92 total_ms=0.214 avg_us=2.326 max_us=11
   4 caller=0x759fa24800d5 calls=458 total_ms=0.212 avg_us=0.463 max_us=2
direct_cudaStreamSynchronize: calls=1953 total_ms=13.901 max_us=2583
by_direct_callsite (file:line):
   0 /opt/llama.cpp/ggml/src/ggml-cuda/ggml-cuda.cu:839 calls=1600 total_ms=7.367 avg_us=4.604 max_us=356
   1 /opt/llama.cpp/ggml/src/ggml-cuda/ggml-cuda.cu:900 calls=12 total_ms=5.894 avg_us=491.167 max_us=2583
   2 /opt/llama.cpp/ggml/src/ggml-cuda/ggml-cuda.cu:2665 calls=191 total_ms=0.394 avg_us=2.063 max_us=11
   3 /opt/llama.cpp/ggml/src/ggml-cuda/ggml-cuda.cu:847 calls=150 total_ms=0.246 avg_us=1.640 max_us=21
=== END CUDA SYNC PROFILE ===

=== CUDA SYNC PROFILE (instrumentation only) ===
total_syncs = 4097
total_wait_ms = 2909.216
max_wait_us = 140269
sites = 5
wait_hist_us = logarithmic buckets
  hist[0] = 3685
  hist[1] = 225
  hist[2] = 27
  hist[3] = 18
  hist[4] = 3
  hist[5] = 1
  hist[9] = 23
  hist[10] = 50
  hist[11] = 19
  hist[14] = 5
  hist[15] = 28
  hist[16] = 12
  hist[17] = 1
by_callsite (caller PC; symbolize with addr2line):
   0 caller=0x759fa2480c8a calls=1786 total_ms=2907.734 avg_us=1628.071 max_us=140269
   1 caller=0x759fa24800b8 calls=1273 total_ms=0.578 avg_us=0.454 max_us=25
   2 caller=0x759fa2480098 calls=472 total_ms=0.471 avg_us=0.998 max_us=12
   3 caller=0x759fa247f28a calls=94 total_ms=0.219 avg_us=2.330 max_us=11
   4 caller=0x759fa24800d5 calls=472 total_ms=0.214 avg_us=0.453 max_us=2
direct_cudaStreamSynchronize: calls=2000 total_ms=14.098 max_us=2583
by_direct_callsite (file:line):
   0 /opt/llama.cpp/ggml/src/ggml-cuda/ggml-cuda.cu:839 calls=1647 total_ms=7.564 avg_us=4.593 max_us=356
   1 /opt/llama.cpp/ggml/src/ggml-cuda/ggml-cuda.cu:900 calls=12 total_ms=5.894 avg_us=491.167 max_us=2583
   2 /opt/llama.cpp/ggml/src/ggml-cuda/ggml-cuda.cu:2665 calls=191 total_ms=0.394 avg_us=2.063 max_us=11
   3 /opt/llama.cpp/ggml/src/ggml-cuda/ggml-cuda.cu:847 calls=150 total_ms=0.246 avg_us=1.640 max_us=21
=== END CUDA SYNC PROFILE ===
backend-sync-trace: count=4100 backend=CUDA0 caller=ggml_backend_sched_graph_compute_async_ext+0xcb8

=== CUDA SYNC PROFILE (instrumentation only) ===
total_syncs = 4100
total_wait_ms = 2909.217
max_wait_us = 140269
sites = 5
wait_hist_us = logarithmic buckets
  hist[0] = 3688
  hist[1] = 225
  hist[2] = 27
  hist[3] = 18
  hist[4] = 3
  hist[5] = 1
  hist[9] = 23
  hist[10] = 50
  hist[11] = 19
  hist[14] = 5
  hist[15] = 28
  hist[16] = 12
  hist[17] = 1
by_callsite (caller PC; symbolize with addr2line):
   0 caller=0x759fa2480c8a calls=1786 total_ms=2907.734 avg_us=1628.071 max_us=140269
   1 caller=0x759fa24800b8 calls=1276 total_ms=0.579 avg_us=0.454 max_us=25
   2 caller=0x759fa2480098 calls=472 total_ms=0.471 avg_us=0.998 max_us=12
   3 caller=0x759fa247f28a calls=94 total_ms=0.219 avg_us=2.330 max_us=11
   4 caller=0x759fa24800d5 calls=472 total_ms=0.214 avg_us=0.453 max_us=2
direct_cudaStreamSynchronize: calls=2002 total_ms=14.103 max_us=2583
by_direct_callsite (file:line):
   0 /opt/llama.cpp/ggml/src/ggml-cuda/ggml-cuda.cu:839 calls=1649 total_ms=7.569 avg_us=4.590 max_us=356
   1 /opt/llama.cpp/ggml/src/ggml-cuda/ggml-cuda.cu:900 calls=12 total_ms=5.894 avg_us=491.167 max_us=2583
   2 /opt/llama.cpp/ggml/src/ggml-cuda/ggml-cuda.cu:2665 calls=191 total_ms=0.394 avg_us=2.063 max_us=11
   3 /opt/llama.cpp/ggml/src/ggml-cuda/ggml-cuda.cu:847 calls=150 total_ms=0.246 avg_us=1.640 max_us=21
=== END CUDA SYNC PROFILE ===
backend-sync-trace: count=4200 backend=CUDA0 caller=ggml_backend_sched_graph_compute_async_ext+0xcb8

=== CUDA SYNC PROFILE (instrumentation only) ===
total_syncs = 4200
total_wait_ms = 3005.042
max_wait_us = 140269
sites = 5
wait_hist_us = logarithmic buckets
  hist[0] = 3777
  hist[1] = 229
  hist[2] = 30
  hist[3] = 18
  hist[4] = 3
  hist[5] = 1
  hist[9] = 23
  hist[10] = 51
  hist[11] = 20
  hist[14] = 5
  hist[15] = 30
  hist[16] = 12
  hist[17] = 1
by_callsite (caller PC; symbolize with addr2line):
   0 caller=0x759fa2480c8a calls=1825 total_ms=3003.516 avg_us=1645.762 max_us=140269
   1 caller=0x759fa24800b8 calls=1310 total_ms=0.598 avg_us=0.456 max_us=25
   2 caller=0x759fa2480098 calls=484 total_ms=0.482 avg_us=0.996 max_us=12
   3 caller=0x759fa247f28a calls=97 total_ms=0.228 avg_us=2.351 max_us=11
   4 caller=0x759fa24800d5 calls=484 total_ms=0.218 avg_us=0.450 max_us=2
direct_cudaStreamSynchronize: calls=2046 total_ms=14.274 max_us=2583
by_direct_callsite (file:line):
   0 /opt/llama.cpp/ggml/src/ggml-cuda/ggml-cuda.cu:839 calls=1693 total_ms=7.740 avg_us=4.572 max_us=356
   1 /opt/llama.cpp/ggml/src/ggml-cuda/ggml-cuda.cu:900 calls=12 total_ms=5.894 avg_us=491.167 max_us=2583
   2 /opt/llama.cpp/ggml/src/ggml-cuda/ggml-cuda.cu:2665 calls=191 total_ms=0.394 avg_us=2.063 max_us=11
   3 /opt/llama.cpp/ggml/src/ggml-cuda/ggml-cuda.cu:847 calls=150 total_ms=0.246 avg_us=1.640 max_us=21
=== END CUDA SYNC PROFILE ===
backend-sync-trace: count=4300 backend=CUDA0 caller=ggml_backend_sched_synchronize+0x3a

=== CUDA SYNC PROFILE (instrumentation only) ===
total_syncs = 4300
total_wait_ms = 3058.411
max_wait_us = 140269
sites = 5
wait_hist_us = logarithmic buckets
  hist[0] = 3863
  hist[1] = 236
  hist[2] = 33
  hist[3] = 18
  hist[4] = 3
  hist[5] = 1
  hist[9] = 23
  hist[10] = 53
  hist[11] = 21
  hist[14] = 5
  hist[15] = 31
  hist[16] = 12
  hist[17] = 1
by_callsite (caller PC; symbolize with addr2line):
   0 caller=0x759fa2480c8a calls=1867 total_ms=3056.844 avg_us=1637.303 max_us=140269
   1 caller=0x759fa24800b8 calls=1341 total_ms=0.611 avg_us=0.456 max_us=25
   2 caller=0x759fa2480098 calls=496 total_ms=0.495 avg_us=0.998 max_us=12
   3 caller=0x759fa247f28a calls=100 total_ms=0.237 avg_us=2.370 max_us=11
   4 caller=0x759fa24800d5 calls=496 total_ms=0.224 avg_us=0.452 max_us=2
direct_cudaStreamSynchronize: calls=2087 total_ms=14.436 max_us=2583
by_direct_callsite (file:line):
   0 /opt/llama.cpp/ggml/src/ggml-cuda/ggml-cuda.cu:839 calls=1734 total_ms=7.902 avg_us=4.557 max_us=356
   1 /opt/llama.cpp/ggml/src/ggml-cuda/ggml-cuda.cu:900 calls=12 total_ms=5.894 avg_us=491.167 max_us=2583
   2 /opt/llama.cpp/ggml/src/ggml-cuda/ggml-cuda.cu:2665 calls=191 total_ms=0.394 avg_us=2.063 max_us=11
   3 /opt/llama.cpp/ggml/src/ggml-cuda/ggml-cuda.cu:847 calls=150 total_ms=0.246 avg_us=1.640 max_us=21
=== END CUDA SYNC PROFILE ===

=== CUDA SYNC PROFILE (instrumentation only) ===
total_syncs = 4332
total_wait_ms = 3060.187
max_wait_us = 140269
sites = 5
wait_hist_us = logarithmic buckets
  hist[0] = 3893
  hist[1] = 236
  hist[2] = 34
  hist[3] = 18
  hist[4] = 3
  hist[5] = 1
  hist[9] = 23
  hist[10] = 54
  hist[11] = 21
  hist[14] = 5
  hist[15] = 31
  hist[16] = 12
  hist[17] = 1
by_callsite (caller PC; symbolize with addr2line):
   0 caller=0x759fa2480c8a calls=1879 total_ms=3058.612 avg_us=1627.787 max_us=140269
   1 caller=0x759fa24800b8 calls=1349 total_ms=0.612 avg_us=0.454 max_us=25
   2 caller=0x759fa2480098 calls=502 total_ms=0.501 avg_us=0.998 max_us=12
   3 caller=0x759fa247f28a calls=100 total_ms=0.237 avg_us=2.370 max_us=11
   4 caller=0x759fa24800d5 calls=502 total_ms=0.225 avg_us=0.448 max_us=2
direct_cudaStreamSynchronize: calls=2100 total_ms=14.505 max_us=2583
by_direct_callsite (file:line):
   0 /opt/llama.cpp/ggml/src/ggml-cuda/ggml-cuda.cu:839 calls=1747 total_ms=7.971 avg_us=4.563 max_us=356
   1 /opt/llama.cpp/ggml/src/ggml-cuda/ggml-cuda.cu:900 calls=12 total_ms=5.894 avg_us=491.167 max_us=2583
   2 /opt/llama.cpp/ggml/src/ggml-cuda/ggml-cuda.cu:2665 calls=191 total_ms=0.394 avg_us=2.063 max_us=11
   3 /opt/llama.cpp/ggml/src/ggml-cuda/ggml-cuda.cu:847 calls=150 total_ms=0.246 avg_us=1.640 max_us=21
=== END CUDA SYNC PROFILE ===
backend-sync-trace: count=4400 backend=CUDA0 caller=ggml_backend_sched_synchronize+0x3a

=== CUDA SYNC PROFILE (instrumentation only) ===
total_syncs = 4400
total_wait_ms = 3095.610
max_wait_us = 140269
sites = 5
wait_hist_us = logarithmic buckets
  hist[0] = 3956
  hist[1] = 238
  hist[2] = 34
  hist[3] = 18
  hist[4] = 3
  hist[5] = 1
  hist[9] = 23
  hist[10] = 56
  hist[11] = 21
  hist[14] = 6
  hist[15] = 31
  hist[16] = 12
  hist[17] = 1
by_callsite (caller PC; symbolize with addr2line):
   0 caller=0x759fa2480c8a calls=1910 total_ms=3094.016 avg_us=1619.904 max_us=140269
   1 caller=0x759fa24800b8 calls=1372 total_ms=0.621 avg_us=0.453 max_us=25
   2 caller=0x759fa2480098 calls=508 total_ms=0.507 avg_us=0.998 max_us=12
   3 caller=0x759fa247f28a calls=102 total_ms=0.240 avg_us=2.353 max_us=11
   4 caller=0x759fa24800d5 calls=508 total_ms=0.226 avg_us=0.445 max_us=2
direct_cudaStreamSynchronize: calls=2128 total_ms=14.616 max_us=2583
by_direct_callsite (file:line):
   0 /opt/llama.cpp/ggml/src/ggml-cuda/ggml-cuda.cu:839 calls=1775 total_ms=8.082 avg_us=4.553 max_us=356
   1 /opt/llama.cpp/ggml/src/ggml-cuda/ggml-cuda.cu:900 calls=12 total_ms=5.894 avg_us=491.167 max_us=2583
   2 /opt/llama.cpp/ggml/src/ggml-cuda/ggml-cuda.cu:2665 calls=191 total_ms=0.394 avg_us=2.063 max_us=11
   3 /opt/llama.cpp/ggml/src/ggml-cuda/ggml-cuda.cu:847 calls=150 total_ms=0.246 avg_us=1.640 max_us=21
=== END CUDA SYNC PROFILE ===
backend-sync-trace: count=4500 backend=CUDA0 caller=0x759fa247f28a

=== CUDA SYNC PROFILE (instrumentation only) ===
total_syncs = 4500
total_wait_ms = 3196.803
max_wait_us = 140269
sites = 5
wait_hist_us = logarithmic buckets
  hist[0] = 4044
  hist[1] = 246
  hist[2] = 34
  hist[3] = 18
  hist[4] = 3
  hist[5] = 1
  hist[9] = 23
  hist[10] = 58
  hist[11] = 21
  hist[14] = 6
  hist[15] = 33
  hist[16] = 12
  hist[17] = 1
by_callsite (caller PC; symbolize with addr2line):
   0 caller=0x759fa2480c8a calls=1937 total_ms=3195.170 avg_us=1649.546 max_us=140269
   1 caller=0x759fa24800b8 calls=1414 total_ms=0.636 avg_us=0.450 max_us=25
   2 caller=0x759fa2480098 calls=522 total_ms=0.519 avg_us=0.994 max_us=12
   3 caller=0x759fa247f28a calls=105 total_ms=0.246 avg_us=2.343 max_us=11
   4 caller=0x759fa24800d5 calls=522 total_ms=0.232 avg_us=0.444 max_us=2
direct_cudaStreamSynchronize: calls=2181 total_ms=14.830 max_us=2583
by_direct_callsite (file:line):
   0 /opt/llama.cpp/ggml/src/ggml-cuda/ggml-cuda.cu:839 calls=1828 total_ms=8.296 avg_us=4.538 max_us=356
   1 /opt/llama.cpp/ggml/src/ggml-cuda/ggml-cuda.cu:900 calls=12 total_ms=5.894 avg_us=491.167 max_us=2583
   2 /opt/llama.cpp/ggml/src/ggml-cuda/ggml-cuda.cu:2665 calls=191 total_ms=0.394 avg_us=2.063 max_us=11
   3 /opt/llama.cpp/ggml/src/ggml-cuda/ggml-cuda.cu:847 calls=150 total_ms=0.246 avg_us=1.640 max_us=21
=== END CUDA SYNC PROFILE ===

=== CUDA SYNC PROFILE (instrumentation only) ===
total_syncs = 4564
total_wait_ms = 3199.541
max_wait_us = 140269
sites = 5
wait_hist_us = logarithmic buckets
  hist[0] = 4102
  hist[1] = 250
  hist[2] = 34
  hist[3] = 18
  hist[4] = 3
  hist[5] = 1
  hist[9] = 23
  hist[10] = 60
  hist[11] = 21
  hist[14] = 6
  hist[15] = 33
  hist[16] = 12
  hist[17] = 1
by_callsite (caller PC; symbolize with addr2line):
   0 caller=0x759fa2480c8a calls=1972 total_ms=3197.889 avg_us=1621.648 max_us=140269
   1 caller=0x759fa24800b8 calls=1426 total_ms=0.640 avg_us=0.449 max_us=25
   2 caller=0x759fa2480098 calls=530 total_ms=0.527 avg_us=0.994 max_us=12
   3 caller=0x759fa247f28a calls=106 total_ms=0.248 avg_us=2.340 max_us=11
   4 caller=0x759fa24800d5 calls=530 total_ms=0.237 avg_us=0.447 max_us=2
direct_cudaStreamSynchronize: calls=2200 total_ms=14.905 max_us=2583
by_direct_callsite (file:line):
   0 /opt/llama.cpp/ggml/src/ggml-cuda/ggml-cuda.cu:839 calls=1847 total_ms=8.371 avg_us=4.532 max_us=356
   1 /opt/llama.cpp/ggml/src/ggml-cuda/ggml-cuda.cu:900 calls=12 total_ms=5.894 avg_us=491.167 max_us=2583
   2 /opt/llama.cpp/ggml/src/ggml-cuda/ggml-cuda.cu:2665 calls=191 total_ms=0.394 avg_us=2.063 max_us=11
   3 /opt/llama.cpp/ggml/src/ggml-cuda/ggml-cuda.cu:847 calls=150 total_ms=0.246 avg_us=1.640 max_us=21
=== END CUDA SYNC PROFILE ===
backend-sync-trace: count=4600 backend=CUDA0 caller=ggml_backend_sched_synchronize+0x3a

=== CUDA SYNC PROFILE (instrumentation only) ===
total_syncs = 4600
total_wait_ms = 3235.131
max_wait_us = 140269
sites = 5
wait_hist_us = logarithmic buckets
  hist[0] = 4135
  hist[1] = 252
  hist[2] = 34
  hist[3] = 18
  hist[4] = 3
  hist[5] = 1
  hist[9] = 23
  hist[10] = 60
  hist[11] = 21
  hist[14] = 6
  hist[15] = 34
  hist[16] = 12
  hist[17] = 1
by_callsite (caller PC; symbolize with addr2line):
   0 caller=0x759fa2480c8a calls=1980 total_ms=3233.466 avg_us=1633.064 max_us=140269
   1 caller=0x759fa24800b8 calls=1445 total_ms=0.646 avg_us=0.447 max_us=25
   2 caller=0x759fa2480098 calls=534 total_ms=0.529 avg_us=0.991 max_us=12
   3 caller=0x759fa247f28a calls=107 total_ms=0.250 avg_us=2.336 max_us=11
   4 caller=0x759fa24800d5 calls=534 total_ms=0.240 avg_us=0.449 max_us=2
direct_cudaStreamSynchronize: calls=2221 total_ms=14.995 max_us=2583
by_direct_callsite (file:line):
   0 /opt/llama.cpp/ggml/src/ggml-cuda/ggml-cuda.cu:839 calls=1868 total_ms=8.461 avg_us=4.529 max_us=356
   1 /opt/llama.cpp/ggml/src/ggml-cuda/ggml-cuda.cu:900 calls=12 total_ms=5.894 avg_us=491.167 max_us=2583
   2 /opt/llama.cpp/ggml/src/ggml-cuda/ggml-cuda.cu:2665 calls=191 total_ms=0.394 avg_us=2.063 max_us=11
   3 /opt/llama.cpp/ggml/src/ggml-cuda/ggml-cuda.cu:847 calls=150 total_ms=0.246 avg_us=1.640 max_us=21
=== END CUDA SYNC PROFILE ===
backend-sync-trace: count=4700 backend=CUDA0 caller=ggml_backend_sched_synchronize+0x3a

=== CUDA SYNC PROFILE (instrumentation only) ===
total_syncs = 4700
total_wait_ms = 3293.256
max_wait_us = 140269
sites = 5
wait_hist_us = logarithmic buckets
  hist[0] = 4226
  hist[1] = 257
  hist[2] = 34
  hist[3] = 18
  hist[4] = 3
  hist[5] = 1
  hist[9] = 24
  hist[10] = 62
  hist[11] = 21
  hist[14] = 6
  hist[15] = 35
  hist[16] = 12
  hist[17] = 1
by_callsite (caller PC; symbolize with addr2line):
   0 caller=0x759fa2480c8a calls=2022 total_ms=3291.555 avg_us=1627.871 max_us=140269
   1 caller=0x759fa24800b8 calls=1476 total_ms=0.659 avg_us=0.446 max_us=25
   2 caller=0x759fa2480098 calls=546 total_ms=0.539 avg_us=0.987 max_us=12
   3 caller=0x759fa247f28a calls=110 total_ms=0.256 avg_us=2.327 max_us=11
   4 caller=0x759fa24800d5 calls=546 total_ms=0.247 avg_us=0.452 max_us=2
direct_cudaStreamSynchronize: calls=2262 total_ms=15.154 max_us=2583
by_direct_callsite (file:line):
   0 /opt/llama.cpp/ggml/src/ggml-cuda/ggml-cuda.cu:839 calls=1909 total_ms=8.620 avg_us=4.515 max_us=356
   1 /opt/llama.cpp/ggml/src/ggml-cuda/ggml-cuda.cu:900 calls=12 total_ms=5.894 avg_us=491.167 max_us=2583
   2 /opt/llama.cpp/ggml/src/ggml-cuda/ggml-cuda.cu:2665 calls=191 total_ms=0.394 avg_us=2.063 max_us=11
   3 /opt/llama.cpp/ggml/src/ggml-cuda/ggml-cuda.cu:847 calls=150 total_ms=0.246 avg_us=1.640 max_us=21
=== END CUDA SYNC PROFILE ===

=== CUDA SYNC PROFILE (instrumentation only) ===
total_syncs = 4784
total_wait_ms = 3330.919
max_wait_us = 140269
sites = 5
wait_hist_us = logarithmic buckets
  hist[0] = 4287
  hist[1] = 275
  hist[2] = 35
  hist[3] = 19
  hist[4] = 3
  hist[5] = 1
  hist[9] = 25
  hist[10] = 63
  hist[11] = 21
  hist[14] = 6
  hist[15] = 36
  hist[16] = 12
  hist[17] = 1
by_callsite (caller PC; symbolize with addr2line):
   0 caller=0x759fa2480c8a calls=2052 total_ms=3329.148 avg_us=1622.392 max_us=140269
   1 caller=0x759fa24800b8 calls=1504 total_ms=0.686 avg_us=0.456 max_us=25
   2 caller=0x759fa2480098 calls=558 total_ms=0.564 avg_us=1.011 max_us=12
   3 caller=0x759fa247f28a calls=112 total_ms=0.265 avg_us=2.366 max_us=11
   4 caller=0x759fa24800d5 calls=558 total_ms=0.256 avg_us=0.459 max_us=2
direct_cudaStreamSynchronize: calls=2300 total_ms=15.327 max_us=2583
by_direct_callsite (file:line):
   0 /opt/llama.cpp/ggml/src/ggml-cuda/ggml-cuda.cu:839 calls=1947 total_ms=8.793 avg_us=4.516 max_us=356
   1 /opt/llama.cpp/ggml/src/ggml-cuda/ggml-cuda.cu:900 calls=12 total_ms=5.894 avg_us=491.167 max_us=2583
   2 /opt/llama.cpp/ggml/src/ggml-cuda/ggml-cuda.cu:2665 calls=191 total_ms=0.394 avg_us=2.063 max_us=11
   3 /opt/llama.cpp/ggml/src/ggml-cuda/ggml-cuda.cu:847 calls=150 total_ms=0.246 avg_us=1.640 max_us=21
=== END CUDA SYNC PROFILE ===
backend-sync-trace: count=4800 backend=CUDA0 caller=ggml_backend_sched_graph_compute_async_ext+0xcd5

=== CUDA SYNC PROFILE (instrumentation only) ===
total_syncs = 4800
total_wait_ms = 3333.259
max_wait_us = 140269
sites = 5
wait_hist_us = logarithmic buckets
  hist[0] = 4301
  hist[1] = 276
  hist[2] = 35
  hist[3] = 19
  hist[4] = 3
  hist[5] = 1
  hist[9] = 25
  hist[10] = 63
  hist[11] = 22
  hist[14] = 6
  hist[15] = 36
  hist[16] = 12
  hist[17] = 1
by_callsite (caller PC; symbolize with addr2line):
   0 caller=0x759fa2480c8a calls=2059 total_ms=3331.480 avg_us=1618.009 max_us=140269
   1 caller=0x759fa24800b8 calls=1507 total_ms=0.688 avg_us=0.457 max_us=25
   2 caller=0x759fa2480098 calls=561 total_ms=0.569 avg_us=1.014 max_us=12
   3 caller=0x759fa247f28a calls=112 total_ms=0.265 avg_us=2.366 max_us=11
   4 caller=0x759fa24800d5 calls=561 total_ms=0.257 avg_us=0.458 max_us=2
direct_cudaStreamSynchronize: calls=2305 total_ms=15.343 max_us=2583
by_direct_callsite (file:line):
   0 /opt/llama.cpp/ggml/src/ggml-cuda/ggml-cuda.cu:839 calls=1952 total_ms=8.809 avg_us=4.513 max_us=356
   1 /opt/llama.cpp/ggml/src/ggml-cuda/ggml-cuda.cu:900 calls=12 total_ms=5.894 avg_us=491.167 max_us=2583
   2 /opt/llama.cpp/ggml/src/ggml-cuda/ggml-cuda.cu:2665 calls=191 total_ms=0.394 avg_us=2.063 max_us=11
   3 /opt/llama.cpp/ggml/src/ggml-cuda/ggml-cuda.cu:847 calls=150 total_ms=0.246 avg_us=1.640 max_us=21
=== END CUDA SYNC PROFILE ===
backend-sync-trace: count=4900 backend=CUDA0 caller=ggml_backend_sched_graph_compute_async_ext+0xcb8

=== CUDA SYNC PROFILE (instrumentation only) ===
total_syncs = 4900
total_wait_ms = 3374.599
max_wait_us = 140269
sites = 5
wait_hist_us = logarithmic buckets
  hist[0] = 4393
  hist[1] = 281
  hist[2] = 35
  hist[3] = 19
  hist[4] = 3
  hist[5] = 1
  hist[9] = 26
  hist[10] = 64
  hist[11] = 22
  hist[14] = 6
  hist[15] = 37
  hist[16] = 12
  hist[17] = 1
by_callsite (caller PC; symbolize with addr2line):
   0 caller=0x759fa2480c8a calls=2096 total_ms=3372.785 avg_us=1609.153 max_us=140269
   1 caller=0x759fa24800b8 calls=1546 total_ms=0.706 avg_us=0.457 max_us=25
   2 caller=0x759fa2480098 calls=572 total_ms=0.579 avg_us=1.012 max_us=12
   3 caller=0x759fa247f28a calls=114 total_ms=0.269 avg_us=2.360 max_us=11
   4 caller=0x759fa24800d5 calls=572 total_ms=0.260 avg_us=0.455 max_us=2
direct_cudaStreamSynchronize: calls=2352 total_ms=15.542 max_us=2583
by_direct_callsite (file:line):
   0 /opt/llama.cpp/ggml/src/ggml-cuda/ggml-cuda.cu:839 calls=1999 total_ms=9.008 avg_us=4.506 max_us=356
   1 /opt/llama.cpp/ggml/src/ggml-cuda/ggml-cuda.cu:900 calls=12 total_ms=5.894 avg_us=491.167 max_us=2583
   2 /opt/llama.cpp/ggml/src/ggml-cuda/ggml-cuda.cu:2665 calls=191 total_ms=0.394 avg_us=2.063 max_us=11
   3 /opt/llama.cpp/ggml/src/ggml-cuda/ggml-cuda.cu:847 calls=150 total_ms=0.246 avg_us=1.640 max_us=21
=== END CUDA SYNC PROFILE ===
backend-sync-trace: count=5000 backend=CUDA0 caller=ggml_backend_sched_graph_compute_async_ext+0xcb8

=== CUDA SYNC PROFILE (instrumentation only) ===
total_syncs = 5000
total_wait_ms = 3438.985
max_wait_us = 140269
sites = 5
wait_hist_us = logarithmic buckets
  hist[0] = 4482
  hist[1] = 288
  hist[2] = 35
  hist[3] = 19
  hist[4] = 3
  hist[5] = 1
  hist[9] = 27
  hist[10] = 65
  hist[11] = 22
  hist[14] = 7
  hist[15] = 38
  hist[16] = 12
  hist[17] = 1
by_callsite (caller PC; symbolize with addr2line):
   0 caller=0x759fa2480c8a calls=2135 total_ms=3437.142 avg_us=1609.903 max_us=140269
   1 caller=0x759fa24800b8 calls=1580 total_ms=0.717 avg_us=0.454 max_us=25
   2 caller=0x759fa2480098 calls=584 total_ms=0.590 avg_us=1.010 max_us=12
   3 caller=0x759fa247f28a calls=117 total_ms=0.274 avg_us=2.342 max_us=11
   4 caller=0x759fa24800d5 calls=584 total_ms=0.262 avg_us=0.449 max_us=2
direct_cudaStreamSynchronize: calls=2396 total_ms=15.716 max_us=2583
by_direct_callsite (file:line):
   0 /opt/llama.cpp/ggml/src/ggml-cuda/ggml-cuda.cu:839 calls=2043 total_ms=9.182 avg_us=4.494 max_us=356
   1 /opt/llama.cpp/ggml/src/ggml-cuda/ggml-cuda.cu:900 calls=12 total_ms=5.894 avg_us=491.167 max_us=2583
   2 /opt/llama.cpp/ggml/src/ggml-cuda/ggml-cuda.cu:2665 calls=191 total_ms=0.394 avg_us=2.063 max_us=11
   3 /opt/llama.cpp/ggml/src/ggml-cuda/ggml-cuda.cu:847 calls=150 total_ms=0.246 avg_us=1.640 max_us=21
=== END CUDA SYNC PROFILE ===

=== CUDA SYNC PROFILE (instrumentation only) ===
total_syncs = 5022
total_wait_ms = 3438.997
max_wait_us = 140269
sites = 5
wait_hist_us = logarithmic buckets
  hist[0] = 4502
  hist[1] = 290
  hist[2] = 35
  hist[3] = 19
  hist[4] = 3
  hist[5] = 1
  hist[9] = 27
  hist[10] = 65
  hist[11] = 22
  hist[14] = 7
  hist[15] = 38
  hist[16] = 12
  hist[17] = 1
by_callsite (caller PC; symbolize with addr2line):
   0 caller=0x759fa2480c8a calls=2150 total_ms=3437.149 avg_us=1598.674 max_us=140269
   1 caller=0x759fa24800b8 calls=1582 total_ms=0.717 avg_us=0.453 max_us=25
   2 caller=0x759fa2480098 calls=586 total_ms=0.591 avg_us=1.009 max_us=12
   3 caller=0x759fa247f28a calls=118 total_ms=0.276 avg_us=2.339 max_us=11
   4 caller=0x759fa24800d5 calls=586 total_ms=0.264 avg_us=0.451 max_us=2
direct_cudaStreamSynchronize: calls=2400 total_ms=15.730 max_us=2583
by_direct_callsite (file:line):
   0 /opt/llama.cpp/ggml/src/ggml-cuda/ggml-cuda.cu:839 calls=2047 total_ms=9.196 avg_us=4.492 max_us=356
   1 /opt/llama.cpp/ggml/src/ggml-cuda/ggml-cuda.cu:900 calls=12 total_ms=5.894 avg_us=491.167 max_us=2583
   2 /opt/llama.cpp/ggml/src/ggml-cuda/ggml-cuda.cu:2665 calls=191 total_ms=0.394 avg_us=2.063 max_us=11
   3 /opt/llama.cpp/ggml/src/ggml-cuda/ggml-cuda.cu:847 calls=150 total_ms=0.246 avg_us=1.640 max_us=21
=== END CUDA SYNC PROFILE ===
backend-sync-trace: count=5100 backend=CUDA0 caller=ggml_backend_sched_synchronize+0x3a

=== CUDA SYNC PROFILE (instrumentation only) ===
total_syncs = 5100
total_wait_ms = 3475.486
max_wait_us = 140269
sites = 5
wait_hist_us = logarithmic buckets
  hist[0] = 4574
  hist[1] = 293
  hist[2] = 35
  hist[3] = 19
  hist[4] = 3
  hist[5] = 1
  hist[9] = 27
  hist[10] = 67
  hist[11] = 22
  hist[14] = 7
  hist[15] = 39
  hist[16] = 12
  hist[17] = 1
by_callsite (caller PC; symbolize with addr2line):
   0 caller=0x759fa2480c8a calls=2186 total_ms=3473.614 avg_us=1589.027 max_us=140269
   1 caller=0x759fa24800b8 calls=1607 total_ms=0.731 avg_us=0.455 max_us=25
   2 caller=0x759fa2480098 calls=594 total_ms=0.598 avg_us=1.007 max_us=12
   3 caller=0x759fa247f28a calls=119 total_ms=0.278 avg_us=2.336 max_us=11
   4 caller=0x759fa24800d5 calls=594 total_ms=0.265 avg_us=0.446 max_us=2
direct_cudaStreamSynchronize: calls=2431 total_ms=15.851 max_us=2583
by_direct_callsite (file:line):
   0 /opt/llama.cpp/ggml/src/ggml-cuda/ggml-cuda.cu:839 calls=2078 total_ms=9.317 avg_us=4.484 max_us=356
   1 /opt/llama.cpp/ggml/src/ggml-cuda/ggml-cuda.cu:900 calls=12 total_ms=5.894 avg_us=491.167 max_us=2583
   2 /opt/llama.cpp/ggml/src/ggml-cuda/ggml-cuda.cu:2665 calls=191 total_ms=0.394 avg_us=2.063 max_us=11
   3 /opt/llama.cpp/ggml/src/ggml-cuda/ggml-cuda.cu:847 calls=150 total_ms=0.246 avg_us=1.640 max_us=21
=== END CUDA SYNC PROFILE ===
backend-sync-trace: count=5200 backend=CUDA0 caller=ggml_backend_sched_graph_compute_async_ext+0xc98

=== CUDA SYNC PROFILE (instrumentation only) ===
total_syncs = 5200
total_wait_ms = 3504.434
max_wait_us = 140269
sites = 5
wait_hist_us = logarithmic buckets
  hist[0] = 4665
  hist[1] = 298
  hist[2] = 35
  hist[3] = 19
  hist[4] = 3
  hist[5] = 1
  hist[9] = 29
  hist[10] = 68
  hist[11] = 22
  hist[14] = 8
  hist[15] = 39
  hist[16] = 12
  hist[17] = 1
by_callsite (caller PC; symbolize with addr2line):
   0 caller=0x759fa2480c8a calls=2225 total_ms=3502.530 avg_us=1574.171 max_us=140269
   1 caller=0x759fa24800b8 calls=1638 total_ms=0.741 avg_us=0.452 max_us=25
   2 caller=0x759fa2480098 calls=608 total_ms=0.610 avg_us=1.003 max_us=12
   3 caller=0x759fa247f28a calls=122 total_ms=0.284 avg_us=2.328 max_us=11
   4 caller=0x759fa24800d5 calls=607 total_ms=0.269 avg_us=0.443 max_us=2
direct_cudaStreamSynchronize: calls=2473 total_ms=16.011 max_us=2583
by_direct_callsite (file:line):
   0 /opt/llama.cpp/ggml/src/ggml-cuda/ggml-cuda.cu:839 calls=2120 total_ms=9.477 avg_us=4.470 max_us=356
   1 /opt/llama.cpp/ggml/src/ggml-cuda/ggml-cuda.cu:900 calls=12 total_ms=5.894 avg_us=491.167 max_us=2583
   2 /opt/llama.cpp/ggml/src/ggml-cuda/ggml-cuda.cu:2665 calls=191 total_ms=0.394 avg_us=2.063 max_us=11
   3 /opt/llama.cpp/ggml/src/ggml-cuda/ggml-cuda.cu:847 calls=150 total_ms=0.246 avg_us=1.640 max_us=21
=== END CUDA SYNC PROFILE ===

=== CUDA SYNC PROFILE (instrumentation only) ===
total_syncs = 5244
total_wait_ms = 3539.590
max_wait_us = 140269
sites = 5
wait_hist_us = logarithmic buckets
  hist[0] = 4704
  hist[1] = 301
  hist[2] = 35
  hist[3] = 19
  hist[4] = 3
  hist[5] = 1
  hist[9] = 29
  hist[10] = 69
  hist[11] = 22
  hist[14] = 8
  hist[15] = 40
  hist[16] = 12
  hist[17] = 1
by_callsite (caller PC; symbolize with addr2line):
   0 caller=0x759fa2480c8a calls=2234 total_ms=3537.666 avg_us=1583.557 max_us=140269
   1 caller=0x759fa24800b8 calls=1659 total_ms=0.748 avg_us=0.451 max_us=25
   2 caller=0x759fa2480098 calls=614 total_ms=0.617 avg_us=1.005 max_us=12
   3 caller=0x759fa247f28a calls=123 total_ms=0.286 avg_us=2.325 max_us=11
   4 caller=0x759fa24800d5 calls=614 total_ms=0.273 avg_us=0.445 max_us=2
direct_cudaStreamSynchronize: calls=2500 total_ms=16.126 max_us=2583
by_direct_callsite (file:line):
   0 /opt/llama.cpp/ggml/src/ggml-cuda/ggml-cuda.cu:839 calls=2147 total_ms=9.592 avg_us=4.468 max_us=356
   1 /opt/llama.cpp/ggml/src/ggml-cuda/ggml-cuda.cu:900 calls=12 total_ms=5.894 avg_us=491.167 max_us=2583
   2 /opt/llama.cpp/ggml/src/ggml-cuda/ggml-cuda.cu:2665 calls=191 total_ms=0.394 avg_us=2.063 max_us=11
   3 /opt/llama.cpp/ggml/src/ggml-cuda/ggml-cuda.cu:847 calls=150 total_ms=0.246 avg_us=1.640 max_us=21
=== END CUDA SYNC PROFILE ===
backend-sync-trace: count=5300 backend=CUDA0 caller=ggml_backend_sched_graph_compute_async_ext+0xcb8

=== CUDA SYNC PROFILE (instrumentation only) ===
total_syncs = 5300
total_wait_ms = 3541.750
max_wait_us = 140269
sites = 5
wait_hist_us = logarithmic buckets
  hist[0] = 4756
  hist[1] = 303
  hist[2] = 35
  hist[3] = 19
  hist[4] = 3
  hist[5] = 1
  hist[9] = 30
  hist[10] = 70
  hist[11] = 22
  hist[14] = 8
  hist[15] = 40
  hist[16] = 12
  hist[17] = 1
by_callsite (caller PC; symbolize with addr2line):
   0 caller=0x759fa2480c8a calls=2257 total_ms=3539.809 avg_us=1568.369 max_us=140269
   1 caller=0x759fa24800b8 calls=1675 total_ms=0.755 avg_us=0.451 max_us=25
   2 caller=0x759fa2480098 calls=622 total_ms=0.624 avg_us=1.003 max_us=12
   3 caller=0x759fa247f28a calls=124 total_ms=0.288 avg_us=2.323 max_us=11
   4 caller=0x759fa24800d5 calls=622 total_ms=0.274 avg_us=0.441 max_us=2
direct_cudaStreamSynchronize: calls=2521 total_ms=16.218 max_us=2583
by_direct_callsite (file:line):
   0 /opt/llama.cpp/ggml/src/ggml-cuda/ggml-cuda.cu:839 calls=2168 total_ms=9.684 avg_us=4.467 max_us=356
   1 /opt/llama.cpp/ggml/src/ggml-cuda/ggml-cuda.cu:900 calls=12 total_ms=5.894 avg_us=491.167 max_us=2583
   2 /opt/llama.cpp/ggml/src/ggml-cuda/ggml-cuda.cu:2665 calls=191 total_ms=0.394 avg_us=2.063 max_us=11
   3 /opt/llama.cpp/ggml/src/ggml-cuda/ggml-cuda.cu:847 calls=150 total_ms=0.246 avg_us=1.640 max_us=21
=== END CUDA SYNC PROFILE ===
backend-sync-trace: count=5400 backend=CUDA0 caller=ggml_backend_sched_graph_compute_async_ext+0xcd5

=== CUDA SYNC PROFILE (instrumentation only) ===
total_syncs = 5400
total_wait_ms = 3620.068
max_wait_us = 140269
sites = 5
wait_hist_us = logarithmic buckets
  hist[0] = 4846
  hist[1] = 309
  hist[2] = 35
  hist[3] = 19
  hist[4] = 3
  hist[5] = 1
  hist[9] = 30
  hist[10] = 72
  hist[11] = 22
  hist[14] = 8
  hist[15] = 42
  hist[16] = 12
  hist[17] = 1
by_callsite (caller PC; symbolize with addr2line):
   0 caller=0x759fa2480c8a calls=2296 total_ms=3618.097 avg_us=1575.826 max_us=140269
   1 caller=0x759fa24800b8 calls=1711 total_ms=0.765 avg_us=0.447 max_us=25
   2 caller=0x759fa2480098 calls=633 total_ms=0.630 avg_us=0.995 max_us=12
   3 caller=0x759fa247f28a calls=127 total_ms=0.294 avg_us=2.315 max_us=11
   4 caller=0x759fa24800d5 calls=633 total_ms=0.282 avg_us=0.445 max_us=2
direct_cudaStreamSynchronize: calls=2566 total_ms=16.387 max_us=2583
by_direct_callsite (file:line):
   0 /opt/llama.cpp/ggml/src/ggml-cuda/ggml-cuda.cu:839 calls=2213 total_ms=9.853 avg_us=4.452 max_us=356
   1 /opt/llama.cpp/ggml/src/ggml-cuda/ggml-cuda.cu:900 calls=12 total_ms=5.894 avg_us=491.167 max_us=2583
   2 /opt/llama.cpp/ggml/src/ggml-cuda/ggml-cuda.cu:2665 calls=191 total_ms=0.394 avg_us=2.063 max_us=11
   3 /opt/llama.cpp/ggml/src/ggml-cuda/ggml-cuda.cu:847 calls=150 total_ms=0.246 avg_us=1.640 max_us=21
=== END CUDA SYNC PROFILE ===

=== CUDA SYNC PROFILE (instrumentation only) ===
total_syncs = 5480
total_wait_ms = 3623.112
max_wait_us = 140269
sites = 5
wait_hist_us = logarithmic buckets
  hist[0] = 4920
  hist[1] = 312
  hist[2] = 35
  hist[3] = 20
  hist[4] = 3
  hist[5] = 1
  hist[9] = 30
  hist[10] = 74
  hist[11] = 22
  hist[14] = 8
  hist[15] = 42
  hist[16] = 12
  hist[17] = 1
by_callsite (caller PC; symbolize with addr2line):
   0 caller=0x759fa2480c8a calls=2331 total_ms=3621.102 avg_us=1553.454 max_us=140269
   1 caller=0x759fa24800b8 calls=1737 total_ms=0.773 avg_us=0.445 max_us=25
   2 caller=0x759fa2480098 calls=642 total_ms=0.635 avg_us=0.989 max_us=12
   3 caller=0x759fa24800d5 calls=642 total_ms=0.305 avg_us=0.475 max_us=15
   4 caller=0x759fa247f28a calls=128 total_ms=0.297 avg_us=2.320 max_us=11
direct_cudaStreamSynchronize: calls=2600 total_ms=16.526 max_us=2583
by_direct_callsite (file:line):
   0 /opt/llama.cpp/ggml/src/ggml-cuda/ggml-cuda.cu:839 calls=2247 total_ms=9.992 avg_us=4.447 max_us=356
   1 /opt/llama.cpp/ggml/src/ggml-cuda/ggml-cuda.cu:900 calls=12 total_ms=5.894 avg_us=491.167 max_us=2583
   2 /opt/llama.cpp/ggml/src/ggml-cuda/ggml-cuda.cu:2665 calls=191 total_ms=0.394 avg_us=2.063 max_us=11
   3 /opt/llama.cpp/ggml/src/ggml-cuda/ggml-cuda.cu:847 calls=150 total_ms=0.246 avg_us=1.640 max_us=21
=== END CUDA SYNC PROFILE ===
backend-sync-trace: count=5500 backend=CUDA0 caller=ggml_backend_sched_synchronize+0x3a

=== CUDA SYNC PROFILE (instrumentation only) ===
total_syncs = 5500
total_wait_ms = 3664.761
max_wait_us = 140269
sites = 5
wait_hist_us = logarithmic buckets
  hist[0] = 4937
  hist[1] = 314
  hist[2] = 35
  hist[3] = 20
  hist[4] = 3
  hist[5] = 1
  hist[9] = 30
  hist[10] = 74
  hist[11] = 22
  hist[14] = 8
  hist[15] = 43
  hist[16] = 12
  hist[17] = 1
by_callsite (caller PC; symbolize with addr2line):
   0 caller=0x759fa2480c8a calls=2341 total_ms=3662.745 avg_us=1564.607 max_us=140269
   1 caller=0x759fa24800b8 calls=1742 total_ms=0.775 avg_us=0.445 max_us=25
   2 caller=0x759fa2480098 calls=644 total_ms=0.636 avg_us=0.988 max_us=12
   3 caller=0x759fa24800d5 calls=644 total_ms=0.306 avg_us=0.475 max_us=15
   4 caller=0x759fa247f28a calls=129 total_ms=0.299 avg_us=2.318 max_us=11
direct_cudaStreamSynchronize: calls=2606 total_ms=16.556 max_us=2583
by_direct_callsite (file:line):
   0 /opt/llama.cpp/ggml/src/ggml-cuda/ggml-cuda.cu:839 calls=2253 total_ms=10.022 avg_us=4.448 max_us=356
   1 /opt/llama.cpp/ggml/src/ggml-cuda/ggml-cuda.cu:900 calls=12 total_ms=5.894 avg_us=491.167 max_us=2583
   2 /opt/llama.cpp/ggml/src/ggml-cuda/ggml-cuda.cu:2665 calls=191 total_ms=0.394 avg_us=2.063 max_us=11
   3 /opt/llama.cpp/ggml/src/ggml-cuda/ggml-cuda.cu:847 calls=150 total_ms=0.246 avg_us=1.640 max_us=21
=== END CUDA SYNC PROFILE ===
backend-sync-trace: count=5600 backend=CUDA0 caller=ggml_backend_sched_graph_compute_async_ext+0xcb8

=== CUDA SYNC PROFILE (instrumentation only) ===
total_syncs = 5600
total_wait_ms = 3717.389
max_wait_us = 140269
sites = 5
wait_hist_us = logarithmic buckets
  hist[0] = 5029
  hist[1] = 319
  hist[2] = 35
  hist[3] = 20
  hist[4] = 3
  hist[5] = 1
  hist[9] = 30
  hist[10] = 76
  hist[11] = 22
  hist[14] = 8
  hist[15] = 44
  hist[16] = 12
  hist[17] = 1
by_callsite (caller PC; symbolize with addr2line):
   0 caller=0x759fa2480c8a calls=2385 total_ms=3715.340 avg_us=1557.795 max_us=140269
   1 caller=0x759fa24800b8 calls=1771 total_ms=0.786 avg_us=0.444 max_us=25
   2 caller=0x759fa2480098 calls=656 total_ms=0.648 avg_us=0.988 max_us=12
   3 caller=0x759fa24800d5 calls=656 total_ms=0.310 avg_us=0.473 max_us=15
   4 caller=0x759fa247f28a calls=132 total_ms=0.305 avg_us=2.311 max_us=11
direct_cudaStreamSynchronize: calls=2644 total_ms=16.703 max_us=2583
by_direct_callsite (file:line):
   0 /opt/llama.cpp/ggml/src/ggml-cuda/ggml-cuda.cu:839 calls=2291 total_ms=10.169 avg_us=4.439 max_us=356
   1 /opt/llama.cpp/ggml/src/ggml-cuda/ggml-cuda.cu:900 calls=12 total_ms=5.894 avg_us=491.167 max_us=2583
   2 /opt/llama.cpp/ggml/src/ggml-cuda/ggml-cuda.cu:2665 calls=191 total_ms=0.394 avg_us=2.063 max_us=11
   3 /opt/llama.cpp/ggml/src/ggml-cuda/ggml-cuda.cu:847 calls=150 total_ms=0.246 avg_us=1.640 max_us=21
=== END CUDA SYNC PROFILE ===
backend-sync-trace: count=5700 backend=CUDA0 caller=ggml_backend_sched_graph_compute_async_ext+0xcb8

=== CUDA SYNC PROFILE (instrumentation only) ===
total_syncs = 5700
total_wait_ms = 3748.729
max_wait_us = 140269
sites = 5
wait_hist_us = logarithmic buckets
  hist[0] = 5120
  hist[1] = 324
  hist[2] = 35
  hist[3] = 20
  hist[4] = 3
  hist[5] = 1
  hist[9] = 32
  hist[10] = 77
  hist[11] = 22
  hist[14] = 9
  hist[15] = 44
  hist[16] = 12
  hist[17] = 1
by_callsite (caller PC; symbolize with addr2line):
   0 caller=0x759fa2480c8a calls=2429 total_ms=3746.651 avg_us=1542.466 max_us=140269
   1 caller=0x759fa24800b8 calls=1801 total_ms=0.794 avg_us=0.441 max_us=25
   2 caller=0x759fa2480098 calls=668 total_ms=0.658 avg_us=0.985 max_us=12
   3 caller=0x759fa24800d5 calls=668 total_ms=0.317 avg_us=0.475 max_us=15
   4 caller=0x759fa247f28a calls=134 total_ms=0.309 avg_us=2.306 max_us=11
direct_cudaStreamSynchronize: calls=2684 total_ms=16.864 max_us=2583
by_direct_callsite (file:line):
   0 /opt/llama.cpp/ggml/src/ggml-cuda/ggml-cuda.cu:839 calls=2331 total_ms=10.330 avg_us=4.432 max_us=356
   1 /opt/llama.cpp/ggml/src/ggml-cuda/ggml-cuda.cu:900 calls=12 total_ms=5.894 avg_us=491.167 max_us=2583
   2 /opt/llama.cpp/ggml/src/ggml-cuda/ggml-cuda.cu:2665 calls=191 total_ms=0.394 avg_us=2.063 max_us=11
   3 /opt/llama.cpp/ggml/src/ggml-cuda/ggml-cuda.cu:847 calls=150 total_ms=0.246 avg_us=1.640 max_us=21
=== END CUDA SYNC PROFILE ===

=== CUDA SYNC PROFILE (instrumentation only) ===
total_syncs = 5727
total_wait_ms = 3751.061
max_wait_us = 140269
sites = 5
wait_hist_us = logarithmic buckets
  hist[0] = 5145
  hist[1] = 325
  hist[2] = 35
  hist[3] = 20
  hist[4] = 3
  hist[5] = 1
  hist[9] = 32
  hist[10] = 77
  hist[11] = 23
  hist[14] = 9
  hist[15] = 44
  hist[16] = 12
  hist[17] = 1
by_callsite (caller PC; symbolize with addr2line):
   0 caller=0x759fa2480c8a calls=2436 total_ms=3748.976 avg_us=1538.989 max_us=140269
   1 caller=0x759fa24800b8 calls=1813 total_ms=0.796 avg_us=0.439 max_us=25
   2 caller=0x759fa2480098 calls=672 total_ms=0.662 avg_us=0.985 max_us=12
   3 caller=0x759fa24800d5 calls=672 total_ms=0.318 avg_us=0.473 max_us=15
   4 caller=0x759fa247f28a calls=134 total_ms=0.309 avg_us=2.306 max_us=11
direct_cudaStreamSynchronize: calls=2700 total_ms=16.933 max_us=2583
by_direct_callsite (file:line):
   0 /opt/llama.cpp/ggml/src/ggml-cuda/ggml-cuda.cu:839 calls=2347 total_ms=10.399 avg_us=4.431 max_us=356
   1 /opt/llama.cpp/ggml/src/ggml-cuda/ggml-cuda.cu:900 calls=12 total_ms=5.894 avg_us=491.167 max_us=2583
   2 /opt/llama.cpp/ggml/src/ggml-cuda/ggml-cuda.cu:2665 calls=191 total_ms=0.394 avg_us=2.063 max_us=11
   3 /opt/llama.cpp/ggml/src/ggml-cuda/ggml-cuda.cu:847 calls=150 total_ms=0.246 avg_us=1.640 max_us=21
=== END CUDA SYNC PROFILE ===
backend-sync-trace: count=5800 backend=CUDA0 caller=ggml_backend_sched_graph_compute_async_ext+0xcb8

=== CUDA SYNC PROFILE (instrumentation only) ===
total_syncs = 5800
total_wait_ms = 3799.899
max_wait_us = 140269
sites = 5
wait_hist_us = logarithmic buckets
  hist[0] = 5209
  hist[1] = 331
  hist[2] = 35
  hist[3] = 20
  hist[4] = 3
  hist[5] = 1
  hist[9] = 32
  hist[10] = 79
  hist[11] = 23
  hist[14] = 9
  hist[15] = 45
  hist[16] = 12
  hist[17] = 1
by_callsite (caller PC; symbolize with addr2line):
   0 caller=0x759fa2480c8a calls=2461 total_ms=3797.786 avg_us=1543.188 max_us=140269
   1 caller=0x759fa24800b8 calls=1839 total_ms=0.805 avg_us=0.438 max_us=25
   2 caller=0x759fa2480098 calls=682 total_ms=0.671 avg_us=0.984 max_us=12
   3 caller=0x759fa24800d5 calls=682 total_ms=0.323 avg_us=0.474 max_us=15
   4 caller=0x759fa247f28a calls=136 total_ms=0.314 avg_us=2.309 max_us=11
direct_cudaStreamSynchronize: calls=2733 total_ms=17.068 max_us=2583
by_direct_callsite (file:line):
   0 /opt/llama.cpp/ggml/src/ggml-cuda/ggml-cuda.cu:839 calls=2380 total_ms=10.534 avg_us=4.426 max_us=356
   1 /opt/llama.cpp/ggml/src/ggml-cuda/ggml-cuda.cu:900 calls=12 total_ms=5.894 avg_us=491.167 max_us=2583
   2 /opt/llama.cpp/ggml/src/ggml-cuda/ggml-cuda.cu:2665 calls=191 total_ms=0.394 avg_us=2.063 max_us=11
   3 /opt/llama.cpp/ggml/src/ggml-cuda/ggml-cuda.cu:847 calls=150 total_ms=0.246 avg_us=1.640 max_us=21
=== END CUDA SYNC PROFILE ===
backend-sync-trace: count=5900 backend=CUDA0 caller=ggml_backend_sched_synchronize+0x3a

=== CUDA SYNC PROFILE (instrumentation only) ===
total_syncs = 5900
total_wait_ms = 3898.180
max_wait_us = 140269
sites = 5
wait_hist_us = logarithmic buckets
  hist[0] = 5298
  hist[1] = 338
  hist[2] = 35
  hist[3] = 20
  hist[4] = 3
  hist[5] = 1
  hist[9] = 32
  hist[10] = 80
  hist[11] = 24
  hist[14] = 10
  hist[15] = 46
  hist[16] = 12
  hist[17] = 1
by_callsite (caller PC; symbolize with addr2line):
   0 caller=0x759fa2480c8a calls=2496 total_ms=3896.035 avg_us=1560.911 max_us=140269
   1 caller=0x759fa24800b8 calls=1877 total_ms=0.816 avg_us=0.435 max_us=25
   2 caller=0x759fa2480098 calls=694 total_ms=0.680 avg_us=0.980 max_us=12
   3 caller=0x759fa24800d5 calls=694 total_ms=0.329 avg_us=0.474 max_us=15
   4 caller=0x759fa247f28a calls=139 total_ms=0.320 avg_us=2.302 max_us=11
direct_cudaStreamSynchronize: calls=2781 total_ms=17.256 max_us=2583
by_direct_callsite (file:line):
   0 /opt/llama.cpp/ggml/src/ggml-cuda/ggml-cuda.cu:839 calls=2428 total_ms=10.722 avg_us=4.416 max_us=356
   1 /opt/llama.cpp/ggml/src/ggml-cuda/ggml-cuda.cu:900 calls=12 total_ms=5.894 avg_us=491.167 max_us=2583
   2 /opt/llama.cpp/ggml/src/ggml-cuda/ggml-cuda.cu:2665 calls=191 total_ms=0.394 avg_us=2.063 max_us=11
   3 /opt/llama.cpp/ggml/src/ggml-cuda/ggml-cuda.cu:847 calls=150 total_ms=0.246 avg_us=1.640 max_us=21
=== END CUDA SYNC PROFILE ===

=== CUDA SYNC PROFILE (instrumentation only) ===
total_syncs = 5962
total_wait_ms = 3902.552
max_wait_us = 140269
sites = 5
wait_hist_us = logarithmic buckets
  hist[0] = 5355
  hist[1] = 341
  hist[2] = 35
  hist[3] = 20
  hist[4] = 3
  hist[5] = 1
  hist[9] = 32
  hist[10] = 80
  hist[11] = 26
  hist[14] = 10
  hist[15] = 46
  hist[16] = 12
  hist[17] = 1
by_callsite (caller PC; symbolize with addr2line):
   0 caller=0x759fa2480c8a calls=2529 total_ms=3900.393 avg_us=1542.267 max_us=140269
   1 caller=0x759fa24800b8 calls=1889 total_ms=0.820 avg_us=0.434 max_us=25
   2 caller=0x759fa2480098 calls=702 total_ms=0.687 avg_us=0.979 max_us=12
   3 caller=0x759fa24800d5 calls=702 total_ms=0.330 avg_us=0.470 max_us=15
   4 caller=0x759fa247f28a calls=140 total_ms=0.322 avg_us=2.300 max_us=11
direct_cudaStreamSynchronize: calls=2800 total_ms=17.341 max_us=2583
by_direct_callsite (file:line):
   0 /opt/llama.cpp/ggml/src/ggml-cuda/ggml-cuda.cu:839 calls=2447 total_ms=10.807 avg_us=4.416 max_us=356
   1 /opt/llama.cpp/ggml/src/ggml-cuda/ggml-cuda.cu:900 calls=12 total_ms=5.894 avg_us=491.167 max_us=2583
   2 /opt/llama.cpp/ggml/src/ggml-cuda/ggml-cuda.cu:2665 calls=191 total_ms=0.394 avg_us=2.063 max_us=11
   3 /opt/llama.cpp/ggml/src/ggml-cuda/ggml-cuda.cu:847 calls=150 total_ms=0.246 avg_us=1.640 max_us=21
=== END CUDA SYNC PROFILE ===
backend-sync-trace: count=6000 backend=CUDA0 caller=ggml_backend_sched_synchronize+0x3a

=== CUDA SYNC PROFILE (instrumentation only) ===
total_syncs = 6000
total_wait_ms = 3968.023
max_wait_us = 140269
sites = 5
wait_hist_us = logarithmic buckets
  hist[0] = 5390
  hist[1] = 343
  hist[2] = 35
  hist[3] = 20
  hist[4] = 3
  hist[5] = 1
  hist[9] = 32
  hist[10] = 80
  hist[11] = 26
  hist[14] = 10
  hist[15] = 47
  hist[16] = 12
  hist[17] = 1
by_callsite (caller PC; symbolize with addr2line):
   0 caller=0x759fa2480c8a calls=2547 total_ms=3965.854 avg_us=1557.069 max_us=140269
   1 caller=0x759fa24800b8 calls=1904 total_ms=0.826 avg_us=0.434 max_us=25
   2 caller=0x759fa2480098 calls=704 total_ms=0.689 avg_us=0.979 max_us=12
   3 caller=0x759fa24800d5 calls=704 total_ms=0.330 avg_us=0.469 max_us=15
   4 caller=0x759fa247f28a calls=141 total_ms=0.324 avg_us=2.298 max_us=11
direct_cudaStreamSynchronize: calls=2816 total_ms=17.394 max_us=2583
by_direct_callsite (file:line):
   0 /opt/llama.cpp/ggml/src/ggml-cuda/ggml-cuda.cu:839 calls=2463 total_ms=10.860 avg_us=4.409 max_us=356
   1 /opt/llama.cpp/ggml/src/ggml-cuda/ggml-cuda.cu:900 calls=12 total_ms=5.894 avg_us=491.167 max_us=2583
   2 /opt/llama.cpp/ggml/src/ggml-cuda/ggml-cuda.cu:2665 calls=191 total_ms=0.394 avg_us=2.063 max_us=11
   3 /opt/llama.cpp/ggml/src/ggml-cuda/ggml-cuda.cu:847 calls=150 total_ms=0.246 avg_us=1.640 max_us=21
=== END CUDA SYNC PROFILE ===
backend-sync-trace: count=6100 backend=CUDA0 caller=ggml_backend_sched_graph_compute_async_ext+0xcb8

=== CUDA SYNC PROFILE (instrumentation only) ===
total_syncs = 6100
total_wait_ms = 4014.804
max_wait_us = 140269
sites = 5
wait_hist_us = logarithmic buckets
  hist[0] = 5481
  hist[1] = 348
  hist[2] = 35
  hist[3] = 20
  hist[4] = 3
  hist[5] = 1
  hist[9] = 33
  hist[10] = 82
  hist[11] = 26
  hist[14] = 10
  hist[15] = 48
  hist[16] = 12
  hist[17] = 1
by_callsite (caller PC; symbolize with addr2line):
   0 caller=0x759fa2480c8a calls=2584 total_ms=4012.602 avg_us=1552.865 max_us=140269
   1 caller=0x759fa24800b8 calls=1936 total_ms=0.837 avg_us=0.432 max_us=25
   2 caller=0x759fa2480098 calls=718 total_ms=0.700 avg_us=0.975 max_us=12
   3 caller=0x759fa24800d5 calls=718 total_ms=0.335 avg_us=0.467 max_us=15
   4 caller=0x759fa247f28a calls=144 total_ms=0.330 avg_us=2.292 max_us=11
direct_cudaStreamSynchronize: calls=2859 total_ms=17.563 max_us=2583
by_direct_callsite (file:line):
   0 /opt/llama.cpp/ggml/src/ggml-cuda/ggml-cuda.cu:839 calls=2506 total_ms=11.029 avg_us=4.401 max_us=356
   1 /opt/llama.cpp/ggml/src/ggml-cuda/ggml-cuda.cu:900 calls=12 total_ms=5.894 avg_us=491.167 max_us=2583
   2 /opt/llama.cpp/ggml/src/ggml-cuda/ggml-cuda.cu:2665 calls=191 total_ms=0.394 avg_us=2.063 max_us=11
   3 /opt/llama.cpp/ggml/src/ggml-cuda/ggml-cuda.cu:847 calls=150 total_ms=0.246 avg_us=1.640 max_us=21
=== END CUDA SYNC PROFILE ===

=== CUDA SYNC PROFILE (instrumentation only) ===
total_syncs = 6194
total_wait_ms = 4043.474
max_wait_us = 140269
sites = 5
wait_hist_us = logarithmic buckets
  hist[0] = 5566
  hist[1] = 353
  hist[2] = 35
  hist[3] = 20
  hist[4] = 3
  hist[5] = 1
  hist[9] = 34
  hist[10] = 83
  hist[11] = 27
  hist[14] = 11
  hist[15] = 48
  hist[16] = 12
  hist[17] = 1
by_callsite (caller PC; symbolize with addr2line):
   0 caller=0x759fa2480c8a calls=2622 total_ms=4041.249 avg_us=1541.285 max_us=140269
   1 caller=0x759fa24800b8 calls=1966 total_ms=0.846 avg_us=0.430 max_us=25
   2 caller=0x759fa2480098 calls=730 total_ms=0.709 avg_us=0.971 max_us=12
   3 caller=0x759fa24800d5 calls=730 total_ms=0.337 avg_us=0.462 max_us=15
   4 caller=0x759fa247f28a calls=146 total_ms=0.333 avg_us=2.281 max_us=11
direct_cudaStreamSynchronize: calls=2900 total_ms=17.724 max_us=2583
by_direct_callsite (file:line):
   0 /opt/llama.cpp/ggml/src/ggml-cuda/ggml-cuda.cu:839 calls=2547 total_ms=11.190 avg_us=4.393 max_us=356
   1 /opt/llama.cpp/ggml/src/ggml-cuda/ggml-cuda.cu:900 calls=12 total_ms=5.894 avg_us=491.167 max_us=2583
   2 /opt/llama.cpp/ggml/src/ggml-cuda/ggml-cuda.cu:2665 calls=191 total_ms=0.394 avg_us=2.063 max_us=11
   3 /opt/llama.cpp/ggml/src/ggml-cuda/ggml-cuda.cu:847 calls=150 total_ms=0.246 avg_us=1.640 max_us=21
=== END CUDA SYNC PROFILE ===
backend-sync-trace: count=6200 backend=CUDA0 caller=ggml_backend_sched_graph_compute_async_ext+0xcb8

=== CUDA SYNC PROFILE (instrumentation only) ===
total_syncs = 6200
total_wait_ms = 4043.476
max_wait_us = 140269
sites = 5
wait_hist_us = logarithmic buckets
  hist[0] = 5572
  hist[1] = 353
  hist[2] = 35
  hist[3] = 20
  hist[4] = 3
  hist[5] = 1
  hist[9] = 34
  hist[10] = 83
  hist[11] = 27
  hist[14] = 11
  hist[15] = 48
  hist[16] = 12
  hist[17] = 1
by_callsite (caller PC; symbolize with addr2line):
   0 caller=0x759fa2480c8a calls=2622 total_ms=4041.249 avg_us=1541.285 max_us=140269
   1 caller=0x759fa24800b8 calls=1968 total_ms=0.846 avg_us=0.430 max_us=25
   2 caller=0x759fa2480098 calls=732 total_ms=0.711 avg_us=0.971 max_us=12
   3 caller=0x759fa24800d5 calls=732 total_ms=0.337 avg_us=0.460 max_us=15
   4 caller=0x759fa247f28a calls=146 total_ms=0.333 avg_us=2.281 max_us=11
direct_cudaStreamSynchronize: calls=2902 total_ms=17.731 max_us=2583
by_direct_callsite (file:line):
   0 /opt/llama.cpp/ggml/src/ggml-cuda/ggml-cuda.cu:839 calls=2549 total_ms=11.197 avg_us=4.393 max_us=356
   1 /opt/llama.cpp/ggml/src/ggml-cuda/ggml-cuda.cu:900 calls=12 total_ms=5.894 avg_us=491.167 max_us=2583
   2 /opt/llama.cpp/ggml/src/ggml-cuda/ggml-cuda.cu:2665 calls=191 total_ms=0.394 avg_us=2.063 max_us=11
   3 /opt/llama.cpp/ggml/src/ggml-cuda/ggml-cuda.cu:847 calls=150 total_ms=0.246 avg_us=1.640 max_us=21
=== END CUDA SYNC PROFILE ===
backend-sync-trace: count=6300 backend=CUDA0 caller=ggml_backend_sched_synchronize+0x3a

=== CUDA SYNC PROFILE (instrumentation only) ===
total_syncs = 6300
total_wait_ms = 4141.172
max_wait_us = 140269
sites = 5
wait_hist_us = logarithmic buckets
  hist[0] = 5664
  hist[1] = 357
  hist[2] = 35
  hist[3] = 20
  hist[4] = 3
  hist[5] = 1
  hist[9] = 35
  hist[10] = 83
  hist[11] = 28
  hist[14] = 11
  hist[15] = 50
  hist[16] = 12
  hist[17] = 1
by_callsite (caller PC; symbolize with addr2line):
   0 caller=0x759fa2480c8a calls=2660 total_ms=4138.912 avg_us=1555.982 max_us=140269
   1 caller=0x759fa24800b8 calls=2008 total_ms=0.863 avg_us=0.430 max_us=25
   2 caller=0x759fa2480098 calls=742 total_ms=0.718 avg_us=0.968 max_us=12
   3 caller=0x759fa24800d5 calls=742 total_ms=0.341 avg_us=0.460 max_us=15
   4 caller=0x759fa247f28a calls=148 total_ms=0.338 avg_us=2.284 max_us=11
direct_cudaStreamSynchronize: calls=2951 total_ms=17.932 max_us=2583
by_direct_callsite (file:line):
   0 /opt/llama.cpp/ggml/src/ggml-cuda/ggml-cuda.cu:839 calls=2598 total_ms=11.398 avg_us=4.387 max_us=356
   1 /opt/llama.cpp/ggml/src/ggml-cuda/ggml-cuda.cu:900 calls=12 total_ms=5.894 avg_us=491.167 max_us=2583
   2 /opt/llama.cpp/ggml/src/ggml-cuda/ggml-cuda.cu:2665 calls=191 total_ms=0.394 avg_us=2.063 max_us=11
   3 /opt/llama.cpp/ggml/src/ggml-cuda/ggml-cuda.cu:847 calls=150 total_ms=0.246 avg_us=1.640 max_us=21
=== END CUDA SYNC PROFILE ===
backend-sync-trace: count=6400 backend=CUDA0 caller=ggml_backend_sched_synchronize+0x3a

=== CUDA SYNC PROFILE (instrumentation only) ===
total_syncs = 6400
total_wait_ms = 4175.260
max_wait_us = 140269
sites = 5
wait_hist_us = logarithmic buckets
  hist[0] = 5753
  hist[1] = 365
  hist[2] = 35
  hist[3] = 20
  hist[4] = 3
  hist[5] = 1
  hist[9] = 36
  hist[10] = 84
  hist[11] = 28
  hist[14] = 12
  hist[15] = 50
  hist[16] = 12
  hist[17] = 1
by_callsite (caller PC; symbolize with addr2line):
   0 caller=0x759fa2480c8a calls=2702 total_ms=4172.972 avg_us=1544.401 max_us=140269
   1 caller=0x759fa24800b8 calls=2039 total_ms=0.872 avg_us=0.428 max_us=25
   2 caller=0x759fa2480098 calls=754 total_ms=0.729 avg_us=0.967 max_us=12
   3 caller=0x759fa247f28a calls=151 total_ms=0.344 avg_us=2.278 max_us=11
   4 caller=0x759fa24800d5 calls=754 total_ms=0.343 avg_us=0.455 max_us=15
direct_cudaStreamSynchronize: calls=2991 total_ms=18.097 max_us=2583
by_direct_callsite (file:line):
   0 /opt/llama.cpp/ggml/src/ggml-cuda/ggml-cuda.cu:839 calls=2638 total_ms=11.563 avg_us=4.383 max_us=356
   1 /opt/llama.cpp/ggml/src/ggml-cuda/ggml-cuda.cu:900 calls=12 total_ms=5.894 avg_us=491.167 max_us=2583
   2 /opt/llama.cpp/ggml/src/ggml-cuda/ggml-cuda.cu:2665 calls=191 total_ms=0.394 avg_us=2.063 max_us=11
   3 /opt/llama.cpp/ggml/src/ggml-cuda/ggml-cuda.cu:847 calls=150 total_ms=0.246 avg_us=1.640 max_us=21
=== END CUDA SYNC PROFILE ===

=== CUDA SYNC PROFILE (instrumentation only) ===
total_syncs = 6432
total_wait_ms = 4176.197
max_wait_us = 140269
sites = 5
wait_hist_us = logarithmic buckets
  hist[0] = 5783
  hist[1] = 366
  hist[2] = 35
  hist[3] = 20
  hist[4] = 3
  hist[5] = 1
  hist[9] = 37
  hist[10] = 84
  hist[11] = 28
  hist[14] = 12
  hist[15] = 50
  hist[16] = 12
  hist[17] = 1
by_callsite (caller PC; symbolize with addr2line):
   0 caller=0x759fa2480c8a calls=2720 total_ms=4173.901 avg_us=1534.522 max_us=140269
   1 caller=0x759fa24800b8 calls=2044 total_ms=0.874 avg_us=0.428 max_us=25
   2 caller=0x759fa2480098 calls=758 total_ms=0.731 avg_us=0.964 max_us=12
   3 caller=0x759fa247f28a calls=152 total_ms=0.346 avg_us=2.276 max_us=11
   4 caller=0x759fa24800d5 calls=758 total_ms=0.345 avg_us=0.455 max_us=15
direct_cudaStreamSynchronize: calls=3000 total_ms=18.131 max_us=2583
by_direct_callsite (file:line):
   0 /opt/llama.cpp/ggml/src/ggml-cuda/ggml-cuda.cu:839 calls=2647 total_ms=11.597 avg_us=4.381 max_us=356
   1 /opt/llama.cpp/ggml/src/ggml-cuda/ggml-cuda.cu:900 calls=12 total_ms=5.894 avg_us=491.167 max_us=2583
   2 /opt/llama.cpp/ggml/src/ggml-cuda/ggml-cuda.cu:2665 calls=191 total_ms=0.394 avg_us=2.063 max_us=11
   3 /opt/llama.cpp/ggml/src/ggml-cuda/ggml-cuda.cu:847 calls=150 total_ms=0.246 avg_us=1.640 max_us=21
=== END CUDA SYNC PROFILE ===
backend-sync-trace: count=6500 backend=CUDA0 caller=ggml_backend_sched_graph_compute_async_ext+0xcd5

=== CUDA SYNC PROFILE (instrumentation only) ===
total_syncs = 6500
total_wait_ms = 4210.426
max_wait_us = 140269
sites = 5
wait_hist_us = logarithmic buckets
  hist[0] = 5844
  hist[1] = 371
  hist[2] = 35
  hist[3] = 20
  hist[4] = 3
  hist[5] = 1
  hist[9] = 37
  hist[10] = 84
  hist[11] = 29
  hist[14] = 13
  hist[15] = 50
  hist[16] = 12
  hist[17] = 1
by_callsite (caller PC; symbolize with addr2line):
   0 caller=0x759fa2480c8a calls=2750 total_ms=4208.108 avg_us=1530.221 max_us=140269
   1 caller=0x759fa24800b8 calls=2066 total_ms=0.882 avg_us=0.427 max_us=25
   2 caller=0x759fa2480098 calls=765 total_ms=0.738 avg_us=0.965 max_us=12
   3 caller=0x759fa247f28a calls=154 total_ms=0.350 avg_us=2.273 max_us=11
   4 caller=0x759fa24800d5 calls=765 total_ms=0.348 avg_us=0.455 max_us=15
direct_cudaStreamSynchronize: calls=3026 total_ms=18.239 max_us=2583
by_direct_callsite (file:line):
   0 /opt/llama.cpp/ggml/src/ggml-cuda/ggml-cuda.cu:839 calls=2673 total_ms=11.705 avg_us=4.379 max_us=356
   1 /opt/llama.cpp/ggml/src/ggml-cuda/ggml-cuda.cu:900 calls=12 total_ms=5.894 avg_us=491.167 max_us=2583
   2 /opt/llama.cpp/ggml/src/ggml-cuda/ggml-cuda.cu:2665 calls=191 total_ms=0.394 avg_us=2.063 max_us=11
   3 /opt/llama.cpp/ggml/src/ggml-cuda/ggml-cuda.cu:847 calls=150 total_ms=0.246 avg_us=1.640 max_us=21
=== END CUDA SYNC PROFILE ===
backend-sync-trace: count=6600 backend=CUDA0 caller=ggml_backend_sched_synchronize+0x3a

=== CUDA SYNC PROFILE (instrumentation only) ===
total_syncs = 6600
total_wait_ms = 4247.920
max_wait_us = 140269
sites = 5
wait_hist_us = logarithmic buckets
  hist[0] = 5935
  hist[1] = 375
  hist[2] = 35
  hist[3] = 20
  hist[4] = 3
  hist[5] = 1
  hist[9] = 38
  hist[10] = 86
  hist[11] = 30
  hist[14] = 14
  hist[15] = 50
  hist[16] = 12
  hist[17] = 1
by_callsite (caller PC; symbolize with addr2line):
   0 caller=0x759fa2480c8a calls=2787 total_ms=4245.570 avg_us=1523.348 max_us=140269
   1 caller=0x759fa24800b8 calls=2101 total_ms=0.896 avg_us=0.426 max_us=25
   2 caller=0x759fa2480098 calls=778 total_ms=0.748 avg_us=0.961 max_us=12
   3 caller=0x759fa247f28a calls=156 total_ms=0.354 avg_us=2.269 max_us=11
   4 caller=0x759fa24800d5 calls=778 total_ms=0.352 avg_us=0.452 max_us=15
direct_cudaStreamSynchronize: calls=3073 total_ms=18.415 max_us=2583
by_direct_callsite (file:line):
   0 /opt/llama.cpp/ggml/src/ggml-cuda/ggml-cuda.cu:839 calls=2720 total_ms=11.881 avg_us=4.368 max_us=356
   1 /opt/llama.cpp/ggml/src/ggml-cuda/ggml-cuda.cu:900 calls=12 total_ms=5.894 avg_us=491.167 max_us=2583
   2 /opt/llama.cpp/ggml/src/ggml-cuda/ggml-cuda.cu:2665 calls=191 total_ms=0.394 avg_us=2.063 max_us=11
   3 /opt/llama.cpp/ggml/src/ggml-cuda/ggml-cuda.cu:847 calls=150 total_ms=0.246 avg_us=1.640 max_us=21
=== END CUDA SYNC PROFILE ===

=== CUDA SYNC PROFILE (instrumentation only) ===
total_syncs = 6664
total_wait_ms = 4274.991
max_wait_us = 140269
sites = 5
wait_hist_us = logarithmic buckets
  hist[0] = 5993
  hist[1] = 380
  hist[2] = 35
  hist[3] = 20
  hist[4] = 3
  hist[5] = 1
  hist[9] = 38
  hist[10] = 86
  hist[11] = 30
  hist[14] = 15
  hist[15] = 50
  hist[16] = 12
  hist[17] = 1
by_callsite (caller PC; symbolize with addr2line):
   0 caller=0x759fa2480c8a calls=2812 total_ms=4272.618 avg_us=1519.423 max_us=140269
   1 caller=0x759fa24800b8 calls=2122 total_ms=0.905 avg_us=0.426 max_us=25
   2 caller=0x759fa2480098 calls=786 total_ms=0.756 avg_us=0.962 max_us=12
   3 caller=0x759fa247f28a calls=158 total_ms=0.359 avg_us=2.272 max_us=11
   4 caller=0x759fa24800d5 calls=786 total_ms=0.353 avg_us=0.449 max_us=15
direct_cudaStreamSynchronize: calls=3100 total_ms=18.526 max_us=2583
by_direct_callsite (file:line):
   0 /opt/llama.cpp/ggml/src/ggml-cuda/ggml-cuda.cu:839 calls=2747 total_ms=11.992 avg_us=4.365 max_us=356
   1 /opt/llama.cpp/ggml/src/ggml-cuda/ggml-cuda.cu:900 calls=12 total_ms=5.894 avg_us=491.167 max_us=2583
   2 /opt/llama.cpp/ggml/src/ggml-cuda/ggml-cuda.cu:2665 calls=191 total_ms=0.394 avg_us=2.063 max_us=11
   3 /opt/llama.cpp/ggml/src/ggml-cuda/ggml-cuda.cu:847 calls=150 total_ms=0.246 avg_us=1.640 max_us=21
=== END CUDA SYNC PROFILE ===
backend-sync-trace: count=6700 backend=CUDA0 caller=ggml_backend_sched_graph_compute_async_ext+0xcb8

=== CUDA SYNC PROFILE (instrumentation only) ===
total_syncs = 6700
total_wait_ms = 4277.980
max_wait_us = 140269
sites = 5
wait_hist_us = logarithmic buckets
  hist[0] = 6026
  hist[1] = 381
  hist[2] = 35
  hist[3] = 20
  hist[4] = 3
  hist[5] = 1
  hist[9] = 38
  hist[10] = 88
  hist[11] = 30
  hist[14] = 15
  hist[15] = 50
  hist[16] = 12
  hist[17] = 1
by_callsite (caller PC; symbolize with addr2line):
   0 caller=0x759fa2480c8a calls=2826 total_ms=4275.593 avg_us=1512.949 max_us=140269
   1 caller=0x759fa24800b8 calls=2132 total_ms=0.910 avg_us=0.427 max_us=25
   2 caller=0x759fa2480098 calls=792 total_ms=0.760 avg_us=0.960 max_us=12
   3 caller=0x759fa247f28a calls=158 total_ms=0.359 avg_us=2.272 max_us=11
   4 caller=0x759fa24800d5 calls=792 total_ms=0.358 avg_us=0.452 max_us=15
direct_cudaStreamSynchronize: calls=3114 total_ms=18.593 max_us=2583
by_direct_callsite (file:line):
   0 /opt/llama.cpp/ggml/src/ggml-cuda/ggml-cuda.cu:839 calls=2761 total_ms=12.059 avg_us=4.368 max_us=356
   1 /opt/llama.cpp/ggml/src/ggml-cuda/ggml-cuda.cu:900 calls=12 total_ms=5.894 avg_us=491.167 max_us=2583
   2 /opt/llama.cpp/ggml/src/ggml-cuda/ggml-cuda.cu:2665 calls=191 total_ms=0.394 avg_us=2.063 max_us=11
   3 /opt/llama.cpp/ggml/src/ggml-cuda/ggml-cuda.cu:847 calls=150 total_ms=0.246 avg_us=1.640 max_us=21
=== END CUDA SYNC PROFILE ===
backend-sync-trace: count=6800 backend=CUDA0 caller=0x759fa247f28a

=== CUDA SYNC PROFILE (instrumentation only) ===
total_syncs = 6800
total_wait_ms = 4372.214
max_wait_us = 140269
sites = 5
wait_hist_us = logarithmic buckets
  hist[0] = 6116
  hist[1] = 387
  hist[2] = 35
  hist[3] = 20
  hist[4] = 3
  hist[5] = 1
  hist[9] = 38
  hist[10] = 89
  hist[11] = 31
  hist[14] = 15
  hist[15] = 52
  hist[16] = 12
  hist[17] = 1
by_callsite (caller PC; symbolize with addr2line):
   0 caller=0x759fa2480c8a calls=2865 total_ms=4369.800 avg_us=1525.236 max_us=140269
   1 caller=0x759fa24800b8 calls=2170 total_ms=0.922 avg_us=0.425 max_us=25
   2 caller=0x759fa2480098 calls=802 total_ms=0.765 avg_us=0.954 max_us=12
   3 caller=0x759fa247f28a calls=161 total_ms=0.366 avg_us=2.273 max_us=11
   4 caller=0x759fa24800d5 calls=802 total_ms=0.361 avg_us=0.450 max_us=15
direct_cudaStreamSynchronize: calls=3161 total_ms=18.772 max_us=2583
by_direct_callsite (file:line):
   0 /opt/llama.cpp/ggml/src/ggml-cuda/ggml-cuda.cu:839 calls=2808 total_ms=12.238 avg_us=4.358 max_us=356
   1 /opt/llama.cpp/ggml/src/ggml-cuda/ggml-cuda.cu:900 calls=12 total_ms=5.894 avg_us=491.167 max_us=2583
   2 /opt/llama.cpp/ggml/src/ggml-cuda/ggml-cuda.cu:2665 calls=191 total_ms=0.394 avg_us=2.063 max_us=11
   3 /opt/llama.cpp/ggml/src/ggml-cuda/ggml-cuda.cu:847 calls=150 total_ms=0.246 avg_us=1.640 max_us=21
=== END CUDA SYNC PROFILE ===

=== CUDA SYNC PROFILE (instrumentation only) ===
total_syncs = 6892
total_wait_ms = 4409.833
max_wait_us = 140269
sites = 5
wait_hist_us = logarithmic buckets
  hist[0] = 6200
  hist[1] = 392
  hist[2] = 35
  hist[3] = 20
  hist[4] = 3
  hist[5] = 1
  hist[9] = 39
  hist[10] = 90
  hist[11] = 31
  hist[14] = 15
  hist[15] = 53
  hist[16] = 12
  hist[17] = 1
by_callsite (caller PC; symbolize with addr2line):
   0 caller=0x759fa2480c8a calls=2902 total_ms=4407.396 avg_us=1518.744 max_us=140269
   1 caller=0x759fa24800b8 calls=2199 total_ms=0.930 avg_us=0.423 max_us=25
   2 caller=0x759fa2480098 calls=814 total_ms=0.772 avg_us=0.948 max_us=12
   3 caller=0x759fa247f28a calls=163 total_ms=0.370 avg_us=2.270 max_us=11
   4 caller=0x759fa24800d5 calls=814 total_ms=0.365 avg_us=0.448 max_us=15
direct_cudaStreamSynchronize: calls=3200 total_ms=18.938 max_us=2583
by_direct_callsite (file:line):
   0 /opt/llama.cpp/ggml/src/ggml-cuda/ggml-cuda.cu:839 calls=2847 total_ms=12.404 avg_us=4.357 max_us=356
   1 /opt/llama.cpp/ggml/src/ggml-cuda/ggml-cuda.cu:900 calls=12 total_ms=5.894 avg_us=491.167 max_us=2583
   2 /opt/llama.cpp/ggml/src/ggml-cuda/ggml-cuda.cu:2665 calls=191 total_ms=0.394 avg_us=2.063 max_us=11
   3 /opt/llama.cpp/ggml/src/ggml-cuda/ggml-cuda.cu:847 calls=150 total_ms=0.246 avg_us=1.640 max_us=21
=== END CUDA SYNC PROFILE ===
backend-sync-trace: count=6900 backend=CUDA0 caller=ggml_backend_sched_synchronize+0x3a

=== CUDA SYNC PROFILE (instrumentation only) ===
total_syncs = 6900
total_wait_ms = 4409.839
max_wait_us = 140269
sites = 5
wait_hist_us = logarithmic buckets
  hist[0] = 6207
  hist[1] = 393
  hist[2] = 35
  hist[3] = 20
  hist[4] = 3
  hist[5] = 1
  hist[9] = 39
  hist[10] = 90
  hist[11] = 31
  hist[14] = 15
  hist[15] = 53
  hist[16] = 12
  hist[17] = 1
by_callsite (caller PC; symbolize with addr2line):
   0 caller=0x759fa2480c8a calls=2908 total_ms=4407.402 avg_us=1515.613 max_us=140269
   1 caller=0x759fa24800b8 calls=2201 total_ms=0.930 avg_us=0.423 max_us=25
   2 caller=0x759fa2480098 calls=814 total_ms=0.772 avg_us=0.948 max_us=12
   3 caller=0x759fa247f28a calls=163 total_ms=0.370 avg_us=2.270 max_us=11
   4 caller=0x759fa24800d5 calls=814 total_ms=0.365 avg_us=0.448 max_us=15
direct_cudaStreamSynchronize: calls=3201 total_ms=18.941 max_us=2583
by_direct_callsite (file:line):
   0 /opt/llama.cpp/ggml/src/ggml-cuda/ggml-cuda.cu:839 calls=2848 total_ms=12.407 avg_us=4.356 max_us=356
   1 /opt/llama.cpp/ggml/src/ggml-cuda/ggml-cuda.cu:900 calls=12 total_ms=5.894 avg_us=491.167 max_us=2583
   2 /opt/llama.cpp/ggml/src/ggml-cuda/ggml-cuda.cu:2665 calls=191 total_ms=0.394 avg_us=2.063 max_us=11
   3 /opt/llama.cpp/ggml/src/ggml-cuda/ggml-cuda.cu:847 calls=150 total_ms=0.246 avg_us=1.640 max_us=21
=== END CUDA SYNC PROFILE ===
backend-sync-trace: count=7000 backend=CUDA0 caller=ggml_backend_sched_synchronize+0x3a

=== CUDA SYNC PROFILE (instrumentation only) ===
total_syncs = 7000
total_wait_ms = 4457.204
max_wait_us = 140269
sites = 5
wait_hist_us = logarithmic buckets
  hist[0] = 6298
  hist[1] = 398
  hist[2] = 35
  hist[3] = 20
  hist[4] = 3
  hist[5] = 1
  hist[9] = 39
  hist[10] = 93
  hist[11] = 31
  hist[14] = 15
  hist[15] = 54
  hist[16] = 12
  hist[17] = 1
by_callsite (caller PC; symbolize with addr2line):
   0 caller=0x759fa2480c8a calls=2950 total_ms=4454.734 avg_us=1510.079 max_us=140269
   1 caller=0x759fa24800b8 calls=2232 total_ms=0.945 avg_us=0.423 max_us=25
   2 caller=0x759fa2480098 calls=826 total_ms=0.780 avg_us=0.944 max_us=12
   3 caller=0x759fa247f28a calls=166 total_ms=0.376 avg_us=2.265 max_us=11
   4 caller=0x759fa24800d5 calls=826 total_ms=0.369 avg_us=0.447 max_us=15
direct_cudaStreamSynchronize: calls=3242 total_ms=19.104 max_us=2583
by_direct_callsite (file:line):
   0 /opt/llama.cpp/ggml/src/ggml-cuda/ggml-cuda.cu:839 calls=2889 total_ms=12.570 avg_us=4.351 max_us=356
   1 /opt/llama.cpp/ggml/src/ggml-cuda/ggml-cuda.cu:900 calls=12 total_ms=5.894 avg_us=491.167 max_us=2583
   2 /opt/llama.cpp/ggml/src/ggml-cuda/ggml-cuda.cu:2665 calls=191 total_ms=0.394 avg_us=2.063 max_us=11
   3 /opt/llama.cpp/ggml/src/ggml-cuda/ggml-cuda.cu:847 calls=150 total_ms=0.246 avg_us=1.640 max_us=21
=== END CUDA SYNC PROFILE ===
backend-sync-trace: count=7100 backend=CUDA0 caller=ggml_backend_sched_synchronize+0x3a

=== CUDA SYNC PROFILE (instrumentation only) ===
total_syncs = 7100
total_wait_ms = 4490.542
max_wait_us = 140269
sites = 5
wait_hist_us = logarithmic buckets
  hist[0] = 6389
  hist[1] = 403
  hist[2] = 35
  hist[3] = 20
  hist[4] = 3
  hist[5] = 1
  hist[9] = 40
  hist[10] = 94
  hist[11] = 32
  hist[14] = 16
  hist[15] = 54
  hist[16] = 12
  hist[17] = 1
by_callsite (caller PC; symbolize with addr2line):
   0 caller=0x759fa2480c8a calls=2993 total_ms=4488.039 avg_us=1499.512 max_us=140269
   1 caller=0x759fa24800b8 calls=2263 total_ms=0.959 avg_us=0.424 max_us=25
   2 caller=0x759fa2480098 calls=838 total_ms=0.791 avg_us=0.944 max_us=12
   3 caller=0x759fa247f28a calls=168 total_ms=0.380 avg_us=2.262 max_us=11
   4 caller=0x759fa24800d5 calls=838 total_ms=0.373 avg_us=0.445 max_us=15
direct_cudaStreamSynchronize: calls=3283 total_ms=19.295 max_us=2583
by_direct_callsite (file:line):
   0 /opt/llama.cpp/ggml/src/ggml-cuda/ggml-cuda.cu:839 calls=2930 total_ms=12.761 avg_us=4.355 max_us=356
   1 /opt/llama.cpp/ggml/src/ggml-cuda/ggml-cuda.cu:900 calls=12 total_ms=5.894 avg_us=491.167 max_us=2583
   2 /opt/llama.cpp/ggml/src/ggml-cuda/ggml-cuda.cu:2665 calls=191 total_ms=0.394 avg_us=2.063 max_us=11
   3 /opt/llama.cpp/ggml/src/ggml-cuda/ggml-cuda.cu:847 calls=150 total_ms=0.246 avg_us=1.640 max_us=21
=== END CUDA SYNC PROFILE ===

=== CUDA SYNC PROFILE (instrumentation only) ===
total_syncs = 7128
total_wait_ms = 4490.556
max_wait_us = 140269
sites = 5
wait_hist_us = logarithmic buckets
  hist[0] = 6416
  hist[1] = 404
  hist[2] = 35
  hist[3] = 20
  hist[4] = 3
  hist[5] = 1
  hist[9] = 40
  hist[10] = 94
  hist[11] = 32
  hist[14] = 16
  hist[15] = 54
  hist[16] = 12
  hist[17] = 1
by_callsite (caller PC; symbolize with addr2line):
   0 caller=0x759fa2480c8a calls=2999 total_ms=4488.041 avg_us=1496.513 max_us=140269
   1 caller=0x759fa24800b8 calls=2277 total_ms=0.964 avg_us=0.423 max_us=25
   2 caller=0x759fa2480098 calls=842 total_ms=0.797 avg_us=0.947 max_us=12
   3 caller=0x759fa247f28a calls=168 total_ms=0.380 avg_us=2.262 max_us=11
   4 caller=0x759fa24800d5 calls=842 total_ms=0.374 avg_us=0.444 max_us=15
direct_cudaStreamSynchronize: calls=3300 total_ms=19.366 max_us=2583
by_direct_callsite (file:line):
   0 /opt/llama.cpp/ggml/src/ggml-cuda/ggml-cuda.cu:839 calls=2947 total_ms=12.832 avg_us=4.354 max_us=356
   1 /opt/llama.cpp/ggml/src/ggml-cuda/ggml-cuda.cu:900 calls=12 total_ms=5.894 avg_us=491.167 max_us=2583
   2 /opt/llama.cpp/ggml/src/ggml-cuda/ggml-cuda.cu:2665 calls=191 total_ms=0.394 avg_us=2.063 max_us=11
   3 /opt/llama.cpp/ggml/src/ggml-cuda/ggml-cuda.cu:847 calls=150 total_ms=0.246 avg_us=1.640 max_us=21
=== END CUDA SYNC PROFILE ===
backend-sync-trace: count=7200 backend=CUDA0 caller=ggml_backend_sched_graph_compute_async_ext+0xcd5

=== CUDA SYNC PROFILE (instrumentation only) ===
total_syncs = 7200
total_wait_ms = 4526.720
max_wait_us = 140269
sites = 5
wait_hist_us = logarithmic buckets
  hist[0] = 6481
  hist[1] = 408
  hist[2] = 35
  hist[3] = 20
  hist[4] = 3
  hist[5] = 1
  hist[9] = 41
  hist[10] = 95
  hist[11] = 32
  hist[14] = 16
  hist[15] = 55
  hist[16] = 12
  hist[17] = 1
by_callsite (caller PC; symbolize with addr2line):
   0 caller=0x759fa2480c8a calls=3036 total_ms=4524.181 avg_us=1490.178 max_us=140269
   1 caller=0x759fa24800b8 calls=2290 total_ms=0.972 avg_us=0.424 max_us=25
   2 caller=0x759fa2480098 calls=852 total_ms=0.804 avg_us=0.944 max_us=12
   3 caller=0x759fa247f28a calls=170 total_ms=0.384 avg_us=2.259 max_us=11
   4 caller=0x759fa24800d5 calls=852 total_ms=0.379 avg_us=0.445 max_us=15
direct_cudaStreamSynchronize: calls=3320 total_ms=19.442 max_us=2583
by_direct_callsite (file:line):
   0 /opt/llama.cpp/ggml/src/ggml-cuda/ggml-cuda.cu:839 calls=2967 total_ms=12.908 avg_us=4.351 max_us=356
   1 /opt/llama.cpp/ggml/src/ggml-cuda/ggml-cuda.cu:900 calls=12 total_ms=5.894 avg_us=491.167 max_us=2583
   2 /opt/llama.cpp/ggml/src/ggml-cuda/ggml-cuda.cu:2665 calls=191 total_ms=0.394 avg_us=2.063 max_us=11
   3 /opt/llama.cpp/ggml/src/ggml-cuda/ggml-cuda.cu:847 calls=150 total_ms=0.246 avg_us=1.640 max_us=21
=== END CUDA SYNC PROFILE ===
backend-sync-trace: count=7300 backend=CUDA0 caller=ggml_backend_sched_graph_compute_async_ext+0xcb8

=== CUDA SYNC PROFILE (instrumentation only) ===
total_syncs = 7300
total_wait_ms = 4589.345
max_wait_us = 140269
sites = 5
wait_hist_us = logarithmic buckets
  hist[0] = 6571
  hist[1] = 414
  hist[2] = 35
  hist[3] = 20
  hist[4] = 3
  hist[5] = 1
  hist[9] = 42
  hist[10] = 96
  hist[11] = 32
  hist[14] = 17
  hist[15] = 56
  hist[16] = 12
  hist[17] = 1
by_callsite (caller PC; symbolize with addr2line):
   0 caller=0x759fa2480c8a calls=3063 total_ms=4586.774 avg_us=1497.478 max_us=140269
   1 caller=0x759fa24800b8 calls=2336 total_ms=0.985 avg_us=0.422 max_us=25
   2 caller=0x759fa2480098 calls=864 total_ms=0.815 avg_us=0.943 max_us=12
   3 caller=0x759fa247f28a calls=173 total_ms=0.390 avg_us=2.254 max_us=11
   4 caller=0x759fa24800d5 calls=864 total_ms=0.381 avg_us=0.441 max_us=15
direct_cudaStreamSynchronize: calls=3376 total_ms=19.678 max_us=2583
by_direct_callsite (file:line):
   0 /opt/llama.cpp/ggml/src/ggml-cuda/ggml-cuda.cu:839 calls=3023 total_ms=13.144 avg_us=4.348 max_us=356
   1 /opt/llama.cpp/ggml/src/ggml-cuda/ggml-cuda.cu:900 calls=12 total_ms=5.894 avg_us=491.167 max_us=2583
   2 /opt/llama.cpp/ggml/src/ggml-cuda/ggml-cuda.cu:2665 calls=191 total_ms=0.394 avg_us=2.063 max_us=11
   3 /opt/llama.cpp/ggml/src/ggml-cuda/ggml-cuda.cu:847 calls=150 total_ms=0.246 avg_us=1.640 max_us=21
=== END CUDA SYNC PROFILE ===

=== CUDA SYNC PROFILE (instrumentation only) ===
total_syncs = 7369
total_wait_ms = 4591.225
max_wait_us = 140269
sites = 5
wait_hist_us = logarithmic buckets
  hist[0] = 6635
  hist[1] = 417
  hist[2] = 35
  hist[3] = 20
  hist[4] = 3
  hist[5] = 1
  hist[9] = 44
  hist[10] = 96
  hist[11] = 32
  hist[14] = 17
  hist[15] = 56
  hist[16] = 12
  hist[17] = 1
by_callsite (caller PC; symbolize with addr2line):
   0 caller=0x759fa2480c8a calls=3098 total_ms=4588.638 avg_us=1481.161 max_us=140269
   1 caller=0x759fa24800b8 calls=2353 total_ms=0.991 avg_us=0.421 max_us=25
   2 caller=0x759fa2480098 calls=872 total_ms=0.819 avg_us=0.939 max_us=12
   3 caller=0x759fa247f28a calls=174 total_ms=0.392 avg_us=2.253 max_us=11
   4 caller=0x759fa24800d5 calls=872 total_ms=0.385 avg_us=0.442 max_us=15
direct_cudaStreamSynchronize: calls=3400 total_ms=19.776 max_us=2583
by_direct_callsite (file:line):
   0 /opt/llama.cpp/ggml/src/ggml-cuda/ggml-cuda.cu:839 calls=3047 total_ms=13.242 avg_us=4.346 max_us=356
   1 /opt/llama.cpp/ggml/src/ggml-cuda/ggml-cuda.cu:900 calls=12 total_ms=5.894 avg_us=491.167 max_us=2583
   2 /opt/llama.cpp/ggml/src/ggml-cuda/ggml-cuda.cu:2665 calls=191 total_ms=0.394 avg_us=2.063 max_us=11
   3 /opt/llama.cpp/ggml/src/ggml-cuda/ggml-cuda.cu:847 calls=150 total_ms=0.246 avg_us=1.640 max_us=21
=== END CUDA SYNC PROFILE ===
backend-sync-trace: count=7400 backend=CUDA0 caller=ggml_backend_sched_graph_compute_async_ext+0xcd5

=== CUDA SYNC PROFILE (instrumentation only) ===
total_syncs = 7400
total_wait_ms = 4618.800
max_wait_us = 140269
sites = 5
wait_hist_us = logarithmic buckets
  hist[0] = 6661
  hist[1] = 421
  hist[2] = 35
  hist[3] = 20
  hist[4] = 3
  hist[5] = 1
  hist[9] = 44
  hist[10] = 96
  hist[11] = 32
  hist[14] = 18
  hist[15] = 56
  hist[16] = 12
  hist[17] = 1
by_callsite (caller PC; symbolize with addr2line):
   0 caller=0x759fa2480c8a calls=3109 total_ms=4616.200 avg_us=1484.786 max_us=140269
   1 caller=0x759fa24800b8 calls=2363 total_ms=0.995 avg_us=0.421 max_us=25
   2 caller=0x759fa2480098 calls=876 total_ms=0.823 avg_us=0.939 max_us=12
   3 caller=0x759fa247f28a calls=176 total_ms=0.396 avg_us=2.250 max_us=11
   4 caller=0x759fa24800d5 calls=876 total_ms=0.386 avg_us=0.441 max_us=15
direct_cudaStreamSynchronize: calls=3412 total_ms=19.822 max_us=2583
by_direct_callsite (file:line):
   0 /opt/llama.cpp/ggml/src/ggml-cuda/ggml-cuda.cu:839 calls=3059 total_ms=13.288 avg_us=4.344 max_us=356
   1 /opt/llama.cpp/ggml/src/ggml-cuda/ggml-cuda.cu:900 calls=12 total_ms=5.894 avg_us=491.167 max_us=2583
   2 /opt/llama.cpp/ggml/src/ggml-cuda/ggml-cuda.cu:2665 calls=191 total_ms=0.394 avg_us=2.063 max_us=11
   3 /opt/llama.cpp/ggml/src/ggml-cuda/ggml-cuda.cu:847 calls=150 total_ms=0.246 avg_us=1.640 max_us=21
=== END CUDA SYNC PROFILE ===
backend-sync-trace: count=7500 backend=CUDA0 caller=ggml_backend_sched_graph_compute_async_ext+0xc98

=== CUDA SYNC PROFILE (instrumentation only) ===
total_syncs = 7500
total_wait_ms = 4655.297
max_wait_us = 140269
sites = 5
wait_hist_us = logarithmic buckets
  hist[0] = 6751
  hist[1] = 427
  hist[2] = 35
  hist[3] = 20
  hist[4] = 3
  hist[5] = 1
  hist[9] = 44
  hist[10] = 99
  hist[11] = 32
  hist[14] = 19
  hist[15] = 56
  hist[16] = 12
  hist[17] = 1
by_callsite (caller PC; symbolize with addr2line):
   0 caller=0x759fa2480c8a calls=3153 total_ms=4652.670 avg_us=1475.633 max_us=140269
   1 caller=0x759fa24800b8 calls=2394 total_ms=1.005 avg_us=0.420 max_us=25
   2 caller=0x759fa2480098 calls=888 total_ms=0.833 avg_us=0.938 max_us=12
   3 caller=0x759fa247f28a calls=178 total_ms=0.400 avg_us=2.247 max_us=11
   4 caller=0x759fa24800d5 calls=887 total_ms=0.389 avg_us=0.439 max_us=15
direct_cudaStreamSynchronize: calls=3453 total_ms=19.982 max_us=2583
by_direct_callsite (file:line):
   0 /opt/llama.cpp/ggml/src/ggml-cuda/ggml-cuda.cu:839 calls=3100 total_ms=13.448 avg_us=4.338 max_us=356
   1 /opt/llama.cpp/ggml/src/ggml-cuda/ggml-cuda.cu:900 calls=12 total_ms=5.894 avg_us=491.167 max_us=2583
   2 /opt/llama.cpp/ggml/src/ggml-cuda/ggml-cuda.cu:2665 calls=191 total_ms=0.394 avg_us=2.063 max_us=11
   3 /opt/llama.cpp/ggml/src/ggml-cuda/ggml-cuda.cu:847 calls=150 total_ms=0.246 avg_us=1.640 max_us=21
=== END CUDA SYNC PROFILE ===
backend-sync-trace: count=7600 backend=CUDA0 caller=ggml_backend_sched_graph_compute_async_ext+0xcd5

=== CUDA SYNC PROFILE (instrumentation only) ===
total_syncs = 7600
total_wait_ms = 4684.305
max_wait_us = 140269
sites = 5
wait_hist_us = logarithmic buckets
  hist[0] = 6841
  hist[1] = 433
  hist[2] = 35
  hist[3] = 20
  hist[4] = 3
  hist[5] = 1
  hist[9] = 45
  hist[10] = 101
  hist[11] = 32
  hist[14] = 20
  hist[15] = 56
  hist[16] = 12
  hist[17] = 1
by_callsite (caller PC; symbolize with addr2line):
   0 caller=0x759fa2480c8a calls=3191 total_ms=4681.647 avg_us=1467.141 max_us=140269
   1 caller=0x759fa24800b8 calls=2425 total_ms=1.016 avg_us=0.419 max_us=25
   2 caller=0x759fa2480098 calls=902 total_ms=0.846 avg_us=0.938 max_us=12
   3 caller=0x759fa247f28a calls=180 total_ms=0.404 avg_us=2.244 max_us=11
   4 caller=0x759fa24800d5 calls=902 total_ms=0.392 avg_us=0.435 max_us=15
direct_cudaStreamSynchronize: calls=3495 total_ms=20.146 max_us=2583
by_direct_callsite (file:line):
   0 /opt/llama.cpp/ggml/src/ggml-cuda/ggml-cuda.cu:839 calls=3142 total_ms=13.612 avg_us=4.332 max_us=356
   1 /opt/llama.cpp/ggml/src/ggml-cuda/ggml-cuda.cu:900 calls=12 total_ms=5.894 avg_us=491.167 max_us=2583
   2 /opt/llama.cpp/ggml/src/ggml-cuda/ggml-cuda.cu:2665 calls=191 total_ms=0.394 avg_us=2.063 max_us=11
   3 /opt/llama.cpp/ggml/src/ggml-cuda/ggml-cuda.cu:847 calls=150 total_ms=0.246 avg_us=1.640 max_us=21
=== END CUDA SYNC PROFILE ===

=== CUDA SYNC PROFILE (instrumentation only) ===
total_syncs = 7604
total_wait_ms = 4684.307
max_wait_us = 140269
sites = 5
wait_hist_us = logarithmic buckets
  hist[0] = 6845
  hist[1] = 433
  hist[2] = 35
  hist[3] = 20
  hist[4] = 3
  hist[5] = 1
  hist[9] = 45
  hist[10] = 101
  hist[11] = 32
  hist[14] = 20
  hist[15] = 56
  hist[16] = 12
  hist[17] = 1
by_callsite (caller PC; symbolize with addr2line):
   0 caller=0x759fa2480c8a calls=3191 total_ms=4681.647 avg_us=1467.141 max_us=140269
   1 caller=0x759fa24800b8 calls=2429 total_ms=1.018 avg_us=0.419 max_us=25
   2 caller=0x759fa2480098 calls=902 total_ms=0.846 avg_us=0.938 max_us=12
   3 caller=0x759fa247f28a calls=180 total_ms=0.404 avg_us=2.244 max_us=11
   4 caller=0x759fa24800d5 calls=902 total_ms=0.392 avg_us=0.435 max_us=15
direct_cudaStreamSynchronize: calls=3500 total_ms=20.183 max_us=2583
by_direct_callsite (file:line):
   0 /opt/llama.cpp/ggml/src/ggml-cuda/ggml-cuda.cu:839 calls=3147 total_ms=13.649 avg_us=4.337 max_us=356
   1 /opt/llama.cpp/ggml/src/ggml-cuda/ggml-cuda.cu:900 calls=12 total_ms=5.894 avg_us=491.167 max_us=2583
   2 /opt/llama.cpp/ggml/src/ggml-cuda/ggml-cuda.cu:2665 calls=191 total_ms=0.394 avg_us=2.063 max_us=11
   3 /opt/llama.cpp/ggml/src/ggml-cuda/ggml-cuda.cu:847 calls=150 total_ms=0.246 avg_us=1.640 max_us=21
=== END CUDA SYNC PROFILE ===
backend-sync-trace: count=7700 backend=CUDA0 caller=ggml_backend_sched_graph_compute_async_ext+0xcb8

=== CUDA SYNC PROFILE (instrumentation only) ===
total_syncs = 7700
total_wait_ms = 4755.189
max_wait_us = 140269
sites = 5
wait_hist_us = logarithmic buckets
  hist[0] = 6930
  hist[1] = 440
  hist[2] = 35
  hist[3] = 20
  hist[4] = 3
  hist[5] = 1
  hist[9] = 45
  hist[10] = 103
  hist[11] = 32
  hist[14] = 21
  hist[15] = 57
  hist[16] = 12
  hist[17] = 1
by_callsite (caller PC; symbolize with addr2line):
   0 caller=0x759fa2480c8a calls=3218 total_ms=4752.498 avg_us=1476.848 max_us=140269
   1 caller=0x759fa24800b8 calls=2471 total_ms=1.030 avg_us=0.417 max_us=25
   2 caller=0x759fa2480098 calls=914 total_ms=0.853 avg_us=0.933 max_us=12
   3 caller=0x759fa247f28a calls=183 total_ms=0.411 avg_us=2.246 max_us=11
   4 caller=0x759fa24800d5 calls=914 total_ms=0.397 avg_us=0.434 max_us=15
direct_cudaStreamSynchronize: calls=3551 total_ms=20.377 max_us=2583
by_direct_callsite (file:line):
   0 /opt/llama.cpp/ggml/src/ggml-cuda/ggml-cuda.cu:839 calls=3198 total_ms=13.843 avg_us=4.329 max_us=356
   1 /opt/llama.cpp/ggml/src/ggml-cuda/ggml-cuda.cu:900 calls=12 total_ms=5.894 avg_us=491.167 max_us=2583
   2 /opt/llama.cpp/ggml/src/ggml-cuda/ggml-cuda.cu:2665 calls=191 total_ms=0.394 avg_us=2.063 max_us=11
   3 /opt/llama.cpp/ggml/src/ggml-cuda/ggml-cuda.cu:847 calls=150 total_ms=0.246 avg_us=1.640 max_us=21
=== END CUDA SYNC PROFILE ===
backend-sync-trace: count=7800 backend=CUDA0 caller=ggml_backend_sched_graph_compute_async_ext+0xcd5

=== CUDA SYNC PROFILE (instrumentation only) ===
total_syncs = 7800
total_wait_ms = 4786.694
max_wait_us = 140269
sites = 5
wait_hist_us = logarithmic buckets
  hist[0] = 7022
  hist[1] = 445
  hist[2] = 35
  hist[3] = 20
  hist[4] = 3
  hist[5] = 1
  hist[9] = 45
  hist[10] = 105
  hist[11] = 32
  hist[14] = 22
  hist[15] = 57
  hist[16] = 12
  hist[17] = 1
by_callsite (caller PC; symbolize with addr2line):
   0 caller=0x759fa2480c8a calls=3264 total_ms=4783.971 avg_us=1465.677 max_us=140269
   1 caller=0x759fa24800b8 calls=2498 total_ms=1.040 avg_us=0.416 max_us=25
   2 caller=0x759fa2480098 calls=926 total_ms=0.862 avg_us=0.931 max_us=12
   3 caller=0x759fa247f28a calls=186 total_ms=0.418 avg_us=2.247 max_us=11
   4 caller=0x759fa24800d5 calls=926 total_ms=0.403 avg_us=0.435 max_us=15
direct_cudaStreamSynchronize: calls=3587 total_ms=20.522 max_us=2583
by_direct_callsite (file:line):
   0 /opt/llama.cpp/ggml/src/ggml-cuda/ggml-cuda.cu:839 calls=3234 total_ms=13.988 avg_us=4.325 max_us=356
   1 /opt/llama.cpp/ggml/src/ggml-cuda/ggml-cuda.cu:900 calls=12 total_ms=5.894 avg_us=491.167 max_us=2583
   2 /opt/llama.cpp/ggml/src/ggml-cuda/ggml-cuda.cu:2665 calls=191 total_ms=0.394 avg_us=2.063 max_us=11
   3 /opt/llama.cpp/ggml/src/ggml-cuda/ggml-cuda.cu:847 calls=150 total_ms=0.246 avg_us=1.640 max_us=21
=== END CUDA SYNC PROFILE ===

=== CUDA SYNC PROFILE (instrumentation only) ===
total_syncs = 7830
total_wait_ms = 4790.221
max_wait_us = 140269
sites = 5
wait_hist_us = logarithmic buckets
  hist[0] = 7049
  hist[1] = 446
  hist[2] = 35
  hist[3] = 20
  hist[4] = 3
  hist[5] = 1
  hist[9] = 46
  hist[10] = 105
  hist[11] = 33
  hist[14] = 22
  hist[15] = 57
  hist[16] = 12
  hist[17] = 1
by_callsite (caller PC; symbolize with addr2line):
   0 caller=0x759fa2480c8a calls=3278 total_ms=4787.488 avg_us=1460.491 max_us=140269
   1 caller=0x759fa24800b8 calls=2506 total_ms=1.043 avg_us=0.416 max_us=25
   2 caller=0x759fa2480098 calls=930 total_ms=0.867 avg_us=0.932 max_us=12
   3 caller=0x759fa247f28a calls=186 total_ms=0.418 avg_us=2.247 max_us=11
   4 caller=0x759fa24800d5 calls=930 total_ms=0.405 avg_us=0.435 max_us=15
direct_cudaStreamSynchronize: calls=3600 total_ms=20.565 max_us=2583
by_direct_callsite (file:line):
   0 /opt/llama.cpp/ggml/src/ggml-cuda/ggml-cuda.cu:839 calls=3247 total_ms=14.031 avg_us=4.321 max_us=356
   1 /opt/llama.cpp/ggml/src/ggml-cuda/ggml-cuda.cu:900 calls=12 total_ms=5.894 avg_us=491.167 max_us=2583
   2 /opt/llama.cpp/ggml/src/ggml-cuda/ggml-cuda.cu:2665 calls=191 total_ms=0.394 avg_us=2.063 max_us=11
   3 /opt/llama.cpp/ggml/src/ggml-cuda/ggml-cuda.cu:847 calls=150 total_ms=0.246 avg_us=1.640 max_us=21
=== END CUDA SYNC PROFILE ===
backend-sync-trace: count=7900 backend=CUDA0 caller=ggml_backend_sched_synchronize+0x3a

=== CUDA SYNC PROFILE (instrumentation only) ===
total_syncs = 7900
total_wait_ms = 4824.816
max_wait_us = 140269
sites = 5
wait_hist_us = logarithmic buckets
  hist[0] = 7112
  hist[1] = 450
  hist[2] = 35
  hist[3] = 20
  hist[4] = 3
  hist[5] = 1
  hist[9] = 46
  hist[10] = 106
  hist[11] = 34
  hist[14] = 23
  hist[15] = 57
  hist[16] = 12
  hist[17] = 1
by_callsite (caller PC; symbolize with addr2line):
   0 caller=0x759fa2480c8a calls=3303 total_ms=4822.064 avg_us=1459.904 max_us=140269
   1 caller=0x759fa24800b8 calls=2533 total_ms=1.051 avg_us=0.415 max_us=25
   2 caller=0x759fa2480098 calls=938 total_ms=0.873 avg_us=0.931 max_us=12
   3 caller=0x759fa247f28a calls=188 total_ms=0.422 avg_us=2.245 max_us=11
   4 caller=0x759fa24800d5 calls=938 total_ms=0.406 avg_us=0.433 max_us=15
direct_cudaStreamSynchronize: calls=3633 total_ms=20.698 max_us=2583
by_direct_callsite (file:line):
   0 /opt/llama.cpp/ggml/src/ggml-cuda/ggml-cuda.cu:839 calls=3280 total_ms=14.164 avg_us=4.318 max_us=356
   1 /opt/llama.cpp/ggml/src/ggml-cuda/ggml-cuda.cu:900 calls=12 total_ms=5.894 avg_us=491.167 max_us=2583
   2 /opt/llama.cpp/ggml/src/ggml-cuda/ggml-cuda.cu:2665 calls=191 total_ms=0.394 avg_us=2.063 max_us=11
   3 /opt/llama.cpp/ggml/src/ggml-cuda/ggml-cuda.cu:847 calls=150 total_ms=0.246 avg_us=1.640 max_us=21
=== END CUDA SYNC PROFILE ===
backend-sync-trace: count=8000 backend=CUDA0 caller=ggml_backend_sched_graph_compute_async_ext+0xcb8

=== CUDA SYNC PROFILE (instrumentation only) ===
total_syncs = 8000
total_wait_ms = 4858.599
max_wait_us = 140269
sites = 5
wait_hist_us = logarithmic buckets
  hist[0] = 7203
  hist[1] = 456
  hist[2] = 35
  hist[3] = 20
  hist[4] = 3
  hist[5] = 1
  hist[9] = 47
  hist[10] = 107
  hist[11] = 34
  hist[14] = 24
  hist[15] = 57
  hist[16] = 12
  hist[17] = 1
by_callsite (caller PC; symbolize with addr2line):
   0 caller=0x759fa2480c8a calls=3340 total_ms=4855.812 avg_us=1453.836 max_us=140269
   1 caller=0x759fa24800b8 calls=2566 total_ms=1.064 avg_us=0.415 max_us=25
   2 caller=0x759fa2480098 calls=952 total_ms=0.884 avg_us=0.929 max_us=12
   3 caller=0x759fa247f28a calls=190 total_ms=0.426 avg_us=2.242 max_us=11
   4 caller=0x759fa24800d5 calls=952 total_ms=0.413 avg_us=0.434 max_us=15
direct_cudaStreamSynchronize: calls=3676 total_ms=20.891 max_us=2583
by_direct_callsite (file:line):
   0 /opt/llama.cpp/ggml/src/ggml-cuda/ggml-cuda.cu:839 calls=3323 total_ms=14.357 avg_us=4.320 max_us=356
   1 /opt/llama.cpp/ggml/src/ggml-cuda/ggml-cuda.cu:900 calls=12 total_ms=5.894 avg_us=491.167 max_us=2583
   2 /opt/llama.cpp/ggml/src/ggml-cuda/ggml-cuda.cu:2665 calls=191 total_ms=0.394 avg_us=2.063 max_us=11
   3 /opt/llama.cpp/ggml/src/ggml-cuda/ggml-cuda.cu:847 calls=150 total_ms=0.246 avg_us=1.640 max_us=21
=== END CUDA SYNC PROFILE ===

=== CUDA SYNC PROFILE (instrumentation only) ===
total_syncs = 8062
total_wait_ms = 4884.351
max_wait_us = 140269
sites = 5
wait_hist_us = logarithmic buckets
  hist[0] = 7259
  hist[1] = 460
  hist[2] = 35
  hist[3] = 20
  hist[4] = 3
  hist[5] = 1
  hist[9] = 47
  hist[10] = 108
  hist[11] = 34
  hist[14] = 25
  hist[15] = 57
  hist[16] = 12
  hist[17] = 1
by_callsite (caller PC; symbolize with addr2line):
   0 caller=0x759fa2480c8a calls=3370 total_ms=4881.548 avg_us=1448.531 max_us=140269
   1 caller=0x759fa24800b8 calls=2584 total_ms=1.070 avg_us=0.414 max_us=25
   2 caller=0x759fa2480098 calls=958 total_ms=0.887 avg_us=0.926 max_us=12
   3 caller=0x759fa247f28a calls=192 total_ms=0.430 avg_us=2.240 max_us=11
   4 caller=0x759fa24800d5 calls=958 total_ms=0.416 avg_us=0.434 max_us=15
direct_cudaStreamSynchronize: calls=3700 total_ms=20.977 max_us=2583
by_direct_callsite (file:line):
   0 /opt/llama.cpp/ggml/src/ggml-cuda/ggml-cuda.cu:839 calls=3347 total_ms=14.443 avg_us=4.315 max_us=356
   1 /opt/llama.cpp/ggml/src/ggml-cuda/ggml-cuda.cu:900 calls=12 total_ms=5.894 avg_us=491.167 max_us=2583
   2 /opt/llama.cpp/ggml/src/ggml-cuda/ggml-cuda.cu:2665 calls=191 total_ms=0.394 avg_us=2.063 max_us=11
   3 /opt/llama.cpp/ggml/src/ggml-cuda/ggml-cuda.cu:847 calls=150 total_ms=0.246 avg_us=1.640 max_us=21
=== END CUDA SYNC PROFILE ===
backend-sync-trace: count=8100 backend=CUDA0 caller=ggml_backend_sched_graph_compute_async_ext+0xcd5

=== CUDA SYNC PROFILE (instrumentation only) ===
total_syncs = 8100
total_wait_ms = 4922.789
max_wait_us = 140269
sites = 5
wait_hist_us = logarithmic buckets
  hist[0] = 7292
  hist[1] = 463
  hist[2] = 35
  hist[3] = 20
  hist[4] = 3
  hist[5] = 1
  hist[9] = 47
  hist[10] = 109
  hist[11] = 34
  hist[14] = 25
  hist[15] = 58
  hist[16] = 12
  hist[17] = 1
by_callsite (caller PC; symbolize with addr2line):
   0 caller=0x759fa2480c8a calls=3379 total_ms=4919.970 avg_us=1456.043 max_us=140269
   1 caller=0x759fa24800b8 calls=2602 total_ms=1.080 avg_us=0.415 max_us=25
   2 caller=0x759fa2480098 calls=963 total_ms=0.890 avg_us=0.924 max_us=12
   3 caller=0x759fa247f28a calls=193 total_ms=0.432 avg_us=2.238 max_us=11
   4 caller=0x759fa24800d5 calls=963 total_ms=0.417 avg_us=0.433 max_us=15
direct_cudaStreamSynchronize: calls=3721 total_ms=21.061 max_us=2583
by_direct_callsite (file:line):
   0 /opt/llama.cpp/ggml/src/ggml-cuda/ggml-cuda.cu:839 calls=3368 total_ms=14.527 avg_us=4.313 max_us=356
   1 /opt/llama.cpp/ggml/src/ggml-cuda/ggml-cuda.cu:900 calls=12 total_ms=5.894 avg_us=491.167 max_us=2583
   2 /opt/llama.cpp/ggml/src/ggml-cuda/ggml-cuda.cu:2665 calls=191 total_ms=0.394 avg_us=2.063 max_us=11
   3 /opt/llama.cpp/ggml/src/ggml-cuda/ggml-cuda.cu:847 calls=150 total_ms=0.246 avg_us=1.640 max_us=21
=== END CUDA SYNC PROFILE ===
backend-sync-trace: count=8200 backend=CUDA0 caller=ggml_backend_sched_graph_compute_async_ext+0xcd5

=== CUDA SYNC PROFILE (instrumentation only) ===
total_syncs = 8200
total_wait_ms = 4957.069
max_wait_us = 140269
sites = 5
wait_hist_us = logarithmic buckets
  hist[0] = 7384
  hist[1] = 468
  hist[2] = 35
  hist[3] = 20
  hist[4] = 3
  hist[5] = 1
  hist[9] = 48
  hist[10] = 110
  hist[11] = 34
  hist[14] = 26
  hist[15] = 58
  hist[16] = 12
  hist[17] = 1
by_callsite (caller PC; symbolize with addr2line):
   0 caller=0x759fa2480c8a calls=3419 total_ms=4954.221 avg_us=1449.026 max_us=140269
   1 caller=0x759fa24800b8 calls=2633 total_ms=1.088 avg_us=0.413 max_us=25
   2 caller=0x759fa2480098 calls=976 total_ms=0.898 avg_us=0.920 max_us=12
   3 caller=0x759fa247f28a calls=196 total_ms=0.439 avg_us=2.240 max_us=11
   4 caller=0x759fa24800d5 calls=976 total_ms=0.423 avg_us=0.433 max_us=15
direct_cudaStreamSynchronize: calls=3762 total_ms=21.233 max_us=2583
by_direct_callsite (file:line):
   0 /opt/llama.cpp/ggml/src/ggml-cuda/ggml-cuda.cu:839 calls=3409 total_ms=14.699 avg_us=4.312 max_us=356
   1 /opt/llama.cpp/ggml/src/ggml-cuda/ggml-cuda.cu:900 calls=12 total_ms=5.894 avg_us=491.167 max_us=2583
   2 /opt/llama.cpp/ggml/src/ggml-cuda/ggml-cuda.cu:2665 calls=191 total_ms=0.394 avg_us=2.063 max_us=11
   3 /opt/llama.cpp/ggml/src/ggml-cuda/ggml-cuda.cu:847 calls=150 total_ms=0.246 avg_us=1.640 max_us=21
=== END CUDA SYNC PROFILE ===

=== CUDA SYNC PROFILE (instrumentation only) ===
total_syncs = 8276
total_wait_ms = 4997.988
max_wait_us = 140269
sites = 5
wait_hist_us = logarithmic buckets
  hist[0] = 7453
  hist[1] = 472
  hist[2] = 35
  hist[3] = 20
  hist[4] = 3
  hist[5] = 1
  hist[9] = 48
  hist[10] = 112
  hist[11] = 34
  hist[14] = 26
  hist[15] = 59
  hist[16] = 12
  hist[17] = 1
by_callsite (caller PC; symbolize with addr2line):
   0 caller=0x759fa2480c8a calls=3444 total_ms=4995.113 avg_us=1450.381 max_us=140269
   1 caller=0x759fa24800b8 calls=2662 total_ms=1.096 avg_us=0.412 max_us=25
   2 caller=0x759fa2480098 calls=986 total_ms=0.906 avg_us=0.919 max_us=12
   3 caller=0x759fa247f28a calls=198 total_ms=0.444 avg_us=2.242 max_us=11
   4 caller=0x759fa24800d5 calls=986 total_ms=0.429 avg_us=0.435 max_us=15
direct_cudaStreamSynchronize: calls=3800 total_ms=21.387 max_us=2583
by_direct_callsite (file:line):
   0 /opt/llama.cpp/ggml/src/ggml-cuda/ggml-cuda.cu:839 calls=3447 total_ms=14.853 avg_us=4.309 max_us=356
   1 /opt/llama.cpp/ggml/src/ggml-cuda/ggml-cuda.cu:900 calls=12 total_ms=5.894 avg_us=491.167 max_us=2583
   2 /opt/llama.cpp/ggml/src/ggml-cuda/ggml-cuda.cu:2665 calls=191 total_ms=0.394 avg_us=2.063 max_us=11
   3 /opt/llama.cpp/ggml/src/ggml-cuda/ggml-cuda.cu:847 calls=150 total_ms=0.246 avg_us=1.640 max_us=21
=== END CUDA SYNC PROFILE ===
backend-sync-trace: count=8300 backend=CUDA0 caller=ggml_backend_sched_synchronize+0x3a

=== CUDA SYNC PROFILE (instrumentation only) ===
total_syncs = 8300
total_wait_ms = 5000.686
max_wait_us = 140269
sites = 5
wait_hist_us = logarithmic buckets
  hist[0] = 7475
  hist[1] = 472
  hist[2] = 35
  hist[3] = 20
  hist[4] = 3
  hist[5] = 1
  hist[9] = 49
  hist[10] = 113
  hist[11] = 34
  hist[14] = 26
  hist[15] = 59
  hist[16] = 12
  hist[17] = 1
by_callsite (caller PC; symbolize with addr2line):
   0 caller=0x759fa2480c8a calls=3458 total_ms=4997.806 avg_us=1445.288 max_us=140269
   1 caller=0x759fa24800b8 calls=2668 total_ms=1.099 avg_us=0.412 max_us=25
   2 caller=0x759fa2480098 calls=988 total_ms=0.907 avg_us=0.918 max_us=12
   3 caller=0x759fa247f28a calls=198 total_ms=0.444 avg_us=2.242 max_us=11
   4 caller=0x759fa24800d5 calls=988 total_ms=0.430 avg_us=0.435 max_us=15
direct_cudaStreamSynchronize: calls=3808 total_ms=21.412 max_us=2583
by_direct_callsite (file:line):
   0 /opt/llama.cpp/ggml/src/ggml-cuda/ggml-cuda.cu:839 calls=3455 total_ms=14.878 avg_us=4.306 max_us=356
   1 /opt/llama.cpp/ggml/src/ggml-cuda/ggml-cuda.cu:900 calls=12 total_ms=5.894 avg_us=491.167 max_us=2583
   2 /opt/llama.cpp/ggml/src/ggml-cuda/ggml-cuda.cu:2665 calls=191 total_ms=0.394 avg_us=2.063 max_us=11
   3 /opt/llama.cpp/ggml/src/ggml-cuda/ggml-cuda.cu:847 calls=150 total_ms=0.246 avg_us=1.640 max_us=21
=== END CUDA SYNC PROFILE ===
backend-sync-trace: count=8400 backend=CUDA0 caller=ggml_backend_sched_graph_compute_async_ext+0xcb8

=== CUDA SYNC PROFILE (instrumentation only) ===
total_syncs = 8400
total_wait_ms = 5034.457
max_wait_us = 140269
sites = 5
wait_hist_us = logarithmic buckets
  hist[0] = 7565
  hist[1] = 479
  hist[2] = 35
  hist[3] = 20
  hist[4] = 3
  hist[5] = 1
  hist[9] = 51
  hist[10] = 113
  hist[11] = 34
  hist[14] = 27
  hist[15] = 59
  hist[16] = 12
  hist[17] = 1
by_callsite (caller PC; symbolize with addr2line):
   0 caller=0x759fa2480c8a calls=3495 total_ms=5031.545 avg_us=1439.641 max_us=140269
   1 caller=0x759fa24800b8 calls=2701 total_ms=1.109 avg_us=0.411 max_us=25
   2 caller=0x759fa2480098 calls=1002 total_ms=0.921 avg_us=0.919 max_us=12
   3 caller=0x759fa247f28a calls=200 total_ms=0.448 avg_us=2.240 max_us=11
   4 caller=0x759fa24800d5 calls=1002 total_ms=0.434 avg_us=0.433 max_us=15
direct_cudaStreamSynchronize: calls=3851 total_ms=21.604 max_us=2583
by_direct_callsite (file:line):
   0 /opt/llama.cpp/ggml/src/ggml-cuda/ggml-cuda.cu:839 calls=3498 total_ms=15.070 avg_us=4.308 max_us=356
   1 /opt/llama.cpp/ggml/src/ggml-cuda/ggml-cuda.cu:900 calls=12 total_ms=5.894 avg_us=491.167 max_us=2583
   2 /opt/llama.cpp/ggml/src/ggml-cuda/ggml-cuda.cu:2665 calls=191 total_ms=0.394 avg_us=2.063 max_us=11
   3 /opt/llama.cpp/ggml/src/ggml-cuda/ggml-cuda.cu:847 calls=150 total_ms=0.246 avg_us=1.640 max_us=21
=== END CUDA SYNC PROFILE ===

=== CUDA SYNC PROFILE (instrumentation only) ===
total_syncs = 8498
total_wait_ms = 5096.346
max_wait_us = 140269
sites = 5
wait_hist_us = logarithmic buckets
  hist[0] = 7653
  hist[1] = 484
  hist[2] = 36
  hist[3] = 20
  hist[4] = 3
  hist[5] = 1
  hist[9] = 52
  hist[10] = 114
  hist[11] = 34
  hist[14] = 29
  hist[15] = 59
  hist[16] = 12
  hist[17] = 1
by_callsite (caller PC; symbolize with addr2line):
   0 caller=0x759fa2480c8a calls=3528 total_ms=5093.401 avg_us=1443.708 max_us=140269
   1 caller=0x759fa24800b8 calls=2739 total_ms=1.120 avg_us=0.409 max_us=25
   2 caller=0x759fa2480098 calls=1014 total_ms=0.931 avg_us=0.918 max_us=12
   3 caller=0x759fa247f28a calls=203 total_ms=0.455 avg_us=2.241 max_us=11
   4 caller=0x759fa24800d5 calls=1014 total_ms=0.439 avg_us=0.433 max_us=15
direct_cudaStreamSynchronize: calls=3900 total_ms=21.796 max_us=2583
by_direct_callsite (file:line):
   0 /opt/llama.cpp/ggml/src/ggml-cuda/ggml-cuda.cu:839 calls=3547 total_ms=15.262 avg_us=4.303 max_us=356
   1 /opt/llama.cpp/ggml/src/ggml-cuda/ggml-cuda.cu:900 calls=12 total_ms=5.894 avg_us=491.167 max_us=2583
   2 /opt/llama.cpp/ggml/src/ggml-cuda/ggml-cuda.cu:2665 calls=191 total_ms=0.394 avg_us=2.063 max_us=11
   3 /opt/llama.cpp/ggml/src/ggml-cuda/ggml-cuda.cu:847 calls=150 total_ms=0.246 avg_us=1.640 max_us=21
=== END CUDA SYNC PROFILE ===
backend-sync-trace: count=8500 backend=CUDA0 caller=ggml_backend_sched_graph_compute_async_ext+0xcb8

=== CUDA SYNC PROFILE (instrumentation only) ===
total_syncs = 8500
total_wait_ms = 5096.347
max_wait_us = 140269
sites = 5
wait_hist_us = logarithmic buckets
  hist[0] = 7655
  hist[1] = 484
  hist[2] = 36
  hist[3] = 20
  hist[4] = 3
  hist[5] = 1
  hist[9] = 52
  hist[10] = 114
  hist[11] = 34
  hist[14] = 29
  hist[15] = 59
  hist[16] = 12
  hist[17] = 1
by_callsite (caller PC; symbolize with addr2line):
   0 caller=0x759fa2480c8a calls=3528 total_ms=5093.401 avg_us=1443.708 max_us=140269
   1 caller=0x759fa24800b8 calls=2741 total_ms=1.121 avg_us=0.409 max_us=25
   2 caller=0x759fa2480098 calls=1014 total_ms=0.931 avg_us=0.918 max_us=12
   3 caller=0x759fa247f28a calls=203 total_ms=0.455 avg_us=2.241 max_us=11
   4 caller=0x759fa24800d5 calls=1014 total_ms=0.439 avg_us=0.433 max_us=15
direct_cudaStreamSynchronize: calls=3901 total_ms=21.798 max_us=2583
by_direct_callsite (file:line):
   0 /opt/llama.cpp/ggml/src/ggml-cuda/ggml-cuda.cu:839 calls=3548 total_ms=15.264 avg_us=4.302 max_us=356
   1 /opt/llama.cpp/ggml/src/ggml-cuda/ggml-cuda.cu:900 calls=12 total_ms=5.894 avg_us=491.167 max_us=2583
   2 /opt/llama.cpp/ggml/src/ggml-cuda/ggml-cuda.cu:2665 calls=191 total_ms=0.394 avg_us=2.063 max_us=11
   3 /opt/llama.cpp/ggml/src/ggml-cuda/ggml-cuda.cu:847 calls=150 total_ms=0.246 avg_us=1.640 max_us=21
=== END CUDA SYNC PROFILE ===
backend-sync-trace: count=8600 backend=CUDA0 caller=ggml_backend_sched_synchronize+0x3a

=== CUDA SYNC PROFILE (instrumentation only) ===
total_syncs = 8600
total_wait_ms = 5123.346
max_wait_us = 140269
sites = 5
wait_hist_us = logarithmic buckets
  hist[0] = 7747
  hist[1] = 489
  hist[2] = 36
  hist[3] = 20
  hist[4] = 3
  hist[5] = 1
  hist[9] = 52
  hist[10] = 116
  hist[11] = 34
  hist[14] = 30
  hist[15] = 59
  hist[16] = 12
  hist[17] = 1
by_callsite (caller PC; symbolize with addr2line):
   0 caller=0x759fa2480c8a calls=3579 total_ms=5120.373 avg_us=1430.671 max_us=140269
   1 caller=0x759fa24800b8 calls=2768 total_ms=1.130 avg_us=0.408 max_us=25
   2 caller=0x759fa2480098 calls=1024 total_ms=0.939 avg_us=0.917 max_us=12
   3 caller=0x759fa247f28a calls=205 total_ms=0.459 avg_us=2.239 max_us=11
   4 caller=0x759fa24800d5 calls=1024 total_ms=0.445 avg_us=0.435 max_us=15
direct_cudaStreamSynchronize: calls=3936 total_ms=21.997 max_us=2583
by_direct_callsite (file:line):
   0 /opt/llama.cpp/ggml/src/ggml-cuda/ggml-cuda.cu:839 calls=3583 total_ms=15.463 avg_us=4.316 max_us=356
   1 /opt/llama.cpp/ggml/src/ggml-cuda/ggml-cuda.cu:900 calls=12 total_ms=5.894 avg_us=491.167 max_us=2583
   2 /opt/llama.cpp/ggml/src/ggml-cuda/ggml-cuda.cu:2665 calls=191 total_ms=0.394 avg_us=2.063 max_us=11
   3 /opt/llama.cpp/ggml/src/ggml-cuda/ggml-cuda.cu:847 calls=150 total_ms=0.246 avg_us=1.640 max_us=21
=== END CUDA SYNC PROFILE ===
backend-sync-trace: count=8700 backend=CUDA0 caller=ggml_backend_sched_synchronize+0x3a

=== CUDA SYNC PROFILE (instrumentation only) ===
total_syncs = 8700
total_wait_ms = 5158.805
max_wait_us = 140269
sites = 5
wait_hist_us = logarithmic buckets
  hist[0] = 7838
  hist[1] = 492
  hist[2] = 37
  hist[3] = 21
  hist[4] = 3
  hist[5] = 1
  hist[9] = 52
  hist[10] = 118
  hist[11] = 35
  hist[14] = 31
  hist[15] = 59
  hist[16] = 12
  hist[17] = 1
by_callsite (caller PC; symbolize with addr2line):
   0 caller=0x759fa2480c8a calls=3621 total_ms=5155.797 avg_us=1423.860 max_us=140269
   1 caller=0x759fa24800b8 calls=2799 total_ms=1.143 avg_us=0.408 max_us=25
   2 caller=0x759fa2480098 calls=1036 total_ms=0.950 avg_us=0.917 max_us=12
   3 caller=0x759fa247f28a calls=208 total_ms=0.467 avg_us=2.245 max_us=11
   4 caller=0x759fa24800d5 calls=1036 total_ms=0.448 avg_us=0.432 max_us=15
direct_cudaStreamSynchronize: calls=3977 total_ms=22.154 max_us=2583
by_direct_callsite (file:line):
   0 /opt/llama.cpp/ggml/src/ggml-cuda/ggml-cuda.cu:839 calls=3624 total_ms=15.620 avg_us=4.310 max_us=356
   1 /opt/llama.cpp/ggml/src/ggml-cuda/ggml-cuda.cu:900 calls=12 total_ms=5.894 avg_us=491.167 max_us=2583
   2 /opt/llama.cpp/ggml/src/ggml-cuda/ggml-cuda.cu:2665 calls=191 total_ms=0.394 avg_us=2.063 max_us=11
   3 /opt/llama.cpp/ggml/src/ggml-cuda/ggml-cuda.cu:847 calls=150 total_ms=0.246 avg_us=1.640 max_us=21
=== END CUDA SYNC PROFILE ===

=== CUDA SYNC PROFILE (instrumentation only) ===
total_syncs = 8740
total_wait_ms = 5159.751
max_wait_us = 140269
sites = 5
wait_hist_us = logarithmic buckets
  hist[0] = 7876
  hist[1] = 493
  hist[2] = 37
  hist[3] = 21
  hist[4] = 3
  hist[5] = 1
  hist[9] = 53
  hist[10] = 118
  hist[11] = 35
  hist[14] = 31
  hist[15] = 59
  hist[16] = 12
  hist[17] = 1
by_callsite (caller PC; symbolize with addr2line):
   0 caller=0x759fa2480c8a calls=3631 total_ms=5156.732 avg_us=1420.196 max_us=140269
   1 caller=0x759fa24800b8 calls=2817 total_ms=1.149 avg_us=0.408 max_us=25
   2 caller=0x759fa2480098 calls=1042 total_ms=0.954 avg_us=0.916 max_us=12
   3 caller=0x759fa247f28a calls=208 total_ms=0.467 avg_us=2.245 max_us=11
   4 caller=0x759fa24800d5 calls=1042 total_ms=0.449 avg_us=0.431 max_us=15
direct_cudaStreamSynchronize: calls=4000 total_ms=22.280 max_us=2583
by_direct_callsite (file:line):
   0 /opt/llama.cpp/ggml/src/ggml-cuda/ggml-cuda.cu:839 calls=3647 total_ms=15.746 avg_us=4.318 max_us=356
   1 /opt/llama.cpp/ggml/src/ggml-cuda/ggml-cuda.cu:900 calls=12 total_ms=5.894 avg_us=491.167 max_us=2583
   2 /opt/llama.cpp/ggml/src/ggml-cuda/ggml-cuda.cu:2665 calls=191 total_ms=0.394 avg_us=2.063 max_us=11
   3 /opt/llama.cpp/ggml/src/ggml-cuda/ggml-cuda.cu:847 calls=150 total_ms=0.246 avg_us=1.640 max_us=21
=== END CUDA SYNC PROFILE ===
backend-sync-trace: count=8800 backend=CUDA0 caller=ggml_backend_sched_synchronize+0x3a

=== CUDA SYNC PROFILE (instrumentation only) ===
total_syncs = 8800
total_wait_ms = 5185.933
max_wait_us = 140269
sites = 5
wait_hist_us = logarithmic buckets
  hist[0] = 7929
  hist[1] = 496
  hist[2] = 38
  hist[3] = 21
  hist[4] = 3
  hist[5] = 1
  hist[9] = 55
  hist[10] = 118
  hist[11] = 35
  hist[14] = 32
  hist[15] = 59
  hist[16] = 12
  hist[17] = 1
by_callsite (caller PC; symbolize with addr2line):
   0 caller=0x759fa2480c8a calls=3664 total_ms=5182.893 avg_us=1414.545 max_us=140269
   1 caller=0x759fa24800b8 calls=2830 total_ms=1.155 avg_us=0.408 max_us=25
   2 caller=0x759fa2480098 calls=1048 total_ms=0.959 avg_us=0.915 max_us=12
   3 caller=0x759fa247f28a calls=210 total_ms=0.473 avg_us=2.252 max_us=11
   4 caller=0x759fa24800d5 calls=1048 total_ms=0.453 avg_us=0.432 max_us=15
direct_cudaStreamSynchronize: calls=4018 total_ms=22.349 max_us=2583
by_direct_callsite (file:line):
   0 /opt/llama.cpp/ggml/src/ggml-cuda/ggml-cuda.cu:839 calls=3665 total_ms=15.815 avg_us=4.315 max_us=356
   1 /opt/llama.cpp/ggml/src/ggml-cuda/ggml-cuda.cu:900 calls=12 total_ms=5.894 avg_us=491.167 max_us=2583
   2 /opt/llama.cpp/ggml/src/ggml-cuda/ggml-cuda.cu:2665 calls=191 total_ms=0.394 avg_us=2.063 max_us=11
   3 /opt/llama.cpp/ggml/src/ggml-cuda/ggml-cuda.cu:847 calls=150 total_ms=0.246 avg_us=1.640 max_us=21
=== END CUDA SYNC PROFILE ===
backend-sync-trace: count=8900 backend=CUDA0 caller=ggml_backend_sched_graph_compute_async_ext+0xcb8

=== CUDA SYNC PROFILE (instrumentation only) ===
total_syncs = 8900
total_wait_ms = 5215.897
max_wait_us = 140269
sites = 5
wait_hist_us = logarithmic buckets
  hist[0] = 8021
  hist[1] = 501
  hist[2] = 38
  hist[3] = 21
  hist[4] = 3
  hist[5] = 1
  hist[9] = 55
  hist[10] = 119
  hist[11] = 36
  hist[14] = 33
  hist[15] = 59
  hist[16] = 12
  hist[17] = 1
by_callsite (caller PC; symbolize with addr2line):
   0 caller=0x759fa2480c8a calls=3693 total_ms=5212.820 avg_us=1411.541 max_us=140269
   1 caller=0x759fa24800b8 calls=2871 total_ms=1.172 avg_us=0.408 max_us=25
   2 caller=0x759fa2480098 calls=1062 total_ms=0.973 avg_us=0.916 max_us=12
   3 caller=0x759fa247f28a calls=212 total_ms=0.477 avg_us=2.250 max_us=11
   4 caller=0x759fa24800d5 calls=1062 total_ms=0.455 avg_us=0.428 max_us=15
direct_cudaStreamSynchronize: calls=4069 total_ms=22.556 max_us=2583
by_direct_callsite (file:line):
   0 /opt/llama.cpp/ggml/src/ggml-cuda/ggml-cuda.cu:839 calls=3716 total_ms=16.022 avg_us=4.312 max_us=356
   1 /opt/llama.cpp/ggml/src/ggml-cuda/ggml-cuda.cu:900 calls=12 total_ms=5.894 avg_us=491.167 max_us=2583
   2 /opt/llama.cpp/ggml/src/ggml-cuda/ggml-cuda.cu:2665 calls=191 total_ms=0.394 avg_us=2.063 max_us=11
   3 /opt/llama.cpp/ggml/src/ggml-cuda/ggml-cuda.cu:847 calls=150 total_ms=0.246 avg_us=1.640 max_us=21
=== END CUDA SYNC PROFILE ===

=== CUDA SYNC PROFILE (instrumentation only) ===
total_syncs = 8981
total_wait_ms = 5253.817
max_wait_us = 140269
sites = 5
wait_hist_us = logarithmic buckets
  hist[0] = 8095
  hist[1] = 504
  hist[2] = 39
  hist[3] = 21
  hist[4] = 3
  hist[5] = 1
  hist[9] = 57
  hist[10] = 119
  hist[11] = 36
  hist[14] = 33
  hist[15] = 60
  hist[16] = 12
  hist[17] = 1
by_callsite (caller PC; symbolize with addr2line):
   0 caller=0x759fa2480c8a calls=3730 total_ms=5250.711 avg_us=1407.697 max_us=140269
   1 caller=0x759fa24800b8 calls=2893 total_ms=1.183 avg_us=0.409 max_us=25
   2 caller=0x759fa2480098 calls=1072 total_ms=0.983 avg_us=0.917 max_us=12
   3 caller=0x759fa247f28a calls=214 total_ms=0.481 avg_us=2.248 max_us=11
   4 caller=0x759fa24800d5 calls=1072 total_ms=0.459 avg_us=0.428 max_us=15
direct_cudaStreamSynchronize: calls=4100 total_ms=22.689 max_us=2583
by_direct_callsite (file:line):
   0 /opt/llama.cpp/ggml/src/ggml-cuda/ggml-cuda.cu:839 calls=3747 total_ms=16.155 avg_us=4.311 max_us=356
   1 /opt/llama.cpp/ggml/src/ggml-cuda/ggml-cuda.cu:900 calls=12 total_ms=5.894 avg_us=491.167 max_us=2583
   2 /opt/llama.cpp/ggml/src/ggml-cuda/ggml-cuda.cu:2665 calls=191 total_ms=0.394 avg_us=2.063 max_us=11
   3 /opt/llama.cpp/ggml/src/ggml-cuda/ggml-cuda.cu:847 calls=150 total_ms=0.246 avg_us=1.640 max_us=21
=== END CUDA SYNC PROFILE ===
backend-sync-trace: count=9000 backend=CUDA0 caller=ggml_backend_sched_synchronize+0x3a

=== CUDA SYNC PROFILE (instrumentation only) ===
total_syncs = 9000
total_wait_ms = 5289.902
max_wait_us = 140269
sites = 5
wait_hist_us = logarithmic buckets
  hist[0] = 8112
  hist[1] = 505
  hist[2] = 39
  hist[3] = 21
  hist[4] = 3
  hist[5] = 1
  hist[9] = 57
  hist[10] = 119
  hist[11] = 36
  hist[14] = 33
  hist[15] = 61
  hist[16] = 12
  hist[17] = 1
by_callsite (caller PC; symbolize with addr2line):
   0 caller=0x759fa2480c8a calls=3734 total_ms=5286.790 avg_us=1415.852 max_us=140269
   1 caller=0x759fa24800b8 calls=2903 total_ms=1.188 avg_us=0.409 max_us=25
   2 caller=0x759fa2480098 calls=1074 total_ms=0.983 avg_us=0.915 max_us=12
   3 caller=0x759fa247f28a calls=215 total_ms=0.482 avg_us=2.242 max_us=11
   4 caller=0x759fa24800d5 calls=1074 total_ms=0.459 avg_us=0.427 max_us=15
direct_cudaStreamSynchronize: calls=4111 total_ms=22.730 max_us=2583
by_direct_callsite (file:line):
   0 /opt/llama.cpp/ggml/src/ggml-cuda/ggml-cuda.cu:839 calls=3758 total_ms=16.196 avg_us=4.310 max_us=356
   1 /opt/llama.cpp/ggml/src/ggml-cuda/ggml-cuda.cu:900 calls=12 total_ms=5.894 avg_us=491.167 max_us=2583
   2 /opt/llama.cpp/ggml/src/ggml-cuda/ggml-cuda.cu:2665 calls=191 total_ms=0.394 avg_us=2.063 max_us=11
   3 /opt/llama.cpp/ggml/src/ggml-cuda/ggml-cuda.cu:847 calls=150 total_ms=0.246 avg_us=1.640 max_us=21
=== END CUDA SYNC PROFILE ===
backend-sync-trace: count=9100 backend=CUDA0 caller=ggml_backend_sched_synchronize+0x3a

=== CUDA SYNC PROFILE (instrumentation only) ===
total_syncs = 9100
total_wait_ms = 5323.114
max_wait_us = 140269
sites = 5
wait_hist_us = logarithmic buckets
  hist[0] = 8203
  hist[1] = 510
  hist[2] = 39
  hist[3] = 21
  hist[4] = 3
  hist[5] = 1
  hist[9] = 57
  hist[10] = 122
  hist[11] = 36
  hist[14] = 34
  hist[15] = 61
  hist[16] = 12
  hist[17] = 1
by_callsite (caller PC; symbolize with addr2line):
   0 caller=0x759fa2480c8a calls=3776 total_ms=5319.972 avg_us=1408.891 max_us=140269
   1 caller=0x759fa24800b8 calls=2934 total_ms=1.199 avg_us=0.409 max_us=25
   2 caller=0x759fa2480098 calls=1086 total_ms=0.994 avg_us=0.915 max_us=12
   3 caller=0x759fa247f28a calls=218 total_ms=0.488 avg_us=2.239 max_us=11
   4 caller=0x759fa24800d5 calls=1086 total_ms=0.461 avg_us=0.424 max_us=15
direct_cudaStreamSynchronize: calls=4152 total_ms=22.890 max_us=2583
by_direct_callsite (file:line):
   0 /opt/llama.cpp/ggml/src/ggml-cuda/ggml-cuda.cu:839 calls=3799 total_ms=16.356 avg_us=4.305 max_us=356
   1 /opt/llama.cpp/ggml/src/ggml-cuda/ggml-cuda.cu:900 calls=12 total_ms=5.894 avg_us=491.167 max_us=2583
   2 /opt/llama.cpp/ggml/src/ggml-cuda/ggml-cuda.cu:2665 calls=191 total_ms=0.394 avg_us=2.063 max_us=11
   3 /opt/llama.cpp/ggml/src/ggml-cuda/ggml-cuda.cu:847 calls=150 total_ms=0.246 avg_us=1.640 max_us=21
=== END CUDA SYNC PROFILE ===
backend-sync-trace: count=9200 backend=CUDA0 caller=ggml_backend_sched_graph_compute_async_ext+0xcd5

=== CUDA SYNC PROFILE (instrumentation only) ===
total_syncs = 9200
total_wait_ms = 5352.345
max_wait_us = 140269
sites = 5
wait_hist_us = logarithmic buckets
  hist[0] = 8295
  hist[1] = 514
  hist[2] = 39
  hist[3] = 21
  hist[4] = 3
  hist[5] = 1
  hist[9] = 58
  hist[10] = 124
  hist[11] = 36
  hist[14] = 35
  hist[15] = 61
  hist[16] = 12
  hist[17] = 1
by_callsite (caller PC; symbolize with addr2line):
   0 caller=0x759fa2480c8a calls=3817 total_ms=5349.171 avg_us=1401.407 max_us=140269
   1 caller=0x759fa24800b8 calls=2965 total_ms=1.210 avg_us=0.408 max_us=25
   2 caller=0x759fa2480098 calls=1099 total_ms=1.007 avg_us=0.916 max_us=12
   3 caller=0x759fa247f28a calls=220 total_ms=0.492 avg_us=2.236 max_us=11
   4 caller=0x759fa24800d5 calls=1099 total_ms=0.465 avg_us=0.423 max_us=15
direct_cudaStreamSynchronize: calls=4193 total_ms=23.045 max_us=2583
by_direct_callsite (file:line):
   0 /opt/llama.cpp/ggml/src/ggml-cuda/ggml-cuda.cu:839 calls=3840 total_ms=16.511 avg_us=4.300 max_us=356
   1 /opt/llama.cpp/ggml/src/ggml-cuda/ggml-cuda.cu:900 calls=12 total_ms=5.894 avg_us=491.167 max_us=2583
   2 /opt/llama.cpp/ggml/src/ggml-cuda/ggml-cuda.cu:2665 calls=191 total_ms=0.394 avg_us=2.063 max_us=11
   3 /opt/llama.cpp/ggml/src/ggml-cuda/ggml-cuda.cu:847 calls=150 total_ms=0.246 avg_us=1.640 max_us=21
=== END CUDA SYNC PROFILE ===

=== CUDA SYNC PROFILE (instrumentation only) ===
total_syncs = 9210
total_wait_ms = 5352.349
max_wait_us = 140269
sites = 5
wait_hist_us = logarithmic buckets
  hist[0] = 8305
  hist[1] = 514
  hist[2] = 39
  hist[3] = 21
  hist[4] = 3
  hist[5] = 1
  hist[9] = 58
  hist[10] = 124
  hist[11] = 36
  hist[14] = 35
  hist[15] = 61
  hist[16] = 12
  hist[17] = 1
by_callsite (caller PC; symbolize with addr2line):
   0 caller=0x759fa2480c8a calls=3817 total_ms=5349.171 avg_us=1401.407 max_us=140269
   1 caller=0x759fa24800b8 calls=2969 total_ms=1.212 avg_us=0.408 max_us=25
   2 caller=0x759fa2480098 calls=1102 total_ms=1.009 avg_us=0.916 max_us=12
   3 caller=0x759fa247f28a calls=220 total_ms=0.492 avg_us=2.236 max_us=11
   4 caller=0x759fa24800d5 calls=1102 total_ms=0.465 avg_us=0.422 max_us=15
direct_cudaStreamSynchronize: calls=4200 total_ms=23.089 max_us=2583
by_direct_callsite (file:line):
   0 /opt/llama.cpp/ggml/src/ggml-cuda/ggml-cuda.cu:839 calls=3847 total_ms=16.555 avg_us=4.303 max_us=356
   1 /opt/llama.cpp/ggml/src/ggml-cuda/ggml-cuda.cu:900 calls=12 total_ms=5.894 avg_us=491.167 max_us=2583
   2 /opt/llama.cpp/ggml/src/ggml-cuda/ggml-cuda.cu:2665 calls=191 total_ms=0.394 avg_us=2.063 max_us=11
   3 /opt/llama.cpp/ggml/src/ggml-cuda/ggml-cuda.cu:847 calls=150 total_ms=0.246 avg_us=1.640 max_us=21
=== END CUDA SYNC PROFILE ===
backend-sync-trace: count=9300 backend=CUDA0 caller=ggml_backend_sched_graph_compute_async_ext+0xcd5

=== CUDA SYNC PROFILE (instrumentation only) ===
total_syncs = 9300
total_wait_ms = 5417.523
max_wait_us = 140269
sites = 5
wait_hist_us = logarithmic buckets
  hist[0] = 8388
  hist[1] = 517
  hist[2] = 39
  hist[3] = 21
  hist[4] = 3
  hist[5] = 1
  hist[9] = 59
  hist[10] = 125
  hist[11] = 36
  hist[14] = 37
  hist[15] = 61
  hist[16] = 12
  hist[17] = 1
by_callsite (caller PC; symbolize with addr2line):
   0 caller=0x759fa2480c8a calls=3844 total_ms=5414.316 avg_us=1408.511 max_us=140269
   1 caller=0x759fa24800b8 calls=3007 total_ms=1.226 avg_us=0.408 max_us=25
   2 caller=0x759fa2480098 calls=1113 total_ms=1.016 avg_us=0.913 max_us=12
   3 caller=0x759fa247f28a calls=223 total_ms=0.497 avg_us=2.229 max_us=11
   4 caller=0x759fa24800d5 calls=1113 total_ms=0.468 avg_us=0.420 max_us=15
direct_cudaStreamSynchronize: calls=4246 total_ms=23.260 max_us=2583
by_direct_callsite (file:line):
   0 /opt/llama.cpp/ggml/src/ggml-cuda/ggml-cuda.cu:839 calls=3893 total_ms=16.726 avg_us=4.296 max_us=356
   1 /opt/llama.cpp/ggml/src/ggml-cuda/ggml-cuda.cu:900 calls=12 total_ms=5.894 avg_us=491.167 max_us=2583
   2 /opt/llama.cpp/ggml/src/ggml-cuda/ggml-cuda.cu:2665 calls=191 total_ms=0.394 avg_us=2.063 max_us=11
   3 /opt/llama.cpp/ggml/src/ggml-cuda/ggml-cuda.cu:847 calls=150 total_ms=0.246 avg_us=1.640 max_us=21
=== END CUDA SYNC PROFILE ===
backend-sync-trace: count=9400 backend=CUDA0 caller=ggml_backend_sched_synchronize+0x3a

=== CUDA SYNC PROFILE (instrumentation only) ===
total_syncs = 9400
total_wait_ms = 5448.985
max_wait_us = 140269
sites = 5
wait_hist_us = logarithmic buckets
  hist[0] = 8482
  hist[1] = 520
  hist[2] = 39
  hist[3] = 21
  hist[4] = 3
  hist[5] = 1
  hist[9] = 60
  hist[10] = 126
  hist[11] = 36
  hist[14] = 38
  hist[15] = 61
  hist[16] = 12
  hist[17] = 1
by_callsite (caller PC; symbolize with addr2line):
   0 caller=0x759fa2480c8a calls=3889 total_ms=5445.751 avg_us=1400.296 max_us=140269
   1 caller=0x759fa24800b8 calls=3038 total_ms=1.236 avg_us=0.407 max_us=25
   2 caller=0x759fa2480098 calls=1124 total_ms=1.024 avg_us=0.911 max_us=12
   3 caller=0x759fa247f28a calls=225 total_ms=0.501 avg_us=2.227 max_us=11
   4 caller=0x759fa24800d5 calls=1124 total_ms=0.473 avg_us=0.421 max_us=15
direct_cudaStreamSynchronize: calls=4286 total_ms=23.442 max_us=2583
by_direct_callsite (file:line):
   0 /opt/llama.cpp/ggml/src/ggml-cuda/ggml-cuda.cu:839 calls=3933 total_ms=16.908 avg_us=4.299 max_us=356
   1 /opt/llama.cpp/ggml/src/ggml-cuda/ggml-cuda.cu:900 calls=12 total_ms=5.894 avg_us=491.167 max_us=2583
   2 /opt/llama.cpp/ggml/src/ggml-cuda/ggml-cuda.cu:2665 calls=191 total_ms=0.394 avg_us=2.063 max_us=11
   3 /opt/llama.cpp/ggml/src/ggml-cuda/ggml-cuda.cu:847 calls=150 total_ms=0.246 avg_us=1.640 max_us=21
=== END CUDA SYNC PROFILE ===

=== CUDA SYNC PROFILE (instrumentation only) ===
total_syncs = 9436
total_wait_ms = 5452.786
max_wait_us = 140269
sites = 5
wait_hist_us = logarithmic buckets
  hist[0] = 8514
  hist[1] = 522
  hist[2] = 39
  hist[3] = 21
  hist[4] = 3
  hist[5] = 1
  hist[9] = 60
  hist[10] = 127
  hist[11] = 37
  hist[14] = 38
  hist[15] = 61
  hist[16] = 12
  hist[17] = 1
by_callsite (caller PC; symbolize with addr2line):
   0 caller=0x759fa2480c8a calls=3904 total_ms=5449.539 avg_us=1395.886 max_us=140269
   1 caller=0x759fa24800b8 calls=3046 total_ms=1.239 avg_us=0.407 max_us=25
   2 caller=0x759fa2480098 calls=1130 total_ms=1.029 avg_us=0.911 max_us=12
   3 caller=0x759fa247f28a calls=226 total_ms=0.503 avg_us=2.226 max_us=11
   4 caller=0x759fa24800d5 calls=1130 total_ms=0.476 avg_us=0.421 max_us=15
direct_cudaStreamSynchronize: calls=4300 total_ms=23.488 max_us=2583
by_direct_callsite (file:line):
   0 /opt/llama.cpp/ggml/src/ggml-cuda/ggml-cuda.cu:839 calls=3947 total_ms=16.954 avg_us=4.295 max_us=356
   1 /opt/llama.cpp/ggml/src/ggml-cuda/ggml-cuda.cu:900 calls=12 total_ms=5.894 avg_us=491.167 max_us=2583
   2 /opt/llama.cpp/ggml/src/ggml-cuda/ggml-cuda.cu:2665 calls=191 total_ms=0.394 avg_us=2.063 max_us=11
   3 /opt/llama.cpp/ggml/src/ggml-cuda/ggml-cuda.cu:847 calls=150 total_ms=0.246 avg_us=1.640 max_us=21
=== END CUDA SYNC PROFILE ===
backend-sync-trace: count=9500 backend=CUDA0 caller=ggml_backend_sched_synchronize+0x3a

=== CUDA SYNC PROFILE (instrumentation only) ===
total_syncs = 9500
total_wait_ms = 5483.997
max_wait_us = 140269
sites = 5
wait_hist_us = logarithmic buckets
  hist[0] = 8572
  hist[1] = 525
  hist[2] = 39
  hist[3] = 21
  hist[4] = 3
  hist[5] = 1
  hist[9] = 60
  hist[10] = 129
  hist[11] = 37
  hist[14] = 39
  hist[15] = 61
  hist[16] = 12
  hist[17] = 1
by_callsite (caller PC; symbolize with addr2line):
   0 caller=0x759fa2480c8a calls=3923 total_ms=5480.731 avg_us=1397.076 max_us=140269
   1 caller=0x759fa24800b8 calls=3073 total_ms=1.248 avg_us=0.406 max_us=25
   2 caller=0x759fa2480098 calls=1138 total_ms=1.032 avg_us=0.907 max_us=12
   3 caller=0x759fa247f28a calls=228 total_ms=0.507 avg_us=2.224 max_us=11
   4 caller=0x759fa24800d5 calls=1138 total_ms=0.479 avg_us=0.421 max_us=15
direct_cudaStreamSynchronize: calls=4333 total_ms=23.617 max_us=2583
by_direct_callsite (file:line):
   0 /opt/llama.cpp/ggml/src/ggml-cuda/ggml-cuda.cu:839 calls=3980 total_ms=17.083 avg_us=4.292 max_us=356
   1 /opt/llama.cpp/ggml/src/ggml-cuda/ggml-cuda.cu:900 calls=12 total_ms=5.894 avg_us=491.167 max_us=2583
   2 /opt/llama.cpp/ggml/src/ggml-cuda/ggml-cuda.cu:2665 calls=191 total_ms=0.394 avg_us=2.063 max_us=11
   3 /opt/llama.cpp/ggml/src/ggml-cuda/ggml-cuda.cu:847 calls=150 total_ms=0.246 avg_us=1.640 max_us=21
=== END CUDA SYNC PROFILE ===
backend-sync-trace: count=9600 backend=CUDA0 caller=ggml_backend_sched_graph_compute_async_ext+0xcd5

=== CUDA SYNC PROFILE (instrumentation only) ===
total_syncs = 9600
total_wait_ms = 5520.900
max_wait_us = 140269
sites = 5
wait_hist_us = logarithmic buckets
  hist[0] = 8665
  hist[1] = 529
  hist[2] = 39
  hist[3] = 21
  hist[4] = 3
  hist[5] = 1
  hist[9] = 60
  hist[10] = 130
  hist[11] = 38
  hist[14] = 40
  hist[15] = 61
  hist[16] = 12
  hist[17] = 1
by_callsite (caller PC; symbolize with addr2line):
   0 caller=0x759fa2480c8a calls=3966 total_ms=5517.607 avg_us=1391.227 max_us=140269
   1 caller=0x759fa24800b8 calls=3100 total_ms=1.254 avg_us=0.405 max_us=25
   2 caller=0x759fa2480098 calls=1152 total_ms=1.045 avg_us=0.907 max_us=12
   3 caller=0x759fa247f28a calls=230 total_ms=0.511 avg_us=2.222 max_us=11
   4 caller=0x759fa24800d5 calls=1152 total_ms=0.483 avg_us=0.419 max_us=15
direct_cudaStreamSynchronize: calls=4370 total_ms=23.766 max_us=2583
by_direct_callsite (file:line):
   0 /opt/llama.cpp/ggml/src/ggml-cuda/ggml-cuda.cu:839 calls=4017 total_ms=17.232 avg_us=4.290 max_us=356
   1 /opt/llama.cpp/ggml/src/ggml-cuda/ggml-cuda.cu:900 calls=12 total_ms=5.894 avg_us=491.167 max_us=2583
   2 /opt/llama.cpp/ggml/src/ggml-cuda/ggml-cuda.cu:2665 calls=191 total_ms=0.394 avg_us=2.063 max_us=11
   3 /opt/llama.cpp/ggml/src/ggml-cuda/ggml-cuda.cu:847 calls=150 total_ms=0.246 avg_us=1.640 max_us=21
=== END CUDA SYNC PROFILE ===
1.10.076.987 I slot print_timing: id  0 | task 0 | n_gen =    271, tg =  44.10 t/s, tg_3s =  51.79 t/s

=== CUDA SYNC PROFILE (instrumentation only) ===
total_syncs = 9656
total_wait_ms = 5606.902
max_wait_us = 140269
sites = 5
wait_hist_us = logarithmic buckets
  hist[0] = 8718
  hist[1] = 530
  hist[2] = 39
  hist[3] = 21
  hist[4] = 3
  hist[5] = 1
  hist[9] = 60
  hist[10] = 130
  hist[11] = 39
  hist[14] = 40
  hist[15] = 61
  hist[16] = 13
  hist[17] = 1
by_callsite (caller PC; symbolize with addr2line):
   0 caller=0x759fa2480c8a calls=3984 total_ms=5603.594 avg_us=1406.525 max_us=140269
   1 caller=0x759fa24800b8 calls=3124 total_ms=1.261 avg_us=0.404 max_us=25
   2 caller=0x759fa2480098 calls=1158 total_ms=1.049 avg_us=0.906 max_us=12
   3 caller=0x759fa247f28a calls=232 total_ms=0.514 avg_us=2.216 max_us=11
   4 caller=0x759fa24800d5 calls=1158 total_ms=0.484 avg_us=0.418 max_us=15
direct_cudaStreamSynchronize: calls=4400 total_ms=23.889 max_us=2583
by_direct_callsite (file:line):
   0 /opt/llama.cpp/ggml/src/ggml-cuda/ggml-cuda.cu:839 calls=4047 total_ms=17.355 avg_us=4.288 max_us=356
   1 /opt/llama.cpp/ggml/src/ggml-cuda/ggml-cuda.cu:900 calls=12 total_ms=5.894 avg_us=491.167 max_us=2583
   2 /opt/llama.cpp/ggml/src/ggml-cuda/ggml-cuda.cu:2665 calls=191 total_ms=0.394 avg_us=2.063 max_us=11
   3 /opt/llama.cpp/ggml/src/ggml-cuda/ggml-cuda.cu:847 calls=150 total_ms=0.246 avg_us=1.640 max_us=21
=== END CUDA SYNC PROFILE ===
backend-sync-trace: count=9700 backend=CUDA0 caller=ggml_backend_sched_graph_compute_async_ext+0xcb8

=== CUDA SYNC PROFILE (instrumentation only) ===
total_syncs = 9700
total_wait_ms = 5657.261
max_wait_us = 140269
sites = 5
wait_hist_us = logarithmic buckets
  hist[0] = 8757
  hist[1] = 532
  hist[2] = 39
  hist[3] = 21
  hist[4] = 4
  hist[5] = 1
  hist[9] = 60
  hist[10] = 131
  hist[11] = 39
  hist[14] = 40
  hist[15] = 62
  hist[16] = 13
  hist[17] = 1
by_callsite (caller PC; symbolize with addr2line):
   0 caller=0x759fa2480c8a calls=3993 total_ms=5653.922 avg_us=1415.958 max_us=140269
   1 caller=0x759fa24800b8 calls=3146 total_ms=1.284 avg_us=0.408 max_us=25
   2 caller=0x759fa2480098 calls=1164 total_ms=1.052 avg_us=0.904 max_us=12
   3 caller=0x759fa247f28a calls=233 total_ms=0.515 avg_us=2.210 max_us=11
   4 caller=0x759fa24800d5 calls=1164 total_ms=0.488 avg_us=0.419 max_us=15
direct_cudaStreamSynchronize: calls=4426 total_ms=24.015 max_us=2583
by_direct_callsite (file:line):
   0 /opt/llama.cpp/ggml/src/ggml-cuda/ggml-cuda.cu:839 calls=4073 total_ms=17.481 avg_us=4.292 max_us=356
   1 /opt/llama.cpp/ggml/src/ggml-cuda/ggml-cuda.cu:900 calls=12 total_ms=5.894 avg_us=491.167 max_us=2583
   2 /opt/llama.cpp/ggml/src/ggml-cuda/ggml-cuda.cu:2665 calls=191 total_ms=0.394 avg_us=2.063 max_us=11
   3 /opt/llama.cpp/ggml/src/ggml-cuda/ggml-cuda.cu:847 calls=150 total_ms=0.246 avg_us=1.640 max_us=21
=== END CUDA SYNC PROFILE ===
backend-sync-trace: count=9800 backend=CUDA0 caller=ggml_backend_sched_graph_compute_async_ext+0xcd5

=== CUDA SYNC PROFILE (instrumentation only) ===
total_syncs = 9800
total_wait_ms = 5730.254
max_wait_us = 140269
sites = 5
wait_hist_us = logarithmic buckets
  hist[0] = 8851
  hist[1] = 535
  hist[2] = 39
  hist[3] = 21
  hist[4] = 4
  hist[5] = 1
  hist[9] = 60
  hist[10] = 131
  hist[11] = 41
  hist[14] = 40
  hist[15] = 62
  hist[16] = 14
  hist[17] = 1
by_callsite (caller PC; symbolize with addr2line):
   0 caller=0x759fa2480c8a calls=4039 total_ms=5726.890 avg_us=1417.898 max_us=140269
   1 caller=0x759fa24800b8 calls=3173 total_ms=1.290 avg_us=0.407 max_us=25
   2 caller=0x759fa2480098 calls=1176 total_ms=1.062 avg_us=0.903 max_us=12
   3 caller=0x759fa247f28a calls=236 total_ms=0.520 avg_us=2.203 max_us=11
   4 caller=0x759fa24800d5 calls=1176 total_ms=0.492 avg_us=0.418 max_us=15
direct_cudaStreamSynchronize: calls=4462 total_ms=24.160 max_us=2583
by_direct_callsite (file:line):
   0 /opt/llama.cpp/ggml/src/ggml-cuda/ggml-cuda.cu:839 calls=4109 total_ms=17.626 avg_us=4.290 max_us=356
   1 /opt/llama.cpp/ggml/src/ggml-cuda/ggml-cuda.cu:900 calls=12 total_ms=5.894 avg_us=491.167 max_us=2583
   2 /opt/llama.cpp/ggml/src/ggml-cuda/ggml-cuda.cu:2665 calls=191 total_ms=0.394 avg_us=2.063 max_us=11
   3 /opt/llama.cpp/ggml/src/ggml-cuda/ggml-cuda.cu:847 calls=150 total_ms=0.246 avg_us=1.640 max_us=21
=== END CUDA SYNC PROFILE ===

=== CUDA SYNC PROFILE (instrumentation only) ===
total_syncs = 9882
total_wait_ms = 5760.155
max_wait_us = 140269
sites = 5
wait_hist_us = logarithmic buckets
  hist[0] = 8928
  hist[1] = 537
  hist[2] = 39
  hist[3] = 21
  hist[4] = 4
  hist[5] = 1
  hist[9] = 60
  hist[10] = 133
  hist[11] = 41
  hist[14] = 41
  hist[15] = 62
  hist[16] = 14
  hist[17] = 1
by_callsite (caller PC; symbolize with addr2line):
   0 caller=0x759fa2480c8a calls=4070 total_ms=5756.769 avg_us=1414.440 max_us=140269
   1 caller=0x759fa24800b8 calls=3202 total_ms=1.300 avg_us=0.406 max_us=25
   2 caller=0x759fa2480098 calls=1186 total_ms=1.069 avg_us=0.901 max_us=12
   3 caller=0x759fa247f28a calls=238 total_ms=0.523 avg_us=2.197 max_us=11
   4 caller=0x759fa24800d5 calls=1186 total_ms=0.494 avg_us=0.417 max_us=15
direct_cudaStreamSynchronize: calls=4500 total_ms=24.309 max_us=2583
by_direct_callsite (file:line):
   0 /opt/llama.cpp/ggml/src/ggml-cuda/ggml-cuda.cu:839 calls=4147 total_ms=17.775 avg_us=4.286 max_us=356
   1 /opt/llama.cpp/ggml/src/ggml-cuda/ggml-cuda.cu:900 calls=12 total_ms=5.894 avg_us=491.167 max_us=2583
   2 /opt/llama.cpp/ggml/src/ggml-cuda/ggml-cuda.cu:2665 calls=191 total_ms=0.394 avg_us=2.063 max_us=11
   3 /opt/llama.cpp/ggml/src/ggml-cuda/ggml-cuda.cu:847 calls=150 total_ms=0.246 avg_us=1.640 max_us=21
=== END CUDA SYNC PROFILE ===
backend-sync-trace: count=9900 backend=CUDA0 caller=ggml_backend_sched_synchronize+0x3a

=== CUDA SYNC PROFILE (instrumentation only) ===
total_syncs = 9900
total_wait_ms = 5763.121
max_wait_us = 140269
sites = 5
wait_hist_us = logarithmic buckets
  hist[0] = 8944
  hist[1] = 537
  hist[2] = 39
  hist[3] = 21
  hist[4] = 4
  hist[5] = 1
  hist[9] = 60
  hist[10] = 135
  hist[11] = 41
  hist[14] = 41
  hist[15] = 62
  hist[16] = 14
  hist[17] = 1
by_callsite (caller PC; symbolize with addr2line):
   0 caller=0x759fa2480c8a calls=4078 total_ms=5759.731 avg_us=1412.391 max_us=140269
   1 caller=0x759fa24800b8 calls=3208 total_ms=1.302 avg_us=0.406 max_us=25
   2 caller=0x759fa2480098 calls=1188 total_ms=1.071 avg_us=0.902 max_us=12
   3 caller=0x759fa247f28a calls=238 total_ms=0.523 avg_us=2.197 max_us=11
   4 caller=0x759fa24800d5 calls=1188 total_ms=0.494 avg_us=0.416 max_us=15
direct_cudaStreamSynchronize: calls=4508 total_ms=24.335 max_us=2583
by_direct_callsite (file:line):
   0 /opt/llama.cpp/ggml/src/ggml-cuda/ggml-cuda.cu:839 calls=4155 total_ms=17.801 avg_us=4.284 max_us=356
   1 /opt/llama.cpp/ggml/src/ggml-cuda/ggml-cuda.cu:900 calls=12 total_ms=5.894 avg_us=491.167 max_us=2583
   2 /opt/llama.cpp/ggml/src/ggml-cuda/ggml-cuda.cu:2665 calls=191 total_ms=0.394 avg_us=2.063 max_us=11
   3 /opt/llama.cpp/ggml/src/ggml-cuda/ggml-cuda.cu:847 calls=150 total_ms=0.246 avg_us=1.640 max_us=21
=== END CUDA SYNC PROFILE ===
backend-sync-trace: count=10000 backend=CUDA0 caller=ggml_backend_sched_graph_compute_async_ext+0xcb8

=== CUDA SYNC PROFILE (instrumentation only) ===
total_syncs = 10000
total_wait_ms = 5800.176
max_wait_us = 140269
sites = 5
wait_hist_us = logarithmic buckets
  hist[0] = 9035
  hist[1] = 542
  hist[2] = 40
  hist[3] = 21
  hist[4] = 4
  hist[5] = 1
  hist[9] = 61
  hist[10] = 136
  hist[11] = 41
  hist[14] = 41
  hist[15] = 63
  hist[16] = 14
  hist[17] = 1
by_callsite (caller PC; symbolize with addr2line):
   0 caller=0x759fa2480c8a calls=4115 total_ms=5796.750 avg_us=1408.688 max_us=140269
   1 caller=0x759fa24800b8 calls=3241 total_ms=1.315 avg_us=0.406 max_us=25
   2 caller=0x759fa2480098 calls=1202 total_ms=1.084 avg_us=0.902 max_us=12
   3 caller=0x759fa247f28a calls=240 total_ms=0.527 avg_us=2.196 max_us=11
   4 caller=0x759fa24800d5 calls=1202 total_ms=0.500 avg_us=0.416 max_us=15
direct_cudaStreamSynchronize: calls=4551 total_ms=24.523 max_us=2583
by_direct_callsite (file:line):
   0 /opt/llama.cpp/ggml/src/ggml-cuda/ggml-cuda.cu:839 calls=4198 total_ms=17.989 avg_us=4.285 max_us=356
   1 /opt/llama.cpp/ggml/src/ggml-cuda/ggml-cuda.cu:900 calls=12 total_ms=5.894 avg_us=491.167 max_us=2583
   2 /opt/llama.cpp/ggml/src/ggml-cuda/ggml-cuda.cu:2665 calls=191 total_ms=0.394 avg_us=2.063 max_us=11
   3 /opt/llama.cpp/ggml/src/ggml-cuda/ggml-cuda.cu:847 calls=150 total_ms=0.246 avg_us=1.640 max_us=21
=== END CUDA SYNC PROFILE ===

=== CUDA SYNC PROFILE (instrumentation only) ===
total_syncs = 10092
total_wait_ms = 5873.786
max_wait_us = 140269
sites = 5
wait_hist_us = logarithmic buckets
  hist[0] = 9117
  hist[1] = 548
  hist[2] = 40
  hist[3] = 21
  hist[4] = 4
  hist[5] = 1
  hist[9] = 61
  hist[10] = 138
  hist[11] = 41
  hist[14] = 42
  hist[15] = 64
  hist[16] = 14
  hist[17] = 1
by_callsite (caller PC; symbolize with addr2line):
   0 caller=0x759fa2480c8a calls=4142 total_ms=5870.334 avg_us=1417.270 max_us=140269
   1 caller=0x759fa24800b8 calls=3279 total_ms=1.322 avg_us=0.403 max_us=25
   2 caller=0x759fa2480098 calls=1214 total_ms=1.095 avg_us=0.902 max_us=12
   3 caller=0x759fa247f28a calls=243 total_ms=0.533 avg_us=2.193 max_us=11
   4 caller=0x759fa24800d5 calls=1214 total_ms=0.502 avg_us=0.414 max_us=15
direct_cudaStreamSynchronize: calls=4600 total_ms=24.715 max_us=2583
by_direct_callsite (file:line):
   0 /opt/llama.cpp/ggml/src/ggml-cuda/ggml-cuda.cu:839 calls=4247 total_ms=18.181 avg_us=4.281 max_us=356
   1 /opt/llama.cpp/ggml/src/ggml-cuda/ggml-cuda.cu:900 calls=12 total_ms=5.894 avg_us=491.167 max_us=2583
   2 /opt/llama.cpp/ggml/src/ggml-cuda/ggml-cuda.cu:2665 calls=191 total_ms=0.394 avg_us=2.063 max_us=11
   3 /opt/llama.cpp/ggml/src/ggml-cuda/ggml-cuda.cu:847 calls=150 total_ms=0.246 avg_us=1.640 max_us=21
=== END CUDA SYNC PROFILE ===
backend-sync-trace: count=10100 backend=CUDA0 caller=ggml_backend_sched_synchronize+0x3a

=== CUDA SYNC PROFILE (instrumentation only) ===
total_syncs = 10100
total_wait_ms = 5873.792
max_wait_us = 140269
sites = 5
wait_hist_us = logarithmic buckets
  hist[0] = 9124
  hist[1] = 549
  hist[2] = 40
  hist[3] = 21
  hist[4] = 4
  hist[5] = 1
  hist[9] = 61
  hist[10] = 138
  hist[11] = 41
  hist[14] = 42
  hist[15] = 64
  hist[16] = 14
  hist[17] = 1
by_callsite (caller PC; symbolize with addr2line):
   0 caller=0x759fa2480c8a calls=4148 total_ms=5870.340 avg_us=1415.222 max_us=140269
   1 caller=0x759fa24800b8 calls=3281 total_ms=1.322 avg_us=0.403 max_us=25
   2 caller=0x759fa2480098 calls=1214 total_ms=1.095 avg_us=0.902 max_us=12
   3 caller=0x759fa247f28a calls=243 total_ms=0.533 avg_us=2.193 max_us=11
   4 caller=0x759fa24800d5 calls=1214 total_ms=0.502 avg_us=0.414 max_us=15
direct_cudaStreamSynchronize: calls=4601 total_ms=24.718 max_us=2583
by_direct_callsite (file:line):
   0 /opt/llama.cpp/ggml/src/ggml-cuda/ggml-cuda.cu:839 calls=4248 total_ms=18.184 avg_us=4.281 max_us=356
   1 /opt/llama.cpp/ggml/src/ggml-cuda/ggml-cuda.cu:900 calls=12 total_ms=5.894 avg_us=491.167 max_us=2583
   2 /opt/llama.cpp/ggml/src/ggml-cuda/ggml-cuda.cu:2665 calls=191 total_ms=0.394 avg_us=2.063 max_us=11
   3 /opt/llama.cpp/ggml/src/ggml-cuda/ggml-cuda.cu:847 calls=150 total_ms=0.246 avg_us=1.640 max_us=21
=== END CUDA SYNC PROFILE ===
backend-sync-trace: count=10200 backend=CUDA0 caller=ggml_backend_sched_synchronize+0x3a

=== CUDA SYNC PROFILE (instrumentation only) ===
total_syncs = 10200
total_wait_ms = 5937.800
max_wait_us = 140269
sites = 5
wait_hist_us = logarithmic buckets
  hist[0] = 9215
  hist[1] = 554
  hist[2] = 40
  hist[3] = 21
  hist[4] = 4
  hist[5] = 1
  hist[9] = 61
  hist[10] = 140
  hist[11] = 42
  hist[14] = 42
  hist[15] = 65
  hist[16] = 14
  hist[17] = 1
by_callsite (caller PC; symbolize with addr2line):
   0 caller=0x759fa2480c8a calls=4190 total_ms=5934.316 avg_us=1416.305 max_us=140269
   1 caller=0x759fa24800b8 calls=3312 total_ms=1.334 avg_us=0.403 max_us=25
   2 caller=0x759fa2480098 calls=1226 total_ms=1.106 avg_us=0.902 max_us=12
   3 caller=0x759fa247f28a calls=246 total_ms=0.538 avg_us=2.187 max_us=11
   4 caller=0x759fa24800d5 calls=1226 total_ms=0.506 avg_us=0.413 max_us=15
direct_cudaStreamSynchronize: calls=4642 total_ms=24.882 max_us=2583
by_direct_callsite (file:line):
   0 /opt/llama.cpp/ggml/src/ggml-cuda/ggml-cuda.cu:839 calls=4289 total_ms=18.348 avg_us=4.278 max_us=356
   1 /opt/llama.cpp/ggml/src/ggml-cuda/ggml-cuda.cu:900 calls=12 total_ms=5.894 avg_us=491.167 max_us=2583
   2 /opt/llama.cpp/ggml/src/ggml-cuda/ggml-cuda.cu:2665 calls=191 total_ms=0.394 avg_us=2.063 max_us=11
   3 /opt/llama.cpp/ggml/src/ggml-cuda/ggml-cuda.cu:847 calls=150 total_ms=0.246 avg_us=1.640 max_us=21
=== END CUDA SYNC PROFILE ===
backend-sync-trace: count=10300 backend=CUDA0 caller=ggml_backend_sched_synchronize+0x3a

=== CUDA SYNC PROFILE (instrumentation only) ===
total_syncs = 10300
total_wait_ms = 5979.525
max_wait_us = 140269
sites = 5
wait_hist_us = logarithmic buckets
  hist[0] = 9309
  hist[1] = 556
  hist[2] = 40
  hist[3] = 21
  hist[4] = 4
  hist[5] = 1
  hist[9] = 62
  hist[10] = 142
  hist[11] = 42
  hist[14] = 42
  hist[15] = 66
  hist[16] = 14
  hist[17] = 1
by_callsite (caller PC; symbolize with addr2line):
   0 caller=0x759fa2480c8a calls=4233 total_ms=5976.014 avg_us=1411.768 max_us=140269
   1 caller=0x759fa24800b8 calls=3343 total_ms=1.344 avg_us=0.402 max_us=25
   2 caller=0x759fa2480098 calls=1238 total_ms=1.116 avg_us=0.901 max_us=12
   3 caller=0x759fa247f28a calls=248 total_ms=0.541 avg_us=2.181 max_us=11
   4 caller=0x759fa24800d5 calls=1238 total_ms=0.510 avg_us=0.412 max_us=15
direct_cudaStreamSynchronize: calls=4683 total_ms=25.041 max_us=2583
by_direct_callsite (file:line):
   0 /opt/llama.cpp/ggml/src/ggml-cuda/ggml-cuda.cu:839 calls=4330 total_ms=18.507 avg_us=4.274 max_us=356
   1 /opt/llama.cpp/ggml/src/ggml-cuda/ggml-cuda.cu:900 calls=12 total_ms=5.894 avg_us=491.167 max_us=2583
   2 /opt/llama.cpp/ggml/src/ggml-cuda/ggml-cuda.cu:2665 calls=191 total_ms=0.394 avg_us=2.063 max_us=11
   3 /opt/llama.cpp/ggml/src/ggml-cuda/ggml-cuda.cu:847 calls=150 total_ms=0.246 avg_us=1.640 max_us=21
=== END CUDA SYNC PROFILE ===

=== CUDA SYNC PROFILE (instrumentation only) ===
total_syncs = 10328
total_wait_ms = 5979.538
max_wait_us = 140269
sites = 5
wait_hist_us = logarithmic buckets
  hist[0] = 9336
  hist[1] = 557
  hist[2] = 40
  hist[3] = 21
  hist[4] = 4
  hist[5] = 1
  hist[9] = 62
  hist[10] = 142
  hist[11] = 42
  hist[14] = 42
  hist[15] = 66
  hist[16] = 14
  hist[17] = 1
by_callsite (caller PC; symbolize with addr2line):
   0 caller=0x759fa2480c8a calls=4239 total_ms=5976.017 avg_us=1409.770 max_us=140269
   1 caller=0x759fa24800b8 calls=3357 total_ms=1.348 avg_us=0.402 max_us=25
   2 caller=0x759fa2480098 calls=1242 total_ms=1.120 avg_us=0.902 max_us=12
   3 caller=0x759fa247f28a calls=248 total_ms=0.541 avg_us=2.181 max_us=11
   4 caller=0x759fa24800d5 calls=1242 total_ms=0.512 avg_us=0.412 max_us=15
direct_cudaStreamSynchronize: calls=4700 total_ms=25.112 max_us=2583
by_direct_callsite (file:line):
   0 /opt/llama.cpp/ggml/src/ggml-cuda/ggml-cuda.cu:839 calls=4347 total_ms=18.578 avg_us=4.274 max_us=356
   1 /opt/llama.cpp/ggml/src/ggml-cuda/ggml-cuda.cu:900 calls=12 total_ms=5.894 avg_us=491.167 max_us=2583
   2 /opt/llama.cpp/ggml/src/ggml-cuda/ggml-cuda.cu:2665 calls=191 total_ms=0.394 avg_us=2.063 max_us=11
   3 /opt/llama.cpp/ggml/src/ggml-cuda/ggml-cuda.cu:847 calls=150 total_ms=0.246 avg_us=1.640 max_us=21
=== END CUDA SYNC PROFILE ===
backend-sync-trace: count=10400 backend=CUDA0 caller=ggml_backend_sched_graph_compute_async_ext+0xcb8

=== CUDA SYNC PROFILE (instrumentation only) ===
total_syncs = 10400
total_wait_ms = 6010.420
max_wait_us = 140269
sites = 5
wait_hist_us = logarithmic buckets
  hist[0] = 9403
  hist[1] = 559
  hist[2] = 40
  hist[3] = 21
  hist[4] = 4
  hist[5] = 1
  hist[9] = 63
  hist[10] = 143
  hist[11] = 42
  hist[14] = 43
  hist[15] = 66
  hist[16] = 14
  hist[17] = 1
by_callsite (caller PC; symbolize with addr2line):
   0 caller=0x759fa2480c8a calls=4264 total_ms=6006.881 avg_us=1408.743 max_us=140269
   1 caller=0x759fa24800b8 calls=3382 total_ms=1.354 avg_us=0.400 max_us=25
   2 caller=0x759fa2480098 calls=1252 total_ms=1.125 avg_us=0.899 max_us=12
   3 caller=0x759fa247f28a calls=250 total_ms=0.544 avg_us=2.176 max_us=11
   4 caller=0x759fa24800d5 calls=1252 total_ms=0.516 avg_us=0.412 max_us=15
direct_cudaStreamSynchronize: calls=4732 total_ms=25.245 max_us=2583
by_direct_callsite (file:line):
   0 /opt/llama.cpp/ggml/src/ggml-cuda/ggml-cuda.cu:839 calls=4379 total_ms=18.711 avg_us=4.273 max_us=356
   1 /opt/llama.cpp/ggml/src/ggml-cuda/ggml-cuda.cu:900 calls=12 total_ms=5.894 avg_us=491.167 max_us=2583
   2 /opt/llama.cpp/ggml/src/ggml-cuda/ggml-cuda.cu:2665 calls=191 total_ms=0.394 avg_us=2.063 max_us=11
   3 /opt/llama.cpp/ggml/src/ggml-cuda/ggml-cuda.cu:847 calls=150 total_ms=0.246 avg_us=1.640 max_us=21
=== END CUDA SYNC PROFILE ===
backend-sync-trace: count=10500 backend=CUDA0 caller=ggml_backend_sched_synchronize+0x3a

=== CUDA SYNC PROFILE (instrumentation only) ===
total_syncs = 10500
total_wait_ms = 6073.270
max_wait_us = 140269
sites = 5
wait_hist_us = logarithmic buckets
  hist[0] = 9495
  hist[1] = 563
  hist[2] = 40
  hist[3] = 21
  hist[4] = 4
  hist[5] = 1
  hist[9] = 64
  hist[10] = 144
  hist[11] = 42
  hist[14] = 45
  hist[15] = 66
  hist[16] = 14
  hist[17] = 1
by_callsite (caller PC; symbolize with addr2line):
   0 caller=0x759fa2480c8a calls=4303 total_ms=6069.704 avg_us=1410.575 max_us=140269
   1 caller=0x759fa24800b8 calls=3416 total_ms=1.366 avg_us=0.400 max_us=25
   2 caller=0x759fa2480098 calls=1264 total_ms=1.132 avg_us=0.896 max_us=12
   3 caller=0x759fa247f28a calls=253 total_ms=0.549 avg_us=2.170 max_us=11
   4 caller=0x759fa24800d5 calls=1264 total_ms=0.519 avg_us=0.411 max_us=15
direct_cudaStreamSynchronize: calls=4776 total_ms=25.421 max_us=2583
by_direct_callsite (file:line):
   0 /opt/llama.cpp/ggml/src/ggml-cuda/ggml-cuda.cu:839 calls=4423 total_ms=18.887 avg_us=4.270 max_us=356
   1 /opt/llama.cpp/ggml/src/ggml-cuda/ggml-cuda.cu:900 calls=12 total_ms=5.894 avg_us=491.167 max_us=2583
   2 /opt/llama.cpp/ggml/src/ggml-cuda/ggml-cuda.cu:2665 calls=191 total_ms=0.394 avg_us=2.063 max_us=11
   3 /opt/llama.cpp/ggml/src/ggml-cuda/ggml-cuda.cu:847 calls=150 total_ms=0.246 avg_us=1.640 max_us=21
=== END CUDA SYNC PROFILE ===

=== CUDA SYNC PROFILE (instrumentation only) ===
total_syncs = 10563
total_wait_ms = 6076.583
max_wait_us = 140269
sites = 5
wait_hist_us = logarithmic buckets
  hist[0] = 9554
  hist[1] = 565
  hist[2] = 40
  hist[3] = 21
  hist[4] = 4
  hist[5] = 1
  hist[9] = 64
  hist[10] = 146
  hist[11] = 42
  hist[14] = 45
  hist[15] = 66
  hist[16] = 14
  hist[17] = 1
by_callsite (caller PC; symbolize with addr2line):
   0 caller=0x759fa2480c8a calls=4332 total_ms=6072.998 avg_us=1401.892 max_us=140269
   1 caller=0x759fa24800b8 calls=3433 total_ms=1.374 avg_us=0.400 max_us=25
   2 caller=0x759fa2480098 calls=1272 total_ms=1.137 avg_us=0.894 max_us=12
   3 caller=0x759fa247f28a calls=254 total_ms=0.551 avg_us=2.169 max_us=11
   4 caller=0x759fa24800d5 calls=1272 total_ms=0.523 avg_us=0.411 max_us=15
direct_cudaStreamSynchronize: calls=4800 total_ms=25.524 max_us=2583
by_direct_callsite (file:line):
   0 /opt/llama.cpp/ggml/src/ggml-cuda/ggml-cuda.cu:839 calls=4447 total_ms=18.990 avg_us=4.270 max_us=356
   1 /opt/llama.cpp/ggml/src/ggml-cuda/ggml-cuda.cu:900 calls=12 total_ms=5.894 avg_us=491.167 max_us=2583
   2 /opt/llama.cpp/ggml/src/ggml-cuda/ggml-cuda.cu:2665 calls=191 total_ms=0.394 avg_us=2.063 max_us=11
   3 /opt/llama.cpp/ggml/src/ggml-cuda/ggml-cuda.cu:847 calls=150 total_ms=0.246 avg_us=1.640 max_us=21
=== END CUDA SYNC PROFILE ===
backend-sync-trace: count=10600 backend=CUDA0 caller=ggml_backend_sched_synchronize+0x3a

=== CUDA SYNC PROFILE (instrumentation only) ===
total_syncs = 10600
total_wait_ms = 6125.612
max_wait_us = 140269
sites = 5
wait_hist_us = logarithmic buckets
  hist[0] = 9587
  hist[1] = 567
  hist[2] = 40
  hist[3] = 21
  hist[4] = 4
  hist[5] = 1
  hist[9] = 64
  hist[10] = 146
  hist[11] = 43
  hist[14] = 45
  hist[15] = 67
  hist[16] = 14
  hist[17] = 1
by_callsite (caller PC; symbolize with addr2line):
   0 caller=0x759fa2480c8a calls=4345 total_ms=6122.015 avg_us=1408.979 max_us=140269
   1 caller=0x759fa24800b8 calls=3447 total_ms=1.378 avg_us=0.400 max_us=25
   2 caller=0x759fa2480098 calls=1276 total_ms=1.140 avg_us=0.893 max_us=12
   3 caller=0x759fa247f28a calls=256 total_ms=0.554 avg_us=2.164 max_us=11
   4 caller=0x759fa24800d5 calls=1276 total_ms=0.525 avg_us=0.411 max_us=15
direct_cudaStreamSynchronize: calls=4817 total_ms=25.586 max_us=2583
by_direct_callsite (file:line):
   0 /opt/llama.cpp/ggml/src/ggml-cuda/ggml-cuda.cu:839 calls=4464 total_ms=19.052 avg_us=4.268 max_us=356
   1 /opt/llama.cpp/ggml/src/ggml-cuda/ggml-cuda.cu:900 calls=12 total_ms=5.894 avg_us=491.167 max_us=2583
   2 /opt/llama.cpp/ggml/src/ggml-cuda/ggml-cuda.cu:2665 calls=191 total_ms=0.394 avg_us=2.063 max_us=11
   3 /opt/llama.cpp/ggml/src/ggml-cuda/ggml-cuda.cu:847 calls=150 total_ms=0.246 avg_us=1.640 max_us=21
=== END CUDA SYNC PROFILE ===
backend-sync-trace: count=10700 backend=CUDA0 caller=ggml_backend_sched_synchronize+0x3a

=== CUDA SYNC PROFILE (instrumentation only) ===
total_syncs = 10700
total_wait_ms = 6163.501
max_wait_us = 140269
sites = 5
wait_hist_us = logarithmic buckets
  hist[0] = 9680
  hist[1] = 570
  hist[2] = 40
  hist[3] = 21
  hist[4] = 4
  hist[5] = 1
  hist[9] = 66
  hist[10] = 147
  hist[11] = 43
  hist[14] = 45
  hist[15] = 68
  hist[16] = 14
  hist[17] = 1
by_callsite (caller PC; symbolize with addr2line):
   0 caller=0x759fa2480c8a calls=4388 total_ms=6159.875 avg_us=1403.800 max_us=140269
   1 caller=0x759fa24800b8 calls=3478 total_ms=1.389 avg_us=0.399 max_us=25
   2 caller=0x759fa2480098 calls=1288 total_ms=1.152 avg_us=0.894 max_us=12
   3 caller=0x759fa247f28a calls=258 total_ms=0.558 avg_us=2.163 max_us=11
   4 caller=0x759fa24800d5 calls=1288 total_ms=0.527 avg_us=0.409 max_us=15
direct_cudaStreamSynchronize: calls=4858 total_ms=25.743 max_us=2583
by_direct_callsite (file:line):
   0 /opt/llama.cpp/ggml/src/ggml-cuda/ggml-cuda.cu:839 calls=4505 total_ms=19.209 avg_us=4.264 max_us=356
   1 /opt/llama.cpp/ggml/src/ggml-cuda/ggml-cuda.cu:900 calls=12 total_ms=5.894 avg_us=491.167 max_us=2583
   2 /opt/llama.cpp/ggml/src/ggml-cuda/ggml-cuda.cu:2665 calls=191 total_ms=0.394 avg_us=2.063 max_us=11
   3 /opt/llama.cpp/ggml/src/ggml-cuda/ggml-cuda.cu:847 calls=150 total_ms=0.246 avg_us=1.640 max_us=21
=== END CUDA SYNC PROFILE ===
backend-sync-trace: count=10800 backend=CUDA0 caller=ggml_backend_sched_graph_compute_async_ext+0xcd5

=== CUDA SYNC PROFILE (instrumentation only) ===
total_syncs = 10800
total_wait_ms = 6190.148
max_wait_us = 140269
sites = 5
wait_hist_us = logarithmic buckets
  hist[0] = 9773
  hist[1] = 573
  hist[2] = 40
  hist[3] = 21
  hist[4] = 5
  hist[5] = 1
  hist[9] = 67
  hist[10] = 148
  hist[11] = 43
  hist[14] = 46
  hist[15] = 68
  hist[16] = 14
  hist[17] = 1
by_callsite (caller PC; symbolize with addr2line):
   0 caller=0x759fa2480c8a calls=4431 total_ms=6186.491 avg_us=1396.184 max_us=140269
   1 caller=0x759fa24800b8 calls=3505 total_ms=1.400 avg_us=0.399 max_us=25
   2 caller=0x759fa2480098 calls=1302 total_ms=1.164 avg_us=0.894 max_us=12
   3 caller=0x759fa247f28a calls=260 total_ms=0.561 avg_us=2.158 max_us=11
   4 caller=0x759fa24800d5 calls=1302 total_ms=0.532 avg_us=0.409 max_us=15
direct_cudaStreamSynchronize: calls=4895 total_ms=25.891 max_us=2583
by_direct_callsite (file:line):
   0 /opt/llama.cpp/ggml/src/ggml-cuda/ggml-cuda.cu:839 calls=4542 total_ms=19.357 avg_us=4.262 max_us=356
   1 /opt/llama.cpp/ggml/src/ggml-cuda/ggml-cuda.cu:900 calls=12 total_ms=5.894 avg_us=491.167 max_us=2583
   2 /opt/llama.cpp/ggml/src/ggml-cuda/ggml-cuda.cu:2665 calls=191 total_ms=0.394 avg_us=2.063 max_us=11
   3 /opt/llama.cpp/ggml/src/ggml-cuda/ggml-cuda.cu:847 calls=150 total_ms=0.246 avg_us=1.640 max_us=21
=== END CUDA SYNC PROFILE ===

=== CUDA SYNC PROFILE (instrumentation only) ===
total_syncs = 10804
total_wait_ms = 6190.150
max_wait_us = 140269
sites = 5
wait_hist_us = logarithmic buckets
  hist[0] = 9777
  hist[1] = 573
  hist[2] = 40
  hist[3] = 21
  hist[4] = 5
  hist[5] = 1
  hist[9] = 67
  hist[10] = 148
  hist[11] = 43
  hist[14] = 46
  hist[15] = 68
  hist[16] = 14
  hist[17] = 1
by_callsite (caller PC; symbolize with addr2line):
   0 caller=0x759fa2480c8a calls=4431 total_ms=6186.491 avg_us=1396.184 max_us=140269
   1 caller=0x759fa24800b8 calls=3509 total_ms=1.402 avg_us=0.400 max_us=25
   2 caller=0x759fa2480098 calls=1302 total_ms=1.164 avg_us=0.894 max_us=12
   3 caller=0x759fa247f28a calls=260 total_ms=0.561 avg_us=2.158 max_us=11
   4 caller=0x759fa24800d5 calls=1302 total_ms=0.532 avg_us=0.409 max_us=15
direct_cudaStreamSynchronize: calls=4900 total_ms=25.927 max_us=2583
by_direct_callsite (file:line):
   0 /opt/llama.cpp/ggml/src/ggml-cuda/ggml-cuda.cu:839 calls=4547 total_ms=19.393 avg_us=4.265 max_us=356
   1 /opt/llama.cpp/ggml/src/ggml-cuda/ggml-cuda.cu:900 calls=12 total_ms=5.894 avg_us=491.167 max_us=2583
   2 /opt/llama.cpp/ggml/src/ggml-cuda/ggml-cuda.cu:2665 calls=191 total_ms=0.394 avg_us=2.063 max_us=11
   3 /opt/llama.cpp/ggml/src/ggml-cuda/ggml-cuda.cu:847 calls=150 total_ms=0.246 avg_us=1.640 max_us=21
=== END CUDA SYNC PROFILE ===
backend-sync-trace: count=10900 backend=CUDA0 caller=ggml_backend_sched_graph_compute_async_ext+0xcb8

=== CUDA SYNC PROFILE (instrumentation only) ===
total_syncs = 10900
total_wait_ms = 6259.532
max_wait_us = 140269
sites = 5
wait_hist_us = logarithmic buckets
  hist[0] = 9865
  hist[1] = 576
  hist[2] = 40
  hist[3] = 21
  hist[4] = 6
  hist[5] = 1
  hist[9] = 67
  hist[10] = 149
  hist[11] = 44
  hist[14] = 47
  hist[15] = 69
  hist[16] = 14
  hist[17] = 1
by_callsite (caller PC; symbolize with addr2line):
   0 caller=0x759fa2480c8a calls=4458 total_ms=6255.828 avg_us=1403.281 max_us=140269
   1 caller=0x759fa24800b8 calls=3551 total_ms=1.427 avg_us=0.402 max_us=25
   2 caller=0x759fa2480098 calls=1314 total_ms=1.171 avg_us=0.891 max_us=12
   3 caller=0x759fa247f28a calls=263 total_ms=0.566 avg_us=2.152 max_us=11
   4 caller=0x759fa24800d5 calls=1314 total_ms=0.540 avg_us=0.411 max_us=15
direct_cudaStreamSynchronize: calls=4951 total_ms=26.124 max_us=2583
by_direct_callsite (file:line):
   0 /opt/llama.cpp/ggml/src/ggml-cuda/ggml-cuda.cu:839 calls=4598 total_ms=19.590 avg_us=4.261 max_us=356
   1 /opt/llama.cpp/ggml/src/ggml-cuda/ggml-cuda.cu:900 calls=12 total_ms=5.894 avg_us=491.167 max_us=2583
   2 /opt/llama.cpp/ggml/src/ggml-cuda/ggml-cuda.cu:2665 calls=191 total_ms=0.394 avg_us=2.063 max_us=11
   3 /opt/llama.cpp/ggml/src/ggml-cuda/ggml-cuda.cu:847 calls=150 total_ms=0.246 avg_us=1.640 max_us=21
=== END CUDA SYNC PROFILE ===
backend-sync-trace: count=11000 backend=CUDA0 caller=ggml_backend_sched_synchronize+0x3a

=== CUDA SYNC PROFILE (instrumentation only) ===
total_syncs = 11000
total_wait_ms = 6315.856
max_wait_us = 140269
sites = 5
wait_hist_us = logarithmic buckets
  hist[0] = 9958
  hist[1] = 580
  hist[2] = 40
  hist[3] = 21
  hist[4] = 6
  hist[5] = 1
  hist[9] = 67
  hist[10] = 151
  hist[11] = 44
  hist[14] = 47
  hist[15] = 70
  hist[16] = 14
  hist[17] = 1
by_callsite (caller PC; symbolize with addr2line):
   0 caller=0x759fa2480c8a calls=4509 total_ms=6312.130 avg_us=1399.896 max_us=140269
   1 caller=0x759fa24800b8 calls=3578 total_ms=1.437 avg_us=0.402 max_us=25
   2 caller=0x759fa2480098 calls=1324 total_ms=1.176 avg_us=0.888 max_us=12
   3 caller=0x759fa247f28a calls=265 total_ms=0.570 avg_us=2.151 max_us=11
   4 caller=0x759fa24800d5 calls=1324 total_ms=0.543 avg_us=0.410 max_us=15
direct_cudaStreamSynchronize: calls=4986 total_ms=26.265 max_us=2583
by_direct_callsite (file:line):
   0 /opt/llama.cpp/ggml/src/ggml-cuda/ggml-cuda.cu:839 calls=4633 total_ms=19.731 avg_us=4.259 max_us=356
   1 /opt/llama.cpp/ggml/src/ggml-cuda/ggml-cuda.cu:900 calls=12 total_ms=5.894 avg_us=491.167 max_us=2583
   2 /opt/llama.cpp/ggml/src/ggml-cuda/ggml-cuda.cu:2665 calls=191 total_ms=0.394 avg_us=2.063 max_us=11
   3 /opt/llama.cpp/ggml/src/ggml-cuda/ggml-cuda.cu:847 calls=150 total_ms=0.246 avg_us=1.640 max_us=21
=== END CUDA SYNC PROFILE ===

=== CUDA SYNC PROFILE (instrumentation only) ===
total_syncs = 11042
total_wait_ms = 6321.070
max_wait_us = 140269
sites = 5
wait_hist_us = logarithmic buckets
  hist[0] = 9996
  hist[1] = 582
  hist[2] = 40
  hist[3] = 21
  hist[4] = 6
  hist[5] = 1
  hist[9] = 67
  hist[10] = 151
  hist[11] = 46
  hist[14] = 47
  hist[15] = 70
  hist[16] = 14
  hist[17] = 1
by_callsite (caller PC; symbolize with addr2line):
   0 caller=0x759fa2480c8a calls=4530 total_ms=6317.333 avg_us=1394.555 max_us=140269
   1 caller=0x759fa24800b8 calls=3586 total_ms=1.440 avg_us=0.402 max_us=25
   2 caller=0x759fa2480098 calls=1330 total_ms=1.182 avg_us=0.889 max_us=12
   3 caller=0x759fa247f28a calls=266 total_ms=0.572 avg_us=2.150 max_us=11
   4 caller=0x759fa24800d5 calls=1330 total_ms=0.543 avg_us=0.408 max_us=15
direct_cudaStreamSynchronize: calls=5000 total_ms=26.314 max_us=2583
by_direct_callsite (file:line):
   0 /opt/llama.cpp/ggml/src/ggml-cuda/ggml-cuda.cu:839 calls=4647 total_ms=19.780 avg_us=4.257 max_us=356
   1 /opt/llama.cpp/ggml/src/ggml-cuda/ggml-cuda.cu:900 calls=12 total_ms=5.894 avg_us=491.167 max_us=2583
   2 /opt/llama.cpp/ggml/src/ggml-cuda/ggml-cuda.cu:2665 calls=191 total_ms=0.394 avg_us=2.063 max_us=11
   3 /opt/llama.cpp/ggml/src/ggml-cuda/ggml-cuda.cu:847 calls=150 total_ms=0.246 avg_us=1.640 max_us=21
=== END CUDA SYNC PROFILE ===
backend-sync-trace: count=11100 backend=CUDA0 caller=ggml_backend_sched_synchronize+0x3a

=== CUDA SYNC PROFILE (instrumentation only) ===
total_syncs = 11100
total_wait_ms = 6420.207
max_wait_us = 140269
sites = 5
wait_hist_us = logarithmic buckets
  hist[0] = 10051
  hist[1] = 583
  hist[2] = 40
  hist[3] = 21
  hist[4] = 6
  hist[5] = 1
  hist[9] = 67
  hist[10] = 152
  hist[11] = 46
  hist[14] = 47
  hist[15] = 70
  hist[16] = 15
  hist[17] = 1
by_callsite (caller PC; symbolize with addr2line):
   0 caller=0x759fa2480c8a calls=4551 total_ms=6416.456 avg_us=1409.900 max_us=140269
   1 caller=0x759fa24800b8 calls=3609 total_ms=1.446 avg_us=0.401 max_us=25
   2 caller=0x759fa2480098 calls=1336 total_ms=1.184 avg_us=0.886 max_us=12
   3 caller=0x759fa247f28a calls=268 total_ms=0.575 avg_us=2.146 max_us=11
   4 caller=0x759fa24800d5 calls=1336 total_ms=0.546 avg_us=0.409 max_us=15
direct_cudaStreamSynchronize: calls=5027 total_ms=26.427 max_us=2583
by_direct_callsite (file:line):
   0 /opt/llama.cpp/ggml/src/ggml-cuda/ggml-cuda.cu:839 calls=4674 total_ms=19.893 avg_us=4.256 max_us=356
   1 /opt/llama.cpp/ggml/src/ggml-cuda/ggml-cuda.cu:900 calls=12 total_ms=5.894 avg_us=491.167 max_us=2583
   2 /opt/llama.cpp/ggml/src/ggml-cuda/ggml-cuda.cu:2665 calls=191 total_ms=0.394 avg_us=2.063 max_us=11
   3 /opt/llama.cpp/ggml/src/ggml-cuda/ggml-cuda.cu:847 calls=150 total_ms=0.246 avg_us=1.640 max_us=21
=== END CUDA SYNC PROFILE ===
backend-sync-trace: count=11200 backend=CUDA0 caller=ggml_backend_sched_synchronize+0x3a

=== CUDA SYNC PROFILE (instrumentation only) ===
total_syncs = 11200
total_wait_ms = 6472.337
max_wait_us = 140269
sites = 5
wait_hist_us = logarithmic buckets
  hist[0] = 10145
  hist[1] = 584
  hist[2] = 41
  hist[3] = 21
  hist[4] = 6
  hist[5] = 1
  hist[9] = 68
  hist[10] = 154
  hist[11] = 46
  hist[14] = 47
  hist[15] = 71
  hist[16] = 15
  hist[17] = 1
by_callsite (caller PC; symbolize with addr2line):
   0 caller=0x759fa2480c8a calls=4594 total_ms=6468.561 avg_us=1408.045 max_us=140269
   1 caller=0x759fa24800b8 calls=3640 total_ms=1.457 avg_us=0.400 max_us=25
   2 caller=0x759fa2480098 calls=1348 total_ms=1.191 avg_us=0.884 max_us=12
   3 caller=0x759fa247f28a calls=270 total_ms=0.577 avg_us=2.137 max_us=11
   4 caller=0x759fa24800d5 calls=1348 total_ms=0.551 avg_us=0.409 max_us=15
direct_cudaStreamSynchronize: calls=5068 total_ms=26.589 max_us=2583
by_direct_callsite (file:line):
   0 /opt/llama.cpp/ggml/src/ggml-cuda/ggml-cuda.cu:839 calls=4715 total_ms=20.055 avg_us=4.253 max_us=356
   1 /opt/llama.cpp/ggml/src/ggml-cuda/ggml-cuda.cu:900 calls=12 total_ms=5.894 avg_us=491.167 max_us=2583
   2 /opt/llama.cpp/ggml/src/ggml-cuda/ggml-cuda.cu:2665 calls=191 total_ms=0.394 avg_us=2.063 max_us=11
   3 /opt/llama.cpp/ggml/src/ggml-cuda/ggml-cuda.cu:847 calls=150 total_ms=0.246 avg_us=1.640 max_us=21
=== END CUDA SYNC PROFILE ===

=== CUDA SYNC PROFILE (instrumentation only) ===
total_syncs = 11280
total_wait_ms = 6515.705
max_wait_us = 140269
sites = 5
wait_hist_us = logarithmic buckets
  hist[0] = 10219
  hist[1] = 588
  hist[2] = 41
  hist[3] = 21
  hist[4] = 6
  hist[5] = 1
  hist[9] = 69
  hist[10] = 154
  hist[11] = 46
  hist[14] = 47
  hist[15] = 72
  hist[16] = 15
  hist[17] = 1
by_callsite (caller PC; symbolize with addr2line):
   0 caller=0x759fa2480c8a calls=4628 total_ms=6511.908 avg_us=1407.067 max_us=140269
   1 caller=0x759fa24800b8 calls=3664 total_ms=1.463 avg_us=0.399 max_us=25
   2 caller=0x759fa2480098 calls=1358 total_ms=1.198 avg_us=0.882 max_us=12
   3 caller=0x759fa247f28a calls=272 total_ms=0.581 avg_us=2.136 max_us=11
   4 caller=0x759fa24800d5 calls=1358 total_ms=0.555 avg_us=0.409 max_us=15
direct_cudaStreamSynchronize: calls=5100 total_ms=26.723 max_us=2583
by_direct_callsite (file:line):
   0 /opt/llama.cpp/ggml/src/ggml-cuda/ggml-cuda.cu:839 calls=4747 total_ms=20.189 avg_us=4.253 max_us=356
   1 /opt/llama.cpp/ggml/src/ggml-cuda/ggml-cuda.cu:900 calls=12 total_ms=5.894 avg_us=491.167 max_us=2583
   2 /opt/llama.cpp/ggml/src/ggml-cuda/ggml-cuda.cu:2665 calls=191 total_ms=0.394 avg_us=2.063 max_us=11
   3 /opt/llama.cpp/ggml/src/ggml-cuda/ggml-cuda.cu:847 calls=150 total_ms=0.246 avg_us=1.640 max_us=21
=== END CUDA SYNC PROFILE ===
backend-sync-trace: count=11300 backend=CUDA0 caller=ggml_backend_sched_graph_compute_async_ext+0xcb8

=== CUDA SYNC PROFILE (instrumentation only) ===
total_syncs = 11300
total_wait_ms = 6517.502
max_wait_us = 140269
sites = 5
wait_hist_us = logarithmic buckets
  hist[0] = 10237
  hist[1] = 589
  hist[2] = 41
  hist[3] = 21
  hist[4] = 6
  hist[5] = 1
  hist[9] = 69
  hist[10] = 155
  hist[11] = 46
  hist[14] = 47
  hist[15] = 72
  hist[16] = 15
  hist[17] = 1
by_callsite (caller PC; symbolize with addr2line):
   0 caller=0x759fa2480c8a calls=4635 total_ms=6513.697 avg_us=1405.328 max_us=140269
   1 caller=0x759fa24800b8 calls=3669 total_ms=1.466 avg_us=0.400 max_us=25
   2 caller=0x759fa2480098 calls=1362 total_ms=1.203 avg_us=0.883 max_us=12
   3 caller=0x759fa247f28a calls=272 total_ms=0.581 avg_us=2.136 max_us=11
   4 caller=0x759fa24800d5 calls=1362 total_ms=0.555 avg_us=0.407 max_us=15
direct_cudaStreamSynchronize: calls=5107 total_ms=26.748 max_us=2583
by_direct_callsite (file:line):
   0 /opt/llama.cpp/ggml/src/ggml-cuda/ggml-cuda.cu:839 calls=4754 total_ms=20.214 avg_us=4.252 max_us=356
   1 /opt/llama.cpp/ggml/src/ggml-cuda/ggml-cuda.cu:900 calls=12 total_ms=5.894 avg_us=491.167 max_us=2583
   2 /opt/llama.cpp/ggml/src/ggml-cuda/ggml-cuda.cu:2665 calls=191 total_ms=0.394 avg_us=2.063 max_us=11
   3 /opt/llama.cpp/ggml/src/ggml-cuda/ggml-cuda.cu:847 calls=150 total_ms=0.246 avg_us=1.640 max_us=21
=== END CUDA SYNC PROFILE ===
backend-sync-trace: count=11400 backend=CUDA0 caller=ggml_backend_sched_graph_compute_async_ext+0xcd5

=== CUDA SYNC PROFILE (instrumentation only) ===
total_syncs = 11400
total_wait_ms = 6601.191
max_wait_us = 140269
sites = 5
wait_hist_us = logarithmic buckets
  hist[0] = 10330
  hist[1] = 592
  hist[2] = 41
  hist[3] = 21
  hist[4] = 6
  hist[5] = 1
  hist[9] = 69
  hist[10] = 157
  hist[11] = 46
  hist[14] = 47
  hist[15] = 74
  hist[16] = 15
  hist[17] = 1
by_callsite (caller PC; symbolize with addr2line):
   0 caller=0x759fa2480c8a calls=4668 total_ms=6597.351 avg_us=1413.314 max_us=140269
   1 caller=0x759fa24800b8 calls=3709 total_ms=1.482 avg_us=0.400 max_us=25
   2 caller=0x759fa2480098 calls=1374 total_ms=1.211 avg_us=0.881 max_us=12
   3 caller=0x759fa247f28a calls=275 total_ms=0.586 avg_us=2.131 max_us=11
   4 caller=0x759fa24800d5 calls=1374 total_ms=0.561 avg_us=0.408 max_us=15
direct_cudaStreamSynchronize: calls=5157 total_ms=26.974 max_us=2583
by_direct_callsite (file:line):
   0 /opt/llama.cpp/ggml/src/ggml-cuda/ggml-cuda.cu:839 calls=4804 total_ms=20.440 avg_us=4.255 max_us=356
   1 /opt/llama.cpp/ggml/src/ggml-cuda/ggml-cuda.cu:900 calls=12 total_ms=5.894 avg_us=491.167 max_us=2583
   2 /opt/llama.cpp/ggml/src/ggml-cuda/ggml-cuda.cu:2665 calls=191 total_ms=0.394 avg_us=2.063 max_us=11
   3 /opt/llama.cpp/ggml/src/ggml-cuda/ggml-cuda.cu:847 calls=150 total_ms=0.246 avg_us=1.640 max_us=21
=== END CUDA SYNC PROFILE ===
backend-sync-trace: count=11500 backend=CUDA0 caller=ggml_backend_sched_synchronize+0x3a

=== CUDA SYNC PROFILE (instrumentation only) ===
total_syncs = 11500
total_wait_ms = 6632.924
max_wait_us = 140269
sites = 5
wait_hist_us = logarithmic buckets
  hist[0] = 10424
  hist[1] = 595
  hist[2] = 41
  hist[3] = 21
  hist[4] = 6
  hist[5] = 1
  hist[9] = 69
  hist[10] = 159
  hist[11] = 46
  hist[14] = 48
  hist[15] = 74
  hist[16] = 15
  hist[17] = 1
by_callsite (caller PC; symbolize with addr2line):
   0 caller=0x759fa2480c8a calls=4715 total_ms=6629.065 avg_us=1405.952 max_us=140269
   1 caller=0x759fa24800b8 calls=3740 total_ms=1.487 avg_us=0.398 max_us=25
   2 caller=0x759fa2480098 calls=1384 total_ms=1.218 avg_us=0.880 max_us=12
   3 caller=0x759fa247f28a calls=277 total_ms=0.589 avg_us=2.126 max_us=11
   4 caller=0x759fa24800d5 calls=1384 total_ms=0.565 avg_us=0.408 max_us=15
direct_cudaStreamSynchronize: calls=5196 total_ms=27.139 max_us=2583
by_direct_callsite (file:line):
   0 /opt/llama.cpp/ggml/src/ggml-cuda/ggml-cuda.cu:839 calls=4843 total_ms=20.605 avg_us=4.255 max_us=356
   1 /opt/llama.cpp/ggml/src/ggml-cuda/ggml-cuda.cu:900 calls=12 total_ms=5.894 avg_us=491.167 max_us=2583
   2 /opt/llama.cpp/ggml/src/ggml-cuda/ggml-cuda.cu:2665 calls=191 total_ms=0.394 avg_us=2.063 max_us=11
   3 /opt/llama.cpp/ggml/src/ggml-cuda/ggml-cuda.cu:847 calls=150 total_ms=0.246 avg_us=1.640 max_us=21
=== END CUDA SYNC PROFILE ===

=== CUDA SYNC PROFILE (instrumentation only) ===
total_syncs = 11518
total_wait_ms = 6632.935
max_wait_us = 140269
sites = 5
wait_hist_us = logarithmic buckets
  hist[0] = 10441
  hist[1] = 596
  hist[2] = 41
  hist[3] = 21
  hist[4] = 6
  hist[5] = 1
  hist[9] = 69
  hist[10] = 159
  hist[11] = 46
  hist[14] = 48
  hist[15] = 74
  hist[16] = 15
  hist[17] = 1
by_callsite (caller PC; symbolize with addr2line):
   0 caller=0x759fa2480c8a calls=4726 total_ms=6629.069 avg_us=1402.681 max_us=140269
   1 caller=0x759fa24800b8 calls=3742 total_ms=1.489 avg_us=0.398 max_us=25
   2 caller=0x759fa2480098 calls=1386 total_ms=1.220 avg_us=0.880 max_us=12
   3 caller=0x759fa247f28a calls=278 total_ms=0.591 avg_us=2.126 max_us=11
   4 caller=0x759fa24800d5 calls=1386 total_ms=0.566 avg_us=0.408 max_us=15
direct_cudaStreamSynchronize: calls=5200 total_ms=27.153 max_us=2583
by_direct_callsite (file:line):
   0 /opt/llama.cpp/ggml/src/ggml-cuda/ggml-cuda.cu:839 calls=4847 total_ms=20.619 avg_us=4.254 max_us=356
   1 /opt/llama.cpp/ggml/src/ggml-cuda/ggml-cuda.cu:900 calls=12 total_ms=5.894 avg_us=491.167 max_us=2583
   2 /opt/llama.cpp/ggml/src/ggml-cuda/ggml-cuda.cu:2665 calls=191 total_ms=0.394 avg_us=2.063 max_us=11
   3 /opt/llama.cpp/ggml/src/ggml-cuda/ggml-cuda.cu:847 calls=150 total_ms=0.246 avg_us=1.640 max_us=21
=== END CUDA SYNC PROFILE ===
backend-sync-trace: count=11600 backend=CUDA0 caller=ggml_backend_sched_graph_compute_async_ext+0xcb8

=== CUDA SYNC PROFILE (instrumentation only) ===
total_syncs = 11600
total_wait_ms = 6662.914
max_wait_us = 140269
sites = 5
wait_hist_us = logarithmic buckets
  hist[0] = 10517
  hist[1] = 599
  hist[2] = 41
  hist[3] = 21
  hist[4] = 6
  hist[5] = 1
  hist[9] = 69
  hist[10] = 161
  hist[11] = 46
  hist[14] = 49
  hist[15] = 74
  hist[16] = 15
  hist[17] = 1
by_callsite (caller PC; symbolize with addr2line):
   0 caller=0x759fa2480c8a calls=4757 total_ms=6659.018 avg_us=1399.836 max_us=140269
   1 caller=0x759fa24800b8 calls=3771 total_ms=1.503 avg_us=0.399 max_us=25
   2 caller=0x759fa2480098 calls=1396 total_ms=1.228 avg_us=0.880 max_us=12
   3 caller=0x759fa247f28a calls=280 total_ms=0.595 avg_us=2.125 max_us=11
   4 caller=0x759fa24800d5 calls=1396 total_ms=0.570 avg_us=0.408 max_us=15
direct_cudaStreamSynchronize: calls=5236 total_ms=27.293 max_us=2583
by_direct_callsite (file:line):
   0 /opt/llama.cpp/ggml/src/ggml-cuda/ggml-cuda.cu:839 calls=4883 total_ms=20.759 avg_us=4.251 max_us=356
   1 /opt/llama.cpp/ggml/src/ggml-cuda/ggml-cuda.cu:900 calls=12 total_ms=5.894 avg_us=491.167 max_us=2583
   2 /opt/llama.cpp/ggml/src/ggml-cuda/ggml-cuda.cu:2665 calls=191 total_ms=0.394 avg_us=2.063 max_us=11
   3 /opt/llama.cpp/ggml/src/ggml-cuda/ggml-cuda.cu:847 calls=150 total_ms=0.246 avg_us=1.640 max_us=21
=== END CUDA SYNC PROFILE ===
backend-sync-trace: count=11700 backend=CUDA0 caller=ggml_backend_sched_graph_compute_async_ext+0xcb8

=== CUDA SYNC PROFILE (instrumentation only) ===
total_syncs = 11700
total_wait_ms = 6701.725
max_wait_us = 140269
sites = 5
wait_hist_us = logarithmic buckets
  hist[0] = 10611
  hist[1] = 601
  hist[2] = 41
  hist[3] = 21
  hist[4] = 6
  hist[5] = 1
  hist[9] = 70
  hist[10] = 163
  hist[11] = 46
  hist[14] = 49
  hist[15] = 75
  hist[16] = 15
  hist[17] = 1
by_callsite (caller PC; symbolize with addr2line):
   0 caller=0x759fa2480c8a calls=4801 total_ms=6697.800 avg_us=1395.084 max_us=140269
   1 caller=0x759fa24800b8 calls=3801 total_ms=1.516 avg_us=0.399 max_us=25
   2 caller=0x759fa2480098 calls=1408 total_ms=1.236 avg_us=0.878 max_us=12
   3 caller=0x759fa247f28a calls=282 total_ms=0.598 avg_us=2.121 max_us=11
   4 caller=0x759fa24800d5 calls=1408 total_ms=0.575 avg_us=0.408 max_us=15
direct_cudaStreamSynchronize: calls=5276 total_ms=27.454 max_us=2583
by_direct_callsite (file:line):
   0 /opt/llama.cpp/ggml/src/ggml-cuda/ggml-cuda.cu:839 calls=4923 total_ms=20.920 avg_us=4.249 max_us=356
   1 /opt/llama.cpp/ggml/src/ggml-cuda/ggml-cuda.cu:900 calls=12 total_ms=5.894 avg_us=491.167 max_us=2583
   2 /opt/llama.cpp/ggml/src/ggml-cuda/ggml-cuda.cu:2665 calls=191 total_ms=0.394 avg_us=2.063 max_us=11
   3 /opt/llama.cpp/ggml/src/ggml-cuda/ggml-cuda.cu:847 calls=150 total_ms=0.246 avg_us=1.640 max_us=21
=== END CUDA SYNC PROFILE ===

=== CUDA SYNC PROFILE (instrumentation only) ===
total_syncs = 11740
total_wait_ms = 6733.081
max_wait_us = 140269
sites = 5
wait_hist_us = logarithmic buckets
  hist[0] = 10648
  hist[1] = 602
  hist[2] = 41
  hist[3] = 21
  hist[4] = 6
  hist[5] = 1
  hist[9] = 71
  hist[10] = 163
  hist[11] = 46
  hist[14] = 50
  hist[15] = 75
  hist[16] = 15
  hist[17] = 1
by_callsite (caller PC; symbolize with addr2line):
   0 caller=0x759fa2480c8a calls=4810 total_ms=6729.137 avg_us=1398.989 max_us=140269
   1 caller=0x759fa24800b8 calls=3819 total_ms=1.525 avg_us=0.399 max_us=25
   2 caller=0x759fa2480098 calls=1414 total_ms=1.243 avg_us=0.879 max_us=12
   3 caller=0x759fa247f28a calls=283 total_ms=0.599 avg_us=2.117 max_us=11
   4 caller=0x759fa24800d5 calls=1414 total_ms=0.577 avg_us=0.408 max_us=15
direct_cudaStreamSynchronize: calls=5300 total_ms=27.554 max_us=2583
by_direct_callsite (file:line):
   0 /opt/llama.cpp/ggml/src/ggml-cuda/ggml-cuda.cu:839 calls=4947 total_ms=21.020 avg_us=4.249 max_us=356
   1 /opt/llama.cpp/ggml/src/ggml-cuda/ggml-cuda.cu:900 calls=12 total_ms=5.894 avg_us=491.167 max_us=2583
   2 /opt/llama.cpp/ggml/src/ggml-cuda/ggml-cuda.cu:2665 calls=191 total_ms=0.394 avg_us=2.063 max_us=11
   3 /opt/llama.cpp/ggml/src/ggml-cuda/ggml-cuda.cu:847 calls=150 total_ms=0.246 avg_us=1.640 max_us=21
=== END CUDA SYNC PROFILE ===
backend-sync-trace: count=11800 backend=CUDA0 caller=ggml_backend_sched_graph_compute_async_ext+0xcb8

=== CUDA SYNC PROFILE (instrumentation only) ===
total_syncs = 11800
total_wait_ms = 6737.485
max_wait_us = 140269
sites = 5
wait_hist_us = logarithmic buckets
  hist[0] = 10704
  hist[1] = 604
  hist[2] = 41
  hist[3] = 21
  hist[4] = 6
  hist[5] = 1
  hist[9] = 71
  hist[10] = 163
  hist[11] = 48
  hist[14] = 50
  hist[15] = 75
  hist[16] = 15
  hist[17] = 1
by_callsite (caller PC; symbolize with addr2line):
   0 caller=0x759fa2480c8a calls=4833 total_ms=6733.523 avg_us=1393.239 max_us=140269
   1 caller=0x759fa24800b8 calls=3839 total_ms=1.533 avg_us=0.399 max_us=25
   2 caller=0x759fa2480098 calls=1422 total_ms=1.248 avg_us=0.878 max_us=12
   3 caller=0x759fa247f28a calls=284 total_ms=0.601 avg_us=2.116 max_us=11
   4 caller=0x759fa24800d5 calls=1422 total_ms=0.580 avg_us=0.408 max_us=15
direct_cudaStreamSynchronize: calls=5325 total_ms=27.656 max_us=2583
by_direct_callsite (file:line):
   0 /opt/llama.cpp/ggml/src/ggml-cuda/ggml-cuda.cu:839 calls=4972 total_ms=21.122 avg_us=4.248 max_us=356
   1 /opt/llama.cpp/ggml/src/ggml-cuda/ggml-cuda.cu:900 calls=12 total_ms=5.894 avg_us=491.167 max_us=2583
   2 /opt/llama.cpp/ggml/src/ggml-cuda/ggml-cuda.cu:2665 calls=191 total_ms=0.394 avg_us=2.063 max_us=11
   3 /opt/llama.cpp/ggml/src/ggml-cuda/ggml-cuda.cu:847 calls=150 total_ms=0.246 avg_us=1.640 max_us=21
=== END CUDA SYNC PROFILE ===
backend-sync-trace: count=11900 backend=CUDA0 caller=ggml_backend_sched_synchronize+0x3a

=== CUDA SYNC PROFILE (instrumentation only) ===
total_syncs = 11900
total_wait_ms = 6858.305
max_wait_us = 140269
sites = 5
wait_hist_us = logarithmic buckets
  hist[0] = 10796
  hist[1] = 608
  hist[2] = 41
  hist[3] = 21
  hist[4] = 6
  hist[5] = 1
  hist[9] = 72
  hist[10] = 164
  hist[11] = 48
  hist[14] = 50
  hist[15] = 77
  hist[16] = 15
  hist[17] = 1
by_callsite (caller PC; symbolize with addr2line):
   0 caller=0x759fa2480c8a calls=4870 total_ms=6854.314 avg_us=1407.457 max_us=140269
   1 caller=0x759fa24800b8 calls=3875 total_ms=1.543 avg_us=0.398 max_us=25
   2 caller=0x759fa2480098 calls=1434 total_ms=1.258 avg_us=0.877 max_us=12
   3 caller=0x759fa247f28a calls=287 total_ms=0.606 avg_us=2.111 max_us=11
   4 caller=0x759fa24800d5 calls=1434 total_ms=0.584 avg_us=0.407 max_us=15
direct_cudaStreamSynchronize: calls=5371 total_ms=27.838 max_us=2583
by_direct_callsite (file:line):
   0 /opt/llama.cpp/ggml/src/ggml-cuda/ggml-cuda.cu:839 calls=5018 total_ms=21.304 avg_us=4.246 max_us=356
   1 /opt/llama.cpp/ggml/src/ggml-cuda/ggml-cuda.cu:900 calls=12 total_ms=5.894 avg_us=491.167 max_us=2583
   2 /opt/llama.cpp/ggml/src/ggml-cuda/ggml-cuda.cu:2665 calls=191 total_ms=0.394 avg_us=2.063 max_us=11
   3 /opt/llama.cpp/ggml/src/ggml-cuda/ggml-cuda.cu:847 calls=150 total_ms=0.246 avg_us=1.640 max_us=21
=== END CUDA SYNC PROFILE ===

=== CUDA SYNC PROFILE (instrumentation only) ===
total_syncs = 11964
total_wait_ms = 6861.042
max_wait_us = 140269
sites = 5
wait_hist_us = logarithmic buckets
  hist[0] = 10856
  hist[1] = 610
  hist[2] = 41
  hist[3] = 21
  hist[4] = 6
  hist[5] = 1
  hist[9] = 73
  hist[10] = 165
  hist[11] = 48
  hist[14] = 50
  hist[15] = 77
  hist[16] = 15
  hist[17] = 1
by_callsite (caller PC; symbolize with addr2line):
   0 caller=0x759fa2480c8a calls=4895 total_ms=6857.033 avg_us=1400.824 max_us=140269
   1 caller=0x759fa24800b8 calls=3897 total_ms=1.548 avg_us=0.397 max_us=25
   2 caller=0x759fa2480098 calls=1442 total_ms=1.263 avg_us=0.876 max_us=12
   3 caller=0x759fa247f28a calls=288 total_ms=0.608 avg_us=2.111 max_us=11
   4 caller=0x759fa24800d5 calls=1442 total_ms=0.590 avg_us=0.409 max_us=15
direct_cudaStreamSynchronize: calls=5400 total_ms=27.950 max_us=2583
by_direct_callsite (file:line):
   0 /opt/llama.cpp/ggml/src/ggml-cuda/ggml-cuda.cu:839 calls=5047 total_ms=21.416 avg_us=4.243 max_us=356
   1 /opt/llama.cpp/ggml/src/ggml-cuda/ggml-cuda.cu:900 calls=12 total_ms=5.894 avg_us=491.167 max_us=2583
   2 /opt/llama.cpp/ggml/src/ggml-cuda/ggml-cuda.cu:2665 calls=191 total_ms=0.394 avg_us=2.063 max_us=11
   3 /opt/llama.cpp/ggml/src/ggml-cuda/ggml-cuda.cu:847 calls=150 total_ms=0.246 avg_us=1.640 max_us=21
=== END CUDA SYNC PROFILE ===
backend-sync-trace: count=12000 backend=CUDA0 caller=ggml_backend_sched_graph_compute_async_ext+0xcd5

=== CUDA SYNC PROFILE (instrumentation only) ===
total_syncs = 12000
total_wait_ms = 6910.214
max_wait_us = 140269
sites = 5
wait_hist_us = logarithmic buckets
  hist[0] = 10890
  hist[1] = 611
  hist[2] = 41
  hist[3] = 21
  hist[4] = 6
  hist[5] = 1
  hist[9] = 73
  hist[10] = 165
  hist[11] = 48
  hist[14] = 50
  hist[15] = 78
  hist[16] = 15
  hist[17] = 1
by_callsite (caller PC; symbolize with addr2line):
   0 caller=0x759fa2480c8a calls=4918 total_ms=6906.196 avg_us=1404.269 max_us=140269
   1 caller=0x759fa24800b8 calls=3902 total_ms=1.550 avg_us=0.397 max_us=25
   2 caller=0x759fa2480098 calls=1445 total_ms=1.266 avg_us=0.876 max_us=12
   3 caller=0x759fa247f28a calls=290 total_ms=0.611 avg_us=2.107 max_us=11
   4 caller=0x759fa24800d5 calls=1445 total_ms=0.591 avg_us=0.409 max_us=15
direct_cudaStreamSynchronize: calls=5406 total_ms=27.981 max_us=2583
by_direct_callsite (file:line):
   0 /opt/llama.cpp/ggml/src/ggml-cuda/ggml-cuda.cu:839 calls=5053 total_ms=21.447 avg_us=4.244 max_us=356
   1 /opt/llama.cpp/ggml/src/ggml-cuda/ggml-cuda.cu:900 calls=12 total_ms=5.894 avg_us=491.167 max_us=2583
   2 /opt/llama.cpp/ggml/src/ggml-cuda/ggml-cuda.cu:2665 calls=191 total_ms=0.394 avg_us=2.063 max_us=11
   3 /opt/llama.cpp/ggml/src/ggml-cuda/ggml-cuda.cu:847 calls=150 total_ms=0.246 avg_us=1.640 max_us=21
=== END CUDA SYNC PROFILE ===
backend-sync-trace: count=12100 backend=CUDA0 caller=ggml_backend_sched_synchronize+0x3a

=== CUDA SYNC PROFILE (instrumentation only) ===
total_syncs = 12100
total_wait_ms = 6968.991
max_wait_us = 140269
sites = 5
wait_hist_us = logarithmic buckets
  hist[0] = 10981
  hist[1] = 615
  hist[2] = 41
  hist[3] = 21
  hist[4] = 6
  hist[5] = 1
  hist[9] = 73
  hist[10] = 168
  hist[11] = 49
  hist[14] = 50
  hist[15] = 79
  hist[16] = 15
  hist[17] = 1
by_callsite (caller PC; symbolize with addr2line):
   0 caller=0x759fa2480c8a calls=4955 total_ms=6964.945 avg_us=1405.640 max_us=140269
   1 caller=0x759fa24800b8 calls=3937 total_ms=1.561 avg_us=0.396 max_us=25
   2 caller=0x759fa2480098 calls=1458 total_ms=1.274 avg_us=0.874 max_us=12
   3 caller=0x759fa247f28a calls=292 total_ms=0.615 avg_us=2.106 max_us=11
   4 caller=0x759fa24800d5 calls=1458 total_ms=0.596 avg_us=0.409 max_us=15
direct_cudaStreamSynchronize: calls=5453 total_ms=28.161 max_us=2583
by_direct_callsite (file:line):
   0 /opt/llama.cpp/ggml/src/ggml-cuda/ggml-cuda.cu:839 calls=5100 total_ms=21.627 avg_us=4.241 max_us=356
   1 /opt/llama.cpp/ggml/src/ggml-cuda/ggml-cuda.cu:900 calls=12 total_ms=5.894 avg_us=491.167 max_us=2583
   2 /opt/llama.cpp/ggml/src/ggml-cuda/ggml-cuda.cu:2665 calls=191 total_ms=0.394 avg_us=2.063 max_us=11
   3 /opt/llama.cpp/ggml/src/ggml-cuda/ggml-cuda.cu:847 calls=150 total_ms=0.246 avg_us=1.640 max_us=21
=== END CUDA SYNC PROFILE ===

=== CUDA SYNC PROFILE (instrumentation only) ===
total_syncs = 12199
total_wait_ms = 7011.313
max_wait_us = 140269
sites = 5
wait_hist_us = logarithmic buckets
  hist[0] = 11074
  hist[1] = 618
  hist[2] = 41
  hist[3] = 21
  hist[4] = 6
  hist[5] = 1
  hist[9] = 73
  hist[10] = 170
  hist[11] = 49
  hist[14] = 50
  hist[15] = 80
  hist[16] = 15
  hist[17] = 1
by_callsite (caller PC; symbolize with addr2line):
   0 caller=0x759fa2480c8a calls=4988 total_ms=7007.230 avg_us=1404.818 max_us=140269
   1 caller=0x759fa24800b8 calls=3973 total_ms=1.576 avg_us=0.397 max_us=25
   2 caller=0x759fa2480098 calls=1472 total_ms=1.287 avg_us=0.874 max_us=12
   3 caller=0x759fa247f28a calls=294 total_ms=0.618 avg_us=2.102 max_us=11
   4 caller=0x759fa24800d5 calls=1472 total_ms=0.602 avg_us=0.409 max_us=15
direct_cudaStreamSynchronize: calls=5500 total_ms=28.353 max_us=2583
by_direct_callsite (file:line):
   0 /opt/llama.cpp/ggml/src/ggml-cuda/ggml-cuda.cu:839 calls=5147 total_ms=21.819 avg_us=4.239 max_us=356
   1 /opt/llama.cpp/ggml/src/ggml-cuda/ggml-cuda.cu:900 calls=12 total_ms=5.894 avg_us=491.167 max_us=2583
   2 /opt/llama.cpp/ggml/src/ggml-cuda/ggml-cuda.cu:2665 calls=191 total_ms=0.394 avg_us=2.063 max_us=11
   3 /opt/llama.cpp/ggml/src/ggml-cuda/ggml-cuda.cu:847 calls=150 total_ms=0.246 avg_us=1.640 max_us=21
=== END CUDA SYNC PROFILE ===
backend-sync-trace: count=12200 backend=CUDA0 caller=ggml_backend_sched_graph_compute_async_ext+0xcb8

=== CUDA SYNC PROFILE (instrumentation only) ===
total_syncs = 12200
total_wait_ms = 7011.313
max_wait_us = 140269
sites = 5
wait_hist_us = logarithmic buckets
  hist[0] = 11075
  hist[1] = 618
  hist[2] = 41
  hist[3] = 21
  hist[4] = 6
  hist[5] = 1
  hist[9] = 73
  hist[10] = 170
  hist[11] = 49
  hist[14] = 50
  hist[15] = 80
  hist[16] = 15
  hist[17] = 1
by_callsite (caller PC; symbolize with addr2line):
   0 caller=0x759fa2480c8a calls=4988 total_ms=7007.230 avg_us=1404.818 max_us=140269
   1 caller=0x759fa24800b8 calls=3974 total_ms=1.576 avg_us=0.397 max_us=25
   2 caller=0x759fa2480098 calls=1472 total_ms=1.287 avg_us=0.874 max_us=12
   3 caller=0x759fa247f28a calls=294 total_ms=0.618 avg_us=2.102 max_us=11
   4 caller=0x759fa24800d5 calls=1472 total_ms=0.602 avg_us=0.409 max_us=15
direct_cudaStreamSynchronize: calls=5500 total_ms=28.353 max_us=2583
by_direct_callsite (file:line):
   0 /opt/llama.cpp/ggml/src/ggml-cuda/ggml-cuda.cu:839 calls=5147 total_ms=21.819 avg_us=4.239 max_us=356
   1 /opt/llama.cpp/ggml/src/ggml-cuda/ggml-cuda.cu:900 calls=12 total_ms=5.894 avg_us=491.167 max_us=2583
   2 /opt/llama.cpp/ggml/src/ggml-cuda/ggml-cuda.cu:2665 calls=191 total_ms=0.394 avg_us=2.063 max_us=11
   3 /opt/llama.cpp/ggml/src/ggml-cuda/ggml-cuda.cu:847 calls=150 total_ms=0.246 avg_us=1.640 max_us=21
=== END CUDA SYNC PROFILE ===
backend-sync-trace: count=12300 backend=CUDA0 caller=ggml_backend_sched_synchronize+0x3a

=== CUDA SYNC PROFILE (instrumentation only) ===
total_syncs = 12300
total_wait_ms = 7095.555
max_wait_us = 140269
sites = 5
wait_hist_us = logarithmic buckets
  hist[0] = 11169
  hist[1] = 620
  hist[2] = 41
  hist[3] = 21
  hist[4] = 6
  hist[5] = 1
  hist[9] = 73
  hist[10] = 172
  hist[11] = 49
  hist[14] = 50
  hist[15] = 82
  hist[16] = 15
  hist[17] = 1
by_callsite (caller PC; symbolize with addr2line):
   0 caller=0x759fa2480c8a calls=5025 total_ms=7091.444 avg_us=1411.233 max_us=140269
   1 caller=0x759fa24800b8 calls=4010 total_ms=1.587 avg_us=0.396 max_us=25
   2 caller=0x759fa2480098 calls=1484 total_ms=1.296 avg_us=0.873 max_us=12
   3 caller=0x759fa247f28a calls=297 total_ms=0.622 avg_us=2.094 max_us=11
   4 caller=0x759fa24800d5 calls=1484 total_ms=0.606 avg_us=0.408 max_us=15
direct_cudaStreamSynchronize: calls=5546 total_ms=28.532 max_us=2583
by_direct_callsite (file:line):
   0 /opt/llama.cpp/ggml/src/ggml-cuda/ggml-cuda.cu:839 calls=5193 total_ms=21.998 avg_us=4.236 max_us=356
   1 /opt/llama.cpp/ggml/src/ggml-cuda/ggml-cuda.cu:900 calls=12 total_ms=5.894 avg_us=491.167 max_us=2583
   2 /opt/llama.cpp/ggml/src/ggml-cuda/ggml-cuda.cu:2665 calls=191 total_ms=0.394 avg_us=2.063 max_us=11
   3 /opt/llama.cpp/ggml/src/ggml-cuda/ggml-cuda.cu:847 calls=150 total_ms=0.246 avg_us=1.640 max_us=21
=== END CUDA SYNC PROFILE ===
backend-sync-trace: count=12400 backend=CUDA0 caller=ggml_backend_sched_graph_compute_async_ext+0xcd5

=== CUDA SYNC PROFILE (instrumentation only) ===
total_syncs = 12400
total_wait_ms = 7130.086
max_wait_us = 140269
sites = 5
wait_hist_us = logarithmic buckets
  hist[0] = 11263
  hist[1] = 623
  hist[2] = 41
  hist[3] = 21
  hist[4] = 6
  hist[5] = 1
  hist[9] = 74
  hist[10] = 172
  hist[11] = 50
  hist[14] = 51
  hist[15] = 82
  hist[16] = 15
  hist[17] = 1
by_callsite (caller PC; symbolize with addr2line):
   0 caller=0x759fa2480c8a calls=5073 total_ms=7125.946 avg_us=1404.681 max_us=140269
   1 caller=0x759fa24800b8 calls=4037 total_ms=1.597 avg_us=0.396 max_us=25
   2 caller=0x759fa2480098 calls=1495 total_ms=1.304 avg_us=0.872 max_us=12
   3 caller=0x759fa247f28a calls=300 total_ms=0.627 avg_us=2.090 max_us=11
   4 caller=0x759fa24800d5 calls=1495 total_ms=0.612 avg_us=0.409 max_us=15
direct_cudaStreamSynchronize: calls=5581 total_ms=28.669 max_us=2583
by_direct_callsite (file:line):
   0 /opt/llama.cpp/ggml/src/ggml-cuda/ggml-cuda.cu:839 calls=5228 total_ms=22.135 avg_us=4.234 max_us=356
   1 /opt/llama.cpp/ggml/src/ggml-cuda/ggml-cuda.cu:900 calls=12 total_ms=5.894 avg_us=491.167 max_us=2583
   2 /opt/llama.cpp/ggml/src/ggml-cuda/ggml-cuda.cu:2665 calls=191 total_ms=0.394 avg_us=2.063 max_us=11
   3 /opt/llama.cpp/ggml/src/ggml-cuda/ggml-cuda.cu:847 calls=150 total_ms=0.246 avg_us=1.640 max_us=21
=== END CUDA SYNC PROFILE ===

=== CUDA SYNC PROFILE (instrumentation only) ===
total_syncs = 12440
total_wait_ms = 7131.957
max_wait_us = 140269
sites = 5
wait_hist_us = logarithmic buckets
  hist[0] = 11300
  hist[1] = 624
  hist[2] = 41
  hist[3] = 21
  hist[4] = 6
  hist[5] = 1
  hist[9] = 76
  hist[10] = 172
  hist[11] = 50
  hist[14] = 51
  hist[15] = 82
  hist[16] = 15
  hist[17] = 1
by_callsite (caller PC; symbolize with addr2line):
   0 caller=0x759fa2480c8a calls=5087 total_ms=7127.802 avg_us=1401.180 max_us=140269
   1 caller=0x759fa24800b8 calls=4049 total_ms=1.604 avg_us=0.396 max_us=25
   2 caller=0x759fa2480098 calls=1502 total_ms=1.308 avg_us=0.871 max_us=12
   3 caller=0x759fa247f28a calls=300 total_ms=0.627 avg_us=2.090 max_us=11
   4 caller=0x759fa24800d5 calls=1502 total_ms=0.616 avg_us=0.410 max_us=15
direct_cudaStreamSynchronize: calls=5600 total_ms=28.768 max_us=2583
by_direct_callsite (file:line):
   0 /opt/llama.cpp/ggml/src/ggml-cuda/ggml-cuda.cu:839 calls=5247 total_ms=22.234 avg_us=4.237 max_us=356
   1 /opt/llama.cpp/ggml/src/ggml-cuda/ggml-cuda.cu:900 calls=12 total_ms=5.894 avg_us=491.167 max_us=2583
   2 /opt/llama.cpp/ggml/src/ggml-cuda/ggml-cuda.cu:2665 calls=191 total_ms=0.394 avg_us=2.063 max_us=11
   3 /opt/llama.cpp/ggml/src/ggml-cuda/ggml-cuda.cu:847 calls=150 total_ms=0.246 avg_us=1.640 max_us=21
=== END CUDA SYNC PROFILE ===
backend-sync-trace: count=12500 backend=CUDA0 caller=ggml_backend_sched_graph_compute_async_ext+0xcb8

=== CUDA SYNC PROFILE (instrumentation only) ===
total_syncs = 12500
total_wait_ms = 7162.794
max_wait_us = 140269
sites = 5
wait_hist_us = logarithmic buckets
  hist[0] = 11356
  hist[1] = 626
  hist[2] = 41
  hist[3] = 21
  hist[4] = 6
  hist[5] = 1
  hist[9] = 76
  hist[10] = 172
  hist[11] = 51
  hist[14] = 52
  hist[15] = 82
  hist[16] = 15
  hist[17] = 1
by_callsite (caller PC; symbolize with addr2line):
   0 caller=0x759fa2480c8a calls=5111 total_ms=7158.616 avg_us=1400.629 max_us=140269
   1 caller=0x759fa24800b8 calls=4071 total_ms=1.618 avg_us=0.397 max_us=25
   2 caller=0x759fa2480098 calls=1508 total_ms=1.312 avg_us=0.870 max_us=12
   3 caller=0x759fa247f28a calls=302 total_ms=0.630 avg_us=2.086 max_us=11
   4 caller=0x759fa24800d5 calls=1508 total_ms=0.618 avg_us=0.410 max_us=15
direct_cudaStreamSynchronize: calls=5626 total_ms=28.867 max_us=2583
by_direct_callsite (file:line):
   0 /opt/llama.cpp/ggml/src/ggml-cuda/ggml-cuda.cu:839 calls=5273 total_ms=22.333 avg_us=4.235 max_us=356
   1 /opt/llama.cpp/ggml/src/ggml-cuda/ggml-cuda.cu:900 calls=12 total_ms=5.894 avg_us=491.167 max_us=2583
   2 /opt/llama.cpp/ggml/src/ggml-cuda/ggml-cuda.cu:2665 calls=191 total_ms=0.394 avg_us=2.063 max_us=11
   3 /opt/llama.cpp/ggml/src/ggml-cuda/ggml-cuda.cu:847 calls=150 total_ms=0.246 avg_us=1.640 max_us=21
=== END CUDA SYNC PROFILE ===
backend-sync-trace: count=12600 backend=CUDA0 caller=ggml_backend_sched_graph_compute_async_ext+0xcd5

=== CUDA SYNC PROFILE (instrumentation only) ===
total_syncs = 12600
total_wait_ms = 7213.887
max_wait_us = 140269
sites = 5
wait_hist_us = logarithmic buckets
  hist[0] = 11447
  hist[1] = 630
  hist[2] = 42
  hist[3] = 21
  hist[4] = 6
  hist[5] = 1
  hist[9] = 76
  hist[10] = 175
  hist[11] = 51
  hist[14] = 52
  hist[15] = 83
  hist[16] = 15
  hist[17] = 1
by_callsite (caller PC; symbolize with addr2line):
   0 caller=0x759fa2480c8a calls=5155 total_ms=7209.679 avg_us=1398.580 max_us=140269
   1 caller=0x759fa24800b8 calls=4099 total_ms=1.628 avg_us=0.397 max_us=25
   2 caller=0x759fa2480098 calls=1521 total_ms=1.321 avg_us=0.869 max_us=12
   3 caller=0x759fa247f28a calls=304 total_ms=0.634 avg_us=2.086 max_us=11
   4 caller=0x759fa24800d5 calls=1521 total_ms=0.625 avg_us=0.411 max_us=15
direct_cudaStreamSynchronize: calls=5665 total_ms=29.019 max_us=2583
by_direct_callsite (file:line):
   0 /opt/llama.cpp/ggml/src/ggml-cuda/ggml-cuda.cu:839 calls=5312 total_ms=22.485 avg_us=4.233 max_us=356
   1 /opt/llama.cpp/ggml/src/ggml-cuda/ggml-cuda.cu:900 calls=12 total_ms=5.894 avg_us=491.167 max_us=2583
   2 /opt/llama.cpp/ggml/src/ggml-cuda/ggml-cuda.cu:2665 calls=191 total_ms=0.394 avg_us=2.063 max_us=11
   3 /opt/llama.cpp/ggml/src/ggml-cuda/ggml-cuda.cu:847 calls=150 total_ms=0.246 avg_us=1.640 max_us=21
=== END CUDA SYNC PROFILE ===

=== CUDA SYNC PROFILE (instrumentation only) ===
total_syncs = 12674
total_wait_ms = 7269.244
max_wait_us = 140269
sites = 5
wait_hist_us = logarithmic buckets
  hist[0] = 11512
  hist[1] = 634
  hist[2] = 42
  hist[3] = 22
  hist[4] = 7
  hist[5] = 1
  hist[9] = 76
  hist[10] = 176
  hist[11] = 52
  hist[14] = 52
  hist[15] = 84
  hist[16] = 15
  hist[17] = 1
by_callsite (caller PC; symbolize with addr2line):
   0 caller=0x759fa2480c8a calls=5182 total_ms=7265.001 avg_us=1401.969 max_us=140269
   1 caller=0x759fa24800b8 calls=4126 total_ms=1.637 avg_us=0.397 max_us=25
   2 caller=0x759fa2480098 calls=1530 total_ms=1.334 avg_us=0.872 max_us=12
   3 caller=0x759fa247f28a calls=306 total_ms=0.639 avg_us=2.088 max_us=11
   4 caller=0x759fa24800d5 calls=1530 total_ms=0.633 avg_us=0.414 max_us=15
direct_cudaStreamSynchronize: calls=5700 total_ms=29.174 max_us=2583
by_direct_callsite (file:line):
   0 /opt/llama.cpp/ggml/src/ggml-cuda/ggml-cuda.cu:839 calls=5347 total_ms=22.640 avg_us=4.234 max_us=356
   1 /opt/llama.cpp/ggml/src/ggml-cuda/ggml-cuda.cu:900 calls=12 total_ms=5.894 avg_us=491.167 max_us=2583
   2 /opt/llama.cpp/ggml/src/ggml-cuda/ggml-cuda.cu:2665 calls=191 total_ms=0.394 avg_us=2.063 max_us=11
   3 /opt/llama.cpp/ggml/src/ggml-cuda/ggml-cuda.cu:847 calls=150 total_ms=0.246 avg_us=1.640 max_us=21
=== END CUDA SYNC PROFILE ===
backend-sync-trace: count=12700 backend=CUDA0 caller=ggml_backend_sched_graph_compute_async_ext+0xc98

=== CUDA SYNC PROFILE (instrumentation only) ===
total_syncs = 12700
total_wait_ms = 7342.312
max_wait_us = 140269
sites = 5
wait_hist_us = logarithmic buckets
  hist[0] = 11534
  hist[1] = 636
  hist[2] = 43
  hist[3] = 22
  hist[4] = 7
  hist[5] = 1
  hist[9] = 76
  hist[10] = 176
  hist[11] = 52
  hist[14] = 52
  hist[15] = 84
  hist[16] = 16
  hist[17] = 1
by_callsite (caller PC; symbolize with addr2line):
   0 caller=0x759fa2480c8a calls=5187 total_ms=7338.057 avg_us=1414.702 max_us=140269
   1 caller=0x759fa24800b8 calls=4141 total_ms=1.644 avg_us=0.397 max_us=25
   2 caller=0x759fa2480098 calls=1533 total_ms=1.335 avg_us=0.871 max_us=12
   3 caller=0x759fa247f28a calls=307 total_ms=0.641 avg_us=2.088 max_us=11
   4 caller=0x759fa24800d5 calls=1532 total_ms=0.635 avg_us=0.414 max_us=15
direct_cudaStreamSynchronize: calls=5716 total_ms=29.242 max_us=2583
by_direct_callsite (file:line):
   0 /opt/llama.cpp/ggml/src/ggml-cuda/ggml-cuda.cu:839 calls=5363 total_ms=22.708 avg_us=4.234 max_us=356
   1 /opt/llama.cpp/ggml/src/ggml-cuda/ggml-cuda.cu:900 calls=12 total_ms=5.894 avg_us=491.167 max_us=2583
   2 /opt/llama.cpp/ggml/src/ggml-cuda/ggml-cuda.cu:2665 calls=191 total_ms=0.394 avg_us=2.063 max_us=11
   3 /opt/llama.cpp/ggml/src/ggml-cuda/ggml-cuda.cu:847 calls=150 total_ms=0.246 avg_us=1.640 max_us=21
=== END CUDA SYNC PROFILE ===
backend-sync-trace: count=12800 backend=CUDA0 caller=ggml_backend_sched_synchronize+0x3a

=== CUDA SYNC PROFILE (instrumentation only) ===
total_syncs = 12800
total_wait_ms = 7426.158
max_wait_us = 140269
sites = 5
wait_hist_us = logarithmic buckets
  hist[0] = 11626
  hist[1] = 641
  hist[2] = 43
  hist[3] = 22
  hist[4] = 7
  hist[5] = 1
  hist[9] = 76
  hist[10] = 176
  hist[11] = 54
  hist[14] = 52
  hist[15] = 84
  hist[16] = 17
  hist[17] = 1
by_callsite (caller PC; symbolize with addr2line):
   0 caller=0x759fa2480c8a calls=5231 total_ms=7421.873 avg_us=1418.825 max_us=140269
   1 caller=0x759fa24800b8 calls=4172 total_ms=1.655 avg_us=0.397 max_us=25
   2 caller=0x759fa2480098 calls=1544 total_ms=1.344 avg_us=0.870 max_us=12
   3 caller=0x759fa247f28a calls=309 total_ms=0.645 avg_us=2.087 max_us=11
   4 caller=0x759fa24800d5 calls=1544 total_ms=0.641 avg_us=0.415 max_us=15
direct_cudaStreamSynchronize: calls=5756 total_ms=29.408 max_us=2583
by_direct_callsite (file:line):
   0 /opt/llama.cpp/ggml/src/ggml-cuda/ggml-cuda.cu:839 calls=5403 total_ms=22.874 avg_us=4.234 max_us=356
   1 /opt/llama.cpp/ggml/src/ggml-cuda/ggml-cuda.cu:900 calls=12 total_ms=5.894 avg_us=491.167 max_us=2583
   2 /opt/llama.cpp/ggml/src/ggml-cuda/ggml-cuda.cu:2665 calls=191 total_ms=0.394 avg_us=2.063 max_us=11
   3 /opt/llama.cpp/ggml/src/ggml-cuda/ggml-cuda.cu:847 calls=150 total_ms=0.246 avg_us=1.640 max_us=21
=== END CUDA SYNC PROFILE ===
backend-sync-trace: count=12900 backend=CUDA0 caller=ggml_backend_sched_synchronize+0x3a

=== CUDA SYNC PROFILE (instrumentation only) ===
total_syncs = 12900
total_wait_ms = 7472.905
max_wait_us = 140269
sites = 5
wait_hist_us = logarithmic buckets
  hist[0] = 11718
  hist[1] = 645
  hist[2] = 43
  hist[3] = 22
  hist[4] = 7
  hist[5] = 1
  hist[9] = 77
  hist[10] = 178
  hist[11] = 54
  hist[14] = 52
  hist[15] = 85
  hist[16] = 17
  hist[17] = 1
by_callsite (caller PC; symbolize with addr2line):
   0 caller=0x759fa2480c8a calls=5273 total_ms=7468.589 avg_us=1416.383 max_us=140269
   1 caller=0x759fa24800b8 calls=4203 total_ms=1.666 avg_us=0.396 max_us=25
   2 caller=0x759fa2480098 calls=1556 total_ms=1.354 avg_us=0.870 max_us=12
   3 caller=0x759fa247f28a calls=312 total_ms=0.651 avg_us=2.087 max_us=11
   4 caller=0x759fa24800d5 calls=1556 total_ms=0.645 avg_us=0.415 max_us=15
direct_cudaStreamSynchronize: calls=5797 total_ms=29.571 max_us=2583
by_direct_callsite (file:line):
   0 /opt/llama.cpp/ggml/src/ggml-cuda/ggml-cuda.cu:839 calls=5444 total_ms=23.037 avg_us=4.232 max_us=356
   1 /opt/llama.cpp/ggml/src/ggml-cuda/ggml-cuda.cu:900 calls=12 total_ms=5.894 avg_us=491.167 max_us=2583
   2 /opt/llama.cpp/ggml/src/ggml-cuda/ggml-cuda.cu:2665 calls=191 total_ms=0.394 avg_us=2.063 max_us=11
   3 /opt/llama.cpp/ggml/src/ggml-cuda/ggml-cuda.cu:847 calls=150 total_ms=0.246 avg_us=1.640 max_us=21
=== END CUDA SYNC PROFILE ===

=== CUDA SYNC PROFILE (instrumentation only) ===
total_syncs = 12909
total_wait_ms = 7472.906
max_wait_us = 140269
sites = 5
wait_hist_us = logarithmic buckets
  hist[0] = 11727
  hist[1] = 645
  hist[2] = 43
  hist[3] = 22
  hist[4] = 7
  hist[5] = 1
  hist[9] = 77
  hist[10] = 178
  hist[11] = 54
  hist[14] = 52
  hist[15] = 85
  hist[16] = 17
  hist[17] = 1
by_callsite (caller PC; symbolize with addr2line):
   0 caller=0x759fa2480c8a calls=5277 total_ms=7468.590 avg_us=1415.310 max_us=140269
   1 caller=0x759fa24800b8 calls=4204 total_ms=1.666 avg_us=0.396 max_us=25
   2 caller=0x759fa2480098 calls=1558 total_ms=1.354 avg_us=0.869 max_us=12
   3 caller=0x759fa247f28a calls=312 total_ms=0.651 avg_us=2.087 max_us=11
   4 caller=0x759fa24800d5 calls=1558 total_ms=0.645 avg_us=0.414 max_us=15
direct_cudaStreamSynchronize: calls=5800 total_ms=29.583 max_us=2583
by_direct_callsite (file:line):
   0 /opt/llama.cpp/ggml/src/ggml-cuda/ggml-cuda.cu:839 calls=5447 total_ms=23.049 avg_us=4.232 max_us=356
   1 /opt/llama.cpp/ggml/src/ggml-cuda/ggml-cuda.cu:900 calls=12 total_ms=5.894 avg_us=491.167 max_us=2583
   2 /opt/llama.cpp/ggml/src/ggml-cuda/ggml-cuda.cu:2665 calls=191 total_ms=0.394 avg_us=2.063 max_us=11
   3 /opt/llama.cpp/ggml/src/ggml-cuda/ggml-cuda.cu:847 calls=150 total_ms=0.246 avg_us=1.640 max_us=21
=== END CUDA SYNC PROFILE ===
backend-sync-trace: count=13000 backend=CUDA0 caller=ggml_backend_sched_synchronize+0x3a

=== CUDA SYNC PROFILE (instrumentation only) ===
total_syncs = 13000
total_wait_ms = 7524.470
max_wait_us = 140269
sites = 5
wait_hist_us = logarithmic buckets
  hist[0] = 11812
  hist[1] = 647
  hist[2] = 43
  hist[3] = 22
  hist[4] = 7
  hist[5] = 1
  hist[9] = 79
  hist[10] = 179
  hist[11] = 54
  hist[14] = 52
  hist[15] = 86
  hist[16] = 17
  hist[17] = 1
by_callsite (caller PC; symbolize with addr2line):
   0 caller=0x759fa2480c8a calls=5316 total_ms=7520.128 avg_us=1414.622 max_us=140269
   1 caller=0x759fa24800b8 calls=4234 total_ms=1.677 avg_us=0.396 max_us=25
   2 caller=0x759fa2480098 calls=1568 total_ms=1.360 avg_us=0.867 max_us=12
   3 caller=0x759fa247f28a calls=314 total_ms=0.654 avg_us=2.083 max_us=11
   4 caller=0x759fa24800d5 calls=1568 total_ms=0.651 avg_us=0.415 max_us=15
direct_cudaStreamSynchronize: calls=5838 total_ms=29.736 max_us=2583
by_direct_callsite (file:line):
   0 /opt/llama.cpp/ggml/src/ggml-cuda/ggml-cuda.cu:839 calls=5485 total_ms=23.202 avg_us=4.230 max_us=356
   1 /opt/llama.cpp/ggml/src/ggml-cuda/ggml-cuda.cu:900 calls=12 total_ms=5.894 avg_us=491.167 max_us=2583
   2 /opt/llama.cpp/ggml/src/ggml-cuda/ggml-cuda.cu:2665 calls=191 total_ms=0.394 avg_us=2.063 max_us=11
   3 /opt/llama.cpp/ggml/src/ggml-cuda/ggml-cuda.cu:847 calls=150 total_ms=0.246 avg_us=1.640 max_us=21
=== END CUDA SYNC PROFILE ===
backend-sync-trace: count=13100 backend=CUDA0 caller=ggml_backend_sched_graph_compute_async_ext+0xcb8

=== CUDA SYNC PROFILE (instrumentation only) ===
total_syncs = 13100
total_wait_ms = 7578.584
max_wait_us = 140269
sites = 5
wait_hist_us = logarithmic buckets
  hist[0] = 11908
  hist[1] = 648
  hist[2] = 43
  hist[3] = 22
  hist[4] = 7
  hist[5] = 1
  hist[9] = 79
  hist[10] = 180
  hist[11] = 55
  hist[14] = 52
  hist[15] = 87
  hist[16] = 17
  hist[17] = 1
by_callsite (caller PC; symbolize with addr2line):
   0 caller=0x759fa2480c8a calls=5358 total_ms=7574.214 avg_us=1413.627 max_us=140269
   1 caller=0x759fa24800b8 calls=4262 total_ms=1.691 avg_us=0.397 max_us=25
   2 caller=0x759fa2480098 calls=1582 total_ms=1.369 avg_us=0.865 max_us=12
   3 caller=0x759fa247f28a calls=316 total_ms=0.656 avg_us=2.076 max_us=11
   4 caller=0x759fa24800d5 calls=1582 total_ms=0.654 avg_us=0.413 max_us=15
direct_cudaStreamSynchronize: calls=5876 total_ms=29.890 max_us=2583
by_direct_callsite (file:line):
   0 /opt/llama.cpp/ggml/src/ggml-cuda/ggml-cuda.cu:839 calls=5523 total_ms=23.356 avg_us=4.229 max_us=356
   1 /opt/llama.cpp/ggml/src/ggml-cuda/ggml-cuda.cu:900 calls=12 total_ms=5.894 avg_us=491.167 max_us=2583
   2 /opt/llama.cpp/ggml/src/ggml-cuda/ggml-cuda.cu:2665 calls=191 total_ms=0.394 avg_us=2.063 max_us=11
   3 /opt/llama.cpp/ggml/src/ggml-cuda/ggml-cuda.cu:847 calls=150 total_ms=0.246 avg_us=1.640 max_us=21
=== END CUDA SYNC PROFILE ===

=== CUDA SYNC PROFILE (instrumentation only) ===
total_syncs = 13153
total_wait_ms = 7646.944
max_wait_us = 140269
sites = 5
wait_hist_us = logarithmic buckets
  hist[0] = 11957
  hist[1] = 650
  hist[2] = 44
  hist[3] = 22
  hist[4] = 7
  hist[5] = 1
  hist[9] = 79
  hist[10] = 180
  hist[11] = 55
  hist[14] = 52
  hist[15] = 87
  hist[16] = 18
  hist[17] = 1
by_callsite (caller PC; symbolize with addr2line):
   0 caller=0x759fa2480c8a calls=5381 total_ms=7642.559 avg_us=1420.286 max_us=140269
   1 caller=0x759fa24800b8 calls=4282 total_ms=1.696 avg_us=0.396 max_us=25
   2 caller=0x759fa2480098 calls=1586 total_ms=1.375 avg_us=0.867 max_us=12
   3 caller=0x759fa247f28a calls=318 total_ms=0.660 avg_us=2.075 max_us=11
   4 caller=0x759fa24800d5 calls=1586 total_ms=0.654 avg_us=0.412 max_us=15
direct_cudaStreamSynchronize: calls=5900 total_ms=29.991 max_us=2583
by_direct_callsite (file:line):
   0 /opt/llama.cpp/ggml/src/ggml-cuda/ggml-cuda.cu:839 calls=5547 total_ms=23.457 avg_us=4.229 max_us=356
   1 /opt/llama.cpp/ggml/src/ggml-cuda/ggml-cuda.cu:900 calls=12 total_ms=5.894 avg_us=491.167 max_us=2583
   2 /opt/llama.cpp/ggml/src/ggml-cuda/ggml-cuda.cu:2665 calls=191 total_ms=0.394 avg_us=2.063 max_us=11
   3 /opt/llama.cpp/ggml/src/ggml-cuda/ggml-cuda.cu:847 calls=150 total_ms=0.246 avg_us=1.640 max_us=21
=== END CUDA SYNC PROFILE ===
backend-sync-trace: count=13200 backend=CUDA0 caller=ggml_backend_sched_graph_compute_async_ext+0xcb8

=== CUDA SYNC PROFILE (instrumentation only) ===
total_syncs = 13200
total_wait_ms = 7649.656
max_wait_us = 140269
sites = 5
wait_hist_us = logarithmic buckets
  hist[0] = 12001
  hist[1] = 651
  hist[2] = 44
  hist[3] = 22
  hist[4] = 7
  hist[5] = 1
  hist[9] = 79
  hist[10] = 182
  hist[11] = 55
  hist[14] = 52
  hist[15] = 87
  hist[16] = 18
  hist[17] = 1
by_callsite (caller PC; symbolize with addr2line):
   0 caller=0x759fa2480c8a calls=5395 total_ms=7645.257 avg_us=1417.100 max_us=140269
   1 caller=0x759fa24800b8 calls=4303 total_ms=1.702 avg_us=0.396 max_us=25
   2 caller=0x759fa2480098 calls=1592 total_ms=1.380 avg_us=0.867 max_us=12
   3 caller=0x759fa247f28a calls=318 total_ms=0.660 avg_us=2.075 max_us=11
   4 caller=0x759fa24800d5 calls=1592 total_ms=0.657 avg_us=0.413 max_us=15
direct_cudaStreamSynchronize: calls=5925 total_ms=30.088 max_us=2583
by_direct_callsite (file:line):
   0 /opt/llama.cpp/ggml/src/ggml-cuda/ggml-cuda.cu:839 calls=5572 total_ms=23.554 avg_us=4.227 max_us=356
   1 /opt/llama.cpp/ggml/src/ggml-cuda/ggml-cuda.cu:900 calls=12 total_ms=5.894 avg_us=491.167 max_us=2583
   2 /opt/llama.cpp/ggml/src/ggml-cuda/ggml-cuda.cu:2665 calls=191 total_ms=0.394 avg_us=2.063 max_us=11
   3 /opt/llama.cpp/ggml/src/ggml-cuda/ggml-cuda.cu:847 calls=150 total_ms=0.246 avg_us=1.640 max_us=21
=== END CUDA SYNC PROFILE ===
backend-sync-trace: count=13300 backend=CUDA0 caller=ggml_backend_sched_synchronize+0x3a

=== CUDA SYNC PROFILE (instrumentation only) ===
total_syncs = 13300
total_wait_ms = 7765.240
max_wait_us = 140269
sites = 5
wait_hist_us = logarithmic buckets
  hist[0] = 12093
  hist[1] = 655
  hist[2] = 44
  hist[3] = 22
  hist[4] = 7
  hist[5] = 1
  hist[9] = 80
  hist[10] = 183
  hist[11] = 55
  hist[14] = 52
  hist[15] = 89
  hist[16] = 18
  hist[17] = 1
by_callsite (caller PC; symbolize with addr2line):
   0 caller=0x759fa2480c8a calls=5437 total_ms=7760.812 avg_us=1427.407 max_us=140269
   1 caller=0x759fa24800b8 calls=4334 total_ms=1.713 avg_us=0.395 max_us=25
   2 caller=0x759fa2480098 calls=1604 total_ms=1.387 avg_us=0.865 max_us=12
   3 caller=0x759fa247f28a calls=321 total_ms=0.666 avg_us=2.075 max_us=11
   4 caller=0x759fa24800d5 calls=1604 total_ms=0.662 avg_us=0.413 max_us=15
direct_cudaStreamSynchronize: calls=5966 total_ms=30.253 max_us=2583
by_direct_callsite (file:line):
   0 /opt/llama.cpp/ggml/src/ggml-cuda/ggml-cuda.cu:839 calls=5613 total_ms=23.719 avg_us=4.226 max_us=356
   1 /opt/llama.cpp/ggml/src/ggml-cuda/ggml-cuda.cu:900 calls=12 total_ms=5.894 avg_us=491.167 max_us=2583
   2 /opt/llama.cpp/ggml/src/ggml-cuda/ggml-cuda.cu:2665 calls=191 total_ms=0.394 avg_us=2.063 max_us=11
   3 /opt/llama.cpp/ggml/src/ggml-cuda/ggml-cuda.cu:847 calls=150 total_ms=0.246 avg_us=1.640 max_us=21
=== END CUDA SYNC PROFILE ===

=== CUDA SYNC PROFILE (instrumentation only) ===
total_syncs = 13381
total_wait_ms = 7799.564
max_wait_us = 140269
sites = 5
wait_hist_us = logarithmic buckets
  hist[0] = 12168
  hist[1] = 658
  hist[2] = 44
  hist[3] = 22
  hist[4] = 7
  hist[5] = 1
  hist[9] = 82
  hist[10] = 183
  hist[11] = 55
  hist[14] = 53
  hist[15] = 89
  hist[16] = 18
  hist[17] = 1
by_callsite (caller PC; symbolize with addr2line):
   0 caller=0x759fa2480c8a calls=5471 total_ms=7795.118 avg_us=1424.807 max_us=140269
   1 caller=0x759fa24800b8 calls=4359 total_ms=1.719 avg_us=0.394 max_us=25
   2 caller=0x759fa2480098 calls=1614 total_ms=1.395 avg_us=0.864 max_us=12
   3 caller=0x759fa247f28a calls=323 total_ms=0.669 avg_us=2.071 max_us=11
   4 caller=0x759fa24800d5 calls=1614 total_ms=0.663 avg_us=0.411 max_us=15
direct_cudaStreamSynchronize: calls=6000 total_ms=30.392 max_us=2583
by_direct_callsite (file:line):
   0 /opt/llama.cpp/ggml/src/ggml-cuda/ggml-cuda.cu:839 calls=5647 total_ms=23.858 avg_us=4.225 max_us=356
   1 /opt/llama.cpp/ggml/src/ggml-cuda/ggml-cuda.cu:900 calls=12 total_ms=5.894 avg_us=491.167 max_us=2583
   2 /opt/llama.cpp/ggml/src/ggml-cuda/ggml-cuda.cu:2665 calls=191 total_ms=0.394 avg_us=2.063 max_us=11
   3 /opt/llama.cpp/ggml/src/ggml-cuda/ggml-cuda.cu:847 calls=150 total_ms=0.246 avg_us=1.640 max_us=21
=== END CUDA SYNC PROFILE ===
backend-sync-trace: count=13400 backend=CUDA0 caller=ggml_backend_sched_synchronize+0x3a

=== CUDA SYNC PROFILE (instrumentation only) ===
total_syncs = 13400
total_wait_ms = 7799.575
max_wait_us = 140269
sites = 5
wait_hist_us = logarithmic buckets
  hist[0] = 12187
  hist[1] = 658
  hist[2] = 44
  hist[3] = 22
  hist[4] = 7
  hist[5] = 1
  hist[9] = 82
  hist[10] = 183
  hist[11] = 55
  hist[14] = 53
  hist[15] = 89
  hist[16] = 18
  hist[17] = 1
by_callsite (caller PC; symbolize with addr2line):
   0 caller=0x759fa2480c8a calls=5488 total_ms=7795.128 avg_us=1420.395 max_us=140269
   1 caller=0x759fa24800b8 calls=4361 total_ms=1.720 avg_us=0.394 max_us=25
   2 caller=0x759fa2480098 calls=1614 total_ms=1.395 avg_us=0.864 max_us=12
   3 caller=0x759fa247f28a calls=323 total_ms=0.669 avg_us=2.071 max_us=11
   4 caller=0x759fa24800d5 calls=1614 total_ms=0.663 avg_us=0.411 max_us=15
direct_cudaStreamSynchronize: calls=6001 total_ms=30.394 max_us=2583
by_direct_callsite (file:line):
   0 /opt/llama.cpp/ggml/src/ggml-cuda/ggml-cuda.cu:839 calls=5648 total_ms=23.860 avg_us=4.225 max_us=356
   1 /opt/llama.cpp/ggml/src/ggml-cuda/ggml-cuda.cu:900 calls=12 total_ms=5.894 avg_us=491.167 max_us=2583
   2 /opt/llama.cpp/ggml/src/ggml-cuda/ggml-cuda.cu:2665 calls=191 total_ms=0.394 avg_us=2.063 max_us=11
   3 /opt/llama.cpp/ggml/src/ggml-cuda/ggml-cuda.cu:847 calls=150 total_ms=0.246 avg_us=1.640 max_us=21
=== END CUDA SYNC PROFILE ===
backend-sync-trace: count=13500 backend=CUDA0 caller=ggml_backend_sched_synchronize+0x3a

=== CUDA SYNC PROFILE (instrumentation only) ===
total_syncs = 13500
total_wait_ms = 7853.103
max_wait_us = 140269
sites = 5
wait_hist_us = logarithmic buckets
  hist[0] = 12269
  hist[1] = 671
  hist[2] = 44
  hist[3] = 23
  hist[4] = 7
  hist[5] = 1
  hist[9] = 83
  hist[10] = 184
  hist[11] = 56
  hist[14] = 53
  hist[15] = 90
  hist[16] = 18
  hist[17] = 1
by_callsite (caller PC; symbolize with addr2line):
   0 caller=0x759fa2480c8a calls=5530 total_ms=7848.595 avg_us=1419.276 max_us=140269
   1 caller=0x759fa24800b8 calls=4392 total_ms=1.750 avg_us=0.398 max_us=25
   2 caller=0x759fa2480098 calls=1626 total_ms=1.412 avg_us=0.868 max_us=12
   3 caller=0x759fa247f28a calls=326 total_ms=0.675 avg_us=2.071 max_us=11
   4 caller=0x759fa24800d5 calls=1626 total_ms=0.671 avg_us=0.413 max_us=15
direct_cudaStreamSynchronize: calls=6042 total_ms=30.586 max_us=2583
by_direct_callsite (file:line):
   0 /opt/llama.cpp/ggml/src/ggml-cuda/ggml-cuda.cu:839 calls=5689 total_ms=24.052 avg_us=4.228 max_us=356
   1 /opt/llama.cpp/ggml/src/ggml-cuda/ggml-cuda.cu:900 calls=12 total_ms=5.894 avg_us=491.167 max_us=2583
   2 /opt/llama.cpp/ggml/src/ggml-cuda/ggml-cuda.cu:2665 calls=191 total_ms=0.394 avg_us=2.063 max_us=11
   3 /opt/llama.cpp/ggml/src/ggml-cuda/ggml-cuda.cu:847 calls=150 total_ms=0.246 avg_us=1.640 max_us=21
=== END CUDA SYNC PROFILE ===
backend-sync-trace: count=13600 backend=CUDA0 caller=ggml_backend_sched_graph_compute_async_ext+0xc98

=== CUDA SYNC PROFILE (instrumentation only) ===
total_syncs = 13600
total_wait_ms = 7904.095
max_wait_us = 140269
sites = 5
wait_hist_us = logarithmic buckets
  hist[0] = 12360
  hist[1] = 675
  hist[2] = 44
  hist[3] = 23
  hist[4] = 8
  hist[5] = 1
  hist[9] = 83
  hist[10] = 187
  hist[11] = 56
  hist[14] = 53
  hist[15] = 91
  hist[16] = 18
  hist[17] = 1
by_callsite (caller PC; symbolize with addr2line):
   0 caller=0x759fa2480c8a calls=5568 total_ms=7899.542 avg_us=1418.740 max_us=140269
   1 caller=0x759fa24800b8 calls=4423 total_ms=1.757 avg_us=0.397 max_us=25
   2 caller=0x759fa2480098 calls=1641 total_ms=1.437 avg_us=0.876 max_us=17
   3 caller=0x759fa24800d5 calls=1640 total_ms=0.680 avg_us=0.415 max_us=15
   4 caller=0x759fa247f28a calls=328 total_ms=0.679 avg_us=2.070 max_us=11
direct_cudaStreamSynchronize: calls=6085 total_ms=30.755 max_us=2583
by_direct_callsite (file:line):
   0 /opt/llama.cpp/ggml/src/ggml-cuda/ggml-cuda.cu:839 calls=5732 total_ms=24.221 avg_us=4.226 max_us=356
   1 /opt/llama.cpp/ggml/src/ggml-cuda/ggml-cuda.cu:900 calls=12 total_ms=5.894 avg_us=491.167 max_us=2583
   2 /opt/llama.cpp/ggml/src/ggml-cuda/ggml-cuda.cu:2665 calls=191 total_ms=0.394 avg_us=2.063 max_us=11
   3 /opt/llama.cpp/ggml/src/ggml-cuda/ggml-cuda.cu:847 calls=150 total_ms=0.246 avg_us=1.640 max_us=21
=== END CUDA SYNC PROFILE ===

=== CUDA SYNC PROFILE (instrumentation only) ===
total_syncs = 13617
total_wait_ms = 7904.102
max_wait_us = 140269
sites = 5
wait_hist_us = logarithmic buckets
  hist[0] = 12377
  hist[1] = 675
  hist[2] = 44
  hist[3] = 23
  hist[4] = 8
  hist[5] = 1
  hist[9] = 83
  hist[10] = 187
  hist[11] = 56
  hist[14] = 53
  hist[15] = 91
  hist[16] = 18
  hist[17] = 1
by_callsite (caller PC; symbolize with addr2line):
   0 caller=0x759fa2480c8a calls=5568 total_ms=7899.542 avg_us=1418.740 max_us=140269
   1 caller=0x759fa24800b8 calls=4437 total_ms=1.762 avg_us=0.397 max_us=25
   2 caller=0x759fa2480098 calls=1642 total_ms=1.437 avg_us=0.875 max_us=17
   3 caller=0x759fa24800d5 calls=1642 total_ms=0.682 avg_us=0.415 max_us=15
   4 caller=0x759fa247f28a calls=328 total_ms=0.679 avg_us=2.070 max_us=11
direct_cudaStreamSynchronize: calls=6100 total_ms=30.817 max_us=2583
by_direct_callsite (file:line):
   0 /opt/llama.cpp/ggml/src/ggml-cuda/ggml-cuda.cu:839 calls=5747 total_ms=24.283 avg_us=4.225 max_us=356
   1 /opt/llama.cpp/ggml/src/ggml-cuda/ggml-cuda.cu:900 calls=12 total_ms=5.894 avg_us=491.167 max_us=2583
   2 /opt/llama.cpp/ggml/src/ggml-cuda/ggml-cuda.cu:2665 calls=191 total_ms=0.394 avg_us=2.063 max_us=11
   3 /opt/llama.cpp/ggml/src/ggml-cuda/ggml-cuda.cu:847 calls=150 total_ms=0.246 avg_us=1.640 max_us=21
=== END CUDA SYNC PROFILE ===
backend-sync-trace: count=13700 backend=CUDA0 caller=ggml_backend_sched_graph_compute_async_ext+0xcb8

=== CUDA SYNC PROFILE (instrumentation only) ===
total_syncs = 13700
total_wait_ms = 7967.440
max_wait_us = 140269
sites = 5
wait_hist_us = logarithmic buckets
  hist[0] = 12453
  hist[1] = 679
  hist[2] = 44
  hist[3] = 23
  hist[4] = 8
  hist[5] = 1
  hist[9] = 83
  hist[10] = 188
  hist[11] = 57
  hist[14] = 53
  hist[15] = 92
  hist[16] = 18
  hist[17] = 1
by_callsite (caller PC; symbolize with addr2line):
   0 caller=0x759fa2480c8a calls=5605 total_ms=7962.857 avg_us=1420.670 max_us=140269
   1 caller=0x759fa24800b8 calls=4461 total_ms=1.773 avg_us=0.397 max_us=25
   2 caller=0x759fa2480098 calls=1652 total_ms=1.443 avg_us=0.873 max_us=17
   3 caller=0x759fa24800d5 calls=1652 total_ms=0.684 avg_us=0.414 max_us=15
   4 caller=0x759fa247f28a calls=330 total_ms=0.683 avg_us=2.070 max_us=11
direct_cudaStreamSynchronize: calls=6131 total_ms=30.945 max_us=2583
by_direct_callsite (file:line):
   0 /opt/llama.cpp/ggml/src/ggml-cuda/ggml-cuda.cu:839 calls=5778 total_ms=24.411 avg_us=4.225 max_us=356
   1 /opt/llama.cpp/ggml/src/ggml-cuda/ggml-cuda.cu:900 calls=12 total_ms=5.894 avg_us=491.167 max_us=2583
   2 /opt/llama.cpp/ggml/src/ggml-cuda/ggml-cuda.cu:2665 calls=191 total_ms=0.394 avg_us=2.063 max_us=11
   3 /opt/llama.cpp/ggml/src/ggml-cuda/ggml-cuda.cu:847 calls=150 total_ms=0.246 avg_us=1.640 max_us=21
=== END CUDA SYNC PROFILE ===
backend-sync-trace: count=13800 backend=CUDA0 caller=ggml_backend_sched_graph_compute_async_ext+0xcb8

=== CUDA SYNC PROFILE (instrumentation only) ===
total_syncs = 13800
total_wait_ms = 8106.588
max_wait_us = 140269
sites = 5
wait_hist_us = logarithmic buckets
  hist[0] = 12546
  hist[1] = 682
  hist[2] = 44
  hist[3] = 23
  hist[4] = 8
  hist[5] = 1
  hist[9] = 83
  hist[10] = 188
  hist[11] = 59
  hist[14] = 53
  hist[15] = 93
  hist[16] = 19
  hist[17] = 1
by_callsite (caller PC; symbolize with addr2line):
   0 caller=0x759fa2480c8a calls=5644 total_ms=8101.978 avg_us=1435.503 max_us=140269
   1 caller=0x759fa24800b8 calls=4495 total_ms=1.782 avg_us=0.396 max_us=25
   2 caller=0x759fa2480098 calls=1664 total_ms=1.452 avg_us=0.873 max_us=17
   3 caller=0x759fa24800d5 calls=1664 total_ms=0.689 avg_us=0.414 max_us=15
   4 caller=0x759fa247f28a calls=333 total_ms=0.687 avg_us=2.063 max_us=11
direct_cudaStreamSynchronize: calls=6175 total_ms=31.118 max_us=2583
by_direct_callsite (file:line):
   0 /opt/llama.cpp/ggml/src/ggml-cuda/ggml-cuda.cu:839 calls=5822 total_ms=24.584 avg_us=4.223 max_us=356
   1 /opt/llama.cpp/ggml/src/ggml-cuda/ggml-cuda.cu:900 calls=12 total_ms=5.894 avg_us=491.167 max_us=2583
   2 /opt/llama.cpp/ggml/src/ggml-cuda/ggml-cuda.cu:2665 calls=191 total_ms=0.394 avg_us=2.063 max_us=11
   3 /opt/llama.cpp/ggml/src/ggml-cuda/ggml-cuda.cu:847 calls=150 total_ms=0.246 avg_us=1.640 max_us=21
=== END CUDA SYNC PROFILE ===

=== CUDA SYNC PROFILE (instrumentation only) ===
total_syncs = 13870
total_wait_ms = 8109.610
max_wait_us = 140269
sites = 5
wait_hist_us = logarithmic buckets
  hist[0] = 12612
  hist[1] = 684
  hist[2] = 44
  hist[3] = 23
  hist[4] = 8
  hist[5] = 1
  hist[9] = 83
  hist[10] = 190
  hist[11] = 59
  hist[14] = 53
  hist[15] = 93
  hist[16] = 19
  hist[17] = 1
by_callsite (caller PC; symbolize with addr2line):
   0 caller=0x759fa2480c8a calls=5679 total_ms=8104.987 avg_us=1427.186 max_us=140269
   1 caller=0x759fa24800b8 calls=4513 total_ms=1.785 avg_us=0.396 max_us=25
   2 caller=0x759fa2480098 calls=1672 total_ms=1.456 avg_us=0.871 max_us=17
   3 caller=0x759fa24800d5 calls=1672 total_ms=0.693 avg_us=0.414 max_us=15
   4 caller=0x759fa247f28a calls=334 total_ms=0.689 avg_us=2.063 max_us=11
direct_cudaStreamSynchronize: calls=6200 total_ms=31.220 max_us=2583
by_direct_callsite (file:line):
   0 /opt/llama.cpp/ggml/src/ggml-cuda/ggml-cuda.cu:839 calls=5847 total_ms=24.686 avg_us=4.222 max_us=356
   1 /opt/llama.cpp/ggml/src/ggml-cuda/ggml-cuda.cu:900 calls=12 total_ms=5.894 avg_us=491.167 max_us=2583
   2 /opt/llama.cpp/ggml/src/ggml-cuda/ggml-cuda.cu:2665 calls=191 total_ms=0.394 avg_us=2.063 max_us=11
   3 /opt/llama.cpp/ggml/src/ggml-cuda/ggml-cuda.cu:847 calls=150 total_ms=0.246 avg_us=1.640 max_us=21
=== END CUDA SYNC PROFILE ===
backend-sync-trace: count=13900 backend=CUDA0 caller=ggml_backend_sched_synchronize+0x3a

=== CUDA SYNC PROFILE (instrumentation only) ===
total_syncs = 13900
total_wait_ms = 8153.796
max_wait_us = 140269
sites = 5
wait_hist_us = logarithmic buckets
  hist[0] = 12641
  hist[1] = 684
  hist[2] = 44
  hist[3] = 23
  hist[4] = 8
  hist[5] = 1
  hist[9] = 83
  hist[10] = 190
  hist[11] = 59
  hist[14] = 53
  hist[15] = 94
  hist[16] = 19
  hist[17] = 1
by_callsite (caller PC; symbolize with addr2line):
   0 caller=0x759fa2480c8a calls=5694 total_ms=8149.168 avg_us=1431.185 max_us=140269
   1 caller=0x759fa24800b8 calls=4523 total_ms=1.786 avg_us=0.395 max_us=25
   2 caller=0x759fa2480098 calls=1674 total_ms=1.458 avg_us=0.871 max_us=17
   3 caller=0x759fa24800d5 calls=1674 total_ms=0.694 avg_us=0.415 max_us=15
   4 caller=0x759fa247f28a calls=335 total_ms=0.690 avg_us=2.060 max_us=11
direct_cudaStreamSynchronize: calls=6211 total_ms=31.265 max_us=2583
by_direct_callsite (file:line):
   0 /opt/llama.cpp/ggml/src/ggml-cuda/ggml-cuda.cu:839 calls=5858 total_ms=24.731 avg_us=4.222 max_us=356
   1 /opt/llama.cpp/ggml/src/ggml-cuda/ggml-cuda.cu:900 calls=12 total_ms=5.894 avg_us=491.167 max_us=2583
   2 /opt/llama.cpp/ggml/src/ggml-cuda/ggml-cuda.cu:2665 calls=191 total_ms=0.394 avg_us=2.063 max_us=11
   3 /opt/llama.cpp/ggml/src/ggml-cuda/ggml-cuda.cu:847 calls=150 total_ms=0.246 avg_us=1.640 max_us=21
=== END CUDA SYNC PROFILE ===
backend-sync-trace: count=14000 backend=CUDA0 caller=ggml_backend_sched_graph_compute_async_ext+0xcb8

=== CUDA SYNC PROFILE (instrumentation only) ===
total_syncs = 14000
total_wait_ms = 8217.610
max_wait_us = 140269
sites = 5
wait_hist_us = logarithmic buckets
  hist[0] = 12733
  hist[1] = 688
  hist[2] = 44
  hist[3] = 23
  hist[4] = 8
  hist[5] = 1
  hist[9] = 83
  hist[10] = 193
  hist[11] = 59
  hist[14] = 53
  hist[15] = 95
  hist[16] = 19
  hist[17] = 1
by_callsite (caller PC; symbolize with addr2line):
   0 caller=0x759fa2480c8a calls=5728 total_ms=8212.947 avg_us=1433.825 max_us=140269
   1 caller=0x759fa24800b8 calls=4558 total_ms=1.800 avg_us=0.395 max_us=25
   2 caller=0x759fa2480098 calls=1688 total_ms=1.467 avg_us=0.869 max_us=17
   3 caller=0x759fa24800d5 calls=1688 total_ms=0.700 avg_us=0.415 max_us=15
   4 caller=0x759fa247f28a calls=338 total_ms=0.696 avg_us=2.059 max_us=11
direct_cudaStreamSynchronize: calls=6257 total_ms=31.444 max_us=2583
by_direct_callsite (file:line):
   0 /opt/llama.cpp/ggml/src/ggml-cuda/ggml-cuda.cu:839 calls=5904 total_ms=24.910 avg_us=4.219 max_us=356
   1 /opt/llama.cpp/ggml/src/ggml-cuda/ggml-cuda.cu:900 calls=12 total_ms=5.894 avg_us=491.167 max_us=2583
   2 /opt/llama.cpp/ggml/src/ggml-cuda/ggml-cuda.cu:2665 calls=191 total_ms=0.394 avg_us=2.063 max_us=11
   3 /opt/llama.cpp/ggml/src/ggml-cuda/ggml-cuda.cu:847 calls=150 total_ms=0.246 avg_us=1.640 max_us=21
=== END CUDA SYNC PROFILE ===
backend-sync-trace: count=14100 backend=CUDA0 caller=ggml_backend_sched_graph_compute_async_ext+0xc98

=== CUDA SYNC PROFILE (instrumentation only) ===
total_syncs = 14100
total_wait_ms = 8267.440
max_wait_us = 140269
sites = 5
wait_hist_us = logarithmic buckets
  hist[0] = 12826
  hist[1] = 691
  hist[2] = 44
  hist[3] = 23
  hist[4] = 8
  hist[5] = 1
  hist[9] = 84
  hist[10] = 195
  hist[11] = 59
  hist[14] = 53
  hist[15] = 96
  hist[16] = 19
  hist[17] = 1
by_callsite (caller PC; symbolize with addr2line):
   0 caller=0x759fa2480c8a calls=5772 total_ms=8262.749 avg_us=1431.523 max_us=140269
   1 caller=0x759fa24800b8 calls=4585 total_ms=1.809 avg_us=0.395 max_us=25
   2 caller=0x759fa2480098 calls=1702 total_ms=1.477 avg_us=0.868 max_us=17
   3 caller=0x759fa24800d5 calls=1701 total_ms=0.706 avg_us=0.415 max_us=15
   4 caller=0x759fa247f28a calls=340 total_ms=0.699 avg_us=2.056 max_us=11
direct_cudaStreamSynchronize: calls=6295 total_ms=31.599 max_us=2583
by_direct_callsite (file:line):
   0 /opt/llama.cpp/ggml/src/ggml-cuda/ggml-cuda.cu:839 calls=5942 total_ms=25.065 avg_us=4.218 max_us=356
   1 /opt/llama.cpp/ggml/src/ggml-cuda/ggml-cuda.cu:900 calls=12 total_ms=5.894 avg_us=491.167 max_us=2583
   2 /opt/llama.cpp/ggml/src/ggml-cuda/ggml-cuda.cu:2665 calls=191 total_ms=0.394 avg_us=2.063 max_us=11
   3 /opt/llama.cpp/ggml/src/ggml-cuda/ggml-cuda.cu:847 calls=150 total_ms=0.246 avg_us=1.640 max_us=21
=== END CUDA SYNC PROFILE ===

=== CUDA SYNC PROFILE (instrumentation only) ===
total_syncs = 14105
total_wait_ms = 8267.440
max_wait_us = 140269
sites = 5
wait_hist_us = logarithmic buckets
  hist[0] = 12831
  hist[1] = 691
  hist[2] = 44
  hist[3] = 23
  hist[4] = 8
  hist[5] = 1
  hist[9] = 84
  hist[10] = 195
  hist[11] = 59
  hist[14] = 53
  hist[15] = 96
  hist[16] = 19
  hist[17] = 1
by_callsite (caller PC; symbolize with addr2line):
   0 caller=0x759fa2480c8a calls=5772 total_ms=8262.749 avg_us=1431.523 max_us=140269
   1 caller=0x759fa24800b8 calls=4589 total_ms=1.809 avg_us=0.394 max_us=25
   2 caller=0x759fa2480098 calls=1702 total_ms=1.477 avg_us=0.868 max_us=17
   3 caller=0x759fa24800d5 calls=1702 total_ms=0.706 avg_us=0.415 max_us=15
   4 caller=0x759fa247f28a calls=340 total_ms=0.699 avg_us=2.056 max_us=11
direct_cudaStreamSynchronize: calls=6300 total_ms=31.636 max_us=2583
by_direct_callsite (file:line):
   0 /opt/llama.cpp/ggml/src/ggml-cuda/ggml-cuda.cu:839 calls=5947 total_ms=25.102 avg_us=4.221 max_us=356
   1 /opt/llama.cpp/ggml/src/ggml-cuda/ggml-cuda.cu:900 calls=12 total_ms=5.894 avg_us=491.167 max_us=2583
   2 /opt/llama.cpp/ggml/src/ggml-cuda/ggml-cuda.cu:2665 calls=191 total_ms=0.394 avg_us=2.063 max_us=11
   3 /opt/llama.cpp/ggml/src/ggml-cuda/ggml-cuda.cu:847 calls=150 total_ms=0.246 avg_us=1.640 max_us=21
=== END CUDA SYNC PROFILE ===
backend-sync-trace: count=14200 backend=CUDA0 caller=ggml_backend_sched_graph_compute_async_ext+0xcb8

=== CUDA SYNC PROFILE (instrumentation only) ===
total_syncs = 14200
total_wait_ms = 8309.375
max_wait_us = 140269
sites = 5
wait_hist_us = logarithmic buckets
  hist[0] = 12921
  hist[1] = 693
  hist[2] = 44
  hist[3] = 23
  hist[4] = 8
  hist[5] = 1
  hist[9] = 84
  hist[10] = 196
  hist[11] = 60
  hist[14] = 53
  hist[15] = 97
  hist[16] = 19
  hist[17] = 1
by_callsite (caller PC; symbolize with addr2line):
   0 caller=0x759fa2480c8a calls=5809 total_ms=8304.651 avg_us=1429.618 max_us=140269
   1 caller=0x759fa24800b8 calls=4625 total_ms=1.826 avg_us=0.395 max_us=25
   2 caller=0x759fa2480098 calls=1712 total_ms=1.485 avg_us=0.867 max_us=17
   3 caller=0x759fa24800d5 calls=1712 total_ms=0.711 avg_us=0.415 max_us=15
   4 caller=0x759fa247f28a calls=342 total_ms=0.702 avg_us=2.053 max_us=11
direct_cudaStreamSynchronize: calls=6343 total_ms=31.825 max_us=2583
by_direct_callsite (file:line):
   0 /opt/llama.cpp/ggml/src/ggml-cuda/ggml-cuda.cu:839 calls=5990 total_ms=25.291 avg_us=4.222 max_us=356
   1 /opt/llama.cpp/ggml/src/ggml-cuda/ggml-cuda.cu:900 calls=12 total_ms=5.894 avg_us=491.167 max_us=2583
   2 /opt/llama.cpp/ggml/src/ggml-cuda/ggml-cuda.cu:2665 calls=191 total_ms=0.394 avg_us=2.063 max_us=11
   3 /opt/llama.cpp/ggml/src/ggml-cuda/ggml-cuda.cu:847 calls=150 total_ms=0.246 avg_us=1.640 max_us=21
=== END CUDA SYNC PROFILE ===
backend-sync-trace: count=14300 backend=CUDA0 caller=ggml_backend_sched_synchronize+0x3a

=== CUDA SYNC PROFILE (instrumentation only) ===
total_syncs = 14300
total_wait_ms = 8455.254
max_wait_us = 140269
sites = 5
wait_hist_us = logarithmic buckets
  hist[0] = 13011
  hist[1] = 699
  hist[2] = 44
  hist[3] = 23
  hist[4] = 8
  hist[5] = 1
  hist[9] = 84
  hist[10] = 197
  hist[11] = 61
  hist[14] = 53
  hist[15] = 98
  hist[16] = 20
  hist[17] = 1
by_callsite (caller PC; symbolize with addr2line):
   0 caller=0x759fa2480c8a calls=5849 total_ms=8450.500 avg_us=1444.777 max_us=140269
   1 caller=0x759fa24800b8 calls=4658 total_ms=1.837 avg_us=0.394 max_us=25
   2 caller=0x759fa2480098 calls=1724 total_ms=1.494 avg_us=0.867 max_us=17
   3 caller=0x759fa24800d5 calls=1724 total_ms=0.715 avg_us=0.415 max_us=15
   4 caller=0x759fa247f28a calls=345 total_ms=0.708 avg_us=2.052 max_us=11
direct_cudaStreamSynchronize: calls=6386 total_ms=31.998 max_us=2583
by_direct_callsite (file:line):
   0 /opt/llama.cpp/ggml/src/ggml-cuda/ggml-cuda.cu:839 calls=6033 total_ms=25.464 avg_us=4.221 max_us=356
   1 /opt/llama.cpp/ggml/src/ggml-cuda/ggml-cuda.cu:900 calls=12 total_ms=5.894 avg_us=491.167 max_us=2583
   2 /opt/llama.cpp/ggml/src/ggml-cuda/ggml-cuda.cu:2665 calls=191 total_ms=0.394 avg_us=2.063 max_us=11
   3 /opt/llama.cpp/ggml/src/ggml-cuda/ggml-cuda.cu:847 calls=150 total_ms=0.246 avg_us=1.640 max_us=21
=== END CUDA SYNC PROFILE ===

=== CUDA SYNC PROFILE (instrumentation only) ===
total_syncs = 14349
total_wait_ms = 8457.418
max_wait_us = 140269
sites = 5
wait_hist_us = logarithmic buckets
  hist[0] = 13056
  hist[1] = 701
  hist[2] = 44
  hist[3] = 23
  hist[4] = 8
  hist[5] = 1
  hist[9] = 85
  hist[10] = 198
  hist[11] = 61
  hist[14] = 53
  hist[15] = 98
  hist[16] = 20
  hist[17] = 1
by_callsite (caller PC; symbolize with addr2line):
   0 caller=0x759fa2480c8a calls=5877 total_ms=8452.651 avg_us=1438.259 max_us=140269
   1 caller=0x759fa24800b8 calls=4666 total_ms=1.839 avg_us=0.394 max_us=25
   2 caller=0x759fa2480098 calls=1730 total_ms=1.500 avg_us=0.867 max_us=17
   3 caller=0x759fa24800d5 calls=1730 total_ms=0.718 avg_us=0.415 max_us=15
   4 caller=0x759fa247f28a calls=346 total_ms=0.710 avg_us=2.052 max_us=11
direct_cudaStreamSynchronize: calls=6400 total_ms=32.048 max_us=2583
by_direct_callsite (file:line):
   0 /opt/llama.cpp/ggml/src/ggml-cuda/ggml-cuda.cu:839 calls=6047 total_ms=25.514 avg_us=4.219 max_us=356
   1 /opt/llama.cpp/ggml/src/ggml-cuda/ggml-cuda.cu:900 calls=12 total_ms=5.894 avg_us=491.167 max_us=2583
   2 /opt/llama.cpp/ggml/src/ggml-cuda/ggml-cuda.cu:2665 calls=191 total_ms=0.394 avg_us=2.063 max_us=11
   3 /opt/llama.cpp/ggml/src/ggml-cuda/ggml-cuda.cu:847 calls=150 total_ms=0.246 avg_us=1.640 max_us=21
=== END CUDA SYNC PROFILE ===
backend-sync-trace: count=14400 backend=CUDA0 caller=ggml_backend_sched_graph_compute_async_ext+0xcb8

=== CUDA SYNC PROFILE (instrumentation only) ===
total_syncs = 14400
total_wait_ms = 8505.545
max_wait_us = 140269
sites = 5
wait_hist_us = logarithmic buckets
  hist[0] = 13103
  hist[1] = 704
  hist[2] = 44
  hist[3] = 23
  hist[4] = 8
  hist[5] = 1
  hist[9] = 85
  hist[10] = 198
  hist[11] = 61
  hist[14] = 53
  hist[15] = 99
  hist[16] = 20
  hist[17] = 1
by_callsite (caller PC; symbolize with addr2line):
   0 caller=0x759fa2480c8a calls=5894 total_ms=8500.764 avg_us=1442.274 max_us=140269
   1 caller=0x759fa24800b8 calls=4686 total_ms=1.845 avg_us=0.394 max_us=25
   2 caller=0x759fa2480098 calls=1736 total_ms=1.504 avg_us=0.866 max_us=17
   3 caller=0x759fa24800d5 calls=1736 total_ms=0.718 avg_us=0.414 max_us=15
   4 caller=0x759fa247f28a calls=348 total_ms=0.714 avg_us=2.052 max_us=11
direct_cudaStreamSynchronize: calls=6423 total_ms=32.149 max_us=2583
by_direct_callsite (file:line):
   0 /opt/llama.cpp/ggml/src/ggml-cuda/ggml-cuda.cu:839 calls=6070 total_ms=25.615 avg_us=4.220 max_us=356
   1 /opt/llama.cpp/ggml/src/ggml-cuda/ggml-cuda.cu:900 calls=12 total_ms=5.894 avg_us=491.167 max_us=2583
   2 /opt/llama.cpp/ggml/src/ggml-cuda/ggml-cuda.cu:2665 calls=191 total_ms=0.394 avg_us=2.063 max_us=11
   3 /opt/llama.cpp/ggml/src/ggml-cuda/ggml-cuda.cu:847 calls=150 total_ms=0.246 avg_us=1.640 max_us=21
=== END CUDA SYNC PROFILE ===
1.13.127.258 I slot print_timing: id  0 | task 0 | n_gen =    406, tg =  44.16 t/s, tg_3s =  44.26 t/s
backend-sync-trace: count=14500 backend=CUDA0 caller=ggml_backend_sched_graph_compute_async_ext+0xcd5

=== CUDA SYNC PROFILE (instrumentation only) ===
total_syncs = 14500
total_wait_ms = 8543.884
max_wait_us = 140269
sites = 5
wait_hist_us = logarithmic buckets
  hist[0] = 13197
  hist[1] = 706
  hist[2] = 44
  hist[3] = 23
  hist[4] = 8
  hist[5] = 1
  hist[9] = 85
  hist[10] = 201
  hist[11] = 61
  hist[14] = 53
  hist[15] = 100
  hist[16] = 20
  hist[17] = 1
by_callsite (caller PC; symbolize with addr2line):
   0 caller=0x759fa2480c8a calls=5938 total_ms=8539.076 avg_us=1438.039 max_us=140269
   1 caller=0x759fa24800b8 calls=4716 total_ms=1.855 avg_us=0.393 max_us=25
   2 caller=0x759fa2480098 calls=1748 total_ms=1.514 avg_us=0.866 max_us=17
   3 caller=0x759fa24800d5 calls=1748 total_ms=0.722 avg_us=0.413 max_us=15
   4 caller=0x759fa247f28a calls=350 total_ms=0.717 avg_us=2.049 max_us=11
direct_cudaStreamSynchronize: calls=6463 total_ms=32.302 max_us=2583
by_direct_callsite (file:line):
   0 /opt/llama.cpp/ggml/src/ggml-cuda/ggml-cuda.cu:839 calls=6110 total_ms=25.768 avg_us=4.217 max_us=356
   1 /opt/llama.cpp/ggml/src/ggml-cuda/ggml-cuda.cu:900 calls=12 total_ms=5.894 avg_us=491.167 max_us=2583
   2 /opt/llama.cpp/ggml/src/ggml-cuda/ggml-cuda.cu:2665 calls=191 total_ms=0.394 avg_us=2.063 max_us=11
   3 /opt/llama.cpp/ggml/src/ggml-cuda/ggml-cuda.cu:847 calls=150 total_ms=0.246 avg_us=1.640 max_us=21
=== END CUDA SYNC PROFILE ===

=== CUDA SYNC PROFILE (instrumentation only) ===
total_syncs = 14575
total_wait_ms = 8599.248
max_wait_us = 140269
sites = 5
wait_hist_us = logarithmic buckets
  hist[0] = 13266
  hist[1] = 709
  hist[2] = 44
  hist[3] = 23
  hist[4] = 8
  hist[5] = 1
  hist[9] = 86
  hist[10] = 202
  hist[11] = 61
  hist[14] = 53
  hist[15] = 101
  hist[16] = 20
  hist[17] = 1
by_callsite (caller PC; symbolize with addr2line):
   0 caller=0x759fa2480c8a calls=5963 total_ms=8594.412 avg_us=1441.290 max_us=140269
   1 caller=0x759fa24800b8 calls=4744 total_ms=1.865 avg_us=0.393 max_us=25
   2 caller=0x759fa2480098 calls=1758 total_ms=1.522 avg_us=0.866 max_us=17
   3 caller=0x759fa24800d5 calls=1758 total_ms=0.728 avg_us=0.414 max_us=15
   4 caller=0x759fa247f28a calls=352 total_ms=0.721 avg_us=2.048 max_us=11
direct_cudaStreamSynchronize: calls=6500 total_ms=32.451 max_us=2583
by_direct_callsite (file:line):
   0 /opt/llama.cpp/ggml/src/ggml-cuda/ggml-cuda.cu:839 calls=6147 total_ms=25.917 avg_us=4.216 max_us=356
   1 /opt/llama.cpp/ggml/src/ggml-cuda/ggml-cuda.cu:900 calls=12 total_ms=5.894 avg_us=491.167 max_us=2583
   2 /opt/llama.cpp/ggml/src/ggml-cuda/ggml-cuda.cu:2665 calls=191 total_ms=0.394 avg_us=2.063 max_us=11
   3 /opt/llama.cpp/ggml/src/ggml-cuda/ggml-cuda.cu:847 calls=150 total_ms=0.246 avg_us=1.640 max_us=21
=== END CUDA SYNC PROFILE ===
backend-sync-trace: count=14600 backend=CUDA0 caller=ggml_backend_sched_graph_compute_async_ext+0xcb8

=== CUDA SYNC PROFILE (instrumentation only) ===
total_syncs = 14600
total_wait_ms = 8601.352
max_wait_us = 140269
sites = 5
wait_hist_us = logarithmic buckets
  hist[0] = 13289
  hist[1] = 710
  hist[2] = 44
  hist[3] = 23
  hist[4] = 8
  hist[5] = 1
  hist[9] = 86
  hist[10] = 202
  hist[11] = 62
  hist[14] = 53
  hist[15] = 101
  hist[16] = 20
  hist[17] = 1
by_callsite (caller PC; symbolize with addr2line):
   0 caller=0x759fa2480c8a calls=5970 total_ms=8596.505 avg_us=1439.951 max_us=140269
   1 caller=0x759fa24800b8 calls=4754 total_ms=1.871 avg_us=0.394 max_us=25
   2 caller=0x759fa2480098 calls=1762 total_ms=1.527 avg_us=0.867 max_us=17
   3 caller=0x759fa24800d5 calls=1762 total_ms=0.728 avg_us=0.413 max_us=15
   4 caller=0x759fa247f28a calls=352 total_ms=0.721 avg_us=2.048 max_us=11
direct_cudaStreamSynchronize: calls=6512 total_ms=32.507 max_us=2583
by_direct_callsite (file:line):
   0 /opt/llama.cpp/ggml/src/ggml-cuda/ggml-cuda.cu:839 calls=6159 total_ms=25.973 avg_us=4.217 max_us=356
   1 /opt/llama.cpp/ggml/src/ggml-cuda/ggml-cuda.cu:900 calls=12 total_ms=5.894 avg_us=491.167 max_us=2583
   2 /opt/llama.cpp/ggml/src/ggml-cuda/ggml-cuda.cu:2665 calls=191 total_ms=0.394 avg_us=2.063 max_us=11
   3 /opt/llama.cpp/ggml/src/ggml-cuda/ggml-cuda.cu:847 calls=150 total_ms=0.246 avg_us=1.640 max_us=21
=== END CUDA SYNC PROFILE ===
backend-sync-trace: count=14700 backend=CUDA0 caller=ggml_backend_sched_synchronize+0x3a

=== CUDA SYNC PROFILE (instrumentation only) ===
total_syncs = 14700
total_wait_ms = 8713.005
max_wait_us = 140269
sites = 5
wait_hist_us = logarithmic buckets
  hist[0] = 13380
  hist[1] = 715
  hist[2] = 44
  hist[3] = 23
  hist[4] = 8
  hist[5] = 1
  hist[9] = 87
  hist[10] = 203
  hist[11] = 62
  hist[14] = 53
  hist[15] = 102
  hist[16] = 21
  hist[17] = 1
by_callsite (caller PC; symbolize with addr2line):
   0 caller=0x759fa2480c8a calls=6004 total_ms=8708.125 avg_us=1450.387 max_us=140269
   1 caller=0x759fa24800b8 calls=4793 total_ms=1.885 avg_us=0.393 max_us=25
   2 caller=0x759fa2480098 calls=1774 total_ms=1.534 avg_us=0.865 max_us=17
   3 caller=0x759fa24800d5 calls=1774 total_ms=0.734 avg_us=0.414 max_us=15
   4 caller=0x759fa247f28a calls=355 total_ms=0.727 avg_us=2.048 max_us=11
direct_cudaStreamSynchronize: calls=6561 total_ms=32.727 max_us=2583
by_direct_callsite (file:line):
   0 /opt/llama.cpp/ggml/src/ggml-cuda/ggml-cuda.cu:839 calls=6208 total_ms=26.193 avg_us=4.219 max_us=356
   1 /opt/llama.cpp/ggml/src/ggml-cuda/ggml-cuda.cu:900 calls=12 total_ms=5.894 avg_us=491.167 max_us=2583
   2 /opt/llama.cpp/ggml/src/ggml-cuda/ggml-cuda.cu:2665 calls=191 total_ms=0.394 avg_us=2.063 max_us=11
   3 /opt/llama.cpp/ggml/src/ggml-cuda/ggml-cuda.cu:847 calls=150 total_ms=0.246 avg_us=1.640 max_us=21
=== END CUDA SYNC PROFILE ===

=== CUDA SYNC PROFILE (instrumentation only) ===
total_syncs = 14795
total_wait_ms = 8752.990
max_wait_us = 140269
sites = 5
wait_hist_us = logarithmic buckets
  hist[0] = 13469
  hist[1] = 718
  hist[2] = 44
  hist[3] = 23
  hist[4] = 8
  hist[5] = 1
  hist[9] = 89
  hist[10] = 203
  hist[11] = 62
  hist[14] = 53
  hist[15] = 103
  hist[16] = 21
  hist[17] = 1
by_callsite (caller PC; symbolize with addr2line):
   0 caller=0x759fa2480c8a calls=6043 total_ms=8748.085 avg_us=1447.639 max_us=140269
   1 caller=0x759fa24800b8 calls=4822 total_ms=1.891 avg_us=0.392 max_us=25
   2 caller=0x759fa2480098 calls=1786 total_ms=1.544 avg_us=0.865 max_us=17
   3 caller=0x759fa24800d5 calls=1786 total_ms=0.738 avg_us=0.413 max_us=15
   4 caller=0x759fa247f28a calls=358 total_ms=0.732 avg_us=2.045 max_us=11
direct_cudaStreamSynchronize: calls=6600 total_ms=32.883 max_us=2583
by_direct_callsite (file:line):
   0 /opt/llama.cpp/ggml/src/ggml-cuda/ggml-cuda.cu:839 calls=6247 total_ms=26.349 avg_us=4.218 max_us=356
   1 /opt/llama.cpp/ggml/src/ggml-cuda/ggml-cuda.cu:900 calls=12 total_ms=5.894 avg_us=491.167 max_us=2583
   2 /opt/llama.cpp/ggml/src/ggml-cuda/ggml-cuda.cu:2665 calls=191 total_ms=0.394 avg_us=2.063 max_us=11
   3 /opt/llama.cpp/ggml/src/ggml-cuda/ggml-cuda.cu:847 calls=150 total_ms=0.246 avg_us=1.640 max_us=21
=== END CUDA SYNC PROFILE ===
backend-sync-trace: count=14800 backend=CUDA0 caller=ggml_backend_sched_synchronize+0x3a

=== CUDA SYNC PROFILE (instrumentation only) ===
total_syncs = 14800
total_wait_ms = 8753.926
max_wait_us = 140269
sites = 5
wait_hist_us = logarithmic buckets
  hist[0] = 13473
  hist[1] = 718
  hist[2] = 44
  hist[3] = 23
  hist[4] = 8
  hist[5] = 1
  hist[9] = 90
  hist[10] = 203
  hist[11] = 62
  hist[14] = 53
  hist[15] = 103
  hist[16] = 21
  hist[17] = 1
by_callsite (caller PC; symbolize with addr2line):
   0 caller=0x759fa2480c8a calls=6046 total_ms=8749.021 avg_us=1447.076 max_us=140269
   1 caller=0x759fa24800b8 calls=4824 total_ms=1.891 avg_us=0.392 max_us=25
   2 caller=0x759fa2480098 calls=1786 total_ms=1.544 avg_us=0.865 max_us=17
   3 caller=0x759fa24800d5 calls=1786 total_ms=0.738 avg_us=0.413 max_us=15
   4 caller=0x759fa247f28a calls=358 total_ms=0.732 avg_us=2.045 max_us=11
direct_cudaStreamSynchronize: calls=6602 total_ms=32.889 max_us=2583
by_direct_callsite (file:line):
   0 /opt/llama.cpp/ggml/src/ggml-cuda/ggml-cuda.cu:839 calls=6249 total_ms=26.355 avg_us=4.217 max_us=356
   1 /opt/llama.cpp/ggml/src/ggml-cuda/ggml-cuda.cu:900 calls=12 total_ms=5.894 avg_us=491.167 max_us=2583
   2 /opt/llama.cpp/ggml/src/ggml-cuda/ggml-cuda.cu:2665 calls=191 total_ms=0.394 avg_us=2.063 max_us=11
   3 /opt/llama.cpp/ggml/src/ggml-cuda/ggml-cuda.cu:847 calls=150 total_ms=0.246 avg_us=1.640 max_us=21
=== END CUDA SYNC PROFILE ===
backend-sync-trace: count=14900 backend=CUDA0 caller=ggml_backend_sched_synchronize+0x3a

=== CUDA SYNC PROFILE (instrumentation only) ===
total_syncs = 14900
total_wait_ms = 8785.470
max_wait_us = 140269
sites = 5
wait_hist_us = logarithmic buckets
  hist[0] = 13567
  hist[1] = 720
  hist[2] = 44
  hist[3] = 23
  hist[4] = 8
  hist[5] = 1
  hist[9] = 92
  hist[10] = 204
  hist[11] = 62
  hist[14] = 54
  hist[15] = 103
  hist[16] = 21
  hist[17] = 1
by_callsite (caller PC; symbolize with addr2line):
   0 caller=0x759fa2480c8a calls=6089 total_ms=8780.536 avg_us=1442.033 max_us=140269
   1 caller=0x759fa24800b8 calls=4855 total_ms=1.902 avg_us=0.392 max_us=25
   2 caller=0x759fa2480098 calls=1798 total_ms=1.555 avg_us=0.865 max_us=17
   3 caller=0x759fa24800d5 calls=1798 total_ms=0.742 avg_us=0.413 max_us=15
   4 caller=0x759fa247f28a calls=360 total_ms=0.735 avg_us=2.042 max_us=11
direct_cudaStreamSynchronize: calls=6643 total_ms=33.050 max_us=2583
by_direct_callsite (file:line):
   0 /opt/llama.cpp/ggml/src/ggml-cuda/ggml-cuda.cu:839 calls=6290 total_ms=26.516 avg_us=4.216 max_us=356
   1 /opt/llama.cpp/ggml/src/ggml-cuda/ggml-cuda.cu:900 calls=12 total_ms=5.894 avg_us=491.167 max_us=2583
   2 /opt/llama.cpp/ggml/src/ggml-cuda/ggml-cuda.cu:2665 calls=191 total_ms=0.394 avg_us=2.063 max_us=11
   3 /opt/llama.cpp/ggml/src/ggml-cuda/ggml-cuda.cu:847 calls=150 total_ms=0.246 avg_us=1.640 max_us=21
=== END CUDA SYNC PROFILE ===
backend-sync-trace: count=15000 backend=CUDA0 caller=ggml_backend_sched_graph_compute_async_ext+0xcb8

=== CUDA SYNC PROFILE (instrumentation only) ===
total_syncs = 15000
total_wait_ms = 8833.455
max_wait_us = 140269
sites = 5
wait_hist_us = logarithmic buckets
  hist[0] = 13660
  hist[1] = 724
  hist[2] = 44
  hist[3] = 23
  hist[4] = 8
  hist[5] = 1
  hist[9] = 93
  hist[10] = 205
  hist[11] = 62
  hist[14] = 54
  hist[15] = 104
  hist[16] = 21
  hist[17] = 1
by_callsite (caller PC; symbolize with addr2line):
   0 caller=0x759fa2480c8a calls=6119 total_ms=8828.488 avg_us=1442.799 max_us=140269
   1 caller=0x759fa24800b8 calls=4895 total_ms=1.919 avg_us=0.392 max_us=25
   2 caller=0x759fa2480098 calls=1812 total_ms=1.565 avg_us=0.864 max_us=17
   3 caller=0x759fa24800d5 calls=1812 total_ms=0.744 avg_us=0.411 max_us=15
   4 caller=0x759fa247f28a calls=362 total_ms=0.739 avg_us=2.041 max_us=11
direct_cudaStreamSynchronize: calls=6693 total_ms=33.256 max_us=2583
by_direct_callsite (file:line):
   0 /opt/llama.cpp/ggml/src/ggml-cuda/ggml-cuda.cu:839 calls=6340 total_ms=26.722 avg_us=4.215 max_us=356
   1 /opt/llama.cpp/ggml/src/ggml-cuda/ggml-cuda.cu:900 calls=12 total_ms=5.894 avg_us=491.167 max_us=2583
   2 /opt/llama.cpp/ggml/src/ggml-cuda/ggml-cuda.cu:2665 calls=191 total_ms=0.394 avg_us=2.063 max_us=11
   3 /opt/llama.cpp/ggml/src/ggml-cuda/ggml-cuda.cu:847 calls=150 total_ms=0.246 avg_us=1.640 max_us=21
=== END CUDA SYNC PROFILE ===

=== CUDA SYNC PROFILE (instrumentation only) ===
total_syncs = 15011
total_wait_ms = 8880.807
max_wait_us = 140269
sites = 5
wait_hist_us = logarithmic buckets
  hist[0] = 13670
  hist[1] = 724
  hist[2] = 44
  hist[3] = 23
  hist[4] = 8
  hist[5] = 1
  hist[9] = 93
  hist[10] = 205
  hist[11] = 62
  hist[14] = 54
  hist[15] = 105
  hist[16] = 21
  hist[17] = 1
by_callsite (caller PC; symbolize with addr2line):
   0 caller=0x759fa2480c8a calls=6121 total_ms=8875.837 avg_us=1450.063 max_us=140269
   1 caller=0x759fa24800b8 calls=4899 total_ms=1.921 avg_us=0.392 max_us=25
   2 caller=0x759fa2480098 calls=1814 total_ms=1.565 avg_us=0.863 max_us=17
   3 caller=0x759fa24800d5 calls=1814 total_ms=0.744 avg_us=0.410 max_us=15
   4 caller=0x759fa247f28a calls=363 total_ms=0.740 avg_us=2.039 max_us=11
direct_cudaStreamSynchronize: calls=6700 total_ms=33.286 max_us=2583
by_direct_callsite (file:line):
   0 /opt/llama.cpp/ggml/src/ggml-cuda/ggml-cuda.cu:839 calls=6347 total_ms=26.752 avg_us=4.215 max_us=356
   1 /opt/llama.cpp/ggml/src/ggml-cuda/ggml-cuda.cu:900 calls=12 total_ms=5.894 avg_us=491.167 max_us=2583
   2 /opt/llama.cpp/ggml/src/ggml-cuda/ggml-cuda.cu:2665 calls=191 total_ms=0.394 avg_us=2.063 max_us=11
   3 /opt/llama.cpp/ggml/src/ggml-cuda/ggml-cuda.cu:847 calls=150 total_ms=0.246 avg_us=1.640 max_us=21
=== END CUDA SYNC PROFILE ===
backend-sync-trace: count=15100 backend=CUDA0 caller=ggml_backend_sched_synchronize+0x3a

=== CUDA SYNC PROFILE (instrumentation only) ===
total_syncs = 15100
total_wait_ms = 8913.077
max_wait_us = 140269
sites = 5
wait_hist_us = logarithmic buckets
  hist[0] = 13753
  hist[1] = 727
  hist[2] = 44
  hist[3] = 23
  hist[4] = 8
  hist[5] = 1
  hist[9] = 95
  hist[10] = 205
  hist[11] = 62
  hist[14] = 55
  hist[15] = 105
  hist[16] = 21
  hist[17] = 1
by_callsite (caller PC; symbolize with addr2line):
   0 caller=0x759fa2480c8a calls=6159 total_ms=8908.081 avg_us=1446.352 max_us=140269
   1 caller=0x759fa24800b8 calls=4928 total_ms=1.934 avg_us=0.392 max_us=25
   2 caller=0x759fa2480098 calls=1824 total_ms=1.571 avg_us=0.861 max_us=17
   3 caller=0x759fa24800d5 calls=1824 total_ms=0.748 avg_us=0.410 max_us=15
   4 caller=0x759fa247f28a calls=365 total_ms=0.743 avg_us=2.036 max_us=11
direct_cudaStreamSynchronize: calls=6736 total_ms=33.431 max_us=2583
by_direct_callsite (file:line):
   0 /opt/llama.cpp/ggml/src/ggml-cuda/ggml-cuda.cu:839 calls=6383 total_ms=26.897 avg_us=4.214 max_us=356
   1 /opt/llama.cpp/ggml/src/ggml-cuda/ggml-cuda.cu:900 calls=12 total_ms=5.894 avg_us=491.167 max_us=2583
   2 /opt/llama.cpp/ggml/src/ggml-cuda/ggml-cuda.cu:2665 calls=191 total_ms=0.394 avg_us=2.063 max_us=11
   3 /opt/llama.cpp/ggml/src/ggml-cuda/ggml-cuda.cu:847 calls=150 total_ms=0.246 avg_us=1.640 max_us=21
=== END CUDA SYNC PROFILE ===
backend-sync-trace: count=15200 backend=CUDA0 caller=ggml_backend_sched_synchronize+0x3a

=== CUDA SYNC PROFILE (instrumentation only) ===
total_syncs = 15200
total_wait_ms = 8949.297
max_wait_us = 140269
sites = 5
wait_hist_us = logarithmic buckets
  hist[0] = 13846
  hist[1] = 730
  hist[2] = 44
  hist[3] = 23
  hist[4] = 8
  hist[5] = 1
  hist[9] = 96
  hist[10] = 207
  hist[11] = 62
  hist[14] = 56
  hist[15] = 105
  hist[16] = 21
  hist[17] = 1
by_callsite (caller PC; symbolize with addr2line):
   0 caller=0x759fa2480c8a calls=6201 total_ms=8944.273 avg_us=1442.392 max_us=140269
   1 caller=0x759fa24800b8 calls=4959 total_ms=1.943 avg_us=0.392 max_us=25
   2 caller=0x759fa2480098 calls=1836 total_ms=1.582 avg_us=0.862 max_us=17
   3 caller=0x759fa24800d5 calls=1836 total_ms=0.751 avg_us=0.409 max_us=15
   4 caller=0x759fa247f28a calls=368 total_ms=0.748 avg_us=2.033 max_us=11
direct_cudaStreamSynchronize: calls=6777 total_ms=33.594 max_us=2583
by_direct_callsite (file:line):
   0 /opt/llama.cpp/ggml/src/ggml-cuda/ggml-cuda.cu:839 calls=6424 total_ms=27.060 avg_us=4.212 max_us=356
   1 /opt/llama.cpp/ggml/src/ggml-cuda/ggml-cuda.cu:900 calls=12 total_ms=5.894 avg_us=491.167 max_us=2583
   2 /opt/llama.cpp/ggml/src/ggml-cuda/ggml-cuda.cu:2665 calls=191 total_ms=0.394 avg_us=2.063 max_us=11
   3 /opt/llama.cpp/ggml/src/ggml-cuda/ggml-cuda.cu:847 calls=150 total_ms=0.246 avg_us=1.640 max_us=21
=== END CUDA SYNC PROFILE ===

=== CUDA SYNC PROFILE (instrumentation only) ===
total_syncs = 15241
total_wait_ms = 8950.246
max_wait_us = 140269
sites = 5
wait_hist_us = logarithmic buckets
  hist[0] = 13885
  hist[1] = 731
  hist[2] = 44
  hist[3] = 23
  hist[4] = 8
  hist[5] = 1
  hist[9] = 97
  hist[10] = 207
  hist[11] = 62
  hist[14] = 56
  hist[15] = 105
  hist[16] = 21
  hist[17] = 1
by_callsite (caller PC; symbolize with addr2line):
   0 caller=0x759fa2480c8a calls=6212 total_ms=8945.207 avg_us=1439.988 max_us=140269
   1 caller=0x759fa24800b8 calls=4977 total_ms=1.949 avg_us=0.392 max_us=25
   2 caller=0x759fa2480098 calls=1842 total_ms=1.589 avg_us=0.863 max_us=17
   3 caller=0x759fa24800d5 calls=1842 total_ms=0.753 avg_us=0.409 max_us=15
   4 caller=0x759fa247f28a calls=368 total_ms=0.748 avg_us=2.033 max_us=11
direct_cudaStreamSynchronize: calls=6800 total_ms=33.681 max_us=2583
by_direct_callsite (file:line):
   0 /opt/llama.cpp/ggml/src/ggml-cuda/ggml-cuda.cu:839 calls=6447 total_ms=27.147 avg_us=4.211 max_us=356
   1 /opt/llama.cpp/ggml/src/ggml-cuda/ggml-cuda.cu:900 calls=12 total_ms=5.894 avg_us=491.167 max_us=2583
   2 /opt/llama.cpp/ggml/src/ggml-cuda/ggml-cuda.cu:2665 calls=191 total_ms=0.394 avg_us=2.063 max_us=11
   3 /opt/llama.cpp/ggml/src/ggml-cuda/ggml-cuda.cu:847 calls=150 total_ms=0.246 avg_us=1.640 max_us=21
=== END CUDA SYNC PROFILE ===
backend-sync-trace: count=15300 backend=CUDA0 caller=ggml_backend_sched_synchronize+0x3a

=== CUDA SYNC PROFILE (instrumentation only) ===
total_syncs = 15300
total_wait_ms = 8982.743
max_wait_us = 140269
sites = 5
wait_hist_us = logarithmic buckets
  hist[0] = 13940
  hist[1] = 732
  hist[2] = 44
  hist[3] = 23
  hist[4] = 8
  hist[5] = 1
  hist[9] = 98
  hist[10] = 208
  hist[11] = 62
  hist[14] = 57
  hist[15] = 105
  hist[16] = 21
  hist[17] = 1
by_callsite (caller PC; symbolize with addr2line):
   0 caller=0x759fa2480c8a calls=6244 total_ms=8977.687 avg_us=1437.810 max_us=140269
   1 caller=0x759fa24800b8 calls=4990 total_ms=1.958 avg_us=0.392 max_us=25
   2 caller=0x759fa2480098 calls=1848 total_ms=1.592 avg_us=0.861 max_us=17
   3 caller=0x759fa24800d5 calls=1848 total_ms=0.755 avg_us=0.409 max_us=15
   4 caller=0x759fa247f28a calls=370 total_ms=0.751 avg_us=2.030 max_us=11
direct_cudaStreamSynchronize: calls=6818 total_ms=33.748 max_us=2583
by_direct_callsite (file:line):
   0 /opt/llama.cpp/ggml/src/ggml-cuda/ggml-cuda.cu:839 calls=6465 total_ms=27.214 avg_us=4.209 max_us=356
   1 /opt/llama.cpp/ggml/src/ggml-cuda/ggml-cuda.cu:900 calls=12 total_ms=5.894 avg_us=491.167 max_us=2583
   2 /opt/llama.cpp/ggml/src/ggml-cuda/ggml-cuda.cu:2665 calls=191 total_ms=0.394 avg_us=2.063 max_us=11
   3 /opt/llama.cpp/ggml/src/ggml-cuda/ggml-cuda.cu:847 calls=150 total_ms=0.246 avg_us=1.640 max_us=21
=== END CUDA SYNC PROFILE ===
backend-sync-trace: count=15400 backend=CUDA0 caller=ggml_backend_sched_graph_compute_async_ext+0xcb8

=== CUDA SYNC PROFILE (instrumentation only) ===
total_syncs = 15400
total_wait_ms = 9027.553
max_wait_us = 140269
sites = 5
wait_hist_us = logarithmic buckets
  hist[0] = 14034
  hist[1] = 735
  hist[2] = 44
  hist[3] = 23
  hist[4] = 8
  hist[5] = 1
  hist[9] = 98
  hist[10] = 209
  hist[11] = 63
  hist[14] = 57
  hist[15] = 106
  hist[16] = 21
  hist[17] = 1
by_callsite (caller PC; symbolize with addr2line):
   0 caller=0x759fa2480c8a calls=6286 total_ms=9022.471 avg_us=1435.328 max_us=140269
   1 caller=0x759fa24800b8 calls=5018 total_ms=1.966 avg_us=0.392 max_us=25
   2 caller=0x759fa2480098 calls=1862 total_ms=1.605 avg_us=0.862 max_us=17
   3 caller=0x759fa24800d5 calls=1862 total_ms=0.757 avg_us=0.407 max_us=15
   4 caller=0x759fa247f28a calls=372 total_ms=0.754 avg_us=2.027 max_us=11
direct_cudaStreamSynchronize: calls=6856 total_ms=33.901 max_us=2583
by_direct_callsite (file:line):
   0 /opt/llama.cpp/ggml/src/ggml-cuda/ggml-cuda.cu:839 calls=6503 total_ms=27.367 avg_us=4.208 max_us=356
   1 /opt/llama.cpp/ggml/src/ggml-cuda/ggml-cuda.cu:900 calls=12 total_ms=5.894 avg_us=491.167 max_us=2583
   2 /opt/llama.cpp/ggml/src/ggml-cuda/ggml-cuda.cu:2665 calls=191 total_ms=0.394 avg_us=2.063 max_us=11
   3 /opt/llama.cpp/ggml/src/ggml-cuda/ggml-cuda.cu:847 calls=150 total_ms=0.246 avg_us=1.640 max_us=21
=== END CUDA SYNC PROFILE ===

=== CUDA SYNC PROFILE (instrumentation only) ===
total_syncs = 15494
total_wait_ms = 9083.674
max_wait_us = 140269
sites = 5
wait_hist_us = logarithmic buckets
  hist[0] = 14122
  hist[1] = 738
  hist[2] = 44
  hist[3] = 23
  hist[4] = 8
  hist[5] = 1
  hist[9] = 98
  hist[10] = 211
  hist[11] = 63
  hist[14] = 57
  hist[15] = 107
  hist[16] = 21
  hist[17] = 1
by_callsite (caller PC; symbolize with addr2line):
   0 caller=0x759fa2480c8a calls=6323 total_ms=9078.566 avg_us=1435.800 max_us=140269
   1 caller=0x759fa24800b8 calls=5053 total_ms=1.979 avg_us=0.392 max_us=25
   2 caller=0x759fa2480098 calls=1872 total_ms=1.610 avg_us=0.860 max_us=17
   3 caller=0x759fa24800d5 calls=1872 total_ms=0.761 avg_us=0.407 max_us=15
   4 caller=0x759fa247f28a calls=374 total_ms=0.758 avg_us=2.027 max_us=11
direct_cudaStreamSynchronize: calls=6900 total_ms=34.085 max_us=2583
by_direct_callsite (file:line):
   0 /opt/llama.cpp/ggml/src/ggml-cuda/ggml-cuda.cu:839 calls=6547 total_ms=27.551 avg_us=4.208 max_us=356
   1 /opt/llama.cpp/ggml/src/ggml-cuda/ggml-cuda.cu:900 calls=12 total_ms=5.894 avg_us=491.167 max_us=2583
   2 /opt/llama.cpp/ggml/src/ggml-cuda/ggml-cuda.cu:2665 calls=191 total_ms=0.394 avg_us=2.063 max_us=11
   3 /opt/llama.cpp/ggml/src/ggml-cuda/ggml-cuda.cu:847 calls=150 total_ms=0.246 avg_us=1.640 max_us=21
=== END CUDA SYNC PROFILE ===
backend-sync-trace: count=15500 backend=CUDA0 caller=ggml_backend_sched_graph_compute_async_ext+0xcb8

=== CUDA SYNC PROFILE (instrumentation only) ===
total_syncs = 15500
total_wait_ms = 9083.675
max_wait_us = 140269
sites = 5
wait_hist_us = logarithmic buckets
  hist[0] = 14128
  hist[1] = 738
  hist[2] = 44
  hist[3] = 23
  hist[4] = 8
  hist[5] = 1
  hist[9] = 98
  hist[10] = 211
  hist[11] = 63
  hist[14] = 57
  hist[15] = 107
  hist[16] = 21
  hist[17] = 1
by_callsite (caller PC; symbolize with addr2line):
   0 caller=0x759fa2480c8a calls=6323 total_ms=9078.566 avg_us=1435.800 max_us=140269
   1 caller=0x759fa24800b8 calls=5059 total_ms=1.980 avg_us=0.391 max_us=25
   2 caller=0x759fa2480098 calls=1872 total_ms=1.610 avg_us=0.860 max_us=17
   3 caller=0x759fa24800d5 calls=1872 total_ms=0.761 avg_us=0.407 max_us=15
   4 caller=0x759fa247f28a calls=374 total_ms=0.758 avg_us=2.027 max_us=11
direct_cudaStreamSynchronize: calls=6905 total_ms=34.098 max_us=2583
by_direct_callsite (file:line):
   0 /opt/llama.cpp/ggml/src/ggml-cuda/ggml-cuda.cu:839 calls=6552 total_ms=27.564 avg_us=4.207 max_us=356
   1 /opt/llama.cpp/ggml/src/ggml-cuda/ggml-cuda.cu:900 calls=12 total_ms=5.894 avg_us=491.167 max_us=2583
   2 /opt/llama.cpp/ggml/src/ggml-cuda/ggml-cuda.cu:2665 calls=191 total_ms=0.394 avg_us=2.063 max_us=11
   3 /opt/llama.cpp/ggml/src/ggml-cuda/ggml-cuda.cu:847 calls=150 total_ms=0.246 avg_us=1.640 max_us=21
=== END CUDA SYNC PROFILE ===
backend-sync-trace: count=15600 backend=CUDA0 caller=ggml_backend_sched_synchronize+0x3a

=== CUDA SYNC PROFILE (instrumentation only) ===
total_syncs = 15600
total_wait_ms = 9187.813
max_wait_us = 140269
sites = 5
wait_hist_us = logarithmic buckets
  hist[0] = 14220
  hist[1] = 742
  hist[2] = 44
  hist[3] = 23
  hist[4] = 8
  hist[5] = 1
  hist[9] = 99
  hist[10] = 212
  hist[11] = 63
  hist[14] = 57
  hist[15] = 109
  hist[16] = 21
  hist[17] = 1
by_callsite (caller PC; symbolize with addr2line):
   0 caller=0x759fa2480c8a calls=6365 total_ms=9182.669 avg_us=1442.682 max_us=140269
   1 caller=0x759fa24800b8 calls=5090 total_ms=1.993 avg_us=0.392 max_us=25
   2 caller=0x759fa2480098 calls=1884 total_ms=1.620 avg_us=0.860 max_us=17
   3 caller=0x759fa24800d5 calls=1884 total_ms=0.767 avg_us=0.407 max_us=15
   4 caller=0x759fa247f28a calls=377 total_ms=0.764 avg_us=2.027 max_us=11
direct_cudaStreamSynchronize: calls=6946 total_ms=34.262 max_us=2583
by_direct_callsite (file:line):
   0 /opt/llama.cpp/ggml/src/ggml-cuda/ggml-cuda.cu:839 calls=6593 total_ms=27.728 avg_us=4.206 max_us=356
   1 /opt/llama.cpp/ggml/src/ggml-cuda/ggml-cuda.cu:900 calls=12 total_ms=5.894 avg_us=491.167 max_us=2583
   2 /opt/llama.cpp/ggml/src/ggml-cuda/ggml-cuda.cu:2665 calls=191 total_ms=0.394 avg_us=2.063 max_us=11
   3 /opt/llama.cpp/ggml/src/ggml-cuda/ggml-cuda.cu:847 calls=150 total_ms=0.246 avg_us=1.640 max_us=21
=== END CUDA SYNC PROFILE ===
backend-sync-trace: count=15700 backend=CUDA0 caller=ggml_backend_sched_graph_compute_async_ext+0xcd5

=== CUDA SYNC PROFILE (instrumentation only) ===
total_syncs = 15700
total_wait_ms = 9221.916
max_wait_us = 140269
sites = 5
wait_hist_us = logarithmic buckets
  hist[0] = 14312
  hist[1] = 746
  hist[2] = 44
  hist[3] = 23
  hist[4] = 8
  hist[5] = 1
  hist[9] = 99
  hist[10] = 215
  hist[11] = 63
  hist[14] = 58
  hist[15] = 109
  hist[16] = 21
  hist[17] = 1
by_callsite (caller PC; symbolize with addr2line):
   0 caller=0x759fa2480c8a calls=6403 total_ms=9216.740 avg_us=1439.441 max_us=140269
   1 caller=0x759fa24800b8 calls=5121 total_ms=2.002 avg_us=0.391 max_us=25
   2 caller=0x759fa2480098 calls=1898 total_ms=1.633 avg_us=0.860 max_us=17
   3 caller=0x759fa24800d5 calls=1898 total_ms=0.771 avg_us=0.406 max_us=15
   4 caller=0x759fa247f28a calls=380 total_ms=0.770 avg_us=2.026 max_us=11
direct_cudaStreamSynchronize: calls=6988 total_ms=34.421 max_us=2583
by_direct_callsite (file:line):
   0 /opt/llama.cpp/ggml/src/ggml-cuda/ggml-cuda.cu:839 calls=6635 total_ms=27.887 avg_us=4.203 max_us=356
   1 /opt/llama.cpp/ggml/src/ggml-cuda/ggml-cuda.cu:900 calls=12 total_ms=5.894 avg_us=491.167 max_us=2583
   2 /opt/llama.cpp/ggml/src/ggml-cuda/ggml-cuda.cu:2665 calls=191 total_ms=0.394 avg_us=2.063 max_us=11
   3 /opt/llama.cpp/ggml/src/ggml-cuda/ggml-cuda.cu:847 calls=150 total_ms=0.246 avg_us=1.640 max_us=21
=== END CUDA SYNC PROFILE ===

=== CUDA SYNC PROFILE (instrumentation only) ===
total_syncs = 15723
total_wait_ms = 9222.856
max_wait_us = 140269
sites = 5
wait_hist_us = logarithmic buckets
  hist[0] = 14333
  hist[1] = 747
  hist[2] = 44
  hist[3] = 23
  hist[4] = 8
  hist[5] = 1
  hist[9] = 100
  hist[10] = 215
  hist[11] = 63
  hist[14] = 58
  hist[15] = 109
  hist[16] = 21
  hist[17] = 1
by_callsite (caller PC; symbolize with addr2line):
   0 caller=0x759fa2480c8a calls=6410 total_ms=9217.672 avg_us=1438.014 max_us=140269
   1 caller=0x759fa24800b8 calls=5129 total_ms=2.004 avg_us=0.391 max_us=25
   2 caller=0x759fa2480098 calls=1902 total_ms=1.638 avg_us=0.861 max_us=17
   3 caller=0x759fa24800d5 calls=1902 total_ms=0.772 avg_us=0.406 max_us=15
   4 caller=0x759fa247f28a calls=380 total_ms=0.770 avg_us=2.026 max_us=11
direct_cudaStreamSynchronize: calls=7000 total_ms=34.484 max_us=2583
by_direct_callsite (file:line):
   0 /opt/llama.cpp/ggml/src/ggml-cuda/ggml-cuda.cu:839 calls=6647 total_ms=27.950 avg_us=4.205 max_us=356
   1 /opt/llama.cpp/ggml/src/ggml-cuda/ggml-cuda.cu:900 calls=12 total_ms=5.894 avg_us=491.167 max_us=2583
   2 /opt/llama.cpp/ggml/src/ggml-cuda/ggml-cuda.cu:2665 calls=191 total_ms=0.394 avg_us=2.063 max_us=11
   3 /opt/llama.cpp/ggml/src/ggml-cuda/ggml-cuda.cu:847 calls=150 total_ms=0.246 avg_us=1.640 max_us=21
=== END CUDA SYNC PROFILE ===
backend-sync-trace: count=15800 backend=CUDA0 caller=ggml_backend_sched_graph_compute_async_ext+0xcb8

=== CUDA SYNC PROFILE (instrumentation only) ===
total_syncs = 15800
total_wait_ms = 9253.493
max_wait_us = 140269
sites = 5
wait_hist_us = logarithmic buckets
  hist[0] = 14404
  hist[1] = 749
  hist[2] = 44
  hist[3] = 23
  hist[4] = 9
  hist[5] = 1
  hist[9] = 101
  hist[10] = 216
  hist[11] = 63
  hist[14] = 59
  hist[15] = 109
  hist[16] = 21
  hist[17] = 1
by_callsite (caller PC; symbolize with addr2line):
   0 caller=0x759fa2480c8a calls=6441 total_ms=9248.268 avg_us=1435.844 max_us=140269
   1 caller=0x759fa24800b8 calls=5153 total_ms=2.032 avg_us=0.394 max_us=25
   2 caller=0x759fa2480098 calls=1912 total_ms=1.645 avg_us=0.860 max_us=17
   3 caller=0x759fa24800d5 calls=1912 total_ms=0.775 avg_us=0.405 max_us=15
   4 caller=0x759fa247f28a calls=382 total_ms=0.773 avg_us=2.024 max_us=11
direct_cudaStreamSynchronize: calls=7031 total_ms=34.590 max_us=2583
by_direct_callsite (file:line):
   0 /opt/llama.cpp/ggml/src/ggml-cuda/ggml-cuda.cu:839 calls=6678 total_ms=28.056 avg_us=4.201 max_us=356
   1 /opt/llama.cpp/ggml/src/ggml-cuda/ggml-cuda.cu:900 calls=12 total_ms=5.894 avg_us=491.167 max_us=2583
   2 /opt/llama.cpp/ggml/src/ggml-cuda/ggml-cuda.cu:2665 calls=191 total_ms=0.394 avg_us=2.063 max_us=11
   3 /opt/llama.cpp/ggml/src/ggml-cuda/ggml-cuda.cu:847 calls=150 total_ms=0.246 avg_us=1.640 max_us=21
=== END CUDA SYNC PROFILE ===
backend-sync-trace: count=15900 backend=CUDA0 caller=ggml_backend_sched_graph_compute_async_ext+0xcb8

=== CUDA SYNC PROFILE (instrumentation only) ===
total_syncs = 15900
total_wait_ms = 9291.213
max_wait_us = 140269
sites = 5
wait_hist_us = logarithmic buckets
  hist[0] = 14499
  hist[1] = 751
  hist[2] = 44
  hist[3] = 23
  hist[4] = 9
  hist[5] = 1
  hist[9] = 101
  hist[10] = 218
  hist[11] = 63
  hist[14] = 59
  hist[15] = 110
  hist[16] = 21
  hist[17] = 1
by_callsite (caller PC; symbolize with addr2line):
   0 caller=0x759fa2480c8a calls=6478 total_ms=9285.960 avg_us=1433.461 max_us=140269
   1 caller=0x759fa24800b8 calls=5194 total_ms=2.046 avg_us=0.394 max_us=25
   2 caller=0x759fa2480098 calls=1922 total_ms=1.653 avg_us=0.860 max_us=17
   3 caller=0x759fa24800d5 calls=1922 total_ms=0.778 avg_us=0.405 max_us=15
   4 caller=0x759fa247f28a calls=384 total_ms=0.776 avg_us=2.021 max_us=11
direct_cudaStreamSynchronize: calls=7080 total_ms=34.802 max_us=2583
by_direct_callsite (file:line):
   0 /opt/llama.cpp/ggml/src/ggml-cuda/ggml-cuda.cu:839 calls=6727 total_ms=28.268 avg_us=4.202 max_us=356
   1 /opt/llama.cpp/ggml/src/ggml-cuda/ggml-cuda.cu:900 calls=12 total_ms=5.894 avg_us=491.167 max_us=2583
   2 /opt/llama.cpp/ggml/src/ggml-cuda/ggml-cuda.cu:2665 calls=191 total_ms=0.394 avg_us=2.063 max_us=11
   3 /opt/llama.cpp/ggml/src/ggml-cuda/ggml-cuda.cu:847 calls=150 total_ms=0.246 avg_us=1.640 max_us=21
=== END CUDA SYNC PROFILE ===

=== CUDA SYNC PROFILE (instrumentation only) ===
total_syncs = 15961
total_wait_ms = 9321.775
max_wait_us = 140269
sites = 5
wait_hist_us = logarithmic buckets
  hist[0] = 14554
  hist[1] = 754
  hist[2] = 44
  hist[3] = 23
  hist[4] = 9
  hist[5] = 1
  hist[9] = 101
  hist[10] = 220
  hist[11] = 63
  hist[14] = 60
  hist[15] = 110
  hist[16] = 21
  hist[17] = 1
by_callsite (caller PC; symbolize with addr2line):
   0 caller=0x759fa2480c8a calls=6509 total_ms=9316.505 avg_us=1431.327 max_us=140269
   1 caller=0x759fa24800b8 calls=5206 total_ms=2.051 avg_us=0.394 max_us=25
   2 caller=0x759fa2480098 calls=1930 total_ms=1.661 avg_us=0.861 max_us=17
   3 caller=0x759fa247f28a calls=386 total_ms=0.779 avg_us=2.018 max_us=11
   4 caller=0x759fa24800d5 calls=1930 total_ms=0.779 avg_us=0.404 max_us=15
direct_cudaStreamSynchronize: calls=7100 total_ms=34.877 max_us=2583
by_direct_callsite (file:line):
   0 /opt/llama.cpp/ggml/src/ggml-cuda/ggml-cuda.cu:839 calls=6747 total_ms=28.343 avg_us=4.201 max_us=356
   1 /opt/llama.cpp/ggml/src/ggml-cuda/ggml-cuda.cu:900 calls=12 total_ms=5.894 avg_us=491.167 max_us=2583
   2 /opt/llama.cpp/ggml/src/ggml-cuda/ggml-cuda.cu:2665 calls=191 total_ms=0.394 avg_us=2.063 max_us=11
   3 /opt/llama.cpp/ggml/src/ggml-cuda/ggml-cuda.cu:847 calls=150 total_ms=0.246 avg_us=1.640 max_us=21
=== END CUDA SYNC PROFILE ===
backend-sync-trace: count=16000 backend=CUDA0 caller=ggml_backend_sched_synchronize+0x3a

=== CUDA SYNC PROFILE (instrumentation only) ===
total_syncs = 16000
total_wait_ms = 9355.279
max_wait_us = 140269
sites = 5
wait_hist_us = logarithmic buckets
  hist[0] = 14590
  hist[1] = 755
  hist[2] = 45
  hist[3] = 23
  hist[4] = 9
  hist[5] = 1
  hist[9] = 101
  hist[10] = 220
  hist[11] = 63
  hist[14] = 60
  hist[15] = 111
  hist[16] = 21
  hist[17] = 1
by_callsite (caller PC; symbolize with addr2line):
   0 caller=0x759fa2480c8a calls=6520 total_ms=9349.998 avg_us=1434.049 max_us=140269
   1 caller=0x759fa24800b8 calls=5225 total_ms=2.056 avg_us=0.393 max_us=25
   2 caller=0x759fa2480098 calls=1934 total_ms=1.664 avg_us=0.860 max_us=17
   3 caller=0x759fa247f28a calls=387 total_ms=0.781 avg_us=2.018 max_us=11
   4 caller=0x759fa24800d5 calls=1934 total_ms=0.780 avg_us=0.403 max_us=15
direct_cudaStreamSynchronize: calls=7121 total_ms=34.969 max_us=2583
by_direct_callsite (file:line):
   0 /opt/llama.cpp/ggml/src/ggml-cuda/ggml-cuda.cu:839 calls=6768 total_ms=28.435 avg_us=4.201 max_us=356
   1 /opt/llama.cpp/ggml/src/ggml-cuda/ggml-cuda.cu:900 calls=12 total_ms=5.894 avg_us=491.167 max_us=2583
   2 /opt/llama.cpp/ggml/src/ggml-cuda/ggml-cuda.cu:2665 calls=191 total_ms=0.394 avg_us=2.063 max_us=11
   3 /opt/llama.cpp/ggml/src/ggml-cuda/ggml-cuda.cu:847 calls=150 total_ms=0.246 avg_us=1.640 max_us=21
=== END CUDA SYNC PROFILE ===
backend-sync-trace: count=16100 backend=CUDA0 caller=ggml_backend_sched_graph_compute_async_ext+0xcb8

=== CUDA SYNC PROFILE (instrumentation only) ===
total_syncs = 16100
total_wait_ms = 9385.115
max_wait_us = 140269
sites = 5
wait_hist_us = logarithmic buckets
  hist[0] = 14682
  hist[1] = 760
  hist[2] = 45
  hist[3] = 23
  hist[4] = 9
  hist[5] = 1
  hist[9] = 102
  hist[10] = 221
  hist[11] = 63
  hist[14] = 61
  hist[15] = 111
  hist[16] = 21
  hist[17] = 1
by_callsite (caller PC; symbolize with addr2line):
   0 caller=0x759fa2480c8a calls=6563 total_ms=9379.804 avg_us=1429.195 max_us=140269
   1 caller=0x759fa24800b8 calls=5255 total_ms=2.065 avg_us=0.393 max_us=25
   2 caller=0x759fa2480098 calls=1946 total_ms=1.672 avg_us=0.859 max_us=17
   3 caller=0x759fa247f28a calls=390 total_ms=0.787 avg_us=2.018 max_us=11
   4 caller=0x759fa24800d5 calls=1946 total_ms=0.787 avg_us=0.404 max_us=15
direct_cudaStreamSynchronize: calls=7160 total_ms=35.124 max_us=2583
by_direct_callsite (file:line):
   0 /opt/llama.cpp/ggml/src/ggml-cuda/ggml-cuda.cu:839 calls=6807 total_ms=28.590 avg_us=4.200 max_us=356
   1 /opt/llama.cpp/ggml/src/ggml-cuda/ggml-cuda.cu:900 calls=12 total_ms=5.894 avg_us=491.167 max_us=2583
   2 /opt/llama.cpp/ggml/src/ggml-cuda/ggml-cuda.cu:2665 calls=191 total_ms=0.394 avg_us=2.063 max_us=11
   3 /opt/llama.cpp/ggml/src/ggml-cuda/ggml-cuda.cu:847 calls=150 total_ms=0.246 avg_us=1.640 max_us=21
=== END CUDA SYNC PROFILE ===

=== CUDA SYNC PROFILE (instrumentation only) ===
total_syncs = 16199
total_wait_ms = 9421.446
max_wait_us = 140269
sites = 5
wait_hist_us = logarithmic buckets
  hist[0] = 14772
  hist[1] = 764
  hist[2] = 46
  hist[3] = 23
  hist[4] = 9
  hist[5] = 1
  hist[9] = 102
  hist[10] = 223
  hist[11] = 64
  hist[14] = 62
  hist[15] = 111
  hist[16] = 21
  hist[17] = 1
by_callsite (caller PC; symbolize with addr2line):
   0 caller=0x759fa2480c8a calls=6607 total_ms=9416.107 avg_us=1425.171 max_us=140269
   1 caller=0x759fa24800b8 calls=5284 total_ms=2.077 avg_us=0.393 max_us=25
   2 caller=0x759fa2480098 calls=1958 total_ms=1.679 avg_us=0.858 max_us=17
   3 caller=0x759fa24800d5 calls=1958 total_ms=0.792 avg_us=0.404 max_us=15
   4 caller=0x759fa247f28a calls=392 total_ms=0.791 avg_us=2.018 max_us=11
direct_cudaStreamSynchronize: calls=7200 total_ms=35.317 max_us=2583
by_direct_callsite (file:line):
   0 /opt/llama.cpp/ggml/src/ggml-cuda/ggml-cuda.cu:839 calls=6847 total_ms=28.783 avg_us=4.204 max_us=356
   1 /opt/llama.cpp/ggml/src/ggml-cuda/ggml-cuda.cu:900 calls=12 total_ms=5.894 avg_us=491.167 max_us=2583
   2 /opt/llama.cpp/ggml/src/ggml-cuda/ggml-cuda.cu:2665 calls=191 total_ms=0.394 avg_us=2.063 max_us=11
   3 /opt/llama.cpp/ggml/src/ggml-cuda/ggml-cuda.cu:847 calls=150 total_ms=0.246 avg_us=1.640 max_us=21
=== END CUDA SYNC PROFILE ===
backend-sync-trace: count=16200 backend=CUDA0 caller=ggml_backend_sched_graph_compute_async_ext+0xcb8

=== CUDA SYNC PROFILE (instrumentation only) ===
total_syncs = 16200
total_wait_ms = 9421.446
max_wait_us = 140269
sites = 5
wait_hist_us = logarithmic buckets
  hist[0] = 14773
  hist[1] = 764
  hist[2] = 46
  hist[3] = 23
  hist[4] = 9
  hist[5] = 1
  hist[9] = 102
  hist[10] = 223
  hist[11] = 64
  hist[14] = 62
  hist[15] = 111
  hist[16] = 21
  hist[17] = 1
by_callsite (caller PC; symbolize with addr2line):
   0 caller=0x759fa2480c8a calls=6607 total_ms=9416.107 avg_us=1425.171 max_us=140269
   1 caller=0x759fa24800b8 calls=5285 total_ms=2.077 avg_us=0.393 max_us=25
   2 caller=0x759fa2480098 calls=1958 total_ms=1.679 avg_us=0.858 max_us=17
   3 caller=0x759fa24800d5 calls=1958 total_ms=0.792 avg_us=0.404 max_us=15
   4 caller=0x759fa247f28a calls=392 total_ms=0.791 avg_us=2.018 max_us=11
direct_cudaStreamSynchronize: calls=7200 total_ms=35.317 max_us=2583
by_direct_callsite (file:line):
   0 /opt/llama.cpp/ggml/src/ggml-cuda/ggml-cuda.cu:839 calls=6847 total_ms=28.783 avg_us=4.204 max_us=356
   1 /opt/llama.cpp/ggml/src/ggml-cuda/ggml-cuda.cu:900 calls=12 total_ms=5.894 avg_us=491.167 max_us=2583
   2 /opt/llama.cpp/ggml/src/ggml-cuda/ggml-cuda.cu:2665 calls=191 total_ms=0.394 avg_us=2.063 max_us=11
   3 /opt/llama.cpp/ggml/src/ggml-cuda/ggml-cuda.cu:847 calls=150 total_ms=0.246 avg_us=1.640 max_us=21
=== END CUDA SYNC PROFILE ===
backend-sync-trace: count=16300 backend=CUDA0 caller=ggml_backend_sched_graph_compute_async_ext+0xc98

=== CUDA SYNC PROFILE (instrumentation only) ===
total_syncs = 16300
total_wait_ms = 9459.353
max_wait_us = 140269
sites = 5
wait_hist_us = logarithmic buckets
  hist[0] = 14864
  hist[1] = 768
  hist[2] = 47
  hist[3] = 23
  hist[4] = 9
  hist[5] = 1
  hist[9] = 103
  hist[10] = 224
  hist[11] = 65
  hist[14] = 62
  hist[15] = 112
  hist[16] = 21
  hist[17] = 1
by_callsite (caller PC; symbolize with addr2line):
   0 caller=0x759fa2480c8a calls=6651 total_ms=9453.983 avg_us=1421.438 max_us=140269
   1 caller=0x759fa24800b8 calls=5314 total_ms=2.087 avg_us=0.393 max_us=25
   2 caller=0x759fa2480098 calls=1971 total_ms=1.692 avg_us=0.858 max_us=17
   3 caller=0x759fa24800d5 calls=1970 total_ms=0.796 avg_us=0.404 max_us=15
   4 caller=0x759fa247f28a calls=394 total_ms=0.795 avg_us=2.018 max_us=11
direct_cudaStreamSynchronize: calls=7240 total_ms=35.478 max_us=2583
by_direct_callsite (file:line):
   0 /opt/llama.cpp/ggml/src/ggml-cuda/ggml-cuda.cu:839 calls=6887 total_ms=28.944 avg_us=4.203 max_us=356
   1 /opt/llama.cpp/ggml/src/ggml-cuda/ggml-cuda.cu:900 calls=12 total_ms=5.894 avg_us=491.167 max_us=2583
   2 /opt/llama.cpp/ggml/src/ggml-cuda/ggml-cuda.cu:2665 calls=191 total_ms=0.394 avg_us=2.063 max_us=11
   3 /opt/llama.cpp/ggml/src/ggml-cuda/ggml-cuda.cu:847 calls=150 total_ms=0.246 avg_us=1.640 max_us=21
=== END CUDA SYNC PROFILE ===
backend-sync-trace: count=16400 backend=CUDA0 caller=ggml_backend_sched_synchronize+0x3a

=== CUDA SYNC PROFILE (instrumentation only) ===
total_syncs = 16400
total_wait_ms = 9556.722
max_wait_us = 140269
sites = 5
wait_hist_us = logarithmic buckets
  hist[0] = 14955
  hist[1] = 772
  hist[2] = 48
  hist[3] = 23
  hist[4] = 9
  hist[5] = 1
  hist[9] = 104
  hist[10] = 225
  hist[11] = 65
  hist[14] = 62
  hist[15] = 114
  hist[16] = 21
  hist[17] = 1
by_callsite (caller PC; symbolize with addr2line):
   0 caller=0x759fa2480c8a calls=6684 total_ms=9551.320 avg_us=1428.983 max_us=140269
   1 caller=0x759fa24800b8 calls=5356 total_ms=2.103 avg_us=0.393 max_us=25
   2 caller=0x759fa2480098 calls=1982 total_ms=1.696 avg_us=0.856 max_us=17
   3 caller=0x759fa24800d5 calls=1982 total_ms=0.804 avg_us=0.406 max_us=15
   4 caller=0x759fa247f28a calls=396 total_ms=0.799 avg_us=2.018 max_us=11
direct_cudaStreamSynchronize: calls=7291 total_ms=35.690 max_us=2583
by_direct_callsite (file:line):
   0 /opt/llama.cpp/ggml/src/ggml-cuda/ggml-cuda.cu:839 calls=6938 total_ms=29.156 avg_us=4.202 max_us=356
   1 /opt/llama.cpp/ggml/src/ggml-cuda/ggml-cuda.cu:900 calls=12 total_ms=5.894 avg_us=491.167 max_us=2583
   2 /opt/llama.cpp/ggml/src/ggml-cuda/ggml-cuda.cu:2665 calls=191 total_ms=0.394 avg_us=2.063 max_us=11
   3 /opt/llama.cpp/ggml/src/ggml-cuda/ggml-cuda.cu:847 calls=150 total_ms=0.246 avg_us=1.640 max_us=21
=== END CUDA SYNC PROFILE ===

=== CUDA SYNC PROFILE (instrumentation only) ===
total_syncs = 16437
total_wait_ms = 9556.746
max_wait_us = 140269
sites = 5
wait_hist_us = logarithmic buckets
  hist[0] = 14990
  hist[1] = 773
  hist[2] = 49
  hist[3] = 23
  hist[4] = 9
  hist[5] = 1
  hist[9] = 104
  hist[10] = 225
  hist[11] = 65
  hist[14] = 62
  hist[15] = 114
  hist[16] = 21
  hist[17] = 1
by_callsite (caller PC; symbolize with addr2line):
   0 caller=0x759fa2480c8a calls=6705 total_ms=9551.328 avg_us=1424.508 max_us=140269
   1 caller=0x759fa24800b8 calls=5362 total_ms=2.105 avg_us=0.393 max_us=25
   2 caller=0x759fa2480098 calls=1986 total_ms=1.699 avg_us=0.855 max_us=17
   3 caller=0x759fa247f28a calls=398 total_ms=0.808 avg_us=2.030 max_us=11
   4 caller=0x759fa24800d5 calls=1986 total_ms=0.806 avg_us=0.406 max_us=15
direct_cudaStreamSynchronize: calls=7300 total_ms=35.731 max_us=2583
by_direct_callsite (file:line):
   0 /opt/llama.cpp/ggml/src/ggml-cuda/ggml-cuda.cu:839 calls=6947 total_ms=29.197 avg_us=4.203 max_us=356
   1 /opt/llama.cpp/ggml/src/ggml-cuda/ggml-cuda.cu:900 calls=12 total_ms=5.894 avg_us=491.167 max_us=2583
   2 /opt/llama.cpp/ggml/src/ggml-cuda/ggml-cuda.cu:2665 calls=191 total_ms=0.394 avg_us=2.063 max_us=11
   3 /opt/llama.cpp/ggml/src/ggml-cuda/ggml-cuda.cu:847 calls=150 total_ms=0.246 avg_us=1.640 max_us=21
=== END CUDA SYNC PROFILE ===
backend-sync-trace: count=16500 backend=CUDA0 caller=ggml_backend_sched_synchronize+0x3a

=== CUDA SYNC PROFILE (instrumentation only) ===
total_syncs = 16500
total_wait_ms = 9596.100
max_wait_us = 140269
sites = 5
wait_hist_us = logarithmic buckets
  hist[0] = 15043
  hist[1] = 776
  hist[2] = 51
  hist[3] = 23
  hist[4] = 11
  hist[5] = 1
  hist[9] = 104
  hist[10] = 227
  hist[11] = 65
  hist[14] = 62
  hist[15] = 115
  hist[16] = 21
  hist[17] = 1
by_callsite (caller PC; symbolize with addr2line):
   0 caller=0x759fa2480c8a calls=6726 total_ms=9590.620 avg_us=1425.902 max_us=140269
   1 caller=0x759fa24800b8 calls=5387 total_ms=2.133 avg_us=0.396 max_us=25
   2 caller=0x759fa2480098 calls=1994 total_ms=1.728 avg_us=0.867 max_us=21
   3 caller=0x759fa247f28a calls=399 total_ms=0.810 avg_us=2.030 max_us=11
   4 caller=0x759fa24800d5 calls=1994 total_ms=0.809 avg_us=0.406 max_us=15
direct_cudaStreamSynchronize: calls=7331 total_ms=35.873 max_us=2583
by_direct_callsite (file:line):
   0 /opt/llama.cpp/ggml/src/ggml-cuda/ggml-cuda.cu:839 calls=6978 total_ms=29.339 avg_us=4.204 max_us=356
   1 /opt/llama.cpp/ggml/src/ggml-cuda/ggml-cuda.cu:900 calls=12 total_ms=5.894 avg_us=491.167 max_us=2583
   2 /opt/llama.cpp/ggml/src/ggml-cuda/ggml-cuda.cu:2665 calls=191 total_ms=0.394 avg_us=2.063 max_us=11
   3 /opt/llama.cpp/ggml/src/ggml-cuda/ggml-cuda.cu:847 calls=150 total_ms=0.246 avg_us=1.640 max_us=21
=== END CUDA SYNC PROFILE ===
backend-sync-trace: count=16600 backend=CUDA0 caller=ggml_backend_sched_synchronize+0x3a

=== CUDA SYNC PROFILE (instrumentation only) ===
total_syncs = 16600
total_wait_ms = 9628.817
max_wait_us = 140269
sites = 5
wait_hist_us = logarithmic buckets
  hist[0] = 15133
  hist[1] = 782
  hist[2] = 51
  hist[3] = 23
  hist[4] = 11
  hist[5] = 1
  hist[9] = 106
  hist[10] = 228
  hist[11] = 65
  hist[14] = 63
  hist[15] = 115
  hist[16] = 21
  hist[17] = 1
by_callsite (caller PC; symbolize with addr2line):
   0 caller=0x759fa2480c8a calls=6768 total_ms=9623.306 avg_us=1421.883 max_us=140269
   1 caller=0x759fa24800b8 calls=5418 total_ms=2.143 avg_us=0.396 max_us=25
   2 caller=0x759fa2480098 calls=2006 total_ms=1.738 avg_us=0.866 max_us=21
   3 caller=0x759fa247f28a calls=402 total_ms=0.817 avg_us=2.032 max_us=11
   4 caller=0x759fa24800d5 calls=2006 total_ms=0.813 avg_us=0.405 max_us=15
direct_cudaStreamSynchronize: calls=7372 total_ms=36.031 max_us=2583
by_direct_callsite (file:line):
   0 /opt/llama.cpp/ggml/src/ggml-cuda/ggml-cuda.cu:839 calls=7019 total_ms=29.497 avg_us=4.202 max_us=356
   1 /opt/llama.cpp/ggml/src/ggml-cuda/ggml-cuda.cu:900 calls=12 total_ms=5.894 avg_us=491.167 max_us=2583
   2 /opt/llama.cpp/ggml/src/ggml-cuda/ggml-cuda.cu:2665 calls=191 total_ms=0.394 avg_us=2.063 max_us=11
   3 /opt/llama.cpp/ggml/src/ggml-cuda/ggml-cuda.cu:847 calls=150 total_ms=0.246 avg_us=1.640 max_us=21
=== END CUDA SYNC PROFILE ===

=== CUDA SYNC PROFILE (instrumentation only) ===
total_syncs = 16653
total_wait_ms = 9663.285
max_wait_us = 140269
sites = 5
wait_hist_us = logarithmic buckets
  hist[0] = 15181
  hist[1] = 785
  hist[2] = 51
  hist[3] = 23
  hist[4] = 11
  hist[5] = 1
  hist[9] = 106
  hist[10] = 229
  hist[11] = 65
  hist[14] = 63
  hist[15] = 116
  hist[16] = 21
  hist[17] = 1
by_callsite (caller PC; symbolize with addr2line):
   0 caller=0x759fa2480c8a calls=6783 total_ms=9657.752 avg_us=1423.817 max_us=140269
   1 caller=0x759fa24800b8 calls=5439 total_ms=2.151 avg_us=0.395 max_us=25
   2 caller=0x759fa2480098 calls=2014 total_ms=1.744 avg_us=0.866 max_us=21
   3 caller=0x759fa247f28a calls=403 total_ms=0.819 avg_us=2.032 max_us=11
   4 caller=0x759fa24800d5 calls=2014 total_ms=0.819 avg_us=0.407 max_us=15
direct_cudaStreamSynchronize: calls=7400 total_ms=36.147 max_us=2583
by_direct_callsite (file:line):
   0 /opt/llama.cpp/ggml/src/ggml-cuda/ggml-cuda.cu:839 calls=7047 total_ms=29.613 avg_us=4.202 max_us=356
   1 /opt/llama.cpp/ggml/src/ggml-cuda/ggml-cuda.cu:900 calls=12 total_ms=5.894 avg_us=491.167 max_us=2583
   2 /opt/llama.cpp/ggml/src/ggml-cuda/ggml-cuda.cu:2665 calls=191 total_ms=0.394 avg_us=2.063 max_us=11
   3 /opt/llama.cpp/ggml/src/ggml-cuda/ggml-cuda.cu:847 calls=150 total_ms=0.246 avg_us=1.640 max_us=21
=== END CUDA SYNC PROFILE ===
backend-sync-trace: count=16700 backend=CUDA0 caller=ggml_backend_sched_graph_compute_async_ext+0xc98

=== CUDA SYNC PROFILE (instrumentation only) ===
total_syncs = 16700
total_wait_ms = 9665.441
max_wait_us = 140269
sites = 5
wait_hist_us = logarithmic buckets
  hist[0] = 15224
  hist[1] = 787
  hist[2] = 51
  hist[3] = 23
  hist[4] = 11
  hist[5] = 1
  hist[9] = 107
  hist[10] = 230
  hist[11] = 65
  hist[14] = 63
  hist[15] = 116
  hist[16] = 21
  hist[17] = 1
by_callsite (caller PC; symbolize with addr2line):
   0 caller=0x759fa2480c8a calls=6806 total_ms=9659.894 avg_us=1419.320 max_us=140269
   1 caller=0x759fa24800b8 calls=5449 total_ms=2.156 avg_us=0.396 max_us=25
   2 caller=0x759fa2480098 calls=2021 total_ms=1.749 avg_us=0.865 max_us=21
   3 caller=0x759fa247f28a calls=404 total_ms=0.821 avg_us=2.032 max_us=11
   4 caller=0x759fa24800d5 calls=2020 total_ms=0.821 avg_us=0.406 max_us=15
direct_cudaStreamSynchronize: calls=7415 total_ms=36.200 max_us=2583
by_direct_callsite (file:line):
   0 /opt/llama.cpp/ggml/src/ggml-cuda/ggml-cuda.cu:839 calls=7062 total_ms=29.666 avg_us=4.201 max_us=356
   1 /opt/llama.cpp/ggml/src/ggml-cuda/ggml-cuda.cu:900 calls=12 total_ms=5.894 avg_us=491.167 max_us=2583
   2 /opt/llama.cpp/ggml/src/ggml-cuda/ggml-cuda.cu:2665 calls=191 total_ms=0.394 avg_us=2.063 max_us=11
   3 /opt/llama.cpp/ggml/src/ggml-cuda/ggml-cuda.cu:847 calls=150 total_ms=0.246 avg_us=1.640 max_us=21
=== END CUDA SYNC PROFILE ===
backend-sync-trace: count=16800 backend=CUDA0 caller=ggml_backend_sched_graph_compute_async_ext+0xcb8

=== CUDA SYNC PROFILE (instrumentation only) ===
total_syncs = 16800
total_wait_ms = 9693.088
max_wait_us = 140269
sites = 5
wait_hist_us = logarithmic buckets
  hist[0] = 15319
  hist[1] = 789
  hist[2] = 51
  hist[3] = 23
  hist[4] = 11
  hist[5] = 1
  hist[9] = 109
  hist[10] = 230
  hist[11] = 65
  hist[14] = 64
  hist[15] = 116
  hist[16] = 21
  hist[17] = 1
by_callsite (caller PC; symbolize with addr2line):
   0 caller=0x759fa2480c8a calls=6843 total_ms=9687.509 avg_us=1415.682 max_us=140269
   1 caller=0x759fa24800b8 calls=5487 total_ms=2.171 avg_us=0.396 max_us=25
   2 caller=0x759fa2480098 calls=2032 total_ms=1.757 avg_us=0.865 max_us=21
   3 caller=0x759fa24800d5 calls=2032 total_ms=0.826 avg_us=0.406 max_us=15
   4 caller=0x759fa247f28a calls=406 total_ms=0.825 avg_us=2.032 max_us=11
direct_cudaStreamSynchronize: calls=7461 total_ms=36.397 max_us=2583
by_direct_callsite (file:line):
   0 /opt/llama.cpp/ggml/src/ggml-cuda/ggml-cuda.cu:839 calls=7108 total_ms=29.863 avg_us=4.201 max_us=356
   1 /opt/llama.cpp/ggml/src/ggml-cuda/ggml-cuda.cu:900 calls=12 total_ms=5.894 avg_us=491.167 max_us=2583
   2 /opt/llama.cpp/ggml/src/ggml-cuda/ggml-cuda.cu:2665 calls=191 total_ms=0.394 avg_us=2.063 max_us=11
   3 /opt/llama.cpp/ggml/src/ggml-cuda/ggml-cuda.cu:847 calls=150 total_ms=0.246 avg_us=1.640 max_us=21
=== END CUDA SYNC PROFILE ===

=== CUDA SYNC PROFILE (instrumentation only) ===
total_syncs = 16877
total_wait_ms = 9725.267
max_wait_us = 140269
sites = 5
wait_hist_us = logarithmic buckets
  hist[0] = 15390
  hist[1] = 792
  hist[2] = 51
  hist[3] = 23
  hist[4] = 11
  hist[5] = 1
  hist[9] = 109
  hist[10] = 232
  hist[11] = 65
  hist[14] = 65
  hist[15] = 116
  hist[16] = 21
  hist[17] = 1
by_callsite (caller PC; symbolize with addr2line):
   0 caller=0x759fa2480c8a calls=6868 total_ms=9719.664 avg_us=1415.210 max_us=140269
   1 caller=0x759fa24800b8 calls=5517 total_ms=2.181 avg_us=0.395 max_us=25
   2 caller=0x759fa2480098 calls=2042 total_ms=1.767 avg_us=0.865 max_us=21
   3 caller=0x759fa247f28a calls=408 total_ms=0.829 avg_us=2.032 max_us=11
   4 caller=0x759fa24800d5 calls=2042 total_ms=0.826 avg_us=0.405 max_us=15
direct_cudaStreamSynchronize: calls=7500 total_ms=36.545 max_us=2583
by_direct_callsite (file:line):
   0 /opt/llama.cpp/ggml/src/ggml-cuda/ggml-cuda.cu:839 calls=7147 total_ms=30.011 avg_us=4.199 max_us=356
   1 /opt/llama.cpp/ggml/src/ggml-cuda/ggml-cuda.cu:900 calls=12 total_ms=5.894 avg_us=491.167 max_us=2583
   2 /opt/llama.cpp/ggml/src/ggml-cuda/ggml-cuda.cu:2665 calls=191 total_ms=0.394 avg_us=2.063 max_us=11
   3 /opt/llama.cpp/ggml/src/ggml-cuda/ggml-cuda.cu:847 calls=150 total_ms=0.246 avg_us=1.640 max_us=21
=== END CUDA SYNC PROFILE ===
backend-sync-trace: count=16900 backend=CUDA0 caller=ggml_backend_sched_synchronize+0x3a

=== CUDA SYNC PROFILE (instrumentation only) ===
total_syncs = 16900
total_wait_ms = 9750.533
max_wait_us = 140269
sites = 5
wait_hist_us = logarithmic buckets
  hist[0] = 15412
  hist[1] = 792
  hist[2] = 51
  hist[3] = 23
  hist[4] = 11
  hist[5] = 1
  hist[9] = 109
  hist[10] = 232
  hist[11] = 65
  hist[14] = 66
  hist[15] = 116
  hist[16] = 21
  hist[17] = 1
by_callsite (caller PC; symbolize with addr2line):
   0 caller=0x759fa2480c8a calls=6881 total_ms=9744.925 avg_us=1416.208 max_us=140269
   1 caller=0x759fa24800b8 calls=5522 total_ms=2.183 avg_us=0.395 max_us=25
   2 caller=0x759fa2480098 calls=2044 total_ms=1.769 avg_us=0.865 max_us=21
   3 caller=0x759fa247f28a calls=409 total_ms=0.830 avg_us=2.029 max_us=11
   4 caller=0x759fa24800d5 calls=2044 total_ms=0.826 avg_us=0.404 max_us=15
direct_cudaStreamSynchronize: calls=7506 total_ms=36.575 max_us=2583
by_direct_callsite (file:line):
   0 /opt/llama.cpp/ggml/src/ggml-cuda/ggml-cuda.cu:839 calls=7153 total_ms=30.041 avg_us=4.200 max_us=356
   1 /opt/llama.cpp/ggml/src/ggml-cuda/ggml-cuda.cu:900 calls=12 total_ms=5.894 avg_us=491.167 max_us=2583
   2 /opt/llama.cpp/ggml/src/ggml-cuda/ggml-cuda.cu:2665 calls=191 total_ms=0.394 avg_us=2.063 max_us=11
   3 /opt/llama.cpp/ggml/src/ggml-cuda/ggml-cuda.cu:847 calls=150 total_ms=0.246 avg_us=1.640 max_us=21
=== END CUDA SYNC PROFILE ===
backend-sync-trace: count=17000 backend=CUDA0 caller=ggml_backend_sched_graph_compute_async_ext+0xcb8

=== CUDA SYNC PROFILE (instrumentation only) ===
total_syncs = 17000
total_wait_ms = 9779.370
max_wait_us = 140269
sites = 5
wait_hist_us = logarithmic buckets
  hist[0] = 15504
  hist[1] = 796
  hist[2] = 51
  hist[3] = 23
  hist[4] = 11
  hist[5] = 1
  hist[9] = 111
  hist[10] = 233
  hist[11] = 65
  hist[14] = 67
  hist[15] = 116
  hist[16] = 21
  hist[17] = 1
by_callsite (caller PC; symbolize with addr2line):
   0 caller=0x759fa2480c8a calls=6917 total_ms=9773.726 avg_us=1413.001 max_us=140269
   1 caller=0x759fa24800b8 calls=5555 total_ms=2.195 avg_us=0.395 max_us=25
   2 caller=0x759fa2480098 calls=2058 total_ms=1.778 avg_us=0.864 max_us=21
   3 caller=0x759fa247f28a calls=412 total_ms=0.836 avg_us=2.029 max_us=11
   4 caller=0x759fa24800d5 calls=2058 total_ms=0.835 avg_us=0.406 max_us=15
direct_cudaStreamSynchronize: calls=7550 total_ms=36.747 max_us=2583
by_direct_callsite (file:line):
   0 /opt/llama.cpp/ggml/src/ggml-cuda/ggml-cuda.cu:839 calls=7197 total_ms=30.213 avg_us=4.198 max_us=356
   1 /opt/llama.cpp/ggml/src/ggml-cuda/ggml-cuda.cu:900 calls=12 total_ms=5.894 avg_us=491.167 max_us=2583
   2 /opt/llama.cpp/ggml/src/ggml-cuda/ggml-cuda.cu:2665 calls=191 total_ms=0.394 avg_us=2.063 max_us=11
   3 /opt/llama.cpp/ggml/src/ggml-cuda/ggml-cuda.cu:847 calls=150 total_ms=0.246 avg_us=1.640 max_us=21
=== END CUDA SYNC PROFILE ===
backend-sync-trace: count=17100 backend=CUDA0 caller=ggml_backend_sched_graph_compute_async_ext+0xcb8

=== CUDA SYNC PROFILE (instrumentation only) ===
total_syncs = 17100
total_wait_ms = 9809.006
max_wait_us = 140269
sites = 5
wait_hist_us = logarithmic buckets
  hist[0] = 15597
  hist[1] = 799
  hist[2] = 51
  hist[3] = 23
  hist[4] = 11
  hist[5] = 1
  hist[9] = 112
  hist[10] = 235
  hist[11] = 65
  hist[14] = 68
  hist[15] = 116
  hist[16] = 21
  hist[17] = 1
by_callsite (caller PC; symbolize with addr2line):
   0 caller=0x759fa2480c8a calls=6955 total_ms=9803.335 avg_us=1409.538 max_us=140269
   1 caller=0x759fa24800b8 calls=5587 total_ms=2.203 avg_us=0.394 max_us=25
   2 caller=0x759fa2480098 calls=2072 total_ms=1.790 avg_us=0.864 max_us=21
   3 caller=0x759fa247f28a calls=414 total_ms=0.839 avg_us=2.027 max_us=11
   4 caller=0x759fa24800d5 calls=2072 total_ms=0.839 avg_us=0.405 max_us=15
direct_cudaStreamSynchronize: calls=7593 total_ms=36.912 max_us=2583
by_direct_callsite (file:line):
   0 /opt/llama.cpp/ggml/src/ggml-cuda/ggml-cuda.cu:839 calls=7240 total_ms=30.378 avg_us=4.196 max_us=356
   1 /opt/llama.cpp/ggml/src/ggml-cuda/ggml-cuda.cu:900 calls=12 total_ms=5.894 avg_us=491.167 max_us=2583
   2 /opt/llama.cpp/ggml/src/ggml-cuda/ggml-cuda.cu:2665 calls=191 total_ms=0.394 avg_us=2.063 max_us=11
   3 /opt/llama.cpp/ggml/src/ggml-cuda/ggml-cuda.cu:847 calls=150 total_ms=0.246 avg_us=1.640 max_us=21
=== END CUDA SYNC PROFILE ===

=== CUDA SYNC PROFILE (instrumentation only) ===
total_syncs = 17106
total_wait_ms = 9809.010
max_wait_us = 140269
sites = 5
wait_hist_us = logarithmic buckets
  hist[0] = 15603
  hist[1] = 799
  hist[2] = 51
  hist[3] = 23
  hist[4] = 11
  hist[5] = 1
  hist[9] = 112
  hist[10] = 235
  hist[11] = 65
  hist[14] = 68
  hist[15] = 116
  hist[16] = 21
  hist[17] = 1
by_callsite (caller PC; symbolize with addr2line):
   0 caller=0x759fa2480c8a calls=6955 total_ms=9803.335 avg_us=1409.538 max_us=140269
   1 caller=0x759fa24800b8 calls=5593 total_ms=2.207 avg_us=0.395 max_us=25
   2 caller=0x759fa2480098 calls=2072 total_ms=1.790 avg_us=0.864 max_us=21
   3 caller=0x759fa247f28a calls=414 total_ms=0.839 avg_us=2.027 max_us=11
   4 caller=0x759fa24800d5 calls=2072 total_ms=0.839 avg_us=0.405 max_us=15
direct_cudaStreamSynchronize: calls=7600 total_ms=36.952 max_us=2583
by_direct_callsite (file:line):
   0 /opt/llama.cpp/ggml/src/ggml-cuda/ggml-cuda.cu:839 calls=7247 total_ms=30.418 avg_us=4.197 max_us=356
   1 /opt/llama.cpp/ggml/src/ggml-cuda/ggml-cuda.cu:900 calls=12 total_ms=5.894 avg_us=491.167 max_us=2583
   2 /opt/llama.cpp/ggml/src/ggml-cuda/ggml-cuda.cu:2665 calls=191 total_ms=0.394 avg_us=2.063 max_us=11
   3 /opt/llama.cpp/ggml/src/ggml-cuda/ggml-cuda.cu:847 calls=150 total_ms=0.246 avg_us=1.640 max_us=21
=== END CUDA SYNC PROFILE ===
backend-sync-trace: count=17200 backend=CUDA0 caller=ggml_backend_sched_synchronize+0x3a

=== CUDA SYNC PROFILE (instrumentation only) ===
total_syncs = 17200
total_wait_ms = 9872.795
max_wait_us = 140269
sites = 5
wait_hist_us = logarithmic buckets
  hist[0] = 15691
  hist[1] = 801
  hist[2] = 51
  hist[3] = 23
  hist[4] = 11
  hist[5] = 1
  hist[9] = 114
  hist[10] = 235
  hist[11] = 65
  hist[14] = 70
  hist[15] = 116
  hist[16] = 21
  hist[17] = 1
by_callsite (caller PC; symbolize with addr2line):
   0 caller=0x759fa2480c8a calls=6985 total_ms=9867.090 avg_us=1412.611 max_us=140269
   1 caller=0x759fa24800b8 calls=5630 total_ms=2.218 avg_us=0.394 max_us=25
   2 caller=0x759fa2480098 calls=2084 total_ms=1.800 avg_us=0.864 max_us=21
   3 caller=0x759fa24800d5 calls=2084 total_ms=0.844 avg_us=0.405 max_us=15
   4 caller=0x759fa247f28a calls=417 total_ms=0.843 avg_us=2.022 max_us=11
direct_cudaStreamSynchronize: calls=7646 total_ms=37.185 max_us=2583
by_direct_callsite (file:line):
   0 /opt/llama.cpp/ggml/src/ggml-cuda/ggml-cuda.cu:839 calls=7293 total_ms=30.651 avg_us=4.203 max_us=356
   1 /opt/llama.cpp/ggml/src/ggml-cuda/ggml-cuda.cu:900 calls=12 total_ms=5.894 avg_us=491.167 max_us=2583
   2 /opt/llama.cpp/ggml/src/ggml-cuda/ggml-cuda.cu:2665 calls=191 total_ms=0.394 avg_us=2.063 max_us=11
   3 /opt/llama.cpp/ggml/src/ggml-cuda/ggml-cuda.cu:847 calls=150 total_ms=0.246 avg_us=1.640 max_us=21
=== END CUDA SYNC PROFILE ===
backend-sync-trace: count=17300 backend=CUDA0 caller=ggml_backend_sched_synchronize+0x3a

=== CUDA SYNC PROFILE (instrumentation only) ===
total_syncs = 17300
total_wait_ms = 9912.503
max_wait_us = 140269
sites = 5
wait_hist_us = logarithmic buckets
  hist[0] = 15785
  hist[1] = 803
  hist[2] = 51
  hist[3] = 24
  hist[4] = 11
  hist[5] = 1
  hist[9] = 116
  hist[10] = 235
  hist[11] = 65
  hist[14] = 70
  hist[15] = 117
  hist[16] = 21
  hist[17] = 1
by_callsite (caller PC; symbolize with addr2line):
   0 caller=0x759fa2480c8a calls=7036 total_ms=9906.774 avg_us=1408.012 max_us=140269
   1 caller=0x759fa24800b8 calls=5657 total_ms=2.231 avg_us=0.394 max_us=25
   2 caller=0x759fa2480098 calls=2094 total_ms=1.806 avg_us=0.862 max_us=21
   3 caller=0x759fa247f28a calls=419 total_ms=0.846 avg_us=2.019 max_us=11
   4 caller=0x759fa24800d5 calls=2094 total_ms=0.846 avg_us=0.404 max_us=15
direct_cudaStreamSynchronize: calls=7681 total_ms=37.329 max_us=2583
by_direct_callsite (file:line):
   0 /opt/llama.cpp/ggml/src/ggml-cuda/ggml-cuda.cu:839 calls=7328 total_ms=30.795 avg_us=4.202 max_us=356
   1 /opt/llama.cpp/ggml/src/ggml-cuda/ggml-cuda.cu:900 calls=12 total_ms=5.894 avg_us=491.167 max_us=2583
   2 /opt/llama.cpp/ggml/src/ggml-cuda/ggml-cuda.cu:2665 calls=191 total_ms=0.394 avg_us=2.063 max_us=11
   3 /opt/llama.cpp/ggml/src/ggml-cuda/ggml-cuda.cu:847 calls=150 total_ms=0.246 avg_us=1.640 max_us=21
=== END CUDA SYNC PROFILE ===

=== CUDA SYNC PROFILE (instrumentation only) ===
total_syncs = 17347
total_wait_ms = 9914.382
max_wait_us = 140269
sites = 5
wait_hist_us = logarithmic buckets
  hist[0] = 15828
  hist[1] = 805
  hist[2] = 51
  hist[3] = 24
  hist[4] = 11
  hist[5] = 1
  hist[9] = 118
  hist[10] = 235
  hist[11] = 65
  hist[14] = 70
  hist[15] = 117
  hist[16] = 21
  hist[17] = 1
by_callsite (caller PC; symbolize with addr2line):
   0 caller=0x759fa2480c8a calls=7054 total_ms=9908.636 avg_us=1404.683 max_us=140269
   1 caller=0x759fa24800b8 calls=5669 total_ms=2.237 avg_us=0.395 max_us=25
   2 caller=0x759fa2480098 calls=2102 total_ms=1.812 avg_us=0.862 max_us=21
   3 caller=0x759fa24800d5 calls=2102 total_ms=0.849 avg_us=0.404 max_us=15
   4 caller=0x759fa247f28a calls=420 total_ms=0.848 avg_us=2.019 max_us=11
direct_cudaStreamSynchronize: calls=7700 total_ms=37.415 max_us=2583
by_direct_callsite (file:line):
   0 /opt/llama.cpp/ggml/src/ggml-cuda/ggml-cuda.cu:839 calls=7347 total_ms=30.881 avg_us=4.203 max_us=356
   1 /opt/llama.cpp/ggml/src/ggml-cuda/ggml-cuda.cu:900 calls=12 total_ms=5.894 avg_us=491.167 max_us=2583
   2 /opt/llama.cpp/ggml/src/ggml-cuda/ggml-cuda.cu:2665 calls=191 total_ms=0.394 avg_us=2.063 max_us=11
   3 /opt/llama.cpp/ggml/src/ggml-cuda/ggml-cuda.cu:847 calls=150 total_ms=0.246 avg_us=1.640 max_us=21
=== END CUDA SYNC PROFILE ===
backend-sync-trace: count=17400 backend=CUDA0 caller=ggml_backend_sched_synchronize+0x3a

=== CUDA SYNC PROFILE (instrumentation only) ===
total_syncs = 17400
total_wait_ms = 9944.523
max_wait_us = 140269
sites = 5
wait_hist_us = logarithmic buckets
  hist[0] = 15877
  hist[1] = 807
  hist[2] = 51
  hist[3] = 24
  hist[4] = 11
  hist[5] = 1
  hist[9] = 118
  hist[10] = 236
  hist[11] = 65
  hist[14] = 71
  hist[15] = 117
  hist[16] = 21
  hist[17] = 1
by_callsite (caller PC; symbolize with addr2line):
   0 caller=0x759fa2480c8a calls=7078 total_ms=9938.760 avg_us=1404.176 max_us=140269
   1 caller=0x759fa24800b8 calls=5688 total_ms=2.246 avg_us=0.395 max_us=25
   2 caller=0x759fa2480098 calls=2106 total_ms=1.815 avg_us=0.862 max_us=21
   3 caller=0x759fa247f28a calls=422 total_ms=0.852 avg_us=2.019 max_us=11
   4 caller=0x759fa24800d5 calls=2106 total_ms=0.850 avg_us=0.404 max_us=15
direct_cudaStreamSynchronize: calls=7722 total_ms=37.489 max_us=2583
by_direct_callsite (file:line):
   0 /opt/llama.cpp/ggml/src/ggml-cuda/ggml-cuda.cu:839 calls=7369 total_ms=30.955 avg_us=4.201 max_us=356
   1 /opt/llama.cpp/ggml/src/ggml-cuda/ggml-cuda.cu:900 calls=12 total_ms=5.894 avg_us=491.167 max_us=2583
   2 /opt/llama.cpp/ggml/src/ggml-cuda/ggml-cuda.cu:2665 calls=191 total_ms=0.394 avg_us=2.063 max_us=11
   3 /opt/llama.cpp/ggml/src/ggml-cuda/ggml-cuda.cu:847 calls=150 total_ms=0.246 avg_us=1.640 max_us=21
=== END CUDA SYNC PROFILE ===
backend-sync-trace: count=17500 backend=CUDA0 caller=ggml_backend_sched_graph_compute_async_ext+0xcb8

=== CUDA SYNC PROFILE (instrumentation only) ===
total_syncs = 17500
total_wait_ms = 9975.661
max_wait_us = 140269
sites = 5
wait_hist_us = logarithmic buckets
  hist[0] = 15969
  hist[1] = 811
  hist[2] = 51
  hist[3] = 24
  hist[4] = 11
  hist[5] = 1
  hist[9] = 120
  hist[10] = 237
  hist[11] = 65
  hist[14] = 72
  hist[15] = 117
  hist[16] = 21
  hist[17] = 1
by_callsite (caller PC; symbolize with addr2line):
   0 caller=0x759fa2480c8a calls=7110 total_ms=9969.864 avg_us=1402.231 max_us=140269
   1 caller=0x759fa24800b8 calls=5722 total_ms=2.259 avg_us=0.395 max_us=25
   2 caller=0x759fa2480098 calls=2122 total_ms=1.828 avg_us=0.861 max_us=21
   3 caller=0x759fa247f28a calls=424 total_ms=0.856 avg_us=2.019 max_us=11
   4 caller=0x759fa24800d5 calls=2122 total_ms=0.854 avg_us=0.402 max_us=15
direct_cudaStreamSynchronize: calls=7768 total_ms=37.670 max_us=2583
by_direct_callsite (file:line):
   0 /opt/llama.cpp/ggml/src/ggml-cuda/ggml-cuda.cu:839 calls=7415 total_ms=31.136 avg_us=4.199 max_us=356
   1 /opt/llama.cpp/ggml/src/ggml-cuda/ggml-cuda.cu:900 calls=12 total_ms=5.894 avg_us=491.167 max_us=2583
   2 /opt/llama.cpp/ggml/src/ggml-cuda/ggml-cuda.cu:2665 calls=191 total_ms=0.394 avg_us=2.063 max_us=11
   3 /opt/llama.cpp/ggml/src/ggml-cuda/ggml-cuda.cu:847 calls=150 total_ms=0.246 avg_us=1.640 max_us=21
=== END CUDA SYNC PROFILE ===

=== CUDA SYNC PROFILE (instrumentation only) ===
total_syncs = 17573
total_wait_ms = 10016.175
max_wait_us = 140269
sites = 5
wait_hist_us = logarithmic buckets
  hist[0] = 16036
  hist[1] = 814
  hist[2] = 51
  hist[3] = 24
  hist[4] = 11
  hist[5] = 1
  hist[9] = 121
  hist[10] = 238
  hist[11] = 65
  hist[14] = 72
  hist[15] = 118
  hist[16] = 21
  hist[17] = 1
by_callsite (caller PC; symbolize with addr2line):
   0 caller=0x759fa2480c8a calls=7141 total_ms=10010.351 avg_us=1401.814 max_us=140269
   1 caller=0x759fa24800b8 calls=5746 total_ms=2.271 avg_us=0.395 max_us=25
   2 caller=0x759fa2480098 calls=2130 total_ms=1.836 avg_us=0.862 max_us=21
   3 caller=0x759fa247f28a calls=426 total_ms=0.860 avg_us=2.019 max_us=11
   4 caller=0x759fa24800d5 calls=2130 total_ms=0.857 avg_us=0.402 max_us=15
direct_cudaStreamSynchronize: calls=7800 total_ms=37.800 max_us=2583
by_direct_callsite (file:line):
   0 /opt/llama.cpp/ggml/src/ggml-cuda/ggml-cuda.cu:839 calls=7447 total_ms=31.266 avg_us=4.198 max_us=356
   1 /opt/llama.cpp/ggml/src/ggml-cuda/ggml-cuda.cu:900 calls=12 total_ms=5.894 avg_us=491.167 max_us=2583
   2 /opt/llama.cpp/ggml/src/ggml-cuda/ggml-cuda.cu:2665 calls=191 total_ms=0.394 avg_us=2.063 max_us=11
   3 /opt/llama.cpp/ggml/src/ggml-cuda/ggml-cuda.cu:847 calls=150 total_ms=0.246 avg_us=1.640 max_us=21
=== END CUDA SYNC PROFILE ===
backend-sync-trace: count=17600 backend=CUDA0 caller=ggml_backend_sched_graph_compute_async_ext+0xcb8

=== CUDA SYNC PROFILE (instrumentation only) ===
total_syncs = 17600
total_wait_ms = 10041.174
max_wait_us = 140269
sites = 5
wait_hist_us = logarithmic buckets
  hist[0] = 16060
  hist[1] = 816
  hist[2] = 51
  hist[3] = 24
  hist[4] = 11
  hist[5] = 1
  hist[9] = 121
  hist[10] = 238
  hist[11] = 65
  hist[14] = 73
  hist[15] = 118
  hist[16] = 21
  hist[17] = 1
by_callsite (caller PC; symbolize with addr2line):
   0 caller=0x759fa2480c8a calls=7143 total_ms=10035.337 avg_us=1404.919 max_us=140269
   1 caller=0x759fa24800b8 calls=5762 total_ms=2.278 avg_us=0.395 max_us=25
   2 caller=0x759fa2480098 calls=2134 total_ms=1.838 avg_us=0.861 max_us=21
   3 caller=0x759fa247f28a calls=427 total_ms=0.862 avg_us=2.019 max_us=11
   4 caller=0x759fa24800d5 calls=2134 total_ms=0.859 avg_us=0.403 max_us=15
direct_cudaStreamSynchronize: calls=7818 total_ms=37.885 max_us=2583
by_direct_callsite (file:line):
   0 /opt/llama.cpp/ggml/src/ggml-cuda/ggml-cuda.cu:839 calls=7465 total_ms=31.351 avg_us=4.200 max_us=356
   1 /opt/llama.cpp/ggml/src/ggml-cuda/ggml-cuda.cu:900 calls=12 total_ms=5.894 avg_us=491.167 max_us=2583
   2 /opt/llama.cpp/ggml/src/ggml-cuda/ggml-cuda.cu:2665 calls=191 total_ms=0.394 avg_us=2.063 max_us=11
   3 /opt/llama.cpp/ggml/src/ggml-cuda/ggml-cuda.cu:847 calls=150 total_ms=0.246 avg_us=1.640 max_us=21
=== END CUDA SYNC PROFILE ===
backend-sync-trace: count=17700 backend=CUDA0 caller=ggml_backend_sched_synchronize+0x3a

=== CUDA SYNC PROFILE (instrumentation only) ===
total_syncs = 17700
total_wait_ms = 10068.037
max_wait_us = 140269
sites = 5
wait_hist_us = logarithmic buckets
  hist[0] = 16156
  hist[1] = 817
  hist[2] = 51
  hist[3] = 24
  hist[4] = 11
  hist[5] = 1
  hist[9] = 122
  hist[10] = 239
  hist[11] = 65
  hist[14] = 74
  hist[15] = 118
  hist[16] = 21
  hist[17] = 1
by_callsite (caller PC; symbolize with addr2line):
   0 caller=0x759fa2480c8a calls=7191 total_ms=10062.175 avg_us=1399.273 max_us=140269
   1 caller=0x759fa24800b8 calls=5792 total_ms=2.289 avg_us=0.395 max_us=25
   2 caller=0x759fa2480098 calls=2144 total_ms=1.845 avg_us=0.861 max_us=21
   3 caller=0x759fa247f28a calls=429 total_ms=0.864 avg_us=2.014 max_us=11
   4 caller=0x759fa24800d5 calls=2144 total_ms=0.864 avg_us=0.403 max_us=15
direct_cudaStreamSynchronize: calls=7856 total_ms=38.035 max_us=2583
by_direct_callsite (file:line):
   0 /opt/llama.cpp/ggml/src/ggml-cuda/ggml-cuda.cu:839 calls=7503 total_ms=31.501 avg_us=4.198 max_us=356
   1 /opt/llama.cpp/ggml/src/ggml-cuda/ggml-cuda.cu:900 calls=12 total_ms=5.894 avg_us=491.167 max_us=2583
   2 /opt/llama.cpp/ggml/src/ggml-cuda/ggml-cuda.cu:2665 calls=191 total_ms=0.394 avg_us=2.063 max_us=11
   3 /opt/llama.cpp/ggml/src/ggml-cuda/ggml-cuda.cu:847 calls=150 total_ms=0.246 avg_us=1.640 max_us=21
=== END CUDA SYNC PROFILE ===
backend-sync-trace: count=17800 backend=CUDA0 caller=ggml_backend_sched_graph_compute_async_ext+0xc98

=== CUDA SYNC PROFILE (instrumentation only) ===
total_syncs = 17800
total_wait_ms = 10110.100
max_wait_us = 140269
sites = 5
wait_hist_us = logarithmic buckets
  hist[0] = 16249
  hist[1] = 821
  hist[2] = 51
  hist[3] = 24
  hist[4] = 11
  hist[5] = 1
  hist[9] = 122
  hist[10] = 241
  hist[11] = 65
  hist[14] = 74
  hist[15] = 119
  hist[16] = 21
  hist[17] = 1
by_callsite (caller PC; symbolize with addr2line):
   0 caller=0x759fa2480c8a calls=7238 total_ms=10104.210 avg_us=1395.995 max_us=140269
   1 caller=0x759fa24800b8 calls=5819 total_ms=2.296 avg_us=0.395 max_us=25
   2 caller=0x759fa2480098 calls=2156 total_ms=1.856 avg_us=0.861 max_us=21
   3 caller=0x759fa247f28a calls=432 total_ms=0.869 avg_us=2.012 max_us=11
   4 caller=0x759fa24800d5 calls=2155 total_ms=0.869 avg_us=0.403 max_us=15
direct_cudaStreamSynchronize: calls=7892 total_ms=38.182 max_us=2583
by_direct_callsite (file:line):
   0 /opt/llama.cpp/ggml/src/ggml-cuda/ggml-cuda.cu:839 calls=7539 total_ms=31.648 avg_us=4.198 max_us=356
   1 /opt/llama.cpp/ggml/src/ggml-cuda/ggml-cuda.cu:900 calls=12 total_ms=5.894 avg_us=491.167 max_us=2583
   2 /opt/llama.cpp/ggml/src/ggml-cuda/ggml-cuda.cu:2665 calls=191 total_ms=0.394 avg_us=2.063 max_us=11
   3 /opt/llama.cpp/ggml/src/ggml-cuda/ggml-cuda.cu:847 calls=150 total_ms=0.246 avg_us=1.640 max_us=21
=== END CUDA SYNC PROFILE ===

=== CUDA SYNC PROFILE (instrumentation only) ===
total_syncs = 17817
total_wait_ms = 10111.042
max_wait_us = 140269
sites = 5
wait_hist_us = logarithmic buckets
  hist[0] = 16265
  hist[1] = 821
  hist[2] = 51
  hist[3] = 24
  hist[4] = 11
  hist[5] = 1
  hist[9] = 123
  hist[10] = 241
  hist[11] = 65
  hist[14] = 74
  hist[15] = 119
  hist[16] = 21
  hist[17] = 1
by_callsite (caller PC; symbolize with addr2line):
   0 caller=0x759fa2480c8a calls=7245 total_ms=10105.147 avg_us=1394.775 max_us=140269
   1 caller=0x759fa24800b8 calls=5824 total_ms=2.298 avg_us=0.395 max_us=25
   2 caller=0x759fa2480098 calls=2158 total_ms=1.858 avg_us=0.861 max_us=21
   3 caller=0x759fa24800d5 calls=2158 total_ms=0.870 avg_us=0.403 max_us=15
   4 caller=0x759fa247f28a calls=432 total_ms=0.869 avg_us=2.012 max_us=11
direct_cudaStreamSynchronize: calls=7900 total_ms=38.212 max_us=2583
by_direct_callsite (file:line):
   0 /opt/llama.cpp/ggml/src/ggml-cuda/ggml-cuda.cu:839 calls=7547 total_ms=31.678 avg_us=4.197 max_us=356
   1 /opt/llama.cpp/ggml/src/ggml-cuda/ggml-cuda.cu:900 calls=12 total_ms=5.894 avg_us=491.167 max_us=2583
   2 /opt/llama.cpp/ggml/src/ggml-cuda/ggml-cuda.cu:2665 calls=191 total_ms=0.394 avg_us=2.063 max_us=11
   3 /opt/llama.cpp/ggml/src/ggml-cuda/ggml-cuda.cu:847 calls=150 total_ms=0.246 avg_us=1.640 max_us=21
=== END CUDA SYNC PROFILE ===
backend-sync-trace: count=17900 backend=CUDA0 caller=ggml_backend_sched_graph_compute_async_ext+0xcb8

=== CUDA SYNC PROFILE (instrumentation only) ===
total_syncs = 17900
total_wait_ms = 10139.702
max_wait_us = 140269
sites = 5
wait_hist_us = logarithmic buckets
  hist[0] = 16341
  hist[1] = 823
  hist[2] = 52
  hist[3] = 24
  hist[4] = 12
  hist[5] = 1
  hist[9] = 124
  hist[10] = 241
  hist[11] = 66
  hist[14] = 75
  hist[15] = 119
  hist[16] = 21
  hist[17] = 1
by_callsite (caller PC; symbolize with addr2line):
   0 caller=0x759fa2480c8a calls=7276 total_ms=10133.758 avg_us=1392.765 max_us=140269
   1 caller=0x759fa24800b8 calls=5854 total_ms=2.330 avg_us=0.398 max_us=25
   2 caller=0x759fa2480098 calls=2168 total_ms=1.866 avg_us=0.861 max_us=21
   3 caller=0x759fa24800d5 calls=2168 total_ms=0.875 avg_us=0.404 max_us=15
   4 caller=0x759fa247f28a calls=434 total_ms=0.873 avg_us=2.012 max_us=11
direct_cudaStreamSynchronize: calls=7937 total_ms=38.360 max_us=2583
by_direct_callsite (file:line):
   0 /opt/llama.cpp/ggml/src/ggml-cuda/ggml-cuda.cu:839 calls=7584 total_ms=31.826 avg_us=4.196 max_us=356
   1 /opt/llama.cpp/ggml/src/ggml-cuda/ggml-cuda.cu:900 calls=12 total_ms=5.894 avg_us=491.167 max_us=2583
   2 /opt/llama.cpp/ggml/src/ggml-cuda/ggml-cuda.cu:2665 calls=191 total_ms=0.394 avg_us=2.063 max_us=11
   3 /opt/llama.cpp/ggml/src/ggml-cuda/ggml-cuda.cu:847 calls=150 total_ms=0.246 avg_us=1.640 max_us=21
=== END CUDA SYNC PROFILE ===
backend-sync-trace: count=18000 backend=CUDA0 caller=ggml_backend_sched_graph_compute_async_ext+0xcb8

=== CUDA SYNC PROFILE (instrumentation only) ===
total_syncs = 18000
total_wait_ms = 10183.640
max_wait_us = 140269
sites = 5
wait_hist_us = logarithmic buckets
  hist[0] = 16433
  hist[1] = 827
  hist[2] = 52
  hist[3] = 24
  hist[4] = 12
  hist[5] = 1
  hist[9] = 125
  hist[10] = 243
  hist[11] = 66
  hist[14] = 75
  hist[15] = 120
  hist[16] = 21
  hist[17] = 1
by_callsite (caller PC; symbolize with addr2line):
   0 caller=0x759fa2480c8a calls=7308 total_ms=10177.666 avg_us=1392.675 max_us=140269
   1 caller=0x759fa24800b8 calls=5892 total_ms=2.342 avg_us=0.397 max_us=25
   2 caller=0x759fa2480098 calls=2182 total_ms=1.875 avg_us=0.859 max_us=21
   3 caller=0x759fa24800d5 calls=2182 total_ms=0.881 avg_us=0.404 max_us=15
   4 caller=0x759fa247f28a calls=436 total_ms=0.876 avg_us=2.009 max_us=11
direct_cudaStreamSynchronize: calls=7986 total_ms=38.564 max_us=2583
by_direct_callsite (file:line):
   0 /opt/llama.cpp/ggml/src/ggml-cuda/ggml-cuda.cu:839 calls=7633 total_ms=32.030 avg_us=4.196 max_us=356
   1 /opt/llama.cpp/ggml/src/ggml-cuda/ggml-cuda.cu:900 calls=12 total_ms=5.894 avg_us=491.167 max_us=2583
   2 /opt/llama.cpp/ggml/src/ggml-cuda/ggml-cuda.cu:2665 calls=191 total_ms=0.394 avg_us=2.063 max_us=11
   3 /opt/llama.cpp/ggml/src/ggml-cuda/ggml-cuda.cu:847 calls=150 total_ms=0.246 avg_us=1.640 max_us=21
=== END CUDA SYNC PROFILE ===

=== CUDA SYNC PROFILE (instrumentation only) ===
total_syncs = 18031
total_wait_ms = 10206.076
max_wait_us = 140269
sites = 5
wait_hist_us = logarithmic buckets
  hist[0] = 16460
  hist[1] = 830
  hist[2] = 52
  hist[3] = 24
  hist[4] = 12
  hist[5] = 1
  hist[9] = 125
  hist[10] = 243
  hist[11] = 66
  hist[14] = 76
  hist[15] = 120
  hist[16] = 21
  hist[17] = 1
by_callsite (caller PC; symbolize with addr2line):
   0 caller=0x759fa2480c8a calls=7319 total_ms=10200.090 avg_us=1393.645 max_us=140269
   1 caller=0x759fa24800b8 calls=5902 total_ms=2.345 avg_us=0.397 max_us=25
   2 caller=0x759fa2480098 calls=2186 total_ms=1.878 avg_us=0.859 max_us=21
   3 caller=0x759fa24800d5 calls=2186 total_ms=0.883 avg_us=0.404 max_us=15
   4 caller=0x759fa247f28a calls=438 total_ms=0.880 avg_us=2.009 max_us=11
direct_cudaStreamSynchronize: calls=8000 total_ms=38.620 max_us=2583
by_direct_callsite (file:line):
   0 /opt/llama.cpp/ggml/src/ggml-cuda/ggml-cuda.cu:839 calls=7647 total_ms=32.086 avg_us=4.196 max_us=356
   1 /opt/llama.cpp/ggml/src/ggml-cuda/ggml-cuda.cu:900 calls=12 total_ms=5.894 avg_us=491.167 max_us=2583
   2 /opt/llama.cpp/ggml/src/ggml-cuda/ggml-cuda.cu:2665 calls=191 total_ms=0.394 avg_us=2.063 max_us=11
   3 /opt/llama.cpp/ggml/src/ggml-cuda/ggml-cuda.cu:847 calls=150 total_ms=0.246 avg_us=1.640 max_us=21
=== END CUDA SYNC PROFILE ===
backend-sync-trace: count=18100 backend=CUDA0 caller=ggml_backend_sched_synchronize+0x3a

=== CUDA SYNC PROFILE (instrumentation only) ===
total_syncs = 18100
total_wait_ms = 10250.614
max_wait_us = 140269
sites = 5
wait_hist_us = logarithmic buckets
  hist[0] = 16525
  hist[1] = 831
  hist[2] = 52
  hist[3] = 24
  hist[4] = 12
  hist[5] = 1
  hist[9] = 126
  hist[10] = 244
  hist[11] = 66
  hist[14] = 76
  hist[15] = 121
  hist[16] = 21
  hist[17] = 1
by_callsite (caller PC; symbolize with addr2line):
   0 caller=0x759fa2480c8a calls=7346 total_ms=10244.613 avg_us=1394.584 max_us=140269
   1 caller=0x759fa24800b8 calls=5927 total_ms=2.351 avg_us=0.397 max_us=25
   2 caller=0x759fa2480098 calls=2194 total_ms=1.885 avg_us=0.859 max_us=21
   3 caller=0x759fa24800d5 calls=2194 total_ms=0.884 avg_us=0.403 max_us=15
   4 caller=0x759fa247f28a calls=439 total_ms=0.881 avg_us=2.007 max_us=11
direct_cudaStreamSynchronize: calls=8031 total_ms=38.749 max_us=2583
by_direct_callsite (file:line):
   0 /opt/llama.cpp/ggml/src/ggml-cuda/ggml-cuda.cu:839 calls=7678 total_ms=32.215 avg_us=4.196 max_us=356
   1 /opt/llama.cpp/ggml/src/ggml-cuda/ggml-cuda.cu:900 calls=12 total_ms=5.894 avg_us=491.167 max_us=2583
   2 /opt/llama.cpp/ggml/src/ggml-cuda/ggml-cuda.cu:2665 calls=191 total_ms=0.394 avg_us=2.063 max_us=11
   3 /opt/llama.cpp/ggml/src/ggml-cuda/ggml-cuda.cu:847 calls=150 total_ms=0.246 avg_us=1.640 max_us=21
=== END CUDA SYNC PROFILE ===
backend-sync-trace: count=18200 backend=CUDA0 caller=ggml_backend_sched_graph_compute_async_ext+0xc98

=== CUDA SYNC PROFILE (instrumentation only) ===
total_syncs = 18200
total_wait_ms = 10287.923
max_wait_us = 140269
sites = 5
wait_hist_us = logarithmic buckets
  hist[0] = 16619
  hist[1] = 834
  hist[2] = 52
  hist[3] = 24
  hist[4] = 12
  hist[5] = 1
  hist[9] = 126
  hist[10] = 246
  hist[11] = 66
  hist[14] = 76
  hist[15] = 122
  hist[16] = 21
  hist[17] = 1
by_callsite (caller PC; symbolize with addr2line):
   0 caller=0x759fa2480c8a calls=7393 total_ms=10281.895 avg_us=1390.761 max_us=140269
   1 caller=0x759fa24800b8 calls=5954 total_ms=2.359 avg_us=0.396 max_us=25
   2 caller=0x759fa2480098 calls=2206 total_ms=1.896 avg_us=0.859 max_us=21
   3 caller=0x759fa24800d5 calls=2205 total_ms=0.887 avg_us=0.402 max_us=15
   4 caller=0x759fa247f28a calls=442 total_ms=0.886 avg_us=2.005 max_us=11
direct_cudaStreamSynchronize: calls=8067 total_ms=38.908 max_us=2583
by_direct_callsite (file:line):
   0 /opt/llama.cpp/ggml/src/ggml-cuda/ggml-cuda.cu:839 calls=7714 total_ms=32.374 avg_us=4.197 max_us=356
   1 /opt/llama.cpp/ggml/src/ggml-cuda/ggml-cuda.cu:900 calls=12 total_ms=5.894 avg_us=491.167 max_us=2583
   2 /opt/llama.cpp/ggml/src/ggml-cuda/ggml-cuda.cu:2665 calls=191 total_ms=0.394 avg_us=2.063 max_us=11
   3 /opt/llama.cpp/ggml/src/ggml-cuda/ggml-cuda.cu:847 calls=150 total_ms=0.246 avg_us=1.640 max_us=21
=== END CUDA SYNC PROFILE ===

=== CUDA SYNC PROFILE (instrumentation only) ===
total_syncs = 18259
total_wait_ms = 10354.173
max_wait_us = 140269
sites = 5
wait_hist_us = logarithmic buckets
  hist[0] = 16672
  hist[1] = 837
  hist[2] = 52
  hist[3] = 24
  hist[4] = 12
  hist[5] = 1
  hist[9] = 126
  hist[10] = 247
  hist[11] = 67
  hist[14] = 76
  hist[15] = 123
  hist[16] = 21
  hist[17] = 1
by_callsite (caller PC; symbolize with addr2line):
   0 caller=0x759fa2480c8a calls=7409 total_ms=10348.124 avg_us=1396.696 max_us=140269
   1 caller=0x759fa24800b8 calls=5979 total_ms=2.369 avg_us=0.396 max_us=25
   2 caller=0x759fa2480098 calls=2214 total_ms=1.902 avg_us=0.859 max_us=21
   3 caller=0x759fa24800d5 calls=2214 total_ms=0.890 avg_us=0.402 max_us=15
   4 caller=0x759fa247f28a calls=443 total_ms=0.888 avg_us=2.005 max_us=11
direct_cudaStreamSynchronize: calls=8100 total_ms=39.043 max_us=2583
by_direct_callsite (file:line):
   0 /opt/llama.cpp/ggml/src/ggml-cuda/ggml-cuda.cu:839 calls=7747 total_ms=32.509 avg_us=4.196 max_us=356
   1 /opt/llama.cpp/ggml/src/ggml-cuda/ggml-cuda.cu:900 calls=12 total_ms=5.894 avg_us=491.167 max_us=2583
   2 /opt/llama.cpp/ggml/src/ggml-cuda/ggml-cuda.cu:2665 calls=191 total_ms=0.394 avg_us=2.063 max_us=11
   3 /opt/llama.cpp/ggml/src/ggml-cuda/ggml-cuda.cu:847 calls=150 total_ms=0.246 avg_us=1.640 max_us=21
=== END CUDA SYNC PROFILE ===
backend-sync-trace: count=18300 backend=CUDA0 caller=ggml_backend_sched_graph_compute_async_ext+0xcd5

=== CUDA SYNC PROFILE (instrumentation only) ===
total_syncs = 18300
total_wait_ms = 10355.656
max_wait_us = 140269
sites = 5
wait_hist_us = logarithmic buckets
  hist[0] = 16711
  hist[1] = 838
  hist[2] = 52
  hist[3] = 24
  hist[4] = 12
  hist[5] = 1
  hist[9] = 126
  hist[10] = 248
  hist[11] = 67
  hist[14] = 76
  hist[15] = 123
  hist[16] = 21
  hist[17] = 1
by_callsite (caller PC; symbolize with addr2line):
   0 caller=0x759fa2480c8a calls=7437 total_ms=10349.601 avg_us=1391.637 max_us=140269
   1 caller=0x759fa24800b8 calls=5985 total_ms=2.369 avg_us=0.396 max_us=25
   2 caller=0x759fa2480098 calls=2217 total_ms=1.904 avg_us=0.859 max_us=21
   3 caller=0x759fa24800d5 calls=2217 total_ms=0.892 avg_us=0.402 max_us=15
   4 caller=0x759fa247f28a calls=444 total_ms=0.890 avg_us=2.005 max_us=11
direct_cudaStreamSynchronize: calls=8107 total_ms=39.064 max_us=2583
by_direct_callsite (file:line):
   0 /opt/llama.cpp/ggml/src/ggml-cuda/ggml-cuda.cu:839 calls=7754 total_ms=32.530 avg_us=4.195 max_us=356
   1 /opt/llama.cpp/ggml/src/ggml-cuda/ggml-cuda.cu:900 calls=12 total_ms=5.894 avg_us=491.167 max_us=2583
   2 /opt/llama.cpp/ggml/src/ggml-cuda/ggml-cuda.cu:2665 calls=191 total_ms=0.394 avg_us=2.063 max_us=11
   3 /opt/llama.cpp/ggml/src/ggml-cuda/ggml-cuda.cu:847 calls=150 total_ms=0.246 avg_us=1.640 max_us=21
=== END CUDA SYNC PROFILE ===
backend-sync-trace: count=18400 backend=CUDA0 caller=ggml_backend_sched_graph_compute_async_ext+0xc98

=== CUDA SYNC PROFILE (instrumentation only) ===
total_syncs = 18400
total_wait_ms = 10424.253
max_wait_us = 140269
sites = 5
wait_hist_us = logarithmic buckets
  hist[0] = 16802
  hist[1] = 843
  hist[2] = 52
  hist[3] = 24
  hist[4] = 12
  hist[5] = 1
  hist[9] = 128
  hist[10] = 249
  hist[11] = 67
  hist[14] = 76
  hist[15] = 124
  hist[16] = 21
  hist[17] = 1
by_callsite (caller PC; symbolize with addr2line):
   0 caller=0x759fa2480c8a calls=7481 total_ms=10418.161 avg_us=1392.616 max_us=140269
   1 caller=0x759fa24800b8 calls=6016 total_ms=2.384 avg_us=0.396 max_us=25
   2 caller=0x759fa2480098 calls=2229 total_ms=1.916 avg_us=0.860 max_us=21
   3 caller=0x759fa24800d5 calls=2228 total_ms=0.898 avg_us=0.403 max_us=15
   4 caller=0x759fa247f28a calls=446 total_ms=0.894 avg_us=2.004 max_us=11
direct_cudaStreamSynchronize: calls=8148 total_ms=39.244 max_us=2583
by_direct_callsite (file:line):
   0 /opt/llama.cpp/ggml/src/ggml-cuda/ggml-cuda.cu:839 calls=7795 total_ms=32.710 avg_us=4.196 max_us=356
   1 /opt/llama.cpp/ggml/src/ggml-cuda/ggml-cuda.cu:900 calls=12 total_ms=5.894 avg_us=491.167 max_us=2583
   2 /opt/llama.cpp/ggml/src/ggml-cuda/ggml-cuda.cu:2665 calls=191 total_ms=0.394 avg_us=2.063 max_us=11
   3 /opt/llama.cpp/ggml/src/ggml-cuda/ggml-cuda.cu:847 calls=150 total_ms=0.246 avg_us=1.640 max_us=21
=== END CUDA SYNC PROFILE ===
backend-sync-trace: count=18500 backend=CUDA0 caller=ggml_backend_sched_graph_compute_async_ext+0xcb8

=== CUDA SYNC PROFILE (instrumentation only) ===
total_syncs = 18500
total_wait_ms = 10465.574
max_wait_us = 140269
sites = 5
wait_hist_us = logarithmic buckets
  hist[0] = 16897
  hist[1] = 845
  hist[2] = 52
  hist[3] = 24
  hist[4] = 12
  hist[5] = 1
  hist[9] = 128
  hist[10] = 251
  hist[11] = 67
  hist[14] = 76
  hist[15] = 125
  hist[16] = 21
  hist[17] = 1
by_callsite (caller PC; symbolize with addr2line):
   0 caller=0x759fa2480c8a calls=7518 total_ms=10459.453 avg_us=1391.255 max_us=140269
   1 caller=0x759fa24800b8 calls=6050 total_ms=2.397 avg_us=0.396 max_us=25
   2 caller=0x759fa2480098 calls=2242 total_ms=1.924 avg_us=0.858 max_us=21
   3 caller=0x759fa24800d5 calls=2242 total_ms=0.903 avg_us=0.403 max_us=15
   4 caller=0x759fa247f28a calls=448 total_ms=0.897 avg_us=2.002 max_us=11
direct_cudaStreamSynchronize: calls=8192 total_ms=39.433 max_us=2583
by_direct_callsite (file:line):
   0 /opt/llama.cpp/ggml/src/ggml-cuda/ggml-cuda.cu:839 calls=7839 total_ms=32.899 avg_us=4.197 max_us=356
   1 /opt/llama.cpp/ggml/src/ggml-cuda/ggml-cuda.cu:900 calls=12 total_ms=5.894 avg_us=491.167 max_us=2583
   2 /opt/llama.cpp/ggml/src/ggml-cuda/ggml-cuda.cu:2665 calls=191 total_ms=0.394 avg_us=2.063 max_us=11
   3 /opt/llama.cpp/ggml/src/ggml-cuda/ggml-cuda.cu:847 calls=150 total_ms=0.246 avg_us=1.640 max_us=21
=== END CUDA SYNC PROFILE ===

=== CUDA SYNC PROFILE (instrumentation only) ===
total_syncs = 18507
total_wait_ms = 10465.576
max_wait_us = 140269
sites = 5
wait_hist_us = logarithmic buckets
  hist[0] = 16904
  hist[1] = 845
  hist[2] = 52
  hist[3] = 24
  hist[4] = 12
  hist[5] = 1
  hist[9] = 128
  hist[10] = 251
  hist[11] = 67
  hist[14] = 76
  hist[15] = 125
  hist[16] = 21
  hist[17] = 1
by_callsite (caller PC; symbolize with addr2line):
   0 caller=0x759fa2480c8a calls=7518 total_ms=10459.453 avg_us=1391.255 max_us=140269
   1 caller=0x759fa24800b8 calls=6057 total_ms=2.399 avg_us=0.396 max_us=25
   2 caller=0x759fa2480098 calls=2242 total_ms=1.924 avg_us=0.858 max_us=21
   3 caller=0x759fa24800d5 calls=2242 total_ms=0.903 avg_us=0.403 max_us=15
   4 caller=0x759fa247f28a calls=448 total_ms=0.897 avg_us=2.002 max_us=11
direct_cudaStreamSynchronize: calls=8200 total_ms=39.453 max_us=2583
by_direct_callsite (file:line):
   0 /opt/llama.cpp/ggml/src/ggml-cuda/ggml-cuda.cu:839 calls=7847 total_ms=32.919 avg_us=4.195 max_us=356
   1 /opt/llama.cpp/ggml/src/ggml-cuda/ggml-cuda.cu:900 calls=12 total_ms=5.894 avg_us=491.167 max_us=2583
   2 /opt/llama.cpp/ggml/src/ggml-cuda/ggml-cuda.cu:2665 calls=191 total_ms=0.394 avg_us=2.063 max_us=11
   3 /opt/llama.cpp/ggml/src/ggml-cuda/ggml-cuda.cu:847 calls=150 total_ms=0.246 avg_us=1.640 max_us=21
=== END CUDA SYNC PROFILE ===
backend-sync-trace: count=18600 backend=CUDA0 caller=ggml_backend_sched_graph_compute_async_ext+0xc98

=== CUDA SYNC PROFILE (instrumentation only) ===
total_syncs = 18600
total_wait_ms = 10535.368
max_wait_us = 140269
sites = 5
wait_hist_us = logarithmic buckets
  hist[0] = 16989
  hist[1] = 849
  hist[2] = 52
  hist[3] = 24
  hist[4] = 12
  hist[5] = 1
  hist[9] = 129
  hist[10] = 252
  hist[11] = 67
  hist[14] = 77
  hist[15] = 126
  hist[16] = 21
  hist[17] = 1
by_callsite (caller PC; symbolize with addr2line):
   0 caller=0x759fa2480c8a calls=7557 total_ms=10529.219 avg_us=1393.307 max_us=140269
   1 caller=0x759fa24800b8 calls=6085 total_ms=2.407 avg_us=0.396 max_us=25
   2 caller=0x759fa2480098 calls=2254 total_ms=1.931 avg_us=0.857 max_us=21
   3 caller=0x759fa24800d5 calls=2253 total_ms=0.908 avg_us=0.403 max_us=15
   4 caller=0x759fa247f28a calls=451 total_ms=0.903 avg_us=2.002 max_us=11
direct_cudaStreamSynchronize: calls=8237 total_ms=39.618 max_us=2583
by_direct_callsite (file:line):
   0 /opt/llama.cpp/ggml/src/ggml-cuda/ggml-cuda.cu:839 calls=7884 total_ms=33.084 avg_us=4.196 max_us=356
   1 /opt/llama.cpp/ggml/src/ggml-cuda/ggml-cuda.cu:900 calls=12 total_ms=5.894 avg_us=491.167 max_us=2583
   2 /opt/llama.cpp/ggml/src/ggml-cuda/ggml-cuda.cu:2665 calls=191 total_ms=0.394 avg_us=2.063 max_us=11
   3 /opt/llama.cpp/ggml/src/ggml-cuda/ggml-cuda.cu:847 calls=150 total_ms=0.246 avg_us=1.640 max_us=21
=== END CUDA SYNC PROFILE ===
backend-sync-trace: count=18700 backend=CUDA0 caller=ggml_backend_sched_graph_compute_async_ext+0xcb8

=== CUDA SYNC PROFILE (instrumentation only) ===
total_syncs = 18700
total_wait_ms = 10564.970
max_wait_us = 140269
sites = 5
wait_hist_us = logarithmic buckets
  hist[0] = 17083
  hist[1] = 852
  hist[2] = 52
  hist[3] = 24
  hist[4] = 12
  hist[5] = 1
  hist[9] = 129
  hist[10] = 254
  hist[11] = 67
  hist[14] = 78
  hist[15] = 126
  hist[16] = 21
  hist[17] = 1
by_callsite (caller PC; symbolize with addr2line):
   0 caller=0x759fa2480c8a calls=7597 total_ms=10558.795 avg_us=1389.864 max_us=140269
   1 caller=0x759fa24800b8 calls=6117 total_ms=2.414 avg_us=0.395 max_us=25
   2 caller=0x759fa2480098 calls=2266 total_ms=1.940 avg_us=0.856 max_us=21
   3 caller=0x759fa24800d5 calls=2266 total_ms=0.913 avg_us=0.403 max_us=15
   4 caller=0x759fa247f28a calls=454 total_ms=0.908 avg_us=2.000 max_us=11
direct_cudaStreamSynchronize: calls=8278 total_ms=39.794 max_us=2583
by_direct_callsite (file:line):
   0 /opt/llama.cpp/ggml/src/ggml-cuda/ggml-cuda.cu:839 calls=7925 total_ms=33.260 avg_us=4.197 max_us=356
   1 /opt/llama.cpp/ggml/src/ggml-cuda/ggml-cuda.cu:900 calls=12 total_ms=5.894 avg_us=491.167 max_us=2583
   2 /opt/llama.cpp/ggml/src/ggml-cuda/ggml-cuda.cu:2665 calls=191 total_ms=0.394 avg_us=2.063 max_us=11
   3 /opt/llama.cpp/ggml/src/ggml-cuda/ggml-cuda.cu:847 calls=150 total_ms=0.246 avg_us=1.640 max_us=21
=== END CUDA SYNC PROFILE ===

=== CUDA SYNC PROFILE (instrumentation only) ===
total_syncs = 18742
total_wait_ms = 10566.869
max_wait_us = 140269
sites = 5
wait_hist_us = logarithmic buckets
  hist[0] = 17115
  hist[1] = 859
  hist[2] = 52
  hist[3] = 25
  hist[4] = 12
  hist[5] = 1
  hist[9] = 131
  hist[10] = 254
  hist[11] = 67
  hist[14] = 78
  hist[15] = 126
  hist[16] = 21
  hist[17] = 1
by_callsite (caller PC; symbolize with addr2line):
   0 caller=0x759fa2480c8a calls=7611 total_ms=10560.658 avg_us=1387.552 max_us=140269
   1 caller=0x759fa24800b8 calls=6133 total_ms=2.430 avg_us=0.396 max_us=25
   2 caller=0x759fa2480098 calls=2272 total_ms=1.954 avg_us=0.860 max_us=21
   3 caller=0x759fa24800d5 calls=2272 total_ms=0.919 avg_us=0.404 max_us=15
   4 caller=0x759fa247f28a calls=454 total_ms=0.908 avg_us=2.000 max_us=11
direct_cudaStreamSynchronize: calls=8300 total_ms=39.895 max_us=2583
by_direct_callsite (file:line):
   0 /opt/llama.cpp/ggml/src/ggml-cuda/ggml-cuda.cu:839 calls=7947 total_ms=33.361 avg_us=4.198 max_us=356
   1 /opt/llama.cpp/ggml/src/ggml-cuda/ggml-cuda.cu:900 calls=12 total_ms=5.894 avg_us=491.167 max_us=2583
   2 /opt/llama.cpp/ggml/src/ggml-cuda/ggml-cuda.cu:2665 calls=191 total_ms=0.394 avg_us=2.063 max_us=11
   3 /opt/llama.cpp/ggml/src/ggml-cuda/ggml-cuda.cu:847 calls=150 total_ms=0.246 avg_us=1.640 max_us=21
=== END CUDA SYNC PROFILE ===
backend-sync-trace: count=18800 backend=CUDA0 caller=ggml_backend_sched_graph_compute_async_ext+0xcd5

=== CUDA SYNC PROFILE (instrumentation only) ===
total_syncs = 18800
total_wait_ms = 10599.276
max_wait_us = 140269
sites = 5
wait_hist_us = logarithmic buckets
  hist[0] = 17164
  hist[1] = 866
  hist[2] = 52
  hist[3] = 25
  hist[4] = 12
  hist[5] = 1
  hist[9] = 131
  hist[10] = 255
  hist[11] = 67
  hist[14] = 79
  hist[15] = 126
  hist[16] = 21
  hist[17] = 1
by_callsite (caller PC; symbolize with addr2line):
   0 caller=0x759fa2480c8a calls=7641 total_ms=10593.041 avg_us=1386.342 max_us=140269
   1 caller=0x759fa24800b8 calls=6147 total_ms=2.445 avg_us=0.398 max_us=25
   2 caller=0x759fa2480098 calls=2278 total_ms=1.959 avg_us=0.860 max_us=21
   3 caller=0x759fa24800d5 calls=2278 total_ms=0.919 avg_us=0.403 max_us=15
   4 caller=0x759fa247f28a calls=456 total_ms=0.912 avg_us=2.000 max_us=11
direct_cudaStreamSynchronize: calls=8318 total_ms=39.963 max_us=2583
by_direct_callsite (file:line):
   0 /opt/llama.cpp/ggml/src/ggml-cuda/ggml-cuda.cu:839 calls=7965 total_ms=33.429 avg_us=4.197 max_us=356
   1 /opt/llama.cpp/ggml/src/ggml-cuda/ggml-cuda.cu:900 calls=12 total_ms=5.894 avg_us=491.167 max_us=2583
   2 /opt/llama.cpp/ggml/src/ggml-cuda/ggml-cuda.cu:2665 calls=191 total_ms=0.394 avg_us=2.063 max_us=11
   3 /opt/llama.cpp/ggml/src/ggml-cuda/ggml-cuda.cu:847 calls=150 total_ms=0.246 avg_us=1.640 max_us=21
=== END CUDA SYNC PROFILE ===
backend-sync-trace: count=18900 backend=CUDA0 caller=ggml_backend_sched_graph_compute_async_ext+0xcb8

=== CUDA SYNC PROFILE (instrumentation only) ===
total_syncs = 18900
total_wait_ms = 10631.037
max_wait_us = 140269
sites = 5
wait_hist_us = logarithmic buckets
  hist[0] = 17255
  hist[1] = 870
  hist[2] = 53
  hist[3] = 25
  hist[4] = 12
  hist[5] = 1
  hist[9] = 132
  hist[10] = 257
  hist[11] = 67
  hist[14] = 80
  hist[15] = 126
  hist[16] = 21
  hist[17] = 1
by_callsite (caller PC; symbolize with addr2line):
   0 caller=0x759fa2480c8a calls=7673 total_ms=10624.763 avg_us=1384.695 max_us=140269
   1 caller=0x759fa24800b8 calls=6185 total_ms=2.459 avg_us=0.398 max_us=25
   2 caller=0x759fa2480098 calls=2292 total_ms=1.973 avg_us=0.861 max_us=21
   3 caller=0x759fa24800d5 calls=2292 total_ms=0.926 avg_us=0.404 max_us=15
   4 caller=0x759fa247f28a calls=458 total_ms=0.916 avg_us=2.000 max_us=11
direct_cudaStreamSynchronize: calls=8367 total_ms=40.173 max_us=2583
by_direct_callsite (file:line):
   0 /opt/llama.cpp/ggml/src/ggml-cuda/ggml-cuda.cu:839 calls=8014 total_ms=33.639 avg_us=4.198 max_us=356
   1 /opt/llama.cpp/ggml/src/ggml-cuda/ggml-cuda.cu:900 calls=12 total_ms=5.894 avg_us=491.167 max_us=2583
   2 /opt/llama.cpp/ggml/src/ggml-cuda/ggml-cuda.cu:2665 calls=191 total_ms=0.394 avg_us=2.063 max_us=11
   3 /opt/llama.cpp/ggml/src/ggml-cuda/ggml-cuda.cu:847 calls=150 total_ms=0.246 avg_us=1.640 max_us=21
=== END CUDA SYNC PROFILE ===

=== CUDA SYNC PROFILE (instrumentation only) ===
total_syncs = 18977
total_wait_ms = 10657.471
max_wait_us = 140269
sites = 5
wait_hist_us = logarithmic buckets
  hist[0] = 17326
  hist[1] = 873
  hist[2] = 53
  hist[3] = 25
  hist[4] = 12
  hist[5] = 1
  hist[9] = 133
  hist[10] = 258
  hist[11] = 67
  hist[14] = 81
  hist[15] = 126
  hist[16] = 21
  hist[17] = 1
by_callsite (caller PC; symbolize with addr2line):
   0 caller=0x759fa2480c8a calls=7704 total_ms=10651.174 avg_us=1382.551 max_us=140269
   1 caller=0x759fa24800b8 calls=6209 total_ms=2.467 avg_us=0.397 max_us=25
   2 caller=0x759fa2480098 calls=2302 total_ms=1.980 avg_us=0.860 max_us=21
   3 caller=0x759fa24800d5 calls=2302 total_ms=0.931 avg_us=0.404 max_us=15
   4 caller=0x759fa247f28a calls=460 total_ms=0.919 avg_us=1.998 max_us=11
direct_cudaStreamSynchronize: calls=8400 total_ms=40.306 max_us=2583
by_direct_callsite (file:line):
   0 /opt/llama.cpp/ggml/src/ggml-cuda/ggml-cuda.cu:839 calls=8047 total_ms=33.772 avg_us=4.197 max_us=356
   1 /opt/llama.cpp/ggml/src/ggml-cuda/ggml-cuda.cu:900 calls=12 total_ms=5.894 avg_us=491.167 max_us=2583
   2 /opt/llama.cpp/ggml/src/ggml-cuda/ggml-cuda.cu:2665 calls=191 total_ms=0.394 avg_us=2.063 max_us=11
   3 /opt/llama.cpp/ggml/src/ggml-cuda/ggml-cuda.cu:847 calls=150 total_ms=0.246 avg_us=1.640 max_us=21
=== END CUDA SYNC PROFILE ===
backend-sync-trace: count=19000 backend=CUDA0 caller=ggml_backend_sched_synchronize+0x3a

=== CUDA SYNC PROFILE (instrumentation only) ===
total_syncs = 19000
total_wait_ms = 10682.568
max_wait_us = 140269
sites = 5
wait_hist_us = logarithmic buckets
  hist[0] = 17348
  hist[1] = 873
  hist[2] = 53
  hist[3] = 25
  hist[4] = 12
  hist[5] = 1
  hist[9] = 133
  hist[10] = 258
  hist[11] = 67
  hist[14] = 82
  hist[15] = 126
  hist[16] = 21
  hist[17] = 1
by_callsite (caller PC; symbolize with addr2line):
   0 caller=0x759fa2480c8a calls=7707 total_ms=10676.266 avg_us=1385.269 max_us=140269
   1 caller=0x759fa24800b8 calls=6224 total_ms=2.469 avg_us=0.397 max_us=25
   2 caller=0x759fa2480098 calls=2304 total_ms=1.981 avg_us=0.860 max_us=21
   3 caller=0x759fa24800d5 calls=2304 total_ms=0.932 avg_us=0.405 max_us=15
   4 caller=0x759fa247f28a calls=461 total_ms=0.920 avg_us=1.996 max_us=11
direct_cudaStreamSynchronize: calls=8416 total_ms=40.364 max_us=2583
by_direct_callsite (file:line):
   0 /opt/llama.cpp/ggml/src/ggml-cuda/ggml-cuda.cu:839 calls=8063 total_ms=33.830 avg_us=4.196 max_us=356
   1 /opt/llama.cpp/ggml/src/ggml-cuda/ggml-cuda.cu:900 calls=12 total_ms=5.894 avg_us=491.167 max_us=2583
   2 /opt/llama.cpp/ggml/src/ggml-cuda/ggml-cuda.cu:2665 calls=191 total_ms=0.394 avg_us=2.063 max_us=11
   3 /opt/llama.cpp/ggml/src/ggml-cuda/ggml-cuda.cu:847 calls=150 total_ms=0.246 avg_us=1.640 max_us=21
=== END CUDA SYNC PROFILE ===
backend-sync-trace: count=19100 backend=CUDA0 caller=ggml_backend_sched_graph_compute_async_ext+0xcb8

=== CUDA SYNC PROFILE (instrumentation only) ===
total_syncs = 19100
total_wait_ms = 10709.615
max_wait_us = 140269
sites = 5
wait_hist_us = logarithmic buckets
  hist[0] = 17441
  hist[1] = 877
  hist[2] = 53
  hist[3] = 25
  hist[4] = 12
  hist[5] = 1
  hist[9] = 134
  hist[10] = 259
  hist[11] = 67
  hist[14] = 83
  hist[15] = 126
  hist[16] = 21
  hist[17] = 1
by_callsite (caller PC; symbolize with addr2line):
   0 caller=0x759fa2480c8a calls=7752 total_ms=10703.279 avg_us=1380.712 max_us=140269
   1 caller=0x759fa24800b8 calls=6252 total_ms=2.481 avg_us=0.397 max_us=25
   2 caller=0x759fa2480098 calls=2316 total_ms=1.989 avg_us=0.859 max_us=21
   3 caller=0x759fa24800d5 calls=2316 total_ms=0.940 avg_us=0.406 max_us=15
   4 caller=0x759fa247f28a calls=464 total_ms=0.926 avg_us=1.996 max_us=11
direct_cudaStreamSynchronize: calls=8453 total_ms=40.518 max_us=2583
by_direct_callsite (file:line):
   0 /opt/llama.cpp/ggml/src/ggml-cuda/ggml-cuda.cu:839 calls=8100 total_ms=33.984 avg_us=4.196 max_us=356
   1 /opt/llama.cpp/ggml/src/ggml-cuda/ggml-cuda.cu:900 calls=12 total_ms=5.894 avg_us=491.167 max_us=2583
   2 /opt/llama.cpp/ggml/src/ggml-cuda/ggml-cuda.cu:2665 calls=191 total_ms=0.394 avg_us=2.063 max_us=11
   3 /opt/llama.cpp/ggml/src/ggml-cuda/ggml-cuda.cu:847 calls=150 total_ms=0.246 avg_us=1.640 max_us=21
=== END CUDA SYNC PROFILE ===
backend-sync-trace: count=19200 backend=CUDA0 caller=ggml_backend_sched_synchronize+0x3a

=== CUDA SYNC PROFILE (instrumentation only) ===
total_syncs = 19200
total_wait_ms = 10743.603
max_wait_us = 140269
sites = 5
wait_hist_us = logarithmic buckets
  hist[0] = 17534
  hist[1] = 879
  hist[2] = 53
  hist[3] = 25
  hist[4] = 12
  hist[5] = 1
  hist[9] = 135
  hist[10] = 262
  hist[11] = 67
  hist[14] = 84
  hist[15] = 126
  hist[16] = 21
  hist[17] = 1
by_callsite (caller PC; symbolize with addr2line):
   0 caller=0x759fa2480c8a calls=7792 total_ms=10737.239 avg_us=1377.982 max_us=140269
   1 caller=0x759fa24800b8 calls=6286 total_ms=2.492 avg_us=0.396 max_us=25
   2 caller=0x759fa2480098 calls=2328 total_ms=1.999 avg_us=0.859 max_us=21
   3 caller=0x759fa24800d5 calls=2328 total_ms=0.944 avg_us=0.405 max_us=15
   4 caller=0x759fa247f28a calls=466 total_ms=0.929 avg_us=1.994 max_us=11
direct_cudaStreamSynchronize: calls=8498 total_ms=40.723 max_us=2583
by_direct_callsite (file:line):
   0 /opt/llama.cpp/ggml/src/ggml-cuda/ggml-cuda.cu:839 calls=8145 total_ms=34.189 avg_us=4.198 max_us=356
   1 /opt/llama.cpp/ggml/src/ggml-cuda/ggml-cuda.cu:900 calls=12 total_ms=5.894 avg_us=491.167 max_us=2583
   2 /opt/llama.cpp/ggml/src/ggml-cuda/ggml-cuda.cu:2665 calls=191 total_ms=0.394 avg_us=2.063 max_us=11
   3 /opt/llama.cpp/ggml/src/ggml-cuda/ggml-cuda.cu:847 calls=150 total_ms=0.246 avg_us=1.640 max_us=21
=== END CUDA SYNC PROFILE ===

=== CUDA SYNC PROFILE (instrumentation only) ===
total_syncs = 19209
total_wait_ms = 10743.608
max_wait_us = 140269
sites = 5
wait_hist_us = logarithmic buckets
  hist[0] = 17542
  hist[1] = 880
  hist[2] = 53
  hist[3] = 25
  hist[4] = 12
  hist[5] = 1
  hist[9] = 135
  hist[10] = 262
  hist[11] = 67
  hist[14] = 84
  hist[15] = 126
  hist[16] = 21
  hist[17] = 1
by_callsite (caller PC; symbolize with addr2line):
   0 caller=0x759fa2480c8a calls=7797 total_ms=10737.241 avg_us=1377.099 max_us=140269
   1 caller=0x759fa24800b8 calls=6286 total_ms=2.492 avg_us=0.396 max_us=25
   2 caller=0x759fa2480098 calls=2330 total_ms=2.002 avg_us=0.859 max_us=21
   3 caller=0x759fa24800d5 calls=2330 total_ms=0.944 avg_us=0.405 max_us=15
   4 caller=0x759fa247f28a calls=466 total_ms=0.929 avg_us=1.994 max_us=11
direct_cudaStreamSynchronize: calls=8500 total_ms=40.732 max_us=2583
by_direct_callsite (file:line):
   0 /opt/llama.cpp/ggml/src/ggml-cuda/ggml-cuda.cu:839 calls=8147 total_ms=34.198 avg_us=4.198 max_us=356
   1 /opt/llama.cpp/ggml/src/ggml-cuda/ggml-cuda.cu:900 calls=12 total_ms=5.894 avg_us=491.167 max_us=2583
   2 /opt/llama.cpp/ggml/src/ggml-cuda/ggml-cuda.cu:2665 calls=191 total_ms=0.394 avg_us=2.063 max_us=11
   3 /opt/llama.cpp/ggml/src/ggml-cuda/ggml-cuda.cu:847 calls=150 total_ms=0.246 avg_us=1.640 max_us=21
=== END CUDA SYNC PROFILE ===
backend-sync-trace: count=19300 backend=CUDA0 caller=ggml_backend_sched_graph_compute_async_ext+0xcb8

=== CUDA SYNC PROFILE (instrumentation only) ===
total_syncs = 19300
total_wait_ms = 10773.864
max_wait_us = 140269
sites = 5
wait_hist_us = logarithmic buckets
  hist[0] = 17627
  hist[1] = 883
  hist[2] = 53
  hist[3] = 25
  hist[4] = 12
  hist[5] = 1
  hist[9] = 136
  hist[10] = 262
  hist[11] = 68
  hist[14] = 85
  hist[15] = 126
  hist[16] = 21
  hist[17] = 1
by_callsite (caller PC; symbolize with addr2line):
   0 caller=0x759fa2480c8a calls=7822 total_ms=10767.465 avg_us=1376.562 max_us=140269
   1 caller=0x759fa24800b8 calls=6326 total_ms=2.507 avg_us=0.396 max_us=25
   2 caller=0x759fa2480098 calls=2342 total_ms=2.011 avg_us=0.859 max_us=21
   3 caller=0x759fa24800d5 calls=2342 total_ms=0.948 avg_us=0.405 max_us=15
   4 caller=0x759fa247f28a calls=468 total_ms=0.933 avg_us=1.994 max_us=11
direct_cudaStreamSynchronize: calls=8548 total_ms=40.933 max_us=2583
by_direct_callsite (file:line):
   0 /opt/llama.cpp/ggml/src/ggml-cuda/ggml-cuda.cu:839 calls=8195 total_ms=34.399 avg_us=4.198 max_us=356
   1 /opt/llama.cpp/ggml/src/ggml-cuda/ggml-cuda.cu:900 calls=12 total_ms=5.894 avg_us=491.167 max_us=2583
   2 /opt/llama.cpp/ggml/src/ggml-cuda/ggml-cuda.cu:2665 calls=191 total_ms=0.394 avg_us=2.063 max_us=11
   3 /opt/llama.cpp/ggml/src/ggml-cuda/ggml-cuda.cu:847 calls=150 total_ms=0.246 avg_us=1.640 max_us=21
=== END CUDA SYNC PROFILE ===
backend-sync-trace: count=19400 backend=CUDA0 caller=ggml_backend_sched_synchronize+0x3a

=== CUDA SYNC PROFILE (instrumentation only) ===
total_syncs = 19400
total_wait_ms = 10842.451
max_wait_us = 140269
sites = 5
wait_hist_us = logarithmic buckets
  hist[0] = 17721
  hist[1] = 885
  hist[2] = 53
  hist[3] = 25
  hist[4] = 12
  hist[5] = 1
  hist[9] = 137
  hist[10] = 263
  hist[11] = 68
  hist[14] = 86
  hist[15] = 127
  hist[16] = 21
  hist[17] = 1
by_callsite (caller PC; symbolize with addr2line):
   0 caller=0x759fa2480c8a calls=7862 total_ms=10836.024 avg_us=1378.278 max_us=140269
   1 caller=0x759fa24800b8 calls=6359 total_ms=2.516 avg_us=0.396 max_us=25
   2 caller=0x759fa2480098 calls=2354 total_ms=2.021 avg_us=0.859 max_us=21
   3 caller=0x759fa24800d5 calls=2354 total_ms=0.953 avg_us=0.405 max_us=15
   4 caller=0x759fa247f28a calls=471 total_ms=0.937 avg_us=1.989 max_us=11
direct_cudaStreamSynchronize: calls=8591 total_ms=41.109 max_us=2583
by_direct_callsite (file:line):
   0 /opt/llama.cpp/ggml/src/ggml-cuda/ggml-cuda.cu:839 calls=8238 total_ms=34.575 avg_us=4.197 max_us=356
   1 /opt/llama.cpp/ggml/src/ggml-cuda/ggml-cuda.cu:900 calls=12 total_ms=5.894 avg_us=491.167 max_us=2583
   2 /opt/llama.cpp/ggml/src/ggml-cuda/ggml-cuda.cu:2665 calls=191 total_ms=0.394 avg_us=2.063 max_us=11
   3 /opt/llama.cpp/ggml/src/ggml-cuda/ggml-cuda.cu:847 calls=150 total_ms=0.246 avg_us=1.640 max_us=21
=== END CUDA SYNC PROFILE ===

=== CUDA SYNC PROFILE (instrumentation only) ===
total_syncs = 19429
total_wait_ms = 10843.674
max_wait_us = 140269
sites = 5
wait_hist_us = logarithmic buckets
  hist[0] = 17748
  hist[1] = 886
  hist[2] = 53
  hist[3] = 25
  hist[4] = 12
  hist[5] = 1
  hist[9] = 137
  hist[10] = 264
  hist[11] = 68
  hist[14] = 86
  hist[15] = 127
  hist[16] = 21
  hist[17] = 1
by_callsite (caller PC; symbolize with addr2line):
   0 caller=0x759fa2480c8a calls=7877 total_ms=10837.240 avg_us=1375.808 max_us=140269
   1 caller=0x759fa24800b8 calls=6364 total_ms=2.518 avg_us=0.396 max_us=25
   2 caller=0x759fa2480098 calls=2358 total_ms=2.023 avg_us=0.858 max_us=21
   3 caller=0x759fa24800d5 calls=2358 total_ms=0.954 avg_us=0.405 max_us=15
   4 caller=0x759fa247f28a calls=472 total_ms=0.939 avg_us=1.989 max_us=11
direct_cudaStreamSynchronize: calls=8600 total_ms=41.139 max_us=2583
by_direct_callsite (file:line):
   0 /opt/llama.cpp/ggml/src/ggml-cuda/ggml-cuda.cu:839 calls=8247 total_ms=34.605 avg_us=4.196 max_us=356
   1 /opt/llama.cpp/ggml/src/ggml-cuda/ggml-cuda.cu:900 calls=12 total_ms=5.894 avg_us=491.167 max_us=2583
   2 /opt/llama.cpp/ggml/src/ggml-cuda/ggml-cuda.cu:2665 calls=191 total_ms=0.394 avg_us=2.063 max_us=11
   3 /opt/llama.cpp/ggml/src/ggml-cuda/ggml-cuda.cu:847 calls=150 total_ms=0.246 avg_us=1.640 max_us=21
=== END CUDA SYNC PROFILE ===
backend-sync-trace: count=19500 backend=CUDA0 caller=ggml_backend_sched_synchronize+0x3a

=== CUDA SYNC PROFILE (instrumentation only) ===
total_syncs = 19500
total_wait_ms = 10905.997
max_wait_us = 140269
sites = 5
wait_hist_us = logarithmic buckets
  hist[0] = 17812
  hist[1] = 890
  hist[2] = 53
  hist[3] = 25
  hist[4] = 12
  hist[5] = 1
  hist[9] = 137
  hist[10] = 265
  hist[11] = 69
  hist[14] = 86
  hist[15] = 128
  hist[16] = 21
  hist[17] = 1
by_callsite (caller PC; symbolize with addr2line):
   0 caller=0x759fa2480c8a calls=7904 total_ms=10899.543 avg_us=1378.991 max_us=140269
   1 caller=0x759fa24800b8 calls=6390 total_ms=2.525 avg_us=0.395 max_us=25
   2 caller=0x759fa2480098 calls=2366 total_ms=2.030 avg_us=0.858 max_us=21
   3 caller=0x759fa24800d5 calls=2366 total_ms=0.957 avg_us=0.404 max_us=15
   4 caller=0x759fa247f28a calls=474 total_ms=0.942 avg_us=1.987 max_us=11
direct_cudaStreamSynchronize: calls=8632 total_ms=41.267 max_us=2583
by_direct_callsite (file:line):
   0 /opt/llama.cpp/ggml/src/ggml-cuda/ggml-cuda.cu:839 calls=8279 total_ms=34.733 avg_us=4.195 max_us=356
   1 /opt/llama.cpp/ggml/src/ggml-cuda/ggml-cuda.cu:900 calls=12 total_ms=5.894 avg_us=491.167 max_us=2583
   2 /opt/llama.cpp/ggml/src/ggml-cuda/ggml-cuda.cu:2665 calls=191 total_ms=0.394 avg_us=2.063 max_us=11
   3 /opt/llama.cpp/ggml/src/ggml-cuda/ggml-cuda.cu:847 calls=150 total_ms=0.246 avg_us=1.640 max_us=21
=== END CUDA SYNC PROFILE ===
backend-sync-trace: count=19600 backend=CUDA0 caller=ggml_backend_sched_graph_compute_async_ext+0xc98

=== CUDA SYNC PROFILE (instrumentation only) ===
total_syncs = 19600
total_wait_ms = 10979.574
max_wait_us = 140269
sites = 5
wait_hist_us = logarithmic buckets
  hist[0] = 17904
  hist[1] = 893
  hist[2] = 53
  hist[3] = 25
  hist[4] = 13
  hist[5] = 1
  hist[9] = 137
  hist[10] = 268
  hist[11] = 69
  hist[14] = 86
  hist[15] = 128
  hist[16] = 22
  hist[17] = 1
by_callsite (caller PC; symbolize with addr2line):
   0 caller=0x759fa2480c8a calls=7940 total_ms=10973.067 avg_us=1381.998 max_us=140269
   1 caller=0x759fa24800b8 calls=6421 total_ms=2.554 avg_us=0.398 max_us=25
   2 caller=0x759fa2480098 calls=2382 total_ms=2.045 avg_us=0.859 max_us=21
   3 caller=0x759fa24800d5 calls=2381 total_ms=0.963 avg_us=0.404 max_us=15
   4 caller=0x759fa247f28a calls=476 total_ms=0.945 avg_us=1.985 max_us=11
direct_cudaStreamSynchronize: calls=8675 total_ms=41.434 max_us=2583
by_direct_callsite (file:line):
   0 /opt/llama.cpp/ggml/src/ggml-cuda/ggml-cuda.cu:839 calls=8322 total_ms=34.900 avg_us=4.194 max_us=356
   1 /opt/llama.cpp/ggml/src/ggml-cuda/ggml-cuda.cu:900 calls=12 total_ms=5.894 avg_us=491.167 max_us=2583
   2 /opt/llama.cpp/ggml/src/ggml-cuda/ggml-cuda.cu:2665 calls=191 total_ms=0.394 avg_us=2.063 max_us=11
   3 /opt/llama.cpp/ggml/src/ggml-cuda/ggml-cuda.cu:847 calls=150 total_ms=0.246 avg_us=1.640 max_us=21
=== END CUDA SYNC PROFILE ===

=== CUDA SYNC PROFILE (instrumentation only) ===
total_syncs = 19649
total_wait_ms = 11029.982
max_wait_us = 140269
sites = 5
wait_hist_us = logarithmic buckets
  hist[0] = 17950
  hist[1] = 895
  hist[2] = 53
  hist[3] = 25
  hist[4] = 13
  hist[5] = 1
  hist[9] = 137
  hist[10] = 268
  hist[11] = 69
  hist[14] = 86
  hist[15] = 129
  hist[16] = 22
  hist[17] = 1
by_callsite (caller PC; symbolize with addr2line):
   0 caller=0x759fa2480c8a calls=7957 total_ms=11023.460 avg_us=1385.379 max_us=140269
   1 caller=0x759fa24800b8 calls=6442 total_ms=2.560 avg_us=0.397 max_us=25
   2 caller=0x759fa2480098 calls=2386 total_ms=2.047 avg_us=0.858 max_us=21
   3 caller=0x759fa24800d5 calls=2386 total_ms=0.966 avg_us=0.405 max_us=15
   4 caller=0x759fa247f28a calls=478 total_ms=0.949 avg_us=1.985 max_us=11
direct_cudaStreamSynchronize: calls=8700 total_ms=41.540 max_us=2583
by_direct_callsite (file:line):
   0 /opt/llama.cpp/ggml/src/ggml-cuda/ggml-cuda.cu:839 calls=8347 total_ms=35.006 avg_us=4.194 max_us=356
   1 /opt/llama.cpp/ggml/src/ggml-cuda/ggml-cuda.cu:900 calls=12 total_ms=5.894 avg_us=491.167 max_us=2583
   2 /opt/llama.cpp/ggml/src/ggml-cuda/ggml-cuda.cu:2665 calls=191 total_ms=0.394 avg_us=2.063 max_us=11
   3 /opt/llama.cpp/ggml/src/ggml-cuda/ggml-cuda.cu:847 calls=150 total_ms=0.246 avg_us=1.640 max_us=21
=== END CUDA SYNC PROFILE ===
backend-sync-trace: count=19700 backend=CUDA0 caller=ggml_backend_sched_graph_compute_async_ext+0xc98

=== CUDA SYNC PROFILE (instrumentation only) ===
total_syncs = 19700
total_wait_ms = 11094.578
max_wait_us = 140269
sites = 5
wait_hist_us = logarithmic buckets
  hist[0] = 17996
  hist[1] = 897
  hist[2] = 53
  hist[3] = 25
  hist[4] = 13
  hist[5] = 1
  hist[9] = 137
  hist[10] = 270
  hist[11] = 69
  hist[14] = 86
  hist[15] = 130
  hist[16] = 22
  hist[17] = 1
by_callsite (caller PC; symbolize with addr2line):
   0 caller=0x759fa2480c8a calls=7973 total_ms=11088.040 avg_us=1390.699 max_us=140269
   1 caller=0x759fa24800b8 calls=6463 total_ms=2.566 avg_us=0.397 max_us=25
   2 caller=0x759fa2480098 calls=2393 total_ms=2.055 avg_us=0.859 max_us=21
   3 caller=0x759fa24800d5 calls=2392 total_ms=0.966 avg_us=0.404 max_us=15
   4 caller=0x759fa247f28a calls=479 total_ms=0.951 avg_us=1.985 max_us=11
direct_cudaStreamSynchronize: calls=8726 total_ms=41.637 max_us=2583
by_direct_callsite (file:line):
   0 /opt/llama.cpp/ggml/src/ggml-cuda/ggml-cuda.cu:839 calls=8373 total_ms=35.103 avg_us=4.192 max_us=356
   1 /opt/llama.cpp/ggml/src/ggml-cuda/ggml-cuda.cu:900 calls=12 total_ms=5.894 avg_us=491.167 max_us=2583
   2 /opt/llama.cpp/ggml/src/ggml-cuda/ggml-cuda.cu:2665 calls=191 total_ms=0.394 avg_us=2.063 max_us=11
   3 /opt/llama.cpp/ggml/src/ggml-cuda/ggml-cuda.cu:847 calls=150 total_ms=0.246 avg_us=1.640 max_us=21
=== END CUDA SYNC PROFILE ===
backend-sync-trace: count=19800 backend=CUDA0 caller=ggml_backend_sched_synchronize+0x3a

=== CUDA SYNC PROFILE (instrumentation only) ===
total_syncs = 19800
total_wait_ms = 11163.135
max_wait_us = 140269
sites = 5
wait_hist_us = logarithmic buckets
  hist[0] = 18089
  hist[1] = 900
  hist[2] = 53
  hist[3] = 25
  hist[4] = 14
  hist[5] = 1
  hist[9] = 137
  hist[10] = 272
  hist[11] = 69
  hist[14] = 86
  hist[15] = 131
  hist[16] = 22
  hist[17] = 1
by_callsite (caller PC; symbolize with addr2line):
   0 caller=0x759fa2480c8a calls=8017 total_ms=11156.574 avg_us=1391.615 max_us=140269
   1 caller=0x759fa24800b8 calls=6494 total_ms=2.573 avg_us=0.396 max_us=25
   2 caller=0x759fa2480098 calls=2404 total_ms=2.066 avg_us=0.859 max_us=21
   3 caller=0x759fa24800d5 calls=2404 total_ms=0.968 avg_us=0.403 max_us=15
   4 caller=0x759fa247f28a calls=481 total_ms=0.954 avg_us=1.983 max_us=11
direct_cudaStreamSynchronize: calls=8766 total_ms=41.804 max_us=2583
by_direct_callsite (file:line):
   0 /opt/llama.cpp/ggml/src/ggml-cuda/ggml-cuda.cu:839 calls=8413 total_ms=35.270 avg_us=4.192 max_us=356
   1 /opt/llama.cpp/ggml/src/ggml-cuda/ggml-cuda.cu:900 calls=12 total_ms=5.894 avg_us=491.167 max_us=2583
   2 /opt/llama.cpp/ggml/src/ggml-cuda/ggml-cuda.cu:2665 calls=191 total_ms=0.394 avg_us=2.063 max_us=11
   3 /opt/llama.cpp/ggml/src/ggml-cuda/ggml-cuda.cu:847 calls=150 total_ms=0.246 avg_us=1.640 max_us=21
=== END CUDA SYNC PROFILE ===

=== CUDA SYNC PROFILE (instrumentation only) ===
total_syncs = 19877
total_wait_ms = 11207.070
max_wait_us = 140269
sites = 5
wait_hist_us = logarithmic buckets
  hist[0] = 18160
  hist[1] = 903
  hist[2] = 53
  hist[3] = 25
  hist[4] = 14
  hist[5] = 1
  hist[9] = 137
  hist[10] = 274
  hist[11] = 69
  hist[14] = 86
  hist[15] = 132
  hist[16] = 22
  hist[17] = 1
by_callsite (caller PC; symbolize with addr2line):
   0 caller=0x759fa2480c8a calls=8047 total_ms=11200.489 avg_us=1391.884 max_us=140269
   1 caller=0x759fa24800b8 calls=6519 total_ms=2.582 avg_us=0.396 max_us=25
   2 caller=0x759fa2480098 calls=2414 total_ms=2.071 avg_us=0.858 max_us=21
   3 caller=0x759fa24800d5 calls=2414 total_ms=0.970 avg_us=0.402 max_us=15
   4 caller=0x759fa247f28a calls=483 total_ms=0.958 avg_us=1.983 max_us=11
direct_cudaStreamSynchronize: calls=8800 total_ms=41.940 max_us=2583
by_direct_callsite (file:line):
   0 /opt/llama.cpp/ggml/src/ggml-cuda/ggml-cuda.cu:839 calls=8447 total_ms=35.406 avg_us=4.192 max_us=356
   1 /opt/llama.cpp/ggml/src/ggml-cuda/ggml-cuda.cu:900 calls=12 total_ms=5.894 avg_us=491.167 max_us=2583
   2 /opt/llama.cpp/ggml/src/ggml-cuda/ggml-cuda.cu:2665 calls=191 total_ms=0.394 avg_us=2.063 max_us=11
   3 /opt/llama.cpp/ggml/src/ggml-cuda/ggml-cuda.cu:847 calls=150 total_ms=0.246 avg_us=1.640 max_us=21
=== END CUDA SYNC PROFILE ===
backend-sync-trace: count=19900 backend=CUDA0 caller=ggml_backend_sched_synchronize+0x3a

=== CUDA SYNC PROFILE (instrumentation only) ===
total_syncs = 19900
total_wait_ms = 11208.565
max_wait_us = 140269
sites = 5
wait_hist_us = logarithmic buckets
  hist[0] = 18182
  hist[1] = 903
  hist[2] = 53
  hist[3] = 25
  hist[4] = 14
  hist[5] = 1
  hist[9] = 137
  hist[10] = 275
  hist[11] = 69
  hist[14] = 86
  hist[15] = 132
  hist[16] = 22
  hist[17] = 1
by_callsite (caller PC; symbolize with addr2line):
   0 caller=0x759fa2480c8a calls=8059 total_ms=11201.978 avg_us=1389.996 max_us=140269
   1 caller=0x759fa24800b8 calls=6525 total_ms=2.585 avg_us=0.396 max_us=25
   2 caller=0x759fa2480098 calls=2416 total_ms=2.073 avg_us=0.858 max_us=21
   3 caller=0x759fa24800d5 calls=2416 total_ms=0.970 avg_us=0.401 max_us=15
   4 caller=0x759fa247f28a calls=484 total_ms=0.959 avg_us=1.981 max_us=11
direct_cudaStreamSynchronize: calls=8807 total_ms=41.961 max_us=2583
by_direct_callsite (file:line):
   0 /opt/llama.cpp/ggml/src/ggml-cuda/ggml-cuda.cu:839 calls=8454 total_ms=35.427 avg_us=4.191 max_us=356
   1 /opt/llama.cpp/ggml/src/ggml-cuda/ggml-cuda.cu:900 calls=12 total_ms=5.894 avg_us=491.167 max_us=2583
   2 /opt/llama.cpp/ggml/src/ggml-cuda/ggml-cuda.cu:2665 calls=191 total_ms=0.394 avg_us=2.063 max_us=11
   3 /opt/llama.cpp/ggml/src/ggml-cuda/ggml-cuda.cu:847 calls=150 total_ms=0.246 avg_us=1.640 max_us=21
=== END CUDA SYNC PROFILE ===
backend-sync-trace: count=20000 backend=CUDA0 caller=ggml_backend_sched_graph_compute_async_ext+0xc98

=== CUDA SYNC PROFILE (instrumentation only) ===
total_syncs = 20000
total_wait_ms = 11247.449
max_wait_us = 140269
sites = 5
wait_hist_us = logarithmic buckets
  hist[0] = 18268
  hist[1] = 912
  hist[2] = 53
  hist[3] = 26
  hist[4] = 14
  hist[5] = 1
  hist[9] = 138
  hist[10] = 276
  hist[11] = 70
  hist[14] = 86
  hist[15] = 133
  hist[16] = 22
  hist[17] = 1
by_callsite (caller PC; symbolize with addr2line):
   0 caller=0x759fa2480c8a calls=8095 total_ms=11240.813 avg_us=1388.612 max_us=140269
   1 caller=0x759fa24800b8 calls=6556 total_ms=2.597 avg_us=0.396 max_us=25
   2 caller=0x759fa2480098 calls=2432 total_ms=2.099 avg_us=0.863 max_us=21
   3 caller=0x759fa24800d5 calls=2431 total_ms=0.977 avg_us=0.402 max_us=15
   4 caller=0x759fa247f28a calls=486 total_ms=0.963 avg_us=1.981 max_us=11
direct_cudaStreamSynchronize: calls=8850 total_ms=42.124 max_us=2583
by_direct_callsite (file:line):
   0 /opt/llama.cpp/ggml/src/ggml-cuda/ggml-cuda.cu:839 calls=8497 total_ms=35.590 avg_us=4.189 max_us=356
   1 /opt/llama.cpp/ggml/src/ggml-cuda/ggml-cuda.cu:900 calls=12 total_ms=5.894 avg_us=491.167 max_us=2583
   2 /opt/llama.cpp/ggml/src/ggml-cuda/ggml-cuda.cu:2665 calls=191 total_ms=0.394 avg_us=2.063 max_us=11
   3 /opt/llama.cpp/ggml/src/ggml-cuda/ggml-cuda.cu:847 calls=150 total_ms=0.246 avg_us=1.640 max_us=21
=== END CUDA SYNC PROFILE ===

=== CUDA SYNC PROFILE (instrumentation only) ===
total_syncs = 20095
total_wait_ms = 11280.439
max_wait_us = 140269
sites = 5
wait_hist_us = logarithmic buckets
  hist[0] = 18350
  hist[1] = 921
  hist[2] = 54
  hist[3] = 26
  hist[4] = 14
  hist[5] = 1
  hist[9] = 139
  hist[10] = 277
  hist[11] = 70
  hist[14] = 87
  hist[15] = 133
  hist[16] = 22
  hist[17] = 1
by_callsite (caller PC; symbolize with addr2line):
   0 caller=0x759fa2480c8a calls=8126 total_ms=11273.741 avg_us=1387.367 max_us=140269
   1 caller=0x759fa24800b8 calls=6597 total_ms=2.631 avg_us=0.399 max_us=25
   2 caller=0x759fa2480098 calls=2442 total_ms=2.111 avg_us=0.864 max_us=21
   3 caller=0x759fa24800d5 calls=2442 total_ms=0.988 avg_us=0.405 max_us=15
   4 caller=0x759fa247f28a calls=488 total_ms=0.968 avg_us=1.984 max_us=11
direct_cudaStreamSynchronize: calls=8900 total_ms=42.348 max_us=2583
by_direct_callsite (file:line):
   0 /opt/llama.cpp/ggml/src/ggml-cuda/ggml-cuda.cu:839 calls=8547 total_ms=35.814 avg_us=4.190 max_us=356
   1 /opt/llama.cpp/ggml/src/ggml-cuda/ggml-cuda.cu:900 calls=12 total_ms=5.894 avg_us=491.167 max_us=2583
   2 /opt/llama.cpp/ggml/src/ggml-cuda/ggml-cuda.cu:2665 calls=191 total_ms=0.394 avg_us=2.063 max_us=11
   3 /opt/llama.cpp/ggml/src/ggml-cuda/ggml-cuda.cu:847 calls=150 total_ms=0.246 avg_us=1.640 max_us=21
=== END CUDA SYNC PROFILE ===
backend-sync-trace: count=20100 backend=CUDA0 caller=ggml_backend_sched_graph_compute_async_ext+0xc98

=== CUDA SYNC PROFILE (instrumentation only) ===
total_syncs = 20100
total_wait_ms = 11323.569
max_wait_us = 140269
sites = 5
wait_hist_us = logarithmic buckets
  hist[0] = 18352
  hist[1] = 923
  hist[2] = 54
  hist[3] = 26
  hist[4] = 14
  hist[5] = 1
  hist[9] = 139
  hist[10] = 277
  hist[11] = 70
  hist[14] = 87
  hist[15] = 134
  hist[16] = 22
  hist[17] = 1
by_callsite (caller PC; symbolize with addr2line):
   0 caller=0x759fa2480c8a calls=8128 total_ms=11316.867 avg_us=1392.331 max_us=140269
   1 caller=0x759fa24800b8 calls=6598 total_ms=2.632 avg_us=0.399 max_us=25
   2 caller=0x759fa2480098 calls=2443 total_ms=2.112 avg_us=0.865 max_us=21
   3 caller=0x759fa24800d5 calls=2442 total_ms=0.988 avg_us=0.405 max_us=15
   4 caller=0x759fa247f28a calls=489 total_ms=0.970 avg_us=1.984 max_us=11
direct_cudaStreamSynchronize: calls=8901 total_ms=42.351 max_us=2583
by_direct_callsite (file:line):
   0 /opt/llama.cpp/ggml/src/ggml-cuda/ggml-cuda.cu:839 calls=8548 total_ms=35.817 avg_us=4.190 max_us=356
   1 /opt/llama.cpp/ggml/src/ggml-cuda/ggml-cuda.cu:900 calls=12 total_ms=5.894 avg_us=491.167 max_us=2583
   2 /opt/llama.cpp/ggml/src/ggml-cuda/ggml-cuda.cu:2665 calls=191 total_ms=0.394 avg_us=2.063 max_us=11
   3 /opt/llama.cpp/ggml/src/ggml-cuda/ggml-cuda.cu:847 calls=150 total_ms=0.246 avg_us=1.640 max_us=21
=== END CUDA SYNC PROFILE ===
backend-sync-trace: count=20200 backend=CUDA0 caller=ggml_backend_sched_synchronize+0x3a
1.16.132.425 I slot print_timing: id  0 | task 0 | n_gen =    556, tg =  45.58 t/s, tg_3s =  49.91 t/s

=== CUDA SYNC PROFILE (instrumentation only) ===
total_syncs = 20200
total_wait_ms = 11358.711
max_wait_us = 140269
sites = 5
wait_hist_us = logarithmic buckets
  hist[0] = 18443
  hist[1] = 927
  hist[2] = 55
  hist[3] = 26
  hist[4] = 14
  hist[5] = 1
  hist[9] = 141
  hist[10] = 278
  hist[11] = 70
  hist[14] = 88
  hist[15] = 134
  hist[16] = 22
  hist[17] = 1
by_callsite (caller PC; symbolize with addr2line):
   0 caller=0x759fa2480c8a calls=8163 total_ms=11351.972 avg_us=1390.662 max_us=140269
   1 caller=0x759fa24800b8 calls=6633 total_ms=2.642 avg_us=0.398 max_us=25
   2 caller=0x759fa2480098 calls=2456 total_ms=2.127 avg_us=0.866 max_us=21
   3 caller=0x759fa24800d5 calls=2456 total_ms=0.995 avg_us=0.405 max_us=15
   4 caller=0x759fa247f28a calls=492 total_ms=0.975 avg_us=1.982 max_us=11
direct_cudaStreamSynchronize: calls=8947 total_ms=42.537 max_us=2583
by_direct_callsite (file:line):
   0 /opt/llama.cpp/ggml/src/ggml-cuda/ggml-cuda.cu:839 calls=8594 total_ms=36.003 avg_us=4.189 max_us=356
   1 /opt/llama.cpp/ggml/src/ggml-cuda/ggml-cuda.cu:900 calls=12 total_ms=5.894 avg_us=491.167 max_us=2583
   2 /opt/llama.cpp/ggml/src/ggml-cuda/ggml-cuda.cu:2665 calls=191 total_ms=0.394 avg_us=2.063 max_us=11
   3 /opt/llama.cpp/ggml/src/ggml-cuda/ggml-cuda.cu:847 calls=150 total_ms=0.246 avg_us=1.640 max_us=21
=== END CUDA SYNC PROFILE ===
backend-sync-trace: count=20300 backend=CUDA0 caller=ggml_backend_sched_synchronize+0x3a

=== CUDA SYNC PROFILE (instrumentation only) ===
total_syncs = 20300
total_wait_ms = 11397.574
max_wait_us = 140269
sites = 5
wait_hist_us = logarithmic buckets
  hist[0] = 18537
  hist[1] = 929
  hist[2] = 55
  hist[3] = 26
  hist[4] = 14
  hist[5] = 1
  hist[9] = 143
  hist[10] = 279
  hist[11] = 70
  hist[14] = 88
  hist[15] = 135
  hist[16] = 22
  hist[17] = 1
by_callsite (caller PC; symbolize with addr2line):
   0 caller=0x759fa2480c8a calls=8206 total_ms=11390.804 avg_us=1388.107 max_us=140269
   1 caller=0x759fa24800b8 calls=6664 total_ms=2.653 avg_us=0.398 max_us=25
   2 caller=0x759fa2480098 calls=2468 total_ms=2.137 avg_us=0.866 max_us=21
   3 caller=0x759fa24800d5 calls=2468 total_ms=1.002 avg_us=0.406 max_us=15
   4 caller=0x759fa247f28a calls=494 total_ms=0.978 avg_us=1.980 max_us=11
direct_cudaStreamSynchronize: calls=8988 total_ms=42.696 max_us=2583
by_direct_callsite (file:line):
   0 /opt/llama.cpp/ggml/src/ggml-cuda/ggml-cuda.cu:839 calls=8635 total_ms=36.162 avg_us=4.188 max_us=356
   1 /opt/llama.cpp/ggml/src/ggml-cuda/ggml-cuda.cu:900 calls=12 total_ms=5.894 avg_us=491.167 max_us=2583
   2 /opt/llama.cpp/ggml/src/ggml-cuda/ggml-cuda.cu:2665 calls=191 total_ms=0.394 avg_us=2.063 max_us=11
   3 /opt/llama.cpp/ggml/src/ggml-cuda/ggml-cuda.cu:847 calls=150 total_ms=0.246 avg_us=1.640 max_us=21
=== END CUDA SYNC PROFILE ===

=== CUDA SYNC PROFILE (instrumentation only) ===
total_syncs = 20318
total_wait_ms = 11397.580
max_wait_us = 140269
sites = 5
wait_hist_us = logarithmic buckets
  hist[0] = 18555
  hist[1] = 929
  hist[2] = 55
  hist[3] = 26
  hist[4] = 14
  hist[5] = 1
  hist[9] = 143
  hist[10] = 279
  hist[11] = 70
  hist[14] = 88
  hist[15] = 135
  hist[16] = 22
  hist[17] = 1
by_callsite (caller PC; symbolize with addr2line):
   0 caller=0x759fa2480c8a calls=8207 total_ms=11390.805 avg_us=1387.938 max_us=140269
   1 caller=0x759fa24800b8 calls=6673 total_ms=2.654 avg_us=0.398 max_us=25
   2 caller=0x759fa2480098 calls=2472 total_ms=2.140 avg_us=0.866 max_us=21
   3 caller=0x759fa24800d5 calls=2472 total_ms=1.003 avg_us=0.406 max_us=15
   4 caller=0x759fa247f28a calls=494 total_ms=0.978 avg_us=1.980 max_us=11
direct_cudaStreamSynchronize: calls=9000 total_ms=42.757 max_us=2583
by_direct_callsite (file:line):
   0 /opt/llama.cpp/ggml/src/ggml-cuda/ggml-cuda.cu:839 calls=8647 total_ms=36.223 avg_us=4.189 max_us=356
   1 /opt/llama.cpp/ggml/src/ggml-cuda/ggml-cuda.cu:900 calls=12 total_ms=5.894 avg_us=491.167 max_us=2583
   2 /opt/llama.cpp/ggml/src/ggml-cuda/ggml-cuda.cu:2665 calls=191 total_ms=0.394 avg_us=2.063 max_us=11
   3 /opt/llama.cpp/ggml/src/ggml-cuda/ggml-cuda.cu:847 calls=150 total_ms=0.246 avg_us=1.640 max_us=21
=== END CUDA SYNC PROFILE ===
backend-sync-trace: count=20400 backend=CUDA0 caller=ggml_backend_sched_graph_compute_async_ext+0xcb8

=== CUDA SYNC PROFILE (instrumentation only) ===
total_syncs = 20400
total_wait_ms = 11433.423
max_wait_us = 140269
sites = 5
wait_hist_us = logarithmic buckets
  hist[0] = 18632
  hist[1] = 931
  hist[2] = 55
  hist[3] = 26
  hist[4] = 14
  hist[5] = 1
  hist[9] = 143
  hist[10] = 280
  hist[11] = 71
  hist[14] = 89
  hist[15] = 135
  hist[16] = 22
  hist[17] = 1
by_callsite (caller PC; symbolize with addr2line):
   0 caller=0x759fa2480c8a calls=8244 total_ms=11426.625 avg_us=1386.053 max_us=140269
   1 caller=0x759fa24800b8 calls=6696 total_ms=2.663 avg_us=0.398 max_us=25
   2 caller=0x759fa2480098 calls=2482 total_ms=2.147 avg_us=0.865 max_us=21
   3 caller=0x759fa24800d5 calls=2482 total_ms=1.007 avg_us=0.406 max_us=15
   4 caller=0x759fa247f28a calls=496 total_ms=0.981 avg_us=1.978 max_us=11
direct_cudaStreamSynchronize: calls=9030 total_ms=42.883 max_us=2583
by_direct_callsite (file:line):
   0 /opt/llama.cpp/ggml/src/ggml-cuda/ggml-cuda.cu:839 calls=8677 total_ms=36.349 avg_us=4.189 max_us=356
   1 /opt/llama.cpp/ggml/src/ggml-cuda/ggml-cuda.cu:900 calls=12 total_ms=5.894 avg_us=491.167 max_us=2583
   2 /opt/llama.cpp/ggml/src/ggml-cuda/ggml-cuda.cu:2665 calls=191 total_ms=0.394 avg_us=2.063 max_us=11
   3 /opt/llama.cpp/ggml/src/ggml-cuda/ggml-cuda.cu:847 calls=150 total_ms=0.246 avg_us=1.640 max_us=21
=== END CUDA SYNC PROFILE ===
backend-sync-trace: count=20500 backend=CUDA0 caller=ggml_backend_sched_synchronize+0x3a

=== CUDA SYNC PROFILE (instrumentation only) ===
total_syncs = 20500
total_wait_ms = 11535.171
max_wait_us = 140269
sites = 5
wait_hist_us = logarithmic buckets
  hist[0] = 18720
  hist[1] = 936
  hist[2] = 57
  hist[3] = 26
  hist[4] = 15
  hist[5] = 1
  hist[9] = 144
  hist[10] = 280
  hist[11] = 72
  hist[14] = 89
  hist[15] = 137
  hist[16] = 22
  hist[17] = 1
by_callsite (caller PC; symbolize with addr2line):
   0 caller=0x759fa2480c8a calls=8276 total_ms=11528.318 avg_us=1392.982 max_us=140269
   1 caller=0x759fa24800b8 calls=6737 total_ms=2.679 avg_us=0.398 max_us=25
   2 caller=0x759fa2480098 calls=2494 total_ms=2.172 avg_us=0.871 max_us=21
   3 caller=0x759fa24800d5 calls=2494 total_ms=1.014 avg_us=0.407 max_us=15
   4 caller=0x759fa247f28a calls=499 total_ms=0.988 avg_us=1.980 max_us=11
direct_cudaStreamSynchronize: calls=9081 total_ms=43.079 max_us=2583
by_direct_callsite (file:line):
   0 /opt/llama.cpp/ggml/src/ggml-cuda/ggml-cuda.cu:839 calls=8728 total_ms=36.545 avg_us=4.187 max_us=356
   1 /opt/llama.cpp/ggml/src/ggml-cuda/ggml-cuda.cu:900 calls=12 total_ms=5.894 avg_us=491.167 max_us=2583
   2 /opt/llama.cpp/ggml/src/ggml-cuda/ggml-cuda.cu:2665 calls=191 total_ms=0.394 avg_us=2.063 max_us=11
   3 /opt/llama.cpp/ggml/src/ggml-cuda/ggml-cuda.cu:847 calls=150 total_ms=0.246 avg_us=1.640 max_us=21
=== END CUDA SYNC PROFILE ===

=== CUDA SYNC PROFILE (instrumentation only) ===
total_syncs = 20553
total_wait_ms = 11537.357
max_wait_us = 140269
sites = 5
wait_hist_us = logarithmic buckets
  hist[0] = 18769
  hist[1] = 938
  hist[2] = 57
  hist[3] = 26
  hist[4] = 15
  hist[5] = 1
  hist[9] = 145
  hist[10] = 281
  hist[11] = 72
  hist[14] = 89
  hist[15] = 137
  hist[16] = 22
  hist[17] = 1
by_callsite (caller PC; symbolize with addr2line):
   0 caller=0x759fa2480c8a calls=8300 total_ms=11530.486 avg_us=1389.215 max_us=140269
   1 caller=0x759fa24800b8 calls=6749 total_ms=2.684 avg_us=0.398 max_us=25
   2 caller=0x759fa2480098 calls=2502 total_ms=2.181 avg_us=0.872 max_us=21
   3 caller=0x759fa24800d5 calls=2502 total_ms=1.015 avg_us=0.406 max_us=15
   4 caller=0x759fa247f28a calls=500 total_ms=0.991 avg_us=1.982 max_us=11
direct_cudaStreamSynchronize: calls=9100 total_ms=43.161 max_us=2583
by_direct_callsite (file:line):
   0 /opt/llama.cpp/ggml/src/ggml-cuda/ggml-cuda.cu:839 calls=8747 total_ms=36.627 avg_us=4.187 max_us=356
   1 /opt/llama.cpp/ggml/src/ggml-cuda/ggml-cuda.cu:900 calls=12 total_ms=5.894 avg_us=491.167 max_us=2583
   2 /opt/llama.cpp/ggml/src/ggml-cuda/ggml-cuda.cu:2665 calls=191 total_ms=0.394 avg_us=2.063 max_us=11
   3 /opt/llama.cpp/ggml/src/ggml-cuda/ggml-cuda.cu:847 calls=150 total_ms=0.246 avg_us=1.640 max_us=21
=== END CUDA SYNC PROFILE ===
backend-sync-trace: count=20600 backend=CUDA0 caller=ggml_backend_sched_graph_compute_async_ext+0xc98

=== CUDA SYNC PROFILE (instrumentation only) ===
total_syncs = 20600
total_wait_ms = 11573.041
max_wait_us = 140269
sites = 5
wait_hist_us = logarithmic buckets
  hist[0] = 18812
  hist[1] = 941
  hist[2] = 57
  hist[3] = 26
  hist[4] = 15
  hist[5] = 1
  hist[9] = 145
  hist[10] = 281
  hist[11] = 72
  hist[14] = 89
  hist[15] = 138
  hist[16] = 22
  hist[17] = 1
by_callsite (caller PC; symbolize with addr2line):
   0 caller=0x759fa2480c8a calls=8323 total_ms=11566.160 avg_us=1389.662 max_us=140269
   1 caller=0x759fa24800b8 calls=6764 total_ms=2.686 avg_us=0.397 max_us=25
   2 caller=0x759fa2480098 calls=2506 total_ms=2.183 avg_us=0.871 max_us=21
   3 caller=0x759fa24800d5 calls=2505 total_ms=1.016 avg_us=0.406 max_us=15
   4 caller=0x759fa247f28a calls=502 total_ms=0.996 avg_us=1.984 max_us=11
direct_cudaStreamSynchronize: calls=9117 total_ms=43.218 max_us=2583
by_direct_callsite (file:line):
   0 /opt/llama.cpp/ggml/src/ggml-cuda/ggml-cuda.cu:839 calls=8764 total_ms=36.684 avg_us=4.186 max_us=356
   1 /opt/llama.cpp/ggml/src/ggml-cuda/ggml-cuda.cu:900 calls=12 total_ms=5.894 avg_us=491.167 max_us=2583
   2 /opt/llama.cpp/ggml/src/ggml-cuda/ggml-cuda.cu:2665 calls=191 total_ms=0.394 avg_us=2.063 max_us=11
   3 /opt/llama.cpp/ggml/src/ggml-cuda/ggml-cuda.cu:847 calls=150 total_ms=0.246 avg_us=1.640 max_us=21
=== END CUDA SYNC PROFILE ===
backend-sync-trace: count=20700 backend=CUDA0 caller=ggml_backend_sched_synchronize+0x3a

=== CUDA SYNC PROFILE (instrumentation only) ===
total_syncs = 20700
total_wait_ms = 11609.868
max_wait_us = 140269
sites = 5
wait_hist_us = logarithmic buckets
  hist[0] = 18902
  hist[1] = 946
  hist[2] = 57
  hist[3] = 26
  hist[4] = 15
  hist[5] = 1
  hist[9] = 147
  hist[10] = 283
  hist[11] = 72
  hist[14] = 90
  hist[15] = 138
  hist[16] = 22
  hist[17] = 1
by_callsite (caller PC; symbolize with addr2line):
   0 caller=0x759fa2480c8a calls=8361 total_ms=11602.954 avg_us=1387.747 max_us=140269
   1 caller=0x759fa24800b8 calls=6799 total_ms=2.700 avg_us=0.397 max_us=25
   2 caller=0x759fa2480098 calls=2518 total_ms=2.193 avg_us=0.871 max_us=21
   3 caller=0x759fa24800d5 calls=2518 total_ms=1.019 avg_us=0.405 max_us=15
   4 caller=0x759fa247f28a calls=504 total_ms=1.002 avg_us=1.988 max_us=11
direct_cudaStreamSynchronize: calls=9163 total_ms=43.427 max_us=2583
by_direct_callsite (file:line):
   0 /opt/llama.cpp/ggml/src/ggml-cuda/ggml-cuda.cu:839 calls=8810 total_ms=36.893 avg_us=4.188 max_us=356
   1 /opt/llama.cpp/ggml/src/ggml-cuda/ggml-cuda.cu:900 calls=12 total_ms=5.894 avg_us=491.167 max_us=2583
   2 /opt/llama.cpp/ggml/src/ggml-cuda/ggml-cuda.cu:2665 calls=191 total_ms=0.394 avg_us=2.063 max_us=11
   3 /opt/llama.cpp/ggml/src/ggml-cuda/ggml-cuda.cu:847 calls=150 total_ms=0.246 avg_us=1.640 max_us=21
=== END CUDA SYNC PROFILE ===

=== CUDA SYNC PROFILE (instrumentation only) ===
total_syncs = 20785
total_wait_ms = 11651.643
max_wait_us = 140269
sites = 5
wait_hist_us = logarithmic buckets
  hist[0] = 18979
  hist[1] = 951
  hist[2] = 57
  hist[3] = 26
  hist[4] = 15
  hist[5] = 1
  hist[9] = 147
  hist[10] = 284
  hist[11] = 73
  hist[14] = 90
  hist[15] = 139
  hist[16] = 22
  hist[17] = 1
by_callsite (caller PC; symbolize with addr2line):
   0 caller=0x759fa2480c8a calls=8393 total_ms=11644.702 avg_us=1387.430 max_us=140269
   1 caller=0x759fa24800b8 calls=6826 total_ms=2.710 avg_us=0.397 max_us=25
   2 caller=0x759fa2480098 calls=2530 total_ms=2.205 avg_us=0.872 max_us=21
   3 caller=0x759fa24800d5 calls=2530 total_ms=1.021 avg_us=0.404 max_us=15
   4 caller=0x759fa247f28a calls=506 total_ms=1.005 avg_us=1.986 max_us=11
direct_cudaStreamSynchronize: calls=9200 total_ms=43.578 max_us=2583
by_direct_callsite (file:line):
   0 /opt/llama.cpp/ggml/src/ggml-cuda/ggml-cuda.cu:839 calls=8847 total_ms=37.044 avg_us=4.187 max_us=356
   1 /opt/llama.cpp/ggml/src/ggml-cuda/ggml-cuda.cu:900 calls=12 total_ms=5.894 avg_us=491.167 max_us=2583
   2 /opt/llama.cpp/ggml/src/ggml-cuda/ggml-cuda.cu:2665 calls=191 total_ms=0.394 avg_us=2.063 max_us=11
   3 /opt/llama.cpp/ggml/src/ggml-cuda/ggml-cuda.cu:847 calls=150 total_ms=0.246 avg_us=1.640 max_us=21
=== END CUDA SYNC PROFILE ===
backend-sync-trace: count=20800 backend=CUDA0 caller=ggml_backend_sched_graph_compute_async_ext+0xcb8

=== CUDA SYNC PROFILE (instrumentation only) ===
total_syncs = 20800
total_wait_ms = 11651.649
max_wait_us = 140269
sites = 5
wait_hist_us = logarithmic buckets
  hist[0] = 18994
  hist[1] = 951
  hist[2] = 57
  hist[3] = 26
  hist[4] = 15
  hist[5] = 1
  hist[9] = 147
  hist[10] = 284
  hist[11] = 73
  hist[14] = 90
  hist[15] = 139
  hist[16] = 22
  hist[17] = 1
by_callsite (caller PC; symbolize with addr2line):
   0 caller=0x759fa2480c8a calls=8393 total_ms=11644.702 avg_us=1387.430 max_us=140269
   1 caller=0x759fa24800b8 calls=6837 total_ms=2.713 avg_us=0.397 max_us=25
   2 caller=0x759fa2480098 calls=2532 total_ms=2.206 avg_us=0.871 max_us=21
   3 caller=0x759fa24800d5 calls=2532 total_ms=1.023 avg_us=0.404 max_us=15
   4 caller=0x759fa247f28a calls=506 total_ms=1.005 avg_us=1.986 max_us=11
direct_cudaStreamSynchronize: calls=9211 total_ms=43.632 max_us=2583
by_direct_callsite (file:line):
   0 /opt/llama.cpp/ggml/src/ggml-cuda/ggml-cuda.cu:839 calls=8858 total_ms=37.098 avg_us=4.188 max_us=356
   1 /opt/llama.cpp/ggml/src/ggml-cuda/ggml-cuda.cu:900 calls=12 total_ms=5.894 avg_us=491.167 max_us=2583
   2 /opt/llama.cpp/ggml/src/ggml-cuda/ggml-cuda.cu:2665 calls=191 total_ms=0.394 avg_us=2.063 max_us=11
   3 /opt/llama.cpp/ggml/src/ggml-cuda/ggml-cuda.cu:847 calls=150 total_ms=0.246 avg_us=1.640 max_us=21
=== END CUDA SYNC PROFILE ===
backend-sync-trace: count=20900 backend=CUDA0 caller=ggml_backend_sched_synchronize+0x3a

=== CUDA SYNC PROFILE (instrumentation only) ===
total_syncs = 20900
total_wait_ms = 11712.040
max_wait_us = 140269
sites = 5
wait_hist_us = logarithmic buckets
  hist[0] = 19086
  hist[1] = 955
  hist[2] = 57
  hist[3] = 26
  hist[4] = 15
  hist[5] = 1
  hist[9] = 147
  hist[10] = 286
  hist[11] = 73
  hist[14] = 92
  hist[15] = 139
  hist[16] = 22
  hist[17] = 1
by_callsite (caller PC; symbolize with addr2line):
   0 caller=0x759fa2480c8a calls=8431 total_ms=11705.057 avg_us=1388.336 max_us=140269
   1 caller=0x759fa24800b8 calls=6872 total_ms=2.727 avg_us=0.397 max_us=25
   2 caller=0x759fa2480098 calls=2544 total_ms=2.215 avg_us=0.871 max_us=21
   3 caller=0x759fa24800d5 calls=2544 total_ms=1.030 avg_us=0.405 max_us=15
   4 caller=0x759fa247f28a calls=509 total_ms=1.011 avg_us=1.986 max_us=11
direct_cudaStreamSynchronize: calls=9256 total_ms=43.811 max_us=2583
by_direct_callsite (file:line):
   0 /opt/llama.cpp/ggml/src/ggml-cuda/ggml-cuda.cu:839 calls=8903 total_ms=37.277 avg_us=4.187 max_us=356
   1 /opt/llama.cpp/ggml/src/ggml-cuda/ggml-cuda.cu:900 calls=12 total_ms=5.894 avg_us=491.167 max_us=2583
   2 /opt/llama.cpp/ggml/src/ggml-cuda/ggml-cuda.cu:2665 calls=191 total_ms=0.394 avg_us=2.063 max_us=11
   3 /opt/llama.cpp/ggml/src/ggml-cuda/ggml-cuda.cu:847 calls=150 total_ms=0.246 avg_us=1.640 max_us=21
=== END CUDA SYNC PROFILE ===
backend-sync-trace: count=21000 backend=CUDA0 caller=ggml_backend_sched_synchronize+0x3a

=== CUDA SYNC PROFILE (instrumentation only) ===
total_syncs = 21000
total_wait_ms = 11748.470
max_wait_us = 140269
sites = 5
wait_hist_us = logarithmic buckets
  hist[0] = 19178
  hist[1] = 959
  hist[2] = 57
  hist[3] = 26
  hist[4] = 15
  hist[5] = 1
  hist[9] = 148
  hist[10] = 288
  hist[11] = 73
  hist[14] = 93
  hist[15] = 139
  hist[16] = 22
  hist[17] = 1
by_callsite (caller PC; symbolize with addr2line):
   0 caller=0x759fa2480c8a calls=8473 total_ms=11741.457 avg_us=1385.750 max_us=140269
   1 caller=0x759fa24800b8 calls=6903 total_ms=2.737 avg_us=0.396 max_us=25
   2 caller=0x759fa2480098 calls=2556 total_ms=2.223 avg_us=0.870 max_us=21
   3 caller=0x759fa24800d5 calls=2556 total_ms=1.036 avg_us=0.405 max_us=15
   4 caller=0x759fa247f28a calls=512 total_ms=1.017 avg_us=1.986 max_us=11
direct_cudaStreamSynchronize: calls=9297 total_ms=43.972 max_us=2583
by_direct_callsite (file:line):
   0 /opt/llama.cpp/ggml/src/ggml-cuda/ggml-cuda.cu:839 calls=8944 total_ms=37.438 avg_us=4.186 max_us=356
   1 /opt/llama.cpp/ggml/src/ggml-cuda/ggml-cuda.cu:900 calls=12 total_ms=5.894 avg_us=491.167 max_us=2583
   2 /opt/llama.cpp/ggml/src/ggml-cuda/ggml-cuda.cu:2665 calls=191 total_ms=0.394 avg_us=2.063 max_us=11
   3 /opt/llama.cpp/ggml/src/ggml-cuda/ggml-cuda.cu:847 calls=150 total_ms=0.246 avg_us=1.640 max_us=21
=== END CUDA SYNC PROFILE ===

=== CUDA SYNC PROFILE (instrumentation only) ===
total_syncs = 21011
total_wait_ms = 11748.474
max_wait_us = 140269
sites = 5
wait_hist_us = logarithmic buckets
  hist[0] = 19189
  hist[1] = 959
  hist[2] = 57
  hist[3] = 26
  hist[4] = 15
  hist[5] = 1
  hist[9] = 148
  hist[10] = 288
  hist[11] = 73
  hist[14] = 93
  hist[15] = 139
  hist[16] = 22
  hist[17] = 1
by_callsite (caller PC; symbolize with addr2line):
   0 caller=0x759fa2480c8a calls=8479 total_ms=11741.459 avg_us=1384.769 max_us=140269
   1 caller=0x759fa24800b8 calls=6904 total_ms=2.737 avg_us=0.396 max_us=25
   2 caller=0x759fa2480098 calls=2558 total_ms=2.225 avg_us=0.870 max_us=21
   3 caller=0x759fa24800d5 calls=2558 total_ms=1.036 avg_us=0.405 max_us=15
   4 caller=0x759fa247f28a calls=512 total_ms=1.017 avg_us=1.986 max_us=11
direct_cudaStreamSynchronize: calls=9300 total_ms=43.983 max_us=2583
by_direct_callsite (file:line):
   0 /opt/llama.cpp/ggml/src/ggml-cuda/ggml-cuda.cu:839 calls=8947 total_ms=37.449 avg_us=4.186 max_us=356
   1 /opt/llama.cpp/ggml/src/ggml-cuda/ggml-cuda.cu:900 calls=12 total_ms=5.894 avg_us=491.167 max_us=2583
   2 /opt/llama.cpp/ggml/src/ggml-cuda/ggml-cuda.cu:2665 calls=191 total_ms=0.394 avg_us=2.063 max_us=11
   3 /opt/llama.cpp/ggml/src/ggml-cuda/ggml-cuda.cu:847 calls=150 total_ms=0.246 avg_us=1.640 max_us=21
=== END CUDA SYNC PROFILE ===
backend-sync-trace: count=21100 backend=CUDA0 caller=ggml_backend_sched_graph_compute_async_ext+0xc98

=== CUDA SYNC PROFILE (instrumentation only) ===
total_syncs = 21100
total_wait_ms = 11781.492
max_wait_us = 140269
sites = 5
wait_hist_us = logarithmic buckets
  hist[0] = 19265
  hist[1] = 967
  hist[2] = 57
  hist[3] = 27
  hist[4] = 15
  hist[5] = 1
  hist[9] = 149
  hist[10] = 290
  hist[11] = 73
  hist[14] = 94
  hist[15] = 139
  hist[16] = 22
  hist[17] = 1
by_callsite (caller PC; symbolize with addr2line):
   0 caller=0x759fa2480c8a calls=8511 total_ms=11774.439 avg_us=1383.438 max_us=140269
   1 caller=0x759fa24800b8 calls=6934 total_ms=2.746 avg_us=0.396 max_us=25
   2 caller=0x759fa2480098 calls=2571 total_ms=2.243 avg_us=0.872 max_us=21
   3 caller=0x759fa24800d5 calls=2570 total_ms=1.043 avg_us=0.406 max_us=15
   4 caller=0x759fa247f28a calls=514 total_ms=1.021 avg_us=1.986 max_us=11
direct_cudaStreamSynchronize: calls=9340 total_ms=44.143 max_us=2583
by_direct_callsite (file:line):
   0 /opt/llama.cpp/ggml/src/ggml-cuda/ggml-cuda.cu:839 calls=8987 total_ms=37.609 avg_us=4.185 max_us=356
   1 /opt/llama.cpp/ggml/src/ggml-cuda/ggml-cuda.cu:900 calls=12 total_ms=5.894 avg_us=491.167 max_us=2583
   2 /opt/llama.cpp/ggml/src/ggml-cuda/ggml-cuda.cu:2665 calls=191 total_ms=0.394 avg_us=2.063 max_us=11
   3 /opt/llama.cpp/ggml/src/ggml-cuda/ggml-cuda.cu:847 calls=150 total_ms=0.246 avg_us=1.640 max_us=21
=== END CUDA SYNC PROFILE ===
backend-sync-trace: count=21200 backend=CUDA0 caller=ggml_backend_sched_graph_compute_async_ext+0xcb8

=== CUDA SYNC PROFILE (instrumentation only) ===
total_syncs = 21200
total_wait_ms = 11817.003
max_wait_us = 140269
sites = 5
wait_hist_us = logarithmic buckets
  hist[0] = 19350
  hist[1] = 979
  hist[2] = 57
  hist[3] = 27
  hist[4] = 15
  hist[5] = 1
  hist[9] = 151
  hist[10] = 290
  hist[11] = 73
  hist[14] = 94
  hist[15] = 140
  hist[16] = 22
  hist[17] = 1
by_callsite (caller PC; symbolize with addr2line):
   0 caller=0x759fa2480c8a calls=8548 total_ms=11809.893 avg_us=1381.597 max_us=140269
   1 caller=0x759fa24800b8 calls=6972 total_ms=2.780 avg_us=0.399 max_us=25
   2 caller=0x759fa2480098 calls=2582 total_ms=2.252 avg_us=0.872 max_us=21
   3 caller=0x759fa24800d5 calls=2582 total_ms=1.053 avg_us=0.408 max_us=15
   4 caller=0x759fa247f28a calls=516 total_ms=1.025 avg_us=1.986 max_us=11
direct_cudaStreamSynchronize: calls=9386 total_ms=44.357 max_us=2583
by_direct_callsite (file:line):
   0 /opt/llama.cpp/ggml/src/ggml-cuda/ggml-cuda.cu:839 calls=9033 total_ms=37.823 avg_us=4.187 max_us=356
   1 /opt/llama.cpp/ggml/src/ggml-cuda/ggml-cuda.cu:900 calls=12 total_ms=5.894 avg_us=491.167 max_us=2583
   2 /opt/llama.cpp/ggml/src/ggml-cuda/ggml-cuda.cu:2665 calls=191 total_ms=0.394 avg_us=2.063 max_us=11
   3 /opt/llama.cpp/ggml/src/ggml-cuda/ggml-cuda.cu:847 calls=150 total_ms=0.246 avg_us=1.640 max_us=21
=== END CUDA SYNC PROFILE ===

=== CUDA SYNC PROFILE (instrumentation only) ===
total_syncs = 21243
total_wait_ms = 11845.966
max_wait_us = 140269
sites = 5
wait_hist_us = logarithmic buckets
  hist[0] = 19390
  hist[1] = 981
  hist[2] = 57
  hist[3] = 27
  hist[4] = 15
  hist[5] = 1
  hist[9] = 151
  hist[10] = 290
  hist[11] = 73
  hist[14] = 95
  hist[15] = 140
  hist[16] = 22
  hist[17] = 1
by_callsite (caller PC; symbolize with addr2line):
   0 caller=0x759fa2480c8a calls=8571 total_ms=11838.844 avg_us=1381.268 max_us=140269
   1 caller=0x759fa24800b8 calls=6982 total_ms=2.784 avg_us=0.399 max_us=25
   2 caller=0x759fa2480098 calls=2586 total_ms=2.256 avg_us=0.872 max_us=21
   3 caller=0x759fa24800d5 calls=2586 total_ms=1.054 avg_us=0.408 max_us=15
   4 caller=0x759fa247f28a calls=518 total_ms=1.028 avg_us=1.985 max_us=11
direct_cudaStreamSynchronize: calls=9400 total_ms=44.413 max_us=2583
by_direct_callsite (file:line):
   0 /opt/llama.cpp/ggml/src/ggml-cuda/ggml-cuda.cu:839 calls=9047 total_ms=37.879 avg_us=4.187 max_us=356
   1 /opt/llama.cpp/ggml/src/ggml-cuda/ggml-cuda.cu:900 calls=12 total_ms=5.894 avg_us=491.167 max_us=2583
   2 /opt/llama.cpp/ggml/src/ggml-cuda/ggml-cuda.cu:2665 calls=191 total_ms=0.394 avg_us=2.063 max_us=11
   3 /opt/llama.cpp/ggml/src/ggml-cuda/ggml-cuda.cu:847 calls=150 total_ms=0.246 avg_us=1.640 max_us=21
=== END CUDA SYNC PROFILE ===
backend-sync-trace: count=21300 backend=CUDA0 caller=ggml_backend_sched_graph_compute_async_ext+0xcb8

=== CUDA SYNC PROFILE (instrumentation only) ===
total_syncs = 21300
total_wait_ms = 11892.588
max_wait_us = 140269
sites = 5
wait_hist_us = logarithmic buckets
  hist[0] = 19441
  hist[1] = 984
  hist[2] = 57
  hist[3] = 27
  hist[4] = 15
  hist[5] = 1
  hist[9] = 151
  hist[10] = 292
  hist[11] = 73
  hist[14] = 95
  hist[15] = 141
  hist[16] = 22
  hist[17] = 1
by_callsite (caller PC; symbolize with addr2line):
   0 caller=0x759fa2480c8a calls=8587 total_ms=11885.444 avg_us=1384.121 max_us=140269
   1 caller=0x759fa24800b8 calls=7006 total_ms=2.794 avg_us=0.399 max_us=25
   2 caller=0x759fa2480098 calls=2594 total_ms=2.263 avg_us=0.872 max_us=21
   3 caller=0x759fa24800d5 calls=2594 total_ms=1.057 avg_us=0.407 max_us=15
   4 caller=0x759fa247f28a calls=519 total_ms=1.030 avg_us=1.985 max_us=11
direct_cudaStreamSynchronize: calls=9430 total_ms=44.534 max_us=2583
by_direct_callsite (file:line):
   0 /opt/llama.cpp/ggml/src/ggml-cuda/ggml-cuda.cu:839 calls=9077 total_ms=38.000 avg_us=4.186 max_us=356
   1 /opt/llama.cpp/ggml/src/ggml-cuda/ggml-cuda.cu:900 calls=12 total_ms=5.894 avg_us=491.167 max_us=2583
   2 /opt/llama.cpp/ggml/src/ggml-cuda/ggml-cuda.cu:2665 calls=191 total_ms=0.394 avg_us=2.063 max_us=11
   3 /opt/llama.cpp/ggml/src/ggml-cuda/ggml-cuda.cu:847 calls=150 total_ms=0.246 avg_us=1.640 max_us=21
=== END CUDA SYNC PROFILE ===
backend-sync-trace: count=21400 backend=CUDA0 caller=ggml_backend_sched_graph_compute_async_ext+0xc98

=== CUDA SYNC PROFILE (instrumentation only) ===
total_syncs = 21400
total_wait_ms = 11950.802
max_wait_us = 140269
sites = 5
wait_hist_us = logarithmic buckets
  hist[0] = 19532
  hist[1] = 989
  hist[2] = 57
  hist[3] = 27
  hist[4] = 16
  hist[5] = 1
  hist[9] = 151
  hist[10] = 294
  hist[11] = 73
  hist[14] = 95
  hist[15] = 142
  hist[16] = 22
  hist[17] = 1
by_callsite (caller PC; symbolize with addr2line):
   0 caller=0x759fa2480c8a calls=8633 total_ms=11943.622 avg_us=1383.485 max_us=140269
   1 caller=0x759fa24800b8 calls=7034 total_ms=2.808 avg_us=0.399 max_us=25
   2 caller=0x759fa2480098 calls=2606 total_ms=2.271 avg_us=0.871 max_us=21
   3 caller=0x759fa24800d5 calls=2605 total_ms=1.064 avg_us=0.408 max_us=15
   4 caller=0x759fa247f28a calls=522 total_ms=1.037 avg_us=1.987 max_us=11
direct_cudaStreamSynchronize: calls=9467 total_ms=44.677 max_us=2583
by_direct_callsite (file:line):
   0 /opt/llama.cpp/ggml/src/ggml-cuda/ggml-cuda.cu:839 calls=9114 total_ms=38.143 avg_us=4.185 max_us=356
   1 /opt/llama.cpp/ggml/src/ggml-cuda/ggml-cuda.cu:900 calls=12 total_ms=5.894 avg_us=491.167 max_us=2583
   2 /opt/llama.cpp/ggml/src/ggml-cuda/ggml-cuda.cu:2665 calls=191 total_ms=0.394 avg_us=2.063 max_us=11
   3 /opt/llama.cpp/ggml/src/ggml-cuda/ggml-cuda.cu:847 calls=150 total_ms=0.246 avg_us=1.640 max_us=21
=== END CUDA SYNC PROFILE ===

=== CUDA SYNC PROFILE (instrumentation only) ===
total_syncs = 21459
total_wait_ms = 12022.730
max_wait_us = 140269
sites = 5
wait_hist_us = logarithmic buckets
  hist[0] = 19587
  hist[1] = 990
  hist[2] = 57
  hist[3] = 27
  hist[4] = 16
  hist[5] = 1
  hist[9] = 151
  hist[10] = 295
  hist[11] = 74
  hist[14] = 95
  hist[15] = 142
  hist[16] = 23
  hist[17] = 1
by_callsite (caller PC; symbolize with addr2line):
   0 caller=0x759fa2480c8a calls=8649 total_ms=12015.524 avg_us=1389.239 max_us=140269
   1 caller=0x759fa24800b8 calls=7059 total_ms=2.822 avg_us=0.400 max_us=25
   2 caller=0x759fa2480098 calls=2614 total_ms=2.277 avg_us=0.871 max_us=21
   3 caller=0x759fa24800d5 calls=2614 total_ms=1.069 avg_us=0.409 max_us=15
   4 caller=0x759fa247f28a calls=523 total_ms=1.038 avg_us=1.985 max_us=11
direct_cudaStreamSynchronize: calls=9500 total_ms=44.808 max_us=2583
by_direct_callsite (file:line):
   0 /opt/llama.cpp/ggml/src/ggml-cuda/ggml-cuda.cu:839 calls=9147 total_ms=38.274 avg_us=4.184 max_us=356
   1 /opt/llama.cpp/ggml/src/ggml-cuda/ggml-cuda.cu:900 calls=12 total_ms=5.894 avg_us=491.167 max_us=2583
   2 /opt/llama.cpp/ggml/src/ggml-cuda/ggml-cuda.cu:2665 calls=191 total_ms=0.394 avg_us=2.063 max_us=11
   3 /opt/llama.cpp/ggml/src/ggml-cuda/ggml-cuda.cu:847 calls=150 total_ms=0.246 avg_us=1.640 max_us=21
=== END CUDA SYNC PROFILE ===
backend-sync-trace: count=21500 backend=CUDA0 caller=ggml_backend_sched_graph_compute_async_ext+0xcd5

=== CUDA SYNC PROFILE (instrumentation only) ===
total_syncs = 21500
total_wait_ms = 12024.275
max_wait_us = 140269
sites = 5
wait_hist_us = logarithmic buckets
  hist[0] = 19626
  hist[1] = 991
  hist[2] = 57
  hist[3] = 27
  hist[4] = 16
  hist[5] = 1
  hist[9] = 151
  hist[10] = 296
  hist[11] = 74
  hist[14] = 95
  hist[15] = 142
  hist[16] = 23
  hist[17] = 1
by_callsite (caller PC; symbolize with addr2line):
   0 caller=0x759fa2480c8a calls=8677 total_ms=12017.062 avg_us=1384.933 max_us=140269
   1 caller=0x759fa24800b8 calls=7065 total_ms=2.823 avg_us=0.400 max_us=25
   2 caller=0x759fa2480098 calls=2617 total_ms=2.280 avg_us=0.871 max_us=21
   3 caller=0x759fa24800d5 calls=2617 total_ms=1.070 avg_us=0.409 max_us=15
   4 caller=0x759fa247f28a calls=524 total_ms=1.040 avg_us=1.985 max_us=11
direct_cudaStreamSynchronize: calls=9507 total_ms=44.830 max_us=2583
by_direct_callsite (file:line):
   0 /opt/llama.cpp/ggml/src/ggml-cuda/ggml-cuda.cu:839 calls=9154 total_ms=38.296 avg_us=4.184 max_us=356
   1 /opt/llama.cpp/ggml/src/ggml-cuda/ggml-cuda.cu:900 calls=12 total_ms=5.894 avg_us=491.167 max_us=2583
   2 /opt/llama.cpp/ggml/src/ggml-cuda/ggml-cuda.cu:2665 calls=191 total_ms=0.394 avg_us=2.063 max_us=11
   3 /opt/llama.cpp/ggml/src/ggml-cuda/ggml-cuda.cu:847 calls=150 total_ms=0.246 avg_us=1.640 max_us=21
=== END CUDA SYNC PROFILE ===
backend-sync-trace: count=21600 backend=CUDA0 caller=ggml_backend_sched_graph_compute_async_ext+0xc98

=== CUDA SYNC PROFILE (instrumentation only) ===
total_syncs = 21600
total_wait_ms = 12077.781
max_wait_us = 140269
sites = 5
wait_hist_us = logarithmic buckets
  hist[0] = 19719
  hist[1] = 994
  hist[2] = 57
  hist[3] = 27
  hist[4] = 16
  hist[5] = 1
  hist[9] = 151
  hist[10] = 297
  hist[11] = 76
  hist[14] = 95
  hist[15] = 143
  hist[16] = 23
  hist[17] = 1
by_callsite (caller PC; symbolize with addr2line):
   0 caller=0x759fa2480c8a calls=8715 total_ms=12070.536 avg_us=1385.030 max_us=140269
   1 caller=0x759fa24800b8 calls=7096 total_ms=2.834 avg_us=0.399 max_us=25
   2 caller=0x759fa2480098 calls=2632 total_ms=2.292 avg_us=0.871 max_us=21
   3 caller=0x759fa24800d5 calls=2631 total_ms=1.076 avg_us=0.409 max_us=15
   4 caller=0x759fa247f28a calls=526 total_ms=1.043 avg_us=1.983 max_us=11
direct_cudaStreamSynchronize: calls=9550 total_ms=45.014 max_us=2583
by_direct_callsite (file:line):
   0 /opt/llama.cpp/ggml/src/ggml-cuda/ggml-cuda.cu:839 calls=9197 total_ms=38.480 avg_us=4.184 max_us=356
   1 /opt/llama.cpp/ggml/src/ggml-cuda/ggml-cuda.cu:900 calls=12 total_ms=5.894 avg_us=491.167 max_us=2583
   2 /opt/llama.cpp/ggml/src/ggml-cuda/ggml-cuda.cu:2665 calls=191 total_ms=0.394 avg_us=2.063 max_us=11
   3 /opt/llama.cpp/ggml/src/ggml-cuda/ggml-cuda.cu:847 calls=150 total_ms=0.246 avg_us=1.640 max_us=21
=== END CUDA SYNC PROFILE ===
backend-sync-trace: count=21700 backend=CUDA0 caller=ggml_backend_sched_graph_compute_async_ext+0xcb8

=== CUDA SYNC PROFILE (instrumentation only) ===
total_syncs = 21700
total_wait_ms = 12159.733
max_wait_us = 140269
sites = 5
wait_hist_us = logarithmic buckets
  hist[0] = 19814
  hist[1] = 996
  hist[2] = 57
  hist[3] = 27
  hist[4] = 16
  hist[5] = 1
  hist[9] = 151
  hist[10] = 299
  hist[11] = 76
  hist[14] = 95
  hist[15] = 143
  hist[16] = 24
  hist[17] = 1
by_callsite (caller PC; symbolize with addr2line):
   0 caller=0x759fa2480c8a calls=8752 total_ms=12152.461 avg_us=1388.535 max_us=140269
   1 caller=0x759fa24800b8 calls=7136 total_ms=2.849 avg_us=0.399 max_us=25
   2 caller=0x759fa2480098 calls=2642 total_ms=2.299 avg_us=0.870 max_us=21
   3 caller=0x759fa24800d5 calls=2642 total_ms=1.079 avg_us=0.408 max_us=15
   4 caller=0x759fa247f28a calls=528 total_ms=1.045 avg_us=1.979 max_us=11
direct_cudaStreamSynchronize: calls=9598 total_ms=45.213 max_us=2583
by_direct_callsite (file:line):
   0 /opt/llama.cpp/ggml/src/ggml-cuda/ggml-cuda.cu:839 calls=9245 total_ms=38.679 avg_us=4.184 max_us=356
   1 /opt/llama.cpp/ggml/src/ggml-cuda/ggml-cuda.cu:900 calls=12 total_ms=5.894 avg_us=491.167 max_us=2583
   2 /opt/llama.cpp/ggml/src/ggml-cuda/ggml-cuda.cu:2665 calls=191 total_ms=0.394 avg_us=2.063 max_us=11
   3 /opt/llama.cpp/ggml/src/ggml-cuda/ggml-cuda.cu:847 calls=150 total_ms=0.246 avg_us=1.640 max_us=21
=== END CUDA SYNC PROFILE ===

=== CUDA SYNC PROFILE (instrumentation only) ===
total_syncs = 21701
total_wait_ms = 12159.733
max_wait_us = 140269
sites = 5
wait_hist_us = logarithmic buckets
  hist[0] = 19815
  hist[1] = 996
  hist[2] = 57
  hist[3] = 27
  hist[4] = 16
  hist[5] = 1
  hist[9] = 151
  hist[10] = 299
  hist[11] = 76
  hist[14] = 95
  hist[15] = 143
  hist[16] = 24
  hist[17] = 1
by_callsite (caller PC; symbolize with addr2line):
   0 caller=0x759fa2480c8a calls=8752 total_ms=12152.461 avg_us=1388.535 max_us=140269
   1 caller=0x759fa24800b8 calls=7137 total_ms=2.849 avg_us=0.399 max_us=25
   2 caller=0x759fa2480098 calls=2642 total_ms=2.299 avg_us=0.870 max_us=21
   3 caller=0x759fa24800d5 calls=2642 total_ms=1.079 avg_us=0.408 max_us=15
   4 caller=0x759fa247f28a calls=528 total_ms=1.045 avg_us=1.979 max_us=11
direct_cudaStreamSynchronize: calls=9600 total_ms=45.219 max_us=2583
by_direct_callsite (file:line):
   0 /opt/llama.cpp/ggml/src/ggml-cuda/ggml-cuda.cu:839 calls=9247 total_ms=38.685 avg_us=4.184 max_us=356
   1 /opt/llama.cpp/ggml/src/ggml-cuda/ggml-cuda.cu:900 calls=12 total_ms=5.894 avg_us=491.167 max_us=2583
   2 /opt/llama.cpp/ggml/src/ggml-cuda/ggml-cuda.cu:2665 calls=191 total_ms=0.394 avg_us=2.063 max_us=11
   3 /opt/llama.cpp/ggml/src/ggml-cuda/ggml-cuda.cu:847 calls=150 total_ms=0.246 avg_us=1.640 max_us=21
=== END CUDA SYNC PROFILE ===
backend-sync-trace: count=21800 backend=CUDA0 caller=ggml_backend_sched_synchronize+0x3a

=== CUDA SYNC PROFILE (instrumentation only) ===
total_syncs = 21800
total_wait_ms = 12271.985
max_wait_us = 140269
sites = 5
wait_hist_us = logarithmic buckets
  hist[0] = 19906
  hist[1] = 1000
  hist[2] = 57
  hist[3] = 27
  hist[4] = 16
  hist[5] = 1
  hist[9] = 151
  hist[10] = 301
  hist[11] = 76
  hist[14] = 95
  hist[15] = 145
  hist[16] = 24
  hist[17] = 1
by_callsite (caller PC; symbolize with addr2line):
   0 caller=0x759fa2480c8a calls=8792 total_ms=12264.686 avg_us=1394.982 max_us=140269
   1 caller=0x759fa24800b8 calls=7169 total_ms=2.861 avg_us=0.399 max_us=25
   2 caller=0x759fa2480098 calls=2654 total_ms=2.307 avg_us=0.869 max_us=21
   3 caller=0x759fa24800d5 calls=2654 total_ms=1.082 avg_us=0.408 max_us=15
   4 caller=0x759fa247f28a calls=531 total_ms=1.049 avg_us=1.976 max_us=11
direct_cudaStreamSynchronize: calls=9641 total_ms=45.386 max_us=2583
by_direct_callsite (file:line):
   0 /opt/llama.cpp/ggml/src/ggml-cuda/ggml-cuda.cu:839 calls=9288 total_ms=38.852 avg_us=4.183 max_us=356
   1 /opt/llama.cpp/ggml/src/ggml-cuda/ggml-cuda.cu:900 calls=12 total_ms=5.894 avg_us=491.167 max_us=2583
   2 /opt/llama.cpp/ggml/src/ggml-cuda/ggml-cuda.cu:2665 calls=191 total_ms=0.394 avg_us=2.063 max_us=11
   3 /opt/llama.cpp/ggml/src/ggml-cuda/ggml-cuda.cu:847 calls=150 total_ms=0.246 avg_us=1.640 max_us=21
=== END CUDA SYNC PROFILE ===
backend-sync-trace: count=21900 backend=CUDA0 caller=ggml_backend_sched_synchronize+0x3a

=== CUDA SYNC PROFILE (instrumentation only) ===
total_syncs = 21900
total_wait_ms = 12330.961
max_wait_us = 140269
sites = 5
wait_hist_us = logarithmic buckets
  hist[0] = 19990
  hist[1] = 1012
  hist[2] = 57
  hist[3] = 28
  hist[4] = 16
  hist[5] = 1
  hist[9] = 151
  hist[10] = 302
  hist[11] = 77
  hist[14] = 95
  hist[15] = 146
  hist[16] = 24
  hist[17] = 1
by_callsite (caller PC; symbolize with addr2line):
   0 caller=0x759fa2480c8a calls=8843 total_ms=12323.605 avg_us=1393.600 max_us=140269
   1 caller=0x759fa24800b8 calls=7196 total_ms=2.883 avg_us=0.401 max_us=25
   2 caller=0x759fa2480098 calls=2664 total_ms=2.328 avg_us=0.874 max_us=21
   3 caller=0x759fa24800d5 calls=2664 total_ms=1.092 avg_us=0.410 max_us=15
   4 caller=0x759fa247f28a calls=533 total_ms=1.053 avg_us=1.976 max_us=11
direct_cudaStreamSynchronize: calls=9676 total_ms=45.542 max_us=2583
by_direct_callsite (file:line):
   0 /opt/llama.cpp/ggml/src/ggml-cuda/ggml-cuda.cu:839 calls=9323 total_ms=39.008 avg_us=4.184 max_us=356
   1 /opt/llama.cpp/ggml/src/ggml-cuda/ggml-cuda.cu:900 calls=12 total_ms=5.894 avg_us=491.167 max_us=2583
   2 /opt/llama.cpp/ggml/src/ggml-cuda/ggml-cuda.cu:2665 calls=191 total_ms=0.394 avg_us=2.063 max_us=11
   3 /opt/llama.cpp/ggml/src/ggml-cuda/ggml-cuda.cu:847 calls=150 total_ms=0.246 avg_us=1.640 max_us=21
=== END CUDA SYNC PROFILE ===

=== CUDA SYNC PROFILE (instrumentation only) ===
total_syncs = 21954
total_wait_ms = 12335.352
max_wait_us = 140269
sites = 5
wait_hist_us = logarithmic buckets
  hist[0] = 20040
  hist[1] = 1014
  hist[2] = 57
  hist[3] = 28
  hist[4] = 16
  hist[5] = 1
  hist[9] = 151
  hist[10] = 303
  hist[11] = 78
  hist[14] = 95
  hist[15] = 146
  hist[16] = 24
  hist[17] = 1
by_callsite (caller PC; symbolize with addr2line):
   0 caller=0x759fa2480c8a calls=8863 total_ms=12327.980 avg_us=1390.949 max_us=140269
   1 caller=0x759fa24800b8 calls=7213 total_ms=2.887 avg_us=0.400 max_us=25
   2 caller=0x759fa2480098 calls=2672 total_ms=2.334 avg_us=0.874 max_us=21
   3 caller=0x759fa24800d5 calls=2672 total_ms=1.096 avg_us=0.410 max_us=15
   4 caller=0x759fa247f28a calls=534 total_ms=1.055 avg_us=1.976 max_us=11
direct_cudaStreamSynchronize: calls=9700 total_ms=45.640 max_us=2583
by_direct_callsite (file:line):
   0 /opt/llama.cpp/ggml/src/ggml-cuda/ggml-cuda.cu:839 calls=9347 total_ms=39.106 avg_us=4.184 max_us=356
   1 /opt/llama.cpp/ggml/src/ggml-cuda/ggml-cuda.cu:900 calls=12 total_ms=5.894 avg_us=491.167 max_us=2583
   2 /opt/llama.cpp/ggml/src/ggml-cuda/ggml-cuda.cu:2665 calls=191 total_ms=0.394 avg_us=2.063 max_us=11
   3 /opt/llama.cpp/ggml/src/ggml-cuda/ggml-cuda.cu:847 calls=150 total_ms=0.246 avg_us=1.640 max_us=21
=== END CUDA SYNC PROFILE ===
backend-sync-trace: count=22000 backend=CUDA0 caller=ggml_backend_sched_graph_compute_async_ext+0xcb8

=== CUDA SYNC PROFILE (instrumentation only) ===
total_syncs = 22000
total_wait_ms = 12393.996
max_wait_us = 140269
sites = 5
wait_hist_us = logarithmic buckets
  hist[0] = 20082
  hist[1] = 1017
  hist[2] = 57
  hist[3] = 28
  hist[4] = 16
  hist[5] = 1
  hist[9] = 151
  hist[10] = 303
  hist[11] = 78
  hist[14] = 95
  hist[15] = 147
  hist[16] = 24
  hist[17] = 1
by_callsite (caller PC; symbolize with addr2line):
   0 caller=0x759fa2480c8a calls=8886 total_ms=12386.614 avg_us=1393.947 max_us=140269
   1 caller=0x759fa24800b8 calls=7226 total_ms=2.891 avg_us=0.400 max_us=25
   2 caller=0x759fa2480098 calls=2676 total_ms=2.336 avg_us=0.873 max_us=21
   3 caller=0x759fa24800d5 calls=2676 total_ms=1.096 avg_us=0.410 max_us=15
   4 caller=0x759fa247f28a calls=536 total_ms=1.059 avg_us=1.976 max_us=11
direct_cudaStreamSynchronize: calls=9715 total_ms=45.696 max_us=2583
by_direct_callsite (file:line):
   0 /opt/llama.cpp/ggml/src/ggml-cuda/ggml-cuda.cu:839 calls=9362 total_ms=39.162 avg_us=4.183 max_us=356
   1 /opt/llama.cpp/ggml/src/ggml-cuda/ggml-cuda.cu:900 calls=12 total_ms=5.894 avg_us=491.167 max_us=2583
   2 /opt/llama.cpp/ggml/src/ggml-cuda/ggml-cuda.cu:2665 calls=191 total_ms=0.394 avg_us=2.063 max_us=11
   3 /opt/llama.cpp/ggml/src/ggml-cuda/ggml-cuda.cu:847 calls=150 total_ms=0.246 avg_us=1.640 max_us=21
=== END CUDA SYNC PROFILE ===
backend-sync-trace: count=22100 backend=CUDA0 caller=ggml_backend_sched_graph_compute_async_ext+0xc98

=== CUDA SYNC PROFILE (instrumentation only) ===
total_syncs = 22100
total_wait_ms = 12437.543
max_wait_us = 140269
sites = 5
wait_hist_us = logarithmic buckets
  hist[0] = 20173
  hist[1] = 1021
  hist[2] = 57
  hist[3] = 28
  hist[4] = 16
  hist[5] = 1
  hist[9] = 152
  hist[10] = 305
  hist[11] = 79
  hist[14] = 95
  hist[15] = 148
  hist[16] = 24
  hist[17] = 1
by_callsite (caller PC; symbolize with addr2line):
   0 caller=0x759fa2480c8a calls=8925 total_ms=12430.130 avg_us=1392.732 max_us=140269
   1 caller=0x759fa24800b8 calls=7258 total_ms=2.902 avg_us=0.400 max_us=25
   2 caller=0x759fa2480098 calls=2690 total_ms=2.347 avg_us=0.872 max_us=21
   3 caller=0x759fa24800d5 calls=2689 total_ms=1.101 avg_us=0.409 max_us=15
   4 caller=0x759fa247f28a calls=538 total_ms=1.063 avg_us=1.976 max_us=11
direct_cudaStreamSynchronize: calls=9759 total_ms=45.867 max_us=2583
by_direct_callsite (file:line):
   0 /opt/llama.cpp/ggml/src/ggml-cuda/ggml-cuda.cu:839 calls=9406 total_ms=39.333 avg_us=4.182 max_us=356
   1 /opt/llama.cpp/ggml/src/ggml-cuda/ggml-cuda.cu:900 calls=12 total_ms=5.894 avg_us=491.167 max_us=2583
   2 /opt/llama.cpp/ggml/src/ggml-cuda/ggml-cuda.cu:2665 calls=191 total_ms=0.394 avg_us=2.063 max_us=11
   3 /opt/llama.cpp/ggml/src/ggml-cuda/ggml-cuda.cu:847 calls=150 total_ms=0.246 avg_us=1.640 max_us=21
=== END CUDA SYNC PROFILE ===

=== CUDA SYNC PROFILE (instrumentation only) ===
total_syncs = 22183
total_wait_ms = 12468.940
max_wait_us = 140269
sites = 5
wait_hist_us = logarithmic buckets
  hist[0] = 20250
  hist[1] = 1024
  hist[2] = 57
  hist[3] = 28
  hist[4] = 16
  hist[5] = 1
  hist[9] = 153
  hist[10] = 306
  hist[11] = 79
  hist[14] = 96
  hist[15] = 148
  hist[16] = 24
  hist[17] = 1
by_callsite (caller PC; symbolize with addr2line):
   0 caller=0x759fa2480c8a calls=8950 total_ms=12461.497 avg_us=1392.346 max_us=140269
   1 caller=0x759fa24800b8 calls=7289 total_ms=2.914 avg_us=0.400 max_us=25
   2 caller=0x759fa2480098 calls=2702 total_ms=2.355 avg_us=0.872 max_us=21
   3 caller=0x759fa24800d5 calls=2702 total_ms=1.108 avg_us=0.410 max_us=15
   4 caller=0x759fa247f28a calls=540 total_ms=1.066 avg_us=1.974 max_us=11
direct_cudaStreamSynchronize: calls=9800 total_ms=46.048 max_us=2583
by_direct_callsite (file:line):
   0 /opt/llama.cpp/ggml/src/ggml-cuda/ggml-cuda.cu:839 calls=9447 total_ms=39.514 avg_us=4.183 max_us=356
   1 /opt/llama.cpp/ggml/src/ggml-cuda/ggml-cuda.cu:900 calls=12 total_ms=5.894 avg_us=491.167 max_us=2583
   2 /opt/llama.cpp/ggml/src/ggml-cuda/ggml-cuda.cu:2665 calls=191 total_ms=0.394 avg_us=2.063 max_us=11
   3 /opt/llama.cpp/ggml/src/ggml-cuda/ggml-cuda.cu:847 calls=150 total_ms=0.246 avg_us=1.640 max_us=21
=== END CUDA SYNC PROFILE ===
backend-sync-trace: count=22200 backend=CUDA0 caller=ggml_backend_sched_graph_compute_async_ext+0xc98

=== CUDA SYNC PROFILE (instrumentation only) ===
total_syncs = 22200
total_wait_ms = 12495.772
max_wait_us = 140269
sites = 5
wait_hist_us = logarithmic buckets
  hist[0] = 20264
  hist[1] = 1026
  hist[2] = 57
  hist[3] = 28
  hist[4] = 16
  hist[5] = 1
  hist[9] = 153
  hist[10] = 306
  hist[11] = 79
  hist[14] = 97
  hist[15] = 148
  hist[16] = 24
  hist[17] = 1
by_callsite (caller PC; symbolize with addr2line):
   0 caller=0x759fa2480c8a calls=8952 total_ms=12488.321 avg_us=1395.031 max_us=140269
   1 caller=0x759fa24800b8 calls=7300 total_ms=2.917 avg_us=0.400 max_us=25
   2 caller=0x759fa2480098 calls=2704 total_ms=2.357 avg_us=0.872 max_us=21
   3 caller=0x759fa24800d5 calls=2703 total_ms=1.109 avg_us=0.410 max_us=15
   4 caller=0x759fa247f28a calls=541 total_ms=1.068 avg_us=1.974 max_us=11
direct_cudaStreamSynchronize: calls=9812 total_ms=46.084 max_us=2583
by_direct_callsite (file:line):
   0 /opt/llama.cpp/ggml/src/ggml-cuda/ggml-cuda.cu:839 calls=9459 total_ms=39.550 avg_us=4.181 max_us=356
   1 /opt/llama.cpp/ggml/src/ggml-cuda/ggml-cuda.cu:900 calls=12 total_ms=5.894 avg_us=491.167 max_us=2583
   2 /opt/llama.cpp/ggml/src/ggml-cuda/ggml-cuda.cu:2665 calls=191 total_ms=0.394 avg_us=2.063 max_us=11
   3 /opt/llama.cpp/ggml/src/ggml-cuda/ggml-cuda.cu:847 calls=150 total_ms=0.246 avg_us=1.640 max_us=21
=== END CUDA SYNC PROFILE ===
backend-sync-trace: count=22300 backend=CUDA0 caller=ggml_backend_sched_synchronize+0x3a

=== CUDA SYNC PROFILE (instrumentation only) ===
total_syncs = 22300
total_wait_ms = 12525.521
max_wait_us = 140269
sites = 5
wait_hist_us = logarithmic buckets
  hist[0] = 20357
  hist[1] = 1030
  hist[2] = 57
  hist[3] = 28
  hist[4] = 16
  hist[5] = 1
  hist[9] = 154
  hist[10] = 307
  hist[11] = 79
  hist[14] = 98
  hist[15] = 148
  hist[16] = 24
  hist[17] = 1
by_callsite (caller PC; symbolize with addr2line):
   0 caller=0x759fa2480c8a calls=8998 total_ms=12518.042 avg_us=1391.203 max_us=140269
   1 caller=0x759fa24800b8 calls=7331 total_ms=2.929 avg_us=0.400 max_us=25
   2 caller=0x759fa2480098 calls=2714 total_ms=2.365 avg_us=0.871 max_us=21
   3 caller=0x759fa24800d5 calls=2714 total_ms=1.113 avg_us=0.410 max_us=15
   4 caller=0x759fa247f28a calls=543 total_ms=1.072 avg_us=1.974 max_us=11
direct_cudaStreamSynchronize: calls=9851 total_ms=46.242 max_us=2583
by_direct_callsite (file:line):
   0 /opt/llama.cpp/ggml/src/ggml-cuda/ggml-cuda.cu:839 calls=9498 total_ms=39.708 avg_us=4.181 max_us=356
   1 /opt/llama.cpp/ggml/src/ggml-cuda/ggml-cuda.cu:900 calls=12 total_ms=5.894 avg_us=491.167 max_us=2583
   2 /opt/llama.cpp/ggml/src/ggml-cuda/ggml-cuda.cu:2665 calls=191 total_ms=0.394 avg_us=2.063 max_us=11
   3 /opt/llama.cpp/ggml/src/ggml-cuda/ggml-cuda.cu:847 calls=150 total_ms=0.246 avg_us=1.640 max_us=21
=== END CUDA SYNC PROFILE ===
backend-sync-trace: count=22400 backend=CUDA0 caller=ggml_backend_sched_synchronize+0x3a

=== CUDA SYNC PROFILE (instrumentation only) ===
total_syncs = 22400
total_wait_ms = 12568.993
max_wait_us = 140269
sites = 5
wait_hist_us = logarithmic buckets
  hist[0] = 20449
  hist[1] = 1033
  hist[2] = 57
  hist[3] = 28
  hist[4] = 16
  hist[5] = 1
  hist[9] = 154
  hist[10] = 311
  hist[11] = 79
  hist[14] = 98
  hist[15] = 149
  hist[16] = 24
  hist[17] = 1
by_callsite (caller PC; symbolize with addr2line):
   0 caller=0x759fa2480c8a calls=9032 total_ms=12561.484 avg_us=1390.775 max_us=140269
   1 caller=0x759fa24800b8 calls=7366 total_ms=2.940 avg_us=0.399 max_us=25
   2 caller=0x759fa2480098 calls=2728 total_ms=2.377 avg_us=0.871 max_us=21
   3 caller=0x759fa24800d5 calls=2728 total_ms=1.115 avg_us=0.409 max_us=15
   4 caller=0x759fa247f28a calls=546 total_ms=1.077 avg_us=1.973 max_us=11
direct_cudaStreamSynchronize: calls=9898 total_ms=46.423 max_us=2583
by_direct_callsite (file:line):
   0 /opt/llama.cpp/ggml/src/ggml-cuda/ggml-cuda.cu:839 calls=9545 total_ms=39.889 avg_us=4.179 max_us=356
   1 /opt/llama.cpp/ggml/src/ggml-cuda/ggml-cuda.cu:900 calls=12 total_ms=5.894 avg_us=491.167 max_us=2583
   2 /opt/llama.cpp/ggml/src/ggml-cuda/ggml-cuda.cu:2665 calls=191 total_ms=0.394 avg_us=2.063 max_us=11
   3 /opt/llama.cpp/ggml/src/ggml-cuda/ggml-cuda.cu:847 calls=150 total_ms=0.246 avg_us=1.640 max_us=21
=== END CUDA SYNC PROFILE ===

=== CUDA SYNC PROFILE (instrumentation only) ===
total_syncs = 22409
total_wait_ms = 12568.998
max_wait_us = 140269
sites = 5
wait_hist_us = logarithmic buckets
  hist[0] = 20457
  hist[1] = 1034
  hist[2] = 57
  hist[3] = 28
  hist[4] = 16
  hist[5] = 1
  hist[9] = 154
  hist[10] = 311
  hist[11] = 79
  hist[14] = 98
  hist[15] = 149
  hist[16] = 24
  hist[17] = 1
by_callsite (caller PC; symbolize with addr2line):
   0 caller=0x759fa2480c8a calls=9037 total_ms=12561.486 avg_us=1390.006 max_us=140269
   1 caller=0x759fa24800b8 calls=7366 total_ms=2.940 avg_us=0.399 max_us=25
   2 caller=0x759fa2480098 calls=2730 total_ms=2.380 avg_us=0.872 max_us=21
   3 caller=0x759fa24800d5 calls=2730 total_ms=1.115 avg_us=0.408 max_us=15
   4 caller=0x759fa247f28a calls=546 total_ms=1.077 avg_us=1.973 max_us=11
direct_cudaStreamSynchronize: calls=9900 total_ms=46.430 max_us=2583
by_direct_callsite (file:line):
   0 /opt/llama.cpp/ggml/src/ggml-cuda/ggml-cuda.cu:839 calls=9547 total_ms=39.896 avg_us=4.179 max_us=356
   1 /opt/llama.cpp/ggml/src/ggml-cuda/ggml-cuda.cu:900 calls=12 total_ms=5.894 avg_us=491.167 max_us=2583
   2 /opt/llama.cpp/ggml/src/ggml-cuda/ggml-cuda.cu:2665 calls=191 total_ms=0.394 avg_us=2.063 max_us=11
   3 /opt/llama.cpp/ggml/src/ggml-cuda/ggml-cuda.cu:847 calls=150 total_ms=0.246 avg_us=1.640 max_us=21
=== END CUDA SYNC PROFILE ===
backend-sync-trace: count=22500 backend=CUDA0 caller=ggml_backend_sched_graph_compute_async_ext+0xcb8

=== CUDA SYNC PROFILE (instrumentation only) ===
total_syncs = 22500
total_wait_ms = 12605.530
max_wait_us = 140269
sites = 5
wait_hist_us = logarithmic buckets
  hist[0] = 20541
  hist[1] = 1037
  hist[2] = 57
  hist[3] = 29
  hist[4] = 16
  hist[5] = 1
  hist[9] = 155
  hist[10] = 312
  hist[11] = 79
  hist[14] = 98
  hist[15] = 150
  hist[16] = 24
  hist[17] = 1
by_callsite (caller PC; symbolize with addr2line):
   0 caller=0x759fa2480c8a calls=9074 total_ms=12597.980 avg_us=1388.360 max_us=140269
   1 caller=0x759fa24800b8 calls=7394 total_ms=2.963 avg_us=0.401 max_us=25
   2 caller=0x759fa2480098 calls=2742 total_ms=2.389 avg_us=0.871 max_us=21
   3 caller=0x759fa24800d5 calls=2742 total_ms=1.117 avg_us=0.407 max_us=15
   4 caller=0x759fa247f28a calls=548 total_ms=1.081 avg_us=1.973 max_us=11
direct_cudaStreamSynchronize: calls=9936 total_ms=46.592 max_us=2583
by_direct_callsite (file:line):
   0 /opt/llama.cpp/ggml/src/ggml-cuda/ggml-cuda.cu:839 calls=9583 total_ms=40.058 avg_us=4.180 max_us=356
   1 /opt/llama.cpp/ggml/src/ggml-cuda/ggml-cuda.cu:900 calls=12 total_ms=5.894 avg_us=491.167 max_us=2583
   2 /opt/llama.cpp/ggml/src/ggml-cuda/ggml-cuda.cu:2665 calls=191 total_ms=0.394 avg_us=2.063 max_us=11
   3 /opt/llama.cpp/ggml/src/ggml-cuda/ggml-cuda.cu:847 calls=150 total_ms=0.246 avg_us=1.640 max_us=21
=== END CUDA SYNC PROFILE ===
backend-sync-trace: count=22600 backend=CUDA0 caller=ggml_backend_sched_graph_compute_async_ext+0xcb8

=== CUDA SYNC PROFILE (instrumentation only) ===
total_syncs = 22600
total_wait_ms = 12658.668
max_wait_us = 140269
sites = 5
wait_hist_us = logarithmic buckets
  hist[0] = 20635
  hist[1] = 1040
  hist[2] = 57
  hist[3] = 29
  hist[4] = 16
  hist[5] = 1
  hist[9] = 156
  hist[10] = 313
  hist[11] = 79
  hist[14] = 98
  hist[15] = 151
  hist[16] = 24
  hist[17] = 1
by_callsite (caller PC; symbolize with addr2line):
   0 caller=0x759fa2480c8a calls=9111 total_ms=12651.087 avg_us=1388.551 max_us=140269
   1 caller=0x759fa24800b8 calls=7435 total_ms=2.977 avg_us=0.400 max_us=25
   2 caller=0x759fa2480098 calls=2752 total_ms=2.398 avg_us=0.871 max_us=21
   3 caller=0x759fa24800d5 calls=2752 total_ms=1.121 avg_us=0.407 max_us=15
   4 caller=0x759fa247f28a calls=550 total_ms=1.085 avg_us=1.973 max_us=11
direct_cudaStreamSynchronize: calls=9985 total_ms=46.807 max_us=2583
by_direct_callsite (file:line):
   0 /opt/llama.cpp/ggml/src/ggml-cuda/ggml-cuda.cu:839 calls=9632 total_ms=40.273 avg_us=4.181 max_us=356
   1 /opt/llama.cpp/ggml/src/ggml-cuda/ggml-cuda.cu:900 calls=12 total_ms=5.894 avg_us=491.167 max_us=2583
   2 /opt/llama.cpp/ggml/src/ggml-cuda/ggml-cuda.cu:2665 calls=191 total_ms=0.394 avg_us=2.063 max_us=11
   3 /opt/llama.cpp/ggml/src/ggml-cuda/ggml-cuda.cu:847 calls=150 total_ms=0.246 avg_us=1.640 max_us=21
=== END CUDA SYNC PROFILE ===

=== CUDA SYNC PROFILE (instrumentation only) ===
total_syncs = 22653
total_wait_ms = 12706.023
max_wait_us = 140269
sites = 5
wait_hist_us = logarithmic buckets
  hist[0] = 20685
  hist[1] = 1041
  hist[2] = 57
  hist[3] = 29
  hist[4] = 16
  hist[5] = 1
  hist[9] = 156
  hist[10] = 314
  hist[11] = 79
  hist[14] = 98
  hist[15] = 152
  hist[16] = 24
  hist[17] = 1
by_callsite (caller PC; symbolize with addr2line):
   0 caller=0x759fa2480c8a calls=9141 total_ms=12698.431 avg_us=1389.173 max_us=140269
   1 caller=0x759fa24800b8 calls=7444 total_ms=2.979 avg_us=0.400 max_us=25
   2 caller=0x759fa2480098 calls=2758 total_ms=2.402 avg_us=0.871 max_us=21
   3 caller=0x759fa24800d5 calls=2758 total_ms=1.123 avg_us=0.407 max_us=15
   4 caller=0x759fa247f28a calls=552 total_ms=1.088 avg_us=1.971 max_us=11
direct_cudaStreamSynchronize: calls=10000 total_ms=46.867 max_us=2583
by_direct_callsite (file:line):
   0 /opt/llama.cpp/ggml/src/ggml-cuda/ggml-cuda.cu:839 calls=9647 total_ms=40.333 avg_us=4.181 max_us=356
   1 /opt/llama.cpp/ggml/src/ggml-cuda/ggml-cuda.cu:900 calls=12 total_ms=5.894 avg_us=491.167 max_us=2583
   2 /opt/llama.cpp/ggml/src/ggml-cuda/ggml-cuda.cu:2665 calls=191 total_ms=0.394 avg_us=2.063 max_us=11
   3 /opt/llama.cpp/ggml/src/ggml-cuda/ggml-cuda.cu:847 calls=150 total_ms=0.246 avg_us=1.640 max_us=21
=== END CUDA SYNC PROFILE ===
backend-sync-trace: count=22700 backend=CUDA0 caller=ggml_backend_sched_synchronize+0x3a

=== CUDA SYNC PROFILE (instrumentation only) ===
total_syncs = 22700
total_wait_ms = 12747.924
max_wait_us = 140269
sites = 5
wait_hist_us = logarithmic buckets
  hist[0] = 20729
  hist[1] = 1042
  hist[2] = 57
  hist[3] = 29
  hist[4] = 16
  hist[5] = 1
  hist[9] = 157
  hist[10] = 314
  hist[11] = 79
  hist[14] = 98
  hist[15] = 153
  hist[16] = 24
  hist[17] = 1
by_callsite (caller PC; symbolize with addr2line):
   0 caller=0x759fa2480c8a calls=9153 total_ms=12740.315 avg_us=1391.928 max_us=140269
   1 caller=0x759fa24800b8 calls=7466 total_ms=2.989 avg_us=0.400 max_us=25
   2 caller=0x759fa2480098 calls=2764 total_ms=2.407 avg_us=0.871 max_us=21
   3 caller=0x759fa24800d5 calls=2764 total_ms=1.124 avg_us=0.407 max_us=15
   4 caller=0x759fa247f28a calls=553 total_ms=1.089 avg_us=1.969 max_us=11
direct_cudaStreamSynchronize: calls=10026 total_ms=46.978 max_us=2583
by_direct_callsite (file:line):
   0 /opt/llama.cpp/ggml/src/ggml-cuda/ggml-cuda.cu:839 calls=9673 total_ms=40.444 avg_us=4.181 max_us=356
   1 /opt/llama.cpp/ggml/src/ggml-cuda/ggml-cuda.cu:900 calls=12 total_ms=5.894 avg_us=491.167 max_us=2583
   2 /opt/llama.cpp/ggml/src/ggml-cuda/ggml-cuda.cu:2665 calls=191 total_ms=0.394 avg_us=2.063 max_us=11
   3 /opt/llama.cpp/ggml/src/ggml-cuda/ggml-cuda.cu:847 calls=150 total_ms=0.246 avg_us=1.640 max_us=21
=== END CUDA SYNC PROFILE ===
backend-sync-trace: count=22800 backend=CUDA0 caller=ggml_backend_sched_graph_compute_async_ext+0xcb8

=== CUDA SYNC PROFILE (instrumentation only) ===
total_syncs = 22800
total_wait_ms = 12783.793
max_wait_us = 140269
sites = 5
wait_hist_us = logarithmic buckets
  hist[0] = 20823
  hist[1] = 1045
  hist[2] = 57
  hist[3] = 29
  hist[4] = 16
  hist[5] = 1
  hist[9] = 157
  hist[10] = 316
  hist[11] = 79
  hist[14] = 98
  hist[15] = 154
  hist[16] = 24
  hist[17] = 1
by_callsite (caller PC; symbolize with addr2line):
   0 caller=0x759fa2480c8a calls=9196 total_ms=12776.154 avg_us=1389.316 max_us=140269
   1 caller=0x759fa24800b8 calls=7496 total_ms=2.999 avg_us=0.400 max_us=25
   2 caller=0x759fa2480098 calls=2776 total_ms=2.415 avg_us=0.870 max_us=21
   3 caller=0x759fa24800d5 calls=2776 total_ms=1.131 avg_us=0.407 max_us=15
   4 caller=0x759fa247f28a calls=556 total_ms=1.094 avg_us=1.968 max_us=11
direct_cudaStreamSynchronize: calls=10065 total_ms=47.134 max_us=2583
by_direct_callsite (file:line):
   0 /opt/llama.cpp/ggml/src/ggml-cuda/ggml-cuda.cu:839 calls=9712 total_ms=40.600 avg_us=4.180 max_us=356
   1 /opt/llama.cpp/ggml/src/ggml-cuda/ggml-cuda.cu:900 calls=12 total_ms=5.894 avg_us=491.167 max_us=2583
   2 /opt/llama.cpp/ggml/src/ggml-cuda/ggml-cuda.cu:2665 calls=191 total_ms=0.394 avg_us=2.063 max_us=11
   3 /opt/llama.cpp/ggml/src/ggml-cuda/ggml-cuda.cu:847 calls=150 total_ms=0.246 avg_us=1.640 max_us=21
=== END CUDA SYNC PROFILE ===

=== CUDA SYNC PROFILE (instrumentation only) ===
total_syncs = 22885
total_wait_ms = 12822.456
max_wait_us = 140269
sites = 5
wait_hist_us = logarithmic buckets
  hist[0] = 20902
  hist[1] = 1047
  hist[2] = 57
  hist[3] = 29
  hist[4] = 17
  hist[5] = 1
  hist[9] = 158
  hist[10] = 317
  hist[11] = 79
  hist[14] = 98
  hist[15] = 155
  hist[16] = 24
  hist[17] = 1
by_callsite (caller PC; symbolize with addr2line):
   0 caller=0x759fa2480c8a calls=9233 total_ms=12814.797 avg_us=1387.934 max_us=140269
   1 caller=0x759fa24800b8 calls=7522 total_ms=3.006 avg_us=0.400 max_us=25
   2 caller=0x759fa2480098 calls=2786 total_ms=2.423 avg_us=0.870 max_us=21
   3 caller=0x759fa24800d5 calls=2786 total_ms=1.133 avg_us=0.407 max_us=15
   4 caller=0x759fa247f28a calls=558 total_ms=1.097 avg_us=1.966 max_us=11
direct_cudaStreamSynchronize: calls=10100 total_ms=47.273 max_us=2583
by_direct_callsite (file:line):
   0 /opt/llama.cpp/ggml/src/ggml-cuda/ggml-cuda.cu:839 calls=9747 total_ms=40.739 avg_us=4.180 max_us=356
   1 /opt/llama.cpp/ggml/src/ggml-cuda/ggml-cuda.cu:900 calls=12 total_ms=5.894 avg_us=491.167 max_us=2583
   2 /opt/llama.cpp/ggml/src/ggml-cuda/ggml-cuda.cu:2665 calls=191 total_ms=0.394 avg_us=2.063 max_us=11
   3 /opt/llama.cpp/ggml/src/ggml-cuda/ggml-cuda.cu:847 calls=150 total_ms=0.246 avg_us=1.640 max_us=21
=== END CUDA SYNC PROFILE ===
backend-sync-trace: count=22900 backend=CUDA0 caller=ggml_backend_sched_graph_compute_async_ext+0xcb8

=== CUDA SYNC PROFILE (instrumentation only) ===
total_syncs = 22900
total_wait_ms = 12824.263
max_wait_us = 140269
sites = 5
wait_hist_us = logarithmic buckets
  hist[0] = 20916
  hist[1] = 1047
  hist[2] = 57
  hist[3] = 29
  hist[4] = 17
  hist[5] = 1
  hist[9] = 158
  hist[10] = 318
  hist[11] = 79
  hist[14] = 98
  hist[15] = 155
  hist[16] = 24
  hist[17] = 1
by_callsite (caller PC; symbolize with addr2line):
   0 caller=0x759fa2480c8a calls=9240 total_ms=12816.601 avg_us=1387.078 max_us=140269
   1 caller=0x759fa24800b8 calls=7526 total_ms=3.008 avg_us=0.400 max_us=25
   2 caller=0x759fa2480098 calls=2788 total_ms=2.424 avg_us=0.869 max_us=21
   3 caller=0x759fa24800d5 calls=2788 total_ms=1.133 avg_us=0.406 max_us=15
   4 caller=0x759fa247f28a calls=558 total_ms=1.097 avg_us=1.966 max_us=11
direct_cudaStreamSynchronize: calls=10105 total_ms=47.288 max_us=2583
by_direct_callsite (file:line):
   0 /opt/llama.cpp/ggml/src/ggml-cuda/ggml-cuda.cu:839 calls=9752 total_ms=40.754 avg_us=4.179 max_us=356
   1 /opt/llama.cpp/ggml/src/ggml-cuda/ggml-cuda.cu:900 calls=12 total_ms=5.894 avg_us=491.167 max_us=2583
   2 /opt/llama.cpp/ggml/src/ggml-cuda/ggml-cuda.cu:2665 calls=191 total_ms=0.394 avg_us=2.063 max_us=11
   3 /opt/llama.cpp/ggml/src/ggml-cuda/ggml-cuda.cu:847 calls=150 total_ms=0.246 avg_us=1.640 max_us=21
=== END CUDA SYNC PROFILE ===
backend-sync-trace: count=23000 backend=CUDA0 caller=ggml_backend_sched_graph_compute_async_ext+0xc98

=== CUDA SYNC PROFILE (instrumentation only) ===
total_syncs = 23000
total_wait_ms = 12862.971
max_wait_us = 140269
sites = 5
wait_hist_us = logarithmic buckets
  hist[0] = 21008
  hist[1] = 1051
  hist[2] = 57
  hist[3] = 29
  hist[4] = 17
  hist[5] = 1
  hist[9] = 159
  hist[10] = 320
  hist[11] = 79
  hist[14] = 98
  hist[15] = 156
  hist[16] = 24
  hist[17] = 1
by_callsite (caller PC; symbolize with addr2line):
   0 caller=0x759fa2480c8a calls=9284 total_ms=12855.281 avg_us=1384.671 max_us=140269
   1 caller=0x759fa24800b8 calls=7555 total_ms=3.020 avg_us=0.400 max_us=25
   2 caller=0x759fa2480098 calls=2801 total_ms=2.433 avg_us=0.869 max_us=21
   3 caller=0x759fa24800d5 calls=2800 total_ms=1.136 avg_us=0.406 max_us=15
   4 caller=0x759fa247f28a calls=560 total_ms=1.101 avg_us=1.966 max_us=11
direct_cudaStreamSynchronize: calls=10145 total_ms=47.445 max_us=2583
by_direct_callsite (file:line):
   0 /opt/llama.cpp/ggml/src/ggml-cuda/ggml-cuda.cu:839 calls=9792 total_ms=40.911 avg_us=4.178 max_us=356
   1 /opt/llama.cpp/ggml/src/ggml-cuda/ggml-cuda.cu:900 calls=12 total_ms=5.894 avg_us=491.167 max_us=2583
   2 /opt/llama.cpp/ggml/src/ggml-cuda/ggml-cuda.cu:2665 calls=191 total_ms=0.394 avg_us=2.063 max_us=11
   3 /opt/llama.cpp/ggml/src/ggml-cuda/ggml-cuda.cu:847 calls=150 total_ms=0.246 avg_us=1.640 max_us=21
=== END CUDA SYNC PROFILE ===
backend-sync-trace: count=23100 backend=CUDA0 caller=ggml_backend_sched_synchronize+0x3a

=== CUDA SYNC PROFILE (instrumentation only) ===
total_syncs = 23100
total_wait_ms = 12973.404
max_wait_us = 140269
sites = 5
wait_hist_us = logarithmic buckets
  hist[0] = 21102
  hist[1] = 1053
  hist[2] = 57
  hist[3] = 29
  hist[4] = 17
  hist[5] = 1
  hist[9] = 159
  hist[10] = 321
  hist[11] = 80
  hist[14] = 99
  hist[15] = 156
  hist[16] = 25
  hist[17] = 1
by_callsite (caller PC; symbolize with addr2line):
   0 caller=0x759fa2480c8a calls=9317 total_ms=12965.684 avg_us=1391.616 max_us=140269
   1 caller=0x759fa24800b8 calls=7597 total_ms=3.036 avg_us=0.400 max_us=25
   2 caller=0x759fa2480098 calls=2812 total_ms=2.440 avg_us=0.868 max_us=21
   3 caller=0x759fa24800d5 calls=2812 total_ms=1.140 avg_us=0.405 max_us=15
   4 caller=0x759fa247f28a calls=562 total_ms=1.104 avg_us=1.964 max_us=11
direct_cudaStreamSynchronize: calls=10196 total_ms=47.654 max_us=2583
by_direct_callsite (file:line):
   0 /opt/llama.cpp/ggml/src/ggml-cuda/ggml-cuda.cu:839 calls=9843 total_ms=41.120 avg_us=4.178 max_us=356
   1 /opt/llama.cpp/ggml/src/ggml-cuda/ggml-cuda.cu:900 calls=12 total_ms=5.894 avg_us=491.167 max_us=2583
   2 /opt/llama.cpp/ggml/src/ggml-cuda/ggml-cuda.cu:2665 calls=191 total_ms=0.394 avg_us=2.063 max_us=11
   3 /opt/llama.cpp/ggml/src/ggml-cuda/ggml-cuda.cu:847 calls=150 total_ms=0.246 avg_us=1.640 max_us=21
=== END CUDA SYNC PROFILE ===

=== CUDA SYNC PROFILE (instrumentation only) ===
total_syncs = 23107
total_wait_ms = 12973.406
max_wait_us = 140269
sites = 5
wait_hist_us = logarithmic buckets
  hist[0] = 21109
  hist[1] = 1053
  hist[2] = 57
  hist[3] = 29
  hist[4] = 17
  hist[5] = 1
  hist[9] = 159
  hist[10] = 321
  hist[11] = 80
  hist[14] = 99
  hist[15] = 156
  hist[16] = 25
  hist[17] = 1
by_callsite (caller PC; symbolize with addr2line):
   0 caller=0x759fa2480c8a calls=9317 total_ms=12965.684 avg_us=1391.616 max_us=140269
   1 caller=0x759fa24800b8 calls=7599 total_ms=3.037 avg_us=0.400 max_us=25
   2 caller=0x759fa2480098 calls=2814 total_ms=2.440 avg_us=0.867 max_us=21
   3 caller=0x759fa24800d5 calls=2814 total_ms=1.140 avg_us=0.405 max_us=15
   4 caller=0x759fa247f28a calls=563 total_ms=1.105 avg_us=1.963 max_us=11
direct_cudaStreamSynchronize: calls=10200 total_ms=47.677 max_us=2583
by_direct_callsite (file:line):
   0 /opt/llama.cpp/ggml/src/ggml-cuda/ggml-cuda.cu:839 calls=9847 total_ms=41.143 avg_us=4.178 max_us=356
   1 /opt/llama.cpp/ggml/src/ggml-cuda/ggml-cuda.cu:900 calls=12 total_ms=5.894 avg_us=491.167 max_us=2583
   2 /opt/llama.cpp/ggml/src/ggml-cuda/ggml-cuda.cu:2665 calls=191 total_ms=0.394 avg_us=2.063 max_us=11
   3 /opt/llama.cpp/ggml/src/ggml-cuda/ggml-cuda.cu:847 calls=150 total_ms=0.246 avg_us=1.640 max_us=21
=== END CUDA SYNC PROFILE ===
backend-sync-trace: count=23200 backend=CUDA0 caller=ggml_backend_sched_synchronize+0x3a

=== CUDA SYNC PROFILE (instrumentation only) ===
total_syncs = 23200
total_wait_ms = 13051.498
max_wait_us = 140269
sites = 5
wait_hist_us = logarithmic buckets
  hist[0] = 21197
  hist[1] = 1055
  hist[2] = 57
  hist[3] = 29
  hist[4] = 17
  hist[5] = 1
  hist[9] = 159
  hist[10] = 321
  hist[11] = 82
  hist[14] = 99
  hist[15] = 156
  hist[16] = 26
  hist[17] = 1
by_callsite (caller PC; symbolize with addr2line):
   0 caller=0x759fa2480c8a calls=9359 total_ms=13043.754 avg_us=1393.712 max_us=140269
   1 caller=0x759fa24800b8 calls=7628 total_ms=3.047 avg_us=0.399 max_us=25
   2 caller=0x759fa2480098 calls=2824 total_ms=2.446 avg_us=0.866 max_us=21
   3 caller=0x759fa24800d5 calls=2824 total_ms=1.143 avg_us=0.405 max_us=15
   4 caller=0x759fa247f28a calls=565 total_ms=1.108 avg_us=1.961 max_us=11
direct_cudaStreamSynchronize: calls=10236 total_ms=47.819 max_us=2583
by_direct_callsite (file:line):
   0 /opt/llama.cpp/ggml/src/ggml-cuda/ggml-cuda.cu:839 calls=9883 total_ms=41.285 avg_us=4.177 max_us=356
   1 /opt/llama.cpp/ggml/src/ggml-cuda/ggml-cuda.cu:900 calls=12 total_ms=5.894 avg_us=491.167 max_us=2583
   2 /opt/llama.cpp/ggml/src/ggml-cuda/ggml-cuda.cu:2665 calls=191 total_ms=0.394 avg_us=2.063 max_us=11
   3 /opt/llama.cpp/ggml/src/ggml-cuda/ggml-cuda.cu:847 calls=150 total_ms=0.246 avg_us=1.640 max_us=21
=== END CUDA SYNC PROFILE ===
backend-sync-trace: count=23300 backend=CUDA0 caller=ggml_backend_sched_synchronize+0x3a

=== CUDA SYNC PROFILE (instrumentation only) ===
total_syncs = 23300
total_wait_ms = 13092.707
max_wait_us = 140269
sites = 5
wait_hist_us = logarithmic buckets
  hist[0] = 21289
  hist[1] = 1059
  hist[2] = 57
  hist[3] = 29
  hist[4] = 17
  hist[5] = 1
  hist[9] = 161
  hist[10] = 322
  hist[11] = 82
  hist[14] = 99
  hist[15] = 157
  hist[16] = 26
  hist[17] = 1
by_callsite (caller PC; symbolize with addr2line):
   0 caller=0x759fa2480c8a calls=9401 total_ms=13084.935 avg_us=1391.866 max_us=140269
   1 caller=0x759fa24800b8 calls=7659 total_ms=3.056 avg_us=0.399 max_us=25
   2 caller=0x759fa2480098 calls=2836 total_ms=2.453 avg_us=0.865 max_us=21
   3 caller=0x759fa24800d5 calls=2836 total_ms=1.149 avg_us=0.405 max_us=15
   4 caller=0x759fa247f28a calls=568 total_ms=1.114 avg_us=1.961 max_us=11
direct_cudaStreamSynchronize: calls=10277 total_ms=47.980 max_us=2583
by_direct_callsite (file:line):
   0 /opt/llama.cpp/ggml/src/ggml-cuda/ggml-cuda.cu:839 calls=9924 total_ms=41.446 avg_us=4.176 max_us=356
   1 /opt/llama.cpp/ggml/src/ggml-cuda/ggml-cuda.cu:900 calls=12 total_ms=5.894 avg_us=491.167 max_us=2583
   2 /opt/llama.cpp/ggml/src/ggml-cuda/ggml-cuda.cu:2665 calls=191 total_ms=0.394 avg_us=2.063 max_us=11
   3 /opt/llama.cpp/ggml/src/ggml-cuda/ggml-cuda.cu:847 calls=150 total_ms=0.246 avg_us=1.640 max_us=21
=== END CUDA SYNC PROFILE ===

=== CUDA SYNC PROFILE (instrumentation only) ===
total_syncs = 23343
total_wait_ms = 13094.587
max_wait_us = 140269
sites = 5
wait_hist_us = logarithmic buckets
  hist[0] = 21330
  hist[1] = 1060
  hist[2] = 57
  hist[3] = 29
  hist[4] = 17
  hist[5] = 1
  hist[9] = 161
  hist[10] = 323
  hist[11] = 82
  hist[14] = 99
  hist[15] = 157
  hist[16] = 26
  hist[17] = 1
by_callsite (caller PC; symbolize with addr2line):
   0 caller=0x759fa2480c8a calls=9414 total_ms=13086.800 avg_us=1390.142 max_us=140269
   1 caller=0x759fa24800b8 calls=7677 total_ms=3.063 avg_us=0.399 max_us=25
   2 caller=0x759fa2480098 calls=2842 total_ms=2.458 avg_us=0.865 max_us=21
   3 caller=0x759fa24800d5 calls=2842 total_ms=1.152 avg_us=0.405 max_us=15
   4 caller=0x759fa247f28a calls=568 total_ms=1.114 avg_us=1.961 max_us=11
direct_cudaStreamSynchronize: calls=10300 total_ms=48.072 max_us=2583
by_direct_callsite (file:line):
   0 /opt/llama.cpp/ggml/src/ggml-cuda/ggml-cuda.cu:839 calls=9947 total_ms=41.538 avg_us=4.176 max_us=356
   1 /opt/llama.cpp/ggml/src/ggml-cuda/ggml-cuda.cu:900 calls=12 total_ms=5.894 avg_us=491.167 max_us=2583
   2 /opt/llama.cpp/ggml/src/ggml-cuda/ggml-cuda.cu:2665 calls=191 total_ms=0.394 avg_us=2.063 max_us=11
   3 /opt/llama.cpp/ggml/src/ggml-cuda/ggml-cuda.cu:847 calls=150 total_ms=0.246 avg_us=1.640 max_us=21
=== END CUDA SYNC PROFILE ===
backend-sync-trace: count=23400 backend=CUDA0 caller=ggml_backend_sched_graph_compute_async_ext+0xc98

=== CUDA SYNC PROFILE (instrumentation only) ===
total_syncs = 23400
total_wait_ms = 13144.622
max_wait_us = 140269
sites = 5
wait_hist_us = logarithmic buckets
  hist[0] = 21380
  hist[1] = 1064
  hist[2] = 57
  hist[3] = 29
  hist[4] = 17
  hist[5] = 1
  hist[9] = 161
  hist[10] = 325
  hist[11] = 82
  hist[14] = 99
  hist[15] = 158
  hist[16] = 26
  hist[17] = 1
by_callsite (caller PC; symbolize with addr2line):
   0 caller=0x759fa2480c8a calls=9439 total_ms=13136.814 avg_us=1391.759 max_us=140269
   1 caller=0x759fa24800b8 calls=7690 total_ms=3.068 avg_us=0.399 max_us=25
   2 caller=0x759fa2480098 calls=2851 total_ms=2.466 avg_us=0.865 max_us=21
   3 caller=0x759fa24800d5 calls=2850 total_ms=1.156 avg_us=0.406 max_us=15
   4 caller=0x759fa247f28a calls=570 total_ms=1.118 avg_us=1.961 max_us=11
direct_cudaStreamSynchronize: calls=10320 total_ms=48.148 max_us=2583
by_direct_callsite (file:line):
   0 /opt/llama.cpp/ggml/src/ggml-cuda/ggml-cuda.cu:839 calls=9967 total_ms=41.614 avg_us=4.175 max_us=356
   1 /opt/llama.cpp/ggml/src/ggml-cuda/ggml-cuda.cu:900 calls=12 total_ms=5.894 avg_us=491.167 max_us=2583
   2 /opt/llama.cpp/ggml/src/ggml-cuda/ggml-cuda.cu:2665 calls=191 total_ms=0.394 avg_us=2.063 max_us=11
   3 /opt/llama.cpp/ggml/src/ggml-cuda/ggml-cuda.cu:847 calls=150 total_ms=0.246 avg_us=1.640 max_us=21
=== END CUDA SYNC PROFILE ===
backend-sync-trace: count=23500 backend=CUDA0 caller=ggml_backend_sched_graph_compute_async_ext+0xcb8

=== CUDA SYNC PROFILE (instrumentation only) ===
total_syncs = 23500
total_wait_ms = 13211.329
max_wait_us = 140269
sites = 5
wait_hist_us = logarithmic buckets
  hist[0] = 21473
  hist[1] = 1067
  hist[2] = 57
  hist[3] = 29
  hist[4] = 17
  hist[5] = 1
  hist[9] = 161
  hist[10] = 327
  hist[11] = 82
  hist[14] = 101
  hist[15] = 158
  hist[16] = 26
  hist[17] = 1
by_callsite (caller PC; symbolize with addr2line):
   0 caller=0x759fa2480c8a calls=9466 total_ms=13203.481 avg_us=1394.832 max_us=140269
   1 caller=0x759fa24800b8 calls=7733 total_ms=3.087 avg_us=0.399 max_us=25
   2 caller=0x759fa2480098 calls=2864 total_ms=2.474 avg_us=0.864 max_us=21
   3 caller=0x759fa24800d5 calls=2864 total_ms=1.164 avg_us=0.406 max_us=15
   4 caller=0x759fa247f28a calls=573 total_ms=1.123 avg_us=1.960 max_us=11
direct_cudaStreamSynchronize: calls=10373 total_ms=48.373 max_us=2583
by_direct_callsite (file:line):
   0 /opt/llama.cpp/ggml/src/ggml-cuda/ggml-cuda.cu:839 calls=10020 total_ms=41.839 avg_us=4.176 max_us=356
   1 /opt/llama.cpp/ggml/src/ggml-cuda/ggml-cuda.cu:900 calls=12 total_ms=5.894 avg_us=491.167 max_us=2583
   2 /opt/llama.cpp/ggml/src/ggml-cuda/ggml-cuda.cu:2665 calls=191 total_ms=0.394 avg_us=2.063 max_us=11
   3 /opt/llama.cpp/ggml/src/ggml-cuda/ggml-cuda.cu:847 calls=150 total_ms=0.246 avg_us=1.640 max_us=21
=== END CUDA SYNC PROFILE ===

=== CUDA SYNC PROFILE (instrumentation only) ===
total_syncs = 23572
total_wait_ms = 13213.505
max_wait_us = 140269
sites = 5
wait_hist_us = logarithmic buckets
  hist[0] = 21541
  hist[1] = 1069
  hist[2] = 57
  hist[3] = 29
  hist[4] = 17
  hist[5] = 1
  hist[9] = 162
  hist[10] = 328
  hist[11] = 82
  hist[14] = 101
  hist[15] = 158
  hist[16] = 26
  hist[17] = 1
by_callsite (caller PC; symbolize with addr2line):
   0 caller=0x759fa2480c8a calls=9501 total_ms=13205.640 avg_us=1389.921 max_us=140269
   1 caller=0x759fa24800b8 calls=7753 total_ms=3.095 avg_us=0.399 max_us=25
   2 caller=0x759fa2480098 calls=2872 total_ms=2.479 avg_us=0.863 max_us=21
   3 caller=0x759fa24800d5 calls=2872 total_ms=1.166 avg_us=0.406 max_us=15
   4 caller=0x759fa247f28a calls=574 total_ms=1.125 avg_us=1.960 max_us=11
direct_cudaStreamSynchronize: calls=10400 total_ms=48.482 max_us=2583
by_direct_callsite (file:line):
   0 /opt/llama.cpp/ggml/src/ggml-cuda/ggml-cuda.cu:839 calls=10047 total_ms=41.948 avg_us=4.175 max_us=356
   1 /opt/llama.cpp/ggml/src/ggml-cuda/ggml-cuda.cu:900 calls=12 total_ms=5.894 avg_us=491.167 max_us=2583
   2 /opt/llama.cpp/ggml/src/ggml-cuda/ggml-cuda.cu:2665 calls=191 total_ms=0.394 avg_us=2.063 max_us=11
   3 /opt/llama.cpp/ggml/src/ggml-cuda/ggml-cuda.cu:847 calls=150 total_ms=0.246 avg_us=1.640 max_us=21
=== END CUDA SYNC PROFILE ===
backend-sync-trace: count=23600 backend=CUDA0 caller=ggml_backend_sched_synchronize+0x3a

=== CUDA SYNC PROFILE (instrumentation only) ===
total_syncs = 23600
total_wait_ms = 13251.839
max_wait_us = 140269
sites = 5
wait_hist_us = logarithmic buckets
  hist[0] = 21567
  hist[1] = 1070
  hist[2] = 57
  hist[3] = 29
  hist[4] = 17
  hist[5] = 1
  hist[9] = 162
  hist[10] = 328
  hist[11] = 82
  hist[14] = 101
  hist[15] = 159
  hist[16] = 26
  hist[17] = 1
by_callsite (caller PC; symbolize with addr2line):
   0 caller=0x759fa2480c8a calls=9514 total_ms=13243.965 avg_us=1392.050 max_us=140269
   1 caller=0x759fa24800b8 calls=7763 total_ms=3.101 avg_us=0.399 max_us=25
   2 caller=0x759fa2480098 calls=2874 total_ms=2.480 avg_us=0.863 max_us=21
   3 caller=0x759fa24800d5 calls=2874 total_ms=1.166 avg_us=0.406 max_us=15
   4 caller=0x759fa247f28a calls=575 total_ms=1.127 avg_us=1.960 max_us=11
direct_cudaStreamSynchronize: calls=10411 total_ms=48.524 max_us=2583
by_direct_callsite (file:line):
   0 /opt/llama.cpp/ggml/src/ggml-cuda/ggml-cuda.cu:839 calls=10058 total_ms=41.990 avg_us=4.175 max_us=356
   1 /opt/llama.cpp/ggml/src/ggml-cuda/ggml-cuda.cu:900 calls=12 total_ms=5.894 avg_us=491.167 max_us=2583
   2 /opt/llama.cpp/ggml/src/ggml-cuda/ggml-cuda.cu:2665 calls=191 total_ms=0.394 avg_us=2.063 max_us=11
   3 /opt/llama.cpp/ggml/src/ggml-cuda/ggml-cuda.cu:847 calls=150 total_ms=0.246 avg_us=1.640 max_us=21
=== END CUDA SYNC PROFILE ===
backend-sync-trace: count=23700 backend=CUDA0 caller=ggml_backend_sched_synchronize+0x3a

=== CUDA SYNC PROFILE (instrumentation only) ===
total_syncs = 23700
total_wait_ms = 13287.293
max_wait_us = 140269
sites = 5
wait_hist_us = logarithmic buckets
  hist[0] = 21660
  hist[1] = 1073
  hist[2] = 57
  hist[3] = 29
  hist[4] = 17
  hist[5] = 1
  hist[9] = 162
  hist[10] = 331
  hist[11] = 82
  hist[14] = 102
  hist[15] = 159
  hist[16] = 26
  hist[17] = 1
by_callsite (caller PC; symbolize with addr2line):
   0 caller=0x759fa2480c8a calls=9556 total_ms=13279.386 avg_us=1389.639 max_us=140269
   1 caller=0x759fa24800b8 calls=7794 total_ms=3.115 avg_us=0.400 max_us=25
   2 caller=0x759fa2480098 calls=2886 total_ms=2.487 avg_us=0.862 max_us=21
   3 caller=0x759fa24800d5 calls=2886 total_ms=1.173 avg_us=0.406 max_us=15
   4 caller=0x759fa247f28a calls=578 total_ms=1.132 avg_us=1.958 max_us=11
direct_cudaStreamSynchronize: calls=10452 total_ms=48.686 max_us=2583
by_direct_callsite (file:line):
   0 /opt/llama.cpp/ggml/src/ggml-cuda/ggml-cuda.cu:839 calls=10099 total_ms=42.152 avg_us=4.174 max_us=356
   1 /opt/llama.cpp/ggml/src/ggml-cuda/ggml-cuda.cu:900 calls=12 total_ms=5.894 avg_us=491.167 max_us=2583
   2 /opt/llama.cpp/ggml/src/ggml-cuda/ggml-cuda.cu:2665 calls=191 total_ms=0.394 avg_us=2.063 max_us=11
   3 /opt/llama.cpp/ggml/src/ggml-cuda/ggml-cuda.cu:847 calls=150 total_ms=0.246 avg_us=1.640 max_us=21
=== END CUDA SYNC PROFILE ===
backend-sync-trace: count=23800 backend=CUDA0 caller=ggml_backend_sched_synchronize+0x3a

=== CUDA SYNC PROFILE (instrumentation only) ===
total_syncs = 23800
total_wait_ms = 13330.653
max_wait_us = 140269
sites = 5
wait_hist_us = logarithmic buckets
  hist[0] = 21753
  hist[1] = 1076
  hist[2] = 57
  hist[3] = 29
  hist[4] = 17
  hist[5] = 1
  hist[9] = 163
  hist[10] = 333
  hist[11] = 82
  hist[14] = 102
  hist[15] = 160
  hist[16] = 26
  hist[17] = 1
by_callsite (caller PC; symbolize with addr2line):
   0 caller=0x759fa2480c8a calls=9599 total_ms=13322.714 avg_us=1387.927 max_us=140269
   1 caller=0x759fa24800b8 calls=7825 total_ms=3.129 avg_us=0.400 max_us=25
   2 caller=0x759fa2480098 calls=2898 total_ms=2.498 avg_us=0.862 max_us=21
   3 caller=0x759fa24800d5 calls=2898 total_ms=1.177 avg_us=0.406 max_us=15
   4 caller=0x759fa247f28a calls=580 total_ms=1.135 avg_us=1.957 max_us=11
direct_cudaStreamSynchronize: calls=10493 total_ms=48.842 max_us=2583
by_direct_callsite (file:line):
   0 /opt/llama.cpp/ggml/src/ggml-cuda/ggml-cuda.cu:839 calls=10140 total_ms=42.308 avg_us=4.172 max_us=356
   1 /opt/llama.cpp/ggml/src/ggml-cuda/ggml-cuda.cu:900 calls=12 total_ms=5.894 avg_us=491.167 max_us=2583
   2 /opt/llama.cpp/ggml/src/ggml-cuda/ggml-cuda.cu:2665 calls=191 total_ms=0.394 avg_us=2.063 max_us=11
   3 /opt/llama.cpp/ggml/src/ggml-cuda/ggml-cuda.cu:847 calls=150 total_ms=0.246 avg_us=1.640 max_us=21
=== END CUDA SYNC PROFILE ===

=== CUDA SYNC PROFILE (instrumentation only) ===
total_syncs = 23813
total_wait_ms = 13330.661
max_wait_us = 140269
sites = 5
wait_hist_us = logarithmic buckets
  hist[0] = 21765
  hist[1] = 1076
  hist[2] = 58
  hist[3] = 29
  hist[4] = 17
  hist[5] = 1
  hist[9] = 163
  hist[10] = 333
  hist[11] = 82
  hist[14] = 102
  hist[15] = 160
  hist[16] = 26
  hist[17] = 1
by_callsite (caller PC; symbolize with addr2line):
   0 caller=0x759fa2480c8a calls=9600 total_ms=13322.714 avg_us=1387.783 max_us=140269
   1 caller=0x759fa24800b8 calls=7829 total_ms=3.130 avg_us=0.400 max_us=25
   2 caller=0x759fa2480098 calls=2902 total_ms=2.503 avg_us=0.863 max_us=21
   3 caller=0x759fa24800d5 calls=2902 total_ms=1.179 avg_us=0.406 max_us=15
   4 caller=0x759fa247f28a calls=580 total_ms=1.135 avg_us=1.957 max_us=11
direct_cudaStreamSynchronize: calls=10500 total_ms=48.889 max_us=2583
by_direct_callsite (file:line):
   0 /opt/llama.cpp/ggml/src/ggml-cuda/ggml-cuda.cu:839 calls=10147 total_ms=42.355 avg_us=4.174 max_us=356
   1 /opt/llama.cpp/ggml/src/ggml-cuda/ggml-cuda.cu:900 calls=12 total_ms=5.894 avg_us=491.167 max_us=2583
   2 /opt/llama.cpp/ggml/src/ggml-cuda/ggml-cuda.cu:2665 calls=191 total_ms=0.394 avg_us=2.063 max_us=11
   3 /opt/llama.cpp/ggml/src/ggml-cuda/ggml-cuda.cu:847 calls=150 total_ms=0.246 avg_us=1.640 max_us=21
=== END CUDA SYNC PROFILE ===
backend-sync-trace: count=23900 backend=CUDA0 caller=ggml_backend_sched_graph_compute_async_ext+0xcb8

=== CUDA SYNC PROFILE (instrumentation only) ===
total_syncs = 23900
total_wait_ms = 13359.916
max_wait_us = 140269
sites = 5
wait_hist_us = logarithmic buckets
  hist[0] = 21846
  hist[1] = 1079
  hist[2] = 58
  hist[3] = 29
  hist[4] = 17
  hist[5] = 1
  hist[9] = 164
  hist[10] = 334
  hist[11] = 82
  hist[14] = 103
  hist[15] = 160
  hist[16] = 26
  hist[17] = 1
by_callsite (caller PC; symbolize with addr2line):
   0 caller=0x759fa2480c8a calls=9637 total_ms=13351.940 avg_us=1385.487 max_us=140269
   1 caller=0x759fa24800b8 calls=7857 total_ms=3.140 avg_us=0.400 max_us=25
   2 caller=0x759fa2480098 calls=2912 total_ms=2.512 avg_us=0.863 max_us=21
   3 caller=0x759fa24800d5 calls=2912 total_ms=1.185 avg_us=0.407 max_us=15
   4 caller=0x759fa247f28a calls=582 total_ms=1.139 avg_us=1.957 max_us=11
direct_cudaStreamSynchronize: calls=10535 total_ms=49.042 max_us=2583
by_direct_callsite (file:line):
   0 /opt/llama.cpp/ggml/src/ggml-cuda/ggml-cuda.cu:839 calls=10182 total_ms=42.508 avg_us=4.175 max_us=356
   1 /opt/llama.cpp/ggml/src/ggml-cuda/ggml-cuda.cu:900 calls=12 total_ms=5.894 avg_us=491.167 max_us=2583
   2 /opt/llama.cpp/ggml/src/ggml-cuda/ggml-cuda.cu:2665 calls=191 total_ms=0.394 avg_us=2.063 max_us=11
   3 /opt/llama.cpp/ggml/src/ggml-cuda/ggml-cuda.cu:847 calls=150 total_ms=0.246 avg_us=1.640 max_us=21
=== END CUDA SYNC PROFILE ===
backend-sync-trace: count=24000 backend=CUDA0 caller=ggml_backend_sched_graph_compute_async_ext+0xc98

=== CUDA SYNC PROFILE (instrumentation only) ===
total_syncs = 24000
total_wait_ms = 13443.281
max_wait_us = 140269
sites = 5
wait_hist_us = logarithmic buckets
  hist[0] = 21939
  hist[1] = 1082
  hist[2] = 58
  hist[3] = 29
  hist[4] = 17
  hist[5] = 1
  hist[9] = 164
  hist[10] = 336
  hist[11] = 82
  hist[14] = 103
  hist[15] = 162
  hist[16] = 26
  hist[17] = 1
by_callsite (caller PC; symbolize with addr2line):
   0 caller=0x759fa2480c8a calls=9676 total_ms=13435.271 avg_us=1388.515 max_us=140269
   1 caller=0x759fa24800b8 calls=7894 total_ms=3.155 avg_us=0.400 max_us=25
   2 caller=0x759fa2480098 calls=2923 total_ms=2.521 avg_us=0.862 max_us=21
   3 caller=0x759fa24800d5 calls=2922 total_ms=1.190 avg_us=0.407 max_us=15
   4 caller=0x759fa247f28a calls=585 total_ms=1.144 avg_us=1.956 max_us=11
direct_cudaStreamSynchronize: calls=10581 total_ms=49.209 max_us=2583
by_direct_callsite (file:line):
   0 /opt/llama.cpp/ggml/src/ggml-cuda/ggml-cuda.cu:839 calls=10228 total_ms=42.675 avg_us=4.172 max_us=356
   1 /opt/llama.cpp/ggml/src/ggml-cuda/ggml-cuda.cu:900 calls=12 total_ms=5.894 avg_us=491.167 max_us=2583
   2 /opt/llama.cpp/ggml/src/ggml-cuda/ggml-cuda.cu:2665 calls=191 total_ms=0.394 avg_us=2.063 max_us=11
   3 /opt/llama.cpp/ggml/src/ggml-cuda/ggml-cuda.cu:847 calls=150 total_ms=0.246 avg_us=1.640 max_us=21
=== END CUDA SYNC PROFILE ===

=== CUDA SYNC PROFILE (instrumentation only) ===
total_syncs = 24063
total_wait_ms = 13446.287
max_wait_us = 140269
sites = 5
wait_hist_us = logarithmic buckets
  hist[0] = 21998
  hist[1] = 1084
  hist[2] = 58
  hist[3] = 29
  hist[4] = 17
  hist[5] = 1
  hist[9] = 164
  hist[10] = 338
  hist[11] = 82
  hist[14] = 103
  hist[15] = 162
  hist[16] = 26
  hist[17] = 1
by_callsite (caller PC; symbolize with addr2line):
   0 caller=0x759fa2480c8a calls=9711 total_ms=13438.259 avg_us=1383.818 max_us=140269
   1 caller=0x759fa24800b8 calls=7906 total_ms=3.160 avg_us=0.400 max_us=25
   2 caller=0x759fa2480098 calls=2930 total_ms=2.529 avg_us=0.863 max_us=21
   3 caller=0x759fa24800d5 calls=2930 total_ms=1.193 avg_us=0.407 max_us=15
   4 caller=0x759fa247f28a calls=586 total_ms=1.146 avg_us=1.956 max_us=11
direct_cudaStreamSynchronize: calls=10600 total_ms=49.281 max_us=2583
by_direct_callsite (file:line):
   0 /opt/llama.cpp/ggml/src/ggml-cuda/ggml-cuda.cu:839 calls=10247 total_ms=42.747 avg_us=4.172 max_us=356
   1 /opt/llama.cpp/ggml/src/ggml-cuda/ggml-cuda.cu:900 calls=12 total_ms=5.894 avg_us=491.167 max_us=2583
   2 /opt/llama.cpp/ggml/src/ggml-cuda/ggml-cuda.cu:2665 calls=191 total_ms=0.394 avg_us=2.063 max_us=11
   3 /opt/llama.cpp/ggml/src/ggml-cuda/ggml-cuda.cu:847 calls=150 total_ms=0.246 avg_us=1.640 max_us=21
=== END CUDA SYNC PROFILE ===
backend-sync-trace: count=24100 backend=CUDA0 caller=ggml_backend_sched_synchronize+0x3a

=== CUDA SYNC PROFILE (instrumentation only) ===
total_syncs = 24100
total_wait_ms = 13484.661
max_wait_us = 140269
sites = 5
wait_hist_us = logarithmic buckets
  hist[0] = 22032
  hist[1] = 1086
  hist[2] = 58
  hist[3] = 29
  hist[4] = 17
  hist[5] = 1
  hist[9] = 164
  hist[10] = 338
  hist[11] = 82
  hist[14] = 103
  hist[15] = 163
  hist[16] = 26
  hist[17] = 1
by_callsite (caller PC; symbolize with addr2line):
   0 caller=0x759fa2480c8a calls=9720 total_ms=13476.620 avg_us=1386.484 max_us=140269
   1 caller=0x759fa24800b8 calls=7925 total_ms=3.167 avg_us=0.400 max_us=25
   2 caller=0x759fa2480098 calls=2934 total_ms=2.532 avg_us=0.863 max_us=21
   3 caller=0x759fa24800d5 calls=2934 total_ms=1.194 avg_us=0.407 max_us=15
   4 caller=0x759fa247f28a calls=587 total_ms=1.148 avg_us=1.956 max_us=11
direct_cudaStreamSynchronize: calls=10621 total_ms=49.373 max_us=2583
by_direct_callsite (file:line):
   0 /opt/llama.cpp/ggml/src/ggml-cuda/ggml-cuda.cu:839 calls=10268 total_ms=42.839 avg_us=4.172 max_us=356
   1 /opt/llama.cpp/ggml/src/ggml-cuda/ggml-cuda.cu:900 calls=12 total_ms=5.894 avg_us=491.167 max_us=2583
   2 /opt/llama.cpp/ggml/src/ggml-cuda/ggml-cuda.cu:2665 calls=191 total_ms=0.394 avg_us=2.063 max_us=11
   3 /opt/llama.cpp/ggml/src/ggml-cuda/ggml-cuda.cu:847 calls=150 total_ms=0.246 avg_us=1.640 max_us=21
=== END CUDA SYNC PROFILE ===
backend-sync-trace: count=24200 backend=CUDA0 caller=ggml_backend_sched_graph_compute_async_ext+0xcd5

=== CUDA SYNC PROFILE (instrumentation only) ===
total_syncs = 24200
total_wait_ms = 13553.870
max_wait_us = 140269
sites = 5
wait_hist_us = logarithmic buckets
  hist[0] = 22124
  hist[1] = 1090
  hist[2] = 58
  hist[3] = 29
  hist[4] = 17
  hist[5] = 1
  hist[9] = 165
  hist[10] = 339
  hist[11] = 83
  hist[14] = 103
  hist[15] = 164
  hist[16] = 26
  hist[17] = 1
by_callsite (caller PC; symbolize with addr2line):
   0 caller=0x759fa2480c8a calls=9760 total_ms=13545.795 avg_us=1387.889 max_us=140269
   1 caller=0x759fa24800b8 calls=7956 total_ms=3.180 avg_us=0.400 max_us=25
   2 caller=0x759fa2480098 calls=2947 total_ms=2.540 avg_us=0.862 max_us=21
   3 caller=0x759fa24800d5 calls=2947 total_ms=1.201 avg_us=0.408 max_us=15
   4 caller=0x759fa247f28a calls=590 total_ms=1.154 avg_us=1.956 max_us=11
direct_cudaStreamSynchronize: calls=10662 total_ms=49.529 max_us=2583
by_direct_callsite (file:line):
   0 /opt/llama.cpp/ggml/src/ggml-cuda/ggml-cuda.cu:839 calls=10309 total_ms=42.995 avg_us=4.171 max_us=356
   1 /opt/llama.cpp/ggml/src/ggml-cuda/ggml-cuda.cu:900 calls=12 total_ms=5.894 avg_us=491.167 max_us=2583
   2 /opt/llama.cpp/ggml/src/ggml-cuda/ggml-cuda.cu:2665 calls=191 total_ms=0.394 avg_us=2.063 max_us=11
   3 /opt/llama.cpp/ggml/src/ggml-cuda/ggml-cuda.cu:847 calls=150 total_ms=0.246 avg_us=1.640 max_us=21
=== END CUDA SYNC PROFILE ===

=== CUDA SYNC PROFILE (instrumentation only) ===
total_syncs = 24277
total_wait_ms = 13587.462
max_wait_us = 140269
sites = 5
wait_hist_us = logarithmic buckets
  hist[0] = 22197
  hist[1] = 1091
  hist[2] = 58
  hist[3] = 29
  hist[4] = 17
  hist[5] = 1
  hist[9] = 166
  hist[10] = 340
  hist[11] = 83
  hist[14] = 104
  hist[15] = 164
  hist[16] = 26
  hist[17] = 1
by_callsite (caller PC; symbolize with addr2line):
   0 caller=0x759fa2480c8a calls=9785 total_ms=13579.362 avg_us=1387.773 max_us=140269
   1 caller=0x759fa24800b8 calls=7984 total_ms=3.191 avg_us=0.400 max_us=25
   2 caller=0x759fa2480098 calls=2958 total_ms=2.547 avg_us=0.861 max_us=21
   3 caller=0x759fa24800d5 calls=2958 total_ms=1.206 avg_us=0.408 max_us=15
   4 caller=0x759fa247f28a calls=592 total_ms=1.156 avg_us=1.953 max_us=11
direct_cudaStreamSynchronize: calls=10700 total_ms=49.709 max_us=2583
by_direct_callsite (file:line):
   0 /opt/llama.cpp/ggml/src/ggml-cuda/ggml-cuda.cu:839 calls=10347 total_ms=43.175 avg_us=4.173 max_us=356
   1 /opt/llama.cpp/ggml/src/ggml-cuda/ggml-cuda.cu:900 calls=12 total_ms=5.894 avg_us=491.167 max_us=2583
   2 /opt/llama.cpp/ggml/src/ggml-cuda/ggml-cuda.cu:2665 calls=191 total_ms=0.394 avg_us=2.063 max_us=11
   3 /opt/llama.cpp/ggml/src/ggml-cuda/ggml-cuda.cu:847 calls=150 total_ms=0.246 avg_us=1.640 max_us=21
=== END CUDA SYNC PROFILE ===
backend-sync-trace: count=24300 backend=CUDA0 caller=ggml_backend_sched_graph_compute_async_ext+0xcb8

=== CUDA SYNC PROFILE (instrumentation only) ===
total_syncs = 24300
total_wait_ms = 13589.662
max_wait_us = 140269
sites = 5
wait_hist_us = logarithmic buckets
  hist[0] = 22218
  hist[1] = 1092
  hist[2] = 58
  hist[3] = 29
  hist[4] = 17
  hist[5] = 1
  hist[9] = 166
  hist[10] = 340
  hist[11] = 84
  hist[14] = 104
  hist[15] = 164
  hist[16] = 26
  hist[17] = 1
by_callsite (caller PC; symbolize with addr2line):
   0 caller=0x759fa2480c8a calls=9792 total_ms=13581.552 avg_us=1387.005 max_us=140269
   1 caller=0x759fa24800b8 calls=7992 total_ms=3.197 avg_us=0.400 max_us=25
   2 caller=0x759fa2480098 calls=2962 total_ms=2.551 avg_us=0.861 max_us=21
   3 caller=0x759fa24800d5 calls=2962 total_ms=1.206 avg_us=0.407 max_us=15
   4 caller=0x759fa247f28a calls=592 total_ms=1.156 avg_us=1.953 max_us=11
direct_cudaStreamSynchronize: calls=10710 total_ms=49.759 max_us=2583
by_direct_callsite (file:line):
   0 /opt/llama.cpp/ggml/src/ggml-cuda/ggml-cuda.cu:839 calls=10357 total_ms=43.225 avg_us=4.174 max_us=356
   1 /opt/llama.cpp/ggml/src/ggml-cuda/ggml-cuda.cu:900 calls=12 total_ms=5.894 avg_us=491.167 max_us=2583
   2 /opt/llama.cpp/ggml/src/ggml-cuda/ggml-cuda.cu:2665 calls=191 total_ms=0.394 avg_us=2.063 max_us=11
   3 /opt/llama.cpp/ggml/src/ggml-cuda/ggml-cuda.cu:847 calls=150 total_ms=0.246 avg_us=1.640 max_us=21
=== END CUDA SYNC PROFILE ===
backend-sync-trace: count=24400 backend=CUDA0 caller=ggml_backend_sched_graph_compute_async_ext+0xc98

=== CUDA SYNC PROFILE (instrumentation only) ===
total_syncs = 24400
total_wait_ms = 13706.747
max_wait_us = 140269
sites = 5
wait_hist_us = logarithmic buckets
  hist[0] = 22308
  hist[1] = 1096
  hist[2] = 60
  hist[3] = 29
  hist[4] = 17
  hist[5] = 1
  hist[9] = 166
  hist[10] = 341
  hist[11] = 85
  hist[14] = 104
  hist[15] = 166
  hist[16] = 26
  hist[17] = 1
by_callsite (caller PC; symbolize with addr2line):
   0 caller=0x759fa2480c8a calls=9831 total_ms=13698.605 avg_us=1393.409 max_us=140269
   1 caller=0x759fa24800b8 calls=8029 total_ms=3.210 avg_us=0.400 max_us=25
   2 caller=0x759fa2480098 calls=2973 total_ms=2.560 avg_us=0.861 max_us=21
   3 caller=0x759fa24800d5 calls=2972 total_ms=1.210 avg_us=0.407 max_us=15
   4 caller=0x759fa247f28a calls=595 total_ms=1.162 avg_us=1.953 max_us=11
direct_cudaStreamSynchronize: calls=10756 total_ms=49.968 max_us=2583
by_direct_callsite (file:line):
   0 /opt/llama.cpp/ggml/src/ggml-cuda/ggml-cuda.cu:839 calls=10403 total_ms=43.434 avg_us=4.175 max_us=356
   1 /opt/llama.cpp/ggml/src/ggml-cuda/ggml-cuda.cu:900 calls=12 total_ms=5.894 avg_us=491.167 max_us=2583
   2 /opt/llama.cpp/ggml/src/ggml-cuda/ggml-cuda.cu:2665 calls=191 total_ms=0.394 avg_us=2.063 max_us=11
   3 /opt/llama.cpp/ggml/src/ggml-cuda/ggml-cuda.cu:847 calls=150 total_ms=0.246 avg_us=1.640 max_us=21
=== END CUDA SYNC PROFILE ===
backend-sync-trace: count=24500 backend=CUDA0 caller=ggml_backend_sched_synchronize+0x3a

=== CUDA SYNC PROFILE (instrumentation only) ===
total_syncs = 24500
total_wait_ms = 13758.440
max_wait_us = 140269
sites = 5
wait_hist_us = logarithmic buckets
  hist[0] = 22399
  hist[1] = 1100
  hist[2] = 62
  hist[3] = 29
  hist[4] = 17
  hist[5] = 1
  hist[9] = 166
  hist[10] = 342
  hist[11] = 86
  hist[14] = 104
  hist[15] = 167
  hist[16] = 26
  hist[17] = 1
by_callsite (caller PC; symbolize with addr2line):
   0 caller=0x759fa2480c8a calls=9875 total_ms=13750.262 avg_us=1392.432 max_us=140269
   1 caller=0x759fa24800b8 calls=8060 total_ms=3.226 avg_us=0.400 max_us=25
   2 caller=0x759fa2480098 calls=2984 total_ms=2.570 avg_us=0.861 max_us=21
   3 caller=0x759fa24800d5 calls=2984 total_ms=1.216 avg_us=0.408 max_us=15
   4 caller=0x759fa247f28a calls=597 total_ms=1.166 avg_us=1.953 max_us=11
direct_cudaStreamSynchronize: calls=10796 total_ms=50.143 max_us=2583
by_direct_callsite (file:line):
   0 /opt/llama.cpp/ggml/src/ggml-cuda/ggml-cuda.cu:839 calls=10443 total_ms=43.609 avg_us=4.176 max_us=356
   1 /opt/llama.cpp/ggml/src/ggml-cuda/ggml-cuda.cu:900 calls=12 total_ms=5.894 avg_us=491.167 max_us=2583
   2 /opt/llama.cpp/ggml/src/ggml-cuda/ggml-cuda.cu:2665 calls=191 total_ms=0.394 avg_us=2.063 max_us=11
   3 /opt/llama.cpp/ggml/src/ggml-cuda/ggml-cuda.cu:847 calls=150 total_ms=0.246 avg_us=1.640 max_us=21
=== END CUDA SYNC PROFILE ===

=== CUDA SYNC PROFILE (instrumentation only) ===
total_syncs = 24521
total_wait_ms = 13758.452
max_wait_us = 140269
sites = 5
wait_hist_us = logarithmic buckets
  hist[0] = 22419
  hist[1] = 1101
  hist[2] = 62
  hist[3] = 29
  hist[4] = 17
  hist[5] = 1
  hist[9] = 166
  hist[10] = 342
  hist[11] = 86
  hist[14] = 104
  hist[15] = 167
  hist[16] = 26
  hist[17] = 1
by_callsite (caller PC; symbolize with addr2line):
   0 caller=0x759fa2480c8a calls=9889 total_ms=13750.268 avg_us=1390.461 max_us=140269
   1 caller=0x759fa24800b8 calls=8062 total_ms=3.227 avg_us=0.400 max_us=25
   2 caller=0x759fa2480098 calls=2986 total_ms=2.572 avg_us=0.861 max_us=21
   3 caller=0x759fa24800d5 calls=2986 total_ms=1.217 avg_us=0.408 max_us=15
   4 caller=0x759fa247f28a calls=598 total_ms=1.168 avg_us=1.953 max_us=11
direct_cudaStreamSynchronize: calls=10800 total_ms=50.158 max_us=2583
by_direct_callsite (file:line):
   0 /opt/llama.cpp/ggml/src/ggml-cuda/ggml-cuda.cu:839 calls=10447 total_ms=43.624 avg_us=4.176 max_us=356
   1 /opt/llama.cpp/ggml/src/ggml-cuda/ggml-cuda.cu:900 calls=12 total_ms=5.894 avg_us=491.167 max_us=2583
   2 /opt/llama.cpp/ggml/src/ggml-cuda/ggml-cuda.cu:2665 calls=191 total_ms=0.394 avg_us=2.063 max_us=11
   3 /opt/llama.cpp/ggml/src/ggml-cuda/ggml-cuda.cu:847 calls=150 total_ms=0.246 avg_us=1.640 max_us=21
=== END CUDA SYNC PROFILE ===
backend-sync-trace: count=24600 backend=CUDA0 caller=ggml_backend_sched_synchronize+0x3a

=== CUDA SYNC PROFILE (instrumentation only) ===
total_syncs = 24600
total_wait_ms = 13821.190
max_wait_us = 140269
sites = 5
wait_hist_us = logarithmic buckets
  hist[0] = 22489
  hist[1] = 1105
  hist[2] = 63
  hist[3] = 29
  hist[4] = 17
  hist[5] = 1
  hist[9] = 166
  hist[10] = 344
  hist[11] = 87
  hist[14] = 104
  hist[15] = 168
  hist[16] = 26
  hist[17] = 1
by_callsite (caller PC; symbolize with addr2line):
   0 caller=0x759fa2480c8a calls=9917 total_ms=13812.986 avg_us=1392.859 max_us=140269
   1 caller=0x759fa24800b8 calls=8091 total_ms=3.235 avg_us=0.400 max_us=25
   2 caller=0x759fa2480098 calls=2996 total_ms=2.576 avg_us=0.860 max_us=21
   3 caller=0x759fa24800d5 calls=2996 total_ms=1.221 avg_us=0.408 max_us=15
   4 caller=0x759fa247f28a calls=600 total_ms=1.172 avg_us=1.953 max_us=11
direct_cudaStreamSynchronize: calls=10837 total_ms=50.302 max_us=2583
by_direct_callsite (file:line):
   0 /opt/llama.cpp/ggml/src/ggml-cuda/ggml-cuda.cu:839 calls=10484 total_ms=43.768 avg_us=4.175 max_us=356
   1 /opt/llama.cpp/ggml/src/ggml-cuda/ggml-cuda.cu:900 calls=12 total_ms=5.894 avg_us=491.167 max_us=2583
   2 /opt/llama.cpp/ggml/src/ggml-cuda/ggml-cuda.cu:2665 calls=191 total_ms=0.394 avg_us=2.063 max_us=11
   3 /opt/llama.cpp/ggml/src/ggml-cuda/ggml-cuda.cu:847 calls=150 total_ms=0.246 avg_us=1.640 max_us=21
=== END CUDA SYNC PROFILE ===
backend-sync-trace: count=24700 backend=CUDA0 caller=ggml_backend_sched_graph_compute_async_ext+0xc98

=== CUDA SYNC PROFILE (instrumentation only) ===
total_syncs = 24700
total_wait_ms = 13865.249
max_wait_us = 140269
sites = 5
wait_hist_us = logarithmic buckets
  hist[0] = 22581
  hist[1] = 1109
  hist[2] = 63
  hist[3] = 29
  hist[4] = 17
  hist[5] = 1
  hist[9] = 166
  hist[10] = 346
  hist[11] = 88
  hist[14] = 104
  hist[15] = 169
  hist[16] = 26
  hist[17] = 1
by_callsite (caller PC; symbolize with addr2line):
   0 caller=0x759fa2480c8a calls=9953 total_ms=13857.019 avg_us=1392.245 max_us=140269
   1 caller=0x759fa24800b8 calls=8122 total_ms=3.246 avg_us=0.400 max_us=25
   2 caller=0x759fa2480098 calls=3012 total_ms=2.587 avg_us=0.859 max_us=21
   3 caller=0x759fa24800d5 calls=3011 total_ms=1.222 avg_us=0.406 max_us=15
   4 caller=0x759fa247f28a calls=602 total_ms=1.175 avg_us=1.952 max_us=11
direct_cudaStreamSynchronize: calls=10880 total_ms=50.473 max_us=2583
by_direct_callsite (file:line):
   0 /opt/llama.cpp/ggml/src/ggml-cuda/ggml-cuda.cu:839 calls=10527 total_ms=43.939 avg_us=4.174 max_us=356
   1 /opt/llama.cpp/ggml/src/ggml-cuda/ggml-cuda.cu:900 calls=12 total_ms=5.894 avg_us=491.167 max_us=2583
   2 /opt/llama.cpp/ggml/src/ggml-cuda/ggml-cuda.cu:2665 calls=191 total_ms=0.394 avg_us=2.063 max_us=11
   3 /opt/llama.cpp/ggml/src/ggml-cuda/ggml-cuda.cu:847 calls=150 total_ms=0.246 avg_us=1.640 max_us=21
=== END CUDA SYNC PROFILE ===

=== CUDA SYNC PROFILE (instrumentation only) ===
total_syncs = 24725
total_wait_ms = 13909.359
max_wait_us = 140269
sites = 5
wait_hist_us = logarithmic buckets
  hist[0] = 22604
  hist[1] = 1110
  hist[2] = 63
  hist[3] = 29
  hist[4] = 17
  hist[5] = 1
  hist[9] = 166
  hist[10] = 346
  hist[11] = 88
  hist[14] = 104
  hist[15] = 170
  hist[16] = 26
  hist[17] = 1
by_callsite (caller PC; symbolize with addr2line):
   0 caller=0x759fa2480c8a calls=9955 total_ms=13901.117 avg_us=1396.395 max_us=140269
   1 caller=0x759fa24800b8 calls=8139 total_ms=3.254 avg_us=0.400 max_us=25
   2 caller=0x759fa2480098 calls=3014 total_ms=2.588 avg_us=0.859 max_us=21
   3 caller=0x759fa24800d5 calls=3014 total_ms=1.223 avg_us=0.406 max_us=15
   4 caller=0x759fa247f28a calls=603 total_ms=1.177 avg_us=1.952 max_us=11
direct_cudaStreamSynchronize: calls=10900 total_ms=50.561 max_us=2583
by_direct_callsite (file:line):
   0 /opt/llama.cpp/ggml/src/ggml-cuda/ggml-cuda.cu:839 calls=10547 total_ms=44.027 avg_us=4.174 max_us=356
   1 /opt/llama.cpp/ggml/src/ggml-cuda/ggml-cuda.cu:900 calls=12 total_ms=5.894 avg_us=491.167 max_us=2583
   2 /opt/llama.cpp/ggml/src/ggml-cuda/ggml-cuda.cu:2665 calls=191 total_ms=0.394 avg_us=2.063 max_us=11
   3 /opt/llama.cpp/ggml/src/ggml-cuda/ggml-cuda.cu:847 calls=150 total_ms=0.246 avg_us=1.640 max_us=21
=== END CUDA SYNC PROFILE ===
backend-sync-trace: count=24800 backend=CUDA0 caller=ggml_backend_sched_graph_compute_async_ext+0xc98

=== CUDA SYNC PROFILE (instrumentation only) ===
total_syncs = 24800
total_wait_ms = 13959.182
max_wait_us = 140269
sites = 5
wait_hist_us = logarithmic buckets
  hist[0] = 22673
  hist[1] = 1113
  hist[2] = 63
  hist[3] = 29
  hist[4] = 17
  hist[5] = 1
  hist[9] = 166
  hist[10] = 348
  hist[11] = 88
  hist[14] = 104
  hist[15] = 171
  hist[16] = 26
  hist[17] = 1
by_callsite (caller PC; symbolize with addr2line):
   0 caller=0x759fa2480c8a calls=9986 total_ms=13950.921 avg_us=1397.048 max_us=140269
   1 caller=0x759fa24800b8 calls=8164 total_ms=3.262 avg_us=0.400 max_us=25
   2 caller=0x759fa2480098 calls=3023 total_ms=2.595 avg_us=0.858 max_us=21
   3 caller=0x759fa24800d5 calls=3022 total_ms=1.224 avg_us=0.405 max_us=15
   4 caller=0x759fa247f28a calls=605 total_ms=1.180 avg_us=1.950 max_us=11
direct_cudaStreamSynchronize: calls=10931 total_ms=50.678 max_us=2583
by_direct_callsite (file:line):
   0 /opt/llama.cpp/ggml/src/ggml-cuda/ggml-cuda.cu:839 calls=10578 total_ms=44.144 avg_us=4.173 max_us=356
   1 /opt/llama.cpp/ggml/src/ggml-cuda/ggml-cuda.cu:900 calls=12 total_ms=5.894 avg_us=491.167 max_us=2583
   2 /opt/llama.cpp/ggml/src/ggml-cuda/ggml-cuda.cu:2665 calls=191 total_ms=0.394 avg_us=2.063 max_us=11
   3 /opt/llama.cpp/ggml/src/ggml-cuda/ggml-cuda.cu:847 calls=150 total_ms=0.246 avg_us=1.640 max_us=21
=== END CUDA SYNC PROFILE ===
backend-sync-trace: count=24900 backend=CUDA0 caller=ggml_backend_sched_synchronize+0x3a

=== CUDA SYNC PROFILE (instrumentation only) ===
total_syncs = 24900
total_wait_ms = 13993.950
max_wait_us = 140269
sites = 5
wait_hist_us = logarithmic buckets
  hist[0] = 22765
  hist[1] = 1118
  hist[2] = 63
  hist[3] = 29
  hist[4] = 17
  hist[5] = 1
  hist[9] = 167
  hist[10] = 349
  hist[11] = 88
  hist[14] = 105
  hist[15] = 171
  hist[16] = 26
  hist[17] = 1
by_callsite (caller PC; symbolize with addr2line):
   0 caller=0x759fa2480c8a calls=10030 total_ms=13985.664 avg_us=1394.383 max_us=140269
   1 caller=0x759fa24800b8 calls=8195 total_ms=3.269 avg_us=0.399 max_us=25
   2 caller=0x759fa2480098 calls=3034 total_ms=2.601 avg_us=0.857 max_us=21
   3 caller=0x759fa24800d5 calls=3034 total_ms=1.233 avg_us=0.406 max_us=15
   4 caller=0x759fa247f28a calls=607 total_ms=1.183 avg_us=1.949 max_us=11
direct_cudaStreamSynchronize: calls=10971 total_ms=50.850 max_us=2583
by_direct_callsite (file:line):
   0 /opt/llama.cpp/ggml/src/ggml-cuda/ggml-cuda.cu:839 calls=10618 total_ms=44.316 avg_us=4.174 max_us=356
   1 /opt/llama.cpp/ggml/src/ggml-cuda/ggml-cuda.cu:900 calls=12 total_ms=5.894 avg_us=491.167 max_us=2583
   2 /opt/llama.cpp/ggml/src/ggml-cuda/ggml-cuda.cu:2665 calls=191 total_ms=0.394 avg_us=2.063 max_us=11
   3 /opt/llama.cpp/ggml/src/ggml-cuda/ggml-cuda.cu:847 calls=150 total_ms=0.246 avg_us=1.640 max_us=21
=== END CUDA SYNC PROFILE ===

=== CUDA SYNC PROFILE (instrumentation only) ===
total_syncs = 24955
total_wait_ms = 13996.111
max_wait_us = 140269
sites = 5
wait_hist_us = logarithmic buckets
  hist[0] = 22816
  hist[1] = 1120
  hist[2] = 63
  hist[3] = 29
  hist[4] = 17
  hist[5] = 1
  hist[9] = 168
  hist[10] = 350
  hist[11] = 88
  hist[14] = 105
  hist[15] = 171
  hist[16] = 26
  hist[17] = 1
by_callsite (caller PC; symbolize with addr2line):
   0 caller=0x759fa2480c8a calls=10046 total_ms=13987.807 avg_us=1392.376 max_us=140269
   1 caller=0x759fa24800b8 calls=8217 total_ms=3.277 avg_us=0.399 max_us=25
   2 caller=0x759fa2480098 calls=3042 total_ms=2.605 avg_us=0.856 max_us=21
   3 caller=0x759fa24800d5 calls=3042 total_ms=1.237 avg_us=0.407 max_us=15
   4 caller=0x759fa247f28a calls=608 total_ms=1.185 avg_us=1.949 max_us=11
direct_cudaStreamSynchronize: calls=11000 total_ms=50.963 max_us=2583
by_direct_callsite (file:line):
   0 /opt/llama.cpp/ggml/src/ggml-cuda/ggml-cuda.cu:839 calls=10647 total_ms=44.429 avg_us=4.173 max_us=356
   1 /opt/llama.cpp/ggml/src/ggml-cuda/ggml-cuda.cu:900 calls=12 total_ms=5.894 avg_us=491.167 max_us=2583
   2 /opt/llama.cpp/ggml/src/ggml-cuda/ggml-cuda.cu:2665 calls=191 total_ms=0.394 avg_us=2.063 max_us=11
   3 /opt/llama.cpp/ggml/src/ggml-cuda/ggml-cuda.cu:847 calls=150 total_ms=0.246 avg_us=1.640 max_us=21
=== END CUDA SYNC PROFILE ===
backend-sync-trace: count=25000 backend=CUDA0 caller=ggml_backend_sched_synchronize+0x3a

=== CUDA SYNC PROFILE (instrumentation only) ===
total_syncs = 25000
total_wait_ms = 14031.540
max_wait_us = 140269
sites = 5
wait_hist_us = logarithmic buckets
  hist[0] = 22857
  hist[1] = 1122
  hist[2] = 63
  hist[3] = 29
  hist[4] = 17
  hist[5] = 1
  hist[9] = 168
  hist[10] = 351
  hist[11] = 88
  hist[14] = 105
  hist[15] = 172
  hist[16] = 26
  hist[17] = 1
by_callsite (caller PC; symbolize with addr2line):
   0 caller=0x759fa2480c8a calls=10072 total_ms=14023.224 avg_us=1392.298 max_us=140269
   1 caller=0x759fa24800b8 calls=8226 total_ms=3.282 avg_us=0.399 max_us=25
   2 caller=0x759fa2480098 calls=3046 total_ms=2.608 avg_us=0.856 max_us=21
   3 caller=0x759fa24800d5 calls=3046 total_ms=1.238 avg_us=0.406 max_us=15
   4 caller=0x759fa247f28a calls=610 total_ms=1.188 avg_us=1.948 max_us=11
direct_cudaStreamSynchronize: calls=11012 total_ms=51.010 max_us=2583
by_direct_callsite (file:line):
   0 /opt/llama.cpp/ggml/src/ggml-cuda/ggml-cuda.cu:839 calls=10659 total_ms=44.476 avg_us=4.173 max_us=356
   1 /opt/llama.cpp/ggml/src/ggml-cuda/ggml-cuda.cu:900 calls=12 total_ms=5.894 avg_us=491.167 max_us=2583
   2 /opt/llama.cpp/ggml/src/ggml-cuda/ggml-cuda.cu:2665 calls=191 total_ms=0.394 avg_us=2.063 max_us=11
   3 /opt/llama.cpp/ggml/src/ggml-cuda/ggml-cuda.cu:847 calls=150 total_ms=0.246 avg_us=1.640 max_us=21
=== END CUDA SYNC PROFILE ===
backend-sync-trace: count=25100 backend=CUDA0 caller=ggml_backend_sched_graph_compute_async_ext+0xc98

=== CUDA SYNC PROFILE (instrumentation only) ===
total_syncs = 25100
total_wait_ms = 14077.903
max_wait_us = 140269
sites = 5
wait_hist_us = logarithmic buckets
  hist[0] = 22948
  hist[1] = 1127
  hist[2] = 63
  hist[3] = 29
  hist[4] = 17
  hist[5] = 1
  hist[9] = 168
  hist[10] = 354
  hist[11] = 88
  hist[14] = 105
  hist[15] = 173
  hist[16] = 26
  hist[17] = 1
by_callsite (caller PC; symbolize with addr2line):
   0 caller=0x759fa2480c8a calls=10108 total_ms=14069.554 avg_us=1391.923 max_us=140269
   1 caller=0x759fa24800b8 calls=8257 total_ms=3.293 avg_us=0.399 max_us=25
   2 caller=0x759fa2480098 calls=3062 total_ms=2.623 avg_us=0.857 max_us=21
   3 caller=0x759fa24800d5 calls=3061 total_ms=1.241 avg_us=0.405 max_us=15
   4 caller=0x759fa247f28a calls=612 total_ms=1.192 avg_us=1.948 max_us=11
direct_cudaStreamSynchronize: calls=11055 total_ms=51.179 max_us=2583
by_direct_callsite (file:line):
   0 /opt/llama.cpp/ggml/src/ggml-cuda/ggml-cuda.cu:839 calls=10702 total_ms=44.645 avg_us=4.172 max_us=356
   1 /opt/llama.cpp/ggml/src/ggml-cuda/ggml-cuda.cu:900 calls=12 total_ms=5.894 avg_us=491.167 max_us=2583
   2 /opt/llama.cpp/ggml/src/ggml-cuda/ggml-cuda.cu:2665 calls=191 total_ms=0.394 avg_us=2.063 max_us=11
   3 /opt/llama.cpp/ggml/src/ggml-cuda/ggml-cuda.cu:847 calls=150 total_ms=0.246 avg_us=1.640 max_us=21
=== END CUDA SYNC PROFILE ===

=== CUDA SYNC PROFILE (instrumentation only) ===
total_syncs = 25190
total_wait_ms = 14134.553
max_wait_us = 140269
sites = 5
wait_hist_us = logarithmic buckets
  hist[0] = 23031
  hist[1] = 1130
  hist[2] = 63
  hist[3] = 30
  hist[4] = 17
  hist[5] = 1
  hist[9] = 169
  hist[10] = 355
  hist[11] = 88
  hist[14] = 105
  hist[15] = 174
  hist[16] = 26
  hist[17] = 1
by_callsite (caller PC; symbolize with addr2line):
   0 caller=0x759fa2480c8a calls=10139 total_ms=14126.177 avg_us=1393.252 max_us=140269
   1 caller=0x759fa24800b8 calls=8293 total_ms=3.304 avg_us=0.398 max_us=25
   2 caller=0x759fa2480098 calls=3072 total_ms=2.631 avg_us=0.856 max_us=21
   3 caller=0x759fa24800d5 calls=3072 total_ms=1.246 avg_us=0.406 max_us=15
   4 caller=0x759fa247f28a calls=614 total_ms=1.195 avg_us=1.946 max_us=11
direct_cudaStreamSynchronize: calls=11100 total_ms=51.370 max_us=2583
by_direct_callsite (file:line):
   0 /opt/llama.cpp/ggml/src/ggml-cuda/ggml-cuda.cu:839 calls=10747 total_ms=44.836 avg_us=4.172 max_us=356
   1 /opt/llama.cpp/ggml/src/ggml-cuda/ggml-cuda.cu:900 calls=12 total_ms=5.894 avg_us=491.167 max_us=2583
   2 /opt/llama.cpp/ggml/src/ggml-cuda/ggml-cuda.cu:2665 calls=191 total_ms=0.394 avg_us=2.063 max_us=11
   3 /opt/llama.cpp/ggml/src/ggml-cuda/ggml-cuda.cu:847 calls=150 total_ms=0.246 avg_us=1.640 max_us=21
=== END CUDA SYNC PROFILE ===
backend-sync-trace: count=25200 backend=CUDA0 caller=ggml_backend_sched_graph_compute_async_ext+0xc98

=== CUDA SYNC PROFILE (instrumentation only) ===
total_syncs = 25200
total_wait_ms = 14177.129
max_wait_us = 140269
sites = 5
wait_hist_us = logarithmic buckets
  hist[0] = 23039
  hist[1] = 1131
  hist[2] = 63
  hist[3] = 30
  hist[4] = 17
  hist[5] = 1
  hist[9] = 169
  hist[10] = 355
  hist[11] = 88
  hist[14] = 105
  hist[15] = 175
  hist[16] = 26
  hist[17] = 1
by_callsite (caller PC; symbolize with addr2line):
   0 caller=0x759fa2480c8a calls=10141 total_ms=14168.747 avg_us=1397.175 max_us=140269
   1 caller=0x759fa24800b8 calls=8299 total_ms=3.307 avg_us=0.398 max_us=25
   2 caller=0x759fa2480098 calls=3073 total_ms=2.632 avg_us=0.856 max_us=21
   3 caller=0x759fa24800d5 calls=3072 total_ms=1.246 avg_us=0.406 max_us=15
   4 caller=0x759fa247f28a calls=615 total_ms=1.197 avg_us=1.946 max_us=11
direct_cudaStreamSynchronize: calls=11106 total_ms=51.387 max_us=2583
by_direct_callsite (file:line):
   0 /opt/llama.cpp/ggml/src/ggml-cuda/ggml-cuda.cu:839 calls=10753 total_ms=44.853 avg_us=4.171 max_us=356
   1 /opt/llama.cpp/ggml/src/ggml-cuda/ggml-cuda.cu:900 calls=12 total_ms=5.894 avg_us=491.167 max_us=2583
   2 /opt/llama.cpp/ggml/src/ggml-cuda/ggml-cuda.cu:2665 calls=191 total_ms=0.394 avg_us=2.063 max_us=11
   3 /opt/llama.cpp/ggml/src/ggml-cuda/ggml-cuda.cu:847 calls=150 total_ms=0.246 avg_us=1.640 max_us=21
=== END CUDA SYNC PROFILE ===
backend-sync-trace: count=25300 backend=CUDA0 caller=ggml_backend_sched_synchronize+0x3a

=== CUDA SYNC PROFILE (instrumentation only) ===
total_syncs = 25300
total_wait_ms = 14219.343
max_wait_us = 140269
sites = 5
wait_hist_us = logarithmic buckets
  hist[0] = 23133
  hist[1] = 1134
  hist[2] = 63
  hist[3] = 30
  hist[4] = 17
  hist[5] = 1
  hist[9] = 170
  hist[10] = 356
  hist[11] = 88
  hist[14] = 105
  hist[15] = 176
  hist[16] = 26
  hist[17] = 1
by_callsite (caller PC; symbolize with addr2line):
   0 caller=0x759fa2480c8a calls=10185 total_ms=14210.928 avg_us=1395.280 max_us=140269
   1 caller=0x759fa24800b8 calls=8330 total_ms=3.320 avg_us=0.399 max_us=25
   2 caller=0x759fa2480098 calls=3084 total_ms=2.642 avg_us=0.857 max_us=21
   3 caller=0x759fa24800d5 calls=3084 total_ms=1.253 avg_us=0.406 max_us=15
   4 caller=0x759fa247f28a calls=617 total_ms=1.200 avg_us=1.945 max_us=11
direct_cudaStreamSynchronize: calls=11146 total_ms=51.553 max_us=2583
by_direct_callsite (file:line):
   0 /opt/llama.cpp/ggml/src/ggml-cuda/ggml-cuda.cu:839 calls=10793 total_ms=45.019 avg_us=4.171 max_us=356
   1 /opt/llama.cpp/ggml/src/ggml-cuda/ggml-cuda.cu:900 calls=12 total_ms=5.894 avg_us=491.167 max_us=2583
   2 /opt/llama.cpp/ggml/src/ggml-cuda/ggml-cuda.cu:2665 calls=191 total_ms=0.394 avg_us=2.063 max_us=11
   3 /opt/llama.cpp/ggml/src/ggml-cuda/ggml-cuda.cu:847 calls=150 total_ms=0.246 avg_us=1.640 max_us=21
=== END CUDA SYNC PROFILE ===
1.19.147.650 I slot print_timing: id  0 | task 0 | n_gen =    696, tg =  45.75 t/s, tg_3s =  46.43 t/s
backend-sync-trace: count=25400 backend=CUDA0 caller=ggml_backend_sched_synchronize+0x3a

=== CUDA SYNC PROFILE (instrumentation only) ===
total_syncs = 25400
total_wait_ms = 14283.890
max_wait_us = 140269
sites = 5
wait_hist_us = logarithmic buckets
  hist[0] = 23228
  hist[1] = 1136
  hist[2] = 63
  hist[3] = 30
  hist[4] = 17
  hist[5] = 1
  hist[9] = 170
  hist[10] = 357
  hist[11] = 89
  hist[14] = 105
  hist[15] = 177
  hist[16] = 26
  hist[17] = 1
by_callsite (caller PC; symbolize with addr2line):
   0 caller=0x759fa2480c8a calls=10236 total_ms=14275.452 avg_us=1394.632 max_us=140269
   1 caller=0x759fa24800b8 calls=8357 total_ms=3.331 avg_us=0.399 max_us=25
   2 caller=0x759fa2480098 calls=3094 total_ms=2.650 avg_us=0.856 max_us=21
   3 caller=0x759fa24800d5 calls=3094 total_ms=1.254 avg_us=0.405 max_us=15
   4 caller=0x759fa247f28a calls=619 total_ms=1.203 avg_us=1.943 max_us=11
direct_cudaStreamSynchronize: calls=11181 total_ms=51.691 max_us=2583
by_direct_callsite (file:line):
   0 /opt/llama.cpp/ggml/src/ggml-cuda/ggml-cuda.cu:839 calls=10828 total_ms=45.157 avg_us=4.170 max_us=356
   1 /opt/llama.cpp/ggml/src/ggml-cuda/ggml-cuda.cu:900 calls=12 total_ms=5.894 avg_us=491.167 max_us=2583
   2 /opt/llama.cpp/ggml/src/ggml-cuda/ggml-cuda.cu:2665 calls=191 total_ms=0.394 avg_us=2.063 max_us=11
   3 /opt/llama.cpp/ggml/src/ggml-cuda/ggml-cuda.cu:847 calls=150 total_ms=0.246 avg_us=1.640 max_us=21
=== END CUDA SYNC PROFILE ===

=== CUDA SYNC PROFILE (instrumentation only) ===
total_syncs = 25443
total_wait_ms = 14288.011
max_wait_us = 140269
sites = 5
wait_hist_us = logarithmic buckets
  hist[0] = 23267
  hist[1] = 1138
  hist[2] = 63
  hist[3] = 30
  hist[4] = 17
  hist[5] = 1
  hist[9] = 170
  hist[10] = 357
  hist[11] = 91
  hist[14] = 105
  hist[15] = 177
  hist[16] = 26
  hist[17] = 1
by_callsite (caller PC; symbolize with addr2line):
   0 caller=0x759fa2480c8a calls=10250 total_ms=14279.559 avg_us=1393.128 max_us=140269
   1 caller=0x759fa24800b8 calls=8369 total_ms=3.337 avg_us=0.399 max_us=25
   2 caller=0x759fa2480098 calls=3102 total_ms=2.655 avg_us=0.856 max_us=21
   3 caller=0x759fa24800d5 calls=3102 total_ms=1.255 avg_us=0.405 max_us=15
   4 caller=0x759fa247f28a calls=620 total_ms=1.205 avg_us=1.944 max_us=11
direct_cudaStreamSynchronize: calls=11200 total_ms=51.773 max_us=2583
by_direct_callsite (file:line):
   0 /opt/llama.cpp/ggml/src/ggml-cuda/ggml-cuda.cu:839 calls=10847 total_ms=45.239 avg_us=4.171 max_us=356
   1 /opt/llama.cpp/ggml/src/ggml-cuda/ggml-cuda.cu:900 calls=12 total_ms=5.894 avg_us=491.167 max_us=2583
   2 /opt/llama.cpp/ggml/src/ggml-cuda/ggml-cuda.cu:2665 calls=191 total_ms=0.394 avg_us=2.063 max_us=11
   3 /opt/llama.cpp/ggml/src/ggml-cuda/ggml-cuda.cu:847 calls=150 total_ms=0.246 avg_us=1.640 max_us=21
=== END CUDA SYNC PROFILE ===
backend-sync-trace: count=25500 backend=CUDA0 caller=ggml_backend_sched_synchronize+0x3a

=== CUDA SYNC PROFILE (instrumentation only) ===
total_syncs = 25500
total_wait_ms = 14339.448
max_wait_us = 140269
sites = 5
wait_hist_us = logarithmic buckets
  hist[0] = 23319
  hist[1] = 1140
  hist[2] = 63
  hist[3] = 30
  hist[4] = 17
  hist[5] = 1
  hist[9] = 170
  hist[10] = 358
  hist[11] = 92
  hist[14] = 105
  hist[15] = 178
  hist[16] = 26
  hist[17] = 1
by_callsite (caller PC; symbolize with addr2line):
   0 caller=0x759fa2480c8a calls=10270 total_ms=14330.977 avg_us=1395.421 max_us=140269
   1 caller=0x759fa24800b8 calls=8392 total_ms=3.349 avg_us=0.399 max_us=25
   2 caller=0x759fa2480098 calls=3108 total_ms=2.659 avg_us=0.856 max_us=21
   3 caller=0x759fa24800d5 calls=3108 total_ms=1.255 avg_us=0.404 max_us=15
   4 caller=0x759fa247f28a calls=622 total_ms=1.208 avg_us=1.942 max_us=11
direct_cudaStreamSynchronize: calls=11228 total_ms=51.867 max_us=2583
by_direct_callsite (file:line):
   0 /opt/llama.cpp/ggml/src/ggml-cuda/ggml-cuda.cu:839 calls=10875 total_ms=45.333 avg_us=4.169 max_us=356
   1 /opt/llama.cpp/ggml/src/ggml-cuda/ggml-cuda.cu:900 calls=12 total_ms=5.894 avg_us=491.167 max_us=2583
   2 /opt/llama.cpp/ggml/src/ggml-cuda/ggml-cuda.cu:2665 calls=191 total_ms=0.394 avg_us=2.063 max_us=11
   3 /opt/llama.cpp/ggml/src/ggml-cuda/ggml-cuda.cu:847 calls=150 total_ms=0.246 avg_us=1.640 max_us=21
=== END CUDA SYNC PROFILE ===
backend-sync-trace: count=25600 backend=CUDA0 caller=ggml_backend_sched_graph_compute_async_ext+0xcb8

=== CUDA SYNC PROFILE (instrumentation only) ===
total_syncs = 25600
total_wait_ms = 14375.194
max_wait_us = 140269
sites = 5
wait_hist_us = logarithmic buckets
  hist[0] = 23411
  hist[1] = 1145
  hist[2] = 63
  hist[3] = 30
  hist[4] = 17
  hist[5] = 1
  hist[9] = 170
  hist[10] = 359
  hist[11] = 93
  hist[14] = 106
  hist[15] = 178
  hist[16] = 26
  hist[17] = 1
by_callsite (caller PC; symbolize with addr2line):
   0 caller=0x759fa2480c8a calls=10306 total_ms=14366.691 avg_us=1394.012 max_us=140269
   1 caller=0x759fa24800b8 calls=8426 total_ms=3.361 avg_us=0.399 max_us=25
   2 caller=0x759fa2480098 calls=3122 total_ms=2.668 avg_us=0.855 max_us=21
   3 caller=0x759fa24800d5 calls=3122 total_ms=1.263 avg_us=0.405 max_us=15
   4 caller=0x759fa247f28a calls=624 total_ms=1.211 avg_us=1.941 max_us=11
direct_cudaStreamSynchronize: calls=11272 total_ms=52.056 max_us=2583
by_direct_callsite (file:line):
   0 /opt/llama.cpp/ggml/src/ggml-cuda/ggml-cuda.cu:839 calls=10919 total_ms=45.522 avg_us=4.169 max_us=356
   1 /opt/llama.cpp/ggml/src/ggml-cuda/ggml-cuda.cu:900 calls=12 total_ms=5.894 avg_us=491.167 max_us=2583
   2 /opt/llama.cpp/ggml/src/ggml-cuda/ggml-cuda.cu:2665 calls=191 total_ms=0.394 avg_us=2.063 max_us=11
   3 /opt/llama.cpp/ggml/src/ggml-cuda/ggml-cuda.cu:847 calls=150 total_ms=0.246 avg_us=1.640 max_us=21
=== END CUDA SYNC PROFILE ===

=== CUDA SYNC PROFILE (instrumentation only) ===
total_syncs = 25675
total_wait_ms = 14410.695
max_wait_us = 140269
sites = 5
wait_hist_us = logarithmic buckets
  hist[0] = 23480
  hist[1] = 1147
  hist[2] = 64
  hist[3] = 30
  hist[4] = 17
  hist[5] = 1
  hist[9] = 170
  hist[10] = 361
  hist[11] = 93
  hist[14] = 106
  hist[15] = 179
  hist[16] = 26
  hist[17] = 1
by_callsite (caller PC; symbolize with addr2line):
   0 caller=0x759fa2480c8a calls=10343 total_ms=14402.167 avg_us=1392.455 max_us=140269
   1 caller=0x759fa24800b8 calls=8446 total_ms=3.370 avg_us=0.399 max_us=25
   2 caller=0x759fa2480098 calls=3130 total_ms=2.674 avg_us=0.854 max_us=21
   3 caller=0x759fa24800d5 calls=3130 total_ms=1.266 avg_us=0.404 max_us=15
   4 caller=0x759fa247f28a calls=626 total_ms=1.218 avg_us=1.946 max_us=11
direct_cudaStreamSynchronize: calls=11300 total_ms=52.154 max_us=2583
by_direct_callsite (file:line):
   0 /opt/llama.cpp/ggml/src/ggml-cuda/ggml-cuda.cu:839 calls=10947 total_ms=45.620 avg_us=4.167 max_us=356
   1 /opt/llama.cpp/ggml/src/ggml-cuda/ggml-cuda.cu:900 calls=12 total_ms=5.894 avg_us=491.167 max_us=2583
   2 /opt/llama.cpp/ggml/src/ggml-cuda/ggml-cuda.cu:2665 calls=191 total_ms=0.394 avg_us=2.063 max_us=11
   3 /opt/llama.cpp/ggml/src/ggml-cuda/ggml-cuda.cu:847 calls=150 total_ms=0.246 avg_us=1.640 max_us=21
=== END CUDA SYNC PROFILE ===
backend-sync-trace: count=25700 backend=CUDA0 caller=ggml_backend_sched_graph_compute_async_ext+0xc98

=== CUDA SYNC PROFILE (instrumentation only) ===
total_syncs = 25700
total_wait_ms = 14441.738
max_wait_us = 140269
sites = 5
wait_hist_us = logarithmic buckets
  hist[0] = 23504
  hist[1] = 1147
  hist[2] = 64
  hist[3] = 30
  hist[4] = 17
  hist[5] = 1
  hist[9] = 170
  hist[10] = 361
  hist[11] = 93
  hist[14] = 107
  hist[15] = 179
  hist[16] = 26
  hist[17] = 1
by_callsite (caller PC; symbolize with addr2line):
   0 caller=0x759fa2480c8a calls=10345 total_ms=14433.198 avg_us=1395.186 max_us=140269
   1 caller=0x759fa24800b8 calls=8461 total_ms=3.376 avg_us=0.399 max_us=25
   2 caller=0x759fa2480098 calls=3134 total_ms=2.677 avg_us=0.854 max_us=21
   3 caller=0x759fa24800d5 calls=3133 total_ms=1.268 avg_us=0.405 max_us=15
   4 caller=0x759fa247f28a calls=627 total_ms=1.219 avg_us=1.944 max_us=11
direct_cudaStreamSynchronize: calls=11317 total_ms=52.221 max_us=2583
by_direct_callsite (file:line):
   0 /opt/llama.cpp/ggml/src/ggml-cuda/ggml-cuda.cu:839 calls=10964 total_ms=45.687 avg_us=4.167 max_us=356
   1 /opt/llama.cpp/ggml/src/ggml-cuda/ggml-cuda.cu:900 calls=12 total_ms=5.894 avg_us=491.167 max_us=2583
   2 /opt/llama.cpp/ggml/src/ggml-cuda/ggml-cuda.cu:2665 calls=191 total_ms=0.394 avg_us=2.063 max_us=11
   3 /opt/llama.cpp/ggml/src/ggml-cuda/ggml-cuda.cu:847 calls=150 total_ms=0.246 avg_us=1.640 max_us=21
=== END CUDA SYNC PROFILE ===
backend-sync-trace: count=25800 backend=CUDA0 caller=ggml_backend_sched_synchronize+0x3a

=== CUDA SYNC PROFILE (instrumentation only) ===
total_syncs = 25800
total_wait_ms = 14473.262
max_wait_us = 140269
sites = 5
wait_hist_us = logarithmic buckets
  hist[0] = 23597
  hist[1] = 1151
  hist[2] = 64
  hist[3] = 30
  hist[4] = 17
  hist[5] = 1
  hist[9] = 171
  hist[10] = 362
  hist[11] = 93
  hist[14] = 108
  hist[15] = 179
  hist[16] = 26
  hist[17] = 1
by_callsite (caller PC; symbolize with addr2line):
   0 caller=0x759fa2480c8a calls=10391 total_ms=14464.693 avg_us=1392.041 max_us=140269
   1 caller=0x759fa24800b8 calls=8492 total_ms=3.387 avg_us=0.399 max_us=25
   2 caller=0x759fa2480098 calls=3144 total_ms=2.686 avg_us=0.854 max_us=21
   3 caller=0x759fa24800d5 calls=3144 total_ms=1.273 avg_us=0.405 max_us=15
   4 caller=0x759fa247f28a calls=629 total_ms=1.223 avg_us=1.944 max_us=11
direct_cudaStreamSynchronize: calls=11356 total_ms=52.385 max_us=2583
by_direct_callsite (file:line):
   0 /opt/llama.cpp/ggml/src/ggml-cuda/ggml-cuda.cu:839 calls=11003 total_ms=45.851 avg_us=4.167 max_us=356
   1 /opt/llama.cpp/ggml/src/ggml-cuda/ggml-cuda.cu:900 calls=12 total_ms=5.894 avg_us=491.167 max_us=2583
   2 /opt/llama.cpp/ggml/src/ggml-cuda/ggml-cuda.cu:2665 calls=191 total_ms=0.394 avg_us=2.063 max_us=11
   3 /opt/llama.cpp/ggml/src/ggml-cuda/ggml-cuda.cu:847 calls=150 total_ms=0.246 avg_us=1.640 max_us=21
=== END CUDA SYNC PROFILE ===
backend-sync-trace: count=25900 backend=CUDA0 caller=ggml_backend_sched_synchronize+0x3a

=== CUDA SYNC PROFILE (instrumentation only) ===
total_syncs = 25900
total_wait_ms = 14509.749
max_wait_us = 140269
sites = 5
wait_hist_us = logarithmic buckets
  hist[0] = 23690
  hist[1] = 1154
  hist[2] = 64
  hist[3] = 30
  hist[4] = 17
  hist[5] = 1
  hist[9] = 173
  hist[10] = 362
  hist[11] = 94
  hist[14] = 109
  hist[15] = 179
  hist[16] = 26
  hist[17] = 1
by_callsite (caller PC; symbolize with addr2line):
   0 caller=0x759fa2480c8a calls=10433 total_ms=14501.147 avg_us=1389.931 max_us=140269
   1 caller=0x759fa24800b8 calls=8523 total_ms=3.400 avg_us=0.399 max_us=25
   2 caller=0x759fa2480098 calls=3156 total_ms=2.694 avg_us=0.854 max_us=21
   3 caller=0x759fa24800d5 calls=3156 total_ms=1.280 avg_us=0.406 max_us=15
   4 caller=0x759fa247f28a calls=632 total_ms=1.228 avg_us=1.943 max_us=11
direct_cudaStreamSynchronize: calls=11397 total_ms=52.549 max_us=2583
by_direct_callsite (file:line):
   0 /opt/llama.cpp/ggml/src/ggml-cuda/ggml-cuda.cu:839 calls=11044 total_ms=46.015 avg_us=4.167 max_us=356
   1 /opt/llama.cpp/ggml/src/ggml-cuda/ggml-cuda.cu:900 calls=12 total_ms=5.894 avg_us=491.167 max_us=2583
   2 /opt/llama.cpp/ggml/src/ggml-cuda/ggml-cuda.cu:2665 calls=191 total_ms=0.394 avg_us=2.063 max_us=11
   3 /opt/llama.cpp/ggml/src/ggml-cuda/ggml-cuda.cu:847 calls=150 total_ms=0.246 avg_us=1.640 max_us=21
=== END CUDA SYNC PROFILE ===

=== CUDA SYNC PROFILE (instrumentation only) ===
total_syncs = 25907
total_wait_ms = 14509.751
max_wait_us = 140269
sites = 5
wait_hist_us = logarithmic buckets
  hist[0] = 23697
  hist[1] = 1154
  hist[2] = 64
  hist[3] = 30
  hist[4] = 17
  hist[5] = 1
  hist[9] = 173
  hist[10] = 362
  hist[11] = 94
  hist[14] = 109
  hist[15] = 179
  hist[16] = 26
  hist[17] = 1
by_callsite (caller PC; symbolize with addr2line):
   0 caller=0x759fa2480c8a calls=10435 total_ms=14501.147 avg_us=1389.664 max_us=140269
   1 caller=0x759fa24800b8 calls=8524 total_ms=3.400 avg_us=0.399 max_us=25
   2 caller=0x759fa2480098 calls=3158 total_ms=2.696 avg_us=0.854 max_us=21
   3 caller=0x759fa24800d5 calls=3158 total_ms=1.280 avg_us=0.405 max_us=15
   4 caller=0x759fa247f28a calls=632 total_ms=1.228 avg_us=1.943 max_us=11
direct_cudaStreamSynchronize: calls=11400 total_ms=52.562 max_us=2583
by_direct_callsite (file:line):
   0 /opt/llama.cpp/ggml/src/ggml-cuda/ggml-cuda.cu:839 calls=11047 total_ms=46.028 avg_us=4.167 max_us=356
   1 /opt/llama.cpp/ggml/src/ggml-cuda/ggml-cuda.cu:900 calls=12 total_ms=5.894 avg_us=491.167 max_us=2583
   2 /opt/llama.cpp/ggml/src/ggml-cuda/ggml-cuda.cu:2665 calls=191 total_ms=0.394 avg_us=2.063 max_us=11
   3 /opt/llama.cpp/ggml/src/ggml-cuda/ggml-cuda.cu:847 calls=150 total_ms=0.246 avg_us=1.640 max_us=21
=== END CUDA SYNC PROFILE ===
backend-sync-trace: count=26000 backend=CUDA0 caller=ggml_backend_sched_synchronize+0x3a

=== CUDA SYNC PROFILE (instrumentation only) ===
total_syncs = 26000
total_wait_ms = 14539.981
max_wait_us = 140269
sites = 5
wait_hist_us = logarithmic buckets
  hist[0] = 23784
  hist[1] = 1156
  hist[2] = 64
  hist[3] = 30
  hist[4] = 17
  hist[5] = 1
  hist[9] = 174
  hist[10] = 363
  hist[11] = 95
  hist[14] = 110
  hist[15] = 179
  hist[16] = 26
  hist[17] = 1
by_callsite (caller PC; symbolize with addr2line):
   0 caller=0x759fa2480c8a calls=10476 total_ms=14531.352 avg_us=1387.109 max_us=140269
   1 caller=0x759fa24800b8 calls=8554 total_ms=3.413 avg_us=0.399 max_us=25
   2 caller=0x759fa2480098 calls=3168 total_ms=2.703 avg_us=0.853 max_us=21
   3 caller=0x759fa24800d5 calls=3168 total_ms=1.282 avg_us=0.405 max_us=15
   4 caller=0x759fa247f28a calls=634 total_ms=1.231 avg_us=1.942 max_us=11
direct_cudaStreamSynchronize: calls=11438 total_ms=52.710 max_us=2583
by_direct_callsite (file:line):
   0 /opt/llama.cpp/ggml/src/ggml-cuda/ggml-cuda.cu:839 calls=11085 total_ms=46.176 avg_us=4.166 max_us=356
   1 /opt/llama.cpp/ggml/src/ggml-cuda/ggml-cuda.cu:900 calls=12 total_ms=5.894 avg_us=491.167 max_us=2583
   2 /opt/llama.cpp/ggml/src/ggml-cuda/ggml-cuda.cu:2665 calls=191 total_ms=0.394 avg_us=2.063 max_us=11
   3 /opt/llama.cpp/ggml/src/ggml-cuda/ggml-cuda.cu:847 calls=150 total_ms=0.246 avg_us=1.640 max_us=21
=== END CUDA SYNC PROFILE ===
backend-sync-trace: count=26100 backend=CUDA0 caller=ggml_backend_sched_graph_compute_async_ext+0xcb8

=== CUDA SYNC PROFILE (instrumentation only) ===
total_syncs = 26100
total_wait_ms = 14585.817
max_wait_us = 140269
sites = 5
wait_hist_us = logarithmic buckets
  hist[0] = 23876
  hist[1] = 1161
  hist[2] = 64
  hist[3] = 30
  hist[4] = 17
  hist[5] = 1
  hist[9] = 174
  hist[10] = 364
  hist[11] = 96
  hist[14] = 110
  hist[15] = 180
  hist[16] = 26
  hist[17] = 1
by_callsite (caller PC; symbolize with addr2line):
   0 caller=0x759fa2480c8a calls=10516 total_ms=14577.157 avg_us=1386.188 max_us=140269
   1 caller=0x759fa24800b8 calls=8584 total_ms=3.424 avg_us=0.399 max_us=25
   2 caller=0x759fa2480098 calls=3182 total_ms=2.713 avg_us=0.853 max_us=21
   3 caller=0x759fa24800d5 calls=3182 total_ms=1.288 avg_us=0.405 max_us=15
   4 caller=0x759fa247f28a calls=636 total_ms=1.235 avg_us=1.942 max_us=11
direct_cudaStreamSynchronize: calls=11478 total_ms=52.884 max_us=2583
by_direct_callsite (file:line):
   0 /opt/llama.cpp/ggml/src/ggml-cuda/ggml-cuda.cu:839 calls=11125 total_ms=46.350 avg_us=4.166 max_us=356
   1 /opt/llama.cpp/ggml/src/ggml-cuda/ggml-cuda.cu:900 calls=12 total_ms=5.894 avg_us=491.167 max_us=2583
   2 /opt/llama.cpp/ggml/src/ggml-cuda/ggml-cuda.cu:2665 calls=191 total_ms=0.394 avg_us=2.063 max_us=11
   3 /opt/llama.cpp/ggml/src/ggml-cuda/ggml-cuda.cu:847 calls=150 total_ms=0.246 avg_us=1.640 max_us=21
=== END CUDA SYNC PROFILE ===

=== CUDA SYNC PROFILE (instrumentation only) ===
total_syncs = 26145
total_wait_ms = 14644.488
max_wait_us = 140269
sites = 5
wait_hist_us = logarithmic buckets
  hist[0] = 23918
  hist[1] = 1163
  hist[2] = 64
  hist[3] = 30
  hist[4] = 17
  hist[5] = 1
  hist[9] = 174
  hist[10] = 364
  hist[11] = 96
  hist[14] = 110
  hist[15] = 181
  hist[16] = 26
  hist[17] = 1
by_callsite (caller PC; symbolize with addr2line):
   0 caller=0x759fa2480c8a calls=10533 total_ms=14635.817 avg_us=1389.520 max_us=140269
   1 caller=0x759fa24800b8 calls=8602 total_ms=3.428 avg_us=0.399 max_us=25
   2 caller=0x759fa2480098 calls=3186 total_ms=2.716 avg_us=0.852 max_us=21
   3 caller=0x759fa24800d5 calls=3186 total_ms=1.288 avg_us=0.404 max_us=15
   4 caller=0x759fa247f28a calls=638 total_ms=1.239 avg_us=1.942 max_us=11
direct_cudaStreamSynchronize: calls=11500 total_ms=52.981 max_us=2583
by_direct_callsite (file:line):
   0 /opt/llama.cpp/ggml/src/ggml-cuda/ggml-cuda.cu:839 calls=11147 total_ms=46.447 avg_us=4.167 max_us=356
   1 /opt/llama.cpp/ggml/src/ggml-cuda/ggml-cuda.cu:900 calls=12 total_ms=5.894 avg_us=491.167 max_us=2583
   2 /opt/llama.cpp/ggml/src/ggml-cuda/ggml-cuda.cu:2665 calls=191 total_ms=0.394 avg_us=2.063 max_us=11
   3 /opt/llama.cpp/ggml/src/ggml-cuda/ggml-cuda.cu:847 calls=150 total_ms=0.246 avg_us=1.640 max_us=21
=== END CUDA SYNC PROFILE ===
backend-sync-trace: count=26200 backend=CUDA0 caller=ggml_backend_sched_graph_compute_async_ext+0xcb8

=== CUDA SYNC PROFILE (instrumentation only) ===
total_syncs = 26200
total_wait_ms = 14695.465
max_wait_us = 140269
sites = 5
wait_hist_us = logarithmic buckets
  hist[0] = 23969
  hist[1] = 1164
  hist[2] = 64
  hist[3] = 30
  hist[4] = 17
  hist[5] = 1
  hist[9] = 174
  hist[10] = 366
  hist[11] = 96
  hist[14] = 110
  hist[15] = 182
  hist[16] = 26
  hist[17] = 1
by_callsite (caller PC; symbolize with addr2line):
   0 caller=0x759fa2480c8a calls=10549 total_ms=14686.781 avg_us=1392.244 max_us=140269
   1 caller=0x759fa24800b8 calls=8624 total_ms=3.433 avg_us=0.398 max_us=25
   2 caller=0x759fa2480098 calls=3194 total_ms=2.721 avg_us=0.852 max_us=21
   3 caller=0x759fa24800d5 calls=3194 total_ms=1.290 avg_us=0.404 max_us=15
   4 caller=0x759fa247f28a calls=639 total_ms=1.240 avg_us=1.941 max_us=11
direct_cudaStreamSynchronize: calls=11528 total_ms=53.099 max_us=2583
by_direct_callsite (file:line):
   0 /opt/llama.cpp/ggml/src/ggml-cuda/ggml-cuda.cu:839 calls=11175 total_ms=46.565 avg_us=4.167 max_us=356
   1 /opt/llama.cpp/ggml/src/ggml-cuda/ggml-cuda.cu:900 calls=12 total_ms=5.894 avg_us=491.167 max_us=2583
   2 /opt/llama.cpp/ggml/src/ggml-cuda/ggml-cuda.cu:2665 calls=191 total_ms=0.394 avg_us=2.063 max_us=11
   3 /opt/llama.cpp/ggml/src/ggml-cuda/ggml-cuda.cu:847 calls=150 total_ms=0.246 avg_us=1.640 max_us=21
=== END CUDA SYNC PROFILE ===
backend-sync-trace: count=26300 backend=CUDA0 caller=ggml_backend_sched_synchronize+0x3a

=== CUDA SYNC PROFILE (instrumentation only) ===
total_syncs = 26300
total_wait_ms = 14741.631
max_wait_us = 140269
sites = 5
wait_hist_us = logarithmic buckets
  hist[0] = 24064
  hist[1] = 1166
  hist[2] = 64
  hist[3] = 30
  hist[4] = 17
  hist[5] = 1
  hist[9] = 174
  hist[10] = 368
  hist[11] = 96
  hist[14] = 110
  hist[15] = 183
  hist[16] = 26
  hist[17] = 1
by_callsite (caller PC; symbolize with addr2line):
   0 caller=0x759fa2480c8a calls=10597 total_ms=14732.918 avg_us=1390.291 max_us=140269
   1 caller=0x759fa24800b8 calls=8654 total_ms=3.446 avg_us=0.398 max_us=25
   2 caller=0x759fa2480098 calls=3204 total_ms=2.728 avg_us=0.851 max_us=21
   3 caller=0x759fa24800d5 calls=3204 total_ms=1.296 avg_us=0.404 max_us=15
   4 caller=0x759fa247f28a calls=641 total_ms=1.243 avg_us=1.939 max_us=11
direct_cudaStreamSynchronize: calls=11566 total_ms=53.249 max_us=2583
by_direct_callsite (file:line):
   0 /opt/llama.cpp/ggml/src/ggml-cuda/ggml-cuda.cu:839 calls=11213 total_ms=46.715 avg_us=4.166 max_us=356
   1 /opt/llama.cpp/ggml/src/ggml-cuda/ggml-cuda.cu:900 calls=12 total_ms=5.894 avg_us=491.167 max_us=2583
   2 /opt/llama.cpp/ggml/src/ggml-cuda/ggml-cuda.cu:2665 calls=191 total_ms=0.394 avg_us=2.063 max_us=11
   3 /opt/llama.cpp/ggml/src/ggml-cuda/ggml-cuda.cu:847 calls=150 total_ms=0.246 avg_us=1.640 max_us=21
=== END CUDA SYNC PROFILE ===

=== CUDA SYNC PROFILE (instrumentation only) ===
total_syncs = 26373
total_wait_ms = 14785.053
max_wait_us = 140269
sites = 5
wait_hist_us = logarithmic buckets
  hist[0] = 24131
  hist[1] = 1169
  hist[2] = 64
  hist[3] = 30
  hist[4] = 17
  hist[5] = 1
  hist[9] = 174
  hist[10] = 370
  hist[11] = 96
  hist[14] = 110
  hist[15] = 184
  hist[16] = 26
  hist[17] = 1
by_callsite (caller PC; symbolize with addr2line):
   0 caller=0x759fa2480c8a calls=10623 total_ms=14776.321 avg_us=1390.974 max_us=140269
   1 caller=0x759fa24800b8 calls=8679 total_ms=3.452 avg_us=0.398 max_us=25
   2 caller=0x759fa2480098 calls=3214 total_ms=2.735 avg_us=0.851 max_us=21
   3 caller=0x759fa24800d5 calls=3214 total_ms=1.298 avg_us=0.404 max_us=15
   4 caller=0x759fa247f28a calls=643 total_ms=1.247 avg_us=1.939 max_us=11
direct_cudaStreamSynchronize: calls=11600 total_ms=53.389 max_us=2583
by_direct_callsite (file:line):
   0 /opt/llama.cpp/ggml/src/ggml-cuda/ggml-cuda.cu:839 calls=11247 total_ms=46.855 avg_us=4.166 max_us=356
   1 /opt/llama.cpp/ggml/src/ggml-cuda/ggml-cuda.cu:900 calls=12 total_ms=5.894 avg_us=491.167 max_us=2583
   2 /opt/llama.cpp/ggml/src/ggml-cuda/ggml-cuda.cu:2665 calls=191 total_ms=0.394 avg_us=2.063 max_us=11
   3 /opt/llama.cpp/ggml/src/ggml-cuda/ggml-cuda.cu:847 calls=150 total_ms=0.246 avg_us=1.640 max_us=21
=== END CUDA SYNC PROFILE ===
backend-sync-trace: count=26400 backend=CUDA0 caller=ggml_backend_sched_synchronize+0x3a

=== CUDA SYNC PROFILE (instrumentation only) ===
total_syncs = 26400
total_wait_ms = 14785.990
max_wait_us = 140269
sites = 5
wait_hist_us = logarithmic buckets
  hist[0] = 24156
  hist[1] = 1170
  hist[2] = 64
  hist[3] = 30
  hist[4] = 17
  hist[5] = 1
  hist[9] = 175
  hist[10] = 370
  hist[11] = 96
  hist[14] = 110
  hist[15] = 184
  hist[16] = 26
  hist[17] = 1
by_callsite (caller PC; symbolize with addr2line):
   0 caller=0x759fa2480c8a calls=10639 total_ms=14777.251 avg_us=1388.970 max_us=140269
   1 caller=0x759fa24800b8 calls=8685 total_ms=3.455 avg_us=0.398 max_us=25
   2 caller=0x759fa2480098 calls=3216 total_ms=2.737 avg_us=0.851 max_us=21
   3 caller=0x759fa24800d5 calls=3216 total_ms=1.298 avg_us=0.404 max_us=15
   4 caller=0x759fa247f28a calls=644 total_ms=1.249 avg_us=1.939 max_us=11
direct_cudaStreamSynchronize: calls=11607 total_ms=53.410 max_us=2583
by_direct_callsite (file:line):
   0 /opt/llama.cpp/ggml/src/ggml-cuda/ggml-cuda.cu:839 calls=11254 total_ms=46.876 avg_us=4.165 max_us=356
   1 /opt/llama.cpp/ggml/src/ggml-cuda/ggml-cuda.cu:900 calls=12 total_ms=5.894 avg_us=491.167 max_us=2583
   2 /opt/llama.cpp/ggml/src/ggml-cuda/ggml-cuda.cu:2665 calls=191 total_ms=0.394 avg_us=2.063 max_us=11
   3 /opt/llama.cpp/ggml/src/ggml-cuda/ggml-cuda.cu:847 calls=150 total_ms=0.246 avg_us=1.640 max_us=21
=== END CUDA SYNC PROFILE ===
backend-sync-trace: count=26500 backend=CUDA0 caller=ggml_backend_sched_graph_compute_async_ext+0xcb8

=== CUDA SYNC PROFILE (instrumentation only) ===
total_syncs = 26500
total_wait_ms = 14830.087
max_wait_us = 140269
sites = 5
wait_hist_us = logarithmic buckets
  hist[0] = 24251
  hist[1] = 1172
  hist[2] = 64
  hist[3] = 30
  hist[4] = 17
  hist[5] = 1
  hist[9] = 176
  hist[10] = 371
  hist[11] = 96
  hist[14] = 110
  hist[15] = 185
  hist[16] = 26
  hist[17] = 1
by_callsite (caller PC; symbolize with addr2line):
   0 caller=0x759fa2480c8a calls=10682 total_ms=14821.323 avg_us=1387.504 max_us=140269
   1 caller=0x759fa24800b8 calls=8716 total_ms=3.464 avg_us=0.397 max_us=25
   2 caller=0x759fa2480098 calls=3228 total_ms=2.750 avg_us=0.852 max_us=21
   3 caller=0x759fa24800d5 calls=3228 total_ms=1.298 avg_us=0.402 max_us=15
   4 caller=0x759fa247f28a calls=646 total_ms=1.252 avg_us=1.938 max_us=11
direct_cudaStreamSynchronize: calls=11647 total_ms=53.567 max_us=2583
by_direct_callsite (file:line):
   0 /opt/llama.cpp/ggml/src/ggml-cuda/ggml-cuda.cu:839 calls=11294 total_ms=47.033 avg_us=4.164 max_us=356
   1 /opt/llama.cpp/ggml/src/ggml-cuda/ggml-cuda.cu:900 calls=12 total_ms=5.894 avg_us=491.167 max_us=2583
   2 /opt/llama.cpp/ggml/src/ggml-cuda/ggml-cuda.cu:2665 calls=191 total_ms=0.394 avg_us=2.063 max_us=11
   3 /opt/llama.cpp/ggml/src/ggml-cuda/ggml-cuda.cu:847 calls=150 total_ms=0.246 avg_us=1.640 max_us=21
=== END CUDA SYNC PROFILE ===
backend-sync-trace: count=26600 backend=CUDA0 caller=ggml_backend_sched_graph_compute_async_ext+0xc98

=== CUDA SYNC PROFILE (instrumentation only) ===
total_syncs = 26600
total_wait_ms = 14876.035
max_wait_us = 140269
sites = 5
wait_hist_us = logarithmic buckets
  hist[0] = 24343
  hist[1] = 1176
  hist[2] = 64
  hist[3] = 30
  hist[4] = 17
  hist[5] = 1
  hist[9] = 178
  hist[10] = 372
  hist[11] = 96
  hist[14] = 110
  hist[15] = 186
  hist[16] = 26
  hist[17] = 1
by_callsite (caller PC; symbolize with addr2line):
   0 caller=0x759fa2480c8a calls=10726 total_ms=14867.242 avg_us=1386.094 max_us=140269
   1 caller=0x759fa24800b8 calls=8743 total_ms=3.474 avg_us=0.397 max_us=25
   2 caller=0x759fa2480098 calls=3242 total_ms=2.760 avg_us=0.851 max_us=21
   3 caller=0x759fa24800d5 calls=3241 total_ms=1.302 avg_us=0.402 max_us=15
   4 caller=0x759fa247f28a calls=648 total_ms=1.257 avg_us=1.940 max_us=11
direct_cudaStreamSynchronize: calls=11685 total_ms=53.720 max_us=2583
by_direct_callsite (file:line):
   0 /opt/llama.cpp/ggml/src/ggml-cuda/ggml-cuda.cu:839 calls=11332 total_ms=47.186 avg_us=4.164 max_us=356
   1 /opt/llama.cpp/ggml/src/ggml-cuda/ggml-cuda.cu:900 calls=12 total_ms=5.894 avg_us=491.167 max_us=2583
   2 /opt/llama.cpp/ggml/src/ggml-cuda/ggml-cuda.cu:2665 calls=191 total_ms=0.394 avg_us=2.063 max_us=11
   3 /opt/llama.cpp/ggml/src/ggml-cuda/ggml-cuda.cu:847 calls=150 total_ms=0.246 avg_us=1.640 max_us=21
=== END CUDA SYNC PROFILE ===

=== CUDA SYNC PROFILE (instrumentation only) ===
total_syncs = 26615
total_wait_ms = 14876.040
max_wait_us = 140269
sites = 5
wait_hist_us = logarithmic buckets
  hist[0] = 24358
  hist[1] = 1176
  hist[2] = 64
  hist[3] = 30
  hist[4] = 17
  hist[5] = 1
  hist[9] = 178
  hist[10] = 372
  hist[11] = 96
  hist[14] = 110
  hist[15] = 186
  hist[16] = 26
  hist[17] = 1
by_callsite (caller PC; symbolize with addr2line):
   0 caller=0x759fa2480c8a calls=10726 total_ms=14867.242 avg_us=1386.094 max_us=140269
   1 caller=0x759fa24800b8 calls=8757 total_ms=3.479 avg_us=0.397 max_us=25
   2 caller=0x759fa2480098 calls=3242 total_ms=2.760 avg_us=0.851 max_us=21
   3 caller=0x759fa24800d5 calls=3242 total_ms=1.302 avg_us=0.402 max_us=15
   4 caller=0x759fa247f28a calls=648 total_ms=1.257 avg_us=1.940 max_us=11
direct_cudaStreamSynchronize: calls=11700 total_ms=53.783 max_us=2583
by_direct_callsite (file:line):
   0 /opt/llama.cpp/ggml/src/ggml-cuda/ggml-cuda.cu:839 calls=11347 total_ms=47.249 avg_us=4.164 max_us=356
   1 /opt/llama.cpp/ggml/src/ggml-cuda/ggml-cuda.cu:900 calls=12 total_ms=5.894 avg_us=491.167 max_us=2583
   2 /opt/llama.cpp/ggml/src/ggml-cuda/ggml-cuda.cu:2665 calls=191 total_ms=0.394 avg_us=2.063 max_us=11
   3 /opt/llama.cpp/ggml/src/ggml-cuda/ggml-cuda.cu:847 calls=150 total_ms=0.246 avg_us=1.640 max_us=21
=== END CUDA SYNC PROFILE ===
backend-sync-trace: count=26700 backend=CUDA0 caller=ggml_backend_sched_graph_compute_async_ext+0xcb8

=== CUDA SYNC PROFILE (instrumentation only) ===
total_syncs = 26700
total_wait_ms = 14917.765
max_wait_us = 140269
sites = 5
wait_hist_us = logarithmic buckets
  hist[0] = 24428
  hist[1] = 1187
  hist[2] = 64
  hist[3] = 30
  hist[4] = 18
  hist[5] = 1
  hist[9] = 179
  hist[10] = 373
  hist[11] = 96
  hist[14] = 110
  hist[15] = 187
  hist[16] = 26
  hist[17] = 1
by_callsite (caller PC; symbolize with addr2line):
   0 caller=0x759fa2480c8a calls=10763 total_ms=14908.895 avg_us=1385.199 max_us=140269
   1 caller=0x759fa24800b8 calls=8783 total_ms=3.504 avg_us=0.399 max_us=25
   2 caller=0x759fa2480098 calls=3252 total_ms=2.793 avg_us=0.859 max_us=25
   3 caller=0x759fa24800d5 calls=3252 total_ms=1.313 avg_us=0.404 max_us=15
   4 caller=0x759fa247f28a calls=650 total_ms=1.260 avg_us=1.938 max_us=11
direct_cudaStreamSynchronize: calls=11733 total_ms=53.932 max_us=2583
by_direct_callsite (file:line):
   0 /opt/llama.cpp/ggml/src/ggml-cuda/ggml-cuda.cu:839 calls=11380 total_ms=47.398 avg_us=4.165 max_us=356
   1 /opt/llama.cpp/ggml/src/ggml-cuda/ggml-cuda.cu:900 calls=12 total_ms=5.894 avg_us=491.167 max_us=2583
   2 /opt/llama.cpp/ggml/src/ggml-cuda/ggml-cuda.cu:2665 calls=191 total_ms=0.394 avg_us=2.063 max_us=11
   3 /opt/llama.cpp/ggml/src/ggml-cuda/ggml-cuda.cu:847 calls=150 total_ms=0.246 avg_us=1.640 max_us=21
=== END CUDA SYNC PROFILE ===
backend-sync-trace: count=26800 backend=CUDA0 caller=ggml_backend_sched_synchronize+0x3a

=== CUDA SYNC PROFILE (instrumentation only) ===
total_syncs = 26800
total_wait_ms = 14987.803
max_wait_us = 140269
sites = 5
wait_hist_us = logarithmic buckets
  hist[0] = 24515
  hist[1] = 1194
  hist[2] = 66
  hist[3] = 30
  hist[4] = 18
  hist[5] = 1
  hist[9] = 180
  hist[10] = 374
  hist[11] = 96
  hist[14] = 110
  hist[15] = 189
  hist[16] = 26
  hist[17] = 1
by_callsite (caller PC; symbolize with addr2line):
   0 caller=0x759fa2480c8a calls=10803 total_ms=14978.890 avg_us=1386.549 max_us=140269
   1 caller=0x759fa24800b8 calls=8816 total_ms=3.523 avg_us=0.400 max_us=25
   2 caller=0x759fa2480098 calls=3264 total_ms=2.805 avg_us=0.859 max_us=25
   3 caller=0x759fa24800d5 calls=3264 total_ms=1.319 avg_us=0.404 max_us=15
   4 caller=0x759fa247f28a calls=653 total_ms=1.266 avg_us=1.939 max_us=11
direct_cudaStreamSynchronize: calls=11776 total_ms=54.122 max_us=2583
by_direct_callsite (file:line):
   0 /opt/llama.cpp/ggml/src/ggml-cuda/ggml-cuda.cu:839 calls=11423 total_ms=47.588 avg_us=4.166 max_us=356
   1 /opt/llama.cpp/ggml/src/ggml-cuda/ggml-cuda.cu:900 calls=12 total_ms=5.894 avg_us=491.167 max_us=2583
   2 /opt/llama.cpp/ggml/src/ggml-cuda/ggml-cuda.cu:2665 calls=191 total_ms=0.394 avg_us=2.063 max_us=11
   3 /opt/llama.cpp/ggml/src/ggml-cuda/ggml-cuda.cu:847 calls=150 total_ms=0.246 avg_us=1.640 max_us=21
=== END CUDA SYNC PROFILE ===

=== CUDA SYNC PROFILE (instrumentation only) ===
total_syncs = 26868
total_wait_ms = 14989.703
max_wait_us = 140269
sites = 5
wait_hist_us = logarithmic buckets
  hist[0] = 24578
  hist[1] = 1197
  hist[2] = 66
  hist[3] = 30
  hist[4] = 18
  hist[5] = 1
  hist[9] = 182
  hist[10] = 374
  hist[11] = 96
  hist[14] = 110
  hist[15] = 189
  hist[16] = 26
  hist[17] = 1
by_callsite (caller PC; symbolize with addr2line):
   0 caller=0x759fa2480c8a calls=10837 total_ms=14980.772 avg_us=1382.373 max_us=140269
   1 caller=0x759fa24800b8 calls=8833 total_ms=3.530 avg_us=0.400 max_us=25
   2 caller=0x759fa2480098 calls=3272 total_ms=2.812 avg_us=0.859 max_us=25
   3 caller=0x759fa24800d5 calls=3272 total_ms=1.321 avg_us=0.404 max_us=15
   4 caller=0x759fa247f28a calls=654 total_ms=1.268 avg_us=1.939 max_us=11
direct_cudaStreamSynchronize: calls=11800 total_ms=54.219 max_us=2583
by_direct_callsite (file:line):
   0 /opt/llama.cpp/ggml/src/ggml-cuda/ggml-cuda.cu:839 calls=11447 total_ms=47.685 avg_us=4.166 max_us=356
   1 /opt/llama.cpp/ggml/src/ggml-cuda/ggml-cuda.cu:900 calls=12 total_ms=5.894 avg_us=491.167 max_us=2583
   2 /opt/llama.cpp/ggml/src/ggml-cuda/ggml-cuda.cu:2665 calls=191 total_ms=0.394 avg_us=2.063 max_us=11
   3 /opt/llama.cpp/ggml/src/ggml-cuda/ggml-cuda.cu:847 calls=150 total_ms=0.246 avg_us=1.640 max_us=21
=== END CUDA SYNC PROFILE ===
backend-sync-trace: count=26900 backend=CUDA0 caller=ggml_backend_sched_synchronize+0x3a

=== CUDA SYNC PROFILE (instrumentation only) ===
total_syncs = 26900
total_wait_ms = 15018.844
max_wait_us = 140269
sites = 5
wait_hist_us = logarithmic buckets
  hist[0] = 24609
  hist[1] = 1197
  hist[2] = 66
  hist[3] = 30
  hist[4] = 18
  hist[5] = 1
  hist[9] = 182
  hist[10] = 374
  hist[11] = 96
  hist[14] = 111
  hist[15] = 189
  hist[16] = 26
  hist[17] = 1
by_callsite (caller PC; symbolize with addr2line):
   0 caller=0x759fa2480c8a calls=10854 total_ms=15009.906 avg_us=1382.892 max_us=140269
   1 caller=0x759fa24800b8 calls=8843 total_ms=3.535 avg_us=0.400 max_us=25
   2 caller=0x759fa2480098 calls=3274 total_ms=2.813 avg_us=0.859 max_us=25
   3 caller=0x759fa24800d5 calls=3274 total_ms=1.321 avg_us=0.403 max_us=15
   4 caller=0x759fa247f28a calls=655 total_ms=1.269 avg_us=1.937 max_us=11
direct_cudaStreamSynchronize: calls=11811 total_ms=54.260 max_us=2583
by_direct_callsite (file:line):
   0 /opt/llama.cpp/ggml/src/ggml-cuda/ggml-cuda.cu:839 calls=11458 total_ms=47.726 avg_us=4.165 max_us=356
   1 /opt/llama.cpp/ggml/src/ggml-cuda/ggml-cuda.cu:900 calls=12 total_ms=5.894 avg_us=491.167 max_us=2583
   2 /opt/llama.cpp/ggml/src/ggml-cuda/ggml-cuda.cu:2665 calls=191 total_ms=0.394 avg_us=2.063 max_us=11
   3 /opt/llama.cpp/ggml/src/ggml-cuda/ggml-cuda.cu:847 calls=150 total_ms=0.246 avg_us=1.640 max_us=21
=== END CUDA SYNC PROFILE ===
backend-sync-trace: count=27000 backend=CUDA0 caller=ggml_backend_sched_synchronize+0x3a

=== CUDA SYNC PROFILE (instrumentation only) ===
total_syncs = 27000
total_wait_ms = 15052.386
max_wait_us = 140269
sites = 5
wait_hist_us = logarithmic buckets
  hist[0] = 24700
  hist[1] = 1202
  hist[2] = 66
  hist[3] = 30
  hist[4] = 18
  hist[5] = 1
  hist[9] = 182
  hist[10] = 377
  hist[11] = 96
  hist[14] = 112
  hist[15] = 189
  hist[16] = 26
  hist[17] = 1
by_callsite (caller PC; symbolize with addr2line):
   0 caller=0x759fa2480c8a calls=10896 total_ms=15043.421 avg_us=1380.637 max_us=140269
   1 caller=0x759fa24800b8 calls=8874 total_ms=3.542 avg_us=0.399 max_us=25
   2 caller=0x759fa2480098 calls=3286 total_ms=2.821 avg_us=0.858 max_us=25
   3 caller=0x759fa24800d5 calls=3286 total_ms=1.327 avg_us=0.404 max_us=15
   4 caller=0x759fa247f28a calls=658 total_ms=1.275 avg_us=1.938 max_us=11
direct_cudaStreamSynchronize: calls=11852 total_ms=54.424 max_us=2583
by_direct_callsite (file:line):
   0 /opt/llama.cpp/ggml/src/ggml-cuda/ggml-cuda.cu:839 calls=11499 total_ms=47.890 avg_us=4.165 max_us=356
   1 /opt/llama.cpp/ggml/src/ggml-cuda/ggml-cuda.cu:900 calls=12 total_ms=5.894 avg_us=491.167 max_us=2583
   2 /opt/llama.cpp/ggml/src/ggml-cuda/ggml-cuda.cu:2665 calls=191 total_ms=0.394 avg_us=2.063 max_us=11
   3 /opt/llama.cpp/ggml/src/ggml-cuda/ggml-cuda.cu:847 calls=150 total_ms=0.246 avg_us=1.640 max_us=21
=== END CUDA SYNC PROFILE ===
backend-sync-trace: count=27100 backend=CUDA0 caller=ggml_backend_sched_synchronize+0x3a

=== CUDA SYNC PROFILE (instrumentation only) ===
total_syncs = 27100
total_wait_ms = 15093.158
max_wait_us = 140269
sites = 5
wait_hist_us = logarithmic buckets
  hist[0] = 24794
  hist[1] = 1204
  hist[2] = 66
  hist[3] = 30
  hist[4] = 18
  hist[5] = 1
  hist[9] = 183
  hist[10] = 379
  hist[11] = 96
  hist[14] = 112
  hist[15] = 190
  hist[16] = 26
  hist[17] = 1
by_callsite (caller PC; symbolize with addr2line):
   0 caller=0x759fa2480c8a calls=10939 total_ms=15084.166 avg_us=1378.935 max_us=140269
   1 caller=0x759fa24800b8 calls=8905 total_ms=3.554 avg_us=0.399 max_us=25
   2 caller=0x759fa2480098 calls=3298 total_ms=2.829 avg_us=0.858 max_us=25
   3 caller=0x759fa24800d5 calls=3298 total_ms=1.331 avg_us=0.404 max_us=15
   4 caller=0x759fa247f28a calls=660 total_ms=1.278 avg_us=1.936 max_us=11
direct_cudaStreamSynchronize: calls=11893 total_ms=54.586 max_us=2583
by_direct_callsite (file:line):
   0 /opt/llama.cpp/ggml/src/ggml-cuda/ggml-cuda.cu:839 calls=11540 total_ms=48.052 avg_us=4.164 max_us=356
   1 /opt/llama.cpp/ggml/src/ggml-cuda/ggml-cuda.cu:900 calls=12 total_ms=5.894 avg_us=491.167 max_us=2583
   2 /opt/llama.cpp/ggml/src/ggml-cuda/ggml-cuda.cu:2665 calls=191 total_ms=0.394 avg_us=2.063 max_us=11
   3 /opt/llama.cpp/ggml/src/ggml-cuda/ggml-cuda.cu:847 calls=150 total_ms=0.246 avg_us=1.640 max_us=21
=== END CUDA SYNC PROFILE ===

=== CUDA SYNC PROFILE (instrumentation only) ===
total_syncs = 27115
total_wait_ms = 15093.164
max_wait_us = 140269
sites = 5
wait_hist_us = logarithmic buckets
  hist[0] = 24808
  hist[1] = 1205
  hist[2] = 66
  hist[3] = 30
  hist[4] = 18
  hist[5] = 1
  hist[9] = 183
  hist[10] = 379
  hist[11] = 96
  hist[14] = 112
  hist[15] = 190
  hist[16] = 26
  hist[17] = 1
by_callsite (caller PC; symbolize with addr2line):
   0 caller=0x759fa2480c8a calls=10942 total_ms=15084.167 avg_us=1378.557 max_us=140269
   1 caller=0x759fa24800b8 calls=8909 total_ms=3.555 avg_us=0.399 max_us=25
   2 caller=0x759fa2480098 calls=3302 total_ms=2.832 avg_us=0.858 max_us=25
   3 caller=0x759fa24800d5 calls=3302 total_ms=1.332 avg_us=0.403 max_us=15
   4 caller=0x759fa247f28a calls=660 total_ms=1.278 avg_us=1.936 max_us=11
direct_cudaStreamSynchronize: calls=11900 total_ms=54.629 max_us=2583
by_direct_callsite (file:line):
   0 /opt/llama.cpp/ggml/src/ggml-cuda/ggml-cuda.cu:839 calls=11547 total_ms=48.095 avg_us=4.165 max_us=356
   1 /opt/llama.cpp/ggml/src/ggml-cuda/ggml-cuda.cu:900 calls=12 total_ms=5.894 avg_us=491.167 max_us=2583
   2 /opt/llama.cpp/ggml/src/ggml-cuda/ggml-cuda.cu:2665 calls=191 total_ms=0.394 avg_us=2.063 max_us=11
   3 /opt/llama.cpp/ggml/src/ggml-cuda/ggml-cuda.cu:847 calls=150 total_ms=0.246 avg_us=1.640 max_us=21
=== END CUDA SYNC PROFILE ===
backend-sync-trace: count=27200 backend=CUDA0 caller=ggml_backend_sched_graph_compute_async_ext+0xcb8

=== CUDA SYNC PROFILE (instrumentation only) ===
total_syncs = 27200
total_wait_ms = 15158.388
max_wait_us = 140269
sites = 5
wait_hist_us = logarithmic buckets
  hist[0] = 24887
  hist[1] = 1208
  hist[2] = 66
  hist[3] = 30
  hist[4] = 18
  hist[5] = 1
  hist[9] = 184
  hist[10] = 380
  hist[11] = 96
  hist[14] = 112
  hist[15] = 191
  hist[16] = 26
  hist[17] = 1
by_callsite (caller PC; symbolize with addr2line):
   0 caller=0x759fa2480c8a calls=10967 total_ms=15149.363 avg_us=1381.359 max_us=140269
   1 caller=0x759fa24800b8 calls=8947 total_ms=3.570 avg_us=0.399 max_us=25
   2 caller=0x759fa2480098 calls=3312 total_ms=2.842 avg_us=0.858 max_us=25
   3 caller=0x759fa24800d5 calls=3312 total_ms=1.332 avg_us=0.402 max_us=15
   4 caller=0x759fa247f28a calls=662 total_ms=1.281 avg_us=1.935 max_us=11
direct_cudaStreamSynchronize: calls=11945 total_ms=54.809 max_us=2583
by_direct_callsite (file:line):
   0 /opt/llama.cpp/ggml/src/ggml-cuda/ggml-cuda.cu:839 calls=11592 total_ms=48.275 avg_us=4.165 max_us=356
   1 /opt/llama.cpp/ggml/src/ggml-cuda/ggml-cuda.cu:900 calls=12 total_ms=5.894 avg_us=491.167 max_us=2583
   2 /opt/llama.cpp/ggml/src/ggml-cuda/ggml-cuda.cu:2665 calls=191 total_ms=0.394 avg_us=2.063 max_us=11
   3 /opt/llama.cpp/ggml/src/ggml-cuda/ggml-cuda.cu:847 calls=150 total_ms=0.246 avg_us=1.640 max_us=21
=== END CUDA SYNC PROFILE ===
backend-sync-trace: count=27300 backend=CUDA0 caller=ggml_backend_sched_synchronize+0x3a

=== CUDA SYNC PROFILE (instrumentation only) ===
total_syncs = 27300
total_wait_ms = 15223.094
max_wait_us = 140269
sites = 5
wait_hist_us = logarithmic buckets
  hist[0] = 24981
  hist[1] = 1210
  hist[2] = 66
  hist[3] = 30
  hist[4] = 18
  hist[5] = 1
  hist[9] = 185
  hist[10] = 381
  hist[11] = 96
  hist[14] = 113
  hist[15] = 192
  hist[16] = 26
  hist[17] = 1
by_callsite (caller PC; symbolize with addr2line):
   0 caller=0x759fa2480c8a calls=11009 total_ms=15214.035 avg_us=1381.963 max_us=140269
   1 caller=0x759fa24800b8 calls=8978 total_ms=3.586 avg_us=0.399 max_us=25
   2 caller=0x759fa2480098 calls=3324 total_ms=2.849 avg_us=0.857 max_us=25
   3 caller=0x759fa24800d5 calls=3324 total_ms=1.339 avg_us=0.403 max_us=15
   4 caller=0x759fa247f28a calls=665 total_ms=1.285 avg_us=1.932 max_us=11
direct_cudaStreamSynchronize: calls=11986 total_ms=54.983 max_us=2583
by_direct_callsite (file:line):
   0 /opt/llama.cpp/ggml/src/ggml-cuda/ggml-cuda.cu:839 calls=11633 total_ms=48.449 avg_us=4.165 max_us=356
   1 /opt/llama.cpp/ggml/src/ggml-cuda/ggml-cuda.cu:900 calls=12 total_ms=5.894 avg_us=491.167 max_us=2583
   2 /opt/llama.cpp/ggml/src/ggml-cuda/ggml-cuda.cu:2665 calls=191 total_ms=0.394 avg_us=2.063 max_us=11
   3 /opt/llama.cpp/ggml/src/ggml-cuda/ggml-cuda.cu:847 calls=150 total_ms=0.246 avg_us=1.640 max_us=21
=== END CUDA SYNC PROFILE ===

=== CUDA SYNC PROFILE (instrumentation only) ===
total_syncs = 27341
total_wait_ms = 15226.116
max_wait_us = 140269
sites = 5
wait_hist_us = logarithmic buckets
  hist[0] = 25018
  hist[1] = 1212
  hist[2] = 66
  hist[3] = 30
  hist[4] = 18
  hist[5] = 1
  hist[9] = 185
  hist[10] = 383
  hist[11] = 96
  hist[14] = 113
  hist[15] = 192
  hist[16] = 26
  hist[17] = 1
by_callsite (caller PC; symbolize with addr2line):
   0 caller=0x759fa2480c8a calls=11029 total_ms=15217.046 avg_us=1379.730 max_us=140269
   1 caller=0x759fa24800b8 calls=8986 total_ms=3.590 avg_us=0.400 max_us=25
   2 caller=0x759fa2480098 calls=3330 total_ms=2.854 avg_us=0.857 max_us=25
   3 caller=0x759fa24800d5 calls=3330 total_ms=1.339 avg_us=0.402 max_us=15
   4 caller=0x759fa247f28a calls=666 total_ms=1.287 avg_us=1.932 max_us=11
direct_cudaStreamSynchronize: calls=12000 total_ms=55.029 max_us=2583
by_direct_callsite (file:line):
   0 /opt/llama.cpp/ggml/src/ggml-cuda/ggml-cuda.cu:839 calls=11647 total_ms=48.495 avg_us=4.164 max_us=356
   1 /opt/llama.cpp/ggml/src/ggml-cuda/ggml-cuda.cu:900 calls=12 total_ms=5.894 avg_us=491.167 max_us=2583
   2 /opt/llama.cpp/ggml/src/ggml-cuda/ggml-cuda.cu:2665 calls=191 total_ms=0.394 avg_us=2.063 max_us=11
   3 /opt/llama.cpp/ggml/src/ggml-cuda/ggml-cuda.cu:847 calls=150 total_ms=0.246 avg_us=1.640 max_us=21
=== END CUDA SYNC PROFILE ===
backend-sync-trace: count=27400 backend=CUDA0 caller=ggml_backend_sched_graph_compute_async_ext+0xcb8

=== CUDA SYNC PROFILE (instrumentation only) ===
total_syncs = 27400
total_wait_ms = 15259.817
max_wait_us = 140269
sites = 5
wait_hist_us = logarithmic buckets
  hist[0] = 25073
  hist[1] = 1215
  hist[2] = 66
  hist[3] = 30
  hist[4] = 18
  hist[5] = 1
  hist[9] = 185
  hist[10] = 383
  hist[11] = 96
  hist[14] = 113
  hist[15] = 193
  hist[16] = 26
  hist[17] = 1
by_callsite (caller PC; symbolize with addr2line):
   0 caller=0x759fa2480c8a calls=11052 total_ms=15250.726 avg_us=1379.906 max_us=140269
   1 caller=0x759fa24800b8 calls=9008 total_ms=3.601 avg_us=0.400 max_us=25
   2 caller=0x759fa2480098 calls=3336 total_ms=2.858 avg_us=0.857 max_us=25
   3 caller=0x759fa24800d5 calls=3336 total_ms=1.341 avg_us=0.402 max_us=15
   4 caller=0x759fa247f28a calls=668 total_ms=1.291 avg_us=1.933 max_us=11
direct_cudaStreamSynchronize: calls=12025 total_ms=55.165 max_us=2583
by_direct_callsite (file:line):
   0 /opt/llama.cpp/ggml/src/ggml-cuda/ggml-cuda.cu:839 calls=11672 total_ms=48.631 avg_us=4.166 max_us=356
   1 /opt/llama.cpp/ggml/src/ggml-cuda/ggml-cuda.cu:900 calls=12 total_ms=5.894 avg_us=491.167 max_us=2583
   2 /opt/llama.cpp/ggml/src/ggml-cuda/ggml-cuda.cu:2665 calls=191 total_ms=0.394 avg_us=2.063 max_us=11
   3 /opt/llama.cpp/ggml/src/ggml-cuda/ggml-cuda.cu:847 calls=150 total_ms=0.246 avg_us=1.640 max_us=21
=== END CUDA SYNC PROFILE ===
backend-sync-trace: count=27500 backend=CUDA0 caller=ggml_backend_sched_graph_compute_async_ext+0xc98

=== CUDA SYNC PROFILE (instrumentation only) ===
total_syncs = 27500
total_wait_ms = 15303.250
max_wait_us = 140269
sites = 5
wait_hist_us = logarithmic buckets
  hist[0] = 25154
  hist[1] = 1228
  hist[2] = 66
  hist[3] = 31
  hist[4] = 18
  hist[5] = 1
  hist[9] = 185
  hist[10] = 386
  hist[11] = 97
  hist[14] = 113
  hist[15] = 194
  hist[16] = 26
  hist[17] = 1
by_callsite (caller PC; symbolize with addr2line):
   0 caller=0x759fa2480c8a calls=11091 total_ms=15294.092 avg_us=1378.964 max_us=140269
   1 caller=0x759fa24800b8 calls=9040 total_ms=3.631 avg_us=0.402 max_us=25
   2 caller=0x759fa2480098 calls=3350 total_ms=2.880 avg_us=0.860 max_us=25
   3 caller=0x759fa24800d5 calls=3349 total_ms=1.352 avg_us=0.404 max_us=15
   4 caller=0x759fa247f28a calls=670 total_ms=1.295 avg_us=1.933 max_us=11
direct_cudaStreamSynchronize: calls=12069 total_ms=55.353 max_us=2583
by_direct_callsite (file:line):
   0 /opt/llama.cpp/ggml/src/ggml-cuda/ggml-cuda.cu:839 calls=11716 total_ms=48.819 avg_us=4.167 max_us=356
   1 /opt/llama.cpp/ggml/src/ggml-cuda/ggml-cuda.cu:900 calls=12 total_ms=5.894 avg_us=491.167 max_us=2583
   2 /opt/llama.cpp/ggml/src/ggml-cuda/ggml-cuda.cu:2665 calls=191 total_ms=0.394 avg_us=2.063 max_us=11
   3 /opt/llama.cpp/ggml/src/ggml-cuda/ggml-cuda.cu:847 calls=150 total_ms=0.246 avg_us=1.640 max_us=21
=== END CUDA SYNC PROFILE ===

=== CUDA SYNC PROFILE (instrumentation only) ===
total_syncs = 27573
total_wait_ms = 15379.034
max_wait_us = 140269
sites = 5
wait_hist_us = logarithmic buckets
  hist[0] = 25224
  hist[1] = 1229
  hist[2] = 66
  hist[3] = 31
  hist[4] = 18
  hist[5] = 1
  hist[9] = 186
  hist[10] = 386
  hist[11] = 97
  hist[14] = 113
  hist[15] = 194
  hist[16] = 27
  hist[17] = 1
by_callsite (caller PC; symbolize with addr2line):
   0 caller=0x759fa2480c8a calls=11121 total_ms=15369.853 avg_us=1382.057 max_us=140269
   1 caller=0x759fa24800b8 calls=9064 total_ms=3.642 avg_us=0.402 max_us=25
   2 caller=0x759fa2480098 calls=3358 total_ms=2.884 avg_us=0.859 max_us=25
   3 caller=0x759fa24800d5 calls=3358 total_ms=1.357 avg_us=0.404 max_us=15
   4 caller=0x759fa247f28a calls=672 total_ms=1.298 avg_us=1.932 max_us=11
direct_cudaStreamSynchronize: calls=12100 total_ms=55.479 max_us=2583
by_direct_callsite (file:line):
   0 /opt/llama.cpp/ggml/src/ggml-cuda/ggml-cuda.cu:839 calls=11747 total_ms=48.945 avg_us=4.167 max_us=356
   1 /opt/llama.cpp/ggml/src/ggml-cuda/ggml-cuda.cu:900 calls=12 total_ms=5.894 avg_us=491.167 max_us=2583
   2 /opt/llama.cpp/ggml/src/ggml-cuda/ggml-cuda.cu:2665 calls=191 total_ms=0.394 avg_us=2.063 max_us=11
   3 /opt/llama.cpp/ggml/src/ggml-cuda/ggml-cuda.cu:847 calls=150 total_ms=0.246 avg_us=1.640 max_us=21
=== END CUDA SYNC PROFILE ===
backend-sync-trace: count=27600 backend=CUDA0 caller=ggml_backend_sched_graph_compute_async_ext+0xcb8

=== CUDA SYNC PROFILE (instrumentation only) ===
total_syncs = 27600
total_wait_ms = 15379.977
max_wait_us = 140269
sites = 5
wait_hist_us = logarithmic buckets
  hist[0] = 25249
  hist[1] = 1230
  hist[2] = 66
  hist[3] = 31
  hist[4] = 18
  hist[5] = 1
  hist[9] = 187
  hist[10] = 386
  hist[11] = 97
  hist[14] = 113
  hist[15] = 194
  hist[16] = 27
  hist[17] = 1
by_callsite (caller PC; symbolize with addr2line):
   0 caller=0x759fa2480c8a calls=11128 total_ms=15370.785 avg_us=1381.271 max_us=140269
   1 caller=0x759fa24800b8 calls=9076 total_ms=3.649 avg_us=0.402 max_us=25
   2 caller=0x759fa2480098 calls=3362 total_ms=2.887 avg_us=0.859 max_us=25
   3 caller=0x759fa24800d5 calls=3362 total_ms=1.358 avg_us=0.404 max_us=15
   4 caller=0x759fa247f28a calls=672 total_ms=1.298 avg_us=1.932 max_us=11
direct_cudaStreamSynchronize: calls=12114 total_ms=55.542 max_us=2583
by_direct_callsite (file:line):
   0 /opt/llama.cpp/ggml/src/ggml-cuda/ggml-cuda.cu:839 calls=11761 total_ms=49.008 avg_us=4.167 max_us=356
   1 /opt/llama.cpp/ggml/src/ggml-cuda/ggml-cuda.cu:900 calls=12 total_ms=5.894 avg_us=491.167 max_us=2583
   2 /opt/llama.cpp/ggml/src/ggml-cuda/ggml-cuda.cu:2665 calls=191 total_ms=0.394 avg_us=2.063 max_us=11
   3 /opt/llama.cpp/ggml/src/ggml-cuda/ggml-cuda.cu:847 calls=150 total_ms=0.246 avg_us=1.640 max_us=21
=== END CUDA SYNC PROFILE ===
backend-sync-trace: count=27700 backend=CUDA0 caller=ggml_backend_sched_graph_compute_async_ext+0xcb8

=== CUDA SYNC PROFILE (instrumentation only) ===
total_syncs = 27700
total_wait_ms = 15455.487
max_wait_us = 140269
sites = 5
wait_hist_us = logarithmic buckets
  hist[0] = 25343
  hist[1] = 1232
  hist[2] = 66
  hist[3] = 31
  hist[4] = 18
  hist[5] = 1
  hist[9] = 188
  hist[10] = 387
  hist[11] = 97
  hist[14] = 113
  hist[15] = 196
  hist[16] = 27
  hist[17] = 1
by_callsite (caller PC; symbolize with addr2line):
   0 caller=0x759fa2480c8a calls=11167 total_ms=15446.264 avg_us=1383.206 max_us=140269
   1 caller=0x759fa24800b8 calls=9110 total_ms=3.665 avg_us=0.402 max_us=25
   2 caller=0x759fa2480098 calls=3374 total_ms=2.894 avg_us=0.858 max_us=25
   3 caller=0x759fa24800d5 calls=3374 total_ms=1.362 avg_us=0.404 max_us=15
   4 caller=0x759fa247f28a calls=675 total_ms=1.302 avg_us=1.929 max_us=11
direct_cudaStreamSynchronize: calls=12158 total_ms=55.718 max_us=2583
by_direct_callsite (file:line):
   0 /opt/llama.cpp/ggml/src/ggml-cuda/ggml-cuda.cu:839 calls=11805 total_ms=49.184 avg_us=4.166 max_us=356
   1 /opt/llama.cpp/ggml/src/ggml-cuda/ggml-cuda.cu:900 calls=12 total_ms=5.894 avg_us=491.167 max_us=2583
   2 /opt/llama.cpp/ggml/src/ggml-cuda/ggml-cuda.cu:2665 calls=191 total_ms=0.394 avg_us=2.063 max_us=11
   3 /opt/llama.cpp/ggml/src/ggml-cuda/ggml-cuda.cu:847 calls=150 total_ms=0.246 avg_us=1.640 max_us=21
=== END CUDA SYNC PROFILE ===
backend-sync-trace: count=27800 backend=CUDA0 caller=ggml_backend_sched_graph_compute_async_ext+0xc98

=== CUDA SYNC PROFILE (instrumentation only) ===
total_syncs = 27800
total_wait_ms = 15489.184
max_wait_us = 140269
sites = 5
wait_hist_us = logarithmic buckets
  hist[0] = 25437
  hist[1] = 1235
  hist[2] = 66
  hist[3] = 31
  hist[4] = 18
  hist[5] = 1
  hist[9] = 189
  hist[10] = 388
  hist[11] = 97
  hist[14] = 114
  hist[15] = 196
  hist[16] = 27
  hist[17] = 1
by_callsite (caller PC; symbolize with addr2line):
   0 caller=0x759fa2480c8a calls=11213 total_ms=15479.935 avg_us=1380.535 max_us=140269
   1 caller=0x759fa24800b8 calls=9140 total_ms=3.676 avg_us=0.402 max_us=25
   2 caller=0x759fa2480098 calls=3385 total_ms=2.901 avg_us=0.857 max_us=25
   3 caller=0x759fa24800d5 calls=3384 total_ms=1.365 avg_us=0.403 max_us=15
   4 caller=0x759fa247f28a calls=678 total_ms=1.307 avg_us=1.928 max_us=11
direct_cudaStreamSynchronize: calls=12196 total_ms=55.868 max_us=2583
by_direct_callsite (file:line):
   0 /opt/llama.cpp/ggml/src/ggml-cuda/ggml-cuda.cu:839 calls=11843 total_ms=49.334 avg_us=4.166 max_us=356
   1 /opt/llama.cpp/ggml/src/ggml-cuda/ggml-cuda.cu:900 calls=12 total_ms=5.894 avg_us=491.167 max_us=2583
   2 /opt/llama.cpp/ggml/src/ggml-cuda/ggml-cuda.cu:2665 calls=191 total_ms=0.394 avg_us=2.063 max_us=11
   3 /opt/llama.cpp/ggml/src/ggml-cuda/ggml-cuda.cu:847 calls=150 total_ms=0.246 avg_us=1.640 max_us=21
=== END CUDA SYNC PROFILE ===

=== CUDA SYNC PROFILE (instrumentation only) ===
total_syncs = 27805
total_wait_ms = 15489.186
max_wait_us = 140269
sites = 5
wait_hist_us = logarithmic buckets
  hist[0] = 25442
  hist[1] = 1235
  hist[2] = 66
  hist[3] = 31
  hist[4] = 18
  hist[5] = 1
  hist[9] = 189
  hist[10] = 388
  hist[11] = 97
  hist[14] = 114
  hist[15] = 196
  hist[16] = 27
  hist[17] = 1
by_callsite (caller PC; symbolize with addr2line):
   0 caller=0x759fa2480c8a calls=11213 total_ms=15479.935 avg_us=1380.535 max_us=140269
   1 caller=0x759fa24800b8 calls=9142 total_ms=3.677 avg_us=0.402 max_us=25
   2 caller=0x759fa2480098 calls=3386 total_ms=2.901 avg_us=0.857 max_us=25
   3 caller=0x759fa24800d5 calls=3386 total_ms=1.366 avg_us=0.403 max_us=15
   4 caller=0x759fa247f28a calls=678 total_ms=1.307 avg_us=1.928 max_us=11
direct_cudaStreamSynchronize: calls=12200 total_ms=55.882 max_us=2583
by_direct_callsite (file:line):
   0 /opt/llama.cpp/ggml/src/ggml-cuda/ggml-cuda.cu:839 calls=11847 total_ms=49.348 avg_us=4.165 max_us=356
   1 /opt/llama.cpp/ggml/src/ggml-cuda/ggml-cuda.cu:900 calls=12 total_ms=5.894 avg_us=491.167 max_us=2583
   2 /opt/llama.cpp/ggml/src/ggml-cuda/ggml-cuda.cu:2665 calls=191 total_ms=0.394 avg_us=2.063 max_us=11
   3 /opt/llama.cpp/ggml/src/ggml-cuda/ggml-cuda.cu:847 calls=150 total_ms=0.246 avg_us=1.640 max_us=21
=== END CUDA SYNC PROFILE ===
backend-sync-trace: count=27900 backend=CUDA0 caller=ggml_backend_sched_synchronize+0x3a

=== CUDA SYNC PROFILE (instrumentation only) ===
total_syncs = 27900
total_wait_ms = 15525.220
max_wait_us = 140269
sites = 5
wait_hist_us = logarithmic buckets
  hist[0] = 25530
  hist[1] = 1238
  hist[2] = 66
  hist[3] = 31
  hist[4] = 18
  hist[5] = 1
  hist[9] = 191
  hist[10] = 389
  hist[11] = 97
  hist[14] = 114
  hist[15] = 197
  hist[16] = 27
  hist[17] = 1
by_callsite (caller PC; symbolize with addr2line):
   0 caller=0x759fa2480c8a calls=11257 total_ms=15515.946 avg_us=1378.338 max_us=140269
   1 caller=0x759fa24800b8 calls=9171 total_ms=3.688 avg_us=0.402 max_us=25
   2 caller=0x759fa2480098 calls=3396 total_ms=2.907 avg_us=0.856 max_us=25
   3 caller=0x759fa24800d5 calls=3396 total_ms=1.369 avg_us=0.403 max_us=15
   4 caller=0x759fa247f28a calls=680 total_ms=1.310 avg_us=1.926 max_us=11
direct_cudaStreamSynchronize: calls=12237 total_ms=56.026 max_us=2583
by_direct_callsite (file:line):
   0 /opt/llama.cpp/ggml/src/ggml-cuda/ggml-cuda.cu:839 calls=11884 total_ms=49.492 avg_us=4.165 max_us=356
   1 /opt/llama.cpp/ggml/src/ggml-cuda/ggml-cuda.cu:900 calls=12 total_ms=5.894 avg_us=491.167 max_us=2583
   2 /opt/llama.cpp/ggml/src/ggml-cuda/ggml-cuda.cu:2665 calls=191 total_ms=0.394 avg_us=2.063 max_us=11
   3 /opt/llama.cpp/ggml/src/ggml-cuda/ggml-cuda.cu:847 calls=150 total_ms=0.246 avg_us=1.640 max_us=21
=== END CUDA SYNC PROFILE ===
backend-sync-trace: count=28000 backend=CUDA0 caller=ggml_backend_sched_graph_compute_async_ext+0xcb8

=== CUDA SYNC PROFILE (instrumentation only) ===
total_syncs = 28000
total_wait_ms = 15580.990
max_wait_us = 140269
sites = 5
wait_hist_us = logarithmic buckets
  hist[0] = 25624
  hist[1] = 1240
  hist[2] = 66
  hist[3] = 31
  hist[4] = 18
  hist[5] = 1
  hist[9] = 191
  hist[10] = 391
  hist[11] = 98
  hist[14] = 114
  hist[15] = 198
  hist[16] = 27
  hist[17] = 1
by_callsite (caller PC; symbolize with addr2line):
   0 caller=0x759fa2480c8a calls=11289 total_ms=15571.684 avg_us=1379.368 max_us=140269
   1 caller=0x759fa24800b8 calls=9205 total_ms=3.702 avg_us=0.402 max_us=25
   2 caller=0x759fa2480098 calls=3412 total_ms=2.917 avg_us=0.855 max_us=25
   3 caller=0x759fa24800d5 calls=3412 total_ms=1.375 avg_us=0.403 max_us=15
   4 caller=0x759fa247f28a calls=682 total_ms=1.312 avg_us=1.924 max_us=11
direct_cudaStreamSynchronize: calls=12283 total_ms=56.206 max_us=2583
by_direct_callsite (file:line):
   0 /opt/llama.cpp/ggml/src/ggml-cuda/ggml-cuda.cu:839 calls=11930 total_ms=49.672 avg_us=4.164 max_us=356
   1 /opt/llama.cpp/ggml/src/ggml-cuda/ggml-cuda.cu:900 calls=12 total_ms=5.894 avg_us=491.167 max_us=2583
   2 /opt/llama.cpp/ggml/src/ggml-cuda/ggml-cuda.cu:2665 calls=191 total_ms=0.394 avg_us=2.063 max_us=11
   3 /opt/llama.cpp/ggml/src/ggml-cuda/ggml-cuda.cu:847 calls=150 total_ms=0.246 avg_us=1.640 max_us=21
=== END CUDA SYNC PROFILE ===

=== CUDA SYNC PROFILE (instrumentation only) ===
total_syncs = 28021
total_wait_ms = 15622.317
max_wait_us = 140269
sites = 5
wait_hist_us = logarithmic buckets
  hist[0] = 25643
  hist[1] = 1241
  hist[2] = 66
  hist[3] = 31
  hist[4] = 18
  hist[5] = 1
  hist[9] = 191
  hist[10] = 391
  hist[11] = 98
  hist[14] = 114
  hist[15] = 199
  hist[16] = 27
  hist[17] = 1
by_callsite (caller PC; symbolize with addr2line):
   0 caller=0x759fa2480c8a calls=11291 total_ms=15613.001 avg_us=1382.783 max_us=140269
   1 caller=0x759fa24800b8 calls=9219 total_ms=3.708 avg_us=0.402 max_us=25
   2 caller=0x759fa2480098 calls=3414 total_ms=2.918 avg_us=0.855 max_us=25
   3 caller=0x759fa24800d5 calls=3414 total_ms=1.376 avg_us=0.403 max_us=15
   4 caller=0x759fa247f28a calls=683 total_ms=1.314 avg_us=1.924 max_us=11
direct_cudaStreamSynchronize: calls=12300 total_ms=56.320 max_us=2583
by_direct_callsite (file:line):
   0 /opt/llama.cpp/ggml/src/ggml-cuda/ggml-cuda.cu:839 calls=11947 total_ms=49.786 avg_us=4.167 max_us=356
   1 /opt/llama.cpp/ggml/src/ggml-cuda/ggml-cuda.cu:900 calls=12 total_ms=5.894 avg_us=491.167 max_us=2583
   2 /opt/llama.cpp/ggml/src/ggml-cuda/ggml-cuda.cu:2665 calls=191 total_ms=0.394 avg_us=2.063 max_us=11
   3 /opt/llama.cpp/ggml/src/ggml-cuda/ggml-cuda.cu:847 calls=150 total_ms=0.246 avg_us=1.640 max_us=21
=== END CUDA SYNC PROFILE ===
backend-sync-trace: count=28100 backend=CUDA0 caller=ggml_backend_sched_synchronize+0x3a

=== CUDA SYNC PROFILE (instrumentation only) ===
total_syncs = 28100
total_wait_ms = 15682.006
max_wait_us = 140269
sites = 5
wait_hist_us = logarithmic buckets
  hist[0] = 25717
  hist[1] = 1243
  hist[2] = 66
  hist[3] = 31
  hist[4] = 18
  hist[5] = 1
  hist[9] = 191
  hist[10] = 392
  hist[11] = 99
  hist[14] = 114
  hist[15] = 200
  hist[16] = 27
  hist[17] = 1
by_callsite (caller PC; symbolize with addr2line):
   0 caller=0x759fa2480c8a calls=11328 total_ms=15672.669 avg_us=1383.534 max_us=140269
   1 caller=0x759fa24800b8 calls=9244 total_ms=3.718 avg_us=0.402 max_us=25
   2 caller=0x759fa2480098 calls=3422 total_ms=2.925 avg_us=0.855 max_us=25
   3 caller=0x759fa24800d5 calls=3422 total_ms=1.378 avg_us=0.403 max_us=15
   4 caller=0x759fa247f28a calls=684 total_ms=1.316 avg_us=1.924 max_us=11
direct_cudaStreamSynchronize: calls=12331 total_ms=56.436 max_us=2583
by_direct_callsite (file:line):
   0 /opt/llama.cpp/ggml/src/ggml-cuda/ggml-cuda.cu:839 calls=11978 total_ms=49.902 avg_us=4.166 max_us=356
   1 /opt/llama.cpp/ggml/src/ggml-cuda/ggml-cuda.cu:900 calls=12 total_ms=5.894 avg_us=491.167 max_us=2583
   2 /opt/llama.cpp/ggml/src/ggml-cuda/ggml-cuda.cu:2665 calls=191 total_ms=0.394 avg_us=2.063 max_us=11
   3 /opt/llama.cpp/ggml/src/ggml-cuda/ggml-cuda.cu:847 calls=150 total_ms=0.246 avg_us=1.640 max_us=21
=== END CUDA SYNC PROFILE ===
backend-sync-trace: count=28200 backend=CUDA0 caller=ggml_backend_sched_synchronize+0x3a

=== CUDA SYNC PROFILE (instrumentation only) ===
total_syncs = 28200
total_wait_ms = 15725.571
max_wait_us = 140269
sites = 5
wait_hist_us = logarithmic buckets
  hist[0] = 25811
  hist[1] = 1245
  hist[2] = 66
  hist[3] = 32
  hist[4] = 18
  hist[5] = 1
  hist[9] = 192
  hist[10] = 393
  hist[11] = 99
  hist[14] = 114
  hist[15] = 201
  hist[16] = 27
  hist[17] = 1
by_callsite (caller PC; symbolize with addr2line):
   0 caller=0x759fa2480c8a calls=11370 total_ms=15716.208 avg_us=1382.252 max_us=140269
   1 caller=0x759fa24800b8 calls=9275 total_ms=3.730 avg_us=0.402 max_us=25
   2 caller=0x759fa2480098 calls=3434 total_ms=2.932 avg_us=0.854 max_us=25
   3 caller=0x759fa24800d5 calls=3434 total_ms=1.381 avg_us=0.402 max_us=15
   4 caller=0x759fa247f28a calls=687 total_ms=1.320 avg_us=1.921 max_us=11
direct_cudaStreamSynchronize: calls=12371 total_ms=56.603 max_us=2583
by_direct_callsite (file:line):
   0 /opt/llama.cpp/ggml/src/ggml-cuda/ggml-cuda.cu:839 calls=12018 total_ms=50.069 avg_us=4.166 max_us=356
   1 /opt/llama.cpp/ggml/src/ggml-cuda/ggml-cuda.cu:900 calls=12 total_ms=5.894 avg_us=491.167 max_us=2583
   2 /opt/llama.cpp/ggml/src/ggml-cuda/ggml-cuda.cu:2665 calls=191 total_ms=0.394 avg_us=2.063 max_us=11
   3 /opt/llama.cpp/ggml/src/ggml-cuda/ggml-cuda.cu:847 calls=150 total_ms=0.246 avg_us=1.640 max_us=21
=== END CUDA SYNC PROFILE ===

=== CUDA SYNC PROFILE (instrumentation only) ===
total_syncs = 28269
total_wait_ms = 15728.967
max_wait_us = 140269
sites = 5
wait_hist_us = logarithmic buckets
  hist[0] = 25876
  hist[1] = 1247
  hist[2] = 66
  hist[3] = 32
  hist[4] = 18
  hist[5] = 1
  hist[9] = 192
  hist[10] = 394
  hist[11] = 100
  hist[14] = 114
  hist[15] = 201
  hist[16] = 27
  hist[17] = 1
by_callsite (caller PC; symbolize with addr2line):
   0 caller=0x759fa2480c8a calls=11400 total_ms=15719.584 avg_us=1378.911 max_us=140269
   1 caller=0x759fa24800b8 calls=9297 total_ms=3.738 avg_us=0.402 max_us=25
   2 caller=0x759fa2480098 calls=3442 total_ms=2.938 avg_us=0.854 max_us=25
   3 caller=0x759fa24800d5 calls=3442 total_ms=1.385 avg_us=0.402 max_us=15
   4 caller=0x759fa247f28a calls=688 total_ms=1.322 avg_us=1.922 max_us=11
direct_cudaStreamSynchronize: calls=12400 total_ms=56.714 max_us=2583
by_direct_callsite (file:line):
   0 /opt/llama.cpp/ggml/src/ggml-cuda/ggml-cuda.cu:839 calls=12047 total_ms=50.180 avg_us=4.165 max_us=356
   1 /opt/llama.cpp/ggml/src/ggml-cuda/ggml-cuda.cu:900 calls=12 total_ms=5.894 avg_us=491.167 max_us=2583
   2 /opt/llama.cpp/ggml/src/ggml-cuda/ggml-cuda.cu:2665 calls=191 total_ms=0.394 avg_us=2.063 max_us=11
   3 /opt/llama.cpp/ggml/src/ggml-cuda/ggml-cuda.cu:847 calls=150 total_ms=0.246 avg_us=1.640 max_us=21
=== END CUDA SYNC PROFILE ===
backend-sync-trace: count=28300 backend=CUDA0 caller=ggml_backend_sched_synchronize+0x3a

=== CUDA SYNC PROFILE (instrumentation only) ===
total_syncs = 28300
total_wait_ms = 15768.962
max_wait_us = 140269
sites = 5
wait_hist_us = logarithmic buckets
  hist[0] = 25904
  hist[1] = 1248
  hist[2] = 67
  hist[3] = 32
  hist[4] = 18
  hist[5] = 1
  hist[9] = 192
  hist[10] = 394
  hist[11] = 100
  hist[14] = 114
  hist[15] = 202
  hist[16] = 27
  hist[17] = 1
by_callsite (caller PC; symbolize with addr2line):
   0 caller=0x759fa2480c8a calls=11421 total_ms=15759.573 avg_us=1379.877 max_us=140269
   1 caller=0x759fa24800b8 calls=9302 total_ms=3.740 avg_us=0.402 max_us=25
   2 caller=0x759fa2480098 calls=3444 total_ms=2.939 avg_us=0.853 max_us=25
   3 caller=0x759fa24800d5 calls=3444 total_ms=1.386 avg_us=0.402 max_us=15
   4 caller=0x759fa247f28a calls=689 total_ms=1.324 avg_us=1.922 max_us=11
direct_cudaStreamSynchronize: calls=12406 total_ms=56.743 max_us=2583
by_direct_callsite (file:line):
   0 /opt/llama.cpp/ggml/src/ggml-cuda/ggml-cuda.cu:839 calls=12053 total_ms=50.209 avg_us=4.166 max_us=356
   1 /opt/llama.cpp/ggml/src/ggml-cuda/ggml-cuda.cu:900 calls=12 total_ms=5.894 avg_us=491.167 max_us=2583
   2 /opt/llama.cpp/ggml/src/ggml-cuda/ggml-cuda.cu:2665 calls=191 total_ms=0.394 avg_us=2.063 max_us=11
   3 /opt/llama.cpp/ggml/src/ggml-cuda/ggml-cuda.cu:847 calls=150 total_ms=0.246 avg_us=1.640 max_us=21
=== END CUDA SYNC PROFILE ===
backend-sync-trace: count=28400 backend=CUDA0 caller=ggml_backend_sched_synchronize+0x3a

=== CUDA SYNC PROFILE (instrumentation only) ===
total_syncs = 28400
total_wait_ms = 15804.559
max_wait_us = 140269
sites = 5
wait_hist_us = logarithmic buckets
  hist[0] = 25994
  hist[1] = 1253
  hist[2] = 68
  hist[3] = 32
  hist[4] = 18
  hist[5] = 1
  hist[9] = 193
  hist[10] = 396
  hist[11] = 100
  hist[14] = 115
  hist[15] = 202
  hist[16] = 27
  hist[17] = 1
by_callsite (caller PC; symbolize with addr2line):
   0 caller=0x759fa2480c8a calls=11463 total_ms=15795.134 avg_us=1377.923 max_us=140269
   1 caller=0x759fa24800b8 calls=9333 total_ms=3.755 avg_us=0.402 max_us=25
   2 caller=0x759fa2480098 calls=3456 total_ms=2.946 avg_us=0.852 max_us=25
   3 caller=0x759fa24800d5 calls=3456 total_ms=1.394 avg_us=0.403 max_us=15
   4 caller=0x759fa247f28a calls=692 total_ms=1.330 avg_us=1.922 max_us=11
direct_cudaStreamSynchronize: calls=12447 total_ms=56.926 max_us=2583
by_direct_callsite (file:line):
   0 /opt/llama.cpp/ggml/src/ggml-cuda/ggml-cuda.cu:839 calls=12094 total_ms=50.392 avg_us=4.167 max_us=356
   1 /opt/llama.cpp/ggml/src/ggml-cuda/ggml-cuda.cu:900 calls=12 total_ms=5.894 avg_us=491.167 max_us=2583
   2 /opt/llama.cpp/ggml/src/ggml-cuda/ggml-cuda.cu:2665 calls=191 total_ms=0.394 avg_us=2.063 max_us=11
   3 /opt/llama.cpp/ggml/src/ggml-cuda/ggml-cuda.cu:847 calls=150 total_ms=0.246 avg_us=1.640 max_us=21
=== END CUDA SYNC PROFILE ===
backend-sync-trace: count=28500 backend=CUDA0 caller=ggml_backend_sched_graph_compute_async_ext+0xc98

=== CUDA SYNC PROFILE (instrumentation only) ===
total_syncs = 28500
total_wait_ms = 15851.107
max_wait_us = 140269
sites = 5
wait_hist_us = logarithmic buckets
  hist[0] = 26084
  hist[1] = 1257
  hist[2] = 70
  hist[3] = 32
  hist[4] = 18
  hist[5] = 1
  hist[9] = 193
  hist[10] = 398
  hist[11] = 101
  hist[14] = 115
  hist[15] = 203
  hist[16] = 27
  hist[17] = 1
by_callsite (caller PC; symbolize with addr2line):
   0 caller=0x759fa2480c8a calls=11505 total_ms=15841.647 avg_us=1376.936 max_us=140269
   1 caller=0x759fa24800b8 calls=9364 total_ms=3.770 avg_us=0.403 max_us=25
   2 caller=0x759fa2480098 calls=3469 total_ms=2.959 avg_us=0.853 max_us=25
   3 caller=0x759fa24800d5 calls=3468 total_ms=1.396 avg_us=0.403 max_us=15
   4 caller=0x759fa247f28a calls=694 total_ms=1.335 avg_us=1.924 max_us=11
direct_cudaStreamSynchronize: calls=12488 total_ms=57.085 max_us=2583
by_direct_callsite (file:line):
   0 /opt/llama.cpp/ggml/src/ggml-cuda/ggml-cuda.cu:839 calls=12135 total_ms=50.551 avg_us=4.166 max_us=356
   1 /opt/llama.cpp/ggml/src/ggml-cuda/ggml-cuda.cu:900 calls=12 total_ms=5.894 avg_us=491.167 max_us=2583
   2 /opt/llama.cpp/ggml/src/ggml-cuda/ggml-cuda.cu:2665 calls=191 total_ms=0.394 avg_us=2.063 max_us=11
   3 /opt/llama.cpp/ggml/src/ggml-cuda/ggml-cuda.cu:847 calls=150 total_ms=0.246 avg_us=1.640 max_us=21
=== END CUDA SYNC PROFILE ===

=== CUDA SYNC PROFILE (instrumentation only) ===
total_syncs = 28516
total_wait_ms = 15851.111
max_wait_us = 140269
sites = 5
wait_hist_us = logarithmic buckets
  hist[0] = 26100
  hist[1] = 1257
  hist[2] = 70
  hist[3] = 32
  hist[4] = 18
  hist[5] = 1
  hist[9] = 193
  hist[10] = 398
  hist[11] = 101
  hist[14] = 115
  hist[15] = 203
  hist[16] = 27
  hist[17] = 1
by_callsite (caller PC; symbolize with addr2line):
   0 caller=0x759fa2480c8a calls=11505 total_ms=15841.647 avg_us=1376.936 max_us=140269
   1 caller=0x759fa24800b8 calls=9373 total_ms=3.772 avg_us=0.402 max_us=25
   2 caller=0x759fa2480098 calls=3472 total_ms=2.960 avg_us=0.853 max_us=25
   3 caller=0x759fa24800d5 calls=3472 total_ms=1.397 avg_us=0.402 max_us=15
   4 caller=0x759fa247f28a calls=694 total_ms=1.335 avg_us=1.924 max_us=11
direct_cudaStreamSynchronize: calls=12500 total_ms=57.141 max_us=2583
by_direct_callsite (file:line):
   0 /opt/llama.cpp/ggml/src/ggml-cuda/ggml-cuda.cu:839 calls=12147 total_ms=50.607 avg_us=4.166 max_us=356
   1 /opt/llama.cpp/ggml/src/ggml-cuda/ggml-cuda.cu:900 calls=12 total_ms=5.894 avg_us=491.167 max_us=2583
   2 /opt/llama.cpp/ggml/src/ggml-cuda/ggml-cuda.cu:2665 calls=191 total_ms=0.394 avg_us=2.063 max_us=11
   3 /opt/llama.cpp/ggml/src/ggml-cuda/ggml-cuda.cu:847 calls=150 total_ms=0.246 avg_us=1.640 max_us=21
=== END CUDA SYNC PROFILE ===
backend-sync-trace: count=28600 backend=CUDA0 caller=ggml_backend_sched_graph_compute_async_ext+0xcb8

=== CUDA SYNC PROFILE (instrumentation only) ===
total_syncs = 28600
total_wait_ms = 15897.519
max_wait_us = 140269
sites = 5
wait_hist_us = logarithmic buckets
  hist[0] = 26177
  hist[1] = 1260
  hist[2] = 71
  hist[3] = 32
  hist[4] = 18
  hist[5] = 1
  hist[9] = 193
  hist[10] = 398
  hist[11] = 103
  hist[14] = 115
  hist[15] = 204
  hist[16] = 27
  hist[17] = 1
by_callsite (caller PC; symbolize with addr2line):
   0 caller=0x759fa2480c8a calls=11542 total_ms=15888.031 avg_us=1376.541 max_us=140269
   1 caller=0x759fa24800b8 calls=9398 total_ms=3.780 avg_us=0.402 max_us=25
   2 caller=0x759fa2480098 calls=3482 total_ms=2.968 avg_us=0.852 max_us=25
   3 caller=0x759fa24800d5 calls=3482 total_ms=1.401 avg_us=0.402 max_us=15
   4 caller=0x759fa247f28a calls=696 total_ms=1.339 avg_us=1.924 max_us=11
direct_cudaStreamSynchronize: calls=12532 total_ms=57.275 max_us=2583
by_direct_callsite (file:line):
   0 /opt/llama.cpp/ggml/src/ggml-cuda/ggml-cuda.cu:839 calls=12179 total_ms=50.741 avg_us=4.166 max_us=356
   1 /opt/llama.cpp/ggml/src/ggml-cuda/ggml-cuda.cu:900 calls=12 total_ms=5.894 avg_us=491.167 max_us=2583
   2 /opt/llama.cpp/ggml/src/ggml-cuda/ggml-cuda.cu:2665 calls=191 total_ms=0.394 avg_us=2.063 max_us=11
   3 /opt/llama.cpp/ggml/src/ggml-cuda/ggml-cuda.cu:847 calls=150 total_ms=0.246 avg_us=1.640 max_us=21
=== END CUDA SYNC PROFILE ===
backend-sync-trace: count=28700 backend=CUDA0 caller=ggml_backend_sched_graph_compute_async_ext+0xc98

=== CUDA SYNC PROFILE (instrumentation only) ===
total_syncs = 28700
total_wait_ms = 16067.126
max_wait_us = 140269
sites = 5
wait_hist_us = logarithmic buckets
  hist[0] = 26268
  hist[1] = 1265
  hist[2] = 71
  hist[3] = 32
  hist[4] = 18
  hist[5] = 1
  hist[9] = 193
  hist[10] = 399
  hist[11] = 104
  hist[14] = 115
  hist[15] = 204
  hist[16] = 29
  hist[17] = 1
by_callsite (caller PC; symbolize with addr2line):
   0 caller=0x759fa2480c8a calls=11581 total_ms=16057.600 avg_us=1386.547 max_us=140269
   1 caller=0x759fa24800b8 calls=9433 total_ms=3.797 avg_us=0.403 max_us=25
   2 caller=0x759fa2480098 calls=3494 total_ms=2.977 avg_us=0.852 max_us=25
   3 caller=0x759fa24800d5 calls=3493 total_ms=1.407 avg_us=0.403 max_us=15
   4 caller=0x759fa247f28a calls=699 total_ms=1.345 avg_us=1.924 max_us=11
direct_cudaStreamSynchronize: calls=12577 total_ms=57.444 max_us=2583
by_direct_callsite (file:line):
   0 /opt/llama.cpp/ggml/src/ggml-cuda/ggml-cuda.cu:839 calls=12224 total_ms=50.910 avg_us=4.165 max_us=356
   1 /opt/llama.cpp/ggml/src/ggml-cuda/ggml-cuda.cu:900 calls=12 total_ms=5.894 avg_us=491.167 max_us=2583
   2 /opt/llama.cpp/ggml/src/ggml-cuda/ggml-cuda.cu:2665 calls=191 total_ms=0.394 avg_us=2.063 max_us=11
   3 /opt/llama.cpp/ggml/src/ggml-cuda/ggml-cuda.cu:847 calls=150 total_ms=0.246 avg_us=1.640 max_us=21
=== END CUDA SYNC PROFILE ===

=== CUDA SYNC PROFILE (instrumentation only) ===
total_syncs = 28769
total_wait_ms = 16070.956
max_wait_us = 140269
sites = 5
wait_hist_us = logarithmic buckets
  hist[0] = 26334
  hist[1] = 1266
  hist[2] = 71
  hist[3] = 32
  hist[4] = 18
  hist[5] = 1
  hist[9] = 193
  hist[10] = 400
  hist[11] = 105
  hist[14] = 115
  hist[15] = 204
  hist[16] = 29
  hist[17] = 1
by_callsite (caller PC; symbolize with addr2line):
   0 caller=0x759fa2480c8a calls=11616 total_ms=16061.416 avg_us=1382.698 max_us=140269
   1 caller=0x759fa24800b8 calls=9449 total_ms=3.801 avg_us=0.402 max_us=25
   2 caller=0x759fa2480098 calls=3502 total_ms=2.983 avg_us=0.852 max_us=25
   3 caller=0x759fa24800d5 calls=3502 total_ms=1.410 avg_us=0.403 max_us=15
   4 caller=0x759fa247f28a calls=700 total_ms=1.346 avg_us=1.923 max_us=11
direct_cudaStreamSynchronize: calls=12600 total_ms=57.552 max_us=2583
by_direct_callsite (file:line):
   0 /opt/llama.cpp/ggml/src/ggml-cuda/ggml-cuda.cu:839 calls=12247 total_ms=51.018 avg_us=4.166 max_us=356
   1 /opt/llama.cpp/ggml/src/ggml-cuda/ggml-cuda.cu:900 calls=12 total_ms=5.894 avg_us=491.167 max_us=2583
   2 /opt/llama.cpp/ggml/src/ggml-cuda/ggml-cuda.cu:2665 calls=191 total_ms=0.394 avg_us=2.063 max_us=11
   3 /opt/llama.cpp/ggml/src/ggml-cuda/ggml-cuda.cu:847 calls=150 total_ms=0.246 avg_us=1.640 max_us=21
=== END CUDA SYNC PROFILE ===
backend-sync-trace: count=28800 backend=CUDA0 caller=ggml_backend_sched_synchronize+0x3a

=== CUDA SYNC PROFILE (instrumentation only) ===
total_syncs = 28800
total_wait_ms = 16116.802
max_wait_us = 140269
sites = 5
wait_hist_us = logarithmic buckets
  hist[0] = 26363
  hist[1] = 1267
  hist[2] = 71
  hist[3] = 32
  hist[4] = 18
  hist[5] = 1
  hist[9] = 193
  hist[10] = 400
  hist[11] = 105
  hist[14] = 115
  hist[15] = 205
  hist[16] = 29
  hist[17] = 1
by_callsite (caller PC; symbolize with addr2line):
   0 caller=0x759fa2480c8a calls=11627 total_ms=16107.253 avg_us=1385.332 max_us=140269
   1 caller=0x759fa24800b8 calls=9464 total_ms=3.808 avg_us=0.402 max_us=25
   2 caller=0x759fa2480098 calls=3504 total_ms=2.984 avg_us=0.852 max_us=25
   3 caller=0x759fa24800d5 calls=3504 total_ms=1.410 avg_us=0.402 max_us=15
   4 caller=0x759fa247f28a calls=701 total_ms=1.347 avg_us=1.922 max_us=11
direct_cudaStreamSynchronize: calls=12616 total_ms=57.608 max_us=2583
by_direct_callsite (file:line):
   0 /opt/llama.cpp/ggml/src/ggml-cuda/ggml-cuda.cu:839 calls=12263 total_ms=51.074 avg_us=4.165 max_us=356
   1 /opt/llama.cpp/ggml/src/ggml-cuda/ggml-cuda.cu:900 calls=12 total_ms=5.894 avg_us=491.167 max_us=2583
   2 /opt/llama.cpp/ggml/src/ggml-cuda/ggml-cuda.cu:2665 calls=191 total_ms=0.394 avg_us=2.063 max_us=11
   3 /opt/llama.cpp/ggml/src/ggml-cuda/ggml-cuda.cu:847 calls=150 total_ms=0.246 avg_us=1.640 max_us=21
=== END CUDA SYNC PROFILE ===
backend-sync-trace: count=28900 backend=CUDA0 caller=ggml_backend_sched_graph_compute_async_ext+0xcb8

=== CUDA SYNC PROFILE (instrumentation only) ===
total_syncs = 28900
total_wait_ms = 16151.162
max_wait_us = 140269
sites = 5
wait_hist_us = logarithmic buckets
  hist[0] = 26456
  hist[1] = 1271
  hist[2] = 71
  hist[3] = 32
  hist[4] = 18
  hist[5] = 1
  hist[9] = 194
  hist[10] = 401
  hist[11] = 105
  hist[14] = 116
  hist[15] = 205
  hist[16] = 29
  hist[17] = 1
by_callsite (caller PC; symbolize with addr2line):
   0 caller=0x759fa2480c8a calls=11670 total_ms=16141.582 avg_us=1383.169 max_us=140269
   1 caller=0x759fa24800b8 calls=9494 total_ms=3.819 avg_us=0.402 max_us=25
   2 caller=0x759fa2480098 calls=3516 total_ms=2.994 avg_us=0.852 max_us=25
   3 caller=0x759fa24800d5 calls=3516 total_ms=1.415 avg_us=0.402 max_us=15
   4 caller=0x759fa247f28a calls=704 total_ms=1.352 avg_us=1.920 max_us=11
direct_cudaStreamSynchronize: calls=12655 total_ms=57.765 max_us=2583
by_direct_callsite (file:line):
   0 /opt/llama.cpp/ggml/src/ggml-cuda/ggml-cuda.cu:839 calls=12302 total_ms=51.231 avg_us=4.164 max_us=356
   1 /opt/llama.cpp/ggml/src/ggml-cuda/ggml-cuda.cu:900 calls=12 total_ms=5.894 avg_us=491.167 max_us=2583
   2 /opt/llama.cpp/ggml/src/ggml-cuda/ggml-cuda.cu:2665 calls=191 total_ms=0.394 avg_us=2.063 max_us=11
   3 /opt/llama.cpp/ggml/src/ggml-cuda/ggml-cuda.cu:847 calls=150 total_ms=0.246 avg_us=1.640 max_us=21
=== END CUDA SYNC PROFILE ===
backend-sync-trace: count=29000 backend=CUDA0 caller=ggml_backend_sched_synchronize+0x3a

=== CUDA SYNC PROFILE (instrumentation only) ===
total_syncs = 29000
total_wait_ms = 16196.407
max_wait_us = 140269
sites = 5
wait_hist_us = logarithmic buckets
  hist[0] = 26548
  hist[1] = 1274
  hist[2] = 71
  hist[3] = 32
  hist[4] = 18
  hist[5] = 1
  hist[9] = 195
  hist[10] = 404
  hist[11] = 105
  hist[14] = 116
  hist[15] = 206
  hist[16] = 29
  hist[17] = 1
by_callsite (caller PC; symbolize with addr2line):
   0 caller=0x759fa2480c8a calls=11712 total_ms=16186.798 avg_us=1382.070 max_us=140269
   1 caller=0x759fa24800b8 calls=9526 total_ms=3.829 avg_us=0.402 max_us=25
   2 caller=0x759fa2480098 calls=3528 total_ms=3.004 avg_us=0.851 max_us=25
   3 caller=0x759fa24800d5 calls=3528 total_ms=1.420 avg_us=0.402 max_us=15
   4 caller=0x759fa247f28a calls=706 total_ms=1.356 avg_us=1.921 max_us=11
direct_cudaStreamSynchronize: calls=12698 total_ms=57.931 max_us=2583
by_direct_callsite (file:line):
   0 /opt/llama.cpp/ggml/src/ggml-cuda/ggml-cuda.cu:839 calls=12345 total_ms=51.397 avg_us=4.163 max_us=356
   1 /opt/llama.cpp/ggml/src/ggml-cuda/ggml-cuda.cu:900 calls=12 total_ms=5.894 avg_us=491.167 max_us=2583
   2 /opt/llama.cpp/ggml/src/ggml-cuda/ggml-cuda.cu:2665 calls=191 total_ms=0.394 avg_us=2.063 max_us=11
   3 /opt/llama.cpp/ggml/src/ggml-cuda/ggml-cuda.cu:847 calls=150 total_ms=0.246 avg_us=1.640 max_us=21
=== END CUDA SYNC PROFILE ===

=== CUDA SYNC PROFILE (instrumentation only) ===
total_syncs = 29007
total_wait_ms = 16196.411
max_wait_us = 140269
sites = 5
wait_hist_us = logarithmic buckets
  hist[0] = 26554
  hist[1] = 1275
  hist[2] = 71
  hist[3] = 32
  hist[4] = 18
  hist[5] = 1
  hist[9] = 195
  hist[10] = 404
  hist[11] = 105
  hist[14] = 116
  hist[15] = 206
  hist[16] = 29
  hist[17] = 1
by_callsite (caller PC; symbolize with addr2line):
   0 caller=0x759fa2480c8a calls=11715 total_ms=16186.798 avg_us=1381.716 max_us=140269
   1 caller=0x759fa24800b8 calls=9526 total_ms=3.829 avg_us=0.402 max_us=25
   2 caller=0x759fa2480098 calls=3530 total_ms=3.007 avg_us=0.852 max_us=25
   3 caller=0x759fa24800d5 calls=3530 total_ms=1.421 avg_us=0.403 max_us=15
   4 caller=0x759fa247f28a calls=706 total_ms=1.356 avg_us=1.921 max_us=11
direct_cudaStreamSynchronize: calls=12700 total_ms=57.940 max_us=2583
by_direct_callsite (file:line):
   0 /opt/llama.cpp/ggml/src/ggml-cuda/ggml-cuda.cu:839 calls=12347 total_ms=51.406 avg_us=4.163 max_us=356
   1 /opt/llama.cpp/ggml/src/ggml-cuda/ggml-cuda.cu:900 calls=12 total_ms=5.894 avg_us=491.167 max_us=2583
   2 /opt/llama.cpp/ggml/src/ggml-cuda/ggml-cuda.cu:2665 calls=191 total_ms=0.394 avg_us=2.063 max_us=11
   3 /opt/llama.cpp/ggml/src/ggml-cuda/ggml-cuda.cu:847 calls=150 total_ms=0.246 avg_us=1.640 max_us=21
=== END CUDA SYNC PROFILE ===
backend-sync-trace: count=29100 backend=CUDA0 caller=ggml_backend_sched_graph_compute_async_ext+0xcb8

=== CUDA SYNC PROFILE (instrumentation only) ===
total_syncs = 29100
total_wait_ms = 16237.536
max_wait_us = 140269
sites = 5
wait_hist_us = logarithmic buckets
  hist[0] = 26642
  hist[1] = 1277
  hist[2] = 71
  hist[3] = 32
  hist[4] = 18
  hist[5] = 1
  hist[9] = 196
  hist[10] = 405
  hist[11] = 105
  hist[14] = 116
  hist[15] = 207
  hist[16] = 29
  hist[17] = 1
by_callsite (caller PC; symbolize with addr2line):
   0 caller=0x759fa2480c8a calls=11752 total_ms=16227.894 avg_us=1380.862 max_us=140269
   1 caller=0x759fa24800b8 calls=9556 total_ms=3.843 avg_us=0.402 max_us=25
   2 caller=0x759fa2480098 calls=3542 total_ms=3.014 avg_us=0.851 max_us=25
   3 caller=0x759fa24800d5 calls=3542 total_ms=1.426 avg_us=0.403 max_us=15
   4 caller=0x759fa247f28a calls=708 total_ms=1.359 avg_us=1.919 max_us=11
direct_cudaStreamSynchronize: calls=12738 total_ms=58.117 max_us=2583
by_direct_callsite (file:line):
   0 /opt/llama.cpp/ggml/src/ggml-cuda/ggml-cuda.cu:839 calls=12385 total_ms=51.583 avg_us=4.165 max_us=356
   1 /opt/llama.cpp/ggml/src/ggml-cuda/ggml-cuda.cu:900 calls=12 total_ms=5.894 avg_us=491.167 max_us=2583
   2 /opt/llama.cpp/ggml/src/ggml-cuda/ggml-cuda.cu:2665 calls=191 total_ms=0.394 avg_us=2.063 max_us=11
   3 /opt/llama.cpp/ggml/src/ggml-cuda/ggml-cuda.cu:847 calls=150 total_ms=0.246 avg_us=1.640 max_us=21
=== END CUDA SYNC PROFILE ===
backend-sync-trace: count=29200 backend=CUDA0 caller=ggml_backend_sched_synchronize+0x3a

=== CUDA SYNC PROFILE (instrumentation only) ===
total_syncs = 29200
total_wait_ms = 16312.110
max_wait_us = 140269
sites = 5
wait_hist_us = logarithmic buckets
  hist[0] = 26736
  hist[1] = 1279
  hist[2] = 71
  hist[3] = 32
  hist[4] = 18
  hist[5] = 1
  hist[9] = 196
  hist[10] = 407
  hist[11] = 105
  hist[14] = 116
  hist[15] = 209
  hist[16] = 29
  hist[17] = 1
by_callsite (caller PC; symbolize with addr2line):
   0 caller=0x759fa2480c8a calls=11791 total_ms=16302.439 avg_us=1382.617 max_us=140269
   1 caller=0x759fa24800b8 calls=9595 total_ms=3.857 avg_us=0.402 max_us=25
   2 caller=0x759fa2480098 calls=3552 total_ms=3.021 avg_us=0.851 max_us=25
   3 caller=0x759fa24800d5 calls=3552 total_ms=1.431 avg_us=0.403 max_us=15
   4 caller=0x759fa247f28a calls=710 total_ms=1.362 avg_us=1.918 max_us=11
direct_cudaStreamSynchronize: calls=12786 total_ms=58.311 max_us=2583
by_direct_callsite (file:line):
   0 /opt/llama.cpp/ggml/src/ggml-cuda/ggml-cuda.cu:839 calls=12433 total_ms=51.777 avg_us=4.164 max_us=356
   1 /opt/llama.cpp/ggml/src/ggml-cuda/ggml-cuda.cu:900 calls=12 total_ms=5.894 avg_us=491.167 max_us=2583
   2 /opt/llama.cpp/ggml/src/ggml-cuda/ggml-cuda.cu:2665 calls=191 total_ms=0.394 avg_us=2.063 max_us=11
   3 /opt/llama.cpp/ggml/src/ggml-cuda/ggml-cuda.cu:847 calls=150 total_ms=0.246 avg_us=1.640 max_us=21
=== END CUDA SYNC PROFILE ===

=== CUDA SYNC PROFILE (instrumentation only) ===
total_syncs = 29239
total_wait_ms = 16313.064
max_wait_us = 140269
sites = 5
wait_hist_us = logarithmic buckets
  hist[0] = 26771
  hist[1] = 1282
  hist[2] = 71
  hist[3] = 32
  hist[4] = 18
  hist[5] = 1
  hist[9] = 197
  hist[10] = 407
  hist[11] = 105
  hist[14] = 116
  hist[15] = 209
  hist[16] = 29
  hist[17] = 1
by_callsite (caller PC; symbolize with addr2line):
   0 caller=0x759fa2480c8a calls=11807 total_ms=16303.383 avg_us=1380.823 max_us=140269
   1 caller=0x759fa24800b8 calls=9604 total_ms=3.861 avg_us=0.402 max_us=25
   2 caller=0x759fa2480098 calls=3558 total_ms=3.023 avg_us=0.850 max_us=25
   3 caller=0x759fa24800d5 calls=3558 total_ms=1.431 avg_us=0.402 max_us=15
   4 caller=0x759fa247f28a calls=712 total_ms=1.366 avg_us=1.919 max_us=11
direct_cudaStreamSynchronize: calls=12800 total_ms=58.370 max_us=2583
by_direct_callsite (file:line):
   0 /opt/llama.cpp/ggml/src/ggml-cuda/ggml-cuda.cu:839 calls=12447 total_ms=51.836 avg_us=4.165 max_us=356
   1 /opt/llama.cpp/ggml/src/ggml-cuda/ggml-cuda.cu:900 calls=12 total_ms=5.894 avg_us=491.167 max_us=2583
   2 /opt/llama.cpp/ggml/src/ggml-cuda/ggml-cuda.cu:2665 calls=191 total_ms=0.394 avg_us=2.063 max_us=11
   3 /opt/llama.cpp/ggml/src/ggml-cuda/ggml-cuda.cu:847 calls=150 total_ms=0.246 avg_us=1.640 max_us=21
=== END CUDA SYNC PROFILE ===
backend-sync-trace: count=29300 backend=CUDA0 caller=ggml_backend_sched_synchronize+0x3a

=== CUDA SYNC PROFILE (instrumentation only) ===
total_syncs = 29300
total_wait_ms = 16350.082
max_wait_us = 140269
sites = 5
wait_hist_us = logarithmic buckets
  hist[0] = 26827
  hist[1] = 1285
  hist[2] = 71
  hist[3] = 32
  hist[4] = 18
  hist[5] = 1
  hist[9] = 198
  hist[10] = 407
  hist[11] = 105
  hist[14] = 116
  hist[15] = 210
  hist[16] = 29
  hist[17] = 1
by_callsite (caller PC; symbolize with addr2line):
   0 caller=0x759fa2480c8a calls=11833 total_ms=16340.385 avg_us=1380.917 max_us=140269
   1 caller=0x759fa24800b8 calls=9626 total_ms=3.870 avg_us=0.402 max_us=25
   2 caller=0x759fa2480098 calls=3564 total_ms=3.028 avg_us=0.850 max_us=25
   3 caller=0x759fa24800d5 calls=3564 total_ms=1.431 avg_us=0.402 max_us=15
   4 caller=0x759fa247f28a calls=713 total_ms=1.368 avg_us=1.919 max_us=11
direct_cudaStreamSynchronize: calls=12826 total_ms=58.476 max_us=2583
by_direct_callsite (file:line):
   0 /opt/llama.cpp/ggml/src/ggml-cuda/ggml-cuda.cu:839 calls=12473 total_ms=51.942 avg_us=4.164 max_us=356
   1 /opt/llama.cpp/ggml/src/ggml-cuda/ggml-cuda.cu:900 calls=12 total_ms=5.894 avg_us=491.167 max_us=2583
   2 /opt/llama.cpp/ggml/src/ggml-cuda/ggml-cuda.cu:2665 calls=191 total_ms=0.394 avg_us=2.063 max_us=11
   3 /opt/llama.cpp/ggml/src/ggml-cuda/ggml-cuda.cu:847 calls=150 total_ms=0.246 avg_us=1.640 max_us=21
=== END CUDA SYNC PROFILE ===
backend-sync-trace: count=29400 backend=CUDA0 caller=ggml_backend_sched_graph_compute_async_ext+0xcb8

=== CUDA SYNC PROFILE (instrumentation only) ===
total_syncs = 29400
total_wait_ms = 16397.393
max_wait_us = 140269
sites = 5
wait_hist_us = logarithmic buckets
  hist[0] = 26919
  hist[1] = 1289
  hist[2] = 71
  hist[3] = 32
  hist[4] = 18
  hist[5] = 1
  hist[9] = 199
  hist[10] = 408
  hist[11] = 106
  hist[14] = 116
  hist[15] = 211
  hist[16] = 29
  hist[17] = 1
by_callsite (caller PC; symbolize with addr2line):
   0 caller=0x759fa2480c8a calls=11869 total_ms=16387.660 avg_us=1380.711 max_us=140269
   1 caller=0x759fa24800b8 calls=9659 total_ms=3.885 avg_us=0.402 max_us=25
   2 caller=0x759fa2480098 calls=3578 total_ms=3.035 avg_us=0.848 max_us=25
   3 caller=0x759fa24800d5 calls=3578 total_ms=1.439 avg_us=0.402 max_us=15
   4 caller=0x759fa247f28a calls=716 total_ms=1.374 avg_us=1.919 max_us=11
direct_cudaStreamSynchronize: calls=12870 total_ms=58.646 max_us=2583
by_direct_callsite (file:line):
   0 /opt/llama.cpp/ggml/src/ggml-cuda/ggml-cuda.cu:839 calls=12517 total_ms=52.112 avg_us=4.163 max_us=356
   1 /opt/llama.cpp/ggml/src/ggml-cuda/ggml-cuda.cu:900 calls=12 total_ms=5.894 avg_us=491.167 max_us=2583
   2 /opt/llama.cpp/ggml/src/ggml-cuda/ggml-cuda.cu:2665 calls=191 total_ms=0.394 avg_us=2.063 max_us=11
   3 /opt/llama.cpp/ggml/src/ggml-cuda/ggml-cuda.cu:847 calls=150 total_ms=0.246 avg_us=1.640 max_us=21
=== END CUDA SYNC PROFILE ===

=== CUDA SYNC PROFILE (instrumentation only) ===
total_syncs = 29471
total_wait_ms = 16450.077
max_wait_us = 140269
sites = 5
wait_hist_us = logarithmic buckets
  hist[0] = 26986
  hist[1] = 1291
  hist[2] = 71
  hist[3] = 32
  hist[4] = 18
  hist[5] = 1
  hist[9] = 200
  hist[10] = 408
  hist[11] = 106
  hist[14] = 116
  hist[15] = 212
  hist[16] = 29
  hist[17] = 1
by_callsite (caller PC; symbolize with addr2line):
   0 caller=0x759fa2480c8a calls=11899 total_ms=16440.326 avg_us=1381.656 max_us=140269
   1 caller=0x759fa24800b8 calls=9682 total_ms=3.892 avg_us=0.402 max_us=25
   2 caller=0x759fa2480098 calls=3586 total_ms=3.041 avg_us=0.848 max_us=25
   3 caller=0x759fa24800d5 calls=3586 total_ms=1.441 avg_us=0.402 max_us=15
   4 caller=0x759fa247f28a calls=718 total_ms=1.377 avg_us=1.918 max_us=11
direct_cudaStreamSynchronize: calls=12900 total_ms=58.769 max_us=2583
by_direct_callsite (file:line):
   0 /opt/llama.cpp/ggml/src/ggml-cuda/ggml-cuda.cu:839 calls=12547 total_ms=52.235 avg_us=4.163 max_us=356
   1 /opt/llama.cpp/ggml/src/ggml-cuda/ggml-cuda.cu:900 calls=12 total_ms=5.894 avg_us=491.167 max_us=2583
   2 /opt/llama.cpp/ggml/src/ggml-cuda/ggml-cuda.cu:2665 calls=191 total_ms=0.394 avg_us=2.063 max_us=11
   3 /opt/llama.cpp/ggml/src/ggml-cuda/ggml-cuda.cu:847 calls=150 total_ms=0.246 avg_us=1.640 max_us=21
=== END CUDA SYNC PROFILE ===
backend-sync-trace: count=29500 backend=CUDA0 caller=ggml_backend_sched_graph_compute_async_ext+0xc98

=== CUDA SYNC PROFILE (instrumentation only) ===
total_syncs = 29500
total_wait_ms = 16452.248
max_wait_us = 140269
sites = 5
wait_hist_us = logarithmic buckets
  hist[0] = 27011
  hist[1] = 1292
  hist[2] = 72
  hist[3] = 32
  hist[4] = 18
  hist[5] = 1
  hist[9] = 201
  hist[10] = 409
  hist[11] = 106
  hist[14] = 116
  hist[15] = 212
  hist[16] = 29
  hist[17] = 1
by_callsite (caller PC; symbolize with addr2line):
   0 caller=0x759fa2480c8a calls=11913 total_ms=16442.483 avg_us=1380.213 max_us=140269
   1 caller=0x759fa24800b8 calls=9688 total_ms=3.900 avg_us=0.403 max_us=25
   2 caller=0x759fa2480098 calls=3591 total_ms=3.046 avg_us=0.848 max_us=25
   3 caller=0x759fa24800d5 calls=3590 total_ms=1.442 avg_us=0.402 max_us=15
   4 caller=0x759fa247f28a calls=718 total_ms=1.377 avg_us=1.918 max_us=11
direct_cudaStreamSynchronize: calls=12910 total_ms=58.803 max_us=2583
by_direct_callsite (file:line):
   0 /opt/llama.cpp/ggml/src/ggml-cuda/ggml-cuda.cu:839 calls=12557 total_ms=52.269 avg_us=4.163 max_us=356
   1 /opt/llama.cpp/ggml/src/ggml-cuda/ggml-cuda.cu:900 calls=12 total_ms=5.894 avg_us=491.167 max_us=2583
   2 /opt/llama.cpp/ggml/src/ggml-cuda/ggml-cuda.cu:2665 calls=191 total_ms=0.394 avg_us=2.063 max_us=11
   3 /opt/llama.cpp/ggml/src/ggml-cuda/ggml-cuda.cu:847 calls=150 total_ms=0.246 avg_us=1.640 max_us=21
=== END CUDA SYNC PROFILE ===
backend-sync-trace: count=29600 backend=CUDA0 caller=ggml_backend_sched_graph_compute_async_ext+0xcb8

=== CUDA SYNC PROFILE (instrumentation only) ===
total_syncs = 29600
total_wait_ms = 16493.837
max_wait_us = 140269
sites = 5
wait_hist_us = logarithmic buckets
  hist[0] = 27106
  hist[1] = 1294
  hist[2] = 72
  hist[3] = 32
  hist[4] = 18
  hist[5] = 1
  hist[9] = 202
  hist[10] = 410
  hist[11] = 106
  hist[14] = 116
  hist[15] = 213
  hist[16] = 29
  hist[17] = 1
by_callsite (caller PC; symbolize with addr2line):
   0 caller=0x759fa2480c8a calls=11950 total_ms=16484.046 avg_us=1379.418 max_us=140269
   1 caller=0x759fa24800b8 calls=9726 total_ms=3.914 avg_us=0.402 max_us=25
   2 caller=0x759fa2480098 calls=3602 total_ms=3.054 avg_us=0.848 max_us=25
   3 caller=0x759fa24800d5 calls=3602 total_ms=1.443 avg_us=0.401 max_us=15
   4 caller=0x759fa247f28a calls=720 total_ms=1.380 avg_us=1.917 max_us=11
direct_cudaStreamSynchronize: calls=12956 total_ms=59.027 max_us=2583
by_direct_callsite (file:line):
   0 /opt/llama.cpp/ggml/src/ggml-cuda/ggml-cuda.cu:839 calls=12603 total_ms=52.493 avg_us=4.165 max_us=356
   1 /opt/llama.cpp/ggml/src/ggml-cuda/ggml-cuda.cu:900 calls=12 total_ms=5.894 avg_us=491.167 max_us=2583
   2 /opt/llama.cpp/ggml/src/ggml-cuda/ggml-cuda.cu:2665 calls=191 total_ms=0.394 avg_us=2.063 max_us=11
   3 /opt/llama.cpp/ggml/src/ggml-cuda/ggml-cuda.cu:847 calls=150 total_ms=0.246 avg_us=1.640 max_us=21
=== END CUDA SYNC PROFILE ===

=== CUDA SYNC PROFILE (instrumentation only) ===
total_syncs = 29687
total_wait_ms = 16560.444
max_wait_us = 140269
sites = 5
wait_hist_us = logarithmic buckets
  hist[0] = 27185
  hist[1] = 1298
  hist[2] = 72
  hist[3] = 32
  hist[4] = 18
  hist[5] = 1
  hist[9] = 202
  hist[10] = 412
  hist[11] = 106
  hist[14] = 117
  hist[15] = 214
  hist[16] = 29
  hist[17] = 1
by_callsite (caller PC; symbolize with addr2line):
   0 caller=0x759fa2480c8a calls=11977 total_ms=16550.620 avg_us=1381.867 max_us=140269
   1 caller=0x759fa24800b8 calls=9759 total_ms=3.925 avg_us=0.402 max_us=25
   2 caller=0x759fa2480098 calls=3614 total_ms=3.064 avg_us=0.848 max_us=25
   3 caller=0x759fa24800d5 calls=3614 total_ms=1.450 avg_us=0.401 max_us=15
   4 caller=0x759fa247f28a calls=723 total_ms=1.385 avg_us=1.916 max_us=11
direct_cudaStreamSynchronize: calls=13000 total_ms=59.204 max_us=2583
by_direct_callsite (file:line):
   0 /opt/llama.cpp/ggml/src/ggml-cuda/ggml-cuda.cu:839 calls=12647 total_ms=52.670 avg_us=4.165 max_us=356
   1 /opt/llama.cpp/ggml/src/ggml-cuda/ggml-cuda.cu:900 calls=12 total_ms=5.894 avg_us=491.167 max_us=2583
   2 /opt/llama.cpp/ggml/src/ggml-cuda/ggml-cuda.cu:2665 calls=191 total_ms=0.394 avg_us=2.063 max_us=11
   3 /opt/llama.cpp/ggml/src/ggml-cuda/ggml-cuda.cu:847 calls=150 total_ms=0.246 avg_us=1.640 max_us=21
=== END CUDA SYNC PROFILE ===
backend-sync-trace: count=29700 backend=CUDA0 caller=ggml_backend_sched_synchronize+0x3a

=== CUDA SYNC PROFILE (instrumentation only) ===
total_syncs = 29700
total_wait_ms = 16560.454
max_wait_us = 140269
sites = 5
wait_hist_us = logarithmic buckets
  hist[0] = 27197
  hist[1] = 1299
  hist[2] = 72
  hist[3] = 32
  hist[4] = 18
  hist[5] = 1
  hist[9] = 202
  hist[10] = 412
  hist[11] = 106
  hist[14] = 117
  hist[15] = 214
  hist[16] = 29
  hist[17] = 1
by_callsite (caller PC; symbolize with addr2line):
   0 caller=0x759fa2480c8a calls=11988 total_ms=16550.628 avg_us=1380.600 max_us=140269
   1 caller=0x759fa24800b8 calls=9761 total_ms=3.927 avg_us=0.402 max_us=25
   2 caller=0x759fa2480098 calls=3614 total_ms=3.064 avg_us=0.848 max_us=25
   3 caller=0x759fa24800d5 calls=3614 total_ms=1.450 avg_us=0.401 max_us=15
   4 caller=0x759fa247f28a calls=723 total_ms=1.385 avg_us=1.916 max_us=11
direct_cudaStreamSynchronize: calls=13001 total_ms=59.206 max_us=2583
by_direct_callsite (file:line):
   0 /opt/llama.cpp/ggml/src/ggml-cuda/ggml-cuda.cu:839 calls=12648 total_ms=52.672 avg_us=4.164 max_us=356
   1 /opt/llama.cpp/ggml/src/ggml-cuda/ggml-cuda.cu:900 calls=12 total_ms=5.894 avg_us=491.167 max_us=2583
   2 /opt/llama.cpp/ggml/src/ggml-cuda/ggml-cuda.cu:2665 calls=191 total_ms=0.394 avg_us=2.063 max_us=11
   3 /opt/llama.cpp/ggml/src/ggml-cuda/ggml-cuda.cu:847 calls=150 total_ms=0.246 avg_us=1.640 max_us=21
=== END CUDA SYNC PROFILE ===
backend-sync-trace: count=29800 backend=CUDA0 caller=ggml_backend_sched_synchronize+0x3a

=== CUDA SYNC PROFILE (instrumentation only) ===
total_syncs = 29800
total_wait_ms = 16621.565
max_wait_us = 140269
sites = 5
wait_hist_us = logarithmic buckets
  hist[0] = 27290
  hist[1] = 1302
  hist[2] = 72
  hist[3] = 32
  hist[4] = 18
  hist[5] = 1
  hist[9] = 202
  hist[10] = 414
  hist[11] = 107
  hist[14] = 117
  hist[15] = 215
  hist[16] = 29
  hist[17] = 1
by_callsite (caller PC; symbolize with addr2line):
   0 caller=0x759fa2480c8a calls=12030 total_ms=16611.717 avg_us=1380.858 max_us=140269
   1 caller=0x759fa24800b8 calls=9792 total_ms=3.933 avg_us=0.402 max_us=25
   2 caller=0x759fa2480098 calls=3626 total_ms=3.072 avg_us=0.847 max_us=25
   3 caller=0x759fa24800d5 calls=3626 total_ms=1.453 avg_us=0.401 max_us=15
   4 caller=0x759fa247f28a calls=726 total_ms=1.390 avg_us=1.915 max_us=11
direct_cudaStreamSynchronize: calls=13042 total_ms=59.366 max_us=2583
by_direct_callsite (file:line):
   0 /opt/llama.cpp/ggml/src/ggml-cuda/ggml-cuda.cu:839 calls=12689 total_ms=52.832 avg_us=4.164 max_us=356
   1 /opt/llama.cpp/ggml/src/ggml-cuda/ggml-cuda.cu:900 calls=12 total_ms=5.894 avg_us=491.167 max_us=2583
   2 /opt/llama.cpp/ggml/src/ggml-cuda/ggml-cuda.cu:2665 calls=191 total_ms=0.394 avg_us=2.063 max_us=11
   3 /opt/llama.cpp/ggml/src/ggml-cuda/ggml-cuda.cu:847 calls=150 total_ms=0.246 avg_us=1.640 max_us=21
=== END CUDA SYNC PROFILE ===
backend-sync-trace: count=29900 backend=CUDA0 caller=ggml_backend_sched_graph_compute_async_ext+0xcb8

=== CUDA SYNC PROFILE (instrumentation only) ===
total_syncs = 29900
total_wait_ms = 16671.310
max_wait_us = 140269
sites = 5
wait_hist_us = logarithmic buckets
  hist[0] = 27383
  hist[1] = 1306
  hist[2] = 72
  hist[3] = 32
  hist[4] = 18
  hist[5] = 1
  hist[9] = 202
  hist[10] = 416
  hist[11] = 107
  hist[14] = 117
  hist[15] = 216
  hist[16] = 29
  hist[17] = 1
by_callsite (caller PC; symbolize with addr2line):
   0 caller=0x759fa2480c8a calls=12073 total_ms=16661.434 avg_us=1380.057 max_us=140269
   1 caller=0x759fa24800b8 calls=9823 total_ms=3.944 avg_us=0.402 max_us=25
   2 caller=0x759fa2480098 calls=3638 total_ms=3.082 avg_us=0.847 max_us=25
   3 caller=0x759fa24800d5 calls=3638 total_ms=1.456 avg_us=0.400 max_us=15
   4 caller=0x759fa247f28a calls=728 total_ms=1.394 avg_us=1.915 max_us=11
direct_cudaStreamSynchronize: calls=13082 total_ms=59.521 max_us=2583
by_direct_callsite (file:line):
   0 /opt/llama.cpp/ggml/src/ggml-cuda/ggml-cuda.cu:839 calls=12729 total_ms=52.987 avg_us=4.163 max_us=356
   1 /opt/llama.cpp/ggml/src/ggml-cuda/ggml-cuda.cu:900 calls=12 total_ms=5.894 avg_us=491.167 max_us=2583
   2 /opt/llama.cpp/ggml/src/ggml-cuda/ggml-cuda.cu:2665 calls=191 total_ms=0.394 avg_us=2.063 max_us=11
   3 /opt/llama.cpp/ggml/src/ggml-cuda/ggml-cuda.cu:847 calls=150 total_ms=0.246 avg_us=1.640 max_us=21
=== END CUDA SYNC PROFILE ===

=== CUDA SYNC PROFILE (instrumentation only) ===
total_syncs = 29929
total_wait_ms = 16672.819
max_wait_us = 140269
sites = 5
wait_hist_us = logarithmic buckets
  hist[0] = 27410
  hist[1] = 1307
  hist[2] = 72
  hist[3] = 32
  hist[4] = 18
  hist[5] = 1
  hist[9] = 202
  hist[10] = 417
  hist[11] = 107
  hist[14] = 117
  hist[15] = 216
  hist[16] = 29
  hist[17] = 1
by_callsite (caller PC; symbolize with addr2line):
   0 caller=0x759fa2480c8a calls=12080 total_ms=16662.934 avg_us=1379.382 max_us=140269
   1 caller=0x759fa24800b8 calls=9837 total_ms=3.949 avg_us=0.401 max_us=25
   2 caller=0x759fa2480098 calls=3642 total_ms=3.085 avg_us=0.847 max_us=25
   3 caller=0x759fa24800d5 calls=3642 total_ms=1.457 avg_us=0.400 max_us=15
   4 caller=0x759fa247f28a calls=728 total_ms=1.394 avg_us=1.915 max_us=11
direct_cudaStreamSynchronize: calls=13100 total_ms=59.597 max_us=2583
by_direct_callsite (file:line):
   0 /opt/llama.cpp/ggml/src/ggml-cuda/ggml-cuda.cu:839 calls=12747 total_ms=53.063 avg_us=4.163 max_us=356
   1 /opt/llama.cpp/ggml/src/ggml-cuda/ggml-cuda.cu:900 calls=12 total_ms=5.894 avg_us=491.167 max_us=2583
   2 /opt/llama.cpp/ggml/src/ggml-cuda/ggml-cuda.cu:2665 calls=191 total_ms=0.394 avg_us=2.063 max_us=11
   3 /opt/llama.cpp/ggml/src/ggml-cuda/ggml-cuda.cu:847 calls=150 total_ms=0.246 avg_us=1.640 max_us=21
=== END CUDA SYNC PROFILE ===
backend-sync-trace: count=30000 backend=CUDA0 caller=ggml_backend_sched_graph_compute_async_ext+0xc98

=== CUDA SYNC PROFILE (instrumentation only) ===
total_syncs = 30000
total_wait_ms = 16723.891
max_wait_us = 140269
sites = 5
wait_hist_us = logarithmic buckets
  hist[0] = 27476
  hist[1] = 1309
  hist[2] = 72
  hist[3] = 32
  hist[4] = 18
  hist[5] = 1
  hist[9] = 203
  hist[10] = 418
  hist[11] = 107
  hist[14] = 117
  hist[15] = 217
  hist[16] = 29
  hist[17] = 1
by_callsite (caller PC; symbolize with addr2line):
   0 caller=0x759fa2480c8a calls=12117 total_ms=16713.986 avg_us=1379.383 max_us=140269
   1 caller=0x759fa24800b8 calls=9850 total_ms=3.955 avg_us=0.402 max_us=25
   2 caller=0x759fa2480098 calls=3652 total_ms=3.093 avg_us=0.847 max_us=25
   3 caller=0x759fa24800d5 calls=3651 total_ms=1.460 avg_us=0.400 max_us=15
   4 caller=0x759fa247f28a calls=730 total_ms=1.397 avg_us=1.914 max_us=11
direct_cudaStreamSynchronize: calls=13120 total_ms=59.672 max_us=2583
by_direct_callsite (file:line):
   0 /opt/llama.cpp/ggml/src/ggml-cuda/ggml-cuda.cu:839 calls=12767 total_ms=53.138 avg_us=4.162 max_us=356
   1 /opt/llama.cpp/ggml/src/ggml-cuda/ggml-cuda.cu:900 calls=12 total_ms=5.894 avg_us=491.167 max_us=2583
   2 /opt/llama.cpp/ggml/src/ggml-cuda/ggml-cuda.cu:2665 calls=191 total_ms=0.394 avg_us=2.063 max_us=11
   3 /opt/llama.cpp/ggml/src/ggml-cuda/ggml-cuda.cu:847 calls=150 total_ms=0.246 avg_us=1.640 max_us=21
=== END CUDA SYNC PROFILE ===
backend-sync-trace: count=30100 backend=CUDA0 caller=ggml_backend_sched_graph_compute_async_ext+0xcb8

=== CUDA SYNC PROFILE (instrumentation only) ===
total_syncs = 30100
total_wait_ms = 16764.952
max_wait_us = 140269
sites = 5
wait_hist_us = logarithmic buckets
  hist[0] = 27571
  hist[1] = 1311
  hist[2] = 72
  hist[3] = 32
  hist[4] = 18
  hist[5] = 1
  hist[9] = 204
  hist[10] = 419
  hist[11] = 107
  hist[14] = 117
  hist[15] = 218
  hist[16] = 29
  hist[17] = 1
by_callsite (caller PC; symbolize with addr2line):
   0 caller=0x759fa2480c8a calls=12154 total_ms=16755.019 avg_us=1378.560 max_us=140269
   1 caller=0x759fa24800b8 calls=9890 total_ms=3.967 avg_us=0.401 max_us=25
   2 caller=0x759fa2480098 calls=3662 total_ms=3.104 avg_us=0.848 max_us=25
   3 caller=0x759fa24800d5 calls=3662 total_ms=1.462 avg_us=0.399 max_us=15
   4 caller=0x759fa247f28a calls=732 total_ms=1.400 avg_us=1.913 max_us=11
direct_cudaStreamSynchronize: calls=13168 total_ms=59.874 max_us=2583
by_direct_callsite (file:line):
   0 /opt/llama.cpp/ggml/src/ggml-cuda/ggml-cuda.cu:839 calls=12815 total_ms=53.340 avg_us=4.162 max_us=356
   1 /opt/llama.cpp/ggml/src/ggml-cuda/ggml-cuda.cu:900 calls=12 total_ms=5.894 avg_us=491.167 max_us=2583
   2 /opt/llama.cpp/ggml/src/ggml-cuda/ggml-cuda.cu:2665 calls=191 total_ms=0.394 avg_us=2.063 max_us=11
   3 /opt/llama.cpp/ggml/src/ggml-cuda/ggml-cuda.cu:847 calls=150 total_ms=0.246 avg_us=1.640 max_us=21
=== END CUDA SYNC PROFILE ===

=== CUDA SYNC PROFILE (instrumentation only) ===
total_syncs = 30170
total_wait_ms = 16813.969
max_wait_us = 140269
sites = 5
wait_hist_us = logarithmic buckets
  hist[0] = 27635
  hist[1] = 1314
  hist[2] = 72
  hist[3] = 32
  hist[4] = 18
  hist[5] = 1
  hist[9] = 206
  hist[10] = 419
  hist[11] = 107
  hist[14] = 117
  hist[15] = 219
  hist[16] = 29
  hist[17] = 1
by_callsite (caller PC; symbolize with addr2line):
   0 caller=0x759fa2480c8a calls=12179 total_ms=16804.013 avg_us=1379.753 max_us=140269
   1 caller=0x759fa24800b8 calls=9913 total_ms=3.973 avg_us=0.401 max_us=25
   2 caller=0x759fa2480098 calls=3672 total_ms=3.112 avg_us=0.847 max_us=25
   3 caller=0x759fa24800d5 calls=3672 total_ms=1.467 avg_us=0.400 max_us=15
   4 caller=0x759fa247f28a calls=734 total_ms=1.404 avg_us=1.913 max_us=11
direct_cudaStreamSynchronize: calls=13200 total_ms=60.003 max_us=2583
by_direct_callsite (file:line):
   0 /opt/llama.cpp/ggml/src/ggml-cuda/ggml-cuda.cu:839 calls=12847 total_ms=53.469 avg_us=4.162 max_us=356
   1 /opt/llama.cpp/ggml/src/ggml-cuda/ggml-cuda.cu:900 calls=12 total_ms=5.894 avg_us=491.167 max_us=2583
   2 /opt/llama.cpp/ggml/src/ggml-cuda/ggml-cuda.cu:2665 calls=191 total_ms=0.394 avg_us=2.063 max_us=11
   3 /opt/llama.cpp/ggml/src/ggml-cuda/ggml-cuda.cu:847 calls=150 total_ms=0.246 avg_us=1.640 max_us=21
=== END CUDA SYNC PROFILE ===
backend-sync-trace: count=30200 backend=CUDA0 caller=ggml_backend_sched_synchronize+0x3a

=== CUDA SYNC PROFILE (instrumentation only) ===
total_syncs = 30200
total_wait_ms = 16850.083
max_wait_us = 140269
sites = 5
wait_hist_us = logarithmic buckets
  hist[0] = 27664
  hist[1] = 1314
  hist[2] = 72
  hist[3] = 32
  hist[4] = 18
  hist[5] = 1
  hist[9] = 206
  hist[10] = 419
  hist[11] = 107
  hist[14] = 117
  hist[15] = 220
  hist[16] = 29
  hist[17] = 1
by_callsite (caller PC; symbolize with addr2line):
   0 caller=0x759fa2480c8a calls=12194 total_ms=16840.121 avg_us=1381.017 max_us=140269
   1 caller=0x759fa24800b8 calls=9923 total_ms=3.977 avg_us=0.401 max_us=25
   2 caller=0x759fa2480098 calls=3674 total_ms=3.113 avg_us=0.847 max_us=25
   3 caller=0x759fa24800d5 calls=3674 total_ms=1.467 avg_us=0.399 max_us=15
   4 caller=0x759fa247f28a calls=735 total_ms=1.405 avg_us=1.912 max_us=11
direct_cudaStreamSynchronize: calls=13211 total_ms=60.043 max_us=2583
by_direct_callsite (file:line):
   0 /opt/llama.cpp/ggml/src/ggml-cuda/ggml-cuda.cu:839 calls=12858 total_ms=53.509 avg_us=4.162 max_us=356
   1 /opt/llama.cpp/ggml/src/ggml-cuda/ggml-cuda.cu:900 calls=12 total_ms=5.894 avg_us=491.167 max_us=2583
   2 /opt/llama.cpp/ggml/src/ggml-cuda/ggml-cuda.cu:2665 calls=191 total_ms=0.394 avg_us=2.063 max_us=11
   3 /opt/llama.cpp/ggml/src/ggml-cuda/ggml-cuda.cu:847 calls=150 total_ms=0.246 avg_us=1.640 max_us=21
=== END CUDA SYNC PROFILE ===
backend-sync-trace: count=30300 backend=CUDA0 caller=ggml_backend_sched_graph_compute_async_ext+0xcb8

=== CUDA SYNC PROFILE (instrumentation only) ===
total_syncs = 30300
total_wait_ms = 16887.331
max_wait_us = 140269
sites = 5
wait_hist_us = logarithmic buckets
  hist[0] = 27757
  hist[1] = 1318
  hist[2] = 72
  hist[3] = 32
  hist[4] = 18
  hist[5] = 1
  hist[9] = 207
  hist[10] = 420
  hist[11] = 107
  hist[14] = 117
  hist[15] = 221
  hist[16] = 29
  hist[17] = 1
by_callsite (caller PC; symbolize with addr2line):
   0 caller=0x759fa2480c8a calls=12239 total_ms=16877.343 avg_us=1378.981 max_us=140269
   1 caller=0x759fa24800b8 calls=9951 total_ms=3.987 avg_us=0.401 max_us=25
   2 caller=0x759fa2480098 calls=3686 total_ms=3.121 avg_us=0.847 max_us=25
   3 caller=0x759fa24800d5 calls=3686 total_ms=1.470 avg_us=0.399 max_us=15
   4 caller=0x759fa247f28a calls=738 total_ms=1.410 avg_us=1.911 max_us=11
direct_cudaStreamSynchronize: calls=13248 total_ms=60.194 max_us=2583
by_direct_callsite (file:line):
   0 /opt/llama.cpp/ggml/src/ggml-cuda/ggml-cuda.cu:839 calls=12895 total_ms=53.660 avg_us=4.161 max_us=356
   1 /opt/llama.cpp/ggml/src/ggml-cuda/ggml-cuda.cu:900 calls=12 total_ms=5.894 avg_us=491.167 max_us=2583
   2 /opt/llama.cpp/ggml/src/ggml-cuda/ggml-cuda.cu:2665 calls=191 total_ms=0.394 avg_us=2.063 max_us=11
   3 /opt/llama.cpp/ggml/src/ggml-cuda/ggml-cuda.cu:847 calls=150 total_ms=0.246 avg_us=1.640 max_us=21
=== END CUDA SYNC PROFILE ===
backend-sync-trace: count=30400 backend=CUDA0 caller=ggml_backend_sched_graph_compute_async_ext+0xcd5

=== CUDA SYNC PROFILE (instrumentation only) ===
total_syncs = 30400
total_wait_ms = 16924.357
max_wait_us = 140269
sites = 5
wait_hist_us = logarithmic buckets
  hist[0] = 27851
  hist[1] = 1320
  hist[2] = 72
  hist[3] = 32
  hist[4] = 18
  hist[5] = 1
  hist[9] = 208
  hist[10] = 422
  hist[11] = 107
  hist[14] = 117
  hist[15] = 222
  hist[16] = 29
  hist[17] = 1
by_callsite (caller PC; symbolize with addr2line):
   0 caller=0x759fa2480c8a calls=12283 total_ms=16914.340 avg_us=1377.053 max_us=140269
   1 caller=0x759fa24800b8 calls=9981 total_ms=4.001 avg_us=0.401 max_us=25
   2 caller=0x759fa2480098 calls=3698 total_ms=3.129 avg_us=0.846 max_us=25
   3 caller=0x759fa24800d5 calls=3698 total_ms=1.474 avg_us=0.399 max_us=15
   4 caller=0x759fa247f28a calls=740 total_ms=1.413 avg_us=1.909 max_us=11
direct_cudaStreamSynchronize: calls=13288 total_ms=60.347 max_us=2583
by_direct_callsite (file:line):
   0 /opt/llama.cpp/ggml/src/ggml-cuda/ggml-cuda.cu:839 calls=12935 total_ms=53.813 avg_us=4.160 max_us=356
   1 /opt/llama.cpp/ggml/src/ggml-cuda/ggml-cuda.cu:900 calls=12 total_ms=5.894 avg_us=491.167 max_us=2583
   2 /opt/llama.cpp/ggml/src/ggml-cuda/ggml-cuda.cu:2665 calls=191 total_ms=0.394 avg_us=2.063 max_us=11
   3 /opt/llama.cpp/ggml/src/ggml-cuda/ggml-cuda.cu:847 calls=150 total_ms=0.246 avg_us=1.640 max_us=21
=== END CUDA SYNC PROFILE ===

=== CUDA SYNC PROFILE (instrumentation only) ===
total_syncs = 30423
total_wait_ms = 16925.577
max_wait_us = 140269
sites = 5
wait_hist_us = logarithmic buckets
  hist[0] = 27872
  hist[1] = 1321
  hist[2] = 72
  hist[3] = 32
  hist[4] = 18
  hist[5] = 1
  hist[9] = 208
  hist[10] = 423
  hist[11] = 107
  hist[14] = 117
  hist[15] = 222
  hist[16] = 29
  hist[17] = 1
by_callsite (caller PC; symbolize with addr2line):
   0 caller=0x759fa2480c8a calls=12290 total_ms=16915.553 avg_us=1376.367 max_us=140269
   1 caller=0x759fa24800b8 calls=9989 total_ms=4.003 avg_us=0.401 max_us=25
   2 caller=0x759fa2480098 calls=3702 total_ms=3.131 avg_us=0.846 max_us=25
   3 caller=0x759fa24800d5 calls=3702 total_ms=1.477 avg_us=0.399 max_us=15
   4 caller=0x759fa247f28a calls=740 total_ms=1.413 avg_us=1.909 max_us=11
direct_cudaStreamSynchronize: calls=13300 total_ms=60.407 max_us=2583
by_direct_callsite (file:line):
   0 /opt/llama.cpp/ggml/src/ggml-cuda/ggml-cuda.cu:839 calls=12947 total_ms=53.873 avg_us=4.161 max_us=356
   1 /opt/llama.cpp/ggml/src/ggml-cuda/ggml-cuda.cu:900 calls=12 total_ms=5.894 avg_us=491.167 max_us=2583
   2 /opt/llama.cpp/ggml/src/ggml-cuda/ggml-cuda.cu:2665 calls=191 total_ms=0.394 avg_us=2.063 max_us=11
   3 /opt/llama.cpp/ggml/src/ggml-cuda/ggml-cuda.cu:847 calls=150 total_ms=0.246 avg_us=1.640 max_us=21
=== END CUDA SYNC PROFILE ===
backend-sync-trace: count=30500 backend=CUDA0 caller=ggml_backend_sched_graph_compute_async_ext+0xc98

=== CUDA SYNC PROFILE (instrumentation only) ===
total_syncs = 30500
total_wait_ms = 16958.798
max_wait_us = 140269
sites = 5
wait_hist_us = logarithmic buckets
  hist[0] = 27943
  hist[1] = 1324
  hist[2] = 72
  hist[3] = 32
  hist[4] = 18
  hist[5] = 1
  hist[9] = 209
  hist[10] = 424
  hist[11] = 107
  hist[14] = 118
  hist[15] = 222
  hist[16] = 29
  hist[17] = 1
by_callsite (caller PC; symbolize with addr2line):
   0 caller=0x759fa2480c8a calls=12327 total_ms=16948.753 avg_us=1374.929 max_us=140269
   1 caller=0x759fa24800b8 calls=10012 total_ms=4.015 avg_us=0.401 max_us=25
   2 caller=0x759fa2480098 calls=3710 total_ms=3.137 avg_us=0.846 max_us=25
   3 caller=0x759fa24800d5 calls=3709 total_ms=1.478 avg_us=0.398 max_us=15
   4 caller=0x759fa247f28a calls=742 total_ms=1.415 avg_us=1.907 max_us=11
direct_cudaStreamSynchronize: calls=13329 total_ms=60.538 max_us=2583
by_direct_callsite (file:line):
   0 /opt/llama.cpp/ggml/src/ggml-cuda/ggml-cuda.cu:839 calls=12976 total_ms=54.004 avg_us=4.162 max_us=356
   1 /opt/llama.cpp/ggml/src/ggml-cuda/ggml-cuda.cu:900 calls=12 total_ms=5.894 avg_us=491.167 max_us=2583
   2 /opt/llama.cpp/ggml/src/ggml-cuda/ggml-cuda.cu:2665 calls=191 total_ms=0.394 avg_us=2.063 max_us=11
   3 /opt/llama.cpp/ggml/src/ggml-cuda/ggml-cuda.cu:847 calls=150 total_ms=0.246 avg_us=1.640 max_us=21
=== END CUDA SYNC PROFILE ===
backend-sync-trace: count=30600 backend=CUDA0 caller=ggml_backend_sched_graph_compute_async_ext+0xcb8

=== CUDA SYNC PROFILE (instrumentation only) ===
total_syncs = 30600
total_wait_ms = 16996.534
max_wait_us = 140269
sites = 5
wait_hist_us = logarithmic buckets
  hist[0] = 28037
  hist[1] = 1327
  hist[2] = 72
  hist[3] = 32
  hist[4] = 18
  hist[5] = 1
  hist[9] = 210
  hist[10] = 425
  hist[11] = 107
  hist[14] = 118
  hist[15] = 223
  hist[16] = 29
  hist[17] = 1
by_callsite (caller PC; symbolize with addr2line):
   0 caller=0x759fa2480c8a calls=12364 total_ms=16986.454 avg_us=1373.864 max_us=140269
   1 caller=0x759fa24800b8 calls=10048 total_ms=4.034 avg_us=0.401 max_us=25
   2 caller=0x759fa2480098 calls=3722 total_ms=3.147 avg_us=0.846 max_us=25
   3 caller=0x759fa24800d5 calls=3722 total_ms=1.480 avg_us=0.398 max_us=15
   4 caller=0x759fa247f28a calls=744 total_ms=1.419 avg_us=1.907 max_us=11
direct_cudaStreamSynchronize: calls=13374 total_ms=60.754 max_us=2583
by_direct_callsite (file:line):
   0 /opt/llama.cpp/ggml/src/ggml-cuda/ggml-cuda.cu:839 calls=13021 total_ms=54.220 avg_us=4.164 max_us=356
   1 /opt/llama.cpp/ggml/src/ggml-cuda/ggml-cuda.cu:900 calls=12 total_ms=5.894 avg_us=491.167 max_us=2583
   2 /opt/llama.cpp/ggml/src/ggml-cuda/ggml-cuda.cu:2665 calls=191 total_ms=0.394 avg_us=2.063 max_us=11
   3 /opt/llama.cpp/ggml/src/ggml-cuda/ggml-cuda.cu:847 calls=150 total_ms=0.246 avg_us=1.640 max_us=21
=== END CUDA SYNC PROFILE ===

=== CUDA SYNC PROFILE (instrumentation only) ===
total_syncs = 30673
total_wait_ms = 17036.281
max_wait_us = 140269
sites = 5
wait_hist_us = logarithmic buckets
  hist[0] = 28104
  hist[1] = 1330
  hist[2] = 72
  hist[3] = 32
  hist[4] = 18
  hist[5] = 1
  hist[9] = 212
  hist[10] = 425
  hist[11] = 107
  hist[14] = 118
  hist[15] = 224
  hist[16] = 29
  hist[17] = 1
by_callsite (caller PC; symbolize with addr2line):
   0 caller=0x759fa2480c8a calls=12401 total_ms=17026.181 avg_us=1372.968 max_us=140269
   1 caller=0x759fa24800b8 calls=10066 total_ms=4.045 avg_us=0.402 max_us=25
   2 caller=0x759fa2480098 calls=3730 total_ms=3.153 avg_us=0.845 max_us=25
   3 caller=0x759fa24800d5 calls=3730 total_ms=1.480 avg_us=0.397 max_us=15
   4 caller=0x759fa247f28a calls=746 total_ms=1.422 avg_us=1.906 max_us=11
direct_cudaStreamSynchronize: calls=13400 total_ms=60.843 max_us=2583
by_direct_callsite (file:line):
   0 /opt/llama.cpp/ggml/src/ggml-cuda/ggml-cuda.cu:839 calls=13047 total_ms=54.309 avg_us=4.163 max_us=356
   1 /opt/llama.cpp/ggml/src/ggml-cuda/ggml-cuda.cu:900 calls=12 total_ms=5.894 avg_us=491.167 max_us=2583
   2 /opt/llama.cpp/ggml/src/ggml-cuda/ggml-cuda.cu:2665 calls=191 total_ms=0.394 avg_us=2.063 max_us=11
   3 /opt/llama.cpp/ggml/src/ggml-cuda/ggml-cuda.cu:847 calls=150 total_ms=0.246 avg_us=1.640 max_us=21
=== END CUDA SYNC PROFILE ===
backend-sync-trace: count=30700 backend=CUDA0 caller=ggml_backend_sched_graph_compute_async_ext+0xcb8

=== CUDA SYNC PROFILE (instrumentation only) ===
total_syncs = 30700
total_wait_ms = 17066.098
max_wait_us = 140269
sites = 5
wait_hist_us = logarithmic buckets
  hist[0] = 28130
  hist[1] = 1330
  hist[2] = 72
  hist[3] = 32
  hist[4] = 18
  hist[5] = 1
  hist[9] = 212
  hist[10] = 425
  hist[11] = 107
  hist[14] = 119
  hist[15] = 224
  hist[16] = 29
  hist[17] = 1
by_callsite (caller PC; symbolize with addr2line):
   0 caller=0x759fa2480c8a calls=12403 total_ms=17055.988 avg_us=1375.150 max_us=140269
   1 caller=0x759fa24800b8 calls=10082 total_ms=4.050 avg_us=0.402 max_us=25
   2 caller=0x759fa2480098 calls=3734 total_ms=3.156 avg_us=0.845 max_us=25
   3 caller=0x759fa24800d5 calls=3734 total_ms=1.481 avg_us=0.397 max_us=15
   4 caller=0x759fa247f28a calls=747 total_ms=1.423 avg_us=1.905 max_us=11
direct_cudaStreamSynchronize: calls=13418 total_ms=60.930 max_us=2583
by_direct_callsite (file:line):
   0 /opt/llama.cpp/ggml/src/ggml-cuda/ggml-cuda.cu:839 calls=13065 total_ms=54.396 avg_us=4.163 max_us=356
   1 /opt/llama.cpp/ggml/src/ggml-cuda/ggml-cuda.cu:900 calls=12 total_ms=5.894 avg_us=491.167 max_us=2583
   2 /opt/llama.cpp/ggml/src/ggml-cuda/ggml-cuda.cu:2665 calls=191 total_ms=0.394 avg_us=2.063 max_us=11
   3 /opt/llama.cpp/ggml/src/ggml-cuda/ggml-cuda.cu:847 calls=150 total_ms=0.246 avg_us=1.640 max_us=21
=== END CUDA SYNC PROFILE ===
backend-sync-trace: count=30800 backend=CUDA0 caller=ggml_backend_sched_graph_compute_async_ext+0xcb8

=== CUDA SYNC PROFILE (instrumentation only) ===
total_syncs = 30800
total_wait_ms = 17095.820
max_wait_us = 140269
sites = 5
wait_hist_us = logarithmic buckets
  hist[0] = 28224
  hist[1] = 1332
  hist[2] = 72
  hist[3] = 33
  hist[4] = 18
  hist[5] = 1
  hist[9] = 213
  hist[10] = 426
  hist[11] = 107
  hist[14] = 120
  hist[15] = 224
  hist[16] = 29
  hist[17] = 1
by_callsite (caller PC; symbolize with addr2line):
   0 caller=0x759fa2480c8a calls=12443 total_ms=17085.682 avg_us=1373.116 max_us=140269
   1 caller=0x759fa24800b8 calls=10115 total_ms=4.063 avg_us=0.402 max_us=25
   2 caller=0x759fa2480098 calls=3746 total_ms=3.164 avg_us=0.845 max_us=25
   3 caller=0x759fa24800d5 calls=3746 total_ms=1.484 avg_us=0.396 max_us=15
   4 caller=0x759fa247f28a calls=750 total_ms=1.427 avg_us=1.903 max_us=11
direct_cudaStreamSynchronize: calls=13460 total_ms=61.095 max_us=2583
by_direct_callsite (file:line):
   0 /opt/llama.cpp/ggml/src/ggml-cuda/ggml-cuda.cu:839 calls=13107 total_ms=54.561 avg_us=4.163 max_us=356
   1 /opt/llama.cpp/ggml/src/ggml-cuda/ggml-cuda.cu:900 calls=12 total_ms=5.894 avg_us=491.167 max_us=2583
   2 /opt/llama.cpp/ggml/src/ggml-cuda/ggml-cuda.cu:2665 calls=191 total_ms=0.394 avg_us=2.063 max_us=11
   3 /opt/llama.cpp/ggml/src/ggml-cuda/ggml-cuda.cu:847 calls=150 total_ms=0.246 avg_us=1.640 max_us=21
=== END CUDA SYNC PROFILE ===
1.22.165.807 I slot print_timing: id  0 | task 0 | n_gen =    861, tg =  47.22 t/s, tg_3s =  54.67 t/s

=== CUDA SYNC PROFILE (instrumentation only) ===
total_syncs = 30899
total_wait_ms = 17130.678
max_wait_us = 140269
sites = 5
wait_hist_us = logarithmic buckets
  hist[0] = 28316
  hist[1] = 1335
  hist[2] = 72
  hist[3] = 33
  hist[4] = 18
  hist[5] = 1
  hist[9] = 214
  hist[10] = 428
  hist[11] = 107
  hist[14] = 121
  hist[15] = 224
  hist[16] = 29
  hist[17] = 1
by_callsite (caller PC; symbolize with addr2line):
   0 caller=0x759fa2480c8a calls=12487 total_ms=17120.510 avg_us=1371.067 max_us=140269
   1 caller=0x759fa24800b8 calls=10144 total_ms=4.076 avg_us=0.402 max_us=25
   2 caller=0x759fa2480098 calls=3758 total_ms=3.171 avg_us=0.844 max_us=25
   3 caller=0x759fa24800d5 calls=3758 total_ms=1.490 avg_us=0.396 max_us=15
   4 caller=0x759fa247f28a calls=752 total_ms=1.431 avg_us=1.903 max_us=11
direct_cudaStreamSynchronize: calls=13500 total_ms=61.253 max_us=2583
by_direct_callsite (file:line):
   0 /opt/llama.cpp/ggml/src/ggml-cuda/ggml-cuda.cu:839 calls=13147 total_ms=54.719 avg_us=4.162 max_us=356
   1 /opt/llama.cpp/ggml/src/ggml-cuda/ggml-cuda.cu:900 calls=12 total_ms=5.894 avg_us=491.167 max_us=2583
   2 /opt/llama.cpp/ggml/src/ggml-cuda/ggml-cuda.cu:2665 calls=191 total_ms=0.394 avg_us=2.063 max_us=11
   3 /opt/llama.cpp/ggml/src/ggml-cuda/ggml-cuda.cu:847 calls=150 total_ms=0.246 avg_us=1.640 max_us=21
=== END CUDA SYNC PROFILE ===
backend-sync-trace: count=30900 backend=CUDA0 caller=ggml_backend_sched_graph_compute_async_ext+0xcb8

=== CUDA SYNC PROFILE (instrumentation only) ===
total_syncs = 30900
total_wait_ms = 17130.678
max_wait_us = 140269
sites = 5
wait_hist_us = logarithmic buckets
  hist[0] = 28317
  hist[1] = 1335
  hist[2] = 72
  hist[3] = 33
  hist[4] = 18
  hist[5] = 1
  hist[9] = 214
  hist[10] = 428
  hist[11] = 107
  hist[14] = 121
  hist[15] = 224
  hist[16] = 29
  hist[17] = 1
by_callsite (caller PC; symbolize with addr2line):
   0 caller=0x759fa2480c8a calls=12487 total_ms=17120.510 avg_us=1371.067 max_us=140269
   1 caller=0x759fa24800b8 calls=10145 total_ms=4.076 avg_us=0.402 max_us=25
   2 caller=0x759fa2480098 calls=3758 total_ms=3.171 avg_us=0.844 max_us=25
   3 caller=0x759fa24800d5 calls=3758 total_ms=1.490 avg_us=0.396 max_us=15
   4 caller=0x759fa247f28a calls=752 total_ms=1.431 avg_us=1.903 max_us=11
direct_cudaStreamSynchronize: calls=13500 total_ms=61.253 max_us=2583
by_direct_callsite (file:line):
   0 /opt/llama.cpp/ggml/src/ggml-cuda/ggml-cuda.cu:839 calls=13147 total_ms=54.719 avg_us=4.162 max_us=356
   1 /opt/llama.cpp/ggml/src/ggml-cuda/ggml-cuda.cu:900 calls=12 total_ms=5.894 avg_us=491.167 max_us=2583
   2 /opt/llama.cpp/ggml/src/ggml-cuda/ggml-cuda.cu:2665 calls=191 total_ms=0.394 avg_us=2.063 max_us=11
   3 /opt/llama.cpp/ggml/src/ggml-cuda/ggml-cuda.cu:847 calls=150 total_ms=0.246 avg_us=1.640 max_us=21
=== END CUDA SYNC PROFILE ===
backend-sync-trace: count=31000 backend=CUDA0 caller=ggml_backend_sched_synchronize+0x3a

=== CUDA SYNC PROFILE (instrumentation only) ===
total_syncs = 31000
total_wait_ms = 17165.753
max_wait_us = 140269
sites = 5
wait_hist_us = logarithmic buckets
  hist[0] = 28409
  hist[1] = 1338
  hist[2] = 73
  hist[3] = 33
  hist[4] = 18
  hist[5] = 1
  hist[9] = 214
  hist[10] = 431
  hist[11] = 107
  hist[14] = 122
  hist[15] = 224
  hist[16] = 29
  hist[17] = 1
by_callsite (caller PC; symbolize with addr2line):
   0 caller=0x759fa2480c8a calls=12536 total_ms=17155.561 avg_us=1368.504 max_us=140269
   1 caller=0x759fa24800b8 calls=10174 total_ms=4.082 avg_us=0.401 max_us=25
   2 caller=0x759fa2480098 calls=3768 total_ms=3.180 avg_us=0.844 max_us=25
   3 caller=0x759fa24800d5 calls=3768 total_ms=1.495 avg_us=0.397 max_us=15
   4 caller=0x759fa247f28a calls=754 total_ms=1.435 avg_us=1.903 max_us=11
direct_cudaStreamSynchronize: calls=13538 total_ms=61.406 max_us=2583
by_direct_callsite (file:line):
   0 /opt/llama.cpp/ggml/src/ggml-cuda/ggml-cuda.cu:839 calls=13185 total_ms=54.872 avg_us=4.162 max_us=356
   1 /opt/llama.cpp/ggml/src/ggml-cuda/ggml-cuda.cu:900 calls=12 total_ms=5.894 avg_us=491.167 max_us=2583
   2 /opt/llama.cpp/ggml/src/ggml-cuda/ggml-cuda.cu:2665 calls=191 total_ms=0.394 avg_us=2.063 max_us=11
   3 /opt/llama.cpp/ggml/src/ggml-cuda/ggml-cuda.cu:847 calls=150 total_ms=0.246 avg_us=1.640 max_us=21
=== END CUDA SYNC PROFILE ===
backend-sync-trace: count=31100 backend=CUDA0 caller=ggml_backend_sched_graph_compute_async_ext+0xcb8

=== CUDA SYNC PROFILE (instrumentation only) ===
total_syncs = 31100
total_wait_ms = 17204.715
max_wait_us = 140269
sites = 5
wait_hist_us = logarithmic buckets
  hist[0] = 28502
  hist[1] = 1342
  hist[2] = 73
  hist[3] = 33
  hist[4] = 18
  hist[5] = 1
  hist[9] = 214
  hist[10] = 433
  hist[11] = 107
  hist[14] = 122
  hist[15] = 225
  hist[16] = 29
  hist[17] = 1
by_callsite (caller PC; symbolize with addr2line):
   0 caller=0x759fa2480c8a calls=12567 total_ms=17194.488 avg_us=1368.225 max_us=140269
   1 caller=0x759fa24800b8 calls=10213 total_ms=4.094 avg_us=0.401 max_us=25
   2 caller=0x759fa2480098 calls=3782 total_ms=3.191 avg_us=0.844 max_us=25
   3 caller=0x759fa24800d5 calls=3782 total_ms=1.504 avg_us=0.398 max_us=15
   4 caller=0x759fa247f28a calls=756 total_ms=1.438 avg_us=1.902 max_us=11
direct_cudaStreamSynchronize: calls=13587 total_ms=61.616 max_us=2583
by_direct_callsite (file:line):
   0 /opt/llama.cpp/ggml/src/ggml-cuda/ggml-cuda.cu:839 calls=13234 total_ms=55.082 avg_us=4.162 max_us=356
   1 /opt/llama.cpp/ggml/src/ggml-cuda/ggml-cuda.cu:900 calls=12 total_ms=5.894 avg_us=491.167 max_us=2583
   2 /opt/llama.cpp/ggml/src/ggml-cuda/ggml-cuda.cu:2665 calls=191 total_ms=0.394 avg_us=2.063 max_us=11
   3 /opt/llama.cpp/ggml/src/ggml-cuda/ggml-cuda.cu:847 calls=150 total_ms=0.246 avg_us=1.640 max_us=21
=== END CUDA SYNC PROFILE ===

=== CUDA SYNC PROFILE (instrumentation only) ===
total_syncs = 31142
total_wait_ms = 17237.555
max_wait_us = 140269
sites = 5
wait_hist_us = logarithmic buckets
  hist[0] = 28541
  hist[1] = 1344
  hist[2] = 73
  hist[3] = 33
  hist[4] = 18
  hist[5] = 1
  hist[9] = 214
  hist[10] = 433
  hist[11] = 107
  hist[14] = 122
  hist[15] = 226
  hist[16] = 29
  hist[17] = 1
by_callsite (caller PC; symbolize with addr2line):
   0 caller=0x759fa2480c8a calls=12590 total_ms=17227.317 avg_us=1368.333 max_us=140269
   1 caller=0x759fa24800b8 calls=10222 total_ms=4.098 avg_us=0.401 max_us=25
   2 caller=0x759fa2480098 calls=3786 total_ms=3.193 avg_us=0.843 max_us=25
   3 caller=0x759fa24800d5 calls=3786 total_ms=1.506 avg_us=0.398 max_us=15
   4 caller=0x759fa247f28a calls=758 total_ms=1.441 avg_us=1.901 max_us=11
direct_cudaStreamSynchronize: calls=13600 total_ms=61.667 max_us=2583
by_direct_callsite (file:line):
   0 /opt/llama.cpp/ggml/src/ggml-cuda/ggml-cuda.cu:839 calls=13247 total_ms=55.133 avg_us=4.162 max_us=356
   1 /opt/llama.cpp/ggml/src/ggml-cuda/ggml-cuda.cu:900 calls=12 total_ms=5.894 avg_us=491.167 max_us=2583
   2 /opt/llama.cpp/ggml/src/ggml-cuda/ggml-cuda.cu:2665 calls=191 total_ms=0.394 avg_us=2.063 max_us=11
   3 /opt/llama.cpp/ggml/src/ggml-cuda/ggml-cuda.cu:847 calls=150 total_ms=0.246 avg_us=1.640 max_us=21
=== END CUDA SYNC PROFILE ===
backend-sync-trace: count=31200 backend=CUDA0 caller=ggml_backend_sched_graph_compute_async_ext+0xcb8

=== CUDA SYNC PROFILE (instrumentation only) ===
total_syncs = 31200
total_wait_ms = 17277.772
max_wait_us = 140269
sites = 5
wait_hist_us = logarithmic buckets
  hist[0] = 28595
  hist[1] = 1345
  hist[2] = 73
  hist[3] = 33
  hist[4] = 18
  hist[5] = 1
  hist[9] = 215
  hist[10] = 434
  hist[11] = 107
  hist[14] = 122
  hist[15] = 227
  hist[16] = 29
  hist[17] = 1
by_callsite (caller PC; symbolize with addr2line):
   0 caller=0x759fa2480c8a calls=12606 total_ms=17267.511 avg_us=1369.785 max_us=140269
   1 caller=0x759fa24800b8 calls=10247 total_ms=4.110 avg_us=0.401 max_us=25
   2 caller=0x759fa2480098 calls=3794 total_ms=3.201 avg_us=0.844 max_us=25
   3 caller=0x759fa24800d5 calls=3794 total_ms=1.508 avg_us=0.397 max_us=15
   4 caller=0x759fa247f28a calls=759 total_ms=1.442 avg_us=1.900 max_us=11
direct_cudaStreamSynchronize: calls=13631 total_ms=61.793 max_us=2583
by_direct_callsite (file:line):
   0 /opt/llama.cpp/ggml/src/ggml-cuda/ggml-cuda.cu:839 calls=13278 total_ms=55.259 avg_us=4.162 max_us=356
   1 /opt/llama.cpp/ggml/src/ggml-cuda/ggml-cuda.cu:900 calls=12 total_ms=5.894 avg_us=491.167 max_us=2583
   2 /opt/llama.cpp/ggml/src/ggml-cuda/ggml-cuda.cu:2665 calls=191 total_ms=0.394 avg_us=2.063 max_us=11
   3 /opt/llama.cpp/ggml/src/ggml-cuda/ggml-cuda.cu:847 calls=150 total_ms=0.246 avg_us=1.640 max_us=21
=== END CUDA SYNC PROFILE ===
backend-sync-trace: count=31300 backend=CUDA0 caller=ggml_backend_sched_graph_compute_async_ext+0xcd5

=== CUDA SYNC PROFILE (instrumentation only) ===
total_syncs = 31300
total_wait_ms = 17308.584
max_wait_us = 140269
sites = 5
wait_hist_us = logarithmic buckets
  hist[0] = 28688
  hist[1] = 1349
  hist[2] = 73
  hist[3] = 33
  hist[4] = 18
  hist[5] = 1
  hist[9] = 217
  hist[10] = 434
  hist[11] = 107
  hist[14] = 123
  hist[15] = 227
  hist[16] = 29
  hist[17] = 1
by_callsite (caller PC; symbolize with addr2line):
   0 caller=0x759fa2480c8a calls=12652 total_ms=17298.294 avg_us=1367.238 max_us=140269
   1 caller=0x759fa24800b8 calls=10274 total_ms=4.119 avg_us=0.401 max_us=25
   2 caller=0x759fa2480098 calls=3806 total_ms=3.211 avg_us=0.844 max_us=25
   3 caller=0x759fa24800d5 calls=3806 total_ms=1.512 avg_us=0.397 max_us=15
   4 caller=0x759fa247f28a calls=762 total_ms=1.448 avg_us=1.900 max_us=11
direct_cudaStreamSynchronize: calls=13667 total_ms=61.937 max_us=2583
by_direct_callsite (file:line):
   0 /opt/llama.cpp/ggml/src/ggml-cuda/ggml-cuda.cu:839 calls=13314 total_ms=55.403 avg_us=4.161 max_us=356
   1 /opt/llama.cpp/ggml/src/ggml-cuda/ggml-cuda.cu:900 calls=12 total_ms=5.894 avg_us=491.167 max_us=2583
   2 /opt/llama.cpp/ggml/src/ggml-cuda/ggml-cuda.cu:2665 calls=191 total_ms=0.394 avg_us=2.063 max_us=11
   3 /opt/llama.cpp/ggml/src/ggml-cuda/ggml-cuda.cu:847 calls=150 total_ms=0.246 avg_us=1.640 max_us=21
=== END CUDA SYNC PROFILE ===

=== CUDA SYNC PROFILE (instrumentation only) ===
total_syncs = 31358
total_wait_ms = 17350.463
max_wait_us = 140269
sites = 5
wait_hist_us = logarithmic buckets
  hist[0] = 28742
  hist[1] = 1350
  hist[2] = 73
  hist[3] = 33
  hist[4] = 18
  hist[5] = 1
  hist[9] = 218
  hist[10] = 435
  hist[11] = 107
  hist[14] = 123
  hist[15] = 228
  hist[16] = 29
  hist[17] = 1
by_callsite (caller PC; symbolize with addr2line):
   0 caller=0x759fa2480c8a calls=12668 total_ms=17340.155 avg_us=1368.816 max_us=140269
   1 caller=0x759fa24800b8 calls=10299 total_ms=4.129 avg_us=0.401 max_us=25
   2 caller=0x759fa2480098 calls=3814 total_ms=3.217 avg_us=0.843 max_us=25
   3 caller=0x759fa24800d5 calls=3814 total_ms=1.513 avg_us=0.397 max_us=15
   4 caller=0x759fa247f28a calls=763 total_ms=1.449 avg_us=1.899 max_us=11
direct_cudaStreamSynchronize: calls=13700 total_ms=62.073 max_us=2583
by_direct_callsite (file:line):
   0 /opt/llama.cpp/ggml/src/ggml-cuda/ggml-cuda.cu:839 calls=13347 total_ms=55.539 avg_us=4.161 max_us=356
   1 /opt/llama.cpp/ggml/src/ggml-cuda/ggml-cuda.cu:900 calls=12 total_ms=5.894 avg_us=491.167 max_us=2583
   2 /opt/llama.cpp/ggml/src/ggml-cuda/ggml-cuda.cu:2665 calls=191 total_ms=0.394 avg_us=2.063 max_us=11
   3 /opt/llama.cpp/ggml/src/ggml-cuda/ggml-cuda.cu:847 calls=150 total_ms=0.246 avg_us=1.640 max_us=21
=== END CUDA SYNC PROFILE ===
backend-sync-trace: count=31400 backend=CUDA0 caller=ggml_backend_sched_graph_compute_async_ext+0xc98

=== CUDA SYNC PROFILE (instrumentation only) ===
total_syncs = 31400
total_wait_ms = 17351.704
max_wait_us = 140269
sites = 5
wait_hist_us = logarithmic buckets
  hist[0] = 28782
  hist[1] = 1351
  hist[2] = 73
  hist[3] = 33
  hist[4] = 18
  hist[5] = 1
  hist[9] = 218
  hist[10] = 436
  hist[11] = 107
  hist[14] = 123
  hist[15] = 228
  hist[16] = 29
  hist[17] = 1
by_callsite (caller PC; symbolize with addr2line):
   0 caller=0x759fa2480c8a calls=12696 total_ms=17341.387 avg_us=1365.894 max_us=140269
   1 caller=0x759fa24800b8 calls=10305 total_ms=4.132 avg_us=0.401 max_us=25
   2 caller=0x759fa2480098 calls=3818 total_ms=3.219 avg_us=0.843 max_us=25
   3 caller=0x759fa24800d5 calls=3817 total_ms=1.515 avg_us=0.397 max_us=15
   4 caller=0x759fa247f28a calls=764 total_ms=1.451 avg_us=1.899 max_us=11
direct_cudaStreamSynchronize: calls=13708 total_ms=62.098 max_us=2583
by_direct_callsite (file:line):
   0 /opt/llama.cpp/ggml/src/ggml-cuda/ggml-cuda.cu:839 calls=13355 total_ms=55.564 avg_us=4.161 max_us=356
   1 /opt/llama.cpp/ggml/src/ggml-cuda/ggml-cuda.cu:900 calls=12 total_ms=5.894 avg_us=491.167 max_us=2583
   2 /opt/llama.cpp/ggml/src/ggml-cuda/ggml-cuda.cu:2665 calls=191 total_ms=0.394 avg_us=2.063 max_us=11
   3 /opt/llama.cpp/ggml/src/ggml-cuda/ggml-cuda.cu:847 calls=150 total_ms=0.246 avg_us=1.640 max_us=21
=== END CUDA SYNC PROFILE ===
backend-sync-trace: count=31500 backend=CUDA0 caller=ggml_backend_sched_graph_compute_async_ext+0xcd5

=== CUDA SYNC PROFILE (instrumentation only) ===
total_syncs = 31500
total_wait_ms = 17398.637
max_wait_us = 140269
sites = 5
wait_hist_us = logarithmic buckets
  hist[0] = 28873
  hist[1] = 1356
  hist[2] = 73
  hist[3] = 33
  hist[4] = 18
  hist[5] = 1
  hist[9] = 218
  hist[10] = 439
  hist[11] = 107
  hist[14] = 123
  hist[15] = 229
  hist[16] = 29
  hist[17] = 1
by_callsite (caller PC; symbolize with addr2line):
   0 caller=0x759fa2480c8a calls=12740 total_ms=17388.289 avg_us=1364.858 max_us=140269
   1 caller=0x759fa24800b8 calls=10336 total_ms=4.145 avg_us=0.401 max_us=25
   2 caller=0x759fa2480098 calls=3829 total_ms=3.229 avg_us=0.843 max_us=25
   3 caller=0x759fa24800d5 calls=3829 total_ms=1.519 avg_us=0.397 max_us=15
   4 caller=0x759fa247f28a calls=766 total_ms=1.455 avg_us=1.899 max_us=11
direct_cudaStreamSynchronize: calls=13748 total_ms=62.248 max_us=2583
by_direct_callsite (file:line):
   0 /opt/llama.cpp/ggml/src/ggml-cuda/ggml-cuda.cu:839 calls=13395 total_ms=55.714 avg_us=4.159 max_us=356
   1 /opt/llama.cpp/ggml/src/ggml-cuda/ggml-cuda.cu:900 calls=12 total_ms=5.894 avg_us=491.167 max_us=2583
   2 /opt/llama.cpp/ggml/src/ggml-cuda/ggml-cuda.cu:2665 calls=191 total_ms=0.394 avg_us=2.063 max_us=11
   3 /opt/llama.cpp/ggml/src/ggml-cuda/ggml-cuda.cu:847 calls=150 total_ms=0.246 avg_us=1.640 max_us=21
=== END CUDA SYNC PROFILE ===
backend-sync-trace: count=31600 backend=CUDA0 caller=ggml_backend_sched_graph_compute_async_ext+0xcb8

=== CUDA SYNC PROFILE (instrumentation only) ===
total_syncs = 31600
total_wait_ms = 17440.321
max_wait_us = 140269
sites = 5
wait_hist_us = logarithmic buckets
  hist[0] = 28967
  hist[1] = 1359
  hist[2] = 73
  hist[3] = 33
  hist[4] = 18
  hist[5] = 1
  hist[9] = 220
  hist[10] = 439
  hist[11] = 107
  hist[14] = 123
  hist[15] = 230
  hist[16] = 29
  hist[17] = 1
by_callsite (caller PC; symbolize with addr2line):
   0 caller=0x759fa2480c8a calls=12777 total_ms=17429.941 avg_us=1364.165 max_us=140269
   1 caller=0x759fa24800b8 calls=10371 total_ms=4.158 avg_us=0.401 max_us=25
   2 caller=0x759fa2480098 calls=3842 total_ms=3.241 avg_us=0.844 max_us=25
   3 caller=0x759fa24800d5 calls=3842 total_ms=1.523 avg_us=0.396 max_us=15
   4 caller=0x759fa247f28a calls=768 total_ms=1.458 avg_us=1.898 max_us=11
direct_cudaStreamSynchronize: calls=13793 total_ms=62.442 max_us=2583
by_direct_callsite (file:line):
   0 /opt/llama.cpp/ggml/src/ggml-cuda/ggml-cuda.cu:839 calls=13440 total_ms=55.908 avg_us=4.160 max_us=356
   1 /opt/llama.cpp/ggml/src/ggml-cuda/ggml-cuda.cu:900 calls=12 total_ms=5.894 avg_us=491.167 max_us=2583
   2 /opt/llama.cpp/ggml/src/ggml-cuda/ggml-cuda.cu:2665 calls=191 total_ms=0.394 avg_us=2.063 max_us=11
   3 /opt/llama.cpp/ggml/src/ggml-cuda/ggml-cuda.cu:847 calls=150 total_ms=0.246 avg_us=1.640 max_us=21
=== END CUDA SYNC PROFILE ===

=== CUDA SYNC PROFILE (instrumentation only) ===
total_syncs = 31606
total_wait_ms = 17440.324
max_wait_us = 140269
sites = 5
wait_hist_us = logarithmic buckets
  hist[0] = 28973
  hist[1] = 1359
  hist[2] = 73
  hist[3] = 33
  hist[4] = 18
  hist[5] = 1
  hist[9] = 220
  hist[10] = 439
  hist[11] = 107
  hist[14] = 123
  hist[15] = 230
  hist[16] = 29
  hist[17] = 1
by_callsite (caller PC; symbolize with addr2line):
   0 caller=0x759fa2480c8a calls=12777 total_ms=17429.941 avg_us=1364.165 max_us=140269
   1 caller=0x759fa24800b8 calls=10377 total_ms=4.161 avg_us=0.401 max_us=25
   2 caller=0x759fa2480098 calls=3842 total_ms=3.241 avg_us=0.844 max_us=25
   3 caller=0x759fa24800d5 calls=3842 total_ms=1.523 avg_us=0.396 max_us=15
   4 caller=0x759fa247f28a calls=768 total_ms=1.458 avg_us=1.898 max_us=11
direct_cudaStreamSynchronize: calls=13800 total_ms=62.459 max_us=2583
by_direct_callsite (file:line):
   0 /opt/llama.cpp/ggml/src/ggml-cuda/ggml-cuda.cu:839 calls=13447 total_ms=55.925 avg_us=4.159 max_us=356
   1 /opt/llama.cpp/ggml/src/ggml-cuda/ggml-cuda.cu:900 calls=12 total_ms=5.894 avg_us=491.167 max_us=2583
   2 /opt/llama.cpp/ggml/src/ggml-cuda/ggml-cuda.cu:2665 calls=191 total_ms=0.394 avg_us=2.063 max_us=11
   3 /opt/llama.cpp/ggml/src/ggml-cuda/ggml-cuda.cu:847 calls=150 total_ms=0.246 avg_us=1.640 max_us=21
=== END CUDA SYNC PROFILE ===
backend-sync-trace: count=31700 backend=CUDA0 caller=ggml_backend_sched_synchronize+0x3a

=== CUDA SYNC PROFILE (instrumentation only) ===
total_syncs = 31700
total_wait_ms = 17501.191
max_wait_us = 140269
sites = 5
wait_hist_us = logarithmic buckets
  hist[0] = 29058
  hist[1] = 1364
  hist[2] = 73
  hist[3] = 33
  hist[4] = 18
  hist[5] = 1
  hist[9] = 222
  hist[10] = 439
  hist[11] = 107
  hist[14] = 125
  hist[15] = 230
  hist[16] = 29
  hist[17] = 1
by_callsite (caller PC; symbolize with addr2line):
   0 caller=0x759fa2480c8a calls=12812 total_ms=17490.783 avg_us=1365.188 max_us=140269
   1 caller=0x759fa24800b8 calls=10409 total_ms=4.170 avg_us=0.401 max_us=25
   2 caller=0x759fa2480098 calls=3854 total_ms=3.250 avg_us=0.843 max_us=25
   3 caller=0x759fa24800d5 calls=3854 total_ms=1.525 avg_us=0.396 max_us=15
   4 caller=0x759fa247f28a calls=771 total_ms=1.463 avg_us=1.898 max_us=11
direct_cudaStreamSynchronize: calls=13841 total_ms=62.630 max_us=2583
by_direct_callsite (file:line):
   0 /opt/llama.cpp/ggml/src/ggml-cuda/ggml-cuda.cu:839 calls=13488 total_ms=56.096 avg_us=4.159 max_us=356
   1 /opt/llama.cpp/ggml/src/ggml-cuda/ggml-cuda.cu:900 calls=12 total_ms=5.894 avg_us=491.167 max_us=2583
   2 /opt/llama.cpp/ggml/src/ggml-cuda/ggml-cuda.cu:2665 calls=191 total_ms=0.394 avg_us=2.063 max_us=11
   3 /opt/llama.cpp/ggml/src/ggml-cuda/ggml-cuda.cu:847 calls=150 total_ms=0.246 avg_us=1.640 max_us=21
=== END CUDA SYNC PROFILE ===
backend-sync-trace: count=31800 backend=CUDA0 caller=0x759fa247f28a

=== CUDA SYNC PROFILE (instrumentation only) ===
total_syncs = 31800
total_wait_ms = 17530.486
max_wait_us = 140269
sites = 5
wait_hist_us = logarithmic buckets
  hist[0] = 29149
  hist[1] = 1370
  hist[2] = 73
  hist[3] = 33
  hist[4] = 18
  hist[5] = 1
  hist[9] = 222
  hist[10] = 441
  hist[11] = 107
  hist[14] = 126
  hist[15] = 230
  hist[16] = 29
  hist[17] = 1
by_callsite (caller PC; symbolize with addr2line):
   0 caller=0x759fa2480c8a calls=12862 total_ms=17520.048 avg_us=1362.156 max_us=140269
   1 caller=0x759fa24800b8 calls=10436 total_ms=4.180 avg_us=0.401 max_us=25
   2 caller=0x759fa2480098 calls=3864 total_ms=3.260 avg_us=0.844 max_us=25
   3 caller=0x759fa24800d5 calls=3864 total_ms=1.529 avg_us=0.396 max_us=15
   4 caller=0x759fa247f28a calls=774 total_ms=1.469 avg_us=1.898 max_us=11
direct_cudaStreamSynchronize: calls=13876 total_ms=62.775 max_us=2583
by_direct_callsite (file:line):
   0 /opt/llama.cpp/ggml/src/ggml-cuda/ggml-cuda.cu:839 calls=13523 total_ms=56.241 avg_us=4.159 max_us=356
   1 /opt/llama.cpp/ggml/src/ggml-cuda/ggml-cuda.cu:900 calls=12 total_ms=5.894 avg_us=491.167 max_us=2583
   2 /opt/llama.cpp/ggml/src/ggml-cuda/ggml-cuda.cu:2665 calls=191 total_ms=0.394 avg_us=2.063 max_us=11
   3 /opt/llama.cpp/ggml/src/ggml-cuda/ggml-cuda.cu:847 calls=150 total_ms=0.246 avg_us=1.640 max_us=21
=== END CUDA SYNC PROFILE ===

=== CUDA SYNC PROFILE (instrumentation only) ===
total_syncs = 31847
total_wait_ms = 17532.930
max_wait_us = 140269
sites = 5
wait_hist_us = logarithmic buckets
  hist[0] = 29193
  hist[1] = 1371
  hist[2] = 73
  hist[3] = 33
  hist[4] = 18
  hist[5] = 1
  hist[9] = 223
  hist[10] = 442
  hist[11] = 107
  hist[14] = 126
  hist[15] = 230
  hist[16] = 29
  hist[17] = 1
by_callsite (caller PC; symbolize with addr2line):
   0 caller=0x759fa2480c8a calls=12876 total_ms=17522.476 avg_us=1360.863 max_us=140269
   1 caller=0x759fa24800b8 calls=10453 total_ms=4.185 avg_us=0.400 max_us=25
   2 caller=0x759fa2480098 calls=3872 total_ms=3.266 avg_us=0.843 max_us=25
   3 caller=0x759fa24800d5 calls=3872 total_ms=1.534 avg_us=0.396 max_us=15
   4 caller=0x759fa247f28a calls=774 total_ms=1.469 avg_us=1.898 max_us=11
direct_cudaStreamSynchronize: calls=13900 total_ms=62.874 max_us=2583
by_direct_callsite (file:line):
   0 /opt/llama.cpp/ggml/src/ggml-cuda/ggml-cuda.cu:839 calls=13547 total_ms=56.340 avg_us=4.159 max_us=356
   1 /opt/llama.cpp/ggml/src/ggml-cuda/ggml-cuda.cu:900 calls=12 total_ms=5.894 avg_us=491.167 max_us=2583
   2 /opt/llama.cpp/ggml/src/ggml-cuda/ggml-cuda.cu:2665 calls=191 total_ms=0.394 avg_us=2.063 max_us=11
   3 /opt/llama.cpp/ggml/src/ggml-cuda/ggml-cuda.cu:847 calls=150 total_ms=0.246 avg_us=1.640 max_us=21
=== END CUDA SYNC PROFILE ===
backend-sync-trace: count=31900 backend=CUDA0 caller=ggml_backend_sched_synchronize+0x3a

=== CUDA SYNC PROFILE (instrumentation only) ===
total_syncs = 31900
total_wait_ms = 17565.082
max_wait_us = 140269
sites = 5
wait_hist_us = logarithmic buckets
  hist[0] = 29240
  hist[1] = 1374
  hist[2] = 73
  hist[3] = 34
  hist[4] = 18
  hist[5] = 1
  hist[9] = 223
  hist[10] = 443
  hist[11] = 107
  hist[14] = 127
  hist[15] = 230
  hist[16] = 29
  hist[17] = 1
by_callsite (caller PC; symbolize with addr2line):
   0 caller=0x759fa2480c8a calls=12905 total_ms=17554.615 avg_us=1360.296 max_us=140269
   1 caller=0x759fa24800b8 calls=10467 total_ms=4.190 avg_us=0.400 max_us=25
   2 caller=0x759fa2480098 calls=3876 total_ms=3.269 avg_us=0.843 max_us=25
   3 caller=0x759fa24800d5 calls=3876 total_ms=1.535 avg_us=0.396 max_us=15
   4 caller=0x759fa247f28a calls=776 total_ms=1.473 avg_us=1.898 max_us=11
direct_cudaStreamSynchronize: calls=13917 total_ms=62.936 max_us=2583
by_direct_callsite (file:line):
   0 /opt/llama.cpp/ggml/src/ggml-cuda/ggml-cuda.cu:839 calls=13564 total_ms=56.402 avg_us=4.158 max_us=356
   1 /opt/llama.cpp/ggml/src/ggml-cuda/ggml-cuda.cu:900 calls=12 total_ms=5.894 avg_us=491.167 max_us=2583
   2 /opt/llama.cpp/ggml/src/ggml-cuda/ggml-cuda.cu:2665 calls=191 total_ms=0.394 avg_us=2.063 max_us=11
   3 /opt/llama.cpp/ggml/src/ggml-cuda/ggml-cuda.cu:847 calls=150 total_ms=0.246 avg_us=1.640 max_us=21
=== END CUDA SYNC PROFILE ===
backend-sync-trace: count=32000 backend=CUDA0 caller=ggml_backend_sched_synchronize+0x3a

=== CUDA SYNC PROFILE (instrumentation only) ===
total_syncs = 32000
total_wait_ms = 17597.199
max_wait_us = 140269
sites = 5
wait_hist_us = logarithmic buckets
  hist[0] = 29334
  hist[1] = 1376
  hist[2] = 73
  hist[3] = 34
  hist[4] = 18
  hist[5] = 1
  hist[9] = 225
  hist[10] = 444
  hist[11] = 107
  hist[14] = 128
  hist[15] = 230
  hist[16] = 29
  hist[17] = 1
by_callsite (caller PC; symbolize with addr2line):
   0 caller=0x759fa2480c8a calls=12948 total_ms=17586.705 avg_us=1358.256 max_us=140269
   1 caller=0x759fa24800b8 calls=10498 total_ms=4.203 avg_us=0.400 max_us=25
   2 caller=0x759fa2480098 calls=3888 total_ms=3.277 avg_us=0.843 max_us=25
   3 caller=0x759fa24800d5 calls=3888 total_ms=1.538 avg_us=0.396 max_us=15
   4 caller=0x759fa247f28a calls=778 total_ms=1.476 avg_us=1.897 max_us=11
direct_cudaStreamSynchronize: calls=13958 total_ms=63.117 max_us=2583
by_direct_callsite (file:line):
   0 /opt/llama.cpp/ggml/src/ggml-cuda/ggml-cuda.cu:839 calls=13605 total_ms=56.583 avg_us=4.159 max_us=356
   1 /opt/llama.cpp/ggml/src/ggml-cuda/ggml-cuda.cu:900 calls=12 total_ms=5.894 avg_us=491.167 max_us=2583
   2 /opt/llama.cpp/ggml/src/ggml-cuda/ggml-cuda.cu:2665 calls=191 total_ms=0.394 avg_us=2.063 max_us=11
   3 /opt/llama.cpp/ggml/src/ggml-cuda/ggml-cuda.cu:847 calls=150 total_ms=0.246 avg_us=1.640 max_us=21
=== END CUDA SYNC PROFILE ===
backend-sync-trace: count=32100 backend=CUDA0 caller=ggml_backend_sched_graph_compute_async_ext+0xcb8

=== CUDA SYNC PROFILE (instrumentation only) ===
total_syncs = 32100
total_wait_ms = 17633.544
max_wait_us = 140269
sites = 5
wait_hist_us = logarithmic buckets
  hist[0] = 29427
  hist[1] = 1380
  hist[2] = 73
  hist[3] = 34
  hist[4] = 18
  hist[5] = 1
  hist[9] = 226
  hist[10] = 445
  hist[11] = 107
  hist[14] = 128
  hist[15] = 231
  hist[16] = 29
  hist[17] = 1
by_callsite (caller PC; symbolize with addr2line):
   0 caller=0x759fa2480c8a calls=12987 total_ms=17623.021 avg_us=1356.974 max_us=140269
   1 caller=0x759fa24800b8 calls=10529 total_ms=4.213 avg_us=0.400 max_us=25
   2 caller=0x759fa2480098 calls=3902 total_ms=3.289 avg_us=0.843 max_us=25
   3 caller=0x759fa24800d5 calls=3902 total_ms=1.542 avg_us=0.395 max_us=15
   4 caller=0x759fa247f28a calls=780 total_ms=1.479 avg_us=1.896 max_us=11
direct_cudaStreamSynchronize: calls=13999 total_ms=63.301 max_us=2583
by_direct_callsite (file:line):
   0 /opt/llama.cpp/ggml/src/ggml-cuda/ggml-cuda.cu:839 calls=13646 total_ms=56.767 avg_us=4.160 max_us=356
   1 /opt/llama.cpp/ggml/src/ggml-cuda/ggml-cuda.cu:900 calls=12 total_ms=5.894 avg_us=491.167 max_us=2583
   2 /opt/llama.cpp/ggml/src/ggml-cuda/ggml-cuda.cu:2665 calls=191 total_ms=0.394 avg_us=2.063 max_us=11
   3 /opt/llama.cpp/ggml/src/ggml-cuda/ggml-cuda.cu:847 calls=150 total_ms=0.246 avg_us=1.640 max_us=21
=== END CUDA SYNC PROFILE ===

=== CUDA SYNC PROFILE (instrumentation only) ===
total_syncs = 32100
total_wait_ms = 17633.544
max_wait_us = 140269
sites = 5
wait_hist_us = logarithmic buckets
  hist[0] = 29427
  hist[1] = 1380
  hist[2] = 73
  hist[3] = 34
  hist[4] = 18
  hist[5] = 1
  hist[9] = 226
  hist[10] = 445
  hist[11] = 107
  hist[14] = 128
  hist[15] = 231
  hist[16] = 29
  hist[17] = 1
by_callsite (caller PC; symbolize with addr2line):
   0 caller=0x759fa2480c8a calls=12987 total_ms=17623.021 avg_us=1356.974 max_us=140269
   1 caller=0x759fa24800b8 calls=10529 total_ms=4.213 avg_us=0.400 max_us=25
   2 caller=0x759fa2480098 calls=3902 total_ms=3.289 avg_us=0.843 max_us=25
   3 caller=0x759fa24800d5 calls=3902 total_ms=1.542 avg_us=0.395 max_us=15
   4 caller=0x759fa247f28a calls=780 total_ms=1.479 avg_us=1.896 max_us=11
direct_cudaStreamSynchronize: calls=14000 total_ms=63.304 max_us=2583
by_direct_callsite (file:line):
   0 /opt/llama.cpp/ggml/src/ggml-cuda/ggml-cuda.cu:839 calls=13647 total_ms=56.770 avg_us=4.160 max_us=356
   1 /opt/llama.cpp/ggml/src/ggml-cuda/ggml-cuda.cu:900 calls=12 total_ms=5.894 avg_us=491.167 max_us=2583
   2 /opt/llama.cpp/ggml/src/ggml-cuda/ggml-cuda.cu:2665 calls=191 total_ms=0.394 avg_us=2.063 max_us=11
   3 /opt/llama.cpp/ggml/src/ggml-cuda/ggml-cuda.cu:847 calls=150 total_ms=0.246 avg_us=1.640 max_us=21
=== END CUDA SYNC PROFILE ===
backend-sync-trace: count=32200 backend=CUDA0 caller=0x759fa247f28a

=== CUDA SYNC PROFILE (instrumentation only) ===
total_syncs = 32200
total_wait_ms = 17711.719
max_wait_us = 140269
sites = 5
wait_hist_us = logarithmic buckets
  hist[0] = 29518
  hist[1] = 1385
  hist[2] = 73
  hist[3] = 34
  hist[4] = 18
  hist[5] = 1
  hist[9] = 227
  hist[10] = 446
  hist[11] = 107
  hist[14] = 128
  hist[15] = 233
  hist[16] = 29
  hist[17] = 1
by_callsite (caller PC; symbolize with addr2line):
   0 caller=0x759fa2480c8a calls=13026 total_ms=17701.171 avg_us=1358.911 max_us=140269
   1 caller=0x759fa24800b8 calls=10567 total_ms=4.224 avg_us=0.400 max_us=25
   2 caller=0x759fa2480098 calls=3912 total_ms=3.296 avg_us=0.843 max_us=25
   3 caller=0x759fa24800d5 calls=3912 total_ms=1.544 avg_us=0.395 max_us=15
   4 caller=0x759fa247f28a calls=783 total_ms=1.484 avg_us=1.895 max_us=11
direct_cudaStreamSynchronize: calls=14046 total_ms=63.473 max_us=2583
by_direct_callsite (file:line):
   0 /opt/llama.cpp/ggml/src/ggml-cuda/ggml-cuda.cu:839 calls=13693 total_ms=56.939 avg_us=4.158 max_us=356
   1 /opt/llama.cpp/ggml/src/ggml-cuda/ggml-cuda.cu:900 calls=12 total_ms=5.894 avg_us=491.167 max_us=2583
   2 /opt/llama.cpp/ggml/src/ggml-cuda/ggml-cuda.cu:2665 calls=191 total_ms=0.394 avg_us=2.063 max_us=11
   3 /opt/llama.cpp/ggml/src/ggml-cuda/ggml-cuda.cu:847 calls=150 total_ms=0.246 avg_us=1.640 max_us=21
=== END CUDA SYNC PROFILE ===
backend-sync-trace: count=32300 backend=CUDA0 caller=ggml_backend_sched_synchronize+0x3a

=== CUDA SYNC PROFILE (instrumentation only) ===
total_syncs = 32300
total_wait_ms = 17749.266
max_wait_us = 140269
sites = 5
wait_hist_us = logarithmic buckets
  hist[0] = 29613
  hist[1] = 1387
  hist[2] = 73
  hist[3] = 34
  hist[4] = 18
  hist[5] = 1
  hist[9] = 227
  hist[10] = 448
  hist[11] = 107
  hist[14] = 128
  hist[15] = 234
  hist[16] = 29
  hist[17] = 1
by_callsite (caller PC; symbolize with addr2line):
   0 caller=0x759fa2480c8a calls=13069 total_ms=17738.687 avg_us=1357.310 max_us=140269
   1 caller=0x759fa24800b8 calls=10598 total_ms=4.239 avg_us=0.400 max_us=25
   2 caller=0x759fa2480098 calls=3924 total_ms=3.304 avg_us=0.842 max_us=25
   3 caller=0x759fa24800d5 calls=3924 total_ms=1.549 avg_us=0.395 max_us=15
   4 caller=0x759fa247f28a calls=785 total_ms=1.487 avg_us=1.894 max_us=11
direct_cudaStreamSynchronize: calls=14086 total_ms=63.641 max_us=2583
by_direct_callsite (file:line):
   0 /opt/llama.cpp/ggml/src/ggml-cuda/ggml-cuda.cu:839 calls=13733 total_ms=57.107 avg_us=4.158 max_us=356
   1 /opt/llama.cpp/ggml/src/ggml-cuda/ggml-cuda.cu:900 calls=12 total_ms=5.894 avg_us=491.167 max_us=2583
   2 /opt/llama.cpp/ggml/src/ggml-cuda/ggml-cuda.cu:2665 calls=191 total_ms=0.394 avg_us=2.063 max_us=11
   3 /opt/llama.cpp/ggml/src/ggml-cuda/ggml-cuda.cu:847 calls=150 total_ms=0.246 avg_us=1.640 max_us=21
=== END CUDA SYNC PROFILE ===

=== CUDA SYNC PROFILE (instrumentation only) ===
total_syncs = 32344
total_wait_ms = 17751.159
max_wait_us = 140269
sites = 5
wait_hist_us = logarithmic buckets
  hist[0] = 29654
  hist[1] = 1388
  hist[2] = 73
  hist[3] = 34
  hist[4] = 18
  hist[5] = 1
  hist[9] = 229
  hist[10] = 448
  hist[11] = 107
  hist[14] = 128
  hist[15] = 234
  hist[16] = 29
  hist[17] = 1
by_callsite (caller PC; symbolize with addr2line):
   0 caller=0x759fa2480c8a calls=13092 total_ms=17740.572 avg_us=1355.070 max_us=140269
   1 caller=0x759fa24800b8 calls=10606 total_ms=4.241 avg_us=0.400 max_us=25
   2 caller=0x759fa2480098 calls=3930 total_ms=3.309 avg_us=0.842 max_us=25
   3 caller=0x759fa24800d5 calls=3930 total_ms=1.549 avg_us=0.394 max_us=15
   4 caller=0x759fa247f28a calls=786 total_ms=1.488 avg_us=1.893 max_us=11
direct_cudaStreamSynchronize: calls=14100 total_ms=63.689 max_us=2583
by_direct_callsite (file:line):
   0 /opt/llama.cpp/ggml/src/ggml-cuda/ggml-cuda.cu:839 calls=13747 total_ms=57.155 avg_us=4.158 max_us=356
   1 /opt/llama.cpp/ggml/src/ggml-cuda/ggml-cuda.cu:900 calls=12 total_ms=5.894 avg_us=491.167 max_us=2583
   2 /opt/llama.cpp/ggml/src/ggml-cuda/ggml-cuda.cu:2665 calls=191 total_ms=0.394 avg_us=2.063 max_us=11
   3 /opt/llama.cpp/ggml/src/ggml-cuda/ggml-cuda.cu:847 calls=150 total_ms=0.246 avg_us=1.640 max_us=21
=== END CUDA SYNC PROFILE ===
backend-sync-trace: count=32400 backend=CUDA0 caller=ggml_backend_sched_graph_compute_async_ext+0xc98

=== CUDA SYNC PROFILE (instrumentation only) ===
total_syncs = 32400
total_wait_ms = 17783.061
max_wait_us = 140269
sites = 5
wait_hist_us = logarithmic buckets
  hist[0] = 29707
  hist[1] = 1389
  hist[2] = 73
  hist[3] = 34
  hist[4] = 18
  hist[5] = 1
  hist[9] = 229
  hist[10] = 449
  hist[11] = 107
  hist[14] = 129
  hist[15] = 234
  hist[16] = 29
  hist[17] = 1
by_callsite (caller PC; symbolize with addr2line):
   0 caller=0x759fa2480c8a calls=13110 total_ms=17772.453 avg_us=1355.641 max_us=140269
   1 caller=0x759fa24800b8 calls=10629 total_ms=4.252 avg_us=0.400 max_us=25
   2 caller=0x759fa2480098 calls=3937 total_ms=3.313 avg_us=0.842 max_us=25
   3 caller=0x759fa24800d5 calls=3936 total_ms=1.552 avg_us=0.394 max_us=15
   4 caller=0x759fa247f28a calls=788 total_ms=1.491 avg_us=1.892 max_us=11
direct_cudaStreamSynchronize: calls=14127 total_ms=63.804 max_us=2583
by_direct_callsite (file:line):
   0 /opt/llama.cpp/ggml/src/ggml-cuda/ggml-cuda.cu:839 calls=13774 total_ms=57.270 avg_us=4.158 max_us=356
   1 /opt/llama.cpp/ggml/src/ggml-cuda/ggml-cuda.cu:900 calls=12 total_ms=5.894 avg_us=491.167 max_us=2583
   2 /opt/llama.cpp/ggml/src/ggml-cuda/ggml-cuda.cu:2665 calls=191 total_ms=0.394 avg_us=2.063 max_us=11
   3 /opt/llama.cpp/ggml/src/ggml-cuda/ggml-cuda.cu:847 calls=150 total_ms=0.246 avg_us=1.640 max_us=21
=== END CUDA SYNC PROFILE ===
backend-sync-trace: count=32500 backend=CUDA0 caller=ggml_backend_sched_graph_compute_async_ext+0xcb8

=== CUDA SYNC PROFILE (instrumentation only) ===
total_syncs = 32500
total_wait_ms = 17820.723
max_wait_us = 140269
sites = 5
wait_hist_us = logarithmic buckets
  hist[0] = 29800
  hist[1] = 1392
  hist[2] = 73
  hist[3] = 34
  hist[4] = 18
  hist[5] = 1
  hist[9] = 231
  hist[10] = 450
  hist[11] = 107
  hist[14] = 129
  hist[15] = 235
  hist[16] = 29
  hist[17] = 1
by_callsite (caller PC; symbolize with addr2line):
   0 caller=0x759fa2480c8a calls=13142 total_ms=17810.086 avg_us=1355.204 max_us=140269
   1 caller=0x759fa24800b8 calls=10664 total_ms=4.264 avg_us=0.400 max_us=25
   2 caller=0x759fa2480098 calls=3952 total_ms=3.321 avg_us=0.840 max_us=25
   3 caller=0x759fa24800d5 calls=3952 total_ms=1.558 avg_us=0.394 max_us=15
   4 caller=0x759fa247f28a calls=790 total_ms=1.494 avg_us=1.891 max_us=11
direct_cudaStreamSynchronize: calls=14174 total_ms=64.036 max_us=2583
by_direct_callsite (file:line):
   0 /opt/llama.cpp/ggml/src/ggml-cuda/ggml-cuda.cu:839 calls=13821 total_ms=57.502 avg_us=4.160 max_us=356
   1 /opt/llama.cpp/ggml/src/ggml-cuda/ggml-cuda.cu:900 calls=12 total_ms=5.894 avg_us=491.167 max_us=2583
   2 /opt/llama.cpp/ggml/src/ggml-cuda/ggml-cuda.cu:2665 calls=191 total_ms=0.394 avg_us=2.063 max_us=11
   3 /opt/llama.cpp/ggml/src/ggml-cuda/ggml-cuda.cu:847 calls=150 total_ms=0.246 avg_us=1.640 max_us=21
=== END CUDA SYNC PROFILE ===

=== CUDA SYNC PROFILE (instrumentation only) ===
total_syncs = 32564
total_wait_ms = 17859.077
max_wait_us = 140269
sites = 5
wait_hist_us = logarithmic buckets
  hist[0] = 29860
  hist[1] = 1394
  hist[2] = 73
  hist[3] = 34
  hist[4] = 18
  hist[5] = 1
  hist[9] = 232
  hist[10] = 450
  hist[11] = 107
  hist[14] = 129
  hist[15] = 236
  hist[16] = 29
  hist[17] = 1
by_callsite (caller PC; symbolize with addr2line):
   0 caller=0x759fa2480c8a calls=13172 total_ms=17848.425 avg_us=1355.028 max_us=140269
   1 caller=0x759fa24800b8 calls=10684 total_ms=4.271 avg_us=0.400 max_us=25
   2 caller=0x759fa2480098 calls=3958 total_ms=3.325 avg_us=0.840 max_us=25
   3 caller=0x759fa24800d5 calls=3958 total_ms=1.559 avg_us=0.394 max_us=15
   4 caller=0x759fa247f28a calls=792 total_ms=1.497 avg_us=1.890 max_us=11
direct_cudaStreamSynchronize: calls=14200 total_ms=64.163 max_us=2583
by_direct_callsite (file:line):
   0 /opt/llama.cpp/ggml/src/ggml-cuda/ggml-cuda.cu:839 calls=13847 total_ms=57.629 avg_us=4.162 max_us=356
   1 /opt/llama.cpp/ggml/src/ggml-cuda/ggml-cuda.cu:900 calls=12 total_ms=5.894 avg_us=491.167 max_us=2583
   2 /opt/llama.cpp/ggml/src/ggml-cuda/ggml-cuda.cu:2665 calls=191 total_ms=0.394 avg_us=2.063 max_us=11
   3 /opt/llama.cpp/ggml/src/ggml-cuda/ggml-cuda.cu:847 calls=150 total_ms=0.246 avg_us=1.640 max_us=21
=== END CUDA SYNC PROFILE ===
backend-sync-trace: count=32600 backend=CUDA0 caller=0x759fa247f28a

=== CUDA SYNC PROFILE (instrumentation only) ===
total_syncs = 32600
total_wait_ms = 17886.408
max_wait_us = 140269
sites = 5
wait_hist_us = logarithmic buckets
  hist[0] = 29891
  hist[1] = 1397
  hist[2] = 73
  hist[3] = 34
  hist[4] = 18
  hist[5] = 1
  hist[9] = 232
  hist[10] = 451
  hist[11] = 107
  hist[14] = 130
  hist[15] = 236
  hist[16] = 29
  hist[17] = 1
by_callsite (caller PC; symbolize with addr2line):
   0 caller=0x759fa2480c8a calls=13181 total_ms=17875.739 avg_us=1356.175 max_us=140269
   1 caller=0x759fa24800b8 calls=10702 total_ms=4.281 avg_us=0.400 max_us=25
   2 caller=0x759fa2480098 calls=3962 total_ms=3.327 avg_us=0.840 max_us=25
   3 caller=0x759fa24800d5 calls=3962 total_ms=1.562 avg_us=0.394 max_us=15
   4 caller=0x759fa247f28a calls=793 total_ms=1.499 avg_us=1.890 max_us=11
direct_cudaStreamSynchronize: calls=14221 total_ms=64.247 max_us=2583
by_direct_callsite (file:line):
   0 /opt/llama.cpp/ggml/src/ggml-cuda/ggml-cuda.cu:839 calls=13868 total_ms=57.713 avg_us=4.162 max_us=356
   1 /opt/llama.cpp/ggml/src/ggml-cuda/ggml-cuda.cu:900 calls=12 total_ms=5.894 avg_us=491.167 max_us=2583
   2 /opt/llama.cpp/ggml/src/ggml-cuda/ggml-cuda.cu:2665 calls=191 total_ms=0.394 avg_us=2.063 max_us=11
   3 /opt/llama.cpp/ggml/src/ggml-cuda/ggml-cuda.cu:847 calls=150 total_ms=0.246 avg_us=1.640 max_us=21
=== END CUDA SYNC PROFILE ===
backend-sync-trace: count=32700 backend=CUDA0 caller=ggml_backend_sched_synchronize+0x3a

=== CUDA SYNC PROFILE (instrumentation only) ===
total_syncs = 32700
total_wait_ms = 17921.600
max_wait_us = 140269
sites = 5
wait_hist_us = logarithmic buckets
  hist[0] = 29983
  hist[1] = 1402
  hist[2] = 73
  hist[3] = 34
  hist[4] = 18
  hist[5] = 1
  hist[9] = 232
  hist[10] = 453
  hist[11] = 107
  hist[14] = 131
  hist[15] = 236
  hist[16] = 29
  hist[17] = 1
by_callsite (caller PC; symbolize with addr2line):
   0 caller=0x759fa2480c8a calls=13224 total_ms=17910.901 avg_us=1354.424 max_us=140269
   1 caller=0x759fa24800b8 calls=10733 total_ms=4.291 avg_us=0.400 max_us=25
   2 caller=0x759fa2480098 calls=3974 total_ms=3.340 avg_us=0.840 max_us=25
   3 caller=0x759fa24800d5 calls=3974 total_ms=1.565 avg_us=0.394 max_us=15
   4 caller=0x759fa247f28a calls=795 total_ms=1.503 avg_us=1.891 max_us=11
direct_cudaStreamSynchronize: calls=14261 total_ms=64.413 max_us=2583
by_direct_callsite (file:line):
   0 /opt/llama.cpp/ggml/src/ggml-cuda/ggml-cuda.cu:839 calls=13908 total_ms=57.879 avg_us=4.162 max_us=356
   1 /opt/llama.cpp/ggml/src/ggml-cuda/ggml-cuda.cu:900 calls=12 total_ms=5.894 avg_us=491.167 max_us=2583
   2 /opt/llama.cpp/ggml/src/ggml-cuda/ggml-cuda.cu:2665 calls=191 total_ms=0.394 avg_us=2.063 max_us=11
   3 /opt/llama.cpp/ggml/src/ggml-cuda/ggml-cuda.cu:847 calls=150 total_ms=0.246 avg_us=1.640 max_us=21
=== END CUDA SYNC PROFILE ===
backend-sync-trace: count=32800 backend=CUDA0 caller=ggml_backend_sched_graph_compute_async_ext+0xcd5

=== CUDA SYNC PROFILE (instrumentation only) ===
total_syncs = 32800
total_wait_ms = 17951.396
max_wait_us = 140269
sites = 5
wait_hist_us = logarithmic buckets
  hist[0] = 30073
  hist[1] = 1407
  hist[2] = 74
  hist[3] = 34
  hist[4] = 19
  hist[5] = 1
  hist[9] = 233
  hist[10] = 454
  hist[11] = 107
  hist[14] = 132
  hist[15] = 236
  hist[16] = 29
  hist[17] = 1
by_callsite (caller PC; symbolize with addr2line):
   0 caller=0x759fa2480c8a calls=13270 total_ms=17940.668 avg_us=1351.972 max_us=140269
   1 caller=0x759fa24800b8 calls=10760 total_ms=4.298 avg_us=0.399 max_us=25
   2 caller=0x759fa2480098 calls=3986 total_ms=3.350 avg_us=0.840 max_us=25
   3 caller=0x759fa24800d5 calls=3986 total_ms=1.571 avg_us=0.394 max_us=15
   4 caller=0x759fa247f28a calls=798 total_ms=1.509 avg_us=1.891 max_us=11
direct_cudaStreamSynchronize: calls=14297 total_ms=64.576 max_us=2583
by_direct_callsite (file:line):
   0 /opt/llama.cpp/ggml/src/ggml-cuda/ggml-cuda.cu:839 calls=13944 total_ms=58.042 avg_us=4.163 max_us=356
   1 /opt/llama.cpp/ggml/src/ggml-cuda/ggml-cuda.cu:900 calls=12 total_ms=5.894 avg_us=491.167 max_us=2583
   2 /opt/llama.cpp/ggml/src/ggml-cuda/ggml-cuda.cu:2665 calls=191 total_ms=0.394 avg_us=2.063 max_us=11
   3 /opt/llama.cpp/ggml/src/ggml-cuda/ggml-cuda.cu:847 calls=150 total_ms=0.246 avg_us=1.640 max_us=21
=== END CUDA SYNC PROFILE ===

=== CUDA SYNC PROFILE (instrumentation only) ===
total_syncs = 32802
total_wait_ms = 17951.397
max_wait_us = 140269
sites = 5
wait_hist_us = logarithmic buckets
  hist[0] = 30075
  hist[1] = 1407
  hist[2] = 74
  hist[3] = 34
  hist[4] = 19
  hist[5] = 1
  hist[9] = 233
  hist[10] = 454
  hist[11] = 107
  hist[14] = 132
  hist[15] = 236
  hist[16] = 29
  hist[17] = 1
by_callsite (caller PC; symbolize with addr2line):
   0 caller=0x759fa2480c8a calls=13270 total_ms=17940.668 avg_us=1351.972 max_us=140269
   1 caller=0x759fa24800b8 calls=10762 total_ms=4.299 avg_us=0.399 max_us=25
   2 caller=0x759fa2480098 calls=3986 total_ms=3.350 avg_us=0.840 max_us=25
   3 caller=0x759fa24800d5 calls=3986 total_ms=1.571 avg_us=0.394 max_us=15
   4 caller=0x759fa247f28a calls=798 total_ms=1.509 avg_us=1.891 max_us=11
direct_cudaStreamSynchronize: calls=14300 total_ms=64.588 max_us=2583
by_direct_callsite (file:line):
   0 /opt/llama.cpp/ggml/src/ggml-cuda/ggml-cuda.cu:839 calls=13947 total_ms=58.054 avg_us=4.162 max_us=356
   1 /opt/llama.cpp/ggml/src/ggml-cuda/ggml-cuda.cu:900 calls=12 total_ms=5.894 avg_us=491.167 max_us=2583
   2 /opt/llama.cpp/ggml/src/ggml-cuda/ggml-cuda.cu:2665 calls=191 total_ms=0.394 avg_us=2.063 max_us=11
   3 /opt/llama.cpp/ggml/src/ggml-cuda/ggml-cuda.cu:847 calls=150 total_ms=0.246 avg_us=1.640 max_us=21
=== END CUDA SYNC PROFILE ===
backend-sync-trace: count=32900 backend=CUDA0 caller=ggml_backend_sched_graph_compute_async_ext+0xc98

=== CUDA SYNC PROFILE (instrumentation only) ===
total_syncs = 32900
total_wait_ms = 18050.939
max_wait_us = 140269
sites = 5
wait_hist_us = logarithmic buckets
  hist[0] = 30165
  hist[1] = 1410
  hist[2] = 75
  hist[3] = 34
  hist[4] = 19
  hist[5] = 1
  hist[9] = 233
  hist[10] = 455
  hist[11] = 109
  hist[14] = 132
  hist[15] = 236
  hist[16] = 30
  hist[17] = 1
by_callsite (caller PC; symbolize with addr2line):
   0 caller=0x759fa2480c8a calls=13314 total_ms=18040.182 avg_us=1354.978 max_us=140269
   1 caller=0x759fa24800b8 calls=10791 total_ms=4.311 avg_us=0.399 max_us=25
   2 caller=0x759fa2480098 calls=3998 total_ms=3.357 avg_us=0.840 max_us=25
   3 caller=0x759fa24800d5 calls=3997 total_ms=1.576 avg_us=0.394 max_us=15
   4 caller=0x759fa247f28a calls=800 total_ms=1.513 avg_us=1.891 max_us=11
direct_cudaStreamSynchronize: calls=14338 total_ms=64.782 max_us=2583
by_direct_callsite (file:line):
   0 /opt/llama.cpp/ggml/src/ggml-cuda/ggml-cuda.cu:839 calls=13985 total_ms=58.248 avg_us=4.165 max_us=356
   1 /opt/llama.cpp/ggml/src/ggml-cuda/ggml-cuda.cu:900 calls=12 total_ms=5.894 avg_us=491.167 max_us=2583
   2 /opt/llama.cpp/ggml/src/ggml-cuda/ggml-cuda.cu:2665 calls=191 total_ms=0.394 avg_us=2.063 max_us=11
   3 /opt/llama.cpp/ggml/src/ggml-cuda/ggml-cuda.cu:847 calls=150 total_ms=0.246 avg_us=1.640 max_us=21
=== END CUDA SYNC PROFILE ===
backend-sync-trace: count=33000 backend=CUDA0 caller=ggml_backend_sched_graph_compute_async_ext+0xcb8

=== CUDA SYNC PROFILE (instrumentation only) ===
total_syncs = 33000
total_wait_ms = 18145.411
max_wait_us = 140269
sites = 5
wait_hist_us = logarithmic buckets
  hist[0] = 30258
  hist[1] = 1413
  hist[2] = 75
  hist[3] = 34
  hist[4] = 19
  hist[5] = 1
  hist[9] = 233
  hist[10] = 457
  hist[11] = 110
  hist[14] = 132
  hist[15] = 236
  hist[16] = 31
  hist[17] = 1
by_callsite (caller PC; symbolize with addr2line):
   0 caller=0x759fa2480c8a calls=13346 total_ms=18134.616 avg_us=1358.805 max_us=140269
   1 caller=0x759fa24800b8 calls=10828 total_ms=4.329 avg_us=0.400 max_us=25
   2 caller=0x759fa2480098 calls=4012 total_ms=3.368 avg_us=0.839 max_us=25
   3 caller=0x759fa24800d5 calls=4012 total_ms=1.582 avg_us=0.394 max_us=15
   4 caller=0x759fa247f28a calls=802 total_ms=1.516 avg_us=1.890 max_us=11
direct_cudaStreamSynchronize: calls=14386 total_ms=64.985 max_us=2583
by_direct_callsite (file:line):
   0 /opt/llama.cpp/ggml/src/ggml-cuda/ggml-cuda.cu:839 calls=14033 total_ms=58.451 avg_us=4.165 max_us=356
   1 /opt/llama.cpp/ggml/src/ggml-cuda/ggml-cuda.cu:900 calls=12 total_ms=5.894 avg_us=491.167 max_us=2583
   2 /opt/llama.cpp/ggml/src/ggml-cuda/ggml-cuda.cu:2665 calls=191 total_ms=0.394 avg_us=2.063 max_us=11
   3 /opt/llama.cpp/ggml/src/ggml-cuda/ggml-cuda.cu:847 calls=150 total_ms=0.246 avg_us=1.640 max_us=21
=== END CUDA SYNC PROFILE ===

=== CUDA SYNC PROFILE (instrumentation only) ===
total_syncs = 33018
total_wait_ms = 18191.228
max_wait_us = 140269
sites = 5
wait_hist_us = logarithmic buckets
  hist[0] = 30274
  hist[1] = 1414
  hist[2] = 75
  hist[3] = 34
  hist[4] = 19
  hist[5] = 1
  hist[9] = 233
  hist[10] = 457
  hist[11] = 110
  hist[14] = 132
  hist[15] = 237
  hist[16] = 31
  hist[17] = 1
by_callsite (caller PC; symbolize with addr2line):
   0 caller=0x759fa2480c8a calls=13348 total_ms=18180.424 avg_us=1362.034 max_us=140269
   1 caller=0x759fa24800b8 calls=10839 total_ms=4.334 avg_us=0.400 max_us=25
   2 caller=0x759fa2480098 calls=4014 total_ms=3.369 avg_us=0.839 max_us=25
   3 caller=0x759fa24800d5 calls=4014 total_ms=1.583 avg_us=0.394 max_us=15
   4 caller=0x759fa247f28a calls=803 total_ms=1.518 avg_us=1.890 max_us=11
direct_cudaStreamSynchronize: calls=14400 total_ms=65.035 max_us=2583
by_direct_callsite (file:line):
   0 /opt/llama.cpp/ggml/src/ggml-cuda/ggml-cuda.cu:839 calls=14047 total_ms=58.501 avg_us=4.165 max_us=356
   1 /opt/llama.cpp/ggml/src/ggml-cuda/ggml-cuda.cu:900 calls=12 total_ms=5.894 avg_us=491.167 max_us=2583
   2 /opt/llama.cpp/ggml/src/ggml-cuda/ggml-cuda.cu:2665 calls=191 total_ms=0.394 avg_us=2.063 max_us=11
   3 /opt/llama.cpp/ggml/src/ggml-cuda/ggml-cuda.cu:847 calls=150 total_ms=0.246 avg_us=1.640 max_us=21
=== END CUDA SYNC PROFILE ===
backend-sync-trace: count=33100 backend=CUDA0 caller=ggml_backend_sched_graph_compute_async_ext+0xcd5

=== CUDA SYNC PROFILE (instrumentation only) ===
total_syncs = 33100
total_wait_ms = 18252.937
max_wait_us = 140269
sites = 5
wait_hist_us = logarithmic buckets
  hist[0] = 30342
  hist[1] = 1424
  hist[2] = 75
  hist[3] = 35
  hist[4] = 19
  hist[5] = 1
  hist[9] = 233
  hist[10] = 459
  hist[11] = 110
  hist[14] = 132
  hist[15] = 238
  hist[16] = 31
  hist[17] = 1
by_callsite (caller PC; symbolize with addr2line):
   0 caller=0x759fa2480c8a calls=13385 total_ms=18242.079 avg_us=1362.875 max_us=140269
   1 caller=0x759fa24800b8 calls=10864 total_ms=4.357 avg_us=0.401 max_us=25
   2 caller=0x759fa2480098 calls=4023 total_ms=3.389 avg_us=0.842 max_us=25
   3 caller=0x759fa24800d5 calls=4023 total_ms=1.590 avg_us=0.395 max_us=15
   4 caller=0x759fa247f28a calls=805 total_ms=1.522 avg_us=1.891 max_us=11
direct_cudaStreamSynchronize: calls=14431 total_ms=65.172 max_us=2583
by_direct_callsite (file:line):
   0 /opt/llama.cpp/ggml/src/ggml-cuda/ggml-cuda.cu:839 calls=14078 total_ms=58.638 avg_us=4.165 max_us=356
   1 /opt/llama.cpp/ggml/src/ggml-cuda/ggml-cuda.cu:900 calls=12 total_ms=5.894 avg_us=491.167 max_us=2583
   2 /opt/llama.cpp/ggml/src/ggml-cuda/ggml-cuda.cu:2665 calls=191 total_ms=0.394 avg_us=2.063 max_us=11
   3 /opt/llama.cpp/ggml/src/ggml-cuda/ggml-cuda.cu:847 calls=150 total_ms=0.246 avg_us=1.640 max_us=21
=== END CUDA SYNC PROFILE ===
backend-sync-trace: count=33200 backend=CUDA0 caller=ggml_backend_sched_graph_compute_async_ext+0xcd5

=== CUDA SYNC PROFILE (instrumentation only) ===
total_syncs = 33200
total_wait_ms = 18343.484
max_wait_us = 140269
sites = 5
wait_hist_us = logarithmic buckets
  hist[0] = 30434
  hist[1] = 1429
  hist[2] = 75
  hist[3] = 35
  hist[4] = 19
  hist[5] = 1
  hist[9] = 233
  hist[10] = 460
  hist[11] = 111
  hist[14] = 132
  hist[15] = 238
  hist[16] = 32
  hist[17] = 1
by_callsite (caller PC; symbolize with addr2line):
   0 caller=0x759fa2480c8a calls=13425 total_ms=18332.598 avg_us=1365.557 max_us=140269
   1 caller=0x759fa24800b8 calls=10895 total_ms=4.364 avg_us=0.401 max_us=25
   2 caller=0x759fa2480098 calls=4036 total_ms=3.397 avg_us=0.842 max_us=25
   3 caller=0x759fa24800d5 calls=4036 total_ms=1.597 avg_us=0.396 max_us=15
   4 caller=0x759fa247f28a calls=808 total_ms=1.528 avg_us=1.891 max_us=11
direct_cudaStreamSynchronize: calls=14472 total_ms=65.345 max_us=2583
by_direct_callsite (file:line):
   0 /opt/llama.cpp/ggml/src/ggml-cuda/ggml-cuda.cu:839 calls=14119 total_ms=58.811 avg_us=4.165 max_us=356
   1 /opt/llama.cpp/ggml/src/ggml-cuda/ggml-cuda.cu:900 calls=12 total_ms=5.894 avg_us=491.167 max_us=2583
   2 /opt/llama.cpp/ggml/src/ggml-cuda/ggml-cuda.cu:2665 calls=191 total_ms=0.394 avg_us=2.063 max_us=11
   3 /opt/llama.cpp/ggml/src/ggml-cuda/ggml-cuda.cu:847 calls=150 total_ms=0.246 avg_us=1.640 max_us=21
=== END CUDA SYNC PROFILE ===

=== CUDA SYNC PROFILE (instrumentation only) ===
total_syncs = 33248
total_wait_ms = 18347.323
max_wait_us = 140269
sites = 5
wait_hist_us = logarithmic buckets
  hist[0] = 30479
  hist[1] = 1430
  hist[2] = 75
  hist[3] = 35
  hist[4] = 19
  hist[5] = 1
  hist[9] = 233
  hist[10] = 462
  hist[11] = 111
  hist[14] = 132
  hist[15] = 238
  hist[16] = 32
  hist[17] = 1
by_callsite (caller PC; symbolize with addr2line):
   0 caller=0x759fa2480c8a calls=13439 total_ms=18336.418 avg_us=1364.418 max_us=140269
   1 caller=0x759fa24800b8 calls=10917 total_ms=4.375 avg_us=0.401 max_us=25
   2 caller=0x759fa2480098 calls=4042 total_ms=3.402 avg_us=0.842 max_us=25
   3 caller=0x759fa24800d5 calls=4042 total_ms=1.600 avg_us=0.396 max_us=15
   4 caller=0x759fa247f28a calls=808 total_ms=1.528 avg_us=1.891 max_us=11
direct_cudaStreamSynchronize: calls=14500 total_ms=65.453 max_us=2583
by_direct_callsite (file:line):
   0 /opt/llama.cpp/ggml/src/ggml-cuda/ggml-cuda.cu:839 calls=14147 total_ms=58.919 avg_us=4.165 max_us=356
   1 /opt/llama.cpp/ggml/src/ggml-cuda/ggml-cuda.cu:900 calls=12 total_ms=5.894 avg_us=491.167 max_us=2583
   2 /opt/llama.cpp/ggml/src/ggml-cuda/ggml-cuda.cu:2665 calls=191 total_ms=0.394 avg_us=2.063 max_us=11
   3 /opt/llama.cpp/ggml/src/ggml-cuda/ggml-cuda.cu:847 calls=150 total_ms=0.246 avg_us=1.640 max_us=21
=== END CUDA SYNC PROFILE ===
backend-sync-trace: count=33300 backend=CUDA0 caller=ggml_backend_sched_graph_compute_async_ext+0xc98

=== CUDA SYNC PROFILE (instrumentation only) ===
total_syncs = 33300
total_wait_ms = 18418.764
max_wait_us = 140269
sites = 5
wait_hist_us = logarithmic buckets
  hist[0] = 30527
  hist[1] = 1432
  hist[2] = 75
  hist[3] = 35
  hist[4] = 19
  hist[5] = 1
  hist[9] = 233
  hist[10] = 462
  hist[11] = 112
  hist[14] = 132
  hist[15] = 238
  hist[16] = 33
  hist[17] = 1
by_callsite (caller PC; symbolize with addr2line):
   0 caller=0x759fa2480c8a calls=13469 total_ms=18407.847 avg_us=1366.683 max_us=140269
   1 caller=0x759fa24800b8 calls=10926 total_ms=4.378 avg_us=0.401 max_us=25
   2 caller=0x759fa2480098 calls=4048 total_ms=3.406 avg_us=0.841 max_us=25
   3 caller=0x759fa24800d5 calls=4047 total_ms=1.602 avg_us=0.396 max_us=15
   4 caller=0x759fa247f28a calls=810 total_ms=1.531 avg_us=1.890 max_us=11
direct_cudaStreamSynchronize: calls=14513 total_ms=65.506 max_us=2583
by_direct_callsite (file:line):
   0 /opt/llama.cpp/ggml/src/ggml-cuda/ggml-cuda.cu:839 calls=14160 total_ms=58.972 avg_us=4.165 max_us=356
   1 /opt/llama.cpp/ggml/src/ggml-cuda/ggml-cuda.cu:900 calls=12 total_ms=5.894 avg_us=491.167 max_us=2583
   2 /opt/llama.cpp/ggml/src/ggml-cuda/ggml-cuda.cu:2665 calls=191 total_ms=0.394 avg_us=2.063 max_us=11
   3 /opt/llama.cpp/ggml/src/ggml-cuda/ggml-cuda.cu:847 calls=150 total_ms=0.246 avg_us=1.640 max_us=21
=== END CUDA SYNC PROFILE ===
backend-sync-trace: count=33400 backend=CUDA0 caller=ggml_backend_sched_graph_compute_async_ext+0xcd5

=== CUDA SYNC PROFILE (instrumentation only) ===
total_syncs = 33400
total_wait_ms = 18500.479
max_wait_us = 140269
sites = 5
wait_hist_us = logarithmic buckets
  hist[0] = 30620
  hist[1] = 1435
  hist[2] = 75
  hist[3] = 35
  hist[4] = 19
  hist[5] = 1
  hist[9] = 234
  hist[10] = 464
  hist[11] = 112
  hist[14] = 132
  hist[15] = 238
  hist[16] = 34
  hist[17] = 1
by_callsite (caller PC; symbolize with addr2line):
   0 caller=0x759fa2480c8a calls=13513 total_ms=18489.536 avg_us=1368.278 max_us=140269
   1 caller=0x759fa24800b8 calls=10957 total_ms=4.388 avg_us=0.400 max_us=25
   2 caller=0x759fa2480098 calls=4059 total_ms=3.414 avg_us=0.841 max_us=25
   3 caller=0x759fa24800d5 calls=4059 total_ms=1.607 avg_us=0.396 max_us=15
   4 caller=0x759fa247f28a calls=812 total_ms=1.534 avg_us=1.889 max_us=11
direct_cudaStreamSynchronize: calls=14553 total_ms=65.666 max_us=2583
by_direct_callsite (file:line):
   0 /opt/llama.cpp/ggml/src/ggml-cuda/ggml-cuda.cu:839 calls=14200 total_ms=59.132 avg_us=4.164 max_us=356
   1 /opt/llama.cpp/ggml/src/ggml-cuda/ggml-cuda.cu:900 calls=12 total_ms=5.894 avg_us=491.167 max_us=2583
   2 /opt/llama.cpp/ggml/src/ggml-cuda/ggml-cuda.cu:2665 calls=191 total_ms=0.394 avg_us=2.063 max_us=11
   3 /opt/llama.cpp/ggml/src/ggml-cuda/ggml-cuda.cu:847 calls=150 total_ms=0.246 avg_us=1.640 max_us=21
=== END CUDA SYNC PROFILE ===

=== CUDA SYNC PROFILE (instrumentation only) ===
total_syncs = 33489
total_wait_ms = 18549.831
max_wait_us = 140269
sites = 5
wait_hist_us = logarithmic buckets
  hist[0] = 30703
  hist[1] = 1438
  hist[2] = 75
  hist[3] = 35
  hist[4] = 19
  hist[5] = 1
  hist[9] = 235
  hist[10] = 465
  hist[11] = 112
  hist[14] = 132
  hist[15] = 239
  hist[16] = 34
  hist[17] = 1
by_callsite (caller PC; symbolize with addr2line):
   0 caller=0x759fa2480c8a calls=13538 total_ms=18538.855 avg_us=1369.394 max_us=140269
   1 caller=0x759fa24800b8 calls=10993 total_ms=4.403 avg_us=0.401 max_us=25
   2 caller=0x759fa2480098 calls=4072 total_ms=3.421 avg_us=0.840 max_us=25
   3 caller=0x759fa24800d5 calls=4072 total_ms=1.614 avg_us=0.396 max_us=15
   4 caller=0x759fa247f28a calls=814 total_ms=1.538 avg_us=1.889 max_us=11
direct_cudaStreamSynchronize: calls=14600 total_ms=65.868 max_us=2583
by_direct_callsite (file:line):
   0 /opt/llama.cpp/ggml/src/ggml-cuda/ggml-cuda.cu:839 calls=14247 total_ms=59.334 avg_us=4.165 max_us=356
   1 /opt/llama.cpp/ggml/src/ggml-cuda/ggml-cuda.cu:900 calls=12 total_ms=5.894 avg_us=491.167 max_us=2583
   2 /opt/llama.cpp/ggml/src/ggml-cuda/ggml-cuda.cu:2665 calls=191 total_ms=0.394 avg_us=2.063 max_us=11
   3 /opt/llama.cpp/ggml/src/ggml-cuda/ggml-cuda.cu:847 calls=150 total_ms=0.246 avg_us=1.640 max_us=21
=== END CUDA SYNC PROFILE ===
backend-sync-trace: count=33500 backend=CUDA0 caller=ggml_backend_sched_graph_compute_async_ext+0xcd5

=== CUDA SYNC PROFILE (instrumentation only) ===
total_syncs = 33500
total_wait_ms = 18591.098
max_wait_us = 140269
sites = 5
wait_hist_us = logarithmic buckets
  hist[0] = 30712
  hist[1] = 1439
  hist[2] = 75
  hist[3] = 35
  hist[4] = 19
  hist[5] = 1
  hist[9] = 235
  hist[10] = 465
  hist[11] = 112
  hist[14] = 132
  hist[15] = 240
  hist[16] = 34
  hist[17] = 1
by_callsite (caller PC; symbolize with addr2line):
   0 caller=0x759fa2480c8a calls=13540 total_ms=18580.117 avg_us=1372.239 max_us=140269
   1 caller=0x759fa24800b8 calls=10999 total_ms=4.404 avg_us=0.400 max_us=25
   2 caller=0x759fa2480098 calls=4073 total_ms=3.422 avg_us=0.840 max_us=25
   3 caller=0x759fa24800d5 calls=4073 total_ms=1.615 avg_us=0.397 max_us=15
   4 caller=0x759fa247f28a calls=815 total_ms=1.540 avg_us=1.890 max_us=11
direct_cudaStreamSynchronize: calls=14606 total_ms=65.884 max_us=2583
by_direct_callsite (file:line):
   0 /opt/llama.cpp/ggml/src/ggml-cuda/ggml-cuda.cu:839 calls=14253 total_ms=59.350 avg_us=4.164 max_us=356
   1 /opt/llama.cpp/ggml/src/ggml-cuda/ggml-cuda.cu:900 calls=12 total_ms=5.894 avg_us=491.167 max_us=2583
   2 /opt/llama.cpp/ggml/src/ggml-cuda/ggml-cuda.cu:2665 calls=191 total_ms=0.394 avg_us=2.063 max_us=11
   3 /opt/llama.cpp/ggml/src/ggml-cuda/ggml-cuda.cu:847 calls=150 total_ms=0.246 avg_us=1.640 max_us=21
=== END CUDA SYNC PROFILE ===
backend-sync-trace: count=33600 backend=CUDA0 caller=ggml_backend_sched_synchronize+0x3a

=== CUDA SYNC PROFILE (instrumentation only) ===
total_syncs = 33600
total_wait_ms = 18642.394
max_wait_us = 140269
sites = 5
wait_hist_us = logarithmic buckets
  hist[0] = 30806
  hist[1] = 1442
  hist[2] = 75
  hist[3] = 35
  hist[4] = 19
  hist[5] = 1
  hist[9] = 235
  hist[10] = 466
  hist[11] = 113
  hist[14] = 132
  hist[15] = 241
  hist[16] = 34
  hist[17] = 1
by_callsite (caller PC; symbolize with addr2line):
   0 caller=0x759fa2480c8a calls=13585 total_ms=18631.382 avg_us=1371.467 max_us=140269
   1 caller=0x759fa24800b8 calls=11030 total_ms=4.414 avg_us=0.400 max_us=25
   2 caller=0x759fa2480098 calls=4084 total_ms=3.433 avg_us=0.841 max_us=25
   3 caller=0x759fa24800d5 calls=4084 total_ms=1.621 avg_us=0.397 max_us=15
   4 caller=0x759fa247f28a calls=817 total_ms=1.544 avg_us=1.890 max_us=11
direct_cudaStreamSynchronize: calls=14646 total_ms=66.051 max_us=2583
by_direct_callsite (file:line):
   0 /opt/llama.cpp/ggml/src/ggml-cuda/ggml-cuda.cu:839 calls=14293 total_ms=59.517 avg_us=4.164 max_us=356
   1 /opt/llama.cpp/ggml/src/ggml-cuda/ggml-cuda.cu:900 calls=12 total_ms=5.894 avg_us=491.167 max_us=2583
   2 /opt/llama.cpp/ggml/src/ggml-cuda/ggml-cuda.cu:2665 calls=191 total_ms=0.394 avg_us=2.063 max_us=11
   3 /opt/llama.cpp/ggml/src/ggml-cuda/ggml-cuda.cu:847 calls=150 total_ms=0.246 avg_us=1.640 max_us=21
=== END CUDA SYNC PROFILE ===
backend-sync-trace: count=33700 backend=CUDA0 caller=0x759fa247f28a

=== CUDA SYNC PROFILE (instrumentation only) ===
total_syncs = 33700
total_wait_ms = 18686.429
max_wait_us = 140269
sites = 5
wait_hist_us = logarithmic buckets
  hist[0] = 30898
  hist[1] = 1447
  hist[2] = 75
  hist[3] = 35
  hist[4] = 19
  hist[5] = 1
  hist[9] = 235
  hist[10] = 468
  hist[11] = 113
  hist[14] = 132
  hist[15] = 242
  hist[16] = 34
  hist[17] = 1
by_callsite (caller PC; symbolize with addr2line):
   0 caller=0x759fa2480c8a calls=13635 total_ms=18675.389 avg_us=1369.665 max_us=140269
   1 caller=0x759fa24800b8 calls=11057 total_ms=4.427 avg_us=0.400 max_us=25
   2 caller=0x759fa2480098 calls=4094 total_ms=3.441 avg_us=0.840 max_us=25
   3 caller=0x759fa24800d5 calls=4094 total_ms=1.623 avg_us=0.396 max_us=15
   4 caller=0x759fa247f28a calls=820 total_ms=1.549 avg_us=1.889 max_us=11
direct_cudaStreamSynchronize: calls=14681 total_ms=66.188 max_us=2583
by_direct_callsite (file:line):
   0 /opt/llama.cpp/ggml/src/ggml-cuda/ggml-cuda.cu:839 calls=14328 total_ms=59.654 avg_us=4.163 max_us=356
   1 /opt/llama.cpp/ggml/src/ggml-cuda/ggml-cuda.cu:900 calls=12 total_ms=5.894 avg_us=491.167 max_us=2583
   2 /opt/llama.cpp/ggml/src/ggml-cuda/ggml-cuda.cu:2665 calls=191 total_ms=0.394 avg_us=2.063 max_us=11
   3 /opt/llama.cpp/ggml/src/ggml-cuda/ggml-cuda.cu:847 calls=150 total_ms=0.246 avg_us=1.640 max_us=21
=== END CUDA SYNC PROFILE ===

=== CUDA SYNC PROFILE (instrumentation only) ===
total_syncs = 33742
total_wait_ms = 18690.315
max_wait_us = 140269
sites = 5
wait_hist_us = logarithmic buckets
  hist[0] = 30931
  hist[1] = 1453
  hist[2] = 75
  hist[3] = 36
  hist[4] = 19
  hist[5] = 1
  hist[9] = 235
  hist[10] = 469
  hist[11] = 114
  hist[14] = 132
  hist[15] = 242
  hist[16] = 34
  hist[17] = 1
by_callsite (caller PC; symbolize with addr2line):
   0 caller=0x759fa2480c8a calls=13649 total_ms=18679.236 avg_us=1368.542 max_us=140269
   1 caller=0x759fa24800b8 calls=11069 total_ms=4.437 avg_us=0.401 max_us=25
   2 caller=0x759fa2480098 calls=4102 total_ms=3.461 avg_us=0.844 max_us=25
   3 caller=0x759fa24800d5 calls=4102 total_ms=1.632 avg_us=0.398 max_us=15
   4 caller=0x759fa247f28a calls=820 total_ms=1.549 avg_us=1.889 max_us=11
direct_cudaStreamSynchronize: calls=14700 total_ms=66.281 max_us=2583
by_direct_callsite (file:line):
   0 /opt/llama.cpp/ggml/src/ggml-cuda/ggml-cuda.cu:839 calls=14347 total_ms=59.747 avg_us=4.164 max_us=356
   1 /opt/llama.cpp/ggml/src/ggml-cuda/ggml-cuda.cu:900 calls=12 total_ms=5.894 avg_us=491.167 max_us=2583
   2 /opt/llama.cpp/ggml/src/ggml-cuda/ggml-cuda.cu:2665 calls=191 total_ms=0.394 avg_us=2.063 max_us=11
   3 /opt/llama.cpp/ggml/src/ggml-cuda/ggml-cuda.cu:847 calls=150 total_ms=0.246 avg_us=1.640 max_us=21
=== END CUDA SYNC PROFILE ===
backend-sync-trace: count=33800 backend=CUDA0 caller=ggml_backend_sched_synchronize+0x3a

=== CUDA SYNC PROFILE (instrumentation only) ===
total_syncs = 33800
total_wait_ms = 18749.357
max_wait_us = 140269
sites = 5
wait_hist_us = logarithmic buckets
  hist[0] = 30979
  hist[1] = 1461
  hist[2] = 75
  hist[3] = 36
  hist[4] = 19
  hist[5] = 1
  hist[9] = 236
  hist[10] = 469
  hist[11] = 114
  hist[14] = 132
  hist[15] = 243
  hist[16] = 34
  hist[17] = 1
by_callsite (caller PC; symbolize with addr2line):
   0 caller=0x759fa2480c8a calls=13678 total_ms=18738.249 avg_us=1369.955 max_us=140269
   1 caller=0x759fa24800b8 calls=11088 total_ms=4.459 avg_us=0.402 max_us=25
   2 caller=0x759fa2480098 calls=4106 total_ms=3.464 avg_us=0.844 max_us=25
   3 caller=0x759fa24800d5 calls=4106 total_ms=1.634 avg_us=0.398 max_us=15
   4 caller=0x759fa247f28a calls=822 total_ms=1.551 avg_us=1.887 max_us=11
direct_cudaStreamSynchronize: calls=14722 total_ms=66.369 max_us=2583
by_direct_callsite (file:line):
   0 /opt/llama.cpp/ggml/src/ggml-cuda/ggml-cuda.cu:839 calls=14369 total_ms=59.835 avg_us=4.164 max_us=356
   1 /opt/llama.cpp/ggml/src/ggml-cuda/ggml-cuda.cu:900 calls=12 total_ms=5.894 avg_us=491.167 max_us=2583
   2 /opt/llama.cpp/ggml/src/ggml-cuda/ggml-cuda.cu:2665 calls=191 total_ms=0.394 avg_us=2.063 max_us=11
   3 /opt/llama.cpp/ggml/src/ggml-cuda/ggml-cuda.cu:847 calls=150 total_ms=0.246 avg_us=1.640 max_us=21
=== END CUDA SYNC PROFILE ===
backend-sync-trace: count=33900 backend=CUDA0 caller=ggml_backend_sched_graph_compute_async_ext+0xcb8

=== CUDA SYNC PROFILE (instrumentation only) ===
total_syncs = 33900
total_wait_ms = 18795.152
max_wait_us = 140269
sites = 5
wait_hist_us = logarithmic buckets
  hist[0] = 31067
  hist[1] = 1469
  hist[2] = 75
  hist[3] = 36
  hist[4] = 19
  hist[5] = 1
  hist[9] = 237
  hist[10] = 471
  hist[11] = 114
  hist[14] = 132
  hist[15] = 244
  hist[16] = 34
  hist[17] = 1
by_callsite (caller PC; symbolize with addr2line):
   0 caller=0x759fa2480c8a calls=13711 total_ms=18783.999 avg_us=1369.995 max_us=140269
   1 caller=0x759fa24800b8 calls=11121 total_ms=4.473 avg_us=0.402 max_us=25
   2 caller=0x759fa2480098 calls=4122 total_ms=3.479 avg_us=0.844 max_us=25
   3 caller=0x759fa24800d5 calls=4122 total_ms=1.646 avg_us=0.399 max_us=15
   4 caller=0x759fa247f28a calls=824 total_ms=1.555 avg_us=1.887 max_us=11
direct_cudaStreamSynchronize: calls=14767 total_ms=66.550 max_us=2583
by_direct_callsite (file:line):
   0 /opt/llama.cpp/ggml/src/ggml-cuda/ggml-cuda.cu:839 calls=14414 total_ms=60.016 avg_us=4.164 max_us=356
   1 /opt/llama.cpp/ggml/src/ggml-cuda/ggml-cuda.cu:900 calls=12 total_ms=5.894 avg_us=491.167 max_us=2583
   2 /opt/llama.cpp/ggml/src/ggml-cuda/ggml-cuda.cu:2665 calls=191 total_ms=0.394 avg_us=2.063 max_us=11
   3 /opt/llama.cpp/ggml/src/ggml-cuda/ggml-cuda.cu:847 calls=150 total_ms=0.246 avg_us=1.640 max_us=21
=== END CUDA SYNC PROFILE ===

=== CUDA SYNC PROFILE (instrumentation only) ===
total_syncs = 33980
total_wait_ms = 18834.576
max_wait_us = 140269
sites = 5
wait_hist_us = logarithmic buckets
  hist[0] = 31132
  hist[1] = 1481
  hist[2] = 75
  hist[3] = 36
  hist[4] = 19
  hist[5] = 1
  hist[9] = 237
  hist[10] = 472
  hist[11] = 115
  hist[14] = 132
  hist[15] = 245
  hist[16] = 34
  hist[17] = 1
by_callsite (caller PC; symbolize with addr2line):
   0 caller=0x759fa2480c8a calls=13748 total_ms=18823.381 avg_us=1369.172 max_us=140269
   1 caller=0x759fa24800b8 calls=11146 total_ms=4.501 avg_us=0.404 max_us=25
   2 caller=0x759fa2480098 calls=4130 total_ms=3.486 avg_us=0.844 max_us=25
   3 caller=0x759fa24800d5 calls=4130 total_ms=1.649 avg_us=0.399 max_us=15
   4 caller=0x759fa247f28a calls=826 total_ms=1.559 avg_us=1.887 max_us=11
direct_cudaStreamSynchronize: calls=14800 total_ms=66.703 max_us=2583
by_direct_callsite (file:line):
   0 /opt/llama.cpp/ggml/src/ggml-cuda/ggml-cuda.cu:839 calls=14447 total_ms=60.169 avg_us=4.165 max_us=356
   1 /opt/llama.cpp/ggml/src/ggml-cuda/ggml-cuda.cu:900 calls=12 total_ms=5.894 avg_us=491.167 max_us=2583
   2 /opt/llama.cpp/ggml/src/ggml-cuda/ggml-cuda.cu:2665 calls=191 total_ms=0.394 avg_us=2.063 max_us=11
   3 /opt/llama.cpp/ggml/src/ggml-cuda/ggml-cuda.cu:847 calls=150 total_ms=0.246 avg_us=1.640 max_us=21
=== END CUDA SYNC PROFILE ===
backend-sync-trace: count=34000 backend=CUDA0 caller=ggml_backend_sched_synchronize+0x3a

=== CUDA SYNC PROFILE (instrumentation only) ===
total_syncs = 34000
total_wait_ms = 18863.175
max_wait_us = 140269
sites = 5
wait_hist_us = logarithmic buckets
  hist[0] = 31151
  hist[1] = 1481
  hist[2] = 75
  hist[3] = 36
  hist[4] = 19
  hist[5] = 1
  hist[9] = 237
  hist[10] = 472
  hist[11] = 115
  hist[14] = 133
  hist[15] = 245
  hist[16] = 34
  hist[17] = 1
by_callsite (caller PC; symbolize with addr2line):
   0 caller=0x759fa2480c8a calls=13749 total_ms=18851.973 avg_us=1371.152 max_us=140269
   1 caller=0x759fa24800b8 calls=11161 total_ms=4.508 avg_us=0.404 max_us=25
   2 caller=0x759fa2480098 calls=4132 total_ms=3.486 avg_us=0.844 max_us=25
   3 caller=0x759fa24800d5 calls=4132 total_ms=1.649 avg_us=0.399 max_us=15
   4 caller=0x759fa247f28a calls=826 total_ms=1.559 avg_us=1.887 max_us=11
direct_cudaStreamSynchronize: calls=14816 total_ms=66.782 max_us=2583
by_direct_callsite (file:line):
   0 /opt/llama.cpp/ggml/src/ggml-cuda/ggml-cuda.cu:839 calls=14463 total_ms=60.248 avg_us=4.166 max_us=356
   1 /opt/llama.cpp/ggml/src/ggml-cuda/ggml-cuda.cu:900 calls=12 total_ms=5.894 avg_us=491.167 max_us=2583
   2 /opt/llama.cpp/ggml/src/ggml-cuda/ggml-cuda.cu:2665 calls=191 total_ms=0.394 avg_us=2.063 max_us=11
   3 /opt/llama.cpp/ggml/src/ggml-cuda/ggml-cuda.cu:847 calls=150 total_ms=0.246 avg_us=1.640 max_us=21
=== END CUDA SYNC PROFILE ===
backend-sync-trace: count=34100 backend=CUDA0 caller=ggml_backend_sched_graph_compute_async_ext+0xcb8

=== CUDA SYNC PROFILE (instrumentation only) ===
total_syncs = 34100
total_wait_ms = 18906.326
max_wait_us = 140269
sites = 5
wait_hist_us = logarithmic buckets
  hist[0] = 31228
  hist[1] = 1500
  hist[2] = 75
  hist[3] = 37
  hist[4] = 19
  hist[5] = 1
  hist[9] = 238
  hist[10] = 473
  hist[11] = 115
  hist[14] = 133
  hist[15] = 246
  hist[16] = 34
  hist[17] = 1
by_callsite (caller PC; symbolize with addr2line):
   0 caller=0x759fa2480c8a calls=13784 total_ms=18895.049 avg_us=1370.796 max_us=140269
   1 caller=0x759fa24800b8 calls=11194 total_ms=4.540 avg_us=0.406 max_us=25
   2 caller=0x759fa2480098 calls=4146 total_ms=3.510 avg_us=0.847 max_us=25
   3 caller=0x759fa24800d5 calls=4146 total_ms=1.660 avg_us=0.400 max_us=15
   4 caller=0x759fa247f28a calls=830 total_ms=1.567 avg_us=1.888 max_us=11
direct_cudaStreamSynchronize: calls=14859 total_ms=66.980 max_us=2583
by_direct_callsite (file:line):
   0 /opt/llama.cpp/ggml/src/ggml-cuda/ggml-cuda.cu:839 calls=14506 total_ms=60.446 avg_us=4.167 max_us=356
   1 /opt/llama.cpp/ggml/src/ggml-cuda/ggml-cuda.cu:900 calls=12 total_ms=5.894 avg_us=491.167 max_us=2583
   2 /opt/llama.cpp/ggml/src/ggml-cuda/ggml-cuda.cu:2665 calls=191 total_ms=0.394 avg_us=2.063 max_us=11
   3 /opt/llama.cpp/ggml/src/ggml-cuda/ggml-cuda.cu:847 calls=150 total_ms=0.246 avg_us=1.640 max_us=21
=== END CUDA SYNC PROFILE ===

=== CUDA SYNC PROFILE (instrumentation only) ===
total_syncs = 34194
total_wait_ms = 18944.412
max_wait_us = 140269
sites = 5
wait_hist_us = logarithmic buckets
  hist[0] = 31315
  hist[1] = 1503
  hist[2] = 75
  hist[3] = 37
  hist[4] = 19
  hist[5] = 1
  hist[9] = 239
  hist[10] = 475
  hist[11] = 115
  hist[14] = 133
  hist[15] = 247
  hist[16] = 34
  hist[17] = 1
by_callsite (caller PC; symbolize with addr2line):
   0 caller=0x759fa2480c8a calls=13822 total_ms=18933.105 avg_us=1369.780 max_us=140269
   1 caller=0x759fa24800b8 calls=11224 total_ms=4.552 avg_us=0.406 max_us=25
   2 caller=0x759fa2480098 calls=4158 total_ms=3.518 avg_us=0.846 max_us=25
   3 caller=0x759fa24800d5 calls=4158 total_ms=1.666 avg_us=0.401 max_us=15
   4 caller=0x759fa247f28a calls=832 total_ms=1.571 avg_us=1.888 max_us=11
direct_cudaStreamSynchronize: calls=14900 total_ms=67.138 max_us=2583
by_direct_callsite (file:line):
   0 /opt/llama.cpp/ggml/src/ggml-cuda/ggml-cuda.cu:839 calls=14547 total_ms=60.604 avg_us=4.166 max_us=356
   1 /opt/llama.cpp/ggml/src/ggml-cuda/ggml-cuda.cu:900 calls=12 total_ms=5.894 avg_us=491.167 max_us=2583
   2 /opt/llama.cpp/ggml/src/ggml-cuda/ggml-cuda.cu:2665 calls=191 total_ms=0.394 avg_us=2.063 max_us=11
   3 /opt/llama.cpp/ggml/src/ggml-cuda/ggml-cuda.cu:847 calls=150 total_ms=0.246 avg_us=1.640 max_us=21
=== END CUDA SYNC PROFILE ===
backend-sync-trace: count=34200 backend=CUDA0 caller=ggml_backend_sched_synchronize+0x3a

=== CUDA SYNC PROFILE (instrumentation only) ===
total_syncs = 34200
total_wait_ms = 18945.912
max_wait_us = 140269
sites = 5
wait_hist_us = logarithmic buckets
  hist[0] = 31320
  hist[1] = 1503
  hist[2] = 75
  hist[3] = 37
  hist[4] = 19
  hist[5] = 1
  hist[9] = 239
  hist[10] = 476
  hist[11] = 115
  hist[14] = 133
  hist[15] = 247
  hist[16] = 34
  hist[17] = 1
by_callsite (caller PC; symbolize with addr2line):
   0 caller=0x759fa2480c8a calls=13825 total_ms=18934.603 avg_us=1369.592 max_us=140269
   1 caller=0x759fa24800b8 calls=11227 total_ms=4.554 avg_us=0.406 max_us=25
   2 caller=0x759fa2480098 calls=4158 total_ms=3.518 avg_us=0.846 max_us=25
   3 caller=0x759fa24800d5 calls=4158 total_ms=1.666 avg_us=0.401 max_us=15
   4 caller=0x759fa247f28a calls=832 total_ms=1.571 avg_us=1.888 max_us=11
direct_cudaStreamSynchronize: calls=14903 total_ms=67.146 max_us=2583
by_direct_callsite (file:line):
   0 /opt/llama.cpp/ggml/src/ggml-cuda/ggml-cuda.cu:839 calls=14550 total_ms=60.612 avg_us=4.166 max_us=356
   1 /opt/llama.cpp/ggml/src/ggml-cuda/ggml-cuda.cu:900 calls=12 total_ms=5.894 avg_us=491.167 max_us=2583
   2 /opt/llama.cpp/ggml/src/ggml-cuda/ggml-cuda.cu:2665 calls=191 total_ms=0.394 avg_us=2.063 max_us=11
   3 /opt/llama.cpp/ggml/src/ggml-cuda/ggml-cuda.cu:847 calls=150 total_ms=0.246 avg_us=1.640 max_us=21
=== END CUDA SYNC PROFILE ===
backend-sync-trace: count=34300 backend=CUDA0 caller=ggml_backend_sched_graph_compute_async_ext+0xcb8

=== CUDA SYNC PROFILE (instrumentation only) ===
total_syncs = 34300
total_wait_ms = 18980.127
max_wait_us = 140269
sites = 5
wait_hist_us = logarithmic buckets
  hist[0] = 31413
  hist[1] = 1507
  hist[2] = 75
  hist[3] = 37
  hist[4] = 19
  hist[5] = 1
  hist[9] = 241
  hist[10] = 476
  hist[11] = 115
  hist[14] = 134
  hist[15] = 247
  hist[16] = 34
  hist[17] = 1
by_callsite (caller PC; symbolize with addr2line):
   0 caller=0x759fa2480c8a calls=13854 total_ms=18968.785 avg_us=1369.192 max_us=140269
   1 caller=0x759fa24800b8 calls=11268 total_ms=4.570 avg_us=0.406 max_us=25
   2 caller=0x759fa2480098 calls=4172 total_ms=3.527 avg_us=0.845 max_us=25
   3 caller=0x759fa24800d5 calls=4172 total_ms=1.671 avg_us=0.401 max_us=15
   4 caller=0x759fa247f28a calls=834 total_ms=1.574 avg_us=1.887 max_us=11
direct_cudaStreamSynchronize: calls=14954 total_ms=67.360 max_us=2583
by_direct_callsite (file:line):
   0 /opt/llama.cpp/ggml/src/ggml-cuda/ggml-cuda.cu:839 calls=14601 total_ms=60.826 avg_us=4.166 max_us=356
   1 /opt/llama.cpp/ggml/src/ggml-cuda/ggml-cuda.cu:900 calls=12 total_ms=5.894 avg_us=491.167 max_us=2583
   2 /opt/llama.cpp/ggml/src/ggml-cuda/ggml-cuda.cu:2665 calls=191 total_ms=0.394 avg_us=2.063 max_us=11
   3 /opt/llama.cpp/ggml/src/ggml-cuda/ggml-cuda.cu:847 calls=150 total_ms=0.246 avg_us=1.640 max_us=21
=== END CUDA SYNC PROFILE ===
backend-sync-trace: count=34400 backend=CUDA0 caller=ggml_backend_sched_synchronize+0x3a

=== CUDA SYNC PROFILE (instrumentation only) ===
total_syncs = 34400
total_wait_ms = 19049.618
max_wait_us = 140269
sites = 5
wait_hist_us = logarithmic buckets
  hist[0] = 31503
  hist[1] = 1513
  hist[2] = 75
  hist[3] = 37
  hist[4] = 19
  hist[5] = 1
  hist[9] = 243
  hist[10] = 476
  hist[11] = 115
  hist[14] = 135
  hist[15] = 248
  hist[16] = 34
  hist[17] = 1
by_callsite (caller PC; symbolize with addr2line):
   0 caller=0x759fa2480c8a calls=13895 total_ms=19038.247 avg_us=1370.151 max_us=140269
   1 caller=0x759fa24800b8 calls=11300 total_ms=4.580 avg_us=0.405 max_us=25
   2 caller=0x759fa2480098 calls=4184 total_ms=3.534 avg_us=0.845 max_us=25
   3 caller=0x759fa24800d5 calls=4184 total_ms=1.677 avg_us=0.401 max_us=15
   4 caller=0x759fa247f28a calls=837 total_ms=1.580 avg_us=1.888 max_us=11
direct_cudaStreamSynchronize: calls=14996 total_ms=67.532 max_us=2583
by_direct_callsite (file:line):
   0 /opt/llama.cpp/ggml/src/ggml-cuda/ggml-cuda.cu:839 calls=14643 total_ms=60.998 avg_us=4.166 max_us=356
   1 /opt/llama.cpp/ggml/src/ggml-cuda/ggml-cuda.cu:900 calls=12 total_ms=5.894 avg_us=491.167 max_us=2583
   2 /opt/llama.cpp/ggml/src/ggml-cuda/ggml-cuda.cu:2665 calls=191 total_ms=0.394 avg_us=2.063 max_us=11
   3 /opt/llama.cpp/ggml/src/ggml-cuda/ggml-cuda.cu:847 calls=150 total_ms=0.246 avg_us=1.640 max_us=21
=== END CUDA SYNC PROFILE ===

=== CUDA SYNC PROFILE (instrumentation only) ===
total_syncs = 34414
total_wait_ms = 19049.627
max_wait_us = 140269
sites = 5
wait_hist_us = logarithmic buckets
  hist[0] = 31515
  hist[1] = 1515
  hist[2] = 75
  hist[3] = 37
  hist[4] = 19
  hist[5] = 1
  hist[9] = 243
  hist[10] = 476
  hist[11] = 115
  hist[14] = 135
  hist[15] = 248
  hist[16] = 34
  hist[17] = 1
by_callsite (caller PC; symbolize with addr2line):
   0 caller=0x759fa2480c8a calls=13902 total_ms=19038.252 avg_us=1369.461 max_us=140269
   1 caller=0x759fa24800b8 calls=11302 total_ms=4.580 avg_us=0.405 max_us=25
   2 caller=0x759fa2480098 calls=4186 total_ms=3.535 avg_us=0.844 max_us=25
   3 caller=0x759fa24800d5 calls=4186 total_ms=1.678 avg_us=0.401 max_us=15
   4 caller=0x759fa247f28a calls=838 total_ms=1.582 avg_us=1.888 max_us=11
direct_cudaStreamSynchronize: calls=15000 total_ms=67.545 max_us=2583
by_direct_callsite (file:line):
   0 /opt/llama.cpp/ggml/src/ggml-cuda/ggml-cuda.cu:839 calls=14647 total_ms=61.011 avg_us=4.165 max_us=356
   1 /opt/llama.cpp/ggml/src/ggml-cuda/ggml-cuda.cu:900 calls=12 total_ms=5.894 avg_us=491.167 max_us=2583
   2 /opt/llama.cpp/ggml/src/ggml-cuda/ggml-cuda.cu:2665 calls=191 total_ms=0.394 avg_us=2.063 max_us=11
   3 /opt/llama.cpp/ggml/src/ggml-cuda/ggml-cuda.cu:847 calls=150 total_ms=0.246 avg_us=1.640 max_us=21
=== END CUDA SYNC PROFILE ===
backend-sync-trace: count=34500 backend=CUDA0 caller=ggml_backend_sched_graph_compute_async_ext+0xc98

=== CUDA SYNC PROFILE (instrumentation only) ===
total_syncs = 34500
total_wait_ms = 19098.334
max_wait_us = 140269
sites = 5
wait_hist_us = logarithmic buckets
  hist[0] = 31595
  hist[1] = 1517
  hist[2] = 75
  hist[3] = 37
  hist[4] = 19
  hist[5] = 1
  hist[9] = 243
  hist[10] = 479
  hist[11] = 115
  hist[14] = 135
  hist[15] = 249
  hist[16] = 34
  hist[17] = 1
by_callsite (caller PC; symbolize with addr2line):
   0 caller=0x759fa2480c8a calls=13934 total_ms=19086.932 avg_us=1369.810 max_us=140269
   1 caller=0x759fa24800b8 calls=11331 total_ms=4.592 avg_us=0.405 max_us=25
   2 caller=0x759fa2480098 calls=4198 total_ms=3.543 avg_us=0.844 max_us=25
   3 caller=0x759fa24800d5 calls=4197 total_ms=1.682 avg_us=0.401 max_us=15
   4 caller=0x759fa247f28a calls=840 total_ms=1.585 avg_us=1.887 max_us=11
direct_cudaStreamSynchronize: calls=15038 total_ms=67.695 max_us=2583
by_direct_callsite (file:line):
   0 /opt/llama.cpp/ggml/src/ggml-cuda/ggml-cuda.cu:839 calls=14685 total_ms=61.161 avg_us=4.165 max_us=356
   1 /opt/llama.cpp/ggml/src/ggml-cuda/ggml-cuda.cu:900 calls=12 total_ms=5.894 avg_us=491.167 max_us=2583
   2 /opt/llama.cpp/ggml/src/ggml-cuda/ggml-cuda.cu:2665 calls=191 total_ms=0.394 avg_us=2.063 max_us=11
   3 /opt/llama.cpp/ggml/src/ggml-cuda/ggml-cuda.cu:847 calls=150 total_ms=0.246 avg_us=1.640 max_us=21
=== END CUDA SYNC PROFILE ===
backend-sync-trace: count=34600 backend=CUDA0 caller=ggml_backend_sched_graph_compute_async_ext+0xcd5

=== CUDA SYNC PROFILE (instrumentation only) ===
total_syncs = 34600
total_wait_ms = 19138.264
max_wait_us = 140269
sites = 5
wait_hist_us = logarithmic buckets
  hist[0] = 31687
  hist[1] = 1521
  hist[2] = 75
  hist[3] = 37
  hist[4] = 19
  hist[5] = 1
  hist[9] = 244
  hist[10] = 481
  hist[11] = 115
  hist[14] = 135
  hist[15] = 250
  hist[16] = 34
  hist[17] = 1
by_callsite (caller PC; symbolize with addr2line):
   0 caller=0x759fa2480c8a calls=13972 total_ms=19126.833 avg_us=1368.940 max_us=140269
   1 caller=0x759fa24800b8 calls=11362 total_ms=4.601 avg_us=0.405 max_us=25
   2 caller=0x759fa2480098 calls=4212 total_ms=3.554 avg_us=0.844 max_us=25
   3 caller=0x759fa24800d5 calls=4212 total_ms=1.688 avg_us=0.401 max_us=15
   4 caller=0x759fa247f28a calls=842 total_ms=1.588 avg_us=1.886 max_us=11
direct_cudaStreamSynchronize: calls=15080 total_ms=67.861 max_us=2583
by_direct_callsite (file:line):
   0 /opt/llama.cpp/ggml/src/ggml-cuda/ggml-cuda.cu:839 calls=14727 total_ms=61.327 avg_us=4.164 max_us=356
   1 /opt/llama.cpp/ggml/src/ggml-cuda/ggml-cuda.cu:900 calls=12 total_ms=5.894 avg_us=491.167 max_us=2583
   2 /opt/llama.cpp/ggml/src/ggml-cuda/ggml-cuda.cu:2665 calls=191 total_ms=0.394 avg_us=2.063 max_us=11
   3 /opt/llama.cpp/ggml/src/ggml-cuda/ggml-cuda.cu:847 calls=150 total_ms=0.246 avg_us=1.640 max_us=21
=== END CUDA SYNC PROFILE ===

=== CUDA SYNC PROFILE (instrumentation only) ===
total_syncs = 34624
total_wait_ms = 19183.229
max_wait_us = 140269
sites = 5
wait_hist_us = logarithmic buckets
  hist[0] = 31709
  hist[1] = 1522
  hist[2] = 75
  hist[3] = 37
  hist[4] = 19
  hist[5] = 1
  hist[9] = 244
  hist[10] = 481
  hist[11] = 115
  hist[14] = 135
  hist[15] = 251
  hist[16] = 34
  hist[17] = 1
by_callsite (caller PC; symbolize with addr2line):
   0 caller=0x759fa2480c8a calls=13974 total_ms=19171.789 avg_us=1371.961 max_us=140269
   1 caller=0x759fa24800b8 calls=11379 total_ms=4.605 avg_us=0.405 max_us=25
   2 caller=0x759fa2480098 calls=4214 total_ms=3.556 avg_us=0.844 max_us=25
   3 caller=0x759fa24800d5 calls=4214 total_ms=1.689 avg_us=0.401 max_us=15
   4 caller=0x759fa247f28a calls=843 total_ms=1.590 avg_us=1.886 max_us=11
direct_cudaStreamSynchronize: calls=15100 total_ms=67.954 max_us=2583
by_direct_callsite (file:line):
   0 /opt/llama.cpp/ggml/src/ggml-cuda/ggml-cuda.cu:839 calls=14747 total_ms=61.420 avg_us=4.165 max_us=356
   1 /opt/llama.cpp/ggml/src/ggml-cuda/ggml-cuda.cu:900 calls=12 total_ms=5.894 avg_us=491.167 max_us=2583
   2 /opt/llama.cpp/ggml/src/ggml-cuda/ggml-cuda.cu:2665 calls=191 total_ms=0.394 avg_us=2.063 max_us=11
   3 /opt/llama.cpp/ggml/src/ggml-cuda/ggml-cuda.cu:847 calls=150 total_ms=0.246 avg_us=1.640 max_us=21
=== END CUDA SYNC PROFILE ===
backend-sync-trace: count=34700 backend=CUDA0 caller=ggml_backend_sched_graph_compute_async_ext+0xcb8

=== CUDA SYNC PROFILE (instrumentation only) ===
total_syncs = 34700
total_wait_ms = 19186.557
max_wait_us = 140269
sites = 5
wait_hist_us = logarithmic buckets
  hist[0] = 31781
  hist[1] = 1524
  hist[2] = 75
  hist[3] = 37
  hist[4] = 19
  hist[5] = 1
  hist[9] = 244
  hist[10] = 482
  hist[11] = 116
  hist[14] = 135
  hist[15] = 251
  hist[16] = 34
  hist[17] = 1
by_callsite (caller PC; symbolize with addr2line):
   0 caller=0x759fa2480c8a calls=14009 total_ms=19175.096 avg_us=1368.770 max_us=140269
   1 caller=0x759fa24800b8 calls=11403 total_ms=4.615 avg_us=0.405 max_us=25
   2 caller=0x759fa2480098 calls=4222 total_ms=3.565 avg_us=0.844 max_us=25
   3 caller=0x759fa24800d5 calls=4222 total_ms=1.689 avg_us=0.400 max_us=15
   4 caller=0x759fa247f28a calls=844 total_ms=1.592 avg_us=1.886 max_us=11
direct_cudaStreamSynchronize: calls=15129 total_ms=68.063 max_us=2583
by_direct_callsite (file:line):
   0 /opt/llama.cpp/ggml/src/ggml-cuda/ggml-cuda.cu:839 calls=14776 total_ms=61.529 avg_us=4.164 max_us=356
   1 /opt/llama.cpp/ggml/src/ggml-cuda/ggml-cuda.cu:900 calls=12 total_ms=5.894 avg_us=491.167 max_us=2583
   2 /opt/llama.cpp/ggml/src/ggml-cuda/ggml-cuda.cu:2665 calls=191 total_ms=0.394 avg_us=2.063 max_us=11
   3 /opt/llama.cpp/ggml/src/ggml-cuda/ggml-cuda.cu:847 calls=150 total_ms=0.246 avg_us=1.640 max_us=21
=== END CUDA SYNC PROFILE ===
backend-sync-trace: count=34800 backend=CUDA0 caller=ggml_backend_sched_synchronize+0x3a

=== CUDA SYNC PROFILE (instrumentation only) ===
total_syncs = 34800
total_wait_ms = 19295.760
max_wait_us = 140269
sites = 5
wait_hist_us = logarithmic buckets
  hist[0] = 31870
  hist[1] = 1531
  hist[2] = 75
  hist[3] = 37
  hist[4] = 19
  hist[5] = 1
  hist[9] = 244
  hist[10] = 483
  hist[11] = 117
  hist[14] = 135
  hist[15] = 253
  hist[16] = 34
  hist[17] = 1
by_callsite (caller PC; symbolize with addr2line):
   0 caller=0x759fa2480c8a calls=14050 total_ms=19284.269 avg_us=1372.546 max_us=140269
   1 caller=0x759fa24800b8 calls=11435 total_ms=4.628 avg_us=0.405 max_us=25
   2 caller=0x759fa2480098 calls=4234 total_ms=3.573 avg_us=0.844 max_us=25
   3 caller=0x759fa24800d5 calls=4234 total_ms=1.692 avg_us=0.400 max_us=15
   4 caller=0x759fa247f28a calls=847 total_ms=1.598 avg_us=1.887 max_us=11
direct_cudaStreamSynchronize: calls=15171 total_ms=68.235 max_us=2583
by_direct_callsite (file:line):
   0 /opt/llama.cpp/ggml/src/ggml-cuda/ggml-cuda.cu:839 calls=14818 total_ms=61.701 avg_us=4.164 max_us=356
   1 /opt/llama.cpp/ggml/src/ggml-cuda/ggml-cuda.cu:900 calls=12 total_ms=5.894 avg_us=491.167 max_us=2583
   2 /opt/llama.cpp/ggml/src/ggml-cuda/ggml-cuda.cu:2665 calls=191 total_ms=0.394 avg_us=2.063 max_us=11
   3 /opt/llama.cpp/ggml/src/ggml-cuda/ggml-cuda.cu:847 calls=150 total_ms=0.246 avg_us=1.640 max_us=21
=== END CUDA SYNC PROFILE ===

=== CUDA SYNC PROFILE (instrumentation only) ===
total_syncs = 34854
total_wait_ms = 19297.945
max_wait_us = 140269
sites = 5
wait_hist_us = logarithmic buckets
  hist[0] = 31920
  hist[1] = 1533
  hist[2] = 75
  hist[3] = 37
  hist[4] = 19
  hist[5] = 1
  hist[9] = 245
  hist[10] = 484
  hist[11] = 117
  hist[14] = 135
  hist[15] = 253
  hist[16] = 34
  hist[17] = 1
by_callsite (caller PC; symbolize with addr2line):
   0 caller=0x759fa2480c8a calls=14065 total_ms=19286.433 avg_us=1371.236 max_us=140269
   1 caller=0x759fa24800b8 calls=11457 total_ms=4.639 avg_us=0.405 max_us=25
   2 caller=0x759fa2480098 calls=4242 total_ms=3.581 avg_us=0.844 max_us=25
   3 caller=0x759fa24800d5 calls=4242 total_ms=1.692 avg_us=0.399 max_us=15
   4 caller=0x759fa247f28a calls=848 total_ms=1.600 avg_us=1.887 max_us=11
direct_cudaStreamSynchronize: calls=15200 total_ms=68.346 max_us=2583
by_direct_callsite (file:line):
   0 /opt/llama.cpp/ggml/src/ggml-cuda/ggml-cuda.cu:839 calls=14847 total_ms=61.812 avg_us=4.163 max_us=356
   1 /opt/llama.cpp/ggml/src/ggml-cuda/ggml-cuda.cu:900 calls=12 total_ms=5.894 avg_us=491.167 max_us=2583
   2 /opt/llama.cpp/ggml/src/ggml-cuda/ggml-cuda.cu:2665 calls=191 total_ms=0.394 avg_us=2.063 max_us=11
   3 /opt/llama.cpp/ggml/src/ggml-cuda/ggml-cuda.cu:847 calls=150 total_ms=0.246 avg_us=1.640 max_us=21
=== END CUDA SYNC PROFILE ===
backend-sync-trace: count=34900 backend=CUDA0 caller=ggml_backend_sched_graph_compute_async_ext+0xc98

=== CUDA SYNC PROFILE (instrumentation only) ===
total_syncs = 34900
total_wait_ms = 19328.108
max_wait_us = 140269
sites = 5
wait_hist_us = logarithmic buckets
  hist[0] = 31961
  hist[1] = 1536
  hist[2] = 75
  hist[3] = 37
  hist[4] = 19
  hist[5] = 1
  hist[9] = 245
  hist[10] = 485
  hist[11] = 117
  hist[14] = 136
  hist[15] = 253
  hist[16] = 34
  hist[17] = 1
by_callsite (caller PC; symbolize with addr2line):
   0 caller=0x759fa2480c8a calls=14089 total_ms=19316.583 avg_us=1371.040 max_us=140269
   1 caller=0x759fa24800b8 calls=11466 total_ms=4.642 avg_us=0.405 max_us=25
   2 caller=0x759fa2480098 calls=4248 total_ms=3.587 avg_us=0.844 max_us=25
   3 caller=0x759fa24800d5 calls=4247 total_ms=1.693 avg_us=0.399 max_us=15
   4 caller=0x759fa247f28a calls=850 total_ms=1.603 avg_us=1.886 max_us=11
direct_cudaStreamSynchronize: calls=15213 total_ms=68.400 max_us=2583
by_direct_callsite (file:line):
   0 /opt/llama.cpp/ggml/src/ggml-cuda/ggml-cuda.cu:839 calls=14860 total_ms=61.866 avg_us=4.163 max_us=356
   1 /opt/llama.cpp/ggml/src/ggml-cuda/ggml-cuda.cu:900 calls=12 total_ms=5.894 avg_us=491.167 max_us=2583
   2 /opt/llama.cpp/ggml/src/ggml-cuda/ggml-cuda.cu:2665 calls=191 total_ms=0.394 avg_us=2.063 max_us=11
   3 /opt/llama.cpp/ggml/src/ggml-cuda/ggml-cuda.cu:847 calls=150 total_ms=0.246 avg_us=1.640 max_us=21
=== END CUDA SYNC PROFILE ===
backend-sync-trace: count=35000 backend=CUDA0 caller=ggml_backend_sched_graph_compute_async_ext+0xcb8

=== CUDA SYNC PROFILE (instrumentation only) ===
total_syncs = 35000
total_wait_ms = 19389.768
max_wait_us = 140269
sites = 5
wait_hist_us = logarithmic buckets
  hist[0] = 32052
  hist[1] = 1540
  hist[2] = 76
  hist[3] = 37
  hist[4] = 19
  hist[5] = 1
  hist[9] = 245
  hist[10] = 486
  hist[11] = 119
  hist[14] = 136
  hist[15] = 254
  hist[16] = 34
  hist[17] = 1
by_callsite (caller PC; symbolize with addr2line):
   0 caller=0x759fa2480c8a calls=14121 total_ms=19378.208 avg_us=1372.297 max_us=140269
   1 caller=0x759fa24800b8 calls=11503 total_ms=4.655 avg_us=0.405 max_us=25
   2 caller=0x759fa2480098 calls=4262 total_ms=3.600 avg_us=0.845 max_us=25
   3 caller=0x759fa24800d5 calls=4262 total_ms=1.699 avg_us=0.399 max_us=15
   4 caller=0x759fa247f28a calls=852 total_ms=1.606 avg_us=1.885 max_us=11
direct_cudaStreamSynchronize: calls=15261 total_ms=68.602 max_us=2583
by_direct_callsite (file:line):
   0 /opt/llama.cpp/ggml/src/ggml-cuda/ggml-cuda.cu:839 calls=14908 total_ms=62.068 avg_us=4.163 max_us=356
   1 /opt/llama.cpp/ggml/src/ggml-cuda/ggml-cuda.cu:900 calls=12 total_ms=5.894 avg_us=491.167 max_us=2583
   2 /opt/llama.cpp/ggml/src/ggml-cuda/ggml-cuda.cu:2665 calls=191 total_ms=0.394 avg_us=2.063 max_us=11
   3 /opt/llama.cpp/ggml/src/ggml-cuda/ggml-cuda.cu:847 calls=150 total_ms=0.246 avg_us=1.640 max_us=21
=== END CUDA SYNC PROFILE ===

=== CUDA SYNC PROFILE (instrumentation only) ===
total_syncs = 35089
total_wait_ms = 19479.117
max_wait_us = 140269
sites = 5
wait_hist_us = logarithmic buckets
  hist[0] = 32135
  hist[1] = 1543
  hist[2] = 76
  hist[3] = 37
  hist[4] = 19
  hist[5] = 1
  hist[9] = 245
  hist[10] = 488
  hist[11] = 119
  hist[14] = 136
  hist[15] = 254
  hist[16] = 35
  hist[17] = 1
by_callsite (caller PC; symbolize with addr2line):
   0 caller=0x759fa2480c8a calls=14158 total_ms=19467.529 avg_us=1375.020 max_us=140269
   1 caller=0x759fa24800b8 calls=11533 total_ms=4.667 avg_us=0.405 max_us=25
   2 caller=0x759fa2480098 calls=4272 total_ms=3.610 avg_us=0.845 max_us=25
   3 caller=0x759fa24800d5 calls=4272 total_ms=1.702 avg_us=0.398 max_us=15
   4 caller=0x759fa247f28a calls=854 total_ms=1.609 avg_us=1.884 max_us=11
direct_cudaStreamSynchronize: calls=15300 total_ms=68.755 max_us=2583
by_direct_callsite (file:line):
   0 /opt/llama.cpp/ggml/src/ggml-cuda/ggml-cuda.cu:839 calls=14947 total_ms=62.221 avg_us=4.163 max_us=356
   1 /opt/llama.cpp/ggml/src/ggml-cuda/ggml-cuda.cu:900 calls=12 total_ms=5.894 avg_us=491.167 max_us=2583
   2 /opt/llama.cpp/ggml/src/ggml-cuda/ggml-cuda.cu:2665 calls=191 total_ms=0.394 avg_us=2.063 max_us=11
   3 /opt/llama.cpp/ggml/src/ggml-cuda/ggml-cuda.cu:847 calls=150 total_ms=0.246 avg_us=1.640 max_us=21
=== END CUDA SYNC PROFILE ===
backend-sync-trace: count=35100 backend=CUDA0 caller=ggml_backend_sched_graph_compute_async_ext+0xcd5

=== CUDA SYNC PROFILE (instrumentation only) ===
total_syncs = 35100
total_wait_ms = 19533.116
max_wait_us = 140269
sites = 5
wait_hist_us = logarithmic buckets
  hist[0] = 32144
  hist[1] = 1544
  hist[2] = 76
  hist[3] = 37
  hist[4] = 19
  hist[5] = 1
  hist[9] = 245
  hist[10] = 488
  hist[11] = 119
  hist[14] = 136
  hist[15] = 255
  hist[16] = 35
  hist[17] = 1
by_callsite (caller PC; symbolize with addr2line):
   0 caller=0x759fa2480c8a calls=14160 total_ms=19521.522 avg_us=1378.639 max_us=140269
   1 caller=0x759fa24800b8 calls=11539 total_ms=4.669 avg_us=0.405 max_us=25
   2 caller=0x759fa2480098 calls=4273 total_ms=3.611 avg_us=0.845 max_us=25
   3 caller=0x759fa24800d5 calls=4273 total_ms=1.703 avg_us=0.399 max_us=15
   4 caller=0x759fa247f28a calls=855 total_ms=1.611 avg_us=1.884 max_us=11
direct_cudaStreamSynchronize: calls=15306 total_ms=68.771 max_us=2583
by_direct_callsite (file:line):
   0 /opt/llama.cpp/ggml/src/ggml-cuda/ggml-cuda.cu:839 calls=14953 total_ms=62.237 avg_us=4.162 max_us=356
   1 /opt/llama.cpp/ggml/src/ggml-cuda/ggml-cuda.cu:900 calls=12 total_ms=5.894 avg_us=491.167 max_us=2583
   2 /opt/llama.cpp/ggml/src/ggml-cuda/ggml-cuda.cu:2665 calls=191 total_ms=0.394 avg_us=2.063 max_us=11
   3 /opt/llama.cpp/ggml/src/ggml-cuda/ggml-cuda.cu:847 calls=150 total_ms=0.246 avg_us=1.640 max_us=21
=== END CUDA SYNC PROFILE ===
backend-sync-trace: count=35200 backend=CUDA0 caller=ggml_backend_sched_synchronize+0x3a

=== CUDA SYNC PROFILE (instrumentation only) ===
total_syncs = 35200
total_wait_ms = 19590.734
max_wait_us = 140269
sites = 5
wait_hist_us = logarithmic buckets
  hist[0] = 32238
  hist[1] = 1547
  hist[2] = 76
  hist[3] = 37
  hist[4] = 19
  hist[5] = 1
  hist[9] = 245
  hist[10] = 490
  hist[11] = 119
  hist[14] = 136
  hist[15] = 256
  hist[16] = 35
  hist[17] = 1
by_callsite (caller PC; symbolize with addr2line):
   0 caller=0x759fa2480c8a calls=14205 total_ms=19579.116 avg_us=1378.326 max_us=140269
   1 caller=0x759fa24800b8 calls=11570 total_ms=4.678 avg_us=0.404 max_us=25
   2 caller=0x759fa2480098 calls=4284 total_ms=3.616 avg_us=0.844 max_us=25
   3 caller=0x759fa24800d5 calls=4284 total_ms=1.709 avg_us=0.399 max_us=15
   4 caller=0x759fa247f28a calls=857 total_ms=1.615 avg_us=1.884 max_us=11
direct_cudaStreamSynchronize: calls=15346 total_ms=68.936 max_us=2583
by_direct_callsite (file:line):
   0 /opt/llama.cpp/ggml/src/ggml-cuda/ggml-cuda.cu:839 calls=14993 total_ms=62.402 avg_us=4.162 max_us=356
   1 /opt/llama.cpp/ggml/src/ggml-cuda/ggml-cuda.cu:900 calls=12 total_ms=5.894 avg_us=491.167 max_us=2583
   2 /opt/llama.cpp/ggml/src/ggml-cuda/ggml-cuda.cu:2665 calls=191 total_ms=0.394 avg_us=2.063 max_us=11
   3 /opt/llama.cpp/ggml/src/ggml-cuda/ggml-cuda.cu:847 calls=150 total_ms=0.246 avg_us=1.640 max_us=21
=== END CUDA SYNC PROFILE ===
backend-sync-trace: count=35300 backend=CUDA0 caller=ggml_backend_sched_graph_compute_async_ext+0xcb8

=== CUDA SYNC PROFILE (instrumentation only) ===
total_syncs = 35300
total_wait_ms = 19636.657
max_wait_us = 140269
sites = 5
wait_hist_us = logarithmic buckets
  hist[0] = 32330
  hist[1] = 1552
  hist[2] = 76
  hist[3] = 37
  hist[4] = 19
  hist[5] = 1
  hist[9] = 247
  hist[10] = 490
  hist[11] = 119
  hist[14] = 136
  hist[15] = 257
  hist[16] = 35
  hist[17] = 1
by_callsite (caller PC; symbolize with addr2line):
   0 caller=0x759fa2480c8a calls=14249 total_ms=19625.009 avg_us=1377.290 max_us=140269
   1 caller=0x759fa24800b8 calls=11599 total_ms=4.688 avg_us=0.404 max_us=25
   2 caller=0x759fa2480098 calls=4296 total_ms=3.623 avg_us=0.843 max_us=25
   3 caller=0x759fa24800d5 calls=4296 total_ms=1.716 avg_us=0.399 max_us=15
   4 caller=0x759fa247f28a calls=860 total_ms=1.621 avg_us=1.885 max_us=11
direct_cudaStreamSynchronize: calls=15384 total_ms=69.086 max_us=2583
by_direct_callsite (file:line):
   0 /opt/llama.cpp/ggml/src/ggml-cuda/ggml-cuda.cu:839 calls=15031 total_ms=62.552 avg_us=4.162 max_us=356
   1 /opt/llama.cpp/ggml/src/ggml-cuda/ggml-cuda.cu:900 calls=12 total_ms=5.894 avg_us=491.167 max_us=2583
   2 /opt/llama.cpp/ggml/src/ggml-cuda/ggml-cuda.cu:2665 calls=191 total_ms=0.394 avg_us=2.063 max_us=11
   3 /opt/llama.cpp/ggml/src/ggml-cuda/ggml-cuda.cu:847 calls=150 total_ms=0.246 avg_us=1.640 max_us=21
=== END CUDA SYNC PROFILE ===

=== CUDA SYNC PROFILE (instrumentation only) ===
total_syncs = 35336
total_wait_ms = 19639.088
max_wait_us = 140269
sites = 5
wait_hist_us = logarithmic buckets
  hist[0] = 32363
  hist[1] = 1553
  hist[2] = 76
  hist[3] = 37
  hist[4] = 19
  hist[5] = 1
  hist[9] = 248
  hist[10] = 491
  hist[11] = 119
  hist[14] = 136
  hist[15] = 257
  hist[16] = 35
  hist[17] = 1
by_callsite (caller PC; symbolize with addr2line):
   0 caller=0x759fa2480c8a calls=14263 total_ms=19627.427 avg_us=1376.108 max_us=140269
   1 caller=0x759fa24800b8 calls=11609 total_ms=4.693 avg_us=0.404 max_us=25
   2 caller=0x759fa2480098 calls=4302 total_ms=3.629 avg_us=0.844 max_us=25
   3 caller=0x759fa24800d5 calls=4302 total_ms=1.718 avg_us=0.399 max_us=15
   4 caller=0x759fa247f28a calls=860 total_ms=1.621 avg_us=1.885 max_us=11
direct_cudaStreamSynchronize: calls=15400 total_ms=69.157 max_us=2583
by_direct_callsite (file:line):
   0 /opt/llama.cpp/ggml/src/ggml-cuda/ggml-cuda.cu:839 calls=15047 total_ms=62.623 avg_us=4.162 max_us=356
   1 /opt/llama.cpp/ggml/src/ggml-cuda/ggml-cuda.cu:900 calls=12 total_ms=5.894 avg_us=491.167 max_us=2583
   2 /opt/llama.cpp/ggml/src/ggml-cuda/ggml-cuda.cu:2665 calls=191 total_ms=0.394 avg_us=2.063 max_us=11
   3 /opt/llama.cpp/ggml/src/ggml-cuda/ggml-cuda.cu:847 calls=150 total_ms=0.246 avg_us=1.640 max_us=21
=== END CUDA SYNC PROFILE ===
backend-sync-trace: count=35400 backend=CUDA0 caller=ggml_backend_sched_graph_compute_async_ext+0xcd5

=== CUDA SYNC PROFILE (instrumentation only) ===
total_syncs = 35400
total_wait_ms = 19676.642
max_wait_us = 140269
sites = 5
wait_hist_us = logarithmic buckets
  hist[0] = 32420
  hist[1] = 1557
  hist[2] = 76
  hist[3] = 37
  hist[4] = 19
  hist[5] = 1
  hist[9] = 250
  hist[10] = 491
  hist[11] = 119
  hist[14] = 136
  hist[15] = 258
  hist[16] = 35
  hist[17] = 1
by_callsite (caller PC; symbolize with addr2line):
   0 caller=0x759fa2480c8a calls=14288 total_ms=19664.962 avg_us=1376.327 max_us=140269
   1 caller=0x759fa24800b8 calls=11632 total_ms=4.697 avg_us=0.404 max_us=25
   2 caller=0x759fa2480098 calls=4309 total_ms=3.637 avg_us=0.844 max_us=25
   3 caller=0x759fa24800d5 calls=4309 total_ms=1.721 avg_us=0.399 max_us=15
   4 caller=0x759fa247f28a calls=862 total_ms=1.625 avg_us=1.885 max_us=11
direct_cudaStreamSynchronize: calls=15428 total_ms=69.273 max_us=2583
by_direct_callsite (file:line):
   0 /opt/llama.cpp/ggml/src/ggml-cuda/ggml-cuda.cu:839 calls=15075 total_ms=62.739 avg_us=4.162 max_us=356
   1 /opt/llama.cpp/ggml/src/ggml-cuda/ggml-cuda.cu:900 calls=12 total_ms=5.894 avg_us=491.167 max_us=2583
   2 /opt/llama.cpp/ggml/src/ggml-cuda/ggml-cuda.cu:2665 calls=191 total_ms=0.394 avg_us=2.063 max_us=11
   3 /opt/llama.cpp/ggml/src/ggml-cuda/ggml-cuda.cu:847 calls=150 total_ms=0.246 avg_us=1.640 max_us=21
=== END CUDA SYNC PROFILE ===
backend-sync-trace: count=35500 backend=CUDA0 caller=ggml_backend_sched_graph_compute_async_ext+0xcd5

=== CUDA SYNC PROFILE (instrumentation only) ===
total_syncs = 35500
total_wait_ms = 19756.479
max_wait_us = 140269
sites = 5
wait_hist_us = logarithmic buckets
  hist[0] = 32512
  hist[1] = 1561
  hist[2] = 76
  hist[3] = 37
  hist[4] = 19
  hist[5] = 1
  hist[9] = 252
  hist[10] = 491
  hist[11] = 119
  hist[14] = 136
  hist[15] = 260
  hist[16] = 35
  hist[17] = 1
by_callsite (caller PC; symbolize with addr2line):
   0 caller=0x759fa2480c8a calls=14315 total_ms=19744.765 avg_us=1379.306 max_us=140269
   1 caller=0x759fa24800b8 calls=11674 total_ms=4.713 avg_us=0.404 max_us=25
   2 caller=0x759fa2480098 calls=4323 total_ms=3.644 avg_us=0.843 max_us=25
   3 caller=0x759fa24800d5 calls=4323 total_ms=1.727 avg_us=0.399 max_us=15
   4 caller=0x759fa247f28a calls=865 total_ms=1.630 avg_us=1.884 max_us=11
direct_cudaStreamSynchronize: calls=15481 total_ms=69.489 max_us=2583
by_direct_callsite (file:line):
   0 /opt/llama.cpp/ggml/src/ggml-cuda/ggml-cuda.cu:839 calls=15128 total_ms=62.955 avg_us=4.161 max_us=356
   1 /opt/llama.cpp/ggml/src/ggml-cuda/ggml-cuda.cu:900 calls=12 total_ms=5.894 avg_us=491.167 max_us=2583
   2 /opt/llama.cpp/ggml/src/ggml-cuda/ggml-cuda.cu:2665 calls=191 total_ms=0.394 avg_us=2.063 max_us=11
   3 /opt/llama.cpp/ggml/src/ggml-cuda/ggml-cuda.cu:847 calls=150 total_ms=0.246 avg_us=1.640 max_us=21
=== END CUDA SYNC PROFILE ===

=== CUDA SYNC PROFILE (instrumentation only) ===
total_syncs = 35550
total_wait_ms = 19758.661
max_wait_us = 140269
sites = 5
wait_hist_us = logarithmic buckets
  hist[0] = 32558
  hist[1] = 1563
  hist[2] = 76
  hist[3] = 37
  hist[4] = 19
  hist[5] = 1
  hist[9] = 253
  hist[10] = 492
  hist[11] = 119
  hist[14] = 136
  hist[15] = 260
  hist[16] = 35
  hist[17] = 1
by_callsite (caller PC; symbolize with addr2line):
   0 caller=0x759fa2480c8a calls=14338 total_ms=19746.933 avg_us=1377.245 max_us=140269
   1 caller=0x759fa24800b8 calls=11686 total_ms=4.718 avg_us=0.404 max_us=25
   2 caller=0x759fa2480098 calls=4330 total_ms=3.650 avg_us=0.843 max_us=25
   3 caller=0x759fa24800d5 calls=4330 total_ms=1.728 avg_us=0.399 max_us=15
   4 caller=0x759fa247f28a calls=866 total_ms=1.632 avg_us=1.885 max_us=11
direct_cudaStreamSynchronize: calls=15500 total_ms=69.573 max_us=2583
by_direct_callsite (file:line):
   0 /opt/llama.cpp/ggml/src/ggml-cuda/ggml-cuda.cu:839 calls=15147 total_ms=63.039 avg_us=4.162 max_us=356
   1 /opt/llama.cpp/ggml/src/ggml-cuda/ggml-cuda.cu:900 calls=12 total_ms=5.894 avg_us=491.167 max_us=2583
   2 /opt/llama.cpp/ggml/src/ggml-cuda/ggml-cuda.cu:2665 calls=191 total_ms=0.394 avg_us=2.063 max_us=11
   3 /opt/llama.cpp/ggml/src/ggml-cuda/ggml-cuda.cu:847 calls=150 total_ms=0.246 avg_us=1.640 max_us=21
=== END CUDA SYNC PROFILE ===
backend-sync-trace: count=35600 backend=CUDA0 caller=ggml_backend_sched_synchronize+0x3a

=== CUDA SYNC PROFILE (instrumentation only) ===
total_syncs = 35600
total_wait_ms = 19793.649
max_wait_us = 140269
sites = 5
wait_hist_us = logarithmic buckets
  hist[0] = 32604
  hist[1] = 1565
  hist[2] = 76
  hist[3] = 37
  hist[4] = 19
  hist[5] = 1
  hist[9] = 253
  hist[10] = 493
  hist[11] = 119
  hist[14] = 136
  hist[15] = 261
  hist[16] = 35
  hist[17] = 1
by_callsite (caller PC; symbolize with addr2line):
   0 caller=0x759fa2480c8a calls=14351 total_ms=19781.904 avg_us=1378.434 max_us=140269
   1 caller=0x759fa24800b8 calls=11709 total_ms=4.727 avg_us=0.404 max_us=25
   2 caller=0x759fa2480098 calls=4336 total_ms=3.653 avg_us=0.842 max_us=25
   3 caller=0x759fa24800d5 calls=4336 total_ms=1.730 avg_us=0.399 max_us=15
   4 caller=0x759fa247f28a calls=868 total_ms=1.635 avg_us=1.884 max_us=11
direct_cudaStreamSynchronize: calls=15527 total_ms=69.713 max_us=2583
by_direct_callsite (file:line):
   0 /opt/llama.cpp/ggml/src/ggml-cuda/ggml-cuda.cu:839 calls=15174 total_ms=63.179 avg_us=4.164 max_us=356
   1 /opt/llama.cpp/ggml/src/ggml-cuda/ggml-cuda.cu:900 calls=12 total_ms=5.894 avg_us=491.167 max_us=2583
   2 /opt/llama.cpp/ggml/src/ggml-cuda/ggml-cuda.cu:2665 calls=191 total_ms=0.394 avg_us=2.063 max_us=11
   3 /opt/llama.cpp/ggml/src/ggml-cuda/ggml-cuda.cu:847 calls=150 total_ms=0.246 avg_us=1.640 max_us=21
=== END CUDA SYNC PROFILE ===
backend-sync-trace: count=35700 backend=CUDA0 caller=ggml_backend_sched_synchronize+0x3a

=== CUDA SYNC PROFILE (instrumentation only) ===
total_syncs = 35700
total_wait_ms = 19823.417
max_wait_us = 140269
sites = 5
wait_hist_us = logarithmic buckets
  hist[0] = 32697
  hist[1] = 1567
  hist[2] = 76
  hist[3] = 38
  hist[4] = 19
  hist[5] = 1
  hist[9] = 255
  hist[10] = 494
  hist[11] = 119
  hist[14] = 137
  hist[15] = 261
  hist[16] = 35
  hist[17] = 1
by_callsite (caller PC; symbolize with addr2line):
   0 caller=0x759fa2480c8a calls=14394 total_ms=19811.633 avg_us=1376.381 max_us=140269
   1 caller=0x759fa24800b8 calls=11740 total_ms=4.737 avg_us=0.403 max_us=25
   2 caller=0x759fa2480098 calls=4348 total_ms=3.673 avg_us=0.845 max_us=25
   3 caller=0x759fa24800d5 calls=4348 total_ms=1.736 avg_us=0.399 max_us=15
   4 caller=0x759fa247f28a calls=870 total_ms=1.638 avg_us=1.883 max_us=11
direct_cudaStreamSynchronize: calls=15568 total_ms=69.885 max_us=2583
by_direct_callsite (file:line):
   0 /opt/llama.cpp/ggml/src/ggml-cuda/ggml-cuda.cu:839 calls=15215 total_ms=63.351 avg_us=4.164 max_us=356
   1 /opt/llama.cpp/ggml/src/ggml-cuda/ggml-cuda.cu:900 calls=12 total_ms=5.894 avg_us=491.167 max_us=2583
   2 /opt/llama.cpp/ggml/src/ggml-cuda/ggml-cuda.cu:2665 calls=191 total_ms=0.394 avg_us=2.063 max_us=11
   3 /opt/llama.cpp/ggml/src/ggml-cuda/ggml-cuda.cu:847 calls=150 total_ms=0.246 avg_us=1.640 max_us=21
=== END CUDA SYNC PROFILE ===

=== CUDA SYNC PROFILE (instrumentation only) ===
total_syncs = 35764
total_wait_ms = 19858.945
max_wait_us = 140269
sites = 5
wait_hist_us = logarithmic buckets
  hist[0] = 32755
  hist[1] = 1571
  hist[2] = 76
  hist[3] = 38
  hist[4] = 19
  hist[5] = 1
  hist[9] = 256
  hist[10] = 494
  hist[11] = 119
  hist[14] = 137
  hist[15] = 262
  hist[16] = 35
  hist[17] = 1
by_callsite (caller PC; symbolize with addr2line):
   0 caller=0x759fa2480c8a calls=14412 total_ms=19847.133 avg_us=1377.126 max_us=140269
   1 caller=0x759fa24800b8 calls=11764 total_ms=4.746 avg_us=0.403 max_us=25
   2 caller=0x759fa2480098 calls=4358 total_ms=3.682 avg_us=0.845 max_us=25
   3 caller=0x759fa24800d5 calls=4358 total_ms=1.742 avg_us=0.400 max_us=15
   4 caller=0x759fa247f28a calls=872 total_ms=1.642 avg_us=1.883 max_us=11
direct_cudaStreamSynchronize: calls=15600 total_ms=70.020 max_us=2583
by_direct_callsite (file:line):
   0 /opt/llama.cpp/ggml/src/ggml-cuda/ggml-cuda.cu:839 calls=15247 total_ms=63.486 avg_us=4.164 max_us=356
   1 /opt/llama.cpp/ggml/src/ggml-cuda/ggml-cuda.cu:900 calls=12 total_ms=5.894 avg_us=491.167 max_us=2583
   2 /opt/llama.cpp/ggml/src/ggml-cuda/ggml-cuda.cu:2665 calls=191 total_ms=0.394 avg_us=2.063 max_us=11
   3 /opt/llama.cpp/ggml/src/ggml-cuda/ggml-cuda.cu:847 calls=150 total_ms=0.246 avg_us=1.640 max_us=21
=== END CUDA SYNC PROFILE ===
backend-sync-trace: count=35800 backend=CUDA0 caller=0x759fa247f28a

=== CUDA SYNC PROFILE (instrumentation only) ===
total_syncs = 35800
total_wait_ms = 19888.272
max_wait_us = 140269
sites = 5
wait_hist_us = logarithmic buckets
  hist[0] = 32787
  hist[1] = 1573
  hist[2] = 76
  hist[3] = 38
  hist[4] = 19
  hist[5] = 1
  hist[9] = 257
  hist[10] = 494
  hist[11] = 119
  hist[14] = 138
  hist[15] = 262
  hist[16] = 35
  hist[17] = 1
by_callsite (caller PC; symbolize with addr2line):
   0 caller=0x759fa2480c8a calls=14421 total_ms=19876.447 avg_us=1378.299 max_us=140269
   1 caller=0x759fa24800b8 calls=11782 total_ms=4.752 avg_us=0.403 max_us=25
   2 caller=0x759fa2480098 calls=4362 total_ms=3.684 avg_us=0.845 max_us=25
   3 caller=0x759fa24800d5 calls=4362 total_ms=1.745 avg_us=0.400 max_us=15
   4 caller=0x759fa247f28a calls=873 total_ms=1.644 avg_us=1.883 max_us=11
direct_cudaStreamSynchronize: calls=15621 total_ms=70.103 max_us=2583
by_direct_callsite (file:line):
   0 /opt/llama.cpp/ggml/src/ggml-cuda/ggml-cuda.cu:839 calls=15268 total_ms=63.569 avg_us=4.164 max_us=356
   1 /opt/llama.cpp/ggml/src/ggml-cuda/ggml-cuda.cu:900 calls=12 total_ms=5.894 avg_us=491.167 max_us=2583
   2 /opt/llama.cpp/ggml/src/ggml-cuda/ggml-cuda.cu:2665 calls=191 total_ms=0.394 avg_us=2.063 max_us=11
   3 /opt/llama.cpp/ggml/src/ggml-cuda/ggml-cuda.cu:847 calls=150 total_ms=0.246 avg_us=1.640 max_us=21
=== END CUDA SYNC PROFILE ===
backend-sync-trace: count=35900 backend=CUDA0 caller=ggml_backend_sched_synchronize+0x3a

=== CUDA SYNC PROFILE (instrumentation only) ===
total_syncs = 35900
total_wait_ms = 19920.669
max_wait_us = 140269
sites = 5
wait_hist_us = logarithmic buckets
  hist[0] = 32880
  hist[1] = 1576
  hist[2] = 76
  hist[3] = 39
  hist[4] = 19
  hist[5] = 1
  hist[9] = 258
  hist[10] = 495
  hist[11] = 119
  hist[14] = 139
  hist[15] = 262
  hist[16] = 35
  hist[17] = 1
by_callsite (caller PC; symbolize with addr2line):
   0 caller=0x759fa2480c8a calls=14464 total_ms=19908.805 avg_us=1376.438 max_us=140269
   1 caller=0x759fa24800b8 calls=11813 total_ms=4.762 avg_us=0.403 max_us=25
   2 caller=0x759fa2480098 calls=4374 total_ms=3.704 avg_us=0.847 max_us=25
   3 caller=0x759fa24800d5 calls=4374 total_ms=1.750 avg_us=0.400 max_us=15
   4 caller=0x759fa247f28a calls=875 total_ms=1.648 avg_us=1.883 max_us=11
direct_cudaStreamSynchronize: calls=15661 total_ms=70.268 max_us=2583
by_direct_callsite (file:line):
   0 /opt/llama.cpp/ggml/src/ggml-cuda/ggml-cuda.cu:839 calls=15308 total_ms=63.734 avg_us=4.163 max_us=356
   1 /opt/llama.cpp/ggml/src/ggml-cuda/ggml-cuda.cu:900 calls=12 total_ms=5.894 avg_us=491.167 max_us=2583
   2 /opt/llama.cpp/ggml/src/ggml-cuda/ggml-cuda.cu:2665 calls=191 total_ms=0.394 avg_us=2.063 max_us=11
   3 /opt/llama.cpp/ggml/src/ggml-cuda/ggml-cuda.cu:847 calls=150 total_ms=0.246 avg_us=1.640 max_us=21
=== END CUDA SYNC PROFILE ===
backend-sync-trace: count=36000 backend=CUDA0 caller=ggml_backend_sched_graph_compute_async_ext+0xcd5

=== CUDA SYNC PROFILE (instrumentation only) ===
total_syncs = 36000
total_wait_ms = 19962.481
max_wait_us = 140269
sites = 5
wait_hist_us = logarithmic buckets
  hist[0] = 32973
  hist[1] = 1580
  hist[2] = 76
  hist[3] = 39
  hist[4] = 19
  hist[5] = 1
  hist[9] = 258
  hist[10] = 497
  hist[11] = 119
  hist[14] = 139
  hist[15] = 263
  hist[16] = 35
  hist[17] = 1
by_callsite (caller PC; symbolize with addr2line):
   0 caller=0x759fa2480c8a calls=14510 total_ms=19950.591 avg_us=1374.955 max_us=140269
   1 caller=0x759fa24800b8 calls=11840 total_ms=4.771 avg_us=0.403 max_us=25
   2 caller=0x759fa2480098 calls=4386 total_ms=3.711 avg_us=0.846 max_us=25
   3 caller=0x759fa24800d5 calls=4386 total_ms=1.755 avg_us=0.400 max_us=15
   4 caller=0x759fa247f28a calls=878 total_ms=1.653 avg_us=1.883 max_us=11
direct_cudaStreamSynchronize: calls=15697 total_ms=70.412 max_us=2583
by_direct_callsite (file:line):
   0 /opt/llama.cpp/ggml/src/ggml-cuda/ggml-cuda.cu:839 calls=15344 total_ms=63.878 avg_us=4.163 max_us=356
   1 /opt/llama.cpp/ggml/src/ggml-cuda/ggml-cuda.cu:900 calls=12 total_ms=5.894 avg_us=491.167 max_us=2583
   2 /opt/llama.cpp/ggml/src/ggml-cuda/ggml-cuda.cu:2665 calls=191 total_ms=0.394 avg_us=2.063 max_us=11
   3 /opt/llama.cpp/ggml/src/ggml-cuda/ggml-cuda.cu:847 calls=150 total_ms=0.246 avg_us=1.640 max_us=21
=== END CUDA SYNC PROFILE ===

=== CUDA SYNC PROFILE (instrumentation only) ===
total_syncs = 36002
total_wait_ms = 19962.481
max_wait_us = 140269
sites = 5
wait_hist_us = logarithmic buckets
  hist[0] = 32975
  hist[1] = 1580
  hist[2] = 76
  hist[3] = 39
  hist[4] = 19
  hist[5] = 1
  hist[9] = 258
  hist[10] = 497
  hist[11] = 119
  hist[14] = 139
  hist[15] = 263
  hist[16] = 35
  hist[17] = 1
by_callsite (caller PC; symbolize with addr2line):
   0 caller=0x759fa2480c8a calls=14510 total_ms=19950.591 avg_us=1374.955 max_us=140269
   1 caller=0x759fa24800b8 calls=11842 total_ms=4.771 avg_us=0.403 max_us=25
   2 caller=0x759fa2480098 calls=4386 total_ms=3.711 avg_us=0.846 max_us=25
   3 caller=0x759fa24800d5 calls=4386 total_ms=1.755 avg_us=0.400 max_us=15
   4 caller=0x759fa247f28a calls=878 total_ms=1.653 avg_us=1.883 max_us=11
direct_cudaStreamSynchronize: calls=15700 total_ms=70.423 max_us=2583
by_direct_callsite (file:line):
   0 /opt/llama.cpp/ggml/src/ggml-cuda/ggml-cuda.cu:839 calls=15347 total_ms=63.889 avg_us=4.163 max_us=356
   1 /opt/llama.cpp/ggml/src/ggml-cuda/ggml-cuda.cu:900 calls=12 total_ms=5.894 avg_us=491.167 max_us=2583
   2 /opt/llama.cpp/ggml/src/ggml-cuda/ggml-cuda.cu:2665 calls=191 total_ms=0.394 avg_us=2.063 max_us=11
   3 /opt/llama.cpp/ggml/src/ggml-cuda/ggml-cuda.cu:847 calls=150 total_ms=0.246 avg_us=1.640 max_us=21
=== END CUDA SYNC PROFILE ===
1.25.200.330 I slot print_timing: id  0 | task 0 | n_gen =   1002, tg =  47.12 t/s, tg_3s =  46.47 t/s
backend-sync-trace: count=36100 backend=CUDA0 caller=ggml_backend_sched_synchronize+0x3a

=== CUDA SYNC PROFILE (instrumentation only) ===
total_syncs = 36100
total_wait_ms = 20021.584
max_wait_us = 140269
sites = 5
wait_hist_us = logarithmic buckets
  hist[0] = 33064
  hist[1] = 1583
  hist[2] = 77
  hist[3] = 39
  hist[4] = 19
  hist[5] = 1
  hist[9] = 258
  hist[10] = 500
  hist[11] = 120
  hist[14] = 139
  hist[15] = 264
  hist[16] = 35
  hist[17] = 1
by_callsite (caller PC; symbolize with addr2line):
   0 caller=0x759fa2480c8a calls=14549 total_ms=20009.664 avg_us=1375.329 max_us=140269
   1 caller=0x759fa24800b8 calls=11875 total_ms=4.783 avg_us=0.403 max_us=25
   2 caller=0x759fa2480098 calls=4398 total_ms=3.722 avg_us=0.846 max_us=25
   3 caller=0x759fa24800d5 calls=4398 total_ms=1.758 avg_us=0.400 max_us=15
   4 caller=0x759fa247f28a calls=880 total_ms=1.657 avg_us=1.883 max_us=11
direct_cudaStreamSynchronize: calls=15743 total_ms=70.589 max_us=2583
by_direct_callsite (file:line):
   0 /opt/llama.cpp/ggml/src/ggml-cuda/ggml-cuda.cu:839 calls=15390 total_ms=64.055 avg_us=4.162 max_us=356
   1 /opt/llama.cpp/ggml/src/ggml-cuda/ggml-cuda.cu:900 calls=12 total_ms=5.894 avg_us=491.167 max_us=2583
   2 /opt/llama.cpp/ggml/src/ggml-cuda/ggml-cuda.cu:2665 calls=191 total_ms=0.394 avg_us=2.063 max_us=11
   3 /opt/llama.cpp/ggml/src/ggml-cuda/ggml-cuda.cu:847 calls=150 total_ms=0.246 avg_us=1.640 max_us=21
=== END CUDA SYNC PROFILE ===
backend-sync-trace: count=36200 backend=CUDA0 caller=0x759fa247f28a

=== CUDA SYNC PROFILE (instrumentation only) ===
total_syncs = 36200
total_wait_ms = 20100.350
max_wait_us = 140269
sites = 5
wait_hist_us = logarithmic buckets
  hist[0] = 33153
  hist[1] = 1589
  hist[2] = 78
  hist[3] = 39
  hist[4] = 19
  hist[5] = 1
  hist[9] = 258
  hist[10] = 501
  hist[11] = 121
  hist[14] = 139
  hist[15] = 266
  hist[16] = 35
  hist[17] = 1
by_callsite (caller PC; symbolize with addr2line):
   0 caller=0x759fa2480c8a calls=14576 total_ms=20088.393 avg_us=1378.183 max_us=140269
   1 caller=0x759fa24800b8 calls=11917 total_ms=4.796 avg_us=0.402 max_us=25
   2 caller=0x759fa2480098 calls=4412 total_ms=3.732 avg_us=0.846 max_us=25
   3 caller=0x759fa24800d5 calls=4412 total_ms=1.764 avg_us=0.400 max_us=15
   4 caller=0x759fa247f28a calls=883 total_ms=1.665 avg_us=1.886 max_us=11
direct_cudaStreamSynchronize: calls=15796 total_ms=70.804 max_us=2583
by_direct_callsite (file:line):
   0 /opt/llama.cpp/ggml/src/ggml-cuda/ggml-cuda.cu:839 calls=15443 total_ms=64.270 avg_us=4.162 max_us=356
   1 /opt/llama.cpp/ggml/src/ggml-cuda/ggml-cuda.cu:900 calls=12 total_ms=5.894 avg_us=491.167 max_us=2583
   2 /opt/llama.cpp/ggml/src/ggml-cuda/ggml-cuda.cu:2665 calls=191 total_ms=0.394 avg_us=2.063 max_us=11
   3 /opt/llama.cpp/ggml/src/ggml-cuda/ggml-cuda.cu:847 calls=150 total_ms=0.246 avg_us=1.640 max_us=21
=== END CUDA SYNC PROFILE ===

=== CUDA SYNC PROFILE (instrumentation only) ===
total_syncs = 36206
total_wait_ms = 20100.354
max_wait_us = 140269
sites = 5
wait_hist_us = logarithmic buckets
  hist[0] = 33158
  hist[1] = 1590
  hist[2] = 78
  hist[3] = 39
  hist[4] = 19
  hist[5] = 1
  hist[9] = 258
  hist[10] = 501
  hist[11] = 121
  hist[14] = 139
  hist[15] = 266
  hist[16] = 35
  hist[17] = 1
by_callsite (caller PC; symbolize with addr2line):
   0 caller=0x759fa2480c8a calls=14576 total_ms=20088.393 avg_us=1378.183 max_us=140269
   1 caller=0x759fa24800b8 calls=11919 total_ms=4.797 avg_us=0.402 max_us=25
   2 caller=0x759fa2480098 calls=4414 total_ms=3.734 avg_us=0.846 max_us=25
   3 caller=0x759fa24800d5 calls=4414 total_ms=1.765 avg_us=0.400 max_us=15
   4 caller=0x759fa247f28a calls=883 total_ms=1.665 avg_us=1.886 max_us=11
direct_cudaStreamSynchronize: calls=15800 total_ms=70.827 max_us=2583
by_direct_callsite (file:line):
   0 /opt/llama.cpp/ggml/src/ggml-cuda/ggml-cuda.cu:839 calls=15447 total_ms=64.293 avg_us=4.162 max_us=356
   1 /opt/llama.cpp/ggml/src/ggml-cuda/ggml-cuda.cu:900 calls=12 total_ms=5.894 avg_us=491.167 max_us=2583
   2 /opt/llama.cpp/ggml/src/ggml-cuda/ggml-cuda.cu:2665 calls=191 total_ms=0.394 avg_us=2.063 max_us=11
   3 /opt/llama.cpp/ggml/src/ggml-cuda/ggml-cuda.cu:847 calls=150 total_ms=0.246 avg_us=1.640 max_us=21
=== END CUDA SYNC PROFILE ===
backend-sync-trace: count=36300 backend=CUDA0 caller=ggml_backend_sched_synchronize+0x3a

=== CUDA SYNC PROFILE (instrumentation only) ===
total_syncs = 36300
total_wait_ms = 20173.464
max_wait_us = 140269
sites = 5
wait_hist_us = logarithmic buckets
  hist[0] = 33244
  hist[1] = 1593
  hist[2] = 80
  hist[3] = 39
  hist[4] = 19
  hist[5] = 1
  hist[9] = 258
  hist[10] = 503
  hist[11] = 121
  hist[14] = 139
  hist[15] = 266
  hist[16] = 36
  hist[17] = 1
by_callsite (caller PC; symbolize with addr2line):
   0 caller=0x759fa2480c8a calls=14619 total_ms=20161.468 avg_us=1379.128 max_us=140269
   1 caller=0x759fa24800b8 calls=11948 total_ms=4.810 avg_us=0.403 max_us=25
   2 caller=0x759fa2480098 calls=4424 total_ms=3.746 avg_us=0.847 max_us=25
   3 caller=0x759fa24800d5 calls=4424 total_ms=1.771 avg_us=0.400 max_us=15
   4 caller=0x759fa247f28a calls=885 total_ms=1.669 avg_us=1.886 max_us=11
direct_cudaStreamSynchronize: calls=15836 total_ms=70.990 max_us=2583
by_direct_callsite (file:line):
   0 /opt/llama.cpp/ggml/src/ggml-cuda/ggml-cuda.cu:839 calls=15483 total_ms=64.456 avg_us=4.163 max_us=356
   1 /opt/llama.cpp/ggml/src/ggml-cuda/ggml-cuda.cu:900 calls=12 total_ms=5.894 avg_us=491.167 max_us=2583
   2 /opt/llama.cpp/ggml/src/ggml-cuda/ggml-cuda.cu:2665 calls=191 total_ms=0.394 avg_us=2.063 max_us=11
   3 /opt/llama.cpp/ggml/src/ggml-cuda/ggml-cuda.cu:847 calls=150 total_ms=0.246 avg_us=1.640 max_us=21
=== END CUDA SYNC PROFILE ===
backend-sync-trace: count=36400 backend=CUDA0 caller=ggml_backend_sched_synchronize+0x3a

=== CUDA SYNC PROFILE (instrumentation only) ===
total_syncs = 36400
total_wait_ms = 20231.752
max_wait_us = 140269
sites = 5
wait_hist_us = logarithmic buckets
  hist[0] = 33337
  hist[1] = 1597
  hist[2] = 80
  hist[3] = 39
  hist[4] = 19
  hist[5] = 1
  hist[9] = 258
  hist[10] = 505
  hist[11] = 121
  hist[14] = 139
  hist[15] = 267
  hist[16] = 36
  hist[17] = 1
by_callsite (caller PC; symbolize with addr2line):
   0 caller=0x759fa2480c8a calls=14670 total_ms=20219.727 avg_us=1378.304 max_us=140269
   1 caller=0x759fa24800b8 calls=11975 total_ms=4.823 avg_us=0.403 max_us=25
   2 caller=0x759fa2480098 calls=4434 total_ms=3.753 avg_us=0.846 max_us=25
   3 caller=0x759fa24800d5 calls=4434 total_ms=1.776 avg_us=0.401 max_us=15
   4 caller=0x759fa247f28a calls=887 total_ms=1.673 avg_us=1.886 max_us=11
direct_cudaStreamSynchronize: calls=15871 total_ms=71.135 max_us=2583
by_direct_callsite (file:line):
   0 /opt/llama.cpp/ggml/src/ggml-cuda/ggml-cuda.cu:839 calls=15518 total_ms=64.601 avg_us=4.163 max_us=356
   1 /opt/llama.cpp/ggml/src/ggml-cuda/ggml-cuda.cu:900 calls=12 total_ms=5.894 avg_us=491.167 max_us=2583
   2 /opt/llama.cpp/ggml/src/ggml-cuda/ggml-cuda.cu:2665 calls=191 total_ms=0.394 avg_us=2.063 max_us=11
   3 /opt/llama.cpp/ggml/src/ggml-cuda/ggml-cuda.cu:847 calls=150 total_ms=0.246 avg_us=1.640 max_us=21
=== END CUDA SYNC PROFILE ===

=== CUDA SYNC PROFILE (instrumentation only) ===
total_syncs = 36454
total_wait_ms = 20235.018
max_wait_us = 140269
sites = 5
wait_hist_us = logarithmic buckets
  hist[0] = 33386
  hist[1] = 1600
  hist[2] = 80
  hist[3] = 39
  hist[4] = 19
  hist[5] = 1
  hist[9] = 259
  hist[10] = 505
  hist[11] = 122
  hist[14] = 139
  hist[15] = 267
  hist[16] = 36
  hist[17] = 1
by_callsite (caller PC; symbolize with addr2line):
   0 caller=0x759fa2480c8a calls=14685 total_ms=20222.975 avg_us=1377.118 max_us=140269
   1 caller=0x759fa24800b8 calls=11997 total_ms=4.829 avg_us=0.403 max_us=25
   2 caller=0x759fa2480098 calls=4442 total_ms=3.763 avg_us=0.847 max_us=25
   3 caller=0x759fa24800d5 calls=4442 total_ms=1.776 avg_us=0.400 max_us=15
   4 caller=0x759fa247f28a calls=888 total_ms=1.675 avg_us=1.886 max_us=11
direct_cudaStreamSynchronize: calls=15900 total_ms=71.245 max_us=2583
by_direct_callsite (file:line):
   0 /opt/llama.cpp/ggml/src/ggml-cuda/ggml-cuda.cu:839 calls=15547 total_ms=64.711 avg_us=4.162 max_us=356
   1 /opt/llama.cpp/ggml/src/ggml-cuda/ggml-cuda.cu:900 calls=12 total_ms=5.894 avg_us=491.167 max_us=2583
   2 /opt/llama.cpp/ggml/src/ggml-cuda/ggml-cuda.cu:2665 calls=191 total_ms=0.394 avg_us=2.063 max_us=11
   3 /opt/llama.cpp/ggml/src/ggml-cuda/ggml-cuda.cu:847 calls=150 total_ms=0.246 avg_us=1.640 max_us=21
=== END CUDA SYNC PROFILE ===
backend-sync-trace: count=36500 backend=CUDA0 caller=ggml_backend_sched_synchronize+0x3a

=== CUDA SYNC PROFILE (instrumentation only) ===
total_syncs = 36500
total_wait_ms = 20283.271
max_wait_us = 140269
sites = 5
wait_hist_us = logarithmic buckets
  hist[0] = 33427
  hist[1] = 1603
  hist[2] = 80
  hist[3] = 39
  hist[4] = 19
  hist[5] = 1
  hist[9] = 259
  hist[10] = 506
  hist[11] = 122
  hist[14] = 139
  hist[15] = 268
  hist[16] = 36
  hist[17] = 1
by_callsite (caller PC; symbolize with addr2line):
   0 caller=0x759fa2480c8a calls=14712 total_ms=20271.217 avg_us=1377.870 max_us=140269
   1 caller=0x759fa24800b8 calls=12006 total_ms=4.833 avg_us=0.403 max_us=25
   2 caller=0x759fa2480098 calls=4446 total_ms=3.764 avg_us=0.847 max_us=25
   3 caller=0x759fa24800d5 calls=4446 total_ms=1.778 avg_us=0.400 max_us=15
   4 caller=0x759fa247f28a calls=890 total_ms=1.679 avg_us=1.887 max_us=11
direct_cudaStreamSynchronize: calls=15912 total_ms=71.292 max_us=2583
by_direct_callsite (file:line):
   0 /opt/llama.cpp/ggml/src/ggml-cuda/ggml-cuda.cu:839 calls=15559 total_ms=64.758 avg_us=4.162 max_us=356
   1 /opt/llama.cpp/ggml/src/ggml-cuda/ggml-cuda.cu:900 calls=12 total_ms=5.894 avg_us=491.167 max_us=2583
   2 /opt/llama.cpp/ggml/src/ggml-cuda/ggml-cuda.cu:2665 calls=191 total_ms=0.394 avg_us=2.063 max_us=11
   3 /opt/llama.cpp/ggml/src/ggml-cuda/ggml-cuda.cu:847 calls=150 total_ms=0.246 avg_us=1.640 max_us=21
=== END CUDA SYNC PROFILE ===
backend-sync-trace: count=36600 backend=CUDA0 caller=ggml_backend_sched_synchronize+0x3a

=== CUDA SYNC PROFILE (instrumentation only) ===
total_syncs = 36600
total_wait_ms = 20342.373
max_wait_us = 140269
sites = 5
wait_hist_us = logarithmic buckets
  hist[0] = 33520
  hist[1] = 1606
  hist[2] = 80
  hist[3] = 39
  hist[4] = 19
  hist[5] = 1
  hist[9] = 259
  hist[10] = 509
  hist[11] = 122
  hist[14] = 139
  hist[15] = 269
  hist[16] = 36
  hist[17] = 1
by_callsite (caller PC; symbolize with addr2line):
   0 caller=0x759fa2480c8a calls=14755 total_ms=20330.287 avg_us=1377.857 max_us=140269
   1 caller=0x759fa24800b8 calls=12037 total_ms=4.848 avg_us=0.403 max_us=25
   2 caller=0x759fa2480098 calls=4458 total_ms=3.772 avg_us=0.846 max_us=25
   3 caller=0x759fa24800d5 calls=4458 total_ms=1.783 avg_us=0.400 max_us=15
   4 caller=0x759fa247f28a calls=892 total_ms=1.683 avg_us=1.887 max_us=11
direct_cudaStreamSynchronize: calls=15953 total_ms=71.447 max_us=2583
by_direct_callsite (file:line):
   0 /opt/llama.cpp/ggml/src/ggml-cuda/ggml-cuda.cu:839 calls=15600 total_ms=64.913 avg_us=4.161 max_us=356
   1 /opt/llama.cpp/ggml/src/ggml-cuda/ggml-cuda.cu:900 calls=12 total_ms=5.894 avg_us=491.167 max_us=2583
   2 /opt/llama.cpp/ggml/src/ggml-cuda/ggml-cuda.cu:2665 calls=191 total_ms=0.394 avg_us=2.063 max_us=11
   3 /opt/llama.cpp/ggml/src/ggml-cuda/ggml-cuda.cu:847 calls=150 total_ms=0.246 avg_us=1.640 max_us=21
=== END CUDA SYNC PROFILE ===

=== CUDA SYNC PROFILE (instrumentation only) ===
total_syncs = 36695
total_wait_ms = 20434.384
max_wait_us = 140269
sites = 5
wait_hist_us = logarithmic buckets
  hist[0] = 33601
  hist[1] = 1616
  hist[2] = 80
  hist[3] = 40
  hist[4] = 19
  hist[5] = 1
  hist[9] = 259
  hist[10] = 510
  hist[11] = 123
  hist[14] = 139
  hist[15] = 269
  hist[16] = 37
  hist[17] = 1
by_callsite (caller PC; symbolize with addr2line):
   0 caller=0x759fa2480c8a calls=14784 total_ms=20422.242 avg_us=1381.375 max_us=140269
   1 caller=0x759fa24800b8 calls=12073 total_ms=4.871 avg_us=0.403 max_us=25
   2 caller=0x759fa2480098 calls=4472 total_ms=3.791 avg_us=0.848 max_us=25
   3 caller=0x759fa24800d5 calls=4472 total_ms=1.794 avg_us=0.401 max_us=15
   4 caller=0x759fa247f28a calls=894 total_ms=1.686 avg_us=1.886 max_us=11
direct_cudaStreamSynchronize: calls=16000 total_ms=71.658 max_us=2583
by_direct_callsite (file:line):
   0 /opt/llama.cpp/ggml/src/ggml-cuda/ggml-cuda.cu:839 calls=15647 total_ms=65.124 avg_us=4.162 max_us=356
   1 /opt/llama.cpp/ggml/src/ggml-cuda/ggml-cuda.cu:900 calls=12 total_ms=5.894 avg_us=491.167 max_us=2583
   2 /opt/llama.cpp/ggml/src/ggml-cuda/ggml-cuda.cu:2665 calls=191 total_ms=0.394 avg_us=2.063 max_us=11
   3 /opt/llama.cpp/ggml/src/ggml-cuda/ggml-cuda.cu:847 calls=150 total_ms=0.246 avg_us=1.640 max_us=21
=== END CUDA SYNC PROFILE ===
backend-sync-trace: count=36700 backend=CUDA0 caller=ggml_backend_sched_graph_compute_async_ext+0xcb8

=== CUDA SYNC PROFILE (instrumentation only) ===
total_syncs = 36700
total_wait_ms = 20434.393
max_wait_us = 140269
sites = 5
wait_hist_us = logarithmic buckets
  hist[0] = 33603
  hist[1] = 1619
  hist[2] = 80
  hist[3] = 40
  hist[4] = 19
  hist[5] = 1
  hist[9] = 259
  hist[10] = 510
  hist[11] = 123
  hist[14] = 139
  hist[15] = 269
  hist[16] = 37
  hist[17] = 1
by_callsite (caller PC; symbolize with addr2line):
   0 caller=0x759fa2480c8a calls=14784 total_ms=20422.242 avg_us=1381.375 max_us=140269
   1 caller=0x759fa24800b8 calls=12078 total_ms=4.880 avg_us=0.404 max_us=25
   2 caller=0x759fa2480098 calls=4472 total_ms=3.791 avg_us=0.848 max_us=25
   3 caller=0x759fa24800d5 calls=4472 total_ms=1.794 avg_us=0.401 max_us=15
   4 caller=0x759fa247f28a calls=894 total_ms=1.686 avg_us=1.886 max_us=11
direct_cudaStreamSynchronize: calls=16004 total_ms=71.672 max_us=2583
by_direct_callsite (file:line):
   0 /opt/llama.cpp/ggml/src/ggml-cuda/ggml-cuda.cu:839 calls=15651 total_ms=65.138 avg_us=4.162 max_us=356
   1 /opt/llama.cpp/ggml/src/ggml-cuda/ggml-cuda.cu:900 calls=12 total_ms=5.894 avg_us=491.167 max_us=2583
   2 /opt/llama.cpp/ggml/src/ggml-cuda/ggml-cuda.cu:2665 calls=191 total_ms=0.394 avg_us=2.063 max_us=11
   3 /opt/llama.cpp/ggml/src/ggml-cuda/ggml-cuda.cu:847 calls=150 total_ms=0.246 avg_us=1.640 max_us=21
=== END CUDA SYNC PROFILE ===
1.25.780.745 I slot print_timing: id  0 | task 0 | prompt eval time =    2721.84 ms /   159 tokens (   17.12 ms per token,    58.42 tokens per second)
1.25.780.747 I slot print_timing: id  0 | task 0 |        eval time =   21826.05 ms /  1024 tokens (   21.34 ms per token,    46.87 tokens per second)
1.25.780.748 I slot print_timing: id  0 | task 0 |       total time =   24547.90 ms /  1183 tokens
1.25.780.751 I slot print_timing: id  0 | task 0 |    graphs reused =        440
1.25.780.753 I slot print_timing: id  0 | task 0 | draft acceptance = 0.64831 (  577 accepted /   890 generated), mean len =  2.30
moe-grouped-decode: registered=49 covered=49 plan_calls=1337 plan_compiles=453 plan_reuses=884 calls=22299 ready=22299 ready_min=446 ready_max=891 completed=22299 completed_min=446 completed_max=891 admitted_banks=66897 fallback=0 rollback=0 host_calls=0 host_ops=0 host_split_ops=0 strategy_switches=0 required_unsupported=0 prepare_error=0 finish_error=0 h2d_banks=172314 h2d_bytes=133564211200
moe-cache-experts: tensors=144 experts=73728 unique=29313 unique_pct=39.76 accesses=96832 first_touches=29313 first_touch_pct=30.27 touched_once=3968 touched_ge2=25345 reuse_le_l1=61964 reuse_le_l1_pct=91.77 reuse_gt_l1=5555 reuse_gt_l1_pct=8.23 top1_pct=6.80 top5_pct=26.06 top10_pct=43.56
moe-cache-experts-hot: tensor=blk.3.ffn_down_exps.weight experts=512 unique=195 unique_pct=38.09 accesses=876 touched_once=0 touched_ge2=195 top10_pct=40.75 reuse_gt_l1_pct=2.94
moe-cache-tensor-hot-decode-miss: tensor=blk.47.ffn_down_exps.weight l1_hits=20 l1_misses=10 l1_evictions=0 l1_hit_rate=66.67% h2d_copies=10 h2d_mib=16.60 h2d_enqueue_ms=0.017 prefetch_used=10 prefetch_h2d_copies=10 prefetch_h2d_mib=16.60 reuse_gt_l1_pct=0.00
moe-cache-tensor-top-decode-miss: rank=1 tensor=blk.47.ffn_down_exps.weight phase=decode l1_hits=20 l1_misses=10 l1_hit_rate=66.67% l1_evictions=0 h2d_copies=10 h2d_mib=16.60 reuse_gt_l1_pct=0.00 reuse_le_l1_pct=100.00 unique_experts=10 unique_pct=1.95 touched_once=0 touched_ge2=10 top1_pct=60.00 top5_pct=100.00 top10_pct=100.00 demand_h2d_copies=0 prefetch_h2d_copies=10 prefetch_used=10 prefetch_unused=0 prefetch_use_rate=100.00% demand_evictions=0 prefetch_evictions=0 evicted_prefetched=0 evicted_hit_count_le1=0 evicted_hit_count_ge2=0 evicted_age_le_l1=0 evicted_age_gt_l1=0 rd_first_touch=10 rd_le8=0 rd_le16=20 rd_le32=0 rd_le_l1=0 rd_le_2xl1=0 rd_gt_2xl1=0
moe-cache-tensor-top-decode-miss: rank=2 tensor=blk.47.ffn_up_exps.weight phase=decode l1_hits=20 l1_misses=10 l1_hit_rate=66.67% l1_evictions=0 h2d_copies=10 h2d_mib=5.98 reuse_gt_l1_pct=0.00 reuse_le_l1_pct=100.00 unique_experts=10 unique_pct=1.95 touched_once=0 touched_ge2=10 top1_pct=60.00 top5_pct=100.00 top10_pct=100.00 demand_h2d_copies=0 prefetch_h2d_copies=10 prefetch_used=10 prefetch_unused=0 prefetch_use_rate=100.00% demand_evictions=0 prefetch_evictions=0 evicted_prefetched=0 evicted_hit_count_le1=0 evicted_hit_count_ge2=0 evicted_age_le_l1=0 evicted_age_gt_l1=0 rd_first_touch=10 rd_le8=0 rd_le16=20 rd_le32=0 rd_le_l1=0 rd_le_2xl1=0 rd_gt_2xl1=0
moe-cache-tensor-top-decode-miss: rank=3 tensor=blk.47.ffn_gate_exps.weight phase=decode l1_hits=20 l1_misses=10 l1_hit_rate=66.67% l1_evictions=0 h2d_copies=10 h2d_mib=5.98 reuse_gt_l1_pct=0.00 reuse_le_l1_pct=100.00 unique_experts=10 unique_pct=1.95 touched_once=0 touched_ge2=10 top1_pct=60.00 top5_pct=100.00 top10_pct=100.00 demand_h2d_copies=10 prefetch_h2d_copies=0 prefetch_used=0 prefetch_unused=0 prefetch_use_rate=0.00% demand_evictions=0 prefetch_evictions=0 evicted_prefetched=0 evicted_hit_count_le1=0 evicted_hit_count_ge2=0 evicted_age_le_l1=0 evicted_age_gt_l1=0 rd_first_touch=10 rd_le8=0 rd_le16=20 rd_le32=0 rd_le_l1=0 rd_le_2xl1=0 rd_gt_2xl1=0
moe-cache-tensor-donor-candidate: rank=1 tensor=blk.47.ffn_up_exps.weight l1_hit_rate=66.67% h2d_mib=5.98 l1_misses=10 reuse_gt_l1_pct=0.00 unique_pct=1.95 top10_pct=100.00
moe-cache-tensor-donor-candidate: rank=2 tensor=blk.47.ffn_gate_exps.weight l1_hit_rate=66.67% h2d_mib=5.98 l1_misses=10 reuse_gt_l1_pct=0.00 unique_pct=1.95 top10_pct=100.00
moe-cache-tensor-donor-candidate: rank=3 tensor=blk.47.ffn_down_exps.weight l1_hit_rate=66.67% h2d_mib=16.60 l1_misses=10 reuse_gt_l1_pct=0.00 unique_pct=1.95 top10_pct=100.00
moe-cache-phase: phase=prefill ops=573 staged_ops=156 split_staged_ops=156 overflow_ops=156 unique_avg=87.58 unique_max=276 ids_mib=44.17 ids_d2h_mib=44.17 ids_d2h_ms=890.498 ids_d2h_syncs=139 ids_cache_hits=382 acquire_ms=85.836 remap_ms=0.867 copy_wait_events=417 copy_wait_event_ms=0.723 op_cpu_ms=1231.162 l1_hits=65983 l1_misses=30759 l1_evictions=8901 l1_hit_rate=68.21% h2d_copies=30759 h2d_mib=22274.44 h2d_enqueue_ms=52.543 prefetch_hits=51134 prefetch_misses=21378 prefetch_used=11591 prefetch_h2d_copies=21378 prefetch_h2d_mib=16615.00 prefetch_h2d_enqueue_ms=38.292 upload_calls=36777 upload_mib=26630.52 staging_tiles=0 pipeline_tiles=0 tile_wait_calls=0 tile_wait_ms=0.000 cpu_pack_mib=0.00 cpu_pack_ms=0.000 pre_sync_calls=0 pre_sync_ms=0.000 h2d_submit_calls=36777 h2d_submit_mib=26630.52 h2d_submit_ms=54.987 post_sync_calls=0 post_sync_ms=0.000 upload_errors=0
moe-cache-phase: phase=decode ops=3 staged_ops=0 split_staged_ops=0 overflow_ops=0 unique_avg=10.00 unique_max=10 ids_mib=0.00 ids_d2h_mib=0.00 ids_d2h_ms=0.001 ids_d2h_syncs=0 ids_cache_hits=2 acquire_ms=0.757 remap_ms=0.008 copy_wait_events=3 copy_wait_event_ms=0.004 op_cpu_ms=5.320 l1_hits=60 l1_misses=30 l1_evictions=0 l1_hit_rate=66.67% h2d_copies=30 h2d_mib=28.56 h2d_enqueue_ms=0.044 prefetch_hits=40 prefetch_misses=20 prefetch_used=20 prefetch_h2d_copies=20 prefetch_h2d_mib=22.58 prefetch_h2d_enqueue_ms=0.032 upload_calls=30 upload_mib=28.56 staging_tiles=0 pipeline_tiles=0 tile_wait_calls=0 tile_wait_ms=0.000 cpu_pack_mib=0.00 cpu_pack_ms=0.000 pre_sync_calls=0 pre_sync_ms=0.000 h2d_submit_calls=30 h2d_submit_mib=28.56 h2d_submit_ms=0.040 post_sync_calls=0 post_sync_ms=0.000 upload_errors=0
moe-cache-mm: h2d_copies=30789 h2d_mib=22303.00 h2d_enqueue_ms=52.587 mincore_sampled=481 resident_pages=89650/89650 resident_pct=100.00 nonresident_experts=0 mincore_fail=0 proc_minflt=0 proc_majflt=0 vm_pswpin=0 vm_pswpout=0 vm_pgfault=0 vm_pgmajfault=0 vm_pgpgin=0 vm_pgpgout=0 vm_refault_file=0 vm_refault_anon=0
1.25.785.605 I slot      release: id  0 | task 0 | stop processing: n_tokens = 1182, truncated = 0
1.26.793.426 I srv    operator(): operator(): cleaning up before exit...
1.26.797.854 I spec ~common_spec: MTP decode overlap: queued = 444, reused = 444, discarded = 0

=== CUDA SYNC PROFILE (instrumentation only) ===
total_syncs = 36776
total_wait_ms = 20488.635
max_wait_us = 140269
sites = 5
wait_hist_us = logarithmic buckets
  hist[0] = 33670
  hist[1] = 1624
  hist[2] = 82
  hist[3] = 40
  hist[4] = 19
  hist[5] = 1
  hist[9] = 259
  hist[10] = 510
  hist[11] = 123
  hist[12] = 1
  hist[14] = 139
  hist[15] = 270
  hist[16] = 37
  hist[17] = 1
by_callsite (caller PC; symbolize with addr2line):
   0 caller=0x759fa2480c8a calls=14820 total_ms=20476.456 avg_us=1381.677 max_us=140269
   1 caller=0x759fa24800b8 calls=12100 total_ms=4.891 avg_us=0.404 max_us=25
   2 caller=0x759fa2480098 calls=4480 total_ms=3.800 avg_us=0.848 max_us=25
   3 caller=0x759fa24800d5 calls=4480 total_ms=1.799 avg_us=0.402 max_us=15
   4 caller=0x759fa247f28a calls=896 total_ms=1.689 avg_us=1.885 max_us=11
direct_cudaStreamSynchronize: calls=16034 total_ms=71.794 max_us=2583
by_direct_callsite (file:line):
   0 /opt/llama.cpp/ggml/src/ggml-cuda/ggml-cuda.cu:839 calls=15679 total_ms=65.259 avg_us=4.162 max_us=356
   1 /opt/llama.cpp/ggml/src/ggml-cuda/ggml-cuda.cu:900 calls=12 total_ms=5.894 avg_us=491.167 max_us=2583
   2 /opt/llama.cpp/ggml/src/ggml-cuda/ggml-cuda.cu:2665 calls=191 total_ms=0.394 avg_us=2.063 max_us=11
   3 /opt/llama.cpp/ggml/src/ggml-cuda/ggml-cuda.cu:847 calls=150 total_ms=0.246 avg_us=1.640 max_us=21
   4 /opt/llama.cpp/ggml/src/ggml-cuda/ggml-cuda.cu:741 calls=2 total_ms=0.001 avg_us=0.500 max_us=1
=== END CUDA SYNC PROFILE ===

=== CUDA SYNC PROFILE (instrumentation only) ===
total_syncs = 36776
total_wait_ms = 20488.635
max_wait_us = 140269
sites = 5
wait_hist_us = logarithmic buckets
  hist[0] = 33670
  hist[1] = 1624
  hist[2] = 82
  hist[3] = 40
  hist[4] = 19
  hist[5] = 1
  hist[9] = 259
  hist[10] = 510
  hist[11] = 123
  hist[12] = 1
  hist[14] = 139
  hist[15] = 270
  hist[16] = 37
  hist[17] = 1
by_callsite (caller PC; symbolize with addr2line):
   0 caller=0x759fa2480c8a calls=14820 total_ms=20476.456 avg_us=1381.677 max_us=140269
   1 caller=0x759fa24800b8 calls=12100 total_ms=4.891 avg_us=0.404 max_us=25
   2 caller=0x759fa2480098 calls=4480 total_ms=3.800 avg_us=0.848 max_us=25
   3 caller=0x759fa24800d5 calls=4480 total_ms=1.799 avg_us=0.402 max_us=15
   4 caller=0x759fa247f28a calls=896 total_ms=1.689 avg_us=1.885 max_us=11
direct_cudaStreamSynchronize: calls=16034 total_ms=71.794 max_us=2583
by_direct_callsite (file:line):
   0 /opt/llama.cpp/ggml/src/ggml-cuda/ggml-cuda.cu:839 calls=15679 total_ms=65.259 avg_us=4.162 max_us=356
   1 /opt/llama.cpp/ggml/src/ggml-cuda/ggml-cuda.cu:900 calls=12 total_ms=5.894 avg_us=491.167 max_us=2583
   2 /opt/llama.cpp/ggml/src/ggml-cuda/ggml-cuda.cu:2665 calls=191 total_ms=0.394 avg_us=2.063 max_us=11
   3 /opt/llama.cpp/ggml/src/ggml-cuda/ggml-cuda.cu:847 calls=150 total_ms=0.246 avg_us=1.640 max_us=21
   4 /opt/llama.cpp/ggml/src/ggml-cuda/ggml-cuda.cu:741 calls=2 total_ms=0.001 avg_us=0.500 max_us=1
=== END CUDA SYNC PROFILE ===
moe-grouped-decode: registered=49 covered=0 plan_calls=0 plan_compiles=0 plan_reuses=0 calls=0 ready=0 ready_min=0 ready_max=0 completed=0 completed_min=0 completed_max=0 admitted_banks=0 fallback=0 rollback=0 host_calls=0 host_ops=0 host_split_ops=0 strategy_switches=0 required_unsupported=0 prepare_error=0 finish_error=0 h2d_banks=0 h2d_bytes=0
moe-cache-experts: tensors=144 experts=73728 unique=0 unique_pct=0.00 accesses=0 first_touches=0 first_touch_pct=0.00 touched_once=0 touched_ge2=0 reuse_le_l1=0 reuse_le_l1_pct=0.00 reuse_gt_l1=0 reuse_gt_l1_pct=0.00 top1_pct=0.00 top5_pct=0.00 top10_pct=0.00
moe-cache-experts-hot: tensor=? experts=0 unique=0 unique_pct=0.00 accesses=0 touched_once=0 touched_ge2=0 top10_pct=0.00 reuse_gt_l1_pct=0.00
moe-cache-tensor-hot-decode-miss: tensor=? l1_hits=0 l1_misses=0 l1_evictions=0 l1_hit_rate=0.00% h2d_copies=0 h2d_mib=0.00 h2d_enqueue_ms=0.000 prefetch_used=0 prefetch_h2d_copies=0 prefetch_h2d_mib=0.00 reuse_gt_l1_pct=0.00
moe-cache-phase: phase=prefill ops=0 staged_ops=0 split_staged_ops=0 overflow_ops=0 unique_avg=0.00 unique_max=0 ids_mib=0.00 ids_d2h_mib=0.00 ids_d2h_ms=0.000 ids_d2h_syncs=0 ids_cache_hits=0 acquire_ms=0.000 remap_ms=0.000 copy_wait_events=0 copy_wait_event_ms=0.000 op_cpu_ms=0.000 l1_hits=0 l1_misses=0 l1_evictions=0 l1_hit_rate=0.00% h2d_copies=0 h2d_mib=0.00 h2d_enqueue_ms=0.000 prefetch_hits=0 prefetch_misses=0 prefetch_used=0 prefetch_h2d_copies=0 prefetch_h2d_mib=0.00 prefetch_h2d_enqueue_ms=0.000 upload_calls=0 upload_mib=0.00 staging_tiles=0 pipeline_tiles=0 tile_wait_calls=0 tile_wait_ms=0.000 cpu_pack_mib=0.00 cpu_pack_ms=0.000 pre_sync_calls=0 pre_sync_ms=0.000 h2d_submit_calls=0 h2d_submit_mib=0.00 h2d_submit_ms=0.000 post_sync_calls=0 post_sync_ms=0.000 upload_errors=0
moe-cache-phase: phase=decode ops=0 staged_ops=0 split_staged_ops=0 overflow_ops=0 unique_avg=0.00 unique_max=0 ids_mib=0.00 ids_d2h_mib=0.00 ids_d2h_ms=0.000 ids_d2h_syncs=0 ids_cache_hits=0 acquire_ms=0.000 remap_ms=0.000 copy_wait_events=0 copy_wait_event_ms=0.000 op_cpu_ms=0.000 l1_hits=0 l1_misses=0 l1_evictions=0 l1_hit_rate=0.00% h2d_copies=0 h2d_mib=0.00 h2d_enqueue_ms=0.000 prefetch_hits=0 prefetch_misses=0 prefetch_used=0 prefetch_h2d_copies=0 prefetch_h2d_mib=0.00 prefetch_h2d_enqueue_ms=0.000 upload_calls=0 upload_mib=0.00 staging_tiles=0 pipeline_tiles=0 tile_wait_calls=0 tile_wait_ms=0.000 cpu_pack_mib=0.00 cpu_pack_ms=0.000 pre_sync_calls=0 pre_sync_ms=0.000 h2d_submit_calls=0 h2d_submit_mib=0.00 h2d_submit_ms=0.000 post_sync_calls=0 post_sync_ms=0.000 upload_errors=0
moe-cache-mm: h2d_copies=0 h2d_mib=0.00 h2d_enqueue_ms=0.000 mincore_sampled=0 resident_pages=0/0 resident_pct=0.00 nonresident_experts=0 mincore_fail=0 proc_minflt=12 proc_majflt=4 vm_pswpin=0 vm_pswpout=0 vm_pgfault=1901 vm_pgmajfault=4 vm_pgpgin=176 vm_pgpgout=0 vm_refault_file=28 vm_refault_anon=0

=== CUDA SYNC PROFILE (instrumentation only) ===
total_syncs = 36777
total_wait_ms = 20488.647
max_wait_us = 140269
sites = 5
wait_hist_us = logarithmic buckets
  hist[0] = 33670
  hist[1] = 1624
  hist[2] = 82
  hist[3] = 41
  hist[4] = 19
  hist[5] = 1
  hist[9] = 259
  hist[10] = 510
  hist[11] = 123
  hist[12] = 1
  hist[14] = 139
  hist[15] = 270
  hist[16] = 37
  hist[17] = 1
by_callsite (caller PC; symbolize with addr2line):
   0 caller=0x759fa2480c8a calls=14821 total_ms=20476.468 avg_us=1381.585 max_us=140269
   1 caller=0x759fa24800b8 calls=12100 total_ms=4.891 avg_us=0.404 max_us=25
   2 caller=0x759fa2480098 calls=4480 total_ms=3.800 avg_us=0.848 max_us=25
   3 caller=0x759fa24800d5 calls=4480 total_ms=1.799 avg_us=0.402 max_us=15
   4 caller=0x759fa247f28a calls=896 total_ms=1.689 avg_us=1.885 max_us=11
direct_cudaStreamSynchronize: calls=16034 total_ms=71.794 max_us=2583
by_direct_callsite (file:line):
   0 /opt/llama.cpp/ggml/src/ggml-cuda/ggml-cuda.cu:839 calls=15679 total_ms=65.259 avg_us=4.162 max_us=356
   1 /opt/llama.cpp/ggml/src/ggml-cuda/ggml-cuda.cu:900 calls=12 total_ms=5.894 avg_us=491.167 max_us=2583
   2 /opt/llama.cpp/ggml/src/ggml-cuda/ggml-cuda.cu:2665 calls=191 total_ms=0.394 avg_us=2.063 max_us=11
   3 /opt/llama.cpp/ggml/src/ggml-cuda/ggml-cuda.cu:847 calls=150 total_ms=0.246 avg_us=1.640 max_us=21
   4 /opt/llama.cpp/ggml/src/ggml-cuda/ggml-cuda.cu:741 calls=2 total_ms=0.001 avg_us=0.500 max_us=1
=== END CUDA SYNC PROFILE ===

=== CUDA SYNC PROFILE (instrumentation only) ===
total_syncs = 36777
total_wait_ms = 20488.647
max_wait_us = 140269
sites = 5
wait_hist_us = logarithmic buckets
  hist[0] = 33670
  hist[1] = 1624
  hist[2] = 82
  hist[3] = 41
  hist[4] = 19
  hist[5] = 1
  hist[9] = 259
  hist[10] = 510
  hist[11] = 123
  hist[12] = 1
  hist[14] = 139
  hist[15] = 270
  hist[16] = 37
  hist[17] = 1
by_callsite (caller PC; symbolize with addr2line):
   0 caller=0x759fa2480c8a calls=14821 total_ms=20476.468 avg_us=1381.585 max_us=140269
   1 caller=0x759fa24800b8 calls=12100 total_ms=4.891 avg_us=0.404 max_us=25
   2 caller=0x759fa2480098 calls=4480 total_ms=3.800 avg_us=0.848 max_us=25
   3 caller=0x759fa24800d5 calls=4480 total_ms=1.799 avg_us=0.402 max_us=15
   4 caller=0x759fa247f28a calls=896 total_ms=1.689 avg_us=1.885 max_us=11
direct_cudaStreamSynchronize: calls=16035 total_ms=71.795 max_us=2583
by_direct_callsite (file:line):
   0 /opt/llama.cpp/ggml/src/ggml-cuda/ggml-cuda.cu:839 calls=15679 total_ms=65.259 avg_us=4.162 max_us=356
   1 /opt/llama.cpp/ggml/src/ggml-cuda/ggml-cuda.cu:900 calls=12 total_ms=5.894 avg_us=491.167 max_us=2583
   2 /opt/llama.cpp/ggml/src/ggml-cuda/ggml-cuda.cu:2665 calls=191 total_ms=0.394 avg_us=2.063 max_us=11
   3 /opt/llama.cpp/ggml/src/ggml-cuda/ggml-cuda.cu:847 calls=150 total_ms=0.246 avg_us=1.640 max_us=21
   4 /opt/llama.cpp/ggml/src/ggml-cuda/ggml-cuda.cu:741 calls=2 total_ms=0.001 avg_us=0.500 max_us=1
   5 /opt/llama.cpp/ggml/src/ggml-cuda/ggml-cuda.cu:2366 calls=1 total_ms=0.001 avg_us=1.000 max_us=1
=== END CUDA SYNC PROFILE ===
moe-grouped-decode: registered=48 covered=0 plan_calls=0 plan_compiles=0 plan_reuses=0 calls=0 ready=0 ready_min=0 ready_max=0 completed=0 completed_min=0 completed_max=0 admitted_banks=0 fallback=0 rollback=0 host_calls=0 host_ops=0 host_split_ops=0 strategy_switches=0 required_unsupported=0 prepare_error=0 finish_error=0 h2d_banks=0 h2d_bytes=0
moe-cache-experts: tensors=144 experts=73728 unique=0 unique_pct=0.00 accesses=0 first_touches=0 first_touch_pct=0.00 touched_once=0 touched_ge2=0 reuse_le_l1=0 reuse_le_l1_pct=0.00 reuse_gt_l1=0 reuse_gt_l1_pct=0.00 top1_pct=0.00 top5_pct=0.00 top10_pct=0.00
moe-cache-experts-hot: tensor=? experts=0 unique=0 unique_pct=0.00 accesses=0 touched_once=0 touched_ge2=0 top10_pct=0.00 reuse_gt_l1_pct=0.00
moe-cache-tensor-hot-decode-miss: tensor=? l1_hits=0 l1_misses=0 l1_evictions=0 l1_hit_rate=0.00% h2d_copies=0 h2d_mib=0.00 h2d_enqueue_ms=0.000 prefetch_used=0 prefetch_h2d_copies=0 prefetch_h2d_mib=0.00 reuse_gt_l1_pct=0.00
moe-cache-phase: phase=prefill ops=0 staged_ops=0 split_staged_ops=0 overflow_ops=0 unique_avg=0.00 unique_max=0 ids_mib=0.00 ids_d2h_mib=0.00 ids_d2h_ms=0.000 ids_d2h_syncs=0 ids_cache_hits=0 acquire_ms=0.000 remap_ms=0.000 copy_wait_events=0 copy_wait_event_ms=0.000 op_cpu_ms=0.000 l1_hits=0 l1_misses=0 l1_evictions=0 l1_hit_rate=0.00% h2d_copies=0 h2d_mib=0.00 h2d_enqueue_ms=0.000 prefetch_hits=0 prefetch_misses=0 prefetch_used=0 prefetch_h2d_copies=0 prefetch_h2d_mib=0.00 prefetch_h2d_enqueue_ms=0.000 upload_calls=0 upload_mib=0.00 staging_tiles=0 pipeline_tiles=0 tile_wait_calls=0 tile_wait_ms=0.000 cpu_pack_mib=0.00 cpu_pack_ms=0.000 pre_sync_calls=0 pre_sync_ms=0.000 h2d_submit_calls=0 h2d_submit_mib=0.00 h2d_submit_ms=0.000 post_sync_calls=0 post_sync_ms=0.000 upload_errors=0
moe-cache-phase: phase=decode ops=0 staged_ops=0 split_staged_ops=0 overflow_ops=0 unique_avg=0.00 unique_max=0 ids_mib=0.00 ids_d2h_mib=0.00 ids_d2h_ms=0.000 ids_d2h_syncs=0 ids_cache_hits=0 acquire_ms=0.000 remap_ms=0.000 copy_wait_events=0 copy_wait_event_ms=0.000 op_cpu_ms=0.000 l1_hits=0 l1_misses=0 l1_evictions=0 l1_hit_rate=0.00% h2d_copies=0 h2d_mib=0.00 h2d_enqueue_ms=0.000 prefetch_hits=0 prefetch_misses=0 prefetch_used=0 prefetch_h2d_copies=0 prefetch_h2d_mib=0.00 prefetch_h2d_enqueue_ms=0.000 upload_calls=0 upload_mib=0.00 staging_tiles=0 pipeline_tiles=0 tile_wait_calls=0 tile_wait_ms=0.000 cpu_pack_mib=0.00 cpu_pack_ms=0.000 pre_sync_calls=0 pre_sync_ms=0.000 h2d_submit_calls=0 h2d_submit_mib=0.00 h2d_submit_ms=0.000 post_sync_calls=0 post_sync_ms=0.000 upload_errors=0
moe-cache-mm: h2d_copies=0 h2d_mib=0.00 h2d_enqueue_ms=0.000 mincore_sampled=0 resident_pages=0/0 resident_pct=0.00 nonresident_experts=0 mincore_fail=0 proc_minflt=0 proc_majflt=0 vm_pswpin=0 vm_pswpout=0 vm_pgfault=634 vm_pgmajfault=0 vm_pgpgin=0 vm_pgpgout=0 vm_refault_file=16 vm_refault_anon=0

=== CUDA SYNC PROFILE (instrumentation only) ===
total_syncs = 36777
total_wait_ms = 20488.647
max_wait_us = 140269
sites = 5
wait_hist_us = logarithmic buckets
  hist[0] = 33670
  hist[1] = 1624
  hist[2] = 82
  hist[3] = 41
  hist[4] = 19
  hist[5] = 1
  hist[9] = 259
  hist[10] = 510
  hist[11] = 123
  hist[12] = 1
  hist[14] = 139
  hist[15] = 270
  hist[16] = 37
  hist[17] = 1
by_callsite (caller PC; symbolize with addr2line):
   0 caller=0x759fa2480c8a calls=14821 total_ms=20476.468 avg_us=1381.585 max_us=140269
   1 caller=0x759fa24800b8 calls=12100 total_ms=4.891 avg_us=0.404 max_us=25
   2 caller=0x759fa2480098 calls=4480 total_ms=3.800 avg_us=0.848 max_us=25
   3 caller=0x759fa24800d5 calls=4480 total_ms=1.799 avg_us=0.402 max_us=15
   4 caller=0x759fa247f28a calls=896 total_ms=1.689 avg_us=1.885 max_us=11
direct_cudaStreamSynchronize: calls=16035 total_ms=71.795 max_us=2583
by_direct_callsite (file:line):
   0 /opt/llama.cpp/ggml/src/ggml-cuda/ggml-cuda.cu:839 calls=15679 total_ms=65.259 avg_us=4.162 max_us=356
   1 /opt/llama.cpp/ggml/src/ggml-cuda/ggml-cuda.cu:900 calls=12 total_ms=5.894 avg_us=491.167 max_us=2583
   2 /opt/llama.cpp/ggml/src/ggml-cuda/ggml-cuda.cu:2665 calls=191 total_ms=0.394 avg_us=2.063 max_us=11
   3 /opt/llama.cpp/ggml/src/ggml-cuda/ggml-cuda.cu:847 calls=150 total_ms=0.246 avg_us=1.640 max_us=21
   4 /opt/llama.cpp/ggml/src/ggml-cuda/ggml-cuda.cu:741 calls=2 total_ms=0.001 avg_us=0.500 max_us=1
   5 /opt/llama.cpp/ggml/src/ggml-cuda/ggml-cuda.cu:2366 calls=1 total_ms=0.001 avg_us=1.000 max_us=1
=== END CUDA SYNC PROFILE ===

=== CUDA SYNC PROFILE (instrumentation only) ===
total_syncs = 36777
total_wait_ms = 20488.647
max_wait_us = 140269
sites = 5
wait_hist_us = logarithmic buckets
  hist[0] = 33670
  hist[1] = 1624
  hist[2] = 82
  hist[3] = 41
  hist[4] = 19
  hist[5] = 1
  hist[9] = 259
  hist[10] = 510
  hist[11] = 123
  hist[12] = 1
  hist[14] = 139
  hist[15] = 270
  hist[16] = 37
  hist[17] = 1
by_callsite (caller PC; symbolize with addr2line):
   0 caller=0x759fa2480c8a calls=14821 total_ms=20476.468 avg_us=1381.585 max_us=140269
   1 caller=0x759fa24800b8 calls=12100 total_ms=4.891 avg_us=0.404 max_us=25
   2 caller=0x759fa2480098 calls=4480 total_ms=3.800 avg_us=0.848 max_us=25
   3 caller=0x759fa24800d5 calls=4480 total_ms=1.799 avg_us=0.402 max_us=15
   4 caller=0x759fa247f28a calls=896 total_ms=1.689 avg_us=1.885 max_us=11
direct_cudaStreamSynchronize: calls=16035 total_ms=71.795 max_us=2583
by_direct_callsite (file:line):
   0 /opt/llama.cpp/ggml/src/ggml-cuda/ggml-cuda.cu:839 calls=15679 total_ms=65.259 avg_us=4.162 max_us=356
   1 /opt/llama.cpp/ggml/src/ggml-cuda/ggml-cuda.cu:900 calls=12 total_ms=5.894 avg_us=491.167 max_us=2583
   2 /opt/llama.cpp/ggml/src/ggml-cuda/ggml-cuda.cu:2665 calls=191 total_ms=0.394 avg_us=2.063 max_us=11
   3 /opt/llama.cpp/ggml/src/ggml-cuda/ggml-cuda.cu:847 calls=150 total_ms=0.246 avg_us=1.640 max_us=21
   4 /opt/llama.cpp/ggml/src/ggml-cuda/ggml-cuda.cu:741 calls=2 total_ms=0.001 avg_us=0.500 max_us=1
   5 /opt/llama.cpp/ggml/src/ggml-cuda/ggml-cuda.cu:2366 calls=1 total_ms=0.001 avg_us=1.000 max_us=1
=== END CUDA SYNC PROFILE ===
